alvo,tag_alvo,pct_tag_alvo,tag_dependente_prevalente,pct_tag_dependente,amostra_termos,pct_amostra,sentenca_media_hdbscan
deus,PROPN,96.2%,ADP | case,20.5%,"['de', 'a', 'com', 'para', 'por', 'em', 'graças', 'do', 'ao', 'sobre']",97.8%,"E, falando sobre intercessão, eu queria convidar esse povo, aqui agora, a orar conosco e entender, fazer os entender pelo Espírito de Deus, porque só ele pode nos levar esse entendimento de que, sim, a sua oração, irmãzinha, você aí, ó que tá aí do outro lado agora pensando Poxa, Camila, mas Deus vai ouvir a minha oração e ela foi uma oração de alguém que tem procurado né caminhar em retidão diante do Senhor."
deus,PROPN,96.2%,VERB | ROOT,10.2%,"['abençoe', 'sabe', 'tem', 'pode', 'falou', 'quer', 'deu', 'fala', 'levanta', 'louvo']",31.0%,"Deus, eu quero agora apresentar diante de ti, em primeiro lugar, o Donald trump, grande peso sobre ele, ó Deus, que guerra espiritual que tá sendo travada, mas nós queremos declarar a Deus que o Senhor é senhor da terra."
deus,PROPN,96.2%,PUNCT | punct,7.8%,"[',', '.', ':', '?', ';', '“', '""', '...', 'né', '”']",99.6%,"Deus, eu quero agora apresentar diante de ti, em primeiro lugar, o Donald trump, grande peso sobre ele, ó Deus, que guerra espiritual que tá sendo travada, mas nós queremos declarar a Deus que o Senhor é senhor da terra."
deus,PROPN,96.2%,DET | det,5.3%,"['o', 'meu', 'um', 'nosso', 'seu', 'esse', 'próprio', 'cujo', 'a', 'outro']",98.4%,"Eu creio que essa palavra, ela é muito atual aos nossos corações porque eu creio que Deus, ele chamando sua igreja, o seu povo, para um tempo de arrependimento, se nós declaramos que essa nação é majoritariamente cristã e temos visto tantas coisas contrárias à vontade do nosso Deus, eu creio que esse momento de nós estamos cada vez mais arrependidos perante o senhor e pedindo a ele que venha trazer tempos de refrigério, tem mistão, para Que Deus traga mais prova, para que ele fique mais firme do Senhor."
deus,PROPN,96.2%,VERB | acl:relcl,4.9%,"['tem', 'deu', 'quer', 'abençoe', 'colocou', 'fazer', 'fazendo', 'fez', 'feito', 'faz']",28.9%,"Então você me representa e eu tô muito honrado de poder estar aqui para orar, para falar com esse povo maravilhoso que ama a nação, que acredita no Deus todo-poderoso para a gente aqui e acreditar que, por mais que o mal se alastre do Senhor vem a salvação também."
deus,PROPN,96.2%,VERB | advcl,3.7%,"['quiser', 'abençoe', 'tem', 'deu', 'dá', 'pedir', 'quer', 'pedindo', 'falou', 'chamou']",28.2%,"Eu creio que essa palavra, ela é muito atual aos nossos corações porque eu creio que Deus, ele chamando sua igreja, o seu povo, para um tempo de arrependimento, se nós declaramos que essa nação é majoritariamente cristã e temos visto tantas coisas contrárias à vontade do nosso Deus, eu creio que esse momento de nós estamos cada vez mais arrependidos perante o senhor e pedindo a ele que venha trazer tempos de refrigério, tem mistão, para Que Deus traga mais prova, para que ele fique mais firme do Senhor."
deus,PROPN,96.2%,NOUN | obj,3.3%,"['palavra', 'presença', 'vontade', 'glória', 'nome', 'bondade', 'coração', 'senhor', 'pessoas', 'amor']",37.2%,"E falo de todo meu coração, analisando a doutrina bíblica, se nós entendemos uma arma que o inferno pode usar contra a Igreja para que ela não vê não vivos propósito de Deus e não veja ela sendo instrumento de Deus em sua nação, é roubado no meio da igreja esse poder de ressurreição e vida."
deus,PROPN,96.2%,NOUN | nmod,2.9%,"['céu', 'coração', 'vida', 'amor', 'palavra', 'presença', 'poder', 'terra', 'homens', 'graça']",29.7%,"Nós temos certa autoridade para falar sobre isso porque estamos vivendo família e eu quero declarar sobre a sua vida, você que tá assistindo também, que toda mentira seja quebrada, todo o medo de formar família, de ter filhos, caia por terra hoje, em nome de Jesus, e que você acorde com esse propósito de Deus e também não permita mais que o inimigo entre na sua família, você que já é pai, já é mãe e tem filhos, né, ou você que é filho e que tem visto aí as ideologias desse tempo, né as mentiras desse século, te separando, te afastando da sua família, né, porque isso que o inimigo faz a trás, divisão dentro das casas, por causa dessas mentiras."
deus,PROPN,96.2%,VERB | conj,2.5%,"['tem', 'abençoe', 'sabe', 'falou', 'pode', 'deu', 'continua', 'deixar', 'dar', 'falar']",21.2%,"E, falando sobre intercessão, eu queria convidar esse povo, aqui agora, a orar conosco e entender, fazer os entender pelo Espírito de Deus, porque só ele pode nos levar esse entendimento de que, sim, a sua oração, irmãzinha, você aí, ó que tá aí do outro lado agora pensando Poxa, Camila, mas Deus vai ouvir a minha oração e ela foi uma oração de alguém que tem procurado né caminhar em retidão diante do Senhor."
deus,PROPN,96.2%,NOUN | nsubj,2.5%,"['palavra', 'senhor', 'glória', 'amor', 'povo', 'presença', 'pai', 'espírito', 'propósito', 'poder']",39.7%,"E nesse momento eu quero que as pessoas que estão em casa, os intercessores- temos cristãos, temos pessoas que não são cristãs, temos visitantes- que o espírito santo de Deus possa tocar no seu coração e que nessa noite algo novo possa acontecer na sua vida, que você possa ter uma experiência sobrenatural com a presença do nosso Deus."
deus,PROPN,96.2%,VERB | ccomp,2.0%,"['tem', 'abençoe', 'colocou', 'levantando', 'pode', 'faz', 'fala', 'sabe', 'preparou', 'quer']",28.5%,"Eu creio que essa palavra, ela é muito atual aos nossos corações porque eu creio que Deus, ele chamando sua igreja, o seu povo, para um tempo de arrependimento, se nós declaramos que essa nação é majoritariamente cristã e temos visto tantas coisas contrárias à vontade do nosso Deus, eu creio que esse momento de nós estamos cada vez mais arrependidos perante o senhor e pedindo a ele que venha trazer tempos de refrigério, tem mistão, para Que Deus traga mais prova, para que ele fique mais firme do Senhor."
deus,PROPN,96.2%,PROPN | ROOT,2.0%,"['glória', 'deus', 'senhor', 'ó', 'amém', 'amor', 'jesus', 'nosso', 'música', 'tu']",79.1%,Glória a Deus.
deus,PROPN,96.2%,AUX | cop,1.8%,"['é', 'estava', 'ser', 'seja', 'foi', 'estou', 'está', 'somos', 'sou', 'sendo']",94.3%,"Agora, esse propósito de jejum e oração é para isso, Deus, nós nos rendemos a ti, nós declaramos que o senhor é o Deus dessa nação, que o senhor é o Deus do Brasil."
deus,PROPN,96.2%,NOUN | ROOT,1.7%,"['glória', 'palavra', 'amor', 'senhor', 'pai', 'nome', 'homens', 'povo', 'filha', 'vida']",54.0%,"Glória a Deus, glória a Deus."
deus,PROPN,96.2%,NOUN | conj,1.7%,"['glória', 'mulheres', 'poder', 'homens', 'família', 'paz', 'palavra', 'pessoas', 'milhares', 'pai']",45.6%,"Eu também passei por muita doutrinação, na escola, no ensino médio, na universidade, e graças a Deus não falo isso aqui para poder ficar me esnobando, não, mas graças a Deus hoje eu sou deputado, me voltado do Brasil e é porque eu não recuei nenhum milímetro daquilo que eu acreditava, nem para professor nem para ninguém, porque eu sei o que que essa galera sofre de pressão dentro de sala de aula."
deus,PROPN,96.2%,ADP | det,1.6%,"['a', 'ó']",100.0%,"Porque não foi também de um dia pro outro, mas então assim, graças a Deus, a gente tem, enfim, muito que aprender aí."
deus,PROPN,96.2%,ADV | case,1.6%,"['graças', 'diante', 'como']",100.0%,"Porque não foi também de um dia pro outro, mas então assim, graças a Deus, a gente tem, enfim, muito que aprender aí."
deus,PROPN,96.2%,NOUN | obl,1.5%,"['amor', 'vontade', 'palavra', 'presença', 'casa', 'coração', 'povo', 'nome', 'glória', 'relacionamento']",53.8%,"Eu creio que essa palavra, ela é muito atual aos nossos corações porque eu creio que Deus, ele chamando sua igreja, o seu povo, para um tempo de arrependimento, se nós declaramos que essa nação é majoritariamente cristã e temos visto tantas coisas contrárias à vontade do nosso Deus, eu creio que esse momento de nós estamos cada vez mais arrependidos perante o senhor e pedindo a ele que venha trazer tempos de refrigério, tem mistão, para Que Deus traga mais prova, para que ele fique mais firme do Senhor."
deus,PROPN,96.2%,ADV | advmod,1.3%,"['não', 'graças', 'agora', 'aqui', 'só', 'aí', 'também', 'assim', 'então', 'ali']",62.1%,"Que todo desânimo estava aí, toda falta de esperança seja jogada por terra, pai, para que a sua família seja uma família que seja, sabe Deus, uma família de apoio, para que ela deu sua esposa também seja fortalecida, sabe Deus, no teu espírito ao pai, para que ser essa meu Deus, Filhos a Deus, Filhos que sejam luz a Deus e venha só Deus também ser como auxílio também para o seu pai."
deus,PROPN,96.2%,PROPN | nsubj,1.3%,"['senhor', 'deus', 'glória', 'espírito', 'amor', 'filho', 'amém', 'música', 'jeová', 'boa']",78.2%,"Que todo desânimo estava aí, toda falta de esperança seja jogada por terra, pai, para que a sua família seja uma família que seja, sabe Deus, uma família de apoio, para que ela deu sua esposa também seja fortalecida, sabe Deus, no teu espírito ao pai, para que ser essa meu Deus, Filhos a Deus, Filhos que sejam luz a Deus e venha só Deus também ser como auxílio também para o seu pai."
deus,PROPN,96.2%,VERB | xcomp,1.1%,"['adorar', 'fazer', 'falar', 'colocar', 'mudar', 'suplicar', 'orar', 'agradecer', 'ter', 'agir']",36.2%,"Eh, hoje JB literalmente saiu da ministração e veio aqui, a gente aguardou um pouquinho até que ele pudesse aqui entrar e graças a Deus por tudo."
deus,PROPN,96.2%,PROPN | nmod,1.0%,"['poder', 'deus', 'jacó', 'jesus', 'reino', 'espírito', 'povo', 'amor', 'abraão', 'brasil']",57.9%,"Nos últimos dias sobrevirão tempos terríveis porque os homens com aparência de piedade, toda via negando o seu real poder, a faixa de importante desses também, o mesmo Deus do amor é o Deus da Ira."
deus,PROPN,96.2%,PROPN | conj,0.9%,"['deus', 'ó', 'senhor', 'pátria', 'aleluia', 'espírito', 'poder', 'jesus', 'glória', 'padre']",75.0%,"Deus, Espírito Santo, incomoda agora o coração dessa mulher a Deus, para que ela seja constrangida com o teu amor."
deus,PROPN,96.2%,CCONJ | cc,0.9%,"['e', 'mas', 'ou', 'ai']",100.0%,"Porque não foi também de um dia pro outro, mas então assim, graças a Deus, a gente tem, enfim, muito que aprender aí."
deus,PROPN,96.2%,VERB | acl,0.9%,"['pedindo', 'usado', 'falando', 'falar', 'ver', 'usada', 'escolhido', 'sabendo', 'obrigado', 'conhecido']",37.0%,"Então, diante das, das, eh injustiças, diante de tudo que tem tem acontecido, eu tenho orado e o senhor tem colocado no meu coração essa questão de o quanto que nós, a nossa geração, esses que Estão dispostos a fazer muita coisa, que querem levantar eh a a bandeira do Evangelho do Reino no Brasil, querem trazer transformação, quanto quão disposto, de verdade a gente tá para entrar nesse lugar de se humilhar diante de Deus, sabe quebrantar o coração."
deus,PROPN,96.2%,PROPN | appos,0.8%,"['ó', 'senhor', 'deus', 'música', 'aplausos', 'glória', 'poder', 'daniel', 'pai', 'pastor']",93.2%,"Que o Senhor possa usar, ó Deus, a nossa língua, pai, como uma espada, ó Deus, que venha penetrar no coração daqueles que não estão penetrando."
deus,PROPN,96.2%,NOUN | appos,0.7%,"['glória', 'pai', 'senhor', 'povo', 'vida', 'cara', 'pessoas', 'servo', 'presidente', 'autoridade']",53.5%,"Obrigado a todos pelo, pelas orações, pelo apoio, por aquilo que temos caminhado juntos e vamos continuar nesses 21 dias, povo de Deus, orando e crendo que o Brasil é de Jesus, onde o avião brasileiro no mundo existe uma ponta de avivamento para explodir, para honra e glória do Senhor Jesus."
deus,PROPN,96.2%,ADJ | amod,0.7%,"['mesmo', 'poderoso', 'forte', 'todo-poderoso', 'maravilhoso', 'querido', 'livre', 'primeiro', 'soberano', 'próxima']",59.4%,"Senhor da Justiça, do pecado e do teu reino, senhor meu pai, que a gente possa ter total compreensão que o senhor trará juízo para aqueles que não se arrependem, porque o Senhor é um Deus de, O senhor é um Deus santo, senhor é um Deus poderoso."
deus,PROPN,96.2%,VERB | parataxis,0.7%,"['abençoe', 'sabe', 'quero', 'tem', 'faça', 'vi', 'quer', 'pedimos', 'oro', 'vai']",47.7%,"Deus, eu quero agora apresentar diante de ti, em primeiro lugar, o Donald trump, grande peso sobre ele, ó Deus, que guerra espiritual que tá sendo travada, mas nós queremos declarar a Deus que o Senhor é senhor da terra."
deus,PROPN,96.2%,SCONJ | mark,0.7%,"['que', 'porque', 'se', 'de', 'pois', 'embora']",100.0%,"E aí é assim que a gente tem que fazer, porque senão a gente acaba não não tendo nenhum tipo de diferença para o mundo, porque o mundo, ele quer te ganhar na base do braço, né na base do argumento, e não estou dizendo também para isso ser motivo para você não estudar a bíblia, para você também não estudar, porque talvez Deus, talvez não vai chegar um momento que você vai ser colocado né a frente- e é bom ser um servo preparado com as palavras- né"
deus,PROPN,96.2%,PROPN | flat:name,0.7%,"['pai', 'deus', 'filho', 'santo', 'conosco', 'misericórdia', 'honra', 'jesus', 'forte', 'espírito']",49.2%,"Que a nossa boca profecia sobre Deus palavras, meu Deus, que venham do Senhor, que vem do alto, sabe, o pai."
deus,PROPN,96.2%,PRON | nsubj,0.6%,"['que', 'ele', 'eu', 'quem', 'esse', 'você', 'nós', 'aquilo', 'o', 'isso']",98.3%,"Existe pelo menos um bilhão de pessoas do mundo que acredita que Jesus, ele é Deus, que Ele veio, ele morreu, que ele deixou o espírito santo."
deus,PROPN,96.2%,NOUN | ccomp,0.6%,"['controle', 'mão', 'senhor', 'filho', 'instrumento', 'filhos', 'povo', 'glória', 'homem', 'palavra']",48.1%,"E falo de todo meu coração, analisando a doutrina bíblica, se nós entendemos uma arma que o inferno pode usar contra a Igreja para que ela não vê não vivos propósito de Deus e não veja ela sendo instrumento de Deus em sua nação, é roubado no meio da igreja esse poder de ressurreição e vida."
deus,PROPN,96.2%,PROPN | parataxis,0.5%,"['ó', 'deus', 'senhor', 'tomara']",100.0%,"Deus, eu quero agora apresentar diante de ti, em primeiro lugar, o Donald trump, grande peso sobre ele, ó Deus, que guerra espiritual que tá sendo travada, mas nós queremos declarar a Deus que o Senhor é senhor da terra."
deus,PROPN,96.2%,NOUN | parataxis,0.5%,"['glória', 'mais', 'filhos', 'missionários', 'filho', 'amor', 'realizações', 'questionamento', 'abraço', 'memória']",79.5%,"Amém, glória a Deus."
deus,PROPN,96.2%,ADJ | ROOT,0.5%,"['bom', 'comunista', 'perfeito', 'fortes', 'fiel', 'contigo', 'firmado', 'convosco', 'sentado', 'maior']",36.4%,"Como é que você vai realizar o maior sonho da vida dessa pessoa, ele é infiel a Deus, não pequeno falar."
deus,PROPN,96.2%,PROPN | dep,0.4%,"['ó', 'deus', 'poderoso', 'senhor', 'guerreiros']",100.0%,"Nós oramos, ó Deus, para que o teu Espírito Santo, ele possa encontrá-los, ó Deus, e fortalecê-los, que eles saiam Deus mais fortes D ó Deus, porque nós sabemos, ó Pai, que, assim como Paulo diz, por algum tempo é necessário que estejamos entristecidos, tristes, para que o nosso espírito se fortaleça."
deus,PROPN,96.2%,VERB | csubj,0.3%,"['tem', 'lembrar', 'pedimos', 'quiser', 'adorar', 'agradar', 'olha', 'recusar', 'dá', 'trata']",46.9%,E é muito estranho a esquerda utilizar deus como uma fonte de padrão de certo porque eles mesmo não acreditam né e nada principalmente da bíblia e detona o cristo em todo o possibilidade toda é oportunidade que ele tiver.
deus,PROPN,96.2%,PROPN | advmod,0.3%,['ó'],100.0%,"ó Deus, para que o Senhor, ó Deus, possa trazer, ó Deus, alívio, a paz que excede todo entendimento, de que, ó Deus, a nossa vida não é aqui, de que um dia nós estaremos, ó Deus, eternamente com o Senhor, sem lágrimas."
deus,PROPN,96.2%,NOUN | acl:relcl,0.3%,"['propósito', 'cura', 'dado', 'descida', 'blinde', 'guerra', 'canto', 'escrivaninha', 'controle', 'profeta']",50.0%,"Deus, eu quero agora apresentar diante de ti, em primeiro lugar, o Donald trump, grande peso sobre ele, ó Deus, que guerra espiritual que tá sendo travada, mas nós queremos declarar a Deus que o Senhor é senhor da terra."
deus,PROPN,96.2%,ADJ | acl:relcl,0.2%,"['bom', 'poderoso', 'comparável', 'soberano', 'onipotente', 'boa', 'penetrante', 'maior', 'santo', 'amoroso']",65.2%,"Que é você que nasce, manifeste, é o teu pai, nosso Deus, é o teu tempo a Deus e nos declarando libertação para orar em nome do Senhor Jesus, Vamos aplaudir o nosso Deus que é soberano."
deus,PROPN,96.2%,PROPN | obj,0.2%,"['deus', 'música', 'glória', 'assembleia', 'whatsapp', 'ira', 'constrangelo', 'um', 'milar', 'soberania']",86.4%,"Sabe Deus que bateu um pai, que machucou o Senhor Deus apresento agora o nosso pai que nos chama como filhos."
deus,PROPN,96.2%,PRON | flat:name,0.2%,"['ele', 'nela', 'que', 'nós', 'eu', 'ela', 'algo', 'o', 'isso']",100.0%,"Porque nós estamos aqui direcionando nossas orações a Deus, pedindo para que Deus ele, ele faça algo pela nossa nação."
deus,PROPN,96.2%,SCONJ | case,0.2%,"['para', 'de', 'como', 'se', 'que']",100.0%,"Por isso que eu fiz questão de estar aqui com você, Nicolas, porque com o seu pai, com a sua família, que eu pude perceber claramente como Deus está movendo esse tempo pra gente compreender, eu posso dizer assim, uma convocação para Deus tá passando como General dos Generais, senhor dos exércitos, em revista a tropa dele, porque a gente vai, vai entrar na Terra Prometida."
deus,PROPN,96.2%,INTJ | ROOT,0.2%,"['ó', 'tu', 'senhor', 'ô', 'né', 'ah', 'olha']",100.0%,"Ó Deus, dessa live para que o Pai, o Senhor Deus, venha nos transformar a Deus, para que o Senhor venha trazer nossos corações."
deus,PROPN,96.2%,ADJ | conj,0.2%,"['poderosas', 'grato', 'adolescente', 'imutável', 'exclusivo', 'absoluto', 'sincero', 'contigo', 'verdadeiro', 'gratos']",68.4%,"Generoso, né no sentido de entregar o seu coração, porque Enquanto muitos se preocupam pela parte financeira, a parte de fama, status, outros já vê por um lado, realmente de propósito, né- e eu vejo que vocês têm isso exatamente- se a gente entendeu né a nossa missão nessa terra e somos muito gratos a Deus por termos aberto os nossos olhos iguais e ouvindo tudo que vocês estavam falando, né me vê aqui um pensamento sobre esse aparente fracasso."
deus,PROPN,96.2%,NOUN | dep,0.2%,"['palavra', 'amor', 'tempo', 'olhos', 'aó', 'mão', 'homem', 'presença', 'vida', 'comprometimento']",77.8%,"Se você olhar a Bíblia, a palavra de Deus, e aí vou chegar aqui para nós, quando o apóstolo Paulo vai falar da oração em Primeira Timóteo, no capítulo 2, o apóstolo Paulo diz uma coisa que muitos de nós não observamos:"
deus,PROPN,96.2%,ADJ | flat:name,0.2%,"['vivo', 'eterno', 'mesmo', 'profético', 'altíssimo', 'cídio', 'supletivo', 'família']",100.0%,"Qua Nicolas, quero muito desejar você, que você seja esse homem, esse, esse profético, esse garoto, esse rapaz, esse, esse, esse servo de Deus profético, que entenda a voz do senhor todo tempo, para que possa juntar essa geração, trazer mais jovens para jejuar e orar, porque essa é uma característica que não é de todo mundo."
deus,PROPN,96.2%,PROPN | obl,0.2%,"['assembleia', 'senhor', 'glória', 'oi', 'cordeiro', 'ungidos', 'emanuel', 'daniel', 'deus', 'espírito']",94.1%,"Então, para que Opa, para que, Oi meu Deus, perdão, para que isto aqui aconteça, nós precisamos na Educação Infantil, Infantil não é reunir aquele conjunto de fios que dizem respeito à linguagem oral, conhecimento de letras e tantas outras habilidades precursoras da, da alfabetização."
deus,PROPN,96.2%,PROPN | punct,0.2%,"['ó', 'né', 'oh']",100.0%,"Nós estamos aqui, ó Deus, declarando, ó Deus, que nós não iremos contra eles com carros, ó Deus, e cavalos, mas nós iremos, ó Deus, contra eles com o nome daquele que é o Senhor dos Exércitos."
deus,PROPN,96.2%,NOUN | xcomp,0.2%,"['povo', 'presença', 'filho', 'agentes', 'instrumento', 'amigo', 'pedido', 'mediador', 'lealdade', 'homem']",70.6%,"E engraçado que hoje à tarde, na verdade chegando em casa agora no final da tarde, eu liguei para um amigo meu e falava para ele que o que eu tenho mais orado, que eu tenho mais pedido a Deus, o que eu tenho mais realmente clamado ao senhor é pela nossa nação, pelo nosso Brasil, pelo nosso povo em todos os sentidos."
deus,PROPN,96.2%,NOUN | flat:name,0.2%,"['livraria', 'pai', 'liberdade', 'protetores', 'herói', 'padrão', 'brinde', 'justiça', 'campanha', 'recorde']",76.5%,"A Deus, eu oro, Pai, agora em nome de Jesus para cada família desse país que venha ter o Deus reconciliação."
deus,PROPN,96.2%,DET | ROOT,0.2%,"['meu', 'uma']",100.0%,"Meu Deus, Nicolas, que fala pesada."
deus,PROPN,96.2%,NOUN | obl:agent,0.2%,"['presença', 'graça', 'amor', 'senhor', 'glória', 'bondade', 'necessidade', 'filho', 'nome']",100.0%,E a gente precisa entender que hoje é o dia de alcançar o olhar da misericórdia e ser alcançado pela graça de Deus mais uma vez.
deus,PROPN,96.2%,ADJ | ccomp,0.2%,"['bom', 'real', 'conosco', 'especialista', 'santo', 'interessado', 'suficiente', 'distante', 'petista', 'lindo']",80.0%,"Então não é somente uma questão Emílio, dia sim o cara ver o que o dele, quando ele crescer ele deixa de ser, ele para com essa besteira, não não tudo que a gente tem um monte de gente aí, velho que defende a esquerda, que é progressista, que eu acho que ele te levara herói, que acha que Deus de gênero, algo lindo, então, assim como pagar darf, pois seu nome era ainda, usava a camisa do Sabá boina do Che Guevara, legal, e apresentar uma semana, eu saber aquela palavra:"
deus,PROPN,96.2%,PRON | nmod,0.1%,"['tudo', 'os', 'nós', 'isso', 'seu', 'deles', 'aquilo', 'eles', 'aqueles']",100.0%,"Hoje, dia extremamente corrido, mas graças a Deus por tudo, amanhã é mais corrido ainda, enfim."
deus,PROPN,96.2%,PRON | det,0.1%,"['tudo', 'o', 'quanto', 'nada', 'os', 'que', 'me', 'vários']",100.0%,"Então, olha gente, tudo isso Deus tem para nós quando falam para você que, ah, a Bíblia é machista, o senhor né, esse Deus aí dos crentes, ele quer que as mulheres né só só abaixem a cabeça e digam sim ou não, Sim, Amém."
deus,PROPN,96.2%,DET | nsubj,0.1%,"['meu', 'teu', 'aquele']",100.0%,"Meu Deus, olha o que que esse jogador fez, meu Deus, que que tal pessoa tá alcançando meu irmão."
deus,PROPN,96.2%,NOUN | advcl,0.1%,"['tu', 'poder', 'coração', 'olho', 'convívio', 'brinde', 'vontade', 'jeito', 'mediador', 'misericórdia']",91.7%,"Então reconheça o senhorinho de Cristo, você que está acompanhando a gente aqui na live, porque Jesus é o único mediador entre Deus e os homens."
deus,PROPN,96.2%,ADV | ROOT,0.1%,"['bem', 'demais', 'aí', 'ali', 'aqui', 'então', 'através', 'acima']",100.0%,"Bom demais, graças a Deus."
deus,PROPN,96.2%,PRON | conj,0.1%,"['você', 'ele', 'isso', 'eu', 'eles', 'outras']",100.0%,"Ele resgatou Deus, Pátria, família e liberdade e a gente tá isso daqui ó de fazer com que o Brasil continue crescendo e se torna uma nação que realmente merece o tamanho que ela tem."
deus,PROPN,96.2%,CCONJ | punct,0.1%,['né'],100.0%,"Mas uma experiência minha pessoal foi Deus ouvindo a minha oração no sentido de que, para o mundo, né, parece loucura, né, é essas orações sim."
deus,PROPN,96.2%,PRON | appos,0.1%,"['ele', 'o', 'naquilo', 'algo', 'alguém', 'você']",100.0%,"Deus, o que ele realiza na terra, ele usa pessoas para realizar."
deus,PROPN,96.2%,ADP | ROOT,0.1%,"['ó', 'graças', 'desse']",100.0%,"ó Deus, a uma unidade, uma unidade a Deus gerada por qualquer vontade política ou uma vontade religiosa, ou uma vontade individualizada de alguns, mas nós cremos, ó Deus, que essa unidade tem sido gerada no teu coração para que essa nação, em todas essas regiões, esteja, ó Deus, declarando a tua soberania."
deus,PROPN,96.2%,NOUN | nsubj:pass,0.1%,"['nome', 'oração', 'reino', 'planos', 'história', 'peça', 'amor', 'povo']",100.0%,"Ô, meu Pai, eu oro para que o Senhor, nessa live, fortaleça os nossos corações, nos leve a uma convicção clara que ainda há muito para acontecer em nossa nação, e vai acontecer, e vai acontecer, porque Deus planos para o Brasil não serão frustrados."
deus,PROPN,96.2%,SCONJ | cop,0.1%,"['és', 'é']",100.0%,"Confiamos em teu infinito amor, pois só tu és o Deus eterno sobre toda a terra e céus."
deus,PROPN,96.2%,PROPN | cop,0.1%,"['és', 'é']",100.0%,"Tu és o Deus desse país, tu és o senhor dos Senhores, o Deus que ree essa nação, o Deus que cria essa nação."
deus,PROPN,96.2%,PRON | ROOT,0.1%,"['tudo', 'aquilo', 'você', 'isso']",100.0%,"Aquilo que aos nossos olhos pode parecer impossível, mas, ó Deus, o Senhor, graças a Deus, Senhor, é o Deus do impossível."
deus,PROPN,96.2%,PROPN | ccomp,0.1%,"['deus', 'és', 'ó', 'abraão', 'senhor', 'música']",100.0%,"Agora, esse propósito de jejum e oração é para isso, Deus, nós nos rendemos a ti, nós declaramos que o senhor é o Deus dessa nação, que o senhor é o Deus do Brasil."
deus,PROPN,96.2%,AUX | ROOT,0.1%,"['foi', 'é', 'está', 'vamos', 'estou']",100.0%,Deus foi lá e aconteceu.
deus,PROPN,96.2%,PRON | obl,0.1%,"['nós', 'fique', 'isso', 'qual', 'ela', 'ti', 'eles', 'mim']",100.0%,"Sabe, ele disse que bendito seja Deus e paz nosso senhor Jesus Cristo, Deus de toda a Consolação, pai das misericórdias, que nos consolem nossas tribulações, para que nós possamos consolar os outros com a mesma Consolação com a qual de Deus temos sido consolados."
deus,PROPN,96.2%,VERB | cop,0.1%,"['é', 'tá', 'estaremos', 'estamos', 'seja', 'vai']",100.0%,"Eu aprendi que quando nós estamos diante de Deus, nós temos também que estar aberto para aquilo que Deus vai fazer."
deus,PROPN,96.2%,VERB | aux,0.1%,"['quiser', 'vai', 'teria', 'tava', 'tem']",100.0%,"Você me desculpa, mas se Deus quiser fazer só justiça e não misericórdia, vai sobrar para igreja também, porque a justiça de Deus é balança fiel e é por isso que quando os sacerdote se apresentavam diante de Deus para interceder pelo povo, seja Moisés e seja qualquer sacerdote, eles diziam:"
deus,PROPN,96.2%,PROPN | acl:relcl,0.1%,"['senhor', 'ó', 'cesa', 'forças-', 'trono', 'bíblia']",100.0%,"Em 2020, nós tínhamos uma medida provisória que dava ao estudante brasileiro o direito de ter essas carteirinhas ao preço de 15 centavos saindo lá do Ministério da Educação e que, infelizmente, sabe Deus por quais forças- porque foi tudo de maneira muito oculta- a medida provisória acabou caducando e a grande imprensa trouxe a notícia de que houve um acordo, um conluio entre o Partido Comunista do Brasil e, na época, o presidente da casa, que era Rodrigo Maia, para sepultar essa medida provisória que dava ao estudante o direito de ter a carteirinha gratuita."
deus,PROPN,96.2%,ADJ | advcl,0.1%,"['maravilhoso', 'conectada', 'poderoso', 'passado', 'querido', 'grato']",100.0%,"Mas Deus, ele é maravilhoso e ele muda as coisas, porque eu já entrei muitas vezes na oração para pedir a Deus algo e a oração terminou com Deus me pedindo algo, ou seja, ele mudou as coisas, eu fui pedir, é ele que me pediu e a única coisa que ele me pede é que eu o ame do fundo do meu coração, com toda minha força, com todo meu pensamento, com todas as minhas atitudes, com meu testemunho de vida, agradando a Deus acima de tudo, acima de todos."
deus,PROPN,96.2%,ADJ | parataxis,0.1%,"['poderoso', 'preciso', 'ansioso', 'atrelado', 'fiel', 'sozinho', 'dependente']",100.0%,"“Poxa, realmente é agora sim, eu estou sendo dependente de Deus”, sabe?"
deus,PROPN,96.2%,ADP | advmod,0.1%,"['ó', 'por']",100.0%,"ó Deus, venha ser derramado a tua chuva, aquela chuva serôdia temporária, aquela que não está programada, tá fora de tempo, mas o senhor é o senhor de todos os tempos, o senhor pode todas as coisas."
deus,PROPN,96.2%,PROPN | fixed,0.1%,['ó'],100.0%,"ó Deus, para que o Senhor, ó Deus, possa trazer, ó Deus, alívio, a paz que excede todo entendimento, de que, ó Deus, a nossa vida não é aqui, de que um dia nós estaremos, ó Deus, eternamente com o Senhor, sem lágrimas."
deus,PROPN,96.2%,INTJ | nsubj,0.1%,"['senhor', 'olha', 'tá']",100.0%,"Senhor, e agora, Deus, com todas as pessoas que estão aqui, sabe, com uma vela na mão, dizendo que nós somos luz dessa terra."
deus,PROPN,96.2%,PROPN | det,0.1%,"['ó', 'nosso', 'teu', 'meu']",100.0%,"Oração é o, literalmente a conversa de intimidade com teu Deus quando fala assim."
deus,PROPN,96.2%,PRON | ccomp,0.1%,"['conosco', 'nós', 'ele', 'comigo', 'você']",100.0%,"Eu sei que muitas pessoas podem estar tentando te convencer de que não é vida, que você vai passar tivesse é, mas saiba que Deus ele está com você independente da situação."
deus,PROPN,96.2%,NOUN | amod,0.1%,"['misericórdias', 'manifesto', 'recado', 'cristãos', 'materiais', 'local']",100.0%,"Então, se a gente olhar para um legado onde nós vimos um poder manifesto de Deus através da vida do meu avô, através da igreja Deus é Amor, cara, eu quero viver isso,"
deus,PROPN,96.2%,INTJ | punct,0.1%,"['né', 'ó', 'oh']",100.0%,"O marido da senhora é Deus, melhor Jesus botar a oração brasileira toda agora para fazer de Jesus, né?"
deus,PROPN,96.2%,ADP | parataxis,0.1%,['ó'],100.0%,"Ó Deus, que nós possamos, ó Deus, cheirar, ó Deus, o teu Espírito Santo."
deus,PROPN,96.2%,AUX | aux,0.1%,"['iria', 'vai', 'tem']",100.0%,"Eu falei: ""Cara, é assim e graças a Deus não tem me faltado nada."
deus,PROPN,96.2%,INTJ | discourse,0.0%,"['ó', 'ai']",100.0%,"Ai, meu Deus, não pode!"
deus,PROPN,96.2%,PRON | acl:relcl,0.0%,"['nisso', 'ele', 'convosco', 'isto']",100.0%,"Daniel sabe o Deus que ele serve, Daniel conhece o Deus que esteve com ele até agora e que passou por ele em todas as fases."
deus,PROPN,96.2%,ADJ | acl,0.0%,"['querido', 'abertas', 'indignado', 'grato']",100.0%,"Cada estado tem a sua particularidade, a sua peculiaridade, mas, querido Deus, nas nossas diferenças naquilo, ó Deus, que nos difere."
deus,PROPN,96.2%,PROPN | cc,0.0%,['ó'],100.0%,"Que o teu amor, ó Deus, venha alcançar, ó Deus, quem quer que entre aqui, ó Deus, que pessoas que entrem aqui revoltadas por conta de política saiam, ó Deus, com um propósito fixo dos seus corações."
deus,PROPN,96.2%,ADP | dep,0.0%,"['ó', 'de', 'graças']",100.0%,"Pai, dê-nos também uma visão Ampla, espiritual, para que não tenhamos inveja da promessa que o senhor entregou para, para alguém que nós possamos, ó Deus, é viver as tuas promessas como algo padronizado, como algo específico, como algo que o senhor está mandando para cada um de nós, afinal de contas."
deus,PROPN,96.2%,PRON | obj,0.0%,"['nada', 'algo', 'daquilo']",100.0%,"Nós podemos olhar com um olhar deste mundo para um fracasso, mas que Deus está daquilo fazendo que vai trazer ressurreição, vida."
deus,PROPN,96.2%,ADJ | xcomp,0.0%,"['presente', 'íntimo', 'honrados']",100.0%,"O senhor continua falando, o senhor continua se relacionando, porque aquilo que eu vivo hoje não me impede de ser íntimo de Deus."
deus,PROPN,96.2%,PRON | dep,0.0%,"['aquilo', 'esse', 'que']",100.0%,"Mas traga uma conformidade, O Deus do céu, que aquilo, pai, que incomode o senhor que venha nos incomodar, e não Deus o contrário, para que aquilo Deus que incomode a Deus, Deus pai, que venha também nos incomodar."
deus,PROPN,96.2%,PROPN | nsubj:pass,0.0%,"['reino', 'ó', 'espírito']",100.0%,"Sua palavra fala que os cegos vêm, que os coxos andam, que é chegado o Reino de Deus."
deus,PROPN,96.2%,SCONJ | ROOT,0.0%,"['que', 'foi']",100.0%,"Foi: Deus, se for necessário eu sofrer para cumprir o propósito que o senhor, fasso isso."
deus,PROPN,96.2%,DET | cc,0.0%,['meu'],100.0%,"Meu Deus, se ele deve estar assim, Quem é essa mulher, meu Deus?"
deus,PROPN,96.2%,SCONJ | nsubj,0.0%,['que'],100.0%,"Agora, esse propósito de jejum e oração é para isso, Deus, nós nos rendemos a ti, nós declaramos que o senhor é o Deus dessa nação, que o senhor é o Deus do Brasil."
deus,PROPN,96.2%,DET | appos,0.0%,['aquele'],100.0%,Nós somos de Deus; aquele que conhece a Deus ouve-nos; aquele que não é de Deus não nos ouve.
deus,PROPN,96.2%,NOUN | iobj,0.0%,"['senhor', 'poder', 'toque']",100.0%,"Né E por que que eu vejo isso, né até usei esse exemplo também recentemente, quando o Moisés morreu- e Deus é dificilmente alguém que fez coisas tão grandes pelo poder de Deus na vida dele como Moisés."
deus,PROPN,96.2%,ADV | nsubj,0.0%,"['ali', 'graças', 'onde']",100.0%,e Graças a Deus está acontecendo isso comigo.
deus,PROPN,96.2%,AUX | conj,0.0%,"['foi', 'vou', 'estamos']",100.0%,"Hoje aconteceu tantas coisas que não consigo nem descrever para vocês, mas graças a Deus nós estamos aqui."
deus,PROPN,96.2%,ADV | ccomp,0.0%,"['aqui', 'longe']",100.0%,""" e às vezes a gente acha que Deus está longe, que Deus está distante, que Deus não está ouvindo e que realmente está principalmente de tudo aquilo que nós estamos vivendo, nós que amamos a nossa nação."
deus,PROPN,96.2%,VERB | nsubj,0.0%,"['ô', 'celebra']",100.0%,"Ô meu Deus, prendam esse padre."
deus,PROPN,96.2%,VERB | discourse,0.0%,['é'],100.0%,"” E algo que eu aprendi ao longo do tempo é que realmente sim, Deus honra, mas sempre que Deus honra, não tem a ver com o nosso destaque e sim com aquilo que a gente faz em relação ao que ele nos chamou para fazer."
deus,PROPN,96.2%,ADP | cc,0.0%,['ó'],100.0%,"ó Deus, para que o Senhor, ó Deus, possa trazer, ó Deus, alívio, a paz que excede todo entendimento, de que, ó Deus, a nossa vida não é aqui, de que um dia nós estaremos, ó Deus, eternamente com o Senhor, sem lágrimas."
deus,PROPN,96.2%,NUM | nmod,0.0%,"['óo', '1']",100.0%,"Deus S Esta Nação com o teu poder, com o óo da sua unção, mais uma vez, mais uma vez: Benar Esta Nação com o teu poder, com o olho da tua unção."
deus,PROPN,96.2%,INTJ | cc,0.0%,"['ó', 'ai']",100.0%,"Ó Deus, perdoa-nos como nação, pelas milhares de crianças que são assassinadas dentro do ventre materno."
deus,PROPN,96.2%,PROPN | discourse,0.0%,"['ó', 'né']",100.0%,"Cada corte, de cada juiz, ó Deus das supremas, ó Deus, cortes, como TSE, como Supremo Tribunal militar, todos para que, ó Pai, aquilo que precisa ser transformado, ó Deus, que o Senhor transforme."
deus,PROPN,96.2%,INTJ | dep,0.0%,['ó'],100.0%,"Ó Deus, perdoa os pecados de cada deputado aqui, Senhor."
deus,PROPN,96.2%,ADP | appos,0.0%,['ó'],100.0%,"E que, em nome de Jesus, as vozes aqui desse Senado, que são vozes sinceras, verdadeiras, que são vozes que honram o Senhor, pai, que o Senhor possa, ó Deus, em nome de Jesus, revigorar as suas forças."
deus,PROPN,96.2%,ADV | acl:relcl,0.0%,['aqui'],100.0%,"Senhor, o mesmo Deus que está aqui agora é o Deus de Abraão, é o Deus de Isa, é o Deus de Jacó."
deus,PROPN,96.2%,DET | obl,0.0%,"['a', 'meu']",100.0%,"Pai, e nós oramos agora, Deus, por fim, sobre cada um a, Deus, que está aqui, vai ser o multiplicador."
deus,PROPN,96.2%,NOUN | acl,0.0%,"['vinda', 'livraria']",100.0%,"Mas a Bíblia é bem clara e é nela que eu confio, porque ela é a é a inspiração através dos homens vinda de Deus e ou seja, ele é a palavra de Deus e ela diz que minha é a vingança."
deus,PROPN,96.2%,NUM | appos,0.0%,"['99', 'cinco']",100.0%,"Amém, Porque Nós pensamos que o nosso Deus é um Deus de 1: 99?"
deus,PROPN,96.2%,PROPN | advcl,0.0%,"['pergunte', 'noos']",100.0%,"Eu estou querendo que você coloque, da mesma forma como você coloca seu trabalho, a tua, as tuas férias em em Maldivas, ou que você pede para Deus qual é o direcionamento para quem você vai casar, quem você vai namorar, para que você também Pergunte para Deus:"
deus,PROPN,96.2%,DET | amod,0.0%,"['próprio', 'própria']",100.0%,Foi estabelecido de 30 dias para que todos adorassem ao rei e não ao seu próprio Deus.
deus,PROPN,96.2%,DET | flat:name,0.0%,"['nenhum', 'cada']",100.0%,"Todos foram alcançados por essa negativa do Rei para esse movimento dos sátrapas para que não houvesse mais oração a Deus nenhum, para que não houvesse mais adoração livre, expressão de adoração."
deus,PROPN,96.2%,VERB | flat:name,0.0%,"['toque', 'abraço']",100.0%,"Para que você, eh, consiga chamar pessoas que Deus toque no seu coração, né, e fique aqui, né, nesses minutinhos aqui agora que resta, que a gente vai orar."
deus,PROPN,96.2%,NOUN | csubj,0.0%,"['locais', 'amigo']",100.0%,"E é isso que nós pedimos a Deus para cada pessoa que está aqui, homem, mulher, a Deus, criança, adolescente, pessoas estão em locais poderosas, Deus, uma pessoa só, Deus, que não estão em locais poderosos, mas que tem a sua influência, senhor."
deus,PROPN,96.2%,AUX | discourse,0.0%,['é'],100.0%,"É para esse Deus que foi aquele mesmo Deus, né, que estava com Abraão, que estava com Isaque, estava com Jacó."
deus,PROPN,96.2%,SCONJ | fixed,0.0%,"['que', 'embora']",100.0%,"Então, graças a Deus que, que tudo isso tem acontecido, né?"
deus,PROPN,96.2%,PROPN | xcomp,0.0%,"['deus', 'megafone']",100.0%,"Nós não queremos estava Deus ele para vir para o nosso time, nós não queremos que ele estava Deus estava Deus simplesmente aqui para uma ideologia pai."
deus,PROPN,96.2%,AUX | dep,0.0%,['está'],100.0%,"Deus está, Deus está."
deus,PROPN,96.2%,PUNCT | ROOT,0.0%,['ó'],100.0%,Ó Deus forte contra a tua igreja.
deus,PROPN,96.2%,SCONJ | dep,0.0%,"['que', 'foi']",100.0%,"Para essa pessoa que acha que lá, o Deus da casa dele, que talvez ninguém conheça onde ele tá morando, que o Senhor Deus possa."
deus,PROPN,96.2%,AUX | advcl,0.0%,"['é', 'for']",100.0%,"Então, enquanto eu tiver fôlego, né, enquanto Deus é que me permitir, eu continuarei defendendo o evangelho de fato na Bíblia."
deus,PROPN,96.2%,ADP | flat:name,0.0%,"['por', 'de']",100.0%,"Graças a Deus por, por nós estamos aqui."
deus,PROPN,96.2%,ADV | obj,0.0%,['algo'],100.0%,"Então eu acredito que todas essas outras pessoas, tanto Bolsonaro, quanto outras pessoas também que estão, digamos, numa patente alta, elas só sairão se de fato acontecer algo extraordinário de Deus ou se de fato a gente conseguir a presidência do ano que vem e dando indulto para cada uma dessas pessoas e finalmente conseguindo essa anistia- eh ampla."
deus,PROPN,96.2%,PUNCT | amod,0.0%,['“'],100.0%,"Mas, como eu tava falando, tem uma raiz assembleiana, e na raiz assembleiana tem muito lance do “Deus vai te honrar”, né?"
deus,PROPN,96.2%,NUM | ROOT,0.0%,['um'],100.0%,"Deus, nós não queremos ser uma igreja que fala mas não faz, uma igreja que se levanta mas não age, uma igreja que é grande mas é é parada, é como se fosse um um, um, um, um Pântano."
deus,PROPN,96.2%,ADP | nmod,0.0%,['d'],100.0%,"Nós oramos, ó Deus, para que o teu Espírito Santo, ele possa encontrá-los, ó Deus, e fortalecê-los, que eles saiam Deus mais fortes D ó Deus, porque nós sabemos, ó Pai, que, assim como Paulo diz, por algum tempo é necessário que estejamos entristecidos, tristes, para que o nosso espírito se fortaleça."
deus,PROPN,96.2%,CCONJ | dep,0.0%,['mas'],100.0%,"Cada guerra que nós enfrentamos, o inimigo também se levanta de forma muito, muito forte, mas, graças a Deus, né?"
deus,PROPN,96.2%,PRON | case,0.0%,['dele'],100.0%,"Senhor, unja o guarde, Senhor, o livre, Senhor o proteja e faça dele Deus aquele homem que tem temor e que caminha contigo em sabedoria."
deus,PROPN,96.2%,CCONJ | ROOT,0.0%,['né'],100.0%,"Para que você, eh, consiga chamar pessoas que Deus toque no seu coração, né, e fique aqui, né, nesses minutinhos aqui agora que resta, que a gente vai orar."
deus,PROPN,96.2%,CCONJ | conj,0.0%,['né'],100.0%,"Para que você, eh, consiga chamar pessoas que Deus toque no seu coração, né, e fique aqui, né, nesses minutinhos aqui agora que resta, que a gente vai orar."
deus,PROPN,96.2%,CCONJ | det,0.0%,['ei'],100.0%,"Ei meu Deus do céu, Quase que eu que eu passei aqui o módulo aqui, Ah tá tá aqui, então todas as aulas vão ser gravadas para que você possa assistir Quantas vezes for necessário por 12 meses, tá certo."
deus,PROPN,96.2%,ADV | parataxis,0.0%,['quase'],100.0%,"Ei meu Deus do céu, Quase que eu que eu passei aqui o módulo aqui, Ah tá tá aqui, então todas as aulas vão ser gravadas para que você possa assistir Quantas vezes for necessário por 12 meses, tá certo."
deus,PROPN,96.2%,VERB | dep,0.0%,['escrita'],100.0%,"Vamos a última então: uma Bíblia escrito por pessoa historiadora né, então uma Bíblia escrito por exemplo a sua historiadora né, então a bíblia pode ser muito bonita, a Bíblia não foi escrita por Deus."
deus,PROPN,96.2%,VERB | advmod,0.0%,['sabe'],100.0%,"Sabe, Deus, com teu amor a Deus que constrange o Senhor, possa ganhar essa pessoa."
deus,PROPN,96.2%,NUM | obj,0.0%,['um'],100.0%,Então acabou de sair um da Deus
deus,PROPN,96.2%,VERB | cc,0.0%,['aja'],100.0%,"Mas foi ali que ele realmente me puxou para mais perto dele, forjou, aja de Deus para ser aquilo que Deus tinha até para esses tempos que ele me levantou como um minuto de louvor de adoração."
deus,PROPN,96.2%,NOUN | fixed,0.0%,['nome'],100.0%,"Então a gente precisa entender que o nome de Deus, quando a gente está orando, a gente tem uma circunstância, uma situação difícil, a gente coloca o nome de Jesus, santificado seja o teu nome, o nome de Deus vai na frente, vamos lá."
deus,PROPN,96.2%,DET | case,0.0%,['ao'],100.0%,"Vamos ler aí: dou graças ao meu Deus por tudo que recordo de vós, fazendo sempre com alegria súplicas por todos vós em todas as minhas orações, pela vossa cooperação no evangelho desde o primeiro dia até agora;"
deus,PROPN,96.2%,PUNCT | cc,0.0%,['né'],100.0%,"E, graças a Deus, né acima de tudo, né a gente tem essa, essa amizade."
deus,PROPN,96.2%,VERB | nsubj:pass,0.0%,['surgiu'],100.0%,"Que surgiu Deus forem mortos, você vai escapar?"
deus,PROPN,96.2%,ADP | conj,0.0%,['né'],100.0%,"A gente chora em oração e Eu derramei muitas lágrimas, né diante do meu Deus para que o senhor arrancasse do meu peito aquela dor."
deus,PROPN,96.2%,ADJ | advmod,0.0%,['pior'],100.0%,"Quanto pior melhor para Deus Agir; quanto pior melhor para Deus fazer, porque a glória de Deus."
deus,PROPN,96.2%,AUX | acl:relcl,0.0%,['está'],100.0%,"Um propósito inabalável, Senhor, de fazer o que Deus, aquilo que o Senhor quer, independente daquilo que está o Deus."
deus,PROPN,96.2%,NUM | nummod,0.0%,['um'],100.0%,"Eu peço a Deus para quem, em nome de Jesus, que usa o Senhor, usa Deus cada um que está aqui."
deus,PROPN,96.2%,AUX | ccomp,0.0%,['era'],100.0%,"A pessoa acha que pedir orar para Deus é mimimi e dizer que o Brasil já era, graças a Deus, é um de 35 mil pessoas aqui."
deus,PROPN,96.2%,ADP | discourse,0.0%,['ó'],100.0%,"ó Deus, esse que está à frente da batalha, esses que falam, esses que lutam para Deus, nós pedimos a tua proteção divina."
deus,PROPN,96.2%,AUX | parataxis,0.0%,['vai'],100.0%,"Daniel era o tipo de pessoa que, quando se põe a orar, antes que o que estava no coração dele se tornasse verbo em sua boca, Deus vai."
deus,PROPN,96.2%,PROPN | obl:agent,0.0%,['espírito'],100.0%,"E, falando sobre intercessão, eu queria convidar esse povo, aqui agora, a orar conosco e entender, fazer os entender pelo Espírito de Deus, porque só ele pode nos levar esse entendimento de que, sim, a sua oração, irmãzinha, você aí, ó que tá aí do outro lado agora pensando Poxa, Camila, mas Deus vai ouvir a minha oração e ela foi uma oração de alguém que tem procurado né caminhar em retidão diante do Senhor."
deus,PROPN,96.2%,INTJ | parataxis,0.0%,['né'],100.0%,"e Deus conosco, né."
deus,PROPN,96.2%,PUNCT | ccomp,0.0%,['né'],100.0%,eu sei que Deus não está né com os olhos fechados para aquilo que tá acontecendo aqui no nosso país.
deus,PROPN,96.2%,INTJ | advmod,0.0%,['ai'],100.0%,"Ai, meu Deus, vamos chegar na igreja, fumaça, luz e vamos ter arrepio."
deus,PROPN,96.2%,NUM | det,0.0%,['uma'],100.0%,"Se você não combate, se você não defende a Cristo quando as pessoas estão atacando a nossa fé, você de fato só uma Deus, até que não ter que entrava uma briga por ele."
deus,PROPN,96.2%,AUX | xcomp,0.0%,['ir'],100.0%,"Foi um ano péssimo para os aspectos bons, por um, por outros, e a gente ficar conseguindo ir fazer bastante coisa aqui e, graças a Deus, ano que vem, né, deixar uma a motivação não só para vocês que me seguem, para também quem me odeia, né?"
deus,PROPN,96.2%,PRON | mark,0.0%,['que'],100.0%,Mas enquanto as ferramentas que Deus nos entrega é para que a gente leve isso para fora.
deus,PROPN,96.2%,SCONJ | conj,0.0%,['do'],100.0%,"E quando vocês ouvirem os sons, vocês vão se prostrar, porque a influência que nos faz querer nos prostrar diante daquilo que nos afasta de quem é Deus e do que é Deus começa pelo que ouvimos."
deus,PROPN,96.2%,DET | acl:relcl,0.0%,['nosso'],100.0%,"Porque o propósito de toda ideologia, Nicolas, é nos fazer prostrar diante de um Deus que não é o nosso."
deus,PROPN,96.2%,DET | nmod,0.0%,['cada'],100.0%,"Aqui é o Senhor, te agradecendo ao pai pelo teu cuidado, te agradecendo pela tua misericórdia por cada um só meu Deus que esteve aqui só me."
deus,PROPN,96.2%,SCONJ | advcl,0.0%,['és'],100.0%,"Ensina-me a fazer tua vontade, pois tu és o meu Deus."
deus,PROPN,96.2%,ADV | conj,0.0%,['graças'],100.0%,"Não só que é criar um hábito de orar, né que toda 10 horas agora né estão orando, e de pessoas também, né que foram alcançadas por Cristo, pessoas que estavam com intenção de suicídio, pessoas que estavam assim simplesmente deixada de lado e Graças a Deus."
deus,PROPN,96.2%,NUM | acl:relcl,0.0%,['uma'],100.0%,Deus que são em cada uma das casas que estão Reunidas agora no vigésimo primeiro dia de oração e jejum pelo Brasil.
deus,PROPN,96.2%,SCONJ | det,0.0%,['que'],100.0%,"Então, quando a gente para para pensar que existem limites e que o próprio Deus que estabeleceu, você não tem o direito de tirar esse limite."
deus,PROPN,96.2%,ADJ | nsubj,0.0%,['único'],100.0%,O único que tem direito de estabelecer limite foi o próprio Deus.
deus,PROPN,96.2%,DET | obj,0.0%,['meu'],100.0%,"Meu Deus, uma esses jovens estão votando em sua maioria aí um ex-presidiário, um cara que destruiu oração que isso aqui hoje aos cofres públicos."
deus,PROPN,96.2%,PRON | parataxis,0.0%,['eu'],100.0%,"ô Deus, eu não, eu não gosto de criança, filha, tá, porque minha esposa tá vendo."
deus,PROPN,96.2%,AUX | nsubj,0.0%,['vai'],100.0%,"E aí eu vou chegar, vai meu deus, e humilhado é o hoje."
igreja,NOUN,96.7%,DET | det,21.3%,"['a', 'uma', 'tua', 'nossa', 'minha', 'as', 'sua', 'nossas', 'essa', 'várias']",95.7%,"Só que o que que Deus faz quando a gente entende isso, esse tipo de oração, né a partir daí, começou pequeno, a gente começou a juntar amigos, médicos, profissionais para ajudar as crianças da própria igreja e depois foi crescendo, crescendo, crescendo, crescendo, e surgiu um hotel, Instituto com o nome dele, nele."
igreja,NOUN,96.7%,ADP | case,17.9%,"['da', 'na', 'para', 'como', 'de', 'com', 'pela', 'das', 'nas', 'em']",89.4%,"Só que o que que Deus faz quando a gente entende isso, esse tipo de oração, né a partir daí, começou pequeno, a gente começou a juntar amigos, médicos, profissionais para ajudar as crianças da própria igreja e depois foi crescendo, crescendo, crescendo, crescendo, e surgiu um hotel, Instituto com o nome dele, nele."
igreja,NOUN,96.7%,VERB | ROOT,7.3%,"['tem', 'levanta', 'sair', 'vem', 'oramos', 'precisa', 'consola', 'move', 'chama', 'temos']",27.4%,"Então eles foram convertidos na igreja e talvez porque a gente não está Talvez discipulando ele da maneira correta quando eles entra no campo de Olha que a universidade, ele sofre uma outra conversão, só que uma conversão reversa, conversão para religião do humanismo secular."
igreja,NOUN,96.7%,PUNCT | punct,5.8%,"[',', '.', 'né', ';', '?']",100.0%,"Então, a gente tem sofrido isso, mas nos alegramos, nos regozijamos, e sabemos que a igreja do Senhor Jesus, a igreja ama, a igreja respeita, né, a igreja cuida, mas a igreja também aponta aquilo que é pecado."
igreja,NOUN,96.7%,ADV | advmod,4.0%,"['dentro', 'lá', 'aqui', 'também', 'ali', 'então', 'hoje', 'através', 'fora', 'não']",77.2%,"A gente queria saber como, que foi essa trajetória para você, chegar até onde você chegou hoje né com 24 anos, com tanto conhecimento, e qual foram suas bases literárias, o ok, então a minha trajetória, digamos assim, ela começa o vez que dentro da igreja né meus pais são são cristãos evangélicos."
igreja,NOUN,96.7%,VERB | acl:relcl,3.9%,"['tem', 'fala', 'precisa', 'chamada', 'passa', 'levanta', 'fez', 'disse', 'oramos', 'temos']",23.5%,"Também que a igreja foi perseguida, Nicolas, o diabo perdeu também todas as vezes que já teve muita facilidade, que o estado dava presente para igreja, que o estado servia a igreja, a igreja caiu na sua dependência de Deus e sem histórico, essa cultura, quando os Papas começaram a receber as benesses de estátua?"
igreja,NOUN,96.7%,ADJ | amod,3.8%,"['brasileira', 'evangélica', 'católica', 'forte', 'local', 'poderosa', 'tradicionais', 'invisível', 'inteira', 'maior']",63.2%,"Você que está desesperançoso com tudo quem está vivendo, você que está desesperançoso com o estado da igreja brasileira, com o estado da nação brasileira, talvez algumas uma situação, uma circunstância particular tua hoje, eu quero que você entre a presença do senhor no teu lugar secreto, aí na tua casa, e que você aqui, nesse momento de oração, canaliza aí no Espírito Santo."
igreja,NOUN,96.7%,NOUN | nmod,3.2%,"['pessoas', 'mundo', 'autoridade', 'oração', 'maneira', 'igrejas', 'meio', 'nome', 'terra', 'púlpito']",27.3%,"Essa galera comunista que tem tentado a todo momento frear obviamente o avanço do que eles chamam da extrema direita, do bolsonarismo, especialmente nas igrejas, estão querendo aqui limitar, inclus inclusive aonde quando nós podemos fazer posicionamentos políticos."
igreja,NOUN,96.7%,VERB | advcl,2.5%,"['fazer', 'criado', 'arrepender', 'ir', 'dando', 'entendendo', 'perseguiram', 'cometido', 'falado', 'entende']",19.5%,"Quais são as intenções desse movimento feminista que infelizmente não está ali pregando nada de bom e de igualdade, pelo contrário, eles começam aí é invadindo igreja, queimando e estudo em volta da gente, e aí não é à toa que os países que estão ao nosso derredor já aprovaram ir o aborto, como a Colômbia, como Argentina, e ele é um momento de início, é muito forte, é que eu chamo você, que é Cristão e muitas vezes que caíram na balela né de exceções do aborto e que na verdade, elas utilizam dessa estratégia para poder aprovar todos os outros demais."
igreja,NOUN,96.7%,VERB | conj,2.0%,"['tem', 'chamada', 'há', 'precisa', 'sabe', 'fechada', 'tocou', 'tornaram', 'prevaleceu', 'cantando']",31.1%,"Eu sei que você, durante a sua vida, tocou louvor, tocou bateria na igreja, participou do ministério de louvor, mas talvez um dos atos de adoração mais lindos da sua vida foi dizer sim para um lugar onde poucas pessoas querem estar para representar a nossa nação."
igreja,NOUN,96.7%,NOUN | obj,1.9%,"['famílias', 'história', 'parte', 'oração', 'momento', 'pessoas', 'paralelo', 'policiais', 'desestímulo', 'amigos']",36.2%,"Só que o que que Deus faz quando a gente entende isso, esse tipo de oração, né a partir daí, começou pequeno, a gente começou a juntar amigos, médicos, profissionais para ajudar as crianças da própria igreja e depois foi crescendo, crescendo, crescendo, crescendo, e surgiu um hotel, Instituto com o nome dele, nele."
igreja,NOUN,96.7%,VERB | ccomp,1.8%,"['ama', 'vai', 'começa', 'vem', 'apresenta', 'chamando', 'fortalecido', 'chegando', 'decida-se', 'feito']",25.0%,"Eu creio que essa palavra, ela é muito atual aos nossos corações porque eu creio que Deus, ele chamando sua igreja, o seu povo, para um tempo de arrependimento, se nós declaramos que essa nação é majoritariamente cristã e temos visto tantas coisas contrárias à vontade do nosso Deus, eu creio que esse momento de nós estamos cada vez mais arrependidos perante o senhor e pedindo a ele que venha trazer tempos de refrigério, tem mistão, para Que Deus traga mais prova, para que ele fique mais firme do Senhor."
igreja,NOUN,96.7%,VERB | acl,1.7%,"['lotada', 'representada', 'adornada', 'estruturada', 'orando', 'apaixonadas', 'lotadas', 'chamada', 'localizada', 'abençoada']",37.7%,"5000 pessoas, a igreja assim lotada, abarrotada de pessoas, e eu não tenho dúvidas que essa palavra foi de encontro no coração de alguém para poder se sacrificar, para você poder não menosprezar eh os pequenos começos."
igreja,NOUN,96.7%,NOUN | obl,1.7%,"['igreja', 'meio', 'história', 'frente', 'batalha', 'terra', 'noiva', 'esfera', 'louvor', 'centenas']",35.3%,"Você que está desesperançoso com tudo quem está vivendo, você que está desesperançoso com o estado da igreja brasileira, com o estado da nação brasileira, talvez algumas uma situação, uma circunstância particular tua hoje, eu quero que você entre a presença do senhor no teu lugar secreto, aí na tua casa, e que você aqui, nesse momento de oração, canaliza aí no Espírito Santo."
igreja,NOUN,96.7%,NOUN | conj,1.6%,"['senhor', 'igreja', 'família', 'nação', 'parede', 'poder', 'áreas', 'igrejas', 'ajoelho', 'escola']",34.0%,"Não é de agora que elas já fazem esse tipo de Protestos né de ações aí dentro de igreja e como final das contas, é a finalidade que fato é destruir tudo aquilo que a igreja construiu durante os anos, principalmente com relação ao papel da mulher e ao papel do homem, inclusive lutando aí pelo o aborto."
igreja,NOUN,96.7%,VERB | xcomp,1.6%,"['ir', 'ministrar', 'lembrar', 'definir', 'interagir', 'envolver', 'ter', 'ver', 'prosperar', 'fiz']",36.7%,"Basicamente, essa mulher aqui, que dizia que ela era cristã antigamente, agora ela é do Candomblé, ela disse que a estratégia para poder ganhar aqui a igreja, né, através das crianças na escola dominical."
igreja,NOUN,96.7%,PROPN | nmod,1.5%,"['brasil', 'cristo', 'jesus', 'igreja', 'espírito', 'nicolas', 'deus', 'senhor', 'nossa', 'pequi']",65.2%,"Ouve-se aqui uma fala do Pastor aqui e a sua igreja, invisível com relação aos cristãos, e à direita, dizendo que o bolsonaro, ele tem usou afeto do ódio para se eleger, isou o ódio tá e que há uma mobilização intencional para que o inimigo seja eliminado."
igreja,NOUN,96.7%,AUX | cop,1.5%,"['é', 'ser', 'somos', 'são', 'fui', 'era', 'tô', 'seja', 'vou', 'sou']",84.4%,"E por causa dessa, essa menina, essa mulher, eu eu vim para o Brasil na primeira vez em 2001 e eu conheci a um pastor- dela é obra que estava começando naquela época- que é a igreja Videira, Pastor Luís da Silva, que muitas pessoas conhecem, e nós falamos uma expressão em inglês- até hoje não sei como traduzir, mas eu, pastor Luís, nós we got on like a house on fire."
igreja,NOUN,96.7%,NOUN | nsubj,1.3%,"['igreja', 'gente', 'cara', 'pessoas', 'voz', 'cristãos', 'lembro', 'senhor', 'ministério', 'irmão']",56.4%,"A igreja que passa pelo jejum, a igreja que passa pela oração, a igreja que se posiciona na fé, a igreja que entende o seu Chamado, entende o privilégio de onde foi posta."
igreja,NOUN,96.7%,NOUN | ROOT,1.2%,"['igreja', 'hospital', 'dias', 'família', 'prancha', 'escola', 'cabeça', 'propósito', 'ministro', 'denominação']",43.2%,"A última, a primeira lembrança na igreja aqui foi Espírito Santo vindo, você de mãos abertas sobre você e você naquele momento não entrega."
igreja,NOUN,96.7%,NOUN | appos,1.2%,"['igreja', 'senhor', 'pai', 'pastor', 'cara', 'corinho', 'esfera', 'parabelece', 'noiva', 'tênis']",83.8%,"Né pelo, a Igreja Católica pela teologia da libertação, a igreja evangélica pela Teologia da prosperidade atual, hoje, teologia coaching ou o liberalismo teológico, né a lá, pastores da chopp, como você bem defendeu em sua as suas últimas falas ali."
igreja,NOUN,96.7%,CCONJ | cc,1.0%,"['e', 'mas', 'né', 'nem', 'ou']",100.0%,"Que o Espírito de Deus seja derramado sobre o Brasil, que o Espírito de avivamento seja derramado sobre as famílias e sobre a igreja, em nome do Senhor, porque aquilo que tá atingindo o mundo não atingirá nem sua vida, nem a minha vida, nem a minha casa e nem a nossa família."
igreja,NOUN,96.7%,PRON | nsubj,1.0%,"['que', 'nós', 'eu', 'você', 'isso', 'o', 'quem', 'isto', 'tudo']",100.0%,"Oramos, ó Deus, pela tua noiva que somos nós, a igreja, para que o senhor, Ó Deus, nos dê perseverança, nos dê paciência e que tenhamos um progresso no senhor, pai, que a tua igreja, no nome de Jesus, a gente possa avançar, avançar Avante pelo Rei, Avante pelo reino."
igreja,NOUN,96.7%,PROPN | flat:name,0.7%,"['deus', 'católica', 'graça', 'evangélica', 'viva', 'paz', 'primitiva', 'imaculada', 'silva', 'são']",76.2%,"A fiz uma campanha limpa, uma campanha digna, sem utilizar dinheiro público, com amigos, família, com apoio do maior movimento conservador de Minas Gerais, direita Minas, o nosso Presidente, Jair Messias bolsonaro da Igreja Graça e paz."
igreja,NOUN,96.7%,NOUN | ccomp,0.7%,"['igreja', 'garantia', 'importância', 'ministério', 'posicionamento', 'placa', 'posição', 'coroa', 'alegria', 'dinheiro']",60.0%,"Você se o instrumento de benção na vida das pessoas e ele só pode dizer que a igreja é a garantia da sua coroa porque ele trabalhou com ela, ele trabalha por ela e ele trabalha em comunhão com ela."
igreja,NOUN,96.7%,NOUN | acl:relcl,0.5%,"['governo', 'esperança', 'unimos', 'domingo', 'papel', 'contexto', 'futuro', 'chave', 'tempo', 'ano']",75.0%,"Que o Senhor venha fortalecer agora, senhor, para dizer que o trabalho dos pastores não são em vão, para dizer, Senhor Deus, que o relacionamento que eles estão criando ali, aquela semente que tá sendo plantada, que a igreja local é a esperança do nosso país, que a igreja local é a esperança do mundo."
igreja,NOUN,96.7%,PROPN | appos,0.5%,"['pai', 'jesus', 'nicolas', 'comunidade', 'square', 'amém', 'cristã', 'jair', 'videira', 'pastor']",86.7%,"E por causa dessa, essa menina, essa mulher, eu eu vim para o Brasil na primeira vez em 2001 e eu conheci a um pastor- dela é obra que estava começando naquela época- que é a igreja Videira, Pastor Luís da Silva, que muitas pessoas conhecem, e nós falamos uma expressão em inglês- até hoje não sei como traduzir, mas eu, pastor Luís, nós we got on like a house on fire."
igreja,NOUN,96.7%,SCONJ | mark,0.4%,"['que', 'se', 'porque', 'para', 'de']",100.0%,"E é meu preocupação, sendo sincera, é essa de que o erro sempre tá com a igreja, com os cristãos que estão, digamos assim, julgando o Justin Bieber, mas nunca está com cara que cometeu o erro, como por exemplo ele que abriu uma empresa de maconha sendo que ele tá ministrando uma referência aí é para a juventude."
igreja,NOUN,96.7%,PROPN | ROOT,0.4%,"['breno', 'aviva', 'jesus', 'amém', 'parabéns', 'copacabana', 'dutra', 'cn', 'amor', 'igreja']",100.0%,Amém pela igreja passageira e aquele senhor que está perto de voltar.
igreja,NOUN,96.7%,VERB | parataxis,0.3%,"['olha', 'ia', 'chama', 'parar', 'oramos', 'cresce', 'educa']",100.0%,"Ele orava, ia para igreja, e os seus pareciam fechados de bronze, nada acontecia, voltava para sua casa, né?"
igreja,NOUN,96.7%,VERB | csubj,0.3%,"['digo', 'fazer', 'tenha', 'governa', 'alertar', 'segurar', 'tinha', 'atacar', 'tive']",100.0%,"Porque eu preciso alertar a igreja de que, quando você não se envolve com isso — não tô pedindo para você ser político, sempre tô pedindo para você ter uma noção do que tá acontecendo — quando você ignora essa parte, fala: ""não, nós temos que somente fazer isso, aquilo""."
igreja,NOUN,96.7%,ADJ | acl:relcl,0.3%,"['reunida', 'grande', 'transformadora', 'liga', 'conhecida', 'relevantes', 'triunfante', 'clésia']",100.0%,"Pai, que é onde a gente me matou a podridão, a corrupção, a miséria ou a roubalheira, que onde chega Ram na presença, ou se o que o senhor levante a igreja brasileira como uma igreja viva, como uma igreja que é salvo fora do Salgueiro, Como uma igreja que é clésia, que foi chamada para fora, como uma igreja que faz a diferença, Senhor na sua cidade, no seu bairro, o senhor na sua nação."
igreja,NOUN,96.7%,PRON | nmod,0.2%,"['dele', 'dela', 'nós', 'onde']",100.0%,"Então, assim é algo impressionante- 18 horas e amanhã, para quem é de BH e região que possa comparecer presencialmente, nós estaremos na Rua Capim Branco 83, Vista Alegre, BH, onde eu nasci, onde eu cresci, onde é a minha igreja, Comunidade Evangélica graça e paz."
igreja,NOUN,96.7%,PROPN | conj,0.2%,"['church', 'texas', 'templo', 'pai', 'você', 'grande-', 'brasil']",100.0%,"Ó Deus, o homem sabe Deus desconhecidos, ó pai, mas que a tua mão está ali todo domingo, fortalecendo, fazendo com que aquela igreja Deus, pequena, gigantesca ou grande- eu estava dando aquela igreja que tem 12 ali pessoas, mas o teu espírito santo tá ali."
igreja,NOUN,96.7%,VERB | cop,0.2%,"['tá', 'é', 'eh', 'seja']",100.0%,"E é meu preocupação, sendo sincera, é essa de que o erro sempre tá com a igreja, com os cristãos que estão, digamos assim, julgando o Justin Bieber, mas nunca está com cara que cometeu o erro, como por exemplo ele que abriu uma empresa de maconha sendo que ele tá ministrando uma referência aí é para a juventude."
igreja,NOUN,96.7%,NOUN | amod,0.2%,"['saia', 'irmão', 'nível', 'mundo', 'oração', 'seguinte']",100.0%,"E aqui tem uma da igreja que muitas vezes terceirização, porque nós entregamos para os ministérios de oração da igreja oração e de vez em quando a gente faz orações espontâneas, mas a Bíblia nunca nos falou sobre isso."
igreja,NOUN,96.7%,NOUN | dep,0.2%,"['quantidade', 'filhos', 'calor', 'chegada', 'convencimento', 'mundo']",100.0%,"Se a igreja evangélica, principalmente, eh, deixar com que o mundo entre na igreja, já era."
igreja,NOUN,96.7%,ADJ | ROOT,0.2%,"['hospital', 'relevante', 'animal', 'introduzida', 'contida']",100.0%,"A igreja é hospital, aí o cara se interna para entrar em coma, aí fica entubado na igreja, nunca cresce, nunca avança, nunca santifica, por isso nunca ora."
igreja,NOUN,96.7%,ADV | ROOT,0.2%,"['dentro', 'ali', 'aqui']",100.0%,"Eu sou dentro da igreja, o meu negócio é intercessão."
igreja,NOUN,96.7%,NOUN | parataxis,0.2%,"['timento', 'hospital', 'resgate', 'liderança', 'armas']",100.0%,"Nicolas, o que a gente mais precisa hoje é um timento dos líderes, sejam homens, pais de família, sejam pastores, líderes de Ministérios, paraa gente ter uma convergência pela nação brasileira e a gente precisa ter uma maturidade eh entre igrejas pentecostais tradicionais, porque a gente é corpo de Cristo antes de mais nada."
igreja,NOUN,96.7%,AUX | ROOT,0.2%,"['fui', 'foi', 'vai', 'vou', 'está']",100.0%,"Eu já fui na igreja, ah, orei hoje, não."
igreja,NOUN,96.7%,NOUN | xcomp,0.2%,"['aluguel', 'senhor', 'reação', 'coisas', 'defensor']",100.0%,"Eu... eu creio, eu creio, profetizo, declaro em nome de Jesus que os próximos anos vão ser marcados, Jesus, não por uma reação da igreja, mas por um posicionamento da Igreja."
igreja,NOUN,96.7%,ADV | conj,0.1%,"['fora', 'dentro']",100.0%,"Não interessa se você tá na igreja, atuando dentro da igreja ou fora da igreja, é tão Santo quanto né."
igreja,NOUN,96.7%,CCONJ | punct,0.1%,['né'],100.0%,"Aqui é uma igreja gigante lotada e glória a Deus, né pela internet."
igreja,NOUN,96.7%,ADJ | conj,0.1%,"['presente', 'confortável', 'imparável', 'assustada']",100.0%,"Essa proposta que estão te fazendo para você assumir essa igreja, então uma igreja muito estruturada e tá muito confortável, com salário, com todas as regalias, já entrando com 27 anos de idade para me tornar um pastor, sendo de uma igreja muito estruturada."
igreja,NOUN,96.7%,ADV | case,0.1%,"['como', 'até', 'diante']",100.0%,"de fato vai sobrar até para igreja né, porque muitas coisas dentro da nossa própria igreja tem sido, temos, temos envergonhado né o nome do senhor né, com tantos escândalos e vergonhas que a gente tem feito."
igreja,NOUN,96.7%,NOUN | advcl,0.1%,"['olho', 'moralistas', 'pastor']",100.0%,"Então, quando eu olho hoje para igreja evangélica, para igrejas mais tradicionais, como uma própria Deus e amor, até algumas outras que a gente viu aí, a gente vê essas extremidades, cara."
igreja,NOUN,96.7%,ADJ | ccomp,0.1%,"['fundamental', 'lotado', 'perigoso', 'introduzida']",100.0%,"Então assim, ó: a gente precisa sim cada vez mais se unir no que é fundamental mesmo, discordando do que não é fundamental, como igreja, entre os irmãos, porque, cara, um tempo difícil começou."
igreja,NOUN,96.7%,ADV | ccomp,0.1%,"['aqui', 'dentro']",100.0%,"Tem gente que acha que somente talvez dentro da própria igreja, ou fazendo ali, digamos, as tarefas, né, eclesiásticas, que você está adorando ao Senhor."
igreja,NOUN,96.7%,NUM | nmod,0.1%,"['000', '2013', 'uma']",100.0%,"Lembro de uma igreja com 4 000 e mais de 4000 pessoas é muita gente, então aqui de fato são muitos corações e óbvio, né"
igreja,NOUN,96.7%,PRON | ROOT,0.1%,"['isso', 'nós', 'essa']",100.0%,"E é meu preocupação, sendo sincera, é essa de que o erro sempre tá com a igreja, com os cristãos que estão, digamos assim, julgando o Justin Bieber, mas nunca está com cara que cometeu o erro, como por exemplo ele que abriu uma empresa de maconha sendo que ele tá ministrando uma referência aí é para a juventude."
igreja,NOUN,96.7%,INTJ | ROOT,0.1%,"['né', 'olha']",100.0%,"Né pelo, a Igreja Católica pela teologia da libertação, a igreja evangélica pela Teologia da prosperidade atual, hoje, teologia coaching ou o liberalismo teológico, né a lá, pastores da chopp, como você bem defendeu em sua as suas últimas falas ali."
igreja,NOUN,96.7%,PROPN | nsubj,0.1%,"['né', 'deus', 'europa']",100.0%,"Né que eu sou coreano, é a maior igreja né do mundo é lá, e a quarta dimensões fala Exatamente isso da história de um né dele, onde ele pede três coisas específicas para Deus, que é uma escrivaninha, uma bicicleta e uma outra coisa que eu esqueci."
igreja,NOUN,96.7%,PRON | appos,0.1%,"['ela', 'o']",100.0%,"Então eu faço parte desse um pouco chamado igreja e, sabendo que a igreja, ela, é um corpo, eu chamei Que várias pessoas que contribuíram, né com funções diferentes, com palavras diferentes, né com uns são né diferente para e todos, né do mesmo espírito, para poder contribuir aqui com você, para poder abençoar sua vida, para poder abençoar essa nação."
igreja,NOUN,96.7%,DET | amod,0.1%,"['própria', 'todo']",100.0%,"Então, assim como vocês disse, você não precisa entrar em debates em fundados, Mas quando for se colocar em debates, você precisa compreender que ali tá um momento de você ganhar uma pessoa porque, afinal de contas, né você tem diversos Ídolos históricos sendo propagados para as pessoas, né pessoas que mataram, pessoas que foram homicidas, pessoas que foram ditadores, foram perseguiram, Inclusive a própria igreja, e por um outro lado, nós temos uma história da igreja de pessoas que de fato fizeram coisas assim e eh, eh, extraordinárias pra humanidade, que não são reconhecidas."
igreja,NOUN,96.7%,VERB | dep,0.1%,['há'],100.0%,Nós cremos ó Deus que há um sentimento de unidade na tua igreja
igreja,NOUN,96.7%,CCONJ | flat:name,0.1%,['e'],100.0%,"Muito obrigado por esse dia, pela vida do Nícolas, do pastor Edésio, da Igreja Graça e Paz das igrejas que estão aqui representadas nessa Live, dos amigos de várias religiões."
igreja,NOUN,96.7%,PRON | conj,0.1%,"['você', 'isso']",100.0%,"Que são mais de 40 anos jejuando pela nação, com a igreja local e com outras igrejas que já jejuam, e agora com você nesse movimento profético."
igreja,NOUN,96.7%,ADV | cc,0.1%,"['além', 'tanto']",100.0%,"A gente percebe que além obviamente da igreja né e os cristãos que fazem um trabalho de rua social e gigantesco, a esquerda se apropria da palavra social para poder de fato colocar as suas ongu né para poder fazer ali toda sua agenda de esquerda."
igreja,NOUN,96.7%,ADV | acl:relcl,0.1%,"['dentro', 'mais']",100.0%,Tá muito espaço que estão dentro da igreja.
igreja,NOUN,96.7%,PRON | obj,0.1%,"['nada', 'ele']",100.0%,"Então a gente não pode ficar deixando chamar os meninos aos 16, 17, 18 anos de idade, falar não, quando eles forem de maior, quando eles forem de maior, não vão querer saber mais nada da igreja."
igreja,NOUN,96.7%,PRON | acl:relcl,0.1%,"['eu', 'essa']",100.0%,"""eu era o Breno da igreja, a igreja do bairro que foi eu que abri""."
igreja,NOUN,96.7%,PRON | obl,0.1%,"['nós', 'ele']",100.0%,"Então nossa casa tem uma gratidão mesmo com aquilo que Deus está fazendo na sua vida, e isso é importante para o nosso país, é importante para nós como Igreja Evangélica."
igreja,NOUN,96.7%,ADJ | flat:name,0.1%,['católica'],100.0%,"Né pelo, a Igreja Católica pela teologia da libertação, a igreja evangélica pela Teologia da prosperidade atual, hoje, teologia coaching ou o liberalismo teológico, né a lá, pastores da chopp, como você bem defendeu em sua as suas últimas falas ali."
igreja,NOUN,96.7%,ADJ | acl,0.1%,"['estruturada', 'lear']",100.0%,"Eu tava para assumir uma igreja americana bem estruturada, eu tava já meio que encaminhado para também tocar no resto da minha vida por lá, e o Espírito Santo me confrontou no momento de oração."
igreja,NOUN,96.7%,VERB | nsubj,0.1%,"['toma', 'gritando']",100.0%,"Toma cuidado, né, com o pastor que utiliza, né, da igreja, de púlpito, é para, para políticos."
igreja,NOUN,96.7%,NOUN | nsubj:pass,0.1%,"['portas', 'cristianismo']",100.0%,"Gente, sabe que jamais, né, as portas da igreja é vão ser derrubados pelo inferno porque a gente realmente tem alguém que sustenta tudo isso que é Cristo e nada pode detê-lo."
igreja,NOUN,96.7%,VERB | amod,0.1%,"['chamado', 'apaixonada']",100.0%,"Então eu faço parte desse um pouco chamado igreja e, sabendo que a igreja, ela, é um corpo, eu chamei Que várias pessoas que contribuíram, né com funções diferentes, com palavras diferentes, né com uns são né diferente para e todos, né do mesmo espírito, para poder contribuir aqui com você, para poder abençoar sua vida, para poder abençoar essa nação."
igreja,NOUN,96.7%,PROPN | amod,0.0%,['pentecostais'],100.0%,E essa igreja vem te acolhe e te apresenta um projeto que esse é que a grande questão das igrejas não Pentecostais.
igreja,NOUN,96.7%,PROPN | csubj,0.0%,['rua'],100.0%,"Então, assim é algo impressionante- 18 horas e amanhã, para quem é de BH e região que possa comparecer presencialmente, nós estaremos na Rua Capim Branco 83, Vista Alegre, BH, onde eu nasci, onde eu cresci, onde é a minha igreja, Comunidade Evangélica graça e paz."
igreja,NOUN,96.7%,PRON | advcl,0.0%,['todos'],100.0%,"Então nós vamos abrir as portas da nossa igreja para você que está aí, né nesse, nesse mesmo propósito, e nós vamos colocar amanhã a Bola de Neve e depois iremos descer, estaremos ali com todos, ali na igreja, e nós vamos orar por cada estado, é desse, desse país."
igreja,NOUN,96.7%,NUM | nummod,0.0%,['13'],100.0%,"Deus é Amor na extensão que nós temos hoje como uma igreja nível mundo de 80 países, então 13 mil igrejas no Brasil."
igreja,NOUN,96.7%,PROPN | obl,0.0%,['música'],100.0%,"Eu me lembro, expulso da igreja, [Música] uma igreja, as pessoas não estavam entendendo muito bem, a minha vida tava começando e passou, me mandou embora, e eu tava meio perdido assim, né, sem saber para onde."
igreja,NOUN,96.7%,ADJ | xcomp,0.0%,['entubado'],100.0%,"A igreja é hospital, aí o cara se interna para entrar em coma, aí fica entubado na igreja, nunca cresce, nunca avança, nunca santifica, por isso nunca ora."
igreja,NOUN,96.7%,SCONJ | ROOT,0.0%,['viu'],100.0%,Viu a nossa igreja daqui.
igreja,NOUN,96.7%,NOUN | iobj,0.0%,['benção'],100.0%,Ele vai te dar graça para você ser uma benção na sua igreja.
igreja,NOUN,96.7%,ADV | mark,0.0%,['assim'],100.0%,"E aí eu contei toda a história para ele e assim, isso mudou toda a nossa história, assim como igreja."
igreja,NOUN,96.7%,VERB | obl,0.0%,['partir'],100.0%,"Levanta uma geração para não a partir da nossa nação, a partir das nossas igrejas."
igreja,NOUN,96.7%,ADV | amod,0.0%,['quebrante'],100.0%,"Eu oro para que a tua igreja quebrante, Jesus."
igreja,NOUN,96.7%,PRON | case,0.0%,['do'],100.0%,"Né você, como a carreira crescendo, ganhando dinheiro, de repente recomeçar porque dentro do da Igreja Católica, enfim da música católica, não nos conhecidos do zero."
igreja,NOUN,96.7%,AUX | conj,0.0%,['é'],100.0%,"E boa parte desses homens, mulheres, depois de 300 anos fugindo e congregando em igrejas clandestinas, em pequenas células, já somavam 280 mil pessoas na Europa, é, em igreja, durante 300 anos antes de Lutero."
igreja,NOUN,96.7%,SCONJ | case,0.0%,['para'],100.0%,"é sempre uma mãe, é sempre uma avó né que tá ali orando, que tem um depósito de oração, que leva os filhos para, para a igreja."
igreja,NOUN,96.7%,CCONJ | dep,0.0%,['né'],100.0%,"Hoje nós temos dois convidados: que o pastor Marcos Sales, que é daquela música, né, a igreja, né?"
igreja,NOUN,96.7%,AUX | aux,0.0%,['tem'],100.0%,"Então, e a igreja sempre tem que ser nós, nós não podemos nos ficar lá."
igreja,NOUN,96.7%,AUX | acl:relcl,0.0%,['ia'],100.0%,"Só que ele é um cara meio Rebelde, era uma pessoa que ia na igreja, mas depois saía antes do apelo ali, né."
igreja,NOUN,96.7%,VERB | aux,0.0%,['tá'],100.0%,"E assim, o que que a igreja tá de fato formando para poder influenciar o mundo?"
igreja,NOUN,96.7%,NUM | nsubj,0.0%,['um'],100.0%,"E a igreja, né, é um, é um local de influência, né, querendo ou não."
igreja,NOUN,96.7%,CCONJ | parataxis,0.0%,['né'],100.0%,"É a igreja católica, juntamente com a igreja, né, evangélica, cristã em geral, construiu a civilização ocidental."
igreja,NOUN,96.7%,NOUN | flat:name,0.0%,['paz'],100.0%,"A fiz uma campanha limpa, uma campanha digna, sem utilizar dinheiro público, com amigos, família, com apoio do maior movimento conservador de Minas Gerais, direita Minas, o nosso Presidente, Jair Messias bolsonaro da Igreja Graça e paz."
igreja,NOUN,96.7%,PRON | amod,0.0%,['dele'],100.0%,"Igreja dele de questão, dia de como é que fala de doutrina."
igreja,NOUN,96.7%,DET | appos,0.0%,['aqueles'],100.0%,"Mas isto é pra igreja que um dia experimentou a salvação, aqueles que experimentaram a salvação, o calor do Espírito Santo, a chegada do Espírito Santo, o convencimento do pecado, da justiça e do juízo pelo Espírito Santo e que por algum momento se esfriaram na fé e vão permitir que a Santificação vai se esvair e a iniquidade aumentando dentro de suas vidas."
igreja,NOUN,96.7%,NUM | obj,0.0%,['uma'],100.0%,"E aqui tem uma da igreja que muitas vezes terceirização, porque nós entregamos para os ministérios de oração da igreja oração e de vez em quando a gente faz orações espontâneas, mas a Bíblia nunca nos falou sobre isso."
igreja,NOUN,96.7%,ADJ | nmod,0.0%,['primeiro'],100.0%,"Né a igreja vai ficar assustada com nada, com nada melhores momentos que a igreja, que a igreja avançou nos piores momentos, aos olhos naturais, foi o governo de Roma para igreja do primeiro, segundo século ali foram coisas terríveis ali para igreja."
igreja,NOUN,96.7%,CCONJ | ROOT,0.0%,['né'],100.0%,"As igrejas hoje, né, grande parte das igrejas têm tantas distrações, tantas coisas que eu fico imaginando."
igreja,NOUN,96.7%,NUM | appos,0.0%,['5'],100.0%,"Inclusive era, meu pai saiu junto comigo de casa, inclusive, porque 5 horas da manhã tem oração na nossa igreja, 5 da manhã até a festa, um período de cinco a seis, depois seis a sete."
igreja,NOUN,96.7%,SCONJ | dep,0.0%,['que'],100.0%,"Deus fiéis orem pelos seus pastores e que Deus, o corpo do Senhor, e nós estamos aqui pedindo isso- fortalece o corpo a Deus que a nós, que a tua igreja."
igreja,NOUN,96.7%,PROPN | advcl,0.0%,['cristã'],100.0%,"Mas nós não olhamos eles porque nós acreditamos que um Paulo que era perseguidor da igreja e se tornou defensor maior da igreja, doando a sua vida, sofrendo, sendo espancado na sua entrada, perseguido a apedrejado, passando por naufrágio, prisões por causa da igreja, nós acreditamos- e o que foi na vida de Paulo pode acontecer na vida de um deputado, de um senador, de um ministro, de um líder do Judiciário- que hoje a igreja foi Cristã."
igreja,NOUN,96.7%,ADP | amod,0.0%,['nessa'],100.0%,Você consegue distanciar as pessoas igual essa quarentena presente para fazer eu tô até mesmo as igrejas nessa.
senhor,NOUN,54.2%,DET | det,18.4%,"['o', 'os', 'nosso', 'meus', 'meu', 'do', 'um', 'seu', 'esse', 'a']",99.4%,"Oramos pedindo pelo teu perdão e declaramos que o tempo de refrigério virá, o coração dessa nação, virá a alma dessa nação, porque nós declararemos, como alguém declarou há pouco nessa Live, que teve um encontro com o Senhor Jesus."
senhor,NOUN,54.2%,PUNCT | punct,17.5%,"[',', '.', '?', '“', ':', ';', '""', ""'"", '”', 'né']",99.9%,"O senhor está procurando almas e nós aqui, que somos teus filhos, que acreditamos no teu poder, na tua graça, na tua misericórdia, no teu cuidado, nós queremos, senhor, estar aqui, sim, ajudando a construir os muros de Jerusalém, para que o templo senhor, onde o senhor vai ser adorado, senhor, seja novamente senhor, reconstruído nos nossos corações, porque o Senhor é o chefe das nossas vidas."
senhor,NOUN,54.2%,VERB | ROOT,10.7%,"['tem', 'possa', 'sabe', 'venha', 'oramos', 'disse', 'falou', 'diz', 'quero', 'traga']",21.9%,"O senhor está procurando almas e nós aqui, que somos teus filhos, que acreditamos no teu poder, na tua graça, na tua misericórdia, no teu cuidado, nós queremos, senhor, estar aqui, sim, ajudando a construir os muros de Jerusalém, para que o templo senhor, onde o senhor vai ser adorado, senhor, seja novamente senhor, reconstruído nos nossos corações, porque o Senhor é o chefe das nossas vidas."
senhor,NOUN,54.2%,ADP | case,7.9%,"['do', 'ao', 'com', 'para', 'no', 'pelo', 'pro', 'perante', 'como', 'aos']",95.1%,"Oramos pedindo pelo teu perdão e declaramos que o tempo de refrigério virá, o coração dessa nação, virá a alma dessa nação, porque nós declararemos, como alguém declarou há pouco nessa Live, que teve um encontro com o Senhor Jesus."
senhor,NOUN,54.2%,VERB | acl:relcl,4.4%,"['tem', 'venha', 'possa', 'disse', 'fez', 'faz', 'feito', 'deu', 'diz', 'fazer']",25.1%,"Pai, dê-nos também uma visão Ampla, espiritual, para que não tenhamos inveja da promessa que o senhor entregou para, para alguém que nós possamos, ó Deus, é viver as tuas promessas como algo padronizado, como algo específico, como algo que o senhor está mandando para cada um de nós, afinal de contas."
senhor,NOUN,54.2%,NOUN | nmod,3.6%,"['presidente', 'nome', 'pai', 'exércitos', 'vida', 'nação', 'igreja', 'ministro', 'presença', 'dia']",44.5%,"Sim, senhor presidente, senhoras e senhores deputados, eu creio que nós iniciamos o trabalho dessa comissão e eu quero parabenizar a todos que aqui estão dando qu para que ela funcione, que é uma das mais importantes comissões da casa, com a afirmação de qual deve ser o seu desafio."
senhor,NOUN,54.2%,VERB | advcl,3.1%,"['disse', 'tem', 'pedindo', 'poder', 'venha', 'dê', 'abençoe', 'louvar', 'faça', 'falando']",17.8%,"Afinal de contas, quando você olha a sua contundência com relação ao dia 8- e de fato quem errou tem que ser punido, mas um cidadão comum brasileiro, ele pesquisa lá suas declarações, por exemplo no Twitter, né uma, uma, uma mídia que o senhor gosta de falar, e gostaria que o senhor prestasse atenção, porque eu prestei atenção no senhor."
senhor,NOUN,54.2%,NOUN | nsubj,2.5%,"['presidente', 'pai', 'palavra', 'deputados', 'senhor', 'nome', 'olhos', 'deputado', 'nação', 'mão']",59.7%,"Sim, senhor presidente, senhoras e senhores deputados, eu creio que nós iniciamos o trabalho dessa comissão e eu quero parabenizar a todos que aqui estão dando qu para que ela funcione, que é uma das mais importantes comissões da casa, com a afirmação de qual deve ser o seu desafio."
senhor,NOUN,54.2%,VERB | ccomp,2.4%,"['tem', 'possa', 'pode', 'venha', 'faça', 'disse', 'abençoe', 'diz', 'fez', 'quer']",28.0%,"Afinal de contas, quando você olha a sua contundência com relação ao dia 8- e de fato quem errou tem que ser punido, mas um cidadão comum brasileiro, ele pesquisa lá suas declarações, por exemplo no Twitter, né uma, uma, uma mídia que o senhor gosta de falar, e gostaria que o senhor prestasse atenção, porque eu prestei atenção no senhor."
senhor,NOUN,54.2%,VERB | conj,2.2%,"['tem', 'eh', 'disse', 'conhece', 'possa', 'venha', 'fazer', 'chamou', 'sei', 'falou']",19.4%,"a oração intencional no seguinte sentido de não que seja feita a tua vontade, mas a vontade do Senhor, porque muitos oram né com uma, com uma intenção, mas ora não colocando a vontade do senhor para o país, né e muitos oram para para algumas coisas que estão no coração, mas, como o senhor disse, né a ao momento que você vai falando, muitas das muitas vezes as pessoas guardam algumas coisas, não falam tudo pro Senhor, e ele é o único uniciente, né."
senhor,NOUN,54.2%,NOUN | obj,1.8%,"['palavra', 'nome', 'encontro', 'caminhos', 'alegria', 'relacionamento', 'glória', 'vida', 'voz', 'deputados']",24.0%,"a oração intencional no seguinte sentido de não que seja feita a tua vontade, mas a vontade do Senhor, porque muitos oram né com uma, com uma intenção, mas ora não colocando a vontade do senhor para o país, né e muitos oram para para algumas coisas que estão no coração, mas, como o senhor disse, né a ao momento que você vai falando, muitas das muitas vezes as pessoas guardam algumas coisas, não falam tudo pro Senhor, e ele é o único uniciente, né."
senhor,NOUN,54.2%,NOUN | ROOT,1.6%,"['pai', 'presidente', 'nome', 'palavra', 'senhor', 'paz', 'ministro', 'responsável', 'oração', 'deputado']",30.6%,"Que o Senhor nos leve sem para ter um envolvimento com cada pessoa, para, em nome de Jesus, que o Senhor nos neve- é esse nível pai- e que nós possamos não somente orar, nós somos pagar sua mais jejuar, Senhor, ai acima de tudo, depender do senhor, saber que o Senhor tem que nada podemos fazer."
senhor,NOUN,54.2%,PROPN | flat:name,1.6%,"['jesus', 'deus', 'ministro', 'pai', 'nicolas', 'cristo', 'miola', 'william', 'toque', 'salvador']",79.1%,"Oramos pedindo pelo teu perdão e declaramos que o tempo de refrigério virá, o coração dessa nação, virá a alma dessa nação, porque nós declararemos, como alguém declarou há pouco nessa Live, que teve um encontro com o Senhor Jesus."
senhor,NOUN,54.2%,NOUN | conj,1.4%,"['deputados', 'senhoras', 'pai', 'glória', 'senhor', 'salvador', 'senhores', 'expectativa', 'paz', 'graça']",38.5%,"Sim, senhor presidente, senhoras e senhores deputados, eu creio que nós iniciamos o trabalho dessa comissão e eu quero parabenizar a todos que aqui estão dando qu para que ela funcione, que é uma das mais importantes comissões da casa, com a afirmação de qual deve ser o seu desafio."
senhor,NOUN,54.2%,AUX | cop,1.2%,"['é', 'está', 'sendo', 'seja', 'estão', 'estar', 'eh', 'era', 'vai', 'tá']",95.7%,"O senhor está procurando almas e nós aqui, que somos teus filhos, que acreditamos no teu poder, na tua graça, na tua misericórdia, no teu cuidado, nós queremos, senhor, estar aqui, sim, ajudando a construir os muros de Jerusalém, para que o templo senhor, onde o senhor vai ser adorado, senhor, seja novamente senhor, reconstruído nos nossos corações, porque o Senhor é o chefe das nossas vidas."
senhor,NOUN,54.2%,ADV | advmod,1.2%,"['não', 'aqui', 'agora', 'então', 'somente', 'também', 'ali', 'aí', 'mais', 'perto']",67.2%,"O senhor está procurando almas e nós aqui, que somos teus filhos, que acreditamos no teu poder, na tua graça, na tua misericórdia, no teu cuidado, nós queremos, senhor, estar aqui, sim, ajudando a construir os muros de Jerusalém, para que o templo senhor, onde o senhor vai ser adorado, senhor, seja novamente senhor, reconstruído nos nossos corações, porque o Senhor é o chefe das nossas vidas."
senhor,NOUN,54.2%,NOUN | obl,1.2%,"['nome', 'palavra', 'coração', 'caminhos', 'presença', 'vontade', 'glória', 'frutos', 'maneira', 'braço']",36.6%,"Te peço, espírito santo, que o senhor tenha Liberdade aqui, entre nossos detalhes do nosso coração, pelo nosso pecado, pai, nossas falhas, para os nossos erros, e que o senhor, a única pessoa que a gente entrou liso nosso espírito, Agora seja com o senhor."
senhor,NOUN,54.2%,VERB | xcomp,1.1%,"['dizer', 'louvar', 'falar', 'fazer', 'colocar', 'lembrar', 'dar', 'clamar', 'ouvir', 'encontrar']",36.9%,"E, falando sobre intercessão, eu queria convidar esse povo, aqui agora, a orar conosco e entender, fazer os entender pelo Espírito de Deus, porque só ele pode nos levar esse entendimento de que, sim, a sua oração, irmãzinha, você aí, ó que tá aí do outro lado agora pensando Poxa, Camila, mas Deus vai ouvir a minha oração e ela foi uma oração de alguém que tem procurado né caminhar em retidão diante do Senhor."
senhor,NOUN,54.2%,VERB | parataxis,1.1%,"['quero', 'oro', 'pedimos', 'tem', 'pode', 'sei', 'peço', 'for', 'coloco', 'abençoando']",33.1%,"ó Deus, venha ser derramado a tua chuva, aquela chuva serôdia temporária, aquela que não está programada, tá fora de tempo, mas o senhor é o senhor de todos os tempos, o senhor pode todas as coisas."
senhor,NOUN,54.2%,PROPN | appos,1.0%,"['deus', 'jesus', 'senhor', 'ministro', 'brasil', 'flávio', 'música', 'pai', 'paulo', 'general']",61.2%,"fazer, senhor, que a gente estenda a mão para necessitado, aflito, senhor Deus, fazendos compreender as escrituras, fazendos compreender o grande trabalho que o senhor teve, senhor, de morrer, senhor, de morrer por nós, senhor, pobres pecadores."
senhor,NOUN,54.2%,VERB | acl,1.0%,"['obrigado', 'fazer', 'deputadas', 'obrigada', 'registrar', 'tentar', 'feito', 'clamar', 'perceber', 'vivendo']",50.0%,"O senhor está procurando almas e nós aqui, que somos teus filhos, que acreditamos no teu poder, na tua graça, na tua misericórdia, no teu cuidado, nós queremos, senhor, estar aqui, sim, ajudando a construir os muros de Jerusalém, para que o templo senhor, onde o senhor vai ser adorado, senhor, seja novamente senhor, reconstruído nos nossos corações, porque o Senhor é o chefe das nossas vidas."
senhor,NOUN,54.2%,NOUN | appos,1.0%,"['ministro', 'senhor', 'pai', 'deputado', 'presidente', 'povo', 'deputados', 'pessoas', 'homem', 'questão']",59.1%,"Te peço, espírito santo, que o senhor tenha Liberdade aqui, entre nossos detalhes do nosso coração, pelo nosso pecado, pai, nossas falhas, para os nossos erros, e que o senhor, a única pessoa que a gente entrou liso nosso espírito, Agora seja com o senhor."
senhor,NOUN,54.2%,NOUN | amod,0.8%,"['presidente', 'pai', 'ministro', 'deputado', 'senhoras', 'honra', 'só', 'casal', 'luz', 'congressistas']",92.5%,"Obrigado, senhor presidente."
senhor,NOUN,54.2%,PROPN | ROOT,0.8%,"['guarda', 'abençoa', 'deus', 'levanta', 'pai', 'senhor', 'restaura', 'obrigada', 'restaure', 'oi']",56.7%,"Abençoa, Senhor, aquele homem, aquela mulher que está, Senhor, aleluia, Senhor, quem sabe sentado, Senhor, em um lugar agora, pedindo, Pai, que o Senhor abençoe, Senhor, os homens, Senhor, poderosos da nossa nação."
senhor,NOUN,54.2%,ADJ | amod,0.6%,"['levante', 'poderoso', 'próprio', 'único', 'parlamentares', 'senhores', 'presente', 'tagir', 'presentes', 'igual']",39.7%,"Você segue, Continua trabalhando, continua arando, continua fazendo o que ele te amou para fazer, porque eu creio muito que na a nossa geração tem uma responsabilidade e essa responsabilidade é de manter o Senhor sendo o único Senhor do Brasil e aquele que, eh, eh, direciona a nossa nação de verdade, e Isso se traduz em todas as áreas da sociedade."
senhor,NOUN,54.2%,PROPN | nsubj,0.6%,"['deus', 'senhor', 'brasil', 'jesus', 'amém', 'grande', 'joelha', 'fim', 'sara', 'pai']",68.5%,"Deus, eu quero agora apresentar diante de ti, em primeiro lugar, o Donald trump, grande peso sobre ele, ó Deus, que guerra espiritual que tá sendo travada, mas nós queremos declarar a Deus que o Senhor é senhor da terra."
senhor,NOUN,54.2%,PROPN | nmod,0.6%,"['deus', 'brasil', 'senhores', 'jesus', 'exércitos', 'senhor', 'justiça', 'cunha', 'graça', 'live']",68.6%,"O senhor a Deus, através aqui, desses momentos, o senhor alcançou pessoas estavam perdidas, pessoas aceitaram o teu nome, meu Deus, como seus único salvador aqui nesses 21 dias, e eu consagro para esse momento."
senhor,NOUN,54.2%,ADJ | ROOT,0.6%,"['solto', 'importante', 'poderoso', 'conosco', 'preso', 'igual', 'claro', 'vitoriosos', 'calma', 'leviano']",47.8%,"Então, o senhor presidente, é claro que aqui não se aplica as normas de impedimento de suspensão, mas politicamente falando, nós temos que ter a consciência de que o relatório, o relatório da Senadora Lisiane Gama, está evaivado de uma grave suspensão."
senhor,NOUN,54.2%,CCONJ | cc,0.6%,"['e', 'mas', 'ou']",100.0%,"Sim, senhor presidente, senhoras e senhores deputados, eu creio que nós iniciamos o trabalho dessa comissão e eu quero parabenizar a todos que aqui estão dando qu para que ela funcione, que é uma das mais importantes comissões da casa, com a afirmação de qual deve ser o seu desafio."
senhor,NOUN,54.2%,PROPN | conj,0.6%,"['deus', 'senhor', 'salvador', 'tu', 'música', 'rei', 'sara', 'pai', 'mato', 'leão']",80.6%,"Agora, esse propósito de jejum e oração é para isso, Deus, nós nos rendemos a ti, nós declaramos que o senhor é o Deus dessa nação, que o senhor é o Deus do Brasil."
senhor,NOUN,54.2%,PRON | nsubj,0.4%,"['que', 'ele', 'isso', 'o', 'você', 'alguém', 'quem', 'eu', 'se', 'eles']",98.0%,"Que o Senhor nos leve sem para ter um envolvimento com cada pessoa, para, em nome de Jesus, que o Senhor nos neve- é esse nível pai- e que nós possamos não somente orar, nós somos pagar sua mais jejuar, Senhor, ai acima de tudo, depender do senhor, saber que o Senhor tem que nada podemos fazer."
senhor,NOUN,54.2%,SCONJ | mark,0.4%,"['que', 'porque', 'de', 'se', 'para']",100.0%,"O senhor está procurando almas e nós aqui, que somos teus filhos, que acreditamos no teu poder, na tua graça, na tua misericórdia, no teu cuidado, nós queremos, senhor, estar aqui, sim, ajudando a construir os muros de Jerusalém, para que o templo senhor, onde o senhor vai ser adorado, senhor, seja novamente senhor, reconstruído nos nossos corações, porque o Senhor é o chefe das nossas vidas."
senhor,NOUN,54.2%,NOUN | ccomp,0.3%,"['herança', 'senhor', 'personagem', 'golpe', 'plano', 'áudio', 'servo', 'terra', 'alcance', 'referência']",51.6%,"Pai Maranhão, senhor que já reuniu milhares de jovens para poder dizer que o senhor é o senhor dessa nação."
senhor,NOUN,54.2%,PRON | nmod,0.2%,"['mim', 'nós', 'aqueles', 'tudo', 'ti', 'ele', 'da', 'isso', 'pelo', 'ninguém']",78.6%,"Eu tenho certeza que se preza a estar ali ao lado de uma pessoa que primeiro jamais honrou o Exército de Caxias, uma pessoa que vai frontalmente aos ideais do Brasil, que seja o senhor pelo que tenta colocar aqui para mim, como se né não pudesse me responder."
senhor,NOUN,54.2%,VERB | csubj,0.2%,"['dizer', 'faço', 'seguir', 'falei', 'retirar', 'esclareça', 'quer', 'parar', 'ler', 'tem']",38.5%,"Que o Senhor nos leve sem para ter um envolvimento com cada pessoa, para, em nome de Jesus, que o Senhor nos neve- é esse nível pai- e que nós possamos não somente orar, nós somos pagar sua mais jejuar, Senhor, ai acima de tudo, depender do senhor, saber que o Senhor tem que nada podemos fazer."
senhor,NOUN,54.2%,NOUN | parataxis,0.2%,"['vida', 'perdão', 'lugares', 'tempo', 'glória', 'nação', 'oração', 'profeta', 'jovens', 'guarda']",52.2%,"Pai, o senhor, pai, perdão quando não acreditamos, senhor, que nós poderíamos ser uma Peça, uma ferramenta de transformação no mundo."
senhor,NOUN,54.2%,ADJ | conj,0.2%,"['preciso', 'justo', 'único', 'autônomos', 'pecador', 'atento', 'gratos', 'digno', 'indigna', 'preocupado']",60.9%,"Senhor, e eu estou sendo muito sincero contigo aqui, ó pai, aos meus olhos, senhor, parece impossível, senhor, mas a tua palavra diz que não há nada impossível para o senhor a Deus, e eu peço agora, espírito santo, visita o coração do Ministro Alexandre de Moraes."
senhor,NOUN,54.2%,PRON | ROOT,0.2%,"['isso', 'aqueles', 'amém', 'tudo', 'ti', 'essa', 'muitos', 'quê', 'o', 'os']",95.0%,"Isso mesmo, senhores, aqueles que tanto nos acusaram sobre a BIM paralela, gabinete do ódio, tem um gabinete Zinho só dela e é uma coisa muito bem estruturada, senhores, tem níveis aí de acessores, tudo muito bem coordenado com o seu dinheiro."
senhor,NOUN,54.2%,NOUN | acl:relcl,0.2%,"['rei', 'levante', 'sujeito', 'filho', 'pecadores', 'coisas', 'olhos', 'temor', 'cidadão', 'anos']",63.2%,"Pai, não permita senhor que tenhamos senhor aquele sentimento de Vingança, Senhor tira todo o sentimento ruim sem o que está no nosso coração senhor, que possamos ter amor Ao Orar Senhor pelas autoridades da nossa nação."
senhor,NOUN,54.2%,ADV | ROOT,0.2%,"['aqui', 'acima', 'antes', 'próximo', 'louvar-te-ei', 'perto', 'primeiro', 'hoje', 'abaixo', 'claro']",100.0%,"O senhor está muito próximo, porque em segunda Timótio, a Bíblia fala né que no fim dos tempos vão ter pessoas egoístas, avarentas, presunçosos, né arrogantes, blasfemos, né mais amantes dos prazeres do que amigos de Deus, Ou seja, é tudo que nós estamos vendo hoje."
senhor,NOUN,54.2%,ADJ | ccomp,0.1%,"['conosco', 'bom', 'levante', 'federalista', 'arrependidos', 'todo-poderoso', 'parlamentares', 'terrorista', 'mentiroso', 'poderoso']",82.4%,"Eu creio que essa palavra, ela é muito atual aos nossos corações porque eu creio que Deus, ele chamando sua igreja, o seu povo, para um tempo de arrependimento, se nós declaramos que essa nação é majoritariamente cristã e temos visto tantas coisas contrárias à vontade do nosso Deus, eu creio que esse momento de nós estamos cada vez mais arrependidos perante o senhor e pedindo a ele que venha trazer tempos de refrigério, tem mistão, para Que Deus traga mais prova, para que ele fique mais firme do Senhor."
senhor,NOUN,54.2%,ADJ | parataxis,0.1%,"['difícil', 'diversas', 'inscrito', 'preciso', 'rapidinho', 'fácil', 'nervoso', 'reserva', 'impossível', 'possível']",73.3%,"Mas não é isso que a palavra diz: Que o senhor reserva as coisas que para o homem são sábias, para confundir, sabe, ele usa o mestre para confundir esse sábios."
senhor,NOUN,54.2%,NOUN | advcl,0.1%,"['livro', 'blinde', 'pastor', 'movimente', 'chefe', 'pedido', 'senhor', 'respeito', 'blinda', 'interesse']",80.0%,"O senhor está procurando almas e nós aqui, que somos teus filhos, que acreditamos no teu poder, na tua graça, na tua misericórdia, no teu cuidado, nós queremos, senhor, estar aqui, sim, ajudando a construir os muros de Jerusalém, para que o templo senhor, onde o senhor vai ser adorado, senhor, seja novamente senhor, reconstruído nos nossos corações, porque o Senhor é o chefe das nossas vidas."
senhor,NOUN,54.2%,PROPN | parataxis,0.1%,"['ó', 'senhor', 'deus', 'sara', 'tu', 'tomara', 'escuta']",100.0%,"Senhor Deus, eu agora, ó, agora, na forma injusta, de forma persecutória, pessoas, ó Deus, também que estão ali que erraram, Senhor."
senhor,NOUN,54.2%,ADJ | acl:relcl,0.1%,"['machucados', 'seguro', 'louvável', 'apontado', 'ansiosos', 'presente', 'parlamentar', 'certo', 'fiel', 'vivos']",78.6%,"E aqueles que estão, senhor, nessa Live hoje, ouvindo essa palavra, que os seus corações sejam cheios de esperança e fé, porque o Senhor está vindo sobre a nossa nação."
senhor,NOUN,54.2%,PROPN | obj,0.1%,"['te', 'alegria', 'anunci', 'bedin', 'ira', 'famílias', 'cara', 'força', 'deus', 'rodrigo']",78.6%,"Nós pedimos, senh, eu levante uma geração de testem, pastores e pregadores e Evangelistas que vão pregar o Evangelho do Senhor Jesus Cristo com ousadia e clareza;"
senhor,NOUN,54.2%,ADV | case,0.1%,"['diante', 'quanto', 'ali']",100.0%,"E, falando sobre intercessão, eu queria convidar esse povo, aqui agora, a orar conosco e entender, fazer os entender pelo Espírito de Deus, porque só ele pode nos levar esse entendimento de que, sim, a sua oração, irmãzinha, você aí, ó que tá aí do outro lado agora pensando Poxa, Camila, mas Deus vai ouvir a minha oração e ela foi uma oração de alguém que tem procurado né caminhar em retidão diante do Senhor."
senhor,NOUN,54.2%,NOUN | dep,0.1%,"['momento', 'projeto', 'ministério', 'paz', 'presença', 'compromisso', 'deputados', 'pergunta', 'bolsonaro', 'bondade']",83.3%,"Ou seja, vai estudar a história nesse momento aqui agora, senhor presidente, é um ótimo momento de mostrar que a esquerda, se possível, ela teria sim na época do regime militar colocado e feito uma ditadura aqui no Plitariado."
senhor,NOUN,54.2%,ADJ | advcl,0.1%,"['fiel', 'afundado', 'pedo', 'bom', 'próximo', 'necessário', 'firme', 'prostrados', 'prudente', 'silencioso']",100.0%,"Pedro é porque não chegou o vice-líder a delegação sua ainda, por isso que eu não coloquei, mas se o deputado Tarcísio ceder, eu posso passar porque o Senhor é o próximo."
senhor,NOUN,54.2%,PRON | conj,0.1%,"['você', 'aqueles', 'aquilo', 'aquele', 'nada', 'essa', 'isso', 'o', 'outros', 'eu']",100.0%,"Você segue, Continua trabalhando, continua arando, continua fazendo o que ele te amou para fazer, porque eu creio muito que na a nossa geração tem uma responsabilidade e essa responsabilidade é de manter o Senhor sendo o único Senhor do Brasil e aquele que, eh, eh, direciona a nossa nação de verdade, e Isso se traduz em todas as áreas da sociedade."
senhor,NOUN,54.2%,NOUN | flat:name,0.1%,"['presidente', 'ministro', 'intervenções', 'nome', 'delgatti', 'pai', 'termos', 'prefeito']",100.0%,"Pai sem nos aproximar de ti, Senhor termos comunhão e união com o senhor."
senhor,NOUN,54.2%,PROPN | obl,0.1%,"['amém', 'rei', 'pai', 'boa', 'deus', 'autoridade', 'brasil', 'brasília', 'graça', 'bahia']",90.9%,"Então Todos nós somos pecadores, mas, graças a Deus, o Senhor, ele morreu por mim, morreu por você para que a gente não tivesse mais né sobre a sob a condenação, né ali do pecado e você pudesse ter um outro caminho para poder ser curado, para poder você ser salvo, para poder, se você pagar um preço, na verdade, que ninguém outro conseguiria pagar a não ser Jesus, então, se a dívida tava muito alta, né de Pecados da humanidade inteira, Jesus foi lá e pagou com sangue dEle."
senhor,NOUN,54.2%,PRON | appos,0.1%,"['o', 'ele', 'naquilo', 'você', 'nós', 'aqueles']",100.0%,"E eu, você, eu, você justo com o Senhor e até com o presidente Lula, que tá incomodado."
senhor,NOUN,54.2%,INTJ | ROOT,0.1%,"['senhor', 'olha', 'tu', 'bom', 'ok', 'né']",100.0%,"Senhor, casamentos que estão por um fio, Senhor, o tanto que o inimigo tem atacado as famílias, senhor, todo Arsenal, Senhor do inferno, está apontado pra família querendo destruí-la de todas as formas, porque ela é Um fundamento."
senhor,NOUN,54.2%,NOUN | nsubj:pass,0.1%,"['nome', 'mão', 'resto', 'pergunta', 'projeto', 'opinião', 'câmeras', 'poder', 'vontade']",100.0%,"Acabei de ler aqui que a operação ainda está em andamento, o que quer dizer que ainda tem muito bandido para ser morto e que a mão do Senhor seja colocada em cima desses policiais e que não ocorra nenhum óbito."
senhor,NOUN,54.2%,PROPN | acl:relcl,0.1%,"['senhor', 'tu', 'eh', 'jó', 'trino', 'ira', 'live', 'brasil']",100.0%,"Pai, que estamos, senhor, nesse propósito de 21 dias, nós dizemos ao senhor que tu és o Deus poderoso, que tu és o leão da tribo de Judá."
senhor,NOUN,54.2%,NOUN | xcomp,0.1%,"['chamado', 'servos', 'luz', 'ministros', 'conosco', 'poder', 'firmes', 'presença', 'instrumentos']",100.0%,"Senhor, meu pai, que a gente possa ser cada dia mais bons ministros, senhor, bons mordomos, da palavra poderosa que o Senhor nos confiou, do Espírito Santo que ressuscitou o próprio Jesus dos mortos, que habita em nós."
senhor,NOUN,54.2%,PRON | flat:name,0.1%,"['ele', 'eu', 'ela', 'nós']",100.0%,"Então o Senhor Ele tá aqui também, e você não pode tratar isso aqui como um mero bate-papo, né?"
senhor,NOUN,54.2%,VERB | cop,0.1%,"['tá', 'sejamos', 'esteja', 'tava', 'é']",100.0%,"E aí não vou falar mais baixinho, que a gente é baixinho, né mais novo, o senhor tava mais novo e tava ministrando ali."
senhor,NOUN,54.2%,PROPN | ccomp,0.1%,"['deus', 'dê', 'catani', 'ore', 'és']",100.0%,"Senhor que o Senhor é Deus também, rapaz, da mesma forma como todo o Brasil."
senhor,NOUN,54.2%,ADP | det,0.1%,"['pro', 'ó', 'a', 'ao']",100.0%,Quantos irmãos irmãs já passaram aqui por este lugar e profetizaram ó Deus um novo tempo profetizar um novo momento para essa e de acordo com a tua palavra ministrada pelos a senhor os peados que temoso [Música]
senhor,NOUN,54.2%,AUX | ROOT,0.1%,"['vamos', 'estava', 'é', 'vou', 'estaremos', 'tem', 'estamos']",100.0%,"Então, senhores, nós não estamos é numa possível ditadura; nós estamos no começo de uma."
senhor,NOUN,54.2%,PRON | obl,0.1%,"['nós', 'você', 'isso', 'todos']",100.0%,"Por isso, Senhor, nós nos rasgamos aqui e intercedemos pela nossa nação e Oramos, Senhor, para que o mal não avance."
senhor,NOUN,54.2%,PRON | dep,0.1%,"['que', 'qu']",100.0%,"Senhor, que, em nome de Jesus, pautas aqui, ó Pai, que influenciam na vida diretamente de pessoas, o Senhor possa interferir."
senhor,NOUN,54.2%,ADJ | xcomp,0.1%,"['impossível', 'levante', 'firme', 'seletivo', 'completa']",100.0%,"Eu creio que essa palavra, ela é muito atual aos nossos corações porque eu creio que Deus, ele chamando sua igreja, o seu povo, para um tempo de arrependimento, se nós declaramos que essa nação é majoritariamente cristã e temos visto tantas coisas contrárias à vontade do nosso Deus, eu creio que esse momento de nós estamos cada vez mais arrependidos perante o senhor e pedindo a ele que venha trazer tempos de refrigério, tem mistão, para Que Deus traga mais prova, para que ele fique mais firme do Senhor."
senhor,NOUN,54.2%,VERB | aux,0.1%,"['tem', 'vai', 'tá']",100.0%,"A batalha não diminui a você que vai subindo de nível assim espiritual, você vai ficando mais rasudo, sabe, Deus vai te dando mais graça, graças sobre graça, e o Senhor tem me dado graça para suportar dores de hoje."
senhor,NOUN,54.2%,PROPN | amod,0.1%,"['guarde', 'paraa', 'ob', 'vilchez', 'maduro']",100.0%,"Que o senhor Guarde a tua entrada, que o senhor Guarde a tua saída e que o Senhor possa cegar os teus adversários, como cegou no capítulo 19 de Gênesis, quando disse:"
senhor,NOUN,54.2%,PRON | parataxis,0.0%,"['eu', 'esse', 'isso', 'tudo', 'ti']",100.0%,"Senhor, a nossa entrada, a nossa saída, senhor, tudo que nós vamos fazer, que esteja respaldado em ti."
senhor,NOUN,54.2%,ADJ | acl,0.0%,"['obrigada', 'conectados', 'preocupado']",100.0%,"Muito obrigada, senhor presidente."
senhor,NOUN,54.2%,NOUN | obl:agent,0.0%,"['mão', 'sangue', 'graça']",100.0%,"Meu pai, é minha oração a Deus, humilde, sincera do meu coração, Deus, alguém que foi alcançado pela tua misericórdia, alguém foi alcançado pela tua graça, senhor."
senhor,NOUN,54.2%,INTJ | punct,0.0%,['né'],100.0%,"Então ele é o Senhor, que ele dá ordens, ele expulsa, né?"
senhor,NOUN,54.2%,PRON | det,0.0%,"['que', 'aquele', 'aqueles', 'essa']",100.0%,"Aquele, aquele que está nessa live agora, Senhor, pedindo, Senhor, com o celular na mão, ou quem sabe com o notebook aberto, Senhor, que está ao alcance, Senhor, dessa live agora: cura ele, cura ela agora, Senhor."
senhor,NOUN,54.2%,ADV | acl:relcl,0.0%,"['aqui', 'perto']",100.0%,"Isso aqui são as palavras do Senhor que está aqui ao outro lado pedindo clemência porque tirou um rapaz aqui a pontapés por provocações, coisas que todos nós enfrentamos aqui diariamente."
senhor,NOUN,54.2%,PROPN | advcl,0.0%,"['senhor', 'deus']",100.0%,"Muito obrigado, senhor, que o senhor esteja visitando cada um aqui, senhor, com o renovo, porque o Senhor é o Deus do Renovo, que renova a nossa fé, o nosso amor e a nossa esperança."
senhor,NOUN,54.2%,VERB | dep,0.0%,"['eh', 'colocar', 'louvo', 'ter']",100.0%,"Que ele possa discernir pessoas, que ele possa ler ambientes, que ele possa perceber atmosferas, e que ele possa, Senhor, ter dons espirituais em afinamento com as frequências mais elevadas dos céus."
senhor,NOUN,54.2%,VERB | amod,0.0%,"['recompense', 'dá', 'vier']",100.0%,"Senhor, mesmo os lugares escuros e obscuros o Senhor vier de proteção."
senhor,NOUN,54.2%,INTJ | parataxis,0.0%,"['ah', 'ó']",100.0%,"Senhor Deus, eu agora, ó, agora, na forma injusta, de forma persecutória, pessoas, ó Deus, também que estão ali que erraram, Senhor."
senhor,NOUN,54.2%,INTJ | advmod,0.0%,"['ah', 'senhor']",100.0%,"Aquele que está com os olhos fechados, que está clamando a ti agora, Senhor, ah, Espírito Santo de Deus, conforta o coração agora."
senhor,NOUN,54.2%,AUX | ccomp,0.0%,"['é', 'vamos']",100.0%,"Então eu quero dizer para você é que o Senhor, né, Deus Pai, que ele é o seu Pai, ele não te chama aí de colega, não te chama aí é de uma pessoa desconhecida, mas ele chama você de filho."
senhor,NOUN,54.2%,PROPN | dep,0.0%,"['filha', 'daniel', 'ó', 'emano']",100.0%,"Senhor meu pai, nós invocamos, Senhor Jesus, o teu nome aqui essa noite, o nome que está acima de todos os nomes, o poder que emano do teu Trono da graça e de justiça."
senhor,NOUN,54.2%,DET | flat:name,0.0%,"['nosso', 'cada', 'meu']",100.0%,Então nesse momento agora pai nós adoramos a Deus para o estado do Acre senhor que tem ali o governador clássico pai alcança aquela família senhor alcança os meus filhos dele meu pai alcance o Senhor cada um que está ali nesse momento
senhor,NOUN,54.2%,DET | ROOT,0.0%,"['sua', 'seu', 'cada']",100.0%,"O, sobre todo, sobre todo nome é o seu, Senhor."
senhor,NOUN,54.2%,CCONJ | punct,0.0%,['né'],100.0%,"Muito obrigado, senhor presidente, né, e subscrição então desses requerimentos."
senhor,NOUN,54.2%,PRON | mark,0.0%,['que'],100.0%,"Foi: Deus, se for necessário eu sofrer para cumprir o propósito que o senhor, fasso isso."
senhor,NOUN,54.2%,ADJ | appos,0.0%,"['bom', 'engraçado', 'condena']",100.0%,"O senhor Opa, boa tarde, bom, bom, Aqui meus."
senhor,NOUN,54.2%,INTJ | nsubj,0.0%,"['senhor', 'ó']",100.0%,"Senhor, senhoras e senhores, por gentileza, nós estamos aqui na comissão educação e a gente precisa de um silêncio mínimo pra gente dar prosseguimento."
senhor,NOUN,54.2%,SCONJ | cop,0.0%,['és'],100.0%,"E que essa nação reconheça que tu és Deus e que tu és o senhor, no nome Santo de Jesus."
senhor,NOUN,54.2%,AUX | aux,0.0%,"['vai', 'vou']",100.0%,E foi uma acusação gravíssima que o senhor fez e o senhor vai ter provar caso contrário acadêmico que o senhor vai estar só.
senhor,NOUN,54.2%,NUM | nmod,0.0%,"['100', '60', '12']",100.0%,"E nós Oramos agora por esses frutos Sobrenaturais, Senhor, por esses frutos de 100 por um e de 60 por um senhor que, assim como o ministério que o senhor confiou ao ncolas aqui, que é um ministério que se multiplica na proporção do seu Sobrenatural, Senhor, eu oro por essa geração agora de jovens, que eles tenham Ministérios que se multiplicam na sua proporção sobre Sobrenatural, que nós façamos um e o senhor recompense com 100, que nós façamos 10 e o senhor recompense com 60, pois o Senhor multiplica de maneira Sobrenatural."
senhor,NOUN,54.2%,ADJ | flat:name,0.0%,"['mesmo', 'altíssimo', 'onipotente']",100.0%,"Quando a gente orar pedindo para o senhor é, muda essa nação, porque o Senhor onipotente."
senhor,NOUN,54.2%,PRON | ccomp,0.0%,"['tudo', 'numa', 'conosco']",100.0%,"Eu te peço, espírito santo, que o senhor esteja aqui conosco."
senhor,NOUN,54.2%,VERB | discourse,0.0%,"['eh', 'é']",100.0%,"Não estou dizendo políticas, que a gente possa ter vitórias espirituais, que o Senhor, eh, consiga, sabe, ressuscitar sonhos, acalentar corações."
senhor,NOUN,54.2%,SCONJ | det,0.0%,['que'],100.0%,"E, senhor, eu oro pela salvação de Norte ao sul, do Leste a oeste, senhor, salvação, e que senhor a glória do Senhor cubra a Terra Brasileira como as águas cobrem o mar, para honra e glória do teu nome em Cristo Jesus."
senhor,NOUN,54.2%,AUX | conj,0.0%,"['vou', 'tenho', 'foi']",100.0%,é senhor eu sou argila nas suas mãos tu és o oleiro eu não tenho querer o querer é teu eu quero fazer o que Deus quer e querer o que Deus faz Eis Aqui o teu servo
senhor,NOUN,54.2%,SCONJ | ROOT,0.0%,"['és', 'que']",100.0%,"Consolo e abrigo, força e refúgio és, Senhor."
senhor,NOUN,54.2%,ADJ | nsubj,0.0%,"['grande', 'eh', 'senhores']",100.0%,S por gentileza a todos por favor presidente senhores senhores senhores senhores por gentileza a todos que estão aqui nessa comissão está ficando está ficando insustentável a comissão
senhor,NOUN,54.2%,ADP | advmod,0.0%,"['pro', 'devido', 'nesse']",100.0%,"a oração intencional no seguinte sentido de não que seja feita a tua vontade, mas a vontade do Senhor, porque muitos oram né com uma, com uma intenção, mas ora não colocando a vontade do senhor para o país, né e muitos oram para para algumas coisas que estão no coração, mas, como o senhor disse, né a ao momento que você vai falando, muitas das muitas vezes as pessoas guardam algumas coisas, não falam tudo pro Senhor, e ele é o único uniciente, né."
senhor,NOUN,54.2%,DET | appos,0.0%,"['a', 'teu', 'aquele']",100.0%,"Pai, de uma maneira muito especial, ao Pai, a único que é digno de honra, de Glória, de louvor, de adoração, ao único que deve ser engrandecido, entronizado no nosso senhor e salvador, Jesus Cristo, aquele que é, que é ele que há de vir, aquele pai que é poderoso, que nunca perdeu uma guerra, que é poderoso nas batalhas, o senhor dos exércitos, o nosso Deus, aquele que é o que cura, que traz libertação."
senhor,NOUN,54.2%,ADJ | advmod,0.0%,"['forte', 'contundente', 'mesmo']",100.0%,"Então é o senhor mesmo assim que, que nos sustenta."
senhor,NOUN,54.2%,NUM | nummod,0.0%,"['dois', 'um', 'oito']",100.0%,Onde aconteceu o dia oito senhor que venha trazer luz a esse cenário Senhor venha trazer a verdade meu pai para esse cenário pai Senhor venha trazer esclarecimento senhor pai para que as pessoas que estão presas
senhor,NOUN,54.2%,AUX | advcl,0.0%,"['estiver', 'estar', 'for']",100.0%,"Senhor, sara Nicolas aonde ele estiver agora com enfermidade"", e a pessoa é curada."
senhor,NOUN,54.2%,INTJ | cc,0.0%,['ah'],100.0%,"ah, Senhor Deus, és que não sei falar, porque não passo de uma criança."
senhor,NOUN,54.2%,SCONJ | parataxis,0.0%,"['és', 'ó']",100.0%,é senhor eu sou argila nas suas mãos tu és o oleiro eu não tenho querer o querer é teu eu quero fazer o que Deus quer e querer o que Deus faz Eis Aqui o teu servo
senhor,NOUN,54.2%,ADJ | case,0.0%,['pros'],100.0%,"Eu falo pros senhores, nada."
senhor,NOUN,54.2%,NUM | acl:relcl,0.0%,"['15', 'uma']",100.0%,"Portanto, eu acho que eh, enfim, não quero, não quero dizer que que eu quero me colocar aqui, digamos, numa posição de centrão, né como muitos dizem, mas eu acredito que infelizmente não sinto uma boa vontade, um bom, uma boa e eh uma, uma boa posição do governo em se colocar prontamente para poder resolver isso porque convenhamos gente, suponhamos, senhor ministro, que foi, foi e 15 bilhões tá."
senhor,NOUN,54.2%,ADP | cc,0.0%,"['ó', 'no']",100.0%,"ó Deus, para que o Senhor, ó Deus, possa trazer, ó Deus, alívio, a paz que excede todo entendimento, de que, ó Deus, a nossa vida não é aqui, de que um dia nós estaremos, ó Deus, eternamente com o Senhor, sem lágrimas."
senhor,NOUN,54.2%,PRON | obj,0.0%,"['aqueles', 'você']",100.0%,"Oramos por aqueles que estão, Senhor, com o acesso aos meios de mudança, e pedimos que o Senhor provoque uma revolução nesta nação."
senhor,NOUN,54.2%,VERB | nsubj,0.0%,"['senhor', 'chama']",100.0%,"Senhor presidente, senhor presidente, eh, na minha ausência aqui, o ministro Hadad falou que tava respondendo elegantemente as perguntas e chamando deputados de moleque."
senhor,NOUN,54.2%,NUM | obj,0.0%,"['10', '5']",100.0%,"E nós Oramos agora por esses frutos Sobrenaturais, Senhor, por esses frutos de 100 por um e de 60 por um senhor que, assim como o ministério que o senhor confiou ao ncolas aqui, que é um ministério que se multiplica na proporção do seu Sobrenatural, Senhor, eu oro por essa geração agora de jovens, que eles tenham Ministérios que se multiplicam na sua proporção sobre Sobrenatural, que nós façamos um e o senhor recompense com 100, que nós façamos 10 e o senhor recompense com 60, pois o Senhor multiplica de maneira Sobrenatural."
senhor,NOUN,54.2%,ADV | conj,0.0%,"['ó', 'melhor']",100.0%,"Senhor, que na mesa de negociações, ó Pai, que nas mesas de discussões, que o teu amor possa constrangê-los, ó [Música] pai."
senhor,NOUN,54.2%,ADV | advcl,0.0%,"['aqui', 'acima']",100.0%,"Se o senhor estiver aqui, eu sei eu venço o pecado."
senhor,NOUN,54.2%,NOUN | fixed,0.0%,"['gerações', 'palavras']",100.0%,"Mas eu quero orar pelas gerações que estão se levantando agora, que o senhor Levante essa geração, a minha geração, as próximas gerações, as crianças desse país, pai, para fazer a diferença."
senhor,NOUN,54.2%,CCONJ | ROOT,0.0%,"['e', 'ai']",100.0%,"O Senhor tem um plano A. E, Senhor, porque nas tuas mãos está o livro, Senhor, que João viu lá em Apocalipse, capítulo de número cinco."
senhor,NOUN,54.2%,DET | obl,0.0%,"['cada', 'nossa']",100.0%,Eu quero aqui dizer a cada um dos senhores parlamentares da base do governo da oposição:
senhor,NOUN,54.2%,NOUN | advmod,0.0%,['tarde'],100.0%,"senhores boa tarde, eu quero dar continuidade aqui aos esclarecimentos, mas ao povo brasileiro: o que que tá acontecendo?"
senhor,NOUN,54.2%,NUM | appos,0.0%,"['2024', '14']",100.0%,"Passo agora para o item 15 da pauta, requerimento número 79, 2024 do Senhor Deputado André Fernandes, que requer o encaminhamento."
senhor,NOUN,54.2%,VERB | obl,0.0%,"['comissão-', 'alastre']",100.0%,"Eu acho que eh, pela vontade de cada uma, e cada uma aqui já mostra que essas, essa comissão teremos um ano de profundos debates, porque aqui, nessa comissão- senhor presidente, talvez seja a mais plural dessa casa- como diz o deputado que nos antecedeu aqui,"
senhor,NOUN,54.2%,NOUN | csubj,0.0%,"['ouvido', 'caso']",100.0%,"E é muito bom, senhor presidente, a despeito das diferenças que nós possamos ter e temos, eh ouvido o senhor que está propondo a conduzir os trabalhos de forma respeitosa e democrática nessa casa."
senhor,NOUN,54.2%,CCONJ | fixed,0.0%,['né'],100.0%,"Senhor presidente, primeiramente dar as boas-vindas, né, e desejar sucesso na missão."
senhor,NOUN,54.2%,ADV | cc,0.0%,"['portanto', 'ora']",100.0%,"Portanto, senhor presidente, eu quero destacar que nós não aceitamos essa discussão de que os que não votarem pela pela provação pela retirada de pauta estão dizendo não."
senhor,NOUN,54.2%,ADV | parataxis,0.0%,"['não', 'aqui']",100.0%,"Senhor, não."
senhor,NOUN,54.2%,VERB | appos,0.0%,"['erlando', 'fasso']",100.0%,"Aí, nessa conversa eles relatam um encontro com o senhor erlando."
senhor,NOUN,54.2%,PROPN | punct,0.0%,"['""', 'le']",100.0%,"E teve um dia que eu, em crise, chorando, falei: ""Senhor, o teu povo tá orando, como é que é isso?"
senhor,NOUN,54.2%,ADJ | nmod,0.0%,"['último', 'maligno']",100.0%,"E o senhor, que é o supremo rei do universo, nós deixamos para falar com o senhor por último, hoje."
senhor,NOUN,54.2%,PRON | fixed,0.0%,"['os', 'que']",100.0%,"Senhor, a minha vida tá desse jeito, tá dessa forma, um casal com promessas, como todos os que estão nos assistindo, porque às vezes a gente coloca a culpa no ambiente."
senhor,NOUN,54.2%,INTJ | discourse,0.0%,"['tá', 'ai']",100.0%,"Tá, bom senhor nosso."
senhor,NOUN,54.2%,VERB | det,0.0%,['obrigada'],100.0%,Obrigada senhor por esse momento Sobrenatural de oração.
senhor,NOUN,54.2%,CCONJ | conj,0.0%,"['com-', 'né']",100.0%,"Senhor, livra-os, cobre-os, cerca-os e acampa teus anjos sobre cada casa, sobre cada família, sobre todos aqueles que sofrem hoje, sobre todos aqueles que estão afligidos com dores, com enfermidades, com patologias emocionais, com traumas, com crises, com- eh eh?"
senhor,NOUN,54.2%,NOUN | case,0.0%,['pr'],100.0%,"E o Daniel Silveira que está preso 4 anos, eu quero deixar esse claro aqui pr os senhores."
senhor,NOUN,54.2%,PUNCT | det,0.0%,['ô'],100.0%,"Eu participei de diversas, ô senhor ministro, diversas e diversas e diversas audiências de custódia de custódia quando eu eu estava na PUC Minas."
senhor,NOUN,54.2%,ADP | parataxis,0.0%,['somo'],100.0%,"Senhor presidente, eu me somo aos demais deputados e deputadas que também já fizeram intervenção nesse sentido e também lembrando aquilo que já foi dito aqui:"
senhor,NOUN,54.2%,VERB | nsubj:pass,0.0%,['eh'],100.0%,"E aí aqui pego a fala, né eh do Senhor Miola, que essa média nacional muitas vezes ela não faz nenhum sentido do nível municipal."
senhor,NOUN,54.2%,PROPN | fixed,0.0%,['ó'],100.0%,"Senhor, que, em nome de Jesus, pautas aqui, ó Pai, que influenciam na vida diretamente de pessoas, o Senhor possa interferir."
senhor,NOUN,54.2%,AUX | acl:relcl,0.0%,['será'],100.0%,"Irmãos, se apega a essa palavra, porque aquela palavra ali é o Senhor dizendo para nós de que se ele é por nós, quem será contra nós?"
senhor,NOUN,54.2%,PRON | acl:relcl,0.0%,['esse'],100.0%,"senhor, que amor é esse que faz que o senhor a gente entregue um filho para morrer por nós?"
senhor,NOUN,54.2%,AUX | dep,0.0%,['é'],100.0%,"O senhor realmente é, é um, um pai incrível, pode-se dizer assim né."
senhor,NOUN,54.2%,DET | nmod,0.0%,['nossa'],100.0%,"Que benção eu poder trabalhar e ser o protetor e o provedor da minha esposa e que melhor bênção ainda a minha esposa ser a cuidadora da minha casa, cuidadora do do Nossa herança do Senhor, que é a Aurora, né que é a minha filha."
senhor,NOUN,54.2%,ADV | ccomp,0.0%,['aqui'],100.0%,"Pai, sabemos que o senhor está aqui, pai conosco."
senhor,NOUN,54.2%,DET | conj,0.0%,['teu'],100.0%,"Nós queremos primeiro te agradecer pela tua presença, te agradecer pelo livre acesso que temos a ti e ao teu Trono, senhor, muito obrigada."
senhor,NOUN,54.2%,PRON | advcl,0.0%,['você'],100.0%,"Seja forte, corajoso, não se apavore, nem se desanime, pois o Senhor, o seu Deus, estará com você por onde você andar."
senhor,NOUN,54.2%,INTJ | csubj,0.0%,['diga'],100.0%,"Diga: “Senhor Jesus, perdoa meus pecados e entra em meu coração."
senhor,NOUN,54.2%,INTJ | obj,0.0%,['ô'],100.0%,"Ô, Senhor, não vamos desistir, não vamos desistir."
senhor,NOUN,54.2%,ADP | fixed,0.0%,['nos'],100.0%,"Que estão servindo Senhor nos, nos rincões, nos, nos sertões."
senhor,NOUN,54.2%,PROPN | obl:agent,0.0%,['nosso'],100.0%,"Se você não consegue reconhecer que a vida é o maior valor que existe no universo, que é um, um dom dado por Nosso Senhor Jesus Cristo, você não consegue reconhecer que a vida tem que ser protegida, você não merece nem tá aqui."
senhor,NOUN,54.2%,NUM | conj,0.0%,['20º.'],100.0%,"Não só esclarecendo Deputado Valente, pelo Regimento eram 10 que iriam discutir, eu deixei 20 e o senhor foi o 20º. Ou seja, pelo Regimento o senhor não falaria."
senhor,NOUN,54.2%,PRON | csubj,0.0%,['alguém'],100.0%,"Senhor presidente, cumprimentando o presidente da Câmara de Blumenau, com quem eu estive no STF logo após aquela tragédia deau- e é interessante lembrar aqui que quem cometeu aquela atrocidade não foi um ex-aluno, não foi alguém que estava nas redes sociais, foi alguém que cheirou cocaína a noite toda e em 20 segundos destruiu quatro famílias-"
senhor,NOUN,54.2%,NUM | nsubj,0.0%,['2'],100.0%,"O 2 de julho, senhor presidente, é a data em que se consolidou a independência do Brasil na Bahia."
senhor,NOUN,54.2%,X | case,0.0%,['sen'],100.0%,"Viva democracia, sen senhor Deputado, o Senor tem que ouv, assim que é a democracia, não consue ouvir o contraditório, mas nós vamos continuar falando."
senhor,NOUN,54.2%,ADJ | obl,0.0%,['último'],100.0%,"E por último, senhor Ministro, o senhor disse no final da sua fala, depois de falar que foi no governo anterior, e olha que perigo: nós um governo conservador, se foi no nosso tempo que saiu aquele livro, é um perigo."
senhor,NOUN,54.2%,ADJ | obj,0.0%,['deputados'],100.0%,"Eu queria até levantar esse debate aqui prosos senhores deputados, presidente da Comissão."
senhor,NOUN,54.2%,VERB | nmod,0.0%,['poder'],100.0%,"Senhor Ministro, para poder responder e já pode feer suas considerações finais."
senhor,NOUN,54.2%,ADV | nsubj,0.0%,['aqui'],100.0%,"Esse aqui é o senhor Sá, Marcos, ridicularizou das vítimas mortas pelo Hamas, fazendo essas postagens aqui antissemitas, inclusive de uma mulher que foi morta e estuprada, e simplesmente estava ali tirando foto com o senhor, todo sorridente."
senhor,NOUN,54.2%,PRON | xcomp,0.0%,['mim'],100.0%,"Então, realmente, se fosse para alguém aqui para poder tomar uma posição mais ríspida, deveria ser de mim para o senhor, e não o senhor para mim."
senhor,NOUN,54.2%,PROPN | nsubj:pass,0.0%,['ministério'],100.0%,"E este senhor não estava mais no Ministério da Justiça, tinha sido demitido pelo Bolsonaro."
senhor,NOUN,54.2%,DET | acl:relcl,0.0%,['seu'],100.0%,"O ouro não toma poderes, não tomam, ninguém pode tomar aquilo que é só seu e do Senhor."
senhor,NOUN,54.2%,PROPN | xcomp,0.0%,['jonas'],100.0%,"Que nós possamos ser como Jonas, senhor meu pai, que profetizou contra o pecado de uma nação e a nação como um todo se arrependeu dos seus pecados."
senhor,NOUN,54.2%,PUNCT | flat:name,0.0%,"['""']",100.0%,"""eu estava todo despretensioso numa live assistindo para orar, e entrei e cai lá por conta de política, sei lá, e alguém fez um apelo e eu estava distante dos caminhos do Senhor"", e você fala:"
senhor,NOUN,54.2%,AUX | case,0.0%,['és'],100.0%,Nós cremos pois tu és fiel senhor que eu tu és fiel Senhor eu sei que tu és [Música]
senhor,NOUN,54.2%,INTJ | cop,0.0%,['ah'],100.0%,"Você acha que eu estaria aqui orando, achando que as coisas não vão mudar, mas você acha que o que eu tô pedindo para que, ah senhor, é é modifica, eh, amanhã, né a presidência a muda o juízes."
senhor,NOUN,54.2%,ADP | punct,0.0%,['né'],100.0%,"Senhor, eu não aguento mais, fechado de dia e de noite, né muito."
senhor,NOUN,54.2%,INTJ | advcl,0.0%,['tu'],100.0%,"Ele disse: mesmo que eu ande por um vale de sombras de morte, mal nenhum eu temerei, porque tu, senhor, estás comigo."
senhor,NOUN,54.2%,ADV | mark,0.0%,['assim'],100.0%,"Ela provém de uma fonte que te edifica, ela, ela não é meramente uma música que estourou e fez o pessoal ter, não, ela é uma música que acredita, assim que é o próprio senhor falando com você."
senhor,NOUN,54.2%,ADP | flat:name,0.0%,['nos'],100.0%,"Mas você falava de Sabedoria, Senhor nos de compaixão para os nossos inimigos, ó Deus ajuda meu Deus sabedoria para poder combater os pais, um conhecimento que provém do alto senhor."
senhor,NOUN,54.2%,PROPN | det,0.0%,['amém'],100.0%,Essa é minha oração agora senhor em nome de Jesus amém amém amém.
senhor,NOUN,54.2%,PRON | advmod,0.0%,['onde'],100.0%,"Aí eu pergunto, senhor diretor da PRF, onde está o senhor quando uma ministra, inclusive ali na Maré, está andando sem capacete na moto?"
senhor,NOUN,54.2%,CCONJ | advmod,0.0%,['né'],100.0%,"Vamos orar né para que a gente consagra esse último dia aqui, né ao Senhor Pai."
senhor,NOUN,54.2%,PRON | case,0.0%,['dele'],100.0%,Senhor faça com que ele Conheça o senhor rapaz que teu amor constrange o coração dele Senhor faça
senhor,NOUN,54.2%,ADJ | dep,0.0%,['perfeita'],100.0%,"Pedimos ao Pai para que esse familiares, o Pai, um dia possa estar na tua presença, Senhor, possa estar aqui glorificando ao Pai, o teu nome, Senhor, possa estar aqui experimentando do amor a Deus, a perfeita, senhor, vontade que é do senhor."
senhor,NOUN,54.2%,ADV | discourse,0.0%,['sim'],100.0%,"Sim, Senhor, não me repreendas no teu furor, nem me disciplines na tua ira."
nome,NOUN,100.0%,DET | det,18.3%,"['o', 'teu', 'meu', 'seu', 'todo', 'um', 'esse', 'os', 'nosso', 'outro']",97.6%,"Sind ute que decidiu de uma vez que os professores foi quando você sabe que você iria haver muita revolta- começou e defende, não, por exemplo, ataque aos homossexuais, atacar o feijão, o assunto vai falar o nome dele, mandou recado pra essa galera e que defende o tipo de cara manda, caiu porque esse cara metade, e até agora se sabia ninguém, só o amor de ninguém."
nome,NOUN,100.0%,ADP | case,15.8%,"['em', 'do', 'no', 'pelo', 'de', 'com', 'sobre', 'ao', 'por', 'para']",97.4%,"Pai, nós colocamos a vida dessa família em tuas mãos, ó Deus, sabendo que somente o Espírito Santo é o que conforta, sabendo somente através do teu Espírito Santo que eles vão conseguir se reerguer, vão conseguir ter força e que, ó Pai, em nome de Jesus, nós encontraremos e reinaremos para sempre."
nome,NOUN,100.0%,PROPN | nmod,12.7%,"['jesus', 'senhor', 'deus', 'cristo', 'pai', 'alexandre', 'espírito', 'pt', 'daniel', 'centro']",93.8%,"Pai, nós colocamos a vida dessa família em tuas mãos, ó Deus, sabendo que somente o Espírito Santo é o que conforta, sabendo somente através do teu Espírito Santo que eles vão conseguir se reerguer, vão conseguir ter força e que, ó Pai, em nome de Jesus, nós encontraremos e reinaremos para sempre."
nome,NOUN,100.0%,PUNCT | punct,8.4%,"[',', '.', '?', ':', 'né', '!']",100.0%,"Senhor, que, em nome de Jesus, pautas aqui, ó Pai, que influenciam na vida diretamente de pessoas, o Senhor possa interferir."
nome,NOUN,100.0%,VERB | ROOT,7.3%,"['oramos', 'tem', 'sabe', 'declaramos', 'esqueci', 'há', 'peço', 'sei', 'adoramos', 'oro']",26.7%,"Mas em nome de Jesus, o Senhor, sabe Deus cuidar de várias pessoas que estão ali."
nome,NOUN,100.0%,NOUN | nmod,4.2%,"['nome', 'senhor', 'pai', 'pessoas', 'filho', 'livro', 'cara', 'ministro', 'deputados', 'partido']",34.5%,"Estão buscando aqui fazer algo pelo menos importante para uma cidade e não ficar trocando o nome de centro de saúde para o completamente inútil que é, por exemplo, a vereadora Marielle."
nome,NOUN,100.0%,VERB | acl:relcl,3.4%,"['chama', 'tem', 'falou', 'peço', 'consegue', 'estais', 'gera', 'clama', 'pedimos', 'curaram']",33.3%,"Olha o precedente que esse juiz, vão repetir o nome dele aqui, Marcelo Paulo Salgado aqui de Belo Horizonte, emitiu que é o seguinte: qualquer tipo de criança que tiver a mama e pode-se matar esta criança."
nome,NOUN,100.0%,VERB | advcl,2.4%,"['diz', 'tem', 'associado', 'colocar', 'sei', 'proclamar', 'dobre', 'glorificado', 'falar', 'mudar']",22.1%,"Que o Senhor nos leve sem para ter um envolvimento com cada pessoa, para, em nome de Jesus, que o Senhor nos neve- é esse nível pai- e que nós possamos não somente orar, nós somos pagar sua mais jejuar, Senhor, ai acima de tudo, depender do senhor, saber que o Senhor tem que nada podemos fazer."
nome,NOUN,100.0%,AUX | cop,2.0%,"['é', 'seja', 'era', 'está', 'são', 'estamos', 'tá', 'foi', 'vai', 'seriam']",100.0%,"E é como você disse, a justiça virá e virá do céu, virá daquele que pode, daquele que é o nome sobre todo nome, que tem todo poder."
nome,NOUN,100.0%,PRON | nmod,1.8%,"['dele', 'dela', 'deles', 'amém', 'todos', 'ele', 'outro', 'todo', 'mim', 'essa']",95.7%,"Sind ute que decidiu de uma vez que os professores foi quando você sabe que você iria haver muita revolta- começou e defende, não, por exemplo, ataque aos homossexuais, atacar o feijão, o assunto vai falar o nome dele, mandou recado pra essa galera e que defende o tipo de cara manda, caiu porque esse cara metade, e até agora se sabia ninguém, só o amor de ninguém."
nome,NOUN,100.0%,VERB | conj,1.8%,"['amém', 'tem', 'vão', 'caia', 'há', 'possa', 'glorificado', 'declaramos', 'sabe', 'orar']",37.7%,"Nós temos certa autoridade para falar sobre isso porque estamos vivendo família e eu quero declarar sobre a sua vida, você que tá assistindo também, que toda mentira seja quebrada, todo o medo de formar família, de ter filhos, caia por terra hoje, em nome de Jesus, e que você acorde com esse propósito de Deus e também não permita mais que o inimigo entre na sua família, você que já é pai, já é mãe e tem filhos, né, ou você que é filho e que tem visto aí as ideologias desse tempo, né as mentiras desse século, te separando, te afastando da sua família, né, porque isso que o inimigo faz a trás, divisão dentro das casas, por causa dessas mentiras."
nome,NOUN,100.0%,ADV | advmod,1.6%,"['aqui', 'agora', 'aí', 'através', 'não', 'então', 'acima', 'somente', 'só', 'lá']",77.8%,"Senhor, por esse nome de Jesus, pai, eu quero te pedir por cada pessoa que hoje está aqui, nesse momento, que elas sejam tocadas pelo teu espírito santo, pai, porque eu tenho convicção que de mim mesmo eu nada tenho para oferecer, pai, mas eu tenho toda convicção, pai, que, como está escrito, o teu nome é o nome que está acima da terra, abaixo da terra, e o teu nome é o nome que está acima de todo o nome."
nome,NOUN,100.0%,VERB | xcomp,1.4%,"['dar', 'colocar', 'falar', 'declarar', 'usando', 'pedir', 'agradecer', 'exaltar', 'usar', 'fazer']",47.3%,"Mas se ainda nos ouve e pode ouvir o nosso clamor, em nome de Jesus, te pedimos que tenha piedade do Brasil, tem a piedade do brasileiro, e nos ajuda também a ser cada vez brasileiros melhores, cristãos melhores, em nome de Jesus."
nome,NOUN,100.0%,NOUN | ROOT,1.3%,"['pai', 'nome', 'oração', 'senhor', 'glória', 'poder', 'apoio', 'desce', 'repreendemos', 'tinho']",72.5%,"Deus, prosperidade, senhor, meu pai, é uma palavra de alegria em nome de Jesus."
nome,NOUN,100.0%,ADJ | amod,1.3%,"['poderoso', 'social', 'infalível', 'imutável', 'mesmo', 'difícil', 'santo', 'primeiro', 'precioso', 'abstrato']",54.0%,"Existiu ali uma informação de que talvez o senhor não tivesse tão satisfeito com as decisões do PL Mineiro, podendo vir a sair do PL caso não tivesse a influência, né, a principalmente hoje que o seu nome é um dos maiores nomes da direita."
nome,NOUN,100.0%,VERB | ccomp,1.1%,"['tem', 'há', 'esqueci', 'tenha', 'feitas', 'cumprimentar', 'sei', 'chama', 'vai', 'encontraremos']",34.1%,"Pai, nós colocamos a vida dessa família em tuas mãos, ó Deus, sabendo que somente o Espírito Santo é o que conforta, sabendo somente através do teu Espírito Santo que eles vão conseguir se reerguer, vão conseguir ter força e que, ó Pai, em nome de Jesus, nós encontraremos e reinaremos para sempre."
nome,NOUN,100.0%,NOUN | obl,1.0%,"['causa', 'poder', 'autoridade', 'coração', 'amor', 'sentido', 'norma', 'ordem', 'som', 'indicação']",71.8%,"Amém, senhor, eu quero pedir agora que todo espírito de tristeza ele vai embora pela ordem do seu nome, em nome de Jesus, nós Oramos agora depressão, ansiedade, suicídio, vão embora em nome de Jesus."
nome,NOUN,100.0%,NOUN | conj,0.9%,"['nome', 'glória', 'discurso', 'pergunta', 'sentido', 'expectativa', 'mentira', 'pessoas', 'amigo', 'resposta']",54.1%,"Mas se ainda nos ouve e pode ouvir o nosso clamor, em nome de Jesus, te pedimos que tenha piedade do Brasil, tem a piedade do brasileiro, e nos ajuda também a ser cada vez brasileiros melhores, cristãos melhores, em nome de Jesus."
nome,NOUN,100.0%,VERB | acl,0.9%,"['santificado', 'poder', 'falar', 'mude', 'cumprimentar', 'pregar', 'errado', 'revelando', 'cumprir', 'construídos']",47.1%,"Que o Senhor possa alcançar meu Deus, não da nossa palavra, Não por conta daquilo que nós estamos falando, mas que o teu espírito santo, pai, que convence para a pessoa do pecado, da justiça e do juízo, possa o pai em nome de Jesus, alcançado."
nome,NOUN,100.0%,CCONJ | cc,0.8%,"['e', 'mas', 'nem', 'né']",100.0%,"Né é o que eles têm, um Instagram, mas o colégio, o resto, que tá um pouco mais de 6 mil seguidores e eu quero que vocês sigam, comente E compartilhe, deixe aí o apoio seus Porque de fato é, as pessoas aqui estão dando a cara a tapa para poder defender, a ver a dua, a quem doer arco-íris é um símbolo nosso, Cristão e nome, símbolo aí do ativista LGBT que remete a prática homossexual."
nome,NOUN,100.0%,NOUN | nsubj,0.8%,"['nome', 'senhor', 'pai', 'presidente', 'vozes', 'luta', 'cara', 'provocação', 'sufixo', 'embaixo']",87.5%,"Senhor, por esse nome de Jesus, pai, eu quero te pedir por cada pessoa que hoje está aqui, nesse momento, que elas sejam tocadas pelo teu espírito santo, pai, porque eu tenho convicção que de mim mesmo eu nada tenho para oferecer, pai, mas eu tenho toda convicção, pai, que, como está escrito, o teu nome é o nome que está acima da terra, abaixo da terra, e o teu nome é o nome que está acima de todo o nome."
nome,NOUN,100.0%,NOUN | obj,0.8%,"['poder', 'nome', 'indicação', 'sugestões', 'mudança', 'pessoa', 'milagres', 'cura', 'irmão', 'rosto']",70.0%,"e levante mais e mais ainda um numerosos, o numeroso exército poderoso a Deus, que possa fazer grandes coisas em teu nome, através do teu nome."
nome,NOUN,100.0%,PROPN | ROOT,0.8%,"['amém', 'maravilhoso', 'música', 'jesus', 'coloque', 'ore', 'deus', 'maurício', 'ó', 'seit']",56.7%,"Ore também, né, pedindo para que Deus alcance seus familiar, alcance em seu marido, né, sua esposa, em nome de Jesus."
nome,NOUN,100.0%,PROPN | appos,0.7%,"['jesus', 'nicolas', 'senhor', 'deus', 'música', 'santo', 'nenhum-', 'terra', 'amém', 'poder']",72.4%,"Jesus, pelo que o senhor conquistou para nós na cruz, porque nossas orações hoje podem ser ouvidas pelo pai, porque nós podemos agora pedir em teu nome, Jesus, e tudo que nós pedimos em teu nome será concedido a nós, pai, se alinhados com o teu espírito santo."
nome,NOUN,100.0%,VERB | parataxis,0.7%,"['tem', 'há', 'quero', 'profetizamos', 'lembro', 'exaltamos', 'clamo', 'mudam-se', 'têm', 'fiquei']",60.7%,"O senhor a Deus, através aqui, desses momentos, o senhor alcançou pessoas estavam perdidas, pessoas aceitaram o teu nome, meu Deus, como seus único salvador aqui nesses 21 dias, e eu consagro para esse momento."
nome,NOUN,100.0%,PROPN | nsubj,0.6%,"['deus', 'senhor', 'clesão', 'carlos', 'jonatas', 'joia', 'ana', 'elize', 'mac', 'elise']",66.7%,"Joia, graças a Deus, graças, nome seu nome errado aí, mas não tinha erro pior PR acontecer aí nessa digitação, foi um levante vida, é o corretor aqui foi complicado."
nome,NOUN,100.0%,PRON | nsubj,0.5%,"['que', 'esse', 'esses', 'você', 'o', 'ele', 'quem']",100.0%,"E é como você disse, a justiça virá e virá do céu, virá daquele que pode, daquele que é o nome sobre todo nome, que tem todo poder."
nome,NOUN,100.0%,NOUN | appos,0.5%,"['nome', 'senhor', 'pai', 'arrepios', 'povo', 'abraço', 'autoridade', 'deputada', 'cara', 'doença']",75.0%,"E esse nome que gera pavor, arrepios desde professor universitário até bandidos que traficam nesse país, desde criminosos que estão soltos, desde corruptos que estão aqui nesse Parlamento e nesse congresso, é há somente um nome que gera arrepios, que chama Jair Messias bolsonaro."
nome,NOUN,100.0%,ADV | acl:relcl,0.5%,"['acima', 'corrente']",100.0%,"Por isso Deus o exaltou à mais alta posição, ele deu o nome que está acima de todo nome, para que ao nome de Jesus se dobre todo joelho, no céu, na terra e debaixo da terra, e toda língua confesse que Jesus Cristo é o senhor, para glória de Deus Pai."
nome,NOUN,100.0%,SCONJ | mark,0.3%,"['que', 'embora', 'porque', 'se']",100.0%,"Essa importância é que meu nome seja esquecido, mas que que o, o nome de que seja lembrado."
nome,NOUN,100.0%,ADJ | ROOT,0.3%,"['chioso', 'impressionante', 'difícil', 'cheio', 'felizes', 'poderoso', 'alto', 'maior', 'repreendido', 'bom']",90.9%,"Então, quando você tem essa certeza que você pode se apoiar nesse Deus poderoso que amou você antes da eternidade, porque a eternidade tá dentro dele, projetou, porque quem é feliz, o como o nome dele, mesmo Jonatas nas Nícolas é um nome, é um nome, é Nícolas, é chioso, né"
nome,NOUN,100.0%,PRON | ROOT,0.2%,"['isso', 'o', 'ele', 'tudo', 'todos']",100.0%,"No nome de Jesus, é isso que pedimos."
nome,NOUN,100.0%,PRON | conj,0.2%,"['amém', 'esse', 'tudo', 'você', 'todo', 'o']",100.0%,"Em nome de Jesus, amém e amém, e amém, Amém."
nome,NOUN,100.0%,PROPN | conj,0.2%,"['ester', 'nícolas', 'amém', 'deus', 'pai', 'salvador', 'senhor', 'guilherme']",100.0%,"O senhor a Deus, através aqui, desses momentos, o senhor alcançou pessoas estavam perdidas, pessoas aceitaram o teu nome, meu Deus, como seus único salvador aqui nesses 21 dias, e eu consagro para esse momento."
nome,NOUN,100.0%,AUX | ROOT,0.2%,"['é', 'vamos', 'vai']",100.0%,Teu nome infalível é.
nome,NOUN,100.0%,VERB | csubj,0.2%,"['oro', 'falar', 'santificado', 'chama', 'esqueça']",100.0%,"Eu tenho certeza que, por mais que você esqueça aí meu nome, mas lembre o nome daquele que salvou, que é seu amigo, é Jesus Cristo, tá?"
nome,NOUN,100.0%,VERB | det,0.2%,['teu'],100.0%,Teu nome infalível é.
nome,NOUN,100.0%,PROPN | acl:relcl,0.2%,"['senhor', 'partido', 'ministério', 'misericórdia', '007']",100.0%,Justiça pai em nome de Jesus a Deus que o Senhor tem compaixão das suas decisões que a Misericórdia em nome de Jesus vamos agora também para Paraíba senhor Oramos para o Jorge Azevedo
nome,NOUN,100.0%,NOUN | ccomp,0.2%,"['nome', 'construção', 'senhor']",100.0%,"Senhor, por esse nome de Jesus, pai, eu quero te pedir por cada pessoa que hoje está aqui, nesse momento, que elas sejam tocadas pelo teu espírito santo, pai, porque eu tenho convicção que de mim mesmo eu nada tenho para oferecer, pai, mas eu tenho toda convicção, pai, que, como está escrito, o teu nome é o nome que está acima da terra, abaixo da terra, e o teu nome é o nome que está acima de todo o nome."
nome,NOUN,100.0%,ADJ | acl:relcl,0.2%,"['alinhado', 'poderoso', 'escrito', 'preocupado', 'curado', 'juntos']",100.0%,"Você, o senhor chegou a comentar que tá sendo conversado, mas tem algum nome que de repente Minas esteja mais alinhado ao ex-presidente pro Senado?"
nome,NOUN,100.0%,PRON | parataxis,0.2%,"['amém', 'todos', 'tudo']",100.0%,"Em nome de Jesus, amém."
nome,NOUN,100.0%,NOUN | acl:relcl,0.2%,"['nome', 'ministério', 'santo', 'céu', 'amigo']",100.0%,"E é como você disse, a justiça virá e virá do céu, virá daquele que pode, daquele que é o nome sobre todo nome, que tem todo poder."
nome,NOUN,100.0%,PRON | appos,0.1%,"['você', 'o', 'eles', 'nós', 'eu']",100.0%,"Então, quando você tem essa certeza que você pode se apoiar nesse Deus poderoso que amou você antes da eternidade, porque a eternidade tá dentro dele, projetou, porque quem é feliz, o como o nome dele, mesmo Jonatas nas Nícolas é um nome, é um nome, é Nícolas, é chioso, né"
nome,NOUN,100.0%,ADV | ROOT,0.1%,"['através', 'agora', 'hoje', 'tanto']",100.0%,É através do nome de Jesus que você consegue libertar essas pessoas que estão viciadas em drogas.
nome,NOUN,100.0%,PROPN | parataxis,0.1%,"['nicolas', 'leandro', 'edésio']",100.0%,"Então eu começo: meu nome é Nicolas, eu tenho 26 anos, sou aqui de Belo Horizonte e eu voto no presidente Bolsonaro porque ele finalmente fala aquilo que a gente sempre quis falar e os outros nunca falaram."
nome,NOUN,100.0%,PROPN | obj,0.1%,"['senhor', 'dep', 'ong', 'santa']",100.0%,"Por gentileza, recer dep cou meu nome, só registrar."
nome,NOUN,100.0%,ADP | nmod,0.1%,"['daquele', 'cima']",100.0%,"Eu tenho certeza que, por mais que você esqueça aí meu nome, mas lembre o nome daquele que salvou, que é seu amigo, é Jesus Cristo, tá?"
nome,NOUN,100.0%,ADJ | advcl,0.1%,"['feliz', 'escrito', 'contigo', 'firme']",100.0%,"Então, quando você tem essa certeza que você pode se apoiar nesse Deus poderoso que amou você antes da eternidade, porque a eternidade tá dentro dele, projetou, porque quem é feliz, o como o nome dele, mesmo Jonatas nas Nícolas é um nome, é um nome, é Nícolas, é chioso, né"
nome,NOUN,100.0%,PROPN | advcl,0.1%,"['andré', 'sérgio', 'luís']",100.0%,"Se o seu nome fosse André do R, que é um traficante internacional, o senhor também estaria solto."
nome,NOUN,100.0%,ADJ | conj,0.1%,"['maior', 'glorioso', 'mudo', 'perdoado']",100.0%,"Mesmo que aos nossos olhos parece tudo confuso, mas o teu nome é glorioso, é poderoso."
nome,NOUN,100.0%,ADJ | ccomp,0.1%,"['alto', 'importante', 'tu']",100.0%,"Vamos adorar a Jesus com, com verdade, declarando o nome de Jesus é mais alto do que qualquer nome."
nome,NOUN,100.0%,PRON | det,0.1%,"['eu', 'eles', 'o']",100.0%,"Eu consagro esse momento, aqui, agora, eu nome de Jesus, amém, não posso deixar de esquecer, tá de pedir para você aí desligar aí né- olha que engraçado."
nome,NOUN,100.0%,ADV | case,0.1%,"['diante', 'como', 'até']",100.0%,"E diante do seu nome, nós declaramos essa noite que o câncer será humilhado."
nome,NOUN,100.0%,NUM | nmod,0.1%,"['quatro', 'um', '2020']",100.0%,"Você não vê uma linha de notícia com relação a campanha política que ocorreu o nome de 2020 pela pandemia, né passando ele denunciadas delegaciones."
nome,NOUN,100.0%,PROPN | obl,0.1%,"['pai', 'colmeia', 'autoridade']",100.0%,"Na Autoridade do nome de Jesus, nós Oramos, Senhor, para que a tua presença venha encher as casas, dos lares de todos aqueles que estão ouvindo agora."
nome,NOUN,100.0%,INTJ | ROOT,0.1%,"['senhor', 'ó']",100.0%,"Ó Deus, em nome de Jesus, o pai, amém, amém."
nome,NOUN,100.0%,NOUN | parataxis,0.1%,"['nome', 'oração', 'igreja']",100.0%,"Levanta uma igreja forte, uma igreja poderosa, senhor, em nome de Jesus."
nome,NOUN,100.0%,ADJ | acl,0.1%,"['rabá', 'estruturadas', 'qualificado']",100.0%,"Deus os seus planos ou Deus venha falir, ó Deus, em nome de Jesus, que ele se confundam ao pai, que eles venham cometeram, sabe Deus, eu nome de Jesus, não em justiça, mas Justiça, senhor, mas que o seu nome qualificado e em nome aqui do Pastor André Valadão, todos os outros pastores do Brasil, homens, estava Deus que são Deus, batalhadores, homens que são valorosos, pessoa que amam o seu rebanho, pastores, salvam o pai que ninguém conhece."
nome,NOUN,100.0%,NOUN | amod,0.1%,"['defensora', 'levante', 'pai']",100.0%,"E quero honrar aqui também algumas pessoas que ontem em Belo Horizonte fizeram tudo isso acontecer, como aqui a nossa defensora- né perdão qual o nome da Rose- defensora da vida, que desde 2000 tem batalhado aí por vidas e que disse algo muito aqui importante:"
nome,NOUN,100.0%,NUM | ccomp,0.1%,['um'],100.0%,"Existiu ali uma informação de que talvez o senhor não tivesse tão satisfeito com as decisões do PL Mineiro, podendo vir a sair do PL caso não tivesse a influência, né, a principalmente hoje que o seu nome é um dos maiores nomes da direita."
nome,NOUN,100.0%,AUX | conj,0.1%,"['tendo', 'vou']",100.0%,"Obrigado pelo tempo e pelo espaço, para mim é um prazer, ainda mais a gente sendo Xará e tendo o mesmo nome."
nome,NOUN,100.0%,PRON | obl,0.1%,"['eles', 'quanto']",100.0%,"Nós estamos aqui, ó Deus, declarando, ó Deus, que nós não iremos contra eles com carros, ó Deus, e cavalos, mas nós iremos, ó Deus, contra eles com o nome daquele que é o Senhor dos Exércitos."
nome,NOUN,100.0%,PRON | dep,0.1%,['que'],100.0%,"Senhor, que, em nome de Jesus, pautas aqui, ó Pai, que influenciam na vida diretamente de pessoas, o Senhor possa interferir."
nome,NOUN,100.0%,PROPN | det,0.1%,"['ó', 'teu']",100.0%,"Ó Deus, levante homens retos, ó Pai, em nome de J. Levante, ó Deus, pessoas que vão ter a coragem, Senhor, a dignidade de lutar pelo teu reino aqui nessa terra."
nome,NOUN,100.0%,NOUN | advcl,0.1%,"['igreja', 'falha']",100.0%,"Oramos, ó Deus, pela tua noiva que somos nós, a igreja, para que o senhor, Ó Deus, nos dê perseverança, nos dê paciência e que tenhamos um progresso no senhor, pai, que a tua igreja, no nome de Jesus, a gente possa avançar, avançar Avante pelo Rei, Avante pelo reino."
nome,NOUN,100.0%,DET | ROOT,0.1%,"['seu', 'qual']",100.0%,"O, sobre todo, sobre todo nome é o seu, Senhor."
nome,NOUN,100.0%,ADJ | xcomp,0.1%,['engrandecer'],100.0%,Queremos o teu nome engrandecer e agradecer-te por tua obra em nossas vidas.
nome,NOUN,100.0%,PRON | xcomp,0.1%,['qual'],100.0%,"Vou, é sim, qual o nome dele?"
nome,NOUN,100.0%,ADV | mark,0.1%,"['quanto', 'até']",100.0%,"Olha, não foram, não me escolhestes, mas eu escolhi a voz e vos nomeei para que vais, eis frutos e o fruto permaneça a fim de tudo quanto em meu nome pedidos ao pai, ele vos conceda ou seja não foi, sabe a gente que escolheu, ele nos escolheu e vos nomeou."
nome,NOUN,100.0%,NOUN | csubj,0.1%,['poder'],100.0%,"""Ninguém é semelhante a ti, ó Senhor; tu és grande, e grande é o poder do teu nome."
nome,NOUN,100.0%,PRON | obj,0.1%,"['eu', 'todos']",100.0%,"Então é, Guilherme, olha aí, né, e faça assim como na igreja, né: diga ""eu"" e o seu nome aí na sua casa e repita aí o que o pastor Guilherme vai dizer aí nesse momento agora."
nome,NOUN,100.0%,NOUN | obl:agent,0.1%,"['poder', 'senhor']",100.0%,O cara foi liberto pelo poder do nome de Jesus ali.
nome,NOUN,100.0%,VERB | cop,0.1%,['tá'],100.0%,"O nome da Live tá aí: 16/21, oração pelo Brasil."
nome,NOUN,100.0%,ADJ | parataxis,0.1%,['maior'],100.0%,Eu incentivo muito a igreja a levantar a voz com autoridade e declarar: o nome de Jesus é maior do que todo nome.
nome,NOUN,100.0%,PROPN | ccomp,0.1%,"['yeshua-', 'dunamis']",100.0%,"Texto bíblico também disse que Yeshua- e nenhum outro nome a salvação, porque debaixo do céu não é um outro nome- é dado entre os homens, pelo qual importa que sejamos salvos e o seu nome permanecerá eternamente."
nome,NOUN,100.0%,NUM | nsubj:pass,0.0%,['nenhum'],100.0%,Nenhum desses nomes foi citado pela esquerda.
nome,NOUN,100.0%,NUM | obj,0.0%,['um'],100.0%,"Tem um que está sobre todos, tem um que está sobre todo nome, tem um que está sobre todo governo."
nome,NOUN,100.0%,SCONJ | dep,0.0%,['porque'],100.0%,A gente vai ter que porque assim o nome desse programa né dessa ação:
nome,NOUN,100.0%,ADP | mark,0.0%,['embora'],100.0%,"Eu peço todo peso nos ombros, todo peso na mente, todas as dores de cabeça e enxaqueca, vão embora agora em nome de Jesus, nós Oramos por cura Sobrenatural nesse lugar."
nome,NOUN,100.0%,ADP | compound,0.0%,['de'],100.0%,"Em nome de Jesus, em nome de"
nome,NOUN,100.0%,PRON | mark,0.0%,['qual'],100.0%,"Você lembra né qual que era o nome dele, lembro, não é?"
nome,NOUN,100.0%,ADV | conj,0.0%,['amanhã'],100.0%,"Em nome de Jesus, um abraço a todos vocês e até amanhã no mesmo horário, aí, até mais."
nome,NOUN,100.0%,ADJ | det,0.0%,['próprio'],100.0%,"O outro eh a base, né, Como o próprio nome diz, é o Pilar que fundamenta toda a campanha."
nome,NOUN,100.0%,NOUN | xcomp,0.0%,['perdão'],100.0%,"E quero honrar aqui também algumas pessoas que ontem em Belo Horizonte fizeram tudo isso acontecer, como aqui a nossa defensora- né perdão qual o nome da Rose- defensora da vida, que desde 2000 tem batalhado aí por vidas e que disse algo muito aqui importante:"
nome,NOUN,100.0%,PRON | acl:relcl,0.0%,['o'],100.0%,"Ah, foi posto aqui ao senhor que todas as vezes que o que o que o nome de vossa excelência deputado Nicolas Ferreira for citado, de que vossa excelência saia desta cadeira de presidente dessa comissão para responder, bem como não há nenhuma previsão regimental que obrigue vossa excelência a ter que responder fora desta cadeira."
nome,NOUN,100.0%,PROPN | punct,0.0%,['oh'],100.0%,"Em nome de Jesus, oh glória a Deus, te adoramos."
nome,NOUN,100.0%,PROPN | dep,0.0%,['jesus'],100.0%,"Nós declaramos: Jesus, o teu nome é."
nome,NOUN,100.0%,ADV | parataxis,0.0%,['acima'],100.0%,Creia: ele está acima de todo nome.
nome,NOUN,100.0%,VERB | nsubj,0.0%,['santificado'],100.0%,Santificado é o nome do senhor sobre as portas e as entradas do Brasil e ele continua dizendo:
nome,NOUN,100.0%,VERB | obj,0.0%,['santificado'],100.0%,"Santificado seja o teu nome, que seja feita a sua vontade e não a nossa, de que você precisa perdoar né quem tem te ofendido."
nome,NOUN,100.0%,VERB | nmod,0.0%,['amém'],100.0%,"Em nome de Jesus, em nome de Jesus, amém, amém."
nome,NOUN,100.0%,NUM | nsubj,0.0%,['um'],100.0%,"Aí, um dos nomes de Jesus é o justo Paulo."
nome,NOUN,100.0%,PROPN | mark,0.0%,['pai'],100.0%,"Ah, faze isso, Pai nosso que estás no céu, santificado seja o teu nome, vem, vem, vem sobre nós o teu reino."
nome,NOUN,100.0%,ADV | advcl,0.0%,['aqui'],100.0%,"E é tão forte isso, porque nós estamos aqui no nome do Senhor Jesus."
nome,NOUN,100.0%,ADP | obl,0.0%,['daquele'],100.0%,"E é como você disse, a justiça virá e virá do céu, virá daquele que pode, daquele que é o nome sobre todo nome, que tem todo poder."
nome,NOUN,100.0%,AUX | nsubj,0.0%,['vamos'],100.0%,E que nós vamos é no nome do Senhor.
nome,NOUN,100.0%,INTJ | nsubj,0.0%,['senhor'],100.0%,"Senhor, é o nome de Jesus a Deus, é isso que eu te peço, pai, o nome de Jesus a Deus."
nome,NOUN,100.0%,PUNCT | amod,0.0%,['né'],100.0%,"Quando você olha toda a nossa história, você olha gente, o estado de São Paulo, né São Paulo, Santa Catarina, você vê ele é prédios, né com o nome né de Santo, né que traz a Igreja Católica."
nome,NOUN,100.0%,CCONJ | punct,0.0%,['né'],100.0%,"Que seja pelo nome de Jesus Cristo, né, de pessoas que tiveram a ousadia de fazer algo diferente, né?"
nome,NOUN,100.0%,INTJ | punct,0.0%,['né'],100.0%,"Que seja pelo nome de Jesus Cristo, né, de pessoas que tiveram a ousadia de fazer algo diferente, né?"
nome,NOUN,100.0%,SCONJ | case,0.0%,['para'],100.0%,"Que o Senhor nos leve sem para ter um envolvimento com cada pessoa, para, em nome de Jesus, que o Senhor nos neve- é esse nível pai- e que nós possamos não somente orar, nós somos pagar sua mais jejuar, Senhor, ai acima de tudo, depender do senhor, saber que o Senhor tem que nada podemos fazer."
nome,NOUN,100.0%,SCONJ | nsubj,0.0%,['que'],100.0%,"Essa importância é que meu nome seja esquecido, mas que que o, o nome de que seja lembrado."
nome,NOUN,100.0%,PRON | acl,0.0%,['disso'],100.0%,"Então a gente tá fazendo a nossa função, Como o próprio nome disso."
nome,NOUN,100.0%,ADP | punct,0.0%,['ó'],100.0%,"Se o nome do livro aqui ó a nova era ea revolução cultural, do lado, deixa eu pegar aqui:"
jesus,PROPN,100.0%,ADP | case,24.7%,"['de', 'para', 'com', 'a', 'por', 'em', 'sobre', 'como', 'pra', 'ao']",99.1%,"Mas se ainda nos ouve e pode ouvir o nosso clamor, em nome de Jesus, te pedimos que tenha piedade do Brasil, tem a piedade do brasileiro, e nos ajuda também a ser cada vez brasileiros melhores, cristãos melhores, em nome de Jesus."
jesus,PROPN,100.0%,PUNCT | punct,9.4%,"[',', '.', ':', '?', '...', '“', '""', ';']",100.0%,"Jesus, pelo que o senhor conquistou para nós na cruz, porque nossas orações hoje podem ser ouvidas pelo pai, porque nós podemos agora pedir em teu nome, Jesus, e tudo que nós pedimos em teu nome será concedido a nós, pai, se alinhados com o teu espírito santo."
jesus,PROPN,100.0%,NOUN | obl,8.8%,"['nome', 'senhor', 'igreja', 'pés', 'sangue', 'entrega', 'gratidão', 'encontro', 'autoridade', 'lado']",92.6%,"Amém, senhor, eu quero pedir agora que todo espírito de tristeza ele vai embora pela ordem do seu nome, em nome de Jesus, nós Oramos agora depressão, ansiedade, suicídio, vão embora em nome de Jesus."
jesus,PROPN,100.0%,VERB | ROOT,7.8%,"['disse', 'falou', 'levanta', 'olha', 'veio', 'tem', 'concordo', 'deixou', 'chama', 'diz']",22.1%,"Lucas 17, dia seguinte Jesus, Jesus disse aos seus discípulos: é inevitável que aconteçam coisas que levem o povo a tropeçar, em deve estar mas vai da pessoa por meio de quem elas acontecem."
jesus,PROPN,100.0%,NOUN | nmod,5.3%,"['nome', 'senhor', 'rei', 'igreja', 'filho', 'oração', 'sangue', 'fato', 'mortos', 'poço']",83.0%,"Senhor, meu pai, que a gente possa ser cada dia mais bons ministros, senhor, bons mordomos, da palavra poderosa que o Senhor nos confiou, do Espírito Santo que ressuscitou o próprio Jesus dos mortos, que habita em nós."
jesus,PROPN,100.0%,PROPN | flat:name,4.9%,"['cristo', 'histórico', 'rei', 'ano', 'transforma-me', 'salvador', 'ramos', 'jesus', 'filho', 'inclusive']",94.2%,", por exemplo, santa catarina, espírito santo, são paulo o próprio cristo redentor, não é para poder exaltar uma religião em detrimento da outra, mas exatamente para mostrar que o nascimento de jesus cristo e foi um momento histórico para a humanidade."
jesus,PROPN,100.0%,NOUN | obj,3.0%,"['nome', 'vida', 'poder', 'encontro', 'sangue', 'volta', 'vidas', 'cântico', 'coração', 'loucura']",57.1%,"E eu quero aqui declarar que estes homens sinceros, mulheres sinceras, que têm a cada dia entendido mais a respeito da Fé por conta do seu viest conservador, eles vão entregar a suas vidas para Jesus e fazer dele o Senhor das suas vidas, porque aí sim o Exército de Deus vai crescer em força e em poder e na persuasão do Espírito, porque Paulo disse:"
jesus,PROPN,100.0%,VERB | acl:relcl,2.8%,"['disse', 'ressuscitou', 'conquistou', 'quer', 'fez', 'veio', 'ama', 'conhece', 'fazer', 'amem']",33.3%,"Senhor, meu pai, que a gente possa ser cada dia mais bons ministros, senhor, bons mordomos, da palavra poderosa que o Senhor nos confiou, do Espírito Santo que ressuscitou o próprio Jesus dos mortos, que habita em nós."
jesus,PROPN,100.0%,NOUN | ROOT,2.4%,"['nome', 'invade', 'remédio', 'homem', 'vontade', 'cadeirinha', 'tempo', 'tipo', 'gatinho', 'sangue']",88.1%,"Em nome de Jesus, amém, Amém."
jesus,PROPN,100.0%,VERB | advcl,2.4%,"['falando', 'voltar', 'disse', 'aceite', 'caminha', 'fala', 'lembrado', 'conhecer', 'derrame', 'crucificado']",31.8%,"Mas saiba né que muitas vezes o nosso coração é muito fechado para o outro, né a gente usa a Bíblia muito para poder julgar o outro, mas não usa para poder nos julgarmos, e pode ter certeza né de que, da mesma forma como Cristo nos alcançou, sabe, ele pode alcançar um estuprador, alcançar a Jesus."
jesus,PROPN,100.0%,PROPN | nmod,2.1%,"['senhor', 'cristo', 'deus', 'música', 'menino', 'ti', 'h.', 'você', 'amor', 'getsêmani']",93.0%,"Obrigado a todos pelo, pelas orações, pelo apoio, por aquilo que temos caminhado juntos e vamos continuar nesses 21 dias, povo de Deus, orando e crendo que o Brasil é de Jesus, onde o avião brasileiro no mundo existe uma ponta de avivamento para explodir, para honra e glória do Senhor Jesus."
jesus,PROPN,100.0%,NOUN | nsubj,2.0%,"['nome', 'sangue', 'senhor', 'cara', 'morte', 'filho', 'coragem', 'triunfo', 'direita', 'tristeza']",72.7%,"Cara, o que vai arrancar um jovem da perfeição, da falta de identidade, vai ser Jesus, vai ter Jesus, mas não é Jesus no sentido de escrever Jesus e entregar para ela que não é o Jesus, de que uma guerra espiritual que acontece E isso nós fazemos através da nossa oração, através do nosso jejum."
jesus,PROPN,100.0%,AUX | cop,1.7%,"['é', 'era', 'ser', 'foi', 'estava', 'tá', 'está', 'estar', 'sendo']",100.0%,"E eu quero declarar e profetizar que o Brasil é de Jesus e que ninguém vai impedir a obra que Deus tem, porque ele tá levantando e convertendo pessoas."
jesus,PROPN,100.0%,VERB | conj,1.6%,"['pergunta', 'coloca', 'morreu', 'falar', 'profetizar', 'passo', 'ensina-nos', 'sentou', 'conhecia', 'cumprindo']",25.0%,"Eh, você não pode fazer nada com o seu passado, mas através desse homem, como eu te falo, do apóstolo Adeildo, que viu a esposa sendo estuprada, e hoje para nós, naquele momento, Jesus sentou, respondeu todas as questões dele."
jesus,PROPN,100.0%,VERB | ccomp,1.4%,"['voltar', 'morreu', 'veio', 'mudou', 'encontrem', 'receba', 'entrou', 'podia', 'chegou', 'tinha']",35.0%,"Mas eu quero deixar algo claro aqui com relação a verdade que você disse um tempo atrás, que assim, o próprio Jesus Cristo ele foi crucificado por também dizer a verdade, né."
jesus,PROPN,100.0%,VERB | xcomp,1.4%,"['falar', 'aceitar', 'seguir', 'conhecer', 'entregar', 'voltar', 'chegar', 'olhar', 'amar', 'vir']",69.2%,"Quando você talvez não souber falar nada, quando a sua oração talvez ali você não conseguir mais dizer mais nada para Jesus e tiver com dificuldade tão grande de batalhar contra algo, diga o nome dele, porque o nome dele a poder, tá?"
jesus,PROPN,100.0%,DET | det,1.2%,"['o', 'próprio', 'nosso', 'esse', 'meu', 'a']",100.0%,"Senhor, meu pai, que a gente possa ser cada dia mais bons ministros, senhor, bons mordomos, da palavra poderosa que o Senhor nos confiou, do Espírito Santo que ressuscitou o próprio Jesus dos mortos, que habita em nós."
jesus,PROPN,100.0%,PROPN | conj,1.2%,"['jesus', 'rei', 'senhor', 'glória', 'deus', 'cristo', 'música', 'the', 'mestre', 'pai']",100.0%,"Jesus, eu oro por um mover de esperança, uma esperança viva, Pai, mudando a agenda dos nossos dias."
jesus,PROPN,100.0%,NOUN | appos,1.2%,"['pai', 'senhor', 'sangue', 'nome', 'porta', 'milagre', 'vida', 'gente', 'unanimidade', 'versículo']",81.8%,"Eu oro em nome de Jesus, pai, para que haja seja liberado um novo tempo sobre as famílias da igreja brasileira, a começar em nós que somos Igreja."
jesus,PROPN,100.0%,NOUN | conj,1.1%,"['nome', 'resultados', 'louvor', 'palavra', 'noiva', 'força', 'fé', 'evangelho', 'loucura', 'semelhança']",53.3%,"Então, quando a gente está falando sobre Jesus e sobre o evangelho e esse poder de Deus que emana da palavra de Deus, que emana do Espírito Santo que habita entre nós, a gente tá falando sobre equilíbrio e totalidade do Evangelho."
jesus,PROPN,100.0%,PROPN | nsubj,1.0%,"['jesus', 'senhor', 'brasil', 'né', 'guarda', 'deus', 'próprio', 'josué', 'ela', 'precioso']",96.3%,"Obrigado a todos pelo, pelas orações, pelo apoio, por aquilo que temos caminhado juntos e vamos continuar nesses 21 dias, povo de Deus, orando e crendo que o Brasil é de Jesus, onde o avião brasileiro no mundo existe uma ponta de avivamento para explodir, para honra e glória do Senhor Jesus."
jesus,PROPN,100.0%,VERB | acl,0.9%,"['ignorar', 'obrigado', 'acontecendo', 'apaixonado', 'escrever', 'orando', 'voltaria', 'intercedendo', 'aceitar', 'prometidos']",42.3%,"Ok, então, no propósito, o propósito protegido por dois intercessores a mim primeiro, vai falar que a direita de Deus está Jesus intercedendo por nós."
jesus,PROPN,100.0%,VERB | parataxis,0.9%,"['oro', 'amém', 'eh', 'sabe', 'tentou', 'quer', 'disse', 'fala', 'fazem', 'trouxe']",96.0%,"Jesus, eu oro por um mover de esperança, uma esperança viva, Pai, mudando a agenda dos nossos dias."
jesus,PROPN,100.0%,PROPN | ROOT,0.9%,"['senhor', 'música', 'guarda', 'jesus', 'glória', 'salvador', 'amor', 'pai', 'salva', 'amém']",87.5%,"Que o senhor esteja, Senhor Jesus, conosco."
jesus,PROPN,100.0%,PROPN | appos,0.8%,"['jesus', 'música', 'pai', 'senhor', 'law', 'falea', 'deus', 'is', 'ceará']",100.0%,"Que é aquele que será eterno, aquele que está acima de todo nome, acima de todo o caminho, acima de todo o poder: Jesus, Jesus, Jesus, ora cala abaixo."
jesus,PROPN,100.0%,ADV | advmod,0.8%,"['não', 'ali', 'somente', 'realmente', 'depois', 'então', 'longe', 'atrás', 'através', 'pessoalmente']",91.3%,"Então Todos nós somos pecadores, mas, graças a Deus, o Senhor, ele morreu por mim, morreu por você para que a gente não tivesse mais né sobre a sob a condenação, né ali do pecado e você pudesse ter um outro caminho para poder ser curado, para poder você ser salvo, para poder, se você pagar um preço, na verdade, que ninguém outro conseguiria pagar a não ser Jesus, então, se a dívida tava muito alta, né de Pecados da humanidade inteira, Jesus foi lá e pagou com sangue dEle."
jesus,PROPN,100.0%,PROPN | parataxis,0.5%,"['jesus', 'senhor']",100.0%,"O momento você tá assim completamente desesperado e a única coisa que eu consegui gritar era Jesus, era Jesus, era Jesus, era Jesus."
jesus,PROPN,100.0%,ADJ | amod,0.5%,"['querido', 'parecido', 'único', 'mesmo', 'chamado', 'novas', 'diferente', 'precioso', 'pequeno', 'melhor']",100.0%,"Agora olha que poderoso: isso não foi, não foi o ouvido de Lázaro que ouviu a voz de Jesus, ouvindo dele não funcionava mais; não foram sentido de Lázaro que sentiram o chamado Jesus, os sentidos dele não funcionava mais."
jesus,PROPN,100.0%,PROPN | obj,0.5%,"['senhor', 'igor', 'deus', 'poder', 'cristo']",100.0%,"Muita gente dessa geração nós sabe o que que é isso, né, dos louvores do David Quinlan, adorando ao Senhor Jesus."
jesus,PROPN,100.0%,PRON | nsubj,0.5%,"['que', 'quem', 'o', 'aquilo', 'ele', 'você']",100.0%,"Aí eu falei bem assim: eu perguntaria quem é Jesus, porque isso vai definir toda a visão que o cara tem de mundo, a teologia dele, a filosofia Dele."
jesus,PROPN,100.0%,SCONJ | mark,0.5%,"['que', 'para', 'porque', 'de']",100.0%,"Ok, então, no propósito, o propósito protegido por dois intercessores a mim primeiro, vai falar que a direita de Deus está Jesus intercedendo por nós."
jesus,PROPN,100.0%,NOUN | ccomp,0.4%,"['senhor', 'nome', 'filho', 'homem', 'figura', 'portas', 'verdade', 'expostos', 'pedido']",100.0%,"Por isso Deus o exaltou à mais alta posição, ele deu o nome que está acima de todo nome, para que ao nome de Jesus se dobre todo joelho, no céu, na terra e debaixo da terra, e toda língua confesse que Jesus Cristo é o senhor, para glória de Deus Pai."
jesus,PROPN,100.0%,CCONJ | cc,0.4%,"['e', 'mas']",100.0%,"O versículo 41 relata ele conversando com o outro ladrão e Jesus no meio, ele diz assim: nós na verdade com justiça Estamos morrendo, porque recebemos o castigo que os nossos atos merecem, mas ele, ele é santo, ele não merece tá aqui, nós merecemos."
jesus,PROPN,100.0%,ADJ | ROOT,0.4%,"['manso', 'valioso', 'jovem', 'gay', 'maus', 'preocupados', 'exausta', 'impossível', 'fraco', 'grande']",100.0%,"Se Jesus isso é impossível de acontecer, porque Jesus tinha um propósito."
jesus,PROPN,100.0%,PROPN | obl,0.4%,"['senhor', 'jesus', 'amar', 'peito', 'brasil']",100.0%,"Ness se esforçaram também, não fez tudo para que a gente tivesse a esperança de morar com ele na eternidade, não no céu, mas no grande Palácio da Paz onde nós vamos ficar com Jesus, Jesus Cristo, pra gente poder conversar com ele."
jesus,PROPN,100.0%,NOUN | parataxis,0.3%,"['nome', 'história', 'guarda', 'poxa', 'pessoa', 'mundo']",100.0%,"Para mim, então, Jesus era uma pessoa muito distante, sabe."
jesus,PROPN,100.0%,PRON | ROOT,0.2%,"['ti', 'alguém', 'ele', 'aquele', 'esse']",100.0%,"Alguém, Jesus e o louvou."
jesus,PROPN,100.0%,NOUN | dep,0.2%,"['nome', 'l', 'misericórdia', 'nascimento', 'sangue']",100.0%,", por exemplo, santa catarina, espírito santo, são paulo o próprio cristo redentor, não é para poder exaltar uma religião em detrimento da outra, mas exatamente para mostrar que o nascimento de jesus cristo e foi um momento histórico para a humanidade."
jesus,PROPN,100.0%,VERB | csubj,0.2%,"['levar', 'conhece', 'colocar', 'pediu', 'fiz', 'falei']",100.0%,"Eu fiz esse Jesus com alguns homens e a gente falou sobre eternidade, estava uma coisa que explodiu a cabeça de muita gente, estava lá."
jesus,PROPN,100.0%,PRON | flat:name,0.2%,"['ele', 'eu', 'isso']",100.0%,dos quais eu sou o principal não é sobre você não é sobre Nenhum de Nós é sobre Deus é sobre Jesus e a Bíblia declara que quando Jesus ele estava na iminência dele da morte na cruz ele passou por um período por um estado de Sofrimento
jesus,PROPN,100.0%,PROPN | ccomp,0.1%,"['senhor', 'cristo']",100.0%,Todo joelho se dobrará e toda língua confessará que Jesus Cristo é o Senhor.
jesus,PROPN,100.0%,NOUN | acl:relcl,0.1%,"['mandamento', 'sugestão', 'pergunta', 'modelo']",100.0%,"Amém, que alegria tá participando com você para abençoar tantas vidas- 31 mil vidas sendo abençoadas nesse momento- para poder falar sobre o poder da oração, algo que na verdade é um mandamento de Jesus, do apóstolo Paulo:"
jesus,PROPN,100.0%,ADJ | conj,0.1%,"['real', 'manso', 'maior']",100.0%,"terra chamando, terra chamando, porque quando, ah, meu Deus, o céu é real, Jesus é real, amém."
jesus,PROPN,100.0%,ADJ | acl:relcl,0.1%,"['esquerdista', 'estéreis']",100.0%,"Eu tenho certeza que hoje a gente vai ouvir aí, né nas próximas semanas, talvez meses, testemunhos de mulheres que estavam estéreis de Jesus, de de mulheres que não conseguiam ter filhos e passaram a ter filhos né tiveram um sim."
jesus,PROPN,100.0%,PRON | obl,0.1%,"['ela', 'ti', 'você']",100.0%,"Cara, o que vai arrancar um jovem da perfeição, da falta de identidade, vai ser Jesus, vai ter Jesus, mas não é Jesus no sentido de escrever Jesus e entregar para ela que não é o Jesus, de que uma guerra espiritual que acontece E isso nós fazemos através da nossa oração, através do nosso jejum."
jesus,PROPN,100.0%,AUX | ROOT,0.1%,"['vai', 'está']",100.0%,"o Jesus está, Jesus ele tá no barco e você precisa levar isso como hábito."
jesus,PROPN,100.0%,INTJ | ROOT,0.1%,"['ai', 'és', 'ô']",100.0%,"Ô Jesus, tudo que nós queremos, tudo que mais nós desejamos é estar aos teus pés."
jesus,PROPN,100.0%,PROPN | dep,0.1%,['senhor'],100.0%,"Nós repreendemos todas as setas do inimigo contra o nosso país, contra a nossa nação, e nós declaramos, Pai, que a nossa nação é do Senhor Jesus."
jesus,PROPN,100.0%,ADJ | ccomp,0.1%,"['claro', 'canibal']",100.0%,"Uma das coisas muito fortes que eu queria deixar aqui também, ncolas, para todos nós, é que Jesus foi muito claro:"
jesus,PROPN,100.0%,PRON | dep,0.1%,['qual'],100.0%,"De repente, eu perguntei para Jesus: “Jesus, qual o maior milagre que aconteceu aqui?"
jesus,PROPN,100.0%,PRON | nmod,0.1%,"['nós', 'ti']",100.0%,"A Deus, oh, sua presença clamamos: vem, vem teu reino sobre nós, Jesus."
jesus,PROPN,100.0%,DET | flat:name,0.1%,"['aquele', 'teu']",100.0%,Oramos em nome em nome de Jesus em nome de Jesus aquele que era aquele
jesus,PROPN,100.0%,AUX | advcl,0.1%,"['estava', 'foi']",100.0%,"E a pedra do túmulo de Jesus nem saiu, porque Jesus já não estava mais lá."
jesus,PROPN,100.0%,PRON | conj,0.1%,"['ele', 'tudo']",100.0%,"E ela abriu, com meu pai tinha saído assim para trabalhar, e viu que eu tava do lado da cama, eu bem novinho ali, e ela gritando o nome, né, de Jesus, e ele, depois de uma palavra é de ordem, ele simplesmente saiu dali."
jesus,PROPN,100.0%,NOUN | flat:name,0.1%,"['almas', 'valor']",100.0%,"Depois que a igreja desperta, a gente começa então ganhar vidas para Jesus almas."
jesus,PROPN,100.0%,NOUN | advcl,0.1%,"['interesse', 'mediador']",100.0%,"Jesus vai até lá para ressuscitar o menino, porque é do interesse de Jesus ressuscitar;"
jesus,PROPN,100.0%,VERB | flat:name,0.1%,['chorou'],100.0%,"Jesus Chorou, o menor versículo da Bíblia: Jesus Chorou."
jesus,PROPN,100.0%,INTJ | advmod,0.1%,"['ai', 'olha']",100.0%,Ai Jesus amado achei que eu escrevi no final e de cabeça para baixo ainda tô igual o Lula Esponja um dia o seguinte Deus é verdadeiro e nós
jesus,PROPN,100.0%,ADJ | advcl,0.1%,"['sedenta', 'gostoso']",100.0%,"Né o cristão não Conhece outra forma, é o oxigênio do Cristão, é oração, pessoa, quando realmente o coração dela tá sedenta por Jesus."
jesus,PROPN,100.0%,NOUN | xcomp,0.1%,"['testemunho', 'presença']",100.0%,"Talvez eu não posso evangelizar na família do Brasil inteiro, mas eu posso ser um testemunho de Jesus na minha."
jesus,PROPN,100.0%,ADV | case,0.1%,"['até', 'graças']",100.0%,Mas até o próprio Jesus: Ele sentiu uma pressão tão grande.
jesus,PROPN,100.0%,PRON | acl:relcl,0.1%,"['algo', 'esse']",100.0%,"Jesus que, embora sempre quando Deus não considerou que o ser igual a Deus era algo a que devia pegar-se, mas esvaziou-se a si mesmo, vindo a ser servo, tornando-se semelhante aos homens e sendo encontrado em forma humana, humilhou-se a si mesmo e foi obediente até a morte e morte de cruz."
jesus,PROPN,100.0%,NUM | nmod,0.0%,['12'],100.0%,"Não, Jesus apenas com 12 mudou a história de antes e depois dele."
jesus,PROPN,100.0%,ADV | conj,0.0%,['depois'],100.0%,Hoje ele é dividido antes e depois de Jesus Cristo.
jesus,PROPN,100.0%,ADV | amod,0.0%,['meor'],100.0%,Jesus os quatro cantos dessa [Música] terra meor
jesus,PROPN,100.0%,ADJ | xcomp,0.0%,['parecidos'],100.0%,"Cada um desses processos que o senhor nos leva na verdade são oportunidades dele nos santificar mais, nos fazer mais parecidos com Jesus."
jesus,PROPN,100.0%,ADJ | case,0.0%,['igual'],100.0%,"A gente se arrastando igual Jesus a cruz cai nas costa, pede força e cumpre o propósito."
jesus,PROPN,100.0%,ADJ | appos,0.0%,['igual'],100.0%,"É, meu Jesus Salvador, outro igual não há."
jesus,PROPN,100.0%,PRON | parataxis,0.0%,['amém'],100.0%,"Jesus, amém."
jesus,PROPN,100.0%,PROPN | obl:agent,0.0%,['nosso'],100.0%,"Se você não consegue reconhecer que a vida é o maior valor que existe no universo, que é um, um dom dado por Nosso Senhor Jesus Cristo, você não consegue reconhecer que a vida tem que ser protegida, você não merece nem tá aqui."
jesus,PROPN,100.0%,SCONJ | ROOT,0.0%,['és'],100.0%,A Jesus não és tudo [Música].
jesus,PROPN,100.0%,AUX | aux,0.0%,['vai'],100.0%,"Cara, o que vai arrancar um jovem da perfeição, da falta de identidade, vai ser Jesus, vai ter Jesus, mas não é Jesus no sentido de escrever Jesus e entregar para ela que não é o Jesus, de que uma guerra espiritual que acontece E isso nós fazemos através da nossa oração, através do nosso jejum."
jesus,PROPN,100.0%,PUNCT | flat:name,0.0%,"['""']",100.0%,"""eu quero voltar, eu quero entregar minha vida para Jesus""."
jesus,PROPN,100.0%,ADJ | flat:name,0.0%,['negro'],100.0%,"Porque, por exemplo, para um pastor da chopp como você confrontou lá, Jesus é o Jesus histórico, é o Jesus Inclusive, é o Jesus negro, Jesus Gay, por aí vai."
jesus,PROPN,100.0%,DET | ccomp,0.0%,['um'],100.0%,Porque o povo acha que Jesus era um no antigo testamento.
jesus,PROPN,100.0%,ADJ | nsubj,0.0%,['cego'],100.0%,Hoje eu tô cego de Jesus você quer que eu quero é óbvio mas o que que Jesus quer do cego pedimos misericórdia não é oração específica Amém todo mundo aqui na multidão precisa da minha misericórdia filho de ti rapaz teu filho já é uma benção
jesus,PROPN,100.0%,ADP | mark,0.0%,['a'],100.0%,"Então Todos nós somos pecadores, mas, graças a Deus, o Senhor, ele morreu por mim, morreu por você para que a gente não tivesse mais né sobre a sob a condenação, né ali do pecado e você pudesse ter um outro caminho para poder ser curado, para poder você ser salvo, para poder, se você pagar um preço, na verdade, que ninguém outro conseguiria pagar a não ser Jesus, então, se a dívida tava muito alta, né de Pecados da humanidade inteira, Jesus foi lá e pagou com sangue dEle."
jesus,PROPN,100.0%,PUNCT | det,0.0%,['ó'],100.0%,"Ó Jesus, ajuda a incredulidade, vai, ajuda nossa integridade aonde você tiver."
jesus,PROPN,100.0%,ADP | nmod,0.0%,['pela'],100.0%,"Jesus, eu oro pela... pela geração de filhos de pastores que estão se posicionando."
jesus,PROPN,100.0%,CCONJ | parataxis,0.0%,['ou'],100.0%,"Jesus, eu oro para que a presença que a gente carrega possa constranger mais até do que a eloquência que a gente tem, discussões ou... ou... ou... ou talvez em painéis às vezes."
jesus,PROPN,100.0%,CCONJ | conj,0.0%,['ou'],100.0%,"Jesus, eu oro para que a presença que a gente carrega possa constranger mais até do que a eloquência que a gente tem, discussões ou... ou... ou... ou talvez em painéis às vezes."
jesus,PROPN,100.0%,PRON | det,0.0%,['este'],100.0%,"A partir daquele dia disse ele que mais do que cantar uma música naquele CD, Eu queria conhecer este Jesus que estava transformando a vida dele."
jesus,PROPN,100.0%,PRON | obj,0.0%,['qual'],100.0%,"E João, O discípulo a qual Jesus amado."
jesus,PROPN,100.0%,ADV | flat:name,0.0%,['mesmo'],100.0%,"Jesus mesmo ali pessoalmente, ele incitava e ele convidava a pessoa para um diálogo."
jesus,PROPN,100.0%,AUX | flat:name,0.0%,['é'],100.0%,"Jesus é, sabe?"
jesus,PROPN,100.0%,ADV | ROOT,0.0%,['aqui'],100.0%,"Jesus era esse aqui, ó."
jesus,PROPN,100.0%,PROPN | amod,0.0%,['trans'],100.0%,"Isso já aconteceu aqui em Belo Horizonte em outras vezes, como por exemplo a peça teatral de Jesus trans, né o coração de nosso de ônibus travestis na virada cultural fora que de Belo Horizonte."
jesus,PROPN,100.0%,AUX | ccomp,0.0%,['eram'],100.0%,É se eu falar que eu acho que Jesus Cristo eram que ele disse que que você acha disso?
jesus,PROPN,100.0%,ADJ | csubj,0.0%,['comunista'],100.0%,"Então sim, dentro da Bíblia é muito claro que de fato Jesus não era comunista ou socialista."
jesus,PROPN,100.0%,SCONJ | det,0.0%,['que'],100.0%,O certo é queria só saber mesmo que eu já ouvi do lado da esquerda falando isso que que Jesus que Jesus foi mais esquerdista que já existiu.
jesus,PROPN,100.0%,VERB | nsubj,0.0%,['arrependa'],100.0%,"por exemplo, você acha que o cara em praça e fica lá se arrepender, não se arrependa e jesus está voltando e tal."
jesus,PROPN,100.0%,NOUN | iobj,0.0%,['presença'],100.0%,"Não há nada que nós desejemos mais do que a tua presença, Jesus."
jesus,PROPN,100.0%,NOUN | nsubj:pass,0.0%,['história'],100.0%,"Né eu sei que a rede social é um instrumento que hoje, infelizmente, é utilizada para coisas horríveis, né enquanto nós temos, né aí poxa Jesus Cristo, a história de Jesus Cristo é sendo ignorada."
jesus,PROPN,100.0%,ADV | cc,0.0%,['ah'],100.0%,"Ah Jesus, eu quero um cão guia”, né?"
jesus,PROPN,100.0%,ADP | det,0.0%,['a'],100.0%,"Eu sou pastor e missionário e muito bem casado, graças a Jesus."
jesus,PROPN,100.0%,VERB | cop,0.0%,['tá'],100.0%,"Ah, eu lembro da história de Jesus: quando Jesus tá lá naquela multidão, 5000 homens na frente dele, aí Jesus fala bem assim: aí, vamos dar de comer esse essa galera aí."
oração,NOUN,99.2%,DET | det,19.9%,"['a', 'uma', 'nossa', 'as', 'essa', 'minha', 'sua', 'nossas', 'suas', 'essas']",94.3%,"E, falando sobre intercessão, eu queria convidar esse povo, aqui agora, a orar conosco e entender, fazer os entender pelo Espírito de Deus, porque só ele pode nos levar esse entendimento de que, sim, a sua oração, irmãzinha, você aí, ó que tá aí do outro lado agora pensando Poxa, Camila, mas Deus vai ouvir a minha oração e ela foi uma oração de alguém que tem procurado né caminhar em retidão diante do Senhor."
oração,NOUN,99.2%,ADP | case,18.1%,"['de', 'da', 'em', 'na', 'sobre', 'com', 'pela', 'para', 'nas', 'por']",93.0%,"É o Daniel, com relação a oração, né que eu tenho perguntado para todo mundo, é um momento né da vida de vocês vocês possam contar um testemunho de oração, né onde oração fez toda a diferença, onde ela foi assim primordial, ali, naquele momento puderem e tiverem para poder contar."
oração,NOUN,99.2%,NOUN | nmod,6.0%,"['dias', 'jejum', 'vida', 'gratidão', 'dia', 'oração', 'igreja', 'intercessão', 'coração', 'país']",42.4%,"Boa noite a todos vocês, hoje é o dia 6 de 21 dias de oração e jejum pelo nosso país e empresta a Bíblia no celular aí por gentileza e estava Lula eupídio aqui, obviamente eu não poderia deixar, agora está certo lum pío e Paulo Borges."
oração,NOUN,99.2%,VERB | ROOT,5.8%,"['faz', 'tem', 'fiz', 'fazer', 'é', 'fez', 'sabe', 'obrigado', 'existe', 'orar']",32.4%,"Mas uma experiência minha pessoal foi Deus ouvindo a minha oração no sentido de que, para o mundo, né, parece loucura, né, é essas orações sim."
oração,NOUN,99.2%,PUNCT | punct,5.3%,"[',', '.', ':', 'né', '?', '""']",100.0%,"Mas uma experiência minha pessoal foi Deus ouvindo a minha oração no sentido de que, para o mundo, né, parece loucura, né, é essas orações sim."
oração,NOUN,99.2%,NOUN | obj,4.0%,"['dias', 'poder', 'vida', 'tipo', 'respeito', 'tipos', 'tempo', 'exército', 'comprometimento', 'sala']",52.0%,"É o Daniel, com relação a oração, né que eu tenho perguntado para todo mundo, é um momento né da vida de vocês vocês possam contar um testemunho de oração, né onde oração fez toda a diferença, onde ela foi assim primordial, ali, naquele momento puderem e tiverem para poder contar."
oração,NOUN,99.2%,VERB | acl:relcl,3.6%,"['fez', 'faz', 'deve', 'tem', 'faço', 'fiz', 'precisa', 'quero', 'possa', 'respondidas']",35.2%,"Eu aprendi, Nicolas, que chorar na presença de Deus, mesmo quando você não tem o que dizer, é a oração mais sincera que alguém pode fazer."
oração,NOUN,99.2%,AUX | cop,2.7%,"['é', 'foi', 'ser', 'era', 'estar', 'são', 'estão', 'sido', 'esteja', 'seja']",98.3%,"Mas uma experiência minha pessoal foi Deus ouvindo a minha oração no sentido de que, para o mundo, né, parece loucura, né, é essas orações sim."
oração,NOUN,99.2%,ADV | advmod,2.6%,"['através', 'então', 'não', 'aí', 'aqui', 'depois', 'também', 'agora', 'debaixo', 'somente']",83.6%,"E, falando sobre intercessão, eu queria convidar esse povo, aqui agora, a orar conosco e entender, fazer os entender pelo Espírito de Deus, porque só ele pode nos levar esse entendimento de que, sim, a sua oração, irmãzinha, você aí, ó que tá aí do outro lado agora pensando Poxa, Camila, mas Deus vai ouvir a minha oração e ela foi uma oração de alguém que tem procurado né caminhar em retidão diante do Senhor."
oração,NOUN,99.2%,NOUN | obl,2.6%,"['dias', 'lugar', 'dia', 'poder', 'vida', 'jejum', 'momento', 'caminho', 'tempo', 'propósito']",64.3%,"Eh o quanto que a gente precisa conhecer e entrar nesse lugar de oração com comprar as batalhas espirituais, lembrar que nossa luta não é contra carne nem sangue, mas a gente tem que saber disso entrando nesse lugar de quebrantamento, cara de se humilharem de Deus e depender dos caminhos dEle."
oração,NOUN,99.2%,VERB | advcl,2.6%,"['tem', 'falar', 'fala', 'fazer', 'entrei', 'fazendo', 'faz', 'obrigado', 'focar', 'cobrindo']",28.9%,"E eu acredito que é a mesma coisa que trouxe, sem dúvida nenhuma, a maioria das pessoas que estão conosco agora para buscarem ao Senhor em oração."
oração,NOUN,99.2%,ADJ | amod,2.4%,"['específica', 'eficaz', 'inesquecível', 'intencional', 'poderosa', 'última', 'sincera', 'perigosa', 'rápida', 'constante']",39.8%,"a oração intencional no seguinte sentido de não que seja feita a tua vontade, mas a vontade do Senhor, porque muitos oram né com uma, com uma intenção, mas ora não colocando a vontade do senhor para o país, né e muitos oram para para algumas coisas que estão no coração, mas, como o senhor disse, né a ao momento que você vai falando, muitas das muitas vezes as pessoas guardam algumas coisas, não falam tudo pro Senhor, e ele é o único uniciente, né."
oração,NOUN,99.2%,VERB | conj,2.2%,"['faz', 'fiz', 'fazer', 'esqueço', 'mudou', 'muda', 'falar', 'pedir', 'ouvir', 'passa']",31.2%,"E, falando sobre intercessão, eu queria convidar esse povo, aqui agora, a orar conosco e entender, fazer os entender pelo Espírito de Deus, porque só ele pode nos levar esse entendimento de que, sim, a sua oração, irmãzinha, você aí, ó que tá aí do outro lado agora pensando Poxa, Camila, mas Deus vai ouvir a minha oração e ela foi uma oração de alguém que tem procurado né caminhar em retidão diante do Senhor."
oração,NOUN,99.2%,NOUN | conj,2.1%,"['jejum', 'súplica', 'oração', 'súplicas', 'ação', 'intercessão', 'tipo', 'fruto', 'vida', 'busca']",47.8%,"Então nós vemos que a Bíblia inteira, desde gênes até o Apocalipse, Nicolas, ela fala desse poder de ressurreição e a igreja precisa resgatar isso, orem com todo tipo de ressurreição, com todo tipo de oração e oração de ressurreição."
oração,NOUN,99.2%,NOUN | ROOT,1.8%,"['oração', 'dia', 'dias', 'jejum', 'chave', 'palavra', 'lugar', 'resultado', 'orações', 'pessoas']",52.5%,"Que tudo que eu canto para Deus, eu oro cantando, então é uma oração para libertação, é uma libertação, é uma oração para cura, é uma oração de guerra, muitas vezes é um tipo de oração através da música."
oração,NOUN,99.2%,CCONJ | cc,1.6%,"['e', 'mas', 'nem', 'ou']",100.0%,"E, falando sobre intercessão, eu queria convidar esse povo, aqui agora, a orar conosco e entender, fazer os entender pelo Espírito de Deus, porque só ele pode nos levar esse entendimento de que, sim, a sua oração, irmãzinha, você aí, ó que tá aí do outro lado agora pensando Poxa, Camila, mas Deus vai ouvir a minha oração e ela foi uma oração de alguém que tem procurado né caminhar em retidão diante do Senhor."
oração,NOUN,99.2%,NOUN | nsubj,1.6%,"['oração', 'vida', 'dias', 'estrutura', 'arma', 'libertação', 'caminho', 'tempo', 'grupo', 'palavra']",50.7%,"E depois disso, grande parte de tudo que a gente faz hoje, o sentido maior é oração."
oração,NOUN,99.2%,VERB | xcomp,1.3%,"['fazer', 'puxar', 'falar', 'começar', 'receber', 'saia', 'agindo', 'pedido', 'permanecer', 'contar']",56.7%,"E, falando sobre intercessão, eu queria convidar esse povo, aqui agora, a orar conosco e entender, fazer os entender pelo Espírito de Deus, porque só ele pode nos levar esse entendimento de que, sim, a sua oração, irmãzinha, você aí, ó que tá aí do outro lado agora pensando Poxa, Camila, mas Deus vai ouvir a minha oração e ela foi uma oração de alguém que tem procurado né caminhar em retidão diante do Senhor."
oração,NOUN,99.2%,VERB | acl,1.3%,"['respondidas', 'respondida', 'direcionada', 'abraçar', 'orar', 'obrigado', 'dizendo', 'usado', 'feita', 'ter']",37.9%,"Na hora de orar, vai orar uma oração fraca, porque uma oração infantil, uma oração emocionada, e você não consegue acessar a autoridade espiritual concedida pelo Senhor."
oração,NOUN,99.2%,VERB | ccomp,1.2%,"['faça', 'fiz', 'tem', 'fez', 'pode', 'faz', 'acompanhada', 'peço', 'dissermos', 'precisa']",38.5%,"E a gente Tomou a iniciativas, iniciativa chamando várias pessoas aqui, não para mim entretenimento, Não Para te convocar para uma festa, mas SIM para várias pessoas que são alinhadas com o reino, com o evangelho, para poder trazer uma palavra para de esperança para o seu coração, para poder trazer uma palavra de confronto, para poder trazer uma palavra de crescimento, para você se aproximar mais de Deus, para você que sabe orar, para você aprender a orar, para você que não tem o costume de orar, para você passar a ter o costume de orar para você é que ora, mas talvez hora errado para você entender que existem orações que a gente pede mal e por isso que Deus não escuta."
oração,NOUN,99.2%,PRON | nsubj,1.1%,"['que', 'essa', 'isso', 'você', 'o', 'esta', 'eu', 'qual', 'tudo', 'algo']",97.9%,"E, falando sobre intercessão, eu queria convidar esse povo, aqui agora, a orar conosco e entender, fazer os entender pelo Espírito de Deus, porque só ele pode nos levar esse entendimento de que, sim, a sua oração, irmãzinha, você aí, ó que tá aí do outro lado agora pensando Poxa, Camila, mas Deus vai ouvir a minha oração e ela foi uma oração de alguém que tem procurado né caminhar em retidão diante do Senhor."
oração,NOUN,99.2%,PROPN | nmod,1.1%,"['pai', 'deus', 'brasil', 'jesus', 'daniel', 'nosso', 'você', 'evangelista', 'primeira', 'filipenses']",63.8%,"Se você olhar a Bíblia, a palavra de Deus, e aí vou chegar aqui para nós, quando o apóstolo Paulo vai falar da oração em Primeira Timóteo, no capítulo 2, o apóstolo Paulo diz uma coisa que muitos de nós não observamos:"
oração,NOUN,99.2%,PRON | nmod,0.7%,"['deles', 'dela', 'mim', 'ela', 'vocês', 'todos', 'aqueles', 'dele', 'algo', 'disso']",83.3%,"E, falando sobre intercessão, eu queria convidar esse povo, aqui agora, a orar conosco e entender, fazer os entender pelo Espírito de Deus, porque só ele pode nos levar esse entendimento de que, sim, a sua oração, irmãzinha, você aí, ó que tá aí do outro lado agora pensando Poxa, Camila, mas Deus vai ouvir a minha oração e ela foi uma oração de alguém que tem procurado né caminhar em retidão diante do Senhor."
oração,NOUN,99.2%,NOUN | ccomp,0.6%,"['oração', 'chave', 'arma', 'momento', 'pauta', 'live', 'pilar', 'movimento', 'petição', 'dia']",64.0%,"Eu sei que você tá envolvido também com toda a causa do Marajó e aqui dentro do d a gente tem o Instituto akash e aquilo que a gente faz, faz lá e às vezes o que a gente não pensa é que o akashi ou, perdão, o Marajó, não é uma pauta apenas de oração, é uma pauta de trabalho, porque a realidade lá é uma realidade tão profunda, é uma realidade tão séria que eu não tenho como criar restauração sem trabalhar."
oração,NOUN,99.2%,SCONJ | mark,0.5%,"['que', 'porque', 'para']",100.0%,"Pastor, a gente tá falando sobre oração, né, e eu sei que a oração, né, na vida do cristão é de noite em todos os momentos, seja para alimentar, seja para dormir, seja para agradecer, seja para poder repreender."
oração,NOUN,99.2%,ADJ | acl:relcl,0.5%,"['inesquecível', 'decisiva', 'essencial', 'primeiro', 'fundamental', 'envolvido', 'grandes', 'poderosas', 'preciso', 'poderosa']",73.9%,"Gabriela, qual foi o momento da sua vida onde a oração, ela, foi essencial, assim, uma oração Inesquecível na sua vida?"
oração,NOUN,99.2%,ADJ | ROOT,0.5%,"['poderosa', 'correto', 'celeiros', 'poderoso', 'inesquecível', 'difícil', 'presente', 'distante', 'semelhante', 'fruto']",61.9%,"Então, ok, a oração não é poderosa por causa de quem faz, a oração é poderosa por causa de quem a ouve, só que quando o Tiago que a oração de um justo muito pode em seus efeitos, ele está chamando não quem ouve ao compromisso, mas quem faz que intercede."
oração,NOUN,99.2%,VERB | parataxis,0.4%,"['atenda', 'sabe', 'fiz', 'obrigado', 'temos', 'tem', 'colocar', 'começou', 'costumo', 'descrevem']",68.4%,"Nick, muito obrigado, que Deus abençoe a sua vida, Obrigado pela oração, obrigado pela disposição, você uma pessoa extremamente importante no corpo de Cristo, que nós fazemos PR, tá um abração para vocêo."
oração,NOUN,99.2%,NOUN | appos,0.4%,"['oração', 'pessoa', 'movimento', 'programa', 'crise', 'gente', 'cara', 'orações', 'entrega', 'trabalho']",73.7%,"E, falando sobre intercessão, eu queria convidar esse povo, aqui agora, a orar conosco e entender, fazer os entender pelo Espírito de Deus, porque só ele pode nos levar esse entendimento de que, sim, a sua oração, irmãzinha, você aí, ó que tá aí do outro lado agora pensando Poxa, Camila, mas Deus vai ouvir a minha oração e ela foi uma oração de alguém que tem procurado né caminhar em retidão diante do Senhor."
oração,NOUN,99.2%,PROPN | ROOT,0.3%,"['coloque', 'pastor', 'eh', 'bíblia', 'estenda', 'mãe', 'jesus', 'nicolas', 'deus', 'né']",85.7%,"Pastor Aloísio Silva: a oração que deve ser feita por todo cristão não é uma oração de Praga, e sim de Súplica."
oração,NOUN,99.2%,VERB | csubj,0.3%,"['fazer', 'falar', 'tenho', 'faça', 'terminou', 'jogar', 'pedimos', 'colocar', 'acredito', 'emendar']",85.7%,"Tanto é, eh, Nicolas, que eu tenho comigo uma oração que eu faço constantemente e depois eu quero ler para vocês quando nós orarmos pelo nosso país, para que o nosso país não fique pensando na circunstâncias, porque nós temos um Deus atrás de nós, que ele vai cuidar de nós, ele não vai deixar a gente passar fome."
oração,NOUN,99.2%,PRON | ROOT,0.3%,"['isso', 'eu', 'qual', 'o', 'essa', 'muita', 'que']",100.0%,"E, por fim, a última pergunta, né: qual foi a oração mais importante ou perigosa, o momento da sua vida que ela fez total diferença?"
oração,NOUN,99.2%,PROPN | conj,0.3%,"['deus', 'espírito', 'luma', 'senhor', 'cidadania', 'você', 'paulo', 'josé', 'súplica']",100.0%,"Grande privilégio, grande honra poder estar com você, tá com todo o pessoal que te acompanha, segue, ser ministrado por esse tempo maravilhoso e pela Luma palavra de Deus sobre família oração."
oração,NOUN,99.2%,NOUN | acl:relcl,0.2%,"['local', 'depósito', 'jejum', 'oração', 'resultado', 'marca', 'guerras', 'palavra', 'fruto', 'dias']",100.0%,"E nesses 21 dias nós estaremos fazendo algo específico, né para para poder reanimar corações, para poder o Senhor tocar aí pessoas que estão né desviadas, pessoas que estão talvez né nessa ânsia política, estão deixando o mais importante né de lado, que é a oração, que é o jejum, que é o relacionamento com Cristo."
oração,NOUN,99.2%,ADJ | conj,0.2%,"['poderosa', 'primeira', 'importante', 'atento', 'intencional', 'inesquecível', 'assertiva', 'eficaz', 'abertos']",100.0%,"Então, ok, a oração não é poderosa por causa de quem faz, a oração é poderosa por causa de quem a ouve, só que quando o Tiago que a oração de um justo muito pode em seus efeitos, ele está chamando não quem ouve ao compromisso, mas quem faz que intercede."
oração,NOUN,99.2%,ADJ | ccomp,0.2%,"['simples', 'constante', 'presente', 'poderosa', 'efetiva', 'fundamental', 'precioso', 'preciso', 'cobertos']",100.0%,"Eu sei que a oração é algo constante, mas isso é orações, por exemplo, que para mim, eu jamais esqueço, aquela oração que me rasga, aquela oração que me fez poxa voltar aquele primeiro amor, aquela relação também de cura, aquela oração de que é espiritual,"
oração,NOUN,99.2%,PROPN | obl,0.2%,"['poder', 'deus', 'exército', 'live', 'avivamento']",100.0%,"Então eu acho que o grande problema nosso é que a gente deixa para alistar os nossos jovens e adolescentes muito velhos e aí, quando a gente vai alistar eles no Exército de oração, no exército do bater, do comprometimento com as coisas de Deus, eles já foram listados em outros exércitos."
oração,NOUN,99.2%,PROPN | appos,0.2%,"['nicolas', 'círculo', 'senhor', 'nicolau', 'deus', 'exército', 'paulo', 'bíblia']",100.0%,"E isso só aconteceu por causa da oração, Nicolas."
oração,NOUN,99.2%,PROPN | nsubj,0.2%,"['nicolas', 'minha', 'né', 'nosso', 'deus', 'glória', 'brasil', 'senhor']",100.0%,"Né é a oração de abraçar alguém visivelmente, a oração de amar alguém sem ter plateias ou ter aplausos e de Fato, né o maior prova que você pode fazer de amor por alguém é orar por ela, é orar por essa pessoa."
oração,NOUN,99.2%,NOUN | parataxis,0.1%,"['tempo', 'dias', 'oportunidade', 'poder', 'pai', 'oração']",100.0%,"Pastor Aloísio Silva: a oração que deve ser feita por todo cristão não é uma oração de Praga, e sim de Súplica."
oração,NOUN,99.2%,PRON | obj,0.1%,"['você', 'nós', 'muitas', 'isso']",100.0%,"Essa frase, você se Lewis, fala muito comigo porque já fiz muitas dessas orações."
oração,NOUN,99.2%,NOUN | xcomp,0.1%,"['resposta', 'vida', 'homem', 'relevância', 'instrumento']",100.0%,"Ó Pai, que o Senhor possa fazer jorrar lágrimas nos corações de quem estão ouvindo, que isso aqui possa ser resposta de oração para muitas pessoas que estão querendo aproximar de ti, mas não saibam como."
oração,NOUN,99.2%,PROPN | obj,0.1%,"['live', 'poder', 'unidos']",100.0%,"A gente vê, né, o Poder da Oração nisso."
oração,NOUN,99.2%,PRON | conj,0.1%,"['essa', 'aquilo', 'naquilo', 'muitos']",100.0%,"Eu falo a respeito da oração e muitos de nós acaba que pega o celular de qualquer maneira, em qualquer lugar, e acaba desvalorizando, descredibilizando esse momento tão importante que a gente tá falando não com simplesmente um colega de trabalho, nós estamos falando com Deus, tá."
oração,NOUN,99.2%,AUX | ROOT,0.1%,"['estamos', 'vai', 'era', 'foi']",100.0%,"Mas a oração deles era: “Senhor, dobra-me, dobra-me, quebra-me, humilha-me."
oração,NOUN,99.2%,AUX | aux,0.1%,"['vai', 'tem']",100.0%,"e isso tem sido a minha oração, realmente que Deus venha intervir, que Deus realmente é colocar a mão dele."
oração,NOUN,99.2%,INTJ | ROOT,0.1%,"['senhor', 'né']",100.0%,"Senhor, essa é a nossa oração."
oração,NOUN,99.2%,NOUN | advcl,0.1%,"['momento', 'pergunta', 'política', 'acidente']",100.0%,"Então essa experiência foi uma oração, que na verdade quase que não foi uma oração, né porque foi o primeiro momento que eu entrei ali para o já me pegou."
oração,NOUN,99.2%,CCONJ | punct,0.1%,['né'],100.0%,"A gente sempre pede aqui, né não pede né, mas as pessoas que entram aqui tem dado uma palavra a respeito, né da oração depois do homem em seguida, né a gente tem encaminhado para a gente orar, né pela pela nossa nação."
oração,NOUN,99.2%,PRON | det,0.1%,"['mim', 'o', 'aquele']",100.0%,"E muito feliz por você focar sobre oração e para mim oração é algo íntimo em uma terra né e o mundo onde o mais importante, o que se posta- e quando você não posta, você não fez, você não foi- a oração é um daqueles momentos que ninguém pode te tirar."
oração,NOUN,99.2%,NOUN | dep,0.1%,"['momento', 'lives', 'tipo']",100.0%,"Fazer tudo, oração, todo tipo de oração e Súplica, né"
oração,NOUN,99.2%,ADJ | xcomp,0.1%,"['presente', 'firme', 'vazias']",100.0%,"Mas antes de estar ansiosa, presente a Deus em orações, súplicas, todas as suas necessidades, e a paz de Deus, que excede o entendimento, guardará o coração e a mente de vocês em Cristo Jesus."
oração,NOUN,99.2%,VERB | cop,0.1%,"['estava', 'é', 'seja']",100.0%,"Então é esse movimento que bate aqui, que sobe para ele e ele intervém, porque oração nada mais é do que uma permissão terrena para uma invasão Celestial."
oração,NOUN,99.2%,NOUN | amod,0.1%,"['oração', 'fruto', 'inteligência']",100.0%,Cassiano encontrou um testemunho de vida tão forte e nós somos a verdade fruto de oração.
oração,NOUN,99.2%,NUM | nummod,0.1%,"['duas', '13/21']",100.0%,"E eu creio que essa oração do Pai Nosso é a oração que Jesus ensinou, duas orações, duas orações que são assim Poderosas:"
oração,NOUN,99.2%,PRON | amod,0.1%,"['dele', 'menor', 'ela']",100.0%,"Essa, essa filipense aqui, né epístola de Paula aos Filipenses, ele ele mostra como a súplicas e as orações dele era muito sincera, perante, perante seus irmãos, né que ele estava ali, seja ele falando, olha, seja algemas, seja na defesa ou na Constituição do Evangelho, porque todos nós somos participantes da graça, né comigo."
oração,NOUN,99.2%,ADJ | parataxis,0.1%,"['súplica', 'igual', 'rápido']",100.0%,"E não importa qual seja o seu chamado, a oração é igual para todos;"
oração,NOUN,99.2%,NUM | nsubj,0.1%,['uma'],100.0%,"Porque uma das minhas últimas orações que o Senhor tem respondido é que, assim como o Senhor fez na vida do meu pai anos atrás e nós, esse ano nós"
oração,NOUN,99.2%,VERB | amod,0.0%,"['unida', 'hahaha']",100.0%,"Assim, a gente, eh os, os associação, os PMs de Cristo e os militares evangélicos criaram um movimento que começou eh, na pandemia, uma sala Nacional de oração, movimento de oração unida né, e a gente então tá buscando Deus todos os dias, das 6 às 8, todos os dias."
oração,NOUN,99.2%,PROPN | acl:relcl,0.0%,"['jó', 'live']",100.0%,"Essa oração do verdadeiro Evangelista que está em Jó 29, Senhor, é uma oração que eu faço constantemente."
oração,NOUN,99.2%,DET | nmod,0.0%,['cada'],100.0%,"Pai, ouve a oração de cada um, oração do teu povo."
oração,NOUN,99.2%,VERB | dep,0.0%,"['façam', 'parte']",100.0%,"antes de tudo, que se façam orações, deprecações, isso é orações insistentes, súplicas, pelos homens que estão em eminência, para que temos uma vida quieta e sossegada, porque isto é bom e agradável ao senhor."
oração,NOUN,99.2%,ADJ | advcl,0.0%,"['bom', 'disposta']",100.0%,"antes de tudo, que se façam orações, deprecações, isso é orações insistentes, súplicas, pelos homens que estão em eminência, para que temos uma vida quieta e sossegada, porque isto é bom e agradável ao senhor."
oração,NOUN,99.2%,PROPN | flat:name,0.0%,"['psdb', 'deus']",100.0%,"Oração PSDB, Cidadania."
oração,NOUN,99.2%,ADV | advcl,0.0%,['através'],100.0%,"Senhor, a tua ministra acabou de dizer aqui, através da tua palavra, que através da oração o senhor vai nos comunicar aquilo que a gente não sabe."
oração,NOUN,99.2%,ADJ | acl,0.0%,"['espiritual', 'conhecida']",100.0%,"Eu sei que a oração é algo constante, mas isso é orações, por exemplo, que para mim, eu jamais esqueço, aquela oração que me rasga, aquela oração que me fez poxa voltar aquele primeiro amor, aquela relação também de cura, aquela oração de que é espiritual,"
oração,NOUN,99.2%,DET | amod,0.0%,"['aquele', 'qualquer']",100.0%,"Nós estamos vivendo nesse momento como igreja, nós precisamos buscar na oração aquele, aquela postura de arrependimento."
oração,NOUN,99.2%,VERB | nmod,0.0%,"['ver', 'entrega']",100.0%,"Ou seja, a oração através das palavras, mesmo sem cores, sem ver, quebram o que é visível, quebra o aço, quebra a cadeia, né."
oração,NOUN,99.2%,PRON | obl,0.0%,"['isso', 'onde']",100.0%,"Por isso a oração, ela é essencial e precisamos acreditar, precisamos crer que aquele que procura ele vai achar."
oração,NOUN,99.2%,PRON | dep,0.0%,"['que', 'isso']",100.0%,"Ela não sabe, mas naquele dia a oração de intercessão dela, que nem católica era, salvou uma vocação, Padre, porque a oração me trouxe Muito conforto."
oração,NOUN,99.2%,VERB | obj,0.0%,['chama'],100.0%,"Então, aqui, que eu e você, mas todos aqueles que estão podendo ter acesso essas lives, essas orações, possam deixar essa chama também de oração em seus corações."
oração,NOUN,99.2%,INTJ | parataxis,0.0%,['né'],100.0%,"” Isso não é uma oração sóbria, né?"
oração,NOUN,99.2%,PUNCT | cc,0.0%,['né'],100.0%,"né e sem a oração, né sem ter uma retaguarda, sem realmente ter o senhor né nos guardando."
oração,NOUN,99.2%,ADV | ROOT,0.0%,['através'],100.0%,Através Dessa Oração
oração,NOUN,99.2%,PROPN | advmod,0.0%,['ó'],100.0%,"Essa oração que nós pedimos, ó Deus, aviva o nosso coração, ó Pai."
oração,NOUN,99.2%,DET | nsubj,0.0%,['suas'],100.0%,"Então, Eh, da mesma forma, como você não toma ações, isso gera consequências, as suas, não orações."
oração,NOUN,99.2%,PRON | mark,0.0%,['que'],100.0%,"Não tem um dia que eu não entro, eh, ali para dar uma entrevista ou entrar em um debate que eu não esteja em oração e, e o melhor, eu sei que tem muitas pessoas que estão em oração."
oração,NOUN,99.2%,SCONJ | nsubj,0.0%,['que'],100.0%,"É isso que é uma oração eficaz, que tem valor e que tem resposta."
oração,NOUN,99.2%,ADV | nmod,0.0%,['aqui'],100.0%,Eu concordo com a oração de cada um aqui.
oração,NOUN,99.2%,NUM | det,0.0%,['uma'],100.0%,"Se você puder, fecha aí que nós vamos fazer aí uma uma oração."
oração,NOUN,99.2%,DET | obj,0.0%,['suas'],100.0%,"Então, independente seja um lado ou do outro, permaneçam em silêncio, por gentileza, para os deputados fazerem suas, suas, suas orações."
oração,NOUN,99.2%,ADV | det,0.0%,['todo'],100.0%,"Por isso fugir que todo quanto em oração pedirdes, crede que recebestes E será assim convosco."
oração,NOUN,99.2%,NUM | conj,0.0%,['um'],100.0%,"E muito feliz por você focar sobre oração e para mim oração é algo íntimo em uma terra né e o mundo onde o mais importante, o que se posta- e quando você não posta, você não fez, você não foi- a oração é um daqueles momentos que ninguém pode te tirar."
oração,NOUN,99.2%,DET | conj,0.0%,['seu'],100.0%,"A oração, aquele momento só seu e do Abba."
oração,NOUN,99.2%,NOUN | flat:name,0.0%,['maldade'],100.0%,"Levante maldade e oração dentro da sua casa, junto com os anjos."
oração,NOUN,99.2%,PRON | appos,0.0%,['ela'],100.0%,"Gabriela, qual foi o momento da sua vida onde a oração, ela, foi essencial, assim, uma oração Inesquecível na sua vida?"
oração,NOUN,99.2%,INTJ | conj,0.0%,['né'],100.0%,"E pastor, gostaria que o senhor comentasse com a gente, testemunhar um momento onde a oração, uma oração inesquecível da sua vida, né?"
oração,NOUN,99.2%,ADV | conj,0.0%,['através'],100.0%,"Eu tenho muitas experiências com oração, mas essa para mim foi muito marcante, porque eu achei que eu não ia conseguir sair dessa e o Espírito Santo através da oração trouxe cura para minha alma."
oração,NOUN,99.2%,PROPN | parataxis,0.0%,['ó'],100.0%,"Essa é a minha oração aqui, ó Deus, em nome de graça."
oração,NOUN,99.2%,ADV | ccomp,0.0%,['poxa'],100.0%,"Eu sei que a oração é algo constante, mas isso é orações, por exemplo, que para mim, eu jamais esqueço, aquela oração que me rasga, aquela oração que me fez poxa voltar aquele primeiro amor, aquela relação também de cura, aquela oração de que é espiritual,"
oração,NOUN,99.2%,NUM | parataxis,0.0%,['16/21'],100.0%,"O nome da Live tá aí: 16/21, oração pelo Brasil."
oração,NOUN,99.2%,NOUN | acl,0.0%,['função'],100.0%,"A gente tem essa ideia de que ""não, a oração é função talvez do meu pai"" ou então ""da irmãzinha lá do círculo de oração, as irmãs do rock""."
oração,NOUN,99.2%,VERB | nsubj,0.0%,['falar'],100.0%,"Falar sobre oração para mim é algo muito íntimo assim, porque eu cresci na casa de um pai que ora, uma mãe que ora, né?"
oração,NOUN,99.2%,PROPN | acl,0.0%,['ore'],100.0%,"Quem está no momento aqui falando, né, de orações para que você ore é por coragem, sabe?"
oração,NOUN,99.2%,ADV | nsubj,0.0%,['algo'],100.0%,Algo muito interessante com relação as orações aqui É principalmente né de Davi.
oração,NOUN,99.2%,INTJ | advmod,0.0%,['né'],100.0%,"Né pelos ensinamentos aí, né sobre sobre a oração, na oração poderosa que Deus abençoe você, né que eu não vou nem perguntar para Cassiano com relação à oração, porque ela já deixou claro que ela né foi ressuscitada, né uma criança ali que estava morta."
oração,NOUN,99.2%,DET | ROOT,0.0%,['qual'],100.0%,"Qual a oração, e isso fortalece pessoas que estão talvez cruas na fé ou não sabe a importância da oração."
oração,NOUN,99.2%,NOUN | mark,0.0%,['momento'],100.0%,"se vocês tiverem um testemunho, né, que a oração ela foi fundamental, momento onde é a oração ela realmente ali possa ter te salvado, sabe?"
oração,NOUN,99.2%,PUNCT | ROOT,0.0%,['ó'],100.0%,Ó na oração.
oração,NOUN,99.2%,INTJ | punct,0.0%,['ó'],100.0%,"Ó, na sua oração tão famosa, tão conhecida, no finalzinho do capítulo 3: Você tá aí com a sua Bíblia na sua casa."
oração,NOUN,99.2%,AUX | aux:pass,0.0%,['sido'],100.0%,"Então, a minha oração ela, quando a gente fala sobre temas como esse, tem sido: Deus, abre a nossa visão para entender o poder que a gente carrega."
oração,NOUN,99.2%,PRON | nsubj:pass,0.0%,['essa'],100.0%,A oração do Pai Nosso é essa: seja feita a tua vontade assim na terra como é feita no céu; que o teu governo se Estabeleça aqui na minha nação como ela se estabelece no reino dos céus;
oração,NOUN,99.2%,DET | case,0.0%,['a'],100.0%,E teve um dia que eu fiz dessa canção a minha oração; eu fiz essa canção a minha oração.
oração,NOUN,99.2%,SCONJ | cop,0.0%,['foi'],100.0%,"Foi a oração dela que alcançou meu coração e me disse, naquele momento, as palavras que eu mais precisava ouvir."
oração,NOUN,99.2%,NUM | ccomp,0.0%,['uma'],100.0%,"E eu tenho certeza que você é uma dessas pessoas, mas com a oração, né, que tem um depósito de oração gigante, né, pelo Brasil, pelas pessoas, para dar suporte."
oração,NOUN,99.2%,SCONJ | dep,0.0%,['que'],100.0%,"Então eu incentivo aqui, para todas essas pessoas e também para nós que estamos aqui em primeiro lugar, que nós venhamos reconhecer o senhor da palavra, orar em nome de Jesus, para que essa oração eficaz e compreendendo que o comprometimento de Deus, que o comprometimento do céu, que o comprometimento da ação do Espírito Santo em nosso favor, em favor das nossas súplicas, tem a ver com as palavras de Deus que colocamos em intercessão."
oração,NOUN,99.2%,NUM | nmod,0.0%,['um'],100.0%,"E aquele algo, né, para vocês, parlamentares, que realmente quando houver a indecisão no sentido de uma pressão externa, realmente escutem orações de cada um."
oração,NOUN,99.2%,AUX | case,0.0%,['vai'],100.0%,Brasil inteiro vai estar em oração.
oração,NOUN,99.2%,ADP | nmod,0.0%,['dos'],100.0%,"então há algo aqui, sabe, em Brasília que nós precisamos estar em constante oração e, e por isso nós vamos finalizar aqui, né, a oração dos, dos 21 dias no dia 20/07 às 23:30;"
oração,NOUN,99.2%,PRON | ccomp,0.0%,['nada'],100.0%,"Jesus nos ensina a orar como João Batista nos ensina a orar, então oração sempre foi nada."
oração,NOUN,99.2%,NOUN | iobj,0.0%,['esperança'],100.0%,"Isso foi quando Jesus ressurreto, apareceu para ele e soprou sobre eles e visitou eles com ressurreição, visitou eles com Glória, visitou eles com esse poder que traz tudo aquilo que é promessa, que a esperança, que é oração, que é vigor faz tudo vira à tona."
oração,NOUN,99.2%,NOUN | csubj,0.0%,['tipo'],100.0%,"É incrível, Nicolas, é um tipo de oração."
oração,NOUN,99.2%,INTJ | nsubj,0.0%,['né'],100.0%,"Né, então é uma oração que vem trazer a resposta para ressurgir."
oração,NOUN,99.2%,CCONJ | conj,0.0%,['né'],100.0%,"Né a gente aprendeu durante esse último dias aí para a gente tem intencional, né nas nossas orações e eu separei aqui diversas pessoas você fazem parte do político, né de governo, porque a gente sabe pela autoridade, né construída por Deus e muitas vezes a gente mesmo se pega assim, tem que compreender, falar senhor."
oração,NOUN,99.2%,NOUN | obl:agent,0.0%,['poder'],100.0%,"Uma nação foi chacoalhada pelo poder da oração, pelo poder da entrega, pelo poder do reconhecimento do Espírito Santo e do valor dado a ele naquele momento, naquele local, naquele país, né, onde eles estavam movendo."
oração,NOUN,99.2%,SCONJ | nmod,0.0%,['que'],100.0%,"De que o cristão, a maior arma que ele tem de fato é a oração."
oração,NOUN,99.2%,VERB | discourse,0.0%,['sabe'],100.0%,"Sabe, essa tem que ser nossa oração mesmo: Dizer assim:"
oração,NOUN,99.2%,ADV | amod,0.0%,['mesmo'],100.0%,"Sabe, essa tem que ser nossa oração mesmo: Dizer assim:"
oração,NOUN,99.2%,ADV | cc,0.0%,['nem'],100.0%,"As nossas palavras não voltarão vazias, e nem as nossas orações."
