alvo,tag_alvo,pct_tag_alvo,tag_dependente_prevalente,pct_tag_dependente,amostra_termos,pct_amostra,sentenca_media_hdbscan
deus,PROPN,96.2%,ADP | case,20.5%,"['de', 'a', 'com', 'para', 'por', 'em', 'graças', 'do', 'ao', 'sobre']",97.8%,"E, falando sobre intercessão, eu queria convidar esse povo, aqui agora, a orar conosco e entender, fazer os entender pelo Espírito de Deus, porque só ele pode nos levar esse entendimento de que, sim, a sua oração, irmãzinha, você aí, ó que tá aí do outro lado agora pensando Poxa, Camila, mas Deus vai ouvir a minha oração e ela foi uma oração de alguém que tem procurado né caminhar em retidão diante do Senhor."
deus,PROPN,96.2%,VERB | ROOT,10.2%,"['abençoe', 'sabe', 'tem', 'pode', 'falou', 'quer', 'deu', 'fala', 'levanta', 'louvo']",31.0%,"Deus, eu quero agora apresentar diante de ti, em primeiro lugar, o Donald trump, grande peso sobre ele, ó Deus, que guerra espiritual que tá sendo travada, mas nós queremos declarar a Deus que o Senhor é senhor da terra."
deus,PROPN,96.2%,PUNCT | punct,7.8%,"[',', '.', ':', '?', ';', '“', '""', '...', 'né', '”']",99.6%,"Deus, eu quero agora apresentar diante de ti, em primeiro lugar, o Donald trump, grande peso sobre ele, ó Deus, que guerra espiritual que tá sendo travada, mas nós queremos declarar a Deus que o Senhor é senhor da terra."
deus,PROPN,96.2%,DET | det,5.3%,"['o', 'meu', 'um', 'nosso', 'seu', 'esse', 'próprio', 'cujo', 'a', 'outro']",98.4%,"Eu creio que essa palavra, ela é muito atual aos nossos corações porque eu creio que Deus, ele chamando sua igreja, o seu povo, para um tempo de arrependimento, se nós declaramos que essa nação é majoritariamente cristã e temos visto tantas coisas contrárias à vontade do nosso Deus, eu creio que esse momento de nós estamos cada vez mais arrependidos perante o senhor e pedindo a ele que venha trazer tempos de refrigério, tem mistão, para Que Deus traga mais prova, para que ele fique mais firme do Senhor."
deus,PROPN,96.2%,VERB | acl:relcl,4.9%,"['tem', 'deu', 'quer', 'abençoe', 'colocou', 'fazer', 'fazendo', 'fez', 'feito', 'faz']",28.9%,"Então você me representa e eu tô muito honrado de poder estar aqui para orar, para falar com esse povo maravilhoso que ama a nação, que acredita no Deus todo-poderoso para a gente aqui e acreditar que, por mais que o mal se alastre do Senhor vem a salvação também."
deus,PROPN,96.2%,VERB | advcl,3.7%,"['quiser', 'abençoe', 'tem', 'deu', 'dá', 'pedir', 'quer', 'pedindo', 'falou', 'chamou']",28.2%,"Eu creio que essa palavra, ela é muito atual aos nossos corações porque eu creio que Deus, ele chamando sua igreja, o seu povo, para um tempo de arrependimento, se nós declaramos que essa nação é majoritariamente cristã e temos visto tantas coisas contrárias à vontade do nosso Deus, eu creio que esse momento de nós estamos cada vez mais arrependidos perante o senhor e pedindo a ele que venha trazer tempos de refrigério, tem mistão, para Que Deus traga mais prova, para que ele fique mais firme do Senhor."
deus,PROPN,96.2%,NOUN | obj,3.3%,"['palavra', 'presença', 'vontade', 'glória', 'nome', 'bondade', 'coração', 'senhor', 'pessoas', 'amor']",37.2%,"E falo de todo meu coração, analisando a doutrina bíblica, se nós entendemos uma arma que o inferno pode usar contra a Igreja para que ela não vê não vivos propósito de Deus e não veja ela sendo instrumento de Deus em sua nação, é roubado no meio da igreja esse poder de ressurreição e vida."
deus,PROPN,96.2%,NOUN | nmod,2.9%,"['céu', 'coração', 'vida', 'amor', 'palavra', 'presença', 'poder', 'terra', 'homens', 'graça']",29.7%,"Nós temos certa autoridade para falar sobre isso porque estamos vivendo família e eu quero declarar sobre a sua vida, você que tá assistindo também, que toda mentira seja quebrada, todo o medo de formar família, de ter filhos, caia por terra hoje, em nome de Jesus, e que você acorde com esse propósito de Deus e também não permita mais que o inimigo entre na sua família, você que já é pai, já é mãe e tem filhos, né, ou você que é filho e que tem visto aí as ideologias desse tempo, né as mentiras desse século, te separando, te afastando da sua família, né, porque isso que o inimigo faz a trás, divisão dentro das casas, por causa dessas mentiras."
deus,PROPN,96.2%,VERB | conj,2.5%,"['tem', 'abençoe', 'sabe', 'falou', 'pode', 'deu', 'continua', 'deixar', 'dar', 'falar']",21.2%,"E, falando sobre intercessão, eu queria convidar esse povo, aqui agora, a orar conosco e entender, fazer os entender pelo Espírito de Deus, porque só ele pode nos levar esse entendimento de que, sim, a sua oração, irmãzinha, você aí, ó que tá aí do outro lado agora pensando Poxa, Camila, mas Deus vai ouvir a minha oração e ela foi uma oração de alguém que tem procurado né caminhar em retidão diante do Senhor."
deus,PROPN,96.2%,NOUN | nsubj,2.5%,"['palavra', 'senhor', 'glória', 'amor', 'povo', 'presença', 'pai', 'espírito', 'propósito', 'poder']",39.7%,"E nesse momento eu quero que as pessoas que estão em casa, os intercessores- temos cristãos, temos pessoas que não são cristãs, temos visitantes- que o espírito santo de Deus possa tocar no seu coração e que nessa noite algo novo possa acontecer na sua vida, que você possa ter uma experiência sobrenatural com a presença do nosso Deus."
deus,PROPN,96.2%,VERB | ccomp,2.0%,"['tem', 'abençoe', 'colocou', 'levantando', 'pode', 'faz', 'fala', 'sabe', 'preparou', 'quer']",28.5%,"Eu creio que essa palavra, ela é muito atual aos nossos corações porque eu creio que Deus, ele chamando sua igreja, o seu povo, para um tempo de arrependimento, se nós declaramos que essa nação é majoritariamente cristã e temos visto tantas coisas contrárias à vontade do nosso Deus, eu creio que esse momento de nós estamos cada vez mais arrependidos perante o senhor e pedindo a ele que venha trazer tempos de refrigério, tem mistão, para Que Deus traga mais prova, para que ele fique mais firme do Senhor."
deus,PROPN,96.2%,PROPN | ROOT,2.0%,"['glória', 'deus', 'senhor', 'ó', 'amém', 'amor', 'jesus', 'nosso', 'música', 'tu']",79.1%,Glória a Deus.
deus,PROPN,96.2%,AUX | cop,1.8%,"['é', 'estava', 'ser', 'seja', 'foi', 'estou', 'está', 'somos', 'sou', 'sendo']",94.3%,"Agora, esse propósito de jejum e oração é para isso, Deus, nós nos rendemos a ti, nós declaramos que o senhor é o Deus dessa nação, que o senhor é o Deus do Brasil."
deus,PROPN,96.2%,NOUN | ROOT,1.7%,"['glória', 'palavra', 'amor', 'senhor', 'pai', 'nome', 'homens', 'povo', 'filha', 'vida']",54.0%,"Glória a Deus, glória a Deus."
deus,PROPN,96.2%,NOUN | conj,1.7%,"['glória', 'mulheres', 'poder', 'homens', 'família', 'paz', 'palavra', 'pessoas', 'milhares', 'pai']",45.6%,"Eu também passei por muita doutrinação, na escola, no ensino médio, na universidade, e graças a Deus não falo isso aqui para poder ficar me esnobando, não, mas graças a Deus hoje eu sou deputado, me voltado do Brasil e é porque eu não recuei nenhum milímetro daquilo que eu acreditava, nem para professor nem para ninguém, porque eu sei o que que essa galera sofre de pressão dentro de sala de aula."
deus,PROPN,96.2%,ADP | det,1.6%,"['a', 'ó']",100.0%,"Porque não foi também de um dia pro outro, mas então assim, graças a Deus, a gente tem, enfim, muito que aprender aí."
deus,PROPN,96.2%,ADV | case,1.6%,"['graças', 'diante', 'como']",100.0%,"Porque não foi também de um dia pro outro, mas então assim, graças a Deus, a gente tem, enfim, muito que aprender aí."
deus,PROPN,96.2%,NOUN | obl,1.5%,"['amor', 'vontade', 'palavra', 'presença', 'casa', 'coração', 'povo', 'nome', 'glória', 'relacionamento']",53.8%,"Eu creio que essa palavra, ela é muito atual aos nossos corações porque eu creio que Deus, ele chamando sua igreja, o seu povo, para um tempo de arrependimento, se nós declaramos que essa nação é majoritariamente cristã e temos visto tantas coisas contrárias à vontade do nosso Deus, eu creio que esse momento de nós estamos cada vez mais arrependidos perante o senhor e pedindo a ele que venha trazer tempos de refrigério, tem mistão, para Que Deus traga mais prova, para que ele fique mais firme do Senhor."
deus,PROPN,96.2%,ADV | advmod,1.3%,"['não', 'graças', 'agora', 'aqui', 'só', 'aí', 'também', 'assim', 'então', 'ali']",62.1%,"Que todo desânimo estava aí, toda falta de esperança seja jogada por terra, pai, para que a sua família seja uma família que seja, sabe Deus, uma família de apoio, para que ela deu sua esposa também seja fortalecida, sabe Deus, no teu espírito ao pai, para que ser essa meu Deus, Filhos a Deus, Filhos que sejam luz a Deus e venha só Deus também ser como auxílio também para o seu pai."
deus,PROPN,96.2%,PROPN | nsubj,1.3%,"['senhor', 'deus', 'glória', 'espírito', 'amor', 'filho', 'amém', 'música', 'jeová', 'boa']",78.2%,"Que todo desânimo estava aí, toda falta de esperança seja jogada por terra, pai, para que a sua família seja uma família que seja, sabe Deus, uma família de apoio, para que ela deu sua esposa também seja fortalecida, sabe Deus, no teu espírito ao pai, para que ser essa meu Deus, Filhos a Deus, Filhos que sejam luz a Deus e venha só Deus também ser como auxílio também para o seu pai."
deus,PROPN,96.2%,VERB | xcomp,1.1%,"['adorar', 'fazer', 'falar', 'colocar', 'mudar', 'suplicar', 'orar', 'agradecer', 'ter', 'agir']",36.2%,"Eh, hoje JB literalmente saiu da ministração e veio aqui, a gente aguardou um pouquinho até que ele pudesse aqui entrar e graças a Deus por tudo."
deus,PROPN,96.2%,PROPN | nmod,1.0%,"['poder', 'deus', 'jacó', 'jesus', 'reino', 'espírito', 'povo', 'amor', 'abraão', 'brasil']",57.9%,"Nos últimos dias sobrevirão tempos terríveis porque os homens com aparência de piedade, toda via negando o seu real poder, a faixa de importante desses também, o mesmo Deus do amor é o Deus da Ira."
deus,PROPN,96.2%,PROPN | conj,0.9%,"['deus', 'ó', 'senhor', 'pátria', 'aleluia', 'espírito', 'poder', 'jesus', 'glória', 'padre']",75.0%,"Deus, Espírito Santo, incomoda agora o coração dessa mulher a Deus, para que ela seja constrangida com o teu amor."
deus,PROPN,96.2%,CCONJ | cc,0.9%,"['e', 'mas', 'ou', 'ai']",100.0%,"Porque não foi também de um dia pro outro, mas então assim, graças a Deus, a gente tem, enfim, muito que aprender aí."
deus,PROPN,96.2%,VERB | acl,0.9%,"['pedindo', 'usado', 'falando', 'falar', 'ver', 'usada', 'escolhido', 'sabendo', 'obrigado', 'conhecido']",37.0%,"Então, diante das, das, eh injustiças, diante de tudo que tem tem acontecido, eu tenho orado e o senhor tem colocado no meu coração essa questão de o quanto que nós, a nossa geração, esses que Estão dispostos a fazer muita coisa, que querem levantar eh a a bandeira do Evangelho do Reino no Brasil, querem trazer transformação, quanto quão disposto, de verdade a gente tá para entrar nesse lugar de se humilhar diante de Deus, sabe quebrantar o coração."
deus,PROPN,96.2%,PROPN | appos,0.8%,"['ó', 'senhor', 'deus', 'música', 'aplausos', 'glória', 'poder', 'daniel', 'pai', 'pastor']",93.2%,"Que o Senhor possa usar, ó Deus, a nossa língua, pai, como uma espada, ó Deus, que venha penetrar no coração daqueles que não estão penetrando."
deus,PROPN,96.2%,NOUN | appos,0.7%,"['glória', 'pai', 'senhor', 'povo', 'vida', 'cara', 'pessoas', 'servo', 'presidente', 'autoridade']",53.5%,"Obrigado a todos pelo, pelas orações, pelo apoio, por aquilo que temos caminhado juntos e vamos continuar nesses 21 dias, povo de Deus, orando e crendo que o Brasil é de Jesus, onde o avião brasileiro no mundo existe uma ponta de avivamento para explodir, para honra e glória do Senhor Jesus."
deus,PROPN,96.2%,ADJ | amod,0.7%,"['mesmo', 'poderoso', 'forte', 'todo-poderoso', 'maravilhoso', 'querido', 'livre', 'primeiro', 'soberano', 'próxima']",59.4%,"Senhor da Justiça, do pecado e do teu reino, senhor meu pai, que a gente possa ter total compreensão que o senhor trará juízo para aqueles que não se arrependem, porque o Senhor é um Deus de, O senhor é um Deus santo, senhor é um Deus poderoso."
deus,PROPN,96.2%,VERB | parataxis,0.7%,"['abençoe', 'sabe', 'quero', 'tem', 'faça', 'vi', 'quer', 'pedimos', 'oro', 'vai']",47.7%,"Deus, eu quero agora apresentar diante de ti, em primeiro lugar, o Donald trump, grande peso sobre ele, ó Deus, que guerra espiritual que tá sendo travada, mas nós queremos declarar a Deus que o Senhor é senhor da terra."
deus,PROPN,96.2%,SCONJ | mark,0.7%,"['que', 'porque', 'se', 'de', 'pois', 'embora']",100.0%,"E aí é assim que a gente tem que fazer, porque senão a gente acaba não não tendo nenhum tipo de diferença para o mundo, porque o mundo, ele quer te ganhar na base do braço, né na base do argumento, e não estou dizendo também para isso ser motivo para você não estudar a bíblia, para você também não estudar, porque talvez Deus, talvez não vai chegar um momento que você vai ser colocado né a frente- e é bom ser um servo preparado com as palavras- né"
deus,PROPN,96.2%,PROPN | flat:name,0.7%,"['pai', 'deus', 'filho', 'santo', 'conosco', 'misericórdia', 'honra', 'jesus', 'forte', 'espírito']",49.2%,"Que a nossa boca profecia sobre Deus palavras, meu Deus, que venham do Senhor, que vem do alto, sabe, o pai."
deus,PROPN,96.2%,PRON | nsubj,0.6%,"['que', 'ele', 'eu', 'quem', 'esse', 'você', 'nós', 'aquilo', 'o', 'isso']",98.3%,"Existe pelo menos um bilhão de pessoas do mundo que acredita que Jesus, ele é Deus, que Ele veio, ele morreu, que ele deixou o espírito santo."
deus,PROPN,96.2%,NOUN | ccomp,0.6%,"['controle', 'mão', 'senhor', 'filho', 'instrumento', 'filhos', 'povo', 'glória', 'homem', 'palavra']",48.1%,"E falo de todo meu coração, analisando a doutrina bíblica, se nós entendemos uma arma que o inferno pode usar contra a Igreja para que ela não vê não vivos propósito de Deus e não veja ela sendo instrumento de Deus em sua nação, é roubado no meio da igreja esse poder de ressurreição e vida."
deus,PROPN,96.2%,PROPN | parataxis,0.5%,"['ó', 'deus', 'senhor', 'tomara']",100.0%,"Deus, eu quero agora apresentar diante de ti, em primeiro lugar, o Donald trump, grande peso sobre ele, ó Deus, que guerra espiritual que tá sendo travada, mas nós queremos declarar a Deus que o Senhor é senhor da terra."
deus,PROPN,96.2%,NOUN | parataxis,0.5%,"['glória', 'mais', 'filhos', 'missionários', 'filho', 'amor', 'realizações', 'questionamento', 'abraço', 'memória']",79.5%,"Amém, glória a Deus."
deus,PROPN,96.2%,ADJ | ROOT,0.5%,"['bom', 'comunista', 'perfeito', 'fortes', 'fiel', 'contigo', 'firmado', 'convosco', 'sentado', 'maior']",36.4%,"Como é que você vai realizar o maior sonho da vida dessa pessoa, ele é infiel a Deus, não pequeno falar."
deus,PROPN,96.2%,PROPN | dep,0.4%,"['ó', 'deus', 'poderoso', 'senhor', 'guerreiros']",100.0%,"Nós oramos, ó Deus, para que o teu Espírito Santo, ele possa encontrá-los, ó Deus, e fortalecê-los, que eles saiam Deus mais fortes D ó Deus, porque nós sabemos, ó Pai, que, assim como Paulo diz, por algum tempo é necessário que estejamos entristecidos, tristes, para que o nosso espírito se fortaleça."
deus,PROPN,96.2%,VERB | csubj,0.3%,"['tem', 'lembrar', 'pedimos', 'quiser', 'adorar', 'agradar', 'olha', 'recusar', 'dá', 'trata']",46.9%,E é muito estranho a esquerda utilizar deus como uma fonte de padrão de certo porque eles mesmo não acreditam né e nada principalmente da bíblia e detona o cristo em todo o possibilidade toda é oportunidade que ele tiver.
deus,PROPN,96.2%,PROPN | advmod,0.3%,['ó'],100.0%,"ó Deus, para que o Senhor, ó Deus, possa trazer, ó Deus, alívio, a paz que excede todo entendimento, de que, ó Deus, a nossa vida não é aqui, de que um dia nós estaremos, ó Deus, eternamente com o Senhor, sem lágrimas."
deus,PROPN,96.2%,NOUN | acl:relcl,0.3%,"['propósito', 'cura', 'dado', 'descida', 'blinde', 'guerra', 'canto', 'escrivaninha', 'controle', 'profeta']",50.0%,"Deus, eu quero agora apresentar diante de ti, em primeiro lugar, o Donald trump, grande peso sobre ele, ó Deus, que guerra espiritual que tá sendo travada, mas nós queremos declarar a Deus que o Senhor é senhor da terra."
deus,PROPN,96.2%,ADJ | acl:relcl,0.2%,"['bom', 'poderoso', 'comparável', 'soberano', 'onipotente', 'boa', 'penetrante', 'maior', 'santo', 'amoroso']",65.2%,"Que é você que nasce, manifeste, é o teu pai, nosso Deus, é o teu tempo a Deus e nos declarando libertação para orar em nome do Senhor Jesus, Vamos aplaudir o nosso Deus que é soberano."
deus,PROPN,96.2%,PROPN | obj,0.2%,"['deus', 'música', 'glória', 'assembleia', 'whatsapp', 'ira', 'constrangelo', 'um', 'milar', 'soberania']",86.4%,"Sabe Deus que bateu um pai, que machucou o Senhor Deus apresento agora o nosso pai que nos chama como filhos."
deus,PROPN,96.2%,PRON | flat:name,0.2%,"['ele', 'nela', 'que', 'nós', 'eu', 'ela', 'algo', 'o', 'isso']",100.0%,"Porque nós estamos aqui direcionando nossas orações a Deus, pedindo para que Deus ele, ele faça algo pela nossa nação."
deus,PROPN,96.2%,SCONJ | case,0.2%,"['para', 'de', 'como', 'se', 'que']",100.0%,"Por isso que eu fiz questão de estar aqui com você, Nicolas, porque com o seu pai, com a sua família, que eu pude perceber claramente como Deus está movendo esse tempo pra gente compreender, eu posso dizer assim, uma convocação para Deus tá passando como General dos Generais, senhor dos exércitos, em revista a tropa dele, porque a gente vai, vai entrar na Terra Prometida."
deus,PROPN,96.2%,INTJ | ROOT,0.2%,"['ó', 'tu', 'senhor', 'ô', 'né', 'ah', 'olha']",100.0%,"Ó Deus, dessa live para que o Pai, o Senhor Deus, venha nos transformar a Deus, para que o Senhor venha trazer nossos corações."
deus,PROPN,96.2%,ADJ | conj,0.2%,"['poderosas', 'grato', 'adolescente', 'imutável', 'exclusivo', 'absoluto', 'sincero', 'contigo', 'verdadeiro', 'gratos']",68.4%,"Generoso, né no sentido de entregar o seu coração, porque Enquanto muitos se preocupam pela parte financeira, a parte de fama, status, outros já vê por um lado, realmente de propósito, né- e eu vejo que vocês têm isso exatamente- se a gente entendeu né a nossa missão nessa terra e somos muito gratos a Deus por termos aberto os nossos olhos iguais e ouvindo tudo que vocês estavam falando, né me vê aqui um pensamento sobre esse aparente fracasso."
deus,PROPN,96.2%,NOUN | dep,0.2%,"['palavra', 'amor', 'tempo', 'olhos', 'aó', 'mão', 'homem', 'presença', 'vida', 'comprometimento']",77.8%,"Se você olhar a Bíblia, a palavra de Deus, e aí vou chegar aqui para nós, quando o apóstolo Paulo vai falar da oração em Primeira Timóteo, no capítulo 2, o apóstolo Paulo diz uma coisa que muitos de nós não observamos:"
deus,PROPN,96.2%,ADJ | flat:name,0.2%,"['vivo', 'eterno', 'mesmo', 'profético', 'altíssimo', 'cídio', 'supletivo', 'família']",100.0%,"Qua Nicolas, quero muito desejar você, que você seja esse homem, esse, esse profético, esse garoto, esse rapaz, esse, esse, esse servo de Deus profético, que entenda a voz do senhor todo tempo, para que possa juntar essa geração, trazer mais jovens para jejuar e orar, porque essa é uma característica que não é de todo mundo."
deus,PROPN,96.2%,PROPN | obl,0.2%,"['assembleia', 'senhor', 'glória', 'oi', 'cordeiro', 'ungidos', 'emanuel', 'daniel', 'deus', 'espírito']",94.1%,"Então, para que Opa, para que, Oi meu Deus, perdão, para que isto aqui aconteça, nós precisamos na Educação Infantil, Infantil não é reunir aquele conjunto de fios que dizem respeito à linguagem oral, conhecimento de letras e tantas outras habilidades precursoras da, da alfabetização."
deus,PROPN,96.2%,PROPN | punct,0.2%,"['ó', 'né', 'oh']",100.0%,"Nós estamos aqui, ó Deus, declarando, ó Deus, que nós não iremos contra eles com carros, ó Deus, e cavalos, mas nós iremos, ó Deus, contra eles com o nome daquele que é o Senhor dos Exércitos."
deus,PROPN,96.2%,NOUN | xcomp,0.2%,"['povo', 'presença', 'filho', 'agentes', 'instrumento', 'amigo', 'pedido', 'mediador', 'lealdade', 'homem']",70.6%,"E engraçado que hoje à tarde, na verdade chegando em casa agora no final da tarde, eu liguei para um amigo meu e falava para ele que o que eu tenho mais orado, que eu tenho mais pedido a Deus, o que eu tenho mais realmente clamado ao senhor é pela nossa nação, pelo nosso Brasil, pelo nosso povo em todos os sentidos."
deus,PROPN,96.2%,NOUN | flat:name,0.2%,"['livraria', 'pai', 'liberdade', 'protetores', 'herói', 'padrão', 'brinde', 'justiça', 'campanha', 'recorde']",76.5%,"A Deus, eu oro, Pai, agora em nome de Jesus para cada família desse país que venha ter o Deus reconciliação."
deus,PROPN,96.2%,DET | ROOT,0.2%,"['meu', 'uma']",100.0%,"Meu Deus, Nicolas, que fala pesada."
deus,PROPN,96.2%,NOUN | obl:agent,0.2%,"['presença', 'graça', 'amor', 'senhor', 'glória', 'bondade', 'necessidade', 'filho', 'nome']",100.0%,E a gente precisa entender que hoje é o dia de alcançar o olhar da misericórdia e ser alcançado pela graça de Deus mais uma vez.
deus,PROPN,96.2%,ADJ | ccomp,0.2%,"['bom', 'real', 'conosco', 'especialista', 'santo', 'interessado', 'suficiente', 'distante', 'petista', 'lindo']",80.0%,"Então não é somente uma questão Emílio, dia sim o cara ver o que o dele, quando ele crescer ele deixa de ser, ele para com essa besteira, não não tudo que a gente tem um monte de gente aí, velho que defende a esquerda, que é progressista, que eu acho que ele te levara herói, que acha que Deus de gênero, algo lindo, então, assim como pagar darf, pois seu nome era ainda, usava a camisa do Sabá boina do Che Guevara, legal, e apresentar uma semana, eu saber aquela palavra:"
deus,PROPN,96.2%,PRON | nmod,0.1%,"['tudo', 'os', 'nós', 'isso', 'seu', 'deles', 'aquilo', 'eles', 'aqueles']",100.0%,"Hoje, dia extremamente corrido, mas graças a Deus por tudo, amanhã é mais corrido ainda, enfim."
deus,PROPN,96.2%,PRON | det,0.1%,"['tudo', 'o', 'quanto', 'nada', 'os', 'que', 'me', 'vários']",100.0%,"Então, olha gente, tudo isso Deus tem para nós quando falam para você que, ah, a Bíblia é machista, o senhor né, esse Deus aí dos crentes, ele quer que as mulheres né só só abaixem a cabeça e digam sim ou não, Sim, Amém."
deus,PROPN,96.2%,DET | nsubj,0.1%,"['meu', 'teu', 'aquele']",100.0%,"Meu Deus, olha o que que esse jogador fez, meu Deus, que que tal pessoa tá alcançando meu irmão."
deus,PROPN,96.2%,NOUN | advcl,0.1%,"['tu', 'poder', 'coração', 'olho', 'convívio', 'brinde', 'vontade', 'jeito', 'mediador', 'misericórdia']",91.7%,"Então reconheça o senhorinho de Cristo, você que está acompanhando a gente aqui na live, porque Jesus é o único mediador entre Deus e os homens."
deus,PROPN,96.2%,ADV | ROOT,0.1%,"['bem', 'demais', 'aí', 'ali', 'aqui', 'então', 'através', 'acima']",100.0%,"Bom demais, graças a Deus."
deus,PROPN,96.2%,PRON | conj,0.1%,"['você', 'ele', 'isso', 'eu', 'eles', 'outras']",100.0%,"Ele resgatou Deus, Pátria, família e liberdade e a gente tá isso daqui ó de fazer com que o Brasil continue crescendo e se torna uma nação que realmente merece o tamanho que ela tem."
deus,PROPN,96.2%,CCONJ | punct,0.1%,['né'],100.0%,"Mas uma experiência minha pessoal foi Deus ouvindo a minha oração no sentido de que, para o mundo, né, parece loucura, né, é essas orações sim."
deus,PROPN,96.2%,PRON | appos,0.1%,"['ele', 'o', 'naquilo', 'algo', 'alguém', 'você']",100.0%,"Deus, o que ele realiza na terra, ele usa pessoas para realizar."
deus,PROPN,96.2%,ADP | ROOT,0.1%,"['ó', 'graças', 'desse']",100.0%,"ó Deus, a uma unidade, uma unidade a Deus gerada por qualquer vontade política ou uma vontade religiosa, ou uma vontade individualizada de alguns, mas nós cremos, ó Deus, que essa unidade tem sido gerada no teu coração para que essa nação, em todas essas regiões, esteja, ó Deus, declarando a tua soberania."
deus,PROPN,96.2%,NOUN | nsubj:pass,0.1%,"['nome', 'oração', 'reino', 'planos', 'história', 'peça', 'amor', 'povo']",100.0%,"Ô, meu Pai, eu oro para que o Senhor, nessa live, fortaleça os nossos corações, nos leve a uma convicção clara que ainda há muito para acontecer em nossa nação, e vai acontecer, e vai acontecer, porque Deus planos para o Brasil não serão frustrados."
deus,PROPN,96.2%,SCONJ | cop,0.1%,"['és', 'é']",100.0%,"Confiamos em teu infinito amor, pois só tu és o Deus eterno sobre toda a terra e céus."
deus,PROPN,96.2%,PROPN | cop,0.1%,"['és', 'é']",100.0%,"Tu és o Deus desse país, tu és o senhor dos Senhores, o Deus que ree essa nação, o Deus que cria essa nação."
deus,PROPN,96.2%,PRON | ROOT,0.1%,"['tudo', 'aquilo', 'você', 'isso']",100.0%,"Aquilo que aos nossos olhos pode parecer impossível, mas, ó Deus, o Senhor, graças a Deus, Senhor, é o Deus do impossível."
deus,PROPN,96.2%,PROPN | ccomp,0.1%,"['deus', 'és', 'ó', 'abraão', 'senhor', 'música']",100.0%,"Agora, esse propósito de jejum e oração é para isso, Deus, nós nos rendemos a ti, nós declaramos que o senhor é o Deus dessa nação, que o senhor é o Deus do Brasil."
deus,PROPN,96.2%,AUX | ROOT,0.1%,"['foi', 'é', 'está', 'vamos', 'estou']",100.0%,Deus foi lá e aconteceu.
deus,PROPN,96.2%,PRON | obl,0.1%,"['nós', 'fique', 'isso', 'qual', 'ela', 'ti', 'eles', 'mim']",100.0%,"Sabe, ele disse que bendito seja Deus e paz nosso senhor Jesus Cristo, Deus de toda a Consolação, pai das misericórdias, que nos consolem nossas tribulações, para que nós possamos consolar os outros com a mesma Consolação com a qual de Deus temos sido consolados."
deus,PROPN,96.2%,VERB | cop,0.1%,"['é', 'tá', 'estaremos', 'estamos', 'seja', 'vai']",100.0%,"Eu aprendi que quando nós estamos diante de Deus, nós temos também que estar aberto para aquilo que Deus vai fazer."
deus,PROPN,96.2%,VERB | aux,0.1%,"['quiser', 'vai', 'teria', 'tava', 'tem']",100.0%,"Você me desculpa, mas se Deus quiser fazer só justiça e não misericórdia, vai sobrar para igreja também, porque a justiça de Deus é balança fiel e é por isso que quando os sacerdote se apresentavam diante de Deus para interceder pelo povo, seja Moisés e seja qualquer sacerdote, eles diziam:"
deus,PROPN,96.2%,PROPN | acl:relcl,0.1%,"['senhor', 'ó', 'cesa', 'forças-', 'trono', 'bíblia']",100.0%,"Em 2020, nós tínhamos uma medida provisória que dava ao estudante brasileiro o direito de ter essas carteirinhas ao preço de 15 centavos saindo lá do Ministério da Educação e que, infelizmente, sabe Deus por quais forças- porque foi tudo de maneira muito oculta- a medida provisória acabou caducando e a grande imprensa trouxe a notícia de que houve um acordo, um conluio entre o Partido Comunista do Brasil e, na época, o presidente da casa, que era Rodrigo Maia, para sepultar essa medida provisória que dava ao estudante o direito de ter a carteirinha gratuita."
deus,PROPN,96.2%,ADJ | advcl,0.1%,"['maravilhoso', 'conectada', 'poderoso', 'passado', 'querido', 'grato']",100.0%,"Mas Deus, ele é maravilhoso e ele muda as coisas, porque eu já entrei muitas vezes na oração para pedir a Deus algo e a oração terminou com Deus me pedindo algo, ou seja, ele mudou as coisas, eu fui pedir, é ele que me pediu e a única coisa que ele me pede é que eu o ame do fundo do meu coração, com toda minha força, com todo meu pensamento, com todas as minhas atitudes, com meu testemunho de vida, agradando a Deus acima de tudo, acima de todos."
deus,PROPN,96.2%,ADJ | parataxis,0.1%,"['poderoso', 'preciso', 'ansioso', 'atrelado', 'fiel', 'sozinho', 'dependente']",100.0%,"“Poxa, realmente é agora sim, eu estou sendo dependente de Deus”, sabe?"
deus,PROPN,96.2%,ADP | advmod,0.1%,"['ó', 'por']",100.0%,"ó Deus, venha ser derramado a tua chuva, aquela chuva serôdia temporária, aquela que não está programada, tá fora de tempo, mas o senhor é o senhor de todos os tempos, o senhor pode todas as coisas."
deus,PROPN,96.2%,PROPN | fixed,0.1%,['ó'],100.0%,"ó Deus, para que o Senhor, ó Deus, possa trazer, ó Deus, alívio, a paz que excede todo entendimento, de que, ó Deus, a nossa vida não é aqui, de que um dia nós estaremos, ó Deus, eternamente com o Senhor, sem lágrimas."
deus,PROPN,96.2%,INTJ | nsubj,0.1%,"['senhor', 'olha', 'tá']",100.0%,"Senhor, e agora, Deus, com todas as pessoas que estão aqui, sabe, com uma vela na mão, dizendo que nós somos luz dessa terra."
deus,PROPN,96.2%,PROPN | det,0.1%,"['ó', 'nosso', 'teu', 'meu']",100.0%,"Oração é o, literalmente a conversa de intimidade com teu Deus quando fala assim."
deus,PROPN,96.2%,PRON | ccomp,0.1%,"['conosco', 'nós', 'ele', 'comigo', 'você']",100.0%,"Eu sei que muitas pessoas podem estar tentando te convencer de que não é vida, que você vai passar tivesse é, mas saiba que Deus ele está com você independente da situação."
deus,PROPN,96.2%,NOUN | amod,0.1%,"['misericórdias', 'manifesto', 'recado', 'cristãos', 'materiais', 'local']",100.0%,"Então, se a gente olhar para um legado onde nós vimos um poder manifesto de Deus através da vida do meu avô, através da igreja Deus é Amor, cara, eu quero viver isso,"
deus,PROPN,96.2%,INTJ | punct,0.1%,"['né', 'ó', 'oh']",100.0%,"O marido da senhora é Deus, melhor Jesus botar a oração brasileira toda agora para fazer de Jesus, né?"
deus,PROPN,96.2%,ADP | parataxis,0.1%,['ó'],100.0%,"Ó Deus, que nós possamos, ó Deus, cheirar, ó Deus, o teu Espírito Santo."
deus,PROPN,96.2%,AUX | aux,0.1%,"['iria', 'vai', 'tem']",100.0%,"Eu falei: ""Cara, é assim e graças a Deus não tem me faltado nada."
deus,PROPN,96.2%,INTJ | discourse,0.0%,"['ó', 'ai']",100.0%,"Ai, meu Deus, não pode!"
deus,PROPN,96.2%,PRON | acl:relcl,0.0%,"['nisso', 'ele', 'convosco', 'isto']",100.0%,"Daniel sabe o Deus que ele serve, Daniel conhece o Deus que esteve com ele até agora e que passou por ele em todas as fases."
deus,PROPN,96.2%,ADJ | acl,0.0%,"['querido', 'abertas', 'indignado', 'grato']",100.0%,"Cada estado tem a sua particularidade, a sua peculiaridade, mas, querido Deus, nas nossas diferenças naquilo, ó Deus, que nos difere."
deus,PROPN,96.2%,PROPN | cc,0.0%,['ó'],100.0%,"Que o teu amor, ó Deus, venha alcançar, ó Deus, quem quer que entre aqui, ó Deus, que pessoas que entrem aqui revoltadas por conta de política saiam, ó Deus, com um propósito fixo dos seus corações."
deus,PROPN,96.2%,ADP | dep,0.0%,"['ó', 'de', 'graças']",100.0%,"Pai, dê-nos também uma visão Ampla, espiritual, para que não tenhamos inveja da promessa que o senhor entregou para, para alguém que nós possamos, ó Deus, é viver as tuas promessas como algo padronizado, como algo específico, como algo que o senhor está mandando para cada um de nós, afinal de contas."
deus,PROPN,96.2%,PRON | obj,0.0%,"['nada', 'algo', 'daquilo']",100.0%,"Nós podemos olhar com um olhar deste mundo para um fracasso, mas que Deus está daquilo fazendo que vai trazer ressurreição, vida."
deus,PROPN,96.2%,ADJ | xcomp,0.0%,"['presente', 'íntimo', 'honrados']",100.0%,"O senhor continua falando, o senhor continua se relacionando, porque aquilo que eu vivo hoje não me impede de ser íntimo de Deus."
deus,PROPN,96.2%,PRON | dep,0.0%,"['aquilo', 'esse', 'que']",100.0%,"Mas traga uma conformidade, O Deus do céu, que aquilo, pai, que incomode o senhor que venha nos incomodar, e não Deus o contrário, para que aquilo Deus que incomode a Deus, Deus pai, que venha também nos incomodar."
deus,PROPN,96.2%,PROPN | nsubj:pass,0.0%,"['reino', 'ó', 'espírito']",100.0%,"Sua palavra fala que os cegos vêm, que os coxos andam, que é chegado o Reino de Deus."
deus,PROPN,96.2%,SCONJ | ROOT,0.0%,"['que', 'foi']",100.0%,"Foi: Deus, se for necessário eu sofrer para cumprir o propósito que o senhor, fasso isso."
deus,PROPN,96.2%,DET | cc,0.0%,['meu'],100.0%,"Meu Deus, se ele deve estar assim, Quem é essa mulher, meu Deus?"
deus,PROPN,96.2%,SCONJ | nsubj,0.0%,['que'],100.0%,"Agora, esse propósito de jejum e oração é para isso, Deus, nós nos rendemos a ti, nós declaramos que o senhor é o Deus dessa nação, que o senhor é o Deus do Brasil."
deus,PROPN,96.2%,DET | appos,0.0%,['aquele'],100.0%,Nós somos de Deus; aquele que conhece a Deus ouve-nos; aquele que não é de Deus não nos ouve.
deus,PROPN,96.2%,NOUN | iobj,0.0%,"['senhor', 'poder', 'toque']",100.0%,"Né E por que que eu vejo isso, né até usei esse exemplo também recentemente, quando o Moisés morreu- e Deus é dificilmente alguém que fez coisas tão grandes pelo poder de Deus na vida dele como Moisés."
deus,PROPN,96.2%,ADV | nsubj,0.0%,"['ali', 'graças', 'onde']",100.0%,e Graças a Deus está acontecendo isso comigo.
deus,PROPN,96.2%,AUX | conj,0.0%,"['foi', 'vou', 'estamos']",100.0%,"Hoje aconteceu tantas coisas que não consigo nem descrever para vocês, mas graças a Deus nós estamos aqui."
deus,PROPN,96.2%,ADV | ccomp,0.0%,"['aqui', 'longe']",100.0%,""" e às vezes a gente acha que Deus está longe, que Deus está distante, que Deus não está ouvindo e que realmente está principalmente de tudo aquilo que nós estamos vivendo, nós que amamos a nossa nação."
deus,PROPN,96.2%,VERB | nsubj,0.0%,"['ô', 'celebra']",100.0%,"Ô meu Deus, prendam esse padre."
deus,PROPN,96.2%,VERB | discourse,0.0%,['é'],100.0%,"” E algo que eu aprendi ao longo do tempo é que realmente sim, Deus honra, mas sempre que Deus honra, não tem a ver com o nosso destaque e sim com aquilo que a gente faz em relação ao que ele nos chamou para fazer."
deus,PROPN,96.2%,ADP | cc,0.0%,['ó'],100.0%,"ó Deus, para que o Senhor, ó Deus, possa trazer, ó Deus, alívio, a paz que excede todo entendimento, de que, ó Deus, a nossa vida não é aqui, de que um dia nós estaremos, ó Deus, eternamente com o Senhor, sem lágrimas."
deus,PROPN,96.2%,NUM | nmod,0.0%,"['óo', '1']",100.0%,"Deus S Esta Nação com o teu poder, com o óo da sua unção, mais uma vez, mais uma vez: Benar Esta Nação com o teu poder, com o olho da tua unção."
deus,PROPN,96.2%,INTJ | cc,0.0%,"['ó', 'ai']",100.0%,"Ó Deus, perdoa-nos como nação, pelas milhares de crianças que são assassinadas dentro do ventre materno."
deus,PROPN,96.2%,PROPN | discourse,0.0%,"['ó', 'né']",100.0%,"Cada corte, de cada juiz, ó Deus das supremas, ó Deus, cortes, como TSE, como Supremo Tribunal militar, todos para que, ó Pai, aquilo que precisa ser transformado, ó Deus, que o Senhor transforme."
deus,PROPN,96.2%,INTJ | dep,0.0%,['ó'],100.0%,"Ó Deus, perdoa os pecados de cada deputado aqui, Senhor."
deus,PROPN,96.2%,ADP | appos,0.0%,['ó'],100.0%,"E que, em nome de Jesus, as vozes aqui desse Senado, que são vozes sinceras, verdadeiras, que são vozes que honram o Senhor, pai, que o Senhor possa, ó Deus, em nome de Jesus, revigorar as suas forças."
deus,PROPN,96.2%,ADV | acl:relcl,0.0%,['aqui'],100.0%,"Senhor, o mesmo Deus que está aqui agora é o Deus de Abraão, é o Deus de Isa, é o Deus de Jacó."
deus,PROPN,96.2%,DET | obl,0.0%,"['a', 'meu']",100.0%,"Pai, e nós oramos agora, Deus, por fim, sobre cada um a, Deus, que está aqui, vai ser o multiplicador."
deus,PROPN,96.2%,NOUN | acl,0.0%,"['vinda', 'livraria']",100.0%,"Mas a Bíblia é bem clara e é nela que eu confio, porque ela é a é a inspiração através dos homens vinda de Deus e ou seja, ele é a palavra de Deus e ela diz que minha é a vingança."
deus,PROPN,96.2%,NUM | appos,0.0%,"['99', 'cinco']",100.0%,"Amém, Porque Nós pensamos que o nosso Deus é um Deus de 1: 99?"
deus,PROPN,96.2%,PROPN | advcl,0.0%,"['pergunte', 'noos']",100.0%,"Eu estou querendo que você coloque, da mesma forma como você coloca seu trabalho, a tua, as tuas férias em em Maldivas, ou que você pede para Deus qual é o direcionamento para quem você vai casar, quem você vai namorar, para que você também Pergunte para Deus:"
deus,PROPN,96.2%,DET | amod,0.0%,"['próprio', 'própria']",100.0%,Foi estabelecido de 30 dias para que todos adorassem ao rei e não ao seu próprio Deus.
deus,PROPN,96.2%,DET | flat:name,0.0%,"['nenhum', 'cada']",100.0%,"Todos foram alcançados por essa negativa do Rei para esse movimento dos sátrapas para que não houvesse mais oração a Deus nenhum, para que não houvesse mais adoração livre, expressão de adoração."
deus,PROPN,96.2%,VERB | flat:name,0.0%,"['toque', 'abraço']",100.0%,"Para que você, eh, consiga chamar pessoas que Deus toque no seu coração, né, e fique aqui, né, nesses minutinhos aqui agora que resta, que a gente vai orar."
deus,PROPN,96.2%,NOUN | csubj,0.0%,"['locais', 'amigo']",100.0%,"E é isso que nós pedimos a Deus para cada pessoa que está aqui, homem, mulher, a Deus, criança, adolescente, pessoas estão em locais poderosas, Deus, uma pessoa só, Deus, que não estão em locais poderosos, mas que tem a sua influência, senhor."
deus,PROPN,96.2%,AUX | discourse,0.0%,['é'],100.0%,"É para esse Deus que foi aquele mesmo Deus, né, que estava com Abraão, que estava com Isaque, estava com Jacó."
deus,PROPN,96.2%,SCONJ | fixed,0.0%,"['que', 'embora']",100.0%,"Então, graças a Deus que, que tudo isso tem acontecido, né?"
deus,PROPN,96.2%,PROPN | xcomp,0.0%,"['deus', 'megafone']",100.0%,"Nós não queremos estava Deus ele para vir para o nosso time, nós não queremos que ele estava Deus estava Deus simplesmente aqui para uma ideologia pai."
deus,PROPN,96.2%,AUX | dep,0.0%,['está'],100.0%,"Deus está, Deus está."
deus,PROPN,96.2%,PUNCT | ROOT,0.0%,['ó'],100.0%,Ó Deus forte contra a tua igreja.
deus,PROPN,96.2%,SCONJ | dep,0.0%,"['que', 'foi']",100.0%,"Para essa pessoa que acha que lá, o Deus da casa dele, que talvez ninguém conheça onde ele tá morando, que o Senhor Deus possa."
deus,PROPN,96.2%,AUX | advcl,0.0%,"['é', 'for']",100.0%,"Então, enquanto eu tiver fôlego, né, enquanto Deus é que me permitir, eu continuarei defendendo o evangelho de fato na Bíblia."
deus,PROPN,96.2%,ADP | flat:name,0.0%,"['por', 'de']",100.0%,"Graças a Deus por, por nós estamos aqui."
deus,PROPN,96.2%,ADV | obj,0.0%,['algo'],100.0%,"Então eu acredito que todas essas outras pessoas, tanto Bolsonaro, quanto outras pessoas também que estão, digamos, numa patente alta, elas só sairão se de fato acontecer algo extraordinário de Deus ou se de fato a gente conseguir a presidência do ano que vem e dando indulto para cada uma dessas pessoas e finalmente conseguindo essa anistia- eh ampla."
deus,PROPN,96.2%,PUNCT | amod,0.0%,['“'],100.0%,"Mas, como eu tava falando, tem uma raiz assembleiana, e na raiz assembleiana tem muito lance do “Deus vai te honrar”, né?"
deus,PROPN,96.2%,NUM | ROOT,0.0%,['um'],100.0%,"Deus, nós não queremos ser uma igreja que fala mas não faz, uma igreja que se levanta mas não age, uma igreja que é grande mas é é parada, é como se fosse um um, um, um, um Pântano."
deus,PROPN,96.2%,ADP | nmod,0.0%,['d'],100.0%,"Nós oramos, ó Deus, para que o teu Espírito Santo, ele possa encontrá-los, ó Deus, e fortalecê-los, que eles saiam Deus mais fortes D ó Deus, porque nós sabemos, ó Pai, que, assim como Paulo diz, por algum tempo é necessário que estejamos entristecidos, tristes, para que o nosso espírito se fortaleça."
deus,PROPN,96.2%,CCONJ | dep,0.0%,['mas'],100.0%,"Cada guerra que nós enfrentamos, o inimigo também se levanta de forma muito, muito forte, mas, graças a Deus, né?"
deus,PROPN,96.2%,PRON | case,0.0%,['dele'],100.0%,"Senhor, unja o guarde, Senhor, o livre, Senhor o proteja e faça dele Deus aquele homem que tem temor e que caminha contigo em sabedoria."
deus,PROPN,96.2%,CCONJ | ROOT,0.0%,['né'],100.0%,"Para que você, eh, consiga chamar pessoas que Deus toque no seu coração, né, e fique aqui, né, nesses minutinhos aqui agora que resta, que a gente vai orar."
deus,PROPN,96.2%,CCONJ | conj,0.0%,['né'],100.0%,"Para que você, eh, consiga chamar pessoas que Deus toque no seu coração, né, e fique aqui, né, nesses minutinhos aqui agora que resta, que a gente vai orar."
deus,PROPN,96.2%,CCONJ | det,0.0%,['ei'],100.0%,"Ei meu Deus do céu, Quase que eu que eu passei aqui o módulo aqui, Ah tá tá aqui, então todas as aulas vão ser gravadas para que você possa assistir Quantas vezes for necessário por 12 meses, tá certo."
deus,PROPN,96.2%,ADV | parataxis,0.0%,['quase'],100.0%,"Ei meu Deus do céu, Quase que eu que eu passei aqui o módulo aqui, Ah tá tá aqui, então todas as aulas vão ser gravadas para que você possa assistir Quantas vezes for necessário por 12 meses, tá certo."
deus,PROPN,96.2%,VERB | dep,0.0%,['escrita'],100.0%,"Vamos a última então: uma Bíblia escrito por pessoa historiadora né, então uma Bíblia escrito por exemplo a sua historiadora né, então a bíblia pode ser muito bonita, a Bíblia não foi escrita por Deus."
deus,PROPN,96.2%,VERB | advmod,0.0%,['sabe'],100.0%,"Sabe, Deus, com teu amor a Deus que constrange o Senhor, possa ganhar essa pessoa."
deus,PROPN,96.2%,NUM | obj,0.0%,['um'],100.0%,Então acabou de sair um da Deus
deus,PROPN,96.2%,VERB | cc,0.0%,['aja'],100.0%,"Mas foi ali que ele realmente me puxou para mais perto dele, forjou, aja de Deus para ser aquilo que Deus tinha até para esses tempos que ele me levantou como um minuto de louvor de adoração."
deus,PROPN,96.2%,NOUN | fixed,0.0%,['nome'],100.0%,"Então a gente precisa entender que o nome de Deus, quando a gente está orando, a gente tem uma circunstância, uma situação difícil, a gente coloca o nome de Jesus, santificado seja o teu nome, o nome de Deus vai na frente, vamos lá."
deus,PROPN,96.2%,DET | case,0.0%,['ao'],100.0%,"Vamos ler aí: dou graças ao meu Deus por tudo que recordo de vós, fazendo sempre com alegria súplicas por todos vós em todas as minhas orações, pela vossa cooperação no evangelho desde o primeiro dia até agora;"
deus,PROPN,96.2%,PUNCT | cc,0.0%,['né'],100.0%,"E, graças a Deus, né acima de tudo, né a gente tem essa, essa amizade."
deus,PROPN,96.2%,VERB | nsubj:pass,0.0%,['surgiu'],100.0%,"Que surgiu Deus forem mortos, você vai escapar?"
deus,PROPN,96.2%,ADP | conj,0.0%,['né'],100.0%,"A gente chora em oração e Eu derramei muitas lágrimas, né diante do meu Deus para que o senhor arrancasse do meu peito aquela dor."
deus,PROPN,96.2%,ADJ | advmod,0.0%,['pior'],100.0%,"Quanto pior melhor para Deus Agir; quanto pior melhor para Deus fazer, porque a glória de Deus."
deus,PROPN,96.2%,AUX | acl:relcl,0.0%,['está'],100.0%,"Um propósito inabalável, Senhor, de fazer o que Deus, aquilo que o Senhor quer, independente daquilo que está o Deus."
deus,PROPN,96.2%,NUM | nummod,0.0%,['um'],100.0%,"Eu peço a Deus para quem, em nome de Jesus, que usa o Senhor, usa Deus cada um que está aqui."
deus,PROPN,96.2%,AUX | ccomp,0.0%,['era'],100.0%,"A pessoa acha que pedir orar para Deus é mimimi e dizer que o Brasil já era, graças a Deus, é um de 35 mil pessoas aqui."
deus,PROPN,96.2%,ADP | discourse,0.0%,['ó'],100.0%,"ó Deus, esse que está à frente da batalha, esses que falam, esses que lutam para Deus, nós pedimos a tua proteção divina."
deus,PROPN,96.2%,AUX | parataxis,0.0%,['vai'],100.0%,"Daniel era o tipo de pessoa que, quando se põe a orar, antes que o que estava no coração dele se tornasse verbo em sua boca, Deus vai."
deus,PROPN,96.2%,PROPN | obl:agent,0.0%,['espírito'],100.0%,"E, falando sobre intercessão, eu queria convidar esse povo, aqui agora, a orar conosco e entender, fazer os entender pelo Espírito de Deus, porque só ele pode nos levar esse entendimento de que, sim, a sua oração, irmãzinha, você aí, ó que tá aí do outro lado agora pensando Poxa, Camila, mas Deus vai ouvir a minha oração e ela foi uma oração de alguém que tem procurado né caminhar em retidão diante do Senhor."
deus,PROPN,96.2%,INTJ | parataxis,0.0%,['né'],100.0%,"e Deus conosco, né."
deus,PROPN,96.2%,PUNCT | ccomp,0.0%,['né'],100.0%,eu sei que Deus não está né com os olhos fechados para aquilo que tá acontecendo aqui no nosso país.
deus,PROPN,96.2%,INTJ | advmod,0.0%,['ai'],100.0%,"Ai, meu Deus, vamos chegar na igreja, fumaça, luz e vamos ter arrepio."
deus,PROPN,96.2%,NUM | det,0.0%,['uma'],100.0%,"Se você não combate, se você não defende a Cristo quando as pessoas estão atacando a nossa fé, você de fato só uma Deus, até que não ter que entrava uma briga por ele."
deus,PROPN,96.2%,AUX | xcomp,0.0%,['ir'],100.0%,"Foi um ano péssimo para os aspectos bons, por um, por outros, e a gente ficar conseguindo ir fazer bastante coisa aqui e, graças a Deus, ano que vem, né, deixar uma a motivação não só para vocês que me seguem, para também quem me odeia, né?"
deus,PROPN,96.2%,PRON | mark,0.0%,['que'],100.0%,Mas enquanto as ferramentas que Deus nos entrega é para que a gente leve isso para fora.
deus,PROPN,96.2%,SCONJ | conj,0.0%,['do'],100.0%,"E quando vocês ouvirem os sons, vocês vão se prostrar, porque a influência que nos faz querer nos prostrar diante daquilo que nos afasta de quem é Deus e do que é Deus começa pelo que ouvimos."
deus,PROPN,96.2%,DET | acl:relcl,0.0%,['nosso'],100.0%,"Porque o propósito de toda ideologia, Nicolas, é nos fazer prostrar diante de um Deus que não é o nosso."
deus,PROPN,96.2%,DET | nmod,0.0%,['cada'],100.0%,"Aqui é o Senhor, te agradecendo ao pai pelo teu cuidado, te agradecendo pela tua misericórdia por cada um só meu Deus que esteve aqui só me."
deus,PROPN,96.2%,SCONJ | advcl,0.0%,['és'],100.0%,"Ensina-me a fazer tua vontade, pois tu és o meu Deus."
deus,PROPN,96.2%,ADV | conj,0.0%,['graças'],100.0%,"Não só que é criar um hábito de orar, né que toda 10 horas agora né estão orando, e de pessoas também, né que foram alcançadas por Cristo, pessoas que estavam com intenção de suicídio, pessoas que estavam assim simplesmente deixada de lado e Graças a Deus."
deus,PROPN,96.2%,NUM | acl:relcl,0.0%,['uma'],100.0%,Deus que são em cada uma das casas que estão Reunidas agora no vigésimo primeiro dia de oração e jejum pelo Brasil.
deus,PROPN,96.2%,SCONJ | det,0.0%,['que'],100.0%,"Então, quando a gente para para pensar que existem limites e que o próprio Deus que estabeleceu, você não tem o direito de tirar esse limite."
deus,PROPN,96.2%,ADJ | nsubj,0.0%,['único'],100.0%,O único que tem direito de estabelecer limite foi o próprio Deus.
deus,PROPN,96.2%,DET | obj,0.0%,['meu'],100.0%,"Meu Deus, uma esses jovens estão votando em sua maioria aí um ex-presidiário, um cara que destruiu oração que isso aqui hoje aos cofres públicos."
deus,PROPN,96.2%,PRON | parataxis,0.0%,['eu'],100.0%,"ô Deus, eu não, eu não gosto de criança, filha, tá, porque minha esposa tá vendo."
deus,PROPN,96.2%,AUX | nsubj,0.0%,['vai'],100.0%,"E aí eu vou chegar, vai meu deus, e humilhado é o hoje."
homem,NOUN,99.4%,DET | det,16.5%,"['um', 'o', 'os', 'esse', 'este', 'aquele', 'esses', 'todos', 'aqueles', 'outro']",93.8%,"Qua Nicolas, quero muito desejar você, que você seja esse homem, esse, esse profético, esse garoto, esse rapaz, esse, esse, esse servo de Deus profético, que entenda a voz do senhor todo tempo, para que possa juntar essa geração, trazer mais jovens para jejuar e orar, porque essa é uma característica que não é de todo mundo."
homem,NOUN,99.4%,ADP | case,8.9%,"['de', 'do', 'dos', 'para', 'com', 'como', 'por', 'desse', 'entre', 'contra']",86.5%,"Eu não vi Deputados de esquerda não seam extremamente ideológicos dizer que são contrários, por exemplo, ao que eu disse, no seguinte sentido de que um homem deve entrar no banheiro de um homem e uma mulher entrar no banheiro de uma mulher, de que nós precisamos ter a honestidade intelectual de se atentar à realidade, porque a realidade, ela importa, senhora ministra."
homem,NOUN,99.4%,PUNCT | punct,7.5%,"[',', '.', 'né', '?', '""', '...', ';']",100.0%,"Qua Nicolas, quero muito desejar você, que você seja esse homem, esse, esse profético, esse garoto, esse rapaz, esse, esse, esse servo de Deus profético, que entenda a voz do senhor todo tempo, para que possa juntar essa geração, trazer mais jovens para jejuar e orar, porque essa é uma característica que não é de todo mundo."
homem,NOUN,99.4%,VERB | acl:relcl,6.3%,"['tem', 'sente', 'teme', 'têm', 'sentem', 'diz', 'pode', 'deveria', 'fazem', 'foi']",22.2%,"Eu oro para que o Senhor levante também, Pai, através da tua igreja, não só um braço que profetiza, que crê, que ora que prega, que unge, mas também ora para que o Senhor levante o homem de estratégia, homens que vão produzir conteúdo, homens que vão ocupar a cadeira de governo, homens que vão ocupar reitoria e universidades."
homem,NOUN,99.4%,NOUN | nmod,5.5%,"['anos', 'homem', 'coragem', 'coração', 'verdade', 'vida', 'mulher', 'mulheres', 'caráter', 'fé']",33.7%,"Esse homem, para pra esquerda, pra mídia e para muitos deputados que inclusive estão aqui ó, que defendem democracia, Liberdade, amor para com o próximo, Direitos Humanos, na verdade eles não veem esta pessoa como um ser humano."
homem,NOUN,99.4%,VERB | ROOT,5.3%,"['levanta', 'quero', 'sabe', 'tem', 'pode', 'condenado', 'levantou', 'precisa', 'vi', 'falei']",27.5%,"Qua Nicolas, quero muito desejar você, que você seja esse homem, esse, esse profético, esse garoto, esse rapaz, esse, esse, esse servo de Deus profético, que entenda a voz do senhor todo tempo, para que possa juntar essa geração, trazer mais jovens para jejuar e orar, porque essa é uma característica que não é de todo mundo."
homem,NOUN,99.4%,AUX | cop,4.8%,"['é', 'sou', 'era', 'ser', 'foi', 'são', 'sendo', 'sejam', 'seja', 'eram']",96.8%,"Qua Nicolas, quero muito desejar você, que você seja esse homem, esse, esse profético, esse garoto, esse rapaz, esse, esse, esse servo de Deus profético, que entenda a voz do senhor todo tempo, para que possa juntar essa geração, trazer mais jovens para jejuar e orar, porque essa é uma característica que não é de todo mundo."
homem,NOUN,99.4%,ADJ | amod,4.5%,"['maus', 'biológico', 'grandes', 'biológicos', 'segundo', 'poderosos', 'fracos', 'humilde', 'retos', 'velho']",33.6%,"A gente sabe que isso movimentos que nem o homem controla, por mais que tenham homens poderosos hoje que tem o poder da caneta ali de mexer e tocar em milhões de vidas, a gente sabe que tudo isso é espiritual."
homem,NOUN,99.4%,NOUN | conj,4.1%,"['mulheres', 'mulher', 'homens', 'homem', 'estuprador', 'filho', 'criança', 'dinâmica', 'tarefa', 'família']",74.2%,"Mas também é um recado não somente aos poderosos, mas também para nós mesmos, brasileiros e brasileiras, que estavam desanimados, desesperançosos de que essa geração será marcada por uma geração de homens e mulheres que persistiram e não desistiram."
homem,NOUN,99.4%,VERB | advcl,2.6%,"['tem', 'ter', 'quer', 'dizer', 'vá', 'fazer', 'temos', 'acha', 'existe', 'forma']",28.2%,"A gente sabe que isso movimentos que nem o homem controla, por mais que tenham homens poderosos hoje que tem o poder da caneta ali de mexer e tocar em milhões de vidas, a gente sabe que tudo isso é espiritual."
homem,NOUN,99.4%,NOUN | obj,2.5%,"['homem', 'espaço', 'homens', 'coisas', 'vida', 'história', 'pessoas', 'jovens', 'sexo', 'monte']",36.2%,"Que o Senhor possa levantar jovens, homens, mulheres, adolescentes, a todos quantos estão disponíveis e querendo, que o Senhor possa levantar com muita autoridade, ousadia, e que o teu nome tudo seja glorificado."
homem,NOUN,99.4%,VERB | ccomp,2.4%,"['tem', 'pode', 'torne', 'existe', 'consegue', 'ter', 'levantado', 'gosta', 'deve', 'entendeu']",30.3%,"Eu oro para que o Senhor levante também, Pai, através da tua igreja, não só um braço que profetiza, que crê, que ora que prega, que unge, mas também ora para que o Senhor levante o homem de estratégia, homens que vão produzir conteúdo, homens que vão ocupar a cadeira de governo, homens que vão ocupar reitoria e universidades."
homem,NOUN,99.4%,PRON | nsubj,2.2%,"['que', 'eu', 'ele', 'você', 'o', 'quem', 'ela', 'ambos', 'isso', 'alguém']",100.0%,"A escola nada o fez e portanto eu, como ah irmão e como representante, inclusive legal, que eu era vereador da cidade, eu fiz um discurso e na época, agora aqui, como deputado federal, utilizei uma exemplificação do que vocês mesmos h defendem, que é um homem, ah, que se sente mulher e está ali como uma mulher enfim, ah."
homem,NOUN,99.4%,VERB | conj,2.0%,"['tem', 'tinha', 'dar', 'sair', 'levanta', 'sinto', 'falta', 'considerado', 'tomei', 'decidir']",30.8%,"a mentira é uma professora que é feminista, não cumprimenta o homem de tudo mais, e aí durante a aula eu sempre entrava em debate com ela, então assim, respeitosa, entende?"
homem,NOUN,99.4%,ADV | advmod,2.0%,"['não', 'também', 'sempre', 'já', 'aqui', 'mais', 'aí', 'então', 'somente', 'através']",75.0%,"Já tinha sido pego, mas como não foi em flagrante, não ficou preso e novamente estava ali furtando coisas dentro da PUC Minas e os guardas- não seguranças- conseguiram conter a imobilizaram ele e, Diferentemente do que a que a gente espera, né de algo normal na sociedade de que quando um homem Bom Combate algo mal e você valoriza aquilo, os universitários ali do serviço social arquitetura simplesmente estavam gravando, chamando os seguranças ali de racista, dizendo que eles utilizaram força para o 40, sendo que ele inclusive estava com objeto cortante e colocando ali a vida né daquele segurança em risco."
homem,NOUN,99.4%,NOUN | nsubj,1.9%,"['homem', 'filho', 'homens', 'pessoas', 'nome', 'exército', 'caráter', 'gente', 'esperança', 'boxeadora']",52.5%,"Pega isso, porque muitas vezes a gente, cara, acha que a coisa mais poderosa que há no mundo é o poder bélico, é o poder da arma, é a evolução tecnológica, são homens poderosos e a riqueza, é o dinheiro."
homem,NOUN,99.4%,VERB | acl,1.9%,"['chamado', 'armado', 'ter', 'dispostos', 'usado', 'apoiada', 'competindo', 'servem', 'feito', 'transformar']",38.3%,"Eu não sei você que está me escutando, mas isso enche o meu coração de fé, porque isso gera em nós uma semente de que, se um dia um homem desse recebeu algo de Deus e conseguiu gerar transformação, nós que estamos aqui hoje e acreditamos na promessa de Deus também podemos ser usados para gerar essa transformação."
homem,NOUN,99.4%,PROPN | nmod,1.8%,"['deus', 'bíblia', 'albert', 'bolsonaro', 'salmos', 'paris', 'reconciliação', 'josué', 'um', 'cleston']",80.7%,"Então reconheça o senhorinho de Cristo, você que está acompanhando a gente aqui na live, porque Jesus é o único mediador entre Deus e os homens."
homem,NOUN,99.4%,CCONJ | cc,1.5%,"['e', 'mas', 'ou', 'nem']",100.0%,"Então reconheça o senhorinho de Cristo, você que está acompanhando a gente aqui na live, porque Jesus é o único mediador entre Deus e os homens."
homem,NOUN,99.4%,SCONJ | mark,1.4%,"['que', 'porque', 'se', 'de', 'por', 'como']",100.0%,"Daniel fez um propósito né e a oração insistente dele né ficou impedida por um tempo, mas quando veio a resposta, a resposta de Deus a Daniel foi que, desde o dia em que ele colocou no coração atender e responder o clamor dele, Deus já havia decidido em favor dele porque ele era um homem muito amado, muito Amado aqui nesse contexto."
homem,NOUN,99.4%,VERB | xcomp,1.2%,"['falar', 'chamar', 'competir', 'ter', 'sentir', 'desclassificar', 'calar', 'defendido', 'levantar', 'orar']",42.5%,"Segundo exemplo, e vocês que sabem a história da igreja, talvez sabem alguns desses detalhes, mas o segundo exemplo que eu quero usar é homem chamado John Knox, que era escocês."
homem,NOUN,99.4%,NOUN | ROOT,1.1%,"['homens', 'dias', 'atitude', 'tipo', 'homem', 'caso', 'conta', 'donos', 'filhos', 'apóstolo']",47.2%,"antes de tudo, que se façam orações, deprecações, isso é orações insistentes, súplicas, pelos homens que estão em eminência, para que temos uma vida quieta e sossegada, porque isto é bom e agradável ao senhor."
homem,NOUN,99.4%,NOUN | appos,1.1%,"['homem', 'mulheres', 'irmão', 'pessoa', 'tipo', 'pais', 'mulher', 'garoto', 'filhos', 'legado']",52.9%,"Qua Nicolas, quero muito desejar você, que você seja esse homem, esse, esse profético, esse garoto, esse rapaz, esse, esse, esse servo de Deus profético, que entenda a voz do senhor todo tempo, para que possa juntar essa geração, trazer mais jovens para jejuar e orar, porque essa é uma característica que não é de todo mundo."
homem,NOUN,99.4%,NOUN | obl,1.1%,"['banheiro', 'conta', 'caso', 'basquete', 'específico', 'caráter', 'hipocrisia', 'pescoço', 'equipe', 'velório']",44.1%,"Eu não vi Deputados de esquerda não seam extremamente ideológicos dizer que são contrários, por exemplo, ao que eu disse, no seguinte sentido de que um homem deve entrar no banheiro de um homem e uma mulher entrar no banheiro de uma mulher, de que nós precisamos ter a honestidade intelectual de se atentar à realidade, porque a realidade, ela importa, senhora ministra."
homem,NOUN,99.4%,NOUN | ccomp,0.6%,"['homem', 'braço', 'adúltero', 'mão', 'uso', 'exemplo', 'dragão', 'menina', 'mulher', 'estuprador']",95.0%,"E aí o tio disse que aquele homem que conhece de política, é um homem temente a Deus, com conselheiro."
homem,NOUN,99.4%,PROPN | nsubj,0.6%,"['jesus', 'senhor', 'josé', 'érica', 'elon', 'noé', 'josué', 'davi', 'jair', 'luiz']",61.1%,"Sei que nem todos precisam concordar com suas decisões, mas acreditar que o Senhor, um homem de vida simples que saiu do exército, construiu sua trajetória com suor, que sempre foi o próximo do povo e da própria família, mereça penas maiores do queores e traficantes é a prova de que muitos estão completamente alienados."
homem,NOUN,99.4%,PROPN | appos,0.6%,"['senhor', 'deus', 'aécio', 'nicolas', 'santo', 'josué', 'moisés', 'homem', 'príncipes', 'serdofio']",66.7%,"Segundo exemplo, e vocês que sabem a história da igreja, talvez sabem alguns desses detalhes, mas o segundo exemplo que eu quero usar é homem chamado John Knox, que era escocês."
homem,NOUN,99.4%,ADJ | acl:relcl,0.5%,"['primeiro', 'adoradores', 'retos', 'valoroso', 'dedicadas', 'morto', 'preso', 'ponderado', 'maior', 'sábias']",58.8%,"Está destruindo a nossa sociedade porque não se forma mais homens que são leais a mulheres não formas mulheres são leais ao homem e o casamento que o casamento hoje, o casamento de virou merda e descobre, descobre ele que tem um defeito, divorcia, sap."
homem,NOUN,99.4%,VERB | csubj,0.5%,"['virar', 'tirar', 'fez', 'caminhando', 'levanta', 'deposto', 'ter', 'escreveu', 'vem', 'fiz']",68.8%,"Caminhando para um tempo em que esses globalistas, um dia, hão de levantar um homem que que será de fato de acordo com as suas maneiras de enxergar, será um homem com muito poder, será aclamado, ovacionado por toda a humanidade."
homem,NOUN,99.4%,PROPN | ROOT,0.5%,"['abençoa', 'pai', 'levanta', 'repito', 'danone', 'música', 'davi', 'jesus', 'senhor', 'for']",73.3%,"Abençoa, Senhor, aquele homem, aquela mulher que está, Senhor, aleluia, Senhor, quem sabe sentado, Senhor, em um lugar agora, pedindo, Pai, que o Senhor abençoe, Senhor, os homens, Senhor, poderosos da nossa nação."
homem,NOUN,99.4%,NOUN | acl:relcl,0.4%,"['homem', 'jovens', 'bombeiro', 'fato', 'centro', 'eminência', 'cova', 'conceito', 'dia', 'estuprador']",92.9%,"Isso aqui, governo bolsonaro tá fazendo aqui por nós, porque o preço da nossa liberdade é eterna vigilância, e aqui é a única coisa que para um homem mau com uma arma é o homem bom com uma."
homem,NOUN,99.4%,VERB | parataxis,0.4%,"['defende', 'há', 'sentem', 'sente', 'quero', 'entregou', 'podem', 'fazem', 'sabe', 'olha']",76.9%,"Tônus: e olha uma mulher, mas tem que ficar chamando ela de Ricardão; você olha um homem e tem que ficar chamando ela de Priscila."
homem,NOUN,99.4%,PROPN | conj,0.3%,"['xy', 'você', 'oi', 'dr.', 'cpmi', 'cristão', 'ivo', 'nicolas', 'idosos-']",100.0%,"Eh, cumprimentar aqui também eh Dr. Sebastião, um homem que tem mostrado que existem homens de coragem ainda né nesse país."
homem,NOUN,99.4%,NUM | nummod,0.3%,"['dois', 'três', 'quatro', '600', '70', '400', '5000']",100.0%,"Né exaltam isso, fala que é lindo, parará pororo, e depois a cena seguinte é como se dois homens tivessem acabado de fazer sexo, tipo isso no meio de uma série falando sobre bandido invadindo o banco."
homem,NOUN,99.4%,ADJ | ROOT,0.3%,"['interessante', 'levante', 'jovem', 'preciso', 'cheia', 'liderados', 'extraordinária', 'maus', 'homossexual']",100.0%,"Que o Senhor levante homens de caráter nessa nação, porque o cristão ele foi chamado para poder influenciar, no sortear, intelectualmente, espiritualmente, moralmente, uma nação."
homem,NOUN,99.4%,PRON | nmod,0.3%,"['ele', 'você', 'si', 'isso', 'quais', 'eles']",100.0%,"Homens como JB, com a sua capacidade, homens como você, com essa capacidade que Deus te deu, incrível."
homem,NOUN,99.4%,ADJ | conj,0.2%,"['jovens', 'claro', 'utilitarista', 'casado', 'potenciais', 'adolescentes', 'leais']",100.0%,"Está destruindo a nossa sociedade porque não se forma mais homens que são leais a mulheres não formas mulheres são leais ao homem e o casamento que o casamento hoje, o casamento de virou merda e descobre, descobre ele que tem um defeito, divorcia, sap."
homem,NOUN,99.4%,NOUN | amod,0.2%,"['chefe', 'olho', 'poderosos', 'negros', 'paciente', 'lábios', 'filho', 'mulher']",100.0%,"Eu olho para homens e mulheres de Deus que vieram antes de mim, aqueles que pagaram um preço que talvez eu não paguei, aqueles que nos prepararam, prepararam a terra pra gente lançar, e eu começo a aprender através da repetição."
homem,NOUN,99.4%,ADJ | ccomp,0.2%,"['imbecis', 'mulheres', 'perigosos', 'capazes', 'potenciadores', 'criativos', 'abençoadores']",100.0%,"E, como diz o Jordan Peterson, se você acha que homens durões são perigosos, espera até ver do que são capazes os homens fracos."
homem,NOUN,99.4%,ADV | acl:relcl,0.2%,"['aqui', 'ali']",100.0%,"se algum dia esse homem que está aqui, Bolsonaro, mesmo que um dia esse homem vá para a cadeia, e tem uma má notícia para vocês: não somente ele, não somente ele, mas todos um dia nós iremos morrer."
homem,NOUN,99.4%,ADV | case,0.2%,"['enquanto', 'até', 'quanto', 'ali', 'como', 'diante']",100.0%,"Eu tenho orado por você, e eu quero que você saiba de uma coisa: as pessoas estão falando a respeito daquilo que elas têm visto na sua vida, não só como parlamentar, mas como um homem de Deus."
homem,NOUN,99.4%,NOUN | advcl,0.2%,"['olho', 'força', 'presidente', 'mulher', 'dever', 'controle']",100.0%,"Tá, pronto, se é um controle para vários homens, um faz o que quiser, aperta, quebra, tira o botão e você, homem da mesma forma, para de tratar a mulher como se fosse uma objeto."
homem,NOUN,99.4%,NOUN | dep,0.2%,"['mulher', 'levante', 'menino', 'empresários', 'histórias']",100.0%,"Às vezes falo: meu Deus, esse menino que já é um homem feito, mas é tem idade para ser meu filho, é muito bravo, é muito corajoso, mas eu sei que a tua Segurança está no Senhor."
homem,NOUN,99.4%,PROPN | obj,0.2%,"['érica', 'filho', 'qu', 'deus', 'nicolas']",100.0%,"Não precisa falar do qu, homem, o homem com a voz mais grave desse país, mas também graças a Deus, o homem do Senhor, Homem com muita unção."
homem,NOUN,99.4%,PRON | ROOT,0.1%,"['aquele', 'isso', 'o', 'aquilo']",100.0%,"O que que fez esse homem, que era um homem temeroso, que era um homem explosivo, mas na hora da do vamos ver ele, ele perdi o seu Rigor."
homem,NOUN,99.4%,PRON | mark,0.1%,['que'],100.0%,"Para você ter uma ideia, o interessante que meu pai, ele era um homem muito usado por Deus com cura."
homem,NOUN,99.4%,ADV | cc,0.1%,"['quanto', 'tanto', 'então']",100.0%,"Nós fomos até na Papuda, eu visitei pessoalmente, inclusive quando o Clezão ainda estava vivo lá na Papuda, vi face a face tanto na Ceia as mulheres quanto também os homens na Papuda."
homem,NOUN,99.4%,AUX | ROOT,0.1%,"['vão', 'tendo', 'é']",100.0%,Mesmo aí tendo duas vítimas fatais e uma delas sendo este homem que era bombeiro e morreu protegendo sua filha.
homem,NOUN,99.4%,PRON | appos,0.1%,['ele'],100.0%,"E esse homem, ele um cristão genuíno, devoto a Cristo."
homem,NOUN,99.4%,PRON | obj,0.1%,"['nós', 'eu', 'elas']",100.0%,"Nesses 21 dias aqui, representando as mulheres, e eu quero falar exatamente com elas e com os homens aqui, para que nós possamos voltar para casa e amar a nossa família."
homem,NOUN,99.4%,NOUN | parataxis,0.1%,"['timento', 'filho', 'maioria']",100.0%,"Nicolas, o que a gente mais precisa hoje é um timento dos líderes, sejam homens, pais de família, sejam pastores, líderes de Ministérios, paraa gente ter uma convergência pela nação brasileira e a gente precisa ter uma maturidade eh entre igrejas pentecostais tradicionais, porque a gente é corpo de Cristo antes de mais nada."
homem,NOUN,99.4%,INTJ | ROOT,0.1%,"['tu', 'ó', 'né']",100.0%,"Inclusive, se eu não me engano, er o Lula que subiu a rampa dizendo que seria o governo da inclusão, e agora tá assim, ó: bastante inclusivo, homens brancos, héteros, cis, ricos no poder."
homem,NOUN,99.4%,NOUN | xcomp,0.1%,"['meio', 'homem']",100.0%,Casamento pode ser entre um homem e um homem ou entre uma mulher e uma mulher.
homem,NOUN,99.4%,PRON | conj,0.1%,"['o', 'aqueles', 'você']",100.0%,"Continua usando homens como JB Nicolas e todos aqueles que têm se colocado à disposição do Senhor para que o teu povo, o tu, o tua, a tua nação, esse povo pelo qual o Senhor tem lutado tanto, venha a conhecer uma mensagem de esperança e um afeto novo para viver um novo tempo."
homem,NOUN,99.4%,VERB | cop,0.1%,"['sendo', 'seja', 'tá']",100.0%,"Mas assim, veja, eu aconselho vocês, vejo que tem muito homem que não tá sendo homem, tem muita mulher também que não tá sendo mulher, e é uma palavra atemporal e, melhor de tudo, bíblica, Evangelho Puro."
homem,NOUN,99.4%,CCONJ | punct,0.1%,['né'],100.0%,"Um homem que você pode ter aí, né, qualquer tipo de escusa com relação a ele, mas contra ele não tem um que presta."
homem,NOUN,99.4%,PRON | dep,0.1%,['que'],100.0%,O Brasil precisa de homem corajoso que nem esse pai aqui.
homem,NOUN,99.4%,PROPN | acl:relcl,0.1%,"['xy', 'olavo']",100.0%,"Então restou claro até agora com as evidências que nós temos que isso aqui se trata de um intersexo que, independente que ele se sinta ou não, há uma definição biológica dele que é XY e que também é homem, dado todos os exames que ele fez."
homem,NOUN,99.4%,PROPN | obl,0.1%,"['davi', 'misogenia']",100.0%,"Levanta, assim como Davi, homens que governam e são usados para restauração da adoração na nossa nação."
homem,NOUN,99.4%,DET | appos,0.1%,"['esse', 'aquele']",100.0%,"Qua Nicolas, quero muito desejar você, que você seja esse homem, esse, esse profético, esse garoto, esse rapaz, esse, esse, esse servo de Deus profético, que entenda a voz do senhor todo tempo, para que possa juntar essa geração, trazer mais jovens para jejuar e orar, porque essa é uma característica que não é de todo mundo."
homem,NOUN,99.4%,ADV | conj,0.1%,"['através', 'não']",100.0%,"Eh, você não pode fazer nada com o seu passado, mas através desse homem, como eu te falo, do apóstolo Adeildo, que viu a esposa sendo estuprada, e hoje para nós, naquele momento, Jesus sentou, respondeu todas as questões dele."
homem,NOUN,99.4%,PRON | det,0.1%,"['que', 'o']",100.0%,"E semana passada eu tava estudando sobre João Calvino e me impactou muito estudar um pouco da história João Calvino e ver como que ele era um homem, que um homem piedoso, um homem que tinha Jesus como centro da sua vida e que entendia o, o real propósito da mensagem do Evangelho, né"
homem,NOUN,99.4%,INTJ | punct,0.1%,['né'],100.0%,"Ele foi o homem que orientou o governo local da época a coletar lixos, a fazer a primeira coleta pública de lixo, até porque a época, naquela época era uma bagunça, não tinha saneamento básico, higiene, a construir banheiros fora das suas casas, né?"
homem,NOUN,99.4%,ADJ | advcl,0.1%,"['contraditório', 'pros']",100.0%,"Será que o ministério da mulher ela vai tomar políticas públicas por exemplo de dar absorventes para mulheres trans que são homens biológicos né que se sentem a mulher, porque isso seria contraditório."
homem,NOUN,99.4%,NOUN | obl:agent,0.1%,"['geração', 'oposição']",100.0%,"Mas também é um recado não somente aos poderosos, mas também para nós mesmos, brasileiros e brasileiras, que estavam desanimados, desesperançosos de que essa geração será marcada por uma geração de homens e mulheres que persistiram e não desistiram."
homem,NOUN,99.4%,ADJ | parataxis,0.1%,['humilde'],100.0%,"Olha que homem humilde, oh Homem humilde, gente, que homem humilde."
homem,NOUN,99.4%,ADJ | xcomp,0.1%,"['preso', 'parlamentar']",100.0%,"eu volto agora de um velório de um homem que foi preso e não deveria estar preso, de um homem que tá morto."
homem,NOUN,99.4%,SCONJ | ROOT,0.1%,"['ó', 'que']",100.0%,"Esse homem, para pra esquerda, pra mídia e para muitos deputados que inclusive estão aqui ó, que defendem democracia, Liberdade, amor para com o próximo, Direitos Humanos, na verdade eles não veem esta pessoa como um ser humano."
homem,NOUN,99.4%,ADJ | acl,0.1%,"['honrado', 'morto']",100.0%,"Não tem equilíbrio com quem chega aqui seu Bedim e olha pro senhor, um homem de 72 anos, honrado, Homem de Família, homem que tem mais de 100 funcionários que a locomotiva que desse Brasil, chegar aqui a manhã e a tarde inteira te acusando de crimes de financiador de Atos golpistas."
homem,NOUN,99.4%,SCONJ | case,0.1%,['porque'],100.0%,"Eu acho que esse momento, aqui, ele é muito crucial para que você, se você Nunca experimentou né o poder da oração, ore porque todos homem que passaram nessa terra desde Big Brother, o nosso maior prazer, Se Jesus orou, né que ele que tinha toda a majestade, se ele tinha toda a perfeição ali, né de um Deus, ele ainda assim orou para o seu pai."
homem,NOUN,99.4%,NUM | obj,0.1%,"['99', 'um']",100.0%,"Não vejo que por que essa regulamentação, ela é pro homem, por cabo, foi por 99, porque o taxista está incomodado nesse sentido."
homem,NOUN,99.4%,DET | cc,0.0%,['tanto'],100.0%,"Ou seja, tá dizendo que tanto homem quanto mulher são imbecis e que a última coisa que ele importa são com as mulheres que ele é presidente da comissão que ele diz representar."
homem,NOUN,99.4%,PRON | parataxis,0.0%,['aqueles'],100.0%,"Os homens que mais fizeram por essa terra foi aqueles que mais pensaram na eternidade, sabe?"
homem,NOUN,99.4%,ADP | det,0.0%,['desse'],100.0%,"Eu não sei você que está me escutando, mas isso enche o meu coração de fé, porque isso gera em nós uma semente de que, se um dia um homem desse recebeu algo de Deus e conseguiu gerar transformação, nós que estamos aqui hoje e acreditamos na promessa de Deus também podemos ser usados para gerar essa transformação."
homem,NOUN,99.4%,ADV | ROOT,0.0%,['daí'],100.0%,"E daí que o vermelho não é mais vermelho, e daí que o verde não é verde mais, e daí que o bem não é bem mais, e daí que o mal não é mal mal mais, e daí que o homem não é homem mais."
homem,NOUN,99.4%,SCONJ | det,0.0%,['que'],100.0%,Hoje nós estamos dando um recado a muitas pessoas de que homens e mulheres com coração verde e amarelo não desistirão do nosso país.
homem,NOUN,99.4%,PUNCT | conj,0.0%,"['""']",100.0%,"Porque de fato tornou-se eh pessoas que deveriam basicamente só se identificar: ""sou homem"", ""oi, sou mulher""."
homem,NOUN,99.4%,PRON | ccomp,0.0%,['comigo'],100.0%,"Então é necessário colocar na cadeia mais de 80% da população brasileira, porque eu tenho certeza que a maioria da população brasileira está comigo de que homem, por exemplo, deve ir ao banheiro masculino, de que a mulher deve ir ao banheiro feminino."
homem,NOUN,99.4%,VERB | obj,0.0%,['banha'],100.0%,Ninguém é obrigado a ficar vendo cabelo no Chaco de mulher banha e homens mulheres Lu.
homem,NOUN,99.4%,ADJ | dep,0.0%,['pú'],100.0%,"É um homem pú de muita estatura, com inúmeros mandatos, que tem espírito público e que defende, Sobretudo, o direito de nossas crianças e adolescentes e sua amplitude."
homem,NOUN,99.4%,INTJ | conj,0.0%,['ah'],100.0%,"A escola nada o fez e portanto eu, como ah irmão e como representante, inclusive legal, que eu era vereador da cidade, eu fiz um discurso e na época, agora aqui, como deputado federal, utilizei uma exemplificação do que vocês mesmos h defendem, que é um homem, ah, que se sente mulher e está ali como uma mulher enfim, ah."
homem,NOUN,99.4%,INTJ | nsubj,0.0%,['poxa'],100.0%,"Poxa, que homem que já esteve ali numa cova né dos leões, que foi levado para Babilônia, tentaram mudar a identidade dele, né?"
homem,NOUN,99.4%,AUX | conj,0.0%,['somos'],100.0%,"Não está em nenhum homem, nem uma carne falha e fraca e pecadora como todos nós somos."
homem,NOUN,99.4%,ADJ | csubj,0.0%,['cheia'],100.0%,"Porque tá certo o cara que tá dizendo a terra tá cheia de homens impuros lábios, ou o cara do céu dizendo pra terra, a terra tá cheia da glória de Deus."
homem,NOUN,99.4%,AUX | aux,0.0%,['tá'],100.0%,"Mas assim, veja, eu aconselho vocês, vejo que tem muito homem que não tá sendo homem, tem muita mulher também que não tá sendo mulher, e é uma palavra atemporal e, melhor de tudo, bíblica, Evangelho Puro."
homem,NOUN,99.4%,CCONJ | parataxis,0.0%,['né'],100.0%,"Quem tá abrindo a porta não, não é um homem qualquer, né é o Senhor."
homem,NOUN,99.4%,NOUN | flat:name,0.0%,['estupradores'],100.0%,"Já que você é uma feminista que chama os homens e potenciais estupradores, você está fazendo o quê então?"
homem,NOUN,99.4%,AUX | mark,0.0%,['sendo'],100.0%,"E a gente sabe que é uma tirania, né da família, o li, uma vez que nem dois por cento da população não se considera nem homem, nem mulher, ou seja são menores, sendo que 98 por cento aí seriam homens de mulheres e de fato tendo que se ajoelhar perante essa E aí da minoria, então a gente sabe que é um projeto cultural, porque a nossa linguagem, ela diz respeito à nossa cultura, Por Ela é formada por povo, território e língua."
homem,NOUN,99.4%,ADP | nsubj,0.0%,['por'],100.0%,"E a gente sabe que é uma tirania, né da família, o li, uma vez que nem dois por cento da população não se considera nem homem, nem mulher, ou seja são menores, sendo que 98 por cento aí seriam homens de mulheres e de fato tendo que se ajoelhar perante essa E aí da minoria, então a gente sabe que é um projeto cultural, porque a nossa linguagem, ela diz respeito à nossa cultura, Por Ela é formada por povo, território e língua."
homem,NOUN,99.4%,ADV | amod,0.0%,['mal'],100.0%,"Já tinha sido pego, mas como não foi em flagrante, não ficou preso e novamente estava ali furtando coisas dentro da PUC Minas e os guardas- não seguranças- conseguiram conter a imobilizaram ele e, Diferentemente do que a que a gente espera, né de algo normal na sociedade de que quando um homem Bom Combate algo mal e você valoriza aquilo, os universitários ali do serviço social arquitetura simplesmente estavam gravando, chamando os seguranças ali de racista, dizendo que eles utilizaram força para o 40, sendo que ele inclusive estava com objeto cortante e colocando ali a vida né daquele segurança em risco."
homem,NOUN,99.4%,ADV | nmod,0.0%,['mais'],100.0%,"a mentira é uma professora que é feminista, não cumprimenta o homem de tudo mais, e aí durante a aula eu sempre entrava em debate com ela, então assim, respeitosa, entende?"
homem,NOUN,99.4%,NOUN | nsubj:pass,0.0%,['bando'],100.0%,No outro lado tem um bando de homem é vestido de preto gritando democracia com muito errado e a mídia chegar lá.
homem,NOUN,99.4%,SCONJ | nmod,0.0%,['que'],100.0%,"Não vejo que por que essa regulamentação, ela é pro homem, por cabo, foi por 99, porque o taxista está incomodado nesse sentido."
homem,NOUN,99.4%,PROPN | amod,0.0%,['pacífico'],100.0%,"Aécio sempre foi um homem Pacífico, sem condenação penal e contra qualquer tipo de violência."
homem,NOUN,99.4%,DET | ROOT,0.0%,['cada'],100.0%,"Então, a responsabilidade não é somente de um homem, a responsabilidade é de cada um de nós."
homem,NOUN,99.4%,ADJ | det,0.0%,['diversos'],100.0%,Com certeza é diversos homens e mulheres de Deus passaram por aqui né jejuamos
homem,NOUN,99.4%,ADV | mark,0.0%,['como'],100.0%,"Se a gente para o tempo, como é que a gente não para um homem, como é que a gente não para uma instituição, como é que a gente não para uma quadrilha, como é que a gente não para uma engenharia do mal, então a igreja, Ela, tá sofrendo algumas coisas."
homem,NOUN,99.4%,PRON | case,0.0%,['dele'],100.0%,"E quando chegaram para junto da multidão, aproximou-se dele um homem que se ajoelhou e disse: Senhor, compadece-te de meu filho, porque é lunático e sofre muito, pois muitas vezes cai no fogo e outras muitas na água."
homem,NOUN,99.4%,PRON | obl,0.0%,['você'],100.0%,"é: quando você e nós nos humilharmos, orarmos perante o senhor, não vai ter sido a parte dele, ele já vai abrir os céus, ele vai olhar para você e para mim, homens e mulheres pecadores, falhos, inconsistentes, carentes da sua misericórdia."
homem,NOUN,99.4%,CCONJ | advmod,0.0%,['né'],100.0%,"Hoje para poder ser doado um arroz, um feijão, porque um homem irresponsável, né do campo saiu para trabalhar, porque alguém teve que entrar dentro de um caminhão- um irresponsável genocida- para poder levar o alimento até o supermercado."
homem,NOUN,99.4%,NUM | nmod,0.0%,['uma'],100.0%,"Isso aqui, governo bolsonaro tá fazendo aqui por nós, porque o preço da nossa liberdade é eterna vigilância, e aqui é a única coisa que para um homem mau com uma arma é o homem bom com uma."
homem,NOUN,99.4%,VERB | dep,0.0%,['forma'],100.0%,"Você precisa percebe, você percebe que que você simplesmente está destruindo famílias através dos relacionamentos, que se você não forma homens com caráter, você não forma homens com mulheres com caráter."
homem,NOUN,99.4%,PRON | acl:relcl,0.0%,['muita'],100.0%,"Você pega um homem que muita das vezes é não consegue lidar com, digamos, com imprevistos."
homem,NOUN,99.4%,PUNCT | nmod,0.0%,"['""']",100.0%,"Não era lei que faltava, era a vontade de um homem forte""."
homem,NOUN,99.4%,PROPN | advcl,0.0%,['boa'],100.0%,"Se o homem a boa ao conselho, você daria para os pais de adolescentes e jovens que estão sendo seduzidos pelo discurso progressista."
lula,PROPN,100.0%,ADP | case,15.5%,"['do', 'de', 'com', 'no', 'pelo', 'para', 'ao', 'por', 'pro', 'contra']",94.4%,"Aqui só foi aberta por conta de muita pressão dos deputados que estão aqui agora e não acho que foram embora, mas que estão aqui agora que assinaram essa CPM- e só teve a sua abertura quando o general do Lula foi visto numa imagem vazada dentro do Planalto."
lula,PROPN,100.0%,DET | det,15.2%,"['o', 'próprio', 'ao', 'esse', 'um', 'qual', 'seu']",100.0%,"E óbvio que quem dera, Como eu disse lá no começo do vídeo, se o Lula estivesse simplesmente roubado grana- não foi só isso o cara- né através da educação, através da implantação, né de, e esses, como ele mesmo diz, né nos vídeos anteriores, e conseguiram destruir simplesmente o Brasil que hoje o brasileiro"
lula,PROPN,100.0%,VERB | ROOT,8.5%,"['tem', 'fez', 'colocou', 'votou', 'preso', 'dá', 'disse', 'olha', 'criou', 'falou']",21.5%,"Até o próprio Lula, o des condenado, disse que isso só pode ter vindo da cabeça de Satanás: banheiro unissex."
lula,PROPN,100.0%,NOUN | nmod,7.0%,"['presidente', 'governo', 'ladrão', 'irmão', 'ministros', 'veto', 'bandido', 'viagens', 'eleitor', 'ano']",71.0%,"O projeto de vocês para educação é acabar primeiro com o governo do presidente Lula, desmoralizar o presidente, querer desmoralizar a ministra aqui, querer tirar todo tipo de espaço para uma conversa de alto nível em relação a essa questão, para poder derrubar o presidente Lula e voltar com a agenda de vocês, que é a agenda dos cinco ministros que nada entregaram pra educação que a agenda, por exemplo, Presidente Nicolas."
lula,PROPN,100.0%,PUNCT | punct,5.5%,"[',', '.', '?', '""']",100.0%,"Quando você tem ali por exemplo um amigo, né, do Lula, Daniel Ortega, cortando o sinal da CNN no seu país, impedindo com que pessoas ingressem em uma missa por conta ali simplesmente uma ideologia política."
lula,PROPN,100.0%,NOUN | nsubj,3.5%,"['presidente', 'governo', 'ministro', 'cara', 'veto', 'popularidade', 'pai', 'doadores', 'ex-ministro', 'culpa']",67.1%,"Deputado que nós estos procurando trabalhar, quando a gente amplia em 100 escolas técnicas federais pro aluno, porque o os institutos federais for um grande política exitosa que esse país criou e o presidente Lula foi o presidente que mais investiu nas universidades e ampliou e deu acesso a institutos federais."
lula,PROPN,100.0%,VERB | advcl,3.4%,"['parar', 'chamei', 'sabe', 'autorizando', 'falar', 'chamado', 'tem', 'dando', 'fizemos', 'causa']",31.4%,"E óbvio que quem dera, Como eu disse lá no começo do vídeo, se o Lula estivesse simplesmente roubado grana- não foi só isso o cara- né através da educação, através da implantação, né de, e esses, como ele mesmo diz, né nos vídeos anteriores, e conseguiram destruir simplesmente o Brasil que hoje o brasileiro"
lula,PROPN,100.0%,ADV | advmod,3.3%,"['aí', 'não', 'aqui', 'fora', 'agora', 'ali', 'então', 'somente', 'mesmo', 'junto']",75.0%,"Né que seja de esquerda, já era nossa vida, mas é o jamones pode fazer enfrentar do lado ali do Lula e da esquerda, né, mas enfim, eu vi Aí que o Sérgio Camargo falou que já vai tomar as medidas deles, aí é judiciais, contra o André janones."
lula,PROPN,100.0%,VERB | acl:relcl,3.2%,"['fez', 'recebe', 'gastou', 'falou', 'pedindo', 'subiu', 'chamo', 'fala', 'quer', 'condenado']",33.3%,"E para o outro lado você tem o Lula que faz parte disso daqui ó, foram de São Paulo que durante muito tempo né foi taxado aí como uma conspiração da direita e hoje com site e tudo mais."
lula,PROPN,100.0%,NOUN | obj,2.8%,"['governo', 'presidente', 'veto', 'campanha', 'fala', 'falas', 'vitória', 'marionete', 'medida', 'merda']",46.6%,"O projeto de vocês para educação é acabar primeiro com o governo do presidente Lula, desmoralizar o presidente, querer desmoralizar a ministra aqui, querer tirar todo tipo de espaço para uma conversa de alto nível em relação a essa questão, para poder derrubar o presidente Lula e voltar com a agenda de vocês, que é a agenda dos cinco ministros que nada entregaram pra educação que a agenda, por exemplo, Presidente Nicolas."
lula,PROPN,100.0%,NOUN | obl,2.6%,"['governo', 'presidente', 'falas', 'época', 'bandido', 'lugar', 'caso', 'colo', 'casa', 'contrário']",58.2%,"Troca de favores, propinas, esquemas enfim que basicamente foi assim no primeiro governo do Lula, que ele se utilizou para poder governar foi através da compra, né de votos, através do mensalão, e agora tá fazendo de uma forma institucionalizada."
lula,PROPN,100.0%,PROPN | flat:name,2.4%,"['ladrão', 'the', '>', 'morais', 'and', 'fidel', 'castro', 'founded', 's.', 'paulo']",36.0%,"Aprendeu direitinho que até pouco tempo não adianta querer me colocar uma estrela Estrela do PT, né, sendo que agora tá de mãos dadas aí com o Lula Previdência Social, Paulinho da força que foi condenado aí há 10 anos e dois meses de prisão pelo STF, mas que o próprio STF em suspendeu a condenação do Paulinho da força."
lula,PROPN,100.0%,AUX | cop,2.2%,"['é', 'foi', 'estamos', 'seja', 'sou', 'fosse', 'era', 'tá', 'tava', 'eram']",100.0%,"Agora o FBI junto com a polícia federal, para não dizer que foi só a polícia federal e que ela é do Lula, porque agora é assim."
lula,PROPN,100.0%,VERB | ccomp,2.2%,"['fez', 'falou', 'ficar', 'ganhou', 'tinha', 'acho', 'considera', 'aumentou', 'bateu', 'investigasse']",28.9%,"Ele também eu vejo que por exemplo segundo turno Bolsonaro e Lula, a pessoa ela vai fazer ali um peso, né, peso e contrapeso, e ver que puxo o Lula."
lula,PROPN,100.0%,NOUN | appos,1.4%,"['presidente', 'governo', 'amigo', 'perdão', 'ministro', 'ex-ministro', 'lugar', 'viagem', 'linha', 'opinião']",79.3%,"Tudo é polític, presidente Lula, que naquelas reuniões ministeriais que a gente acompanhou no fim de 2023, chegou a dizer aí várias vezes que o foco para 2024 seria viajar pelo Brasil, participar de eventos em todas as regiões."
lula,PROPN,100.0%,VERB | conj,1.3%,"['quer', 'tem', 'operacionalizou', 'soltaram', 'pode', 'apoiando', 'supera', 'cham', 'fica', 'preso']",42.9%,"Inclusive, eu durante a campanha no segundo turno tive que postar as minhas redes sociais dizendo que o Lula era provida por uma determinação do TSE porque isso era fake News, e agora o Lula mente novamente ao seu povo, é o estelionatário eleitoral."
lula,PROPN,100.0%,NOUN | conj,1.3%,"['presidente', 'esquerda', 'governo', 'bandido', 'derrubada', 'companhia', 'retrato', 'vice-presidente', 'políticas', 'mídia']",50.0%,"Se você faz um monte de coisa aí, rede social recebe notícias e isso porque você tem uma liberdade midiática e de imprensa, algo que muitas vezes é colocado por Bolsonaro, cara carrancudo, que antes democrático, mas que o Lula tá no plano de governo, por exemplo, do PT, do Haddad, que ele quer regulamentar mídia e já falou várias vezes o número que ele também quer regulamentar mim."
lula,PROPN,100.0%,NOUN | ROOT,1.3%,"['prisão', 'governo', 'ministro', 'ruas', 'parabéns', 'embaixo', 'irmão', 'prazer', 'presidente', 'ladrão']",70.4%,"E quem negou essa classificação não fomos nós, foi o governo Lula, que negou colocar ambas organizações criminosas como terroristas e tá dando no que deu."
lula,PROPN,100.0%,VERB | xcomp,1.2%,"['colocar', 'matar', 'falar', 'gritar', 'dar', 'fazer', 'escolher', 'parar', 'capturar', 'chegar']",52.0%,"Então assim, é para quem tem aí no mínimo dois neurônios já sabe que essa eleição está se polarizada entre Lula e Bolsonaro, e de fato, se você continuar acreditando em Lula, realmente não tem muito o que fazer por você."
lula,PROPN,100.0%,PROPN | conj,1.1%,"['dilma', 'bolsonaro', 'pt', 'janja', 'fora', 'morais', 'trump', 'zanin', 'companhia', 'stf']",78.3%,"Em 1990 não houve a criação do Foro de São Paulo, né, junto com o Lula e Fidel Castro."
lula,PROPN,100.0%,PRON | nsubj,1.0%,"['que', 'nós', 'você', 'ele', 'ela', 'esse', 'daqui', 'quanto', 'eu', 'isso']",95.0%,"Agora o FBI junto com a polícia federal, para não dizer que foi só a polícia federal e que ela é do Lula, porque agora é assim."
lula,PROPN,100.0%,VERB | acl,0.9%,"['dadas', 'condenado', 'feito', 'dar', 'governado', 'indicado', 'falando', 'criticada', 'inventar', 'preso']",68.4%,"Aprendeu direitinho que até pouco tempo não adianta querer me colocar uma estrela Estrela do PT, né, sendo que agora tá de mãos dadas aí com o Lula Previdência Social, Paulinho da força que foi condenado aí há 10 anos e dois meses de prisão pelo STF, mas que o próprio STF em suspendeu a condenação do Paulinho da força."
lula,PROPN,100.0%,CCONJ | cc,0.9%,"['e', 'ou']",100.0%,"Ele também eu vejo que por exemplo segundo turno Bolsonaro e Lula, a pessoa ela vai fazer ali um peso, né, peso e contrapeso, e ver que puxo o Lula."
lula,PROPN,100.0%,PROPN | nmod,0.9%,"['direitos', 'presidente', 'pt', 'algós', 'stf', 'silva', 'bolsonaro', 'justiça', 'gsi', 'minas']",72.2%,"O Ministro Camilo Santana com certeza foi uma escolha muito correta do Presidente Lula e Vossa Excelência traz pra gente uma experiência não apenas do Ceará, mas uma experiência que o Brasil inteiro tem como referência."
lula,PROPN,100.0%,PROPN | nsubj,0.8%,"['luiz', 'lula', 'governo', 'alexandre', 'instituto', 'lu', 'flávio', 'general', 'senhor', 'ministério']",81.2%,"Se o seu homem fosse Luiz Inácio Lula da Silva, condenado por corrupção passiva, lavagem dinheiro, o senhor estaria solto até então."
lula,PROPN,100.0%,PROPN | ROOT,0.8%,"['lula', 'when', 'eh', 'susana', 'alô', 'pera', 'bolsonaro', 'brasil', 'pt', 'poderoso']",68.8%,"Susana Ristofen, Champinha, Marcola, Fernandinho Beiramar e Lula."
lula,PROPN,100.0%,PROPN | appos,0.7%,"['luiz', 'it', 'bolsonaro', 'stf', 'inácio', 'terra', 'paulinho', 'daniel', 'leco', 'dilma']",80.0%,"Aprendeu direitinho que até pouco tempo não adianta querer me colocar uma estrela Estrela do PT, né, sendo que agora tá de mãos dadas aí com o Lula Previdência Social, Paulinho da força que foi condenado aí há 10 anos e dois meses de prisão pelo STF, mas que o próprio STF em suspendeu a condenação do Paulinho da força."
lula,PROPN,100.0%,NOUN | obl:agent,0.7%,"['governo', 'presidente', 'fora', 'eleitores', 'amiguinho']",100.0%,"Protocolamos, em parceria com outros deputados, um projeto de decreto legislativo para sustar os efeitos do decreto assinado em agosto pelo governo Lula, que permite que o Brasil volte a comprar energia da Venezuela."
lula,PROPN,100.0%,NOUN | ccomp,0.5%,"['irmão', 'frente', 'polícia', 'ladrão', 'coisa', 'causa', 'pai', 'general', 'ministros', 'presidente']",100.0%,"Com relação, por exemplo, à suas declarações dizendo que a PF está pela causa do Lula e disse também ali né para pro fufuca, né o ministro também ali do esporte dizendo que olha, você tem dinheiro, mas eu tenho a polícia, ou seja, ficaria realmente muito vergonhoso você vir até aqui."
lula,PROPN,100.0%,PROPN | obl,0.4%,"['brasil', 'columb', 'marisa', 'luiz', 'alckmin', 'bolsonaro', 'nicolas']",100.0%,"Com seu pulso firme, ele derruba sociais de parlamentares porque ele discorda da sua opinião; mas com seu pulso frouxo, ele não vai atrás daqueles que têm mentido, que têm manchado a imagem do nosso país, como Luiz Inácio Lula da Silva."
lula,PROPN,100.0%,VERB | csubj,0.4%,"['fazer', 'indicado', 'guiar', 'virou', 'eleger', 'filmar', 'ganhar', 'votar', 'mostrar']",100.0%,"Porque para mim é inacreditável que no universo de 220 milhões brasileiros, onde temos aí quantos milhões acima de 35 anos, que o cara mais capacitado para poder guiar um país seja o Lula."
lula,PROPN,100.0%,NOUN | acl:relcl,0.4%,"['ministro', 'vice', 'advogado', 'avô', 'líder', 'amiguinho', 'candidato', 'amigo']",100.0%,"O partido do PT foi formado não por operários, os sindicalistas; ele teve um sindicalista que foi um líder carismático, Lula, que conseguiu aglutinar e deu continuidade à ideologia marxista."
lula,PROPN,100.0%,ADJ | ROOT,0.4%,"['inacreditável', 'senil', 'unânime', 'preso', 'cristão', 'vagabundo', 'livre', 'diferente']",100.0%,"Obviamente não foi diferente, né o Lula."
lula,PROPN,100.0%,NOUN | parataxis,0.3%,"['poxa', 'favor', 'papai', 'ladrão', 'passo', 'diploma', 'governos']",100.0%,"Você vê hoje aí professores... com gente o Lula tem um causa do doutor honoris causa lá né, é diploma de várias faculdades, o Lula né."
lula,PROPN,100.0%,NOUN | advcl,0.3%,"['filho', 'pai', 'engano', 'amigo', 'esquerda-', 'mulher', 'frente']",100.0%,"Inclusive, se eu não me engano, er o Lula que subiu a rampa dizendo que seria o governo da inclusão, e agora tá assim, ó: bastante inclusivo, homens brancos, héteros, cis, ricos no poder."
lula,PROPN,100.0%,ADJ | conj,0.3%,"['eupídio', 'conhecido', 'inocente', 'claro', 'simples', 'maduro']",100.0%,"Boa noite a todos vocês, hoje é o dia 6 de 21 dias de oração e jejum pelo nosso país e empresta a Bíblia no celular aí por gentileza e estava Lula eupídio aqui, obviamente eu não poderia deixar, agora está certo lum pío e Paulo Borges."
lula,PROPN,100.0%,SCONJ | mark,0.3%,"['que', 'se', 'porque']",100.0%,"Então, sim, é, foi, eu achei assim, poxa, que o Lula, sem agulha dele né que não é agulha né"
lula,PROPN,100.0%,ADJ | amod,0.3%,"['solto', 'offered', 'igual', 'sindicalista', 'favorável', 'livre']",100.0%,"Chamou esse cara aqui, Duda Mendonça, o marqueteiro do Lula, e basicamente ele saiu daquele Lula sindicalista para o Lulinha paz e amor."
lula,PROPN,100.0%,VERB | parataxis,0.3%,"['é', 'eh', 'consideram', 'trabalhar', 'acha', 'conhece']",100.0%,"Eh, o o Lula é onde que ele encosta ali, eh, ele realmente tem destruído o nosso país e é uma pena que as pessoas não acordem para o que tá acontecendo."
lula,PROPN,100.0%,ADJ | ccomp,0.2%,"['próaborto', 'casada', 'comunista', 'nervoso', 'vegano']",100.0%,"E teve uma galerinha aí, ou melhor uma foquinha aí, que no ano passado nas eleições simplesmente fez chacota com quem disse que o Lula era comunista."
lula,PROPN,100.0%,PRON | flat:name,0.2%,"['ele', 'daquilo']",100.0%,"Então, por exemplo, é o Lula é o número de, sabe, né, não vou entrar somente questões partidárias, mas as reduzir PT e colocar duas coisas opostas, mas assim, o Lula ele é um cara que ah, não, cara que demonstra, né, o desejo de poder, certo."
lula,PROPN,100.0%,PROPN | obj,0.2%,"['inácio', 'l', 'aero', 'bolsonaro']",100.0%,"E agora a gente tá vendo diversas, diversas medidas, né deste governo, que de fato não tem condições, né a última, e agora, por exemplo, meus senhores, é do Lula querendo reformar o Aero Lula, né para poder ter uma lua de mel mais agradável com a esbanja."
lula,PROPN,100.0%,ADV | ROOT,0.1%,"['fora', 'mais']",100.0%,"Fora, fora Lula."
lula,PROPN,100.0%,ADJ | xcomp,0.1%,"['solto', 'preso', 'igual']",100.0%,"Então fique em paz porque 2019 Lula estava preso, Dilma tinha recentemente sido impitimada, e todo o sistema se juntou para poder beneficiar uma pessoa que é vergonha internacional."
lula,PROPN,100.0%,X | flat:name,0.1%,"['while', 'adopted', 'fight']",100.0%,"When Congress proposed classifying criminal factions as a terrorist organizations, Lula government opposes it while other Latin countries adopted the classification to fight narco terrorism."
lula,PROPN,100.0%,PRON | appos,0.1%,"['tudo', 'o']",100.0%,"Até o próprio Lula, o des condenado, disse que isso só pode ter vindo da cabeça de Satanás: banheiro unissex."
lula,PROPN,100.0%,NOUN | nsubj:pass,0.1%,"['amigo', 'general', 'governo']",100.0%,Ele disse que eu e o governo Lula era composto por levianos.
lula,PROPN,100.0%,CCONJ | punct,0.1%,['>'],100.0%,Lula >> e nós estamos aqui pelo fora Morais.
lula,PROPN,100.0%,ADJ | acl:relcl,0.1%,"['colado', 'magro']",100.0%,">> Rodrigo Pacheco, que agora tá colado no Lula e está nos chamando de extremistas."
lula,PROPN,100.0%,AUX | ccomp,0.1%,['vai'],100.0%,"Se tiverem 1000 de vermelho, haverão 100.000 E o verde amarelo daqui a 10, 20 anos, por questão mesmo de idade, eu acredito que Lula nem vai mais tá aqui nessa terra."
lula,PROPN,100.0%,VERB | cop,0.1%,"['tava', 'eh']",100.0%,Até mesmo que o Lula tava na Noruega.
lula,PROPN,100.0%,NUM | appos,0.1%,"['l', '3']",100.0%,"Lula ladrão, seu l na"
lula,PROPN,100.0%,VERB | obj,0.1%,"['fala', 'eh']",100.0%,"E olha, talvez você não possa nem gostar de mim, gostar da direita, gostar do Bolsonaro, mas eu vou ser bem sincero, PR os senhores, se algum Deputado hoje aqui do PT conseguir fazer uma dinástica mental tal, de tal tamanho onde ele consiga justificar essa fala do Lula, meus parabéns, você vai ganhar um atestado de desonestidade intelectual."
lula,PROPN,100.0%,PRON | parataxis,0.1%,"['que', 'meu']",100.0%,"Esse daqui era o Lula, só que daí o que que ele fez?"
lula,PROPN,100.0%,AUX | ROOT,0.1%,"['vai', 'tá']",100.0%,o Lula vai lá e fala:
lula,PROPN,100.0%,ADV | case,0.1%,"['graças', 'mesmo']",100.0%,"Sabe, não é possível as pessoas ter o deplante de contar uma mentira dessa eu no microfone dentro de uma igreja e, graças ao Lula, as cenas como essa daqui vai estourar cada vez mais normais [Música] e se você reclamar, vai acontecer isso daqui, cara, não tem nada que me impeça de meter a mão na tua cara, você vai, você vai, você vai, garota, você me respeite, me respeite, garota me respeita."
lula,PROPN,100.0%,PRON | ROOT,0.1%,"['você', 'isso']",100.0%,"Você ali no dia oito de Janeiro, os comandantes das Forças Armadas eram do Lula."
lula,PROPN,100.0%,ADV | flat:name,0.1%,"['mesmo', 'não']",100.0%,Então ninguém bate nele o Lula mesmo lá no posto no pode pá não consegui o teu alcance do Bolsonaro ficou bem atrás então
lula,PROPN,100.0%,NOUN | flat:name,0.1%,"['presidente', 'peso']",100.0%,"Amigas o seu presidente Vereador Bela presidente Lula, o ex-presidente Lula."
lula,PROPN,100.0%,ADJ | nsubj,0.1%,"['primeira', 'senhorita']",100.0%,"A primeira é Lula, Lula, não o segredo, Lula, é muito simples."
lula,PROPN,100.0%,INTJ | ROOT,0.1%,"['ó', 'ah']",100.0%,"Ó, pai, o teu amor, o teu carinho, senhor, eu sou merecemos, pai, porque o sacrifício, senhor, assim como o senhor nos alcançou, alcance o lula agora, em nome de Jesus a Deus, ele também chorou uma alma, pai, ele também tem o espírito."
lula,PROPN,100.0%,PROPN | parataxis,0.0%,['morais'],100.0%,Lula >> e nós estamos aqui pelo fora Morais.
lula,PROPN,100.0%,PROPN | punct,0.0%,['in'],100.0%,And it began more than three decades ago when Lula and Fidel Castro founded the S. Paulo Forum in 1990.
lula,PROPN,100.0%,AUX | obj,0.0%,['for'],100.0%,It's no surprise that more than 80% of provisional inmates voted for Lula in the first round.
lula,PROPN,100.0%,ADV | ccomp,0.0%,['aqui'],100.0%,Daqui a anos eu acho que Lula nem vai estar mais aqui.
lula,PROPN,100.0%,DET | ROOT,0.0%,['sua'],100.0%,"Aí agora que é do Lula, a culpa é sua."
lula,PROPN,100.0%,INTJ | advmod,0.0%,['ah'],100.0%,"Ah, não foi o Lula que tava pedindo, não foi o Lula que tava pedindo a soltura de uma corrupta que lá na Argentina."
lula,PROPN,100.0%,SYM | flat:name,0.0%,['r$'],100.0%,E aí vai vai contar para mim que no governo Lula R$ 6 bilhões deais é muito dinheiro.
lula,PROPN,100.0%,NOUN | csubj,0.0%,['presidente'],100.0%,Golpe é um vagabundo mentiroso ladrão que é o Lula condenado em três instâncias ser presidente da república.
lula,PROPN,100.0%,NUM | conj,0.0%,['três'],100.0%,"Claro, dos 11, um foi indicado pelo FHC, quatro pela Dilma, um pelo Temer, dois pelo Bolsonaro e os outros três pelo Lula."
lula,PROPN,100.0%,ADV | acl:relcl,0.0%,['aqui'],100.0%,"E finalmente a figura principal que está aqui, o Lula nesse dia, aqui o fouad estava apoiando o Lula pra presidência da república."
lula,PROPN,100.0%,NUM | det,0.0%,['um'],100.0%,Esse cara era inimigo um do Lula.
lula,PROPN,100.0%,ADP | parataxis,0.0%,['por'],100.0%,"Se o Lula, por exemplo, estiver autorizando ela a fazer isso, seja o Lula, por favor, e ele pode sofrer impeachment."
lula,PROPN,100.0%,VERB | nmod,0.0%,['seja'],100.0%,""" Ou seja, na hora de enfrentar as consequências mirabolantes da esquerda, não é o Lula, o deputado que vai enfrentar, é você."
lula,PROPN,100.0%,PUNCT | dep,0.0%,['ô'],100.0%,"""ô Lula, não pode ter 25 milhões de crianças de rua, Lula, porque senão a gente não conseguiria andar nas ruas, Lula,"
lula,PROPN,100.0%,NOUN | dep,0.0%,['marqueteiro'],100.0%,"Chamou esse cara aqui, Duda Mendonça, o marqueteiro do Lula, e basicamente ele saiu daquele Lula sindicalista para o Lulinha paz e amor."
lula,PROPN,100.0%,ADP | det,0.0%,['ó'],100.0%,"E por fim, dá só uma olhadinha aqui, ó Lula, viagem exterior."
lula,PROPN,100.0%,PROPN | advcl,0.0%,['luís'],100.0%,"Se o seu nome fosse Luís Inácio Lula da Silva, condenado por corrupção passiva e lavagem de dinheiro, o senhor estaria solto."
lula,PROPN,100.0%,SCONJ | nsubj,0.0%,['que'],100.0%,"Como que o senhor fosse quase elevado ao mesmo patamar do bandido que eles apoiam, que é o Lula."
lula,PROPN,100.0%,ADJ | flat:name,0.0%,['saúde'],100.0%,Não bota Lula corte saúde.
lula,PROPN,100.0%,PROPN | case,0.0%,['com'],100.0%,"A sua opiniões do Flávio Dino com lula, a opinião do Lula em uma mensagem com Alexandre Moraes, ou a opinião do Lula com a Dilma, a opinião desses senadores aqui no seu privado."
lula,PROPN,100.0%,NOUN | advmod,0.0%,['então'],100.0%,"Porque se for considerar os crimes que o PT cometeu, o Lula é o primeiro então a ser condenado novamente."
lula,PROPN,100.0%,NUM | flat:name,0.0%,['2'],100.0%,"O bolsonaro do primeiro turno para o segundo aumentou 7 bilhões de votos, o Lula 2 milhões de votos."
lula,PROPN,100.0%,PRON | dep,0.0%,['o'],100.0%,"Realmente, o diálogo do Guilherme Boulos é esse, assim como o do Lula, o mensalão, o maior esquema de corrupção do país."
lula,PROPN,100.0%,SCONJ | case,0.0%,['como'],100.0%,"Pessoas que defendem Deus, pátria, família, que são contrárias a matar crianças dentro do ventre, que são contrários a tolir a liberdade religiosa das pessoas e, acima de tudo, que não zomba das religiões alheias, como Lula fez quando ele fala que vai colocar padres em pátio e pastores nos seus devidos lugares quando eles, quando ele ganhar."
lula,PROPN,100.0%,NOUN | xcomp,0.0%,['amigo'],100.0%,"pessoas querem legalizar as drogas, pessoas querem licenciar a liberdade como tá né acontecendo ali na Nicarágua, amigo de Lula, Daniel Ortega impedindo pessoas de praticarem ali a missa."
lula,PROPN,100.0%,AUX | aux,0.0%,['tem'],100.0%,"Porque Lula não tem que enganar, porque Lula é amigo ou dela molhar Venezuela, e vamos votar restabelecer a nossa relação e, se Deus quiser, vamos criar uma moeda na América Latina, porque não tem esse negócio de ficar dependendo do dólar."
lula,PROPN,100.0%,PROPN | obl:agent,0.0%,['pt'],100.0%,"Esses planos foram aprovados em 12 de Dezembro de 2021 pelo PT do Lula e hoje, quando descobriram aqui esse site, o PT foi lá e derrubou."
lula,PROPN,100.0%,NUM | obj,0.0%,['l'],100.0%,"vamos lá: em primeiro, o Alckmin, que agora tá fazendo um l ali de Lula, mas depois de ter quebrado o Brasil."
lula,PROPN,100.0%,NOUN | fixed,0.0%,['exemplo'],100.0%,"Mas as piadas, por exemplo do Lula, de eu não vou falar todas aqui, mas pesquise, pesquise, eu não vou homossexuais que você vai ver."
lula,PROPN,100.0%,ADV | conj,0.0%,['aí'],100.0%,"Talvez até estejam ali em parafuso com essa briga entre Lula, Dilma, Ciro e por aí vai, né?"
lula,PROPN,100.0%,VERB | flat,0.0%,['vai'],100.0%,"Quem que fez a linha de produção para poder dar o carro que hoje, ou a pessoa lado Lula vai, poderia comprar o catarismo?"
lula,PROPN,100.0%,ADV | mark,0.0%,['menos'],100.0%,"Apoiou ninguém mais ninguém menos que lula, isso mesmo através de um partido criado pelas farc, que também chama as farc, composta por todos os guerreiros da organização terrorista implantar o socialismo no brasil."
lula,PROPN,100.0%,PRON | conj,0.0%,['outro'],100.0%,"Se hoje o brasileiro naquela época tivesse elegido Eneias e não tivesse colocado no poder eh Lula ou qualquer outro, o Brasil hoje tá bastante diferente."
lula,PROPN,100.0%,ADJ | parataxis,0.0%,['diferente'],100.0%,"Se hoje o brasileiro naquela época tivesse elegido Eneias e não tivesse colocado no poder eh Lula ou qualquer outro, o Brasil hoje tá bastante diferente."
lula,PROPN,100.0%,PROPN | nsubj:pass,0.0%,['luiz'],100.0%,Porque que o chefe de você é chamado Luiz Inácio Lula da Silva?
lula,PROPN,100.0%,VERB | nsubj,0.0%,['vendo'],100.0%,Vendo o Lula simplesmente disse que o água é fascista.
lula,PROPN,100.0%,ADV | cc,0.0%,['tanto'],100.0%,"E eu não tenho dúvidas que é o que o Brasil quer: justiça nesse país, fim da impunidade, tanto para o Lula quanto para sua trupa."
lula,PROPN,100.0%,PRON | amod,0.0%,['mesmo'],100.0%,"Ou seja, o Lula mesmo sabe que o arrocho o declínio total do Brasil em termos de desemprego e inflação, e eles estão literalmente fazendo isso como um balão de ensaio para poder retomar a classe trabalhadora mais humilde, que eles de fato perderam o completo contato e completa conexão."
lula,PROPN,100.0%,NOUN | punct,0.0%,['>'],100.0%,"Lula, >> ele falou, todo mundo sabe disso."
lula,PROPN,100.0%,ADV | nsubj,0.0%,['aqui'],100.0%,"Esse aqui não é do Lula, esse aqui não é meu, esse aqui não é do bolsonaro, não é do Nicolas, aqui é de vocês."
lula,PROPN,100.0%,PROPN | iobj,0.0%,['senhor'],100.0%,gostamos aqui reunidos diversas frentes aqui de religiões para poder dar um recado ao Senhor Lula de que tem batido como Magno disco a mão dos outros.
