ruanê;1;nr
lagosta;1;nom
jantares;1;nom
tosimetria;1;nr
impachma;1;nr
artefatos;1;nom
cutucou;1;ver
toófoli;1;nr
tofol;1;nr
tofali;1;nr
brigados;1;ver
consor;1;nr
pavimentador;1;nr
bateta;1;nr
panaca;1;nr
articulamos;1;nr
escombro;1;ver
acolhidos;1;ver
abraçados;1;adj
tuseleira;1;nr
impossibilitado;1;ver
pingsulos;1;nr
sequestrando;1;ver
prendida;1;ver
depedrar;1;nr
autografada;1;ver
combatom;1;nr
importações;1;nom
kristner;1;nr
gaz;1;nr
perguntinha;1;nom
gostosa;1;adj
canhotinha;1;nom
mandasse;1;ver
pió;1;nr
freios;1;nom
contrapesos;1;nom
adade;1;nr
extrapolando;1;ver
dobrando;1;ver
desbalanceando;1;nr
desistem;1;ver
psicopatas;1;nom
punungjante;1;nr
escravizados;1;ver
jogasse;1;ver
analisem;1;ver
expo;1;nom
osaka;1;nom
funeral;1;nom
atrelaram;1;ver
102;1;num
prerrogativo;1;nr
adicionou;1;ver
desmenti;1;ver
cartier;1;nr
biscoito;1;nom
dad;1;nr
elon;1;nom
mark;1;nr
zuckerberg;1;nr
lascando;1;ver
consentindo;1;ver
ganhavam;1;ver
solar;1;adj
sujando;1;ver
represento;1;ver
limpinho;1;adj
permanecerem;1;ver
niccolas;1;nr
benéces;1;nr
desembargadora;1;nom
alegar;1;ver
escravas;1;adj
chancelou;1;ver
invalidado;1;ver
invalidez;1;nom
severa;1;adj
normalize;1;ver
operacionalizou;1;nr
edos;1;nr
sanidade;1;nom
complacente;1;adj
chancela;1;nom
constatação;1;nom
doentia;1;adj
prendido;1;ver
operantes;1;adj
liderada;1;ver
populares;1;adj
consistia;1;ver
inclu;1;nr
cute;1;nr
frustrem;1;nr
ns;1;nom_sup
juanê;1;nr
mariellearam;1;nr
sintoma;1;nom
pretextos;1;nom
esmagamento;1;nom
arrombada;1;adj
persista;1;ver
preferiria;1;ver
algós;1;nr
subterfúgio;1;nom
cân;1;nr
parlar;1;ver
ferendo;1;nr
erei;1;ver
socialdemocrata;1;nr
alteremos;1;ver
terar;1;nr
queistia;1;nr
fraudada;1;ver
distorcem;1;ver
politizando;1;ver
prestarão;1;ver
temerem;1;ver
meras;1;adj
honorable;1;nr
pittinger;1;nr
ambassadors;1;nr
delegating;1;nr
chiefs;1;nr
marriott;1;nr
coming;1;nr
raised;1;nr
favlla;1;nr
saw;1;nr
destroys;1;nr
filter;1;nr
mapped;1;nr
locally;1;nr
regionally;1;nr
transnationally;1;nr
activity;1;nr
hide;1;nr
openly;1;nr
impose;1;nr
rules;1;nr
charge;1;nom
taxes;1;ver
alarming;1;nr
entitled;1;nr
governance;1;nr
roughly;1;nr
authoritarian;1;nr
decides;1;ver
enters;1;nr
consequences;1;nr
tragic;1;nr
notorious;1;nr
misconduct;1;nr
eliminate;1;nr
rivals;1;nr
repress;1;nr
oppose;1;nr
report;1;nr
sections;1;nr
frequently;1;nr
messaging;1;nr
groups;1;nr
warning;1;nr
community;1;nr
newest;1;nr
method;1;nr
involves;1;nr
corpse;1;nr
disposal;1;nr
using;1;nr
consequence;1;nr
warlike;1;nr
atmosphere;1;nr
caused;1;nr
institute;1;nr
grew;1;nr
struck;1;nr
compared;1;nr
period;1;nr
previous;1;nr
died;1;nr
fixing;1;nr
peace;1;nr
useless;1;nr
healthcare;1;nr
straight;1;nr
bullet;1;nr
gets;1;nr
increase;1;nr
policy;1;nr
coffins;1;nr
drapped;1;nr
flag;1;nr
committed;1;nr
suicide;1;ver
psychological;1;nr
abandonment;1;nr
treated;1;nr
enforcing;1;nr
statistics;1;nr
lost;1;nr
territory;1;nr
perspective;1;ver
strip;1;nr
869;1;num
conflict;1;nr
invasion;1;nr
missiles;1;nr
tanks;1;nr
terrifying;1;nr
charging;1;nr
fees;1;nr
allow;1;nr
store;1;nr
reports;1;nr
vendors;1;nr
executed;1;nr
paying;1;nr
telecommunications;1;nr
transportation;1;nr
food;1;nr
water;1;nr
price;1;nr
cooking;1;nr
scandal;1;nr
tolerates;1;nr
founds;1;nr
expel;1;nr
leaving;1;nr
homeless;1;nr
rent;1;nr
properties;1;nr
finance;1;nr
sierra;1;nr
expelled;1;nr
neighborhoods;1;nr
exploions;1;nr
secretarity;1;nr
severity;1;nr
powerful;1;nr
1993;1;num
alleged;1;nr
broadhood;1;nr
abuse;1;ver
transnational;1;nr
organization;1;nr
confirming;1;nr
presence;1;nr
paraguay;1;nr
bolivia;1;nr
colombia;1;nr
riis;1;nr
hierarchical;1;nr
structure;1;nr
codes;1;nr
tribals;1;nr
infiltrate;1;nr
stations;1;nr
essentially;1;nr
cartel;1;nom
logistics;1;nr
branches;1;nr
authority;1;nr
jose;1;nom
mashado;1;nr
march;1;nr
salo;1;nr
prosecutors;1;nr
placed;1;nr
famous;1;nr
historic;1;nr
robbery;1;nr
dug;1;nr
tunnel;1;nr
meters;1;nr
vout;1;nr
stole;1;nr
orchestrated;1;nr
coordinating;1;nr
ordered;1;nr
bus;1;art_def
burnings;1;nr
station;1;nr
paralyzed;1;nr
securityities;1;nr
curfew;1;nr
coincidence;1;nr
safety;1;nr
wing;1;nr
parties;1;nr
revolutionary;1;nr
movements;1;nr
aspar;1;ver
soviet;1;nr
union;1;nr
replacing;1;nr
socialism;1;nr
weapon;1;nr
essence;1;nr
dialogical;1;nr
infration;1;nr
tolerance;1;nr
toward;1;nr
guerrillas;1;nr
institutional;1;nr
capture;1;ver
delquence;1;nr
helped;1;nr
forums;1;nr
penetrate;1;nr
elections;1;nr
eventually;1;nr
surprise;1;nr
provisional;1;adj
inmates;1;nr
round;1;nom
victory;1;nr
videos;1;nr
emerged;1;nr
celebrating;1;nr
exactly;1;nr
defends;1;nr
narrative;1;nr
victimhood;1;nr
demonization;1;nr
proposed;1;nr
classifying;1;nr
opposes;1;nr
adopted;1;nr
classification;1;nr
terrorism;1;nr
crulest;1;nr
janei;1;nr
mourned;1;nr
offered;1;nr
condolences;1;nr
quick;1;nr
mourn;1;nr
crying;1;nr
devil;1;nr
opposite;1;nr
problem;1;nr
far;1;nr
scandals;1;nr
west;1;nr
votes;1;ver
looted;1;nr
brass;1;nr
diverted;1;nr
financed;1;nr
support;1;nr
scheme;1;nr
uncovered;1;nr
software;1;nom
hemisphere;1;nr
happened;1;nr
afterward;1;nr
convicted;1;nr
trials;1;nr
unneeded;1;nr
group;1;nr
remains;1;nr
ignores;1;ver
impunity;1;nr
executive;1;nr
falls;1;nr
weakened;1;nr
enforcement;1;nr
insists;1;nr
humanization;1;nr
formulas;1;ver
safe;1;ver
conduct;1;nr
custody;1;nr
introduced;1;nr
august;1;nom
arrested;1;nr
flagrant;1;nr
initial;1;nr
cocked;1;nr
freely;1;nr
trafficker;1;nr
andre;1;nr
doppy;1;nr
door;1;nr
prohibited;1;nr
helicopters;1;nr
entry;1;nr
favllas;1;nr
legitimate;1;nr
curiously;1;nr
remembered;1;nr
checks;1;nr
balances;1;ver
reveal;1;nr
decisions;1;nr
violate;1;nr
constitutions;1;nr
summon;1;nr
explanation;1;nr
impossible;1;nr
extreme;1;ver
lefty;1;nr
severe;1;nr
restrictions;1;nr
operations;1;nr
communities;1;nr
basically;1;nr
prevented;1;nr
combating;1;nr
unless;1;nr
obtain;1;nr
extremely;1;nr
bureaucratic;1;nr
presented;1;nr
unprotected;1;nr
drastically;1;nr
limiting;1;nr
prohibiting;1;nr
demanding;1;nr
exceptional;1;nr
justification;1;nr
bureaucratizing;1;nr
perfect;1;nr
environment;1;nr
restrain;1;nr
expand;1;nr
orders;1;nr
vacuum;1;nr
arsenals;1;nr
drug;1;nr
basis;1;nr
unelected;1;nr
interpretate;1;nr
investigations;1;nr
buried;1;nr
spoken;1;nr
alleandra;1;nr
maybe;1;nr
kind;1;nr
rubs;1;nr
restore;1;nr
balance;1;ver
attacking;1;nr
rebuilding;1;nr
constitutional;1;nr
harmony;1;nr
limits;1;nr
reveals;1;nr
transparency;1;nr
healthy;1;nr
divided;1;nr
supervised;1;nr
becomes;1;nr
leadership;1;nr
streets;1;nr
structures;1;nr
courts;1;nr
laws;1;nr
obeys;1;nr
mute;1;nr
untouchable;1;nr
govern;1;nr
afraid;1;nr
reveles;1;ver
returns;1;nr
applies;1;nr
includes;1;nr
interpretated;1;nr
refreshing;1;nr
insights;1;nr
resonated;1;nr
plaque;1;nom
revenda;1;nom
paginazinhas;1;nr
gasos;1;nr
revendas;1;nom
bujrão;1;nr
vagapo;1;nr
burocratizar;1;ver
cílio;1;nom
endividado;1;ver
endividando;1;ver
estampada;1;ver
baleado;1;ver
tombava;1;ver
chark;1;nr
oponentes;1;nom
comovem;1;ver
charl;1;nr
kk;1;nr
repugnante;1;adj
conservadoros;1;nr
mundialmente;1;adv
rodava;1;ver
rotulavam;1;ver
concordava;1;ver
atentou;1;ver
comemore;1;ver
concentrada;1;adj
doutrinadas;1;nr
infantilizada;1;ver
raivosos;1;adj
merecedores;1;adj
normalidades;1;nom
abjetos;1;adj
negá;1;nr
1942;1;num
desumanizaram;1;nr
monstros;1;nom
publicavam;1;ver
caricaturas;1;nom
normalizando;1;ver
culpando;1;ver
idealizaram;1;ver
intensas;1;adj
representavam;1;ver
proprietários;1;nom
parasitas;1;nom
manipulavam;1;ver
apagavam;1;ver
existido;1;ver
resumida;1;ver
animalização;1;nom
massiva;1;adj
escapa;1;ver
miguel;1;nom
uribe;1;nr
renasceu;1;ver
estirpada;1;nr
aperfeiçoou;1;ver
emergiu;1;ver
macabra;1;adj
indiferença;1;nom
vibram;1;ver
embalado;1;ver
slogans;1;nom
demitirem;1;ver
minimizando;1;ver
pratique;1;ver
desumanizado;1;nr
humanizou;1;ver
romântico;1;adj
equivale;1;ver
civilizações;1;nom
desordenada;1;adj
martirizado;1;ver
lúcido;1;adj
demoliam;1;ver
sofismas;1;nom
teológicos;1;adj
wilberce;1;nr
persistente;1;adj
dietrice;1;nr
bonhoffer;1;nr
falsidade;1;nom
emotivas;1;adj
amaciam;1;nr
proclamarem;1;ver
suscita;1;ver
influir;1;ver
enfrentada;1;ver
columbrir;1;nr
desonestas;1;adj
assinassem;1;ver
faltaria;1;ver
colú;1;nr
aprovarmos;1;ver
canálias;1;nr
amarra;1;ver
varreram;1;ver
resistimos;1;ver
sugera;1;nr
pensantes;1;adj
bolsinha;1;nom
mordomias;1;nom
querce;1;nr
1680;1;num
vittu;1;nr
desinformada;1;ver
guilhotina;1;nom
deputade;1;nr
empreteiras;1;nr
doadores;1;nom
contribuiriam;1;ver
palque;1;nr
doaram;1;ver
lucraram;1;ver
bilionárias;1;adj
shope;1;nr
torrou;1;ver
677;1;num
vencem;1;ver
receptivas;1;adj
arrastavam;1;ver
sorrisos;1;nom
espontâneos;1;adj
resiliente;1;nr
afundaram;1;ver
queores;1;nr
teato;1;nr
comparados;1;ver
arranjo;1;nom
pastel;1;nom
chorava;1;ver
dinos;1;nr
injustiçada;1;adj
empresto;1;ver
nexia;1;nr
revolucionaremos;1;nr
referendada;1;ver
jastismos;1;nr
achismos;1;nr
aribe;1;nr
delitos;1;nom
furtou;1;ver
nóa;1;nr
genéricas;1;adj
depação;1;nr
depredam;1;ver
esquizofrênico;1;adj
laudo;1;nom
iraci;1;nr
inércia;1;nom
cagaram;1;nr
brincou;1;ver
gedel;1;nr
combidades;1;nr
158;1;num
torturadas;1;adj
dond;1;nr
insensibilidade;1;nom
punitiva;1;adj
isonômica;1;nr
dividi;1;ver
magnich;1;nr
respiro;1;ver
libertando;1;ver
materialista;1;adj
governada;1;ver
depração;1;nr
postri;1;nr
desanimadoras;1;adj
permanecendo;1;ver
clevão;1;nr
expusemos;1;ver
apontamos;1;ver_sup
energizamos;1;nr
poos;1;nr
artesianos;1;adj
r0;1;nr
noroeste;1;nom
paracatu;1;nom
unait;1;nr
mgc;1;nr
251;1;num
jequti;1;nr
mg12;1;nr
mg383;1;nr
tuiutaba;1;nr
iturama;1;nr
especto;1;ver
intermediário;1;adj
restauramos;1;ver
pequi;1;nom
conservação;1;nom
beneficiadas;1;ver
coautor;1;nr
454;1;num
3028;1;num
3652;1;num
1123;1;num
judô;1;nom
neuromonitoramento;1;nr
possibilitando;1;ver
teóflotone;1;nr
arrecadamos;1;ver
abasteceu;1;ver
arrasaram;1;ver
kailan;1;nr
susana;1;nom
ristofen;1;nr
beiramar;1;nr
traficar;1;ver
depederaram;1;nr
furtado;1;ver
deságua;1;ver
disrespeita;1;nr
canálha;1;nr
baio;1;adj
amedrontado;1;adj
diluindo;1;ver
extinguindo;1;ver
analisa;1;ver
spt;1;nr
emissoras;1;nom
devam;1;nom
autopromover;1;nr
frito;1;adj
realinhamento;1;nom
decepcionadas;1;adj
colocarão;1;ver
papacuda;1;nr
soluso;1;nr
intercala;1;ver
baterinha;1;nr
saga;1;nom
avaliamos;1;ver
puxador;1;nom
eventualidade;1;nom
timões;1;nom
rejo;1;ver
benécias;1;nr
precipitado;1;adj
foiado;1;nr
vaiado;1;ver
numan;1;nr
escolheram;1;ver
empreg;1;nr
5x2;1;nr
flexibilidade;1;nom
migrando;1;ver
ingessa;1;nr
proa;1;nom
7x0;1;nr
paraguai;1;nom
atrapalham;1;ver
indiretos;1;adj
taiayá;1;nr
punidas;1;ver
acontecero;1;nr
columbut;1;nr
protocolada;1;adj
apresentaram;1;ver
sanhamento;1;nr
cbmi;1;nr
telefônica;1;adj
bocaro;1;nr
tofar;1;nr
mântega;1;nr
columbúmbras;1;nr
xingo;1;nom
bomaster;1;nr
tofoles;1;nr
decepcione;1;ver
vcaro;1;nr
atibai;1;nr
triplex;1;nr
mensageiro;1;nom
reacender;1;ver
pintarem;1;ver
miras;1;nom
acordem;1;ver
impitmado;1;nr
desistimos;1;ver
passarinhos;1;nom
adestrador;1;nr
cães;1;nom
exilou;1;ver
alcolumbre;1;nr
pontuaria;1;ver
invalidando;1;ver
columbar;1;nr
respinga;1;ver
distorsões;1;nr
aiar;1;ver
columbi;1;nr
putaram;1;nr
coação;1;nom
incomunicável;1;adj
maisade;1;nr
parabelo;1;nr
legalidades;1;nom
divulguem;1;ver
postes;1;nom
magnía;1;nr
columba;1;nr
recorrar;1;nr
certiado;1;nr
convivendo;1;ver
papelzinho;1;nom
anonimato;1;nom
proporcionalidades;1;nom
otários;1;nom
excusa;1;ver
capures;1;nr
dialeto;1;nom
futon;1;nr
shin;1;nr
exterminá;1;nr
rosalinda;1;nr
comodismo;1;nom
acd;1;nr
rossos;1;nr
votássemos;1;ver
reduzisse;1;ver
biaquis;1;nr
fundinho;1;nom
pensarei;1;ver
efens;1;nr
criava;1;ver
torcem;1;ver
2278;1;num
arranjos;1;nom
fctex;1;nr
1571;1;num
juridic;1;nr
reagiram;1;ver
deutant;1;nr
maquiador;1;nom
branquinha;1;nom
cassados;1;adj
apertou;1;ver
dávila;1;nr
larápio;1;nom
favorito;1;adj
controlada;1;ver
censurada;1;ver
aclas;1;nr
arregaçando;1;ver
subordinadas;1;nom
dpf635;1;nr
decretará;1;ver
tatu;1;nom
braganeto;1;nr
pintando;1;ver
drone;1;nr
evaí;1;nr
éber;1;nr
cleiton;1;nr
serafim;1;nom
aterrorizam;1;ver
esquerdoso;1;nr
osman;1;nom
extraditados;1;ver
soltá;1;nr
nomeá;1;nr
defia;1;nr
blindá;1;nr
supremacement;1;nr
reprovaram;1;ver
manifestasse;1;ver
sistolia;1;nr
gestações;1;nom
cistolia;1;nr
honorários;1;adj
somaram;1;ver
incompatibilidade;1;nom
listando;1;ver
apontadas;1;adj
atingiam;1;ver
repletos;1;adj
anich;1;nr
ignoradas;1;adj
processada;1;ver
esquecerá;1;ver
xincar;1;nr
designadas;1;ver
reivindica;1;ver
transer;1;nr
pculino;1;nr
exagerando;1;ver
prisional;1;adj
bastou;1;ver
rotulada;1;adj
alterofista;1;nr
tangênero;1;nr
ciclismo;1;nom
queixas;1;nom
perdedoras;1;nom
lana;1;nr
mma;1;nr
bolt;1;nr
quera;1;nr
lebron;1;nr
stepin;1;nr
curry;1;nr
inverso;1;adj
fluío;1;nr
mandavam;1;ver
fóbico;1;nr
ovário;1;nom
pariu;1;ver
amamentetou;1;nr
menopausa;1;nom
urologista;1;nom
nícas;1;nr
triciclo;1;nom
descaracteriza;1;ver
gameta;1;adj
gêno;1;nr
associam;1;ver
desclassificar;1;ver
errica;1;nr
estupadores;1;nr
esturupadores;1;nr
amentação;1;nr
agridem;1;ver
tjo;1;nr
repulsa;1;nom
distintas;1;adj
banalizando;1;ver
significasse;1;ver
francóbicos;1;nr
infracional;1;nr
internados;1;ver
completarem;1;ver
estupam;1;nr
esfaqueada;1;ver
bitá;1;nr
oto;1;nom
estudadas;1;ver
moridade;1;nr
impuno;1;nr
alibe;1;nr
coaçada;1;nr
caluniada;1;ver
difamada;1;ver
pacíficos;1;adj
camira;1;nr
esbarra;1;ver
pretensões;1;nom
senr;1;nr
jul;1;nr
calmamente;1;adv
atacassem;1;ver
apaziguador;1;adj
cocodilo;1;nr
fariam;1;ver_sup
comoo;1;nr
desenvetar;1;nr
soluços;1;nom
justíssimo;1;adj
goçar;1;nr
desbalanceadas;1;adj
ecores;1;nr
anchia;1;nr
galego;1;adj
uiton;1;nr
roseleiro;1;nr
tonoseleira;1;nr
tonozeleira;1;nr
pente;1;nom
violador;1;nom
seje;1;nr
cleão;1;nr
diretorgeral;1;nr
próaborto;1;nr
decolar;1;ver
pescisgas;1;nr
juizinho;1;nr
metigela;1;nr
balte;1;nr
columbrire;1;nr
colubre;1;nr
sócenes;1;nr
sóceres;1;nr
derramadas;1;ver
apelando;1;ver
fajanja;1;nr
robson;1;nom
barreirinhas;1;nom
mentirosamente;1;nr
ajudada;1;ver
impulsionava;1;ver
instantâneo;1;adj
fintec;1;nr
complexidades;1;nom
combateria;1;ver
bancaram;1;ver
raimundo;1;nom
manicur;1;nr
pedicur;1;nr
poupe;1;ver
desmantelou;1;ver
gaeco;1;nr
salafrário;1;nom
sobilo;1;nr
louros;1;adj
montada;1;ver
quissá;1;nr
vazou;1;ver
banquei;1;nr
custeado;1;ver
valério;1;nom
relacionava;1;ver
meti;1;ver
jeans;1;adj
respeitei;1;ver
caças;1;nom
insidiosos;1;adj
ilustrado;1;adj
secretas;1;adj
detido;1;ver
rumb;1;nr
desumano;1;adj
alemmin;1;nr
tavrfas;1;nr
aquetada;1;nr
fuck;1;nr
tarifas;1;nom
aumentá;1;nr
acrescentado;1;ver
exportações;1;nom
argentinas;1;adj
folho;1;nom
cosita;1;nr
lutávamos;1;ver
marbela;1;nr
ges;1;nr
lacartazinho;1;nr
câela;1;nr
harris;1;nom
calarse;1;nr
passimônia;1;nr
caótica;1;adj
descontentamento;1;nom
descontent;1;nr
abrangido;1;ver
oportunização;1;nr
antecipando;1;ver
prossódi;1;nr
coruripe;1;nom
autoinvestimento;1;nr
proeficiência;1;nr
estagnou;1;ver
eric;1;nom
stanfords;1;nr
brooks;1;nr
r32;1;nr
inundado;1;ver
engaja;1;ver
cartório;1;nom
quitação;1;nom
completam;1;ver
sóis;1;nom
quedistas;1;nr
emitidas;1;ver
admiradores;1;nom
xinjimpim;1;nr
pensionista;1;nom
fartas;1;adj
insignificante;1;adj
caçaram;1;ver
sabatina;1;nom
eliminada;1;ver
convenceou;1;nr
706;1;num
pularam;1;ver
299;1;num
explodiram;1;ver
conaf;1;nr
deflagrado;1;ver
lupe;1;nr
punam;1;ver
lesado;1;adj
ressacido;1;nr
hrad;1;nr
pur;1;nr
ressarcido;1;ver
assinra;1;nr
mp871;1;nr
apoiavam;1;ver
cmp;1;nr
revalidação;1;nom
máfé;1;nr
imbuídos;1;ver
paguem;1;ver
gendira;1;nr
ressarci;1;nr
descobrisse;1;ver
ressacidas;1;nr
minidade;1;nr
ranê;1;nr
brigaem;1;nr
ressarciar;1;nr
apressadas;1;adj
desrespeitosa;1;adj
glazer;1;nr
comunistinha;1;nr
honraria;1;nom
atileira;1;nr
fpo;1;nr
xgpin;1;nr
isanimin;1;nr
ônibostos;1;nr
oea;1;nr
neutralizados;1;adj
luía;1;nr
embaixadora;1;nom
encarregada;1;ver
tamarati;1;nr
neutralizar;1;ver
gz;1;nr
algesira;1;nr
lutassem;1;ver
extraterritorial;1;adj
denunciávamos;1;nr
judicializam;1;nr
lis;1;nom
plantará;1;ver
caou;1;nr
chutes;1;nom
bicudo;1;adj
desavença;1;nom
quaquá;1;nr
caado;1;nr
nicolaus;1;nr
interfira;1;ver
naci;1;nr
costumão;1;nr
batis;1;nr
teri;1;nr
escutarem;1;ver
resilientes;1;nr
aguentem;1;ver
exaltavara;1;nr
fel;1;nom
factoides;1;nr
plitariado;1;nr
esqueira;1;nr
bisgado;1;nr
assumem;1;ver
desfavorecido;1;ver
tratariam;1;ver
averigar;1;nr
gber;1;nr
guber;1;nr
vigo;1;ver
aimentar;1;nr
autodeclarou;1;nr
sidônio;1;nr
invejinha;1;nr
tono;1;ver
levantamentos;1;nom
descontados;1;ver
contracheque;1;nom
reclamavam;1;ver
871;1;num
obrigava;1;ver
comprovarem;1;ver
bingo;1;nom
desenhando;1;ver
stefanuto;1;nr
auditoria;1;nom
autorizações;1;nom
impossibilitadas;1;ver
aldeias;1;nom
acusada;1;ver
avisados;1;ver
confessaram;1;ver
fingiram;1;ver
cp;1;nr
devolverá;1;ver
prejuío;1;nr
devolvam;1;ver
extrato;1;nom
juraram;1;ver
comprinha;1;nr
gilo;1;nr
afetado;1;adj
pedreiros;1;nom
entregadores;1;nom
vigiadas;1;ver
sonegadores;1;nom
mei;1;nr
faturar;1;ver
6000;1;num
pxs;1;nr
movimentados;1;ver
modernização;1;nom
engula;1;ver
comeros;1;nr
morder;1;ver
mascarado;1;nom
narigudo;1;adj
autodadas;1;nr
chamariam;1;ver
reservará;1;nr
auditores;1;nom
éteros;1;nr
daltônicas;1;adj
protocolhei;1;nr
identitárias;1;nr
binários;1;adj
gilson;1;nom
surpresos;1;adj
corr;1;nr
sedentário;1;adj
cebos;1;nr
cpia;1;nr
prco;1;nr
deteriorado;1;ver
caridades;1;nom
asilos;1;nom
incomodam;1;ver
crucificaram;1;ver
aplaudidos;1;adj
filson;1;nr
purificando;1;ver
denso;1;adj
bloquinho;1;nom
drogada;1;ver
descartáveis;1;adj
narcoestado;1;nr
sequestros;1;nom
cavalinho;1;nom
bárbaro;1;adj
fotográfico;1;adj
entrevistinha;1;nr
sapucaí;1;nom
atalho;1;nom
achefóbico;1;nr
achfóbico;1;nr
patrimônios;1;nom
presar;1;ver
anseando;1;nr
camões;1;nom
sorveteiro;1;nom
elencadas;1;nr
pautei;1;ver
elevadora;1;nom
prejudicasse;1;ver
utilizaria;1;ver
quear;1;nr
naenda;1;nr
deton;1;nr
pontuações;1;nom
proibiram;1;ver
indivual;1;nr
julas;1;nr
zamber;1;nr
taba;1;nom
ranias;1;nr
polon;1;nr
comprada;1;ver
corrúpto;1;nr
aposentos;1;nom
sangra;1;ver
propuserem;1;ver
narcoterrorista;1;nr
stedley;1;nr
federalista;1;adj
retrospecto;1;nom
estradas;1;nom
varginha;1;nom
abateram;1;ver
estupar;1;nr
lavrando;1;ver
salubridade;1;nom
noturno;1;adj
endurecimento;1;nom
impunabilidade;1;nr
solucionados;1;ver
trégua;1;nom
buqueliz;1;nr
evening;1;nr
giants;1;nr
battle;1;nr
different;1;nr
livia;1;nr
wife;1;nr
share;1;nr
journey;1;nr
roles;1;ver
view;1;nr
husband;1;nr
responsibilities;1;nr
taught;1;nr
exential;1;nr
transformation;1;nr
deepest;1;nr
bounds;1;nr
formed;1;nr
fewest;1;nr
core;1;ver
compassion;1;nr
cultivated;1;nr
profound;1;nr
integrity;1;nr
fabric;1;nr
genuine;1;nr
lasting;1;nr
desire;1;nr
exalted;1;nr
pilot;1;nr
tool;1;nr
manipulation;1;nr
arbitrariness;1;nr
strayed;1;nr
roots;1;nr
respects;1;nr
ideals;1;nr
french;1;nr
horrors;1;nr
tot;1;nr
noblest;1;nr
intentions;1;nr
corrupted;1;nr
disconnected;1;nr
revolutionaries;1;nr
dreamed;1;nr
absolute;1;nr
equality;1;nr
efforts;1;nr
culminated;1;nr
ation;1;nr
oppression;1;nr
similarly;1;nr
communist;1;nr
positivist;1;nr
instrument;1;nr
ignoring;1;nr
intersection;1;nr
theorization;1;nr
lack;1;nr
distant;1;nr
requires;1;nr
weakness;1;nr
cultivate;1;nr
virtues;1;nr
everyday;1;nr
extraordinary;1;nr
gestures;1;nr
sacrifice;1;nr
build;1;nr
individuals;1;nr
nucleus;1;nr
thus;1;nr
regenerated;1;nr
detachment;1;nr
produces;1;nr
mediocre;1;nr
incapable;1;nr
dealing;1;nr
seek;1;nr
titles;1;nr
forgetting;1;nr
excellence;1;nr
serving;1;nr
cultivating;1;nr
wisdom;1;nr
mediocrity;1;nr
broken;1;nr
progress;1;nr
found;1;nr
recognition;1;nr
common;1;nr
individually;1;nr
socially;1;nr
strive;1;nr
christ;1;nr
distinguish;1;nr
injust;1;nr
honest;1;nr
abandoning;1;nr
complacency;1;nr
stopping;1;nr
reference;1;nr
affirm;1;nr
refugee;1;nr
illegal;1;nr
persecution;1;nr
standing;1;nr
fully;1;nr
convinced;1;nr
passing;1;nr
perseverance;1;nr
feminism;1;nr
teaching;1;nr
virtuous;1;nr
gender;1;nr
direction;1;nr
create;1;nr
signal;1;nr
leave;1;nr
childrens;1;nr
hours;1;nr
hands;1;nr
protected;1;nr
conservative;1;nr
empty;1;nr
sells;1;nr
success;1;nr
slave;1;nr
desires;1;nr
doing;1;nr
makes;1;nr
rather;1;nr
sacrificing;1;nr
keep;1;nr
resist;1;nr
mission;1;nr
character;1;nr
forged;1;nr
building;1;nr
construction;1;nr
enemy;1;nr
outside;1;nr
sins;1;adv
viices;1;nr
gravity;1;nr
intensity;1;nr
deserves;1;nr
prevail;1;nr
cuscuz;1;nom
fritem;1;nr
inci;1;nr
formalizou;1;ver
cani;1;nr
planetino;1;nr
fonta;1;nr
baixe;1;ver
miss;1;nom
democr;1;nr
impôs;1;ver
baixou;1;ver
gá;1;nr
compromissado;1;nr
salv;1;nr
quintas;1;adj_num
otoni;1;nom
darmos;1;ver
marilo;1;nr
amanheceu;1;ver
capitã;1;nom
eletricidade;1;nom
cortada;1;ver
protelando;1;ver
íos;1;nr
palavrado;1;nr
convocará;1;ver
esquivar;1;ver
consulto;1;ver
sna;1;nr
dieo;1;nr
solicitada;1;ver
vissem;1;ver_sup
oferecidos;1;ver
genz;1;nr
elaboradas;1;ver
pontuou;1;ver
especificações;1;nom
remetidas;1;ver
ordinárias;1;adj
regulamentares;1;adj
atualizações;1;nom
ajustes;1;nom
engessar;1;ver
tripartite;1;adj
bipartites;1;nr
pactu;1;nr
vinculante;1;nr
fundamentadas;1;adj
indispensáveis;1;adj
contornos;1;nom
regionalização;1;nom
remetida;1;ver
requerem;1;ver
resultam;1;ver
inscrevo;1;ver
lidas;1;ver
municipalização;1;nom
andreana;1;nr
cac;1;nr
cqui;1;nr
platitude;1;nr
generalidade;1;nom
debonis;1;nr
5102;1;num
cristeta;1;nr
42202;1;num
soneto;1;nom
deixarem;1;ver
audi;1;nom
inviabilizado;1;ver
utfsm;1;nr
mant;1;nr
toneta;1;nr
utfpr;1;nr
engenharias;1;nom
engenheiria;1;nr
mantenhamos;1;ver
ópice;1;nr
extras;1;adj
adaptações;1;nom
oportunizar;1;nr
viabilize;1;ver
notadamente;1;adv
incorporasse;1;ver
especifidade;1;nr
trilhou;1;ver
disputei;1;ver
formarão;1;ver
comun;1;nr
acadmica;1;nr
uneto;1;nr
veneri;1;nr
maracanã;1;nom
agraciados;1;ver
ifrj;1;nr
zs;1;nr
zfs;1;nr
migrar;1;ver
wif;1;nr
incorporados;1;ver
patr;1;nr
patras;1;nr
integram;1;ver
possibilitam;1;ver
responsabilidad;1;nr
torná;1;nr
fraternos;1;adj
abraços;1;nom
patania;1;nr
patrcio;1;nr
manifestadas;1;ver
cft;1;nr
orçamentários;1;adj
contento;1;nom
aneto;1;nr
patrul;1;nr
enf;1;nr
néos;1;nr
abunda;1;ver
interpretam;1;ver
desfrutado;1;ver
bir;1;nr
falte;1;ver
cífica;1;nr
restrito;1;adj
lucine;1;nr
acarretam;1;ver
autocuidado;1;nr
maral;1;nr
desestruturado;1;nr
eivado;1;adj
incestuosas;1;adj
criticados;1;ver
ultrapassados;1;adj
especialização;1;nom
incentivam;1;ver
utilizasse;1;ver
maror;1;nr
suprem;1;ver
ampliam;1;ver
dividia;1;ver
pegarmos;1;ver_sup
julgava;1;ver
aperfeiçoamos;1;nr
protegemos;1;ver
desproteger;1;ver
plantão;1;nom
quisermos;1;ver
contrapor;1;ver
emo;1;nr
doméstico;1;adj
massacra;1;ver
coloniza;1;ver
entraremos;1;ver
idealização;1;nom
salvaguarda;1;nom
extraído;1;ver
consagradas;1;adj
consensual;1;adj
confundida;1;ver
aficcionado;1;nr
pornográficos;1;adj
dolorosa;1;adj
compartido;1;ver
vivíamos;1;ver
compartio;1;nr
retomam;1;ver
violentando;1;ver
distorcendo;1;ver
abusiva;1;adj
afetivas;1;adj
desumanizantes;1;nr
engravidam;1;ver
mordaça;1;nom
interditando;1;ver
barca;1;nom
socia;1;nr
cedade;1;nr
avan;1;nr
vcio;1;nr
blindarmos;1;nr
oess;1;nr
avancemos;1;ver
reboque;1;nom
blindem;1;nr
pornogra;1;nr
garantirão;1;ver
ratificada;1;ver
facultativa;1;adj
constituirá;1;ver
ratificado;1;ver
brin;1;nr
corroborado;1;ver
enalteço;1;nr
cresceram;1;ver
firmemente;1;adv
crito;1;nr
protetivo;1;nr
estimulos;1;nr
generalização;1;nom
travestido;1;nr
macular;1;ver
sacralidade;1;nr
usurpa;1;ver
paira;1;ver
projet;1;nr
ener;1;nr
391;1;num
incidir;1;ver
autenticador;1;nr
cruciais;1;adj
repartia;1;ver
redistribui;1;ver
esculpido;1;ver
alçado;1;ver
salutar;1;adj
decorrerá;1;nom
itria;1;nr
reformulação;1;nom
desigualmente;1;adv
exata;1;adj
juz;1;nr
refletem;1;ver
incrementar;1;ver
mediano;1;adj
atenuação;1;nom
demita;1;ver
harmonicamente;1;adv
aloca;1;ver
operalização;1;nr
aniso;1;nr
censitária;1;adj
vírgula;1;nom
idf;1;nr
fono;1;nr
ressalto;1;ver
taiso;1;nr
instituíram;1;ver
diane;1;nr
ravit;1;nr
preocupassem;1;ver
fralde;1;nr
atenuar;1;ver
atestados;1;adj
diagnosticado;1;ver
quimioterapia;1;nom
adoentado;1;adj
queram;1;nr
subjacente;1;adj
nacionalmente;1;adv
remuneração;1;nom
déb;1;nr
sobrau;1;nr
sobal;1;nr
ranquear;1;nr
daid;1;nr
tarcisio;1;nom
evoluindo;1;ver
parab;1;nr
duvidavam;1;ver
conduir;1;nr
pedagoga;1;nom
zambel;1;nr
lí;1;nr
ldes;1;nr
vener;1;nr
implantada;1;ver
administradas;1;ver
ilícito;1;adj
feder;1;ver
fajado;1;nr
100000;1;num
fraudde;1;nr
sociis;1;nr
econmicas;1;nr
construi;1;ver
coletivamente;1;adv
depositado;1;ver
sonhem;1;ver
silencia;1;ver
carala;1;nr
coberta;1;adj
roxa;1;adj
excessiva;1;adj
pioras;1;ver
atravessadas;1;ver
empobrecidas;1;adj
realizam;1;ver
punem;1;ver
pontuaram;1;ver
revisitado;1;ver
rememorar;1;ver
dae;1;nr
entend;1;nr
sana;1;ver
premiam;1;ver
euor;1;nr
adere;1;ver
ranqueadas;1;nr
identifiquei;1;ver
hoos;1;nr
ão;1;nr
esci;1;nr
rankeadas;1;nr
bonificação;1;nom
atingirem;1;ver
adjuntos;1;adj
316;1;num
medição;1;nom
receb;1;nr
dacol;1;nr
recompensadas;1;ver
remunerados;1;ver
debio;1;nr
quinc;1;nr
tagir;1;nr
implementam;1;ver
falaciosos;1;adj
comparada;1;ver
quadruplicou;1;ver
corporativistas;1;adj
recorrendo;1;ver
piorasse;1;ver
desentendidos;1;ver
deessa;1;nr
ranqueamento;1;nr
precípua;1;adj
qatar;1;nr
botafoguense;1;adj
gabri;1;nr
dialogada;1;ver
avanç;1;nr
licen;1;nr
demis;1;nr
buscada;1;ver
supere;1;ver
boom;1;nom
incentive;1;ver
estruturantes;1;adj
preferia;1;ver
esforçam;1;ver
melhoramos;1;ver
desconsidere;1;ver
aperfeiçoados;1;adj
noman;1;nr
acamado;1;adj
hospitalizado;1;ver
estudarmos;1;ver
enriquece;1;ver
gam;1;nr
marães;1;nr
topariam;1;nr
parer;1;nr
ero;1;ver
muitoa;1;nr
daa;1;nr
disenso;1;nr
matas;1;nom
consens;1;nr
elir;1;nr
tampando;1;ver
reo;1;nr
términ;1;nr
definidamente;1;nr
reimo;1;nr
ptar;1;nr
10583;1;num
fazend;1;nr
pasmem;1;ver
quartas;1;nom
dispomos;1;ver
generalizam;1;ver
suender;1;nr
suspend;1;nr
delol;1;nr
gilvana;1;nr
carl;1;nom
diendo;1;nr
carabal;1;nr
fata;1;nr
estf;1;nr
xir;1;nr
usurpado;1;ver
enfiado;1;ver
exercidos;1;ver
depositaram;1;ver
resistem;1;ver
aas;1;nr
arreios;1;nom
retornaremos;1;ver
desacatado;1;ver
intimidou;1;ver
constado;1;ver
topetudo;1;adj
proibi;1;ver
peitar;1;ver
homenageie;1;ver
muuito;1;nr
esnobando;1;nr
recoi;1;nr
gon;1;nr
talz;1;nr
gudan;1;nr
estilingue;1;nom
mudos;1;adj
grilo;1;nom
resmungar;1;ver
pz;1;nr
barreiras;1;nom
avançam;1;ver
prometa;1;ver
acoragem;1;nr
prevaleçam;1;ver
fantasioso;1;adj
alcanar;1;nr
federala;1;nr
miolo;1;nom
continentais;1;adj
repactuação;1;nr
áa;1;nr
oferecem;1;ver
atla;1;nr
empenhou;1;ver
anexos;1;adj
lógicas;1;adj
chegaremos;1;ver
empurrou;1;ver
reguladas;1;adj
podesse;1;nr
inaugura;1;ver
proveitoso;1;adj
atricon;1;nr
umbilical;1;adj
reservada;1;ver
bmp;1;nr
tc;1;nr
demoramos;1;ver
nutrientes;1;adj
colaborativamente;1;nr
regularidade;1;nom
licitatórios;1;nr
fixava;1;ver
ararira;1;nr
epidérmico;1;adj
batida;1;nom
dormitório;1;nom
deficiências;1;nom
idem;1;art_def
vinculações;1;nom
estimados;1;ver
lateralmente;1;adv
inquietudes;1;nom
tarda;1;ver
biis;1;nr
relacion;1;nr
microdados;1;nr
emitimos;1;ver
oxalá;1;nom
lgpd;1;nr
trica;1;nom
dialógica;1;adj
construtiva;1;adj
jurista;1;nom
badalo;1;nom
anismos;1;nr
descumprir;1;ver
p45;1;nr
equalização;1;nom
fragilizar;1;ver
asos;1;nr
retomem;1;ver
assentos;1;nom
panelistas;1;nr
salma;1;nr
apresent;1;nr
painelistas;1;nr
figal;1;nr
exet;1;nr
albim;1;nr
subsidiem;1;ver
optativa;1;adj
pnad;1;nr
turmas;1;nom
brinquedos;1;nom
resumido;1;adj
incluída;1;ver
iis;1;nr
graduados;1;adj
rediscutido;1;ver
pna;1;nr
reescrita;1;ver
intermediárias;1;adj
cré;1;nr
inscritas;1;adj
universalizado;1;ver
finos;1;adj
focalizados;1;ver
focalizada;1;ver
aferir;1;ver
interações;1;nom
constru;1;nr
deos;1;nr
descritivos;1;adj
carar;1;nr
encobrindo;1;ver
subetapas;1;nr
soutto;1;nr
gal;1;nr
longitudinais;1;adj
empregabilidade;1;nom
intergen;1;nr
betização;1;nr
longitudinal;1;adj
disléxico;1;adj
probabilidade;1;nom
largaram;1;ver
patinando;1;ver
infati;1;nr
priorizada;1;nr
salientava;1;ver
reading;1;nr
penel;1;nr
obtenham;1;ver
adquiram;1;ver
precursores;1;nom
adquira;1;ver
separados;1;adj
estimulação;1;nom
decodificar;1;nr
automáticos;1;adj
prosódia;1;nom
dicção;1;nom
aender;1;nr
retirei;1;ver
iaa;1;nr
pervs;1;nr
confundido;1;adj
aderimos;1;ver
adesões;1;nom
ocorrem;1;ver
afé;1;nr
testual;1;nr
requeridas;1;adj
exigente;1;adj
ocupe;1;ver
inferências;1;nom
figurava;1;ver
localiza;1;ver
prévios;1;adj
audaciosas;1;adj
cognitivos;1;adj
aderiu;1;ver
godói;1;nr
rabelo;1;nom
aferição;1;nom
rab;1;nr
p5;1;nr
nomenclatura;1;nom
implementando;1;ver
pseud;1;nr
monossilábicas;1;adj
fonêmica;1;adj
traçar;1;ver
terezinha;1;nom
agraciado;1;ver
arc;1;nr
implementei;1;ver
aprendiam;1;ver
estruturado;1;adj
ambiciosas;1;adj
decorram;1;nom
apropriar;1;ver
robusto;1;adj
depurar;1;ver
debateram;1;ver
fecundo;1;adj
calibrosos;1;nr
assistem;1;ver
avisem;1;ver
decenal;1;adj
reflexões;1;nom
2614;1;num
decênio;1;nom
pnx;1;nr
anuário;1;nom
pinag;1;nr
endereçados;1;ver
reforçada;1;ver
quetinho;1;nr
atingiremos;1;ver
pade;1;nr
recortes;1;nom
quins;1;nr
atingimento;1;nr
mensuradas;1;ver
desdobradas;1;adj
252;1;num
propostos;1;adj
crest;1;nr
1c;1;nr
queam;1;nr
especif;1;nr
5500;1;num
heterogeneidade;1;nom
relembrando;1;ver
racia;1;nr
negava;1;ver
monoparentalidade;1;nr
ofera;1;nr
quantificadas;1;ver
monitoradas;1;nr
indic;1;nr
diagnosticar;1;ver
2b;1;nr
ambição;1;nom
execu;1;nr
abilidade;1;nr
equilibrem;1;ver
opne;1;nr
colaborando;1;ver
albeto;1;nr
tempa;1;nr
onesco;1;nr
aproveitadas;1;ver
atil;1;nr
aira;1;ver
daação;1;nr
pretolina;1;nr
bezerros;1;nom
terzine;1;nr
alfabeti;1;nr
pcas;1;nr
preparatórias;1;adj
transmitiam;1;ver
milos;1;nr
tradicionalmente;1;adv
contação;1;nr
surgiam;1;ver
contos;1;nom
fada;1;nom
fantasiosas;1;adj
gartes;1;nr
crescera;1;ver
guinha;1;nr
adulo;1;ver
moness;1;nr
intuições;1;nom
preparamos;1;ver
gart;1;nr
jardin;1;nr
pn;1;nr
fundantes;1;nr
condicionar;1;ver
limitada;1;adj
irrecuperáveis;1;adj
perinatal;1;nr
repercutir;1;ver
listadas;1;ver
previsibilidade;1;nom
mediu;1;ver
emch;1;nr
marginalizados;1;ver
naturezas;1;nom
bril;1;nr
parentais;1;adj
causamos;1;ver
aração;1;nom
mancheia;1;nr
sava;1;nr
sandia;1;adj
sublinhar;1;ver
beja;1;nr
comummente;1;adv
exacerba;1;ver
estalada;1;ver
piolho;1;ver
altísima;1;nr
focalizar;1;ver
araújo;1;nom
executivas;1;adj
lidos;1;ver
conversados;1;adj
emprestados;1;ver
inato;1;adj
poras;1;nr
aind;1;nr
metalinguagem;1;nom
rimas;1;nom
pecularidades;1;nr
kindergarten;1;nr
modulo;1;adj
psc;1;nr
organizo;1;ver
lúdica;1;adj
descrença;1;nom
liquidar;1;ver
met;1;nr
longevidade;1;nom
carimbado;1;adj
niss;1;nr
operadores;1;nom
crx;1;nr
socializar;1;ver
cuidad;1;nr
sicília;1;nom
gou;1;nr
a3;1;nr
alternativos;1;adj
repensado;1;ver
propedêutico;1;adj
analfabetização;1;nr
escrit;1;nr
86;1;num
jard;1;nr
explorar;1;ver
aimor;1;nr
aunidade;1;nr
ppo;1;nr
ufrj;1;nr
descreo;1;nr
nuta;1;ver
elaborando;1;ver
conais;1;nr
produzidas;1;ver
alterou;1;ver
apagada;1;adj
ideol;1;nr
lg;1;nr
flagrantes;1;adj
desconfiança;1;nom
warnes;1;nr
descumprimento;1;nom
invisibilizado;1;nr
ficassem;1;ver
trazidas;1;ver
peruano;1;adj
fartamente;1;adv
documentado;1;ver
tipicamente;1;adv
cma;1;nr
robotização;1;nom
despr;1;nr
pamos;1;nr
nes;1;nom_sup
valesse;1;ver
rápidamente;1;nr
confluência;1;nom
ortográfica;1;adj
laração;1;nr
milênios;1;nom
diversificar;1;ver
primarismo;1;nr
amadorismo;1;nom
amostrar;1;ver
alzar;1;nr
pns;1;nr
contemplamos;1;ver
destacados;1;ver
contemplei;1;ver
figuravam;1;ver
incluam;1;ver
recebessem;1;ver
politécnico;1;adj
didática;1;adj
acelerarem;1;ver
sensitivos;1;adj
apostar;1;ver
mencionadas;1;adj
intersetoriais;1;nr
residem;1;ver
procurarem;1;ver
endereçar;1;ver
testezinho;1;nr
alfabetizarem;1;nr
alfabetizando;1;ver
letrada;1;adj
startar;1;nr
lúdicas;1;adj
pitman;1;nr
moneda;1;nr
anim;1;nr
vorada;1;nr
pezinho;1;nom
bolson;1;nr
dilm;1;nr
indiciados;1;ver
zinhas;1;nr
auditar;1;nr
pesto;1;nr
2010;1;num
algori;1;nr
competiu;1;ver
recontagem;1;nom
carry;1;nr
ohio;1;nom
alegaram;1;ver
hillary;1;nom
clinton;1;nom
interferido;1;ver
redigir;1;ver
surtirá;1;ver
sondado;1;ver
consultou;1;ver
vilas;1;nom
ixe;1;nr
valdo;1;nom
gri;1;nr
galerias;1;nom
rep;1;nr
foragido;1;adj
simulou;1;ver
danar;1;ver
encenar;1;ver
prenderem;1;ver
presidenciável;1;adj
numericamente;1;adv
surtir;1;ver
parks;1;nr
cabeleira;1;nom
desfez;1;ver
cabeleeleira;1;nr
eliene;1;nr
incentivado;1;ver
balconista;1;nom
beltrão;1;nom
rastreamento;1;nom
diedel;1;nr
r1;1;nr
carmen;1;nr
anistou;1;nr
manifestante;1;nom
anichear;1;nr
palhaços;1;nom
venerar;1;ver
bados;1;nr
bolou;1;ver
naia;1;nr
assaltavam;1;ver
pegavam;1;ver_sup
desmandam;1;ver
assaltos;1;nom
imp;1;nr
combateu;1;ver
cruzeirense;1;adj
atleticano;1;adj
aspr;1;nr
semáforo;1;nom
mapeamos;1;nr
upas;1;nom
lentidão;1;nom
agendamentos;1;nr
potencializa;1;ver
abaixado;1;adj
lixeiras;1;nom
pampulha;1;nom
fungada;1;nr
horizontinos;1;nr
poad;1;nr
ribanceira;1;nom
livian;1;nr
agido;1;ver
estrupos;1;nr
raten;1;nr
sg;1;nr
deis;1;ver
194;1;num
viaturas;1;nom
fuas;1;nr
sobrava;1;ver
milh;1;nr
lasca;1;nom
blindagens;1;nom
polir;1;ver
rigorosa;1;adj
desonrar;1;ver
702;1;num
estup;1;nr
largamos;1;ver
desonra;1;nom
emp;1;nr
viatura;1;nom
amamento;1;ver
buquer;1;nr
foguetório;1;nom
abismado;1;ver
fuzilada;1;ver
progressão;1;nom
erdou;1;nr
suspensor;1;nr
atacava;1;ver
impon;1;nr
próxim;1;nr
performou;1;nr
apurei;1;ver
voad;1;nr
suspensório;1;nom
rachado;1;adj
enquando;1;nr
riachuelo;1;nom
cero;1;ver
sed;1;nr
stoque;1;nr
oad;1;nr
atacavam;1;ver
secretariado;1;nom
taxade;1;nr
sares;1;ver
plim;1;nr
litoral;1;nom
tragas;1;ver
desaparecida;1;adj
trilhado;1;ver
abrido;1;nr
park;1;nr
cidadães;1;nr
poverty;1;nr
comate;1;nr
fesal;1;nr
orgulhosa;1;adj
poliglota;1;adj
mer;1;nr
festinhas;1;nom
festinha;1;nom
chilique;1;nom
festival;1;nom
janj;1;nr
reclamada;1;ver
catão;1;nr
machistas;1;adj
formalizando;1;ver
desjo;1;nr
acessores;1;nr
prisila;1;nr
calaf;1;nr
849;1;num
etnografia;1;nom
naturalidade;1;nom
custaria;1;ver
marisa;1;nom
irresponsabilidade;1;nom
empreiteiras;1;nom
vazasse;1;ver
faladas;1;ver
indefinidos;1;adj
instalou;1;ver
generalize;1;ver
indecisos;1;adj
benê;1;nr
camacho;1;nom
irajá;1;nr
mara;1;nom
gabril;1;nr
margarete;1;nom
buzet;1;nr
petecão;1;nr
zenaide;1;nr
caç;1;nr
lutará;1;ver
fixos;1;adj
saibamos;1;ver_sup
reverteu;1;ver
mentido;1;ver
vpn;1;nr
gmar;1;nr
cleptocracia;1;nr
propuseram;1;ver
torga;1;nom
asseguraremos;1;nr
plenários;1;nom
timar;1;nr
secada;1;ver
lucrando;1;ver
pavimentados;1;ver
frid;1;nr
desfavorecidas;1;adj
indesejada;1;adj
levi;1;nom
mear;1;ver
compad;1;nr
vocêé;1;nr
órfãos;1;adj
alexandro;1;nom
usavam;1;ver_sup
tonos;1;nom
saqueou;1;ver
desprezaram;1;ver
rachadinho;1;nr
coros;1;nom
teser;1;nr
batiste;1;nr
vermelhinho;1;adj
gravíssimos;1;adj
noticiou;1;ver
desfac;1;nr
charges;1;nom
punched;1;nr
punching;1;nr
beat;1;nr
hell;1;nr
wish;1;nr
tonight;1;nr
actor;1;nom
assassinated;1;nr
polite;1;nr
peaceful;1;nr
dese;1;nr
tantoo;1;nr
sobrasse;1;ver
querozene;1;nr
peg;1;nr
golpear;1;ver
cravar;1;ver
staged;1;nr
autônomas;1;adj
independentes;1;adj
maide;1;nr
gogumelo;1;nr
venenoso;1;adj
gumelo;1;nr
potencializado;1;ver
inquerito;1;nr
malsetung;1;nr
inventado;1;ver
mico;1;nom
esquea;1;nr
boxeadora;1;nom
casaco;1;nom
iba;1;nr
cromossomo;1;nom
pairou;1;ver
intercional;1;nr
lutadoras;1;nom
controvérsia;1;nom
desclassificação;1;nom
arbitral;1;adj
argelino;1;adj
itauã;1;nr
divulgasse;1;ver
dopor;1;nr
desclassificado;1;adj
taxistas;1;nom
couves;1;nom
joanes;1;nr
filipos;1;nr
obstet;1;nr
mé;1;nr
queensland;1;nr
grover;1;nr
argumentei;1;ver
aana;1;nr
mun;1;nr
estraçalhou;1;ver
telfer;1;nr
390;1;num
esquerra;1;nr
óvulos;1;nom
espermatozoide;1;nr
possuí;1;ver
rightly;1;nr
statement;1;nr
spectrum;1;nr
knows;1;nr
desclassificam;1;nr
san;1;nr
fox;1;nr
estatisticamente;1;adv
deixaa;1;nr
emburrecidos;1;nr
instruídas;1;adj
restou;1;ver
desclassifica;1;ver
segor;1;nr
correrias;1;nom
explanados;1;ver
adoraremos;1;nr
danel;1;nr
quedas;1;nom
assemblei;1;nr
filh;1;nr
custoso;1;adj
nickzinho;1;nr
bolinando;1;nr
lapidou;1;adj
batera;1;ver
abrangente;1;adj
inusitados;1;adj
mú;1;nr
precursor;1;nom
práticos;1;adj
jejuns;1;nom
cutelo;1;nom
desru;1;nr
ução;1;nr
renunciou;1;ver
adoram;1;ver
corinhos;1;nom
levitas;1;nom
entoando;1;ver
venciam;1;ver
profeticamente;1;adv
herm;1;nr
desconstruídos;1;ver
renunciarmos;1;nr
obedeça;1;ver
chacoalhar;1;ver
bíbia;1;nr
eclesiásticas;1;adj
oel;1;nr
afinado;1;ver
ih;1;ono
afino;1;ver
estremecer;1;ver
seta;1;nom
honramos;1;ver
vinhedo;1;nom
corin;1;nr
gostão;1;nr
apresença;1;nr
sofridos;1;ver
catana;1;nom
caco;1;nom
tristez;1;nr
geraremos;1;nr
maranata;1;nr
vert;1;nr
danço;1;ver
tuo;1;nr
quia;1;nr
exilada;1;ver
óf;1;nr
degrau;1;nom
desafia;1;ver
província;1;nom
pranto;1;nom
deitavam;1;ver
apresentá;1;nr
punível;1;adj
passível;1;adj
pereci;1;nr
trages;1;ver
trajes;1;nom
representaram;1;ver
bíbl;1;nr
aram;1;ver
revestindo;1;ver
acabara;1;ver
reium;1;nr
achega;1;ver
cruza;1;ver
clamasse;1;ver
invoca;1;ver
cativeiros;1;nom
pinte;1;ver
aguçar;1;ver
encabeçando;1;ver
acessam;1;nr
salvarão;1;ver
libertarão;1;ver
proclamação;1;nom
impactada;1;ver
semeado;1;ver
dormirem;1;ver
sortear;1;ver
apo;1;adj
sumiu;1;ver
superává;1;nr
icms;1;nr
combustíveis;1;nom
artificialmente;1;adv
bios;1;nr
deveu;1;nom
depenaram;1;nr
superá;1;nr
estadista;1;nom
faler;1;nr
bigtechs;1;nr
correram;1;ver
apareçam;1;ver
elegantemente;1;adv
menum;1;nr
rado;1;nr
beles;1;nr
pequen;1;nr
belino;1;nr
bilsk;1;nr
caando;1;nr
licros;1;nr
belíci;1;nr
apequenando;1;nr
palhação;1;nr
bilí;1;nr
rauli;1;nr
imos;1;ver_sup
torre;1;nom
galinhas;1;nom
bacanérrimo;1;nr
lançarei;1;ver
kriger;1;nr
falais;1;ver
espí;1;nr
ahã;1;nr
redundante;1;adj
quebrantar;1;ver
encurtar;1;ver
iones;1;nr
ativados;1;ver
neida;1;nr
desenterrar;1;ver
desenterra;1;ver
apitar;1;ver
loteador;1;nom
balizador;1;adj
piedosa;1;adj
influenciasse;1;ver
exen;1;nr
abusou;1;ver
abraçasse;1;ver
sinedrio;1;nr
sgic;1;nr
espantaram;1;ver
iletrados;1;adj
inegáveis;1;adj
incontestáveis;1;adj
fundados;1;adj
propagados;1;ver
evangelo;1;nr
seess;1;nr
lios;1;nr
frisado;1;adj
olhasse;1;nom
tir;1;nr
cavalho;1;nr
quint;1;nr
2032;1;num
inserido;1;ver
reinventar;1;ver
arado;1;nom
arando;1;ver
pântano;1;nom
murchar;1;ver
edificados;1;ver
encorajados;1;ver
jorn;1;nr
reduza;1;ver
cruzeiros;1;nom
milionárias;1;adj
populistas;1;adj
demitem;1;ver
informalidade;1;nom
irresponsáveis;1;adj
faç;1;nr
pitadas;1;nom
compradas;1;ver
alastra;1;ver
gotinha;1;nom
tiktokers;1;nr
destruidora;1;nom
lixou;1;nr
deação;1;nr
esquer;1;nr
encarou;1;ver
glaube;1;nr
emitido;1;ver
malades;1;nr
lagostas;1;nom
132;1;num
arrecadados;1;ver
virtuosos;1;adj
ptu;1;nr
ss;1;nr
encarecendo;1;ver
exaustiva;1;adj
sobreviva;1;adj
gradativamente;1;adv
suga;1;ver
traidora;1;nom
fortunas;1;nom
esdrúxulas;1;adj
esbarrar;1;ver
desonerar;1;ver
acabarem;1;ver
fantasiosa;1;adj
751;1;num
nuances;1;ver
demonstro;1;ver
interditado;1;ver
leopoldo;1;nom
moret;1;nr
pastoreada;1;ver
adol;1;nr
augusta;1;nom
rwt;1;nr
catuaba;1;nom
akash;1;nr
portel;1;nr
comar;1;nr
bebar;1;nr
orasse;1;ver
arregaçar;1;ver
mangas;1;nom
gustos;1;nr
amarrados;1;ver
coxos;1;adj
multiplicam;1;ver
importants;1;nr
comparo;1;ver
espu;1;nr
aproveitemos;1;ver
nomear;1;ver
nomeasse;1;ver
identifiquem;1;ver
dames;1;nr
nado;1;nom
supro;1;ver
dedicarmos;1;ver
intercessões;1;nom
falus;1;nr
confiarmos;1;ver
apegarmos;1;ver
enxaqueca;1;nom
puxasse;1;ver
exede;1;nr
firmados;1;adj
dams;1;nr
meas;1;nr
pos;1;nr
perecido;1;ver
inauguração;1;nom
nte;1;nr
minação;1;nr
pessoase;1;nr
enfoque;1;nom
pron;1;nr
amadurecido;1;ver
aprimorado;1;adj
gesun;1;nr
devastado;1;adj
sabios;1;nr
odres;1;nom
avivado;1;adj
timótio;1;nr
ansiar;1;ver
lotamos;1;nr
horar;1;nr
espito;1;nr
daques;1;nr
perseg;1;nr
deuser;1;nr
seme;1;nr
tn;1;nr
evangelos;1;nr
falea;1;nr
introna;1;nr
expar;1;nr
metódica;1;adj
amria;1;nr
caas;1;nr
fidelizar;1;ver
todda;1;nr
teele;1;nr
júbilos;1;nom
aça;1;adj
enxer;1;nr
meer;1;nr
revestida;1;adj
mund;1;nr
parenta;1;nom
meade;1;nr
anunci;1;nr
engrandecemos;1;nr
ree;1;nr
porus;1;nr
rilho;1;nr
euu;1;nr
incial;1;nr
ncial;1;nr
suação;1;nr
fma;1;nr
derram;1;nr
benar;1;nr
velinha;1;nom
acendendo;1;ver
envolventes;1;adj
mistão;1;nr
tranquilas;1;adj
antecedendo;1;ver
neicha;1;nr
quat;1;nr
hemisférios;1;nom
geográfica;1;adj
arrependermos;1;ver
dividimos;1;ver
eels;1;nr
peados;1;nr
temoso;1;nr
peado;1;nr
cometidas;1;ver
palra;1;ver
entristecimento;1;nr
aprisionada;1;ver
enviaremos;1;ver
arrep;1;nr
erança;1;nr
cumprirás;1;nr
pazar;1;nr
sergipe;1;nom
amapá;1;nom
mencionamos;1;ver
particularidade;1;nom
resplandeça;1;ver
quandoo;1;nr
itivo;1;nr
deada;1;nr
supremas;1;adj
lal;1;nr
queessa;1;nr
penetrante;1;adj
gumes;1;nom
capacite;1;ver
renove;1;ver
ine;1;nr
osando;1;nr
constrangê;1;nr
conduzidas;1;ver
vemha;1;nr
ousam;1;ver
lngua;1;nr
verdadeiras;1;adj_sup
revigorar;1;ver
cort;1;nr
joelha;1;nr
deav;1;nr
visitante;1;nom
agorao;1;nr
coraç;1;nr
aperfeiçoe;1;ver
seque;1;ver
fortalecê;1;nr
entristecidos;1;ver
nomem;1;nr
melhoris;1;nr
repúblicas;1;nom
desça;1;ver
estatus;1;nr
ômega;1;nom
naor;1;nr
nao;1;nr
frutíferos;1;adj
multiplicador;1;nom
aliã;1;nr
destituir;1;ver
opere;1;ver
capinado;1;ver
suprimento;1;nom
vendemos;1;ver
háo;1;nr
imtal;1;nr
revemos;1;ver
enfrentará;1;ver
amelu;1;nr
lascados;1;ver
bianca;1;nom
nov;1;nr
amburgo;1;nr
chia;1;ver
uruará;1;nr
floripa;1;nr
macatuba;1;nr
purificado;1;ver
retenhamos;1;nr
divinos;1;adj
pmas;1;nr
preparatória;1;adj
simp;1;nr
fundamentar;1;ver
incomodava;1;ver
aceb;1;nr
unem;1;ver
944;1;num
tcd;1;nr
cabem;1;ver
sinergia;1;nom
exercitando;1;ver
capm;1;nr
ralph;1;nom
1996;1;num
viendo;1;nr
podeis;1;ver_sup
superficiais;1;adj
sociólogos;1;nom
dilema;1;nom
ceifada;1;ver
tiroteios;1;nom
adrenalina;1;nom
temm;1;nr
desunidos;1;ver
vacilando;1;ver
procrastinando;1;ver
timento;1;nr
gibson;1;nom
descobrimento;1;nom
convertermos;1;ver
flaelson;1;nr
taíssa;1;nr
ziane;1;nr
impactam;1;ver
livrado;1;ver
responderem;1;ver
respondiam;1;ver
arrependiam;1;ver
deixá;1;nr
inexorável;1;adj
conhecero;1;nr
marene;1;nr
melhorei;1;ver
doentinha;1;nr
7000;1;num
identificarmos;1;ver
abranja;1;ver
globalidade;1;nom
autoconsistente;1;nr
chioso;1;nr
bezinha;1;nr
defeituoso;1;adj
esforçaram;1;ver
miser;1;nr
ór;1;nr
obedecê;1;nr
pouquinha;1;nr
engolfa;1;ver
torá;1;nr
envelhece;1;ver
minu;1;nr
sócrates;1;nom
candia;1;ver
laço;1;nom
passarinheiro;1;nom
aborrecida;1;adj
ombro;1;nom
brava;1;adj
margarida;1;nom
amadinha;1;adj
casalzinho;1;nom
coxo;1;adj
reiro;1;nr
disfrutam;1;ver
desçam;1;ver
suavemente;1;adv
primavera;1;nom
sorria;1;ver
assente;1;adj
safadinha;1;nom
samaritana;1;nom
afeitos;1;ver
entando;1;nr
sitiozinho;1;nr
pernear;1;nr
enfeitar;1;ver
arquiteta;1;ver
aqua;1;nr
areira;1;nr
chequin;1;nr
descida;1;nom
batente;1;nom
viel;1;nr
paranaense;1;adj
malene;1;nr
retribuir;1;ver
perdoá;1;nr
ofendem;1;ver
jud;1;nr
sintamos;1;ver
defeituosas;1;adj
reconstruído;1;ver
agradecidos;1;adj
decisivos;1;adj
abandones;1;ver
doador;1;nom
hóspede;1;nom
labor;1;nom
goo;1;nr
aragem;1;nom
lavai;1;ver
regai;1;nr
curai;1;ver
envergar;1;ver
río;1;nr
frígido;1;adj
peren;1;nr
convento;1;nom
recitar;1;ver
ofenderte;1;nr
verte;1;ver
esperasse;1;ver
quisera;1;ver
amó;1;nr
comin;1;nr
martini;1;nom
sequências;1;nom
descredibilidade;1;nr
neutralizado;1;ver
ltin;1;nr
dissei;1;nr
significaria;1;ver
elei;1;ver
geopolítico;1;adj
shengjin;1;nr
joe;1;nr
nacionalismo;1;nom
fortuito;1;adj
crucificadas;1;adj
malfeitores;1;nom
crucificados;1;adj
blasfemava;1;ver
incrédulo;1;adj
caquético;1;adj
enfraquecido;1;adj
vitimizar;1;nr
confessamos;1;ver
entrares;1;ver
estarás;1;ver_sup
confessam;1;ver
creu;1;ver
duvidou;1;ver
unigênito;1;adj
aclamado;1;adj
ovacionado;1;ver
resistindo;1;ver
judaico;1;adj
bradar;1;ver
gran;1;nr
ungidos;1;adj
beço;1;nr
duvidam;1;ver
presunçosas;1;adj
blasfemas;1;adj
afastai;1;ver
pipen;1;nr
fábula;1;nom
oratório;1;nom
tito;1;nom
escapista;1;nr
huguenotes;1;nr
errais;1;nr
conheceis;1;ver
stott;1;nr
primitiva;1;adj
decaptado;1;nr
domiciano;1;nom
atroz;1;adj
viest;1;nr
evangelização;1;nom
velador;1;nom
brilhe;1;ver
vasos;1;nom
rasgamos;1;ver
moloque;1;nr
cobrem;1;ver
nasa;1;nr
ganharei;1;ver
evapora;1;ver
edécio;1;nr
atendi;1;ver
preferível;1;adj
esseo;1;nr
produzirão;1;ver
potencializará;1;ver
desfavoráveis;1;adj
embutido;1;adj
imediatista;1;adj
minta;1;ver
áveis;1;nr
paes;1;nom
boxeador;1;nom
bagunçado;1;adj
bagunceira;1;adj
pês;1;nr
consegir;1;nr
interagem;1;ver
pontinhos;1;nom
imaginávamos;1;ver
padronizado;1;ver
mandaria;1;ver
personalizada;1;adj
creiam;1;ver
atrasar;1;ver
viríamos;1;nr
psíquica;1;adj
dissermos;1;ver_sup
complet;1;nr
missional;1;nr
dizend;1;nr
solos;1;nom
férteis;1;adj
lum;1;nr
durará;1;ver
aparecerem;1;ver
renovos;1;nom
juntarem;1;ver
vestires;1;nr
bodes;1;nom
cabras;1;nom
lume;1;nom
itabira;1;nom
aías;1;nr
digitação;1;nom
corretor;1;nom
hr;1;nr
conectarem;1;ver
fech;1;nr
deusch;1;nr
micone;1;nr
dee;1;nr
ável;1;nr
soui;1;nr
viber;1;nr
ricad;1;nr
oitu;1;nr
alleluia;1;nr
presenç;1;nr
mhe;1;nr
pagarei;1;ver
alabastro;1;nom
nardo;1;nr
aluma;1;nr
adiando;1;ver
postergando;1;ver
desestimulados;1;nr
aclarar;1;ver
acorde;1;adj
juntasse;1;ver
finas;1;adj
mercante;1;nom
mantimento;1;nom
examina;1;ver
cinge;1;ver
furo;1;nom
roca;1;nom
escarlate;1;adj
púrpura;1;nom
anciãos;1;nom
cintas;1;nom
aventurada;1;ver
enganosa;1;adj
louvada;1;ver
louvem;1;ver
empreende;1;ver
funcionárias;1;nom
delegar;1;ver
abaixem;1;ver
aquisições;1;nom
florença;1;nom
desenhou;1;ver
maldivas;1;nom
notável;1;adj
tard;1;nr
obeso;1;adj
redobrar;1;ver
destrutiva;1;adj
protetor;1;adj
deseg;1;nr
grada;1;nom
seios;1;nom
amentar;1;ver
zumbi;1;nom
dolorosos;1;adj
santificar;1;ver
iada;1;nr
hedonista;1;adj
atalhos;1;nom
sujeitem;1;ver
submetam;1;ver
depreciação;1;nom
glorificam;1;ver
parta;1;adj
abar;1;ver
posici;1;nr
arrumadinho;1;adj
desfruta;1;ver
pentecoste;1;nom
combinação;1;nom
bisavô;1;nom
bisnetos;1;nom
pressi;1;nr
indistintamente;1;adv
constituído;1;ver
subserviente;1;adj
submisso;1;adj
empenhos;1;nom
estigma;1;nom
subserviência;1;nom
pastoreio;1;nom
stress;1;nom
formatura;1;nom
berlânia;1;nr
formandos;1;nom
truncada;1;adj
linchado;1;ver
testemunharam;1;ver
engajei;1;nr
recortada;1;adj
pastorear;1;ver
afeito;1;adj
reconciliar;1;ver
ocupavam;1;ver
insistia;1;ver
arrependamos;1;nr
oferecermos;1;ver
continuarmos;1;ver
entreguem;1;ver
conheçamos;1;ver
atribuamos;1;ver
singelo;1;adj
nias;1;nr
arrendada;1;ver
vocacion;1;nr
comportam;1;ver
arrendados;1;adj
alugados;1;ver
verd;1;nr
desígnios;1;nom
reconciliados;1;adj
expresso;1;adj
despojados;1;ver
espúrio;1;adj
habitante;1;nom
forasteiro;1;nom
revelando;1;ver
visado;1;ver
potencializados;1;ver
aflorados;1;ver
cirúrgica;1;adj
comprometendo;1;ver
afeições;1;nom
paranoá;1;nom
canasta;1;nom
derrotando;1;ver
escrav;1;nr
junos;1;nr
tegevara;1;nr
caados;1;nr
fuzilamento;1;nom
songa;1;nr
monga;1;nr
pavimentar;1;ver
despreparado;1;adj
delongando;1;nr
olafo;1;nr
bowlos;1;nr
recusei;1;ver
amaré;1;nr
dominante;1;adj
aliciada;1;ver
jargões;1;nom
midiáticos;1;nr
obandro;1;nr
wi;1;nr
esmeralda;1;nom
tado;1;nr
4500;1;num
jejuam;1;ver
jejun;1;nr
qua;1;nr
acamados;1;adj
muitoe;1;nr
arapuca;1;nom
adorassem;1;ver
sfas;1;nr
martirizada;1;ver
arrisco;1;ver
quebrantada;1;ver
patentes;1;nom
selado;1;adj
pareçam;1;nom
daril;1;nr
seladas;1;adj
regenerativo;1;adj
estraçalhar;1;ver
retalhar;1;ver
donosor;1;nr
manjares;1;nom
necessito;1;ver
coperam;1;nr
boite;1;nr
simboliza;1;ver
seit;1;nr
rxi;1;nr
júnia;1;nr
natália;1;nom
gerarem;1;ver
viéssemos;1;nr
corria;1;ver
430;1;num
transformaria;1;ver
conduziria;1;ver
assistente;1;nom
espiar;1;ver
anote;1;ver
perceb;1;nr
desperdiça;1;ver
jordão;1;nom
empreendeu;1;ver
primogenitura;1;nom
acenar;1;ver
desconsideram;1;ver
pagaram;1;ver
liderava;1;ver
prosperarão;1;ver
destravados;1;ver
méca;1;nr
prósperos;1;adj
desanimes;1;ver
sehu;1;nr
relembrá;1;nr
fictícia;1;adj
casulo;1;nom
bobole;1;nr
suposição;1;nom
decimais;1;adj
mudava;1;ver
promissor;1;adj
bolas;1;nom
atrasa;1;ver
negligenciado;1;ver
indis;1;nr
evangelística;1;nr
gratamente;1;adv
sorri;1;ver
reparou;1;ver
sapatênis;1;nr
cambon;1;nr
criticaram;1;ver
impactaram;1;ver
enquant;1;nr
traída;1;ver
ribeira;1;nom
fito;1;adj
galegão;1;nr
azuis;1;nom
segurem;1;ver
preservá;1;nr
juramento;1;nom
diio;1;nr
alterarem;1;ver
mudarem;1;ver
soltei;1;ver
anata;1;ver
vacite;1;nr
geneológica;1;nr
euv;1;nr
inigualável;1;adj
opressora;1;adj
ecoa;1;ver
cascatas;1;nom
borboletas;1;nom
impossibilitou;1;ver
sra;1;nr
ímpar;1;adj
itape;1;nr
vozona;1;nr
acamar;1;ver
dasas;1;nr
jargão;1;nom
convidá;1;nr
degustava;1;nr
desacreditando;1;ver
acomodado;1;adj
adentraram;1;ver
assistam;1;ver
semblante;1;nom
nemias;1;nr
decara;1;nr
daá;1;nr
neem;1;nr
neemia;1;nr
reconstru;1;nr
essav;1;nr
elmin;1;nr
derribado;1;adj
desconhecidas;1;adj
sambal;1;nr
fortificam;1;ver
reção;1;nr
trino;1;adj
tas;1;pro_per
execut;1;nr
nanta;1;nr
ativador;1;adj
sairemos;1;ver
ordenada;1;adj
ordenanças;1;nom
fervor;1;nom
sin;1;nr
porel;1;nr
jc;1;nr
malá;1;nr
desânimos;1;nom
mandeira;1;nr
solicitações;1;nom
declaradas;1;ver
pensai;1;ver
aprendestes;1;ver
ouvistes;1;ver
vistes;1;ver_sup
dás;1;ver
louvai;1;ver
sabará;1;nom
ajoelhadas;1;adj
chascar;1;nr
bertell;1;nr
prostro;1;ver
ajoelhados;1;adj
atravessamos;1;ver
cadeinha;1;nr
soberanias;1;nom
agrado;1;nom
habitasse;1;ver
reconciliasse;1;ver
rondonópolis;1;nom
desvendados;1;ver
carruagem;1;nom
assassinos;1;nom
jos;1;nr
punhado;1;nom
víamos;1;ver_sup
churascaria;1;nr
radiografia;1;nom
dlb;1;nr
respirada;1;ver
desarma;1;ver
hra;1;nr
noiv;1;nr
piscadinha;1;nr
cutuquei;1;ver
marchando;1;ver
nicolo;1;nr
doi;1;nr
2633;1;num
bertel;1;nr
religão;1;nr
estrupada;1;nr
xingam;1;ver
raivosa;1;adj
esboçado;1;ver
guiasse;1;ver
abomino;1;ver
mayer;1;nom
sé;1;nom
ventou;1;ver
recomeçou;1;ver
iluminada;1;adj
doep;1;nr
empresárias;1;nom
efat;1;nr
seos;1;nr
transportamos;1;ver
escorei;1;nr
recuei;1;ver
elar;1;ver
clov;1;nr
1962;1;num
santina;1;nom
criaturas;1;nom
possu;1;nr
renuncio;1;ver
selar;1;ver
nasçam;1;nom
curarão;1;nr
maisos;1;nr
esperais;1;ver
culos;1;nr
ocultos;1;adj
organize;1;ver
carregá;1;nr
sexualmente;1;adv
traumatizadas;1;ver
cegueiras;1;nom
possemos;1;nr
incomodá;1;nr
inexprimíveis;1;adj
finalizarmos;1;nr
liberam;1;ver
cedeu;1;ver
joãozinho;1;nom
arrastando;1;ver
natel;1;nr
mó;1;nom
zilda;1;nom
genos;1;nr
vid;1;nr
cancelamos;1;ver
judar;1;nr
camboriu;1;nr
abado;1;ver
livr;1;nr
tos;1;pro_per
gravatá;1;nom
dav;1;nr
salvará;1;ver
devorar;1;ver
abrasados;1;ver
lanchas;1;nom
lanças;1;nom
abatida;1;adj
cavaram;1;ver
salmodiarei;1;nr
aaúde;1;nr
despertarei;1;nr
alva;1;adj
imaculada;1;adj
curvará;1;ver
cosmópolis;1;nom
deara;1;nr
boem;1;nr
bliders;1;nr
prer;1;nr
toco;1;nom
lidada;1;ver
claroo;1;nr
conectadas;1;ver
geracionais;1;adj
experimentaremos;1;ver
batizar;1;ver
cumpriremos;1;nr
batiza;1;ver
kyan;1;nr
osia;1;nr
espír;1;nr
separamos;1;ver
seudo;1;nr
vencerá;1;ver
salado;1;nr
mceu;1;nr
esto;1;nr
deas;1;nr
nosos;1;nr
cansaremos;1;nr
calaremos;1;nr
reem;1;nr
hsad;1;nr
cabeas;1;nr
abito;1;ver
refuso;1;nr
éu;1;nr
aclame;1;ver
cantemos;1;ver
avei;1;nr
aem;1;nr
rug;1;nr
sempres;1;nr
amarei;1;ver
compararei;1;ver
aceitaremos;1;ver
cativos;1;nom
sonham;1;ver
ficao;1;nr
ci;1;nr
cobr;1;nr
mosta;1;nr
majestoso;1;adj
pelejar;1;ver
guerr;1;nr
livos;1;nr
lz;1;nr
veia;1;nom
eue;1;nr
comig;1;nr
eendo;1;nr
meão;1;adj
abinadab;1;nr
nadab;1;nr
obdedon;1;nr
zilou;1;nr
edom;1;nr
cesar;1;nr
descansando;1;ver
ministraram;1;ver
cativa;1;ver
anônima;1;adj
samaria;1;nr
restauraria;1;ver
potifar;1;nr
revelam;1;ver
tóxico;1;adj
haters;1;nr
adquirido;1;ver
celada;1;nr
inóspito;1;adj
vielas;1;nom
valados;1;nom
becos;1;nom
cimão;1;nr
apenta;1;nr
vieme;1;nr
derramaria;1;ver
usad;1;nr
vãs;1;nom
fu;1;nr
crerem;1;ver
levantarmos;1;ver
existenciais;1;adj
nutridas;1;ver
enganadores;1;adj
cauterizado;1;nr
sual;1;nr
zão;1;nr
ouviria;1;ver
saria;1;nr
aleluias;1;nom
rafal;1;nr
inquietude;1;nom
perturbação;1;nom
saras;1;ver
exclusos;1;adj
selos;1;nom
autônomos;1;adj
periferi;1;nr
rincões;1;nom
sertões;1;nom
moços;1;nom
rapazes;1;nom
negociá;1;nr
vigiá;1;nr
eão;1;nr
louvava;1;ver
receberemos;1;ver
vergones;1;nr
segundinho;1;adj_num
vergões;1;nom
raposo;1;nom
mores;1;adj
toquinha;1;nr
honrrar;1;nr
hombridade;1;nom
pox;1;nr
reside;1;ver
geográfico;1;adj
piedoso;1;adj
lixos;1;nom
casinhas;1;nom
vasilhas;1;nom
ratos;1;nom
proliferavam;1;ver
devoto;1;adj
veamos;1;nr
reinin;1;nr
perderá;1;ver
seros;1;nr
antropológica;1;adj
egocêntrico;1;adj
cristocêntrico;1;nr
ordinária;1;adj
eonde;1;nr
converta;1;ver
malafai;1;nr
cantaremos;1;ver
nosas;1;nr
enquadrar;1;ver
restaure;1;ver
aém;1;nr
oias;1;nr
tuaa;1;nr
famil;1;nr
femos;1;nr
viv;1;nr
lent;1;nr
telmo;1;nr
inusitada;1;adj
eame;1;nr
moldado;1;adj
segar;1;ver
desestruturados;1;nr
asfaltar;1;ver
desequilibrada;1;adj
grav;1;nr
andou;1;nom
proporciona;1;ver
celeiros;1;nom
ajoelho;1;ver
tremor;1;nom
perfeit;1;nr
depósitos;1;nom
estéril;1;adj
ventres;1;nom
estério;1;nr
descendência;1;nom
ritualístico;1;adj
cochichado;1;nr
telhados;1;nom
reveladas;1;ver
assustando;1;ver
adas;1;ver
viúvas;1;adj
conterem;1;ver
bras;1;nr
frontes;1;nom
loca;1;ver
filos;1;nom
honrem;1;ver
nenhumas;1;pro_ind
amarga;1;ver
caminharmos;1;ver
tenhais;1;ver_sup
veredito;1;nr
trilhando;1;ver
apontado;1;ver_sup
ventes;1;ver
nãos;1;adv_sup
clam;1;nr
unja;1;nr
desanimamos;1;ver
incomparável;1;adj
fixamos;1;ver
participavam;1;ver
capinam;1;ver
balafa;1;nr
fenomenais;1;adj
quilmetros;1;nr
suzan;1;nr
edito;1;ver
instantinho;1;nom
deprecações;1;nr
sossegada;1;adj
queridão;1;adj
anulada;1;adj
anulou;1;ver
delega;1;ver
malu;1;nr
anunciavam;1;ver
consonantes;1;adj
pensasse;1;ver
desembucha;1;ver
verbaliza;1;ver
espelha;1;ver
adivinhação;1;nom
juntas;1;nom
medulas;1;adj
verbalizando;1;ver
liar;1;ver
detalha;1;ver
fizessem;1;ver_sup
uniciente;1;nr
touser;1;nr
espantou;1;ver
apáticos;1;adj
falível;1;adj
transformei;1;ver
conformeis;1;ver
transformai;1;nr
tristemente;1;adv
preocupantes;1;adj
pressionei;1;ver
equivocados;1;ver
espirit;1;nr
uais;1;nr
omito;1;ver
conformando;1;ver
alvoroçado;1;adj
tessalônica;1;nr
ferver;1;ver
transtornar;1;ver
recreação;1;nom
agradecem;1;ver
combinamos;1;ver
acovardando;1;ver
esquecem;1;ver
irrita;1;ver
conformar;1;ver
conformou;1;ver
cauterizadas;1;ver
uno;1;adj
operam;1;ver
vacilações;1;nom
alvoroçar;1;nr
conjugais;1;adj
querermos;1;ver
delicadeza;1;nom
estarrecida;1;adj
resguardar;1;ver
debatidas;1;adj
guaritas;1;nom
rumores;1;ver
houv;1;nr
fós;1;nr
deb;1;nr
calculado;1;ver
firam;1;ver
brut;1;nr
2380;1;num
deico;1;nr
eú;1;nr
custear;1;ver
monoteísta;1;adj
possuímos;1;ver
manja;1;nom
foito;1;nr
conscia;1;nr
criançasa;1;nr
crias;1;nom
representem;1;ver
adiam;1;ver
protelar;1;ver
satisfatórios;1;adj
portando;1;ver
arcondicionado;1;nr
gradeado;1;adj
retornam;1;ver
curos;1;nr
decisivamente;1;adv
sucateados;1;nr
fenômenos;1;nom
obrigatórios;1;adj
porteiros;1;nom
controlem;1;ver
controladores;1;nom
suposições;1;nom
intensificação;1;nom
pril;1;nr
temesse;1;ver
entorpecentes;1;adj
demagógico;1;adj
floreser;1;nr
presidia;1;ver
deixaríamos;1;ver
restaria;1;ver
buscaremos;1;ver
fre;1;nr
zones;1;nr
laser;1;nom
tutelado;1;adj
comportem;1;ver
autorize;1;ver
eficientes;1;adj
postergado;1;ver
delongar;1;ver
ineficientes;1;adj
prolongando;1;ver
proj;1;nr
surgirão;1;ver
departamentos;1;nom
dde;1;nr
estatística;1;nom
rurais;1;adj
urbanas;1;adj
alder;1;nr
sustente;1;ver
investigarmos;1;nr
ostensivamente;1;adv
asol;1;nr
inseparado;1;nr
valeria;1;ver
fascínio;1;nom
coibir;1;ver
flexibilizar;1;ver
7500;1;num
irrealidade;1;nom
columbine;1;nr
contraproducente;1;adj
friso;1;nom
alarmes;1;nom
faqueadas;1;ver
maníaco;1;nom
gerem;1;ver
gilvanda;1;nr
detectores;1;nom
alunado;1;nom
anacrônicas;1;adj
orientador;1;adj
treinada;1;ver
mesm;1;nr
intrafamiliar;1;nr
abstendo;1;ver
brigões;1;adj
flagram;1;ver
municipalidades;1;nom
secretari;1;nr
enxergarem;1;ver
demandam;1;ver
adequados;1;adj
deor;1;nr
daart;1;nr
éve;1;nr
simbologia;1;nom
coercitiva;1;adj
naturalizam;1;ver
imida;1;nom
ent;1;nr
combatidas;1;ver
aliciadas;1;ver
rosas;1;nom
hostilidade;1;nom
atormentados;1;ver
autorizam;1;ver
sucateadas;1;nr
maringá;1;nom
palhoça;1;nom
florianópolis;1;nom
acometeram;1;ver
deficiente;1;adj
aton;1;nr
dutos;1;nom
belis;1;nr
convênios;1;nom
179;1;num
prax;1;nr
amarrar;1;ver
diferem;1;ver
criminalizando;1;ver
refugiando;1;ver
agela;1;nr
risível;1;adj
cômico;1;adj
ender;1;nr
combatê;1;nr
topamos;1;ver
acab;1;nr
bilh;1;nr
ruan;1;nr
irrisório;1;adj
gastará;1;ver
gastaram;1;ver
880;1;num
gast;1;nr
contratam;1;ver
ficante;1;nom
interlocuções;1;nom
estarrecido;1;ver
discordante;1;adj
queiroz;1;nom
herasmo;1;nr
frequentadores;1;nom
glock;1;nr
arm;1;nr
quart;1;nom
detetor;1;nr
ganh;1;nr
entroido;1;nr
lengo;1;nr
marginal;1;adj
carado;1;nr
petrô;1;nr
explícitas;1;adj
precisaram;1;ver
escoltas;1;nom
talir;1;nr
acionamento;1;nom
vigorar;1;ver
empenhados;1;adj
línea;1;adj
renumerado;1;nr
descritos;1;adj
trê;1;nr
retroagem;1;ver
apartamentos;1;nom
volando;1;nr
farto;1;adj
acrescento;1;ver
pcb;1;nr
deau;1;nr
cheirou;1;ver
orientadora;1;adj
explicitar;1;ver
aá;1;nr
militarista;1;adj
comiss;1;nr
sgo;1;nr
gç;1;nr
taur;1;nr
joesley;1;nr
resolveram;1;ver
julta;1;nr
presun;1;nr
emum;1;nr
aito;1;nr
nocivo;1;adj
nociva;1;adj
repetirem;1;ver
bonton;1;nr
glustin;1;nr
quí;1;nr
sí;1;nr
desja;1;nr
porza;1;nr
aconte;1;nr
citaram;1;ver
descul;1;nr
delos;1;nr
inu;1;nr
ar4;1;nr
nalmente;1;nr
4292;1;num
riste;1;nom
intimidatória;1;nr
executei;1;ver
outr;1;nr
instigar;1;ver
crianç;1;nr
difundir;1;ver
estimule;1;ver
formadoras;1;adj
equiparando;1;ver
viabilizou;1;ver
vári;1;nr
vval;1;nr
franciano;1;nr
verção;1;nr
aplicativ;1;nr
acionem;1;ver
pitória;1;nr
redigido;1;ver
legislativ;1;nr
imprescritível;1;adj
referendam;1;ver
afogadilho;1;nom
redig;1;nr
prosper;1;nr
ós;1;nr
iv;1;nr
prx;1;nr
convidará;1;ver
proclamará;1;ver
consultará;1;ver
proclamado;1;ver
assegurando;1;ver
francien;1;nr
contrá;1;nr
feri;1;ver
corresponda;1;ver
esfarrapada;1;adj
praticadas;1;ver
provocadas;1;adj
enterados;1;nr
vigentes;1;adj
luissa;1;nr
poética;1;adj
solic;1;nr
solitação;1;nr
relo;1;ver
oko;1;nr
ratificando;1;ver
emota;1;nr
ambiental;1;adj
moses;1;nr
16224;1;num
leer;1;nr
marua;1;nr
boldrim;1;nr
ane;1;nr
oti;1;nr
danil;1;nr
analise;1;ver
analisado;1;ver
tapapa;1;nr
desrespeitada;1;ver
encerrarmos;1;ver
obada;1;nr
cnteec;1;nr
inclusões;1;nom
conduzirá;1;ver
1822;1;num
desempenhar;1;ver
ocupada;1;adj
portuguesas;1;adj
soteropolitanos;1;adj
engenho;1;nom
alforriados;1;adj
constituindo;1;ver
periquitos;1;nom
sergipanos;1;adj
pernambucanos;1;adj
solidarizaram;1;ver
suscinto;1;nr
assinem;1;ver
coautoria;1;nr
plp;1;nr
naão;1;nr
consultarem;1;ver
desfiles;1;nom
refrões;1;nom
despotismo;1;nom
vin;1;nr
permitida;1;ver
esgotada;1;adj
sdr;1;nr
esgotar;1;ver
usarão;1;ver_sup
eletronicamente;1;adv
exporem;1;ver
argumentações;1;nom
id;1;nom
valorizados;1;ver
alimentícios;1;adj
métrico;1;adj
olia;1;nr
avalizado;1;ver
metodológicos;1;adj
extinguida;1;ver
politizada;1;ver
metodológica;1;adj
pierce;1;nom
uzbequistão;1;nom
oman;1;nr
kosovo;1;nr
teorema;1;nom
assustadores;1;adj
fir;1;nr
metodológico;1;adj
ultrapassaria;1;ver
distribuídas;1;ver
comportando;1;ver
inaudível;1;adj
inscrevemos;1;ver
soubéssemos;1;ver_sup
soue;1;nr
milisegundos;1;nr
milésimos;1;adj_num
franci;1;nr
calcante;1;nr
arlindo;1;nom
cc;1;nr
prosseguido;1;ver
benevides;1;nom
quices;1;nr
neri;1;nr
baia;1;nom
pacobaíba;1;nr
bregoli;1;nr
bramo;1;ver
hois;1;nr
macadi;1;nr
intersetorial;1;nr
sistêmico;1;adj
reajustando;1;ver
nesss;1;nr
distinção;1;nom
diss;1;nr
fiador;1;nom
crecha;1;nr
14719;1;num
acabad;1;nr
783;1;num
1286;1;num
celebrados;1;ver
paralisados;1;adj
pque;1;nr
2500;1;num
ônibos;1;nr
crech;1;nr
841;1;num
assin;1;nr
681;1;num
445;1;num
1500;1;num
iram;1;ver
investimos;1;ver
237;1;num
dim;1;nr
p8;1;nr
ciz;1;nr
filantrópicas;1;adj
desenrol;1;nr
fié;1;nr
aado;1;nr
euer;1;nr
ager;1;nr
renegociação;1;nom
prorrogamos;1;nr
renegociaram;1;ver
solidar;1;nr
inscreverem;1;ver
principis;1;nr
agravado;1;ver
anoo;1;nr
amostragem;1;nom
munic;1;nr
265;1;num
126000;1;num
desfinanciamento;1;nr
matérial;1;nr
deses;1;nr
vergonhosos;1;adj
pactuaram;1;ver
integal;1;nr
fus;1;nr
reembolsável;1;nr
trir;1;nr
alizante;1;nr
beneficiando;1;ver
ono;1;nr
depositada;1;ver
acrescentamos;1;ver
730;1;num
ita;1;nr
descentralizar;1;ver
crânios;1;nom
atualizamos;1;ver
czu;1;nr
faltaram;1;ver
mapas;1;nom
noque;1;nr
345;1;num
cortadas;1;adj
anunciamos;1;ver
permanências;1;nom
universalizando;1;ver
quilombolas;1;nom
setoriais;1;adj
técn;1;nr
retroativa;1;adj
21224;1;num
inicio;1;ver_sup
realiz;1;nr
projeta;1;ver
presido;1;ver
generosa;1;adj
comemoramos;1;ver
amente;1;ver
vantal;1;nr
configuração;1;nom
mobilizaram;1;ver
sindicais;1;adj
acolhido;1;ver
antecipar;1;ver
empolgação;1;nom
tambémm;1;nr
comparativas;1;adj
metodia;1;nr
querent;1;nr
lind;1;nr
farias;1;ver_sup
hí;1;nr
odair;1;nom
colaborou;1;ver
subsidiou;1;ver
dialogadas;1;ver
repassa;1;ver
fantásticos;1;adj
verador;1;nr
abandonei;1;ver
desistisse;1;ver
elencando;1;nr
conquistamos;1;ver
legitimaria;1;ver
11697;1;num
diagn;1;nr
ótico;1;adj
riques;1;nr
agredito;1;nr
cumpridos;1;ver
obrig;1;nr
atualiz;1;nr
educção;1;nr
convocaria;1;ver
factível;1;adj
pnf;1;nr
prorroga;1;ver
224;1;num
complementaram;1;adj
atualizaram;1;ver
rece;1;nr
ministé;1;nr
disponibilizamos;1;ver
realizem;1;ver
sirene;1;nom
sirena;1;nom
usi;1;nr
fgb;1;nr
mantidos;1;ver
cobrados;1;ver
sabedores;1;nom
ktia;1;nr
secadi;1;nr
frj;1;nr
apetite;1;nom
jet;1;nr
ginásio;1;nom
inatec;1;nr
paaz;1;nr
medalhista;1;nr
obemep;1;nr
comparáveis;1;ver
vit;1;nr
saudando;1;ver
cofundador;1;nr
socializando;1;ver
maltratou;1;ver
sucateamento;1;nom
normalizado;1;ver
permi;1;nr
cortesia;1;nom
militarizada;1;ver
privatizada;1;ver
frisando;1;ver
prouni;1;nr
div;1;nr
desenrola;1;ver
paralisando;1;ver
buritis;1;nom
adensamento;1;nom
industriais;1;adj
propositura;1;nom
eduard;1;nom
azeredo;1;nom
discutível;1;adj
incidem;1;ver
mulherer;1;nr
conceitual;1;adj
desdobramentos;1;nom
reduzem;1;ver
conceituar;1;ver
conceitu;1;nr
equilátero;1;adj
geométrica;1;adj
altero;1;ver
outris;1;nr
cratera;1;nom
concordaram;1;ver
seam;1;nr
autocont;1;nr
focarmos;1;ver
sida;1;nr
janata;1;nr
menstruo;1;nr
menstrua;1;ver
logista;1;nr
discuto;1;ver
definimos;1;ver
memos;1;nr
definiu;1;ver
vees;1;nr
mantesse;1;nr
filhinhos;1;nom
tendes;1;ver_sup
anunciaremos;1;nr
desespera;1;ver
circ;1;nr
distâncias;1;nom
eleitoreiras;1;adj
desviadas;1;ver
corrir;1;nr
entenderá;1;ver
arcanjos;1;nom
subestimam;1;ver
visualize;1;ver
errôneas;1;adj
pecadoras;1;nom
isentei;1;nr
sabático;1;nr
acreditarem;1;ver
pensarem;1;ver
interpretarem;1;ver
eleitoreiro;1;adj
ledo;1;adj
clavam;1;nr
flan;1;nr
basil;1;nr
clubinho;1;nom
nóos;1;nr
repentinas;1;adj
abstratas;1;adj
encontrados;1;ver
revoltadas;1;adj
regeneradas;1;ver
seamos;1;nr
destemidos;1;adj
venam;1;nr
vegetais;1;adj
metabolismo;1;nom
escravizado;1;ver
fieira;1;nom
proprina;1;nr
pomposa;1;adj
melodramática;1;adj
fura;1;ver
caminhonetes;1;nom
botes;1;nom
winderson;1;nr
pao;1;nr
maal;1;nr
negoi;1;nr
hang;1;nr
engavetou;1;ver
jaqueta;1;nom
salvamento;1;nom
sisio;1;nr
perondini;1;nr
adulterada;1;adj
buscas;1;nom
apreensões;1;nom
desviavam;1;ver
laria;1;nr
comentam;1;ver
incongruência;1;nom
importantíssimas;1;adj
coluio;1;nr
varat;1;nr
chefões;1;nom
restituídos;1;ver
dpu;1;nr
musque;1;nr
gilan;1;nr
mentiria;1;ver
pabo;1;nr
massá;1;nr
piros;1;nr
multados;1;ver
veríamos;1;ver_sup
desabrigadas;1;ver
catástrofe;1;nom
fundão;1;nom
ronet;1;nr
enxurrada;1;nom
bev;1;nr
caxambu;1;nom
arrecadações;1;nom
externei;1;ver
jer;1;nr
ums;1;nr
lorana;1;nr
processados;1;adj
investigarão;1;ver
escrotidão;1;nr
lulas;1;nom
meira;1;nom
fv;1;nr
exalto;1;ver
persecutório;1;adj
carecas;1;adj
harry;1;nr
potter;1;nr
citá;1;nr
criticá;1;nr
desmerecer;1;ver
pelão;1;nr
tonosol;1;nr
retaliação;1;nom
engasgado;1;ver
toel;1;nr
otomano;1;adj
defiro;1;ver
forme;1;ver
rivalizar;1;ver
3477;1;num
indeferimento;1;nom
reservo;1;ver
deferido;1;ver
oralmente;1;adv
retificação;1;nom
151;1;num
subscr;1;nr
pub;1;nom
subscreva;1;ver
6or;1;nr
franciene;1;nr
melona;1;nr
convoquei;1;ver
alcano;1;nr
instalações;1;nom
cmo;1;nr
plp1;1;nr
conviveu;1;ver
desindustrialização;1;nr
empobrecimento;1;nom
vej;1;nr
decorrência;1;nom
sinapses;1;nom
cerebrais;1;adj
indago;1;ver
obices;1;nr
acelera;1;ver
obice;1;nr
149;1;num
corret;1;nr
aoor;1;nr
revendo;1;ver
oportunamente;1;adv
dvec;1;nr
alter;1;nr
fazar;1;nr
alterando;1;ver
isente;1;nr
pontom;1;nr
coner;1;nr
bugada;1;nr
veracidade;1;nom
atribuiu;1;ver
atribui;1;ver
estd;1;nr
pisaram;1;ver
pleiteando;1;ver
pousar;1;ver
demia;1;nr
conjunta;1;nom
ofertadas;1;ver
escancarando;1;ver
realment;1;nr
restitui;1;ver
alcancemos;1;ver
instrumentalizado;1;nr
salari;1;nr
admitida;1;ver
antagonista;1;nom
629;1;num
registradas;1;ver
bol;1;nr
vidraças;1;nom
mobilizarem;1;ver
murros;1;nom
pelego;1;nom
zamb;1;nr
contorcionismo;1;nr
tratável;1;adj
prevenível;1;nr
reguladoras;1;nom
desmatado;1;ver
anom;1;nr
ster;1;nr
elejam;1;ver
controlável;1;adj
reeleger;1;ver
chorem;1;ver
liberaram;1;ver
escandaloso;1;adj
datada;1;ver
solucionada;1;ver
encamar;1;nr
enamento;1;nr
sedimentado;1;adj
esseesse;1;nr
aquies;1;nr
feit;1;nr
propusemos;1;ver
entendíamos;1;ver
pretender;1;ver
vaibe;1;nr
quar;1;nr
falsificou;1;ver
sufar;1;nr
cifs;1;nr
autografar;1;ver
sucate;1;nr
idolatrada;1;ver
surf;1;nom
atrapalhem;1;ver
emparedamento;1;nr
emparedar;1;ver
negociaç;1;nr
utizar;1;nr
exauri;1;ver
portant;1;nr
pudemos;1;ver_sup
afirmada;1;ver
inscrit;1;nr
tí;1;nr
stess;1;nr
dispondo;1;ver
zis;1;nr
sidney;1;nom
leate;1;nr
dorinaldo;1;nr
cocai;1;nom
aprendisagem;1;nr
descaracterização;1;nom
ultrapassando;1;ver
nervosismo;1;nom
tardar;1;ver
falsificação;1;nom
receitando;1;ver
combatesse;1;ver
arábias;1;nr
apoderou;1;ver
comprovantes;1;nom
misturado;1;ver
256;1;num
dara;1;nom
pmi;1;nr
escapulir;1;ver
apavorado;1;adj
indiciamentos;1;nom
rejeitada;1;ver
perfazer;1;ver
estudant;1;nr
bagunceiros;1;adj
mediar;1;ver
recce;1;nr
abbora;1;nr
tudoo;1;nr
fom;1;nr
prem;1;nr
ferei;1;nr
gordurinha;1;nr
mastigar;1;ver
gelada;1;adj
patel;1;nr
minist;1;nr
13332;1;num
palosi;1;nr
ode;1;nom
brash;1;nr
pacot;1;nr
enou;1;nr
lavajato;1;nr
mação;1;nom
devolução;1;nom
acalentam;1;nr
acalmam;1;ver
amargas;1;adj
desistirão;1;ver
desesperançosos;1;nr
persistiram;1;ver
aquias;1;nr
persona;1;nr
escura;1;adj
14126;1;num
sensorial;1;adj
celebramos;1;ver
ems;1;nr
acolha;1;ver
mália;1;nr
reim;1;nr
comprometi;1;ver
instaladas;1;ver
encerradas;1;adj
subscrevendo;1;ver
diretos;1;adj
excluídas;1;adj
entrarão;1;ver
simon;1;nom
acer;1;nr
cuta;1;nr
concor;1;nr
assecuratória;1;nr
pedagógic;1;nr
impostas;1;nom
evidentes;1;adj
ressaltamos;1;ver
tecnologi;1;nr
tampouco;1;adv
telepresenciais;1;nr
esbarrando;1;ver
apen;1;nr
ibilidade;1;nr
fabricantes;1;nom
complicações;1;nom
punibilidade;1;nom
66226;1;num
meloria;1;nr
reimund;1;nr
6622;1;num
zeros;1;adj_num
8497;1;num
euller;1;nom
cruvinel;1;nr
fraudador;1;nom
10374;1;num
8069;1;num
conveniadas;1;nr
31629;1;num
zoton;1;nr
reduzam;1;ver
instituções;1;nr
2213;1;num
magda;1;nom
mofato;1;nr
pensados;1;ver
distribuída;1;ver
pactuado;1;ver
mde;1;nr
operados;1;ver
balizadores;1;adj
10557;1;num
de28;1;nr
nton;1;nr
reinserção;1;nom
amortização;1;nom
financiamentos;1;nom
retirarei;1;ver
retarde;1;ver
3550;1;num
3531;1;num
henry;1;nom
certificação;1;nom
deess;1;nr
sampaio;1;nom
sides;1;nr
2275;1;num
alcies;1;nr
alías;1;nr
opinar;1;ver
ucação;1;nr
equipado;1;ver
desvantagens;1;nom
concerne;1;ver
obp;1;nr
acessível;1;adj
vivências;1;nom
atendimentos;1;nom
especializados;1;adj
assemelham;1;ver
nomeação;1;nom
semestrais;1;adj
substitut;1;nr
aento;1;nr
viabiliza;1;ver
adotando;1;ver
daso;1;nr
comici;1;nr
convenções;1;nom
225;1;num
espalhafatosa;1;adj
saculejo;1;nr
deando;1;nr
dião;1;nr
introduzia;1;ver
particularidades;1;nom
circularidade;1;nom
aprendizes;1;nom
educandos;1;nr
partilar;1;nr
degraus;1;nom
tábula;1;nr
partilha;1;nom
distraí;1;ver
agradecê;1;nr
auxílios;1;nom
trocamos;1;ver
parti;1;ver
conva;1;nr
aporofobia;1;nr
parabeniza;1;ver
operadoras;1;nom
ald;1;nr
auxis;1;nr
alentar;1;ver
gramatical;1;adj
mediadores;1;nom
núcleos;1;nom
stimo;1;nr
motivou;1;ver
1843;1;num
gonzales;1;nr
788;1;num
delibere;1;ver
catei;1;nom
adiado;1;ver
brasileir;1;nr
2212;1;num
constacia;1;nr
zanar;1;nr
subscrições;1;nom
aleg;1;nr
perpetrada;1;ver
noticiar;1;ver
elcea;1;nr
consa;1;nr
rá;1;nom
siais;1;nr
panteras;1;nom
descen;1;nr
canônico;1;adj
mártires;1;nom
cbl;1;nr
ampos;1;nr
educadas;1;adj
ministrados;1;ver
possibilitado;1;ver
hostilidades;1;nom
identificadas;1;adj
escalada;1;nom
adequarem;1;ver
aparelhando;1;ver
procuradorias;1;nom
radicaliza;1;ver
desenc;1;nr
abolicionismo;1;nom
depreciativos;1;adj
jeane;1;nr
silvia;1;nom
acadêmicas;1;adj
ofenderam;1;ver
avaliarem;1;ver
curo;1;ver
cust;1;nr
emancipação;1;nom
reiton;1;nr
gleno;1;nr
esperançosos;1;adj
visitemos;1;nr
honroso;1;adj
1911;1;num
alagoinhas;1;nom
colunista;1;nom
1492;1;num
15500;1;num
princesa;1;nom
dourada;1;adj
estruturalmente;1;adv
subra;1;nr
rusf;1;nr
brick;1;nr
valentes;1;nom
roussef;1;nr
remoendo;1;ver
pádua;1;nom
preferir;1;ver
cangalha;1;nom
introduzindo;1;ver
atres;1;nr
fenomenológica;1;adj
confessional;1;adj
frad;1;nr
espiritismo;1;nom
descabidas;1;adj
aplaudo;1;ver
cel;1;nr
crível;1;adj
iia;1;nr
dispensada;1;ver
esclareço;1;ver
tiraríamos;1;nr
80224;1;num
24ora;1;nr
táb;1;nr
conseguida;1;ver
apensos;1;ver
carmo;1;nom
ars;1;nr
rais;1;nom
convivia;1;ver
avassaladores;1;adj
veneziano;1;adj
hital;1;nr
rego;1;nom
pesquisadores;1;nom
descaso;1;nom
acessaria;1;nr
mapeados;1;ver
1520;1;num
perdurem;1;ver
cederam;1;ver
ademais;1;adv
diferenciados;1;adj
nevrálgicos;1;adj
concluintes;1;adj
educativas;1;adj
incorporadas;1;ver
ipl;1;nr
coletânia;1;nr
aprendizados;1;nom
encada;1;nr
1671;1;num
emação;1;nr
esmael;1;nr
confef;1;nr
antnio;1;nr
caminharemos;1;ver
possivel;1;nr
entr;1;nr
incluísse;1;ver
rabá;1;nr
fepal;1;nr
subscrito;1;ver
2387;1;num
convid;1;nr
subs;1;nr
francino;1;nr
remetiam;1;ver
intern;1;nr
corp;1;nr
universitárias;1;adj
verbais;1;adj
internalizado;1;nr
cabedal;1;nom
delicadamente;1;adv
adquirem;1;ver
sões;1;nr
averso;1;nr
intercalando;1;ver
relativize;1;nr
atiar;1;nr
prepotência;1;nom
vamente;1;nr
outos;1;nr
veemente;1;adj
gatilho;1;nom
senhorinhas;1;nom
cerimônia;1;nom
simulando;1;ver
aver;1;nr
lassal;1;nr
admirador;1;nom
autocráticos;1;adj
cracia;1;nr
contentes;1;adj
piil;1;nr
coea;1;nr
fux;1;nr
observem;1;ver
mitando;1;nr
disseminarem;1;ver
iluminist;1;nr
aag;1;nr
disseminadores;1;nom
asseguram;1;ver
punirem;1;ver
cur;1;nr
resou;1;nr
antigus;1;nr
ofenderem;1;ver
criticarem;1;ver
venezuelanos;1;adj
aparelhados;1;ver
esquerd;1;nr
lhada;1;nr
pat;1;nr
chevara;1;nr
ipn;1;nr
colocaríamos;1;ver
criai;1;nr
ócio;1;nom
gilvan;1;nr
debatedores;1;adj
respeitável;1;adj
gramado;1;nom
rememoramos;1;nr
artefato;1;nom
equiparação;1;nom
duramente;1;adv
legislamos;1;nr
imbuí;1;ver
juvent;1;nr
filiada;1;ver
tiaba;1;nr
pontal;1;nom
seminarista;1;adj
cebs;1;nr
cebi;1;nr
atuei;1;ver
caminhei;1;ver
opressões;1;nom
constassem;1;ver
referenciada;1;ver
pibe;1;nr
reivindicava;1;ver
avançarem;1;ver
desconsiderar;1;ver
brilhantismo;1;nom
desafiada;1;ver
clauber;1;nr
dotá;1;nr
infundados;1;adj
ineficazes;1;adj
pnds;1;nr
veementemente;1;adv
atearam;1;ver
vangloriam;1;ver
rechaçamos;1;ver
aeou;1;nr
manada;1;nom
aliam;1;ver
anormalidade;1;nom
artigoa;1;nr
contextualizar;1;ver
contextualizando;1;ver
casaa;1;nr
infindável;1;adj
vias;1;nom
filmado;1;ver
taxadas;1;ver
exorbitantes;1;adj
seas;1;nr
rana;1;nr
banalidade;1;nom
indenizado;1;ver
colocará;1;ver
puna;1;nom
apure;1;ver
antipopular;1;nr
anistiar;1;ver
insisto;1;ver
limiti;1;nr
mou;1;nr
prestarei;1;ver
argumentativo;1;adj
depedra;1;nr
perpet;1;nr
moema;1;nom
desagradável;1;adj
malhação;1;nom
bah;1;nr
imag;1;nr
col;1;nr
aice;1;nr
pug;1;nr
criadoras;1;nom
organizam;1;ver
forçação;1;nr
retir;1;nr
conversasse;1;ver
rarar;1;nr
nuremberg;1;nr
admitia;1;ver
coitada;1;adj
extermínio;1;nom
apolog;1;nr
geon;1;nr
1997;1;num
findado;1;ver
encerraria;1;ver
equiparados;1;ver
facão;1;nom
tevar;1;nr
fazando;1;nr
infestada;1;ver
incorreto;1;adj
negó;1;nr
instruí;1;ver
progredir;1;ver
operand;1;nr
passação;1;nr
mpf;1;nr
renegar;1;ver
toia;1;nr
parlament;1;nr
stalingrado;1;nr
800000;1;num
bunker;1;nr
stalinismo;1;nom
1981;1;num
cod;1;nr
promovido;1;ver
wilson;1;nom
de1;1;nr
renuncia;1;ver
chumbo;1;nom
dependesse;1;ver
diplomas;1;nom
lotei;1;ver
sequazes;1;nom
garnier;1;nr
defenderem;1;ver
vanda;1;nom
raquinho;1;nr
atípica;1;adj
hofman;1;nr
onerosidade;1;nom
praticidade;1;nom
nosa;1;nr
gabando;1;ver
engravidem;1;nr
abordado;1;ver
remediar;1;ver
fracassadas;1;ver
desinteressado;1;adj
282;1;num
elucidação;1;nom
macartismo;1;nr
viess;1;nr
insti;1;nr
entrevistamos;1;ver
ya;1;nr
persiste;1;ver
calculou;1;ver
conferiu;1;ver
leitão;1;nom
torcidas;1;ver
númer;1;nr
servergonha;1;nr
ianomamis;1;nr
abarcados;1;ver
envergonham;1;ver
celta;1;adj
jatos;1;nom
causam;1;ver
nãoc;1;nr
consue;1;nr
prenda;1;nom
apli;1;nr
reajustes;1;nom
pararão;1;ver
crée;1;nr
criarem;1;ver
concomitante;1;adj
estos;1;nr
784;1;num
ebc;1;nr
mitad;1;nr
benevolente;1;adj
consir;1;nr
felic;1;nr
fazua;1;nr
fenet;1;nr
negociei;1;ver
ministéri;1;nr
docent;1;nr
técnic;1;nr
aglomerando;1;ver
cum;1;nr
discuro;1;nr
insucesso;1;nom
autorizado;1;ver
avaliam;1;ver
estual;1;nr
delo;1;ver
justifiquei;1;ver
alf;1;nr
alfabetizado;1;adj
repasso;1;ver
cms;1;nr
dob;1;nr
terminaram;1;ver
paí;1;nr
pergun;1;nr
pontuado;1;ver
diluir;1;ver
15000;1;num
modalidad;1;nr
estimou;1;ver
excepcionar;1;nr
soré;1;nr
colir;1;nr
neurociência;1;nom
gabadas;1;nr
direcionados;1;ver
especificando;1;ver
inovadora;1;adj
botava;1;ver
rentur;1;nr
extingue;1;ver
cadastradas;1;ver
cadastrad;1;nr
utir;1;nr
gostaramos;1;nr
valorizando;1;ver
mensalidade;1;nom
promoveram;1;ver
desmontar;1;ver
ldo;1;nr
atualizar;1;ver
gargalos;1;nom
hcs;1;nr
quentar;1;nr
favored;1;nr
esquecida;1;adj
recupere;1;ver
desonerações;1;nr
orçamentos;1;nom
ipca;1;nr
custeie;1;nr
controladas;1;ver
debruce;1;ver
arrasada;1;adj
barras;1;nom
publicadas;1;ver
fega;1;nr
despenca;1;ver
sens;1;nr
abalizar;1;ver
institução;1;nr
houvir;1;nr
evasões;1;nom
segmento;1;nom
democratizar;1;ver
cois;1;nr
noem;1;nr
exitos;1;nr
absolve;1;ver
pessa;1;nr
diner;1;nr
extrapolar;1;ver
computação;1;nom
digga;1;nr
pulverizando;1;ver
fruo;1;ver
fea;1;nr
panto;1;nr
med;1;nr
apartada;1;ver
informava;1;ver
tempas;1;nr
atratividade;1;nom
ideologizada;1;nr
equivocadamente;1;adv
arcabouo;1;nr
incompatível;1;adj
arcabouço;1;nom
distribuiu;1;ver
aprofundamento;1;nom
983;1;num
1837;1;num
proifes;1;nr
reservei;1;ver
rengo;1;nr
lexia;1;nom
fonodiólogo;1;nr
marcação;1;nom
desativou;1;ver
consup;1;nr
terminava;1;ver
conivência;1;nom
prevaricação;1;nom
barganha;1;nom
fantasmas;1;nom
pesquisando;1;ver
repensados;1;ver
5594;1;num
belmontes;1;nr
alines;1;nr
leut;1;nr
fiu;1;nr
restantes;1;adj
imensurável;1;adj
exigo;1;nr
celens;1;nr
moçao;1;nr
encaminhei;1;ver
amarramos;1;ver
demandados;1;adj
incompreendida;1;adj
amarrou;1;ver
charanga;1;nom
éos;1;nr
bandejão;1;nom
refeitórios;1;nom
suita;1;nr
civ;1;nr
civic;1;nr
prosos;1;nr
calcular;1;ver
mnimo;1;nr
contitucional;1;nr
diferena;1;nr
dúvido;1;nr
cálcul;1;nr
constituísse;1;ver
líquid;1;nr
iní;1;nr
sindicado;1;nom
passari;1;nr
decido;1;ver
estav;1;nr
repassando;1;ver
modeles;1;ver
ditosos;1;adj
amplie;1;ver
deliberadas;1;adj
ponderada;1;adj
miria;1;nr
gravados;1;adj
tornarem;1;ver
modeste;1;nr
exitosos;1;nr
resgatados;1;ver
ideologização;1;nr
matem;1;ver
alastrando;1;ver
fragmentando;1;ver
aborde;1;ver
ponderamento;1;nr
atuamos;1;ver
traídos;1;ver
conspiracionismo;1;nr
realocadas;1;nr
conduzirem;1;ver
espalhafatosas;1;adj
paredista;1;nr
findará;1;ver
forçou;1;ver
encaminhasse;1;ver
afar;1;nr
barre;1;ver
parêntese;1;nom
oficie;1;nr
limpezas;1;nom
abrigos;1;nom
canoas;1;nom
recé;1;nr
mantiver;1;ver
emergencialmente;1;adv
instalados;1;ver
canos;1;nom
afetados;1;adj
privilegiados;1;adj
ania;1;nr
zulo;1;nr
quiona;1;nr
encaremos;1;nr
esgotará;1;ver
entendimentos;1;nom
velis;1;nr
reservadas;1;adj
debatemos;1;ver
educ;1;nr
mercantilização;1;nr
militarismo;1;nom
fundamentalismo;1;nom
obsoleto;1;adj
conjunção;1;nom
nld;1;nr
noticiadas;1;ver
vendida;1;ver
adoecidos;1;adj
emancipadora;1;nr
lucina;1;nom
comprimentar;1;nr
praticação;1;nr
enquadramento;1;nom
entrávamos;1;nr
defenestrar;1;ver
historicidade;1;nom
verticalizadas;1;nr
funcionante;1;nr
responsavelmente;1;adv
furra;1;nr
ifes;1;nr
acontecida;1;ver
nion;1;nr
vegetativo;1;adj
84;1;num
complacência;1;nom
feer;1;nr
esgotamos;1;ver
unirmos;1;ver
exequível;1;adj
onim;1;nr
maristela;1;nom
antecipamos;1;ver
pedere;1;nr
retornado;1;ver
reconstruo;1;nr
discuti;1;ver
flexibilizamos;1;nr
dobo;1;ver
mecm;1;nr
anualizar;1;nr
regulamentada;1;adj
ministria;1;nr
reconhec;1;nr
resolvermos;1;ver
684;1;num
descentralizou;1;ver
libertária;1;adj
dedicadas;1;ver
doutoras;1;nom
pusemos;1;ver
agilidade;1;nom
aidade;1;nr
retorne;1;ver
gre;1;nr
companha;1;nom
sindo;1;nr
penitenciária;1;nom
detentos;1;nom
ressarcida;1;ver
petaria;1;nr
motoboys;1;nr
ranzen;1;nr
bloqueados;1;adj
pinis;1;nr
baleias;1;nom
queixando;1;ver
queo;1;nr
boquinha;1;nom
ferrovias;1;nom
covardão;1;nr
de2;1;nr
eleja;1;ver
oai;1;nr
enviem;1;ver
atendia;1;ver
aprovariam;1;ver
taac;1;nr
199;1;num
e19;1;nr
calvalcante;1;nr
elizabete;1;nom
tomásio;1;nr
montouro;1;nr
889;1;num
discorrem;1;ver
restringem;1;ver
acidental;1;adj
336;1;num
contrariedade;1;nom
visam;1;ver
estabelecem;1;ver
absolutas;1;adj
destarte;1;adv
regões;1;nr
submetê;1;nr
solidamente;1;adv
arraigada;1;adj
otimizando;1;ver
ío;1;nr
recor;1;nr
espal;1;nr
resau;1;nr
osent;1;nr
fatalidade;1;nom
surgiro;1;nr
estudada;1;ver
amontoado;1;nom
acolho;1;nr
restabelecido;1;ver
interrompu;1;nr
aara;1;nr
reaberto;1;ver
investiguemos;1;nr
alimentações;1;nom
informam;1;ver
engavetado;1;ver
conclamar;1;ver
dat;1;nr
escapou;1;ver
disc;1;nr
firmamos;1;ver
indeferi;1;nr
indeferidos;1;ver
específicamente;1;nr
contraprova;1;nom
documentações;1;nom
específic;1;nr
samel;1;nr
arturo;1;nom
indeferir;1;ver
isonômico;1;adj
extinguido;1;ver
interferi;1;ver
oem;1;nr
rebat;1;nr
prão;1;nr
exaurido;1;adj
tirarmos;1;ver
tcis;1;nr
ceu;1;nr
escopos;1;nom
requeiro;1;ver
bío;1;nr
conar;1;nr
aprovo;1;ver
reescrevê;1;nr
inteligível;1;adj
argumentando;1;ver
nenum;1;nr
relando;1;nr
zolia;1;nr
levarei;1;ver
heem;1;nr
seguirmos;1;ver
marú;1;nr
acorse;1;nr
obstruído;1;adj
enrolam;1;ver
interrompendo;1;ver
examente;1;nr
requeriment;1;nr
espinhosos;1;adj
palta;1;nr
seguin;1;nr
inferir;1;ver
depo;1;nr
jog;1;nr
obstrua;1;nr
contribuintes;1;nom
reput;1;nr
descordo;1;ver
soará;1;ver
polm;1;nr
discur;1;nr
sugerindo;1;ver
paração;1;nr
paraouvir;1;nr
sinaliz;1;nr
colocad;1;nr
teramos;1;nr
discão;1;nr
resolvidos;1;ver
discutiremos;1;ver
doiro;1;ver
prisa;1;nr
kai;1;nr
sorai;1;ver
rouca;1;adj
procedent;1;nr
reúna;1;ver
indicativa;1;nom
previstos;1;adj
sofrerão;1;ver
aceno;1;nom
cederei;1;ver
evident;1;nr
encaminhará;1;ver
ressalvado;1;ver
contemplo;1;ver
desculp;1;nr
tone;1;ver
propond;1;nr
anô;1;nr
tcnica;1;nr
8avo;1;nr
conste;1;ver
validar;1;ver
assess;1;nr
foo;1;nr
encamado;1;nr
arbitro;1;ver
centralizar;1;ver
prosseguindo;1;ver
proced;1;nr
procedemos;1;ver
plavra;1;nr
a22;1;nr
66024;1;num
dandar;1;nr
costin;1;nr
singularidades;1;nom
osório;1;nom
piedro;1;nr
sobrescrever;1;ver
subscreve;1;ver
sorá;1;nr
edan;1;nr
carecem;1;ver
nel;1;nr
precedido;1;ver
cron;1;nr
justifico;1;ver
estranhar;1;ver
submerso;1;adj
alard;1;nr
seguidoras;1;nom
anísio;1;nom
darc;1;nr
introduzimos;1;ver
substituíam;1;ver
europeias;1;adj
lendas;1;nom
olodum;1;nr
ilae;1;nr
afros;1;adj
litos;1;nr
torcolo;1;nr
excelentíssimo;1;adj
lencar;1;nr
acalorada;1;adj
modelando;1;ver
sereno;1;adj
meta4;1;nr
viio;1;nr
cotidianamente;1;adv
caral;1;nr
artour;1;nr
eção;1;nr
ementa;1;nom
oponho;1;ver
inventário;1;nom
deente;1;nr
palavração;1;nr
gem;1;nr
devesse;1;nom
discordassem;1;ver
ditos;1;adj
voltariam;1;ver
recorrência;1;nom
corrosão;1;nom
irrefutáveis;1;adj
aguardei;1;ver
legislaturas;1;nom
espancou;1;ver
ouviam;1;ver
daas;1;nr
irrelevantes;1;adj
hesse;1;nom
útimo;1;nr
relevada;1;adj
lder;1;nr
acumulou;1;ver
israelense;1;adj
961;1;num
antissemitistas;1;nr
choquem;1;ver
326;1;num
verbalmente;1;adv
dermos;1;ver
ressurgimento;1;nom
famos;1;nr
encar;1;nr
tario;1;nr
contin;1;nr
continui;1;nr
prod;1;nr
salvacionista;1;nr
múltiplos;1;adj
sucessivos;1;adj
regimo;1;nr
palan;1;nr
vo;1;nr
abso;1;nr
alarmante;1;adj
vocal;1;nom
figur;1;nr
2040;1;num
profissonal;1;nr
infiltrou;1;ver
aparelhada;1;adj
plasmada;1;ver
neoc;1;nr
pelmo;1;nr
estressem;1;nr
reserve;1;ver
sanou;1;ver
aliz;1;nr
desn;1;nr
fegar;1;nr
recur;1;nr
regiment;1;nr
delibera;1;ver
solicitem;1;ver
baga;1;nom
neate;1;nr
queerer;1;nr
carneira;1;nom
oportuna;1;adj
574;1;num
especificos;1;nr
116;1;num
objetive;1;ver
diametrais;1;adj
salomônica;1;nr
tempoal;1;nr
vonder;1;nr
doen;1;nr
indefere;1;ver
indefiro;1;nr
recorrerei;1;ver
recer;1;nr
considi;1;nr
liança;1;nr
maestro;1;nom
mussurunga;1;nr
menha;1;nr
midiáticas;1;nr
promoveu;1;ver
amaldiçoados;1;adj
amaldiçoadas;1;adj
adoece;1;ver
carapa;1;nr
servi;1;ver
interar;1;nr
dare;1;nr
bomfim;1;nr
interditar;1;ver
reducionista;1;adj
nordestino;1;adj
parteira;1;adj
efetivos;1;adj
desaprendeu;1;ver
q;1;nom_sup
enfrentadas;1;ver
consedido;1;nr
liberd;1;nr
libertário;1;adj
antipovo;1;nr
degenerado;1;adj
jadir;1;nr
ideólogo;1;nom
gbs;1;nr
portais;1;ver
milici;1;nr
mea;1;nr
exigido;1;ver
fiona;1;nr
existas;1;ver
ouvirão;1;ver
desconectado;1;nr
recompostos;1;ver
cosquinha;1;nr
alimentados;1;adj
espancamento;1;nom
cursar;1;ver
marxistas;1;adj
evangélic;1;nr
dissimuladas;1;adj
gaev;1;nr
tarcisios;1;nr
teru;1;nr
doctor;1;nr
divinite;1;nr
baixinhos;1;adj
odiosa;1;adj
odienta;1;nr
baila;1;ver
vdos;1;nr
enar;1;nr
portão;1;nom
chingamentos;1;nr
sutis;1;adj
pedrada;1;nom
cotina;1;nr
erotizado;1;nr
lixado;1;adj
perão;1;nr
agoraa;1;nr
amorais;1;adj
moralidades;1;nom
comecemos;1;ver
denominá;1;nr
sucumbida;1;nr
acados;1;nr
matadoro;1;nr
motivado;1;ver
magistrado;1;nom
sucumbiu;1;ver
antif;1;nr
antimoral;1;nr
anticristã;1;adj
agressivo;1;adj
amação;1;nr
pessista;1;nr
beista;1;nr
boal;1;nr
cusc;1;nr
descordar;1;ver
hegemônico;1;adj
sagacidade;1;nom
aturar;1;ver
demandada;1;adj
pejor;1;nr
olas;1;nom
nenhhum;1;nr
prações;1;nr
transfira;1;ver
insisti;1;ver
centre;1;ver
estranhos;1;adj
nacionalização;1;nom
hungria;1;nom
acou;1;nr
coment;1;nr
deputa;1;ver
aota;1;nr
delineada;1;ver
peremptoriamente;1;adv
kiss;1;nom
cára;1;nr
salvini;1;nr
intimidados;1;ver
onito;1;nr
rotulou;1;ver
pesta;1;nr
nazisa;1;nr
doas;1;ver
recheado;1;ver
discutirá;1;ver
derrote;1;ver
tapas;1;nom
hostilizados;1;ver
rú;1;nr
intimidam;1;ver
bizol;1;nr
daci;1;nr
ultra;1;nom
desigualdad;1;nr
brisola;1;nr
assinalação;1;nr
reducionistas;1;adj
socialização;1;nom
dividendos;1;nom
negaram;1;ver
apanhamento;1;nom
contraste;1;nom
res;1;nom_sup
lucid;1;nr
abho;1;nr
montamos;1;ver
tauas;1;nr
andr;1;nr
esar;1;nr
árbitro;1;nom
arram;1;nr
puda;1;nr
éé;1;nr
noeno;1;nr
ruda;1;nr
registou;1;ver
inteir;1;nr
perd;1;nr
encerado;1;ver
mercadoria;1;nom
divulgador;1;nom
currícula;1;nr
insultando;1;ver
escurra;1;nr
ú;1;nr
bang;1;nr
safou;1;ver
assustaria;1;ver
surpreenderia;1;ver
couro;1;nom
triturador;1;nom
unas;1;adj
triturado;1;ver
semio;1;nr
cometiam;1;ver
devolviam;1;ver
refuta;1;ver
jes;1;nr
tato;1;nom
cffc;1;nr
quiss;1;nr
deado;1;nr
reiniciarmos;1;nr
viementemente;1;nr
viermentemente;1;nr
pronunciamentos;1;nom
repúgio;1;nr
desdizer;1;ver
reprova;1;ver
partide;1;nr
intimidando;1;ver
14818;1;num
matriculados;1;ver
pintam;1;ver
oler;1;nr
televisor;1;nom
datashow;1;nr
pichadas;1;ver
poliesportiva;1;nr
psicopedagógico;1;nr
mínimas;1;adj
exigidas;1;ver
alertas;1;adj
lice;1;nr
visualmente;1;adv
esverem;1;nr
ultradiritista;1;nr
pessoalista;1;nr
galeras;1;nom
subscrevemos;1;ver
traçado;1;nom
cfs;1;nr
trincheiras;1;nom
266223;1;num
robótica;1;adj
contribuirei;1;ver
porê;1;nr
eb;1;nr
alfabetize;1;nr
roncando;1;ver
373;1;num
330;1;num
4986;1;num
andamentos;1;nom
ultrapassasse;1;ver
continuasse;1;ver
consignados;1;ver
materialidade;1;nom
r580;1;nr
lc173;1;nr
congelou;1;ver
zuluco;1;nr
passerei;1;nr
alicados;1;nr
soberbado;1;nr
dramas;1;nom
concentre;1;ver
recebermos;1;ver
implantando;1;ver
zu;1;nr
nevou;1;ver
iluminação;1;nom
concretizando;1;ver
contamos;1;ver
pôde;1;ver_sup
420;1;num
coxas;1;nom
descoordenação;1;nom
dialogavam;1;ver
caminão;1;nr
salaberte;1;nr
cisternas;1;nom
perfuração;1;nom
concentraram;1;ver
relatada;1;ver
ressaltada;1;ver
lacrando;1;ver
comandá;1;nr
lidse;1;nr
indiquem;1;ver
zagueiro;1;nom
florestan;1;nom
bás;1;nr
reduzissem;1;ver
unissexo;1;nr
cabalístico;1;adj
prazos;1;nom
dinastia;1;nom
meiji;1;nr
devíos;1;nr
florestã;1;nr
mútuo;1;adj
recriminam;1;ver
ks;1;nr
university;1;nr
371;1;num
419;1;num
unesp;1;nr
595;1;num
engessada;1;ver
olímpica;1;adj
1650;1;num
caixote;1;nom
inoportunas;1;adj
limba;1;nr
assentar;1;ver
carteirinhas;1;nom
caducando;1;ver
coluiuo;1;nr
desvios;1;nom
vasculhar;1;ver
sepultou;1;ver
alfinetaram;1;nr
caminhe;1;ver
acusadora;1;nom
colunho;1;nr
conuras;1;nr
depute;1;ver
vementemente;1;nr
vemente;1;nr
resespeito;1;nr
ue;1;nr
enamente;1;nr
inícios;1;nom
quizai;1;nr
preparam;1;ver
subfinanciada;1;nr
socializarem;1;ver
manhãs;1;nom
absorvam;1;ver
estruturados;1;adj
discricionaridade;1;nr
precisarmos;1;ver
arredaremos;1;nr
salabé;1;nr
divergas;1;nr
desembocando;1;ver
resgato;1;ver
bertoldo;1;nom
bresh;1;nr
opta;1;ver
desvalorizado;1;ver
professóicas;1;nr
otônio;1;nr
imprescindíveis;1;adj
mendon;1;nr
safilho;1;nr
boato;1;nom
extraoficial;1;nr
repaginado;1;ver
precarizou;1;nr
interiorização;1;nom
encarecimento;1;nom
sumos;1;nom
temo;1;ver
demonstrativo;1;adj
conos;1;nr
profere;1;ver
sentiremos;1;ver
alambrado;1;nom
prevalecem;1;ver
rechaçaram;1;ver
ring;1;nr
propositores;1;adj
pensássemos;1;ver
falados;1;adj
eleções;1;nr
sami;1;nr
barrada;1;ver
suou;1;ver
sanado;1;ver
rediscutindo;1;ver
puras;1;adj
fronta;1;ver
puberdade;1;nom
genitália;1;nom
naturalizados;1;adj
saudamos;1;ver
mencionados;1;adj
evidenciou;1;ver
humanidades;1;nom
prejudicou;1;ver
ofertar;1;ver
respeitarmos;1;ver
sofram;1;ver
dartório;1;nr
excedeu;1;ver
porões;1;nom
afatiro;1;nr
tarsiso;1;nr
qualigo;1;nr
edermal;1;nr
menciona;1;ver
ofendidos;1;adj
travemos;1;nr
despretenciosos;1;nr
decoro;1;nom
qualitativo;1;adj
instrumentalizam;1;nr
insurgi;1;ver
otôio;1;nr
contestada;1;ver
contraposta;1;ver
contestação;1;nom
atenha;1;ver
encaixava;1;ver
ot;1;nr
outô;1;nr
finalize;1;ver
culte;1;nr
dividirei;1;nr
abí;1;nr
dise;1;nr
contraargumentada;1;nr
tarso;1;nom
proferi;1;ver
lembribuí;1;nr
hério;1;nr
tis;1;nom
ofendida;1;adj
professologia;1;nr
saior;1;nr
morosidade;1;nom
gonçales;1;nr
reinscrever;1;ver
feitoável;1;nr
soberba;1;adj
detentores;1;nom
exerceram;1;ver
exerci;1;ver
contradito;1;ver
perseguidores;1;nom
cristofobia;1;nr
terminasse;1;ver
abominável;1;adj
mortaela;1;nr
observarmos;1;ver
espectadores;1;nom
lancha;1;nom
transportar;1;ver
formatação;1;nom
pnl;1;nr
brincalhona;1;adj
administre;1;ver
autoras;1;nom
representativas;1;adj
desconhecer;1;ver
discutamos;1;ver
raimund;1;nr
asseverou;1;ver
representações;1;nom
cnte;1;nr
proifs;1;nr
fazubra;1;nr
desqualificadas;1;adj
acolhida;1;nom
naipes;1;nom
frequento;1;ver
bioquímica;1;nom
biros;1;nr
duradouro;1;adj
originário;1;adj
falemos;1;ver
macron;1;nr
igno;1;nr
inescrupuloso;1;adj
mapito;1;nr
compar;1;nr
chancel;1;nr
decapitação;1;nom
estupra;1;ver
falhei;1;ver
dinástica;1;adj
acuses;1;ver
xingos;1;nom
denunciaram;1;ver
insan;1;nr
senil;1;adj
envelhecem;1;ver
condenatória;1;adj
guerrida;1;nr
cf;1;nr
karatê;1;nr
histório;1;nr
golpa;1;nr
entendu;1;nr
imprimiu;1;ver
aliação;1;nr
digerindo;1;ver
digerir;1;ver
prendê;1;nr
pontas;1;nom
confidenciaram;1;ver
apurações;1;nom
prl;1;nr
articulado;1;adj
engoliu;1;ver
pedirá;1;ver
corno;1;nom
civilidade;1;nom
avinda;1;nr
morda;1;ver
rodriguez;1;nom
moradora;1;nom
operadora;1;nom
revistadas;1;ver
vomitando;1;ver
cavalaria;1;nom
empurrada;1;ver
proposital;1;adj
vomitavam;1;ver
debochavam;1;ver
visitaram;1;ver
relatamos;1;ver
cometida;1;adj
perío;1;nr
palmos;1;nom
aplaudiram;1;ver
decepcion;1;nr
revertendo;1;ver
anulando;1;ver
aceitará;1;ver
20226;1;num
antiaborto;1;adj
anestésico;1;adj
veterinária;1;nom
prematuros;1;adj
internadas;1;ver
estupo;1;nr
ultrapasse;1;ver
nicolal;1;nr
gestacional;1;adj
usasse;1;ver_sup
simultânea;1;adj
afobado;1;ver
euacredito;1;nr
amadurece;1;ver
apodrece;1;ver
vot;1;nr
belor;1;nr
onte;1;nr
volado;1;nr
falaremos;1;ver
resolvo;1;ver
tutorial;1;adj
negociam;1;ver
2x;1;nr
jetski;1;nr
elaria;1;nr
contant;1;nr
demoraria;1;ver
esburacada;1;adj
desfocando;1;ver
vidradas;1;nom
perpetuem;1;ver
perturbou;1;ver
nóbel;1;nr
exportado;1;ver
baronet;1;nr
prado;1;nom
indexo;1;ver
demissexual;1;nr
fabiane;1;nr
lell;1;nr
conselheir;1;nr
crpp;1;nr
betti;1;nr
clarão;1;nom
clinic;1;nr
boeta;1;nr
romantics;1;nr
psis;1;nr
anais;1;adj
caime;1;nr
osexo;1;nr
ceras;1;nom
heterossexuais;1;adj
ashin;1;nr
clínico;1;adj
grisalhos;1;adj
psic;1;nr
perpetue;1;ver
planejadores;1;adj
organizados;1;adj
diceu;1;nr
pí;1;nr
visualiza;1;ver
neé;1;nr
fundamentalis;1;nr
recuamos;1;ver
aparelhar;1;ver
mind;1;nr
shi;1;nr
coordenam;1;ver
juser;1;nr
ongu;1;nr
dc;1;nr
pluraridade;1;nr
kilter;1;nr
sea;1;nr
maista;1;nr
tras;1;nr
escrachado;1;ver
propinas;1;nom
desistiam;1;ver
aguentamos;1;nr
ulir;1;nr
foros;1;nom
decréscimo;1;nom
cenão;1;nr
lebre;1;nom
poror;1;nr
podou;1;ver
largada;1;nom
movimentaram;1;ver
oclinho;1;nr
lourinho;1;adj
verend;1;nr
laptop;1;nom
virais;1;adj
escar;1;nr
diferencie;1;ver
escolheria;1;ver
salt;1;nr
dingle;1;nr
criativa;1;adj
abonde;1;nr
retê;1;nr
audio;1;nr
yuri;1;nom
folders;1;nr
maguinha;1;nr
capenga;1;adj
recapitulando;1;ver
conectou;1;ver
reteu;1;nr
aleatório;1;adj
refri;1;nr
cogat;1;nr
deixer;1;nr
sees;1;nr
entar;1;nr
comtel;1;nr
checklists;1;nr
tumultuados;1;ver
mentar;1;nr
dividem;1;ver
pdf;1;nr
parafins;1;nr
impugnada;1;ver
renomados;1;adj
fronte;1;nom
estrondosa;1;adj
impressa;1;adj
jingles;1;nom
marcantes;1;adj
12578;1;num
222;1;num
carreatas;1;nom
nuncam;1;nr
polezi;1;nr
cletinho;1;nr
calmos;1;adj
embromation;1;nr
reduzidos;1;adj
testada;1;ver
comprovada;1;ver
assertivas;1;nom
antecipadas;1;ver
porca;1;nom
absolut;1;nr
justificável;1;adj
fundadora;1;nom
4970;1;num
matematicamente;1;adv
reembolso;1;nom
formulário;1;nom
palestrar;1;ver
ocupadas;1;adj
storos;1;nr
administradores;1;nom
tigrinho;1;nr
adms;1;nr
respondidos;1;ver
parad;1;nr
comutar;1;ver
bloqueada;1;ver
olh;1;nr
arras;1;nom
selecionamos;1;ver
barbinha;1;nom
pb;1;nr
aproximaria;1;ver
fisionomia;1;nom
maroto;1;nom
1272;1;num
fixada;1;ver
128;1;num
iscas;1;nom
cau;1;nr
caau;1;nr
magn;1;nr
carioca;1;adj
maneiríssimos;1;nr
comentaria;1;ver
clubismo;1;nr
inspiro;1;ver
negocio;1;ver
rgbt;1;nr
compartilh;1;nr
derrubem;1;ver
riner;1;nr
brincan;1;nr
superintendente;1;nom
suente;1;nr
bolinhas;1;nom
setinha;1;nom
7800;1;num
10000;1;num
format;1;nr
formatos;1;nom
maluquinhos;1;adj
republicou;1;ver
ui;1;ono
mandarem;1;ver
pontooficial;1;nr
setinhas;1;nom
malinha;1;nom
diácono;1;nom
famíliazinha;1;nr
bacan;1;nr
vesk;1;nr
quartou;1;nr
alienígenas;1;adj
zuko;1;nr
169;1;num
birul;1;nr
liro;1;nr
139;1;num
serar;1;nr
coelho;1;nom
center;1;nr
maneiríssima;1;nr
p6;1;nr
tani;1;nr
abo;1;ver
empresária;1;nom
engenheira;1;nom
recompartilhar;1;nr
pl22;1;nr
publicasse;1;ver
republicar;1;ver
explicaria;1;ver
1260;1;num
alne;1;nr
avaliei;1;ver
opação;1;nr
avalização;1;nr
assemelhar;1;ver
acampar;1;ver
humil;1;nr
conheceria;1;ver
parcelar;1;adj
adquiriram;1;ver
validadas;1;ver
compr;1;nr
criarão;1;ver
belan;1;nr
sias;1;ver
vermelhas;1;adj
digitou;1;ver
cadas;1;nr
incentivou;1;ver
gabaritados;1;nr
vedadas;1;adj
5co;1;nr
cereja;1;nom
naidade;1;nr
temidos;1;adj
maleáveis;1;adj
beijada;1;ver
mastigada;1;ver
petando;1;nr
grat;1;nr
economiza;1;ver
plotar;1;ver
aconselhamento;1;nom
878;1;num
286;1;num
447;1;num
respondid;1;nr
controláveis;1;adj
tops;1;nr
raciocinam;1;ver
ev;1;nr
arrecadando;1;ver
tomol;1;nr
daak;1;nr
desviando;1;ver
alocar;1;ver
osas;1;nr
feramenta;1;nr
adquirindo;1;ver
zas;1;nr
destin;1;nr
catrina;1;nr
acato;1;ver
instalamos;1;ver
dramática;1;adj
20380;1;num
organizadores;1;nom
ismário;1;nr
ipirá;1;nr
plb;1;nr
púas;1;nr
plen;1;nr
remetidos;1;ver
encaram;1;ver
organizem;1;ver
assinho;1;nr
sociopolíticas;1;adj
oriundos;1;adj
getten;1;nr
canzi;1;nr
abordou;1;ver
depositados;1;ver
proporcionada;1;adj
pauloas;1;nr
ptc;1;nr
570;1;num
autoritária;1;adj
comove;1;ver
blumenauense;1;adj
palero;1;nr
fta;1;nr
liberará;1;ver
desarmada;1;adj
agressora;1;nom
facilitação;1;nom
libero;1;ver
ori;1;nr
oria;1;nr
pmd;1;nr
usufruída;1;ver
joenville;1;nr
restrinja;1;ver
encaminhamos;1;ver
pensemos;1;ver
promovermos;1;nr
acendo;1;ver
conso;1;nr
otone;1;nr
efetivadas;1;ver
ponderando;1;ver
abstenções;1;nom
vist;1;nr
discusso;1;nr
azuar;1;nr
geten;1;nr
gten;1;nr
produzida;1;ver
preguento;1;nr
interlocução;1;nom
catag;1;nr
64402;1;num
id7;1;nr
ucai;1;nr
eas;1;nr
pisos;1;nom
degra;1;nr
premiados;1;adj
individualizar;1;ver
premiá;1;nr
sensatez;1;nom
útima;1;nr
incentiv;1;nr
síntese;1;nom
geet;1;nr
meeto;1;nr
competi;1;ver
concedei;1;ver
olímpiada;1;nr
olimpa;1;nr
aidos;1;nr
sucedidas;1;adj
reinventando;1;ver
desincentivo;1;nr
desempenham;1;ver
procedo;1;ver
infol;1;nr
adoraria;1;ver
acumula;1;ver
nen;1;nr
alds;1;nr
chocada;1;adj
óscar;1;nr
estaque;1;ver
deponha;1;ver
descobertas;1;nom
stivem;1;nr
motivem;1;ver
ranks;1;nr
destacarem;1;ver
valorizarem;1;ver
desestímulos;1;nom
poss;1;nr
mediocridade;1;nom
respeitosamente;1;adv
bpv;1;nr
mere;1;nr
mocracia;1;nr
priorize;1;nr
poi;1;nr
criasse;1;ver
loc;1;nr
aldem;1;nr
antecedem;1;ver
quita;1;ver
civilizada;1;adj
dissol;1;nr
cabido;1;nom
entrariam;1;ver
soar;1;ver
apito;1;nom
lids;1;nr
lds;1;nr
catagua;1;nr
calmao;1;nr
maisa;1;nr
2702;1;num
diferenciais;1;adj
notáveis;1;adj
horrosa;1;nr
intercâmbios;1;nom
perman;1;nr
estrita;1;adj
letivos;1;adj
provenientes;1;adj
costar;1;nr
integ;1;nr
estab;1;nr
deo;1;nr
depc;1;nr
transferidos;1;ver
pendentes;1;adj
aperfeiçoamentos;1;nom
propomos;1;ver
mantenedora;1;nom
decorrem;1;nom
qualificadas;1;ver
ofertem;1;nr
ajustado;1;ver
congênere;1;adj
mantenedor;1;nom
ajustada;1;ver
ranec;1;nr
1172;1;num
de2020;1;nr
alterados;1;adj
inclusivamente;1;adv
suprimimos;1;ver
especificamos;1;ver
capacitações;1;nom
destinam;1;ver
confusa;1;adj
suplementadas;1;adj
suplementação;1;nom
adicionais;1;adj
corrigimos;1;ver
complementare;1;nr
substituirá;1;ver
62023;1;num
submeto;1;ver
otonio;1;nr
fraterno;1;adj
falávamos;1;ver
detectou;1;ver
obrigá;1;nr
verdada;1;nr
detector;1;nom
orçamentário;1;adj
corretíssimo;1;nr
remanescente;1;adj
invistam;1;ver
inova;1;ver
nelli;1;nr
iand;1;nr
méritos;1;nom
destacado;1;adj
apropriada;1;adj
elit;1;nr
lisongeada;1;nr
exped;1;nr
alocados;1;ver
unanimidades;1;nom
dialogam;1;ver
politizado;1;ver
unamos;1;ver
incorpora;1;ver
acatamos;1;nr
empatada;1;ver
prevalecendo;1;ver
decidida;1;adj
semades;1;nr
estatuído;1;ver
desempate;1;nom
institua;1;ver
empatado;1;ver
sução;1;nr
vezo;1;ver
2122;1;num
vasia;1;nr
webert;1;nr
registr;1;nr
parcer;1;nr
acar;1;nr
agar;1;nom
gor;1;nr
considerer;1;nr
tomaremos;1;ver
havin;1;nr
contratados;1;ver
atuassem;1;ver
monitores;1;nom
inspetores;1;nom
nemhuma;1;nr
ups;1;ono
visava;1;ver
primárias;1;adj
seminar;1;nr
tessa;1;nr
prolongados;1;adj
sofrerem;1;ver
urinárias;1;adj
vestiga;1;nr
infecção;1;nom
obstipação;1;nom
hemorroidas;1;nr
hidratação;1;nom
guel;1;nr
obstar;1;ver
sanitários;1;adj
ajustamento;1;nom
notificações;1;nom
milena;1;nom
reincidente;1;adj
designados;1;adj
sunday;1;nr
vois;1;nr
adequa;1;ver
redações;1;nom
assegurem;1;ver
umais;1;nr
reafirme;1;ver
lits;1;nr
observei;1;ver
coordenadoras;1;nom
debruçamos;1;ver
imigrantes;1;nom
venezuelanas;1;adj
zerou;1;nr
unifesp;1;nr
absorvente;1;adj
vetada;1;ver
vetaram;1;ver
vetar;1;ver
vivenci;1;nr
tratem;1;ver
traria;1;ver
desen;1;nr
desenhadas;1;ver
seríssimo;1;adj
expulsas;1;ver
lgbtfobia;1;nr
tatar;1;nr
deila;1;nr
enriquecedor;1;adj
manha;1;nom
aax;1;nr
profiqua;1;nr
promovida;1;ver
incômodos;1;adj
avc;1;nr
vencê;1;nr
embalagens;1;nom
larvas;1;nom
lagartas;1;nom
azedo;1;adj
convulsões;1;nom
assustava;1;ver
hormonal;1;adj
irreversíveis;1;adj
pareci;1;nom
erlon;1;nr
travasso;1;nr
lacrimogêneo;1;adj
encurralada;1;ver
cerra;1;ver
paus;1;nom
enfurecida;1;adj
invadi;1;ver
resumidos;1;ver
silenciados;1;ver
sujou;1;ver
shoio;1;nr
resolvemos;1;ver
antecedentes;1;adj
colhido;1;ver
arduamente;1;adv
ilibada;1;ver
controvérsias;1;nom
ocorreria;1;ver
iniciasse;1;ver_sup
hipertensão;1;nom
insuficiência;1;nom
agravaram;1;ver
deferimento;1;nom
feriados;1;nom
acumular;1;ver
hidrocefalia;1;nom
tiari;1;nr
compulsivo;1;adj
operatórios;1;adj
válvula;1;nom
intracraniana;1;adj
1630;1;num
subcomandante;1;nom
restabelecendo;1;ver
degringolar;1;ver
homenageado;1;ver
honras;1;nom
enfática;1;adj
encerraram;1;ver
determine;1;ver
ligue;1;ver
heróica;1;adj
agrava;1;ver
rojão;1;nom
índole;1;nom
boou;1;nr
comemorativas;1;adj
afaga;1;ver
lançava;1;ver
relatando;1;ver
traficadas;1;ver
suriname;1;nom
cruzam;1;ver
fronteiras;1;nom
arrancados;1;adj
morderem;1;ver
satirizar;1;ver
narrado;1;ver
dramáticos;1;adj
ila;1;nr
meneguel;1;nr
yanomami;1;nr
ocel;1;nr
arcebispo;1;nom
damar;1;nr
desestruturadas;1;nr
debochem;1;nr
indefesas;1;adj
caluniou;1;ver
afera;1;nr
inderson;1;nr
parassem;1;ver
jr;1;nr
sinistro;1;adj
janon;1;nr
tex;1;nr
vibrador;1;nr
difamação;1;nom
tipificação;1;nom
apurando;1;ver
suicidarse;1;nr
consuma;1;ver
chocolatinho;1;nr
baldu;1;nr
caca;1;nom
bud;1;nr
wiser;1;nr
canceladas;1;ver
usal;1;nr
shok;1;nr
sho;1;nr
postassem;1;ver
serias;1;ver_sup
cansam;1;ver
desgastes;1;nom
caper;1;nr
dair;1;nr
lançam;1;ver
vangloriar;1;ver
747;1;num
mê;1;nom_sup
injuriarem;1;ver
perseguirem;1;ver
exultai;1;ver
alegrai;1;ver
admirados;1;adj
elegeremos;1;nr
chutou;1;ver
perdia;1;ver
fundava;1;ver
depe;1;nr
persistiu;1;ver
assaltava;1;ver
290;1;num
trabal;1;nr
durões;1;adj
quadado;1;nr
desproporcionalidade;1;nom
dominó;1;nom
facee;1;nr
sujeiras;1;nom
varreu;1;ver
humanao;1;nr
selecionadas;1;ver
tutela;1;nom
siquer;1;nr
morram;1;ver
dej;1;nr
claron;1;nr
admirado;1;adj
pulsoterapia;1;nr
antibióticos;1;nom
circuito;1;nom
pintadas;1;ver
reluzentes;1;adj
antecendentes;1;nr
cadea;1;nr
comorbidade;1;nr
recomendando;1;ver
apresentava;1;ver
representava;1;ver
tumultos;1;nom
torica;1;nr
acertada;1;adj
exceder;1;ver
pg;1;nr
individualização;1;nom
ignor;1;nr
rodapés;1;nom
fulminante;1;adj
pirona;1;nr
oculado;1;nr
medicamentos;1;nom
lavam;1;ver
escorrem;1;ver
despedidas;1;nom
mesmoo;1;nr
convincente;1;adj
luciane;1;nom
checagem;1;nom
clemilson;1;nr
patinhas;1;nom
ridicularizou;1;ver
postais;1;nom
sorridente;1;adj
acabada;1;adj
associariam;1;ver
perecendo;1;ver
pronunciei;1;ver
provocou;1;ver
necessitasse;1;ver
embaixadas;1;nom
telavive;1;nr
ramala;1;nr
lea;1;nom
hanani;1;nr
infarto;1;nom
de23;1;nr
convenientemente;1;adv
requerir;1;nr
parda;1;adj
faru;1;nr
atingi;1;ver
toid;1;nr
wenderson;1;nr
sobreaviso;1;nom
trapeiros;1;nom
divulgamos;1;ver
edjan;1;nr
sorridentes;1;adj
wion;1;nr
apaziguar;1;ver
condecorado;1;ver
isentos;1;adj
batiam;1;ver
resolvesse;1;ver
soje;1;nr
casão;1;nom
buelli;1;nr
ecovit;1;nr
yanukovich;1;nr
malt;1;nr
respeitaram;1;ver
tirânica;1;adj
contraindicação;1;nr
mariense;1;nr
constando;1;ver
fse;1;nr
exala;1;ver
obri;1;nr
maxista;1;nr
len;1;nr
recomendava;1;ver
suiten;1;nr
gulac;1;nr
sepultado;1;ver
derem;1;ver
pésimo;1;nr
escoler;1;nr
2043;1;num
bolsonarinho;1;nr
endereços;1;nom
declararem;1;ver
empenhar;1;ver
parafusos;1;nom
platinas;1;nom
amen;1;nr
zevedo;1;nr
exaustão;1;nom
gritante;1;adj
expiatório;1;adj
comprovem;1;ver
participações;1;nom
jorgin;1;nr
metrópolis;1;nr
8000;1;num
trazida;1;ver
apreendido;1;ver
multitudinários;1;nr
diminu;1;nr
confessado;1;ver
guatemala;1;nom
croma;1;ver
aluguéis;1;nom
peixa;1;ver
inchada;1;adj
buffet;1;nr
confraternização;1;nom
bobb;1;nr
ahí;1;nr
aluguei;1;ver
infes;1;nr
publicam;1;ver
terreiro;1;nom
atato;1;nr
vás;1;ver_sup
vár;1;nr
caba;1;nom
constantino;1;nom
passaportes;1;nom
providenciar;1;ver
iludidas;1;adj
geniais;1;adj
anan;1;nr
manchando;1;ver
yoo;1;nr
estalinista;1;adj
pegarem;1;ver_sup
noninho;1;nr
perira;1;nr
israelita;1;adj
cvio;1;nr
m8;1;nr
sequestrou;1;ver
movia;1;ver
planetariado;1;nr
feres;1;ver
steedle;1;nr
implícito;1;adj
jovial;1;adj
gírias;1;nom
rejeitem;1;ver
intitula;1;ver
desencorajar;1;ver
desembar;1;nr
gordofobia;1;nr
decidam;1;ver
intitular;1;ver
foça;1;ver
massacrou;1;ver
escravizou;1;ver
descartados;1;ver
esticar;1;ver
degolado;1;ver
defendidas;1;adj
esnobar;1;nr
monetária;1;adj
verade;1;nr
corão;1;nr
frago;1;nr
gostos;1;nom
acuda;1;ver
ibope;1;nom
9999;1;num
holodomor;1;nr
inanição;1;nom
vitimados;1;ver
introduziu;1;ver
coletivização;1;nom
estipulando;1;ver
piorou;1;ver
progressivamente;1;adv
cadáveres;1;nom
odor;1;nom
decomposição;1;nom
insanidade;1;nom
canibalismo;1;nom
trágicos;1;adj
ucraniana;1;adj
amoro;1;ver
fid;1;nr
homosexuais;1;nr
solgenitsin;1;nr
monstruosidades;1;nom
drogava;1;ver
enfraquecer;1;ver
ortodoxo;1;adj
fezes;1;nom
crucificam;1;ver
defecando;1;ver
urinando;1;ver
adorem;1;ver
kgb;1;nr
perverteu;1;ver
pressionados;1;ver
injustificado;1;adj
truque;1;nom
verí;1;nr
comparecesse;1;ver
det;1;nr
reiterados;1;ver
desatinos;1;nom
retornarei;1;ver
fajutas;1;adj
flavio;1;nom
fufuca;1;nr
estocolmo;1;nom
cegonha;1;nom
velhinhas;1;adj
ateia;1;adj
superhi;1;nr
superh;1;nr
dariam;1;ver
esfaqueou;1;ver
refugiou;1;ver
psicopatia;1;nom
inconsistência;1;nom
deposto;1;ver
349;1;num
sustação;1;nom
normativos;1;adj
relatados;1;ver
realizei;1;ver
xinguei;1;ver
parabenizei;1;ver
copilação;1;nr
nardon;1;nr
elisee;1;nr
hidro;1;nom
venezuelana;1;adj
forçar;1;ver
revólveres;1;nom
espingardas;1;nom
carabinas;1;nom
restringir;1;ver
velado;1;adj
ocasionar;1;ver
reintegração;1;nom
demorada;1;adj
sustar;1;ver
hormonais;1;adj
pdl;1;nr
detenha;1;ver
estringe;1;nr
desarmamentista;1;nr
exorbitar;1;ver
violando;1;ver
registros;1;nom
caçadores;1;nom
atiradores;1;nom
colecionadores;1;nom
atribua;1;ver
inviabilizadas;1;nr
esgotamento;1;nom
sanitário;1;adj
2033;1;num
5021;1;num
aprimora;1;ver
4894;1;num
rebolá;1;nr
anistar;1;nr
ilícitos;1;adj
declarados;1;ver
inelegíveis;1;adj
distorções;1;nom
3763;1;num
simplificar;1;ver
facilitavam;1;ver
2501;1;num
deletar;1;nr
ilícitas;1;adj
recreativas;1;adj
resetado;1;nr
financiadas;1;ver
calotes;1;nom
indultos;1;nom
repetirão;1;ver
natalina;1;adj
oa;1;nr
exp;1;nr
phos;1;nr
silci;1;nr
abço;1;nr
poor;1;nr
bizon;1;nr
married;1;nr
expecting;1;nr
warn;1;nr
apologize;1;ver
mistakes;1;nr
learning;1;nr
presidencies;1;nr
had;1;nr
tripod;1;nr
patriotism;1;nr
spirituality;1;nr
undermines;1;nr
known;1;nr
secret;1;nr
achieve;1;nr
goal;1;nr
wonder;1;nr
wouldn;1;nr
anyone;1;nr
sense;1;nr
bad;1;nr
relative;1;nr
aren;1;nr
concepts;1;nr
abolished;1;nr
young;1;nom
away;1;nr
wind;1;nom
doctrine;1;nr
cling;1;nr
fashionable;1;nr
dress;1;nr
type;1;nr
lacking;1;nr
references;1;nr
existed;1;nr
replaced;1;nr
matter;1;nr
activist;1;nr
cross;1;nr
injustice;1;ver
symbols;1;nr
selfishness;1;nr
rainbow;1;nr
yours;1;nr
read;1;nr
bible;1;nr
beauty;1;nr
shocking;1;nr
fashion;1;nr
films;1;nr
series;1;ver
sell;1;nr
delivers;1;nr
meaning;1;nr
handle;1;nr
pain;1;nr
told;1;nr
advices;1;nr
commit;1;nr
strange;1;nr
yol;1;nr
dominating;1;nr
foolish;1;nr
declaration;1;nr
third;1;nr
article;1;nr
week;1;nr
fingerprint;1;nr
bacteria;1;nr
child;1;nr
clamp;1;nr
propagate;1;nr
help;1;nr
genocidal;1;nr
sacredness;1;nr
encourages;1;nr
acceptance;1;nr
renew;1;nr
birth;1;nr
else;1;nr
biological;1;nr
get;1;nr
responsible;1;nr
bound;1;nr
ain;1;nr
nobody;1;nr
achieved;1;nr
naive;1;nr
maintain;1;nr
changing;1;nr
weren;1;nr
promising;1;nr
improve;1;ver
philosopher;1;nr
olo;1;nr
gaval;1;nr
fits;1;nr
socialist;1;nr
chief;1;nr
amazonia;1;nr
disappeared;1;nr
situation;1;nr
looks;1;nr
terrible;1;nr
conservatives;1;nr
danger;1;nr
raise;1;nr
educators;1;nr
dictate;1;nr
directions;1;nr
doctrinate;1;nr
magisterial;1;nr
deliver;1;nr
betrayed;1;nr
classroom;1;nr
activists;1;nr
artists;1;nr
musicians;1;nr
directors;1;nr
promiscuity;1;nr
listening;1;nr
strength;1;nr
neighbor;1;nr
extent;1;nr
reached;1;nr
transcends;1;nr
resonates;1;nr
across;1;nr
generations;1;nr
complete;1;ver
phrase;1;nr
theirs;1;nr
defendermos;1;ver
palte;1;nr
fisica;1;nr
liado;1;nr
defens;1;nr
movimentarmos;1;nr
oasis;1;nr
philip;1;nr
rdade;1;nr
nasça;1;nom
paternal;1;adj
honrá;1;nr
lenen;1;nr
falia;1;ver
retirá;1;nr
contrariando;1;ver
vestidinho;1;nom
islândia;1;nom
heroicamente;1;adv
moravam;1;ver
vangloria;1;ver
nascituros;1;nom
abortados;1;adj
superiores;1;adj
eugenismo;1;nr
humo;1;nom
bastam;1;ver
genoc;1;nr
precede;1;ver
cutuque;1;ver
provoquei;1;ver
contrar;1;nr
emprendedor;1;nr
retomará;1;ver
bsa;1;nr
bizarres;1;nr
ignoro;1;ver
transcor;1;nr
r4000;1;nr
vivão;1;nr
fátimas;1;nr
negona;1;adj
fatinha;1;nr
doninha;1;nom
complicação;1;nom
qq;1;nr
2k;1;nr
fighter;1;nr
kuma;1;nr
cpx;1;nr
travei;1;ver
patrocínios;1;nom
enchiam;1;ver
imagináveis;1;adj
vincular;1;ver
adaptar;1;ver
continuassem;1;ver
flertando;1;ver
incorreta;1;adj
portou;1;ver
afastada;1;adj
ceno;1;nr
seráo;1;nr
rogada;1;ver
comobidade;1;nr
mariel;1;nr
957;1;num
breche;1;ver
e4;1;nr
caracas;1;nom
732;1;num
debre;1;nr
queero;1;nr
galvão;1;nom
moçambique;1;nom
delúbio;1;nr
cândido;1;adj
vacare;1;nr
paloi;1;nr
luas;1;nom
bedin;1;nr
tigr;1;nr
trêmulo;1;adj
franguinha;1;nom
prefitura;1;nr
pris;1;nr
foam;1;nr
machão;1;nom
pincha;1;ver
pigão;1;nr
aquo;1;nr
bagulho;1;nom
aguda;1;adj
conjugação;1;nom
depreda;1;ver
vitimista;1;nr
pixar;1;nr
multar;1;ver
mongoloide;1;nr
safad;1;nr
paulist;1;nr
acial;1;nr
exonera;1;ver
criticou;1;ver
exonerar;1;ver
tranquilinho;1;nr
patamares;1;nom
desvairada;1;adj
1977;1;num
determino;1;ver
tenit;1;nr
perguntinhas;1;nom
escritas;1;ver
lacar;1;ver
fraudados;1;ver
examinados;1;ver
fav;1;nr
baboseira;1;nom
incriminar;1;ver
continu;1;nr
jason;1;nr
goido;1;nr
cout;1;nr
gais;1;nr
jasel;1;nr
jael;1;nr
pesmo;1;nr
riti;1;nr
gilf;1;nr
mansinho;1;adj
aliviada;1;adj
legalize;1;ver
utilizarei;1;ver
ativismos;1;nom
vip;1;adj
meamento;1;nr
caveira;1;nom
oferecidas;1;ver
discriminados;1;ver
assentamento;1;nom
fidalgaço;1;nr
civilizatória;1;nr
ousaram;1;ver
atestamento;1;nr
desrespeite;1;ver
pinguins;1;nom
expandisse;1;ver
desnortear;1;ver
fantasias;1;nom
normatização;1;nr
nomatizar;1;nr
civilizatórias;1;nr
abrangendo;1;ver
espectros;1;nom
lambação;1;nr
confundo;1;ver
norteadores;1;adj
stefan;1;nr
stephen;1;nr
atestada;1;ver
desestruturação;1;nom
tolerados;1;ver
normatizados;1;nr
aação;1;nr
agad;1;nr
chou;1;nr
incidentemente;1;adv
combatente;1;adj
liberassem;1;ver
alecar;1;nr
exigida;1;ver
suplentes;1;nom
dirigirse;1;nr
registrarem;1;ver
decado;1;nr
previamente;1;adv
biométrico;1;adj
aparecerão;1;ver
certifique;1;ver
computados;1;ver
migração;1;nom
gerenciador;1;adj
abriremos;1;ver
cabina;1;nom
adiantarmos;1;nr
eentão;1;nr
prar;1;nr
conheç;1;nr
naga;1;nr
predente;1;nr
dação;1;nom
depis;1;nr
universes;1;nr
esda;1;nr
encerrou;1;ver
dilvan;1;nr
afonsa;1;nom
confiada;1;adj
daag;1;nr
mek;1;nr
dedico;1;ver
criminalizam;1;ver
preocupadíssimos;1;nr
criminalize;1;ver
valha;1;ver
fardados;1;adj
ampliada;1;adj
pautava;1;ver
pedida;1;ver
angustia;1;ver
vencerão;1;ver
audiencias;1;nr
esclarecidos;1;adj
registo;1;nom
sergent;1;nr
rufino;1;nom
anup;1;nr
anp;1;nr
adb;1;nr
acaber;1;nr
oxe;1;nr
marcá;1;nr
paraar;1;nr
daca;1;nr
daed;1;nr
emc;1;nr
inventada;1;ver
scholing;1;nr
advento;1;nom
inventores;1;nom
educam;1;ver
chaco;1;nr
banha;1;ver
corregi;1;ver
toes;1;ver
violam;1;ver
feroz;1;adj
estagnado;1;adj
etos;1;nom
calores;1;nom
nervo;1;nom
ciático;1;adj
estagne;1;nr
polonês;1;adj
deformação;1;nom
acirradas;1;adj
817;1;num
235;1;num
apensados;1;ver
docência;1;nom
reler;1;ver
oensino;1;nr
doério;1;nr
hisa;1;nr
superficialidade;1;nom
turistas;1;nom
baseiam;1;ver
boo;1;nr
mua;1;nr
antipedagógico;1;nr
saudoso;1;adj
élder;1;nom
pautou;1;ver
mobilizado;1;ver
gravíssimas;1;adj
precarizar;1;nr
acrescente;1;ver
debruçou;1;ver
motivaram;1;ver
rompidos;1;ver
dogmática;1;adj
acontec;1;nr
sobreposto;1;ver
acobertando;1;ver
regulamentado;1;adj
amplitude;1;nom
orgulhar;1;ver
atir;1;nr
r000;1;nr
condicionada;1;ver
alk;1;nr
ponderado;1;ver
preponderante;1;adj
rush;1;nom
interracial;1;nr
estudavam;1;ver
afirmado;1;ver
apara;1;ver
abissal;1;adj
aprend;1;nr
ru;1;nr
buing;1;nr
integrarem;1;ver
subscritor;1;nom
falacioso;1;adj
madito;1;nr
conté;1;nr
mantiveram;1;ver
prir;1;nr
manud;1;nr
sãoos;1;nr
censuram;1;ver
piss;1;nr
paramentares;1;nr
crisia;1;nr
cidad;1;nr
senou;1;nr
dur;1;nr
kiona;1;nr
proso;1;ver
governaram;1;ver
produziram;1;ver
trat;1;nr
622;1;num
municípi;1;nr
quadras;1;nom
682;1;num
congelada;1;adj
sisu;1;nr
277;1;num
neo;1;nr
industrialização;1;nom
comparativos;1;adj
attila;1;nr
aar;1;nr
merendeiros;1;nom
recreadores;1;nr
farpas;1;nom
pée;1;nr
pls;1;nr
pautando;1;ver
redita;1;nr
atribuí;1;ver
raspando;1;ver
caloro;1;nr
obsessão;1;nom
obsessões;1;nom
acomoda;1;ver
503;1;num
ajusta;1;ver
hber;1;nr
recepcionado;1;ver
peladas;1;nom
terceiros;1;adj_num
marjo;1;nr
recepcionada;1;ver
gando;1;nr
imã;1;nom
deã;1;nr
paut;1;nr
armos;1;nr
finalizem;1;ver
encerrarei;1;ver
intentona;1;nom
apologistas;1;nom
universalizou;1;ver
brigadeiro;1;nom
tolhidos;1;adj
uc;1;nr
universalista;1;adj
aportar;1;ver
apertam;1;ver
respaldando;1;ver
estapa;1;nr
furd;1;nr
emprender;1;ver
exemplifiquei;1;ver
estupram;1;ver
intuição;1;nom
trouxer;1;ver
dilmo;1;nr
minis;1;nom
nisia;1;nr
anele;1;adj
atribu;1;nr
atri;1;nr
bente;1;nr
troianos;1;nom
ameace;1;ver
concretize;1;ver
adiamento;1;nom
sodada;1;ver
1800;1;num
prescindir;1;ver
significou;1;ver
aleatoriedades;1;nom
excluiu;1;ver
institucionaliza;1;ver
aigu;1;nr
encontrarem;1;ver
largue;1;ver
cenoura;1;nom
nutricional;1;adj
importem;1;ver
lamentáveis;1;adj
arcando;1;ver
155;1;num
839;1;num
revogando;1;ver
abafada;1;adj
elabora;1;ver
inglesa;1;adj
2400;1;num
racis;1;nr
aprovamento;1;nr
seará;1;nr
integralidade;1;nom
briguinha;1;nom
encerar;1;ver
reinterar;1;nr
temperaturas;1;nom
climatização;1;nom
hav;1;nr
slip;1;nr
322;1;num
congenciados;1;nr
bullou;1;nr
guache;1;nom
enrolou;1;ver
locutor;1;nom
capacitista;1;nr
proletariados;1;nom
destrincha;1;nr
masculinidade;1;nom
camada;1;nom
populacional;1;adj
necessitada;1;adj
continentes;1;nom
bn;1;nr
adulterar;1;ver
discriminatória;1;adj
ingressarem;1;ver
mister;1;nom
instruiu;1;ver
segregados;1;ver
anatômico;1;adj
toalete;1;nom
íntimas;1;adj
unissexy;1;nr
bisneta;1;nom
deplante;1;nr
implantaria;1;ver
manteníveis;1;nr
emojis;1;nr
nayara;1;nr
arigatô;1;nr
caminhões;1;nom
isentar;1;ver
imbecialização;1;nr
estônia;1;nom
voadores;1;adj
corotinho;1;nr
enoque;1;nr
nhoque;1;nom
compasso;1;nom
pateta;1;adj
hospeda;1;ver
pedais;1;nom
ajanja;1;nr
choppi;1;nr
mimir;1;nr
maquete;1;nom
denit;1;nr
heroínas;1;nom
iorque;1;nom
tiazinha;1;nom
transpopular;1;nr
imbecializadas;1;nr
segurado;1;nom
penteados;1;nom
monde;1;ver
ambicioso;1;adj
castanho;1;adj
thammy;1;nr
deformidade;1;nom
aberrações;1;nom
mirela;1;nr
kombi;1;nom
oitiva;1;nom
combinadas;1;adj
xposed;1;nr
erlando;1;nr
alando;1;adj
binho;1;nr
titã;1;nom
titan;1;nr
relatória;1;nr
iamig;1;nr
titãs;1;nom
binete;1;nr
eliane;1;nom
idênticas;1;adj
lisiane;1;nr
evaivado;1;nr
suspeição;1;nom
macula;1;ver
revelador;1;adj
atualizei;1;ver
trocada;1;ver
compulsionamente;1;nr
maioral;1;nom
muski;1;nr
tw;1;nr
aero;1;nr
felizinha;1;nr
anjinha;1;nom
vaticano;1;adj
uruguai;1;nom
bancá;1;nr
stu;1;nr
decreta;1;ver
vídeozinho;1;nr
jedias;1;nr
documental;1;adj
polvorosa;1;nom
vexatória;1;adj
denunciem;1;ver
fegária;1;nr
detenção;1;nom
ateroização;1;nr
abalado;1;adj
baderneiro;1;adj
deturização;1;nr
depressiva;1;adj
vacância;1;nom
goulart;1;nom
raniere;1;nr
mazzilli;1;nom
éjida;1;nr
1946;1;num
marechal;1;nom
adoradora;1;nom
fidal;1;nr
desaparecidos;1;adj
siempre;1;nr
lene;1;ver
instale;1;ver
144;1;num
execuções;1;nom
arquivo;1;nom
mancharmos;1;nr
protegeriam;1;ver
titia;1;nom
protetores;1;adj
entrelaçar;1;ver
aguente;1;ver
rostinho;1;nom
grandezas;1;nom
edifícios;1;nom
jade;1;nom
abin;1;nr
explanar;1;ver
ocupações;1;nom
esplanados;1;nr
acionando;1;ver
generaldino;1;nr
cíntia;1;nom
gers;1;nr
198;1;num
luganograma;1;nr
im;1;nr
jesse;1;nr
subordinação;1;nom
excursa;1;nr
seletivas;1;adj
caxias;1;nom
frontalmente;1;adv
ríspida;1;adj
excusou;1;ver
comandam;1;ver
epnia;1;nr
desprezível;1;adj
involuntários;1;adj
vebe;1;nr
subumanas;1;adj
envolto;1;adj
sepulcro;1;nom
congressistas;1;adj
motas;1;nom
veber;1;nr
ousem;1;ver
canália;1;nr
aborte;1;ver
chse;1;nr
basília;1;nr
dádiva;1;nom
elencados;1;nr
cpmido;1;nr
alcir;1;nr
investigativas;1;adj
arbitrariedade;1;nom
veiculadas;1;adj
roy;1;nr
empregando;1;ver
situados;1;ver
senadoras;1;nom
brindalo;1;nr
blindagem;1;nom
intervetor;1;nr
configurassem;1;ver
transparentes;1;adj
afins;1;adj
qgs;1;nr
velocílio;1;nr
habitariedades;1;nr
represas;1;nom
balaio;1;nom
exteriores;1;adj
esclarecedores;1;adj
celine;1;nr
dion;1;nom
contratual;1;adj
probleminha;1;nr
parceirão;1;nr
grandeso;1;nr
cagou;1;ver
voador;1;adj
infiltrados;1;adj
ocultar;1;ver
juristas;1;nom
sia;1;ver
fachin;1;nr
3427;1;num
argumentou;1;ver
liminar;1;nom
senasp;1;nr
alongamento;1;nom
paradoxal;1;adj
perplexidade;1;nom
roites;1;nr
ministrava;1;ver
debochadinho;1;nr
procedência;1;nom
apontada;1;adj
desaparecem;1;ver
rapazinho;1;nom
dilação;1;nom
sumidas;1;ver
sumido;1;adj
zoou;1;nr
debochada;1;adj
tonta;1;adj
depedrou;1;nr
vaderneiros;1;nr
comprovadas;1;ver
telebática;1;nr
miraram;1;ver
acertaram;1;ver
confiável;1;adj
policia;1;ver
teatrais;1;adj
dienta;1;nr
escalado;1;adj
runas;1;nr
inviolável;1;adj
autenticasse;1;nr
amperes;1;nom
acostumar;1;ver
delgatti;1;nr
nike;1;nom
expedidos;1;ver
consideraria;1;ver
cantoras;1;nom
comediante;1;nom
concreré;1;nr
mostrasse;1;ver
furnas;1;nom
elisatória;1;nr
fragilizada;1;adj
tolice;1;nom
idiotice;1;nom
autoritárias;1;adj
fish;1;nr
cb;1;nr
vazada;1;ver
coordenava;1;ver
tinhas;1;ver_sup
fantasma;1;nom
operacionalizar;1;nr
sf;1;nr
comprometedor;1;adj
varejo;1;nom
xixizinho;1;nr
comprometedora;1;adj
possuou;1;nr
factose;1;nr
cpni;1;nr
roicas;1;nr
subimos;1;ver
destacada;1;ver
coronéis;1;nom
ativandalismo;1;nr
sinicolas;1;nr
evitado;1;ver
ameaçadoras;1;adj
encejou;1;nr
invasada;1;nr
luca;1;nom
caretada;1;nr
vislumbrar;1;ver
dpf;1;nr
442;1;num
adpf;1;nr
aportaram;1;ver
togados;1;adj
fizessemos;1;nr
legalizou;1;ver
retratação;1;nom
ceifadas;1;ver
isou;1;nr
taxamos;1;ver
milicianos;1;adj
tempozinho;1;nr
taco;1;nom
beisebol;1;nom
vinheta;1;nom
arrancada;1;adj
chezariba;1;nr
lombar;1;adj
caixão;1;nom
trampe;1;ver
optar;1;ver
imitá;1;nr
cartum;1;nom
deletaram;1;nr
fajuto;1;adj
incentivadores;1;nom
parasita;1;nom
semitas;1;adj
suíças;1;adj
reparem;1;ver
esther;1;nr
montei;1;ver
invisivelmente;1;adv
visivelmente;1;adv
secaram;1;ver
amaldiçoache;1;nr
crede;1;ver
vigorosas;1;adj
abba;1;nr
honrará;1;ver
desprender;1;ver
atraindo;1;ver
sar;1;nr
sarçar;1;nr
melodia;1;nom
bálsamo;1;nom
lha;1;pro_per
bactéria;1;nom
cheirava;1;ver
anciões;1;nom
coroas;1;nom
agradecia;1;ver
validem;1;ver
colho;1;ver
persevere;1;ver
distraídas;1;adj
thales;1;nom
consegues;1;ver
hidratei;1;nr
desidratado;1;adj
rasgue;1;ver
confronte;1;adj
ajoelhava;1;ver
magos;1;nom
observando;1;ver
nabucodonosor;1;nr
babilônica;1;adj
saqueada;1;ver
eunuco;1;nom
magros;1;adj
frutas;1;nom
verduras;1;nom
legumes;1;nom
engordar;1;ver
incriminá;1;nr
ferirmos;1;nr
mexeu;1;ver
sacramentado;1;adj
refutável;1;adj
posicionassemos;1;nr
cercados;1;ver
reinaria;1;ver
persas;1;adj
infringida;1;ver
limitou;1;ver
alcançaremos;1;ver
densidade;1;nom
vivida;1;ver
danielle;1;nr
danielis;1;nr
danieles;1;nr
batizados;1;ver
nicolos;1;nr
pesam;1;nom
comentasse;1;ver
frasezinham;1;nr
blackout;1;nr
compulsivamente;1;adv
desafiador;1;adj
credencial;1;nom
definando;1;nr
angustiando;1;nr
extravasar;1;ver
virasse;1;ver
prostrei;1;nr
cocho;1;nom
atendem;1;ver
cuidada;1;nom
adoecer;1;ver
edificador;1;nom
loco;1;nom
werdum;1;nr
fecharmos;1;ver
ibis;1;nr
servidos;1;ver
lavrador;1;nom
varas;1;nom
podereis;1;ver_sup
secará;1;ver
ardem;1;ver
quiserdes;1;ver
permanecereis;1;nr
fizerdes;1;ver_sup
desfrutos;1;nr
aborreceu;1;ver
fósseis;1;nom
lembrai;1;ver
persigarão;1;nr
guardarem;1;ver
guardarão;1;ver
viera;1;ver
vozei;1;nr
testificará;1;nr
testificarás;1;nr
escolhestes;1;ver
nomeou;1;ver
fisiculturista;1;nom
experimentasse;1;ver
navegador;1;nom
navegado;1;ver
pedisse;1;ver
substâncias;1;nom
flancos;1;nom
amanhece;1;ver
tinho;1;nr
saudações;1;nom
destrava;1;ver
improdutivo;1;adj
resolvida;1;ver
proclamou;1;ver
deveremos;1;nom
causará;1;ver
frutificação;1;nom
selam;1;ver
clarar;1;nr
responderei;1;ver
anunciei;1;ver
ocultas;1;adj
385;1;num
eustádio;1;nr
premias;1;nr
cultuando;1;ver
nilton;1;nom
buscai;1;ver
batei;1;ver
desistido;1;ver
recaia;1;ver
murmurando;1;ver
inconstantes;1;adj
acessou;1;nr
aclamar;1;ver
cancelei;1;ver
infectando;1;ver
impedidos;1;ver
encolhidos;1;adj
encarcerando;1;ver
relacionando;1;ver
acessaram;1;nr
cobres;1;nom
santas;1;adj
apneia;1;nr
vultos;1;nom
cutucar;1;ver
pisava;1;ver
loteria;1;nom
chaveiro;1;nom
iapóta;1;nr
desligamos;1;nr
acenderam;1;ver
pintores;1;nom
ligava;1;ver
rasguei;1;ver
negligências;1;nom
aborreça;1;ver
midiano;1;nr
completava;1;ver
compartilharam;1;ver
tange;1;ver
realizações;1;nom
eclâmpsia;1;nr
internada;1;ver
comidinha;1;nom
mentora;1;nr
admirando;1;ver
lavanderia;1;nom
lavamos;1;ver
lavadinha;1;nr
acomorar;1;nr
critique;1;ver
franklin;1;nom
midiane;1;nr
angula;1;adj
torresmo;1;nom
quadradinho;1;adj
ndo;1;nr
doidinha;1;adj
passatempo;1;nom
caminhava;1;ver
bélico;1;adj
fugirem;1;ver
desaparecerem;1;ver
tragarem;1;nr
esmaga;1;ver
reatar;1;ver
estampar;1;ver
errônicos;1;nr
aturo;1;ver
eclesiástica;1;adj
resulta;1;ver
travado;1;ver
reiki;1;nr
guerrar;1;nr
estimando;1;ver
denominam;1;ver
cus;1;nom
maracanãs;1;nom
vivenciamos;1;ver
defuntos;1;nom
ressuscitando;1;ver
denomina;1;ver
fundamentos;1;nom
singularidade;1;nom
conquistaram;1;ver
representamos;1;ver
resumidamente;1;adv
decaído;1;adj
wilkerson;1;nr
indignadorou;1;nr
chequei;1;ver
depravados;1;adj
migrou;1;ver
incômodas;1;adj
defunto;1;nom
vivenciaram;1;ver
avivamentos;1;nom
acessando;1;nr
expert;1;nr
contudominação;1;nr
depravação;1;nom
modulando;1;adj
primers;1;nr
contrativismo;1;nr
desacreditar;1;ver
regenerador;1;adj
residencial;1;adj
prótons;1;nom
elétrons;1;nom
nêutrons;1;nom
aguado;1;adj
delícia;1;nom
sacia;1;ver
substancial;1;adj
strogonoff;1;nr
exortando;1;ver
leitinho;1;nom
extremismos;1;nom
tetelestai;1;nr
entrelinhas;1;nom
legalismo;1;nr
tendemos;1;ver
diluiu;1;ver
jurar;1;ver
aplico;1;ver
pródigo;1;adj
sandália;1;nom
invocar;1;ver
apodrecimento;1;nom
eliminar;1;ver
mordomos;1;nom
ativação;1;nom
bonitos;1;adj
transgressões;1;nom
imerecido;1;adj
emano;1;ver
masturbação;1;nom
fornicação;1;nom
assolando;1;ver
perdura;1;ver
afunda;1;ver
confiantes;1;adj
aprisionando;1;ver
renovam;1;ver
pecadora;1;nom
paleozinho;1;nr
urano;1;nom
esboçar;1;ver
centena;1;nom
arrepiado;1;adj
sapatos;1;nom
empolgou;1;ver
metódico;1;adj
corridos;1;adj
compartilharmos;1;ver
irmãozão;1;nr
removendo;1;ver
visualizava;1;ver
mirando;1;ver
vertente;1;nom
bombardeado;1;ver
ferragem;1;nom
largo;1;adj
anotasse;1;ver
pressur;1;nr
deezers;1;nr
iesa;1;nr
abdicar;1;ver
eróticas;1;adj
pregarem;1;ver
viaje;1;ver
reclamava;1;ver
aborrecente;1;nr
sadraque;1;nr
mesaque;1;nr
abednego;1;nr
indecente;1;adj
listar;1;ver
alistar;1;ver
listados;1;ver
consagrados;1;adj
danças;1;nom
adultas;1;adj
instruído;1;ver
engrandecendo;1;ver
pregaremos;1;nr
desviará;1;ver
atravessaremos;1;ver
completaremos;1;nr
recompensar;1;ver
blindamente;1;nr
adole;1;nr
frutados;1;ver
descontar;1;ver
raivas;1;nom
simpatizante;1;adj
despretensioso;1;adj
receoso;1;adj
aterrorizava;1;ver
desviada;1;ver
refaço;1;ver
precezinha;1;nr
assinava;1;ver
tavarando;1;nr
afrontaram;1;ver
tentarei;1;ver_sup
saint;1;nr
germain;1;nr
alisson;1;nr
becker;1;nom
fabinho;1;nom
acabasse;1;ver
orares;1;ver
orarás;1;nr
controlação;1;nr
ox;1;nr
meteoro;1;nom
indissolúvel;1;adj
encantados;1;adj
copiando;1;ver
poéticas;1;adj
permeiam;1;ver
acendido;1;adj
filhão;1;nr
mundão;1;nom
permanecido;1;ver
abscessos;1;nom
cirúrgicas;1;adj
ape;1;nr
apegamos;1;nr
forjouja;1;nr
forjou;1;ver
enlouquecer;1;ver
importar;1;ver
morados;1;nom
orados;1;nr
rendido;1;adj
acrescentaria;1;ver
lideraram;1;ver
geravam;1;ver
conversível;1;adj
comeram;1;ver
cochos;1;nom
cativante;1;adj
ausentou;1;ver
perdoai;1;ver
devedores;1;nom
forrar;1;ver
zoador;1;nr
zoadora;1;nr
lustricos;1;nr
orfanatos;1;nom
imperadores;1;nom
romana;1;adj
modelou;1;ver
encrenca;1;nom
olhavam;1;nom
subjugados;1;adj
potestais;1;nr
piorando;1;ver
yeshua;1;nr
durai;1;ver
dormirá;1;ver
enfurecidos;1;adj
estaca;1;nom
judoca;1;nom
sova;1;nom
herdou;1;ver
servido;1;ver
multiplicando;1;ver
reparte;1;ver
repartida;1;ver
lesma;1;nom
transbordando;1;ver
pururu;1;nr
vogal;1;nom
assimônicas;1;nr
apontei;1;ver_sup
atônito;1;adj
paterna;1;adj
xícara;1;nom
alça;1;nom
sacrificada;1;ver
verdes;1;adj
cravos;1;nom
negocina;1;nr
liderados;1;ver
malignas;1;adj
prostra;1;ver
sacerdotal;1;adj
livramentos;1;nr
leprosos;1;nom
atravessando;1;ver
lacrimejar;1;ver
brotando;1;ver
criativas;1;adj
inovador;1;adj
expirar;1;ver
protegeu;1;ver
obscuros;1;adj
capelão;1;nom
larry;1;nr
alimentares;1;ver
carregamento;1;nom
rigorosamente;1;adv
moderninha;1;adj
destruírem;1;ver
exceto;1;pre
provardes;1;nr
inculpáveis;1;nr
filipense;1;nr
epístola;1;nom
incupáveis;1;nr
acrescentam;1;ver
aconselharam;1;ver
infernos;1;nom
privar;1;ver
sedentas;1;adj
litros;1;nom
suplique;1;ver
seguidora;1;nom
estatista;1;nr
domesticado;1;adj
customizar;1;nr
respalda;1;ver
perguntaria;1;ver
emocionada;1;adj
ízo;1;nr
pregai;1;ver
mortífera;1;adj
expulsão;1;nom
titubear;1;ver
desmaiou;1;ver
executou;1;ver
espiritualiza;1;nr
abençoo;1;nr
prato;1;nom
adivinho;1;nom
edificarei;1;ver
amorteceu;1;nr
bobão;1;adj
contam;1;ver
treinador;1;nom
infantilizando;1;nr
ímpe;1;nr
mocidade;1;nom
aljava;1;nr
rotatória;1;adj
tesourinha;1;nom
araporanga;1;nr
taguatinga;1;nom
parabelece;1;nr
saltem;1;ver
protestaremos;1;nr
apocalíptico;1;adj
rema;1;nom
ferem;1;ver
entubado;1;nr
longanimidade;1;nom
ofensivas;1;adj
defensivas;1;adj
algoz;1;nom
limpado;1;ver
canela;1;nom
profana;1;adj
tolerada;1;adj
sims;1;nr
paracaminosa;1;nr
anarquia;1;nom
emocionados;1;adj
ursinhos;1;nom
carinhosos;1;adj
destroçou;1;ver
valada;1;nom
macumba;1;nom
judaísmo;1;nom
islamismo;1;nom
proibimos;1;ver
tangente;1;adj
sequenciais;1;adj
edita;1;ver
bofe;1;nom
modula;1;adj
module;1;adj
ateístas;1;adj
ampulsar;1;nr
focou;1;ver
monogâmica;1;adj
alertá;1;nr
seguiram;1;ver
voltaria;1;ver
reservados;1;adj
destruidores;1;nom
impiedade;1;nom
reverenciamos;1;ver
sustentador;1;nom
ciúme;1;nom
desconruptos;1;nr
destituem;1;ver
salmistas;1;nom
abandonados;1;adj
provedora;1;nom
difundida;1;adj
layout;1;nom
1950;1;num
inclina;1;ver
vivente;1;adj
vivifica;1;ver
desgaia;1;nr
angus;1;nom
atendente;1;nom
telemarketing;1;nr
despressa;1;nr
juntinho;1;adj
elisiel;1;nr
chamarem;1;ver
transpõe;1;ver
rejuvenescido;1;ver
carências;1;nom
confundimos;1;ver
nutrir;1;ver
levantasse;1;ver
cozinhou;1;ver
corpinho;1;nom
fugida;1;adj
aninho;1;nr
vigiai;1;ver
aleijados;1;adj
aleijado;1;adj
interpredos;1;nr
supressor;1;adj
playback;1;nr
conhecedores;1;nom
profetizarem;1;nr
entubada;1;nr
ficourou;1;nr
atraímos;1;nr
castanha;1;adj
testemunhado;1;ver
embriagueis;1;nr
contenda;1;nom
encho;1;ver
trazemos;1;ver
craseado;1;ver
descansará;1;ver
horror;1;nom
compramos;1;ver
enferma;1;adj
clicado;1;nr
enriquecem;1;ver
instruíram;1;ver
gritava;1;ver
apaixonando;1;ver
reuniam;1;ver
hospedou;1;ver
sentimentais;1;adj
sucessivamente;1;adv
fétido;1;adj
eclesiásticos;1;adj
afastaram;1;ver
entristecer;1;ver
entristecido;1;ver
esforçou;1;ver
regozi;1;nr
abateu;1;ver
literário;1;adj
enfrentaremos;1;nr
paulinas;1;nom
aguardamos;1;ver
alegrarem;1;ver
escatológicos;1;adj
incenses;1;nr
escolarido;1;nr
comprometa;1;ver
consolari;1;nr
consolou;1;ver
lamentarão;1;ver
profetizados;1;ver
prometidos;1;adj
antecipe;1;ver
dominarem;1;ver
sufocado;1;adj
onisciência;1;nom
desprezando;1;ver
onipotência;1;nom
expressadas;1;ver
submetendo;1;ver
suplicante;1;adj
perturbar;1;ver
envergonhava;1;ver
esmolas;1;nom
responsabiliza;1;ver
tadinha;1;adj
empreste;1;ver
enxergasse;1;ver
psicanalista;1;nom
exigirá;1;ver
confira;1;ver
disponibiliza;1;ver
pimpim;1;nr
coreano;1;nom
escrivaninha;1;nom
bicicletas;1;nom
escrivaninhas;1;nom
inusitadas;1;adj
vindouro;1;adj
pendência;1;nom
alcançará;1;ver
destronará;1;nr
éfeso;1;nr
quebrava;1;ver
nicolaítas;1;nr
digníssima;1;adj
braz;1;nom
agudo;1;adj
paraisópolis;1;nr
nilópolis;1;nom
jaraguá;1;nom
figueirópolis;1;nr
montalvânia;1;nr
eufórico;1;adj
malhei;1;nr
endorfina;1;nr
gritei;1;ver
louvei;1;ver
acarrentado;1;nr
acalentasse;1;nr
machucando;1;ver
pecando;1;ver
kallenta;1;nr
acalento;1;ver
encontrará;1;ver
imensidão;1;nom
luxúria;1;nom
impróprios;1;adj
bonzão;1;adj
enganoso;1;adj
téo;1;nr
fetiva;1;nr
profissionante;1;nr
cursando;1;ver
confrontando;1;ver
distrai;1;ver
prumo;1;nom
isaques;1;nr
sacrifique;1;ver
regalias;1;nom
comprimento;1;nom
imigração;1;nom
budista;1;adj
jogun;1;nr
evangelizado;1;ver
megas;1;nom
aglomerações;1;nom
culminaria;1;ver
éden;1;nom
eder;1;nom
acostumamos;1;ver
calejada;1;adj
normalizarmos;1;nr
expandíamos;1;nr
jurisdição;1;nom
denome;1;nr
pisarem;1;ver
outorga;1;nom
falido;1;adj
discipulando;1;nr
reversa;1;nom
incomodarem;1;ver
esdras;1;nom
reverte;1;ver
canalizando;1;ver
indignasse;1;nr
acumulado;1;ver
animamento;1;nr
ovulamento;1;nr
antenado;1;adj
agnóstico;1;adj
humanista;1;adj
converteiros;1;nr
refrigera;1;ver
verbalizar;1;ver
aquietando;1;nr
superabundou;1;nr
destravado;1;ver
discretamente;1;adv
vaz;1;nom
instigada;1;ver
insanos;1;adj
significância;1;nom
dolamins;1;nr
canaliza;1;ver
contemporizamos;1;nr
abafando;1;ver
desleixo;1;nom
canalidade;1;nr
analistas;1;nom
agarramos;1;ver
dimensionais;1;adj
cremosinho;1;nr
mácula;1;nom
rugas;1;nom
reclamo;1;ver
posicionamos;1;ver
considerará;1;ver
sirânicos;1;nr
empoeiradas;1;adj
cumpri;1;ver
florzinhas;1;nom
trança;1;nom
aspacético;1;nr
desconvertidos;1;nr
lagos;1;nom
urinário;1;adj
brailer;1;nr
minúsculo;1;adj
enfatizando;1;ver
loucão;1;nr
corri;1;ver
reconciliei;1;nr
estético;1;adj
apostando;1;ver
abusado;1;ver
amarras;1;nom
enxugas;1;nr
vocalistas;1;nom
acordaria;1;ver
teocracia;1;nom
invertido;1;adj
cerimônias;1;nom
vulgares;1;adj
bibliofóbico;1;nr
atrevidos;1;adj
reprimindo;1;ver
isabella;1;nr
nardoni;1;nr
misericordiosos;1;adj
rejeitaria;1;ver
ilegalidades;1;nom
pescaria;1;nom
probatória;1;adj
especulativa;1;adj
tangível;1;adj
amadas;1;adj
recebas;1;ver
injustiçados;1;adj
fradulentas;1;nr
blogs;1;nr
sabeis;1;ver_sup
dádivas;1;nom
distanciados;1;ver
batalhamos;1;nr
permitia;1;ver
recompensado;1;ver
transcorre;1;ver
nominado;1;nr
compartilhava;1;ver
miraculosa;1;adj
aparecesse;1;ver
harem;1;nr
gostasse;1;ver
pagão;1;adj
hebreu;1;adj
combinava;1;ver
soeira;1;nr
ajudinha;1;nom
vasto;1;adj
vasti;1;nr
deposta;1;ver
desarmando;1;ver
emboscada;1;nom
invadisse;1;ver
escravizasse;1;ver
revanista;1;nr
chanceler;1;nom
matarem;1;ver
temente;1;adj
adivinhando;1;ver
escapará;1;ver
escapar;1;ver
perecerão;1;ver
comam;1;ver
bebam;1;ver
morrerei;1;ver
revogue;1;ver
revoga;1;ver
purim;1;nr
sossego;1;nom
odiavam;1;ver
despojo;1;nom
conservando;1;ver
seguramos;1;ver
abraçamos;1;ver
arrebentam;1;ver
padeiro;1;nom
desempenhando;1;ver
disposta;1;adj
interpreta;1;ver
grilhões;1;nom
inutilmente;1;adv
escave;1;nr
esterque;1;nr
mandará;1;ver
deslocada;1;ver
mocinha;1;nom
professa;1;ver
apairar;1;nr
plantadas;1;ver
singular;1;adj
cavar;1;ver
escape;1;nom
adobe;1;nom
perturbado;1;adj
edificam;1;ver
encaminharem;1;ver
alucinando;1;ver
nórdicos;1;adj
bikes;1;nr
bolando;1;ver
desbravou;1;ver
incentivá;1;nr
notará;1;ver
triunfante;1;adj
ressuscitado;1;adj
cruas;1;adj
salvado;1;ver
adianto;1;ver
levarão;1;ver
morasse;1;ver
comesse;1;ver
oraçãozinha;1;nr
contrariar;1;ver
dorminhoco;1;nom
cólica;1;adj
assustavam;1;ver
ofertando;1;ver
despojada;1;adj
aformosei;1;nr
dízimo;1;nom
jejuados;1;nr
resgatado;1;ver
reclamão;1;nr
ouças;1;ver
rasgar;1;ver
insuportáveis;1;adj
senteado;1;nr
ficariam;1;ver
sentinela;1;nom
tomarei;1;ver
muralha;1;nom
aguardarei;1;ver
petulância;1;nom
perdermos;1;ver
obteve;1;ver
cantá;1;nr
bacura;1;nr
tremeram;1;ver
desfaleceram;1;ver
vacilavam;1;nr
davizinho;1;nr
emociona;1;ver
esperarei;1;ver
florescendo;1;ver
uvas;1;nom
videiras;1;nom
falhando;1;ver
azeitonas;1;nom
lavouras;1;nom
estábulos;1;nom
exultarei;1;nr
alegrarei;1;nr
permaneces;1;ver
ofereço;1;ver
selecione;1;ver
enterrar;1;ver
arrebatamento;1;nom
incorruptíveis;1;adj
transportados;1;ver
decorada;1;ver
tranquei;1;ver
violarem;1;ver
moviam;1;ver
embriagado;1;adj
derramei;1;ver
arrancasse;1;ver
enterrando;1;ver
consolem;1;nr
consolados;1;adj
rasudo;1;nr
lutos;1;nom
vencidos;1;adj
vivenciados;1;ver
recorreram;1;ver
recorriam;1;ver
agradei;1;ver
sabedorias;1;nom
libras;1;nom
pioneiras;1;adj
valnice;1;nr
milhomem;1;nr
teimosos;1;adj
beberão;1;ver
mosto;1;nom
trabalhaste;1;ver_sup
poderio;1;nom
visitantes;1;nom
despertador;1;nom
mentaliza;1;nr
subirá;1;ver
jurem;1;ver
trocaria;1;ver
mudará;1;ver
desperdiçamos;1;ver
colocassem;1;ver
mendigaria;1;nr
cumprirão;1;ver
entregaríamos;1;nr
contemplou;1;ver
vitoriosos;1;adj
enlutados;1;adj
empolvoroso;1;nr
anestesia;1;nom
segundas;1;adj_num
ardência;1;nom
mortificando;1;ver
anoitei;1;nr
ilustrativa;1;adj
sabotamos;1;nr
inundada;1;adj
embriagados;1;adj
viciados;1;adj
cool;1;nr
correnteza;1;nom
leandra;1;nom
atu;1;nr
retirava;1;ver
sofá;1;nom
bacharelado;1;nom
homéricas;1;adj
videoclipe;1;nom
dvds;1;nr
cury;1;nom
ecossistema;1;nom
limitasse;1;ver
guitarrista;1;nom
bofeteava;1;nr
naufrageado;1;nr
assoitado;1;nr
aperfeiçoava;1;ver
oscilação;1;nom
cumpriram;1;ver
subjugar;1;ver
estipar;1;nr
abracando;1;nr
beijando;1;ver
apedrejar;1;ver
concebeu;1;ver
desgasta;1;ver
desafiantes;1;adj
ultrassons;1;nr
adou;1;nr
desabando;1;ver
estática;1;adj
continuava;1;ver
repouso;1;nom
ultrassonografia;1;nr
impediria;1;ver
touro;1;nom
engolia;1;ver
trabalhassemos;1;nr
transbordava;1;ver
transbordo;1;nom
formava;1;ver
limpava;1;ver
limparam;1;ver
limpados;1;nom
reaproximar;1;ver
mergulha;1;ver
descansam;1;ver
voarão;1;ver
cansarão;1;ver
fatigarão;1;nr
perguntavam;1;ver
desceriam;1;ver
resolveriam;1;ver
cale;1;ver
nadá;1;nr
programando;1;ver
providencial;1;adj
sensitiva;1;adj
sustentados;1;ver
aquietai;1;nr
transportem;1;ver
rujam;1;nr
perturbem;1;ver
abalem;1;ver
moradas;1;nom
ajudará;1;ver
embraveceram;1;nr
desolações;1;nr
grite;1;ver
tai;1;nr
dormido;1;ver
aqueta;1;nr
calarem;1;ver
desertos;1;adj
zaro;1;nr
ursa;1;nom
esvaziando;1;ver
descansou;1;ver
resiliência;1;nr
predito;1;ver
multiplicaria;1;ver
esfriaria;1;ver
começariam;1;ver
desmoronando;1;ver
procedem;1;ver
gripes;1;nom
resfriados;1;nom
tradicionando;1;nr
desdenhar;1;ver
mistérios;1;nom
excitando;1;ver
destar;1;nr
design;1;nom
crescem;1;ver
relembradas;1;ver
mostrarão;1;ver
decepcionou;1;ver
lucado;1;nr
tropeçarão;1;nr
maquiados;1;ver
tramam;1;ver
cercar;1;ver
milcar;1;nr
perpétuo;1;adj
facetas;1;nom
jireh;1;nr
rafah;1;nr
afiliação;1;nom
filiações;1;nom
atribuídas;1;ver
negligenciar;1;ver
corro;1;ver
positivista;1;adj
açucarado;1;ver
perseverem;1;nr
deuteronômio;1;nom
125;1;num
abalados;1;adj
apeguemos;1;nr
professamos;1;ver
envergonhando;1;ver
contará;1;ver
grandiosidade;1;nom
desafiadores;1;adj
impensáveis;1;adj
habituados;1;adj
pragmáticas;1;adj
guardasse;1;ver
gerencia;1;ver
infernal;1;adj
acertando;1;ver
educacionamento;1;nr
crucificou;1;ver
cancelava;1;ver
cancela;1;ver
ouvo;1;nr
recíproco;1;adj
deliberando;1;ver
saul;1;nom
povoador;1;nom
gidão;1;nr
diminuído;1;ver
gideão;1;nr
fingem;1;ver
gero;1;ver
impossibilidades;1;nom
olharem;1;nom
afe;1;nr
arrependeram;1;ver
viveiro;1;nom
contarão;1;ver
azamento;1;nr
passeia;1;ver
fedia;1;ver
choravam;1;ver
assustou;1;ver
consolidadas;1;adj
rebento;1;nom
rompido;1;ver
romperam;1;ver
profetizada;1;ver
aguardava;1;ver
maldito;1;adj
anseavam;1;nr
ressus;1;nr
interrompia;1;ver
tamires;1;nr
zoe;1;ver
palpitando;1;ver
esconderá;1;ver
aclamarei;1;nr
acalmarei;1;nr
apaixonadamente;1;adv
coroados;1;adj
necessite;1;ver
reaja;1;ver
profetizam;1;ver
reclamou;1;ver
forjadas;1;ver
prosperem;1;ver
fundamentação;1;nom
acovarda;1;ver
multiplicou;1;ver
contaminados;1;adj
painéis;1;nom
quebrante;1;ver
distanciaram;1;ver
altivei;1;nr
vivamos;1;ver
indireta;1;adj
tentavam;1;ver_sup
pézinhos;1;nom
poupada;1;adj
malho;1;nom
preenchendo;1;ver
extensa;1;adj
honrosa;1;adj
branquinhos;1;adj
loirinho;1;adj
nicolasfera;1;nr
míope;1;adj
ligório;1;nr
repetimos;1;ver
forta;1;nr
satisfaça;1;ver
satisfazê;1;nr
desligando;1;ver
perecem;1;ver
rezaram;1;ver
orante;1;nr
oleiro;1;nom
emite;1;ver
kl;1;nr
mmopq;1;nr
soletrando;1;ver
letrinhas;1;nom
mudem;1;ver
assimilam;1;ver
abecedário;1;nom
oracional;1;adj
amaldiçoa;1;ver
renunciamos;1;ver
atormentar;1;ver
noivos;1;nom
encarnada;1;adj
expulse;1;ver
maldições;1;nom
impregnadas;1;adj
agressividade;1;nom
feitiço;1;nom
evocação;1;nom
simpatia;1;nom
cristais;1;nom
escutamos;1;ver
contaminação;1;nom
habitada;1;ver
lacto;1;ver
melvino;1;nr
diaconal;1;nr
presbiteral;1;nr
sugeriram;1;ver
paróquia;1;nom
sapatear;1;ver
obreira;1;nom
veludo;1;nom
curiosamente;1;adv
indescritível;1;adj
admiramos;1;ver
promissora;1;adj
testemunhando;1;ver
mudinho;1;adj
manjedoura;1;nom
sacramentar;1;ver
cantassem;1;ver
renascer;1;ver
belas;1;adj
poemas;1;nom
descrevem;1;ver
derradeiro;1;adj
manzotti;1;nr
soubermos;1;ver_sup
compôs;1;ver
cantasse;1;ver
rezava;1;ver
abracei;1;ver
noivas;1;nom
abrirei;1;ver
experts;1;nr
semelhantemente;1;adv
inespremíveis;1;nr
sonda;1;nom
calanzas;1;nr
gueto;1;nom
morris;1;nr
dallas;1;nom
cadastravada;1;nr
povinho;1;nom_sup
põem;1;ver
ativamos;1;nr
antecipação;1;nom
motivadas;1;ver
oravam;1;ver
pelejando;1;ver
bagagem;1;nom
inesprimíveis;1;nr
desprevenido;1;adj
pegos;1;ver_sup
atemorizar;1;ver
invalidará;1;nr
soparem;1;nr
tumba;1;nom
potestados;1;nr
profetisa;1;nom
devolvendo;1;ver
armaduras;1;nom
remarcar;1;ver
mataríamos;1;nr
brilho;1;nom
pelejas;1;nom
animadas;1;adj
negritos;1;adj
vaíram;1;nr
idiotizar;1;nr
revestiu;1;ver
ouvistem;1;nr
libertado;1;ver
livrará;1;ver
aparecimento;1;nom
ousado;1;adj
apodrecendo;1;ver
reanimá;1;nr
maca;1;nom
rafaela;1;nom
viajaria;1;ver
entregaria;1;ver
babando;1;ver
espumando;1;ver
rebolando;1;ver
souberam;1;ver_sup
doada;1;ver
úmida;1;adj
doava;1;ver
afogada;1;adj
orarão;1;nr
intensifica;1;ver
reservando;1;ver
deterá;1;ver
encaixo;1;ver
factóides;1;nr
chupava;1;ver
inexistente;1;adj
requisitado;1;ver
depredassem;1;nr
roitas;1;nr
trocas;1;nom
factoide;1;nr
conspiracionista;1;nr
exteriorista;1;nr
vapores;1;nom
setung;1;nr
popô;1;nr
proibirem;1;ver
manusear;1;ver
roguei;1;ver
afastasse;1;ver
repouse;1;ver
tocarem;1;ver
recíproca;1;adj
edificaram;1;ver
fortaleceram;1;ver
aliarpa;1;nr
terás;1;ver_sup
teologicamente;1;adv
sucinto;1;adj
rositas;1;nr
congregando;1;ver
clandestinas;1;adj
somavam;1;ver
chamadoserdofio;1;nr
moraviões;1;nr
abatistas;1;nr
calvinistas;1;adj
divisões;1;nom
durou;1;ver
fazendeiros;1;nom
1700;1;num
planejaram;1;ver
cantavam;1;ver
sorriu;1;ver
louvavam;1;ver
moraviados;1;nr
derrubei;1;ver
vacilos;1;nr
afirmava;1;ver
acalentado;1;adj
sensa;1;nr
beirada;1;ver
reclina;1;ver
zenete;1;nr
skate;1;nr
radiografias;1;nom
pulmão;1;nom
piorava;1;ver
invocação;1;nom
sobrenaturalmente;1;adv
provisões;1;nom
incitava;1;ver
convidava;1;ver
infiel;1;adj
tramandaí;1;nr
mutum;1;nom
esmagada;1;ver
musculatura;1;nom
tendões;1;nom
caroços;1;nom
acompanhamos;1;ver
regamos;1;nr
comas;1;ver
barulhos;1;nom
aquietarei;1;nr
tocha;1;nom
designará;1;ver
paralisamos;1;nr
arquitetada;1;ver
zacarias;1;nom
hipócritamente;1;nr
chopi;1;nr
mudançariam;1;nr
acomode;1;ver
estressados;1;ver
ramadã;1;nr
retiram;1;ver
acalmarem;1;ver
praticando;1;ver
melhoras;1;nom
almejado;1;adj
sonhado;1;ver
repetitivo;1;adj
exercitado;1;ver
aborrecido;1;adj
vergonhas;1;nom
recuperando;1;ver
selvagens;1;adj
arder;1;ver
tramado;1;ver
tortuoso;1;adj
apaixone;1;ver
contagiar;1;ver
edificando;1;ver
aproximassem;1;ver
elvis;1;nom
consolado;1;ver
cooper;1;nom
esburacados;1;ver
livrando;1;ver
serôdia;1;adj
inflamados;1;adj
numerosos;1;adj
arde;1;ver
conheceram;1;ver
caderninho;1;nom
vendi;1;ver
ansiosas;1;adj
matamos;1;ver
vocalista;1;nom
mutado;1;nr
animo;1;ver
revigorado;1;ver
decididas;1;adj
corrompe;1;ver
corrompida;1;adj
clamores;1;nom
respondam;1;ver
rotineiras;1;adj
historiadores;1;nom
estragos;1;nom
reformador;1;nom
detrito;1;nom
labareda;1;nom
nicologia;1;nr
alegro;1;nom
afastadas;1;adj
indignas;1;adj
biligã;1;nr
harbors;1;nr
pássaro;1;nom
asa;1;nom
corresponder;1;ver
apontamento;1;nom
adeque;1;nr
apraz;1;ver
embasadas;1;ver
direcionamentos;1;nom
cantados;1;ver
pregadas;1;ver
verbalizadas;1;ver
encolhidas;1;adj
podo;1;ver
frutifica;1;ver
infetada;1;ver
recebeis;1;nr
conserto;1;nom
concerto;1;nom
desata;1;ver
jugo;1;nom
naira;1;nr
manifestarem;1;ver
odiarem;1;ver
recíprocos;1;adj
rebatem;1;ver
reciprocidade;1;nom
baterem;1;ver
trafegue;1;ver
correspondendo;1;ver
sublimem;1;nr
andarem;1;nom
espanto;1;nom
amai;1;ver
ofensor;1;nom
mexo;1;ver
generalizada;1;adj
fujam;1;ver
exportar;1;ver
samara;1;nr
insistente;1;adj
enviava;1;ver
habilita;1;ver
invalide;1;ver
indignidade;1;nom
colossense;1;nr
continuavam;1;ver
espia;1;ver
alvoroçava;1;nr
inico;1;nr
trafega;1;ver
manuseio;1;nom
separá;1;nr
habitava;1;ver
aclamava;1;ver
adversa;1;adj
despretensiosamente;1;adv
lembrasse;1;ver
intercessora;1;nom
apresentavam;1;ver
engrandecedor;1;nr
novidades;1;nom
perdessemos;1;nr
rogar;1;ver
assertivos;1;adj
benignos;1;adj
alheios;1;adj
acharmos;1;ver
lóide;1;nr
subsistirá;1;ver
cestar;1;nr
quietude;1;nom
aquietar;1;ver
etar;1;nr
amaldiçoam;1;ver
maldizem;1;nr
diminuamos;1;nr
alinhada;1;ver
malignidade;1;nom
dormisse;1;ver
demoníacos;1;adj
corpórea;1;adj
voarem;1;ver
presenças;1;nom
atormentava;1;ver
denominei;1;ver
repreenda;1;ver
continuei;1;ver
atormentavam;1;ver
terapia;1;nom
genuínos;1;adj
conspiratórias;1;adj
09;1;num
desconfia;1;ver
apela;1;ver
ganharia;1;ver
twist;1;nom
mitiu;1;nr
fraudou;1;ver
atrelando;1;ver
landim;1;nr
homero;1;nom
aprovaria;1;ver
apresentassemos;1;nr
justificassem;1;ver
recriar;1;ver
periféricas;1;adj
financiava;1;ver
sofás;1;nom
barão;1;nom
itararé;1;nom
informando;1;ver
sepulta;1;ver
factóide;1;nr
pegasus;1;nr
rodinei;1;nr
proximidade;1;nom
questionados;1;ver
prs;1;nr
vasques;1;nr
subordinados;1;nom
determinações;1;nom
utilizava;1;ver
churrascos;1;nom
acusatório;1;adj
presunção;1;nom
culpada;1;adj
transitado;1;ver
interviu;1;ver
raja;1;ver
gabaglia;1;nom
pregressa;1;adj
durval;1;nr
frustradas;1;adj
culpo;1;ver
enviesado;1;ver
contradizem;1;ver
exploraremos;1;nr
cronologia;1;nom
privação;1;nom
relatorias;1;nr
ultimato;1;nom
jovenci;1;nr
inquidas;1;nr
imbuídas;1;ver
mijou;1;ver
observou;1;ver
essenciar;1;nr
achariam;1;ver
pararia;1;ver
peculato;1;nom
serger;1;nr
causarmos;1;ver
tumulti;1;nr
requisições;1;nom
femininas;1;adj
amoraçar;1;nr
inex;1;nr
batidas;1;nom
contras;1;pre
tumultua;1;ver
refuse;1;ver
sweetest;1;nr
reaches;1;nr
highest;1;nr
hearts;1;nr
hmm;1;nr
bit;1;nom
key;1;nr
acentos;1;nom
personalizando;1;ver
preventivamente;1;adv
potencialmente;1;adv
controlava;1;ver
supervisionando;1;ver
cautelares;1;adj
conceituoso;1;adj
honerem;1;nr
dançou;1;ver
verídicos;1;adj
contextualizados;1;nr
atinjam;1;ver
totalização;1;nom
banido;1;ver
descongeoide;1;nr
odiosos;1;adj
amodaçar;1;nr
julgaram;1;ver
delayon;1;nr
tutoriais;1;adj
deferiu;1;ver
censurou;1;ver
multou;1;ver
apontava;1;ver_sup
caçados;1;ver
delaynhol;1;nr
estimação;1;nom
votasse;1;ver
oitivas;1;nom
serpenido;1;nr
cpmia;1;nr
injustos;1;adj
ilude;1;ver
supetão;1;nom
compartilhados;1;ver
extraídos;1;ver
obtidos;1;adj
deslizadas;1;nr
voltavam;1;ver
começassem;1;ver
incadiou;1;nr
acareações;1;nom
invadidos;1;adj
esclarecida;1;adj
atrelavam;1;nr
edu;1;nom
astrofísica;1;nom
representá;1;nr
escalonar;1;ver
amplifica;1;ver
supremacistas;1;nr
242;1;num
semideus;1;nom
rasas;1;adj
passivas;1;adj
dependia;1;ver
diverge;1;ver
húmus;1;nom
diverte;1;ver
serciada;1;nr
ingênuos;1;adj
paler;1;nr
aglutinar;1;ver
pitada;1;nom
desamarrado;1;ver
mili;1;nr
engordei;1;nr
taz;1;nr
proveu;1;ver
abastecem;1;ver
ingestão;1;nom
caratapa;1;nr
impunha;1;ver
dignifica;1;ver
sancionadas;1;ver
328;1;num
contratudo;1;nr
401;1;num
aberturas;1;nom
equipados;1;adj
agitado;1;adj
244;1;num
1016;1;num
santuários;1;nom
eldiosos;1;nr
autêntica;1;adj
horizontina;1;nr
mochilinha;1;nr
suporta;1;ver
gradualmente;1;adv
inchado;1;adj
grossas;1;adj
rebatermos;1;nr
impedirmos;1;ver
merdas;1;nom
porcarias;1;nom
postava;1;ver
serciados;1;nr
lupo;1;nom
cavando;1;ver
incautos;1;nom
balangar;1;nr
beijos;1;nom
baixíssima;1;adj
gogó;1;nom
discricionária;1;adj
gerência;1;nom
imperial;1;adj
filadélfia;1;nom
upa;1;nom
valdomiro;1;nom
drenagem;1;nom
sideral;1;adj
proferindo;1;ver
638;1;num
433;1;num
cactos;1;nom
prates;1;nom
administ;1;nr
dispensou;1;ver
interino;1;adj
acarreta;1;ver
adesivinho;1;nr
dormente;1;adj
pretinho;1;adj
ilegalidade;1;nom
tratorada;1;nr
comorbidades;1;nr
g8;1;nr
suprimida;1;ver
hoffmann;1;nom
tebeth;1;nr
escolástica;1;nom
aldo;1;nom
rebelo;1;ver
cídio;1;nr
delação;1;nom
estafe;1;ver
agrário;1;adj
stédile;1;nr
produtivas;1;adj
carguinho;1;nr
suplicy;1;nom
jbs;1;nr
descartou;1;ver
originários;1;adj
sônia;1;nom
guajajara;1;nr
guismouken;1;nr
acordarem;1;ver
nebulosidade;1;nom
honrarei;1;ver
pedidas;1;nom
tiburi;1;nr
rendas;1;nom
disseminando;1;ver
janomes;1;nr
zezé;1;nom
zambelli;1;nr
amendoentrar;1;nr
tolida;1;nr
reverberada;1;nr
fortalecem;1;ver
consagrarei;1;nr
simulações;1;nom
montagens;1;nom
cachorrinhos;1;nom
desestimular;1;nr
ereção;1;nom
culatra;1;nom
veemência;1;nom
dispus;1;ver
picuinhas;1;nom
churros;1;nr
tes;1;nr
curvatura;1;nom
harmônico;1;adj
fiesp;1;nr
depedrando;1;nr
prossigam;1;ver
fiscalize;1;ver
governista;1;adj
generosos;1;adj
depredando;1;ver
diretista;1;nr
envergonharam;1;nr
praxetas;1;nr
alheias;1;adj
declaratório;1;adj
matarás;1;ver
acionistas;1;adj
intermitente;1;adj
endividamento;1;nom
indexado;1;ver
indexada;1;ver
empoeirada;1;adj
terrinha;1;nom
gerindo;1;ver
batalharei;1;nr
skype;1;nr
genuí;1;nr
licenciar;1;ver
brócolis;1;nom
emagrecer;1;ver
garras;1;nom
retidas;1;ver
investigatória;1;adj
achegar;1;ver
desencarcerar;1;nr
desmistralização;1;nr
discriminalizar;1;nr
militarizar;1;ver
desencaceará;1;nr
909;1;num
saidinhas;1;nr
detento;1;nom
viralize;1;nr
cansativa;1;adj
muriaé;1;nr
depositamos;1;ver
predifica;1;nr
balé;1;nom
dálmata;1;adj
briguei;1;ver
farofeiro;1;adj
lerem;1;ver
despenalizou;1;nr
informei;1;ver
difuso;1;adj
ocupo;1;ver
impressionei;1;nr
mostrava;1;ver
lojistas;1;nom
conciliar;1;ver
expressivas;1;adj
raspar;1;ver
jovemzinho;1;nr
mergulhado;1;ver
absteve;1;ver
entusiasta;1;nom
bairrista;1;adj
subjetivas;1;adj
tailândia;1;nom
perdãos;1;nr
perdões;1;nom
pipocando;1;ver
histéricas;1;adj
tímidos;1;adj
negociados;1;ver
recupera;1;ver
ingressem;1;ver
envolveram;1;ver
venceste;1;ver
boba;1;adj
emocionante;1;adj
penalidade;1;nom
emocionantes;1;adj
espantado;1;adj
eletivo;1;adj
entrevistei;1;ver
revoltadinhos;1;nr
bolsominion;1;nr
avise;1;ver
luvinha;1;nom
nervosinho;1;adj
textão;1;nr
prepotente;1;adj
bosteja;1;nr
alienada;1;adj
engomadinho;1;nr
fdp;1;nr
maiúscula;1;adj
dinâmicos;1;adj
curvando;1;ver
agas;1;nr
reizinho;1;nom
leco;1;nr
acampei;1;nr
sesi;1;nr
irritada;1;adj
prostitua;1;ver
olhinho;1;nom
conchavos;1;nom
brás;1;nom
jaciara;1;nom
voluntárias;1;adj
económica;1;adj
homeschool;1;nr
seleau;1;nr
coronelismo;1;nom
buarque;1;nom
rick;1;nr
tapinha;1;nom
tapinhos;1;nr
po3092;1;nr
votinho;1;nom
note;1;ver
desconfiado;1;adj
vapor;1;nom
perdurar;1;ver
desmontada;1;ver
hipóteta;1;nr
videopende;1;nr
obrigadão;1;nr
comal;1;nr
nicolá;1;nr
votara;1;ver
bonaro;1;nr
cuco;1;nom
miscigenado;1;adj
googlesclan;1;nr
combatidos;1;ver
concursan;1;nr
caricatas;1;adj
criançada;1;nom
enquadrá;1;nr
saqueados;1;ver
egler;1;nr
galilei;1;nr
patada;1;nom
pouquíssimo;1;pro_ind
autocarro;1;nom
encantada;1;adj
antipáticos;1;adj
flopou;1;nr
rabiscar;1;ver
furúnculo;1;nom
rabisca;1;ver
incisivas;1;adj
flamboy;1;nr
confirmo;1;ver
band;1;nr
kagome;1;nr
tuca;1;nr
piru;1;nr
churuco;1;nr
anunes;1;nr
tranquilizou;1;ver
harmonização;1;nom
mineral;1;adj
triturar;1;ver
bruxinha;1;nom
jamones;1;nr
processando;1;ver
politiqueiro;1;adj
alisa;1;ver
trade;1;ver
moderada;1;adj
filtrar;1;ver
pedagogas;1;nom
apologias;1;nom
traçando;1;ver
ronda;1;ver
tragar;1;ver
guerrilheira;1;adj
urbano;1;adj
reaproximação;1;nom
invertendo;1;ver
boff;1;nom
sentam;1;ver
desinstalem;1;nr
devagarzinho;1;nr
coral;1;nom
cedendo;1;ver
negarizá;1;nr
deturpam;1;ver
simplismo;1;nr
materialismo;1;nom
exatidão;1;nom
vigie;1;ver
surpreendendo;1;ver
lota;1;nom
inseguro;1;adj
motosseata;1;nr
sonares;1;nr
estacionam;1;ver
radialista;1;nom
apresentador;1;nom
selfie;1;nr
refletor;1;adj
paisagem;1;nom
jacko;1;nr
lotor;1;nr
molhada;1;adj
ultrapassamos;1;ver
450;1;num
573;1;num
fanático;1;nom
escapatória;1;adj
mimi;1;nr
elástica;1;adj
parceirinho;1;nr
435;1;num
raíssa;1;nr
clicasse;1;nr
867;1;num
6821801;1;num
931;1;num
bichinho;1;nom
anula;1;ver
cansei;1;ver
camisetas;1;nom
opressoras;1;adj
zerando;1;nr
coalizão;1;nom
argolinha;1;nom
flu;1;nr
comícios;1;nom
variam;1;ver
piatã;1;nr
chororó;1;nom
pixel;1;nr
apaixono;1;ver
cápsula;1;nom
berçario;1;nr
seculares;1;adj
atirei;1;ver
anticristão;1;adj
repentinamente;1;adv
coreografias;1;nom
apk;1;nr
pecarem;1;ver
absorvem;1;ver
papado;1;nom
infrutuosas;1;nr
pervertendo;1;ver
repreenção;1;nr
coleira;1;nom
cancerígena;1;adj
repudio;1;ver
adentrado;1;ver
potenciadores;1;nr
trovadores;1;nom
folclórico;1;adj
cruzamos;1;ver
suicidando;1;ver
translate;1;nr
estornaram;1;nr
apelativo;1;adj
tipificados;1;ver
dilmoney;1;nr
orgasmo;1;nom
embasou;1;ver
reimer;1;nr
tratá;1;nr
gêmeo;1;adj
dsm;1;nr
psiquiatria;1;nom
disforia;1;nr
inadequada;1;adj
aceitá;1;nr
college;1;nr
predictions;1;nr
pediatras;1;nom
fisiológico;1;adj
compadecem;1;ver
fundido;1;ver
homsexuais;1;nr
zelaya;1;nr
silmara;1;nom
sacra;1;adj
distinguem;1;ver
literal;1;adj
autógrafos;1;nom
rey;1;nr
advec;1;nr
autografando;1;ver
acabamento;1;nom
sumário;1;nom
luigi;1;nom
guinho;1;nr
corra;1;ver
esgotou;1;ver
vigorosa;1;adj
excludente;1;adj
preservado;1;ver
merendas;1;nom
inadequado;1;adj
guardinha;1;nr
pacha;1;nr
alkohole;1;nr
terminações;1;nom
rejeitamos;1;ver
vetores;1;nom
mariane;1;nr
fran;1;nr
217;1;num
aped;1;nr
refogar;1;ver
albino;1;adj
populações;1;nom
tapando;1;ver
poda;1;nom
desmerecendo;1;ver
portátil;1;adj
karla;1;nr
fisiológicas;1;adj
cravou;1;ver
preservei;1;ver
mosteiro;1;nom
injeção;1;nom
mesquita;1;nom
contagens;1;nom
transfobias;1;nr
fob;1;nr
discordei;1;ver
vaginos;1;nr
percussão;1;nom
centímetros;1;nom
30cm;1;nr
empoderado;1;nr
descolados;1;ver
desmate;1;ver
rings;1;nr
404;1;num
suicidaram;1;ver
soldando;1;ver
lojista;1;nom
comerciante;1;nom
andanças;1;nom
nojinho;1;nr
burocratização;1;nom
desburocratiza;1;ver
362;1;num
posturas;1;nom
888;1;num
monções;1;nom
incoerências;1;nom
calil;1;nr
túmulos;1;nom
caixões;1;nom
reiniciação;1;nr
hot;1;adj
wheels;1;nr
brincaram;1;ver
ben;1;nom
torta;1;adj
resuminho;1;nr
sobrando;1;ver
pediatra;1;nom
109;1;num
colhemos;1;ver
barulheira;1;nom
desocupada;1;adj
hunan;1;nr
mexicanos;1;adj
assumindo;1;ver
kiko;1;nr
kuhn;1;nom
orientadores;1;adj
entrassem;1;ver
pregados;1;ver
desmente;1;ver
dezesseis;1;adj_num
personne;1;nr
descemos;1;ver
poderdes;1;ver_sup
platinum;1;nr
humanizar;1;ver
desumaniza;1;ver
desvencilhar;1;ver
disparou;1;ver
copas;1;nom
aderindo;1;ver
xvii;1;nr
baboseiras;1;nom
dora;1;nom
recortar;1;ver
jaula;1;nom
dizimar;1;ver
extimpaes;1;nr
neutral;1;adj
litúrgico;1;adj
desaguar;1;ver
dislexos;1;nr
pachar;1;nr
impessoais;1;adj
inconscientes;1;adj
concorrem;1;ver
longíssimos;1;nr
gramaticalmente;1;adv
linguagens;1;nom
culta;1;adj
relegando;1;ver
claudinei;1;nom
julgou;1;ver
esmiuçar;1;ver
peculiaridades;1;nom
tripartição;1;nom
transige;1;nr
eleitorino;1;nr
beriam;1;nr
isolores;1;nr
contidas;1;adj
periféricos;1;adj
superadas;1;ver
celebrado;1;ver
bolsononista;1;nr
auê;1;nr
haras;1;nom
abrange;1;ver
inseridas;1;ver
normativo;1;adj
abortiça;1;nr
tratores;1;nom
baixão;1;nr
lol;1;nr
maqu;1;nr
manifestem;1;ver
bartô;1;nr
engle;1;nr
incubada;1;ver
vincar;1;ver
culpadas;1;adj
geradores;1;nom
raciocinei;1;nr
descumprem;1;ver
peep;1;nr
toe;1;ver
possibilitar;1;ver
kale;1;nr
largado;1;ver
buteco;1;nr
digestão;1;nom
imobilizaram;1;ver
cortante;1;adj
gala;1;nom
ingratos;1;adj
denegrir;1;ver
atentarem;1;ver
adverte;1;ver
anarquismo;1;nom
promotores;1;nom
sedendo;1;nr
dua;1;nr
fenda;1;nom
turfa;1;nom
onipresentes;1;adj
hip;1;ono
hop;1;nr
patinho;1;nom
perdidinha;1;nr
vermelindo;1;nr
manteremos;1;ver
educamos;1;nr
paradinho;1;nr
jogadorzinho;1;nr
percamos;1;ver
amador;1;adj
impomos;1;ver
organizando;1;ver
vermelhido;1;nr
cruzados;1;adj
cabano;1;adj
aulão;1;nr
curtam;1;ver
designer;1;nom
aprendesse;1;ver
maturação;1;nom
paranormal;1;nr
interessadas;1;adj
enésio;1;nr
bueno;1;nom
ires;1;ver_sup
adestra;1;ver
grafia;1;nom
comprarem;1;ver
detê;1;nr
nicolaska;1;nr
kaumarc;1;nr
nikon;1;nr
famosinho;1;nr
choras;1;ver
thalita;1;nr
félix;1;nom
mastigadas;1;ver
personalizado;1;ver
exclusividades;1;nom
colorizado;1;ver
aterro;1;nom
ativada;1;ver
porcos;1;nom
inflamável;1;adj
windo;1;nr
encara;1;ver
mbr;1;nr
sintetizado;1;ver
adorismo;1;nr
outrem;1;pro_ind
caule;1;nom
sipagnet;1;nr
misao;1;nr
mastigadinho;1;nr
baladinha;1;nr
decepcionar;1;ver
nivela;1;ver
nivelei;1;nr
aceleração;1;nom
ângulos;1;nom
fórmulas;1;nom
maquininha;1;nom
aves;1;nom
frozen;1;nr
hígia;1;nr
bandeirinhas;1;nom
acréscimo;1;nom
hidrogênio;1;nom
medalha;1;nom
curingas;1;nom
curtas;1;adj
proferida;1;adj
confrontada;1;ver
rolam;1;ver
controlo;1;nom
presentear;1;ver
lisa;1;adj
debatiam;1;ver
directo;1;adj
colete;1;nom
sombreadores;1;nr
hambúrguer;1;nom
sapecar;1;ver
funcionará;1;ver
investiria;1;ver
polishop;1;nr
aferra;1;ver
surtindo;1;ver
pof;1;nr
henes;1;nr
comprasse;1;ver
sobrepondo;1;ver
terminaria;1;ver
picando;1;ver
fit;1;nr
bã;1;nr
1934;1;num
glamourização;1;nr
interagirem;1;ver
midi;1;nr
bugando;1;nr
repostar;1;ver
aboim;1;nr
boletinho;1;nr
compraram;1;ver
preciosidade;1;nom
compensado;1;ver
pincelado;1;ver
trilhas;1;nom
caminhadas;1;nom
despreocupada;1;adj
assassina;1;nom
ib;1;nr
nf;1;nr
limão;1;nom
christopher;1;nom
gálatas;1;nom
biligran;1;nr
impureza;1;nom
idolatria;1;nom
odio;1;nr
discórdia;1;nom
dissensões;1;nom
embriaguez;1;nom
advirto;1;ver
aditivada;1;nr
pulseira;1;nom
arrebenta;1;ver
marchinha;1;nom
evangelizarmos;1;nr
acompanhara;1;ver
barrigudinho;1;nom
drogar;1;ver
prostíbulo;1;nom
ibiza;1;nr
titio;1;nom
cínicos;1;adj
suada;1;adj
fedendo;1;ver
baterias;1;nom
transcendental;1;adj
receptores;1;nom
opioides;1;nr
associados;1;adj
libere;1;ver
dopamina;1;nr
guitarristas;1;nom
grudado;1;ver
vidona;1;nr
mágoa;1;nom
sensorialmente;1;adv
tentador;1;adj
filósofa;1;adj
contemporânea;1;adj
contemporâneo;1;adj
aleksandr;1;nr
prevenido;1;ver
comuista;1;nr
liam;1;ver
cazaquistão;1;nom
shampoo;1;nr
satanismo;1;nom
chef;1;nr
conhecê;1;nr
estradeiro;1;adj
estável;1;adj
euros;1;nom
1951;1;num
evitou;1;ver
amadureci;1;ver
escultor;1;nom
extrai;1;ver
cinzel;1;nom
provações;1;nom
íntegros;1;adj
encare;1;ver
pesem;1;nom
gene;1;nom
pesquiso;1;ver
harmoniosa;1;adj
jiló;1;nom
travava;1;ver
experimentavam;1;ver
vivê;1;nr
tolentino;1;nom
cônjuge;1;nom
acrescentadas;1;ver
natimorto;1;nom
119;1;num
esquecerei;1;ver
tergente;1;nr
compreendiam;1;ver
elson;1;nr
prostrou;1;ver
angustiado;1;adj
isentou;1;ver
abandonaste;1;ver
martelada;1;ver
isentando;1;ver
afogando;1;ver
dormência;1;nom
indeterminado;1;adj
fasso;1;nr
volante;1;nom
darwin;1;nom
marcaram;1;ver
amparados;1;ver
fecham;1;ver
repetente;1;adj
desperdice;1;ver
exercita;1;ver
abaixa;1;ver
xô;1;ono
frivel;1;nr
decorações;1;nom
carneiro;1;nom
agarrar;1;ver
mui;1;adv
atentando;1;ver
expedida;1;ver
cível;1;adj
legalizados;1;ver
expediu;1;ver
involuntário;1;adj
eugenia;1;nom
durali;1;nr
titi;1;nr
secre;1;nr
deposite;1;ver
empenha;1;ver
juizo;1;nr
gemia;1;ver
concretizado;1;ver
gaguejar;1;ver
vermelhos;1;adj
negociando;1;ver
imperceptível;1;adj
fominha;1;nom
anãozinho;1;adj
distanciou;1;ver
aeromoças;1;nom
cagado;1;ver
vizeram;1;nr
vacinada;1;ver
testado;1;ver
marita;1;nr
normazinha;1;nr
rack;1;nr
burlar;1;ver
saladas;1;nom
achatar;1;ver
va;1;nr
capitães;1;nom
impedidas;1;ver
prevenções;1;nom
peladinha;1;nom
reaquecer;1;ver
adrianópolis;1;nom
suíço;1;adj
edilene;1;nr
ajudavam;1;ver
freia;1;ver
desregrado;1;adj
adoidado;1;adj
africa;1;ver
inserindo;1;ver
espelhando;1;ver
constrangeu;1;ver
tav;1;nr
turnê;1;nom
translado;1;ver
coberto;1;ver
tranquilize;1;ver
escutaria;1;ver
legalizado;1;ver
sagradas;1;adj
marielen;1;nr
cachadinha;1;nr
cmbh;1;nr
surpreendeu;1;ver
pizzaria;1;nom
riff;1;nr
raff;1;nr
recuada;1;adj
pediriam;1;ver
funcionalista;1;adj
comido;1;ver
economizar;1;ver
critiquei;1;ver
precaução;1;nom
valdonado;1;nr
llamo;1;nr
incisiva;1;adj
concordei;1;ver
acessórios;1;nom
trópicos;1;nom
angu;1;nom
codemig;1;nr
urbanização;1;nom
friday;1;nr
varinha;1;nom
fazedor;1;nom
saturno;1;adj
colei;1;ver
vazados;1;ver
despertam;1;nom
loiras;1;adj
délhi;1;nr
guardiões;1;nom
neologica;1;nr
vao;1;nr
reportarem;1;ver
angariaram;1;ver
refugiado;1;ver
envelheceu;1;ver
embrearam;1;nr
amparamos;1;nr
canários;1;nom
dançamos;1;ver
eslovaca;1;adj
tatra;1;nr
strauss;1;nr
bolsominio;1;nr
alisando;1;ver
karnal;1;nr
gafe;1;nom
jogral;1;nom
bárbara;1;adj
mdl;1;nr
desbravar;1;ver
baixas;1;adj
estremecem;1;ver
abracem;1;ver
quietinhos;1;adj 
problemão;1;nr
resolvem;1;ver
ix;1;nr
teórica;1;adj
afetividade;1;nom
afetivamente;1;adv
conquistá;1;nr
irritação;1;nom
concept;1;nr
bisexual;1;nr
montam;1;ver
intersexual;1;nr
cuir;1;nr
boticário;1;nom
mastercard;1;nr
postiça;1;adj
malão;1;nr
alision;1;nr
financiam;1;ver
relaxamento;1;nom
excel;1;nom
profissionalizantes;1;adj
caminharem;1;ver
desmonetizados;1;nr
boia;1;nr
sedutora;1;adj
cheira;1;ver
girafas;1;nom
desserviço;1;nom
toxina;1;nom
vacinal;1;adj
impugnado;1;ver
concepcionais;1;nr
contraponto;1;nom
periódico;1;adj
carmelo;1;nom
heroína;1;nom
levavam;1;ver
secando;1;ver
tentáculos;1;nom
completada;1;ver
envelheçam;1;ver
il;1;nr
intolerável;1;adj
tolerado;1;adj
tolerável;1;adj
sereio;1;nr
desperdício;1;nom
comunicaciones;1;nr
genocídios;1;nom
vacinadas;1;ver
recomeço;1;nom
afligem;1;ver
oval;1;adj
entressafra;1;nom
respingos;1;nom
turística;1;adj
alertou;1;ver
trabalhassem;1;ver_sup
alínea;1;nom
adequali;1;nr
voltassem;1;ver
canelo;1;nom
lucy;1;nr
cronômetro;1;nom
gaming;1;nr
filipe;1;nom
medeiros;1;nom
neurônio;1;nom
charizard;1;nr
escasso;1;adj
arrobas;1;nom
nana;1;ver
originou;1;ver
desaba;1;ver
overdose;1;nom
vencestes;1;nr
brigavam;1;ver
detran;1;nr
japonesa;1;adj
modificados;1;adj
rimos;1;ver
tatuí;1;nom
enfrentavam;1;ver
transcendência;1;nom
almo;1;nr
humilhações;1;nom
renderemos;1;nr
short;1;nom
resultaram;1;ver
leo;1;nr
zinco;1;nom
oficina;1;nom
wars;1;nr
nutricionista;1;nom
brigalhada;1;nom
ofendi;1;ver
emir;1;nom
bancados;1;ver
neck;1;nr
procê;1;nr
suando;1;ver
kabuto;1;nr
desenhasse;1;ver
agarrando;1;ver
culminando;1;ver
encostando;1;ver
obesidade;1;nom
provérbio;1;nom
miro;1;ver
maizena;1;nom
abjeta;1;adj
facas;1;nom
automated;1;nr
admitira;1;ver
robata;1;nr
monetários;1;adj
mantêm;1;ver
amolecendo;1;ver
gaja;1;ver
cobiça;1;nom
vacinei;1;nr
trairão;1;ver
amadurecimento;1;nom
escadas;1;nom
cândida;1;adj
bragança;1;nom
salãozinho;1;nr
bloqueava;1;ver
comprava;1;ver
pixan;1;nr
blitzkrieg;1;nom
avisaram;1;ver
paulatinamente;1;adv
cercando;1;ver
convencionais;1;adj
crimeia;1;nr
separada;1;adj
reuniãozinha;1;nom
homenzinho;1;nom
soldadinho;1;nom
toy;1;nr
uniformizado;1;ver
regulares;1;adj
anexada;1;ver
salada;1;nom
chantageando;1;ver
serviram;1;ver
morna;1;adj
strategic;1;nr
jatinhos;1;nom
putty;1;nr
lips;1;nr
mary;1;nom
instalaram;1;ver
empurro;1;ver
voadora;1;adj
intercalar;1;ver
nucleares;1;adj
troço;1;nom
impopular;1;adj
bertil;1;nr
logístico;1;adj
preparasse;1;ver
cinematográfico;1;adj
operante;1;adj
orgânicas;1;adj
visacro;1;nr
consultor;1;nom
nomenclaturas;1;nom
suborno;1;nom
comercializando;1;ver
torrent;1;nr
porrete;1;nom
garantidor;1;adj
perfor;1;nr
táticos;1;adj
bizu;1;nr
computing;1;nr
descredibilizados;1;nr
tronto;1;nr
artificiais;1;adj
assinam;1;ver
reset;1;nr
camente;1;nr
energética;1;adj
reassumiu;1;ver
blinder;1;nr
sulamerica;1;nr
sipec;1;nr
prescrever;1;ver
previsões;1;nom
livram;1;ver
fretaram;1;ver
parquinho;1;nom
palito;1;nom
cercas;1;nom
elétricas;1;adj
tupac;1;nr
opus;1;nom
elástico;1;adj
trabajadores;1;nr
mik;1;nr
esquerdas;1;adj
micos;1;nom
commune;1;nr
chileno;1;adj
extrapolitico;1;nr
jabazão;1;nr
oz;1;nr
desvitalização;1;nr
bandos;1;nom
mancham;1;ver
romantização;1;nr
utilizará;1;ver
degradando;1;ver
dinheiros;1;nom
alucinógenos;1;adj
selena;1;nr
justificado;1;adj
tristão;1;nom
perfeitinha;1;nr
dakar;1;nom
medicinal;1;adj
julgueis;1;ver
condene;1;ver
ative;1;ver
alugava;1;ver
1988;1;num
sorrio;1;ver
morde;1;ver
perifa;1;nr
automação;1;nom
limpas;1;ver
repassados;1;ver
arcoverde;1;nom
tretinha;1;nr
estipula;1;ver
rodeia;1;ver
hubble;1;nr
gagliasso;1;nr
birrinha;1;nom
bimassa;1;nr
viciar;1;ver
lennon;1;nr
mb;1;nr
negociarem;1;ver
prada;1;nr
tecedores;1;nom
churrasqueiro;1;nom
exatas;1;adj
previu;1;ver
dináh;1;nr
petisco;1;nom
indecorosos;1;adj
acionados;1;ver
cyro;1;nom
almoçam;1;ver
nezinho;1;nr
pedofe;1;nr
db;1;nr
lésbicas;1;nom
fólico;1;adj
dico;1;ver
almocei;1;ver
exagerado;1;adj
brega;1;nom
harvey;1;nr
milk;1;nr
celebrando;1;ver
galã;1;nom
cabeleireiro;1;nom
subconsciente;1;nom
orgânicos;1;adj
estruturam;1;ver
evolucionário;1;adj
conotativa;1;adj
opina;1;ver
bradesco;1;nom
logia;1;nr
paracuru;1;nr
timor;1;nr
rígida;1;adj
leãozinho;1;nom
nacionalizar;1;ver
motores;1;nom
abacate;1;nom
juba;1;nom
manchas;1;nom
rabanete;1;nom
rabanel;1;nr
actividade;1;nom
btt;1;nr
sabá;1;nr
boina;1;nom
sentava;1;ver
llegando;1;nr
player;1;nr
resguardo;1;nom
palheiro;1;nom
concordasse;1;ver
talibã;1;nr
temperado;1;adj
marqueteiros;1;nom
padronizadas;1;ver
paulinha;1;nr
animadores;1;nom
amoedo;1;ver
recreio;1;nom
esgotado;1;adj
tradutor;1;nom
surfava;1;ver
bajulador;1;adj
casaca;1;nom
bajulando;1;ver
dezoito;1;adj_num
morgado;1;nom
russel;1;nom
benjamin;1;nom
wilker;1;nr
certidões;1;nom
helô;1;nr
endoidou;1;ver
belezinhas;1;nr
publix;1;nr
doidou;1;nr
licorzinho;1;nr
tóquio;1;nom
hamilton;1;nom
livrarias;1;nom
paia;1;adj
encosto;1;nom
pontocom;1;nr
toronto;1;nom
demorando;1;ver
devagarinho;1;adv
prontas;1;adv
justifique;1;ver
encarnou;1;ver
agumentativa;1;nr
argumentativa;1;adj
concentrar;1;ver
licor;1;nom
capitular;1;adj
mcfly;1;nr
bananinha;1;nom
encarna;1;ver
rodeado;1;ver
baixíssimo;1;adj
emily;1;nom
reformista;1;adj
konder;1;nr
negativação;1;nr
capotando;1;ver
marise;1;nr
bezerrinho;1;nom
pedrinhas;1;nom
backstreet;1;nr
boys;1;nom
console;1;ver
nogueira;1;nom
294;1;num
fadaram;1;ver
romário;1;nom
borra;1;nom
somebody;1;nr
slim;1;nr
fast;1;nr
ultimamente;1;adv
numeração;1;nom
oxide;1;ver
fun;1;nr
upando;1;ver
hipotética;1;adj
unia;1;ver
mede;1;ver
mire;1;ver
wyllys;1;nr
lotov;1;nr
labanca;1;nr
vazando;1;ver
bagaça;1;nr
enjoar;1;ver
soro;1;nom
queiroga;1;nr
homologou;1;ver
herval;1;nr
polarizou;1;ver
resultante;1;adj
duplicou;1;ver
engavetador;1;nr
edifício;1;nom
precatório;1;adj
pontear;1;ver
carai;1;nr
fígado;1;nom
palatável;1;adj
aderem;1;ver
explosiva;1;adj
cornerback;1;nr
imunizante;1;nr
transgênica;1;nom
butantã;1;nom
contracorrente;1;nom
butantan;1;nr
costurei;1;nr
ocorram;1;ver
piquenique;1;nom
palace;1;nr
porco;1;nom
879;1;num
exportador;1;nom
embargo;1;nom
transacionar;1;ver
pirsant;1;nr
bot;1;nr
alfinetada;1;nom
coquinho;1;nom
exaltavam;1;ver
blazer;1;nom
taliria;1;nr
petrone;1;nr
impítima;1;nr
dedinho;1;nom
duvidava;1;ver
vibração;1;nom
microsffer;1;nr
ponteiras;1;nom
cbo;1;nr
blog;1;nr
angeles;1;nom
aquí;1;nr
economizou;1;ver
iran;1;nom
sublinhou;1;ver
hilarino;1;nr
bell;1;nom
palio;1;ver
lândia;1;nr
vibrei;1;nr
animar;1;ver
elegendo;1;ver
virador;1;nom
acelerador;1;adj
engolidos;1;ver
isqueiro;1;nom
implodir;1;nr
vaquinhas;1;nom
adm;1;nr
costureira;1;nom
telegrama;1;nom
valência;1;nom
improcedente;1;adj
jornaleco;1;nom
candidaturas;1;nom
salvaterra;1;nr
achem;1;ver
bigode;1;nom
pormenores;1;nom
chames;1;ver
fiscalizatório;1;nr
recusado;1;ver
pow;1;nr
choquinho;1;nr
aceitasse;1;ver
contribuíam;1;ver
vacinando;1;nr
sensual;1;adj
cooptando;1;ver
0319;1;num
8484;1;num
19844;1;num
142857;1;num
averiguando;1;ver
chupar;1;ver
cardiologista;1;nom
cti;1;nr
2110;1;num
hermes;1;nom
vilchez;1;nr
guerrero;1;nr
configurado;1;ver
brothers;1;nr
boçais;1;adj
politiqueiros;1;adj
impresiones;1;nr
ajustiça;1;ver
corona;1;nom
rebaixo;1;nom
excusando;1;nr
belos;1;adj
gontinhos;1;nr
recuarei;1;nr
174;1;num
internauta;1;nr
coleguinhas;1;nr
desvalorizou;1;ver
jovialidade;1;nom
porishop;1;nr
sediado;1;ver
caluniando;1;ver
evaristo;1;nom
dawn;1;nr
tocá;1;nr
apreendidas;1;ver
tulipas;1;nom
submetralhadora;1;nom
escopeta;1;nom
granadas;1;nom
muniz;1;nom
news24;1;nr
prp;1;nr
conca;1;nr
comunicaram;1;ver
laives;1;ver
transformamos;1;ver
consulado;1;nom
simplista;1;adj
suicídios;1;nom
lipe;1;nr
frank;1;nom
anticomunismo;1;nom
nobel;1;nom
prendi;1;ver
revolucionar;1;ver
repara;1;ver
topzera;1;nr
delicioso;1;adj
demonize;1;nr
conduzia;1;ver
colação;1;nom
mocional;1;nr
resistente;1;adj
ameríndia;1;adj
calvinismo;1;nom
cabrito;1;nom
juazeiro;1;nom
valorizou;1;ver
salzinho;1;nr
sossegado;1;adj
blacklights;1;nr
blackwell;1;nr
1672;1;num
inoperância;1;nom
funcionalidade;1;nom
utopia;1;nom
risca;1;nom
ressentimentos;1;nom
fortal;1;nr
ligadinho;1;nr
climas;1;nom
empurradinha;1;nr
fontenelle;1;nr
madonna;1;nom
asus;1;nr
afinar;1;ver
impermetal;1;nr
contaminaram;1;ver
disponibilizou;1;ver
braulio;1;nr
overloque;1;nom
brandão;1;nom
carlinhos;1;nom
deslaciar;1;nr
secas;1;adj
delivery;1;nr
finalizações;1;nom
birds;1;nr
harmonizando;1;ver
vulneração;1;nr
pojuca;1;nr
donas;1;nom
esperta;1;adj
avenidas;1;nom
abortadas;1;ver
inatas;1;adj
magaly;1;nr
brooklin;1;nr
daninha;1;adj
kilos;1;nr
magnetight;1;nr
sartre;1;nom
trotsky;1;nom
descartam;1;ver
excluída;1;ver
amniótico;1;adj
viaduto;1;nom
acolher;1;ver
propensão;1;nom
emissão;1;nom
gostado;1;ver
pediatria;1;nom
recomendam;1;ver
letalidade;1;nom
internações;1;nom
assintomático;1;adj
lençol;1;nom
porradas;1;nom
comento;1;ver
lamber;1;ver
pregaram;1;ver
registrei;1;ver
resguardei;1;nr
resguardado;1;ver
tomaz;1;nr
197;1;num
1200000;1;num
laires;1;nr
algemado;1;ver
camburão;1;nom
propagam;1;ver
procurava;1;ver
propago;1;nr
propagado;1;ver
corolla;1;nr
recua;1;ver
applaudir;1;nr
protocolam;1;adj
tapam;1;ver
podar;1;ver
transitando;1;ver
cumprimenta;1;ver
vênus;1;nom
escultura;1;nom
realçam;1;ver
retratados;1;ver
gordas;1;adj
abastados;1;adj
machuco;1;ver
requisito;1;nom
desrespeitei;1;ver
assíduo;1;adj
cartada;1;nom
viessem;1;ver
focinho;1;nom
chalai;1;nr
administrativamente;1;adv
heitor;1;nom
esfriada;1;ver
caique;1;nr
confirme;1;ver
anapu;1;nr
trezentas;1;adj_num
rodou;1;ver
bhz;1;nr
durado;1;ver
provaram;1;ver
vc;1;nr
nutrem;1;ver
myllena;1;nr
brunch;1;nr
barbearia;1;nom
elevados;1;adj
imaturo;1;adj
más;1;adj
levantavam;1;ver
profetinho;1;nr
imatura;1;adj
pororó;1;nr
imaturos;1;adj
assumido;1;adj
obscurantista;1;adj
exibe;1;ver
obstrutiva;1;adj
textura;1;nom
cédulas;1;nom
valorizo;1;ver
obscurantismo;1;nom
retroculus;1;nr
nec;1;nr
reacionário;1;adj
audácia;1;nom
partidas;1;nom
irônicos;1;adj
parcelam;1;nr
vítor;1;nom
roseli;1;nom
oponente;1;nom
trancamento;1;nom
releito;1;nr
constatar;1;ver
antagônicas;1;adj
existissem;1;ver
operador;1;nom
restritivas;1;adj
decretado;1;adv
tomaria;1;ver
varias;1;ver
engessado;1;ver
cipec;1;nr
cepac;1;nr
incipiente;1;adj
turnpoint;1;nr
sinuca;1;nom
graduei;1;ver
organizamos;1;ver
prince;1;nr
salames;1;nom
arquivar;1;ver
arquivamento;1;nom
governação;1;nom
shoppings;1;nom
abarrotados;1;ver
espujam;1;nr
celebre;1;ver
missas;1;nom
circulou;1;adj
derraik;1;nr
nebulosa;1;adj
possue;1;nr
dickless;1;nr
saião;1;nom
piriguete;1;nr
fecharem;1;ver
bailes;1;nom
denunciadas;1;ver
delegaciones;1;nr
sertão;1;nom
sinou;1;nr
consultórios;1;nom
panabor;1;nr
lidou;1;ver
antonina;1;nom
a189;1;nr
hospitalidade;1;nom
expulsava;1;ver
cartago;1;nom
cuidavam;1;ver
moribundos;1;adj
rodney;1;nom
stark;1;nr
elton;1;nr
calcula;1;ver
271;1;num
infectados;1;adj
propagasse;1;ver
pagãos;1;adj
devastadora;1;adj
improvisados;1;adj
auxiliavam;1;nom
enfermeiros;1;nom
leigos;1;adj
negligencia;1;ver
precisasse;1;ver
desempregada;1;adj
decorou;1;ver
constatado;1;ver
tuberculose;1;nom
ordeiras;1;adj
primitivos;1;adj
1817;1;num
pastoreava;1;ver
roubavam;1;ver
tracionar;1;ver
raciocino;1;ver
podiam;1;ver_sup
gazeta;1;nom
1908;1;num
1919;1;num
presbiteriano;1;adj
1880;1;num
expedição;1;nom
criminis;1;nr
postulatória;1;adj
amaro;1;adj
d10;1;nr
pretto;1;nr
fiscalizadora;1;adj
indignando;1;ver
decolado;1;ver
grow;1;nr
biólogo;1;nom
pesquisador;1;nom
buraquinhos;1;nom
saliva;1;nom
criativos;1;adj
emprega;1;ver
cuidadoso;1;adj
suel;1;nr
biruliru;1;nr
declinação;1;nom
míssil;1;nom
escondam;1;ver
projetinhos;1;nr
flagra;1;ver
esponjas;1;nom
estojo;1;nom
isis;1;nom
valentina;1;nom
atrofia;1;nom
muscular;1;adj
espinhal;1;adj
destratar;1;ver
desmamar;1;ver
visconde;1;nom
namoraria;1;ver
degração;1;nr
ratio;1;nr
torso;1;nom
uníssono;1;adj
califa;1;nom
espação;1;nr
desbloquear;1;ver
costura;1;nom
pedradas;1;nom
ball;1;nr
ameaçam;1;ver
incorre;1;ver
pedágio;1;nom
mir;1;nr
lace;1;ver
pe;1;nr
realocação;1;nr
assumisse;1;ver
atenderá;1;ver
desertando;1;ver
msp;1;nr
polarizados;1;ver
profissionalmente;1;adv
autoritários;1;adj
cingapura;1;nom
capu;1;nr
strass;1;nr
chicago;1;nom
estratosféricos;1;adj
elaborassem;1;ver
zojila;1;nr
bote;1;nom
catarismo;1;nr
adidas;1;nom
resolverem;1;ver
proporci;1;nr
equivalência;1;nom
tecidinho;1;nr
compram;1;ver
vagar;1;nom
neurocirurgião;1;nom
miuras;1;nr
quinhentos;1;adj_num
cidinha;1;nr
florzinha;1;nom
aptidão;1;nom
coco;1;nom
acentue;1;ver
aliando;1;ver
concretizada;1;ver
conseguissem;1;ver
contábeis;1;adj
contábil;1;adj
malvados;1;adj
windows;1;nom
programador;1;nom
varal;1;nom
mentality;1;nr
pelé;1;nom
equalizar;1;nr
coruja;1;nom
diferencia;1;ver
infame;1;adj
capotarias;1;nr
i30;1;nr
empregava;1;ver
caçava;1;ver
empenharam;1;ver
matan;1;nr
pescado;1;nom
1818;1;num
jeitão;1;nom
atrativas;1;nom
cílios;1;nom
euzinho;1;nr
multijovem;1;nr
forro;1;nom
subtipo;1;nom
soprador;1;nom
monismo;1;nom
espacinho;1;nom
reprováveis;1;adj
praticante;1;nom
maicon;1;nr
apagado;1;adj
confortante;1;adj
confrontantes;1;nom
pesqueiro;1;adj
acalentara;1;nr
finalizada;1;ver
ilusória;1;adj
ametista;1;nom
transcrevi;1;ver
folgado;1;adj
espontâneo;1;adj
mousse;1;nom
espantados;1;adj
kegel;1;nr
388;1;num
escovar;1;ver
apta;1;ver
cometerei;1;ver
posar;1;ver
pelada;1;adj
suzaninha;1;nr
cata;1;nom
luvas;1;nom
depiroll;1;nr
desço;1;ver
justiceiro;1;adj
zebra;1;nom
profundezas;1;nom
passadora;1;nom
mandioca;1;nom
anexei;1;ver
mpl;1;nr
katy;1;nr
contrações;1;nom
confeiteiro;1;nom
colonize;1;nr
penarise;1;nr
imaginários;1;adj
migue;1;ver
julia;1;nom
ortografia;1;nom
ilan;1;nr
binaris;1;nr
identificam;1;ver
enix;1;nr
neutre;1;nr
spoke;1;nr
luminosity;1;nr
elx;1;nr
anfolo;1;nr
lete;1;nr
segure;1;ver
adotarem;1;ver
athletic;1;nr
mineiri;1;nr
vasc;1;nr
gummy;1;nr
aló;1;nr
flameng;1;nr
ciara;1;ver
palmeiras;1;nom
sport;1;nr
bull;1;nom
donar;1;nr
gouveia;1;nom
ted;1;nom
carato;1;nr
retardadice;1;nr
caster;1;nr
ofensivos;1;adj
desconstruindo;1;ver
imutáveis;1;adj
nascida;1;nom
sleiman;1;nr
cuidarem;1;ver
designei;1;nr
darley;1;nr
subjetivos;1;adj
jaqueline;1;nom
abortado;1;ver
abordei;1;ver
jennifer;1;nom
christie;1;nom
simplória;1;adj
gramas;1;nom
ultrapassava;1;ver
cesária;1;nr
induzido;1;adj
imprudentes;1;adj
posiciono;1;ver
severos;1;adj
ina;1;nr
giram;1;ver
atraente;1;adj
cesárea;1;adj
zig;1;nr
nei;1;nr
radicalizar;1;ver
intensivo;1;adj
egípcios;1;adj
cartola;1;nom
atualizados;1;ver
consome;1;ver
alcídio;1;nom
esquisitas;1;adj
ópio;1;nom
surpresinha;1;nr
diaboli;1;nr
comics;1;nr
esquerdismo;1;nom
iluminadas;1;adj
agoram;1;nr
escolásticos;1;nom
arquiteturas;1;nom
matará;1;ver
abacaxis;1;nom
retratos;1;nom
substituídos;1;ver
cuian;1;nr
concentra;1;ver
substituem;1;ver
fia;1;ver
acrolândia;1;nr
willis;1;nr
prum;1;nr
woods;1;nr
enforcado;1;adj
superaquecido;1;ver
rejeitando;1;ver
reatam;1;ver
arquipélogo;1;nr
227;1;num
étant;1;nr
encará;1;nr
controlando;1;ver
bordo;1;nom
karev;1;nr
apática;1;adj
lembranças;1;nom
injeções;1;nom
contristados;1;ver
tentações;1;nom
oseias;1;nr
despedaçou;1;ver
suscetível;1;adj
1926;1;num
1937;1;num
genialidade;1;nom
proletários;1;adj
revis;1;nr
flagramos;1;nr
pisca;1;nom
moneycontrol;1;nr
hábitos;1;nom
linguísticos;1;adj
granjo;1;nr
varredura;1;nom
simbologias;1;nom
crucifixos;1;nom
reverencia;1;ver
palmares;1;nom
encomendar;1;ver
respira;1;ver
enviam;1;ver
ardo;1;ver
grammys;1;nr
rouco;1;adj
cromossoma;1;nom
xyxx;1;nr
bonequinha;1;nom
anatômicas;1;adj
estrógeno;1;nom
subtraído;1;ver
vidente;1;nom
obesa;1;adj
obtendo;1;ver
tônus;1;nom
ricardão;1;nom
shell;1;nom
indirect;1;nr
sweet;1;nr
3d;1;nr
classf;1;nr
avoiding;1;nr
joke;1;nr
sur;1;nr
jujuba;1;nom
corresse;1;ver
intragênero;1;nr
stephanie;1;nr
condado;1;nom
maricopa;1;nr
transmissões;1;nom
dolorosas;1;adj
extração;1;nom
dentária;1;adj
molhadas;1;adj
colorir;1;ver
aparecido;1;ver
castaldo;1;nr
tipicidade;1;nom
geradora;1;nom
procriar;1;ver
prole;1;nom
procriação;1;nom
geki;1;nr
espetado;1;adj
espiãs;1;nom
pig;1;nr
indra;1;nr
escandinavos;1;adj
desestruturar;1;nr
bojo;1;nom
229;1;num
carona;1;nom
2131;1;num
exagero;1;nom
tapioca;1;nom
graus;1;nom
cabresto;1;nom
duo;1;nom
ufc;1;nr
digitador;1;nom
passeatas;1;nom
esfaquear;1;ver
treinarei;1;nr
franqueadas;1;ver
custei;1;ver
florestal;1;adj
ensanguentada;1;ver
daquidali;1;nr
empurrando;1;ver
descuido;1;nom
pescou;1;ver
puck;1;nr
napo;1;nr
aggeo;1;nr
continha;1;ver
flocos;1;nom
hetero;1;nr
coo;1;nr
emmett;1;nr
engolirem;1;ver
sufocarem;1;ver
equipo;1;ver
revira;1;ver
educaram;1;ver
soft;1;nr
seminua;1;adj
lavei;1;ver
abelhas;1;nom
enganadoras;1;adj
tirinha;1;nom
esfriará;1;nr
assustam;1;ver
traem;1;ver
rechear;1;ver
conquistam;1;ver
piamente;1;adv
exorta;1;ver
odiarão;1;ver
odiaram;1;ver
cato;1;nom
grosseiro;1;adj
preguiçosas;1;adj
areias;1;nom
intitulando;1;ver
enrico;1;ver
corradini;1;nr
adiantava;1;ver
proletário;1;adj
tornavam;1;ver
planetárias;1;nom
burguesas;1;adj
1935;1;num
escorrer;1;ver
fornecida;1;ver
carácter;1;nom
resquício;1;nom
impregnada;1;ver
harmonizarmos;1;nr
arbitragem;1;nom
harmonizar;1;ver
habitaria;1;ver
rhesus;1;nr
remodelar;1;ver
incontestável;1;adj
bumbum;1;nom
modelagem;1;nom
remodelagem;1;nom
fática;1;adj
olimpo;1;nr
facista;1;nr
mundista;1;nr
portariado;1;nr
estatizante;1;adj
melzinha;1;nr
sencillos;1;nr
acepção;1;nom
realizadores;1;nom
leviatã;1;nr
benito;1;nom
coradini;1;nr
ak;1;nr
terapêutica;1;adj
terapeuta;1;nom
infectologista;1;adj
uip;1;nr
recomendou;1;ver
mandetta;1;nr
desbloqueio;1;nom
insumos;1;nom
farmacêuticos;1;nom
tecla;1;nom
organizei;1;ver
canaã;1;nom
insistiu;1;ver
recuperam;1;ver
intriguinha;1;nr
engolindo;1;ver
candida;1;nr
afunde;1;ver
danbilzeria;1;nr
multimilionário;1;adj
bilzerian;1;nr
empoderamento;1;nr
lambe;1;ver
tapão;1;nr
buzina;1;nom
romantizado;1;ver
cin;1;nr
luiza;1;nom
objetificar;1;nr
esfregando;1;ver
sonza;1;nr
miosina;1;nom
dobradura;1;nom
amorzinho;1;nom
hudson;1;nr
divertindo;1;ver
largou;1;ver
relaxada;1;adj
cozinhar;1;ver
anoitecer;1;nom
danoninho;1;nr
preguiçosa;1;adj
dramaturgia;1;nom
puxão;1;nom
pilão;1;nom
desordenado;1;adj
interpass;1;nr
crack;1;nom
recuou;1;ver
sanitária;1;adj
carvão;1;nom
magoga;1;nr
tranca;1;ver
infectadas;1;adj
isoladas;1;adj
demagogos;1;adj
engasgar;1;ver
ipsemg;1;nr
assintomática;1;adj
paninho;1;nom
virus;1;nr
preocuparam;1;ver
galisteu;1;nom
desembolsou;1;ver
gastarei;1;nr
desembolsei;1;nr
hair;1;nr
finalista;1;adj
145;1;num
1600;1;num
kfc;1;nr
jk;1;nr
ulysses;1;nom
montoro;1;nom
descubram;1;ver
314;1;num
venerado;1;adj
conciliarmos;1;ver
nuestra;1;nr
lutia;1;nr
macedo;1;nom
tratos;1;nom
despropriação;1;nr
1978;1;num
vtr;1;nr
kosel;1;nr
quadragésima;1;adj_num
potes;1;nom
pasep;1;nr
infraero;1;nr
ctn;1;nr
nati;1;nr
citados;1;adj
homenageou;1;ver
centenário;1;nom
sway;1;nr
cry;1;nr
bread;1;nr
machine;1;nr
recipes;1;nr
field;1;nr
galaxy;1;nr
single;1;nr
user;1;nr
shot;1;nr
betty;1;nr
nelcy;1;nr
codinome;1;nom
jadson;1;nr
planetária;1;nom
lucrativos;1;adj
moleiros;1;nom
namora;1;ver
headshot;1;nr
cavallotti;1;nr
aparar;1;ver
rabiola;1;nr
bundinha;1;nr
omar;1;nom
criptografia;1;nom
hídrica;1;adj
dediquem;1;ver
conformes;1;nom
disponibilizados;1;ver
biodança;1;nr
limitadas;1;adj
recomendado;1;ver
suprimido;1;ver
tratadas;1;nom
adentra;1;ver
linné;1;nr
dse;1;nr
cocô;1;nom
engatinhando;1;ver
néné;1;nr
satisfatório;1;adj
suficientemente;1;adv
tricotomia;1;nom
fortalecemos;1;ver
focada;1;ver
consistente;1;adj
munir;1;ver
irene;1;nom
cleide;1;nom
fervorosos;1;adj
niclos;1;nr
atônitos;1;adj
jaime;1;nom
malcom;1;nr
bandeirante;1;nom
messi;1;nr
ppp;1;nr
acostumados;1;adj
disfarçadas;1;adj
antibíblico;1;nr
late;1;ver
valorizamos;1;ver
hori;1;nr
explicasse;1;ver
click;1;nr
transportador;1;nom
pas;1;nr
néon;1;nom
iniqüidade;1;nom
severo;1;adj
julgamos;1;ver
abortos;1;nom
incluiria;1;ver
propulsora;1;nom
invenções;1;nom
galho;1;nom
irracionalidade;1;nom
julgadas;1;ver
bc;1;nr
aplicativos;1;nom
apps;1;nr
hatch;1;nr
espaçoso;1;adj
staff;1;nom
tacógrafo;1;nr
processá;1;nr
dax;1;nr
aprecia;1;ver
desenrolar;1;ver
turca;1;adj
estoques;1;nom
conference;1;nr
hill;1;nom
unitário;1;adj
aleatoriamente;1;adv
button;1;nr
fornecer;1;ver
festividade;1;nom
cessante;1;adj
kodak;1;nr
turim;1;nom
sonhou;1;ver
supersport;1;nr
classificam;1;ver
paradigma;1;nom
assegurado;1;ver
trapa;1;nom
mairo;1;nr
fk;1;nr
dodói;1;adj
táxis;1;nom
alinha;1;ver
solution;1;nr
sind;1;nr
ute;1;ver
colorado;1;nom
mocchi;1;nr
csa;1;nr
diana;1;nom
mourinho;1;nr
leograf;1;nr
mornay;1;nr
entrâncias;1;nom
mizera;1;nr
opel;1;nr
astra;1;nr
holandês;1;adj
cce;1;nr
rapper;1;nr
moletom;1;nom
terninho;1;adj
financie;1;ver
nitro;1;nom
emicida;1;nr
invencível;1;adj
maps;1;nr
acontendo;1;nr
apurada;1;adj
atlantic;1;nr
tour;1;nr
martim;1;nom
camb;1;nr
falcão;1;nom
provocam;1;ver
repugnância;1;nom
lobito;1;nr
collor;1;nom
picareta;1;nom
obtêm;1;ver
imporão;1;ver
argumenta;1;ver
pinga;1;nom
assembléia;1;nom
unificador;1;adj
respeitavam;1;ver
chefão;1;nom
consentiu;1;ver
transformers;1;nr
ibéricos;1;adj
sinfonia;1;nom
impostor;1;nom
miller;1;nom
filêmon;1;nr
filantrópica;1;adj
nato;1;adj
quirguistão;1;nr
cei;1;nr
entrincheiraram;1;ver
oxítono;1;adj
agonizando;1;ver
presenciamos;1;ver
iraniano;1;adj
indonésia;1;adj
nsa;1;nr
gasoduto;1;nom
ucraniano;1;adj
pneus;1;nom
evacuação;1;nom
escolhemos;1;ver
fogos;1;nom
ifr;1;nr
evacuar;1;ver
diplomata;1;nom
islâmicos;1;adj
seqüestrado;1;ver
julgarão;1;ver
ivo;1;nom
gritem;1;ver
diplomação;1;nom
diplomáticas;1;adj
constatou;1;ver
vôo;1;nom
viajamos;1;ver
garagem;1;nom
otan;1;nr
emagreceu;1;ver
dn;1;nr
pizarro;1;nom
luxuoso;1;adj
istambul;1;nom
brilhantemente;1;adv
apóiam;1;ver
competition;1;nr
recepcionou;1;ver
venezuelano;1;adj
ladainha;1;nom
xampu;1;nom
tung;1;nr
cimar;1;nr
galáxia;1;nom
projecto;1;nom
prolama;1;nr
informá;1;nr
alertadas;1;ver
denunciá;1;nr
abiental;1;nr
bombardeio;1;nom
gasa;1;nr
palesa;1;nr
adúlteras;1;adj
israelenses;1;adj
kofi;1;nr
interessar;1;ver
pervertido;1;adj
rosso;1;nr
consumidores;1;nom
rod;1;nr
nora;1;nom
maxwell;1;nom
chipre;1;nom
maquiar;1;ver
martín;1;nom
amoral;1;adj
diá;1;nr
regida;1;ver
lotes;1;nom
defasado;1;ver
empreiteira;1;nom
superfaturamento;1;nom
avaliaram;1;ver
destaco;1;ver
meto;1;ver
solidária;1;adj
lucra;1;ver
sarholz;1;nr
pôsteres;1;nom
insinua;1;ver
consistir;1;ver
afixar;1;ver
ft;1;nr
congo;1;adj
zimbábue;1;nom
angola;1;nom
guiné;1;nom
equatorial;1;adj
gabão;1;nom
monitorando;1;nr
goste;1;ver
adi;1;ver
marteletes;1;nr
magrelistat;1;nr
sovaco;1;nom
colíder;1;nr
britan;1;nr
gangue;1;nom
nacionalista;1;adj
muçulmanas;1;adj
apedrejados;1;ver
magnet;1;nr
andreia;1;nr
orkut;1;nr
musicista;1;nom
medieval;1;adj
oprimindo;1;ver
claudinho;1;nom
bobos;1;adj
cancelam;1;ver
simplificamos;1;ver
fantoches;1;nom
ambiência;1;nom
opõem;1;ver
carreta;1;nom
favorecimento;1;nom
partid;1;nr
fomento;1;nom
bonitinhos;1;adj
hges;1;nr
imaginem;1;ver
duvidosa;1;adj
beneficiário;1;nom
financiada;1;ver
atividad;1;nr
peregrinação;1;nom
comissionado;1;ver
apadrinhamento;1;nom
cortam;1;ver
prioriza;1;nr
favorecimentos;1;nom
recorrentemente;1;adv
nulidade;1;nom
amostradinho;1;nr
batonzinho;1;nr
quant;1;nr
próconha;1;nr
ceto;1;nr
bebra;1;nr
deção;1;nr
faceta;1;nom
pistação;1;nr
cronológica;1;adj
clientes;1;nom
banqueiro;1;nom
desmontando;1;ver
indiquei;1;ver
sensitário;1;nr
evite;1;ver
dissorções;1;nr
sobrepore;1;nr
sonic;1;nr
notória;1;adj
oei;1;nr
executiva;1;adj
receberem;1;ver
exantes;1;nr
expost;1;nr
enfimar;1;nr
descontinuidade;1;nom
convem;1;ver
santificados;1;ver
cantari;1;nr
porei;1;ver
sumo;1;nom
compassivo;1;adj
tributos;1;nom
júni;1;nr
af;1;nr
fazeres;1;ver_sup
stor;1;nr
reafirmando;1;ver
adiantei;1;ver
seleto;1;adj
ministrarmos;1;nr
genju;1;nr
influenciaram;1;ver
buscaram;1;ver
avarentos;1;nom
profanos;1;adj
caluniadores;1;nom
incontinentes;1;adj
cruéis;1;adj
obstinados;1;adj
afastaste;1;nr
introduzem;1;ver
inércias;1;nr
carregadas;1;adj
levadas;1;ver
concur;1;nr
cências;1;nr
autoconhecimento;1;nr
tomarão;1;ver
escoando;1;ver
esvair;1;ver
desob;1;nr
regressão;1;nom
esfriarão;1;ver
aquecido;1;adj
esfriaram;1;ver
esaro;1;nr
condida;1;nr
iníquo;1;adj
inha;1;nr
pirão;1;nom
diminuta;1;adj
brilha;1;ver
obadias;1;nr
adoravam;1;ver
serviam;1;ver
obati;1;nr
permanecia;1;ver
pontapé;1;nom
diminuto;1;adj
derramarei;1;ver
profetizarão;1;ver
deria;1;nr
cegar;1;ver
cegou;1;ver
chegarei;1;ver
filhinho;1;nom
airar;1;nr
diver;1;nr
degoladas;1;ver
almejar;1;ver
vs;1;nr
sinti;1;nr
ismaelitas;1;nr
onrar;1;nr
bombástico;1;adj
emocionaram;1;ver
tubaína;1;nr
roteirismo;1;nr
desperdiçado;1;adj
transformavam;1;ver
transformassem;1;ver
ferrado;1;adj
edificação;1;nom
constrangedora;1;adj
promovidos;1;ver
nativas;1;adj
futurólogo;1;nom
tramar;1;ver
blitz;1;nom
forneceu;1;ver
logins;1;nr
questionável;1;adj
derrubarem;1;ver
essenciamento;1;nr
sanadas;1;ver
prestasse;1;ver
prestei;1;ver
conduzo;1;ver
atrelamento;1;nr
estran;1;nr
emos;1;nr
atirados;1;ver
elhe;1;nr
insinuar;1;ver
flav;1;nr
abaixos;1;nr
acusavam;1;ver
atrapalhado;1;adj
leveo;1;nr
interpretando;1;ver
levianos;1;adj
injúria;1;nom
viole;1;ver
decouro;1;nr
zelando;1;ver
ingressei;1;ver
cif;1;nr
lari;1;nr
atiros;1;nr
divulgadores;1;nom
nosss;1;nr
confianç;1;nr
liber;1;nr
engulir;1;nr
aguardou;1;ver
graas;1;nr
duplação;1;nr
interceção;1;nr
batizei;1;ver
potencializada;1;ver
topar;1;ver
cn;1;nr
arass;1;nr
tuuba;1;nr
malek;1;nr
fadigada;1;nr
ziclague;1;nr
pilharam;1;ver
saquearam;1;ver
posses;1;nom
ressentimento;1;nom
asson;1;nr
interment;1;nr
ladroagem;1;nom
molec;1;nr
frigorífica;1;nom
admitirem;1;ver
orgulhos;1;nom
feridos;1;adj
tolido;1;nr
amales;1;nr
pagaria;1;ver
abundante;1;adj
cepec;1;nr
suu;1;nr
pujança;1;nom
destemor;1;nom
eclesiaste;1;nr
acalenta;1;ver
corremos;1;ver
guerreio;1;ver
irredutíveis;1;adj
vingativa;1;adj
filmo;1;ver
esc;1;nr
projeções;1;nom
terceirizam;1;nr
espectador;1;nom
primariamente;1;adv
evangelizaram;1;ver
trelado;1;nr
grandiosas;1;adj
conversos;1;nom
casting;1;nr
surpreendentes;1;adj
modificam;1;ver
conspiram;1;ver
sobebe;1;nr
arão;1;nom
desbaratado;1;adj
unid;1;nr
contemporização;1;nom
sequestra;1;ver
neomarxismo;1;nr
apostólico;1;adj
sombrias;1;adj
sombrio;1;adj
jp;1;nr
revelará;1;ver
repartições;1;nom
completos;1;adj
discursar;1;ver
tuu;1;nr
gloriosas;1;adj
amplificado;1;ver
maximizado;1;ver
cubro;1;ver
escondo;1;ver
acampem;1;ver
guardem;1;ver
atmosferas;1;nom
afinamento;1;nom
frequências;1;nom
elevadas;1;adj
bombardeando;1;ver
troveja;1;ver
relâmpagos;1;nom
565;1;num
encherá;1;ver
descerá;1;ver
correrá;1;ver
majestosa;1;adj
afligidos;1;adj
patologias;1;nom
reparador;1;nom
visitada;1;ver
nozor;1;nr
danieis;1;nr
sters;1;nr
josés;1;nr
ciros;1;nr
saberão;1;ver_sup
pensas;1;ver
cavaquinho;1;nom
ipir;1;nr
estof;1;nr
vol;1;nr
estrofe;1;nom
retumbante;1;adj
intan;1;nr
primacial;1;adj
ade;1;ver_sup
embasam;1;ver
curadores;1;nom
gotinho;1;nr
picadinha;1;adj
flud;1;nr
actino;1;nr
despencou;1;ver
viando;1;ver
úmero;1;nom
jange;1;nr
torou;1;ver
hospedaram;1;ver
lul;1;nr
cortinas;1;nom
aéreas;1;adj
aan;1;nr
planal;1;nr
alimin;1;nr
28000;1;num
umum;1;nr
cando;1;nr
oar;1;nr
disne;1;nr
lud;1;nr
mila;1;nr
vcá;1;nr
márciava;1;nr
tofoly;1;nr
contrataram;1;ver
contratei;1;ver
vorcá;1;nr
operava;1;ver
investia;1;ver
desaprovação;1;nom
marabalismo;1;nr
talo;1;nom
tentem;1;ver_sup
compactuam;1;ver
gradativo;1;adj
ens;1;nr
roubável;1;nr
evidenciar;1;ver
acordaram;1;ver
lesão;1;nom
classificou;1;ver
edes;1;nr
rut;1;nr
consolidado;1;adj
cará;1;nom
revoltei;1;ver
denominador;1;nom
abordo;1;ver
reuters;1;nr
fotografando;1;ver
fotógrafa;1;nom
andados;1;nom
papudinha;1;adj
incancelável;1;nr
sigilosa;1;adj
trilhionária;1;nr
focal;1;adj
bic;1;nr
olhassem;1;nom
lada;1;nom
sedutoras;1;adj
prometesse;1;ver
esvavriu;1;nr
picanhas;1;nr
nádegas;1;nom
sentaria;1;ver
legging;1;nr
modificada;1;adj
cavalga;1;ver
artístico;1;adj
galopando;1;ver
ouvirá;1;ver
pacificidade;1;nr
compactuava;1;ver
semim;1;nr
emitida;1;ver
sabesp;1;nr
arquivadas;1;ver
desafeto;1;adj
apontados;1;adj
juno;1;nom
lucineia;1;nr
citadas;1;adj
lembradas;1;adj
nar;1;nr
jadil;1;nr
vilsão;1;nr
ron;1;nr
marcelão;1;nr
estuprou;1;ver
apoiadora;1;adj
detida;1;ver
mai;1;nr
justi;1;nr
josu;1;nr
deusão;1;nr
gedas;1;nr
ativou;1;ver
liziane;1;nr
umaação;1;nr
porum;1;nr
conação;1;nr
fant;1;nr
inja;1;nr
fougado;1;nr
senores;1;nr
kister;1;nr
mag;1;nr
finan;1;nr
argino;1;nr
pedim;1;nr
sugas;1;ver
pmem;1;nr
nat;1;nr
doloso;1;adj
entalado;1;ver
enchem;1;ver
sustentável;1;adj
viil;1;nr
foe;1;nr
parabenizou;1;ver
desnudada;1;ver
temiam;1;ver
predição;1;nom
parcelinha;1;nr
histéricos;1;adj
tutelares;1;adj
dissonante;1;adj
explodi;1;ver
121;1;num
eclesiastes;1;nom
aguilhões;1;nom
pregos;1;nom
fixados;1;ver
congregações;1;nom
enfado;1;nom
acalentador;1;nr
queridas;1;adj
ensinassem;1;ver
gamaliel;1;nr
cinéd;1;nr
cinédrio;1;nr
pretendem;1;ver
teudas;1;nr
dispersaram;1;ver
recenciamento;1;nr
galileu;1;nom
liderou;1;ver
dispersos;1;adj
soltem;1;ver
fracassará;1;ver
impedi;1;ver
acharão;1;ver
adversidades;1;nom
lutarem;1;ver
viráquele;1;nr
sinédrio;1;nr
rebolício;1;nr
reboliço;1;nom
adorearei;1;nr
brilhando;1;ver
intimidado;1;ver
doça;1;nr
milar;1;nr
dormiga;1;nr
desejemos;1;ver
desvirtuaram;1;ver
tremendamente;1;adv
adorarmos;1;nr
digníssimo;1;adj
compromissando;1;nr
aventuras;1;nom
apeguem;1;nr
espjamon;1;nr
fracas;1;adj
publiquei;1;ver
guiada;1;ver
keller;1;nr
ausadia;1;nr
aparela;1;nr
aparelhos;1;nom
sonoros;1;adj
aparelagem;1;nr
vermos;1;ver_sup
frutificam;1;ver
prontificam;1;ver
restabelece;1;ver
submeta;1;ver
testicos;1;nr
prontificarem;1;ver
desviarem;1;ver
estatutos;1;nom
nozou;1;nr
nabuconos;1;nr
arpas;1;nr
penduramos;1;ver
entristeço;1;ver
exercerem;1;ver
exerçam;1;ver
confinadas;1;ver
pertencer;1;ver
revelem;1;ver
encarnando;1;ver
soprar;1;ver
assentando;1;ver
enfatizou;1;ver
sufixo;1;nom
isael;1;nom
demoníacas;1;adj
gritadas;1;adj
prostar;1;nr
donzão;1;nr
adorados;1;adj
impacte;1;nom
nosot;1;nr
subimetem;1;nr
revoluciona;1;ver
donozor;1;nr
donzor;1;nr
estátuas;1;nom
ocupam;1;ver
pontificam;1;ver
lacradora;1;nr
volumes;1;nom
bruscamente;1;adv
937;1;num
grandões;1;nr
gracia;1;nr
notinha;1;nom
convidativa;1;adj
pira;1;nom
715;1;num
papelete;1;nr
dsl;1;nr
hormonização;1;nr
progesterona;1;nom
criancinhas;1;nom
gestar;1;nr
bizarrices;1;nom
desobeira;1;nr
claudir;1;nr
assobiar;1;ver
imprópria;1;adj
recinto;1;nom
jaimerei;1;nr
misturei;1;ver
dragões;1;nom
adultização;1;nr
beriteria;1;nr
mobilizasse;1;ver
jáes;1;nr
ediondos;1;nr
pesol;1;nr
adamares;1;nr
manato;1;nr
arrecadei;1;nr
rebateu;1;ver
ítalo;1;adj
voga;1;nom
sexualiza;1;nr
automatizar;1;ver
derrube;1;nom
regina;1;nom
inacreditáveis;1;adj
tarado;1;nom
casamata;1;nom
kid;1;nr
bengala;1;nom
explicadinho;1;ver
enoja;1;ver
redobrado;1;adj
estupulpar;1;nr
punindo;1;ver
adultisee;1;nr
ofereça;1;ver
configurem;1;ver
268;1;num
regulamentando;1;adj
esticando;1;ver
supervisionar;1;ver
impedisse;1;ver
reduziria;1;ver
horrorosos;1;adj
obscenos;1;adj
adultizar;1;nr
honestos;1;adj
descartada;1;ver
entregado;1;ver
coordenadas;1;nom
aória;1;nr
members;1;nr
excellencies;1;nr
speakers;1;nr
reminder;1;nr
stake;1;nr
throughout;1;nr
societies;1;nr
understood;1;nr
overseen;1;nr
confronted;1;nr
permanently;1;nr
concession;1;nr
granted;1;nr
resolutions;1;nr
administrative;1;nr
permissions;1;nr
frederick;1;nr
bashia;1;nr
thought;1;nr
necessary;1;nr
seize;1;nr
recognized;1;nr
erode;1;ver
freedoms;1;nr
washington;1;nom
warned;1;nr
ship;1;nr
slaughter;1;nr
student;1;nr
coupe;1;nr
slow;1;nr
almost;1;nr
invisible;1;nr
replaces;1;nr
confirmity;1;nr
contest;1;nr
oversee;1;nr
polarity;1;nr
criticize;1;nr
denounce;1;nr
unhindered;1;nr
loses;1;nr
she;1;nr
experienced;1;nr
firsthand;1;nr
explain;1;nr
audience;1;nr
consume;1;ver
millions;1;nr
funds;1;nr
mine;1;ver
financing;1;nr
donations;1;nr
average;1;nr
cost;1;nr
decisive;1;nr
filters;1;nr
mediation;1;nr
precisely;1;nr
election;1;nr
accounts;1;nr
suspended;1;nr
ratonic;1;nr
voting;1;nr
fraud;1;nr
incite;1;ver
merily;1;nr
investigation;1;nr
censored;1;nr
issue;1;nr
content;1;nr
sitting;1;nr
sued;1;nr
bathrooms;1;nr
including;1;nr
explicitly;1;nr
stated;1;nr
issued;1;nr
council;1;nr
shortly;1;nr
thereafter;1;nr
dismissed;1;nr
following;1;nr
harassment;1;nr
fact;1;nr
lawsuit;1;nr
episode;1;nr
republic;1;nr
thief;1;nr
nations;1;nr
agrees;1;nr
parliamentaria;1;nr
criminalized;1;nr
answer;1;nr
deform;1;nr
facts;1;nr
recent;1;nr
revealing;1;nr
importance;1;nr
crit;1;nr
criticizing;1;nr
transactions;1;nr
conducted;1;nr
widely;1;nr
instant;1;nr
payment;1;nr
surpassed;1;nr
impressive;1;nr
heard;1;nr
participate;1;nr
measures;1;nr
threaten;1;nr
intense;1;ver
revoked;1;nr
picss;1;nr
explicit;1;nr
retreat;1;nr
fueled;1;nr
episodes;1;nr
exceptions;1;nr
broader;1;nr
attempt;1;nr
seductive;1;nr
discourse;1;nr
affect;1;nr
cascades;1;nr
downward;1;nr
vulnerable;1;nr
earlier;1;nr
punishment;1;nr
pastors;1;nr
fathers;1;nr
mothers;1;nr
absurdity;1;nr
immunity;1;nr
intimidated;1;nr
opinions;1;nr
received;1;nr
simple;1;nr
pedagogy;1;nr
perceived;1;nr
greater;1;nr
sensors;1;nr
defeating;1;nr
killing;1;nr
alive;1;nr
pushing;1;nr
invisibility;1;nr
suffocating;1;nr
spreading;1;nr
paralyze;1;nr
faced;1;nr
decided;1;nr
launch;1;nr
wake;1;nr
walked;1;nr
covering;1;nr
255;1;num
kilometers;1;nr
miner;1;nr
pushed;1;nr
stopped;1;nr
neither;1;nr
nor;1;nr
physical;1;nr
forest;1;nom
gump;1;nr
experience;1;nr
humanity;1;nr
emerge;1;ver
challenged;1;nr
corrected;1;nr
refined;1;nr
repeated;1;nr
proposals;1;nr
removal;1;nr
publications;1;nr
potentially;1;nr
false;1;ver
whenever;1;nr
assumes;1;ver
abiter;1;nr
dies;1;nr
rarely;1;nr
protection;1;nr
hatred;1;nr
disinformation;1;nr
pluralism;1;nr
agreeing;1;nr
trusting;1;nr
occupy;1;nr
weaken;1;nr
strengthens;1;nr
civilization;1;nr
homeland;1;nr
encourage;1;nr
curriculum;1;nr
europe;1;nr
claim;1;nr
tremble;1;nr
win;1;nr
gillen;1;nr
sorocaba;1;nom
valmir;1;nom
antão;1;adv
emendando;1;ver
fixar;1;ver
ach;1;nr
meite;1;nr
gils;1;nr
guos;1;nr
sutaque;1;nr
apresentasse;1;ver
kensington;1;nr
temple;1;nr
extendida;1;nr
conquistei;1;ver
house;1;nr
tores;1;ver
piqui;1;nr
pamon;1;nr
pscan;1;nr
née;1;nr
diferent;1;nr
naem;1;nr
beo;1;nr
pregarmos;1;nr
fazera;1;nr
bocos;1;nr
import;1;nr
parlamentarista;1;adj
empiro;1;nr
tradu;1;nr
elha;1;nr
wolver;1;nr
canas;1;nom
wes;1;nr
catolicismo;1;nom
temam;1;ver
scot;1;nr
piadoso;1;nr
carisma;1;nom
charles;1;nom
preacher;1;nr
eleu;1;nr
dude;1;nr
esboço;1;nom
notinhas;1;nom
serões;1;nom
cões;1;nr
imprimidos;1;ver
prach;1;nr
gladstone;1;nr
sentaram;1;ver
bipolar;1;adj
palavr;1;nr
meditava;1;ver
veu;1;nr
osadia;1;nr
lucidez;1;nom
santificou;1;ver
orden;1;nr
digas;1;ver_sup
irás;1;ver_sup
falarás;1;ver
jeremi;1;nr
extendeu;1;nr
derribar;1;ver
arruinar;1;ver
plantares;1;ver
glor;1;nr
jemis;1;nr
fluiu;1;ver
pentecost;1;nr
persecução;1;nom
causos;1;nom
geres;1;ver
enado;1;nr
direcionarem;1;nr
espuro;1;nr
bilhar;1;nom
imaginariam;1;ver
dear;1;nr
titas;1;nr
fdas;1;nr
testem;1;ver
corras;1;ver
experimentada;1;adj
mõ;1;nr
opição;1;nr
queime;1;ver
afada;1;nr
tatos;1;nom
sitos;1;nom
afiar;1;ver
obtive;1;ver
rebaixe;1;ver
espon;1;nr
sujos;1;adj
milímetros;1;nom
aão;1;nr
passá;1;nr
taitos;1;nr
gaos;1;nr
louv;1;nr
prish;1;nr
cong;1;nr
hard;1;nr
sometimes;1;nr
trying;1;nr
anywhere;1;nr
communicate;1;nr
wel;1;nr
preach;1;nr
amer;1;nr
peã;1;nom
spe;1;nr
stat;1;nr
sancionar;1;ver
itaú;1;nom
bradeso;1;nr
santander;1;nr
banc;1;nr
interes;1;nr
possuam;1;ver
mastercar;1;nr
violadores;1;nom
congelamento;1;nom
impossibilitando;1;ver
inviabilizando;1;ver
agorinha;1;nr
tagle;1;nr
tagleia;1;nr
pesquisei;1;ver
respiros;1;nom
estudarem;1;ver
inerrável;1;nr
fritador;1;nr
fritadinha;1;nr
recuem;1;ver
preventivas;1;adj
restão;1;nr
fishing;1;nr
predatória;1;adj
recorreu;1;ver
sorteado;1;ver
sortudo;1;nr
multipessoas;1;nr
formiguinha;1;nom
conscientizar;1;ver
equipara;1;ver
conceituaram;1;ver
estupuladores;1;nr
erika;1;nr
chucar;1;nr
corintiano;1;adj
perc;1;nr
escorrega;1;ver
sexistas;1;nr
objetificação;1;nr
glezy;1;nr
escorregada;1;ver
objetificam;1;nr
sensualizado;1;nr
clipes;1;nom
rebaixando;1;ver
pirueta;1;nom
maldoso;1;adj
hospício;1;nom
monumental;1;adj
iludindo;1;ver
ubatuba;1;nom
torturado;1;ver
estupada;1;nr
pessool;1;nr
trupladores;1;nr
apodrecer;1;ver
faccionários;1;nr
faccionado;1;nr
enrijecer;1;ver
pitar;1;ver
xinim;1;nr
estuprando;1;ver
ineficaz;1;adj
alkmin;1;nr
mutilou;1;ver
trupou;1;nr
apoiados;1;ver
plain;1;nr
interrupting;1;nr
wce;1;nr
wallace;1;nom
rotineiro;1;adj
evitada;1;ver
deppp;1;nr
insultos;1;nom
misia;1;nr
opôs;1;ver
sucumbir;1;ver
misógem;1;nr
cuxa;1;nr
danuel;1;nr
devolvido;1;ver
delado;1;nr
queou;1;nr
comito;1;nr
pichou;1;ver
mav;1;nr
ailma;1;nr
mimado;1;adj
tiraremos;1;ver
aterroriza;1;ver
misógilo;1;nr
espancando;1;ver
estuprlando;1;nr
torturando;1;ver
delis;1;ver
consternada;1;adj
disseminam;1;ver
equiparado;1;ver
jand;1;nr
ediô;1;nr
agredidas;1;ver
traduza;1;ver
ralou;1;ver
aciona;1;ver
anormames;1;nr
anomames;1;nr
asensão;1;nr
amisgam;1;nr
anomamis;1;nr
briguem;1;ver
pagadoras;1;nom
tratarem;1;ver
ouviriam;1;ver
sdf;1;nr
shoi;1;nr
imputadas;1;adj
intimidar;1;ver
calas;1;nom
incrementado;1;ver
dout;1;nr
nicaragua;1;nr
ilegibilidade;1;nr
janza;1;nr
prma;1;nr
juo;1;nr
gerarmos;1;ver
investigamos;1;ver
starlink;1;nr
despejam;1;ver
discuss;1;nr
famas;1;nom
destruas;1;nr
fazeram;1;nr
eno;1;nr
silente;1;adj
toida;1;nr
operou;1;ver
entronizando;1;ver
prostômen;1;nr
esmorecem;1;nr
medito;1;ver
reflito;1;ver
desfalece;1;ver
oculte;1;ver
refugiei;1;nr
acabará;1;ver
raimundos;1;nr
guerreiras;1;nom
espalhados;1;ver
terceirização;1;nom
espontâneas;1;adj
fortalecermos;1;nr
colossenses;1;nr
filemon;1;nr
temerosa;1;adj
epístolas;1;nom
temeroso;1;adj
corinto;1;nom
thalles;1;nr
crescidos;1;adj
originalidade;1;nom
necessitamos;1;ver
palavrinha;1;nom
saltar;1;ver
teo;1;nr
exótico;1;adj
reconheciam;1;ver
aparições;1;nom
andaram;1;nom
espectavam;1;nr
esperavam;1;ver
padecer;1;ver
sinalizaram;1;ver
ressuscitaria;1;ver
exaltava;1;ver
assolações;1;nom
restaurarmos;1;nr
cativeram;1;nr
planeja;1;ver
ressurgir;1;ver
psicatologia;1;nr
remiro;1;ver
vicente;1;nom
retentivo;1;nr
chaminhas;1;nr
mecânica;1;adj
liberações;1;nom
g500;1;nr
exilar;1;ver
exila;1;ver
rendeu;1;ver
modernas;1;adj
incendeia;1;ver
entroniza;1;nr
necessitando;1;ver
sepulcros;1;nom
caiados;1;nom
chacoalha;1;ver
inundar;1;ver
suplicamos;1;ver
ligamos;1;ver
engrandecido;1;adj
focos;1;nom
desnorteado;1;adj
silício;1;nom
desconhecia;1;ver
desmorono;1;nr
modificamos;1;ver
chula;1;adj
avisos;1;nom
cameraman;1;nr
elos;1;nom
ordenamos;1;ver
localize;1;ver
contratadas;1;adj
vencedora;1;nom
soltado;1;ver
tarada;1;nom
neozima;1;nr
paulistas;1;adj
cariocas;1;adj
prolicidade;1;nr
promissos;1;nr
vitronizar;1;nr
discílio;1;nr
ivanês;1;nr
conformados;1;adj
bezerra;1;nom
panos;1;nom
depressivos;1;adj
banal;1;adj
varalidade;1;nr
doloridas;1;adj
julgarmos;1;ver
eunismo;1;nr
oremos;1;ver
desafiados;1;ver
prostraram;1;ver
aprisionado;1;ver
declarado;1;ver
prostrarem;1;nr
shekinah;1;nr
esperançadas;1;adj
glorifique;1;ver
recolhendo;1;ver
iminência;1;nom
orantes;1;nr
nescau;1;nom
maneja;1;ver
raridade;1;nom
vivência;1;nom
estalo;1;nom
machucados;1;adj
machucaram;1;ver
adiantando;1;ver
maratonista;1;nom
programou;1;ver
explodidor;1;nr
reluzente;1;adj
apertei;1;ver
reunidas;1;ver
ajudadora;1;nr
resultará;1;ver
mo;1;pro_per
tivação;1;nr
aguiar;1;nom
operosidade;1;nom
unânimes;1;adj
pedinte;1;nom
comerdeiros;1;nr
confrontados;1;ver
desconfortável;1;adj
desgastante;1;adj
leremos;1;ver
mostrem;1;ver
lave;1;ver
mortifique;1;nr
sensitivas;1;adj
experimente;1;ver
tensionado;1;nr
firmino;1;nom
jardel;1;nr
lucena;1;nom
roberta;1;nom
vânia;1;nom
kauan;1;nr
matheuzinho;1;nr
deboratone;1;nr
suje;1;ver
incalculável;1;adj
concebida;1;ver
adorava;1;ver
onipresença;1;nom
abraçado;1;ver
avivalistas;1;nr
granny;1;nr
maravilhado;1;ver
bronze;1;nom
esmorecessem;1;nr
vouvirei;1;nr
primas;1;nom
1904;1;num
plays;1;nr
deseje;1;ver
diminua;1;ver
percebida;1;ver
asbrick;1;nr
desejasse;1;ver
interruptas;1;nr
arrebatar;1;ver
aproxime;1;ver
afogar;1;ver
estouramos;1;nr
segurada;1;ver
chateado;1;adj
caríssimas;1;adj
marcílio;1;nr
estocado;1;ver
maqueiam;1;nr
brinco;1;ver
envelhecendo;1;ver
fitas;1;nom
cassetes;1;nom
keila;1;nr
maravilhosos;1;adj
estabelecermos;1;ver
cultuam;1;ver
profetam;1;nr
bardes;1;ver
inibido;1;ver
cavernas;1;nom
moçada;1;ver
professam;1;ver
proclamaremos;1;nr
programaremos;1;nr
clínicas;1;adj
revestimos;1;nr
sandálias;1;nom
destinos;1;nom
vestimos;1;ver
fritarmos;1;nr
avisarmos;1;ver
entregada;1;ver
flutuar;1;ver
intimida;1;ver
abundada;1;nr
curvam;1;ver
guardamos;1;ver
resolvia;1;ver
apertada;1;adj
sabotado;1;ver
corrigão;1;nr
tabloides;1;nr
vigiarmos;1;ver
entristecida;1;ver
acoar;1;nr
eliminados;1;ver
caluniados;1;adj
tiradas;1;ver
atrevimento;1;nom
seitas;1;nom
alegramos;1;nr
regozijamos;1;ver
alegrando;1;ver
retrocedam;1;nr
silenciosos;1;adj
maquinação;1;nom
maquina;1;ver
falir;1;ver
confundam;1;ver
batalhadores;1;nom
desconhecidos;1;adj
renovado;1;ver
ouveram;1;nr
sujar;1;ver
pancadinhas;1;nom
confessai;1;nr
possuir;1;ver
duvide;1;ver
desbloqueado;1;ver
sapatilha;1;nom
edificantes;1;adj
anânio;1;nr
restaram;1;ver
devassidão;1;nom
alheio;1;adj
sobraram;1;ver
opróbrio;1;nom
lamentou;1;ver
desolação;1;nom
comprometer;1;ver
apareceriam;1;ver
obedecidos;1;ver
sobiscudos;1;nr
reconstrói;1;ver
obedecido;1;ver
gracioso;1;adj
ancoradas;1;ver
enfrentado;1;ver
complico;1;ver
cercadinha;1;nr
arrependam;1;ver
brisa;1;nom
cedinho;1;adv
germinar;1;ver
chovia;1;ver
moravadores;1;nr
telhado;1;nom
mulherada;1;nom
denominacional;1;nr
torrencial;1;adj
rochas;1;nom
firmada;1;ver
admissão;1;nom
consideriedade;1;nr
conformismo;1;nom
recheadas;1;adj
concentrados;1;adj
listinha;1;nom
pandemias;1;nom
convencem;1;ver
podridão;1;nom
salgueiro;1;nom
clésia;1;nr
atalaia;1;nom
resplandecer;1;ver
reafirmamos;1;ver
mutuamente;1;adv
hospitaleiros;1;adj
despenseiros;1;nom
oráculos;1;nom
supre;1;ver
criteriosas;1;adj
panicat;1;nr
alcoólica;1;adj
remir;1;ver
netinho;1;nom
heróico;1;adj
aproximado;1;adj
encobre;1;ver
alastre;1;ver
desanimada;1;adj
722;1;num
ameaçava;1;ver
efervescente;1;adj
fragilizados;1;adj
corrompeu;1;ver
612;1;num
1588;1;num
abominação;1;nom
tomassem;1;ver
cíclica;1;adj
270;1;num
oferecimento;1;nom
abacuque;1;nr
subjugasse;1;ver
ciclano;1;nr
designs;1;nr
habacudo;1;nr
alegarei;1;nr
replicar;1;ver
restos;1;nom
fragilizado;1;adj
arrebentado;1;ver
tolas;1;adj
enjoando;1;nr
humilhai;1;nr
aproximasse;1;ver
depositaria;1;ver
merecedor;1;adj
benesses;1;nom
bagaçando;1;nr
frequentei;1;ver
desestressar;1;nr
viveria;1;ver
entristece;1;ver
bobinho;1;adj
alienado;1;adj
anjinho;1;nom
culptada;1;nr
visavam;1;ver
embebeda;1;ver
lisura;1;nom
companheirismo;1;nom
drogou;1;ver
ardor;1;nom
infiltrado;1;adj
perseguidor;1;nom
doando;1;ver
naufrágio;1;nom
comunitários;1;adj
holofotes;1;nom
imbatíveis;1;adj
desativas;1;nr
verança;1;nr
brotam;1;ver
falhadas;1;adj
vespa;1;nom
prancha;1;nom
creram;1;ver
vibrante;1;adj
abaterá;1;ver
reine;1;ver
hibisco;1;nom
contrabandonou;1;nr
contactou;1;ver
lear;1;nr
rim;1;nom
tumor;1;nom
saxofone;1;nom
radioterapia;1;nom
soudiado;1;nr
frutologista;1;nr
contarato;1;nr
crescência;1;nr
golfinho;1;nom
chopim;1;nr
petróleo;1;nom
andira;1;nr
basica;1;nr
taylor;1;nom
sorriem;1;ver
atrevemos;1;nr
senhorita;1;nom
atestadinho;1;nr
piriri;1;nr
exibir;1;ver
firmam;1;ver
acusados;1;ver
porquês;1;adv
engov;1;nr
576;1;num
455;1;num
airbag;1;nr
muzy;1;nr
kariane;1;nr
425;1;num
doideira;1;nom
orgânico;1;adj
orgânica;1;adj
lindinho;1;adj
tanakara;1;nr
improdutivas;1;adj
abobrinha;1;nom
atropela;1;ver
esquisita;1;adj
cubo;1;nom
polinização;1;nom
compararmos;1;ver
tucano;1;nom
comparava;1;ver
tucanos;1;nom
corrigiu;1;ver
ufa;1;ono
escalam;1;adj
frutose;1;nom
clippings;1;nr
conselheira;1;nom
schrems;1;nr
ensurdecedor;1;adj
piu;1;nr
lourença;1;nr
instrumentalizar;1;nr
ivete;1;nom
pane;1;nom
mortícia;1;nr
deturpados;1;ver
resetar;1;nr
inadimissível;1;nr
mulherzinha;1;nom
clive;1;ver
embasada;1;ver
tic;1;nr
toc;1;nr
lenny;1;nr
crescemos;1;ver
bruxos;1;nom
chestern;1;nr
espadas;1;nom
divinópolis;1;nom
vagão;1;nom
vagina;1;nom
genero;1;nr
fita;1;nom
honorris;1;nr
transgênios;1;nr
acontecerem;1;ver
endler;1;nr
romeu;1;nom
contabilizado;1;ver
baratos;1;adj
renovem;1;ver
satanista;1;nr
aliaram;1;ver
abstelam;1;nr
governados;1;ver
descredibilizando;1;nr
possesso;1;nom
aproximou;1;ver
ajoelhou;1;ver
lunático;1;nom
curá;1;nr
exclamou;1;ver
incrédula;1;adj
perversa;1;adj
sofrerei;1;ver
trazei;1;ver
repreendeu;1;ver
pequenez;1;nom
espelhe;1;nr
confirmando;1;ver
subestimada;1;ver
vugo;1;nr
edés;1;nr
agregados;1;adj
incomodaram;1;ver
inaugurando;1;ver
3x;1;nr
guerreado;1;ver
terminará;1;ver
prostração;1;nom
deitados;1;adj
prostrando;1;ver
esvaziou;1;ver
entretenimentos;1;nom
version;1;nr
estressante;1;adj
separaram;1;ver
manchadas;1;adj
murmura;1;ver
ímpias;1;adj
curarei;1;ver
inconsistentes;1;adj
tossem;1;ver
entoar;1;ver
desligo;1;ver
molde;1;nom
coincidiu;1;ver
rebaixado;1;ver
repreendas;1;nr
furor;1;nom
atravessaram;1;ver
afogam;1;ver
puram;1;nr
insensatez;1;nom
encurvado;1;adj
guiando;1;ver
pranteando;1;ver
palpita;1;ver
anunciam;1;ver
ruina;1;nom
responderás;1;nr
divirtam;1;ver
triunfem;1;nr
retribuem;1;ver
caluniam;1;ver
abandone;1;ver
trema;1;nom
strondam;1;nr
turbulentas;1;adj
sacudidos;1;ver
agitam;1;ver
égue;1;nr
derrete;1;ver
estárecedores;1;nr
áridas;1;adj
humilhamos;1;nr
prostramos;1;nr
abençoadores;1;nr
impregnou;1;ver
brincam;1;ver
esforcei;1;ver
viravam;1;ver
torino;1;nom
manterá;1;ver
sumiço;1;nom
replicarem;1;ver
utilizavam;1;ver
culinária;1;nom
censurados;1;ver
joguem;1;ver
vibrando;1;ver
embarcar;1;ver
viena;1;nom
eslováquia;1;nom
oportunistas;1;adj
mídiazinha;1;nr
reaparecer;1;ver
descolado;1;ver
ridículas;1;adj
fakezinho;1;nr
robozinho;1;nom
imaturas;1;adj
batimento;1;nom
medindo;1;ver
institucionalizando;1;ver
abortivas;1;adj
pepino;1;nom
demoníaco;1;adj
satânico;1;adj
equipar;1;ver
tude;1;nr
prematura;1;adj
colombiana;1;adj
paterno;1;adj
heresia;1;nom
relativização;1;nom
thunberg;1;nr
antarctica;1;nom
patriarca;1;nom
polido;1;adj
grandinho;1;adj
gordon;1;nr
stuart;1;nom
bege;1;adj
genealogia;1;nom
bené;1;nr
antutu;1;nr
ultimo;1;ver
introdutórias;1;adj
intermediários;1;adj
friozinho;1;adj
dubiei;1;nr
ostentar;1;ver
garfa;1;nr
desliguei;1;ver
maratonar;1;nr
podp;1;nr
ctia;1;nr
cít;1;nr
biga;1;nr
célebre;1;adj
tchutchuca;1;nr
queita;1;nr
migra;1;ver
hm;1;nr
joysman;1;nr
impecável;1;adj
irrefutável;1;adj
estrategista;1;nom
burros;1;nom
pertenço;1;ver
xingava;1;ver
votávamos;1;nr
lâminas;1;nom
malafa;1;nr
ilustração;1;nom
atropelado;1;adj
capinaram;1;nr
pl122;1;nr
ipses;1;nr
líteres;1;nr
alertado;1;ver
lucifer;1;nr
alcantra;1;nr
salgada;1;adj
lúcifer;1;nom
ensinável;1;nr
cometo;1;ver
deturpa;1;ver
detetives;1;nom
grames;1;nr
coercitivo;1;adj
gramish;1;nr
patrocinado;1;ver
situada;1;ver
brabo;1;adj
palestrante;1;nom
tiktoker;1;nr
derrubam;1;ver
inteirinho;1;adj
fisgado;1;ver
atraia;1;ver
viral;1;adj
pílula;1;nom
compílulo;1;nr
xs;1;nr
propagandinha;1;nr
tentaria;1;ver_sup
holofot;1;nr
impulsionou;1;ver
perini;1;nom
leigo;1;adj
nigro;1;nom
saver;1;nr
tributa;1;ver
sufoca;1;ver
austríaca;1;adj
atrapalhou;1;ver
desenvolvimentos;1;nom
infraafra;1;nr
privatizado;1;ver
timing;1;nom
chinesas;1;adj
aguentaria;1;ver
acordinho;1;nr
dicotomia;1;nom
gremistas;1;adj
movimentava;1;ver
monetariamente;1;adv
doidé;1;nr
doidão;1;adj
encantei;1;ver
abor;1;nr
tesla;1;nom
francis;1;nom
caminham;1;ver
defenderia;1;ver
argumentam;1;ver
pson;1;nr
contraargumentando;1;nr
cansadão;1;nr
arrebentou;1;ver
esquentando;1;ver
vereça;1;nr
iludiu;1;ver
iludiram;1;ver
boundaries;1;nr
esqu;1;nr
tico;1;ver
crescerem;1;ver
petrificado;1;adj
desamparou;1;ver
izidora;1;nr
destinará;1;ver
concedidos;1;ver
totalizando;1;ver
elação;1;nr
caril;1;nom
amuleto;1;nom
causo;1;nom
icarly;1;nr
intestino;1;nom
balelas;1;nom
doado;1;ver
muleta;1;nom
pragmática;1;adj
retiradas;1;ver
astrazeneca;1;nr
previmos;1;nr
garçonete;1;nom
antífoas;1;nr
desrespeitos;1;nom
nilce;1;nom
refresco;1;nom
cdc;1;nr
presenciar;1;ver
acompanhá;1;nr
mentiriam;1;nr
xingado;1;ver
otilizou;1;nr
fosses;1;ver_sup
comboio;1;nom
laje;1;nom
celularzinho;1;nr
bonitinhas;1;adj
cidadezinha;1;nom
sherazade;1;nr
cercadinho;1;adj_num
kinka;1;nr
taguire;1;nr
apostei;1;ver
estragasse;1;ver
t4556;1;nr
carregador;1;nom
tiozão;1;nr
cork;1;nr
caracteríticas;1;nr
alimentavam;1;ver
tóteles;1;nr
sófocles;1;nom
polly;1;nr
1933;1;num
imperativo;1;nom
categórico;1;adj
gasosa;1;adj
respiramos;1;ver
mix;1;nr
andado;1;nom
granchi;1;nr
fisiologia;1;nom
rodinha;1;nom
marcuse;1;nr
theodor;1;nom
adorno;1;nom
1836;1;num
pelejariam;1;nr
dizes;1;ver_sup
cumprimentava;1;ver
flamei;1;nr
inação;1;nom
matemágica;1;nr
graviu;1;nr
imaginária;1;adj
trave;1;nom
juke;1;nr
segmentar;1;adj
pulando;1;ver
encarando;1;ver
covil;1;nom
agregando;1;ver
densa;1;adj
sentes;1;ver
talha;1;nom
lojinha;1;nom
papelaria;1;nom
numerado;1;ver
escapado;1;ver
furou;1;ver
dylon;1;nr
musa;1;nom
pipocaram;1;ver
depiladinha;1;nr
maraisa;1;nr
araguaia;1;nom
pescador;1;nom
peixão;1;nr
afoguei;1;ver
piraí;1;nom
pugliese;1;nr
pirada;1;ver
rômulo;1;nom
arantes;1;nom
furando;1;ver
vilhena;1;nr
gorgolao;1;nr
boutique;1;nom
fumadinha;1;nr
tijuca;1;nom
causado;1;ver
conab;1;nr
ludmillah;1;nr
treinaram;1;ver
passeiozinho;1;nr
verdinho;1;adj
alface;1;nom
ba;1;nr
brotas;1;nom
macaúbas;1;nom
anápolis;1;nom
rom;1;nr
aracitaba;1;nr
araponga;1;nom
berizal;1;nr
cantagalo;1;nom
th;1;nr
cerro;1;ver
massacrado;1;ver
2120;1;num
beijou;1;ver
duper;1;nr
reflexiva;1;adj
badoo;1;nr
problematizaram;1;nr
209;1;num
calculada;1;adj
capota;1;nom
retorcer;1;ver
matadouro;1;nom
patatá;1;nr
desculpou;1;ver
mazinho;1;nom
corridinha;1;nr
tomatinho;1;nr
salvei;1;ver
brincadeirinha;1;nom
girando;1;ver
chatos;1;adj
creed;1;nr
periquita;1;nom
obsceno;1;adj
chupa;1;ver
semi;1;nr
nua;1;adj
rebolar;1;ver
sarrar;1;nr
mpb;1;nr
blusas;1;nom
iota;1;nr
poze;1;nr
chapadão;1;nom
shorts;1;nom
divorcia;1;ver
sap;1;nr
embalar;1;ver
vuitton;1;nr
secções;1;nom
arranja;1;ver
karakuri;1;nr
sentimental;1;adj
troques;1;ver
walter;1;nom
sugar;1;ver
reflitam;1;ver
prossigo;1;ver
reprodução;1;nom
coladão;1;nr
estábulo;1;nom
pipi;1;nom
popó;1;nr
apartamentinho;1;nr
jornalzinho;1;nom
rabi;1;nom
aplicava;1;ver
rel;1;nr
conversavam;1;ver
traziam;1;ver
vertical;1;adj
precisávamos;1;ver
avaí;1;nr
facilitador;1;adj
esports;1;nr
iludir;1;ver
carina;1;nom
vitral;1;nom
cha;1;pro_ind
voltarem;1;ver
hammer;1;nr
globox;1;nr
elogiado;1;ver
bols;1;nr
guardian;1;nr
retirem;1;ver
globales;1;nr
tata;1;nr
programações;1;nom
agregam;1;ver
paralama;1;nr
infraconstitucional;1;adj
decretaram;1;ver
bielorússia;1;nr
lukashenko;1;nr
finge;1;ver
gringo;1;nom
narrativo;1;adj
x1;1;nr
eleny;1;nr
deixavam;1;ver
notei;1;ver
famosas;1;adj
filantropo;1;nom
injetou;1;ver
agrícolas;1;adj
pecuária;1;nom
importando;1;ver
lutasse;1;ver
corruptas;1;adj
panelão;1;nr
revoltando;1;ver
tornem;1;ver
aparecida;1;adj
ganhassem;1;ver
mascarados;1;nom
gostarem;1;ver
reportando;1;ver
enfermeiras;1;nom
capita;1;ver
agravar;1;ver
reformular;1;ver
girl;1;nom
ninguem;1;nr
moldadas;1;adj
distanciar;1;ver
caladas;1;adj
ademir;1;nom
gastavam;1;ver
gê;1;nr
companhias;1;nom
roteador;1;nom
notado;1;ver
comercializado;1;ver
espionando;1;ver
moon;1;nr
4g;1;nr
3g;1;nr
2g;1;nr
australiano;1;adj
pokémon;1;nr
trampo;1;ver
presto;1;adj
5gs;1;nr
mirror;1;nr
futurista;1;adj
cauterização;1;nom
mesmice;1;nom
anátemas;1;nom
mereceu;1;ver
correlacionando;1;ver
ingressar;1;ver
tabuleiro;1;nom
caluniado;1;adj
desisti;1;ver
posicionaram;1;ver
kennedy;1;nom
davoli;1;nr
credibilizar;1;ver
escolhendo;1;ver
derreter;1;ver
andressa;1;nr
carbona;1;ver
cafona;1;adj
globalismo;1;nr
sobreviveu;1;ver
homeopáticas;1;adj
cursinho;1;nom
gotinhas;1;nom
falecer;1;ver
perceptivos;1;adj
emprestei;1;ver
pabllo;1;nr
orixá;1;nom
seguisse;1;ver
ridicularizam;1;ver
inferiorizam;1;nr
vilipendiar;1;ver
vilipendiado;1;ver
perguntarem;1;ver
confessos;1;adj
pelá;1;nr
defecou;1;ver
burras;1;nom
erário;1;nom
pertu;1;nr
celebridade;1;nom
persegui;1;ver
concordariam;1;ver
mariguela;1;nr
cheguevara;1;nr
toros;1;nom
massacrá;1;nr
sensibilizem;1;ver
entari;1;nr
coerentes;1;adj
colham;1;ver
decepada;1;ver
gafanhoto;1;nom
combativa;1;adj
visp;1;nr
parao;1;nr
preparee;1;nr
tchauzinho;1;nr
supirados;1;nr
seduzida;1;ver
fracassou;1;ver
fracassos;1;nom
coisando;1;nr
empinar;1;ver
bueiros;1;nom
mortiça;1;adj
ojeriza;1;nom
carrancudo;1;adj
borda;1;nom
pinhão;1;nom
permanecermos;1;ver
joabe;1;nr
cartinhas;1;nom
catine;1;nr
despacho;1;nom
baseando;1;ver
animosidades;1;nom
sanitárias;1;adj
preconizadas;1;ver
humilhando;1;ver
remetam;1;ver
fuzilamos;1;nr
ídolo;1;nom
castigos;1;nom
atura;1;ver
surta;1;ver
albatherm;1;nr
troque;1;ver
desvirtuou;1;ver
3x4;1;nr
antonogram;1;nr
esquerdou;1;nr
dominação;1;nom
reconheçam;1;ver
gigas;1;nr
grond;1;nr
imaginaríamos;1;nr
vaten;1;nr
sisma;1;nr
cristalinas;1;adj
sólida;1;adj
moris;1;nr
renunciaria;1;ver
delanhol;1;nr
meuo;1;nr
alexand;1;nr
mutava;1;nr
vazamento;1;nom
rens;1;nr
eleiç;1;nr
senec;1;nr
pomposo;1;adj
surjo;1;nr
marar;1;ver
tima;1;nr
legitimadores;1;adj
reincidência;1;nom
suspenso;1;adj
infração;1;nom
caracterizada;1;ver
agravante;1;nom
parcelas;1;nom
fiscalizações;1;nom
barela;1;nr
lacaios;1;nom
intocável;1;adj
hábeis;1;adj
topa;1;ver
trupa;1;nr
folgando;1;ver
desmaiar;1;ver
agradeça;1;ver
pistão;1;nom
exterminar;1;ver
compilei;1;ver
abordam;1;ver
denegri;1;ver
emiro;1;nr
pex;1;nr
propositora;1;adj
feng;1;nr
rosp;1;nr
diaristas;1;nom
emeral;1;nr
demore;1;ver
hter;1;nr
explorados;1;adj
estabeleci;1;ver
demagog;1;nr
estora;1;nr
economi;1;nr
lacradoras;1;nr
siqueirinha;1;nr
propositiva;1;nr
trabalhe;1;ver_sup
7x;1;nr
recolhidos;1;ver
paluza;1;nr
envi;1;nr
aria;1;ver
lulo;1;nr
babá;1;nom
fugiria;1;ver
raciocinado;1;ver
concebi;1;ver
cairia;1;ver
raros;1;adj
oséas;1;nr
perece;1;ver
delimitar;1;ver
aplaude;1;ver
covadia;1;nr
wbrand;1;nr
maltetung;1;nr
teguevar;1;nr
crivela;1;nr
sóstenes;1;nr
pagarem;1;ver
tacou;1;nr
czão;1;nr
marielon;1;nr
fotografei;1;ver
cpis;1;nr
mendigou;1;nr
parcimônia;1;nom
cpme;1;nr
rotulados;1;adj
rotuladas;1;adj
tocaia;1;nom
improvisado;1;adj
trabalhará;1;ver_sup
interview;1;nom
things;1;nr
might;1;nr
though;1;nr
subscribers;1;nr
pretend;1;nr
seal;1;nr
blamed;1;nr
boson;1;nr
irefort;1;nr
achievers;1;nr
thousands;1;nr
kept;1;nr
chiefers;1;nr
protests;1;nr
wasn;1;nr
occurs;1;nr
antifa;1;nr
rule;1;nr
glass;1;nr
punch;1;nr
oppositors;1;nr
hypocrisy;1;nr
beginning;1;nr
defended;1;nr
unemployment;1;nr
problems;1;nr
crisis;1;nr
double;1;nr
suffering;1;nr
due;1;nr
worrying;1;nr
military;1;nr
intervention;1;nr
puts;1;nr
asking;1;nr
authorities;1;nr
forcibly;1;nr
leaflet;1;nr
include;1;nr
prescribed;1;nr
cuts;1;nr
rate;1;ver
concerned;1;nr
hopeless;1;nr
minimum;1;nr
bosonetta;1;nr
emergency;1;nr
six;1;nr
thousand;1;nr
respirators;1;nr
regions;1;nr
beds;1;nr
protective;1;nr
equipment;1;nr
recovered;1;nr
research;1;nr
projects;1;nr
referring;1;nr
arresting;1;nr
walking;1;nr
beach;1;nr
amendment;1;nr
provides;1;nr
bear;1;nr
originally;1;nr
opportunity;1;nr
tyrannical;1;nr
slaved;1;nr
tyrant;1;nr
poses;1;nom
leading;1;nr
kovitz;1;nr
filipinatu;1;nr
removed;1;nr
delegated;1;nr
mayors;1;nr
fault;1;nr
prepared;1;nr
deal;1;nr
pandemy;1;nr
causes;1;ver
multifactorial;1;nr
putting;1;nr
depths;1;nr
shoulders;1;nr
fair;1;nr
unlikely;1;nr
took;1;nr
mentioned;1;nr
opposition;1;nr
whom;1;nr
disagree;1;nr
journalists;1;nr
ask;1;nr
mums;1;nr
moms;1;nr
giving;1;nr
relevance;1;nr
folks;1;nr
arborizado;1;adj
elador;1;nr
bukelli;1;nr
libertad;1;nr
boda;1;nom
buquet;1;nr
calhar;1;ver
roupinha;1;nom
funcionalidades;1;nom
sacolinha;1;nr
sinistra;1;adj
papito;1;nom
perro;1;adj
caramelito;1;nr
carrozinho;1;nr
construçãozinha;1;nr
buell;1;nr
mcqueen;1;nr
opulo;1;nr
repassei;1;ver
ovinho;1;nr
auria;1;nr
vanzinha;1;nr
horrendos;1;adj
viagzinha;1;nr
bloqueadores;1;nom
danificar;1;ver
bloqueador;1;nom
gangas;1;nom
inxuto;1;nr
secot;1;nr
cheg;1;nr
arejado;1;adj
prisioneiros;1;nom
gerador;1;nom
menorzinho;1;nr
esporádica;1;adj
afiliada;1;ver
afiliado;1;ver
7x7;1;nr
descansava;1;ver
por5;1;nr
issa;1;nr
academiazinha;1;nr
alorente;1;nr
salora;1;nr
pregunto;1;ver
han;1;nr
ahorita;1;nr
mans;1;nr
perfetto;1;nr
tif;1;nr
boss;1;nr
secote;1;nr
3800;1;num
raspada;1;ver
crocanho;1;nr
1024;1;num
extorção;1;nr
m13;1;nr
fuzilaram;1;ver
atiravam;1;ver
pôle;1;nr
agachado;1;adj
estica;1;ver
beliche;1;nom
quadriliche;1;nr
amelo;1;nr
conversam;1;ver
furinho;1;nom
óbvias;1;adj
enclarar;1;nr
tatuam;1;ver
tatuados;1;ver
tatuagens;1;nom
rebelar;1;ver
identificado;1;ver
entrevistou;1;ver
energizada;1;nr
polvo;1;nom
faccionados;1;nr
mexeram;1;ver
avançarmos;1;ver
arrego;1;nr
vendinha;1;nom
espetinho;1;nom
vilatoro;1;nr
fenomenal;1;adj
bukell;1;nr
najib;1;nr
perturbações;1;nom
revóga;1;nr
estabeleceram;1;ver
extorsão;1;nom
infratores;1;nom
1054;1;num
adios;1;nr
impuridade;1;nr
fornecem;1;ver
entregantes;1;nr
reformou;1;ver
processuais;1;adj
relativas;1;adj
delitivas;1;nr
pedc;1;nr
procuradoriagal;1;nr
penitenciário;1;adj
capturados;1;adj
105954;1;num
1059;1;num
expressivo;1;adj
tirânicos;1;adj
ditoriais;1;nr
pistola;1;nom
humorado;1;adj
impressionados;1;adj
mereço;1;ver
reencontro;1;nom
famía;1;nr
bisneto;1;nom
telefonou;1;ver
batismos;1;nom
lona;1;nom
ident;1;nr
indeferida;1;ver
fachineira;1;nr
descumprida;1;ver
passassem;1;ver
conjugado;1;adj
ladak;1;nr
cômoda;1;adj
naas;1;nr
saxofonista;1;nom
sábados;1;nom
grit;1;nr
vé;1;nr
pco;1;nr
maluquice;1;nom
ingratidão;1;nom
sangrar;1;ver
valoração;1;nom
pde;1;nr
perecível;1;adj
palestrei;1;nr
questionava;1;ver
caridosa;1;adj
subestimei;1;ver
menosprezei;1;ver
abarrotada;1;adj
lavinha;1;nom
esperneando;1;ver
acalmava;1;ver
perninha;1;nom
elm;1;nr
ficav;1;nr
elae;1;nr
escrevem;1;ver
confiavam;1;ver
construam;1;ver
plante;1;ver
casem;1;ver
prospere;1;ver
funcionarem;1;ver
surre;1;nr
suquinho;1;nr
almejando;1;ver
morreriam;1;ver
inclua;1;ver
serra;1;nom
estáis;1;nr
aliviarei;1;ver
descobertos;1;adj
liberadas;1;ver
tocaria;1;ver
fileiras;1;nom
recuaremos;1;nr
metir;1;nr
esplandecer;1;nr
cze;1;nr
fuso;1;nom
inescrupulosa;1;adj
criminosamente;1;adv
biomas;1;nom
sarubo;1;nr
incompetentes;1;adj
dúv;1;nr
dv;1;nr
vouv;1;nr
insônia;1;nom
veludado;1;nr
ortiva;1;nr
pandora;1;nom
cetano;1;nr
incorrente;1;nr
dadão;1;nr
rodei;1;ver
patifaria;1;nom
esco;1;nr
emplacada;1;ver
zerado;1;nr
desvacar;1;nr
desperdiçar;1;ver
puxação;1;nr
provida;1;ver
elaboraram;1;ver
monoterapia;1;nr
terreiros;1;nom
ideologizando;1;nr
transplante;1;nom
2561;1;num
impedia;1;ver
notificasse;1;ver
militem;1;adj
homologado;1;ver
finalizam;1;ver
unirão;1;ver
blindeus;1;nr
desfalques;1;nom
daniele;1;nom
ibo;1;nr
atributamos;1;nr
desafiou;1;ver
funcionalistas;1;adj
gorila;1;nom
solista;1;adj
sensata;1;adj
disneylândia;1;nom
caribe;1;nom
m1;1;nr
cano;1;nom
confiscar;1;ver
estatudo;1;nr
desarmar;1;ver
pndh;1;nr
guanambi;1;nr
magarão;1;nr
e2022;1;nr
biro;1;nr
thomé;1;nom
concretizar;1;ver
democratização;1;nom
narrar;1;ver
acompanharem;1;ver
socializam;1;ver
biruleibe;1;nr
editador;1;nr
pesquisou;1;ver
bibi;1;nom
massinha;1;nom
coveiros;1;nom
112;1;num
despejou;1;ver
trilhão;1;adj_num
noventa;1;adj_num
provisórias;1;adj
assinadas;1;ver
desviados;1;ver
pensões;1;nom
3000000;1;num
insano;1;adj
564;1;num
investigassem;1;ver
celso;1;nom
mensalinho;1;nr
telecom;1;nr
cpem;1;nr
interbrazil;1;nr
caseiro;1;adj
francenildo;1;nr
cartilhas;1;nom
bmg;1;nr
navalha;1;nom
de2014;1;nr
piscando;1;nom
norospar;1;nr
bingos;1;nom
madrinha;1;ver
portela;1;nom
colorida;1;adj
lucrou;1;ver
enriquecer;1;ver
licitamente;1;adv
removida;1;ver
karine;1;nr
fmi;1;nr
explodo;1;nr
explorou;1;ver
suvaco;1;nr
fedorento;1;adj
223;1;num
tubo;1;nom
cacete;1;nom
desmotivo;1;nr
sexualizado;1;nr
hipersexualizados;1;nr
preção;1;nr
nervosão;1;nr
justiças;1;nom
frequentes;1;adj
ensinada;1;ver
saudosa;1;adj
carreguei;1;ver
acampou;1;ver
escolada;1;nr
revistada;1;ver
ajoelhei;1;ver
permaneci;1;ver
desencadeou;1;ver
naé;1;nr
banhos;1;nom
gelados;1;adj
azeda;1;adj
cacos;1;nom
cuas;1;nr
optou;1;ver
convivemos;1;ver
cicco;1;nr
deveri;1;nr
vz;1;nr
av;1;nr
interrompidas;1;adj
sequent;1;nr
marie;1;nom
currie;1;nr
marielly;1;nr
homenageia;1;ver
bonsonaro;1;nr
procuravam;1;ver
deprecia;1;ver
bobô;1;nr
jogue;1;ver
invadimos;1;nr
absorvendo;1;ver
quadrinhos;1;adj
corrimento;1;nom
subvertendo;1;ver
alavancando;1;nr
tyla;1;nr
rapado;1;adj
químicolas;1;nr
adam;1;nom
grayskull;1;nr
andarilha;1;nr
cabelinho;1;nom
eliminou;1;ver
compridos;1;adj
raspou;1;ver
coadjuvante;1;adj
subaterna;1;nr
alinhagem;1;nr
inegociável;1;adj
aproveitado;1;ver
introduzidos;1;ver
substituídas;1;ver
heteros;1;nr
heteras;1;nr
desolava;1;nr
profunde;1;nr
copitar;1;nr
pegador;1;nom
chan;1;nr
connery;1;nr
cigarro;1;nom
fumava;1;ver
fracassam;1;ver
comunico;1;ver
emocionando;1;ver
menospreza;1;ver
peter;1;nom
enaltecimento;1;nom
bajulada;1;nr
florinda;1;nom
jabá;1;nom
bombardeada;1;ver
broulos;1;nr
lightyear;1;nr
boizinho;1;nom
ilidir;1;nr
mertiolate;1;nr
merthiolate;1;nr
machucadinho;1;nr
machucava;1;ver
boyzinho;1;nr
fredo;1;nr
fretes;1;nom
figurante;1;nom
topic;1;nr
raimer;1;nr
haimer;1;nr
atômica;1;adj
916;1;num
parir;1;ver
diretoria;1;nom
arriba;1;nom
maleável;1;adj
xenofobia;1;nom
altary;1;nr
ruca;1;nr
rolava;1;ver
brexit;1;nr
sequestrado;1;ver
caetano;1;nom
geeks;1;nr
anime;1;ver
interligado;1;ver
talentoso;1;adj
marginalizado;1;ver
bitch;1;nr
whindersson;1;nr
desandou;1;ver
produziam;1;ver
impulsou;1;ver
malícia;1;nom
louça;1;nom
selecionando;1;ver
delimitando;1;ver
desavisado;1;ver
abortando;1;ver
quicar;1;ver
zimbabwe;1;nr
zimbab;1;nr
demarvas;1;nr
marvels;1;nr
pen;1;nr
drive;1;nr
hippies;1;adj
transgressor;1;adj
kenti;1;nr
rambo;1;nr
damme;1;nr
estria;1;nom
solapam;1;ver
reparar;1;ver
esvaziamento;1;nom
arquétipo;1;nom
niu;1;nr
patético;1;adj
artrite;1;nom
remanejamento;1;nom
triniti;1;nr
fingiu;1;ver
impulsiona;1;ver
caminharam;1;ver
splinter;1;nr
subentendido;1;ver
desconstruição;1;nr
lutadores;1;nom
aceitos;1;adj
falante;1;nom
comediantes;1;nom
açougueiro;1;nom
ursos;1;nom
morrerem;1;ver
auge;1;nom
bruto;1;adj
bíceps;1;nom
punk;1;adj
naru;1;nr
naruto;1;nr
comanche;1;nr
atravessam;1;ver
pajé;1;nom
cultuado;1;ver
pedaços;1;nom
aprofundamente;1;nr
transcender;1;ver
ideologica;1;nr
constitucionador;1;nr
zoeiro;1;nr
lacrate;1;nr
apelidou;1;ver
pêsames;1;nom
shany;1;nr
arrochando;1;nr
coffee;1;nr
rude;1;adj
cápsulas;1;nom
genes;1;nom
polentinha;1;nr
forasteiros;1;nom
minúsculas;1;adj
imunizar;1;ver
inerente;1;adj
atrofiado;1;adj
cultivação;1;nom
irradia;1;ver
radiou;1;ver
tags;1;nr
iris;1;nr
burburinho;1;nom
trocador;1;nom
notificado;1;ver
decretação;1;nom
ativando;1;ver
censurasse;1;ver
calasse;1;ver
expressarem;1;ver
primária;1;adj
carimbo;1;nom
limitador;1;nom
calcanhar;1;nom
trilho;1;nom
empoçado;1;ver
virarem;1;ver
anelise;1;nr
mexi;1;ver
estranhas;1;adj
pendente;1;adj
estudamos;1;ver
valorizarmos;1;ver
literárias;1;adj
edileide;1;nr
torcia;1;ver
fingimento;1;nom
mentia;1;ver
melment;1;nr
inspirações;1;nom
complementando;1;adj
atualidade;1;nom
cofre;1;nom
protestar;1;ver
invalidar;1;ver
filosóficas;1;adj
emburrecendo;1;nr
conservo;1;ver
enéas;1;nom
neoclássico;1;adj
relativizado;1;ver
dizimando;1;ver
incluem;1;ver
chatice;1;nom
kevin;1;nom
afazeres;1;nom
errônea;1;adj
nedja;1;nr
emotivo;1;adj
propagadores;1;nom
retas;1;adj
produzimos;1;ver
engraçados;1;adj
mack;1;nr
calmax;1;nr
interligados;1;ver
cozimento;1;nom
adequando;1;ver
desmitificando;1;nr
siena;1;nr
teka;1;nr
pecinha;1;nom
tang;1;nr
torneio;1;nom
igualzinho;1;adj
devotos;1;adj
fanpage;1;nr
messenger;1;nr
summit;1;nr
biscoitinho;1;nom
conseguiremos;1;ver
formiga;1;nom
gioso;1;nr
aluga;1;ver
sigma;1;nom
vadore;1;nr
patrulhando;1;ver
vigiando;1;ver
julgante;1;nr
lines;1;nr
antítese;1;nom
manipula;1;ver
patriarcal;1;adj
introjetando;1;nr
pecamos;1;ver
grãozinho;1;nom
ofendidinho;1;nr
labirinto;1;nom
ambientalismo;1;nr
arrumei;1;ver
apegando;1;ver
desfaça;1;ver
albumina;1;nom
litologias;1;nr
substituíram;1;ver
pólio;1;nom
semântica;1;nom
nathy;1;nr
rockfeller;1;nr
seita;1;nom
avôs;1;nom
sisudo;1;adj
rebeldia;1;nom
antagônico;1;adj
travesseiro;1;nom
grill;1;nr
apaixonar;1;ver
alicerce;1;nom
seduzidos;1;ver
apanhados;1;ver
léu;1;nom
acertaste;1;ver
cunhada;1;nom
night;1;nr
abranches;1;nr
krasinski;1;nr
valdemir;1;nr
mani;1;ver
sismo;1;nom
advém;1;ver
brochurao;1;nr
lênin;1;nom
operado;1;ver
pca;1;nr
invalida;1;ver
imprimindo;1;ver
apimentar;1;ver
ameaçadas;1;adj
recomendaria;1;ver
compilou;1;ver
sacristão;1;nom
quintella;1;nr
legalzinho;1;nr
júri;1;nom
oréal;1;nr
contadas;1;ver
gerenciar;1;ver
primórdios;1;nom
cozidos;1;adj
thrones;1;nr
craft;1;nr
swift;1;nr
devolvo;1;ver
exerciam;1;ver
margaret;1;nom
sanger;1;nr
working;1;nr
elegemos;1;ver
junio;1;nr
enéias;1;nom
contrapontos;1;nom
conciliador;1;adj
consertados;1;ver
sinusites;1;nom
advogar;1;ver
finjo;1;ver
traíras;1;nom
valorista;1;nr
edema;1;nom
alude;1;ver
ludwig;1;nom
von;1;nom
mises;1;nr
fininho;1;adj
pretendo;1;ver
amansa;1;ver
maquiada;1;ver
11471;1;num
compõe;1;ver
janaína;1;nom
comissionada;1;ver
garantidas;1;ver
ageu;1;nom
afastá;1;nr
pertença;1;ver
coagi;1;ver
imunidades;1;nom
asseguradas;1;ver
mansidão;1;nom
contraficante;1;nr
checado;1;ver
empondo;1;nr
bastos;1;nom
escusa;1;ver
colágeno;1;nom
indefender;1;nr