que;44940;pro_rel
a;31253;art_def
de;30180;pre
o;28208;art_def
e;24864;conj
é;20442;ver_sup
não;18200;adv_sup
eu;17521;pro_per
para;14296;pre
um;11258;art_def
do;11013;pre
uma;10207;art_def
você;9915;pro_per
aqui;8991;adv
né;8602;nr
da;8425;pre
com;8150;pre
se;7448;pro_per
ele;7164;pro_per
isso;6767;pro_ind
tem;6735;ver_sup
em;6683;pre
no;6592;pre
gente;6403;nom
por;6330;pre
na;6109;pre
mas;6053;conj
nós;5768;pro_per
então;5497;adv
tá;5390;ver_sup
aí;5232;adv
porque;5178;adv
os;5049;art_def
deus;4805;nom
vai;4708;ver_sup
como;4511;adv_sup
as;4398;art_def
senhor;4276;nom
mais;4125;adv_sup
muito;3438;adv
pessoas;3307;nom
foi;3244;ver_sup
esse;3199;pro_dem
essa;3055;pro_dem
também;2911;adv
ser;2874;ver_sup
assim;2856;adv
só;2817;adj
ela;2801;pro_per
poder;2795;ver_sup
já;2709;adv
agora;2617;adv
ou;2538;conj
quando;2479;adv
meu;2456;pro_pos
me;2445;pro_per
fazer;2441;ver_sup
sua;2429;pro_pos
eh;2351;ono
eles;2321;pro_per
está;2292;ver_sup
ter;2251;ver_sup
lá;2180;adv
pode;2063;ver_sup
são;2025;ver_sup
brasil;1991;nom
hoje;1975;adv
tudo;1921;adv
sabe;1910;ver_sup
dos;1907;pre
sobre;1904;pre
presidente;1881;nom
seu;1872;pro_pos
estão;1870;ver_sup
ao;1868;adv_sup
quem;1857;pro_ind
seja;1819;ver_sup
minha;1783;pro_pos
vou;1778;ver_sup
vida;1760;nom
falar;1741;ver
nos;1718;pre
pelo;1713;pre
ali;1709;adv
mesmo;1670;adv
nosso;1668;pro_pos
das;1661;pre
vocês;1636;pro_per
te;1632;pro_per
quero;1617;ver
até;1602;adv
todos;1583;pro_ind
dia;1578;nom
vamos;1575;ver_sup
cara;1529;nom
fala;1522;ver
nossa;1514;pro_pos
educação;1511;nom
pai;1479;nom
oração;1428;nom
jesus;1405;nom
todo;1386;pro_ind
deputado;1383;nom
era;1314;ver_sup
tempo;1268;nom_sup
país;1257;nom
pela;1246;pre
anos;1244;nom
mundo;1234;nom
pessoa;1180;nom
coisa;1178;nom
bem;1166;adv
sei;1152;ver_sup
verdade;1150;nom_sup
tenho;1145;ver_sup
dizer;1136;ver_sup
ó;1104;ono
fato;1100;nom
nome;1095;nom_sup
palavra;1093;nom
realmente;1050;adv
estamos;1040;ver_sup
quer;1037;ver
precisa;1030;ver
inclusive;1027;adv
ver;1026;ver_sup
esquerda;1023;adj
nada;1016;adv
dele;1016;pre
lula;1002;nom
exemplo;995;nom
contra;993;pre
temos;991;ver_sup
bom;988;adj
casa;984;nom
olha;979;nom
tô;965;nr
depois;959;adv
igreja;956;nom
coisas;948;nom
obrigado;935;ver
bolsonaro;931;nr
algo;930;adv
nicolas;919;nom
sou;919;ver_sup
sem;915;pre
dentro;907;adv
falando;900;ver
acho;893;ver
música;890;nom
governo;866;nom
diz;855;ver_sup
à;855;art_def
mim;853;pro_per
há;851;ver_sup
nem;851;conj
forma;841;nom
nesse;831;pre
primeiro;824;adj_num
nas;821;pre
faz;817;ver_sup
onde;814;pro_int
ainda;812;adv
coração;803;nom
dar;796;ver
aquilo;785;pro_ind
dessa;778;pre
dá;768;ver
momento;765;nom
tinha;762;ver_sup
escola;753;nom
sendo;751;ver_sup
família;745;nom
disse;744;ver_sup
sempre;741;adv
comissão;741;nom
cada;740;pro_ind
orar;738;ver
tava;735;ver_sup
toda;731;pro_ind
vão;728;ver_sup
sim;721;adv
projeto;716;nom
grande;704;adj
seus;700;pro_pos
outro;699;pro_ind
dias;697;nom
falou;691;ver
fazendo;686;ver_sup
vezes;682;nom
tua;679;pro_pos
fez;676;ver_sup
desse;671;pre
nessa;667;pre
talvez;660;adv
estava;658;ver_sup
pessoal;658;adj
ficar;656;ver
nunca;650;adv
qual;647;pro_ind
questão;644;nom
teu;643;pro_pos
ano;642;nom
todas;642;pro_ind
vez;640;nom
nação;637;nom
homem;632;nom
fica;625;ver
pra;614;pre
ministro;607;nom
disso;606;pre
esses;605;pro_dem
política;604;nom
tipo;598;nom_sup
estou;595;ver_sup
vem;594;ver
somente;589;adv_sup
crianças;588;nom
alguém;583;pro_ind
ah;583;ono
colocar;581;ver
tão;577;adv
bíblia;576;nom
povo;570;nom_sup
estar;563;ver_sup
amém;563;nom
essas;559;pro_dem
mulher;557;nom
muitas;554;pro_ind
foram;552;ver_sup
trabalho;551;nom_sup
espírito;551;nom
pro;546;pre
escolas;544;nom
importante;529;adj
ninguém;529;pro_ind
vídeo;525;nom
simplesmente;522;adv
outros;514;pro_ind
boa;513;adj
antes;510;adv
cristo;507;nom
dinheiro;506;nom
paulo;506;nom
dizendo;505;ver_sup
criança;504;nom
certeza;501;nom
claro;500;adj
lugar;497;nom
filho;496;nom
dois;496;adj_num
muita;492;pro_ind
contrário;491;adj
qualquer;489;pro_ind
queria;489;ver
aos;488;art_def
seguinte;486;adj
lado;480;nom
caso;479;nom
existe;479;ver
deixar;477;ver
relação;472;nom
respeito;469;nom
história;467;nom
suas;465;pro_pos
maior;462;adj
meio;461;adv
conta;460;ver
nenhum;457;pro_ind
pastor;455;nom
segurança;454;nom
outra;454;pro_ind
nossos;452;pro_pos
será;449;ver_sup
deputada;449;nom
pouco;448;pro_ind
amor;447;nom
tanto;443;pro_ind
acredito;442;ver
deixa;436;ver
parte;435;nom_sup
deputados;434;nom
aquele;433;pro_dem
direita;424;nom
mesma;423;adv
milhões;422;nom
estado;422;nom_sup
fosse;420;ver
filhos;420;nom
the;418;nr
somos;417;ver_sup
certo;417;adj
cristão;416;adj
elas;415;pro_per
nacional;413;adj
quanto;411;pro_ind
santo;411;adj
posso;408;ver_sup
falei;404;ver
possa;404;ver_sup
consegue;404;ver
glória;404;nom
lei;403;nom
menos;399;adv
daqui;398;adv
terra;397;nom
teve;396;ver_sup
mulheres;395;nom
feito;393;ver_sup
novo;393;adj
vê;390;ver_sup
noite;389;nom
deu;388;ver
live;385;nr
acontecendo;384;ver
direito;382;nom
meus;379;pro_pos
vejo;379;ver_sup
nossas;377;pro_pos
ponto;376;nom
através;376;adv
melhor;375;adj
enquanto;374;conj
10;374;num
galera;371;nom
segundo;369;adj_num
homens;368;nom
problema;367;nom
fui;364;ver_sup
hora;363;nom
três;361;adj_num
mãe;361;nom
saber;361;ver_sup
numa;361;pre
chegar;359;ver
liberdade;357;nom
federal;357;adj
for;357;ver_sup
deve;355;nom
fim;353;nom_sup
deles;353;pre
entre;353;pre
quê;352;pro_ind
primeira;352;adj_num
favor;351;nom
enfim;351;adv
professor;351;nom
peço;350;ver
contas;349;nom
justiça;348;nom
querem;348;ver
outras;347;pro_ind
alguma;347;pro_ind
ensino;346;nom
debate;345;nom
aconteceu;344;ver
passar;344;ver
alguns;340;pro_ind
guerra;340;nom
algumas;339;pro_ind
sentido;339;nom
pública;337;nom
paz;336;nom
às;335;art_def
acha;331;ver
durante;330;pre
fora;329;ver_sup
ministério;329;nom
ir;328;ver_sup
jovens;324;adj
mão;319;nom
vi;318;ver_sup
pergunta;316;nom
pt;312;nr
aqueles;312;pro_dem
dela;312;pre
político;308;adj
comigo;306;pro_ind
21;306;num
maneira;302;nom
vendo;301;ver
entrar;301;ver
precisamos;298;ver
vontade;296;nom
realidade;294;nom
muitos;294;adv
frente;293;nom
desde;292;pre
horas;291;nom
obviamente;287;adv
chamado;286;adj
duas;286;adj_num
vários;285;art_def
estados;284;nom_sup
tenha;284;ver_sup
mudar;283;ver
cidade;283;nom
aula;283;nom
crime;282;nom
mostrar;282;ver
viu;281;ver_sup
brasileiro;280;adj
fiz;280;ver_sup
basicamente;279;adv
fé;278;nom
aquela;276;pro_dem
preciso;276;adj
livro;275;nom
entender;273;ver
rio;273;nom
público;273;nom
força;272;nom
geração;270;nom
propósito;270;nom
algum;269;pro_ind
passa;269;ver
pedir;268;ver
nenhuma;267;pro_ind
querendo;267;ver
3;266;num
presença;266;nom
próprio;265;adj
número;265;nom
professores;265;nom
poxa;264;nr
quiser;264;ver
mal;264;adv
chama;263;ver
beleza;261;nom
trazer;260;ver
ficou;258;ver
seria;257;ver_sup
brasileira;256;adj
chamar;255;ver
amigo;254;nom
afinal;254;adv
acontecer;254;ver
acordo;254;nom
requerimento;252;nom
orando;252;ver
junto;250;adj
final;249;nom
exatamente;249;adv
acontece;248;ver
atrás;248;adv
8;247;num
sociedade;247;nom
apenas;245;adv
1;245;num
além;245;adv
diferente;243;adj
falo;243;ver
processo;242;nom
partido;242;nom
várias;241;art_def
gostaria;241;ver
palavras;241;nom
num;238;pre
tomar;237;ver
jovem;237;adj
senhores;236;nom
chega;236;ver
faça;236;ver_sup
abençoe;235;ver
conseguir;235;ver
pedindo;235;ver
votação;233;nom
graças;231;nom
continuar;231;ver
irmão;230;nom
mentira;230;nom
minas;229;nom
janeiro;229;nom
plano;229;nom
ouvir;227;ver
nisso;226;pre
vossa;226;pro_pos
daniel;225;nom
social;224;adj
parece;224;nom
possível;223;adj
universidade;223;nom
2;223;num
presente;222;nom
ia;222;ver_sup
demais;221;adv
tal;221;pro_ind
excelência;221;pro_ind
olhos;220;nom
4;219;num
principalmente;219;adv
and;219;nr
podem;218;ver_sup
5;218;num
tiver;218;ver_sup
pelos;218;pre
quase;218;adv
evangelho;218;nom
começar;218;ver
stf;217;nr
estavam;217;ver_sup
têm;217;ver_sup
cristãos;217;adj
saúde;216;nom
começa;216;ver
chegou;215;ver
democracia;214;nom
sido;214;ver_sup
morte;214;nom
pauta;214;nom
ler;214;ver
gentileza;214;nom
tivesse;213;ver_sup
tu;213;pro_per
belo;212;adj
veio;212;ver
voto;210;nom
preso;210;adj
portanto;210;conj
medo;209;nom
sejam;209;ver_sup
curso;209;nom
tirar;208;ver
voltar;208;ver
voz;207;nom
faço;207;ver_sup
difícil;207;adj
cima;207;nom_sup
discussão;207;nom
sala;206;nom
pois;205;conj
céu;205;nom
eleições;204;nom
quatro;204;adj_num
poderia;204;ver_sup
graça;204;nom
agradecer;204;ver
este;203;pro_dem
entendeu;203;ver
rede;203;nom
ganhar;203;ver
horizonte;202;nom
igual;202;adj
pais;202;nom
alunos;202;nom
congresso;201;nom
unidos;200;adj
caminho;200;nom_sup
época;200;nom
movimento;200;nom
polícia;199;nom
semana;199;nom
sair;199;ver
minutos;199;nom
pegar;199;ver_sup
falta;198;nom
campanha;198;nom
usar;198;ver_sup
própria;197;adj
trabalhar;197;ver_sup
coloca;196;ver
feliz;195;adj
resposta;195;nom
mil;195;adj_num
pedro;194;nom
forte;193;adj
20;193;num
famílias;192;nom
30;192;num
causa;191;nom
passado;191;adj
qualidade;191;nom
alexandre;190;nom
diante;190;adv
artigo;190;nom
ordem;190;nom
golpe;189;nom
tendo;189;ver
fazem;188;ver_sup
luta;188;nom
após;188;pre
cabeça;187;nom
defender;187;ver
idade;187;nom
000;186;num
infelizmente;186;adv
to;186;nr
venha;186;ver
discutir;186;ver
daí;185;adv
olhar;185;nom
acesso;185;nom
pelas;184;pre
lembro;184;ver
6;183;num
fizeram;183;ver_sup
minhas;183;pro_pos
grupo;183;nom
corpo;183;nom
abrir;183;ver
reino;183;nom
existem;182;ver
sabemos;182;ver_sup
volta;182;nom
internet;181;nom
of;181;nr
matar;181;ver
amigos;180;nom
esperança;180;nom
ok;180;nr
oramos;180;ver
cadeia;179;nom
maioria;179;nom_sup
deveria;179;nom
in;179;pre
jejum;179;nom
rei;178;nom
podemos;177;ver_sup
partir;176;ver
situação;176;nom
atenção;175;nom
digo;175;ver_sup
levar;175;ver
próximo;173;adj
ontem;173;adv
mente;173;nom
importa;173;ver
passou;173;ver
pega;173;ver_sup
câmara;172;nom
completamente;172;adv
olhada;172;nom
problemas;172;nom
segunda;172;adj_num
questões;171;nom
orações;171;nom
base;171;nom
ti;171;pro_per
continua;170;ver
tema;170;nom
capítulo;170;nom
versículo;170;nom
vereador;169;nom
queremos;169;ver
estudantes;169;nom
esta;168;pro_dem
legal;168;adj
reunião;168;nom
amanhã;168;adv
parar;167;ver
dando;167;ver
futuro;167;adj
viver;166;ver
paraa;166;nr
diferença;166;nom
gerais;165;adj
errado;165;adj
meses;164;nom
vir;164;ver_sup
orientação;164;nom
inteiro;164;adj
colocou;164;ver
oportunidade;163;nom
cultura;163;nom
esposa;162;nom
rua;162;nom
tentar;162;ver_sup
ideia;162;nom
espiritual;162;adj
abraço;162;nom
alegria;161;nom
papel;160;nom
acabou;160;ver
tive;160;ver_sup
mãos;160;nom
sistema;159;nom
joão;159;nom
pô;159;nr
violência;159;nom
pedido;159;nom
fácil;159;adj
12;158;num
população;158;nom
votar;157;ver
culpa;157;nom
escolar;156;adj
redes;155;nom
posição;155;nom
22;155;num
mídia;155;nom
creio;155;ver
r;154;nom_sup
médio;154;adj
começou;153;ver
controle;153;nom
água;153;nom
porta;153;nom
is;153;sw
monte;152;nom
luz;152;nom
100;152;num
misericórdia;152;nom
feita;152;ver_sup
aluno;152;nom
valores;151;nom_sup
perdão;150;nom
acima;150;adv
parabéns;150;nom
7;149;num
direitos;149;nom
texto;149;nom
aplausos;148;nom
lembrar;147;ver
real;147;adj
15;147;num
logo;146;adv
alma;146;nom
moraes;145;nom
news;145;nr
necessário;145;adj
nícolas;145;nr
dessas;145;pre
filha;145;nom
desses;145;pre
ouvindo;145;ver
ex;144;nr
brasileiros;143;adj
passo;143;nom
imagina;143;ver
pecado;143;nom
fake;142;nr
pensar;142;ver
caras;142;adj
cinco;142;adj_num
adolescentes;142;adj
interessante;142;adj
ajudar;141;ver
extremamente;141;adv
jeito;141;nom
opinião;141;nom
lutar;140;ver
coragem;140;nom
presidência;140;nom
universidades;140;nom
acabar;140;ver
esteja;139;ver_sup
espaço;139;nom
fundamental;139;adj
instagram;139;nr
sociais;138;adj
diversos;138;adj
candidato;138;nom
infantil;138;adj
passando;138;ver
bastante;137;adv
pé;137;nom
neto;137;nom
prisão;136;nom
digamos;136;ver_sup
corrupção;136;nom
nova;136;adj
querer;136;ver
local;136;nom
programa;136;nom
livros;136;nom
sai;136;ver
fogo;136;nom
prefeito;135;nom
países;134;nom
colocando;134;ver
discurso;134;nom
reais;133;adj
achar;133;ver
houve;133;ver_sup
importância;133;nom
acaba;133;ver
felipe;133;nom
aborto;133;nom
autoridade;133;nom
poderoso;133;adj
pede;132;ver
espero;131;ver
república;131;nom
momentos;131;nom
conhece;131;ver
pagar;130;ver
levanta;130;ver
públicas;130;nom
fico;130;ver
precisam;130;ver
falam;130;ver
armas;130;nom
cuidado;130;nom
senhora;130;nom
banheiro;130;nom
dúvidas;129;nom
teria;129;ver_sup
simples;129;adj
fique;129;ver
pandemia;128;nom
indo;127;ver_sup
sabia;127;ver_sup
11;127;num
inimigo;127;adj
ruim;127;adj
grandes;127;adj
projetos;127;nom
pouquinho;126;pro_ind
nível;126;nom
sinto;126;ver
nesses;126;pre
foto;126;nom
conhecimento;126;nom
apoio;125;nom
moral;125;adj
sul;125;nom
federais;125;adj
pontos;124;nom
diversas;124;adj
ambiente;124;nom
vindo;124;ver
bilhões;123;adj_num
ajuda;123;nom
perder;123;ver
dor;123;nom
daquilo;123;pro_ind
militar;123;adj
tantas;123;pro_ind
caráter;122;nom
jamais;122;adv
davi;122;nom
mostra;122;ver
obrigada;122;ver
aprender;122;ver
morreu;121;ver
única;121;adj
ação;121;nom
ferreira;121;nom
vivendo;120;ver
explicar;120;ver
14;120;num
jogo;120;nom
último;120;adj_sup
i;120;sw
extrema;120;adj
andré;120;nom
entra;120;ver
s;119;nom_sup
tentando;119;ver_sup
conseguiu;118;ver
humano;118;adj
ora;118;conj
contar;118;ver
levantar;118;ver
destruir;117;ver
usa;117;ver_sup
próxima;117;adj
filme;117;nom
defesa;117;nom
princípios;117;nom
compromisso;117;nom
receber;117;ver
quais;117;pro_ind
carro;117;nom
colocado;116;ver
criar;116;ver
saiu;116;ver
políticas;116;adj
louvor;116;nom
pl;115;nr
embora;115;adv
proposta;115;nom
bh;115;nr
mesa;114;nom
pena;114;nom
tanta;114;pro_ind
pior;114;adj
celular;114;adj
naquele;114;pro_dem
finalizar;113;ver
decisão;113;nom
buscar;113;ver
abre;113;ver
vale;113;ver
eram;113;ver_sup
tira;113;ver
responder;113;ver
aprovado;113;ver
resultado;113;nom
período;113;nom
pedimos;113;ver
responsabilidade;112;nom
última;112;adj_sup
básica;112;adj
livre;112;adj
lo;112;pro_per
that;112;nr
humanos;112;adj
defende;112;ver
serão;112;ver_sup
pros;112;pre
oi;112;ono
céus;112;nom
deixou;111;ver
brasília;111;nom
aonde;111;pro_ind
lhe;111;pro_per
conversar;110;ver
arma;110;nom
vídeos;110;nom
morrer;110;ver
menina;110;nom
vergonha;109;nom
políticos;109;adj
óbvio;109;adj
condição;109;nom
oro;109;ver
visão;109;nom
comentários;109;nom
objetivo;109;nom
ações;109;nom
chamou;108;ver
milhares;108;nom
50;108;num
2023;108;num
convite;108;nom
quantas;108;pro_ind
parlamentar;108;adj
líder;108;nom
ideologia;108;nom
requerimentos;108;nom
incrível;108;adj
comprar;107;ver
vivo;107;adj
neste;107;pre
manifestação;107;nom
t;107;nom_sup
liderança;107;nom
conosco;107;pro_ind
ministra;106;nom
silêncio;106;nom
narrativa;106;nom
engraçado;106;adj
youtube;106;nr
dúvida;106;nom
falava;105;ver
valor;105;nom_sup
manhã;105;nom
estudar;105;ver
dino;105;nom
comunista;105;adj
cura;105;nom
juiz;104;nom
gera;104;ver
terceiro;104;adj_num
boca;104;nom
uns;104;art_def
missão;104;nom
fome;104;nom
vidas;104;nom
moção;104;nom
minuto;103;nom
mínimo;103;adj
início;103;nom
retirada;103;ver
garantir;103;ver
literalmente;102;adv
tratar;102;ver
acredita;102;ver
prova;102;nom
eleição;102;nom
posicionamento;102;nom
agenda;102;nom
compreender;102;ver
greve;102;nom
tarde;101;adv
votos;101;nom
16;101;num
motivo;101;nom
transformação;101;nom
pronto;101;adv
relatório;101;nom
pne;101;nr
seguir;101;ver
pecados;101;nom
exército;100;nom
fiquei;100;ver
sexual;100;adj
muda;100;adj
praticamente;99;adv
possam;99;ver_sup
estratégia;99;nom
vista;99;nom
governador;99;nom
entende;99;ver
impossível;99;adj
âmbito;99;nom
17;98;num
ama;98;ver
iria;98;ver_sup
40;98;num
pr;98;nr
gosto;98;nom
diálogo;98;nom
igrejas;98;nom
saiba;98;ver_sup
seis;98;adj_num
importantes;98;adj
princípio;98;nom
negócio;97;nom
preocupado;97;adj
pediu;97;ver
dado;97;ver
cultural;97;adj
debater;97;ver
mostrando;97;ver
sofrimento;97;nom
audiência;97;nom
amo;97;ver
velho;96;adj
toma;96;ver
senão;96;adv
daquele;96;pro_dem
últimos;96;adj_sup
recursos;96;nom
sabem;96;ver_sup
canal;96;nom
faculdade;96;nom
pergunto;95;ver
conversa;95;nom
começo;95;nom
olho;95;nom
plenário;95;nom
perguntar;94;ver
visto;94;ver_sup
perdeu;94;ver
pré;94;adj
prática;94;adj
repúdio;94;nom
teus;94;pro_pos
cá;93;adv
pensa;93;ver
oposição;93;nom
tivemos;93;ver_sup
normal;93;adj
super;93;adj
encontrar;93;ver
absurdo;93;adj
18;93;num
meta;93;nom
entendimento;93;nom
entrando;93;ver
és;93;ver_sup
lutando;92;ver
jair;92;nom
usando;92;ver_sup
economia;92;nom
inteira;92;adj
medida;92;nom
desta;92;pre
trouxe;92;ver
adolescente;92;adj
defendendo;92;ver
mec;92;nr
mata;91;nom
globo;91;nom
entrou;91;ver
atos;91;nom
it;91;nom
conservador;91;adj
parlamentares;91;adj
cristianismo;91;nom
loucura;90;nom
casamento;90;nom
2024;90;num
relator;90;nom
mudança;90;nom
capacidade;90;nom
construir;90;ver
manda;90;ver
dados;90;nom
menino;90;nom
fizemos;89;ver_sup
flávio;89;nom
ai;89;ono
caramba;89;ono
consigo;89;pro_ind
irmãos;89;nom
casos;89;nom
municipal;89;adj
cuidar;89;ver
juventude;89;nom
9;88;num
dito;88;adj
condições;88;nom
sangue;88;nom
conhecer;88;ver
tempos;88;nom_sup
item;88;nom
aleluia;88;nom
longo;87;adj
traz;87;ver
solução;87;nom
vive;87;ver
manter;87;ver
notícia;87;nom
perguntas;87;nom
gerar;87;ver
leitura;87;nom
corações;87;nom
alfabetização;87;nom
diabo;87;nom
estaria;86;ver_sup
ô;86;nr
condenado;86;ver
significa;86;ver
ncolas;86;nr
ditadura;86;nom
trabalhando;86;ver_sup
mandou;86;ver
veja;86;ver_sup
naquela;86;pro_dem
foco;86;nom
único;86;adj
mês;86;nom
total;86;adj
adianta;86;ver
dificuldade;86;nom
consiga;86;ver
relacionamento;86;nom
metas;86;nom
contexto;86;nom
mandar;85;ver
específico;85;adj
trata;85;ver
certa;85;adj
mensagem;85;nom
alto;85;adj
sério;85;adj
uso;85;nom
frase;85;nom
municípios;85;nom
constituição;84;nom
combater;84;ver
dilma;84;nr
parecer;84;nom
dizem;84;ver_sup
novamente;84;adv
honra;84;nom
lgbt;84;nr
institutos;84;nom
série;84;nom
pastores;84;nom
mesmos;83;adv
sente;83;ver
pera;83;pre
resolver;83;ver
24;83;num
criminoso;83;adj
ato;83;nom
geral;83;adj
pressão;83;nom
israel;83;nom
gosta;83;ver
bater;83;ver
show;83;nom
crise;83;nom
especial;83;adj
lugares;83;nom
quarto;83;nom
guarda;83;nom
aumento;82;nom
fundo;82;nom
cair;82;ver
daqueles;82;pro_dem
estrutura;82;nom
experiência;82;nom
encontro;82;nom
cadê;81;adv
busca;81;nom
etc;81;nr
recebeu;81;ver
tristeza;81;nom
ódio;81;nom
policial;81;adj
líderes;81;nom
ideias;81;nom
funciona;81;ver
comecei;81;ver
pobre;80;adj
bandeira;80;nom
gênero;80;nom
professora;80;nom
independente;80;adj
prazer;80;nom
américa;79;nom
percebe;79;ver
impressionante;79;adj
trás;79;adv
si;79;pro_per
serem;79;ver_sup
união;79;nom
cantar;79;ver
identidade;79;nom
cumprir;79;ver
conteúdo;79;nom
fechar;79;ver
tocar;78;ver
absolutamente;78;adv
alcançar;78;ver
triste;78;adj
quantos;78;pro_ind
termos;78;nom
lembra;78;ver
campo;78;nom
senador;78;nom
pensando;78;ver
europa;78;nom
ea;78;nr
60;77;num
perto;77;adv
entregar;77;ver
confesso;77;ver
crimes;77;nom
influência;77;nom
poucos;77;pro_ind
necessidade;77;nom
vice;77;nom
sentir;77;ver
nesta;77;pre
decreto;77;nom
agradeço;77;ver
levante;77;nom
perseguição;76;nom
inimigos;76;adj
19;76;num
p;76;nom_sup
aprendi;76;ver
ônibus;76;nom
possibilidade;76;nom
milhão;76;nom
eleitoral;76;adj
mudou;76;ver
sete;76;adj_num
juntos;76;adj
hospital;76;nom
espera;76;ver
bola;75;nom
nele;75;pro_per
votado;75;ver
n;75;nom_sup
drogas;75;nom
salário;75;nom
locais;75;nom
perceber;75;ver
boas;75;adj
tinham;75;ver_sup
formação;75;nom
ganha;75;ver
armada;75;nom
fruto;75;nom
repito;74;ver
marido;74;nom
dê;74;ver
principal;74;adj
perfeito;74;adj
compartilhar;74;ver
erro;74;nom
carne;74;nom
virou;74;ver
ministros;74;nom
histórico;74;adj
vim;74;ver
linha;74;nom
andar;74;nom
leva;74;ver
orçamento;74;nom
área;74;nom
promessa;74;nom
coronel;73;nom
trabalhadores;73;adj
lista;73;ver
tomou;73;ver
maria;73;nom
botar;73;ver
justamente;73;adv
tranquilo;73;adj
meia;73;adv
conselho;73;nom
comer;73;ver
cremos;73;ver
ventre;73;nom
cpmi;72;nr
banco;72;nom
decisões;72;nom
apresentar;72;ver
mães;72;nom
anteriormente;72;adv
delas;72;pre
comum;72;adj
achei;72;ver
inferno;72;nom
relatora;72;nom
adoração;72;nom
concordo;71;ver
norte;71;nom
empresa;71;nom
criminosos;71;adj
13;71;num
trans;71;nr
discutindo;71;ver
expressão;71;nom
chamando;71;ver
feira;71;nom
assunto;71;nom
autor;71;nom
estudo;71;nom
feminista;71;adj
vos;71;pro_per
verde;70;adj
ataque;70;nom
aumentar;70;ver
falaram;70;ver
ficam;70;ver
diferentes;70;adj
preço;70;nom
criou;70;ver
serviço;70;nom
trabalhador;70;adj
interesse;70;nom
entendo;70;ver
matou;70;ver
matéria;70;nom
bacana;70;adj
organizado;69;adj
posicionar;69;ver
ouviu;69;ver
acreditar;69;ver
jogar;69;ver
padre;69;nom
responde;69;ver
salvador;69;nom
batalha;69;nom
profissionais;69;adj
obra;69;nom
assistindo;68;ver
venezuela;68;nom
empresas;68;nom
basta;68;ver
quantidade;68;nom
tiveram;68;ver_sup
longe;68;adv
comunidade;68;nom
medidas;68;nom
maiores;68;adj
josé;68;nom
transformar;68;ver
cruz;68;nom
combate;68;nom
participar;68;ver
indignação;68;nom
democrático;68;adj
desejo;68;nom
bahia;68;nom
aquelas;68;pro_dem
avaliação;68;nom
função;68;nom
tantos;68;pro_ind
língua;68;nom
testemunho;68;nom
morais;67;adj
recebe;67;ver
anterior;67;adj
irá;67;ver_sup
menor;67;adj
qu;67;nr
utilizar;67;ver
construção;67;nom
temas;67;nom
santa;67;adj
parabenizar;67;ver
tchau;67;ono
d;66;nom_sup
pegou;66;ver_sup
entendendo;66;ver
investigação;66;nom
this;66;nr
enfrentar;66;ver
médico;66;nom
2022;66;num
tenham;66;ver_sup
baixo;66;adj
sexo;66;nom
pão;66;nom
contato;66;nom
avivamento;66;nom
ruas;65;nom
debaixo;65;adv
cidadão;65;nom
vitória;65;nom
modelo;65;nom
verdadeiro;65;adj_sup
trabalha;65;ver_sup
atual;65;adj
dou;65;ver
cheio;65;adj
h;65;nom_sup
entrega;64;nom
manifestações;64;nom
memória;64;nom
completo;64;adj
bicho;64;nom
senado;64;nom
parlamento;64;nom
pensamento;64;nom
eleito;64;adj
mandato;64;nom
imagens;64;nom
dormir;64;ver
fonte;64;nom
23;64;num
falado;64;adj
esclarecer;64;ver
escrito;64;ver
sozinho;63;adj
achando;63;ver
pobres;63;adj
agir;63;ver
alcance;63;nom
deste;63;pre
organização;63;nom
regimento;63;nom
tiro;63;nom
justo;63;adj
nasceu;63;nom
culto;63;adj
kalil;63;nr
recado;62;nom
bandido;62;nom
cai;62;ver
vítimas;62;nom
ouvi;62;ver
conheço;62;ver
mentiras;62;nom
rápido;62;adj
olhando;62;nom
ideológica;62;adj
l;62;nom_sup
concluir;62;ver
not;62;nr
26;62;num
privada;62;adj
cristã;62;adj
atitude;62;nom
chamada;62;adj
documento;62;nom
bons;62;adj
equipe;62;nom
aprovação;62;nom
microfone;62;nom
general;62;nom
josué;62;nom
ressurreição;62;nom
cuba;62;nom
quis;61;ver
sofrer;61;ver
concorda;61;ver
hein;61;ono
corte;61;nom
pesquisa;61;nom
máscara;61;nom
conseguem;61;ver
socialismo;61;nom
viva;61;adj
est;61;nr
dificuldades;61;nom
seguidores;61;nom
poderosa;61;adj
possamos;61;ver_sup
vereadores;61;nom
desculpa;60;nom
responsável;60;adj
80;60;num
capital;60;nom
razão;60;nom
firme;60;adj
senor;60;nr
aberto;60;adj
devem;60;nom
horário;60;nom
custo;60;nom
proteger;60;ver
resto;60;nom
colegas;60;nom
centro;60;nom
avançar;60;ver
puder;60;ver_sup
desafio;60;nom
portugal;60;nom
sofrendo;59;ver
tentativa;59;nom
opa;59;ver
time;59;nom
reforma;59;nom
chegando;59;ver
clara;59;adj
data;59;nom
disseram;59;ver_sup
investimento;59;nom
visita;59;nom
mano;59;nom
deseja;59;ver
cento;59;adj_num
física;59;adj
educacional;59;adj
prefeitura;59;nom
tuas;59;pro_pos
escuta;58;ver
levantou;58;ver
forças;58;nom
virar;58;ver
informação;58;nom
twitter;58;nr
atacar;58;ver
instrumento;58;nom
calar;58;ver
pautas;58;nom
técnica;58;nom
aceitar;58;ver
podia;58;ver_sup
calma;58;adj
tirando;58;ver
face;58;nom
natural;58;adj
colégio;58;nom
olhadinha;58;nom
__;58;nr
declaramos;58;ver
unção;58;nom
vira;57;ver_sup
preocupação;57;nom
postar;57;ver
escândalo;57;nom
totalmente;57;adv
ideológico;57;adj
continue;57;ver
rapaz;57;nom
disposição;57;nom
públicos;57;nom
presos;57;adj
membros;57;nom
mundial;57;adj
proteção;57;nom
engano;57;nom
imagem;57;nom
mérito;57;nom
louvar;57;ver
creche;57;nom
maus;57;adj
julho;57;nom
derrubar;56;ver
quebrar;56;ver
poderes;56;ver_sup
naquilo;56;pro_ind
vítima;56;nom
m;56;nom_sup
linguagem;56;nom
conhecido;56;adj
produção;56;nom
municipais;56;adj
impacto;56;nom
oito;56;adj_num
estratégias;56;nom
integral;56;adj
traga;56;ver
tamo;56;nr
obras;56;nom
deixo;56;ver
levantando;56;ver
chorar;56;ver
feminismo;56;nom
ladrão;55;nom
abriu;55;ver
frutos;55;nom
trump;55;nr
deixando;55;ver
melhorar;55;ver
alvo;55;adj
material;55;nom
torna;55;ver
comunismo;55;nom
70;55;num
chefe;55;nom
ataques;55;nom
operação;55;nom
argumento;55;nom
resultados;55;nom
melhores;55;adj
cor;55;nom
ensinar;55;ver
segundos;55;adj_num
nações;55;nom
pés;55;nom
jeremias;55;nom
nasci;54;nom
valeu;54;ver
acham;54;ver
ore;54;ver
zero;54;adj_num
sentimento;54;nom
instituições;54;nom
cidades;54;nom
partidos;54;nom
nessas;54;pre
havia;54;ver_sup
situações;54;nom
entendi;54;ver
dizia;54;ver_sup
impedir;54;ver
haja;54;ver_sup
recentemente;54;adv
c;54;nom_sup
gustavo;54;nom
ouve;54;ver
caminhos;54;nom_sup
município;54;nom
querido;54;adj
amar;54;ver
profeta;54;nom
trono;54;nom
canção;54;nom
músicas;54;nom
coloque;53;ver
familiares;53;adj
estudante;53;nom
latina;53;adj
brasileiras;53;adj
considerado;53;ver
superior;53;adj
novos;53;adj
evento;53;nom
tenta;53;ver_sup
escolha;53;nom
morto;53;adj
rapidamente;53;adv
terminar;53;ver
b;53;nom_sup
censura;53;nom
mercado;53;nom
ouvido;53;nom
criação;53;nom
homossexuais;53;adj
invés;53;nom
efeito;53;nom
servidores;53;nom
conversando;53;ver
conferência;53;nom
arrependimento;53;nom
módulo;53;nom
juntamente;52;adv
vermelho;52;adj
usou;52;ver_sup
cria;52;ver
risco;52;nom
merece;52;ver
clamor;52;nom
are;52;nom
patrimônio;52;nom
entenda;52;ver
estadual;52;adj
referência;52;nom
rosto;52;nom
vigilância;52;nom
aliás;52;adv
aprendizagem;52;nom
surpresa;52;nom
premiação;52;nom
rafael;52;nom
profética;52;adj
valente;52;nom
temor;52;nom
caiu;51;ver
cadeira;51;nom
correto;51;adj
preocupados;51;adj
absurda;51;adj
ficaram;51;ver
we;51;nr
grupos;51;nom
terroristas;51;nom
senadores;51;nom
semanas;51;nom
pedi;51;ver
gabinete;51;nom
secretário;51;nom
sabendo;51;ver_sup
tio;51;nom
próximos;51;adj
queira;51;ver
deixe;51;ver
pudesse;51;ver_sup
adriana;51;nom
conservadorismo;51;nom
diretor;51;nom
cpi;51;nr
sugestão;51;nom
retirar;51;ver
religião;51;nom
meninas;51;nom
seminário;51;nom
redor;51;nom
amarelo;50;nom
fascista;50;adj
acompanhando;50;ver
figura;50;nom
recebi;50;ver
salvar;50;ver
lives;50;nr
el;50;nr
2020;50;num
comunicação;50;nom
espirituais;50;adj
terrorista;50;nom
ganhou;50;ver
perguntando;50;ver
pego;50;ver_sup
conseguimos;50;ver
breve;50;adj
irão;50;ver_sup
consegui;50;ver
irmã;50;nom
reconhecer;50;ver
passei;50;ver
apesar;50;ono
usado;50;adj
reajuste;50;nom
bancada;50;nom
liberar;50;ver
ensina;50;ver
regras;49;nom
começaram;49;ver
fatos;49;nom
tribunal;49;nom
praça;49;nom
la;49;art_def
revolução;49;nom
peso;49;nom
representa;49;ver
iremos;49;ver_sup
carinho;49;nom
levando;49;ver
conforme;49;conj
excelente;49;adj
matemática;49;nom
desempenho;49;nom
v;49;nom_sup
irei;49;ver_sup
perigo;49;nom
adorar;49;ver
guilherme;49;nom
segura;48;adj
inocente;48;adj
encerrar;48;ver
tornar;48;ver
leis;48;nom
imposto;48;nom
depende;48;ver
esquece;48;ver
sonho;48;nom
200;48;num
caro;48;adj
voltou;48;ver
judiciário;48;adj
aprovar;48;ver
branco;48;adj
quebra;48;nom
coletivo;48;adj
bate;48;ver
diga;48;ver_sup
internacional;48;adj
prazo;48;nom
números;48;nom
falas;48;nom
desafios;48;nom
chorando;48;ver
salvação;48;nom
cheguei;48;ver
comando;47;nom
avião;47;nom
esperar;47;ver
los;47;pro_per
confiança;47;nom
porquê;47;adv
consciência;47;nom
investigar;47;ver
verdadeira;47;adj_sup
legado;47;nom
sacrifício;47;nom
25;47;num
genocida;47;nr
prioridade;47;nom
mostrou;47;ver
tarcísio;47;nom
declarar;47;ver
trevas;47;nom
porém;47;conj
região;47;nom
noção;47;nom
entrei;47;ver
revelação;47;nom
sequer;46;adv
vacina;46;nom
cenário;46;nom
pcc;46;nr
carta;46;nom
conseguindo;46;ver
tomando;46;ver
solto;46;ver
levou;46;ver
geralmente;46;adv
emenda;46;nom
renda;46;nom
demanda;46;nom
sabedoria;46;nom
cargo;46;nom
tráfico;46;nom
tornou;46;ver
direção;46;nom
debates;46;nom
teremos;46;ver_sup
vemos;46;ver_sup
perdendo;46;ver
roubar;46;ver
infância;46;nom
militares;46;adj
capitão;46;nom
encontra;46;ver
favorável;46;adj
claramente;46;adv
continuidade;46;nom
fascismo;46;nom
maravilhoso;46;adj
neemias;46;nr
perante;45;pre
maduro;45;adj
mesmas;45;adv
convocação;45;nom
be;45;nr
pedra;45;nom
humanidade;45;nom
fazia;45;ver_sup
intelectual;45;adj
promessas;45;nom
café;45;nom
básico;45;adj
brincando;45;ver
intenção;45;nom
planos;45;nom
perfil;45;nom
fernandes;45;nom
estiver;45;ver_sup
aulas;45;nom
clamar;45;ver
sobrenatural;45;adj
ana;45;nom
chão;44;nom
favela;44;nom
desistir;44;ver
começando;44;ver
concordar;44;ver
moisés;44;nom
crescer;44;ver
mateus;44;nom
feitas;44;ver_sup
criado;44;ver
cabe;44;ver
estará;44;ver_sup
they;44;nr
presas;44;nom
hipocrisia;44;nom
comida;44;nom
sessão;44;nom
casas;44;nom
negociação;44;nom
cabelo;44;nom
sentindo;44;ver
indicação;44;nom
procedimento;44;nom
secreto;44;adj
respondeu;44;ver
movimentos;44;nom
90;44;num
terceira;44;adj_num
camilo;44;nom
iniciativa;44;nom
recurso;44;nom
chamados;44;adj
encaminhar;44;ver
inglês;44;adj
intercessão;44;nom
sincero;44;adj
gratidão;44;nom
parou;43;ver
dever;43;nom
cedo;43;adv
visitar;43;ver
janja;43;nr
alimentação;43;nom
narrativas;43;adj
nela;43;pro_per
olá;43;ono
votou;43;ver
legislativo;43;adj
consequências;43;nom
preocupa;43;ver
orgulho;43;nom
you;43;nr
meios;43;adv
denúncia;43;nom
disciplina;43;nom
coloco;43;ver
gastar;43;ver
senhoras;43;nom
festa;43;nom
fiel;43;adj
pequeno;43;adj
lindo;43;adj
próprios;43;adj
esforço;43;nom
gestão;43;nom
escrever;43;ver
coloquei;43;ver
acreditam;43;ver
servo;43;nom
orou;43;ver
perdoar;43;ver
leão;43;nom
paciência;43;nom
impostos;42;nom
juízo;42;nom
silva;42;nom
passada;42;adj
achou;42;ver
governos;42;nom
tentou;42;ver_sup
escreveu;42;ver
exato;42;adj
seguro;42;adj
mar;42;nom
instituição;42;nom
sacanagem;42;nom
colocaram;42;ver
batendo;42;ver
recebendo;42;ver
alta;42;adj
satanás;42;nom
prol;42;nom
regime;42;nom
processos;42;nom
was;42;nr
morar;42;ver
devemos;42;nom
milagre;42;nom
conjunto;42;nom
antigamente;42;adv
tamanho;42;nom
inclusão;42;nom
mentiroso;42;nom
china;42;nom
possuem;42;ver
peça;42;nom
instituto;42;nom
semente;42;nom
rogério;42;nom
possui;42;ver
voltando;42;ver
contigo;42;pre
preparado;42;ver
vírus;42;nom
fomos;41;ver_sup
eduardo;41;nom
crescimento;41;nom
crente;41;nom
popular;41;adj
caos;41;nom
modo;41;nom
esteve;41;ver_sup
policiais;41;adj
mortos;41;adj
300;41;num
castro;41;nom
vota;41;ver
filmes;41;nom
aparece;41;ver
desigualdade;41;nom
rico;41;adj
passaram;41;ver
esperando;41;ver
executivo;41;adj
fale;41;ver
pau;41;nom
presta;41;ver
vivemos;41;ver
acontecido;41;ver
nota;41;nom
média;41;adj
abril;41;nom
reis;41;nom
compra;41;nom
fizer;41;ver_sup
provar;41;ver
assistir;41;ver
socorro;41;nom
trabalhos;41;nom_sup
desenvolvimento;41;nom
novas;41;adj
águas;41;nom
prefeitos;41;nom
portas;41;nom
caminhada;40;nom
pras;40;pre
gás;40;nom
tirou;40;ver
coincidência;40;nom
li;40;ver
humana;40;adj
but;40;nr
daquela;40;pro_dem
produzir;40;ver
paga;40;ver
deveriam;40;nom
marca;40;nom
doce;40;adj
colocamos;40;ver
séria;40;adj
transporte;40;nom
inacreditável;40;adj
estaremos;40;ver_sup
lendo;40;ver
caixa;40;nom
marcos;40;nom
utilizando;40;ver
segue;40;ver
paraná;40;nom
parágrafo;40;nom
postura;40;nom
fernando;40;nom
discussões;40;nom
cumprimentar;40;ver
secretaria;40;nom
receba;40;ver
alegre;40;adj
precisava;40;ver
ministrar;40;ver
discípulos;40;nom
entregou;39;ver
perseguir;39;ver
impeachment;39;nom
link;39;nom
sofreu;39;ver
especificamente;39;adv
f;39;nom_sup
aconteça;39;ver
informações;39;nom
cometeu;39;ver
abuso;39;nom
brazil;39;nr
with;39;nr
he;39;nr
conservadores;39;adj
assumir;39;ver
umas;39;art_def
colocam;39;ver
fortes;39;adj
nordeste;39;nom
lágrimas;39;nom
santana;39;nom
2021;39;num
perde;39;ver
futebol;39;nom
repente;39;nom
precisar;39;ver
toca;39;ver
argumentos;39;nom
messias;39;nom
amado;39;adj
marco;39;nom
gaia;39;ver
negar;39;ver
contribuir;39;ver
carreira;39;nom
atender;39;ver
difíceis;39;adj
sinal;39;nom
precioso;39;adj
pregar;39;ver
ansiedade;39;nom
benção;39;nom
subscrever;39;ver
anistia;38;nom
caminhando;38;ver
gerações;38;nom
jornalista;38;nom
400;38;num
injustiça;38;nom
regra;38;nom
decidiu;38;ver
chamo;38;ver
lógico;38;adj
like;38;nr
dali;38;adv
erros;38;nom
esqueci;38;ver
terem;38;ver_sup
atividade;38;nom
grave;38;adj
tipos;38;nom_sup
capaz;38;adj
bando;38;nom
direto;38;adj
aberta;38;adj
eterno;38;adj
batista;38;adj
escolher;38;ver
entrevista;38;nom
alimento;38;nom
parceria;38;nom
análise;38;nom
provavelmente;38;adv
domingo;38;nom
facebook;38;nr
técnico;38;nom
decidir;38;ver
manifestar;38;ver
estupro;38;nom
cobrar;38;ver
viram;38;ver_sup
presentes;38;nom
ciência;38;nom
homossexual;38;adj
ligado;38;ver
doutrinação;38;nom
cursos;38;nom
pude;38;ver_sup
participação;38;nom
privado;38;adj
personagem;38;nom
salmo;38;nom
sexta;38;adj_num
piada;38;nom
reduzir;37;ver
condenação;37;nom
contrato;37;nom
corrupto;37;adj
avó;37;nom
gostar;37;ver
mero;37;adj
ditador;37;nom
vencer;37;ver
sofre;37;ver
utiliza;37;ver
maconha;37;nom
whatsapp;37;nr
energia;37;nom
lados;37;nom
nomes;37;nom_sup
quebrando;37;ver
filhas;37;nom
who;37;nr
convidado;37;ver
haverá;37;ver_sup
supremo;37;adj
governadores;37;nom
bolsa;37;nom
turma;37;nom
escala;37;nom
advogado;37;nom
diretamente;37;adv
perdoa;37;ver
português;37;adj
dão;37;ver
apoia;37;ver
exemplos;37;nom
campos;37;nom
tse;37;nr
minoria;37;nom
senti;37;ver
câmera;37;nom
morrendo;37;ver
deputadas;37;nom
propostas;37;nom
fiquem;37;ver
pornografia;37;nom
permitir;37;ver
lê;37;ver
ouvidos;37;nom
agradecemos;37;ver
ganhando;37;ver
honrar;37;ver
abraão;37;nom
perdido;37;adj
bondade;37;nom
fernanda;37;nom
artistas;36;nom
bilhão;36;adj_num
chegamos;36;ver
gastando;36;ver
atacando;36;ver
ignorar;36;ver
merda;36;nom
will;36;nr
garante;36;ver
chance;36;nom
respeitar;36;ver
atuação;36;nom
passam;36;ver
classe;36;nom
pesado;36;adj
perguntou;36;ver
página;36;nom
escutando;36;ver
esconder;36;ver
título;36;nom
precisando;36;ver
chave;36;nom
citou;36;ver
ar;36;nom
preta;36;adj
lembrando;36;ver
buscando;36;ver
2019;36;num
citar;36;ver
lima;36;nom
áreas;36;nom
defendem;36;ver
ucrânia;36;nom
morre;36;ver
evangélica;36;adj
católica;36;adj
puc;36;nr
ventura;36;nom
leve;36;adj
avaliar;36;ver
ã;36;nr
crítica;36;nom
saia;36;ver
batalhas;36;nom
conhecem;36;ver
som;36;nom
histórias;36;nom
brincadeira;36;nom
experiências;36;nom
efeitos;36;nom
depressão;36;nom
privadas;36;adj
caminhar;35;ver
redução;35;nom
luiz;35;nom
estive;35;ver_sup
29;35;num
perderam;35;ver
competência;35;nom
cama;35;nom
aliança;35;nom
chamei;35;ver
lidar;35;ver
fidel;35;nom
eternidade;35;nom
definir;35;ver
sigilo;35;nom
pequena;35;adj
retirado;35;ver
enviar;35;ver
andando;35;nom
apresenta;35;ver
al;35;nr
hotel;35;nom
outubro;35;nom
trocar;35;ver
sucesso;35;nom
cantando;35;ver
vagabundo;35;nom
registrar;35;ver
formas;35;nom
exercer;35;ver
moro;35;ver
ofício;35;nom
abra;35;ver
lar;35;nom
isto;35;pro_ind
jornal;35;nom
preparar;35;ver
declaro;35;ver
século;35;nom
trazendo;35;ver
28;35;num
bruno;35;nom
choro;35;nom
amam;35;ver
aparecer;35;ver
humilhar;35;ver
crer;35;ver
serve;35;ver
orava;35;ver
postou;35;ver
olavo;35;nom
consequência;34;nom
neymar;34;nr
fugir;34;ver
candidatar;34;ver
convicção;34;nom
mental;34;adj
corrida;34;nom
estivesse;34;ver_sup
joelhos;34;nom
central;34;adj
propaganda;34;nom
humilde;34;adj
chegue;34;ver
previsão;34;nom
presidentes;34;nom
santos;34;adj
fase;34;nom
mudando;34;ver
enorme;34;adj
influenciar;34;ver
orado;34;ver
carlos;34;nom
transforma;34;ver
0;34;num
ataca;34;ver
estabelecer;34;ver
determinado;34;adj
aspas;34;nom
motivos;34;nom
roupa;34;nom
específica;34;adj
pequenos;34;adj
equilíbrio;34;nom
permaneçam;34;ver
correta;34;adj
realizar;34;ver
prédio;34;nom
apóstolo;34;nom
alice;34;nom
moça;33;nom
ficando;33;ver
sérgio;33;nom
faria;33;ver_sup
toa;33;nom
passe;33;ver
troca;33;nom
discordar;33;ver
shopping;33;nom
briga;33;nom
virá;33;ver
completa;33;adj
pegando;33;ver_sup
senso;33;nom
2026;33;num
registrado;33;ver
mineiro;33;adj
focar;33;ver
peguei;33;ver_sup
mandando;33;ver
constitucional;33;adj
ranking;33;nom
penal;33;adj
perguntei;33;ver
houver;33;ver_sup
vá;33;ver_sup
janones;33;nr
funk;33;nr
almas;33;nom
encontram;33;ver
estudando;33;ver
inciso;33;adj
conceito;33;nom
utilizam;33;ver
tratando;33;ver
acompanhar;33;ver
catarina;33;nom
formar;33;ver
áudio;33;nom
planejamento;33;nom
parceiro;33;nom
orarmos;33;nr
dores;33;nom
libertação;33;nom
demônio;33;nom
antônio;33;nom
doença;33;nom
carnaval;32;nom
bolso;32;nom
urgência;32;nom
salva;32;ver
destruindo;32;ver
individual;32;adj
envolvimento;32;nom
tentaram;32;ver_sup
pago;32;ver
relações;32;nom
levantado;32;ver
cartão;32;nom
pec;32;nr
sexualidade;32;nom
apoiando;32;ver
tenhamos;32;ver_sup
by;32;nr
civil;32;adj
denunciar;32;ver
porcaria;32;nom
petista;32;adj
trajetória;32;nom
presa;32;nom
ótimo;32;adj
terrorismo;32;nom
autoridades;32;nom
acontecem;32;ver
gastou;32;ver
abertura;32;nom
possíveis;32;adj
avô;32;nom
gigantesca;32;adj
lotado;32;adj
mortes;32;nom
incentivo;32;nom
dividir;32;ver
econômica;32;adj
câmeras;32;nom
orei;32;ver
brito;32;nom
audiências;32;nom
bilinski;32;nr
apelo;32;nom
especialmente;32;adv
penso;32;ver
sexto;32;adj_num
deput;32;nr
emprego;32;nom
fazemos;32;ver_sup
religiosa;32;adj
prêmio;32;nom
levado;32;ver
sen;32;nr
gostei;32;ver
aprendendo;32;ver
resolução;32;nom
vereadora;32;nom
stories;32;nr
oh;32;ono
clamamos;32;ver
palestra;32;nom
lucas;32;nom
destino;31;nom
quebrou;31;ver
março;31;nom
decide;31;ver
prometeu;31;ver
argentina;31;adj
injustamente;31;adv
provas;31;nom
via;31;nom
chegam;31;ver
distante;31;adj
criminosa;31;adj
jurídico;31;adj
capitalismo;31;nom
33;31;num
apoiar;31;ver
g;31;nom_sup
judeus;31;adj
genocídio;31;nom
verdades;31;nom_sup
nazismo;31;nom
arte;31;nom
aguenta;31;ver
felicidade;31;nom
nascido;31;adj
aécio;31;nom
dedo;31;nom
unidade;31;nom
psd;31;nr
declaração;31;nom
questionar;31;ver
experimentar;31;ver
embaixo;31;adv
nascer;31;nom
conteúdos;31;nom
site;31;nr
devido;31;adj
candidatos;31;nom
meninos;31;nom
lixo;31;nom
plataforma;31;nom
intervenção;31;nom
contudo;31;conj
tocando;31;ver
joelho;31;nom
virtude;31;nom
folha;31;nom
encerrada;31;ver
comentário;31;nom
tom;31;nom
fortalecer;31;ver
comissões;31;nom
itens;31;nom
subcomissão;31;nom
reconhecimento;31;nom
primeiros;31;adj_num
profissional;31;adj
essência;31;nom
necessidades;31;nom
seriam;31;ver_sup
seres;31;ver_sup
restauração;31;nom
expectativa;31;nom
escravo;31;adj
vós;31;pro_per
babilônia;31;adj
livraria;31;nom
paulista;30;adj
ocupar;30;ver
morreram;30;ver
tirania;30;nom
viagem;30;nom
entidades;30;nom
cometer;30;ver
condenar;30;ver
publicamente;30;adv
our;30;nr
complicado;30;adj
covarde;30;adj
acaso;30;adv
físico;30;adj
fraco;30;adj
inteligência;30;nom
interior;30;adj
mora;30;ver
mera;30;adj
árvore;30;nom
opositores;30;nom
multidão;30;nom
pgr;30;nr
correr;30;ver
transparência;30;nom
feitos;30;ver_sup
velha;30;adj
receita;30;nom
currículo;30;nom
pessoalmente;30;adv
passos;30;nom
antigo;30;adj
temer;30;ver
nascimento;30;nom
bonito;30;adj
conheci;30;ver
avanço;30;nom
estudantil;30;adj
próprias;30;adj
preconceito;30;nom
quarta;30;nom
ampliar;30;ver
federação;30;nom
vaga;30;adj
valorização;30;nom
tela;30;nom
famoso;30;adj
sede;30;nom
global;30;adj
televisão;30;nom
ester;30;nom
planalto;30;nom
entrada;30;nom
dom;30;nom
médicos;30;nom
ficava;30;ver
perdi;30;ver
pastora;30;nom
ivan;30;nom
anjos;30;nom
onda;30;nom
abaixo;29;adv
paraas;29;nr
pele;29;nom
eletrônica;29;adj
errada;29;adj
estejam;29;ver_sup
louco;29;adj
procurar;29;ver
aumenta;29;ver
lavagem;29;nom
imediatamente;29;adv
conversei;29;ver
exposição;29;nom
amazônia;29;nom
digno;29;adj
percebeu;29;ver
convencer;29;ver
meramente;29;adv
online;29;nr
posto;29;nom
setembro;29;nom
pequenas;29;adj
massa;29;nom
jerusalém;29;nom
rodrigo;29;nom
julgamento;29;nom
terá;29;ver_sup
negro;29;adj
esquerdista;29;adj
dava;29;ver
grana;29;nom
dignidade;29;nom
ministérios;29;nom
dei;29;ver
saeb;29;nr
primeiramente;29;adv
imprensa;29;nom
devo;29;nom
defendo;29;ver
27;29;num
pano;29;nom
associação;29;nom
x;29;nom_sup
financeira;29;adj
pátria;29;nom
garantia;29;nom
acabei;29;ver
sentar;29;ver
enxergar;29;ver
legislação;29;nom
clamando;29;ver
seguindo;29;ver
clima;29;nom
registro;29;nom
rapidinho;29;adj
anjo;29;nom
enganar;29;ver
bateu;29;ver
atividades;29;nom
sobretudo;29;adv
vagas;29;adj
assembleia;29;nom
desigualdades;29;nom
tr;29;nr
prega;29;ver
covid;29;nr
membro;29;nom
padrão;29;nom
convidar;29;ver
eterna;29;adj
canções;29;nom
adoramos;29;ver
ministração;29;nr
enviou;29;ver
profetas;29;nom
neutro;29;adj
envolvido;28;ver
expor;28;ver
gasto;28;adj
acorda;28;ver
deais;28;nr
divergências;28;nom
suprema;28;adj
soberania;28;nom
reação;28;nom
falso;28;adj
analisar;28;ver
joga;28;ver
adultos;28;adj
técnicos;28;nom
raiva;28;nom
interno;28;adj
uh;28;ono
have;28;nr
metade;28;nom
coerência;28;nom
chamam;28;ver
sermos;28;ver_sup
tiverem;28;ver_sup
taxa;28;nom
regiões;28;nom
parado;28;adj
espiritualmente;28;adv
oficial;28;adj
discutido;28;ver
destruído;28;ver
investigado;28;ver
disponível;28;adj
eleitores;28;nom
bonita;28;adj
justificativa;28;adj
representar;28;ver
mantém;28;ver
tentam;28;ver_sup
eleger;28;ver
voltei;28;ver
aurora;28;nom
representantes;28;nom
feliciano;28;nom
chegaram;28;ver
igualdade;28;nom
dica;28;nom
passamos;28;ver
evidências;28;nom
objeto;28;nom
existir;28;ver
democrática;28;adj
licença;28;nom
consideração;28;nom
acessar;28;nr
aprendeu;28;ver
500;28;num
participando;28;ver
programas;28;nom
domínio;28;nom
orienta;28;ver
papai;28;nom
contrários;28;adj
olhei;28;nom
braço;28;nom
abraçar;28;ver
santidade;28;nom
aproveitar;28;ver
circunstâncias;28;nom
encontrei;28;ver
herói;28;nom
gabriela;28;nom
anderson;28;nom
súplica;28;nom
anitta;28;nr
penas;27;nom
perseguidos;27;ver
venho;27;ver
opiniões;27;nom
gravar;27;ver
atingir;27;ver
estudos;27;nom
falhas;27;nom
continuo;27;ver
35;27;num
volte;27;ver
modificar;27;ver
enfrentando;27;ver
liga;27;ver
their;27;nr
if;27;nr
home;27;nr
auxílio;27;nom
facada;27;nom
fotos;27;nom
diversidade;27;nom
31;27;num
conduta;27;nom
genuíno;27;adj
william;27;nom
saindo;27;ver
vender;27;ver
odeia;27;ver
queriam;27;ver
cabana;27;nom
bebê;27;nom
próximas;27;adj
críticas;27;nom
comentar;27;ver
vento;27;nom
toque;27;nom
estarei;27;ver_sup
dono;27;nom
fossem;27;ver_sup
máximo;27;adj
haddad;27;nom
declara;27;ver
feminino;27;adj
tapa;27;nom
tínhamos;27;ver_sup
pf;27;nr
apresentação;27;nom
regimental;27;adj
soluções;27;nom
paralelo;27;adj
mst;27;nr
aprovam;27;ver
código;27;nom
paula;27;nom
ouro;27;nom
denúncias;27;nom
eficaz;27;adj
evasão;27;nom
ciclo;27;nom
conseguiram;27;ver
ideologias;27;nom
turno;27;nom
desesperado;27;adj
sentado;27;adj
inscrito;27;ver
maneiro;27;adj
sonhos;27;nom
lançar;27;ver
agente;27;nom
curar;27;ver
amiga;27;nom
pop;27;adj
veto;26;nom
faremos;26;ver_sup
ajudando;26;ver
traficante;26;nom
empresário;26;nom
manchete;26;nom
piorar;26;ver
acreditando;26;ver
ajudou;26;ver
repetir;26;ver
droga;26;nom
respondendo;26;ver
natureza;26;nom
ameaça;26;nom
on;26;nr
at;26;nr
mataram;26;ver
racista;26;adj
suficiente;26;adj
recorde;26;nom
mentindo;26;ver
aprovados;26;ver
cansado;26;adj
conhecia;26;ver
bota;26;ver
encontrou;26;ver
limite;26;nom
falsa;26;adj
perseguido;26;ver
estarem;26;ver_sup
criando;26;ver
guardar;26;ver
impor;26;ver
ideológicas;26;adj
cassação;26;nom
crédito;26;nom
educacionais;26;adj
fortalece;26;ver
ambos;26;adj_num
nicolás;26;nr
minutinho;26;nom
reuniões;26;nom
corre;26;ver
detalhe;26;nom
entes;26;nom
fundeb;26;nr
objetivos;26;nom
luciene;26;nom
substitutivo;26;adj
racismo;26;nom
respostas;26;nom
resolve;26;ver
sombra;26;nom
alcançado;26;ver
creches;26;nom
bairro;26;nom
década;26;nom
mestre;26;nom
bloco;26;nom
cuida;26;ver
pressa;26;nom
rosa;26;nom
invasão;26;nom
atento;26;adj
mato;26;nom
maluco;26;adj
subir;26;ver
canta;26;ver
indignado;26;adj
sal;26;nom
lutas;26;nom
servir;26;ver
posse;26;nom
mudanças;26;nom
crê;26;ver
sensacional;26;adj
intercessores;26;nom
estaduais;26;adj
eventos;26;nom
pronome;26;nom
anti;26;nr
barriga;26;nom
gasta;25;ver
assinou;25;ver
extremista;25;adj
devia;25;nom
criminal;25;adj
inquérito;25;nom
diferentemente;25;adv
autonomia;25;nom
órgãos;25;nom
google;25;nr
dama;25;nom
método;25;nom
promover;25;ver
posições;25;nom
estudei;25;ver
bandidos;25;nom
gigantesco;25;adj
claras;25;adj
falasse;25;ver
come;25;ver
destruiu;25;ver
comunistas;25;adj
colômbia;25;nom
mau;25;adj
atmosfera;25;nom
viagens;25;nom
vivem;25;ver
potável;25;adj
postei;25;ver
falamos;25;ver
câncer;25;nom
equipamentos;25;nom
enem;25;nr
pagando;25;ver
silveira;25;nom
símbolo;25;nom
costas;25;nom
contratar;25;ver
escolheu;25;ver
letra;25;nom
olhou;25;nom
documentos;25;nom
tido;25;ver_sup
hum;25;ono
nobre;25;adj
chamamos;25;ver
evangélico;25;adj
roda;25;nom
comparar;25;ver
torno;25;nom
parada;25;adj
ligar;25;ver
mentalidade;25;nom
conexão;25;nom
2016;25;num
seletiva;25;adj
martelo;25;nom
militância;25;nom
infraestrutura;25;nom
vimos;25;ver_sup
implementação;25;nom
cerca;25;ver
so;25;nr
ess;25;nr
tecnológica;25;adj
espaços;25;nom
alteração;25;nom
nacionais;25;adj
piso;25;nom
esclarecimento;25;nom
natal;25;adj
corajoso;25;adj
abençoar;25;ver
dura;25;adj
entendemos;25;ver
fecha;25;ver
conai;25;nr
tecnologia;25;nom
explica;25;ver
casado;25;adj
branca;25;adj
36;25;num
funcionar;25;ver
entendem;25;ver
tocou;25;ver
arrepender;25;ver
ousadia;25;nom
alcançou;25;ver
comunhão;25;nom
aplicativo;25;nom
pesquisar;25;ver
jejuar;25;ver
leu;25;ver
pânico;25;nom
permanecer;25;ver
esquecer;25;ver
fechados;24;adj
acabando;24;ver
débora;24;nom
bolsonarista;24;nr
estuprador;24;adj
recente;24;adj
faixa;24;nom
resgatar;24;ver
interesses;24;nom
finalmente;24;adv
pensam;24;ver
pix;24;nr
bolos;24;nom
rápida;24;adj
respeita;24;ver
terrível;24;adj
votaram;24;ver
2025;24;num
alterar;24;ver
tm;24;nr
disposto;24;adj
an;24;nr
from;24;nr
use;24;ver_sup
vieram;24;ver
finalidade;24;nom
alimentar;24;ver
décadas;24;nom
tratado;24;nom
templo;24;nom
omissão;24;nom
fechado;24;adj
mentes;24;nom
papo;24;nom
nominal;24;adj
roubo;24;nom
pediram;24;ver
notícias;24;nom
ponte;24;nom
inclui;24;ver
tomada;24;ver
saudável;24;adj
anteriores;24;adj
mendonça;24;nom
bolsonaristas;24;nr
doente;24;adj
convocar;24;ver
citado;24;ver
camisa;24;nom
bênção;24;nom
extraordinário;24;adj
ovo;24;nom
duvido;24;ver
azul;24;nom
imposição;24;nom
frança;24;nom
silas;24;nom
carinha;24;nom
liberado;24;adj
destaque;24;nom
saco;24;nom
fiscal;24;nom
deficiência;24;nom
poderá;24;ver_sup
concurso;24;nom
negra;24;adj
financeiro;24;adj
acreditamos;24;ver
lamento;24;ver
vinda;24;nom
indicadores;24;adj
legislativa;24;adj
dialogar;24;ver
vivi;24;ver
cívica;24;adj
certamente;24;adv
conheça;24;ver
principais;24;adj
diretrizes;24;nom
recebido;24;ver
percebi;24;ver
gigante;24;adj
realização;24;nom
herança;24;nom
aprende;24;ver
poderão;24;ver_sup
gonçalves;24;nom
discursos;24;nom
sentiu;24;ver
sejamos;24;ver_sup
sol;24;nom
espada;24;nom
perfeita;24;adj
linda;24;adj
salvo;24;adv
pensamentos;24;nom
dez;24;adj_num
figueira;24;nom
cliente;24;nom
fascistas;23;adj
dr;23;nr
permanece;23;ver
deixei;23;ver
armadas;23;adj
galerinha;23;nom
tome;23;ver
enfrenta;23;ver
divulgar;23;ver
novembro;23;nom
pautado;23;ver
my;23;nr
when;23;nr
can;23;nr
assistência;23;nom
comemorando;23;ver
aumentou;23;ver
começamos;23;ver
funcionários;23;nom
livres;23;adj
pacheco;23;nom
homicídio;23;nom
piores;23;adj
inflação;23;nom
2018;23;num
possivelmente;23;adv
atendimento;23;nom
quebrado;23;adj
preparando;23;ver
diria;23;ver_sup
articulação;23;nom
segurar;23;ver
definição;23;nom
casal;23;nom
aprovada;23;ver
terão;23;ver_sup
lívia;23;nom
complexo;23;adj
destruída;23;ver
viveu;23;ver
sustentar;23;ver
extraordinária;23;adj
cena;23;nom
homossexualidade;23;nom
estarmos;23;ver_sup
soldado;23;nom
delegado;23;nom
percebo;23;ver
volto;23;ver
relevância;23;nom
setor;23;nom
perdemos;23;ver
re;23;nr
cidadania;23;nom
desejar;23;ver
protege;23;ver
partes;23;nom_sup
negros;23;adj
evolução;23;nom
opção;23;nom
investir;23;ver
sustenta;23;ver
invadir;23;ver
olhamos;23;nom
gerou;23;ver
põe;23;ver
peito;23;nom
74;23;num
aumente;23;ver
marajó;23;nr
morada;23;nom
academia;23;nom
saí;23;ver
parei;23;ver
ruins;23;adj
amizade;23;nom
chuva;23;nom
abençoa;23;ver
jejuando;23;ver
aproximar;23;ver
influenciadores;23;adj
cívico;23;adj
orientar;23;ver
barros;23;nom
digital;23;adj
potencial;23;nom
freire;23;nom
feministas;23;adj
ativismo;23;nom
tik;23;nr
tok;23;nr
gritar;22;ver
estiveram;22;ver_sup
nss;22;nr
matando;22;ver
internacionais;22;adj
jogador;22;nom
juízes;22;nom
torcida;22;adj
gastos;22;adj
confusão;22;nom
quão;22;adv
sinceramente;22;adv
prender;22;ver
discorda;22;ver
bala;22;nom
were;22;nr
all;22;nr
começam;22;ver
acredite;22;ver
mídias;22;nom
necessária;22;adj
oferecer;22;ver
tragédia;22;nom
ambientes;22;nom
últimas;22;adj_sup
roubado;22;ver
vingança;22;nom
saneamento;22;nom
acordar;22;ver
baixa;22;adj
idiota;22;adj
atacado;22;nom
caia;22;ver
poucas;22;pro_ind
anda;22;nom
posta;22;nom
franco;22;adj
incluindo;22;ver
sargento;22;nom
lava;22;nom
propriedade;22;nom
nove;22;adj_num
ativistas;22;adj
comportamento;22;nom
grito;22;nom
vozes;22;nom
mostram;22;ver
viajar;22;ver
regulamentar;22;adj
finalizando;22;ver
prejuízo;22;nom
lembre;22;ver
reforçar;22;ver
exércitos;22;nom
sensível;22;adj
jurídica;22;adj
pedidos;22;ver
apareceu;22;ver
complementar;22;adj
execução;22;nom
critérios;22;nom
sugerir;22;ver
privilégio;22;nom
limites;22;nom
carol;22;nr
quadro;22;nom
salas;22;nom
ponta;22;nom
obstrução;22;nom
estabelece;22;ver
quinto;22;adj_num
vejam;22;ver_sup
oferta;22;nom
correndo;22;ver
junho;22;nom
dezembro;22;nom
adulto;22;adj
portuguesa;22;adj
pdt;22;nr
deram;22;ver
misogenia;22;nr
renova;22;ver
inscritos;22;adj
puro;22;adj
pregando;22;ver
jornada;22;nom
firmes;22;adj
compaixão;22;nom
demônios;22;nom
religiões;22;nom
usada;22;adj
cova;22;nom
estágio;22;nom
gerando;22;ver
prevenção;22;nom
encaminhamento;22;nom
man;22;nr
publicação;22;nom
coronavírus;22;nr
camila;22;nom
netflix;22;nr
julgar;21;ver
colocados;21;ver
planta;21;nom
pobreza;21;nom
ei;21;ono
pesquisas;21;nom
imaginar;21;ver
coreia;21;nr
muit;21;nr
move;21;ver
polêmica;21;adj
erra;21;ver
anunciar;21;ver
sentimentos;21;nom
cresce;21;ver
idosos;21;adj
plena;21;adj
interceder;21;ver
multa;21;nom
sob;21;pre
or;21;nr
ensinando;21;ver
nazista;21;adj
solidariedade;21;nom
religioso;21;adj
tribunais;21;nom
iriam;21;ver_sup
desespero;21;nom
escolhas;21;nom
escândalos;21;nom
causas;21;nom
madrugada;21;nom
etapa;21;nom
rússia;21;nom
responsáveis;21;adj
gravidade;21;nom
chego;21;ver
ganho;21;nom
contando;21;ver
jorge;21;nom
surgiu;21;ver
sindicato;21;nom
bens;21;adv
continuam;21;ver
plataformas;21;nom
características;21;nom
risadas;21;nom
férias;21;nom
sofrem;21;ver
regulamentação;21;nom
canto;21;nom
venham;21;ver
maio;21;nom
lógica;21;nom
reflexo;21;nom
york;21;nom
baile;21;nom
fuzil;21;nom
life;21;nr
incluir;21;ver
cumprimento;21;nom
iniciar;21;ver_sup
correa;21;nom
maurício;21;nom
saudar;21;ver
voltado;21;ver
efetivamente;21;adv
perspectiva;21;nom
condução;21;nom
prestar;21;ver
agentes;21;nom
essencial;21;adj
ferramenta;21;nom
redação;21;nom
tirado;21;ver
lobby;21;nom
pouca;21;pro_ind
38;21;num
escrita;21;nom
adquirir;21;ver
materiais;21;nom
2013;21;num
cheia;21;adj
termina;21;ver
páginas;21;nom
gabriel;21;nom
descer;21;ver
cadeias;21;nom
banheiros;21;nom
convidados;21;nom
intencional;21;adj
inspiração;21;nom
palácio;21;nom
guerras;21;nom
vó;21;nom
testamento;21;nom
salmos;21;nom
escreve;21;ver
timóteo;21;nr
suicídio;21;nom
transformado;21;adj
sábado;21;nom
borboleta;21;nom
característica;21;nom
livra;21;ver
morando;21;ver
ficado;21;ver
louvores;21;nom
filipenses;21;nr
chamava;21;ver
bruna;21;nom
pensei;21;ver
aceito;21;ver
armados;21;adj
inscrição;21;nom
reagir;21;ver
luciano;21;nom
gritando;21;ver
formado;21;ver
gay;21;adj
socialista;21;nom
crescendo;21;ver
pastorzão;21;nr
podcast;21;nr
aprovamos;20;ver
grato;20;adj
representante;20;nom
condenada;20;ver
tv;20;nr
centenas;20;nom
limpar;20;ver
votei;20;ver
votando;20;ver
cometendo;20;ver
mentirosa;20;nom
teriam;20;ver_sup
doido;20;adj
utilização;20;nom
evangélicos;20;adj
biológico;20;adj
entregando;20;ver
state;20;nr
one;20;nr
just;20;nr
aceita;20;adj
enganado;20;adj
esqueça;20;ver
romper;20;ver
acabam;20;ver
repetição;20;nom
copa;20;nom
usados;20;adj
destrói;20;ver
ira;20;nom
600;20;num
eleitor;20;nom
cola;20;nom
traficantes;20;nom
armado;20;ver
doutor;20;nom
autoria;20;nom
criminalidade;20;nom
queijo;20;nom
chora;20;ver
fulano;20;nom
representando;20;ver
ué;20;ono
seleção;20;nom
morador;20;nom
termo;20;nom
aprovou;20;ver
transfobia;20;nr
homofóbico;20;nr
conviver;20;ver
inglaterra;20;nom
amamos;20;ver
ditadores;20;nom
válido;20;adj
46;20;num
passagem;20;nom
existência;20;nom
ausência;20;nom
demandas;20;nom
compreensão;20;nom
solicitar;20;ver
garantido;20;adj
atitudes;20;nom
desrespeito;20;nom
questionamento;20;nom
dupla;20;nom
iso;20;nr
destruição;20;nom
dada;20;ver
po;20;nr
relevante;20;adj
referências;20;nom
hipócrita;20;adj
elemento;20;nom
existia;20;ver
episódio;20;nom
considero;20;ver
prevê;20;ver
discute;20;ver
merenda;20;nom
servidor;20;nom
escolhido;20;ver
trago;20;nom
versão;20;nom
ocorreu;20;ver
estender;20;ver
território;20;nom
distrito;20;nom
verdadeiros;20;adj_sup
loja;20;nom
maranhão;20;nom
braços;20;nom
raiz;20;nom
júlio;20;nom
rainha;20;nom
verso;20;nom
empresários;20;nom
curado;20;adj
desemprego;20;nom
curtidas;20;adj
oram;20;ver
perda;20;nom
abençoado;20;adj
ceará;20;nom
gostoso;20;adj
muro;20;nom
venhamos;20;ver
artista;20;nom
engajamento;20;nom
intercessor;20;nom
david;20;nom
saibam;20;ver_sup
isaías;20;nom
arca;20;nom
obrigatoriedade;20;nom
senadora;20;nom
compartilhe;20;ver
escritório;20;nom
júlia;20;nom
compartilha;20;ver
empréstimo;20;nom
85;19;num
comemorar;19;ver
batom;19;nom
aplicar;19;ver
soberano;19;adj
picanha;19;nom
foro;19;nom
emendas;19;nom
comunicar;19;ver
odeiam;19;ver
judicial;19;adj
banho;19;nom
calado;19;adj
adivinha;19;ver
ferrar;19;ver
passiva;19;adj
falha;19;nom
aniversário;19;nom
encarar;19;ver
envolver;19;ver
comete;19;ver
vigília;19;nom
invadindo;19;ver
marcha;19;nom
estilo;19;nom
ampla;19;adj
profundo;19;adj
ameaças;19;nom
because;19;nr
president;19;nr
tomado;19;ver
tradicional;19;adj
nazistas;19;adj
acusado;19;ver
agradável;19;adj
define;19;ver
índices;19;nom
bancos;19;nom
hospitais;19;nom
cumprido;19;ver
geram;19;ver
cumpriu;19;ver
miséria;19;nom
carrega;19;ver
interessa;19;ver
2014;19;num
ficamos;19;ver
dentre;19;pre
construindo;19;ver
permite;19;ver
pagamento;19;nom
acompanha;19;ver
defendeu;19;ver
governar;19;ver
fizesse;19;ver_sup
haver;19;ver_sup
discordo;19;ver
podendo;19;ver_sup
daria;19;ver
trazido;19;ver
uber;19;nr
pel;19;nr
psdb;19;nr
colocava;19;ver
certas;19;adj
alcança;19;ver
absoluta;19;adj
tratamento;19;nom
rumo;19;nom
escuridão;19;nom
entendam;19;ver
bolo;19;nom
preto;19;adj
controlar;19;ver
cabo;19;nom
esporte;19;nom
visualizações;19;nom
pausa;19;nom
maravilhosa;19;adj
letras;19;nom
tranquilidade;19;nom
governa;19;ver
carvalho;19;nom
moura;19;adj
jato;19;nom
golpista;19;adj
preocupada;19;adj
perigoso;19;adj
menores;19;adj
lembram;19;ver
itália;19;nom
surreal;19;adj
subestimar;19;ver
esquema;19;nom
criada;19;ver
pós;19;nom
unido;19;adj
encher;19;ver
utilizado;19;ver
matérias;19;nom
puxa;19;ver
foge;19;ver
peruca;19;nom
óleo;19;nom
pedem;19;ver
mexer;19;ver
ficaria;19;ver
carros;19;nom
psicológico;19;adj
dólares;19;nom
elias;19;nom
vier;19;ver
posicionamentos;19;nom
financiamento;19;nom
técnicas;19;nom
correria;19;nom
permitiu;19;ver
retorno;19;nom
filosofia;19;nom
diferenças;19;nom
autora;19;nom
concedido;19;ver
habilidades;19;nom
adesão;19;nom
coordenador;19;nom
americano;19;adj
entregue;19;ver
contribuição;19;nom
distância;19;nom
maternidade;19;nom
soube;19;ver_sup
juntar;19;ver
oportunidades;19;nom
instrumentos;19;nom
34;19;num
levantamento;19;nom
clareza;19;nom
top;19;nr
tribuna;19;nom
zinho;19;nom
maldade;19;nom
cs;19;nr
servos;19;nom
poderosos;19;adj
profetizamos;19;nr
perca;19;ver
profético;19;adj
missionários;19;adj
testemunha;19;nom
fórmula;19;nom
paixão;19;nom
guarde;19;ver
cobre;19;nom
beijo;19;nom
vinha;19;ver
londres;19;nom
teologia;19;nom
antiga;19;adj
pesar;19;nom
schooling;19;nr
pereira;19;nom
mentir;19;ver
antirracista;19;nr
agressão;19;nom
magno;19;adj
confiar;19;ver
descansar;19;ver
papuda;18;adj
golpistas;18;adj
condena;18;ver
opositor;18;nom
leite;18;nom
master;18;nr
proibido;18;adj
incríveis;18;adj
meter;18;ver
comuns;18;adj
rachadinha;18;nr
viajando;18;ver
custa;18;ver
reunir;18;ver
abertos;18;adj
tomei;18;ver
moto;18;nom
colocada;18;ver
cargos;18;nom
59;18;num
new;18;nr
vote;18;ver
sustento;18;nom
doutrina;18;nom
posiciona;18;ver
tivessem;18;ver_sup
concreta;18;adj
reconhece;18;ver
culturais;18;adj
acusação;18;nom
cartas;18;nom
ricos;18;adj
levam;18;ver
segredo;18;nom
defeitos;18;nom
esperava;18;ver
propor;18;ver
mortas;18;adj
livrar;18;ver
32;18;num
conclusão;18;nom
entretenimento;18;nom
michele;18;nom
positivo;18;adj
puxar;18;ver
2000;18;num
envolve;18;ver
construída;18;ver
radical;18;adj
tentei;18;ver_sup
partidária;18;adj
faltando;18;ver
luís;18;nom
heróis;18;nom
útero;18;nom
saída;18;nom
eleita;18;ver
frio;18;adj
defensores;18;nom
homofobia;18;nr
aeroporto;18;nom
independência;18;nom
enviado;18;ver
las;18;pro_per
implementar;18;ver
retomar;18;ver
plantou;18;ver
progresso;18;nom
retira;18;ver
criminalizar;18;ver
recompensa;18;nom
ribeiro;18;nom
estávamos;18;ver_sup
destacar;18;ver
psol;18;nr
temática;18;nom
apresentado;18;ver
atrapalhar;18;ver
recomendação;18;nom
pedagógico;18;adj
curto;18;adj
curitiba;18;nom
preservar;18;ver
notas;18;nom
indústria;18;nom
introdução;18;nom
constante;18;adj
coordenadores;18;nom
verificar;18;ver
índice;18;nom
prepara;18;ver
45;18;num
especialista;18;nom
remédio;18;nom
bandeiras;18;nom
prf;18;nr
j;18;nom_sup
curioso;18;adj
grosso;18;adj
pertence;18;ver
quente;18;adj
gostam;18;ver
preparou;18;ver
felizes;18;adj
eternamente;18;adv
mover;18;ver
intimidade;18;nom
noiva;18;nom
milagres;18;nom
ministrando;18;ver
cumprindo;18;ver
comendo;18;ver
excede;18;ver
di;18;nr
instante;18;nom
retos;18;adj
universitários;18;adj
príncipe;18;nom
judá;18;nom
caindo;18;ver
profissão;18;nom
escute;18;ver
moço;18;nom
viés;18;nom
ilha;18;nom
vivido;18;ver
garoto;18;nom
exaltado;18;adj
descobrir;18;ver
sorte;18;nom
aviso;18;nom
teto;18;nom
psb;18;nr
havendo;18;ver_sup
protocolei;18;nr
verbo;18;nom
moções;18;nom
cátedra;18;nom
terras;18;nom
gama;18;nom
valadão;18;nom
santificado;18;ver
dosimetria;17;nr
votamos;17;ver
roubou;17;ver
tornozeleira;17;nr
corruptos;17;adj
param;17;ver
primo;17;nom
publicidade;17;nom
advogados;17;nom
parente;17;adj
pancada;17;nom
foca;17;ver
ficarem;17;ver
profunda;17;adj
pedofilia;17;nom
indica;17;ver
candidatura;17;nom
hugo;17;nom
sacrifícios;17;nom
there;17;nr
brazilian;17;nr
people;17;nr
world;17;nr
2015;17;num
jornais;17;nom
identificar;17;ver
obediência;17;nom
aceitação;17;nom
direta;17;adj
práticas;17;adj
velhos;17;adj
seremos;17;ver_sup
conquistar;17;ver
taxar;17;ver
desenvolver;17;ver
declarou;17;ver
famosa;17;adj
preocupar;17;ver
nasce;17;nom
honestidade;17;nom
gerado;17;ver
humildade;17;nom
mobilização;17;nom
injustiças;17;nom
colocadas;17;ver
dependendo;17;ver
presídio;17;nom
resumo;17;nom
maturidade;17;nom
sobreviver;17;ver
ator;17;nom
ignora;17;ver
poderosas;17;adj
caneta;17;nom
escrevi;17;ver
injusto;17;adj
taxado;17;ver
tradicionais;17;adj
caçar;17;ver
assume;17;ver
defendemos;17;ver
alô;17;nom
trabalhou;17;ver_sup
sentem;17;ver
evidente;17;adj
travesti;17;nom
pó;17;nom
venceu;17;ver
motivação;17;nom
burro;17;nom
participou;17;ver
assumiu;17;ver
fundamentais;17;adj
fará;17;ver_sup
obrigatória;17;adj
entrevistas;17;nom
césar;17;nom
palco;17;nom
apoiou;17;ver
impede;17;ver
moleque;17;nom
justa;17;adj
façam;17;ver_sup
marketing;17;nom
pm;17;nr
ativa;17;adj
terça;17;nom
desculpe;17;ver
tarciso;17;nr
funcionamento;17;nom
concepção;17;nom
melhoria;17;nom
efetiva;17;adj
lido;17;ver
assessoria;17;nom
entanto;17;adv
integridade;17;nom
verdadeiramente;17;adv
sensibilidade;17;nom
recebemos;17;ver
matrícula;17;nom
colega;17;nom
máxima;17;adj
baseada;17;adj
origem;17;nom
zé;17;nom
matrículas;17;nom
conseguia;17;ver
valorizar;17;ver
alagoas;17;nom
procedimentos;17;nom
retomada;17;nom
particular;17;adj
alinhadas;17;adj
ferramentas;17;nom
der;17;ver
manifesta;17;ver
tendência;17;nom
específicas;17;adj
recuperar;17;ver
emocional;17;adj
escudo;17;nom
compara;17;ver
99;17;num
gt;17;nr
dedicar;17;ver
invadiu;17;ver
55;17;num
comentando;17;ver
expressar;17;ver
tempestade;17;nom
naturais;17;adj
crônicas;17;adj
abençoamos;17;ver
certinho;17;adj
agradar;17;ver
marcou;17;ver
abração;17;nr
chat;17;nr
enfermidade;17;nom
testemunhos;17;nom
criador;17;nom
refrigério;17;nom
oeste;17;nom
profetizar;17;ver
tribo;17;nom
invisível;17;adj
universo;17;nom
bíblico;17;adj
eis;17;adv
raquel;17;nom
nervoso;17;adj
segurando;17;ver
teoria;17;nom
provém;17;ver
olhe;17;nom
confia;17;ver
cultos;17;adj
black;17;nr
leões;17;nom
desenho;17;nom
conheceu;17;ver
ansioso;17;adj
fortaleza;17;nom
intercedendo;17;ver
especiais;17;adj
aspecto;17;nom
bases;17;nom
psicólogo;17;nom
politicamente;17;adv
bullying;17;nr
evitar;17;ver
apurar;17;ver
orador;17;nom
alden;17;nr
onu;17;nr
salarial;17;adj
requer;17;ver
identificação;17;nom
petição;17;nom
music;17;nr
down;17;nr
flor;17;nom
escolhi;17;ver
cassiane;17;nr
redentor;17;adj
habacuque;17;nr
neutra;17;adj
extremistas;16;adj
levantamos;16;ver
zona;16;nom
estarão;16;ver_sup
estatais;16;adj
cidadãos;16;nom
impactar;16;ver
seguem;16;ver
barbosa;16;nom
sensação;16;nom
morta;16;adj
aposentados;16;nom
vêm;16;ver
credibilidade;16;nom
sujo;16;adj
trabalham;16;ver_sup
aguentar;16;ver
deixaram;16;ver
normalidade;16;nom
precedente;16;adj
existiu;16;ver
exceção;16;nom
agosto;16;nom
compreendeu;16;ver
conto;16;nom
concreto;16;adj
most;16;nr
about;16;nr
only;16;nr
apresentando;16;ver
manipulação;16;nom
atentado;16;nom
dispostos;16;adj
ideal;16;adj
gratuita;16;adj
prudência;16;nom
subiu;16;ver
enfrentou;16;ver
declarações;16;nom
dividindo;16;ver
220;16;num
atinge;16;ver
neurônios;16;nom
dona;16;nom
recordo;16;ver
parede;16;nom
vendendo;16;ver
poderiam;16;ver_sup
trânsito;16;nom
cresci;16;ver
oab;16;nr
cometido;16;adj
diariamente;16;adv
palanque;16;nom
chaves;16;nom
investimentos;16;nom
transição;16;nom
mussolini;16;nom
horrível;16;adj
palestras;16;nom
avenida;16;nom
faca;16;nom
corrigir;16;ver
prepare;16;ver
netos;16;nom
grávida;16;adj
ido;16;ver_sup
inocentes;16;adj
fraude;16;nom
obedecer;16;ver
portaria;16;nom
bomba;16;nom
andamento;16;nom
gostou;16;ver
john;16;nom
transforme;16;ver
continuando;16;ver
concentração;16;nom
direcionar;16;ver
maré;16;nom
ligação;16;nom
atualmente;16;adv
criamos;16;ver
regular;16;adj
razões;16;nom
tomás;16;nom
teríamos;16;ver_sup
capazes;16;adj
aprendizado;16;nom
meritocracia;16;nr
inútil;16;adj
convém;16;ver
abrindo;16;ver
bela;16;adj
descobre;16;ver
pense;16;ver
oferece;16;ver
placa;16;nom
chato;16;adj
cuidando;16;ver
canais;16;nom
funções;16;nom
familiar;16;adj
envia;16;ver
mauro;16;nom
franciane;16;nr
lira;16;nom
dispõe;16;ver
cefet;16;nr
escolares;16;adj
áfrica;16;nom
institui;16;ver
cortou;16;ver
frequência;16;nom
aprenda;16;ver
conduzir;16;ver
ideb;16;nr
constrói;16;ver
reflexão;16;nom
exercício;16;nom
brincar;16;ver
aumentando;16;ver
conferências;16;nom
computador;16;nom
urnas;16;nom
ceder;16;ver
cheiro;16;nom
secretária;16;nom
restaurar;16;ver
quinta;16;adj_num
conseguiria;16;ver
violão;16;nom
pecador;16;nom
conhecemos;16;ver
brecha;16;nom
louvo;16;ver
permissão;16;nom
clama;16;ver
imagine;16;ver
reina;16;ver
prosperidade;16;nom
conceder;16;ver
sacerdote;16;nom
mandamentos;16;nom
produz;16;ver
aconselho;16;ver
leste;16;nom
arrepende;16;ver
jacó;16;nom
costumo;16;ver
evangelista;16;nom
queiram;16;ver
cego;16;adj
respondidas;16;ver
desce;16;ver
che;16;pro_ind
virtudes;16;nom
tentação;16;nom
defensor;16;nom
parecia;16;nom
sorriso;16;nom
sandra;16;nom
vossas;16;pro_pos
costa;16;nom
ciro;16;nom
br;16;nr
mail;16;nr
armamento;16;nom
seguranças;16;nom
grade;16;nom
vergonhoso;16;adj
química;16;adj
esquerdo;16;adj
destinar;16;ver
chorou;16;ver
aplicação;16;nom
mexe;16;ver
clica;16;nr
guevara;16;nom
filmar;16;ver
décimo;16;adj_num
eliseu;16;nom
cinema;16;nom
mbl;16;nr
cê;16;nom_sup
chegado;15;ver
merecem;15;ver
donald;15;nom
futuramente;15;adv
soltar;15;ver
jogadores;15;nom
hebreus;15;adj
acusando;15;ver
perfis;15;nom
estabelecido;15;ver
proporção;15;nom
revolta;15;adj
sexuais;15;adj
pedófilos;15;nom
condenados;15;ver
transformou;15;ver
novidade;15;nom
criminosas;15;adj
marcado;15;ver
autorização;15;nom
ocorrer;15;ver
acusar;15;ver
out;15;nr
here;15;nr
assuntos;15;nom
assassino;15;nom
assassinato;15;nom
campanhas;15;nom
deboche;15;nom
mude;15;ver
exige;15;ver
júnior;15;nom
resistência;15;nom
conversão;15;nom
relatoria;15;nr
tática;15;adj
abandonou;15;ver
construiu;15;ver
jogou;15;ver
estranho;15;adj
post;15;nr
impacta;15;ver
deixado;15;ver
domiciliar;15;adj
desproporcional;15;adj
aconteceram;15;ver
destruídas;15;ver
instalar;15;ver
estariam;15;ver_sup
teste;15;nom
suspensão;15;nom
entramos;15;ver
derrubada;15;adj
conversas;15;nom
pensado;15;ver
errou;15;ver
saudade;15;nom
documentário;15;nom
dominar;15;ver
lutamos;15;ver
libertar;15;ver
inteligente;15;adj
exterior;15;adj
venda;15;nom
brinca;15;ver
impedindo;15;ver
tratam;15;ver
morra;15;ver
negócios;15;nom
religiosos;15;adj
medicina;15;nom
estádio;15;nom
assinar;15;ver
estes;15;pro_dem
balela;15;nom
2003;15;num
moralidade;15;nom
tortura;15;nom
contou;15;ver
ideológicos;15;adj
alimenta;15;ver
mota;15;nom
militante;15;nom
ordens;15;nom
contrária;15;adj
deixamos;15;ver
fundação;15;nom
considerar;15;ver
prédios;15;nom
hipócritas;15;adj
nicarágua;15;nom
explico;15;ver
influencia;15;ver
freedom;15;nr
apresentados;15;adj
esclarecimentos;15;nom
recomendações;15;nom
baseado;15;ver
vindos;15;ver
deverá;15;nom
estabelecida;15;ver
financiar;15;ver
impactos;15;nom
psicológica;15;adj
defeito;15;nom
semelhante;15;adj
dartora;15;nr
ten;15;nr
original;15;adj
fal;15;nr
visões;15;nom
relevantes;15;adj
bônus;15;nom
buraco;15;nom
respeitando;15;ver
inscrever;15;ver
conforto;15;nom
auxiliar;15;nom
reivindicação;15;nom
esconde;15;ver
cumprida;15;ver
une;15;ver
dimensão;15;nom
permita;15;ver
painel;15;nom
honrado;15;adj
dívida;15;nom
aspectos;15;nom
selo;15;nom
cérebro;15;nom
proposições;15;nom
vieira;15;nom
atendido;15;ver
damares;15;nr
entrado;15;ver
fases;15;nom
parcela;15;nom
vivos;15;adj
espectro;15;nom
colocaria;15;ver
inocência;15;nom
descobri;15;ver
abençoada;15;adj
queridos;15;adj
clássico;15;adj
erradas;15;adj
deixam;15;ver
ressuscitou;15;ver
cessar;15;ver
império;15;nom
irmãs;15;nom
apóstolos;15;nom
batalhar;15;ver
liberada;15;adj
pare;15;ver
limpa;15;adj
páscoa;15;nom
pregação;15;nom
restaurante;15;adj
enche;15;ver
representação;15;nom
parto;15;nom
fracasso;15;nom
torres;15;nom
levantei;15;ver
vosso;15;pro_pos
apaixonado;15;adj
sara;15;ver
marcas;15;nom
perguntaram;15;ver
armamentista;15;adj
oton;15;nr
mdb;15;nr
progressista;15;nom
lançamos;15;ver
rocha;15;nom
idiotas;15;adj
cortar;15;ver
racistas;15;adj
analfabetos;15;adj
hegemonia;15;nom
big;15;nom
brother;15;nr
jupira;15;nr
promoção;15;nom
protocolamos;15;nr
superman;15;nr
cruzeiro;15;nom
arthur;15;nom
vilarinho;15;nr
quarentena;15;nom
predador;15;nom
inácio;14;nom
naime;14;nr
jornalistas;14;nom
tia;14;nom
estrada;14;nom
plantar;14;ver
lembrado;14;ver
eleitorais;14;adj
lavar;14;ver
gol;14;nom
ressuscitar;14;ver
quiseram;14;ver
colar;14;ver
fiscalizar;14;ver
cesta;14;nom
saem;14;ver
tona;14;nom
comece;14;ver
entro;14;ver
compreendendo;14;ver
providências;14;nom
convocou;14;ver
culpado;14;adj
perseguida;14;ver
justificar;14;ver
adversários;14;adj
dezenas;14;nom
does;14;ver
now;14;nr
country;14;nom
than;14;nr
what;14;nr
same;14;nr
has;14;nr
political;14;nr
which;14;nr
39;14;num
us;14;nom_sup
fofoca;14;nom
120;14;num
usam;14;ver_sup
barulho;14;nom
imaginando;14;ver
defendia;14;ver
debatendo;14;ver
inúmeros;14;adj
cheios;14;adj
militantes;14;nom
cancelamento;14;nom
observar;14;ver
luto;14;nom
dinâmica;14;nom
king;14;nom
pautar;14;ver
caros;14;adj
recebem;14;ver
levaram;14;ver
lágrima;14;nom
acusam;14;ver
focado;14;ver
quebraram;14;ver
estátua;14;nom
pressionar;14;ver
resumir;14;ver
mineira;14;adj
pedófilo;14;nom
fernandinho;14;nr
judeu;14;adj
silvio;14;nom
imparcial;14;adj
fisicamente;14;adv
proposto;14;adj
indicar;14;ver
fins;14;nom_sup
proporcionalidade;14;nom
coletiva;14;adj
assessor;14;nom
avanços;14;nom
pp;14;nr
representam;14;ver
porto;14;nom
digitais;14;adj
mariele;14;nr
libera;14;ver
afirmou;14;ver
sistemas;14;nom
fantasia;14;nom
apoiam;14;ver
raça;14;nom
fôlego;14;nom
utilizou;14;ver
pudessem;14;ver_sup
levantaram;14;ver
sementes;14;nom
fortaleça;14;ver
fumaça;14;nom
facções;14;nom
conter;14;ver
implantar;14;ver
vistas;14;ver_sup
pisa;14;nom
bolsas;14;nom
endereço;14;nom
antecedeu;14;ver
tiktok;14;nr
considera;14;ver
ética;14;nom
piedade;14;nom
lutam;14;ver
limpeza;14;nom
aconteceria;14;ver
realizado;14;ver
católico;14;adj
caridade;14;nom
porte;14;nom
funcionando;14;ver
formando;14;ver
escuro;14;adj
bilin;14;nr
prosseguimento;14;nom
retiro;14;nom
determina;14;ver
ricardo;14;nom
atentos;14;adj
retornar;14;ver
solicita;14;ver
artigos;14;nom
solicitou;14;ver
pareça;14;nom
pessoais;14;adj
futuros;14;adj
fatores;14;nom
proposição;14;nom
capa;14;nom
benefício;14;nom
históricos;14;adj
iguais;14;adj
voltada;14;ver
superar;14;ver
reserva;14;nom
hã;14;ono
personalidade;14;nom
indiciado;14;ver
prefeituras;14;nom
limitações;14;nom
abro;14;ver
tarefa;14;nom
preparação;14;nom
oo;14;nr
57;14;num
direcionamento;14;nom
maneiras;14;nom
abri;14;ver
minuta;14;nom
critério;14;nom
séculos;14;nom
enxerga;14;ver
goiás;14;nom
moradores;14;nom
vidro;14;nom
assustar;14;ver
assinado;14;ver
fraqueza;14;nom
fraquezas;14;nom
admiro;14;ver
nick;14;nr
reconstrução;14;nom
sofrimentos;14;nom
explicação;14;nom
círculo;14;nom
lembrei;14;ver
bíblica;14;adj
damos;14;ver
vazio;14;adj
pcdb;14;nr
chamá;14;nr
separar;14;ver
pecadores;14;nom
consagramos;14;ver
batalhando;14;ver
missionário;14;adj
lançamento;14;nom
leio;14;ver
acidente;14;nom
conflitos;14;nom
resta;14;ver
precisou;14;ver
terminou;14;ver
procura;14;ver
vaso;14;nom
divisão;14;nom
levantem;14;ver
escravos;14;adj
alterações;14;nom
acusações;14;nom
aa;14;nr
excesso;14;nom
curtir;14;ver
celestial;14;adj
presidenta;14;nr
gravado;14;ver
refúgio;14;nom
falsos;14;adj
abençoando;14;ver
feridas;14;nom
relato;14;nom
caminha;14;ver
guardas;14;nom
lua;14;nom
efetivo;14;adj
psicólogos;14;nom
inclusiva;14;adj
chuvas;14;nom
permanência;14;nom
blusa;14;nom
cesão;14;nr
regimentalmente;14;adv
marcar;14;ver
barra;14;nom
quiserem;14;ver
mensagens;14;nom
visitou;14;ver
esqueceu;14;ver
módulos;14;nom
ganhei;14;ver
masculino;14;adj
companheiro;14;nom
namorada;14;nom
odeio;14;ver
legalização;14;nom
vara;14;nom
cpm;14;nr
expulsar;14;ver
dera;14;ver
007;14;num
protagonista;14;nom
vacinação;14;nom
boulos;14;nr
lacrolândia;14;nr
visitei;13;ver
colo;13;nom
janela;13;nom
ficha;13;ver
sacrificar;13;ver
afirmar;13;ver
1000;13;num
perseguições;13;nom
egito;13;nom
bosta;13;nom
cometem;13;ver
inventar;13;ver
pelado;13;adj
tributária;13;adj
acostumado;13;adj
devolver;13;ver
desvio;13;nom
joias;13;nr
multidões;13;nom
fortalecido;13;ver
escolhe;13;ver
cpf;13;nr
mudam;13;ver
instâncias;13;nom
corredores;13;nom
government;13;nr
two;13;nr
more;13;ver
58;13;num
41;13;num
family;13;nr
say;13;nr
human;13;nr
consequentemente;13;adv
escravidão;13;nom
sincera;13;adj
manchetes;13;nom
considerando;13;ver
tolerância;13;nom
aceite;13;ver
maligno;13;adj
covardia;13;nom
abolição;13;nom
inúmeras;13;adj
terreno;13;nom
empregos;13;nom
inveja;13;nom
negociações;13;nom
mensalão;13;nr
manteve;13;ver
profundas;13;adj
transferência;13;nom
44;13;num
faltou;13;ver
percebendo;13;ver
converso;13;ver
malta;13;nom
diziam;13;ver_sup
representatividade;13;nom
saíram;13;ver
sobe;13;ver
protocolo;13;nom
parecendo;13;nom
confirmar;13;ver
tomadas;13;ver
chapa;13;nom
anunciou;13;ver
péssimo;13;adj
constitucionais;13;adj
pc;13;nr
conversou;13;ver
julga;13;ver
botando;13;ver
resolveu;13;ver
desejam;13;ver
favoráveis;13;adj
derrubado;13;ver
deserto;13;adj
incomoda;13;ver
forem;13;ver_sup
monitorar;13;nr
monitoramento;13;nom
manuela;13;nom
ensinou;13;ver
marcelo;13;nom
animal;13;nom
organizações;13;nom
manobra;13;nom
órgão;13;nom
digna;13;adj
reduz;13;ver
apresentou;13;ver
enfrentamos;13;ver
reverter;13;ver
malafaia;13;nr
movimentação;13;nom
citando;13;ver
chegada;13;nom
fórum;13;nom
chile;13;nom
jogando;13;ver
cheque;13;nom
contrárias;13;adj
reclamar;13;ver
escuto;13;ver
centrão;13;nr
desconto;13;nom
devida;13;adj
serei;13;ver_sup
solicitação;13;nom
acontecia;13;ver
sindicatos;13;nom
bastasse;13;ver
cotas;13;nom
perdoe;13;ver
leia;13;ver
fidelidade;13;nom
altas;13;adj
cortes;13;nom
madrid;13;nom
love;13;nr
baixar;13;ver
compromissos;13;nom
questionamentos;13;nom
normas;13;nom
níveis;13;nom
remete;13;ver
administração;13;nom
professoras;13;nom
preocupações;13;nom
curricular;13;adj
visa;13;ver
elementos;13;nom
tarcis;13;nr
ressaltar;13;ver
diretores;13;nom
voluntária;13;adj
primeiras;13;adj_num
mito;13;nom
voltamos;13;ver
poupança;13;nom
vulnerabilidade;13;nom
afastar;13;ver
receberam;13;ver
comparação;13;nom
particulares;13;adj
dividido;13;ver
universitário;13;adj
liguei;13;ver
acompanham;13;ver
vigor;13;nom
alvorada;13;nom
angústia;13;nom
esperamos;13;ver
beatriz;13;nom
fortemente;13;adv
caderno;13;nom
textos;13;nom
estimular;13;ver
especialistas;13;nom
deverão;13;nom
seminários;13;nom
nega;13;ver
didático;13;adj
métodos;13;nom
fortalecimento;13;nom
rezar;13;ver
opera;13;ver
quartel;13;nom
comprou;13;ver
ligou;13;ver
feminina;13;adj
durar;13;ver
petrobras;13;nom
otário;13;nom
comitê;13;nom
aparência;13;nom
tranquila;13;adj
lance;13;nom
conhecendo;13;ver
subindo;13;ver
decretos;13;nom
fechada;13;adj
profetizando;13;ver
procurando;13;ver
adiante;13;adv
prosperar;13;ver
queimar;13;ver
corta;13;ver
delongas;13;ver
principados;13;nom
habita;13;ver
passageiro;13;adj
descanso;13;nom
louvamos;13;ver
vinho;13;nom
entram;13;ver
mel;13;nom
entraram;13;ver
dedicação;13;nom
lábios;13;nom
acrescentar;13;ver
liberta;13;ver
ob;13;nr
propósitos;13;nom
postando;13;ver
tesouro;13;nom
eo;13;nr
apocalipse;13;nom
escrava;13;adj
aprendemos;13;ver
sono;13;nom
calados;13;adj
votações;13;nom
reconstruir;13;ver
segredos;13;nom
olhava;13;nom
estudou;13;ver
casais;13;nom
posicionado;13;ver
seguirá;13;ver
celeiro;13;nom
dissesse;13;ver_sup
extensão;13;nom
pregador;13;nom
agindo;13;ver
querida;13;adj
assusta;13;ver
rejeitado;13;ver
gomes;13;nom
lacração;13;nr
contraditório;13;adj
raciocinar;13;ver
reportagem;13;nom
ignorou;13;ver
acerca;13;ver
simone;13;nom
frases;13;nom
agradecendo;13;ver
alves;13;nom
sabiam;13;ver_sup
foice;13;nom
prestando;13;ver
aprendiz;13;nom
preconceituoso;13;adj
zoeira;13;nom
beber;13;ver
pensou;13;ver
piscina;13;nom
jefferson;13;nom
lázaro;13;nom
hábito;13;nom
encorajar;13;ver
pregadores;13;nom
cachorro;13;nom
começos;13;nom
vontades;13;nom
chover;13;ver
dragão;13;nom
continuamos;12;ver
centavo;12;nom
sinta;12;ver
reféns;12;nom
ouviram;12;ver
riqueza;12;nom
dorme;12;ver
xingar;12;ver
apreensão;12;nom
roubando;12;ver
razoável;12;adj
etária;12;adj
mané;12;nr
legitimidade;12;nom
assinada;12;ver
cerveja;12;nom
pagador;12;nom
ânsia;12;nom
missões;12;nom
dubai;12;nr
bizarro;12;adj
quisesse;12;ver
salários;12;nom
vaidade;12;nom
régua;12;nom
mexendo;12;ver
errar;12;ver
seguidor;12;nom
punição;12;nom
maratona;12;nom
desiste;12;ver
admitir;12;ver
factions;12;nr
how;12;nr
72;12;num
system;12;nr
even;12;nr
mega;12;nom
power;12;nr
know;12;nr
700;12;num
gênio;12;nom
matam;12;ver
torne;12;ver
aceitável;12;adj
sujeito;12;nom
absurdas;12;adj
coerente;12;adj
rótulos;12;nom
paraíso;12;nom
britânico;12;adj
martin;12;nom
violenta;12;adj
estruturas;12;nom
pagou;12;ver
abandonar;12;ver
estivessem;12;ver_sup
luxo;12;nom
gasolina;12;nom
demonstra;12;ver
prioridades;12;nom
almoçar;12;ver
ombros;12;nom
teme;12;ver
imagino;12;ver
criticar;12;ver
gradual;12;adj
naqueles;12;pro_dem
interfere;12;ver
tivermos;12;ver_sup
autista;12;adj
sus;12;nr
sigam;12;ver
montes;12;nom
sbt;12;nr
conversado;12;ver
acompanhamento;12;nom
adiantar;12;ver
patamar;12;nom
eleitos;12;ver
declarando;12;ver
financeiras;12;adj
unir;12;ver
inelegível;12;adj
jordi;12;nr
movido;12;ver
moradia;12;nom
violento;12;adj
prudente;12;adj
portal;12;nom
procuradoria;12;nom
poste;12;nom
cinza;12;adj
calor;12;nom
ignorado;12;adj
operações;12;nom
curiosidade;12;nom
facilitar;12;ver
respeitado;12;adj
únicos;12;adj
pedagógica;12;adj
científica;12;adj
atingiu;12;ver
genuína;12;adj
mudo;12;adj
marina;12;adj
flamengo;12;nom
paredes;12;nom
impressão;12;nom
brigar;12;ver
reconheço;12;ver
solta;12;ver
extrair;12;ver
coincidentemente;12;adv
mecanismo;12;nom
entidade;12;nom
apresentamos;12;ver
físicas;12;adj
manutenção;12;nom
entendido;12;adj
impunidade;12;nom
poesia;12;nom
danos;12;nom
atrapalha;12;ver
exceções;12;nom
sofri;12;ver
bia;12;nr
him;12;nr
your;12;nr
médica;12;nom
cooperação;12;nom
mediante;12;pre
obrigatório;12;adj
subcomissões;12;nom
debruçar;12;ver
responsabilidades;12;nom
tadeu;12;nom
evidentemente;12;adv
previsto;12;ver
daquelas;12;pro_dem
defendido;12;ver
ata;12;ver
consenso;12;nom
corpos;12;nom
determinados;12;adj
contribui;12;ver
depender;12;ver
exploração;12;nom
polarização;12;nom
tentado;12;adj
encaminha;12;ver
oral;12;adj
avalia;12;ver
dependência;12;nom
ativista;12;adj
mínima;12;adj
acabe;12;ver
quadra;12;nom
henrique;12;nom
indivíduo;12;nom
cirurgia;12;nom
econômico;12;adj
perdidas;12;adj
tiraram;12;ver
coca;12;nom
bolsonarismo;12;nr
dói;12;ver
universalização;12;nom
faculdades;12;nom
escutar;12;ver
almoço;12;nom
externo;12;adj
longa;12;adj
formal;12;adj
inegável;12;adj
estruturada;12;adj
convido;12;ver
desejando;12;ver
lideranças;12;nom
vigência;12;nom
mostrei;12;ver
slide;12;nom
exame;12;nom
anúncio;12;nom
preparadas;12;ver
analfabetismo;12;nom
faltam;12;ver
honesto;12;adj
personagens;12;nom
falsas;12;adj
antidemocráticos;12;adj
impresso;12;adj
táxi;12;nom
assessores;12;nom
artística;12;adj
carregar;12;ver
manifestantes;12;nom
punir;12;ver
copo;12;nom
teatro;12;nom
liberando;12;ver
averiguar;12;ver
paraíba;12;nom
legalizar;12;ver
importo;12;ver
encerramento;12;nom
coríntios;12;nr
menção;12;nom
bateria;12;nom
onipresente;12;adj
direcionada;12;ver
acabaram;12;ver
desrespeitar;12;ver
interromper;12;ver
goiânia;12;nom
estuda;12;ver
crenças;12;nom
amou;12;ver
fechou;12;ver
propondo;12;ver
carga;12;nom
batido;12;ver
comprometimento;12;nom
confiou;12;ver
queimado;12;adj
cão;12;nom
entenderam;12;ver
cavalo;12;nom
matava;12;ver
soldados;12;nom
derramar;12;ver
manifestará;12;ver
concordância;12;nom
relacionamentos;12;nom
prometida;12;adj
dons;12;nom
escrituras;12;nom
legítimo;12;adj
converteu;12;ver
obrigação;12;nom
vossos;12;pro_pos
liberdades;12;nom
conspiração;12;nom
casar;12;ver
romano;12;adj
prevalecer;12;ver
velocidade;12;nom
constância;12;nom
provérbios;12;nom
racional;12;adj
conhecida;12;adj
conselhos;12;nom
gigantes;12;adj
tocadas;12;ver
convence;12;ver
esfera;12;nom
terrena;12;nom
alcançando;12;ver
protegido;12;ver
pegava;12;ver_sup
súplicas;12;nom
acordei;12;ver
tiago;12;nom
altar;12;nom
conectar;12;ver
glorificado;12;ver
converter;12;ver
separei;12;ver
gostando;12;ver
conhecidas;12;adj
inaceitável;12;adj
utilizada;12;ver
funcional;12;adj
lembrou;12;ver
saía;12;ver
jandira;12;nom
verificação;12;nom
concedida;12;ver
prosseguir;12;ver
rodrigues;12;nom
suplente;12;nom
hino;12;nom
fnd;12;nr
presencial;12;adj
doações;12;nom
causar;12;ver
sérias;12;adj
fugindo;12;ver
62;12;num
devoção;12;nom
feio;12;adj
prisões;12;nom
pedia;12;ver
filósofo;12;adj
besteira;12;nom
educar;12;ver
mostro;12;ver
palhaçada;12;nom
telegram;12;nr
cancelado;12;ver
cubano;12;adj
ocupação;12;nom
interessado;12;adj
verem;12;ver_sup
invade;12;ver
respondido;12;ver
pichação;12;nom
metrô;12;nom
atraiu;12;ver
obedece;12;ver
rios;12;nom
eyshila;12;nr
efésios;12;nr
barbie;12;nr
influenciado;12;ver
intolerante;12;adj
plantada;12;ver
metros;12;nom
empreendedorismo;12;nr
max;12;nom
missa;12;nom
molhado;12;adj
ms;12;nr
careta;12;nom
justin;12;nr
bieber;12;nr
porcento;12;nr
rolando;12;ver
marinho;12;adj
divina;11;adj
zap;11;nr
ficará;11;ver
levantam;11;ver
importantíssimo;11;adj
criatura;11;nom
bar;11;nom
finaliza;11;ver
parentes;11;adj
comprei;11;ver
barato;11;adj
desista;11;ver
cadastro;11;nom
baderna;11;nom
fuga;11;nom
censurar;11;ver
persistência;11;nom
significado;11;nom
aprova;11;ver
without;11;nr
direct;11;nr
law;11;nr
being;11;nr
public;11;nr
fight;11;nr
rights;11;nr
where;11;nr
cobrando;11;ver
porrada;11;nom
discordância;11;nom
monopólio;11;nom
ladrões;11;nom
pá;11;nom
crucificado;11;adj
propôs;11;ver
comunidades;11;nom
estética;11;adj
pautada;11;ver
completar;11;ver
centavos;11;nom
carregava;11;ver
seriedade;11;nom
atenta;11;ver
injusta;11;adj
celulares;11;adj
destinados;11;ver
esquecendo;11;ver
perpétua;11;adj
trabalhado;11;ver_sup
apoiado;11;ver
tomara;11;ver
140;11;num
irresponsável;11;adj
comprovado;11;ver
comentou;11;ver
importam;11;ver
curva;11;nom
construído;11;ver
modificação;11;nom
pacífica;11;adj
escondido;11;adj
suspeito;11;adj
adequado;11;adj
coroa;11;nom
amazonas;11;nom
indicado;11;adj
cujo;11;pre
publicado;11;ver
categoria;11;nom
competir;11;ver
células;11;nom
botou;11;ver
conflito;11;nom
encontre;11;ver
estando;11;ver_sup
amarela;11;nom
rouba;11;ver
ótima;11;adj
imunidade;11;nom
perseguindo;11;ver
piora;11;ver
hitler;11;nom
falaria;11;ver
ocde;11;nr
sobral;11;nom
percentuais;11;adj
ignorando;11;ver
mendes;11;nom
tornando;11;ver
demissão;11;nom
relacionados;11;adj
despesas;11;nom
suíça;11;adj
virão;11;ver
stalin;11;nom
plateia;11;nom
soviética;11;adj
exaltar;11;ver
doentes;11;adj
espalhar;11;ver
provisória;11;adj
participaram;11;ver
urgente;11;adj
5000;11;num
lidando;11;ver
perdida;11;adj
custódia;11;nom
relatos;11;nom
divulgou;11;ver
greves;11;nom
incluído;11;adj
ampliação;11;nom
federados;11;adj
mecanismos;11;nom
amplo;11;adj
inversão;11;nom
ananias;11;nom
meritório;11;adj
correção;11;nom
unidades;11;nom
desculpas;11;nom
pudéssemos;11;ver_sup
vício;11;nom
satisfação;11;nom
mestrado;11;nom
diretora;11;nom
avança;11;ver
conceitos;11;nom
sinais;11;nom
cnn;11;nr
dará;11;ver
magistério;11;nom
pedagógicos;11;adj
útil;11;adj
37;11;num
tais;11;pro_ind
atuar;11;ver
gaer;11;nr
definido;11;ver
produzindo;11;ver
exclusão;11;nom
estabelecimento;11;nom
cumpre;11;ver
porteiro;11;nom
metodologia;11;nom
planeta;11;nom
reimon;11;nr
coordenação;11;nom
buscam;11;ver
felizmente;11;adv
titular;11;adj
protagonismo;11;nom
supermercado;11;nom
desesperada;11;adj
acreditava;11;ver
suporte;11;nom
torço;11;ver
mista;11;adj
histórica;11;adj
certos;11;adj
sa;11;nr
vigilante;11;adj
cita;11;ver
cunha;11;nom
fundador;11;nom
percentual;11;adj
pedagogia;11;nom
status;11;nom
manual;11;adj
espécie;11;nom
aplicado;11;ver
didáticos;11;adj
começava;11;ver
historicamente;11;adv
detalhes;11;nom
paternidade;11;nom
vigiar;11;ver
sanções;11;nom
disponíveis;11;adj
uai;11;nr
insegurança;11;nom
graves;11;adj
espelho;11;nom
prestação;11;nom
posicionou;11;ver
renan;11;nom
cantor;11;nom
irem;11;ver_sup
grava;11;ver
hashtag;11;nr
olímpico;11;adj
preocupo;11;ver
bravo;11;adj
bobo;11;adj
posicionando;11;ver
estúdio;11;nom
altares;11;nom
atendeu;11;ver
onipotente;11;adj
juro;11;ver
maravilhas;11;nom
desperta;11;nom
ouça;11;ver
combinado;11;ver
demonstrar;11;ver
coque;11;nom
prostituição;11;nom
iphone;11;nr
ossos;11;nom
conhecidos;11;adj
intelectuais;11;adj
cordeiro;11;nom
conte;11;ver
verba;11;nom
concordam;11;ver
evangelizar;11;ver
chacota;11;nom
movidos;11;ver
decidi;11;ver
amé;11;nr
presidencial;11;adj
mudado;11;adj
perfume;11;nom
gló;11;nr
versículos;11;nom
mande;11;ver
colheita;11;nom
cantos;11;nom
ouvirei;11;ver
mesas;11;nom
fantástico;11;adj
polícias;11;nom
ovelha;11;nom
pureza;11;nom
criaram;11;ver
artes;11;nom
digão;11;nr
cristãs;11;adj
conseguido;11;ver
elogiando;11;ver
romanos;11;adj
tire;11;ver
sagrado;11;adj
cafezinho;11;nom
acompanhado;11;ver
confortável;11;adj
sinceridade;11;nom
repetindo;11;ver
sétimo;11;adj_num
avante;11;adv
luma;11;nom
paramos;11;ver
afetou;11;ver
igualmente;11;adv
ministrado;11;ver
cumpra;11;ver
vocação;11;nom
dobra;11;nom
íntimo;11;adj
mandei;11;ver
queimando;11;ver
abortar;11;ver
efraim;11;nom
fracos;11;adj
remoto;11;adj
estuprada;11;ver
bebe;11;ver
chegasse;11;ver
altíssimo;11;adj
revelar;11;ver
fornalha;11;nom
improvável;11;adj
emoções;11;nom
entrava;11;ver
republicanos;11;adj
empate;11;nom
brilhante;11;adj
cavalcante;11;nom
intolerância;11;nom
administrativa;11;adj
depoimentos;11;nom
sois;11;ver_sup
defensoria;11;nom
achava;11;ver
conservadora;11;adj
paciente;11;nom
ofensa;11;nom
nono;11;adj_num
66;11;num
formada;11;adj
banana;11;nom
usei;11;ver_sup
cubana;11;adj
roma;11;nom
nico;11;ver
trocando;11;ver
aceitando;11;ver
lock;11;nr
retroceder;11;ver
custou;11;ver
react;11;nr
lutero;11;nom
assinaram;11;ver
compartilhado;11;ver
fotógrafo;11;nom
guga;11;nom
inesquecível;11;adj
profetizo;11;nr
fumar;11;ver
wesley;11;nr
chorei;11;ver
agro;11;adj
george;11;nom
lealdade;11;nom
distanciamento;11;nom
boleto;11;nom
inesgotável;11;adj
khalil;11;nr
prometendo;10;ver
bancar;10;ver
deitar;10;ver
palmas;10;nom
envolvendo;10;ver
contratos;10;nom
imaginei;10;ver
agradece;10;ver
gravando;10;ver
videozinho;10;nr
pintar;10;ver
desviar;10;ver
derrubou;10;ver
rolar;10;ver
largar;10;ver
parecido;10;adj
xinga;10;ver
japão;10;nom
encontrado;10;ver
musk;10;nr
percebido;10;ver
detrás;10;adv
errei;10;ver
ajudado;10;ver
tios;10;nom
cela;10;nom
usava;10;ver_sup
básicas;10;adj
providência;10;nom
encaixa;10;ver
punido;10;ver
profecia;10;nom
poderem;10;ver_sup
civilização;10;nom
denunciando;10;ver
prata;10;nom
rosário;10;nom
houvesse;10;ver_sup
these;10;nr
against;10;nr
first;10;nr
75;10;num
after;10;nr
police;10;nr
his;10;nr
don;10;nom
democracy;10;nr
cozinha;10;nom
dependente;10;adj
passarão;10;ver
humanamente;10;adv
protegida;10;ver
oposto;10;adj
ache;10;ver
necessárias;10;adj
brancos;10;adj
ativo;10;adj
atingido;10;ver
tiros;10;nom
ame;10;ver
domina;10;ver
controla;10;ver
explicando;10;ver
cofres;10;nom
melhorias;10;nom
prometido;10;ver
crises;10;nom
derramado;10;ver
transformada;10;ver
perdem;10;ver
maravilhosas;10;adj
obstruir;10;ver
contei;10;ver
invadiram;10;ver
bombas;10;nom
obriga;10;ver
atendendo;10;ver
concedeu;10;ver
bunda;10;nom
pegado;10;adj
divergência;10;nom
bicicleta;10;nom
negociar;10;ver
lança;10;nom
joia;10;nr
corajosos;10;adj
negativa;10;adj
48;10;num
americanos;10;adj
mostrado;10;ver
valer;10;ver
lutado;10;ver
informar;10;ver
trouxeram;10;ver
tirada;10;ver
ligada;10;ver
pura;10;adj
ansiosos;10;adj
competente;10;adj
brutalmente;10;adv
tráfego;10;nom
proibição;10;nom
adoção;10;nom
descontos;10;nom
desinformação;10;nom
continuem;10;ver
doutorado;10;nom
postagem;10;nom
hilton;10;nom
prefere;10;ver
transa;10;nom
autores;10;nom
alencar;10;nom
fechamento;10;nom
toga;10;nom
sanção;10;nom
profundamente;10;adv
interferir;10;ver
98;10;num
pasta;10;nom
avançada;10;adj
investigados;10;adj
éramos;10;ver_sup
externa;10;adj
confio;10;ver
obter;10;ver
contaram;10;ver
faziam;10;ver_sup
acertou;10;ver
moram;10;ver
ocidental;10;adj
alerta;10;adj
surpreender;10;ver
quanta;10;pro_ind
festas;10;nom
estrela;10;nom
destruíram;10;ver
arrancar;10;ver
educadores;10;nom
preocupam;10;ver
baderneiros;10;adj
arco;10;nom
cala;10;ver
odiado;10;adj
gratuito;10;adj
necessários;10;adj
relatórios;10;nom
pleno;10;adj
realizadas;10;ver
pretende;10;ver
governança;10;nom
científicas;10;adj
prever;10;ver
nobres;10;adj
ponderação;10;nom
propõe;10;ver
reconhecido;10;ver
integrantes;10;nom
sugestões;10;nom
fragilidade;10;nom
aguardar;10;ver
rir;10;ver
conhecimentos;10;nom
precoce;10;adj
lazer;10;nom
lares;10;nom
promove;10;ver
normais;10;adj
bonitinho;10;adj
acompanhei;10;ver
abertas;10;adj
realizada;10;ver
su;10;nr
determinada;10;adj
carente;10;adj
exposto;10;ver
compõem;10;ver
ganham;10;ver
diagnóstico;10;nom
distorção;10;nom
topo;10;nom
melhorando;10;ver
adotar;10;ver
companheiros;10;nom
consulta;10;nom
criminalização;10;nom
melhora;10;nom
exerce;10;ver
lida;10;ver
trem;10;nom
galeria;10;nom
luci;10;nr
paraos;10;nr
fi;10;nr
aceitou;10;ver
51;10;num
sor;10;nr
atraso;10;nom
conselheiro;10;nom
ass;10;nr
indicador;10;adj
observação;10;nom
filas;10;nom
senta;10;ver
miranda;10;nom
linhas;10;nom
atua;10;ver
95;10;num
leitor;10;nom
específicos;10;adj
facilidade;10;nom
naquelas;10;pro_dem
nãoé;10;nr
protocolos;10;nom
primário;10;adj
raramente;10;adv
categorias;10;nom
estiverem;10;ver_sup
línguas;10;nom
fáceis;10;adj
circunstância;10;nom
treta;10;nom
cocaína;10;nom
descobriu;10;ver
estupradores;10;adj
ocupa;10;ver
lamentável;10;adj
facção;10;nom
desanimado;10;adj
tranquilos;10;adj
mamãe;10;nom
meteu;10;ver
nunes;10;nom
falavam;10;ver
corrente;10;nom_sup
rodar;10;ver
renúncia;10;nom
agendas;10;nom
consagro;10;ver
salão;10;nom
ondas;10;nom
presencialmente;10;adv
concedi;10;ver
josias;10;nr
jb;10;nr
pôr;10;ver
econômicas;10;adj
prevalece;10;ver
louvável;10;adj
velhas;10;adj
puxando;10;ver
pensamos;10;ver
potestades;10;nom
gênesis;10;nom
prostrar;10;ver
entrego;10;ver
cantarei;10;ver
reunidos;10;ver
tomamos;10;ver
perdoarei;10;ver
cavalos;10;nom
agostinho;10;nom
corrido;10;adj
61;10;num
convergência;10;nom
inteligentes;10;adj
cancelar;10;ver
proteja;10;ver
futuras;10;adj
impactado;10;ver
prejudicar;10;ver
morrem;10;ver
espanha;10;nom
evangelistas;10;nom
janelas;10;nom
crendo;10;ver
piadinha;10;nom
abrimos;10;ver
cooperam;10;ver
ovelhas;10;nom
quebro;10;ver
coluna;10;nom
comparado;10;ver
multiplicar;10;ver
reconciliação;10;nom
costume;10;nom
aprendo;10;ver
precisavam;10;ver
gil;10;nom
servindo;10;ver
guerrear;10;ver
derrota;10;nom
uau;10;nr
índia;10;nom
matado;10;ver
confessar;10;ver
balança;10;nom
oitavo;10;adj_num
bolha;10;nom
jeová;10;nom
levanto;10;ver
aparecendo;10;ver
clicar;10;nr
convocando;10;ver
ligando;10;ver
00;10;num
liberação;10;nom
emergencial;10;adj
manifesto;10;nom
luciana;10;nom
inscrições;10;nom
determinação;10;nom
banda;10;nom
docentes;10;adj
assessora;10;ver
exclusivamente;10;adv
apuração;10;nom
pimenta;10;nom
extra;10;adj
mgi;10;nr
sâmia;10;nr
diminuir;10;ver
humanas;10;adj
créditos;10;nom
amaral;10;nom
limitado;10;adj
fazerem;10;ver_sup
ridículo;10;adj
questionado;10;ver
massas;10;nom
refeição;10;nom
contem;10;ver
ramaz;10;nr
pdde;10;nr
escopo;10;nom
val;10;nr
cadernos;10;nom
acabado;10;adj
ensinamento;10;nom
bio;10;nr
estruturar;10;ver
adesivo;10;nom
fã;10;nom
dança;10;nom
atrair;10;ver
sorrir;10;ver
arrependemos;10;ver
elevador;10;nom
saldos;10;nom
conectado;10;ver
unissex;10;adj
gripe;10;nom
revolucionária;10;adj
processar;10;ver
auto;10;nom
perseguiu;10;ver
gsi;10;nr
nojo;10;nom
elisiane;10;nr
grandão;10;nr
rodovia;10;nom
totalidade;10;nom
conservar;10;ver
comenta;10;ver
gratificante;10;adj
luzes;10;nom
livrou;10;ver
armadura;10;nom
guerreiros;10;nom
143;10;num
acalmar;10;ver
cativeiro;10;nom
caraca;10;nr
pornô;10;adj
dória;10;adj
destra;10;adj
nando;10;nom
compreende;10;ver
burguesia;10;nom
palestina;10;nom
stevens;10;nr
mandatos;9;nom
estivemos;9;ver_sup
conversamos;9;ver
sozinhos;9;adj
lutou;9;ver
enganados;9;adj
honesta;9;adj
vaquinha;9;nom
donos;9;nom
encontraram;9;ver
afeta;9;ver
cabral;9;nom
possibilidades;9;nom
cometeram;9;ver
mentiu;9;ver
partida;9;nom
sonhar;9;ver
alimentos;9;nom
básicos;9;adj
disputa;9;nom
fevereiro;9;nom
jurídicas;9;adj
acontecesse;9;ver
passava;9;ver
citei;9;ver
independentemente;9;adv
convocado;9;ver
terror;9;nom
aliados;9;nom
esqueceram;9;ver
slogan;9;nom
presidenciais;9;adj
imbecil;9;adj
other;9;nr
under;9;nr
men;9;nr
left;9;nr
its;9;nr
those;9;nr
assustador;9;adj
distribuição;9;nom
usadas;9;adj
charlie;9;nr
pescoço;9;nom
canalha;9;nom
respeitosa;9;adj
esquerdistas;9;adj
adversário;9;adj
eficácia;9;nom
existentes;9;adj
consolidar;9;ver
estranha;9;adj
afirma;9;ver
celebração;9;nom
sábio;9;adj
perseverança;9;nom
recusar;9;ver
argumentar;9;ver
larga;9;adj
apartamento;9;nom
79;9;num
flora;9;nom
2017;9;num
suor;9;nom
preste;9;adj
podre;9;adj
apontar;9;ver_sup
demonstrou;9;ver
simplicidade;9;nom
protesto;9;nom
pacificação;9;nom
sanar;9;ver
estas;9;pro_dem
cueca;9;nom
envolvidos;9;adj
lulinha;9;nom
meme;9;nr
tentava;9;ver_sup
ca;9;nr
garantindo;9;ver
km;9;nr
recuperação;9;nom
permitindo;9;ver
exames;9;nom
padrões;9;nom
bebês;9;nom
amnésia;9;nom
decisivo;9;adj
divulgado;9;ver
zema;9;nr
ambas;9;adj_num
fuad;9;nr
clt;9;nr
indicou;9;ver
raio;9;nom
gesto;9;nom
figuras;9;nom
representados;9;ver
somar;9;ver
velório;9;nom
experiente;9;adj
estivermos;9;ver_sup
musical;9;adj
instrução;9;nom
perceba;9;ver
norma;9;nom
envio;9;nom
fiscalização;9;nom
denunciei;9;ver
gilberto;9;nom
alemanha;9;nom
chico;9;nom
dirceu;9;nom
postos;9;nom
assédio;9;nom
acreditou;9;ver
cláudio;9;nom
combatendo;9;ver
comandar;9;ver
danilo;9;nom
parem;9;ver
investigações;9;nom
inconstitucional;9;adj
provocar;9;ver
encaminhado;9;ver
voltaram;9;ver
bloqueio;9;nom
saidinha;9;nom
trecho;9;nom
silenciar;9;ver
fraudes;9;nom
travestis;9;nom
biológicos;9;adj
chata;9;adj
quadrado;9;adj
propriedades;9;nom
governado;9;ver
liderar;9;ver
transfóbico;9;nr
máquina;9;nom
coloquem;9;ver
homofóbicos;9;nr
capeta;9;nom
deveríamos;9;nom
caçado;9;ver
continuou;9;ver
escrevendo;9;ver
dedos;9;nom
irã;9;nom
ditaduras;9;nom
interferência;9;nom
pib;9;nr
expansão;9;nom
opções;9;nom
gato;9;nom
passadas;9;adj
revoltado;9;ver
objetivas;9;nom
abusos;9;nom
tratados;9;nom
voltem;9;ver
fo;9;nr
ortega;9;nom
lembrem;9;ver
derruba;9;ver
chegará;9;ver
impondo;9;ver
42;9;num
gays;9;adj
reclamando;9;ver
governantes;9;nom
fila;9;nom
viria;9;ver
pacto;9;nom
comprovar;9;ver
avisar;9;ver
má;9;adj
fortalecendo;9;ver
recordes;9;nom
dengue;9;nom
boletim;9;nom
ocorrência;9;nom
good;9;nr
right;9;nr
pass;9;nr
school;9;nr
aprovadas;9;adj
ner;9;nr
permanente;9;adj
seguintes;9;adj
visando;9;ver
contemplar;9;ver
cuja;9;pre
inicial;9;adj
unanimidade;9;nom
solicitei;9;ver
demitido;9;ver
reitor;9;nom
elogiar;9;ver
poderíamos;9;ver_sup
nieto;9;nr
acadêmica;9;adj
atende;9;ver
compreendemos;9;ver
senora;9;nr
prejudicado;9;ver
supressão;9;nom
favoravelmente;9;adv
grata;9;adj
resgate;9;nom
sociologia;9;nom
enfrentamento;9;nom
progressistas;9;nom
necessariamente;9;adv
haviam;9;ver_sup
exclusivo;9;adj
avançado;9;adj
soma;9;ver
colaboração;9;nom
naturalmente;9;adv
equidade;9;nom
premiar;9;ver
secretários;9;nom
acertar;9;ver
aplica;9;ver
kisai;9;nr
submeter;9;ver
fechadas;9;adj
rica;9;adj
dobrar;9;ver
comprometido;9;ver
acordado;9;adj
sucedido;9;adj
alternativa;9;adj
escutei;9;ver
assiste;9;ver
seguida;9;nom
sequência;9;nom
bora;9;nr
trs;9;nr
demorar;9;ver
juntou;9;ver
frouxo;9;adj
hollywood;9;nom
responda;9;ver
refletir;9;ver
eficiente;9;adj
ab;9;nr
guiar;9;ver
preparados;9;ver
recorte;9;nom
déficit;9;nom
gestor;9;nom
positiva;9;adj
disponibilizar;9;ver
mencionado;9;ver
participado;9;ver
conduzido;9;ver
elaboração;9;nom
fios;9;nom
teams;9;nr
sagrada;9;adj
reafirmar;9;ver
apresentei;9;ver
evidência;9;nom
abordar;9;ver
gêneros;9;nom
determinar;9;ver
séries;9;nom
viesse;9;ver
dirigir;9;ver
fiéis;9;adj
carteira;9;nom
testemunhar;9;ver
abrigo;9;nom
engolir;9;ver
teresa;9;nom
incompetente;9;adj
praia;9;nom
investindo;9;ver
dólar;9;nom
sustentado;9;ver
perigosa;9;adj
atacou;9;ver
passaporte;9;nom
certificado;9;nom
question;9;nr
torcer;9;ver
reinado;9;nom
adoradores;9;nom
pontual;9;adj
glorificar;9;ver
adorando;9;ver
estás;9;ver_sup
trovão;9;nom
tens;9;ver_sup
rever;9;ver
vence;9;ver
resumindo;9;ver
vestido;9;nom
encontrava;9;ver
esposo;9;nom
despertamento;9;nr
lotada;9;adj
revela;9;ver
santificação;9;nom
negando;9;ver
religiosas;9;adj
direcionando;9;ver
indignada;9;adj
lojas;9;nom
demora;9;ver
neném;9;nom
bebida;9;nom
estendendo;9;ver
batismo;9;nom
convidando;9;ver
alegra;9;ver
am;9;nr
riquezas;9;nom
liberal;9;adj
cores;9;nom
saiam;9;ver
hom;9;nr
coroamos;9;ver
resistir;9;ver
cortando;9;ver
confissão;9;nom
darei;9;ver
abençoados;9;ver
reúne;9;ver
sobrancelha;9;nom
letícia;9;nom
existente;9;adj
atributos;9;nom
rádio;9;nom
bode;9;nom
afasta;9;ver
aflição;9;nom
anticristo;9;nom
ministrações;9;nr
demonstração;9;nom
visível;9;adj
levo;9;ver
financeiramente;9;adv
acontecimentos;9;nom
permaneça;9;ver
cantora;9;nom
contramão;9;nom
neve;9;nom
louva;9;ver
machista;9;adj
restaura;9;ver
pa;9;nr
explanada;9;ver
povos;9;nom_sup
hostil;9;adj
dedicado;9;ver
surge;9;ver
pegue;9;ver_sup
barcelona;9;nom
ronaldinho;9;nr
gaúcho;9;adj
cristiano;9;nom
omisso;9;adj
jorginho;9;nom
fábio;9;nom
redenção;9;nom
curada;9;adj
travar;9;ver
assistiu;9;ver
majestade;9;nom
lançando;9;ver
pancadas;9;nom
doenças;9;nom
organizar;9;ver
quieto;9;adj 
machuca;9;ver
recomposição;9;nom
botão;9;nom
victor;9;nom
adequação;9;nom
flagrante;9;adj
patrimonial;9;adj
percepção;9;nom
voltados;9;ver
respeite;9;ver
duda;9;nom
moeda;9;nom
ismael;9;nom
miona;9;nr
soraia;9;nr
oradores;9;nom
performance;9;nom
adotado;9;ver
edital;9;nom
devendo;9;nom
abandono;9;nom
conectividade;9;nom
lançado;9;ver
minorias;9;nom
acompanhou;9;ver
inovação;9;nom
capitais;9;nom
epidemia;9;nom
thiago;9;nom
uni;9;ver
bonfim;9;nr
apreciação;9;nom
posteriormente;9;adv
criei;9;ver
letivo;9;adj
perfeitamente;9;adv
notório;9;adj
protestante;9;adj
envie;9;ver
financiador;9;nom
expulso;9;ver
setores;9;nom
trabalhadora;9;adj
combinar;9;ver
lacrar;9;ver
rindo;9;ver
repú;9;nr
tirei;9;ver
pedras;9;nom
robô;9;nom
g1;9;nr
tornei;9;ver
negligência;9;nom
soviético;9;adj
movimentando;9;ver
renata;9;nom
seriado;9;nom
bastidores;9;nom
dançando;9;ver
saldo;9;nom
acusa;9;ver
choquei;9;ver
traduzir;9;ver
parcialidade;9;nom
ditatorial;9;adj
dominical;9;adj
grama;9;nom
desarmamento;9;nom
jogos;9;nom
fundou;9;ver
contradição;9;nom
pênis;9;nom
capitalista;9;adj
incrivelmente;9;adv
custe;9;ver
infeliz;9;adj
gospel;9;nr
queimou;9;ver
imoralidade;9;nom
repreender;9;ver
evangelizou;9;ver
novela;9;nom
adoro;9;ver
janta;9;nom
confronto;9;nom
pensava;9;ver
augusto;9;nom
declare;9;ver
cabra;9;nom
absurdamente;9;adv
pecar;9;ver
rota;9;nom
suelen;9;nr
barco;9;nom
gomorra;9;nr
ló;9;nr
free;9;nr
bonner;9;nr
indy;9;nom
imaginário;9;adj
filmando;9;ver
italiano;9;adj
matrix;9;nr
machucado;8;adj
clesão;8;nr
nelson;8;nom
fuja;8;ver
baleia;8;nom
virtual;8;adj
influenciador;8;adj
43;8;num
convenhamos;8;ver
duvida;8;ver
soltura;8;nom
1990;8;num
influenciando;8;ver
iof;8;nr
sugere;8;ver
distantes;8;adj
aproxima;8;ver
faraó;8;nom
derrotado;8;ver
raciocínio;8;nom
pró;8;pre
envolva;8;ver
posts;8;nr
desfazer;8;ver
rebater;8;ver
expliquei;8;ver
paro;8;ver
ego;8;nom
batem;8;ver
aposentadoria;8;nom
afastado;8;adj
comprando;8;ver
vestir;8;ver
soubesse;8;ver_sup
colher;8;ver
pegam;8;ver_sup
canetada;8;nr
visíveis;8;adj
invisíveis;8;adj
today;8;nr
media;8;ver
88;8;num
million;8;nr
called;8;nr
own;8;nr
wrong;8;nr
may;8;nr
society;8;nr
regional;8;adj
within;8;nr
families;8;nr
them;8;nr
many;8;nr
clear;8;nr
court;8;nr
some;8;ver
parliament;8;nr
must;8;nr
need;8;nr
courage;8;nr
thank;8;nr
avisei;8;ver
agência;8;nom
94;8;num
dependem;8;ver
rodas;8;nom
extremo;8;adj
amigas;8;nom
fábrica;8;nom
prontos;8;adv
discordam;8;ver
usaram;8;ver_sup
procure;8;ver
comerciantes;8;nom
corajosa;8;adj
mudaram;8;ver
estratégica;8;adj
luther;8;nom
extremismo;8;nom
produtos;8;nom
cobertura;8;nom
solucionar;8;ver
bilionários;8;adj
simbólica;8;adj
mentirosas;8;nom
gigantescas;8;adj
dívidas;8;nom
confiam;8;ver
patriotismo;8;nom
sessões;8;nom
depredação;8;nom
revogou;8;ver
absurdos;8;adj
mala;8;nom
antigos;8;adj
reformas;8;nom
96;8;num
del;8;nom
industrial;8;adj
equipamento;8;nom
negou;8;ver
fiscalizando;8;ver
avós;8;nom
enganou;8;ver
cobrado;8;ver
pressionando;8;ver
vende;8;ver
financeiros;8;adj
assinaturas;8;nom
enganadas;8;adj
viaja;8;ver
esquina;8;nom
vierem;8;ver
guie;8;ver
caído;8;ver
reconheceu;8;ver
leal;8;adj
qualificado;8;adj
julgado;8;ver
questionando;8;ver
doendo;8;ver
enganada;8;adj
suponhamos;8;ver
movimentar;8;ver
imaginou;8;ver
botei;8;ver
devolve;8;ver
mentor;8;nom
sobrenome;8;nom
comemora;8;ver
preparo;8;nom
estourou;8;ver
perigosas;8;adj
emblemático;8;adj
devidamente;8;adv
mor;8;adj
solicitado;8;ver
julgo;8;ver
ocorra;8;ver
pilares;8;nom
transfóbicos;8;nr
hétero;8;nr
ratinho;8;nom
acordou;8;ver
tpm;8;nr
médicas;8;nom
latrocínio;8;nom
responsabilizado;8;ver
diferenciar;8;ver
glauber;8;nom
comércio;8;nom
perseguem;8;ver
escutem;8;ver
serviu;8;ver
humilhação;8;nom
marielle;8;nr
pegasse;8;ver_sup
queimadas;8;adj
comanda;8;ver
palma;8;nom
parcial;8;adj
inquéritos;8;nom
papinho;8;nom
ajudaram;8;ver
cabuloso;8;nr
suposta;8;adj
produto;8;nom
custar;8;ver
respaldo;8;nom
fluência;8;nom
canadá;8;nom
equivalente;8;adj
capacete;8;nom
rampa;8;nom
inss;8;nr
rombo;8;nom
chuta;8;ver
companhia;8;nom
amando;8;ver
pedaço;8;nom
age;8;ver
objetiva;8;nom
receio;8;nom
exalta;8;ver
tanque;8;nom
autorizando;8;ver
coincidências;8;nom
formato;8;nom
requisitos;8;nom
absoluto;8;adj
rezando;8;ver
ol;8;nr
liv;8;nr
errados;8;adj
dea;8;nr
regimes;8;nom
responsibility;8;nr
want;8;nr
day;8;nr
lu;8;nr
comunicado;8;nom
souza;8;nom
queda;8;nom
interação;8;nom
estabelecidas;8;adj
adequada;8;adj
medir;8;ver
agradecimento;8;nom
contribuições;8;nom
ente;8;nom
artur;8;nom
centros;8;nom
beneficiar;8;ver
tecnológico;8;adj
parabenizo;8;ver
ficarei;8;ver
podermos;8;ver_sup
reimond;8;nr
estatuto;8;nom
ensinado;8;ver
disciplinas;8;nom
ensinamentos;8;nom
carla;8;nom
trigo;8;nom
abordagem;8;nom
1964;8;num
gravidez;8;nom
garantida;8;adj
proferir;8;ver
apresente;8;ver
cognitiva;8;adj
passará;8;ver
concretas;8;adj
habitantes;8;nom
bagunça;8;nom
torcendo;8;ver
retirou;8;ver
nuvem;8;nom
53;8;num
periferia;8;nom
competição;8;nom
fria;8;adj
tremendo;8;adj
praticar;8;ver
machismo;8;nom
prévia;8;adj
92;8;num
interpretar;8;ver
glorioso;8;adj
abaixar;8;ver
gostaríamos;8;ver
polêmicos;8;adj
intensa;8;adj
legais;8;adj
resume;8;ver
go;8;nr
alfabetizadas;8;adj
profissionalizante;8;adj
aguardando;8;ver
vigente;8;adj
discuta;8;ver
estruturadas;8;adj
acadêmico;8;adj
testes;8;nom
saudação;8;nom
acabamos;8;ver
acolhimento;8;nom
ditas;8;adj
queima;8;nom
psicologia;8;nom
mobilizando;8;ver
separa;8;ver
quintil;8;nr
56;8;num
aparecem;8;ver
chegarem;8;ver
confirma;8;ver
influenciou;8;ver
capítulos;8;nom
literacia;8;nr
encontramos;8;ver
plenamente;8;adv
cap;8;nr
pegaram;8;ver_sup
universalizar;8;ver
atendidas;8;ver
finais;8;nom
fenômeno;8;nom
dna;8;nr
gestação;8;nom
vizinho;8;adj
mencionar;8;ver
prometo;8;ver
promotor;8;nom
decidem;8;ver
imóveis;8;adj
publicações;8;nom
chocolate;8;nom
ocupando;8;ver
recorrer;8;ver
vandalismo;8;nom
motorista;8;nom
processado;8;ver
circo;8;nom
amantes;8;nom
van;8;nr
zuo;8;ver
estrangeiros;8;adj
continuemos;8;ver
curtindo;8;ver
renovação;8;nom
prefiro;8;ver
floresta;8;nom
zelo;8;nom
violação;8;nom
nariz;8;nom
daniela;8;nom
pulso;8;nom
luí;8;nr
falácia;8;nom
atacados;8;ver
fechando;8;ver
leandro;8;nom
renovar;8;ver
demorou;8;ver
protegendo;8;ver
americana;8;adj
box;8;nom
utilizei;8;ver
barreira;8;nom
pernas;8;nom
diferenciado;8;adj
digam;8;ver_sup
ouvimos;8;ver
músico;8;nom
produtor;8;nom
adorador;8;nom
biblicamente;8;adv
poço;8;nom
reinos;8;nom
repreendemos;8;nr
proféticas;8;adj
cpec;8;nr
ferido;8;adj
nó;8;nom
derramando;8;ver
envergonhado;8;adj
sofrido;8;ver
extraordinárias;8;adj
derrama;8;ver
esferas;8;nom
oraram;8;ver
purificação;8;nom
envolveu;8;ver
mentem;8;ver
adultério;8;nom
direciona;8;ver
tempinho;8;nom_sup
relembrar;8;ver
desempregado;8;adj
financiando;8;ver
adora;8;ver
dobrado;8;ver
investe;8;ver
milícia;8;nom
obediente;8;adj
adão;8;nom
celebrar;8;ver
perseguia;8;ver
cante;8;ver
quebrantado;8;ver
guardado;8;ver
exaltamos;8;ver
experimentou;8;ver
pará;8;nom
estejamos;8;ver_sup
esqueçam;8;ver
maldição;8;nom
cidadã;8;nom
petições;8;nom
lição;8;nom
lobos;8;nom
prima;8;nom
diário;8;adj
revista;8;nom
datas;8;nom
edésio;8;nr
duvidar;8;ver
muros;8;nom
consolo;8;nom
preciosa;8;adj
faltar;8;ver
chá;8;nom
dai;8;ver
percebem;8;ver
zombando;8;ver
francesa;8;adj
bendita;8;nom
moderno;8;adj
avance;8;ver
realizando;8;ver
ministrei;8;ver
fator;8;nom
liberou;8;ver
vendido;8;adj
ensine;8;ver
minutinhos;8;nom
trindade;8;nom
submissão;8;nom
repórter;8;nom
tente;8;ver_sup
enfermos;8;adj
ativar;8;ver
ronaldo;8;nom
aço;8;nom
perguntam;8;ver
52;8;num
eita;8;nr
telefone;8;nom
dis;8;nr
altos;8;adj
sararei;8;ver
mares;8;nom
confiamos;8;ver
vindas;8;nom
frustrado;8;adj
manifeste;8;ver
chamarei;8;ver
saímos;8;ver
finalizou;8;ver
incomodado;8;adj
irracional;8;adj
fio;8;nom
panela;8;nom
veem;8;nr
intencionais;8;adj
omissões;8;nom
dizemos;8;ver_sup
orçamentária;8;adj
laboratório;8;nom
orçamentárias;8;adj
indicações;8;nom
funcionais;8;adj
gostariam;8;ver
pres;8;nr
parcerias;8;nom
denunciado;8;ver
salaber;8;nr
ligados;8;adj
sofreram;8;ver
destinado;8;ver
desonestidade;8;nom
dep;8;nr
veras;8;adj
ld;8;nr
réplica;8;nom
comunica;8;ver
alfabetizada;8;adj
varia;8;ver
conquista;8;nom
concluiu;8;ver
aproveitando;8;ver
procuraram;8;ver
calendário;8;nom
ignoram;8;ver
imperfeito;8;adj
milionário;8;adj
autos;8;nom
devidos;8;adj
farei;8;ver_sup
atrapalhando;8;ver
serviços;8;nom
espanta;8;ver
funcionam;8;ver
jamila;8;nr
estudam;8;ver
penai;8;ver
marília;8;nom
empatia;8;nom
incentivar;8;ver
cm;8;nr
saio;8;ver
saído;8;ver
respondi;8;ver
depoimento;8;nom
cobra;8;nom
restante;8;adj
interessados;8;adj
riscos;8;nom
117;8;num
outono;8;nom
separado;8;adj
risada;8;nom
péssima;8;adj
apertar;8;ver
crença;8;nom
marxista;8;adj
ameaçando;8;ver
falarem;8;ver
revolucionário;8;adj
atenda;8;ver
isonomia;8;nom
suportar;8;ver
decidiram;8;ver
intenso;8;adj
bissexual;8;adj
250;8;num
humor;8;nom
jingle;8;nom
cantou;8;ver
funil;8;nom
campanholo;8;nr
selecionar;8;ver
trilha;8;nom
utilizaram;8;ver
preencher;8;ver
carrinho;8;nom
divulgando;8;ver
postado;8;ver
cinto;8;nom
escada;8;nom
fazenda;8;nom
comandante;8;nom
alexander;8;nom
transformando;8;ver
speech;8;nom
silencioso;8;adj
curta;8;adj
xingando;8;ver
bernardo;8;nom
nu;8;adj
geraldo;8;nom
loiro;8;adj
tomaram;8;ver
colmeia;8;nom
bençãos;8;nom
informe;8;nom
estacionamento;8;nom
mc;8;nr
ávila;8;nom
lewis;8;nom
curte;8;ver
adolescência;8;nom
preguei;8;ver
lançou;8;ver
descartável;8;adj
estação;8;nom
altura;8;nom
maligna;8;adj
cantava;8;ver
roger;8;nom
talita;8;nr
cd;8;nr
jairo;8;nom
tristezas;8;nom
síria;8;adj
desesperados;8;adj
inabalável;8;adj
sodoma;8;nom
inconformado;8;adj
net;8;nr
casca;8;nom
aline;8;nom
alcântara;8;nom
ridícula;8;adj
tropeço;8;nom
dossiê;8;nom
gramishismo;8;nr
youtuber;8;nr
emílio;8;nom
amaleque;8;nr
nabuco;8;nom
prestem;7;ver
8it;7;nr
vetou;7;ver
jogado;7;ver
veste;7;ver
trator;7;nom
81;7;num
embaixadores;7;nom
desproporcionais;7;adj
tarifa;7;nom
derrubamos;7;ver
gols;7;nom
osso;7;nom
reclama;7;ver
praga;7;nom
deitado;7;adj
desgastar;7;ver
mineiros;7;adj
abrisse;7;ver
economicamente;7;adv
blusinhas;7;nom
cenários;7;nom
decepcionado;7;adj
oras;7;ver
pediria;7;ver
sobrinho;7;nom
suposto;7;adj
deva;7;nom
generais;7;nom
funcione;7;ver
instalação;7;nom
refém;7;nom
elegeu;7;ver
comandando;7;ver
aliado;7;nom
justice;7;ver
year;7;nr
give;7;nr
example;7;nr
per;7;pre
2006;7;num
while;7;nr
supreme;7;nr
very;7;nr
passageira;7;adj
pesada;7;adj
correu;7;ver
rotulado;7;adj
praticado;7;ver
merecia;7;ver
veículo;7;nom
virando;7;ver
negação;7;nom
colocá;7;nr
ameaçar;7;ver
indignados;7;adj
amoroso;7;adj
diária;7;adj
dentes;7;nom
frágil;7;adj
realiza;7;ver
púlpito;7;nom
praças;7;nom
organizada;7;ver
amedrontar;7;ver
fortaleceu;7;ver
rol;7;nom
acusaram;7;ver
movimenta;7;ver
gravata;7;nom
financiadores;7;nom
investido;7;ver
terei;7;ver_sup
raro;7;adj
roteiro;7;nom
ativamente;7;adv
anel;7;nom
ccj;7;nr
apreendidos;7;ver
premiações;7;nom
medicamento;7;nom
dobro;7;nom
imparcialidade;7;nom
frango;7;nom
alí;7;nr
empregado;7;nom
governou;7;ver
deixem;7;ver
encosta;7;nom
esperam;7;ver
dano;7;nom
olham;7;nom
demonstrado;7;ver
garanto;7;ver
escreva;7;ver
estende;7;ver
sacrificando;7;ver
z;7;nom_sup
contribuindo;7;ver
formos;7;ver_sup
hadad;7;nr
favelas;7;nom
homicídios;7;nom
classificação;7;nom
tacando;7;nr
gravação;7;nom
mandado;7;ver
papéis;7;nom
repetido;7;adj 
publicar;7;ver
biológica;7;adj
faltas;7;nom
relacionadas;7;adj
pi;7;nr
atleta;7;nom
fingir;7;ver
parados;7;adj
eternos;7;adj
convencido;7;adj
provado;7;ver
comemorou;7;ver
braga;7;nom
voo;7;nom
adélio;7;nom
margem;7;nom
acharam;7;ver
sobra;7;nom
trama;7;nom
corrupta;7;adj
faltava;7;ver
cortina;7;nom
dce;7;nr
2002;7;num
válida;7;adj
ocupado;7;adj
refrescar;7;ver
exigir;7;ver
trabalhamos;7;ver_sup
reuniu;7;ver
iam;7;ver_sup
volume;7;nom
pantanal;7;nom
aviãozinho;7;nom
descendo;7;ver
almeida;7;nom
chute;7;nom
riso;7;nom
2008;7;num
atuais;7;adj
petistas;7;adj
artificial;7;adj
trabalharam;7;ver_sup
prontamente;7;adv
concede;7;ver
acionou;7;ver
consideradas;7;ver
pingo;7;nom
tiram;7;ver
tapete;7;nom
aguentam;7;ver
encerro;7;ver
propina;7;nom
camboja;7;nom
mostraram;7;ver
automático;7;adj
imediato;7;adj
acreditaram;7;ver
ifood;7;nr
empreendedor;7;nom
vilão;7;adj
transexuais;7;adj
governante;7;nom
incomodando;7;ver
soltos;7;adj
abraça;7;ver
lobo;7;nom
realidades;7;nom
primordial;7;adj
questiona;7;ver
prego;7;nom
car;7;nr
tomem;7;ver
asilo;7;nom
federativos;7;adj
terço;7;adj_num
participei;7;ver
g20;7;nr
crucial;7;adj
look;7;nr
everything;7;nr
why;7;nr
cris;7;nom
homenagem;7;nom
comparecer;7;ver
composta;7;ver
consultoria;7;nom
aprofundar;7;ver
conclusões;7;nom
dispor;7;ver
hipótese;7;nom
estabelecendo;7;ver
empreitada;7;nom
alertar;7;ver
empenho;7;nom
violências;7;nom
garanta;7;ver
inicialmente;7;adv
saudáveis;7;adj
costumes;7;nom
aprendido;7;ver
imensa;7;adj
socioeconômicos;7;adj
cronograma;7;nom
exista;7;ver
determinadas;7;adj
intervir;7;ver
filtro;7;nom
positivos;7;adj
retire;7;ver
aberração;7;nom
perdidos;7;adj
cuide;7;ver
cenas;7;nom
biologia;7;nom
eficiência;7;nom
con;7;nr
elevado;7;adj
competências;7;nom
desiguais;7;adj
inep;7;nr
direcionado;7;ver
treinar;7;ver
divulgação;7;nom
premiado;7;ver
admiração;7;nom
trabalhava;7;ver_sup
nasceram;7;nom
modificando;7;ver
obstáculos;7;nom
implantado;7;ver
buscativa;7;nr
pontuar;7;ver
cruel;7;adj
impõe;7;ver
impactados;7;ver
antecederam;7;ver
compreendo;7;ver
sudeste;7;nom
junta;7;nom
cresça;7;ver
pontualmente;7;adv
alkem;7;nr
pessol;7;nr
tivéssemos;7;ver_sup
fazermos;7;ver_sup
polêmico;7;adj
repor;7;ver
democráticos;7;adj
haveria;7;ver_sup
sobrenaturais;7;adj
reunindo;7;ver
escutou;7;ver
unindo;7;ver
vocabulário;7;nom
desenvolvidos;7;adj
transformadas;7;ver
holanda;7;nom
iniciais;7;adj
palestrantes;7;nom
pequenininha;7;nr
legislativas;7;adj
costuma;7;ver
protegidos;7;ver
ênfase;7;nom
realizou;7;ver
oliveira;7;nom
complexidade;7;nom
dadas;7;ver
ocorre;7;ver
habilidade;7;nom
ciências;7;nom
visitando;7;ver
mencionou;7;ver
considerações;7;nom
contém;7;ver
pararam;7;ver
salto;7;nom
interagir;7;ver
licitação;7;nom
modelos;7;nom
aposto;7;ver
pensem;7;ver
desabafo;7;nom
períodos;7;nom
mãozinha;7;nom
u;7;nom_sup
embaixada;7;nom
campinas;7;nom
achado;7;ver
concorrer;7;ver
dificilmente;7;adv
admite;7;ver
condenações;7;nom
bandidagem;7;nr
mantenha;7;ver
eletrônico;7;adj
munições;7;nom
beira;7;nom
ferro;7;nom
dess;7;nr
árvores;7;nom
taradão;7;nr
roupas;7;nom
tocantins;7;nom
piauí;7;nom
acre;7;nom
maia;7;nom
presídios;7;nom
embalagem;7;nom
martins;7;nom
esfriar;7;ver
caldo;7;nom
desgraçado;7;adj
lamentando;7;ver
desligar;7;ver
paris;7;nom
apelar;7;ver
perna;7;nom
deveres;7;nom
desigual;7;adj
viemos;7;ver
assustado;7;adj
dormindo;7;ver
vencedor;7;nom
servem;7;ver
confortar;7;ver
alegres;7;adj
consolar;7;ver
alívio;7;nom
celestiais;7;adj
mardoqueu;7;nr
descrever;7;ver
ad;7;nr
intelectualmente;7;adv
embate;7;nom
mandem;7;ver
marlene;7;nom
voltará;7;ver
perfeição;7;nom
enfermo;7;adj
imperfeitos;7;adj
pregam;7;ver
fluir;7;ver
aviva;7;ver
atacam;7;ver
mete;7;ver
americanas;7;adj
produtividade;7;nom
executar;7;ver
firmeza;7;nom
rotina;7;nom
cegos;7;adj
roberto;7;nom
curando;7;ver
tocado;7;ver
instabilidade;7;nom
cauterizada;7;adj
suave;7;adj
vivas;7;adj
brilhar;7;ver
trará;7;ver
clamado;7;ver
mandamento;7;nom
isa;7;nom
divórcio;7;nom
casamentos;7;nom
isaque;7;nr
pms;7;nr
despertando;7;nom
pilar;7;nom
profundidade;7;nom
visualizar;7;ver
dedicando;7;ver
talentos;7;nom
salvos;7;adv
habitar;7;ver
engenheiro;7;nom
egoísmo;7;nom
destruídos;7;ver
incondicional;7;adj
alcançadas;7;adj
culpar;7;ver
salve;7;ver
tornaram;7;ver
choveu;7;ver
terríveis;7;adj
discernimento;7;nom
embates;7;nom
convertendo;7;ver
intercedemos;7;nr
planejou;7;ver
montanha;7;nom
pesos;7;nom
ligo;7;ver
criativo;7;adj
posicionei;7;ver
ton;7;nr
eva;7;nom
achará;7;ver
busque;7;ver
crentes;7;nom
louca;7;adj
esposas;7;nom
moveu;7;ver
estaríamos;7;ver_sup
arrependeu;7;ver
sentados;7;adj
caiam;7;ver
nadar;7;ver
caça;7;nom
curadas;7;adj
preparei;7;ver
estabeleceu;7;ver
planejado;7;ver
lhes;7;pro_per
inspirar;7;ver
medita;7;ver
fecho;7;nom
recebo;7;ver
misericórdias;7;nom
emendar;7;ver
abalar;7;ver
guardará;7;ver
fama;7;nom
sentou;7;ver
samuel;7;nom
lições;7;nom
troquei;7;ver
repita;7;ver
curados;7;adj
baixos;7;adj
desejamos;7;ver
180;7;num
caíram;7;ver
gravou;7;ver
cadeiras;7;nom
entregamos;7;ver
flui;7;ver
camadas;7;nom
apaixonada;7;adj
levantada;7;ver
manifestam;7;ver
manifestou;7;ver
despertar;7;nom
espíritos;7;nom
empreendedores;7;nom
vigia;7;ver
bandeirinha;7;nom
aponta;7;ver_sup
esquecido;7;adj
preparada;7;adj
acompanhava;7;ver
modos;7;nom
clame;7;ver
idilvan;7;nr
tento;7;ver_sup
violentos;7;adj
aprovando;7;ver
delicado;7;adj
busco;7;ver
agressiva;7;adj
acatado;7;ver
estímulo;7;nom
metal;7;nom
pacífico;7;adj
pluralidade;7;nom
incluso;7;ver
voltadas;7;adj
infoleg;7;nr
iniciada;7;ver_sup
padres;7;nom
reginaldo;7;nom
rito;7;nom
necessita;7;ver
cana;7;nom
listas;7;ver
kim;7;nom
150;7;num
ingresso;7;nom
lançados;7;ver
montar;7;ver
grau;7;nom
defendi;7;ver
adequar;7;ver
compreendem;7;ver
ofender;7;ver
triângulo;7;nom
nicole;7;nom
ativos;7;adj
vitor;7;nom
voluntários;7;adj
pics;7;nr
cansados;7;adj
mando;7;nom
proponho;7;ver
balbúrdia;7;nom
subscrevo;7;ver
duec;7;nr
acordos;7;nom
trabalhadoras;7;adj
facilmente;7;adv
modalidade;7;nom
contraturno;7;nr
cloroquina;7;nr
privatização;7;nom
desistiram;7;ver
aproveita;7;ver
réu;7;nom
anexo;7;adj
fundos;7;nom
df;7;nr
educador;7;nom
peixes;7;nom
genérico;7;adj
boneco;7;nom
sentidos;7;nom
tentativas;7;nom
talento;7;nom
europeu;7;adj
entrevistado;7;ver
reprovado;7;adj
regulatório;7;nr
solicitando;7;ver
mapa;7;nom
danado;7;adj
cachaça;7;nom
traiu;7;ver
garantias;7;nom
autismo;7;nom
africanos;7;adj
campeão;7;nom
2009;7;num
indevidamente;7;adv
xuxa;7;nom
áudios;7;nom
intermédio;7;nom
convide;7;ver
correlação;7;nom
atribuído;7;ver
ofendido;7;adj
caratismo;7;nr
compartilhou;7;ver
histeria;7;nom
alianças;7;nom
animado;7;adj
pronomes;7;nom
reter;7;ver
reta;7;adj
planejando;7;ver
disponibilizado;7;ver
retrocesso;7;nom
ganhado;7;ver
times;7;nom
chegava;7;ver
reputação;7;nom
01;7;num
oceano;7;nom
leonardo;7;nom
restrições;7;nom
tumulto;7;nom
helicóptero;7;nom
proletariado;7;nom
completou;7;ver
apologia;7;nom
did;7;nr
cresceu;7;ver
priscila;7;nom
garota;7;nom
climática;7;adj
lgbtqia;7;nr
chinês;7;adj
chopp;7;nr
russo;7;nom
souber;7;ver_sup
ativado;7;ver
respondo;7;ver
pelotão;7;nom
atrelado;7;ver
hulk;7;nr
virgem;7;adj
flua;7;ver
álcool;7;nom
enchendo;7;ver
visite;7;ver
afim;7;adj
videira;7;nom
moramos;7;ver
consagrei;7;ver
ressuscita;7;ver
expulsa;7;ver
lotados;7;adj
varanda;7;nom
sólido;7;adj
pregava;7;ver
casta;7;adj
parava;7;ver
guedes;7;nom
zoar;7;ver
rock;7;nom
desaparece;7;ver
excelentes;7;adj
coaching;7;nr
vinte;7;adj_num
james;7;nom
rebeca;7;nom
suplicar;7;ver
confundir;7;ver
alimentando;7;ver
orem;7;ver
surdo;7;adj
oms;7;nr
desprezar;7;ver
explodiu;7;ver
álvaro;7;nom
latino;7;adj
pesquise;7;ver
moravianos;7;nr
viajei;7;ver
bronquite;7;nom
vendas;7;nom
brigou;7;ver
corresponde;7;ver
agressor;7;nom
imposições;7;nom
degradação;7;nom
vila;7;nom
pudim;7;nom
alckmin;7;nom
indeciso;7;adj
amiguinho;7;nom
galo;7;nom
tripé;7;nom
símbolos;7;nom
doer;7;ver
lavo;7;ver
soljenítsin;7;nr
pan;7;nom
traição;7;nom
cinquenta;7;adj_num
milita;7;adj
sacou;7;ver
louvarei;7;ver
xadrez;7;nom
k;6;nom_sup
roubaram;6;ver
ultrapassou;6;ver
divulga;6;ver
ead;6;nr
malas;6;nom
condenadas;6;ver
estatal;6;adj
árabe;6;adj
lascou;6;ver
calada;6;adj
tweet;6;nr
confundindo;6;ver
atestar;6;ver
odebrecht;6;nom
lascado;6;ver
relógio;6;nom
videozinhos;6;nr
moralmente;6;adv
mínimos;6;adj
descarada;6;adj
popularidade;6;nom
reprovação;6;nom
recuar;6;ver
palpável;6;adj
mentirosos;6;nom
desembargador;6;nom
instância;6;nom
judiciais;6;adj
levei;6;ver
institucional;6;adj
administrativas;6;adj
furto;6;nom
roubados;6;ver
operar;6;ver
criam;6;ver
limitar;6;ver
aplaudir;6;ver
diretriz;6;nom
votarem;6;ver
incompetência;6;nom
umbigo;6;nom
leviano;6;adj
papa;6;nom
desesperançoso;6;nr
born;6;nom
up;6;nr
speak;6;nr
words;6;nr
control;6;nr
another;6;nr
years;6;nr
then;6;nr
never;6;nr
into;6;nr
force;6;ver
territorial;6;adj
much;6;nr
obrigar;6;ver
bujão;6;nom
vulneráveis;6;adj
incapazes;6;adj
carentes;6;adj
avisando;6;ver
decência;6;nom
assassinado;6;ver
indivíduos;6;nom
programação;6;nom
colégios;6;nom
reflita;6;ver
programado;6;ver
animais;6;nom
russa;6;nom
oficiais;6;adj
assassinadas;6;ver
paredão;6;nom
seguiu;6;ver
contrapartida;6;nom
defenda;6;ver
dominado;6;ver
proclamar;6;ver
apedrejado;6;adj
pregou;6;ver
pautados;6;ver
pregações;6;nom
covardes;6;adj
ateu;6;adj
preços;6;nom
boi;6;nom
elite;6;nom
favores;6;nom
bilionário;6;adj
ultrapassa;6;ver
moderna;6;adj
exclusiva;6;adj
comia;6;ver
sustentando;6;ver
innegável;6;nr
algodão;6;nom
roubadas;6;adj
brigando;6;ver
começarmos;6;ver
decidido;6;adj
anota;6;ver
ligam;6;ver
transtorno;6;nom
viraram;6;ver
isenta;6;ver
diárias;6;adj
enchentes;6;nom
aumentado;6;ver
preferem;6;ver
semelhança;6;nom
avisou;6;ver
grandioso;6;adj
magro;6;adj
decidindo;6;ver
cemitério;6;nom
monocráticas;6;adj
emissora;6;nom
fundada;6;adj
fere;6;ver
afeto;6;nom
satisfeito;6;adj
excepcional;6;adj
reestruturação;6;nom
alinhado;6;ver
por1;6;nr
cálculo;6;nom
patrão;6;nom
horários;6;nom
pague;6;ver
pum;6;nom
discutida;6;ver
envolvidas;6;adj
barata;6;adj
miserável;6;adj
ignorante;6;adj
ajoelhar;6;ver
travando;6;ver
ânimo;6;nom
tratou;6;ver
64;6;num
isolada;6;adj
resolvido;6;adj
inevitável;6;adj
sinalização;6;nom
causou;6;ver
despeito;6;nom
viajo;6;ver
idades;6;nom
virtuosas;6;adj
paulinho;6;nom
dó;6;nom
dúzia;6;nom
façamos;6;ver_sup
curtos;6;adj
pornográfico;6;adj
provisão;6;nom
marinha;6;adj
instituir;6;ver
atuando;6;ver
tavam;6;nr
reagindo;6;ver
repressão;6;nom
privilegiado;6;adj
consultar;6;ver
publicados;6;ver
sentimos;6;ver
concordou;6;ver
54;6;num
menstruar;6;ver
olimpíadas;6;nom
vantagens;6;nom
complexas;6;adj
elo;6;nom
isolado;6;adj
maioridade;6;nom
responsabilização;6;nom
argumentação;6;nom
provocando;6;ver
provocações;6;nom
escalar;6;adj
cega;6;adj
tratava;6;ver
intenções;6;nom
pedreiro;6;nom
tesoureiro;6;nom
apagar;6;ver
emitiu;6;ver
lutava;6;ver
respeitam;6;ver
recebidos;6;ver
exemplar;6;adj
reflete;6;ver
suécia;6;nom
treinamento;6;nom
pachorra;6;nom
gilmar;6;nom
atacada;6;ver
guia;6;nom
sustentam;6;ver
tcu;6;nr
apresentada;6;adj
benedito;6;nom
demorado;6;adj
bi;6;nom
vergonhosa;6;adj
avaliada;6;ver
barroso;6;nom
narcotráfico;6;nom
pilha;6;nom
lenin;6;nom
baixinho;6;adj
caçando;6;ver
previdência;6;nom
mandam;6;ver
mira;6;nom
passasse;6;ver
explicado;6;ver
careca;6;adj
surpreso;6;adj
divide;6;ver
fumando;6;ver
exigindo;6;ver
mandaram;6;ver
condutas;6;nom
subestimo;6;nr
conseguisse;6;ver
patru;6;nr
debochado;6;adj
golias;6;nom
flechas;6;nom
instituiu;6;ver
would;6;nr
each;6;nr
let;6;nr
see;6;nr
change;6;nr
person;6;nr
going;6;nr
sons;6;nom
noss;6;nr
cr;6;nr
concedo;6;ver
insistir;6;ver
criadas;6;ver
previstas;6;ver
colocarmos;6;ver
informo;6;ver
porventura;6;adv
rj;6;nr
cfet;6;nr
acompanho;6;ver
anseio;6;nom
belmonte;6;nom
prevista;6;ver
incentivos;6;nom
estruturação;6;nom
compartilhamento;6;nom
taquigráficas;6;adj
moralista;6;adj
centrais;6;adj
autoritário;6;adj
sexualização;6;nr
turismo;6;nom
caricata;6;adj
término;6;nom
legislatura;6;nom
fazê;6;nr
sacrifica;6;ver
sego;6;ver
dialoga;6;ver
citada;6;adj
atores;6;nom
cujas;6;pre
licenças;6;nom
excluir;6;ver
comparativo;6;adj
obrigando;6;ver
equilibrada;6;adj
sentia;6;ver
lidice;6;nr
retirando;6;ver
guimarães;6;nom
contextos;6;nom
aprofunda;6;ver
individualmente;6;adv
dedicou;6;ver
censo;6;nom
muitíssimo;6;adv
sugiro;6;ver
pesso;6;nr
usamos;6;ver_sup
suspender;6;ver
ga;6;nr
ganharam;6;ver
direitinho;6;nom
cartaz;6;nom
formados;6;ver
priorizar;6;ver
embasamento;6;nom
desejos;6;nom
semestre;6;nom
laços;6;nom
poderemos;6;ver_sup
exigem;6;ver
consigam;6;ver
encerrando;6;ver
assento;6;nom
cecília;6;nom
atrasado;6;adj
parâmetros;6;nom
licenciatura;6;nom
especificidades;6;nom
fund;6;nr
biblioteca;6;nom
potência;6;nom
aprenderam;6;ver
essenciais;6;adj
jardim;6;nom
destaca;6;ver
interpretação;6;nom
irlanda;6;nom
mobilizou;6;ver
reforço;6;nom
considerada;6;ver
coleta;6;nom
terminando;6;ver
urgentes;6;adj
á;6;art_def
meditando;6;ver
eficazes;6;adj
contradições;6;nom
genética;6;nom
estabilidade;6;nom
sérios;6;adj
negativos;6;adj
estratégico;6;adj
alfabetizar;6;ver
elaborado;6;ver
responsabilizar;6;ver
levados;6;ver
intencionalmente;6;adv
eletrônicas;6;adj
salvou;6;ver
mari;6;nr
funcionário;6;nom
depredou;6;ver
desordem;6;nom
justos;6;adj
abandonada;6;adj
engler;6;nom
preocupe;6;ver
neves;6;nom
escondendo;6;ver
sorrindo;6;ver
promovendo;6;ver
departamento;6;nom
pequenininho;6;nr
imaginava;6;ver
hacker;6;nom
contratado;6;ver
adulta;6;adj
esquecidas;6;adj
comício;6;nom
orelha;6;nom
take;6;nr
amarrado;6;ver
dente;6;nom
parecem;6;nom
genial;6;adj
duro;6;adj
esperei;6;ver
verificado;6;ver
criticando;6;ver
queem;6;nr
legs;6;nr
laranja;6;nom
criados;6;ver
passagens;6;nom
conecta;6;ver
encontrando;6;ver
tribulações;6;nom
adorarei;6;ver
catani;6;nr
conforte;6;ver
tristes;6;adj
juntando;6;ver
apelação;6;nom
vestes;6;nom
vestiu;6;ver
perecer;6;ver
correio;6;nom
privados;6;adj
creia;6;ver
complementares;6;adj
calote;6;nom
tias;6;nom
deuses;6;nom
purifica;6;ver
abraçando;6;ver
palavrão;6;nom
reúnem;6;ver
wilber;6;nr
disponibilidade;6;nom
mirabolantes;6;adj
contratação;6;nom
aconselha;6;ver
andam;6;nom
multiplica;6;ver
cabelos;6;nom
trazia;6;ver
amargura;6;nom
abundância;6;nom
queer;6;nr
apaixonadas;6;adj
prazeres;6;nom
louve;6;ver
fluirá;6;ver
serás;6;ver_sup
apaixonou;6;ver
comemoração;6;nom
tremenda;6;adj
dobrados;6;adj
pernambuco;6;nom
forjada;6;ver
ministramos;6;nr
capacitado;6;ver
estômago;6;nom
julgará;6;ver
desenvolvendo;6;ver
amizades;6;nom
tropa;6;nom
alinhamento;6;nom
91;6;num
vivermos;6;ver
anseios;6;nom
qualidades;6;nom
eternas;6;adj
noé;6;nr
asas;6;nom
padaria;6;nom
namoro;6;nom
bênçãos;6;nom
obrigados;6;ver
areia;6;nom
consola;6;nom
brevemente;6;adv
acontecerá;6;ver
enfrentaram;6;ver
persuasão;6;nom
plenitude;6;nom
tomo;6;ver
aceitado;6;ver
seríamos;6;ver_sup
completá;6;nr
pular;6;ver
passados;6;adj
borges;6;nom
empenhado;6;adj
conectados;6;ver
render;6;ver
repreendendo;6;ver
adquire;6;ver
apaga;6;ver
preguiça;6;nom
agrada;6;ver
edifica;6;ver
pergunte;6;ver
valoroso;6;adj
balada;6;nom
emblemática;6;adj
quaisquer;6;pro_ind
derrubadas;6;adj
blocks;6;nr
nego;6;adj
banca;6;nom
mantido;6;ver
primeo;6;nr
escolhida;6;ver
ajude;6;ver
pedacinho;6;nom
conheçam;6;ver
buscado;6;ver
opressão;6;nom
abriram;6;ver
combati;6;ver
terminei;6;ver
conservadoras;6;adj
moderado;6;adj
peixe;6;nom
iríamos;6;ver_sup
estuprar;6;ver
conectada;6;ver
dirigindo;6;ver
cadeirinha;6;nom
viração;6;nom
sarados;6;ver
inspira;6;ver
psicologicamente;6;adv
casamos;6;ver
abram;6;ver
teclado;6;nom
cantamos;6;ver
veremos;6;ver_sup
sarar;6;ver
serviremos;6;ver
cuidou;6;ver
lembramos;6;ver
caixinha;6;nom
indagação;6;nom
amas;6;ver
joel;6;nom
contaminar;6;ver
farão;6;ver_sup
doutrinas;6;nom
viviane;6;nom
2030;6;num
jordan;6;nom
ofertas;6;nom
ficavam;6;ver
calcutá;6;nom
avisado;6;ver
fundamento;6;nom
gravada;6;ver
dominando;6;ver
desgraça;6;nom
historinha;6;nom
sabes;6;ver_sup
organismo;6;nom
impeça;6;ver
hierarquia;6;nom
iss;6;nr
vigilantes;6;adj
vivenciar;6;ver
utilizados;6;ver
rural;6;adj
federativa;6;adj
passarei;6;ver
isolamento;6;nom
inclusivo;6;adj
flexibilização;6;nom
imediata;6;adj
cotidiano;6;adj
desligado;6;adj_sup
aguentando;6;ver
prof;6;nr
acompanhe;6;ver
transferir;6;ver
radicais;6;adj
viável;6;adj
exauriu;6;ver
vazia;6;adj
leram;6;ver
cer;6;nr
altera;6;ver
ped;6;nr
logicamente;6;adv
aluna;6;nom
equivocado;6;ver
exigência;6;nom
emergência;6;nom
composto;6;nom
açúcar;6;nom
lutaram;6;ver
sairia;6;ver
reduziu;6;ver
inscreveu;6;ver
esclarecido;6;adj
quai;6;nr
monteiro;6;nom
aumentamos;6;ver
ampliamos;6;ver
cont;6;nr
tabela;6;nom
lama;6;nom
colaborar;6;ver
deposita;6;ver
abandona;6;ver
cid;6;nom
decidimos;6;ver
automaticamente;6;adv
elegeram;6;ver
olhares;6;nom
distrações;6;nom
gabi;6;nr
separou;6;ver
reivindicar;6;ver
definições;6;nom
preocupadas;6;adj
intuito;6;nom
depositando;6;ver
fixo;6;adj
seletivo;6;adj
indigna;6;ver
arroz;6;nom
bloqueado;6;ver
sebastião;6;nom
gordola;6;nr
nomeado;6;ver
composição;6;nom
ironia;6;nom
testa;6;nom
úteis;6;adj
rejeitados;6;ver
abóbora;6;nom
poupar;6;ver
híbrido;6;adj
pedagógicas;6;adj
presenciais;6;adj
evitando;6;ver
precise;6;ver
acertos;6;nom
transmitir;6;ver
dotações;6;nom
choca;6;nom
antiracista;6;nr
fobia;6;nom
interessantes;6;adj
encaminhou;6;ver
votaremos;6;ver
micro;6;nom
dita;6;adj
funcionou;6;ver
conquistado;6;ver
tende;6;ver
anormal;6;adj
concordando;6;ver
russos;6;nom
noções;6;nom
andava;6;nom
infinitamente;6;adv
acerto;6;nom
avançando;6;ver
francês;6;adj
revogação;6;nom
aperta;6;ver
interrompido;6;ver
distribuídos;6;ver
mostre;6;ver
manifestando;6;ver
fátima;6;nom
decidirem;6;ver
vácuo;6;nom
transformaram;6;ver
un;6;nr
reproduz;6;ver
crítico;6;nom
democráticas;6;adj
apropria;6;ver
332;6;num
interpretado;6;ver
compensa;6;ver
iniciamos;6;ver_sup
pontifícia;6;adj
expectativas;6;nom
discriminação;6;nom
mário;6;nom
ocorreram;6;ver
sentença;6;nom
esquemas;6;nom
weber;6;nom
cardoso;6;nom
consagrar;6;ver
lancelote;6;nr
continuaram;6;ver
digitar;6;ver
descrição;6;nom
reto;6;adj
cal;6;nom
elane;6;nr
mantendo;6;ver
gastei;6;ver
impressionado;6;adj
constrangimento;6;nom
remanescentes;6;adj
atribuir;6;ver
emplacar;6;ver
síndrome;6;nom
devidas;6;adj
finalzinho;6;nom
dificultar;6;ver
ansiosa;6;adj
prendeu;6;ver
acreditem;6;ver
cansada;6;adj
preocupou;6;ver
entregues;6;ver
vacinar;6;ver
rolou;6;ver
filósofos;6;adj
aquino;6;nom
bizarra;6;adj
frouxa;6;adj
perversão;6;nom
informes;6;nom
english;6;nr
ignore;6;ver
light;6;nr
mcdonald;6;nom
grécia;6;nom
escrutínio;6;nom
record;6;nom
vigésimo;6;adj_num
surpreende;6;ver
besta;6;nom
fossemos;6;ver
dutra;6;nom
antecessor;6;nom
hackear;6;nr
imprimir;6;ver
mac;6;nr
amei;6;ver
silenciosa;6;adj
confronta;6;ver
amava;6;ver
print;6;nr
guerreiro;6;nom
escutam;6;ver
incomodar;6;ver
brunão;6;nr
abençoou;6;ver
primos;6;nom
pregado;6;ver
parábola;6;nom
trinta;6;adj_num
mestres;6;nom
gritos;6;nom
privacidade;6;nom
deita;6;ver
endemoniado;6;nr
emoção;6;nom
salmista;6;nom
mansa;6;adj
knox;6;nr
desliga;6;ver
deixava;6;ver
alegrar;6;ver
aluguel;6;nom
hayashi;6;nr
entreguei;6;ver
boate;6;nom
combatido;6;ver
colaterais;6;adj
rasgado;6;adj
tocava;6;ver
comentei;6;ver
rola;6;nom
sapato;6;nom
lavínia;6;nr
ofensas;6;nom
desesperadas;6;adj
bata;6;ver
urso;6;nom
decepção;6;nom
governando;6;ver
febre;6;nom
sopro;6;nom
cristian;6;nr
separação;6;nom
lopes;6;nom
sales;6;nom
externas;6;adj
everybody;6;nr
trabalhista;6;adj
cansadas;6;adj
pilatos;6;nom
emprestado;6;ver
2222;6;num
matavam;6;ver
mini;6;nom
flow;6;nr
liberados;6;ver
clube;6;nom
retrógrado;6;adj
anão;6;adj
irracionais;6;adj
surpreendido;6;adj
lutaremos;6;ver
fundado;6;adj
bhtrans;6;nr
scruton;6;nr
subversão;6;nom
higiênico;6;adj
trouxa;6;nom
culturalmente;6;adv
progressismo;6;nr
next;6;nr
cárcere;6;nom
goku;6;nr
emocionar;6;ver
regar;6;ver
galopa;6;ver
tim;6;nom
silence;6;nr
britânicos;6;adj
vagabundos;6;nom
copeiro;6;adj
direitas;6;nom
bond;6;nr
idosas;5;adj
votem;5;ver
norda;5;nr
prenderam;5;ver
iniciou;5;ver_sup
milionários;5;adj
parará;5;ver
caem;5;ver
impotente;5;adj
resolveria;5;ver
taxação;5;nom
ferindo;5;ver
apresentam;5;ver
elaborar;5;ver
surgir;5;ver
liberto;5;adj
atrelar;5;ver
gu;5;nr
lançada;5;ver
yeah;5;nr
chocou;5;ver
colegiado;5;adj
teses;5;nom
aplicando;5;ver
quebrada;5;adj
desviou;5;ver
queimada;5;adj
conveniência;5;nom
fronteira;5;nom
restrita;5;adj
corda;5;nom
àquilo;5;art_def
depositar;5;ver
limpo;5;adj
sobrar;5;ver
chegaria;5;ver
paute;5;ver
clezão;5;nr
defeat;5;nr
organizations;5;nr
longer;5;nr
challenge;5;nr
america;5;nr
number;5;nr
victims;5;nr
security;5;nr
way;5;nr
170;5;num
criminals;5;nr
goes;5;nr
73;5;num
war;5;nr
67;5;num
death;5;nr
too;5;nr
street;5;nr
such;5;nr
exists;5;nr
prison;5;nr
become;5;nr
used;5;nr
created;5;nr
message;5;nr
guys;5;nr
greatest;5;nr
released;5;nr
judiciary;5;nr
every;5;nr
walk;5;nr
remain;5;nr
decision;5;nr
said;5;nom
needs;5;nr
reclamam;5;ver
taxas;5;nom
botijão;5;nom
seco;5;adj
explicou;5;ver
esperto;5;adj
socialmente;5;adv
comemoraram;5;ver
revoltante;5;adj
concorde;5;ver
odiar;5;ver
rotular;5;ver
críticos;5;nom
kirk;5;nr
traidores;5;nom
descobriram;5;ver
siga;5;ver
case;5;ver
humilhado;5;adj
segui;5;ver
tirânico;5;adj
escondeu;5;ver
injustas;5;adj
colado;5;ver
continuaremos;5;ver
arrecadação;5;nom
desastre;5;nom
800;5;num
compras;5;nom
reeleição;5;nom
108;5;num
trava;5;nom
negam;5;ver
máscaras;5;nom
concordamos;5;ver
apontamentos;5;nom
recém;5;adv
apega;5;ver
queimaram;5;ver
derrubaram;5;ver
ferida;5;nom
leitos;5;nom
uberlândia;5;nom
beneficiado;5;ver
atletas;5;nom
pacientes;5;nom
voltemos;5;ver
voltasse;5;ver
cúmplices;5;nom
recesso;5;nom
incômodo;5;adj
sentiram;5;ver
prejudicada;5;adj
visitá;5;nr
negativo;5;adj
simões;5;nom
repercussão;5;nom
pagamentos;5;nom
sigilos;5;nom
secreta;5;adj
definida;5;ver
definindo;5;ver
enfrente;5;ver
sítio;5;nom
polêmicas;5;nom
islâmico;5;adj
éder;5;nom
márcia;5;nom
vendeu;5;ver
trate;5;ver
tratada;5;ver
saberá;5;ver_sup
prestes;5;adj
viúva;5;adj
títulos;5;nom
irregularidades;5;nom
ultrapassado;5;ver
mobilizar;5;ver
y;5;nom_sup
aval;5;nom
garantiu;5;ver
documentários;5;nom
episódios;5;nom
compreenda;5;ver
antidemocracia;5;nr
gravei;5;ver
repeti;5;ver
espalhando;5;ver
normativa;5;adj
movimentações;5;nom
viralizou;5;nr
francisco;5;nom
apreço;5;nom
desrespeitado;5;ver
voltas;5;nom
prende;5;ver
ferra;5;ver
ongs;5;nr
chances;5;nom
desapareceu;5;ver
atuou;5;ver
tese;5;nom
imbecis;5;adj
esgoto;5;nom
sis;5;pro_per
érica;5;nom
campeonato;5;nom
jones;5;nom
tinta;5;nom
tolerante;5;adj
engravidar;5;ver
hormônios;5;nom
vulnerável;5;adj
duplo;5;adj
paguei;5;ver
roubam;5;ver
normalizou;5;ver
pesquisada;5;ver
criminalmente;5;adv
consta;5;ver
sensibilizar;5;ver
prevaleça;5;ver
vencido;5;ver
church;5;nr
canibal;5;nom
outrora;5;adv
antidemocrático;5;adj
pipoqueiro;5;nom
pipoca;5;ver
botaram;5;ver
explodir;5;ver
curvar;5;ver
impediu;5;ver
ramagem;5;nom
presidiário;5;nom
avisa;5;ver
preventiva;5;adj
entrevistador;5;nom
jonas;5;nom
ong;5;nr
chinelo;5;nom
calça;5;nom
ligações;5;nom
truth;5;nr
hélio;5;nom
estudantis;5;adj
luxemburgo;5;nom
medíocre;5;adj
pis;5;nr
permaneceu;5;ver
contínua;5;adj
simbólico;5;adj
bloqueou;5;ver
assalto;5;nom
aumentaram;5;ver
falem;5;ver
boto;5;nom
zuco;5;nr
tomarem;5;ver
modificado;5;ver
irregular;5;adj
cgu;5;nr
tensão;5;nom
referiu;5;ver
despesa;5;nom
ganhasse;5;ver
raul;5;nom
farc;5;nr
ocasião;5;nom
interferiu;5;ver
cumpridas;5;ver
prezar;5;ver
provocação;5;nom
exaltam;5;ver
coitadinho;5;adj
desrespeita;5;ver
perseguiram;5;ver
vinham;5;ver
aposentado;5;nom
alkim;5;nr
alessandro;5;nom
revelou;5;ver
trocou;5;ver
indevido;5;adj
neles;5;pro_per
informal;5;adj
churrasco;5;nom
influenciam;5;ver
compreenderam;5;ver
4ro;5;nr
comentarista;5;nom
votada;5;ver
blindar;5;ver
amada;5;nom
amigão;5;nom
gang;5;nom
científico;5;adj
doutrinário;5;adj
caroline;5;nom
enormes;5;adj
colocasse;5;ver
tamaral;5;nr
diego;5;nom
garcia;5;nom
subestime;5;ver
conveniente;5;adj
procurado;5;ver
soltas;5;adj
cde;5;nr
seguido;5;adj
adicional;5;adj
aparato;5;nom
something;5;nr
foundation;5;nr
ide;5;ver_sup
comi;5;ver
ovos;5;nom
estimativa;5;nom
repassar;5;ver
futura;5;adj
carolina;5;nom
considerável;5;adj
deixará;5;ver
votarmos;5;ver
detalhamento;5;nom
formulação;5;nom
ressalva;5;nom
colocação;5;nom
apresentadas;5;ver
ordenamento;5;nom
concretos;5;adj
normalmente;5;adv
benéfico;5;adj
pares;5;nom
códigos;5;nom
reitora;5;nom
criston;5;nr
núcleo;5;nom
ii;5;nr
existiam;5;ver
atribuições;5;nom
lides;5;nom
falho;5;adj
ldb;5;nr
ospb;5;nr
violentadas;5;adj
localizar;5;ver
mat;5;nr
relacionado;5;ver
concepções;5;nom
avançamos;5;ver
estudado;5;ver
discutem;5;ver
sociológico;5;adj
discutidos;5;ver
democraticamente;5;adv
aprove;5;ver
voltava;5;ver
frequentam;5;ver
acessa;5;nr
praias;5;nom
ensinava;5;ver
presid;5;nr
desconstruir;5;ver
diferenciação;5;nom
negras;5;adj
dula;5;nr
salab;5;nr
afetar;5;ver
210;5;num
de2021;5;nr
contarem;5;ver
cujos;5;pre
desempenhos;5;nom
métrica;5;nom
sigo;5;ver
confere;5;ver
investidos;5;ver
dialogando;5;ver
rosinha;5;nom
ac;5;nr
comparando;5;ver
trataram;5;ver
93;5;num
exelência;5;nr
stj;5;nr
pedagogo;5;nom
frequentar;5;ver
carreiras;5;nom
históricas;5;adj
aderirem;5;ver
escol;5;nom
ouvia;5;ver
aderir;5;ver
proporcional;5;adj
expostas;5;ver
ajudam;5;ver
embasar;5;ver
botafogo;5;nom
camarada;5;nom
reforça;5;ver
ponderar;5;ver
observações;5;nom
conforta;5;ver
achamos;5;ver
absorver;5;ver
incorporar;5;ver
seguimos;5;ver
abstenção;5;nom
votados;5;ver
confuso;5;adj
fotografia;5;nom
emana;5;ver
desanimar;5;ver
suja;5;adj
maconheiro;5;nom
derrotamos;5;ver
profundos;5;adj
permitam;5;ver
esforços;5;nom
xx;5;nr
claros;5;adj
prorrogar;5;ver
atingidas;5;adj
parceiros;5;nom
avançou;5;ver
construímos;5;ver
formalmente;5;adv
tod;5;nr
compor;5;ver
temáticas;5;adj
atendida;5;ver
curriculares;5;adj
aparecia;5;ver
assumi;5;ver
aprendem;5;ver
ritmo;5;nom
priorizado;5;nr
emitir;5;ver
pears;5;nr
65;5;num
participantes;5;nom
capim;5;nom
aproximadamente;5;adv
socioeconômicas;5;adj
debatido;5;ver
homologação;5;nom
ligadas;5;adj
acolhe;5;ver
desconhecida;5;adj
virada;5;adj
expandir;5;ver
inter;5;nr
intervenções;5;nom
comportar;5;ver
familiaridade;5;nom
alternativas;5;nom
ap;5;nr
testar;5;ver
desenhar;5;ver
instituindo;5;ver
tranquilamente;5;adv
cartilha;5;nom
produzem;5;ver
capacitação;5;nom
tradução;5;nom
suspeita;5;nom
aranha;5;nom
democrata;5;nom
kg;5;nr
criatividade;5;nom
risos;5;nom
investiga;5;ver
casada;5;adj
absolvidos;5;adj
honestas;5;adj
retratar;5;ver
passageiros;5;adj
lixando;5;ver
prejudicados;5;adj
invasões;5;nom
prerrogativas;5;nom
presidiários;5;nom
puto;5;adj
amplia;5;ver
papagaio;5;nom
critica;5;ver
apoiador;5;adj
cantinho;5;nom
candidata;5;nom
vacinas;5;nom
misoginia;5;nr
pinto;5;nom
marcela;5;nom
acusou;5;ver
posicione;5;ver
ses;5;pro_per
círculos;5;nom
óo;5;nr
embaixador;5;nom
interrompida;5;ver
xy;5;nr
aproveitou;5;ver
beneficiam;5;ver
biológicas;5;adj
macho;5;nom
nascem;5;nom
cabeças;5;nom
afirmação;5;nom
binária;5;adj
assembleiano;5;nr
rodando;5;ver
estter;5;nr
baterista;5;nom
restaurada;5;adj
religiosidade;5;nom
corinho;5;nom
colocavam;5;ver
cânticos;5;nom
puxo;5;ver
conduzindo;5;ver
assassinada;5;ver
reinar;5;ver
travamos;5;ver
amã;5;nom
exponho;5;ver
pátio;5;nom
proféticos;5;adj
extraordinários;5;adj
creem;5;nr
encerramos;5;ver
transmitido;5;ver
vivam;5;ver
fugiu;5;ver
concessão;5;nom
krigner;5;nr
miami;5;nom
lanço;5;nom
inspiram;5;ver
doida;5;adj
rasga;5;ver
joinha;5;nom
sacerdotes;5;nom
kaká;5;nr
derrubando;5;ver
paralítico;5;adj
ídolos;5;nom
judas;5;nom
traduz;5;ver
notou;5;ver
horária;5;nom
quro;5;nr
humildes;5;adj
lockdown;5;nr
lema;5;nom
ganhe;5;ver
esclareci;5;ver
apaixonados;5;adj
batalhado;5;ver
ind;5;nr
pouquinhos;5;pro_ind
transformados;5;ver
guardando;5;ver
memórias;5;nom
chore;5;ver
terrenas;5;nom
fic;5;nr
louvando;5;ver
canalizar;5;ver
start;5;nr
escuros;5;adj
integração;5;nom
formamos;5;ver
mos;5;pro_per
ilusão;5;nom
feche;5;ver
grita;5;nom
humilha;5;ver
vitórias;5;nom
arrepio;5;nom
alelu;5;nr
chegavam;5;ver
estreita;5;adj
experimentaram;5;ver
rendemos;5;ver
tributamos;5;nr
faul;5;nr
cometa;5;nom
votam;5;ver
acerta;5;ver
manaus;5;nom
barro;5;nom
inspirado;5;ver
diferencial;5;adj
capitólio;5;nom
tero;5;nr
líquida;5;nom
desvalorizando;5;ver
crânio;5;nom
subestima;5;ver
mistério;5;nom
constantemente;5;adv
tenda;5;nom
orai;5;ver
necessitados;5;adj
apertado;5;adj
tropas;5;nom
ch;5;nr
escutado;5;ver
reclamação;5;nom
vinde;5;ver
revelações;5;nom
mia;5;ver
espetacular;5;adj
preferiu;5;ver
relata;5;ver
apoiadores;5;adj
tornam;5;ver
travada;5;ver
billy;5;nr
museus;5;nom
verão;5;nom
engana;5;ver
confiando;5;ver
sinceros;5;adj
convosco;5;pro_ind
cubra;5;ver
oratória;5;nom
acrescentados;5;ver
deixaria;5;ver
paralisado;5;adj
temem;5;ver
mike;5;nom
elan;5;nr
batata;5;nom
representada;5;ver
enfermidades;5;nom
pío;5;nr
simão;5;nom
valioso;5;adj
considerou;5;ver
navio;5;nom
assenta;5;ver
constrangida;5;adj
latente;5;adj
namorar;5;ver
uhum;5;nr
levantarem;5;ver
quebrados;5;adj
abrem;5;ver
engenharia;5;nom
entregaram;5;ver
diálogos;5;nom
cabulosos;5;nr
legítima;5;adj
guiado;5;ver
troco;5;nom
livramento;5;nom
calúnia;5;nom
carregado;5;adj
inverte;5;ver
dignas;5;adj
conexões;5;nom
network;5;nr
buscamos;5;ver
bíblicas;5;adj
clamo;5;ver
guardei;5;ver
transformações;5;nom
manchester;5;nom
beckham;5;nr
gêmeas;5;adj
saulo;5;nom
exercendo;5;ver
moderação;5;nom
viverá;5;ver
somando;5;ver
participa;5;ver
determinou;5;ver
sujeira;5;nom
validade;5;nom
imitar;5;ver
prostrado;5;ver
perguntava;5;ver
flores;5;nom
precisei;5;ver
best;5;nr
drogado;5;nom
lemos;5;ver
batizou;5;ver
demonstrando;5;ver
namorado;5;nom
passem;5;ver
executa;5;ver
batizado;5;ver
desânimo;5;nom
quebradas;5;adj
infinito;5;adj
adorá;5;nr
atrasada;5;adj
levada;5;ver
entenderem;5;ver
posicionarem;5;ver
engane;5;ver
consagração;5;nom
demoníaca;5;adj
valoriza;5;ver
convidou;5;ver
impactou;5;ver
entendia;5;ver
madre;5;nom
condenou;5;ver
salomão;5;nom
abandonadas;5;adj
depósito;5;nom
farinha;5;nom
lúcio;5;nom
aflições;5;nom
lote;5;nom
inventando;5;ver
frustrar;5;ver
sil;5;nr
cobram;5;ver
reconheça;5;ver
buscou;5;ver
condomínios;5;nom
ameaçados;5;ver
canziani;5;nr
atentados;5;nom
disser;5;ver_sup
pulo;5;nom
favorecer;5;ver
percebam;5;ver
problemática;5;adj
objetivamente;5;adv
seriamente;5;adv
estimulando;5;ver
178;5;num
despreparo;5;nom
conscientização;5;nom
afetada;5;adj
contundente;5;adj
ineficiência;5;nom
vejamos;5;ver_sup
vereadoras;5;nom
defendidos;5;adj
cívic;5;nr
ri;5;ver
confirmado;5;ver
complementação;5;nom
esclarecendo;5;ver
obstáculo;5;nom
cumprimentando;5;ver
escárnio;5;nom
lamentar;5;ver
97;5;num
praticada;5;ver
nominalmente;5;adv
praticam;5;ver
verbal;5;adj
bancadas;5;nom
esclareça;5;ver
contempla;5;ver
ferreirinha;5;nr
alberto;5;nom
gregório;5;nom
caps;5;nr
fileira;5;nom
darem;5;ver
lâmina;5;nom
eja;5;nr
paralisadas;5;adj
demos;5;nom
teram;5;nr
multifuncionais;5;adj
reajustamos;5;nr
unificado;5;adj
estratégicos;5;adj
repassamos;5;ver
900;5;num
5g;5;nr
anteontem;5;adv
115;5;num
estendido;5;adj
retomo;5;ver
trato;5;nom
desvalorizada;5;ver
emocionei;5;ver
procuramos;5;ver
encerra;5;ver
convenção;5;nom
divididas;5;ver
itinerários;5;nom
serenidade;5;nom
tramitando;5;ver
republicana;5;adj
adiantou;5;ver
subsequente;5;adj
mictório;5;nr
atentar;5;ver
visibilidade;5;nom
transmitida;5;ver
bacanas;5;adj
acalentar;5;ver
mataria;5;ver
caminhão;5;nom
prerrogativa;5;nom
monarque;5;nr
cleitinho;5;nr
sorrisinho;5;nom
andes;5;nom
nísia;5;nom
assinatura;5;nom
encarecidamente;5;adv
responsabilizados;5;ver
invadirem;5;ver
legitimamente;5;adv
dandara;5;nr
frequentemente;5;adv
criterioso;5;adj
suficientes;5;adj
julgada;5;ver
autorizar;5;ver
integradas;5;ver
correrão;5;ver
condicionamento;5;nom
registra;5;ver
atila;5;ver
vanessa;5;nom
aplicada;5;adj
campus;5;nom
desqualificar;5;ver
citação;5;nom
proselitismo;5;nom
formam;5;ver
contágio;5;nom
superdotação;5;nr
bnds;5;nr
procede;5;ver
ensejo;5;nom
protestos;5;nom
eleva;5;ver
caladinho;5;adj
urna;5;nom
condeno;5;ver
referir;5;ver
proceder;5;ver
impedido;5;ver
transexual;5;adj
arrependo;5;ver
senha;5;nom
espetáculo;5;nom
atrito;5;nom
excelências;5;pro_ind
literários;5;adj
juros;5;nom
investiu;5;ver
respeitou;5;ver
defasagem;5;nom
implantação;5;nom
reconhecendo;5;ver
especializada;5;ver
oportunismo;5;nom
precarização;5;nr
atingindo;5;ver
pac;5;nr
piloto;5;nom
olhado;5;nom
remédios;5;nom
completando;5;ver
fogueira;5;nom
mistura;5;nom
representado;5;ver
proponente;5;nom
carregando;5;ver
arranca;5;ver
patriarcado;5;nom
preocupante;5;adj
demonizar;5;nr
preocupando;5;ver
intelecto;5;nom
imorais;5;adj
pomba;5;nom
sensacionais;5;adj
antepassados;5;nom
complicada;5;adj
visual;5;adj
ajudá;5;nr
pipa;5;nom
alavancar;5;nr
carteirinha;5;nom
tiramos;5;ver
convivência;5;nom
equilibrado;5;adj
refere;5;ver
contestar;5;ver
contradizer;5;ver
explique;5;ver
abílio;5;nom
finalizado;5;ver
intolerantes;5;adj
grávidas;5;adj
ginástica;5;nom
fontes;5;nom
visitas;5;nom
nutrição;5;nom
vingar;5;ver
aglomerado;5;nom
arrumar;5;ver
prático;5;adj
moldes;5;nom
tomasse;5;ver
es;5;ver_sup
filmou;5;ver
institucionalizada;5;ver
jogada;5;nom
terceirizar;5;nr
pablo;5;nom
jean;5;nom
checklist;5;nr
engajada;5;adj
dicas;5;nom
sorteio;5;nom
retrospectiva;5;adj
aparente;5;adj
cantei;5;ver
mercadante;5;nom
aprofundado;5;adj
nicola;5;nom
opõe;5;ver
gotas;5;nom
semelhantes;5;adj
iandra;5;nr
transposição;5;nom
executora;5;nom
suplementares;5;adj
apresento;5;ver
corretas;5;adj
aguardo;5;ver
crônica;5;adj
vestiários;5;nom
abismo;5;nom
juíza;5;nom
lutador;5;nom
encarcerado;5;ver
gota;5;nom
likes;5;nr
caramelo;5;nom
cuspir;5;ver
lutei;5;ver
biografia;5;nom
cleriston;5;nr
genocidas;5;nr
escondem;5;ver
violentas;5;adj
contatos;5;nom
capilaridade;5;nom
começarem;5;ver
exatos;5;adj
vera;5;nom
interlocutor;5;nom
agradeceu;5;ver
joseph;5;nom
literária;5;adj
convencimento;5;nom
vingadores;5;adj
cancelou;5;ver
perigos;5;nom
individuais;5;adj
greta;5;nom
cancelando;5;ver
tomados;5;ver
cubanos;5;adj
escroto;5;nom
entrevistar;5;ver
adentrar;5;ver
vasco;5;nom
corredor;5;nom
prevalecerá;5;ver
formou;5;ver
informado;5;ver
recepcionando;5;ver
recepção;5;nom
trancado;5;ver
amante;5;nom
dinheirinho;5;nom
zoom;5;nom
índio;5;nom
npc;5;nr
ocidente;5;nom
trazem;5;ver
engole;5;ver
provocador;5;adj
supostamente;5;adv
contendo;5;ver
imoral;5;adj
rap;5;adj
afirmando;5;ver
castelo;5;nom
convocações;5;nom
matança;5;nom
jobs;5;nr
capelli;5;nr
puxou;5;ver
telemático;5;nr
lançaram;5;ver
escrúpulos;5;nom
vlog;5;nr
propagandas;5;nom
edificar;5;ver
consumiu;5;ver
consumir;5;ver
cuidados;5;nom
escritor;5;nom
maluca;5;adj
incessantemente;5;adv
graham;5;nr
transgênero;5;nr
berço;5;nom
morava;5;ver
miojo;5;nr
fraca;5;adj
edificado;5;ver
anotar;5;ver
sensuais;5;adj
brinde;5;nom
gostava;5;ver
andei;5;nom
vivia;5;ver
pães;5;nom
perdoado;5;ver
funcionava;5;ver
brigas;5;nom
apostólica;5;adj
prevalecerão;5;ver
incomodou;5;ver
peca;5;ver
karl;5;nom
rebelde;5;adj
conecte;5;ver
luana;5;nom
subestimando;5;ver
lagoinha;5;nom
conserva;5;ver
morro;5;nom
libertinagem;5;nom
adúltero;5;adj
encargo;5;nom
machucar;5;ver
macro;5;nom
crucifixo;5;nom
ânus;5;nom
deixada;5;ver
infiltrar;5;ver
tênis;5;nom
valorosos;5;adj
noites;5;nom
decisiva;5;adj
itaquera;5;nom
venderam;5;ver
espinho;5;nom
bati;5;ver
ultrassom;5;nr
represa;5;nom
fomentar;5;ver
algoritmo;5;nom
importou;5;ver
redimir;5;ver
glorifico;5;nr
condicional;5;adj
vícios;5;nom
frustrada;5;adj
continuarei;5;ver
ruge;5;nom
programada;5;ver
explode;5;ver
deleites;5;nom
taxista;5;nom
wants;5;nr
marxismo;5;nom
erramos;5;ver
apurado;5;adj
divulgaram;5;ver
quilos;5;nom
bonitinha;5;adj
cansaço;5;nom
feedback;5;nom
datena;5;nr
entrevistando;5;ver
morango;5;nom
nervosa;5;adj
dane;5;ver
chamaram;5;ver
jornalismo;5;nom
molotov;5;nr
macacos;5;nom
priscilla;5;nr
honduras;5;nom
descubra;5;ver
trancar;5;ver
maquinário;5;nom
godoy;5;nom
procurador;5;nom
coxa;5;nom
bananas;5;nom
mortadela;5;nom
usuário;5;nom
molecular;5;adj
pontinha;5;nom
bebendo;5;ver
cicatriz;5;nom
vacinado;5;ver
gargamel;5;nr
nobreza;5;nom
applause;5;nr
proveito;5;nom
karol;5;nr
conká;5;nr
literatura;5;nom
robôs;5;nom
break;5;nr
compilado;5;ver
milho;5;nom
infiltração;5;nom
demitiu;5;ver
quinze;5;adj_num
frete;5;nom
autocrítica;5;nom
progressivo;5;adj
comercial;5;adj
sexualizar;5;nr
funkeiros;5;nr
ninja;5;nr
soros;5;nom
boy;5;nom
cio;5;nom
anita;5;nom
iniquidade;5;nom
sobressair;5;ver
converte;5;ver
citizens;5;nr
spur;5;nr
bloquear;5;ver
demitida;5;ver
quinlan;5;nr
criteriosos;5;adj
tutelar;5;adj
forno;5;nom
alba;5;nom
linhagem;5;nom
restaurado;4;ver
lapada;4;nom
desfile;4;nom
arquivado;4;ver
tofre;4;nr
terceirize;4;nr
rega;4;nom
orgulha;4;ver
doação;4;nom
sintam;4;ver
magnitsk;4;nr
recapitular;4;ver
peru;4;nom
zelar;4;ver
rui;4;ver
choram;4;ver
improváveis;4;adj
cansar;4;ver
desgastando;4;ver
colou;4;ver
zerar;4;nr
cargas;4;nom
bárbaros;4;adj
afastamento;4;nom
juridicamente;4;adv
normalização;4;nom
ando;4;nom
católicos;4;adj
estrelas;4;nom
pacificamente;4;adv
jorrar;4;ver
incessante;4;adj
ingenuidade;4;nom
candidatei;4;ver
interferindo;4;ver
penúltimo;4;adj
respeitoso;4;adj
lamaçal;4;nom
canalhas;4;nom
congressman;4;nr
robert;4;nom
ladies;4;nom
gentlemen;4;nr
name;4;nr
nicholas;4;nom
christian;4;nom
before;4;nr
voted;4;nr
city;4;nom
nation;4;nr
population;4;nr
influence;4;nr
latin;4;nr
according;4;nr
children;4;nr
again;4;nr
education;4;nr
killed;4;nr
murdered;4;nr
women;4;nr
protect;4;nr
returned;4;nr
126;4;num
190;4;num
gaza;4;nom
also;4;nr
49;4;num
happening;4;nom
judges;4;nr
2005;4;num
operation;4;nr
together;4;nr
little;4;nr
four;4;nom
doesn;4;nr
history;4;nr
corruption;4;nr
should;4;nr
parliamentary;4;nr
exist;4;nr
cannot;4;nr
action;4;nr
itself;4;nr
cases;4;ver
censorship;4;nr
160;4;num
lago;4;nom
82;4;num
munição;4;nom
coitado;4;adj
ameaçado;4;ver
praticou;4;ver
justificativas;4;adj
mereça;4;ver
taxados;4;ver
confrontar;4;ver
limita;4;ver
verme;4;nom
cartazes;4;nom
demitir;4;ver
retórica;4;adj
cordeiros;4;nom
manso;4;adj
expulsou;4;ver
negociou;4;ver
estevão;4;nom
cegueira;4;nom
disputas;4;nom
teológica;4;adj
alcol;4;nr
columbri;4;nr
soberana;4;adj
pujante;4;adj
dominou;4;ver
noruega;4;nom
taxando;4;ver
fábricas;4;nom
competitividade;4;nom
orgulhoso;4;adj
sugeriu;4;ver
lucro;4;nom
63;4;num
jantar;4;nom
almoçando;4;ver
continuarem;4;ver
raízes;4;nom
perdoou;4;ver
desafiar;4;ver
piadas;4;nom
representou;4;ver
sustentou;4;ver
torturadores;4;adj
rubens;4;nom
pacificar;4;ver
fatídico;4;adj
insensível;4;adj
vendedor;4;nom
inseto;4;nom
cagar;4;ver
depredaram;4;ver
narcotraficante;4;nom
recebia;4;ver
memes;4;nr
desenhos;4;nom
derrotada;4;ver
integralmente;4;adv
revanchismo;4;nom
humanitária;4;adj
trabalhei;4;ver_sup
especializado;4;adj
reformar;4;ver
cl;4;nr
enviamos;4;ver
compartilhei;4;ver
marcola;4;nr
puderam;4;ver_sup
oculta;4;adj
elevar;4;ver
desistiu;4;ver
desrespeitadas;4;ver
decorrente;4;adj
interna;4;adj
impit;4;nr
retomando;4;ver
prioritárias;4;adj
empregador;4;nom
matemático;4;nom
socioeconômico;4;adj
trabalhadas;4;ver_sup
oprimir;4;ver
corporativo;4;adj
patente;4;nom
vorcaro;4;nr
lewandowski;4;nr
multas;4;nom
bancando;4;ver
investigador;4;nom
rebaixa;4;ver
definem;4;ver
tocam;4;ver
columb;4;nr
tolerar;4;ver
divulgados;4;ver
indenizar;4;ver
conclamo;4;ver
emocionado;4;adj
serena;4;adj
tomam;4;ver
desviado;4;ver
pisar;4;ver
esperem;4;ver
indulto;4;nom
responderam;4;ver
fe;4;nr
distraído;4;adj
disfarçado;4;adj
escancarado;4;adj
pal;4;nr
insulina;4;nom
contrapeso;4;nom
desmoralizado;4;adj
persegue;4;ver
arrotam;4;ver
prepararam;4;ver
blindados;4;adj
lírios;4;nom
morrido;4;ver
wagner;4;nom
cabal;4;adj
dominada;4;ver
óbito;4;nom
vazado;4;ver
proibia;4;ver
fetal;4;adj
revogar;4;ver
questionou;4;ver
cúpula;4;nom
frei;4;nom
remover;4;ver
erica;4;nr
garotinho;4;nom
basquete;4;nom
descarta;4;ver
raríssimas;4;adj
duras;4;adj
patrulhamento;4;nom
generalizar;4;ver
traumas;4;nom
mails;4;nr
passivo;4;adj
requerendo;4;ver
clemência;4;nom
blindado;4;adj
menti;4;ver
conduziu;4;ver
reduzido;4;adj
largos;4;adj
dormiu;4;ver
fictício;4;adj
patriota;4;adj
bois;4;nom
oxigênio;4;nom
erguer;4;ver
capacho;4;nom
prejudicando;4;ver
submetidas;4;adj
cv;4;nr
colam;4;ver
roxo;4;adj
biden;4;nr
baratas;4;nom
tábata;4;nr
rankings;4;nr
intencionalidade;4;nom
avaliações;4;nom
explícita;4;adj
austrália;4;nom
formei;4;ver
âmbitos;4;nom
injetar;4;ver
oficialmente;4;adv
celebridades;4;nom
queríamos;4;ver
desceu;4;ver
temido;4;adj
pcd;4;nr
indígena;4;adj
idoso;4;adj
arrotando;4;ver
desanimador;4;adj
envolvem;4;ver
encontrem;4;ver
insustentável;4;adj
confessa;4;ver
montante;4;nom
mp;4;nr
tweets;4;nr
ressarcir;4;ver
arrecadar;4;ver
02;4;num
burocrático;4;adj
itamarati;4;nom
vistos;4;ver_sup
totalitária;4;adj
estruturais;4;adj
destina;4;ver
foguete;4;nom
alegando;4;ver
revolucionárias;4;adj
loucos;4;adj
atas;4;nom
recusa;4;ver
adentrou;4;ver
fericiano;4;nr
cação;4;nom
coincidente;4;adj
desfavorável;4;adj
reforçando;4;ver
pílulas;4;nom
ouvirem;4;ver
barrar;4;ver
ignoraram;4;ver
desvia;4;ver
2011;4;num
usará;4;ver_sup
proibir;4;ver
picolé;4;nom
aperto;4;nom
declaram;4;ver
bancária;4;adj
jan;4;nr
freio;4;nom
indicada;4;adj
unicamp;4;nr
vestibular;4;nom
privilégios;4;nom
difere;4;ver
cota;4;nom
migalhas;4;nom
parque;4;nom
oportunista;4;adj
obrigatoriamente;4;adv
aplicou;4;ver
fluente;4;adj
exigências;4;nom
algema;4;nom
viro;4;ver
tacar;4;nr
envergonha;4;ver
aparelho;4;nom
subemenda;4;nr
excepcionais;4;adj
zanata;4;nr
uniu;4;ver
xandão;4;nr
crie;4;ver
fbi;4;nr
values;4;nr
virtue;4;nr
lies;4;ver
ideas;4;nr
politics;4;nr
true;4;nr
made;4;nr
ordinary;4;nr
therefore;4;nr
culture;4;nr
means;4;nr
strong;4;nr
defending;4;nr
important;4;nr
better;4;nr
lot;4;nr
ramo;4;nom
meso;4;nr
genza;4;nr
atingida;4;ver
desrespeitoso;4;adj
mantenho;4;ver
bayer;4;nom
tramitação;4;nom
excessivo;4;adj
necessitam;4;ver
integrada;4;ver
pactuação;4;nr
expressamente;4;adv
conduzidos;4;ver
deliberações;4;nom
obrigações;4;nom
preservada;4;adj
fiqu;4;nr
discutiram;4;ver
tarcíso;4;nr
reiterar;4;ver
parabenizá;4;nr
patrus;4;nr
solicito;4;ver
instalado;4;ver
taciso;4;nr
2012;4;num
especificidade;4;nom
reitoria;4;nom
estabeleça;4;ver
cefetes;4;nr
integrar;4;ver
imensamente;4;adv
plausível;4;adj
especifica;4;ver
seg;4;nr
reafirma;4;ver
acrescenta;4;ver
modifica;4;ver
virei;4;ver
legislações;4;nom
superou;4;ver
antiguidade;4;nom
bncc;4;nr
combatida;4;ver
prêmios;4;nom
filosófico;4;adj
facilita;4;ver
frustrações;4;nom
currículos;4;nom
buscava;4;ver
indicam;4;ver
ásia;4;nom
exaltação;4;nom
incentiva;4;ver
discutiu;4;ver
ajudaria;4;ver
dispositivo;4;nom
dedica;4;ver
supressiva;4;nr
apresentem;4;ver
vital;4;adj
faixas;4;nom
aquisição;4;nom
direcionadas;4;ver
induzir;4;ver
constar;4;ver
péssimos;4;adj
realizados;4;adj
du;4;nr
esforçar;4;ver
supera;4;ver
treino;4;nom
medido;4;ver
melhorado;4;adj
quórum;4;nom
chamadas;4;adj
oferecido;4;ver
lembrava;4;ver
ampliou;4;ver
premia;4;ver
ness;4;nr
semanalmente;4;adv
valorizado;4;ver
op;4;nr
voluntário;4;adj
atinja;4;ver
avaliadas;4;ver
contribuem;4;ver
desenvolvido;4;ver
gráfico;4;nom
engloba;4;ver
atravessa;4;ver
aproveito;4;ver
consultados;4;ver
repõe;4;ver
audição;4;nom
paralela;4;adj
manipulado;4;ver
privando;4;ver
pavor;4;nom
capturar;4;ver
prometer;4;ver
azeite;4;nom
miola;4;nr
alarmantes;4;adj
pearls;4;nr
enfrentam;4;ver
orientadas;4;adj
motivados;4;ver
discutimos;4;ver
atingimos;4;ver
prorrogação;4;nom
partindo;4;ver
sobrevivência;4;nom
compre;4;ver
átila;4;nom
qualificar;4;ver
lid;4;nr
assembleias;4;nom
câmaras;4;nom
prioritária;4;adj
análises;4;nom
gestora;4;nom
sino;4;nom
convidamos;4;ver
auditório;4;nom
daremos;4;ver
moderador;4;nom
abim;4;nr
gerente;4;nom
slides;4;nom
2007;4;num
repasse;4;nom
desconheço;4;ver
notem;4;ver
fonológica;4;adj
percebemos;4;ver
aprendam;4;ver
gratuitamente;4;adv
considerados;4;ver
confirmação;4;nom
carrego;4;ver
corretamente;4;adv
balão;4;nom
orientações;4;nom
mencionei;4;ver
atendidos;4;ver
divididos;4;ver
rendo;4;ver
zer;4;nr
alcançada;4;adj
olharmos;4;nom
frequentando;4;ver
ricas;4;adj
etapas;4;nom
mantida;4;ver
relacionada;4;ver
dimensões;4;nom
tônica;4;adj
contribuiu;4;ver
enxugar;4;ver
científicos;4;adj
estrago;4;nom
benefícios;4;nom
precária;4;adj
peculiaridade;4;nom
materna;4;adj
urbana;4;adj
bibliotecas;4;nom
escondidas;4;adj
resiste;4;ver
associado;4;ver
entrave;4;nom
subestimem;4;ver
isolar;4;ver
vedado;4;adj
fhc;4;nr
suscetíveis;4;adj
meteram;4;ver
quadrilha;4;nom
torce;4;ver
rapidão;4;nr
liderado;4;ver
invadido;4;ver
atribuída;4;ver
acampamento;4;nom
ocorrido;4;ver
ilegal;4;adj
óbvia;4;adj
aplicadas;4;ver
3s;4;nr
en;4;nr
insumo;4;nom
fad;4;nr
bagunçada;4;adj
continuará;4;ver
708;4;num
assassinatos;4;nom
desrespeitando;4;ver
fakes;4;nr
bombeiros;4;nom
estrangeiro;4;adj
farda;4;nom
esa;4;nr
arcar;4;ver
amordaçar;4;ver
fouad;4;nr
escondida;4;ver
substituindo;4;ver
nemum;4;nr
ferrando;4;ver
tragédias;4;nom
dev;4;nr
des;4;nr
coordenado;4;adj
improbidade;4;nom
agricultura;4;nom
bispo;4;nom
impeach;4;nr
aventurados;4;ver
resgatou;4;ver
pato;4;nom
tramontina;4;nr
proibida;4;ver
opressor;4;adj
bombeiro;4;nom
copiar;4;ver
safado;4;adj
direitistas;4;adj
genuinamente;4;adv
espantalhos;4;nom
gorda;4;adj
matador;4;nom
assembleiana;4;nr
apelido;4;nom
vazias;4;adj
músicos;4;nom
aqu;4;nr
renunciar;4;ver
sirvo;4;ver
amem;4;ver
pastoral;4;adj
vitorioso;4;adj
prevaleceu;4;ver
nom;4;nr
impetuoso;4;adj
proclamamos;4;ver
prim;4;nr
copos;4;nom
catar;4;nom
compartilhando;4;ver
ministerial;4;adj
esté;4;nr
emocionais;4;adj
noivo;4;nom
levantadas;4;adj
derramou;4;ver
pecs;4;nr
aprovaram;4;ver
quebrantamento;4;nom
solo;4;nom
cobrir;4;ver
curaram;4;ver
atestado;4;ver
envergonhar;4;ver
fizermos;4;ver_sup
congregação;4;nom
erraram;4;ver
restaurantes;4;adj
errando;4;ver
preguiçoso;4;adj
dividiu;4;ver
disney;4;nom
delegacia;4;nom
necessitado;4;ver
comprometo;4;ver
gana;4;nom
reconhecemos;4;ver
encha;4;ver
ventos;4;nom
recompense;4;ver
manto;4;nom
unge;4;ver
fos;4;nr
drasticamente;4;adv
privilegiada;4;adj
slogam;4;nr
exalte;4;ver
vibe;4;nr
seor;4;nr
potestade;4;nom
chorará;4;ver
manancial;4;nom
acesa;4;adj
arrependa;4;ver
perdoados;4;ver
designado;4;ver
vire;4;ver
ótica;4;nom
roraima;4;nom
destes;4;pre
impossíveis;4;adj
penetrar;4;ver
gabinetes;4;nom
sinceras;4;adj
suicidar;4;ver
carregou;4;ver
operando;4;ver
estendida;4;adj
365;4;num
imortal;4;adj
amos;4;nom
bendito;4;nom
linho;4;nom
89;4;num
mina;4;nom
sigla;4;nom
sós;4;adj
teorias;4;nom
experimentei;4;ver
movendo;4;ver
le;4;nr
convergências;4;nom
renovo;4;nom
bel;4;nom
atrasou;4;ver
diminuiu;4;ver
escolhidos;4;ver
desobediência;4;nom
infinita;4;adj
distrair;4;ver
maridos;4;nom
louvado;4;ver
misericordioso;4;adj
provedor;4;nom
agradando;4;ver
engodo;4;nom
agonia;4;nom
vizinhos;4;adj
devocional;4;nr
príncipes;4;nom
socorra;4;ver
retidão;4;nom
queixa;4;nom
estenda;4;ver
contente;4;adj
pradin;4;nr
aflito;4;adj
gozo;4;nom
conduzi;4;ver
espanhol;4;adj
pouquíssimas;4;pro_ind
constrangido;4;adj
matá;4;nr
escolhem;4;ver
analfabeto;4;adj
tribulação;4;nom
libertará;4;ver
escatologia;4;nom
calvino;4;nom
consideram;4;ver
militando;4;adj
helen;4;nom
ps;4;nr
atemporal;4;adj
ápice;4;nom
pes;4;nr
disciplinado;4;adj
pontinho;4;nom
surdos;4;adj
rebanhos;4;nom
teófilo;4;nom
piano;4;nom
derrame;4;nom
tesouros;4;nom
queimava;4;ver
planilha;4;nom
grado;4;nom
fino;4;adj
jurou;4;ver
viveram;4;ver
conquistou;4;ver
ouvidas;4;ver
alinhados;4;adj
valorizam;4;ver
afora;4;pre
remota;4;adj
cancelados;4;ver
interpretações;4;nom
oferecendo;4;ver
guardados;4;ver
sacerdócio;4;nom
afetos;4;nom
risadinha;4;nom
encaminhados;4;ver
desejou;4;ver
jejua;4;ver
alcançados;4;adj
armar;4;ver
dobraram;4;ver
tampa;4;nom
comeu;4;ver
lembrarem;4;ver
arpa;4;ver
friend;4;nr
atravessar;4;ver
manassés;4;nr
engraçada;4;adj
assumimos;4;ver
chutar;4;ver
temporada;4;nom
desgastado;4;adj
1960;4;num
nil;4;nr
zoando;4;ver
michael;4;nom
escravatura;4;nom
dirá;4;ver_sup
estático;4;adj
psicopata;4;nom
luva;4;nom
traí;4;ver
bonitão;4;adj
tornaria;4;ver
play;4;nom
diso;4;nr
elucidar;4;ver
advocacia;4;nom
camiseta;4;nom
desanimadas;4;adj
zombaria;4;nom
guerreia;4;ver
esperado;4;ver
sofremos;4;ver
ditado;4;nom
metodista;4;adj
glorificando;4;ver
caí;4;ver
sentei;4;ver
partiu;4;ver
outdoor;4;nom
sant;4;nom
machucadas;4;adj
repitam;4;ver
nascendo;4;nom
mu;4;nom
curas;4;nom
sozinha;4;adj
expostos;4;ver
liberte;4;ver
cure;4;ver
cheirar;4;ver
acampa;4;ver
nuvens;4;nom
enxugará;4;nr
variados;4;adj
vencemos;4;ver
ofícios;4;nom
deix;4;nr
sião;4;nom
frustrados;4;adj
josafá;4;nr
lembrança;4;nom
cut;4;nr
eem;4;nr
preciosos;4;adj
lepra;4;nom
namã;4;nr
entendermos;4;ver
revelado;4;ver
levantados;4;adj
pescar;4;ver
profetizado;4;ver
culturas;4;nom
afastam;4;ver
comprometidos;4;adj
irmos;4;ver_sup
gere;4;ver
penetram;4;ver
rapaziada;4;nom
orientou;4;ver
juntava;4;ver
coach;4;nr
influentes;4;adj
ecoando;4;ver
localizada;4;ver
clássica;4;adj
íntegro;4;adj
antigas;4;adj
denominação;4;nom
povoar;4;ver
també;4;nr
restauradas;4;adj
tratamentos;4;nom
conseguiam;4;ver
passageiras;4;adj
batalhou;4;ver
eminência;4;pro_per
contribuído;4;ver
ência;4;nr
atributo;4;nom
aconteçam;4;ver
beijão;4;nom
condomínio;4;nom
obgado;4;nr
implementadas;4;ver
cantina;4;nom
recentes;4;adj
concluo;4;ver
realizamos;4;ver
múltiplas;4;adj
conciliação;4;nom
belinski;4;nr
preferencialmente;4;adv
desconhece;4;ver
próspera;4;adj
ferir;4;ver
cintura;4;nom
taurus;4;nr
legislativos;4;adj
patrulha;4;nom
permanentes;4;adj
interministerial;4;adj
rejeita;4;ver
militarização;4;nom
expõe;4;ver
eleitorado;4;nom
blumenau;4;nom
socorrer;4;ver
oportuno;4;adj
adeus;4;nom
expondo;4;ver
radicalmente;4;adv
lob;4;nr
pesquisem;4;ver
ta;4;pro_per
plebiscito;4;nom
petron;4;nr
chocado;4;adj
imenso;4;adj
tópico;4;nom
ocorridos;4;adj
competentes;4;adj
distrital;4;adj
incisos;4;adj
observa;4;ver
inadmissível;4;adj
civis;4;adj
lobista;4;nom
miliciano;4;adj
genérica;4;adj
camp;4;nr
psicológicos;4;adj
alem;4;adj
lit;4;nr
ve;4;nr
grandemente;4;adv
referido;4;adj
extinta;4;adj
metropolitana;4;nom
jerônimo;4;nom
prendendo;4;ver
anuência;4;nom
administrativos;4;adj
demandado;4;adj
quto;4;nr
converse;4;ver
fando;4;nr
educa;4;ver
deceu;4;nr
zara;4;nr
figueiredo;4;nom
regulação;4;nom
marta;4;nom
recompor;4;ver
pagas;4;adj
inacabadas;4;adj
universidad;4;nr
350;4;num
indignar;4;ver
surpreendi;4;ver
positivamente;4;adv
aderiram;4;ver
estimula;4;ver
construídos;4;ver
enquadrado;4;ver
custeio;4;nom
reitores;4;nom
grevista;4;adj
variação;4;nom
saberes;4;ver_sup
steps;4;nr
cade;4;nr
participamos;4;ver
estritamente;4;adv
mensal;4;adj
inclus;4;nr
agregar;4;ver
tópicos;4;nom
altamente;4;adv
notificação;4;nom
importantíssimos;4;adj
homofóbica;4;nr
fies;4;ver
betim;4;nom
igualar;4;ver
anatômica;4;adj
conceituação;4;nom
1eo;4;nr
vencendo;4;ver
adaptando;4;ver
mortificar;4;ver
autoriza;4;ver
julgador;4;nom
gravemente;4;adv
assinei;4;ver
escrota;4;nom
puxadinho;4;nom
trágica;4;adj
derrotados;4;ver
orientado;4;ver
aborda;4;ver
gravíssimo;4;adj
zinha;4;nr
eng;4;nr
aceitamos;4;ver
temp;4;nr
doutrinando;4;ver
minut;4;nr
manuel;4;nom
valorizada;4;ver
min;4;nr
subscrição;4;nom
convida;4;ver
méxico;4;nom
comemoram;4;ver
contabilidade;4;nom
desmentir;4;ver
sab;4;nr
ufmg;4;nr
privatizar;4;ver
aplaudido;4;ver
terminado;4;ver
marcada;4;ver
cobrindo;4;ver
tebet;4;nr
restringe;4;ver
potenciais;4;nom
finanças;4;nom
pertinente;4;adj
mediador;4;nom
abordados;4;ver
conformidade;4;nom
substituir;4;ver
profess;4;nr
anuais;4;adj
alterado;4;ver
estágios;4;nom
acionado;4;ver
repudiar;4;ver
patrícia;4;adj
criticado;4;ver
camargo;4;nom
generosidade;4;nom
túmulo;4;nom
sermão;4;nom
dirijo;4;ver
3385;4;num
espalhou;4;ver
severas;4;adj
constantes;4;adj
78;4;num
acionar;4;ver
relativizar;4;ver
cometidos;4;ver
process;4;nr
humberto;4;nom
urgentemente;4;adv
totalitários;4;adj
protestando;4;ver
pio;4;nom
acuse;4;ver
ande;4;nom
ideologicamente;4;adv
cristalino;4;adj
exposta;4;ver
enterro;4;nom
processual;4;adj
reescrever;4;ver
heleno;4;nom
relativa;4;adj
lgbtq;4;nr
protocolado;4;adj
podes;4;ver_sup
rogo;4;ver
ousada;4;adj
inconstitucionalidade;4;nom
fundb;4;nr
vazão;4;nom
inverter;4;ver
proíbe;4;ver
reitero;4;ver
registrou;4;ver
perguntado;4;ver
ajudava;4;ver
perderem;4;ver
automática;4;adj
léo;4;nr
fantástica;4;adj
uniforme;4;nom
dialogue;4;ver
revoltados;4;adj
pirotecnia;4;nom
exercido;4;ver
paradas;4;adj
destinou;4;ver
solidarizar;4;ver
pintura;4;nom
alugar;4;ver
83;4;num
tratei;4;ver
autistas;4;adj
confirmou;4;ver
fugiram;4;ver
provando;4;ver
contraditar;4;ver
paa;4;nr
geer;4;nr
requerer;4;ver
abrangência;4;nom
opomos;4;ver
objeção;4;nom
partidários;4;adj
bolívia;4;nom
pelados;4;adj
calouros;4;nom
birin;4;nr
compreendido;4;ver
encaminhada;4;ver
ressalvando;4;ver
arbítrio;4;nom
bqu;4;nr
cláudia;4;nom
africanas;4;adj
opor;4;ver
analisando;4;ver
odiando;4;ver
acelerado;4;adj
espancado;4;ver
permeia;4;ver
falarão;4;ver
agredidos;4;ver
supervisão;4;nom
colocações;4;nom
acadêmicos;4;adj
ético;4;adj
profissões;4;nom
ignorância;4;nom
supremacista;4;nr
salvando;4;ver
aceitam;4;ver
prestado;4;ver
fôssemos;4;ver_sup
serpente;4;nom
provocado;4;ver
oriento;4;ver
restabelecer;4;ver
plantio;4;nom
colhe;4;ver
safar;4;ver
substituição;4;nom
trouxemos;4;ver
capacitadas;4;adj
anotando;4;ver
apontando;4;ver_sup
plural;4;nom
abastecimento;4;nom
formativos;4;adj
comandada;4;ver
oradora;4;nom
ensinos;4;nom
atacante;4;nom
patrono;4;nom
homeschooling;4;nr
ubs;4;nr
diretórios;4;adj
inscreva;4;ver
protocolando;4;adj
distração;4;nom
partidárias;4;adj
ditar;4;ver
reagente;4;nom
pingos;4;nom
laico;4;adj
palhaço;4;nom
pagos;4;ver
inibir;4;ver
carregam;4;ver
imputado;4;ver
indevida;4;adj
ressonância;4;nom
feia;4;adj
antecedente;4;adj
metralhar;4;ver
lara;4;nom
imprudência;4;nom
conferir;4;ver
garrafa;4;nom
oculto;4;adj
ministeriais;4;adj
agulha;4;nom
castração;4;nom
relatar;4;ver
professar;4;ver
unânime;4;adj
demonizando;4;nr
novelas;4;nom
surgindo;4;ver
clínica;4;nom
lenha;4;nom
diretório;4;adj
tartaruga;4;nom
disputou;4;ver
cheinho;4;adj
mobilidade;4;nom
cebola;4;nom
adesivos;4;nom
voluntariamente;4;adv
finalização;4;nom
dm;4;nr
trailer;4;nom
legenda;4;nom
fixado;4;ver
magnum;4;nr
destaques;4;nom
fotinha;4;nr
secundário;4;adj
esportes;4;nom
joaquim;4;nom
motiva;4;ver
precipitar;4;ver
falhou;4;ver
encorajamento;4;nom
acordava;4;ver
adaptação;4;nom
preventivos;4;adj
liberamos;4;ver
cortei;4;ver
luísa;4;nom
reproduzir;4;ver
tablet;4;nr
troféu;4;nom
entretanto;4;conj
consideramos;4;ver
identifica;4;ver
longos;4;adj
menstruação;4;nom
goela;4;ver
pintou;4;ver
correios;4;nom
vovó;4;nom
borracha;4;nom
assis;4;nom
viveremos;4;ver
diabetes;4;nom
submetido;4;ver
vândalos;4;nom
cicatrizes;4;nom
una;4;adj
povão;4;nom_sup
shake;4;nr
emprestar;4;ver
jéssica;4;nom
aproveite;4;ver
voa;4;ver
modificou;4;ver
marqueteiro;4;nom
perigosos;4;adj
metro;4;nom
distribuidora;4;nom
sequelas;4;nom
tirava;4;ver
construtor;4;nom
pesadas;4;adj
resultou;4;ver
malto;4;ver
cooperando;4;ver
proporções;4;nom
47;4;num
azevedo;4;nom
burguesa;4;adj
processou;4;ver
lésbico;4;adj
chesterton;4;nr
subjetivo;4;adj
significar;4;ver
incidente;4;nom
alertando;4;ver
consumo;4;nom
apec;4;nr
possible;4;nr
generation;4;nr
exchange;4;nr
less;4;nr
universal;4;adj
hope;4;nr
present;4;nr
correntes;4;nom_sup
vencedores;4;nom
geleia;4;nom
repensar;4;ver
financiou;4;ver
nicolau;4;nom
vitimismo;4;nr
frota;4;nom
punho;4;nom
massacre;4;nom
descartar;4;ver
adotou;4;ver
cabine;4;nom
clique;4;nom
saberia;4;ver_sup
furg;4;nr
sequestro;4;nom
estude;4;ver
implementado;4;ver
espanhola;4;adj
lembrete;4;nom
pronunciamento;4;nom
otimismo;4;nom
chocam;4;ver
estivéssemos;4;ver_sup
disto;4;pre
barrado;4;ver
louro;4;adj
hebraico;4;adj
eliana;4;nom
chuchu;4;nom
estelionatário;4;nom
tábuas;4;nom
copacabana;4;nom
eliziane;4;nr
orlando;4;ver
tanques;4;nom
03;4;num
docinho;4;adj
feghali;4;nr
documentação;4;nom
lata;4;nom
batalhão;4;nom
origens;4;nom
rostos;4;nom
07;4;num
disco;4;nom
giuseppe;4;nom
chip;4;nom
comentado;4;ver
advogada;4;nom
churchill;4;nr
pulmões;4;nom
esfregar;4;ver
amados;4;adj
mate;4;nom
pedirdes;4;ver
anônimos;4;adj
constrange;4;ver
esconderijo;4;nom
dançar;4;ver
contada;4;ver
repreendo;4;nr
abraçaram;4;ver
psiquiatra;4;nom
aborrece;4;ver
bronca;4;nom
eliel;4;nr
reconheceram;4;ver
estéreo;4;adj
cercada;4;ver
travou;4;ver
edificante;4;adj
treme;4;ver
desligue;4;ver
dose;4;nom
secular;4;adj
desvalorizar;4;ver
transicionando;4;nr
sabor;4;nom
principado;4;nom
coisinha;4;nom
fumo;4;nom
humilharmos;4;nr
pertencem;4;ver
respondida;4;ver
goleiro;4;nom
usaria;4;ver_sup
pus;4;ver
ouvida;4;ver
imprevistos;4;adj
bill;4;nom
cheias;4;adj
exaltou;4;ver
dobre;4;ver
hinos;4;nom
cirurgias;4;nom
íntima;4;adj
estais;4;ver_sup
cercado;4;ver
escolho;4;ver
tribos;4;nom
segurou;4;ver
permanecerá;4;ver
entradas;4;nom
tomé;4;nom
perdoamos;4;ver
fechei;4;ver
fibra;4;nom
amadurecer;4;ver
pecou;4;ver
guerreira;4;nom
animador;4;nom
taca;4;nom
liturgia;4;nom
ordena;4;ver
perversos;4;adj
ímpios;4;adj
rebanho;4;nom
ímpio;4;adj
lenda;4;nom
sedenta;4;adj
descem;4;ver
plana;4;nom
cassiano;4;nom
casados;4;adj
satisfazer;4;ver
pneumonia;4;nom
perene;4;adj
respondia;4;ver
cálice;4;nom
experimenta;4;ver
menininha;4;nom
obedecem;4;ver
renovada;4;ver
sóbrio;4;adj
explosivo;4;adj
radassa;4;nr
holocausto;4;nom
achavam;4;ver
dêem;4;ver
cantam;4;ver
cristal;4;nom
equação;4;nom
quebram;4;ver
ouvem;4;ver
figueiras;4;nom
usá;4;nr
mole;4;adj
orarem;4;ver
escócia;4;nom
assuma;4;ver
babilônico;4;adj
safra;4;nom
insuportável;4;adj
chorão;4;nom
intensidade;4;nom
merecer;4;ver
levantai;4;ver
morei;4;ver
limitação;4;nom
estevam;4;ver
gêmeos;4;adj
abalada;4;adj
sufocar;4;ver
porção;4;nom
vencida;4;ver
incita;4;ver
espiritualidade;4;nom
hahaha;4;nr
alcancem;4;ver
lanche;4;nom
repercutiu;4;ver
acender;4;ver
pegamos;4;ver_sup
intercede;4;ver
purificar;4;ver
dobrará;4;ver
demorei;4;ver
importava;4;ver
tocaram;4;ver
capela;4;nom
martinho;4;nom
discorrer;4;ver
íntegra;4;adj
impedida;4;ver
destruiria;4;ver
metendo;4;ver
ocupava;4;ver
moda;4;nom
governabilidade;4;nom
devolveu;4;ver
assista;4;ver
sequestraram;4;ver
menospreze;4;ver
ingerência;4;nom
cemig;4;nr
rascunho;4;nom
inocentado;4;ver
classes;4;nom
lutaria;4;ver
provisórios;4;adj
indicados;4;ver
utilizo;4;ver
ouvinte;4;nom
expressiva;4;adj
ranço;4;nom
decoração;4;nom
vamo;4;nr
22222;4;num
perceberam;4;ver
ku;4;nr
klux;4;nr
klan;4;nr
capuz;4;nom
inventou;4;ver
voar;4;ver
tropeçar;4;ver
brechas;4;nom
nervosos;4;adj
ph;4;nom
calcinha;4;nom
salsicha;4;nom
falácias;4;nom
pluralismo;4;nom
gira;4;ver
molhadinho;4;nr
íris;4;nom
contados;4;ver
kit;4;nom
cobro;4;ver
medinho;4;nr
exclusivos;4;adj
choque;4;nom
compro;4;ver
marx;4;nom
marques;4;nom
metáfora;4;nom
imitadores;4;nom
fuma;4;ver
sentida;4;nom
gel;4;nom
pcr;4;nr
aceitaram;4;ver
molho;4;nom
refugiados;4;nom
loira;4;adj
anna;4;nom
campagnolo;4;nr
ofensivo;4;adj
faquinha;4;nr
communis;4;nr
sólidos;4;adj
obama;4;nr
chineses;4;adj
financia;4;ver
divertir;4;ver
plaquinha;4;nr
sininho;4;nom
conotação;4;nom
maquiavel;4;nom
cosmovisão;4;nr
doze;4;adj_num
sessenta;4;adj_num
grátis;4;adj
testosterona;4;nom
denuncia;4;ver
doses;4;nom
desenvolvida;4;adj
tamos;4;nr
retratei;4;ver
paixões;4;nom
internamente;4;adv
terços;4;adj_num
led;4;nr
toquei;4;ver
varoa;4;adj
garçom;4;nom
cozinheira;4;nom
racionais;4;adj
medicação;4;nom
utilize;4;ver
oiapoque;4;nom
afeição;4;nom
descartado;4;ver
well;4;nr
monstro;4;nom
jinping;4;nr
encaixar;4;ver
modelar;4;ver
desempregados;4;adj
great;4;nr
idéia;4;nom
crj;4;nr
hierárquica;4;adj
dcs;4;nr
disseminar;4;ver
verá;4;ver_sup
babaca;4;adj
prescrição;4;nom
cativo;4;nom
mordomo;4;nom
indico;4;ver
espontânea;4;adj
bloqueadas;4;adj
aceitas;4;adj
treinando;4;ver
solitária;4;adj
merely;4;nr
fear;4;nr
video;4;nr
giles;4;nr
spurgin;4;nr
misógeno;4;nr
preocupava;4;ver
ambulância;4;nom
fred;4;nom
bolsonaroista;4;nr
espinafre;4;nom
moleques;4;nom
00005;4;num
alemão;4;adj
bbc;4;nr
prezo;4;ver
populista;4;adj
jerry;4;nr
moldada;4;ver
geek;4;nr
masculina;4;adj
bilheteria;4;nom
maverick;4;nr
assistia;4;ver
cpack;4;nr
schwarzenegger;4;nom
birra;3;nom
tiranos;3;nom
guardião;3;nom
pisou;3;ver
arquivou;3;ver
deixarei;3;ver
naim;3;nr
tofoli;3;nr
129;3;num
curvou;3;ver
eneias;3;nr
articulou;3;ver
samba;3;nom
antecipada;3;adj
script;3;nom
porqu;3;nr
caixas;3;nom
bruxas;3;nom
cristina;3;nom
destróem;3;nr
frear;3;ver
ganhamos;3;ver
garra;3;nom
aposta;3;nom
respeitados;3;adj
sonha;3;ver
cansa;3;ver
gastado;3;ver
lacrador;3;nr
views;3;nr
limpando;3;ver
justificando;3;ver
lidera;3;ver
shopee;3;nr
reativa;3;nom
avaliado;3;ver
rebatendo;3;ver
medem;3;ver
admira;3;ver
deslize;3;nom
inerte;3;adj
instaurado;3;ver
administrativo;3;adj
alienação;3;nom
esdrúxula;3;adj
precedentes;3;adj
rigor;3;nom
sancionado;3;ver
polarizar;3;ver
edionos;3;nr
sofra;3;ver
convocada;3;ver
enterra;3;ver
decretada;3;ver
corroborar;3;ver
mandante;3;nom
shows;3;nom
ralo;3;adj 
manuais;3;adj
retroceda;3;ver
apoiá;3;nr
vampiro;3;nom
afundado;3;adj
fabiano;3;nom
discorde;3;ver
fera;3;nom
father;3;nr
course;3;nr
neighborhood;3;nr
entire;3;nr
reality;3;nr
inside;3;nr
prisons;3;nr
main;3;nr
confrontation;3;nr
punish;3;nr
comes;3;nom
brazilians;3;nr
accountability;3;nr
respect;3;nr
constitution;3;nr
torture;3;ver
recorded;3;nr
both;3;nr
brought;3;nr
deaths;3;nr
simply;3;nr
place;3;nr
once;3;nr
bl;3;nr
worse;3;nr
officers;3;nr
national;3;nr
constant;3;nom
pressure;3;nr
beyond;3;nr
hamas;3;nom
spread;3;nom
small;3;nr
business;3;nr
gas;3;nr
official;3;nr
often;3;nr
states;3;nom
carried;3;nr
antonio;3;nom
bank;3;nr
reach;3;nr
approximately;3;nr
finally;3;nr
attacks;3;nr
pesa;3;nom
three;3;nr
meeting;3;nom
collapse;3;nr
congress;3;nr
except;3;nr
alone;3;nr
asked;3;nr
petro;3;nr
kis;3;nr
largest;3;nr
ever;3;nr
speeches;3;nr
language;3;nr
been;3;nr
last;3;nr
seven;3;nr
leaders;3;nr
through;3;nr
front;3;nom
protecting;3;nr
result;3;nr
tyranny;3;nr
back;3;nr
among;3;nr
powers;3;nr
teaches;3;nr
inspire;3;ver
believe;3;nr
everyone;3;nr
beneficiários;3;nom
caía;3;ver
cu;3;nom
miseráveis;3;adj
sentenciam;3;ver
escrúpulo;3;nom
assustada;3;adj
companheira;3;nom
coordenada;3;adj
polarizada;3;ver
repetida;3;adj 
extremas;3;adj
repetidas;3;adj 
capas;3;ver
reduzindo;3;ver
fotografias;3;nom
caricatura;3;nom
neofascismo;3;nr
espingarda;3;nom
eliminado;3;ver
fielmente;3;adv
persiga;3;ver
espere;3;ver
jaz;3;ver
bondoso;3;adj
menosprezado;3;ver
implica;3;ver
teatral;3;adj
mansão;3;nom
insensíveis;3;adj
omitiu;3;ver
justificam;3;ver
cúmplice;3;nom
institucionais;3;adj
fúria;3;nom
denunciou;3;ver
doutrinária;3;adj
convertido;3;ver
sólidas;3;adj
imaginação;3;nom
hall;3;nom
haverão;3;ver_sup
bonzinho;3;adj
veículos;3;nom
corrupções;3;nom
armação;3;nom
sancionou;3;ver
jantando;3;nom
motociatas;3;nr
brincadeiras;3;nom
enfrentava;3;ver
globais;3;adj
livremente;3;adv
condenam;3;ver
quererem;3;ver
beneficiados;3;ver
triplo;3;adj_num
ficasse;3;ver
irrestrita;3;adj
comecem;3;ver
pensionistas;3;nom
salta;3;ver
manipulando;3;ver
igualitária;3;adj
veta;3;ver
jurídicos;3;adj
ocupou;3;ver
milhõesais;3;nr
polo;3;nom
tdh;3;nr
trincheira;3;nom
enviei;3;ver
entorno;3;ver
aprovei;3;ver
manipular;3;ver
informáticos;3;adj
opcional;3;adj
eletrônicos;3;adj
recuaram;3;ver
importantíssima;3;adj
rótulo;3;nom
consórcio;3;nom
positivas;3;adj
domingos;3;nom
ausentar;3;ver
considerem;3;ver
articulações;3;nom
calvário;3;nom
construções;3;nom
aproximação;3;nom
entregas;3;nom
divulgam;3;ver
regionais;3;adj
falecido;3;adj
inspirada;3;ver
roubada;3;ver
aumentam;3;ver
eleitoreira;3;adj
pmdb;3;nr
idh;3;nr
instala;3;ver
vio;3;nr
juntamos;3;ver
instaurar;3;ver
ficaremos;3;ver
aliviar;3;ver
internado;3;ver
intocáveis;3;adj
lento;3;adj
excessos;3;nom
chuveira;3;nr
lasque;3;ver
perseguidas;3;adj
entendesse;3;ver
libertos;3;adj
batemos;3;ver
libertas;3;adj
publicou;3;ver
carteiras;3;nom
traduzindo;3;ver
apontam;3;ver_sup
manicure;3;nom
motoboy;3;nr
ambulante;3;adj
malha;3;nom
fina;3;adj
ajuste;3;nom
parando;3;ver
marcon;3;nr
contrata;3;ver
maquiagem;3;nom
demitiram;3;ver
avaliados;3;ver
redondo;3;adj
faxina;3;nom
zomba;3;ver
negados;3;ver
glo;3;nr
vinícius;3;nom
veloso;3;nom
compadecer;3;ver
buquell;3;nr
soltando;3;ver
cumpram;3;ver
grampo;3;nom
levariam;3;ver
substância;3;nom
admitem;3;ver
agu;3;nr
descontado;3;ver
obrigadas;3;ver
passaria;3;ver
publica;3;ver
votará;3;ver
reconhecem;3;ver
tara;3;nom
exagerar;3;ver
tornará;3;ver
ciclista;3;nom
nc;3;nr
obrigue;3;ver
vestem;3;ver
cheiroso;3;adj
ginecologista;3;nom
cromossomos;3;nom
intersexo;3;nr
binarismo;3;nom
diminui;3;ver
espernear;3;ver
rotulação;3;nom
normalizar;3;ver
identificados;3;adj
márcio;3;nom
pontapés;3;nom
provocados;3;adj
agredida;3;ver
reagiu;3;ver
fariseus;3;nom
ímpeto;3;nom
associada;3;ver
nefasta;3;adj
próspero;3;adj
provou;3;ver
votaria;3;ver
estendeu;3;ver
divergentes;3;adj
requisitando;3;ver
engolido;3;ver
partidário;3;adj
marra;3;nom
filiado;3;ver
cop;3;nr
épocas;3;nom
aê;3;nr
usem;3;ver_sup
velhinho;3;adj
grades;3;nom
proporcionais;3;adj
lavada;3;adj
inventam;3;ver
espalharam;3;ver
instantes;3;nom
pretexto;3;nom
moinho;3;nom
articulada;3;adj
recusam;3;ver
associar;3;ver
lidei;3;ver
ilegais;3;adj
ramá;3;nr
resolvidas;3;ver
diplomacia;3;nom
aliar;3;ver
mundiais;3;adj
parasse;3;ver
mozes;3;nr
temporais;3;adj
lastro;3;nom
graduação;3;nom
precisão;3;nom
lagoa;3;nom
teresina;3;nom
moes;3;ver
institution;3;nr
digita;3;ver
comprovante;3;nom
ministras;3;nom
adjetivos;3;nom
turminha;3;nom
rato;3;nom
fartos;3;adj
equipes;3;nom
tentarem;3;ver_sup
lup;3;nr
puxei;3;ver
anual;3;adj
empurrar;3;ver
monopolista;3;adj
vermelha;3;adj
andem;3;nom
viciadas;3;adj
falecimento;3;nom
aja;3;ver
árabes;3;adj
colombianas;3;adj
jogam;3;ver
dinamarca;3;nom
derrotou;3;ver
provem;3;ver
torturador;3;adj
mesmíssima;3;adv
chupetinha;3;nom
assumo;3;ver
xingou;3;ver
nervosinhos;3;adj
polônia;3;nom
movimentado;3;adj
explosão;3;nom
investigadas;3;adj
encontros;3;nom
indígenas;3;adj
trocado;3;ver
definitivamente;3;adv
roubos;3;nom
desanima;3;ver
taxada;3;ver
motoristas;3;nom
bancário;3;adj
constitucionalidade;3;nom
binárias;3;adj
héteros;3;nr
binário;3;adj
concorrência;3;nom
acertei;3;ver
empregados;3;nom
tora;3;nom
sofreria;3;ver
boicote;3;nom
unb;3;nr
simultâneo;3;adj
teológicas;3;adj
calçada;3;nom
vinculado;3;ver
frida;3;nr
tridente;3;nom
cabimento;3;nom
acostumou;3;ver
absolvido;3;ver
plantando;3;ver
colapso;3;nom
napoleão;3;nom
bonaparte;3;nom
tornasse;3;ver
buquele;3;nr
derrite;3;nr
malandro;3;nom
esclarecidas;3;adj
crianas;3;nr
relataram;3;ver
desonesto;3;adj
eximir;3;ver
complexos;3;adj
mochila;3;nom
kisses;3;nr
assaltados;3;ver
injustiçadas;3;adj
cantada;3;ver
preira;3;nr
comandado;3;ver
soltou;3;ver
poços;3;nom
atira;3;ver
abatido;3;adj
ordenou;3;ver
defend;3;nr
god;3;nr
aora;3;nr
shaped;3;nr
foundations;3;nr
dignity;3;nr
transformed;3;nr
begins;3;nr
solid;3;nr
understanding;3;nr
point;3;nr
distorted;3;nr
whether;3;nr
heart;3;nr
role;3;ver
others;3;nr
commitment;3;nr
blame;3;nr
ourselves;3;nr
find;3;nr
above;3;nr
lead;3;nom
happy;3;nr
voice;3;nr
perguntasse;3;ver
criticada;3;ver
roubei;3;ver
componente;3;nom
expediente;3;nom
insatisfação;3;nom
negocia;3;ver
gisele;3;nom
comporte;3;ver
valadares;3;nom
disposições;3;nom
sistêmica;3;adj
resultando;3;ver
respeitada;3;adj
detalhar;3;ver
aprová;3;nr
acúmulo;3;nom
federativo;3;adj
prioritário;3;adj
aperfeiçoar;3;ver
tacis;3;nr
apreciar;3;ver
conc;3;nr
correia;3;nom
convidei;3;ver
preside;3;ver
crist;3;nr
tonieto;3;nr
barreiro;3;nom
suprir;3;ver
mantenham;3;ver
incorporado;3;adj
olhem;3;nom
tecnológicas;3;adj
melhorou;3;ver
exoneração;3;nom
definidos;3;ver
reeleito;3;ver
fluminense;3;adj
consumado;3;adj
maestria;3;nom
inviabilizar;3;ver
incursão;3;nom
doa;3;ver
afirmações;3;nom
talíria;3;nr
pontuação;3;nom
pet;3;nr
estupradas;3;ver
protegê;3;nr
incitação;3;nom
seguras;3;adj
preservação;3;nom
adoecimento;3;nom
promiscuidade;3;nom
belin;3;nr
erotização;3;nr
equívoco;3;nom
pre;3;nr
periferias;3;nom
estrutural;3;adj
existindo;3;ver
travadas;3;adj
joio;3;nom
alçada;3;nom
somo;3;ver
acesse;3;nr
ensinadas;3;ver
estimulada;3;ver
tax;3;nr
pronta;3;adv
econômicos;3;adj
equivocada;3;ver
enfrentados;3;ver
combata;3;ver
brindar;3;ver
crescido;3;adj
rond;3;nr
recebam;3;ver
convicções;3;nom
garanti;3;ver
daqu;3;nr
banalizar;3;ver
sadio;3;adj
caberia;3;ver
burra;3;nom
configurar;3;ver
3910;3;num
mobiliza;3;ver
etárias;3;adj
constitucionalmente;3;adv
supletivo;3;adj
magna;3;adj
operacionalização;3;nom
locação;3;nom
rumos;3;nom
docente;3;adj
mensuráveis;3;adj
ante;3;pre
teixeira;3;nom
excluindo;3;ver
variáveis;3;adj
governadora;3;nom
recomendo;3;ver
afinidade;3;nom
perpetua;3;ver
mitigar;3;ver
pontuais;3;adj
joinville;3;nom
atingem;3;ver
surgiram;3;ver
ouv;3;nr
matriculado;3;ver
estimulado;3;ver
tomarmos;3;ver
fraudar;3;ver
competem;3;ver
conclui;3;ver
recolhe;3;ver
dignos;3;adj
pune;3;ver
obtiverem;3;ver
tarc;3;nr
singapura;3;nom
melhoram;3;ver
distorcer;3;ver
satisfatória;3;adj
pitaco;3;nr
resolvendo;3;ver
atualizado;3;ver
gl;3;nr
coletivas;3;adj
devíamos;3;nom
teor;3;nom
prossegue;3;ver
existirem;3;ver
comunicando;3;ver
competindo;3;ver
melhorada;3;adj
lamentamos;3;ver
acord;3;nr
agiu;3;ver
gastamos;3;ver
congelado;3;adj
suspendida;3;ver
ram;3;nr
st;3;nr
afronta;3;nom
impedem;3;ver
suprimir;3;ver
ganhas;3;ver
impitma;3;nr
arrepios;3;nom
prece;3;nom
caldas;3;nom
autorizou;3;ver
mural;3;adj
cabíveis;3;adj
proteína;3;nom
ig;3;nr
desenvolve;3;ver
equilibrar;3;ver
subjetividades;3;nom
divisor;3;nom
premissa;3;nom
preparem;3;ver
transformam;3;ver
detrimento;3;nom
vicepresidente;3;nr
alcançáveis;3;adj
meola;3;nr
cito;3;ver
historiador;3;nom
similar;3;adj
partimos;3;ver
assessorias;3;nom
tricon;3;nr
licitações;3;nom
2001;3;num
estabelecidos;3;adj
vinculados;3;ver
avançaram;3;ver
inseridos;3;ver
respeitamos;3;ver
administrações;3;nom
restrição;3;nom
qualitativa;3;adj
regulamento;3;nom
perspectivas;3;nom
conduzida;3;ver
flórida;3;nom
alfa;3;nom
imprescindível;3;adj
escolarização;3;nom
breves;3;adj
parentalidade;3;nr
tendem;3;ver
relatam;3;ver
insuficiente;3;adj
recomenda;3;ver
desconhecem;3;ver
quea;3;nr
prior;3;nom
priorização;3;nom
pulei;3;ver
acelerar;3;ver
incluídas;3;ver
incluí;3;ver
nadalim;3;nr
projetar;3;ver
alfabético;3;adj
demonstram;3;ver
tocante;3;adj
repetência;3;nom
emergente;3;adj
observamos;3;ver
disciplinar;3;ver
5to;3;nr
relacionar;3;ver
participava;3;ver
numeracia;3;nr
unesco;3;nr
atingiram;3;ver
hou;3;nr
tecnicamente;3;adv
quintis;3;nr
étnico;3;adj
raciais;3;adj
referente;3;adj
levem;3;ver
permaneço;3;ver
pertinentes;3;adj
alento;3;nom
evoluiu;3;ver
sucedidos;3;adj
assimilar;3;ver
articular;3;ver
perpetuar;3;ver
reconhecida;3;ver
dier;3;nr
cham;3;nr
escolaridade;3;nom
estresse;3;nom
tiroteio;3;nom
autorizados;3;ver
infantis;3;adj
carência;3;nom
vínculos;3;nom
vínculo;3;nom
dócil;3;adj
contingente;3;nom
comportamentos;3;nom
implicações;3;nom
eventual;3;adj
brutal;3;adj
subsídio;3;nom
instituído;3;ver
penais;3;adj
interessam;3;ver
neutralidade;3;nom
ne;3;nr
estad;3;nr
firmar;3;ver
teórico;3;adj
exitosas;3;nr
destacou;3;ver
incluímos;3;ver
possibilitou;3;ver
regularmente;3;adv
implacar;3;nr
recife;3;nom
inseguras;3;adj
prendam;3;ver
abertamente;3;adv
questionaram;3;ver
fa;3;nr
indiciar;3;ver
sid;3;nr
sogra;3;nom
sofria;3;ver
sabão;3;nom
viajado;3;ver
testemunhas;3;nom
autorizada;3;ver
acampamentos;3;nom
homicidas;3;adj
pensão;3;nom
apontou;3;ver_sup
lúcia;3;nom
quebradeira;3;nom
retrato;3;nom
correm;3;ver
esquartejou;3;ver
julgamentos;3;nom
placar;3;nom
quarteirão;3;nom
irregularidade;3;nom
lixeira;3;nom
cumprem;3;ver
percam;3;ver
marcel;3;nom
68;3;num
palusa;3;nr
segur;3;nr
ostensiva;3;adj
coar;3;ver
disputar;3;ver
apoios;3;nom
macaé;3;nom
bateram;3;ver
calheiros;3;nr
aeronave;3;nom
amazônica;3;adj
chique;3;adj
buscarem;3;ver
egípcio;3;adj
gastam;3;ver
pesca;3;nom
vândalo;3;nom
avalie;3;ver
peçam;3;ver
manchado;3;adj
instaurou;3;ver
nascituro;3;nom
calo;3;nom
fundamentada;3;ver
proibiu;3;ver
bonezinho;3;nr
leira;3;nom
prezam;3;ver
inventa;3;ver
impune;3;adj
canhão;3;nom
behind;3;nr
high;3;nr
could;3;nr
protest;3;nr
matasse;3;ver
incentivando;3;ver
pata;3;nom
fiada;3;adj
desumanizando;3;ver
confessando;3;ver
cabecinha;3;nom
associa;3;ver
masculinos;3;adj
adivinhe;3;ver
fogem;3;ver
gametas;3;adj
femininos;3;adj
fêmea;3;nom
cromossômica;3;adj
anomalias;3;nom
genéticas;3;adj
descredibiliza;3;nr
reason;3;nr
beings;3;nr
call;3;nr
mean;3;nr
anomalia;3;nom
passaremos;3;ver
aperfeiçoa;3;ver
gloriei;3;ver
habite;3;ver
angústias;3;nom
foque;3;ver
ananiel;3;nr
umaa;3;nr
compositor;3;nom
iceberg;3;nom
lotadas;3;adj
vigílias;3;nom
posicionarmos;3;nr
lindos;3;adj
despertou;3;nom
imaginam;3;ver
tarefas;3;nom
infalível;3;adj
aci;3;nr
rompe;3;ver
governam;3;ver
catan;3;nr
cat;3;nr
aliadas;3;nom
adotada;3;ver
rasgou;3;ver
entrasse;3;ver
convoca;3;ver
termine;3;ver
cetro;3;nom
termino;3;ver
invocamos;3;ver
exercem;3;ver
revele;3;ver
dispuseram;3;ver
declararmos;3;ver
plan;3;nr
molecagem;3;nom
superavit;3;nr
luna;3;nr
barberagem;3;nr
bacia;3;nom
paraquedas;3;nr
reformando;3;ver
descumprindo;3;ver
gancho;3;nom
stop;3;nr
cientistas;3;nom
prejudica;3;ver
arredar;3;ver
lavado;3;ver
influenciadas;3;ver
negreiro;3;adj
bíblicos;3;adj
consolidação;3;nom
quietinho;3;adj 
abraçou;3;ver
ibg;3;nr
cobrança;3;nom
doidos;3;adj
ganhos;3;nom
obreiros;3;nom
encoraja;3;ver
folhas;3;nom
plantas;3;nom
descobrindo;3;ver
jun;3;nr
duração;3;nom
semanais;3;adj
descansa;3;ver
mercados;3;nom
virem;3;ver_sup
arriscar;3;ver
205;3;num
arrogante;3;adj
vinhos;3;nom
216;3;num
derrotar;3;ver
explorado;3;ver
trabalhistas;3;adj
barulhenta;3;adj
cuido;3;ver
pizza;3;nom
tessalonicenses;3;nom
delegados;3;nom
solteiro;3;adj
remove;3;ver
derramamento;3;nom
removido;3;ver
qualificação;3;nom
dominadas;3;ver
egoístas;3;adj
zombar;3;ver
lotou;3;ver
justas;3;adj
dedicada;3;ver
consagrada;3;ver
narinas;3;nom
precis;3;nr
congressos;3;nom
louvou;3;ver
demo;3;nom
cé;3;nr
guardada;3;ver
celebram;3;ver
clamará;3;nr
levantará;3;ver
formosura;3;nom
falarei;3;ver
acende;3;ver
espj;3;nr
reclame;3;ver
majoritariamente;3;adv
continente;3;nom
profetizaram;3;ver
ministrada;3;ver
materno;3;adj
transformador;3;nom
convencê;3;nr
abrace;3;ver
reerguer;3;ver
encontraremos;3;ver
encontrá;3;nr
vela;3;nom
ideais;3;adj
ava;3;nr
pensaram;3;ver
modifique;3;ver
transformadora;3;nom
aó;3;nr
podero;3;nr
doos;3;nr
promete;3;ver
enviaram;3;ver
cervejinha;3;nom
éo;3;nr
arrependido;3;adj
estreito;3;adj
1992;3;num
investiram;3;ver
autêntico;3;adj
botas;3;nom
sacada;3;nom
combates;3;nom
despertado;3;nom
sócio;3;nom
unida;3;adj
pentecostais;3;adj
pascal;3;adj
continência;3;nom
morato;3;nr
carinhosamente;3;adv
leito;3;nom
levamos;3;ver
internos;3;adj
ajustar;3;ver
imperador;3;nom
rejeitaram;3;ver
conturbado;3;adj
cachorrinho;3;nom
rabo;3;nom
obedecendo;3;ver
estudados;3;ver
jó;3;nr
peste;3;nom
palavreado;3;nom
aventurado;3;ver
órfão;3;adj
sirva;3;ver
perversas;3;adj
ninho;3;nom
despedir;3;ver
bocadinho;3;nom
manteiga;3;nom
adorado;3;ver
consolador;3;nom
permitiria;3;ver
judia;3;adj
demonstraram;3;ver
podcasts;3;nr
geopolítica;3;adj
assisti;3;ver
globalista;3;nr
globalistas;3;nr
cruzes;3;nom
relatou;3;ver
acreditasse;3;ver
rejeitou;3;ver
desnudado;3;ver
salvas;3;ver
confessou;3;ver
hão;3;ver_sup
portugueses;3;adj
franceses;3;adj
europeia;3;adj
conhecereis;3;ver
blinde;3;ver
tirá;3;nr
martino;3;nom
decida;3;ver
profecias;3;nom
nero;3;nom
exilado;3;ver
habitam;3;ver
aguentado;3;ver
temporal;3;adj
avaliando;3;ver
confiante;3;adj
4000;3;num
papão;3;nom
somem;3;ver
tampados;3;ver
gratos;3;adj
murmuração;3;nom
cairá;3;ver
eupídio;3;nr
erva;3;nom
acabo;3;ver
chame;3;ver
armadilha;3;nom
virtuosa;3;adj
servas;3;nom
vestidos;3;nom
sábia;3;adj
desestímulo;3;nom
milionária;3;adj
muçulmanos;3;adj
alimentadas;3;ver
pegada;3;nom
tirem;3;ver
parecidos;3;adj
descansei;3;nr
escolhidas;3;adj
submissos;3;adj
sirvam;3;ver
sábias;3;adj
ótimas;3;adj
enchido;3;ver
chamaremos;3;ver
expressões;3;nom
conferida;3;ver
editada;3;ver
repartir;3;ver
insistência;3;nom
considere;3;ver
sublime;3;adj
envenenar;3;ver
brun;3;nr
revelada;3;ver
dent;3;nr
tocados;3;ver
dario;3;nom
sátrapas;3;nr
sofresse;3;ver
dolo;3;nom
sepultura;3;nom
credo;3;nom
clamava;3;ver
covas;3;nom
noos;3;nr
gra;3;nr
cono;3;nr
chegarmos;3;ver
curiosa;3;adj
pressionado;3;ver
êxodo;3;nom
observo;3;ver
crio;3;ver
meditar;3;ver
nelas;3;pro_per
ordenei;3;ver
desanime;3;ver
er;3;nr
incapaz;3;adj
fundamentado;3;ver
130;3;num
pratica;3;ver
balde;3;nom
cobrimos;3;ver
transmissão;3;nom
descoberto;3;adj
lawrence;3;nr
chapéu;3;nom
jackson;3;nom
ordenado;3;adj
alturas;3;nom
rasa;3;adj
barba;3;nom
desejava;3;ver
perdoo;3;ver
herodes;3;nom
bandeja;3;nom
limpinha;3;adj
garanhão;3;nom
apanho;3;ver
sequestrar;3;ver
influente;3;adj
dedicam;3;ver
desgaste;3;nom
envergonho;3;ver
grego;3;adj
fabriciano;3;nr
jonathan;3;nom
ninga;3;nr
influencie;3;ver
reconstrutor;3;nom
mentoria;3;nr
firmado;3;ver
caídos;3;adj
respond;3;nr
permitimos;3;ver
viam;3;ver_sup
concluindo;3;ver
olharam;3;nom
desaparecido;3;adj
desejado;3;adj
libertou;3;ver
ladinho;3;nom
sentadinho;3;nr
cuiabá;3;nom
estúpido;3;adj
vido;3;ver
caminhadinha;3;nr
magnífico;3;adj
joyce;3;nom
intercedam;3;ver
nicodemos;3;nr
her;3;nr
aceitei;3;ver
convencendo;3;ver
reverberar;3;ver
suicida;3;adj
cuidam;3;ver
dormem;3;ver
motivações;3;nom
bebidas;3;nom
gemidos;3;nom
cou;3;nr
beijar;3;ver
amig;3;nr
fabrício;3;nom
enviará;3;ver
desprezo;3;nom
confessará;3;ver
louvarmos;3;nr
mova;3;ver
abala;3;ver
entronizado;3;ver
estremeceu;3;ver
grand;3;nr
quebras;3;nom
renovando;3;ver
atacadas;3;ver
obed;3;nr
prospera;3;ver
vô;3;nom
naamã;3;nr
leproso;3;nom
desestruturada;3;nr
significativa;3;adj
descobrimos;3;ver
maduros;3;adj
geme;3;ver
abalam;3;ver
palácios;3;nom
caldeus;3;adj
templos;3;nom
apostaram;3;ver
saad;3;nr
darão;3;ver
bug;3;nr
reabrir;3;ver
localizado;3;ver
genebra;3;nom
higiene;3;nom
jogavam;3;ver
imitador;3;nom
herdeiro;3;nom
joguei;3;ver
emocionalmente;3;adv
desequilibradas;3;adj
promovem;3;ver
esterilidade;3;nom
casando;3;ver
estéreis;3;adj
imperfeitas;3;adj
terceirizado;3;nr
teólogo;3;nom
expandindo;3;ver
invada;3;ver
destruí;3;ver
invadida;3;ver
achá;3;nr
sábios;3;adj
apressa;3;ver
constituídas;3;ver
consonância;3;nom
estejais;3;ver_sup
negativas;3;adj
ponho;3;ver
cantores;3;nom
temperamento;3;nom
cobrei;3;ver
públic;3;nr
trilogia;3;nom
repreendido;3;ver
falhado;3;ver
nuclear;3;adj
politizar;3;ver
sindicalismo;3;nom
recorrente;3;adj
garantam;3;ver
regimentais;3;adj
pichações;3;nom
descoberta;3;ver
adicionar;3;ver
surto;3;nom
pensarmos;3;ver
belins;3;nr
respeitadas;3;adj
atendermos;3;ver
zonas;3;nom
portar;3;ver
duto;3;nom
imposta;3;nom
despreparados;3;adj
dirigentes;3;nom
benin;3;nom
conced;3;nr
incidentes;3;nom
chocante;3;adj
traças;3;nom
deter;3;ver
laura;3;nom
massacres;3;nom
desconforto;3;nom
milícias;3;nom
truculenta;3;adj
desonesta;3;adj
acessibilidade;3;nom
desgoverno;3;nom
focando;3;ver
criticam;3;ver
registrados;3;ver
saudades;3;nom
alunas;3;nom
durmo;3;ver
reportar;3;ver
estudiosos;3;adj
acatava;3;ver
orientando;3;ver
introduz;3;ver
tolera;3;ver
enfiar;3;ver
andassem;3;nom
finalizo;3;ver
atentamente;3;adv
sentirem;3;ver
compensar;3;ver
adriano;3;nom
multiplicação;3;nom
talía;3;nr
suspende;3;ver
mita;3;nr
colocariam;3;ver
convívio;3;nom
atuarem;3;ver
baseia;3;ver
visitava;3;ver
públ;3;nr
de2022;3;nr
osos;3;nr
quest;3;nr
concluída;3;ver
sentarem;3;ver
transtornos;3;nom
terminam;3;ver
provoca;3;ver
persuadir;3;ver
iniciação;3;nom
alides;3;nr
votemos;3;ver
coloquemos;3;ver
damião;3;nom
unidas;3;adj
formular;3;ver
insatisfeito;3;adj
cautela;3;nom
híbrida;3;adj
06;3;num
solicitadas;3;adj
acatada;3;ver
informou;3;ver
delegada;3;ver
titulares;3;adj
transferido;3;ver
consolidou;3;ver
defendiam;3;ver
plantação;3;nom
583;3;num
106;3;num
usarem;3;ver_sup
antemão;3;nom
tábua;3;nom
informática;3;nom
quim;3;nr
kataguiri;3;nr
capacita;3;ver
pitágoras;3;nom
valendo;3;ver
distribuir;3;ver
inscrita;3;ver
testando;3;ver
raymond;3;nom
evo;3;nr
namorados;3;nom
secretarias;3;nom
diversidades;3;nom
planejada;3;ver
assinamos;3;ver
inclusivas;3;adj
distribuído;3;ver
quilombola;3;nom
internautas;3;nr
convocamos;3;ver
implantamos;3;nr
comitês;3;nom
capacitados;3;adj
caímos;3;ver
contemplados;3;ver
superação;3;nom
pibid;3;nr
pack;3;nr
154;3;num
208;3;num
coordenar;3;ver
conclusivo;3;adj
legalmente;3;adv
sacar;3;ver
intervalo;3;nom
prorrogando;3;ver
201;3;num
efetivas;3;adj
focadas;3;ver
esquecidos;3;adj
unificar;3;ver
cheguem;3;ver
resido;3;ver
pimentel;3;nom
disz;3;nr
absorventes;3;adj
conceituou;3;ver
voando;3;ver
desregrada;3;adj
entrem;3;ver
falcatrua;3;nom
assegurados;3;ver
dissemos;3;ver_sup
processaram;3;ver
fecharam;3;ver
girão;3;nr
tenente;3;nom
euo;3;nr
eletrônic;3;nr
eua;3;nr
encaminhamentos;3;nom
maconheiros;3;nom
subescrever;3;nr
soria;3;nr
ortiz;3;nr
ocorrendo;3;ver
neoliberal;3;adj
sensíveis;3;adj
incluo;3;ver
pronúncia;3;nom
verifica;3;ver
efetividade;3;nom
eli;3;nr
sam;3;nr
pleito;3;nom
paladinos;3;nom
idosa;3;adj
acordamos;3;ver
recomeçar;3;ver
instrumentalização;3;nom
humilhados;3;adj
deplorável;3;adj
murro;3;nom
parâmetro;3;nom
agências;3;nom
desmatamento;3;nom
descaradamente;3;adv
gza;3;nr
surfando;3;ver
envergonhados;3;adj
desmoralizar;3;ver
aceitaria;3;ver
celeridade;3;nom
aut;3;nr
reunido;3;adj
oitava;3;adj_num
sétima;3;adj_num
indiciamento;3;nom
apavorados;3;adj
diminuição;3;nom
mobilizações;3;nom
passear;3;ver
separam;3;ver
soja;3;nom
passarem;3;ver
zanim;3;nr
desanimados;3;adj
calebe;3;nr
inspirou;3;ver
intento;3;nom
similares;3;adj
telepresencial;3;nr
tecnologias;3;nom
iniciativas;3;nom
prover;3;ver
133;3;num
indenizações;3;nom
relat;3;nr
eros;3;nom
otávio;3;nom
negativamente;3;adv
adequações;3;nom
substituto;3;nom
seguridade;3;nom
origina;3;ver
surda;3;adj
libertadora;3;adj
libertador;3;adj
alteramos;3;ver
ocorrerão;3;ver
sugeriria;3;ver
aguarda;3;ver
pv;3;nr
basear;3;ver
moreira;3;nom
angela;3;nr
davis;3;nom
russef;3;nr
djamila;3;nr
antirracistas;3;nr
condenando;3;ver
produzido;3;ver
difusão;3;nom
unicef;3;nr
freitas;3;nom
leiam;3;ver
condiz;3;ver
afetadas;3;adj
isabel;3;nom
áurea;3;adj
preceitos;3;nom
bricks;3;nr
sermões;3;nom
indiretas;3;adj
ouvintes;3;nom
par;3;nom
candomblé;3;nom
umbanda;3;nom
4458;3;num
597;3;num
emergenciais;3;adj
usp;3;nr
biênio;3;nom
aprendizagens;3;nom
sugerimos;3;ver
instauração;3;nom
retirasse;3;ver
agredido;3;ver
levará;3;ver
organiza;3;ver
preferência;3;nom
sofro;3;ver
encaminho;3;ver
agredindo;3;ver
cruzada;3;nom
interamericana;3;adj
petralhada;3;nr
2630;3;num
prevendo;3;ver
bancárias;3;adj
praticarem;3;ver
introduzir;3;ver
votadas;3;ver
encerraremos;3;nr
roubarem;3;ver
ridicularizar;3;ver
pejorativa;3;adj
debochar;3;ver
proferidas;3;adj
laica;3;adj
coletivos;3;adj
estendo;3;ver
retrasado;3;ver
defendê;3;nr
vendia;3;ver
enquadra;3;ver
desestabilização;3;nom
produtiva;3;adj
senhoria;3;nom
concedendo;3;ver
típica;3;adj
quartéis;3;nom
ustra;3;nr
socialistas;3;nom
machado;3;nom
enfia;3;ver
360;3;num
prevenir;3;ver
exemplificar;3;ver
extinto;3;adj
obg;3;nr
fiscalizador;3;adj
alheia;3;adj
queimados;3;adj
gostavam;3;ver
pnld;3;nr
retoma;3;ver
pagam;3;ver
exitosa;3;nr
reabriu;3;ver
fadado;3;ver
avesso;3;adj
69;3;num
combinei;3;ver
destinação;3;nom
calf;3;nr
debateu;3;ver
cortaram;3;ver
abandonaram;3;ver
ae;3;nr
analisados;3;adj
caiado;3;nom
revoltar;3;ver
apresentarem;3;ver
mantidas;3;ver
pstu;3;nr
suspendeu;3;ver
tirarem;3;ver
permitido;3;ver
anotei;3;ver
sindicalistas;3;nom
destas;3;pre
aflige;3;ver
atuante;3;adj
parecida;3;adj
autoestima;3;nom
continuada;3;ver
recebê;3;nr
doutrinar;3;ver
cálculos;3;nom
identitária;3;nr
ajudamos;3;ver
anúncios;3;nom
repassado;3;ver
falará;3;ver
finalizamos;3;ver
sobriedade;3;nom
trilhar;3;ver
cristóvão;3;nom
aba;3;nom
adiar;3;ver
salariais;3;adj
deixarmos;3;ver
revoltada;3;adj
contradita;3;ver
abilho;3;nr
guarulhos;3;nom
deliberados;3;adj
inexistência;3;nom
descrito;3;ver
taxativo;3;adj
mqua;3;nr
mequon;3;nr
discutam;3;ver
repete;3;ver
posterior;3;adj
toni;3;nr
subjetiva;3;adj
justicativa;3;nr
edição;3;nom
validação;3;nom
apanhando;3;ver
apanhar;3;ver
dominaram;3;ver
interminável;3;adj
atingidos;3;ver
vésperas;3;nom
feriado;3;nom
fechamos;3;ver
retirados;3;ver
construí;3;ver
fóruns;3;nom
blocos;3;nom
registrada;3;ver
travestidos;3;nr
irrelevante;3;adj
matriz;3;nom
colônia;3;nom
marcados;3;adj
especificado;3;adj
escritos;3;nom
dependerão;3;ver
deliberação;3;nom
fundamenta;3;ver
desvalorizam;3;ver
justifica;3;ver
gerir;3;ver
neonazistas;3;adj
encontrada;3;ver
paul;3;nom
programático;3;adj
doutrinados;3;ver
reposição;3;nom
apanhou;3;ver
extrapola;3;ver
bato;3;ver
personalidades;3;nom
identifique;3;ver
propositivo;3;nr
empregar;3;ver
admitindo;3;ver
avançados;3;adj
atropelar;3;ver
construídas;3;ver
repetidos;3;adj 
seguia;3;ver
frames;3;nom
editado;3;ver
caio;3;ver
aproveitamento;3;nom
resoluções;3;nom
produtivo;3;adj
reportagens;3;nom
começará;3;ver
curtida;3;adj
despreze;3;ver
províncias;3;nom
desafiado;3;ver
ficarmos;3;ver
indique;3;ver
sociólogo;3;nom
treina;3;ver
apresentações;3;nom
ungido;3;adj
arrogância;3;nom
caminhou;3;ver
explicações;3;nom
verbas;3;nom
inquirir;3;ver
vitoriosa;3;adj
deixariam;3;ver
relativizada;3;ver
doçura;3;nom
internas;3;adj
discernir;3;ver
ideólogos;3;nom
decente;3;adj
laicidade;3;nr
inscreve;3;ver
tarcío;3;nr
rechaçado;3;ver
questionam;3;ver
pretensão;3;nom
tony;3;nom
abiro;3;nr
retome;3;ver
calam;3;ver
descondenado;3;nr
interpretada;3;ver
ater;3;ver
sindical;3;adj
encerrado;3;ver
repudiou;3;ver
elogiou;3;ver
230;3;num
particularmente;3;adv
valdemar;3;nom
educadora;3;nom
defensora;3;nom
iml;3;nr
permanecem;3;ver
confrontação;3;nom
lavou;3;ver
esperanças;3;nom
comemorei;3;ver
retornando;3;ver
sutil;3;adj
ala;3;nom
penoso;3;adj
implantá;3;nr
pessimista;3;adj
entregam;3;ver
diversão;3;nom
molhadinha;3;nr
seriados;3;nom
psicóloga;3;nom
pansexual;3;adj
amores;3;nom
identidades;3;nom
mourão;3;nom
gta;3;nr
descia;3;ver
territórios;3;nom
viabilizam;3;ver
esteticamente;3;adv
versa;3;nom
configura;3;ver
340;3;num
soa;3;ver
feed;3;nr
quentes;3;adj
captar;3;ver
zisa;3;nr
panfletos;3;nom
retenção;3;nom
pilotos;3;nom
gostinho;3;nom
autoanálise;3;nr
swat;3;nr
desejada;3;adj
estratégicas;3;adj
leais;3;adj
reunimos;3;ver
gravadas;3;ver
imersão;3;nom
selecionado;3;ver
administrador;3;nom
intencionados;3;adj
amigável;3;adj
bigodinho;3;nom
kau;3;nr
amplificar;3;ver
reiner;3;nr
cientista;3;nom
reels;3;nr
dina;3;nr
dan;3;nr
tavares;3;nom
ni;3;nr
marcando;3;ver
272;3;num
chorado;3;nom
cartões;3;nom
contextualização;3;nom
assessorar;3;ver
backstage;3;nr
loucuras;3;nom
afirmo;3;ver
conquistada;3;ver
oprimido;3;nom
canário;3;nom
produtores;3;nom
lamentavelmente;3;adv
corrigindo;3;ver
atirar;3;ver
alfredo;3;nom
registraram;3;ver
anualmente;3;adv
sobem;3;ver
oposta;3;adj
concordem;3;ver
conduz;3;ver
estadão;3;nr
oscar;3;nom
analogia;3;nom
desconhecimento;3;nom
torto;3;adj
convênio;3;nom
exercícios;3;nom
desnecessário;3;adj
identificou;3;ver
corrige;3;ver
206;3;num
prioritariamente;3;adv
litro;3;nom
retardar;3;ver
neutros;3;adj
quantitativa;3;adj
psiquiatras;3;nom
dedicados;3;ver
dentinhos;3;nom
agem;3;ver
spray;3;nom
petrolão;3;nr
silenciadas;3;ver
thgo;3;nr
amarrada;3;ver
criminais;3;adj
operacional;3;adj
honrou;3;ver
corporação;3;nom
especializadas;3;adj
pôs;3;ver
ares;3;nom
cadeado;3;nom
forçando;3;ver
aland;3;nr
investigando;3;ver
debochando;3;ver
cortado;3;adj
apagou;3;ver
fofocas;3;nom
figurinhas;3;nom
reclusão;3;nom
prints;3;nr
pouquíssimos;3;pro_ind
assassinar;3;ver
surgem;3;ver
580;3;num
assimétrica;3;adj
lute;3;ver
sentenças;3;nom
clon;3;nr
abrigar;3;ver
educado;3;adj
lírio;3;nom
ouvidoria;3;nr
susto;3;nom
morri;3;ver
ausenta;3;ver
brancas;3;adj
indignam;3;ver
toada;3;nom
enterrado;3;ver
cometemos;3;ver
canalias;3;nr
respiradores;3;adj
caírem;3;ver
soviéticos;3;adj
vendem;3;ver
abriga;3;ver
pixação;3;nr
fofinho;3;adj
fiúza;3;nom
ferrada;3;adj
yoyo;3;nr
morales;3;nom
descarado;3;adj
hilda;3;nom
lésbica;3;adj
reservado;3;adj
foquinha;3;nr
gritaram;3;ver
ucranianos;3;adj
camponeses;3;nom
exílio;3;nom
vietnã;3;nom
gulag;3;nom
torturados;3;adj
richard;3;nom
720;3;num
antinatural;3;adj
batedor;3;nom
guri;3;nom
regula;3;adj
expressa;3;ver
descriminalização;3;nom
limitados;3;adj
representei;3;ver
health;3;nr
nothing;3;nr
ours;3;nr
thing;3;nr
teachers;3;nr
already;3;nr
word;3;nom
supported;3;nr
fire;3;nr
private;3;nr
space;3;nr
always;3;nr
future;3;ver
rose;3;ver
lutarmos;3;ver
salvamos;3;ver
vestida;3;ver
bélgica;3;nom
air;3;nr
criadores;3;nom
hotéis;3;nom
negão;3;adj
ícone;3;nom
busquei;3;ver
despencar;3;ver
enfrentei;3;ver
saca;3;ver
loucamente;3;adv
pisando;3;ver
locomotiva;3;nom
corja;3;nom
dominados;3;ver
soares;3;nom
arrisca;3;ver
cripta;3;nom
chocar;3;ver
bico;3;nom
pichadores;3;adj
musiquinha;3;nom
descendente;3;nom
exonerado;3;ver
ajudante;3;nom
fraudadas;3;ver
coordenou;3;ver
noel;3;nom
bruta;3;adj
ignorada;3;adj
pressentimento;3;nom
monitor;3;nom
acomodar;3;ver
ona;3;nr
priorizando;3;ver
espantalho;3;nom
renato;3;nom
05;3;num
tentados;3;adj
bloqueia;3;ver
mazelas;3;nom
farsa;3;nom
pú;3;nr
pensadores;3;nom
rechaçar;3;ver
filmagens;3;nom
maravilha;3;nom
proferiu;3;ver
trote;3;nom
agredir;3;ver
rodolfo;3;nom
joana;3;nom
delinquente;3;nom
visuais;3;adj
exemplificação;3;nom
delinquentes;3;nom
reparação;3;nom
procurei;3;ver
permaneceram;3;ver
custas;3;nom
vegano;3;nr
historiadora;3;nom
habitação;3;nom
aramaico;3;nom
doutores;3;nom
neta;3;nom
playboy;3;nom
imitando;3;ver
preza;3;ver
cheirinho;3;nom
rodo;3;nom
colgate;3;nr
descreve;3;ver
cuidadosamente;3;adv
assustadora;3;adj
carinhosa;3;adj
gees;3;nr
impedimento;3;nom
deponte;3;nr
estudioso;3;adj
hello;3;nr
enviadas;3;ver
434;3;num
midiática;3;nr
chávez;3;nr
ellen;3;nom
invasores;3;nom
subido;3;ver
prematuras;3;adj
unha;3;nom
steven;3;nr
existiria;3;ver
contrito;3;adj
blinda;3;ver
informada;3;ver
capivara;3;nom
telemática;3;adj
seletividade;3;nom
novinho;3;adj
sumiram;3;ver
acreditaria;3;ver
instaurada;3;ver
gostaram;3;ver
green;3;nr
conluio;3;nom
ovulando;3;nr
cnj;3;nr
contratou;3;ver
exercia;3;ver
expedition;3;nr
cássio;3;nom
comandantes;3;nom
inconformismo;3;nom
persistir;3;ver
empreendimento;3;nom
descriminalizar;3;nr
batman;3;nr
deletou;3;nr
pararem;3;ver
remorso;3;nom
abraçá;3;nr
secou;3;ver
comunicolas;3;nr
sarça;3;nom
atraído;3;ver
baixei;3;ver
apague;3;ver
secos;3;adj
anônimo;3;adj
saquei;3;ver
furada;3;adj
matheus;3;nom
estourando;3;ver
costumava;3;ver
divindade;3;nom
editar;3;ver
decretou;3;ver
entristeceu;3;ver
existencial;3;adj
fechava;3;ver
atendo;3;ver
vulgo;3;nom
utilidade;3;nom
midian;3;nr
metida;3;adj
copiou;3;ver
mania;3;nom
achareis;3;ver
divino;3;adj
reage;3;ver
trancada;3;ver
revestidos;3;ver
sacola;3;nom
danone;3;nr
cercaram;3;ver
ezenete;3;nr
quiabo;3;nom
tronco;3;nom
jeitinho;3;nom
vivenciei;3;ver
square;3;nr
estádios;3;nom
similaridade;3;nom
modulação;3;nom
copia;3;ver
descredibilizar;3;nr
pêndulo;3;nom
denominações;3;nom
brincava;3;ver
nutella;3;nr
engajar;3;ver
trouxesse;3;ver
fariseu;3;nom
prostrados;3;adj
profetizou;3;ver
deturpar;3;ver
destitui;3;ver
experimentando;3;ver
audível;3;adj
terremoto;3;nom
366;3;num
consagrado;3;ver
pentateuco;3;nom
instruir;3;ver
clamarmos;3;nr
angustiados;3;adj
vazios;3;adj
confrontos;3;nom
posicionam;3;ver
desviei;3;ver
casei;3;ver
espiritualizam;3;nr
tenso;3;adj
ministrou;3;ver
impactante;3;adj
abençoadas;3;adj
recompensará;3;ver
luan;3;nr
irmãzinha;3;nom
vencidas;3;ver
humilhou;3;ver
domínios;3;nom
álbum;3;nom
gerava;3;ver
timidez;3;nom
assentados;3;ver
impuros;3;adj
cadeirante;3;nr
ousadas;3;adj
cristaleira;3;nr
tocada;3;ver
capacitada;3;ver
ótimos;3;adj
tempestades;3;nom
maçonaria;3;nom
arrumou;3;ver
liberalismo;3;nom
relativizando;3;ver
expulsando;3;ver
telão;3;nom
ordenar;3;ver
saquear;3;ver
expulsam;3;ver
escatológico;3;adj
triunfo;3;nom
coma;3;nom
repetiu;3;ver
enfermaria;3;nom
fingido;3;adj
rebelião;3;nom
cultuar;3;ver
seca;3;adj
dilúvio;3;nom
zela;3;ver
atropelou;3;ver
esconda;3;ver
monólogo;3;nom
dobramos;3;ver
dj;3;nr
espinhos;3;nom
meditação;3;nom
ilhéus;3;nom
esperançoso;3;adj
lancei;3;ver
alegram;3;ver
congrega;3;ver
narra;3;ver
ordenando;3;ver
alegrias;3;nom
desistam;3;ver
atribulada;3;adj
barraca;3;nom
clamou;3;ver
camelos;3;nom
capacitar;3;ver
males;3;adv
elogia;3;ver
jundiaí;3;nom
versões;3;nom
dunas;3;nom
evangelismo;3;nom
ilimitado;3;adj
convertidos;3;ver
momentânea;3;adj
enviando;3;ver
vestindo;3;ver
fardo;3;nom
fortalecida;3;ver
célula;3;nom
pista;3;nom
aventura;3;nom
apologética;3;adj
banida;3;ver
provável;3;adj
golpes;3;nom
heresias;3;nom
pedirem;3;ver
inteiramente;3;adv
assuero;3;nr
amanda;3;nom
posicionados;3;ver
propriamente;3;adv
estudava;3;ver
espinheiro;3;nom
produziu;3;ver
tre;3;nr
fluindo;3;ver
levantava;3;ver
toalha;3;nom
gritaria;3;nom
encantado;3;adj
despedindo;3;ver
consolação;3;nom
semear;3;ver
jejuamos;3;nr
entrará;3;ver
spurgeon;3;nr
retorna;3;ver
aguiari;3;nr
hiroshima;3;nom
aguento;3;ver
apegar;3;ver
corto;3;ver
acalentou;3;ver
constituiu;3;ver
escassez;3;nom
córrego;3;nom
temerei;3;ver
angustiada;3;adj
reuni;3;ver
caminhamos;3;ver
ouço;3;ver
tropeça;3;ver
negligenciando;3;ver
calando;3;ver
dependo;3;ver
fertilidade;3;nom
confunde;3;ver
atrai;3;ver
comem;3;ver
malditas;3;adj
viajou;3;ver
novinha;3;adj
acalmando;3;ver
putz;3;nr
sertaneja;3;nom
mimimi;3;nr
substitui;3;ver
rezamos;3;ver
megafone;3;nom
exercitar;3;ver
bares;3;nom
dvd;3;nr
generoso;3;adj
patriotas;3;adj
texas;3;nom
cavaleiros;3;nom
manga;3;nom
combinou;3;ver
consagra;3;ver
imaginaria;3;ver
grandeza;3;nom
congregar;3;ver
despedida;3;nom
desci;3;ver
delicada;3;adj
calarei;3;ver
venceremos;3;ver
chamas;3;nom
ostenta;3;ver
incitando;3;ver
homossexualismo;3;nom
clamaram;3;ver
tormenta;3;nom
nicolinhas;3;nr
encostar;3;ver
jezabel;3;nr
dinâmico;3;adj
prevaleceram;3;ver
respaldado;3;ver
baal;3;nom
endemoniada;3;nr
saírem;3;ver
demoram;3;ver
cananeia;3;nr
fluxo;3;nom
pesadelos;3;nom
tomavam;3;ver
objetos;3;nom
charuto;3;nom
nativos;3;adj
alemães;3;adj
silenciando;3;ver
trechos;3;nom
pepsi;3;nr
ingênua;3;adj
alcanço;3;ver
191;3;num
dinda;3;nom
conseguirá;3;ver
sapo;3;nom
incapacidade;3;nom
retido;3;adj
acarretar;3;ver
detidas;3;adj
leila;3;nom
divulguei;3;ver
ditando;3;ver
alan;3;nom
inconformada;3;adj
paridade;3;nom
revisão;3;nom
dieta;3;nom
compreendam;3;ver
origami;3;nr
mágica;3;adj
comprovadamente;3;adv
entrevistadores;3;nom
jovenzinhos;3;adj
save;3;nr
perverter;3;ver
meirelles;3;nom
pressões;3;nom
clã;3;nom
supra;3;ver
insetos;3;nom
perseguiam;3;ver
canalhice;3;nom
menosprezar;3;ver
preconceituosos;3;adj
horrores;3;nom
cês;3;nr
delito;3;nom
entraria;3;ver
benedita;3;nom
alvos;3;adj
furioso;3;adj
atração;3;nom
peraí;3;nr
infrutíferas;3;adj
aplicações;3;nom
discordâncias;3;nom
autopercepção;3;nr
johnny;3;nom
dezenove;3;adj_num
dislexia;3;nom
recusou;3;ver
lilo;3;nr
tatuagem;3;nom
opostas;3;adj
inúteis;3;adj
carreata;3;nom
politicagem;3;nom
mama;3;nom
católicas;3;adj
terno;3;adj
sensor;3;nom
injetando;3;ver
introduzida;3;ver
dentista;3;nom
sacode;3;ver
santinho;3;adj
agride;3;ver
atlético;3;adj
rival;3;nom
tatuar;3;ver
cadinho;3;nom
vença;3;ver
ignorei;3;ver
cadastrar;3;ver
direi;3;ver_sup
burger;3;nr
2970;3;num
parcelado;3;adj
junior;3;nom
login;3;nr
legalzão;3;nr
montado;3;adj
ficção;3;nom
filosófica;3;adj
tesouras;3;nom
comprado;3;ver
tomava;3;ver
pula;3;ver
klimber;3;nr
dancinha;3;nr
bichos;3;nom
vêem;3;ver_sup
convença;3;ver
questionei;3;ver
gentili;3;nr
desligou;3;ver
horroroso;3;adj
iza;3;nr
camisinha;3;nom
calmo;3;adj
prometi;3;ver
ajeitando;3;ver
inverno;3;nom
fingindo;3;ver
finn;3;nr
dominamos;3;ver
transar;3;ver
ford;3;nom
polares;3;adj
toxicológico;3;adj
abreu;3;nom
envolvida;3;ver
coquetel;3;nom
bilhete;3;nom
longas;3;adj
sereia;3;nom
amoeba;3;nr
agronegócio;3;nr
aglomerar;3;ver
atritos;3;nom
logoterapia;3;nr
arrependi;3;ver
corinthians;3;nom
gado;3;nom
imperfectibilidade;3;nr
madura;3;adj
interrogação;3;nom
alemã;3;adj
agitação;3;nom
cibernético;3;adj
grêmio;3;nom
modus;3;nr
operandi;3;nr
oriente;3;nom
www;3;nr
bope;3;nr
jacarezinho;3;nom
comune;3;nr
malefícios;3;nom
julgando;3;ver
pousada;3;nom
fatias;3;nom
isidoro;3;nom
travessa;3;nom
mônica;3;nom
jacaré;3;nom
criancinha;3;nom
influências;3;nom
comprido;3;adj
caretas;3;nom
tons;3;nom
tigrão;3;nr
maliciosa;3;adj
talk;3;nr
phd;3;nr
lane;3;nr
11202;3;num
córregos;3;nom
sp;3;nr
atadas;3;adj
rolo;3;nom
vaca;3;nom
oitenta;3;adj_num
escraviza;3;ver
duvidando;3;ver
skin;3;nr
vangloriando;3;ver
consiste;3;ver
exorbitante;3;adj
transcendente;3;adj
colhendo;3;ver
agressões;3;nom
mg;3;nr
bbb;3;nr
anticapitalista;3;nr
salame;3;nom
mortalidade;3;nom
baita;3;adj
soco;3;nom
sindicância;3;nom
varão;3;adj
eudes;3;nr
funks;3;nr
cipriano;3;nom
juntaram;3;ver
gates;3;nom
malucos;3;adj
dori;3;nr
admirar;3;ver
pneu;3;nom
intencionada;3;adj
burguês;3;adj
usufruindo;3;ver
lápis;3;nom
objetifica;3;nr
jaque;3;nr
trepa;3;ver
adotivos;3;adj
xi;3;ono
machucou;3;ver
rebouças;3;nom
pote;3;nom
questions;3;nr
pinguim;3;nr
js;3;nr
sofisticação;3;nom
pronunciando;3;ver
jiu;3;nr
jitsu;3;nr
douglas;3;nom
dominam;3;ver
sardinha;3;nom
desenvolveu;3;ver
leem;3;nr
discipular;3;nr
87;3;num
compadece;3;ver
falhos;3;adj
aconteciam;3;ver
peculiar;3;adj
ridicularizado;3;ver
sedã;3;nr
hub;3;nr
aéreo;3;adj
ruby;3;nr
resolvi;3;ver
chechênia;3;nr
fantoche;3;nom
idéias;3;nom
falada;3;ver
roupagem;3;nom
menezes;3;nom
juan;3;nom
negarão;3;ver
odiados;3;adj
preciosas;3;adj
valando;3;nr
amalek;3;nr
mad;3;nr
invadam;3;ver
doméstica;3;adj
despencando;3;ver
ludmila;3;nom
starbucks;3;nr
síndico;3;nom
bundão;3;nr
resistirá;3;ver
repousar;3;ver
nicas;3;ver
choramos;3;ver
legalizando;3;ver
reaction;3;nr
investigated;3;nr
minister;3;nr
intention;3;nr
opinion;3;nr
affects;3;nr
care;3;nr
open;3;nom
think;3;nr
britânica;3;adj
constituir;3;ver
patrick;3;nom
sonça;3;nr
marionete;3;nom
guiados;3;ver
desesperança;3;nom
emaús;3;nom
490;3;num
suplicou;3;ver
pontes;3;nom
gales;3;nom
agitada;3;adj
usufruir;3;ver
redobre;3;ver
permitiram;3;ver
perceberem;3;ver
crispim;3;nr
multi;3;nr
grão;3;nom
game;3;nom
sjpr;3;nr
privatizações;3;nom
radar;3;nom
projetinho;3;nr
jegue;3;nom
124;3;num
porcentagem;3;nom
chinesa;3;adj
madeira;3;nom
tradições;3;nom
cartinha;3;nom
gravem;3;ver
incoerente;3;adj
didn;3;nr
medicine;3;ver
pinta;3;nom
enchia;3;ver
samurai;3;nom
parceira;3;nom
indiana;3;adj
etnia;3;nom
madruga;3;ver
tartarugas;3;nom
caçadora;3;nom
coutinho;3;nom
gramscismo;3;nr
quilômetros;2;nom
céia;2;nr
ocupamos;2;ver
pressionou;2;ver
bento;2;adj
exilados;2;adj
tófoli;2;nr
avalanche;2;nom
lembrada;2;ver
bravamente;2;adv
abastecer;2;ver
despontando;2;ver
indícios;2;nom
diplomático;2;adj
hoffman;2;nom
externamente;2;adv
tum;2;nr
valiosa;2;adj
incompreensível;2;adj
funcionem;2;ver
alcançamos;2;ver
jandia;2;nr
niícolas;2;nr
respondesse;2;ver
serrana;2;nom
proporcionalmente;2;adv
deslavada;2;adj
enchurrada;2;nr
isenção;2;nom
lupa;2;nom
ameaçador;2;adj
sedentos;2;adj
depressivo;2;adj
encaro;2;ver
expus;2;ver
atípico;2;adj
cestas;2;nom
àquela;2;art_def
revertido;2;ver
afrontar;2;ver
alegou;2;ver
abusada;2;ver
ufop;2;nr
nona;2;adj_num
disfarçada;2;adj
responsabilizada;2;ver
tornos;2;nom
preces;2;nom
levaria;2;ver
torrado;2;adj
pintado;2;ver
progressiva;2;adj
esmagado;2;adj
moldam;2;ver
viramos;2;ver
desafetos;2;adj
milímetro;2;nom
333;2;num
minimamente;2;adv
executivos;2;adj
panfletinho;2;nr
pensavam;2;ver
arrebentar;2;ver
gumota;2;nr
solidarizou;2;ver
ignorem;2;ver
agree;2;nr
mr;2;nr
kelly;2;nom
forum;2;nr
daughters;2;nr
close;2;nom
violence;2;nr
imposes;2;nr
operating;2;nr
operate;2;nr
half;2;nr
territories;2;nr
seriously;2;nr
form;2;nr
study;2;nr
between;2;nr
quarter;2;nr
governments;2;nr
violent;2;nr
elected;2;nr
provide;2;nr
daily;2;nr
red;2;nr
command;2;nr
uses;2;ver_sup
several;2;nr
methods;2;nr
execution;2;nr
residents;2;nr
activities;2;nr
circulated;2;nr
alligators;2;nr
yes;2;nr
rise;2;nr
stray;2;nr
bullets;2;nr
crossfire;2;nr
days;2;nr
innocent;2;nr
workers;2;nr
says;2;nr
step;2;nr
bring;2;nr
roads;2;nr
end;2;nr
tragedy;2;nr
stage;2;nr
declared;2;nr
kills;2;nr
enough;2;nr
owners;2;nr
extortion;2;nr
parallel;2;nr
totalitarian;2;nr
armed;2;nr
unpunished;2;nr
homes;2;nom
fort;2;nr
allesa;2;nr
least;2;nr
months;2;nr
219;2;num
understand;2;nr
founded;2;nr
began;2;nr
prisoners;2;nr
later;2;ver
billions;2;nr
internal;2;nr
ability;2;nr
corrupt;2;nr
agents;2;nr
organized;2;nr
judge;2;nr
threat;2;nr
165;2;num
eyes;2;nr
rs;2;nr
related;2;nr
decades;2;nr
ago;2;nr
objective;2;ver
reorganize;2;ver
american;2;nr
weapons;2;nr
project;2;nr
abandoned;2;nr
revolution;2;nr
hostage;2;nr
cells;2;nr
terrorist;2;nr
countries;2;nr
narco;2;nr
proof;2;nr
came;2;ver
heroes;2;nr
send;2;nr
anymore;2;nr
parents;2;nr
sure;2;nr
whole;2;nr
party;2;nr
built;2;nr
petrol;2;nr
loan;2;nr
bought;2;nr
campaigns;2;nr
silenced;2;nr
traffickers;2;nr
practice;2;nr
work;2;nr
hearings;2;nr
held;2;nr
act;2;nr
argument;2;nr
effective;2;nr
oversight;2;nr
over;2;nom
mechanism;2;nr
politically;2;nr
filled;2;nr
imposed;2;nr
authorization;2;nr
citizen;2;nr
expanding;2;nr
ministers;2;nr
choose;2;nr
forward;2;nom
jail;2;nr
works;2;nr
living;2;nom
transform;2;nr
confronting;2;nr
institutions;2;nr
long;2;nr
bendiga;2;ver
really;2;nr
got;2;nr
cadastrada;2;ver
513;2;num
complicando;2;ver
complicar;2;ver
decidia;2;ver
credenciadas;2;adj
credenciada;2;ver
trajeto;2;nom
percurso;2;nom
inadimplentes;2;adj
comandou;2;ver
incoerentes;2;adj
desumanização;2;nom
classificar;2;ver
atirador;2;nom
amável;2;adj
rancor;2;nom
repudia;2;ver
desejáveis;2;adj
estereótipos;2;nom
1917;2;num
psl;2;nr
demitidos;2;ver
comovidos;2;adj
construa;2;ver
solidário;2;adj
abstrata;2;adj
negue;2;ver
discipulado;2;nom
desfeita;2;adj
passividade;2;nom
escarnecido;2;ver
balanço;2;nom
organizou;2;ver
melodias;2;nom
indefesos;2;adj
moldar;2;ver
columbre;2;nr
anticampanha;2;nr
varrer;2;ver
juram;2;ver
tachar;2;ver
cérebros;2;nom
alíquota;2;nom
movimentou;2;ver
ganância;2;nom
custando;2;ver
louis;2;nom
leblon;2;nom
retornaram;2;ver
recuperado;2;ver
rodovias;2;nom
blusinha;2;nom
fauna;2;nom
escorreu;2;ver
alienados;2;adj
agirem;2;ver
condená;2;nr
ousou;2;ver
ria;2;nom
soubessem;2;ver_sup
sobrinha;2;nom
71;2;num
cautelar;2;adj
fisioterapia;2;nom
breno;2;nom
descumpriu;2;ver
abstrato;2;adj
atentaram;2;ver
mesada;2;nom
animados;2;adj
paralisa;2;ver
daimetria;2;nr
apoiaram;2;ver
vetam;2;ver
contasse;2;ver
ritos;2;nom
comeia;2;nr
garantimos;2;ver
viário;2;adj
desafogar;2;ver
pavimentação;2;nom
ipatinga;2;nom
lagoas;2;nom
caótico;2;adj
neonatal;2;adj
publicização;2;nr
266;2;num
tecnológicos;2;adj
competições;2;nom
vocacional;2;adj
destinamos;2;nr
cerebral;2;adj
refeições;2;nom
humanitário;2;adj
champinha;2;nr
marginais;2;adj
mandava;2;ver
ecoar;2;ver
atuações;2;nom
sinaliza;2;ver
recebimento;2;nom
mentalmente;2;adv
desmandos;2;nom
direções;2;nom
doimetria;2;nr
conversaram;2;ver
ciente;2;adj
aproveitei;2;ver
votava;2;ver
4x3;2;nr
franca;2;adj
lavoro;2;ver
focam;2;ver
caricato;2;adj
redemocratização;2;nom
abaixaram;2;ver
itos;2;nr
daviol;2;nr
envolvimentos;2;nom
assino;2;ver
revirar;2;ver
columbia;2;nom
metrópoles;2;nom
1o;2;nr
doosimetria;2;nr
lisboa;2;nom
291;2;num
capricho;2;nom
dosetria;2;nr
enfraquece;2;ver
culpados;2;adj
prejuízos;2;nom
ânimos;2;nom
convoque;2;ver
dancinhas;2;nr
reunirmos;2;ver
impitimado;2;nr
tardia;2;adj
autenticidade;2;nom
ajuntando;2;ver
velhinhos;2;adj
clichê;2;nom
destinei;2;nr
impactando;2;ver
candidatado;2;ver
vampiros;2;nom
jejuado;2;ver
insistido;2;ver
seara;2;nom
anichia;2;nr
desvantagem;2;nom
reencontrar;2;ver
sairão;2;ver
arruaça;2;nom
vigorosos;2;adj
transações;2;nom
revogaram;2;ver
autônomo;2;adj
achadinha;2;nr
quebrei;2;ver
argentino;2;adj
moicano;2;nr
candidatando;2;ver
influencer;2;nr
aniele;2;nr
osmar;2;nom
tapetão;2;nom
borrando;2;ver
armaram;2;ver
esticou;2;ver
fuzis;2;nom
perdas;2;nom
focados;2;ver
pombas;2;nom
fofa;2;adj
balcão;2;nom
injeta;2;ver
facilitando;2;ver
integrante;2;nom
bilionária;2;adj
tirados;2;ver
suspeitas;2;nom
irregulares;2;adj
proibindo;2;ver
temporária;2;adj
semiaberto;2;nr
circula;2;adj
pataquada;2;nr
ressaltou;2;ver
dicionário;2;nom
pertencentes;2;adj
reivindicam;2;ver
terminologia;2;nom
modernizar;2;ver
éca;2;nr
transfóbica;2;nr
zelândia;2;nom
consecutiva;2;adj
alana;2;nr
lâmpada;2;nom
soua;2;nr
engravidou;2;ver
feminicídio;2;nr
vago;2;adj
destruam;2;ver
fundamentalistas;2;adj
77;2;num
radicalismo;2;nom
retiraram;2;ver
casou;2;ver
passivos;2;adj
víboras;2;nom
parecidas;2;adj
cuspiu;2;ver
jara;2;nr
agrediu;2;ver
confusões;2;nom
frutificar;2;ver
galber;2;nr
incentivaram;2;ver
ajudei;2;ver
apoiei;2;ver
samia;2;nr
cumprimentou;2;ver
fuzilando;2;ver
inspiradores;2;adj
carapuça;2;nom
conformado;2;ver
impitimada;2;nr
cometi;2;ver
soluço;2;nom
reequilibrar;2;ver
íamos;2;ver_sup
aplauda;2;ver
escalonando;2;ver
fab;2;nr
brinque;2;ver
expurgam;2;nr
expurgar;2;ver
tê;2;nr
lotar;2;ver
devora;2;ver
comporta;2;ver
tributação;2;nom
viajante;2;nom
máfia;2;nom
magnitude;2;nom
postagens;2;nom
conseguirem;2;ver
miram;2;ver
cobraremos;2;nr
transparente;2;adj
navios;2;nom
comparou;2;ver
modificadas;2;ver
diplomática;2;adj
latas;2;nom
resultar;2;ver
olharia;2;nom
parcialmente;2;adv
generalizado;2;adj
440;2;num
abranger;2;ver
adota;2;ver
finlândia;2;nom
adotam;2;ver
médiuns;2;nom
triplicou;2;ver
pejorativo;2;adj
duvidem;2;ver
envelhecer;2;ver
rende;2;ver
famosos;2;adj
fabi;2;nr
sec;2;nr
valia;2;ver
discord;2;nr
detonando;2;ver
aplaudem;2;ver
conseguiríamos;2;ver
frágeis;2;adj
desmonte;2;nom
deflagar;2;nr
sindap;2;nr
contag;2;nr
ressacimento;2;nr
mudaria;2;ver
leque;2;nom
burocracia;2;nom
embuído;2;nr
bet;2;nr
bilhõesais;2;nr
ultrapassam;2;ver
estadia;2;nom
loop;2;nr
dirigido;2;ver
hanan;2;nr
tigela;2;nom
gaf;2;nr
ré;2;nom
enquadrada;2;adj
fundadores;2;nom
ramás;2;nr
alqaida;2;nr
ramas;2;nom
lamenta;2;ver
santinhos;2;adj
fuzilou;2;ver
falariam;2;ver
peroba;2;nom
bo;2;nr
soltaram;2;ver
animosidade;2;nom
pupô;2;nr
voltarei;2;ver
filiados;2;adj
consentimento;2;nom
empréstimos;2;nom
associações;2;nom
indevidos;2;adj
encontradas;2;adj
remotas;2;adj
advoga;2;ver
reuniram;2;ver
seguirão;2;ver
punições;2;nom
instalada;2;ver
explorando;2;ver
px;2;nr
movimentam;2;ver
isento;2;ver
feirantes;2;nom
honestamente;2;adv
microempreendedores;2;nr
débito;2;nom
custos;2;nom
entregador;2;nom
coletando;2;ver
gordo;2;adj
conquistando;2;ver
cumprisse;2;ver
fiscais;2;nom
lgbtqi;2;nr
enganam;2;ver
trouxas;2;nom
negacionista;2;nr
pornográfica;2;adj
aproximando;2;ver
penetrando;2;ver
bebedeira;2;nom
enfrentá;2;nr
sequestrada;2;ver
ensaio;2;nom
camarote;2;nom
aché;2;nr
culhão;2;nr
traficam;2;ver
tourar;2;nr
malandragem;2;nom
anseia;2;ver
suado;2;adj
bastidor;2;nom
cognição;2;nom
impossibilitar;2;ver
gps;2;nr
elenca;2;nr
escusou;2;ver
desinteressada;2;adj
direit;2;nr
legislador;2;nom
legisladores;2;nom
velada;2;adj
superioridade;2;nom
pouquíssima;2;pro_ind
massacrar;2;ver
jejuei;2;nr
metem;2;ver
ajoelha;2;ver
566;2;num
centraliza;2;ver
subi;2;ver
enviada;2;ver
apertaram;2;ver
periculosidade;2;nom
treinado;2;ver
ed;2;nr
pleasure;2;nr
daughter;2;nr
reflection;2;nr
personal;2;nr
sustain;2;nr
recently;2;nr
taken;2;nr
especially;2;nr
authentic;2;nr
however;2;nr
hand;2;nr
happens;2;nr
recognizes;2;nr
order;2;nr
condition;2;nr
learn;2;nr
turn;2;nr
wait;2;nr
systems;2;nr
transformations;2;nr
fulfills;2;nr
morality;2;nr
challenges;2;nr
cycle;2;nr
pursuit;2;nr
external;2;nr
return;2;nr
taking;2;nr
arena;2;nom
certain;2;nr
pains;2;nr
dictatorship;2;nr
opponents;2;nr
feeling;2;nom
faith;2;nr
abortion;2;nr
creating;2;nr
ideology;2;nr
activism;2;nr
heaven;2;nr
having;2;nr
watching;2;nr
since;2;nr
part;2;nr
matters;2;nr
actions;2;nr
fil;2;nr
expresidente;2;nr
tin;2;nr
transformará;2;ver
1300;2;num
namorava;2;ver
garruchinha;2;nr
famíli;2;nr
entrarmos;2;ver
plausíveis;2;adj
compareça;2;ver
sucessão;2;nom
acatar;2;ver
melo;2;ver
faculdad;2;nr
simpático;2;adj
afinco;2;nom
lacunas;2;nom
adana;2;nr
renovadas;2;adj
ofertada;2;ver
resguardada;2;ver
comprometida;2;adj
subnacionais;2;nr
abordando;2;ver
metodologias;2;nom
indispensável;2;adj
adotadas;2;adj
acompanharam;2;ver
ajudem;2;ver
lacuna;2;nom
andamos;2;nom
inversões;2;nom
toneto;2;nr
370;2;num
conseguirmos;2;ver
extintas;2;adj
mantivermos;2;ver
agilizar;2;nr
agilização;2;nom
viabilizar;2;ver
limbo;2;nom
almeja;2;ver
visito;2;ver
fet;2;nr
concursos;2;nom
aposentar;2;ver
recolocar;2;ver
especialidades;2;nom
discutia;2;ver
reon;2;nr
crista;2;nom
eso;2;nr
tamanha;2;nom
migraram;2;ver
ifs;2;nr
participo;2;ver
qualificada;2;adj
militam;2;adj
legítimas;2;adj
eventuais;2;adj
516221;2;num
incolumidade;2;nom
186;2;num
concederei;2;nr
set;2;nom
pediam;2;ver
atribuição;2;nom
contemplado;2;ver
vicia;2;ver
vetado;2;ver
binco;2;nr
receberá;2;ver
pasm;2;nr
impossibilidade;2;nom
6to;2;nr
submetidos;2;ver
complicadas;2;adj
retrógrados;2;adj
distorcida;2;adj
desconexos;2;adj
educando;2;ver
batalhadora;2;nom
otimista;2;adj
existiram;2;ver
spb;2;nr
incluídos;2;ver
civismo;2;nom
amplas;2;adj
meados;2;nom
sadia;2;adj
idealiza;2;ver
cognitivo;2;adj
inserida;2;ver
separe;2;ver
definitiva;2;adj
submetida;2;ver
alugadas;2;adj
obtido;2;ver
priso;2;nr
abusivas;2;adj
antagônicos;2;adj
sites;2;nr
problemáticas;2;adj
bilis;2;nr
tambm;2;nr
creto;2;nr
relatado;2;ver
licenciado;2;ver
construír;2;nr
suprime;2;ver
516;2;num
abusadas;2;ver
estímulos;2;nom
terceiriza;2;nr
contrap;2;nr
concretamente;2;adv
sistemática;2;adj
repartição;2;nom
defere;2;ver
destinada;2;ver
incremento;2;nom
dificultoso;2;adj
reconhecidos;2;adj
delimita;2;ver
constitui;2;ver
estabelecerá;2;ver
exclui;2;ver
recebida;2;ver
correspondente;2;adj
franciana;2;nr
finalidades;2;nom
desvalorização;2;nom
aprimorar;2;ver
acerte;2;ver
crueldade;2;nom
resolva;2;ver
perniciosa;2;adj
tenam;2;nr
parabenizando;2;ver
diferenciadas;2;adj
maestral;2;nr
lídice;2;nr
177;2;num
inscrevi;2;ver
significativo;2;adj
obrigatórias;2;adj
ausente;2;adj
esforo;2;nr
manté;2;nr
rendimento;2;nom
concluíram;2;ver
desconsidera;2;ver
perdedor;2;nom
ponderações;2;nom
categorizar;2;ver
chove;2;ver
indigno;2;adj
igualdades;2;nom
presão;2;nr
abarca;2;ver
premiou;2;ver
bair;2;nr
adjunto;2;adj
merendeira;2;nom
orient;2;nr
remunerar;2;ver
juntam;2;ver
asiático;2;adj
lanterninha;2;nom
calamidade;2;nom
melhorarem;2;ver
bolinho;2;nom
drones;2;nr
escalando;2;adj
igor;2;nom
coordenadora;2;nom
faxineiro;2;nom
pedo;2;nr
complexa;2;adj
contemple;2;ver
óbice;2;nom
sequela;2;nom
foad;2;nr
apostos;2;adj
volar;2;nr
punida;2;ver
comprometemos;2;ver
informados;2;ver
comunicados;2;ver
registrando;2;ver
osis;2;nr
cancelada;2;ver
presidiu;2;ver
individualizada;2;adj
feiras;2;nom
oficializar;2;ver
plenária;2;nom
marc;2;nr
deitando;2;ver
ceia;2;nom
implacável;2;adj
persistem;2;ver
cegas;2;adj
manipuladas;2;ver
atentas;2;ver
usurpando;2;ver
teatrinho;2;nom
esporro;2;ver
sidnei;2;nom
intimidação;2;nom
surjam;2;ver
iago;2;nr
office;2;nom
teorista;2;nom
ran;2;nr
magicamente;2;adv
desapareceram;2;ver
lão;2;nr
olanda;2;nr
team;2;nr
baseadas;2;adj
constróem;2;nr
bússola;2;nom
prorrogado;2;ver
conseg;2;nr
prin;2;nr
suma;2;nom
exaurir;2;ver
gramática;2;nom
incorporou;2;ver
desculpem;2;ver
1998;2;num
mensurar;2;ver
palav;2;nr
auditor;2;nom
legalidade;2;nom
desenhado;2;ver
cheguemos;2;ver
bordão;2;nom
5570;2;num
mostrados;2;ver
legisla;2;ver
dispensar;2;ver
qualitativas;2;adj
permito;2;ver
muas;2;nr
fundef;2;nr
redistribuição;2;nom
solenidade;2;nom
educativo;2;adj
nadal;2;nr
londrina;2;adj
painelista;2;nr
manoela;2;nom
beto;2;ver
vidigal;2;nom
engajando;2;ver
gestores;2;nom
alcançá;2;nr
traduzido;2;ver
crescente;2;adj
acontecimento;2;nom
previa;2;ver
parênteses;2;nom
14851;2;num
disseminado;2;ver
decididos;2;adj
localmente;2;adv
desenvolveram;2;ver
code;2;nr
frequentaram;2;ver
finlandês;2;adj
precursoras;2;nom
dominavam;2;ver
possuíam;2;ver
robustos;2;adj
contundentes;2;adj
esperada;2;adj
obtiveram;2;ver
êxito;2;nom
picos;2;nom
pico;2;nom
componentes;2;nom
utilizadas;2;ver
nestes;2;pre
robusta;2;adj
cordas;2;nom
informativos;2;adj
ficcionais;2;adj
hábil;2;adj
melhorem;2;ver
textual;2;adj
valorizadas;2;ver
narrativos;2;adj
decorre;2;nom
diretas;2;adj
trabalhada;2;adj
afluência;2;nom
questionários;2;nom
vittor;2;nr
remotamente;2;adv
p4;2;nr
pseudo;2;nr
métricas;2;adj
mágico;2;adj
nuno;2;nom
crato;2;nom
robustas;2;adj
contempladas;2;ver
inspirarmos;2;nr
ajudarem;2;ver
ingleses;2;adj
elevada;2;adj
participará;2;ver
virtualmente;2;adv
dra;2;nr
panorama;2;nom
persistentes;2;adj
matriculadas;2;ver
pandêmico;2;nr
1b;2;nr
inédita;2;adj
trazidos;2;ver
considerarmos;2;ver
manifestas;2;nom
transversal;2;adj
superado;2;ver
permearam;2;ver
acumulados;2;ver
contínuo;2;adj
passarmos;2;ver
antecessores;2;nom
remissão;2;nom
nal;2;nr
fábulas;2;nom
davam;2;ver
poar;2;nr
kinder;2;nr
romantismo;2;nom
sementinha;2;nom
xix;2;nr
resp;2;nr
influi;2;ver
determinantes;2;adj
eventualmente;2;adv
ambientais;2;adj
lixão;2;nom
veneno;2;nom
assegurar;2;ver
influem;2;ver
maor;2;nr
papá;2;nom
possibilita;2;ver
afetivos;2;adj
variável;2;adj
determinante;2;adj
reduziram;2;ver
invista;2;ver
interage;2;ver
seguros;2;adj
exemp;2;nr
neros;2;nr
rara;2;adj
autorregulação;2;nr
apreciados;2;adj
xxi;2;nr
avançadas;2;adj
equipadas;2;ver
leitores;2;nom
desescolarizar;2;nr
arquiteto;2;nom
juda;2;nr
gratuidade;2;nom
rápidas;2;adj
nídia;2;nr
aposentada;2;nom
desconsiderando;2;ver
governamental;2;adj
invisibilizadas;2;nr
cíveis;2;adj
dispositivos;2;nom
elencado;2;nr
son;2;nr
analista;2;nom
palpiteiro;2;adj
ía;2;nr
apoiada;2;ver
rigorosas;2;adj
cri;2;ver
puramente;2;adv
assertiva;2;nom
implementada;2;ver
cientificamente;2;adv
fundamentados;2;ver
habilitado;2;ver
proporcionou;2;ver
altíssima;2;adj
abc;2;nom
divertida;2;adj
estrangeiras;2;adj
cí;2;nr
enxugando;2;ver
gelo;2;nom
frisar;2;ver
tapinhas;2;nom
quadrantes;2;nom
contr;2;nr
123;2;num
joguinho;2;nom
confusãozinha;2;nr
andrei;2;nom
ismo;2;nr
rejeitar;2;ver
comprovação;2;nom
incitou;2;ver
bush;2;nom
2004;2;num
democratas;2;nom
decretar;2;ver
esvaziado;2;ver
açaí;2;nom
queiro;2;adj
jornalísticas;2;adj
pedalada;2;nom
investigasse;2;ver
1955;2;num
amorim;2;nom
giovana;2;nr
ezequiel;2;nom
comprova;2;ver
incendiada;2;ver
pichado;2;ver
absolver;2;ver
decadência;2;nom
esquartejar;2;ver
badena;2;nr
drama;2;nom
rápidos;2;adj
cansativo;2;adj
comos;2;nr
bastava;2;ver
horrorosa;2;adj
atuam;2;ver
gigantescos;2;adj
jogaram;2;ver
rasgando;2;ver
rodoviária;2;adj
entou;2;nr
fori;2;nr
ador;2;nr
pires;2;adj
trabalharem;2;ver_sup
juras;2;ver
subsequentes;2;adj
aul;2;nr
ressocializar;2;nr
vereança;2;nom
nan;2;nr
duvidosos;2;adj
tud;2;nr
escancarada;2;adj
cil;2;nr
inofensivo;2;adj
horizontino;2;nr
cab;2;nr
inimiga;2;adj
administrar;2;ver
ganharem;2;ver
venceram;2;ver
cinzas;2;adj
coisinhas;2;nom
reações;2;nom
enjoy;2;nr
birthday;2;nr
deusa;2;nom
craque;2;nom
bim;2;nr
bagatela;2;nom
farra;2;nom
enxoval;2;nom
damas;2;nom
temia;2;ver
vaza;2;nom
espionar;2;ver
cassab;2;nr
ho;2;nr
ângelo;2;nom
jussara;2;nom
roubava;2;ver
deleta;2;nr
começaremos;2;ver
aplicaram;2;ver
descond;2;nr
morremos;2;ver
brasa;2;nom
viciado;2;adj
solte;2;ver
vovô;2;nom
680;2;num
endo;2;nr
navegar;2;ver
impunes;2;adj
elegível;2;adj
canhões;2;nom
encenando;2;ver
encenação;2;nom
caim;2;nr
abel;2;nom
decapitada;2;ver
fomenta;2;ver
feel;2;nr
gym;2;nr
supposed;2;nr
espalha;2;ver
morou;2;ver
asfalto;2;nom
esfolada;2;ver
pol;2;nr
encenado;2;ver
fatais;2;adj
suicidou;2;ver
diriam;2;ver_sup
geraram;2;ver
cabulosa;2;nr
espécies;2;nom
esperou;2;ver
polmica;2;nr
boxeadores;2;nom
recusaram;2;ver
motociclistas;2;nom
laboratórios;2;nom
estreia;2;nom
degradê;2;nr
anatomia;2;nom
descat;2;nr
leg;2;nr
anything;2;nr
went;2;nr
second;2;nr
norteador;2;adj
desconstrução;2;nom
injúrias;2;nom
raniel;2;nr
admito;2;ver
abençoadora;2;nom
afundou;2;ver
evens;2;nr
batéria;2;nr
restaurados;2;adj
capacitou;2;ver
desconstruído;2;ver
dogmas;2;nom
menções;2;nom
guitarra;2;nom
bastão;2;nom
assemble;2;nr
afinadinho;2;nr
alas;2;nom
mutável;2;adj
imutável;2;adj
setas;2;nom
loucas;2;adj
deixi;2;nr
exe;2;nr
olar;2;nr
inunda;2;ver
paraqueda;2;nr
moç;2;nr
exaltando;2;ver
mordecai;2;nr
traduções;2;nom
cobriu;2;ver
amargamente;2;adv
cruzar;2;ver
reunida;2;ver
vizinhança;2;nom
acuada;2;ver
traj;2;nr
vestimentas;2;nom
consciente;2;adj
assentado;2;ver
alcancei;2;ver
ra;2;nr
divido;2;ver
reveste;2;ver
compartilho;2;ver
provoque;2;ver
sopra;2;ver
peleja;2;nom
redimida;2;ver
fértil;2;adj
trágico;2;adj
precatórios;2;adj
somado;2;ver
eletrobras;2;nr
dividendo;2;nom
patrocínio;2;nom
ouçam;2;ver
sola;2;nom
séo;2;nr
anuncia;2;ver
berro;2;nom
enumere;2;ver
belinsk;2;nr
belí;2;nr
deixasse;2;ver
united;2;nr
achismo;2;nr
consertar;2;ver
éa;2;nr
plantado;2;ver
humilharem;2;ver
krig;2;nr
questionada;2;ver
inquestionáveis;2;adj
porquee;2;nr
reconhecidas;2;ver
propositalmente;2;adv
colônias;2;nom
seguirem;2;ver
bombando;2;nr
fervoroso;2;adj
harvard;2;nom
lev;2;nr
mergulhar;2;ver
limpos;2;adj
plantados;2;ver
secar;2;ver
conhe;2;nr
cíclico;2;adj
terrivelmente;2;adv
brilhantes;2;adj
simbolicamente;2;adv
por2;2;nr
por3;2;nr
preencheu;2;ver
4x;2;nr
arriscando;2;ver
adote;2;ver
relatadas;2;ver
trilhões;2;adj_num
farmácia;2;nom
sinalizar;2;ver
rebate;2;ver
reformado;2;adj
predomina;2;ver
esdrúxulo;2;adj
burocráticas;2;adj
trabalhem;2;ver_sup
agradam;2;ver
xará;2;nom
falhar;2;ver
selvagem;2;adj
acompanhada;2;ver
akashi;2;nr
expõem;2;ver
honro;2;ver
glorifica;2;ver
alegrou;2;ver
pouquidade;2;nr
sensações;2;nom
admitimos;2;ver
elimina;2;ver
cessa;2;ver
preocupamos;2;ver
reg;2;nr
ls;2;nr
vocêo;2;nr
dire;2;nr
aflinge;2;nr
testemunhasse;2;ver
edificada;2;ver
estudiosas;2;adj
retaguarda;2;nom
alão;2;nr
roços;2;nom
alegrais;2;ver
entronizar;2;ver
avarentas;2;nr
presunçosos;2;adj
arrogantes;2;adj
blasfemos;2;adj
aia;2;nom
mod;2;nr
queje;2;nr
fugi;2;ver
insondáveis;2;adj
juízos;2;nom
hon;2;nr
contarei;2;ver
jú;2;nr
celebra;2;ver
alg;2;nr
interc;2;nr
verdadeir;2;nr
diaas;2;nr
velas;2;nom
poderosamente;2;adv
poderosíssima;2;adj
arrependidos;2;adj
faltará;2;ver
virados;2;adj
aperfeiçoá;2;nr
aperfeiçoamento;2;nom
ningém;2;nr
fam;2;nr
desconformidade;2;nom
pentecostes;2;nom
declararemos;2;nr
meor;2;nr
acredit;2;nr
restaurando;2;ver
rondônia;2;nom
gerada;2;ver
serva;2;nom
mes;2;nr
lombos;2;nom
revisora;2;nom
merc;2;nr
mexa;2;ver
honram;2;ver
gloriosa;2;adj
persecutória;2;adj
aroma;2;nom
reinaremos;2;nr
madrugadas;2;nom
aade;2;nr
perfeitos;2;adj
peç;2;nr
diferenciada;2;adj
movimente;2;ver
centímetro;2;nom
cantarmos;2;nr
unimos;2;ver
tentará;2;ver_sup
impedirá;2;ver
lombo;2;nom
acabaria;2;ver
arrecadou;2;ver
cobertas;2;ver
estadias;2;nom
enganando;2;ver
batee;2;nr
executam;2;ver
cadetes;2;nom
aeronáutica;2;nom
pmes;2;nr
conduza;2;ver
nascemos;2;nom
despertados;2;nom
inspiraram;2;ver
tsd;2;nr
nacionalidade;2;nom
org;2;nr
drollinger;2;nr
separando;2;ver
dependemos;2;ver
superficial;2;adj
mediática;2;adj
malvado;2;adj
combatem;2;ver
adivinhar;2;ver
derit;2;nr
nic;2;nr
celebraram;2;ver
prestaram;2;ver
estabelecemos;2;ver
planejar;2;ver
desobedecer;2;ver
buscarmos;2;ver
representadas;2;ver
grossa;2;adj
pinheiros;2;nom
convidada;2;ver
virado;2;ver
solucionador;2;adj
acrescentou;2;ver
existimos;2;ver
projetou;2;ver
jonatas;2;nr
pertencemos;2;ver
servimos;2;ver
puxam;2;ver
assegura;2;ver
consumação;2;nom
pãozinho;2;nom
nso;2;nr
submissas;2;adj
gregos;2;adj
malignos;2;adj
ponha;2;ver
atrevido;2;adj
facilite;2;ver
diadema;2;nom
examinar;2;ver
orvalho;2;nom
aflitos;2;adj
mudamos;2;ver
daágua;2;nr
casinha;2;nom
moedas;2;nom
santuário;2;nom
esquenta;2;ver
aquece;2;ver
medroso;2;adj
recolhemos;2;ver
cons;2;nr
escolheste;2;ver
fazendos;2;nr
exterminador;2;nom
celeste;2;adj
í;2;nr
enchei;2;ver
cerco;2;nom
errante;2;adj
dáva;2;nr
espanhóis;2;adj
cravado;2;ver
temeria;2;ver
amaria;2;ver
solitário;2;adj
fakeada;2;nr
martine;2;nom
divergente;2;adj
reverbera;2;ver
martina;2;nom
significativas;2;adj
putin;2;nr
pim;2;nr
castigo;2;nom
merecemos;2;ver
angariar;2;ver
bobagem;2;nom
julgados;2;ver
pereça;2;ver
muçulmano;2;adj
sereis;2;ver_sup
duvidaram;2;ver
apareça;2;ver
inimigas;2;adj
afaste;2;ver
musiquinhas;2;nr
122;2;num
escarnecedores;2;adj
relógios;2;nom
old;2;nr
invadidas;2;adj
islamistas;2;adj
estações;2;nom
patmos;2;nr
antecede;2;ver
intelectualidade;2;nom
tardes;2;adv
piscar;2;nom
bário;2;nom
lavine;2;nr
telefonema;2;nom
adiantado;2;adj
empreendimentos;2;nom
levá;2;nr
tyson;2;nom
hugenberg;2;nr
quartos;2;nom
passaríamos;2;ver
recebamos;2;ver
afetando;2;ver
aente;2;nr
direcione;2;ver
boes;2;nr
empresta;2;ver
brotar;2;ver
ervas;2;nom
abastança;2;nom
prosperará;2;ver
direcionam;2;ver
califórnia;2;nom
salvaram;2;ver
compartilham;2;ver
táa;2;nr
tramp;2;nr
inf;2;nr
paza;2;nr
venço;2;ver
inicia;2;ver_sup
cas;2;nr
fugido;2;ver
restam;2;ver
economizando;2;ver
mamão;2;nom
afastando;2;ver
intercessória;2;nr
lã;2;nom
estimado;2;ver
fornece;2;ver
vã;2;nom
den;2;nr
demérito;2;nom
heranças;2;nom
natalidade;2;nom
farol;2;nom
cuidadora;2;nom
afundam;2;ver
doem;2;ver
certeira;2;adj
escamas;2;adj
tornado;2;ver
incondicionalmente;2;adv
sacrificial;2;adj
sangrou;2;ver
doloroso;2;adj
cilada;2;nom
trabalhosos;2;adj
guardam;2;ver
ados;2;nr
situar;2;ver
fixadas;2;ver
compartil;2;nr
arrependei;2;ver
converti;2;ver
vocações;2;nom
banais;2;adj
ada;2;nom
significação;2;nom
sacrificado;2;adj
espontaneamente;2;adv
insistindo;2;ver
emprestada;2;ver
reconciliador;2;adj
encarnação;2;nom
multiforme;2;adj
desígnio;2;nom
ância;2;nr
porão;2;nom
oprime;2;ver
abenç;2;nr
fuzilava;2;nr
continuação;2;nom
bancou;2;ver
hospedagem;2;nom
rachador;2;adj
esmeraldas;2;nom
perpetuado;2;ver
grç;2;nr
aproximaram;2;ver
dessem;2;ver
trocadas;2;ver
mem;2;nr
380;2;num
magnífica;2;adj
abenço;2;nr
seo;2;nr
zion;2;nr
pastoreando;2;ver
saltou;2;ver
lembrarmos;2;ver
mana;2;nom
ado;2;ver
sucessor;2;nom
acreditavam;2;ver
nun;2;nr
israelitas;2;adj
dobrada;2;adj
genealógica;2;adj
pess;2;nr
desvie;2;ver
geramos;2;ver
apavore;2;nr
designou;2;ver
temha;2;nr
andares;2;nom
glórias;2;nom
culminar;2;ver
fresca;2;adj
diários;2;adj
largata;2;nr
bob;2;nom
edward;2;nom
drásticas;2;adj
meteorologista;2;nom
climáticos;2;adj
beckam;2;nr
arsenal;2;nom
simpsons;2;nr
noticiário;2;nom
confundi;2;ver
trocaram;2;ver
wilf;2;nr
vu;2;nom
cambridge;2;nom
pitt;2;nr
riviera;2;nr
desencorajou;2;ver
acabava;2;ver
perderíamos;2;ver
senhorzinho;2;nom
balaro;2;nr
lembrados;2;adj
isolante;2;adj
culminou;2;ver
perderia;2;ver
chamaria;2;ver
existisse;2;ver
genuínas;2;adj
imprevisto;2;adj
eí;2;nr
ara;2;nom
iguaçu;2;nom
niterói;2;nom
boituva;2;nr
alinhar;2;ver
sã;2;adj
deixados;2;ver
escalão;2;nom
tobias;2;nom
agradecermos;2;ver
ruína;2;nom
acomodados;2;ver
vales;2;nom
abr;2;nr
honre;2;ver
edificadas;2;ver
andeis;2;nom
nisto;2;pre
recebestes;2;ver
praticai;2;ver
selecionei;2;ver
ajoelhado;2;adj
jaru;2;nr
transportou;2;ver
primogênito;2;adj
tronos;2;nom
subsiste;2;ver
supremacia;2;nom
portinha;2;nom
adeildo;2;nr
estupraram;2;ver
linhares;2;nom
transfiguração;2;nom
semeia;2;ver
cuis;2;nr
cuzinho;2;nom
sentamos;2;ver
pisaduras;2;nr
opostos;2;adj
aando;2;nr
bebia;2;ver
escreveram;2;ver
resgatamos;2;nr
ventro;2;nr
nord;2;nr
bertelli;2;nr
expulsarão;2;ver
aquecendo;2;ver
automutilação;2;nr
escondidos;2;adj
alimentam;2;ver
preenchido;2;ver
cheiros;2;nom
temando;2;nr
insistentes;2;adj
aniversários;2;nom
fest;2;nr
oão;2;nr
protegem;2;ver
cede;2;ver
entregarem;2;ver
contagem;2;nom
calamidades;2;nom
clamarei;2;ver
afiada;2;adj
eii;2;nr
retornará;2;ver
espitual;2;nr
arapiraca;2;nom
vando;2;nr
nicos;2;nr
jo;2;nr
propício;2;adj
alia;2;ver
santor;2;nr
salor;2;nr
rein;2;nr
hja;2;nr
ouo;2;nr
reiz;2;nr
clamos;2;nr
seiz;2;nr
saberemos;2;ver_sup
cumprirá;2;ver
restaurou;2;ver
salvam;2;ver
decare;2;nr
todosos;2;nr
gr;2;nr
teris;2;nr
proclamo;2;ver
edon;2;nr
saú;2;nr
sobrecarregado;2;ver
abrirmos;2;ver
fluímos;2;nr
negado;2;ver
encheu;2;ver
mancebos;2;nom
posicionada;2;ver
desperte;2;nom
influenciados;2;ver
filosofias;2;nom
inóspitos;2;adj
propagar;2;ver
oit;2;nr
maldita;2;adj
desatar;2;ver
jogados;2;ver
ardente;2;adj
rafa;2;ver
notebook;2;nr
intervém;2;ver
martinelo;2;nr
princip;2;nr
purificam;2;ver
refletindo;2;ver
coletar;2;ver
pragas;2;nom
manifestado;2;ver
marquezini;2;nr
prostram;2;ver
engrandecer;2;ver
vaidades;2;nom
lugarzinho;2;nom
viviana;2;nr
alicerçados;2;ver
desmoralização;2;nom
desequilibrados;2;adj
remova;2;ver
empírica;2;adj
sucedida;2;adj
toer;2;nr
rachadura;2;nom
lavando;2;ver
harmonia;2;nom
estressado;2;ver
venci;2;ver
geraria;2;ver
pareceu;2;nom
stores;2;nr
leves;2;adj
pastoras;2;nom
estud;2;nr
quieta;2;adj 
cesa;2;nr
partiram;2;ver
inquietos;2;adj
inócua;2;adj
terapêutico;2;adj
verbalização;2;nom
penetra;2;ver
onisciente;2;adj
entranhas;2;nom
apático;2;adj
misto;2;adj
alcançaram;2;ver
jogatina;2;nom
pressiona;2;ver
176;2;num
interceda;2;ver
arrepiam;2;ver
arrepiar;2;ver
revestir;2;ver
ricamente;2;adv
adequadas;2;adj
habitados;2;adj
inspetor;2;nom
precisarem;2;ver
indicando;2;ver
adaptadas;2;adj
manjo;2;nom
silentes;2;adj
artifícios;2;nom
viáveis;2;adj
ameaçou;2;ver
elevação;2;nom
condicionado;2;adj
eca;2;nom
empurram;2;ver
rondas;2;nom
pulou;2;ver
machadinha;2;nom
enquete;2;nom
aporte;2;nom
inserção;2;nom
mantermos;2;ver
gun;2;nr
proibidos;2;ver
alit;2;nr
sustentação;2;nom
companheiras;2;nom
perícia;2;nom
acatou;2;ver
acresça;2;ver
utilitarista;2;adj
antibullying;2;nr
357;2;num
comovente;2;adj
suzano;2;nom
irreal;2;adj
frequenta;2;ver
jogadas;2;nom
treinadas;2;adj
aplauso;2;nom
privilegiar;2;ver
cuidem;2;ver
autoritarismo;2;nom
identificando;2;ver
aliciar;2;ver
deduz;2;ver
deliberadamente;2;adv
deliberada;2;adj
deturpação;2;nom
contradiz;2;ver
cooperar;2;ver
mediação;2;nom
educativos;2;adj
ôo;2;nr
polarizado;2;ver
leviana;2;adj
puxadinhos;2;nom
escusos;2;adj
assaltado;2;adj
aires;2;nom
diverso;2;adj
aliciados;2;ver
categoricamente;2;adv
ldce;2;nr
profor;2;nr
ultradireita;2;nr
barricada;2;nom
agressores;2;nom
psicológicas;2;adj
assistentes;2;nom
escolta;2;nom
colocarem;2;ver
restritos;2;adj
brasão;2;nom
nóbrega;2;nom
convivi;2;ver
caçou;2;ver
transtornadas;2;adj
acostada;2;nr
13756;2;num
proceda;2;ver
cedência;2;nom
pla;2;nr
amplamente;2;adv
matricular;2;ver
atrocidade;2;nom
respeit;2;nr
respe;2;nom
retomado;2;ver
circulação;2;nom
altíssimos;2;adj
apelos;2;nom
4249;2;num
focus;2;nr
9455;2;num
associadas;2;adj
assediar;2;ver
promova;2;ver
acrescentada;2;ver
proc;2;nr
pração;2;nr
registrem;2;ver
haveriam;2;ver_sup
caracterizados;2;ver
compromete;2;ver
endossa;2;ver
inafiançável;2;adj
judicializar;2;nr
cedi;2;ver
prae;2;nr
185;2;num
oneroso;2;adj
caus;2;nr
arruma;2;ver
enquadrados;2;ver
expôs;2;ver
2497;2;num
concessões;2;nom
junção;2;nom
capt;2;nr
afirmativas;2;adj
ocorrida;2;ver
titularidade;2;nom
cachoeira;2;nom
solene;2;adj
nordestinos;2;adj
baianos;2;adj
recôncavo;2;nom
descongelamento;2;nom
regerar;2;ver
combinam;2;ver
comparecimento;2;nom
tréplica;2;nom
enviados;2;ver
pulseiras;2;nom
quadros;2;nom
gênes;2;nr
adquiridos;2;ver
pinai;2;nr
transferências;2;nom
aplicados;2;ver
oferecia;2;ver
somamos;2;ver
hor;2;nr
estreando;2;ver
zeca;2;nr
dag;2;nr
denise;2;nom
idente;2;nr
enxergando;2;ver
recriação;2;nom
vinculadas;2;ver
retomamos;2;ver
tentamos;2;ver_sup
reajustado;2;ver
eos;2;nr
iniciarmos;2;ver_sup
pagamos;2;ver
estoque;2;nom
reajustar;2;ver
houveram;2;ver_sup
ibge;2;nr
gaúchos;2;adj
isentamos;2;nr
articuladores;2;adj
156;2;num
financiados;2;ver
abandonarem;2;ver
pd;2;nr
pactuadas;2;ver
atrativa;2;nom
fust;2;nr
pactuada;2;ver
analfabetas;2;adj
integrado;2;ver
medalhistas;2;nr
reitoras;2;nom
universid;2;nr
permanent;2;nr
233;2;num
loa;2;nom
reabrimos;2;ver
sugeri;2;ver
frentes;2;nom
deselegante;2;adj
tabelas;2;nom
seleções;2;nom
veles;2;adj
comparações;2;nom
reivindicações;2;nom
expandiu;2;ver
expandi;2;ver
disputando;2;ver
cumprimentei;2;ver
cumprimos;2;ver
subsidiar;2;ver
definidas;2;adj
tío;2;nr
desistência;2;nom
participativo;2;adj
zolda;2;nr
pressas;2;nom
esquecimento;2;nom
prévio;2;adj
dorinha;2;nr
primiro;2;nr
adri;2;nr
fó;2;nr
elege;2;ver
eleitas;2;ver
terminamos;2;ver
conu;2;nr
2028;2;num
853;2;num
apoiamos;2;ver
voltam;2;ver
utilizamos;2;ver
comparável;2;adj
incluiu;2;ver
cátia;2;nom
oor;2;nr
saúdo;2;ver
saísse;2;ver
paralização;2;nom
vivenciou;2;ver
retomou;2;ver
centrar;2;ver
futuris;2;nr
retomadas;2;ver
racial;2;adj
negociado;2;ver
impossibilita;2;ver
descreveu;2;ver
contraditória;2;adj
cida;2;nom
negacionistas;2;nr
engravida;2;ver
suponho;2;ver
segundinhos;2;nr
reduzida;2;ver
firma;2;nom
reanimar;2;ver
castas;2;adj
hierarquias;2;nom
valdir;2;nom
árdua;2;adj
sones;2;nr
valorosas;2;adj
fritura;2;nom
montanhas;2;nom
óculos;2;nom
madona;2;nom
asmar;2;nr
rang;2;nr
veriam;2;ver_sup
viriam;2;ver
égua;2;nom
comentem;2;ver
controlam;2;ver
cansou;2;ver
willam;2;nr
magra;2;adj
frouxidão;2;nom
veria;2;ver_sup
cobertores;2;nom
cancelamentos;2;nom
toneladas;2;nom
hul;2;nr
esquecemos;2;ver
bon;2;nr
virtuoso;2;adj
grandiosa;2;adj
ritter;2;nr
incisivo;2;adj
cansaram;2;ver
omissos;2;adj
alexandria;2;nom
04;2;num
obs;2;nr
fmg;2;nr
retificando;2;ver
explanação;2;nom
antecedência;2;nom
respectivamente;2;adv
ani;2;nr
designação;2;nom
consignado;2;ver
combinada;2;adj
inerentes;2;adj
turbulências;2;nom
aprofundou;2;ver
concordarem;2;ver
ampliando;2;ver
concordaria;2;ver
aprovem;2;ver
153;2;num
binski;2;nr
telefônico;2;adj
duc;2;nr
condicionando;2;ver
esclareceu;2;ver
aguardem;2;ver
mencionando;2;ver
junina;2;adj
brinquei;2;ver
brincarei;2;ver
milhar;2;nom
consider;2;nr
reduto;2;nom
grevistas;2;adj
presidi;2;ver
nízia;2;nr
dobrei;2;ver
gai;2;nr
superando;2;ver
ignorados;2;adj
doutrinam;2;nr
aterrorizando;2;ver
pancadaria;2;nom
apagão;2;nr
deixarão;2;ver
ibama;2;nr
serrado;2;adj
comprinhas;2;nom
esvaziar;2;ver
kant;2;nom
arrume;2;ver
defenderam;2;ver
camps;2;nr
subscreveu;2;ver
informaram;2;ver
comemorado;2;ver
trunfo;2;nom
insana;2;adj
chamem;2;ver
prossiga;2;ver
aumentos;2;nom
deviam;2;nom
ção;2;nr
liquidação;2;nom
quees;2;nr
inventava;2;ver
calorosamente;2;adv
humanistas;2;adj
lábia;2;nom
churrasquinho;2;nom
bife;2;nom
caju;2;nom
confrontam;2;ver
traidor;2;nom
amanhecer;2;ver
sare;2;ver
classifica;2;ver
amália;2;nom
descanse;2;ver
deliberativa;2;adj
arrasta;2;ver
suspensas;2;adj
166;2;num
3689;2;num
1941;2;num
sequestrados;2;ver
sujeitos;2;ver
socorre;2;ver
2666;2;num
tbet;2;nr
343;2;num
relevo;2;nom
impuseram;2;ver
meritória;2;adj
extrapolam;2;ver
idenização;2;nr
frequente;2;adj
acidentes;2;nom
sugerida;2;ver
biondini;2;nr
concorram;2;ver
dedução;2;nom
justificação;2;nom
prestados;2;ver
conclusiva;2;adj
glal;2;nr
seguimento;2;nom
péssimas;2;adj
adequadamente;2;adv
sr;2;nr
620;2;num
aprimoramento;2;nom
atinentes;2;adj
acolhedor;2;adj
assegurada;2;ver
apensado;2;ver
leveza;2;nom
labial;2;adj
aites;2;nr
acides;2;ver
constrangidos;2;adj
modificações;2;nom
comão;2;nr
rompendo;2;ver
reorganização;2;nom
puxada;2;ver
induzi;2;ver
plurianual;2;adj
aes;2;nr
declar;2;nr
encerada;2;adj
conscendo;2;nr
penalizar;2;ver
dedique;2;ver
alé;2;nr
adicionado;2;ver
baianas;2;adj
qualificados;2;adj
treinados;2;ver
antirracismo;2;nr
ofertado;2;ver
empurra;2;nom
guela;2;nr
extinção;2;nom
recomendar;2;ver
corretos;2;adj
mucuri;2;nom
formador;2;adj
baiano;2;adj
cerne;2;nom
inferior;2;adj
potentes;2;adj
presidindo;2;ver
franciscano;2;adj
comunitária;2;adj
salgar;2;ver
nomeia;2;ver
publicada;2;ver
votariam;2;ver
3520;2;num
fundamentalmente;2;adv
adotaram;2;ver
educativa;2;adj
procuram;2;ver
abarcar;2;ver
nmero;2;nr
vinculando;2;ver
permitirá;2;ver
emergências;2;nom
optamos;2;ver
consolida;2;ver
vinculação;2;nom
englobo;2;nr
colocaremos;2;ver
enfermagem;2;nom
antissemitismo;2;nr
estofo;2;nom
típico;2;adj
tendências;2;nom
cotidiana;2;adj
adiciona;2;ver
caracterizar;2;ver
acusá;2;nr
conversinha;2;nom
buscador;2;nr
anônio;2;nr
democracias;2;nom
violações;2;nom
poeira;2;nom
participarem;2;ver
caminhoneiros;2;nom
totalitarismo;2;nom
ofendeu;2;ver
aparelhamento;2;nom
suspeitos;2;adj
alata;2;nr
quiza;2;nr
equiparar;2;ver
quebrarem;2;ver
deped;2;nr
mentores;2;nom
etimologia;2;nom
pastorais;2;adj
comprometidas;2;adj
imputar;2;ver
jess;2;nr
vanguarda;2;nom
apequenar;2;ver
ascensão;2;nom
ficarão;2;ver
pequeninos;2;adj
invertemos;2;ver
impressiona;2;ver
coopera;2;ver
gaste;2;ver
prefeita;2;nom
gram;2;nr
condenamos;2;ver
banalização;2;nom
vinculada;2;ver
gestos;2;nom
deputar;2;nr
comunicou;2;ver
vincula;2;ver
enrolação;2;nom
praticados;2;ver
ocular;2;adj
dependências;2;nom
punidos;2;ver
puma;2;nom
desaparecimentos;2;nom
viola;2;nom
subordinado;2;ver
explicitamente;2;adv
guerir;2;nr
guerrilheiro;2;adj
vend;2;nr
encerrados;2;adj
desequilíbrio;2;nom
presidir;2;ver
propagação;2;nom
debatedor;2;adj
ultrapassar;2;ver
desnecessária;2;adj
compareceu;2;ver
def;2;nr
somados;2;ver
trovoadas;2;nom
organizadas;2;ver
prestígio;2;nom
recordar;2;ver
inepto;2;adj
brigado;2;ver
protocolar;2;adj
desesperador;2;adj
receberão;2;ver
acervo;2;nom
autorizamos;2;ver
unos;2;adj
202;2;num
catálogo;2;nom
pramos;2;nr
comprove;2;ver
rodada;2;nom
delimitação;2;nom
complica;2;ver
localidades;2;nom
publicaram;2;ver
enad;2;nr
modalidades;2;nom
organizacional;2;adj
rubrica;2;nom
mutilação;2;nom
premiando;2;ver
cinismo;2;nom
gargalo;2;nom
surfar;2;ver
precarizados;2;nr
seletivos;2;adj
infralegal;2;nr
mentiram;2;ver
xingaram;2;ver
alfabetizados;2;adj
concluí;2;ver
destacam;2;ver
estancar;2;ver
cerceada;2;adj
avalio;2;ver
administram;2;ver
rsc;2;nr
natação;2;nom
bancários;2;adj
1995;2;num
únicas;2;adj
polemizar;2;ver
tratativa;2;nr
animação;2;nom
noticiado;2;ver
prejudicadas;2;adj
justificou;2;ver
480;2;num
mao;2;nr
autorizadas;2;adj
dig;2;nr
impreterivelmente;2;adv
ilustre;2;adj
bottons;2;nr
experimentos;2;nom
referindo;2;ver
consegu;2;nr
espalhadas;2;nom
arrependida;2;adj
menciono;2;ver
centristas;2;adj
voltaremos;2;ver
findar;2;ver
referentes;2;adj
mobiliário;2;nom
baixando;2;ver
prorrogada;2;ver
focaram;2;ver
mechona;2;nr
ratificar;2;ver
conjugar;2;ver
comprovo;2;ver
militarizadas;2;ver
nef;2;nr
jeferson;2;nr
tenório;2;nom
damila;2;nr
carece;2;ver
responderia;2;ver
educadoras;2;nom
oxigenação;2;nom
inspiradoras;2;adj
pirâmide;2;nom
cef;2;nr
oriunda;2;adj
sustentabilidade;2;nom
atuado;2;ver
repassada;2;ver
provisório;2;adj
103;2;num
variações;2;nom
variar;2;ver
anunciando;2;ver
devolvemos;2;ver
devolvidos;2;ver
calão;2;nom
rivalidade;2;nom
estuprado;2;ver
importunando;2;ver
inaugurou;2;ver
grotesca;2;adj
avaliza;2;ver
discutidas;2;ver
cômodo;2;adj
horta;2;nom
passadinha;2;adj
pauto;2;ver
discutirmos;2;ver
menão;2;nr
pautadas;2;ver
descrições;2;nom
ausentes;2;adj
expressas;2;adj
elaborada;2;ver
indeferiu;2;ver
ord;2;nr
interfiro;2;ver
suspendo;2;ver
servida;2;ver
risoto;2;nom
mexido;2;ver
engavetadas;2;ver
filma;2;ver
coloc;2;nr
permitem;2;ver
protocolou;2;adj
goar;2;nr
nenuma;2;nr
enrolar;2;ver
pondo;2;ver
sedução;2;nom
aou;2;nr
voss;2;nr
tirasse;2;ver
aprovaremos;2;nr
ressalvar;2;ver
solicitaram;2;ver
gover;2;nr
procederemos;2;ver
ian;2;nom
elaborou;2;ver
diversa;2;adj
desqualificação;2;nom
sub;2;nr
tamar;2;nr
perdoem;2;ver
discutisse;2;ver
tributário;2;adj
1522;2;num
dispensa;2;ver
brizola;2;nom
639;2;num
efetivação;2;nom
historinhas;2;nom
dvan;2;nr
portadora;2;nom
conclua;2;ver
aparentemente;2;adv
anchieta;2;nom
bonifácio;2;nom
optei;2;ver
gav;2;nr
repetitiva;2;adj
declínio;2;nom
silenciosamente;2;adv
epicentro;2;nom
antifascista;2;adj
ressurgindo;2;ver
sequestradas;2;ver
doon;2;nr
quesitos;2;nom
celebrada;2;ver
antissemitas;2;nr
pod;2;nr
submete;2;ver
resolvam;2;ver
fundar;2;ver
universitária;2;adj
portug;2;nr
110;2;num
confirmados;2;ver
especificados;2;ver
estranheza;2;nom
tolir;2;nr
desej;2;nr
amparo;2;nom
suscitou;2;ver
lins;2;nom
alegação;2;nom
amaldiçoou;2;ver
invertidas;2;adj
delegação;2;nom
restituir;2;ver
interdição;2;nom
simplificação;2;nom
debatida;2;adj
temperança;2;nom
lucian;2;nr
presidido;2;ver
neoliberais;2;adj
imitou;2;ver
maracutaia;2;nr
expressando;2;ver
aguerrida;2;adj
apanhei;2;ver
horríveis;2;adj
alocado;2;ver
lider;2;nr
duna;2;nom
tambor;2;nom
vaiar;2;ver
vaias;2;nom
devolva;2;ver
coro;2;nom
lecionar;2;ver
vaia;2;nom
secundárias;2;adj
orientamos;2;ver
aprenderem;2;ver
leonel;2;nom
1984;2;num
socializa;2;ver
éticos;2;adj
sanada;2;ver
valden;2;nr
isuda;2;nr
porn;2;nr
amorosa;2;adj
reputações;2;nom
muuitas;2;nr
poem;2;nr
isqueira;2;nr
anones;2;nr
ulisses;2;nom
presidências;2;nom
trâmite;2;nom
esqueçamos;2;ver
piscinas;2;nom
idiomas;2;nom
fiquemos;2;ver
direitista;2;adj
respeitosas;2;adj
sintonia;2;nom
realize;2;ver
lerei;2;ver
participam;2;ver
dividiam;2;ver
cozido;2;adj
desperdiçando;2;ver
concorrente;2;nom
exímio;2;adj
pensador;2;nom
torneira;2;nom
súmula;2;nom
constituinte;2;nom
gastava;2;ver
japonês;2;adj
luizinho;2;nom
tísio;2;nr
monta;2;nom
enxergo;2;ver
cunho;2;nom
poltrona;2;nom
existam;2;ver
sepultar;2;ver
171;2;num
elogio;2;nom
servidora;2;nom
consolidada;2;adj
esforça;2;ver
ônus;2;nom
republicano;2;adj
coloração;2;nom
reimonte;2;nr
interessada;2;adj
boatos;2;nom
frutífera;2;adj
terraplanismo;2;nr
reagentes;2;nom
proponentes;2;nom
homogêneos;2;adj
elencar;2;nr
emergentes;2;adj
raso;2;adj
valorizem;2;ver
independe;2;ver
ângulo;2;nom
dificulta;2;ver
trâmites;2;nom
protestantes;2;adj
maduras;2;adj
sumindo;2;ver
catraca;2;nom
antagonismo;2;nom
desagravo;2;nom
flaflu;2;nr
refiro;2;ver
executor;2;nom
enxergamos;2;ver
regulamenta;2;adj
benevolência;2;nom
rejeição;2;nom
compreend;2;nr
contradida;2;nr
derreteu;2;ver
indefinido;2;adj
professou;2;ver
apóia;2;ver
aguarde;2;ver
dizerem;2;ver_sup
educada;2;adj
castanhal;2;nom
ilumine;2;ver
dirigente;2;nom
diminuindo;2;ver
farmacêutica;2;nom
frutífero;2;adj
emirados;2;nom
desculpar;2;ver
ma;2;nr
fiapo;2;nom
jornalística;2;adj
mostrarmos;2;ver
adotados;2;adj
helicópteros;2;nom
gases;2;nom
comandos;2;nom
humilhada;2;adj
veló;2;nr
indeferido;2;ver
rg;2;nr
filiação;2;nom
financiado;2;ver
inquisição;2;nom
ros;2;nr
amordaçado;2;ver
polí;2;nr
orora;2;nr
assistolia;2;nr
cloreto;2;nom
potássio;2;nom
cardíaca;2;adj
endurecer;2;ver
choradeira;2;nom
desumanizar;2;ver
desmascarar;2;ver
estrupadores;2;nr
amadurecendo;2;ver
mirabolante;2;adj
cedem;2;ver
rute;2;nom
inseguros;2;adj
honradas;2;adj
comente;2;ver
adaptá;2;nr
depus;2;ver
sinônimo;2;nom
romântica;2;adj
identifico;2;ver
rolex;2;nr
institucionalizado;2;ver
excluídos;2;ver
reorganizar;2;ver
pentecostal;2;adj
molda;2;ver
ones;2;nr
comandados;2;ver
padronizar;2;ver
infidelidade;2;nom
tapar;2;ver
peneira;2;nom
tranco;2;nom
apoi;2;nr
tamb;2;nr
pororo;2;nr
quietinha;2;adj 
malhando;2;ver
representativa;2;adj
oclinhos;2;nr
pavanato;2;nr
bolsonário;2;nr
mael;2;nr
tete;2;nr
ritual;2;nom
nestas;2;pre
externos;2;adj
planejam;2;ver
spoiler;2;nr
confunda;2;ver
simultaneamente;2;adv
concorrentes;2;nom
residência;2;nom
calendários;2;nom
relaciono;2;ver
adesivaço;2;nr
ramage;2;nr
custam;2;ver
497;2;num
selecionados;2;ver
seram;2;nr
confie;2;ver
maldosa;2;adj
polític;2;nr
cg;2;nr
campina;2;nom
280;2;num
bonitas;2;adj
clean;2;nr
leituras;2;nom
transportes;2;nom
mostraria;2;ver
ganhador;2;nom
heiner;2;nr
vixe;2;nr
3709;2;num
183;2;num
dientes;2;nr
114;2;num
quintanilha;2;nr
acheio;2;nr
137;2;num
junte;2;ver
autoavaliação;2;nr
sacrifiquei;2;nr
batalhei;2;ver
batalharam;2;ver
instruções;2;nom
exclusivas;2;adj
milha;2;nom
assinando;2;ver
espalhado;2;nom
engajado;2;ver
tananã;2;nr
tanã;2;nr
gerenciamento;2;nom
pardo;2;adj
condenador;2;nr
rádios;2;nom
banner;2;nr
mutirão;2;nom
carriata;2;nr
motociata;2;nr
incontroláveis;2;adj
percorrer;2;ver
plástico;2;nom
mobilizamos;2;nr
filiar;2;ver
ur;2;nr
fortifique;2;nr
furacão;2;nom
instar;2;ver
extremos;2;adj
homenagear;2;ver
sena;2;nom
indício;2;nom
metais;2;nom
abatidos;2;adj
gaspar;2;nom
dem;2;nr
provação;2;nom
concentrado;2;adj
pautamos;2;nr
2712;2;num
promed;2;nr
deputas;2;nr
reproduzindo;2;ver
debatermos;2;ver
reproduza;2;ver
cagir;2;nr
superaram;2;ver
descolamento;2;nom
assiduidade;2;nom
medre;2;nr
incentivarmos;2;ver
viabilidade;2;nom
dissolver;2;ver
concederá;2;ver
644;2;num
nelto;2;nr
sugerido;2;ver
conjuntas;2;nom
2031;2;num
repasses;2;nom
101;2;num
947;2;num
suplementar;2;adj
beneficente;2;adj
polos;2;nom
adicionalmente;2;adv
estabelecimentos;2;nom
respectivo;2;adj
autarquia;2;nom
contraria;2;ver
decorrentes;2;adj
compete;2;ver
respectiva;2;adj
revogadas;2;ver
cláusula;2;nom
vedada;2;ver
enumerar;2;ver
andra;2;nr
fnde;2;nr
constará;2;ver
disciplinada;2;adj
aus;2;nr
obrigou;2;ver
identificamos;2;ver
eandra;2;nr
peguem;2;ver_sup
destinadas;2;ver
empatou;2;ver
instituímos;2;ver
refazer;2;ver
dal;2;nr
aid;2;nr
ampliado;2;ver
preparatório;2;adj
propunha;2;ver
detidos;2;ver
constrangidas;2;adj
infecções;2;nom
afirmam;2;ver
urina;2;nom
renal;2;adj
clubes;2;nom
proprietário;2;nom
avará;2;nr
ajustadas;2;ver
agressivos;2;adj
consigamos;2;ver
ocorrências;2;nom
menstruam;2;ver
menstrual;2;adj
conhecesse;2;ver
bocas;2;nom
prop;2;nr
prefeitas;2;nom
escritora;2;nom
mestra;2;nom
tam;2;nr
presenciou;2;ver
silenciado;2;ver
nilma;2;nr
lacerda;2;nom
netinha;2;nom
irreparáveis;2;adj
advertência;2;nom
cones;2;nom
inédito;2;adj
pende;2;ver
seguiremos;2;ver
mancha;2;ver
falarmos;2;ver
levava;2;ver
certidão;2;nom
mostrassem;2;ver
adivin;2;nr
contado;2;ver
sacrificou;2;ver
coletividade;2;nom
comobidades;2;nr
rojões;2;nom
medalhas;2;nom
surpreendente;2;adj
posicionadas;2;ver
espelhar;2;ver
abalou;2;ver
denunciava;2;ver
supostos;2;adj
comover;2;ver
ts;2;nr
363;2;num
ridículos;2;adj
trancou;2;ver
abusador;2;nom
abusa;2;ver
denuncie;2;ver
pronunciou;2;ver
shokei;2;nr
estô;2;nr
pulos;2;nom
choi;2;nr
retratou;2;ver
beijinho;2;nom
usuários;2;nom
anotem;2;ver
cho;2;pro_ind
werson;2;nr
induzindo;2;ver
pronunciar;2;ver
nexo;2;nom
laranjas;2;nom
responsabilizadas;2;ver
investigadores;2;nom
irônica;2;adj
aleatória;2;adj
agitar;2;ver
mercenário;2;adj
rifle;2;nom
incitar;2;ver
constrangedor;2;adj
consideravelmente;2;adv
impressões;2;nom
suportam;2;ver
disserem;2;ver_sup
galardão;2;nom
espam;2;nr
aplaudiria;2;nr
abaixei;2;ver
sindicalista;2;nom
traindo;2;ver
peterson;2;nom
traíram;2;ver
bolsonaros;2;nr
lutavam;2;ver
engrenagens;2;nom
candidate;2;ver
vassoura;2;nom
faleceu;2;ver
acusava;2;ver
duarte;2;nom
cleston;2;nr
laudos;2;nom
cardíacos;2;adj
sentenciado;2;ver
réus;2;nom
mantê;2;nr
formadas;2;adj
aveludada;2;adj
insinuações;2;nom
dirigida;2;ver
ofensiva;2;nom
investigada;2;adj
pífio;2;adj
coa;2;ver
apropriado;2;adj
matrizes;2;nom
apropriação;2;nom
incisivos;2;adj
mariana;2;nom
disparado;2;adv
coragens;2;nr
atormenta;2;ver
maçãs;2;nom
podres;2;adj
olávio;2;nr
negligente;2;adj
ferrenho;2;adj
delator;2;nom
beneficiava;2;ver
algemar;2;ver
serv;2;nr
compatíveis;2;adj
din;2;nr
indecisa;2;adj
elise;2;nr
atibaia;2;nom
afastados;2;adj
salinha;2;nom
comentados;2;ver
branquelo;2;nr
escutaram;2;ver
ja;2;nr
magalhães;2;nom
1968;2;num
tanga;2;nom
teoristas;2;nom
exigiu;2;ver
comunicador;2;nom
fraga;2;nom
homosexual;2;nr
avisamos;2;ver
sorvete;2;nom
baunilha;2;nom
ofende;2;ver
nemhum;2;nr
alá;2;nom
alucinante;2;adj
debitar;2;ver
1930;2;num
fazendas;2;nom
confisco;2;nom
dominava;2;ver
afeganistão;2;nom
oriental;2;adj
arquipélago;2;nom
pitesti;2;nr
romênia;2;nom
arquivos;2;nom
cópia;2;nom
escondi;2;ver
range;2;ver
anticomunista;2;adj
estrangeira;2;adj
arregou;2;nr
submetem;2;ver
reiteradas;2;ver
apareceram;2;ver
apreensivo;2;adj
arrumando;2;ver
pausar;2;ver
comoção;2;nom
desejei;2;ver
incorrer;2;ver
exerça;2;ver
implique;2;ver
martírio;2;nom
pareceres;2;nom
falino;2;nr
exerceria;2;ver
fury;2;nr
inexplicável;2;adj
fajuta;2;adj
campeões;2;nom
saltitante;2;adj
jatobá;2;nom
isabela;2;nom
matsunaga;2;nr
apurou;2;ver
permitirem;2;ver
elétrica;2;adj
pistolas;2;nom
voos;2;nom
reprodutiva;2;adj
editou;2;ver
postados;2;adj
assinados;2;adj
delegacias;2;nom
agrários;2;adj
favorece;2;ver
pose;2;nom
terapêuticas;2;adj
aec;2;nr
limitando;2;ver
deem;2;nr
presentinho;2;nom
evangelístico;2;nr
abafar;2;ver
leon;2;nom
became;2;nr
make;2;nr
any;2;nr
still;2;nom
universities;2;nr
body;2;nr
someone;2;nr
areas;2;nr
destruction;2;nr
idea;2;nom
destroy;2;nr
concrete;2;ver
identity;2;nr
tell;2;nr
represents;2;nr
represent;2;nr
ll;2;nr
slaves;2;nr
arms;2;nr
campaign;2;nr
published;2;nr
baby;2;nom
beating;2;nr
mars;2;nr
silent;2;nr
movement;2;nr
cuture;2;nr
lie;2;ver
sex;2;nr
watch;2;nr
sweat;2;nr
blood;2;nr
quote;2;nr
perfectly;2;nr
worst;2;nr
towards;2;nr
honor;2;nr
persecuted;2;nr
train;2;nr
students;2;nr
speaking;2;nr
paralisar;2;ver
ruama;2;nr
anencefalia;2;nr
rama;2;nom
defendida;2;ver
eliminação;2;nom
sonoro;2;adj
onça;2;nom
ocuparam;2;ver
estudasse;2;ver
consumidor;2;nom
vargas;2;nom
narrando;2;ver
porradaria;2;nr
acharem;2;ver
readaptar;2;ver
cole;2;ver
dossier;2;nr
bedim;2;nr
revogada;2;ver
charutos;2;nom
vacari;2;nr
dios;2;nr
vexatório;2;adj
danones;2;nr
valentão;2;nom
subiria;2;ver
existo;2;ver
grafite;2;nom
pichador;2;adj
desz;2;nr
vitimização;2;nr
fabiele;2;nr
ofendendo;2;ver
líquido;2;nom
senh;2;nr
bolado;2;ver
filhote;2;nom
ernesto;2;nom
gisel;2;nr
afirmativa;2;adj
banquinho;2;nom
gold;2;nr
enganem;2;ver
infinitas;2;adj
preconceituosa;2;adj
transo;2;ver
galhos;2;nom
informa;2;ver
confiaram;2;ver
respectivos;2;adj
golpismo;2;nr
grupinho;2;nom
gênios;2;nom
requisitei;2;ver
existiriam;2;ver
implementados;2;ver
estimulam;2;ver
consciências;2;nom
ecológicas;2;adj
climáticas;2;adj
apontaram;2;ver_sup
pressione;2;ver
ciclos;2;nom
esmagadora;2;adj
estatura;2;nom
elegíveis;2;adj
segregação;2;nom
pretos;2;adj
alkm;2;nr
roça;2;nom
veteranos;2;adj
nus;2;adj
falá;2;nr
discursinho;2;nr
masturbando;2;ver
pisol;2;nr
porem;2;ver
ju;2;nr
assistimos;2;ver
estatísticas;2;nom
negacionismo;2;nr
abandonado;2;adj
agradecido;2;adj
tratamos;2;ver
precedeu;2;ver
pando;2;adj
destacando;2;ver
sento;2;ver
demagogia;2;nom
morria;2;ver
celas;2;nom
optativo;2;adj
lucrar;2;ver
aconselhar;2;ver
legume;2;nom
gostamos;2;ver
raspa;2;ver
necessitar;2;ver
lidam;2;ver
michel;2;nom
eletiva;2;adj
aguerridos;2;adj
alfabeto;2;nom
conquistas;2;nom
plus;2;nr
listrada;2;adj
caô;2;nr
nba;2;nr
pérolas;2;nom
burgueses;2;adj
usufrui;2;ver
uol;2;nr
hemetério;2;nr
pretas;2;adj
heterossexual;2;adj
pedagogos;2;nom
nojento;2;adj
pinho;2;nom
estourar;2;ver
enlouqueceu;2;ver
encorajado;2;ver
veterano;2;adj
cuspindo;2;ver
esbanja;2;ver
novelinha;2;nom
367;2;num
denite;2;nr
mirar;2;ver
castanhos;2;adj
penteado;2;nom
gretchen;2;nr
passador;2;nom
gedias;2;nr
calegari;2;nr
graninha;2;nr
impróprio;2;adj
envergonhada;2;adj
mascarar;2;ver
fegário;2;nr
mandados;2;ver
microfones;2;nom
tombado;2;ver
caga;2;ver
tolo;2;adj
guedel;2;nr
reprimir;2;ver
rousseff;2;nr
manchar;2;ver
glorificamos;2;ver
educá;2;nr
sonhava;2;ver
relacionais;2;adj
lenço;2;nom
compilação;2;nom
prestou;2;ver
indecisão;2;nom
ven;2;nr
gelado;2;adj
detém;2;ver
08;2;num
compostos;2;nom
estacionou;2;ver
tino;2;nom
efetuado;2;ver
michelle;2;nr
empregou;2;ver
habitariedade;2;nr
apropriou;2;ver
recolheu;2;ver
transmitem;2;ver
inventaram;2;ver
notoriedade;2;nom
estelionato;2;nom
intencionado;2;adj
gravíssima;2;adj
prescrito;2;adj
machões;2;nom
milton;2;nom
depredar;2;ver
comandava;2;ver
coaf;2;nr
jóia;2;nom
aproveitaram;2;ver
hortas;2;nom
esplanada;2;nom
movimentada;2;adj
falatório;2;nom
entrarem;2;ver
escutava;2;ver
esconderem;2;ver
jogarmos;2;ver
dure;2;ver
violeta;2;nom
pique;2;nom
arrancou;2;ver
mãozinhas;2;nom
postaram;2;ver
curral;2;nom
seguidas;2;adj
plateias;2;nom
abençoadoras;2;nr
fecharei;2;ver
atraída;2;ver
apagará;2;ver
ramos;2;nom
viviam;2;ver
consumindo;2;ver
desfrutando;2;ver
desfrutar;2;ver
tecladista;2;nom
misael;2;nr
reinados;2;nom
respiração;2;nom
procurou;2;ver
mindinho;2;adj
desobedecendo;2;ver
continuamente;2;adv
encaixou;2;ver
corajosas;2;adj
rapei;2;nr
emanuel;2;nom
infringe;2;ver
constituída;2;ver
debilitado;2;adj
cicatrizada;2;ver
definhando;2;ver
emociono;2;ver
marcante;2;adj
depressivas;2;adj
estudaram;2;ver
repreende;2;ver
gostosão;2;adj
recados;2;nom
convoco;2;ver
transmitindo;2;ver
estiverdes;2;ver_sup
pedirei;2;ver
nomeei;2;ver
conceda;2;ver
aborreceram;2;ver
vais;2;ver_sup
transbordar;2;ver
veado;2;nom
adore;2;ver
arauto;2;nom
agricultor;2;nom
produzia;2;ver
transcende;2;ver
improdutiva;2;adj
localização;2;nom
cortaria;2;ver
anunciarei;2;ver
evoluir;2;ver
obedeceu;2;ver
recolher;2;ver
pulsar;2;nom
agravados;2;ver
vulto;2;nom
abria;2;ver
interruptor;2;nom
cético;2;adj
pulsa;2;nom
incomode;2;ver
esqueço;2;ver
bebezinha;2;nr
sobrevive;2;ver
mediana;2;adj
pornográficas;2;adj
capacidades;2;nom
estremece;2;ver
disparidade;2;nom
bélica;2;adj
valiosos;2;adj
alegam;2;ver
evangelizada;2;ver
hostilizado;2;ver
hype;2;nr
bravas;2;adj
isca;2;nom
gíria;2;nom
argila;2;nom
liderando;2;ver
regenere;2;ver
regeneração;2;nom
quintal;2;nom
cardápio;2;nom
encarnado;2;adj
irado;2;adj
galinha;2;nom
caipira;2;adj
hiper;2;nr
telespectadores;2;nom
flopar;2;nr
extremidades;2;nom
assentou;2;ver
evangélicas;2;adj
avivalista;2;nr
arrependem;2;ver
aprisionados;2;ver
tragam;2;ver
revestimento;2;nom
colherá;2;ver
acessamos;2;nr
incenso;2;nom
selamos;2;nr
pisei;2;ver
download;2;nr
explícito;2;adj
formasse;2;ver
assistido;2;ver
multiplique;2;ver
tsunami;2;nr
evangelizando;2;ver
fifa;2;nr
compreenderem;2;ver
impactadas;2;ver
friends;2;nr
pervertida;2;adj
confundiu;2;ver
assumiram;2;ver
fogueteiro;2;nom
desistindo;2;ver
utensílios;2;nom
levantaremos;2;ver
arrependendo;2;ver
clamam;2;ver
levantes;2;nom
voltarão;2;ver
frustração;2;nom
afastou;2;ver
afastei;2;ver
sonhador;2;nom
pegadinha;2;nom
jogava;2;ver
cronos;2;nr
kairós;2;nr
vagando;2;nom
saram;2;ver
inteiras;2;adj
oraremos;2;nr
presbiteriana;2;adj
cantaram;2;ver
raios;2;nom
espojam;2;nr
aproximem;2;ver
alimentado;2;ver
nichos;2;nom
incentivador;2;nom
gravamos;2;ver
cantado;2;ver
defina;2;ver
clássicas;2;adj
ressuscitada;2;ver
colegial;2;nom
apegou;2;ver
épico;2;adj
dobravam;2;ver
apurados;2;adj
deixes;2;ver
zueira;2;nr
deficientes;2;adj
adotivo;2;adj
paiva;2;nom
manifestamos;2;ver
pérsia;2;adj
clicando;2;nr
charada;2;nom
brigava;2;ver
repartido;2;ver
baqueado;2;nr
deitei;2;ver
experimento;2;nom
sobrevivido;2;ver
incredulidade;2;nom
dividida;2;ver
esclerose;2;nom
deixeis;2;ver
eloquente;2;adj
emocionou;2;ver
algemas;2;nom
amaram;2;ver
tímido;2;adj
galão;2;nom
geladinho;2;nom
capturado;2;ver
teológico;2;adj
gatinho;2;nom
confrontou;2;ver
possessão;2;nom
procuro;2;ver
ordeno;2;ver
afundando;2;ver
127;2;num
santifica;2;ver
mostramos;2;ver
caída;2;adj
discordando;2;ver
africana;2;adj
tímida;2;adj
sintomas;2;nom
incompleto;2;adj
modular;2;adj
chifre;2;nom
roll;2;nr
patologia;2;nom
marque;2;ver
rebeldes;2;adj
exclusividade;2;nom
zombaram;2;ver
prejudicam;2;ver
adornada;2;ver
bolsonaroismo;2;nr
referia;2;ver
1079;2;num
depressa;2;adv
desmaia;2;ver
benignidade;2;nom
fujo;2;ver
aham;2;nr
irradiar;2;ver
jairinho;2;nr
embasado;2;ver
ressuscitei;2;ver
nazaré;2;nom
sustentada;2;ver
alphaville;2;nr
móvel;2;adj
testemunhamos;2;ver
leucemia;2;nom
sucederá;2;ver
escorpiões;2;nom
serpentes;2;nom
contagiante;2;adj
eco;2;nom
milagrosamente;2;adv
mirim;2;adj
mudei;2;ver
ansiedades;2;nom
transparecer;2;ver
superada;2;ver
alegrará;2;ver
divinas;2;adj
bloqueios;2;nom
alegrem;2;ver
encheram;2;ver
abate;2;nom
transformarão;2;ver
consolando;2;ver
arcanjo;2;nom
ressuscitarão;2;ver
subiremos;2;ver
atribulado;2;adj
animou;2;ver
caverna;2;nom
atualizada;2;ver
pavimentada;2;ver
getsêmani;2;nr
ordinário;2;adj
faltado;2;ver
dinossauro;2;nom
distraia;2;ver
perdoando;2;ver
quiseres;2;ver
sueli;2;nom
dunamis;2;nr
humanismo;2;nom
impulsionar;2;ver
interseção;2;nom
impulso;2;nom
taças;2;nom
acumulando;2;ver
nitidamente;2;adv
confrontado;2;ver
machucam;2;ver
índios;2;nom
vizinhas;2;adj
ousados;2;adj
explodindo;2;ver
fatia;2;nom
cobertor;2;nom
indagações;2;nom
juvenil;2;adj
pic;2;nr
revolucionou;2;ver
humorista;2;nom
mendigo;2;nom
constrangelo;2;nr
agarrado;2;ver
removidos;2;adj
herdarão;2;ver
sexos;2;nom
freiras;2;nom
qg;2;nr
honrados;2;adj
campanhol;2;nr
capturada;2;ver
orientada;2;ver
adverso;2;adj
lascar;2;ver
valéria;2;nom
coringa;2;nom
roubalheira;2;nom
conheciam;2;ver
irritar;2;ver
empregada;2;ver
viticultor;2;nom
plantei;2;ver
apanha;2;ver
prontinho;2;adv
escavar;2;ver
adubar;2;ver
inconformidade;2;nom
belém;2;nom
consagrou;2;ver
livrai;2;ver
montando;2;ver
guerreando;2;ver
orais;2;adj
noticiários;2;nom
desconhecido;2;adj
resgatada;2;ver
floresça;2;ver
bêbada;2;adj
elaborados;2;ver
triunfar;2;ver
trauma;2;nom
idealizou;2;ver
zanetti;2;nr
ensinaram;2;ver
abstinência;2;nom
desobedientes;2;adj
herdeiros;2;nom
desespere;2;ver
lavados;2;ver
remidos;2;adj
derramada;2;ver
poeta;2;nom
gripado;2;ver
destruímos;2;ver
esponja;2;nom
véu;2;nom
andrezão;2;nr
precisamente;2;adv
fixa;2;adj
pagava;2;ver
subia;2;ver
pagado;2;ver
audiovisual;2;adj
perrengue;2;adj
separatista;2;adj
carnal;2;adj
vingou;2;ver
expelir;2;ver
fiozinho;2;nom
descolar;2;ver
sangramento;2;nom
sujeita;2;nom
visitados;2;ver
jorra;2;ver
aproximam;2;ver
pareciam;2;nom
liberei;2;ver
sabei;2;ver_sup
temeremos;2;ver
braveza;2;nom
gentil;2;adj
moveram;2;ver
gentios;2;nom
sombras;2;nom
instigado;2;ver
diamante;2;nom
conectando;2;ver
ungiu;2;ver
gracinha;2;nom
carregamos;2;ver
imparável;2;adj
temores;2;nom
radiante;2;adj
preserva;2;ver
recomeça;2;ver
fizerem;2;ver_sup
atacarem;2;ver
circunstancial;2;adj
confins;2;nom
rompeu;2;ver
prisioneiro;2;nom
dobram;2;ver
consumador;2;nr
encaixado;2;ver
tou;2;ver_sup
alfamento;2;nr
incorruptível;2;adj
aguardavam;2;ver
cristiane;2;nom
desativar;2;ver
doces;2;adj
separará;2;ver
cântico;2;nom
digite;2;ver
escudos;2;nom
exausta;2;adj
profetiza;2;ver
investidores;2;nom
constranger;2;ver
eloquência;2;nom
edificamos;2;nr
quebranta;2;ver
descansamos;2;ver
teóricos;2;adj
transborda;2;ver
acalma;2;ver
físicos;2;adj
confusos;2;adj
lindão;2;nr
liso;2;adj
aconselhou;2;ver
rezo;2;ver
afonso;2;nom
ajoelhada;2;adj
escolinha;2;nom
perdoável;2;adj
obedientes;2;adj
entretido;2;adj
consagrando;2;ver
galileia;2;nr
fizestes;2;ver_sup
enraizado;2;adj
expulsos;2;ver
unicamente;2;adv
fervorosa;2;adj
ordenação;2;nom
orgia;2;nom
afogado;2;ver
traído;2;ver
estouram;2;ver
anima;2;ver
puderem;2;ver_sup
brechinha;2;nr
gabriele;2;nr
dominadores;2;adj
cairão;2;ver
abrirá;2;ver
combustível;2;nom
contava;2;ver
perdição;2;nom
numeroso;2;adj
senhorio;2;nom
mudada;2;ver
erguendo;2;ver
completei;2;ver
dolorido;2;adj
couraça;2;nom
traseiro;2;adj
encoraje;2;ver
carinhoso;2;adj
deitou;2;ver
cogumelo;2;nom
suscitar;2;ver
interventor;2;nom
folga;2;nom
calanza;2;nr
sintoniza;2;ver
janete;2;nom
merecendo;2;ver
coraçãozinho;2;nom
caminhado;2;ver
passeio;2;nom
conde;2;nom
separava;2;ver
tocasse;2;ver
gritam;2;ver
zenetti;2;nr
subissem;2;ver
discípulo;2;nom
marte;2;nom
velhice;2;nom
respiratória;2;adj
terceirizando;2;nr
curou;2;ver
lucinho;2;nr
cuidamos;2;ver
abater;2;ver
crido;2;ver
intercedo;2;nr
resplendor;2;nom
amorosos;2;adj
praxe;2;nom
107;2;num
desanimando;2;ver
acalmaram;2;ver
orientais;2;adj
ardido;2;ver
evangelhos;2;nom
retiros;2;nom
temperatura;2;nom
presley;2;nr
chovendo;2;ver
dobrou;2;ver
passavam;2;ver
salles;2;nom
peixinhos;2;nom
soprou;2;ver
perturbador;2;adj
deslocar;2;ver
movida;2;ver
julgue;2;ver
consumidos;2;ver
tosse;2;nom
regada;2;ver
senhorinho;2;nr
publicanos;2;nr
arrebentando;2;ver
melissa;2;nom
envergadura;2;nom
atribuindo;2;ver
pararmos;2;ver
vanglória;2;nom
benditos;2;nom
cuidava;2;ver
cananéia;2;nom
miseravelmente;2;adv
filtra;2;ver
pouparia;2;ver
todinha;2;pro_ind
somarmos;2;ver
ofensores;2;nom
atormentada;2;ver
ventilador;2;nom
apavorada;2;adj
dormi;2;ver
combatedor;2;nr
disseminação;2;nom
twitch;2;nr
desmentido;2;ver
indignou;2;ver
apoiava;2;ver
interiores;2;adj
camas;2;nom
brigadão;2;nr
espião;2;nom
granada;2;nom
bailarina;2;nom
impediram;2;ver
randolfo;2;nr
externar;2;ver
xavier;2;nom
andrade;2;nom
tecnicidade;2;nom
estéricos;2;nr
ordeira;2;adj
tumultuador;2;nr
truly;2;nr
abundantly;2;nr
closer;2;nr
destrinchar;2;ver
sansão;2;nom
promoções;2;nom
reinaldo;2;nom
absorve;2;ver
pertinência;2;nom
desleal;2;adj
araraquara;2;nom
mostrada;2;ver
star;2;nom
poupados;2;ver
ditatoriais;2;adj
indignadas;2;adj
converge;2;ver
parler;2;nr
alucinadas;2;adj
operários;2;nom
carismático;2;adj
ferrinha;2;nr
revisar;2;ver
inflexível;2;adj
arautos;2;nom
compreendi;2;ver
despede;2;ver
protocoladas;2;adj
visitamos;2;ver
trocava;2;ver
fervendo;2;ver
exprimir;2;ver
cozinhas;2;nom
comunitárias;2;adj
thomas;2;nom
236;2;num
segmentos;2;nom
combativo;2;adj
assina;2;ver
desacreditado;2;ver
doutora;2;nom
gleisi;2;nr
aloísio;2;nom
ofereceu;2;ver
guido;2;nom
comunicações;2;nom
derrotas;2;nom
editoriais;2;adj
incerto;2;adj
protagonistas;2;nom
nulos;2;adj
papas;2;nom
derrubados;2;ver
incansavelmente;2;adv
baixaria;2;ver
postam;2;ver
picuinha;2;nom
jatinho;2;nom
telespectador;2;nom
deflação;2;nom
mamata;2;nom
questiono;2;ver
ferrinho;2;nom
assustei;2;ver
surpreendo;2;ver
compostura;2;nom
moralistas;2;adj
lixaram;2;ver
transcrição;2;nom
roubarás;2;ver
quesito;2;nom
informais;2;adj
médias;2;adj
agrega;2;ver
elefante;2;nom
truculento;2;adj
inelegibilidade;2;nom
diplomado;2;ver
molhar;2;ver
arquitetura;2;nom
desmilitarizar;2;ver
encarceramento;2;nom
perco;2;ver
colinha;2;nr
abrirem;2;ver
discursa;2;ver
inaugurar;2;ver
bandeirantes;2;nom
atena;2;nom
platão;2;nom
finalizei;2;ver
pranchetas;2;nom
tricotômico;2;nr
conhecerem;2;ver
fruta;2;nom
nulo;2;adj
relativismo;2;nom
lateral;2;adj
aprofundada;2;adj
elogios;2;nom
et;2;nr
bebo;2;ver
molecada;2;nom
aplaudindo;2;ver
aguentei;2;ver
ignorantes;2;adj
atuava;2;ver
cimento;2;nom
recrutamento;2;nom
genro;2;nom
ralando;2;ver
destilar;2;ver
assemelha;2;ver
minhocas;2;nom
aplaudiu;2;ver
montagem;2;nom
vasconcellos;2;nom
simpáticas;2;adj
covide;2;nr
chácara;2;nom
controlou;2;ver
vasconcelos;2;nom
hipóteses;2;nom
minerais;2;adj
chrome;2;nr
rachadores;2;adj
estúdios;2;nom
facial;2;adj
fiasco;2;nom
revolucionários;2;adj
marighella;2;nr
infiltrando;2;ver
motor;2;nom
divulgada;2;ver
filmei;2;ver
subiram;2;ver
jacu;2;nom
comerciais;2;adj
fm;2;nr
negocinho;2;nr
nula;2;adj
ganhará;2;ver
biomm;2;nr
beyoncé;2;nr
boro;2;nom
quilo;2;nom
morena;2;adj
incoerência;2;nom
buquê;2;nom
varíola;2;nom
piadinhas;2;nom
festivais;2;nom
declaradamente;2;adv
repreensão;2;nom
amargo;2;adj
telefônicas;2;adj
ganhadores;2;nom
qo;2;nr
reivindicando;2;ver
chester;2;nr
desembainhar;2;ver
folia;2;nom
intencionadas;2;adj
originalmente;2;adv
insatisfeitas;2;adj
denunciam;2;ver
sobrevirão;2;nr
decorrer;2;nom
infectar;2;ver
eternizar;2;ver
editora;2;nom
prefácio;2;nom
frankfurt;2;nom
adjetivo;2;nom
linguística;2;adj
lexicógrafo;2;nom
determinam;2;ver
157;2;num
albert;2;nom
artifício;2;nom
consideraram;2;ver
imita;2;ver
academias;2;nom
caminhoneiro;2;nom
signatário;2;nom
desburocratizar;2;ver
décima;2;adj_num
puteiros;2;nr
cercou;2;ver
viralizar;2;nr
nanda;2;nr
perguntamos;2;ver
bonitona;2;adj
derredor;2;nom
mercê;2;nom
teimosia;2;nom
pentear;2;ver
esteira;2;nom
dicaprio;2;nr
preventivo;2;adj
softwares;2;nom
malefício;2;nom
prejudicial;2;adj
lgbts;2;nr
descrita;2;ver
tradição;2;nom
retornou;2;ver
deparou;2;ver
jurei;2;ver
minions;2;nr
culpas;2;nom
curvei;2;ver
quintão;2;nom
cem;2;adj_num
quebre;2;ver
destrua;2;ver
furtando;2;ver
invenção;2;nom
tolerantes;2;adj
acordando;2;ver
fadas;2;nom
controlado;2;ver
chupando;2;ver
vôlei;2;nom
dançarino;2;nom
omitir;2;ver
carlinho;2;nr
olaf;2;nr
pérola;2;nom
cobrou;2;ver
feminices;2;nr
catalogado;2;adj
alinsky;2;nr
introdutória;2;adj
compreensível;2;adj
pretinha;2;adj
geografia;2;nom
fortuna;2;nom
comentarem;2;ver
297;2;num
combo;2;nr
buraquinho;2;nom
almoçou;2;ver
pirado;2;ver
forçado;2;ver
lourenço;2;nom
aguentava;2;ver
latão;2;nom
story;2;nr
lulu;2;nom
ida;2;ver_sup
estendemos;2;ver
convites;2;nom
alex;2;nom
sonora;2;adj
evita;2;ver
vantagem;2;nom
latinha;2;nom
feitiçaria;2;nom
ciúmes;2;nom
invejas;2;nom
desenfreada;2;adj
bêbado;2;adj
folículos;2;nom
neurotransmissor;2;nr
musicais;2;adj
palatáveis;2;adj
ambev;2;nr
valorosa;2;adj
acusador;2;nom
ilhas;2;nom
amadureça;2;ver
autossuficiente;2;nr
irlandês;2;adj
poker;2;nr
nárnia;2;nr
duros;2;adj
ilusões;2;nom
divertidamente;2;adv
colorido;2;adj
pára;2;ver
presenciei;2;ver
mortal;2;adj
queres;2;ver
intensamente;2;adv
transpirar;2;ver
suar;2;ver
experimentado;2;ver
distraídos;2;adj
craniano;2;adj
mensalmente;2;adv
moldando;2;ver
fugas;2;nom
imperdoável;2;adj
feto;2;nom
salgado;2;adj
homicida;2;adj
mote;2;nom
mentais;2;adj
coagir;2;ver
comprovando;2;ver
mineirão;2;nom
peido;2;nom
acostumada;2;adj
curvaram;2;ver
aconselham;2;ver
europeus;2;adj
preparador;2;nom
seguram;2;ver
palestrando;2;ver
catedral;2;nom
levara;2;ver
cassado;2;ver
rolê;2;nr
curtido;2;adj
setenta;2;adj_num
corregedoria;2;nom
manias;2;nom
acionei;2;ver
videogame;2;nom
retrata;2;ver
curtiu;2;ver
fragilidades;2;nom
arrecadaram;2;ver
permitidos;2;ver
descordando;2;nr
aniquilado;2;ver
versos;2;nom
drag;2;nr
queen;2;nr
vírgulas;2;nom
delegando;2;ver
calotas;2;nom
confiem;2;ver
parafuso;2;nom
cooptado;2;ver
empírico;2;adj
recessão;2;nom
palha;2;nom
zuero;2;nr
transe;2;nom
yasmin;2;nr
winston;2;nr
colinas;2;nom
viktor;2;nr
frankl;2;nr
dançarina;2;nom
respondem;2;ver
assistirem;2;ver
repertório;2;nom
vilela;2;nom
malhar;2;ver
amiguinhos;2;nom
247;2;num
comitiva;2;nom
empresarial;2;adj
trupe;2;nom
sobrepõe;2;ver
recordam;2;ver
autobiografia;2;nom
colosso;2;nom
imperfeita;2;adj
relaxa;2;adj
trair;2;ver
bolsista;2;adj
bene;2;nr
parcelamento;2;nom
relâmpago;2;nom
brusca;2;adj
programar;2;ver
barack;2;nr
creme;2;nom
padrinho;2;nom
strategy;2;nr
separatistas;2;adj
bruxa;2;nom
cagando;2;ver
revidar;2;ver
militarmente;2;adv
débil;2;adj
quarenta;2;adj_num
cia;2;ver
burocráticos;2;adj
spotify;2;nr
tar;2;nr
iraque;2;nom
peppa;2;nr
paralelos;2;adj
desmilitarização;2;nom
cult;2;nr
aqueceu;2;ver
abrantes;2;nom
550;2;num
pertinho;2;adv
afirmaram;2;ver
premeditada;2;ver
fiat;2;nom
roteirista;2;nom
comédia;2;nom
lacradores;2;nr
viverem;2;ver
darf;2;nr
fracassar;2;ver
cru;2;adj
3995;2;num
craig;2;nr
reias;2;ver
easy;2;nr
onze;2;adj_num
macrodrenagem;2;nr
mineração;2;nom
purismo;2;nom
pomares;2;nom
museu;2;nom
auditável;2;nr
baque;2;nom
tesoura;2;nom
brigada;2;nom
alinhando;2;ver
fundando;2;ver
pedalando;2;ver
pilotando;2;ver
anticorpos;2;nom
neutralizantes;2;adj
delírio;2;nom
viajada;2;ver
tubarão;2;nom
garganta;2;nom
ágata;2;nom
legislar;2;ver
iptu;2;nr
dh;2;nr
retornei;2;ver
liberais;2;adj
resumos;2;nom
alegações;2;nom
bugar;2;nr
juliet;2;nr
bena;2;nr
armadilhas;2;nom
3582;2;num
lage;2;nr
218;2;num
nebuloso;2;adj
monarquia;2;nom
uti;2;nr
desrespeitou;2;ver
gov;2;nr
girassol;2;nom
prove;2;ver
bolinha;2;nom
pacote;2;nom
semanal;2;adj
proliferação;2;nom
2027;2;num
antônia;2;nom
carma;2;nr
chamavam;2;ver
lapidar;2;adj
parques;2;nom
corrompido;2;adj
teóricas;2;adj
tereza;2;nom
calcutar;2;nr
kahlo;2;nr
aborta;2;ver
suspiro;2;nom
reabertura;2;nom
105;2;num
retratado;2;ver
recuo;2;nom
curvo;2;adj
rolé;2;nr
logos;2;adv
antiquados;2;adj
ultrapassada;2;ver
contraíram;2;ver
cerrado;2;adj
bolsos;2;nom
cooptados;2;ver
cnpj;2;nr
faxineira;2;nom
comércios;2;nom
búzios;2;nom
espiral;2;nom
infectado;2;adj
compulsória;2;adj
carrefour;2;nom
epidemias;2;nom
contagiosa;2;adj
exponencial;2;adj
rode;2;ver
assombrou;2;ver
negri;2;nr
espujo;2;nr
elaborei;2;ver
freixo;2;nom
yamaguchi;2;nr
computadores;2;nom
siqueira;2;nom
lançamentos;2;nom
bag;2;nr
soninho;2;nr
steve;2;nr
tornozelo;2;nom
filmagem;2;nom
contingência;2;nom
fiscalizado;2;ver
denuncio;2;ver
depositei;2;ver
mtst;2;nr
lente;2;nom
relativo;2;adj
motorola;2;nr
indústrias;2;nom
funkeiro;2;nr
visualização;2;nom
vacas;2;nom
mudadas;2;ver
caramelinho;2;nr
atraio;2;ver
iva;2;nr
cooptar;2;ver
represente;2;ver
anotado;2;ver
forminha;2;nr
pincel;2;nom
aguentou;2;ver
importe;2;ver
nery;2;nom
breninho;2;nr
substantivo;2;nom
bragantino;2;nom
trancados;2;ver
trend;2;nr
gata;2;nom
apunhala;2;ver
biologicamente;2;adv
formá;2;nr
international;2;nr
horrendo;2;adj
detona;2;ver
cacho;2;nom
sumir;2;ver
revisionismo;2;nr
plásticas;2;nom
burrice;2;nom
ateus;2;adj
vittar;2;nr
abolir;2;ver
segurei;2;ver
acalme;2;ver
feriu;2;ver
certeiro;2;adj
antónio;2;nom
gasoso;2;adj
200kg;2;nr
rugi;2;nom
arizona;2;nom
marcam;2;ver
aviões;2;nom
desmoralizada;2;adj
xingue;2;ver
desencadear;2;ver
pacíficas;2;adj
depilação;2;nom
porquanto;2;conj
floyd;2;nr
omitem;2;ver
gula;2;nom
destroem;2;ver
acompanhantes;2;adj
perverso;2;adj
espiritualismo;2;nom
planetário;2;nom
tornava;2;ver
traços;2;nom
centralizador;2;adj
censurando;2;ver
interessou;2;ver
cachorros;2;nom
mello;2;nom
gerasse;2;ver
iozzi;2;nr
atriz;2;nom
geladeira;2;nom
fgts;2;nr
sufocada;2;adj
divulgadas;2;ver
sofia;2;nom
sabonete;2;nom
crypton;2;nr
cyber;2;nr
gap;2;nr
percebia;2;ver
pichados;2;ver
dodô;2;nom
alimentamos;2;ver
artimanhas;2;nom
referenciais;2;nom
referencial;2;nom
filosóficos;2;adj
químico;2;adj
edson;2;nom
placas;2;nom
sedan;2;nom
mellon;2;nr
camelo;2;nom
sertanejo;2;nom
feijão;2;nom
contribuinte;2;nom
provamos;2;ver
comumente;2;adv
vigarista;2;nom
barricadas;2;nom
bombardeios;2;nom
anne;2;nom
anexado;2;ver
coréia;2;nom
motos;2;nom
bombardeia;2;ver
apedrejadas;2;adj
conselheiros;2;nom
narcotraficantes;2;nom
autorais;2;adj
assovio;2;nom
pacientemente;2;adv
acordam;2;ver
cegamente;2;adv
exibiu;2;ver
cne;2;nr
oriundo;2;adj
soberbos;2;adj
irreconciliáveis;2;adj
orgulhosos;2;adj
introduzido;2;ver
azarias;2;nom
chacoalhada;2;ver
evitam;2;ver
odeie;2;ver
contundência;2;nom
interrompe;2;ver
iluminado;2;adj
meros;2;adj
processa;2;ver
fl;2;nr
mágoas;2;nom
aquiles;2;nom
refletido;2;ver
cisnes;2;nom
reverberação;2;nom
baixam;2;ver
reinvenção;2;nom
ajudo;2;ver
fortaleço;2;nr
protejam;2;ver
afiado;2;adj
esp;2;nr
vanusa;2;nr
ipiranga;2;nom
abu;2;nr
dhabi;2;nr
alok;2;nr
pesquisado;2;ver
baixada;2;ver
potencializar;2;ver
logística;2;adj
sócios;2;nom
reteté;2;nr
mesadinha;2;nr
acostamento;2;nom
conversava;2;ver
fotografar;2;ver
resenha;2;nom
152;2;num
elegido;2;ver
fadinhas;2;nom
picasso;2;nom
impactantes;2;adj
aé;2;nr
remoção;2;nom
síndica;2;nom
entrevistada;2;ver
colheu;2;ver
suo;2;ver
facadas;2;nom
incomodada;2;ver
indiciou;2;ver
zoado;2;ver
mancada;2;ver
esconderam;2;ver
w;2;nom_sup
encoberto;2;ver
maldades;2;nom
honrada;2;adj
todavia;2;conj
derramo;2;ver
dissestes;2;ver_sup
cobertos;2;ver
singulares;2;adj
revolucionando;2;ver
abes;2;ver
tornamos;2;ver
marcadas;2;ver
juber;2;nr
guinness;2;nr
book;2;nom
sanderson;2;nr
ocasiões;2;nom
humanização;2;nom
felka;2;nr
predadores;2;nom
fontinelli;2;nr
alcoolismo;2;nom
totalitário;2;adj
obscenas;2;adj
reavivar;2;ver
uniram;2;ver
questioned;2;nr
arise;2;nr
reversed;2;nr
begin;2;nr
favors;2;nr
begun;2;nr
takes;2;nr
parliamentarians;2;nr
full;2;nr
deputy;2;nr
electoral;2;nr
euro;2;nom
able;2;nr
requested;2;nr
allegations;2;nr
denounced;2;nr
implement;2;nr
unisex;2;nr
spaces;2;nr
schools;2;nr
resolution;2;nr
delivered;2;nr
accept;2;nr
regulation;2;nr
stay;2;nr
clarity;2;nr
foot;2;nr
calling;2;nr
presents;2;nr
hear;2;nr
cruzadas;2;nom
numérica;2;adj
corrigem;2;ver
piquio;2;nr
oxford;2;nom
hong;2;nr
kong;2;nom
influenciais;2;ver
nlas;2;nr
crus;2;adj
whitfield;2;nr
escocês;2;adj
raina;2;nr
jovent;2;nr
livingston;2;nr
santifiquei;2;nr
ger;2;nr
tenebroso;2;adj
renovados;2;ver
instrumental;2;adj
plantaram;2;ver
try;2;nr
violar;2;ver
resbolá;2;nr
prestarem;2;ver
magnites;2;nr
arbitrárias;2;adj
misogini;2;nr
estrupar;2;nr
estupros;2;nom
sniper;2;nr
chacina;2;nom
hit;2;nom
usurpação;2;nom
chuveiro;2;nom
farás;2;ver_sup
contribuíram;2;ver
aldeia;2;nom
ressurreto;2;nr
modificarmos;2;ver
morreria;2;ver
oprimidos;2;nom
1532;2;num
gritou;2;ver
começavam;2;ver
desativados;2;ver
dedicaram;2;ver
desvalorizo;2;ver
dirigiu;2;ver
brigaram;2;ver
pagasse;2;ver
retrospectivo;2;adj
acovardar;2;ver
ânsias;2;nom
rosemary;2;nom
acolheu;2;ver
caçula;2;adj
servia;2;ver
viajava;2;ver
margens;2;nom
dormiam;2;ver
notórios;2;adj
cardíaco;2;adj
detestam;2;ver
acuado;2;ver
diploma;2;nom
impelida;2;ver
sobreviventes;2;nom
agimos;2;ver
lentes;2;nom
imbuída;2;ver
escombros;2;nom
valandro;2;nr
sóbrios;2;adj
sô;2;nom
sobras;2;nom
enfraquecida;2;adj
pavimentou;2;ver
ingrato;2;adj
conscientes;2;adj
prudentes;2;adj
experientes;2;adj
marquei;2;ver
datafolha;2;nr
buzz;2;nr
conga;2;adj
hi;2;nr
desmascarado;2;ver
depilar;2;ver
informativo;2;adj
mostarda;2;nom
direis;2;ver_sup
isaac;2;nom
mantinha;2;ver
dormia;2;ver
ardendo;2;ver
estendidas;2;adj
entendiam;2;ver
atualização;2;nom
retida;2;adj
receitas;2;nom
inatingível;2;adj
conseguiriam;2;ver
caneca;2;nom
óvulo;2;nom
fecundado;2;ver
escadarias;2;nom
russell;2;nom
ct;2;nr
ostentação;2;nom
chagas;2;nom
corrija;2;ver
anões;2;adj
co;2;nr
alcânra;2;nr
blockbuster;2;nr
imóvel;2;adj
pit;2;nr
economistas;2;nom
gostem;2;ver
mamon;2;nr
bacon;2;nom
admirável;2;adj
holiday;2;nr
enchente;2;nom
incapacitado;2;ver
malvadão;2;nr
embarcou;2;ver
enjoo;2;nom
grazi;2;nr
massafera;2;nr
depilada;2;ver
card;2;nr
diesel;2;nom
dani;2;nr
tuc;2;nr
porchat;2;nr
transvestido;2;ver
idiotisse;2;nr
censurado;2;ver
prestam;2;ver
sobrinhos;2;nom
horizontal;2;adj
instrutor;2;nom
torcedor;2;adj
especializou;2;ver
monitorado;2;nr
conspiratória;2;adj
papinha;2;nom
blair;2;nr
produções;2;nom
momentâneo;2;adj
respeitosos;2;adj
conquiste;2;ver
coalisão;2;nr
fracassamos;2;nr
suspensa;2;adj
janone;2;nr
alvará;2;nom
histérico;2;adj
torçam;2;nr
domésticas;2;adj
máquinas;2;nom
gave;2;ver
saying;2;nr
coveted;2;nr
forgot;2;nr
guy;2;nr
obviously;2;nr
covet;2;nr
put;2;nr
okay;2;nr
hunger;2;nr
coronavirus;2;nr
163;2;num
governors;2;nr
filipineto;2;nr
bairros;2;nom
incubadora;2;nom
paradão;2;nr
colchão;2;nom
belermino;2;nr
marvin;2;nr
gangs;2;nom
tecido;2;nom
espias;2;nom
sobrecarregados;2;adj
relembramos;2;ver
engajamos;2;nr
desarmou;2;ver
comercialização;2;nom
referendo;2;nom
estatização;2;nom
toninho;2;nom
coceira;2;nom
foda;2;ver
funcionária;2;nom
vidros;2;nom
preconceitos;2;nom
traço;2;nom
esqueleto;2;nom
empoderadas;2;nr
evidencia;2;ver
costumam;2;ver
rebaixar;2;ver
fênix;2;nom
mario;2;nom
sound;2;nr
mexicano;2;adj
budweiser;2;nr
parasitismo;2;nom
brown;2;nom
youtubers;2;nr
vitimizando;2;nr
hq;2;nr
trinity;2;nr
remontam;2;ver
desaprende;2;nr
suco;2;nom
desconexão;2;nom
fracassado;2;adj
paralaxe;2;nom
universais;2;adj
molinaro;2;nr
ciléia;2;nr
desmascarando;2;ver
ensinados;2;ver
berlim;2;nom
bença;2;nr
trotes;2;nom
iniciante;2;nom
uou;2;nr
falamansa;2;nr
guarujá;2;nom