"V1";"V2";"V3";"V4";"V5";"V6"
"***";"nb classes";"4";"***";"";""
"**";"classe";"1";"**";"";""
"****";"4923";"24956";"19.73";"****";""
" 29";"3297";" 0.88";"-852.158";"deus";"2.468274e-187"
"415";"5659";" 7.33";"-709.857";"né";"2.149437e-156"
"170";"3510";" 4.84";"-571.367";"pessoa";"2.831304e-126"
"334";"4090";" 8.17";"-412.842";"aí";" 8.822530e-92"
"  9";"1279";" 0.70";"-308.073";"cara";" 5.742613e-69"
"  3";"1208";" 0.25";"-304.155";"oração";" 4.098627e-68"
"  2";"1176";" 0.17";"-298.080";"orar";" 8.629250e-67"
"  1";"1068";" 0.09";"-271.592";"jesus";" 5.103210e-61"
"187";"2444";" 7.65";"-249.479";"assim";" 3.372959e-56"
" 79";"1564";" 5.05";"-226.939";"vida";" 2.773353e-51"
"535";"4560";"11.73";"-225.178";"falar";" 6.714387e-51"
"102";"1638";" 6.23";"-201.750";"tudo";" 8.667051e-46"
"  5";" 797";" 0.63";"-189.656";"igreja";" 3.779527e-43"
" 54";"1210";" 4.46";"-187.101";"pai";" 1.365203e-42"
"147";"1892";" 7.77";"-184.838";"coisa";" 4.257005e-42"
"  7";" 771";" 0.91";"-177.927";"coração";" 1.374293e-40"
" 84";"1390";" 6.04";"-174.051";"ali";" 9.649575e-40"
"604";"4483";"13.47";"-134.957";"porque";" 3.373493e-31"
" 20";" 719";" 2.78";"-134.241";"homem";" 4.838201e-31"
"175";"1848";" 9.47";"-132.596";"lá";" 1.108015e-30"
" 67";"1062";" 6.31";"-126.111";"mundo";" 2.908074e-29"
"  8";" 577";" 1.39";"-125.464";"cristão";" 4.028438e-29"
"  0";" 485";" 0.00";"-121.548";"bíblia";" 2.898599e-28"
" 14";" 587";" 2.39";"-114.165";"nação";" 1.198982e-26"
"210";"1952";"10.76";"-107.564";"mesmo";" 3.348971e-25"
"239";"2128";"11.23";"-106.031";"quando";" 7.259488e-25"
"  6";" 481";" 1.25";"-105.765";"espírito";" 8.300503e-25"
"205";"1910";"10.73";"-105.649";"ficar";" 8.800588e-25"
"  0";" 411";" 0.00";"-102.692";"amém";" 3.914758e-24"
" 15";" 516";" 2.91";" -94.132";"vídeo";" 2.952012e-22"
"  8";" 446";" 1.79";" -92.225";"cristo";" 7.738003e-22"
"199";"1798";"11.07";" -91.740";"dia";" 9.883566e-22"
" 44";" 723";" 6.09";" -87.492";"chamar";" 8.460347e-21"
"  1";" 351";" 0.28";" -84.978";"live";" 3.016996e-20"
"  4";" 376";" 1.06";" -83.968";"amor";" 5.028967e-20"
"112";"1180";" 9.49";" -81.938";"olhar";" 1.404356e-19"
" 76";" 932";" 8.15";" -81.875";"realmente";" 1.449550e-19"
"  6";" 386";" 1.55";" -81.762";"graça";" 1.534980e-19"
" 61";" 816";" 7.48";" -79.958";"algo";" 3.824757e-19"
" 18";" 483";" 3.73";" -79.625";"pastor";" 4.526556e-19"
"  0";" 313";" 0.00";" -77.895";"glória";" 1.086661e-18"
"  6";" 356";" 1.69";" -74.234";"terra";" 6.939675e-18"
" 19";" 469";" 4.05";" -74.171";"viver";" 7.164982e-18"
" 17";" 452";" 3.76";" -74.101";"santo";" 7.422021e-18"
" 71";" 858";" 8.28";" -73.586";"filho";" 9.636924e-18"
"  3";" 324";" 0.93";" -73.273";"noite";" 1.128748e-17"
"  6";" 351";" 1.71";" -72.982";"galera";" 1.308672e-17"
" 62";" 783";" 7.92";" -71.181";"bolsonaro";" 3.258451e-17"
" 17";" 432";" 3.94";" -69.229";"amigo";" 8.765446e-17"
"  7";" 336";" 2.08";" -66.952";"irmão";" 2.781852e-16"
"  4";" 306";" 1.31";" -66.376";"amar";" 3.726232e-16"
"  0";" 265";" 0.00";" -65.821";"céu";" 4.937344e-16"
"132";"1225";"10.78";" -65.183";"acontecer";" 6.826524e-16"
"  5";" 309";" 1.62";" -64.791";"morrer";" 8.328876e-16"
" 35";" 553";" 6.33";" -64.104";"mulher";" 1.180196e-15"
" 40";" 585";" 6.84";" -62.846";"hora";" 2.235173e-15"
" 74";" 825";" 8.97";" -62.346";"nicolas";" 2.880477e-15"
" 74";" 821";" 9.01";" -61.531";"tô";" 4.358522e-15"
" 61";" 722";" 8.45";" -59.720";"começar";" 1.093372e-14"
" 37";" 548";" 6.75";" -59.567";"música";" 1.182057e-14"
" 78";" 838";" 9.31";" -59.442";"nada";" 1.259747e-14"
"  6";" 295";" 2.03";" -59.014";"guerra";" 1.565591e-14"
"311";"2274";"13.68";" -57.839";"agora";" 2.844266e-14"
" 28";" 471";" 5.94";" -57.582";"simplesmente";" 3.241207e-14"
"  1";" 240";" 0.42";" -57.062";"beleza";" 4.222284e-14"
"  5";" 275";" 1.82";" -56.317";"olho";" 6.168080e-14"
" 16";" 370";" 4.32";" -56.265";"mãe";" 6.332813e-14"
" 45";" 588";" 7.65";" -55.435";"talvez";" 9.659967e-14"
" 71";" 769";" 9.23";" -55.179";"família";" 1.100557e-13"
"  2";" 240";" 0.83";" -54.626";"fé";" 1.457721e-13"
"  8";" 292";" 2.74";" -53.840";"matar";" 2.175486e-13"
" 22";" 407";" 5.41";" -53.589";"levantar";" 2.471429e-13"
"  5";" 254";" 1.97";" -51.103";"poxa";" 8.762884e-13"
"109";" 995";"10.95";" -50.357";"chegar";" 1.281781e-12"
"  6";" 260";" 2.31";" -50.344";"abençoar";" 1.290553e-12"
"  5";" 248";" 2.02";" -49.617";"propósito";" 1.869009e-12"
"  0";" 194";" 0.00";" -48.048";"pecado";" 4.159230e-12"
"  0";" 194";" 0.00";" -48.048";"espiritual";" 4.159230e-12"
" 21";" 375";" 5.60";" -47.980";"mudar";" 4.305115e-12"
"141";"1184";"11.91";" -47.975";"deixar";" 4.315854e-12"
" 42";" 531";" 7.91";" -47.844";"nunca";" 4.614017e-12"
"  0";" 191";" 0.00";" -47.299";"evangelho";" 6.093687e-12"
" 13";" 307";" 4.23";" -47.110";"mandar";" 6.710952e-12"
"  2";" 206";" 0.97";" -46.144";"poderoso";" 1.098780e-11"
" 30";" 428";" 7.01";" -44.476";"mão";" 2.574965e-11"
" 11";" 279";" 3.94";" -44.391";"paz";" 2.688667e-11"
"  0";" 179";" 0.00";" -44.306";"inimigo";" 2.808455e-11"
"  8";" 249";" 3.21";" -43.314";"destruir";" 4.662894e-11"
"  7";" 236";" 2.97";" -42.266";"preso";" 7.965957e-11"
" 49";" 547";" 8.96";" -40.956";"tomar";" 1.556890e-10"
"  0";" 162";" 0.00";" -40.071";"cantar";" 2.449318e-10"
"328";"2238";"14.66";" -39.920";"dar";" 2.646119e-10"
" 29";" 399";" 7.27";" -39.745";"conhecer";" 2.893928e-10"
"  0";" 160";" 0.00";" -39.573";"versículo";" 3.160490e-10"
"  0";" 160";" 0.00";" -39.573";"jejum";" 3.160490e-10"
"  0";" 160";" 0.00";" -39.573";"alma";" 3.160490e-10"
"  0";" 155";" 0.00";" -38.328";"esposo";" 5.978447e-10"
"  2";" 173";" 1.16";" -37.940";"cadeia";" 7.295993e-10"
"  6";" 209";" 2.87";" -37.816";"morte";" 7.773660e-10"
" 14";" 275";" 5.09";" -37.614";"sentir";" 8.621173e-10"
"  5";" 199";" 2.51";" -37.538";"voz";" 8.963134e-10"
"  1";" 161";" 0.62";" -37.354";"reino";" 9.853964e-10"
" 39";" 459";" 8.50";" -37.240";"certeza";" 1.044597e-09"
"  6";" 206";" 2.91";" -37.084";"olhado";" 1.131400e-09"
"  5";" 196";" 2.55";" -36.803";"igual";" 1.306882e-09"
"803";"4819";"16.66";" -35.396";"então";" 2.690846e-09"
"  0";" 141";" 0.00";" -34.847";"clamar";" 3.566843e-09"
"116";" 947";"12.25";" -34.757";"conseguir";" 3.735816e-09"
" 67";" 635";"10.55";" -34.642";"entrar";" 3.962391e-09"
"  3";" 169";" 1.78";" -34.627";"mente";" 3.992978e-09"
" 10";" 229";" 4.37";" -34.434";"geração";" 4.409017e-09"
"  1";" 148";" 0.68";" -34.124";"pô";" 5.171652e-09"
" 25";" 343";" 7.29";" -33.977";"vender";" 5.576521e-09"
" 55";" 550";"10.00";" -33.601";"sair";" 6.766944e-09"
" 71";" 655";"10.84";" -33.549";"sempre";" 6.949269e-09"
"  4";" 172";" 2.33";" -33.118";"vivo";" 8.674115e-09"
"  3";" 162";" 1.85";" -32.901";"rei";" 9.699578e-09"
" 11";" 229";" 4.80";" -32.504";"difícil";" 1.189394e-08"
"  3";" 160";" 1.88";" -32.408";"esperança";" 1.249934e-08"
" 12";" 236";" 5.08";" -32.256";"mal";" 1.351322e-08"
"164";"1221";"13.43";" -32.128";"vir";" 1.443536e-08"
" 18";" 282";" 6.38";" -32.071";"lutar";" 1.486322e-08"
" 17";" 274";" 6.20";" -31.991";"vontade";" 1.549169e-08"
"  3";" 157";" 1.91";" -31.669";"capítulo";" 1.828493e-08"
"  0";" 128";" 0.00";" -31.617";"misericórdia";" 1.877335e-08"
" 91";" 768";"11.85";" -31.054";"dentro";" 2.509636e-08"
"  2";" 144";" 1.39";" -30.757";"monte";" 2.924284e-08"
"  2";" 143";" 1.40";" -30.510";"dor";" 3.321574e-08"
" 11";" 218";" 5.05";" -29.933";"forte";" 4.473469e-08"
"  2";" 140";" 1.43";" -29.769";"chorar";" 4.867925e-08"
" 16";" 256";" 6.25";" -29.666";"basicamente";" 5.132456e-08"
"  8";" 192";" 4.17";" -29.584";"errado";" 5.355499e-08"
"  7";" 183";" 3.83";" -29.438";"cabeça";" 5.774658e-08"
" 41";" 433";" 9.47";" -29.281";"história";" 6.261930e-08"
"  5";" 165";" 3.03";" -29.241";"mídia";" 6.392729e-08"
"  7";" 181";" 3.87";" -28.959";"tocar";" 7.392821e-08"
"  4";" 155";" 2.58";" -28.956";"alexandre";" 7.403494e-08"
"  2";" 136";" 1.47";" -28.781";"moraes";" 8.104828e-08"
"  3";" 145";" 2.07";" -28.717";"amanhã";" 8.375182e-08"
" 43";" 442";" 9.73";" -28.405";"tirar";" 9.838721e-08"
"  0";" 115";" 0.00";" -28.391";"morto";" 9.910198e-08"
"  0";" 114";" 0.00";" -28.143";"filme";" 1.126491e-07"
" 22";" 293";" 7.51";" -27.950";"crer";" 1.244805e-07"
" 16";" 248";" 6.45";" -27.877";"mentira";" 1.293067e-07"
" 11";" 208";" 5.29";" -27.612";"bater";" 1.482365e-07"
"  0";" 111";" 0.00";" -27.400";"louvar";" 1.654731e-07"
"  3";" 139";" 2.16";" -27.245";"compartilhar";" 1.792701e-07"
"106";" 836";"12.68";" -27.128";"depois";" 1.903892e-07"
" 15";" 236";" 6.36";" -26.898";"inteiro";" 2.144355e-07"
" 14";" 228";" 6.14";" -26.823";"atrás";" 2.230079e-07"
"  2";" 128";" 1.56";" -26.807";"postar";" 2.248029e-07"
"  2";" 128";" 1.56";" -26.807";"corrupção";" 2.248029e-07"
" 20";" 272";" 7.35";" -26.589";"perceber";" 2.516320e-07"
"  3";" 136";" 2.21";" -26.509";"prisão";" 2.622919e-07"
"  4";" 140";" 2.86";" -25.302";"alegria";" 4.902172e-07"
" 20";" 264";" 7.58";" -24.878";"parar";" 6.107077e-07"
" 72";" 609";"11.82";" -24.628";"pessoal";" 6.955013e-07"
"  4";" 135";" 2.96";" -24.088";"neto";" 9.201739e-07"
"100";" 778";"12.85";" -23.957";"momento";" 9.851147e-07"
" 55";" 496";"11.09";" -23.845";"lugar";" 1.043998e-06"
" 15";" 222";" 6.76";" -23.795";"imaginar";" 1.071622e-06"
"  2";" 115";" 1.74";" -23.606";"felipe";" 1.182138e-06"
"  2";" 115";" 1.74";" -23.606";"pregar";" 1.182138e-06"
"  4";" 132";" 3.03";" -23.361";"foto";" 1.342496e-06"
"  6";" 149";" 4.03";" -23.332";"velho";" 1.363076e-06"
"  3";" 123";" 2.44";" -23.329";"conservador";" 1.365143e-06"
" 18";" 242";" 7.44";" -23.304";"afinal";" 1.383004e-06"
" 28";" 313";" 8.95";" -23.266";"justiça";" 1.410766e-06"
" 33";" 347";" 9.51";" -23.195";"chamado";" 1.463539e-06"
"  3";" 121";" 2.48";" -22.841";"coragem";" 1.759643e-06"
"  1";" 102";" 0.98";" -22.729";"adorar";" 1.865059e-06"
" 57";" 499";"11.42";" -22.172";"tão";" 2.492629e-06"
"  5";" 135";" 3.70";" -22.007";"jogar";" 2.717207e-06"
"  4";" 125";" 3.20";" -21.669";"instagram";" 3.239906e-06"
"  1";"  96";" 1.04";" -21.248";"cura";" 4.036363e-06"
"  0";"  85";" 0.00";" -20.960";"dormir";" 4.690535e-06"
"  3";" 113";" 2.65";" -20.892";"comer";" 4.858618e-06"
"  5";" 130";" 3.85";" -20.812";"quebrar";" 5.065971e-06"
" 11";" 178";" 6.18";" -20.777";"campanha";" 5.159549e-06"
"  8";" 153";" 5.23";" -20.434";"corpo";" 6.172831e-06"
"  2";" 101";" 1.98";" -20.169";"sofrimento";" 7.089462e-06"
"  5";" 127";" 3.94";" -20.097";"jeito";" 7.359293e-06"
" 18";" 226";" 7.96";" -19.925";"sofrer";" 8.052843e-06"
"  2";" 100";" 2.00";" -19.924";"youtube";" 8.058613e-06"
" 11";" 174";" 6.32";" -19.883";"importar";" 8.231746e-06"
"  9";" 158";" 5.70";" -19.767";"esquecer";" 8.748825e-06"
" 14";" 195";" 7.18";" -19.539";"rua";" 9.854566e-06"
"  0";"  79";" 0.00";" -19.475";"cristianismo";" 1.019000e-05"
"  2";"  98";" 2.04";" -19.434";"boca";" 1.041335e-05"
"  5";" 123";" 4.07";" -19.147";"roubar";" 1.210251e-05"
"  9";" 154";" 5.84";" -18.859";"candidato";" 1.407333e-05"
"  0";"  76";" 0.00";" -18.734";"diabo";" 1.503078e-05"
" 59";" 487";"12.11";" -18.173";"lembrar";" 2.017101e-05"
" 58";" 480";"12.08";" -18.056";"certo";" 2.145020e-05"
"  0";"  73";" 0.00";" -17.992";"maravilhoso";" 2.218377e-05"
"  9";" 150";" 6.00";" -17.956";"fácil";" 2.260338e-05"
"  1";"  82";" 1.22";" -17.795";"loucura";" 2.460232e-05"
" 12";" 172";" 6.98";" -17.780";"condenar";" 2.480133e-05"
"  0";"  72";" 0.00";" -17.745";"profeta";" 2.526069e-05"
" 77";" 595";"12.94";" -17.723";"contar";" 2.555026e-05"
" 53";" 446";"11.88";" -17.642";"lado";" 2.666817e-05"
"  1";"  81";" 1.23";" -17.549";"testemunho";" 2.800365e-05"
"  7";" 132";" 5.30";" -17.434";"cometer";" 2.974140e-05"
"  6";" 123";" 4.88";" -17.211";"culpa";" 3.345355e-05"
" 14";" 184";" 7.61";" -17.190";"caro";" 3.382575e-05"
"  4";" 106";" 3.77";" -17.109";"exército";" 3.529760e-05"
"  1";"  79";" 1.27";" -17.056";"avô";" 3.628859e-05"
" 13";" 176";" 7.39";" -17.046";"entregar";" 3.649019e-05"
"  3";"  97";" 3.09";" -17.015";"davi";" 3.708931e-05"
"  8";" 138";" 5.80";" -17.004";"assistir";" 3.730985e-05"
"  0";"  69";" 0.00";" -17.003";"profético";" 3.731326e-05"
"  2";"  88";" 2.27";" -16.989";"relacionamento";" 3.758722e-05"
"  4";" 105";" 3.81";" -16.870";"fruto";" 4.001902e-05"
"153";"1036";"14.77";" -16.781";"bem";" 4.194328e-05"
" 40";" 357";"11.20";" -16.611";"ganhar";" 4.587365e-05"
" 15";" 188";" 7.98";" -16.510";"stf";" 4.839757e-05"
"  2";"  86";" 2.33";" -16.502";"cheio";" 4.860806e-05"
" 11";" 158";" 6.96";" -16.361";"internet";" 5.235092e-05"
"  7";" 127";" 5.51";" -16.289";"abraço";" 5.439240e-05"
"  6";" 119";" 5.04";" -16.283";"carro";" 5.455895e-05"
"  0";"  66";" 0.00";" -16.262";"feminista";" 5.515488e-05"
"  0";"  66";" 0.00";" -16.262";"carne";" 5.515488e-05"
"  2";"  85";" 2.35";" -16.258";"mau";" 5.527987e-05"
"273";"1707";"15.99";" -16.131";"brasil";" 5.910013e-05"
"  0";"  65";" 0.00";" -16.015";"viajar";" 6.283908e-05"
"  0";"  65";" 0.00";" -16.015";"inferno";" 6.283908e-05"
"  9";" 141";" 6.38";" -15.944";"comprar";" 6.522931e-05"
"  0";"  64";" 0.00";" -15.768";"adoração";" 7.160012e-05"
"  2";"  82";" 2.44";" -15.527";"sangue";" 8.132913e-05"
" 33";" 304";"10.86";" -15.295";"liberdade";" 9.194101e-05"
" 37";" 329";"11.25";" -15.142";"conta";" 9.972906e-05"
"  4";"  97";" 4.12";" -14.971";"canal";" 1.091702e-04"
" 11";" 151";" 7.28";" -14.851";"alcançar";" 1.163293e-04"
"  1";"  70";" 1.43";" -14.842";"ea";" 1.168735e-04"
"  9";" 136";" 6.62";" -14.840";"morar";" 1.170349e-04"
"121";" 834";"14.51";" -14.838";"entender";" 1.171747e-04"
"  2";"  79";" 2.53";" -14.797";"firme";" 1.196986e-04"
"  0";"  60";" 0.00";" -14.780";"joelho";" 1.207968e-04"
"  0";"  60";" 0.00";" -14.780";"inocente";" 1.207968e-04"
" 36";" 320";"11.25";" -14.709";"perguntar";" 1.254432e-04"
"  5";" 104";" 4.81";" -14.679";"salvar";" 1.274457e-04"
" 16";" 186";" 8.60";" -14.645";"época";" 1.297483e-04"
"  1";"  69";" 1.45";" -14.597";"tristeza";" 1.331431e-04"
"  1";"  69";" 1.45";" -14.597";"seguidor";" 1.331431e-04"
" 12";" 157";" 7.64";" -14.568";"legal";" 1.352067e-04"
"  0";"  59";" 0.00";" -14.533";"servo";" 1.377049e-04"
"  0";"  59";" 0.00";" -14.533";"sacrifício";" 1.377049e-04"
"  0";"  59";" 0.00";" -14.533";"amarelo";" 1.377049e-04"
" 13";" 164";" 7.93";" -14.516";"escutar";" 1.389980e-04"
" 35";" 312";"11.22";" -14.445";"através";" 1.442907e-04"
"  0";"  58";" 0.00";" -14.286";"experimentar";" 1.569963e-04"
"  5";" 102";" 4.90";" -14.214";"perdoar";" 1.631184e-04"
"  6";" 110";" 5.45";" -14.212";"juiz";" 1.632963e-04"
" 51";" 411";"12.41";" -14.132";"voltar";" 1.704072e-04"
"  1";"  67";" 1.49";" -14.106";"presa";" 1.728361e-04"
"  1";"  67";" 1.49";" -14.106";"lindo";" 1.728361e-04"
"  2";"  76";" 2.63";" -14.069";"confiar";" 1.762414e-04"
"  2";"  76";" 2.63";" -14.069";"influência";" 1.762414e-04"
" 15";" 176";" 8.52";" -14.051";"causa";" 1.779229e-04"
"  7";" 117";" 5.98";" -14.022";"aplauso";" 1.806675e-04"
"  5";" 101";" 4.95";" -13.982";"confessar";" 1.845238e-04"
"  1";"  66";" 1.52";" -13.860";"casamento";" 1.969473e-04"
" 15";" 175";" 8.57";" -13.849";"criminoso";" 1.980629e-04"
"  0";"  56";" 0.00";" -13.793";"debaixo";" 2.041340e-04"
"  0";"  56";" 0.00";" -13.793";"twitter";" 2.041340e-04"
"  4";"  92";" 4.35";" -13.792";"promessa";" 2.042425e-04"
"  4";"  92";" 4.35";" -13.792";"mensagem";" 2.042425e-04"
" 29";" 269";"10.78";" -13.743";"eleição";" 2.095505e-04"
"  1";"  65";" 1.54";" -13.615";"arrepender";" 2.244430e-04"
"  2";"  74";" 2.70";" -13.584";"esconder";" 2.281523e-04"
" 77";" 565";"13.63";" -13.577";"mostrar";" 2.289891e-04"
"  4";"  91";" 4.40";" -13.557";"batalha";" 2.314810e-04"
"  0";"  55";" 0.00";" -13.546";"avivamento";" 2.328116e-04"
"  1";"  64";" 1.56";" -13.369";"aleluia";" 2.558017e-04"
"  1";"  64";" 1.56";" -13.369";"entrega";" 2.558017e-04"
" 74";" 545";"13.58";" -13.302";"ouvir";" 2.650583e-04"
"  0";"  54";" 0.00";" -13.299";"cruz";" 2.655505e-04"
"  0";"  54";" 0.00";" -13.299";"milagre";" 2.655505e-04"
"  3";"  81";" 3.70";" -13.175";"gosto";" 2.836678e-04"
"  3";"  81";" 3.70";" -13.175";"prazer";" 2.836678e-04"
"  2";"  72";" 2.78";" -13.099";"mentiroso";" 2.954134e-04"
"  6";" 105";" 5.71";" -13.074";"jogo";" 2.993597e-04"
" 31";" 278";"11.15";" -13.056";"força";" 3.022810e-04"
"  0";"  53";" 0.00";" -13.052";"anjo";" 3.029318e-04"
"  0";"  53";" 0.00";" -13.052";"rapaz";" 3.029318e-04"
" 39";" 329";"11.85";" -13.049";"enfim";" 3.034738e-04"
"  3";"  80";" 3.75";" -12.937";"honra";" 3.221500e-04"
"  2";"  71";" 2.82";" -12.857";"descobrir";" 3.361766e-04"
"  2";"  71";" 2.82";" -12.857";"bola";" 3.361766e-04"
"  4";"  88";" 4.55";" -12.853";"acusar";" 3.369264e-04"
"  5";"  96";" 5.21";" -12.828";"literalmente";" 3.414872e-04"
" 10";" 134";" 7.46";" -12.796";"posicionar";" 3.473094e-04"
" 11";" 141";" 7.80";" -12.735";"nascer";" 3.589115e-04"
"  1";"  61";" 1.64";" -12.633";"pão";" 3.789293e-04"
"  0";"  51";" 0.00";" -12.559";"trono";" 3.943796e-04"
"  0";"  51";" 0.00";" -12.559";"tamo";" 3.943796e-04"
"  4";"  86";" 4.65";" -12.386";"dino";" 4.326483e-04"
"  0";"  50";" 0.00";" -12.312";"avião";" 4.500812e-04"
"  0";"  50";" 0.00";" -12.312";"jejuar";" 4.500812e-04"
"  0";"  50";" 0.00";" -12.312";"sobrenatural";" 4.500812e-04"
" 13";" 153";" 8.50";" -12.260";"andar";" 4.627410e-04"
" 45";" 361";"12.47";" -12.197";"perder";" 4.787320e-04"
"  4";"  85";" 4.71";" -12.152";"ministrar";" 4.902402e-04"
"  1";"  59";" 1.69";" -12.143";"general";" 4.926769e-04"
" 11";" 138";" 7.97";" -12.110";"perseguir";" 5.014119e-04"
"  0";"  49";" 0.00";" -12.065";"trump";" 5.137260e-04"
"  0";"  49";" 0.00";" -12.065";"precioso";" 5.137260e-04"
"  0";"  49";" 0.00";" -12.065";"desesperado";" 5.137260e-04"
" 17";" 179";" 9.50";" -11.914";"escrever";" 5.570898e-04"
"  5";"  92";" 5.43";" -11.911";"bandeira";" 5.580355e-04"
"  1";"  58";" 1.72";" -11.898";"canção";" 5.618745e-04"
"  2";"  67";" 2.99";" -11.891";"bh";" 5.641055e-04"
"  2";"  67";" 2.99";" -11.891";"culto";" 5.641055e-04"
" 15";" 165";" 9.09";" -11.865";"volta";" 5.718837e-04"
"  0";"  48";" 0.00";" -11.818";"salmo";" 5.864608e-04"
"288";"1738";"16.57";" -11.750";"hoje";" 6.084688e-04"
"  3";"  75";" 4.00";" -11.749";"triste";" 6.086011e-04"
" 16";" 171";" 9.36";" -11.693";"compreender";" 6.274716e-04"
"  1";"  57";" 1.75";" -11.653";"socialismo";" 6.408685e-04"
"  2";"  66";" 3.03";" -11.650";"verde";" 6.421297e-04"
"  0";"  47";" 0.00";" -11.572";"josué";" 6.696008e-04"
"  0";"  47";" 0.00";" -11.572";"livrar";" 6.696008e-04"
"  0";"  47";" 0.00";" -11.572";"apóstolo";" 6.696008e-04"
"  0";"  47";" 0.00";" -11.572";"braço";" 6.696008e-04"
" 17";" 177";" 9.60";" -11.534";"diante";" 6.832661e-04"
"  3";"  74";" 4.05";" -11.513";"guardar";" 6.911831e-04"
" 48";" 374";"12.83";" -11.391";"fossar";" 7.380654e-04"
"  7";" 105";" 6.67";" -11.358";"imagem";" 7.514219e-04"
"  0";"  46";" 0.00";" -11.325";"escravo";" 7.646546e-04"
"  0";"  46";" 0.00";" -11.325";"demônio";" 7.646546e-04"
"  0";"  46";" 0.00";" -11.325";"enganar";" 7.646546e-04"
"  0";"  46";" 0.00";" -11.325";"redor";" 7.646546e-04"
"  3";"  73";" 4.11";" -11.276";"bonito";" 7.849731e-04"
" 26";" 235";"11.06";" -11.243";"cair";" 7.993028e-04"
"  5";"  89";" 5.62";" -11.228";"mudo";" 8.058380e-04"
"  1";"  55";" 1.82";" -11.164";"corrupto";" 8.340522e-04"
"  0";"  45";" 0.00";" -11.078";"clamor";" 8.733537e-04"
"  0";"  45";" 0.00";" -11.078";"consagrar";" 8.733537e-04"
"  0";"  45";" 0.00";" -11.078";"salvação";" 8.733537e-04"
"  0";"  45";" 0.00";" -11.078";"treva";" 8.733537e-04"
"  0";"  45";" 0.00";" -11.078";"pesado";" 8.733537e-04"
"  3";"  72";" 4.17";" -11.040";"bacana";" 8.914921e-04"
"  8";" 111";" 7.21";" -11.036";"aborto";" 8.936414e-04"
"  5";"  88";" 5.68";" -11.001";"jair";" 9.106759e-04"
"  4";"  80";" 5.00";" -10.992";"conhecido";" 9.151373e-04"
" 88";" 609";"14.45";" -10.976";"existir";" 9.227641e-04"
"  2";"  63";" 3.17";" -10.927";"israel";" 9.474902e-04"
"  2";"  63";" 3.17";" -10.927";"europa";" 9.474902e-04"
" 14";" 153";" 9.15";" -10.875";"autoridade";" 9.749455e-04"
"  0";"  44";" 0.00";" -10.832";"unção";" 9.976855e-04"
"  0";"  44";" 0.00";" -10.832";"lágrima";" 9.976855e-04"
"  0";"  44";" 0.00";" -10.832";"arrependimento";" 9.976855e-04"
"  0";"  44";" 0.00";" -10.832";"derramar";" 9.976855e-04"
"  0";"  44";" 0.00";" -10.832";"fraco";" 9.976855e-04"
"  3";"  71";" 4.23";" -10.805";"acordar";" 1.012467e-03"
"  3";"  71";" 4.23";" -10.805";"marido";" 1.012467e-03"
"  9";" 117";" 7.69";" -10.751";"cuidado";" 1.042206e-03"
"  1";"  53";" 1.89";" -10.675";"máscara";" 1.086054e-03"
"  1";"  53";" 1.89";" -10.675";"encher";" 1.086054e-03"
"  1";"  53";" 1.89";" -10.675";"plantar";" 1.086054e-03"
"  1";"  53";" 1.89";" -10.675";"ditador";" 1.086054e-03"
"  0";"  43";" 0.00";" -10.585";"crente";" 1.139933e-03"
"  0";"  43";" 0.00";" -10.585";"benção";" 1.139933e-03"
"  0";"  43";" 0.00";" -10.585";"profetizar";" 1.139933e-03"
"  0";"  43";" 0.00";" -10.585";"cansado";" 1.139933e-03"
"  9";" 116";" 7.76";" -10.542";"incrível";" 1.167185e-03"
"  4";"  78";" 5.13";" -10.530";"show";" 1.174258e-03"
" 18";" 178";"10.11";" -10.465";"daniel";" 1.216507e-03"
"  2";"  61";" 3.28";" -10.447";"mentir";" 1.228440e-03"
"  6";"  93";" 6.45";" -10.389";"frase";" 1.267998e-03"
"  0";"  42";" 0.00";" -10.339";"ressurreição";" 1.302719e-03"
"  0";"  42";" 0.00";" -10.339";"surpresa";" 1.302719e-03"
"  3";"  69";" 4.35";" -10.334";"calar";" 1.305895e-03"
"  5";"  85";" 5.88";" -10.323";"influenciar";" 1.313572e-03"
"528";"3010";"17.54";" -10.321";"senhor";" 1.314959e-03"
"  4";"  77";" 5.19";" -10.300";"desistir";" 1.330040e-03"
" 40";" 317";"12.62";" -10.245";"crime";" 1.370209e-03"
"  2";"  60";" 3.33";" -10.207";"ventre";" 1.398908e-03"
"  2";"  60";" 3.33";" -10.207";"puxar";" 1.398908e-03"
"  1";"  51";" 1.96";" -10.186";"cuba";" 1.415016e-03"
"  1";"  51";" 1.96";" -10.186";"mano";" 1.415016e-03"
"  5";"  84";" 5.95";" -10.099";"ignorar";" 1.483858e-03"
"  0";"  41";" 0.00";" -10.092";"pedra";" 1.489059e-03"
"  0";"  41";" 0.00";" -10.092";"coincidência";" 1.489059e-03"
"  0";"  41";" 0.00";" -10.092";"herói";" 1.489059e-03"
"  0";"  41";" 0.00";" -10.092";"doce";" 1.489059e-03"
"  0";"  41";" 0.00";" -10.092";"intercessão";" 1.489059e-03"
"  0";"  41";" 0.00";" -10.092";"multidão";" 1.489059e-03"
"  0";"  41";" 0.00";" -10.092";"satanás";" 1.489059e-03"
" 12";" 135";" 8.89";" -10.068";"luz";" 1.508571e-03"
" 16";" 162";" 9.88";"  -9.991";"completamente";" 1.573140e-03"
"  6";"  91";" 6.59";"  -9.948";"vencer";" 1.609946e-03"
"  1";"  50";" 2.00";"  -9.942";"leão";" 1.615538e-03"
"133";" 857";"15.52";"  -9.921";"casa";" 1.633698e-03"
"  3";"  67";" 4.48";"  -9.865";"prometer";" 1.684356e-03"
"  0";"  40";" 0.00";"  -9.846";"interceder";" 1.702420e-03"
"  0";"  40";" 0.00";"  -9.846";"condenação";" 1.702420e-03"
"  0";"  40";" 0.00";"  -9.846";"janja";" 1.702420e-03"
"  0";"  40";" 0.00";"  -9.846";"sacanagem";" 1.702420e-03"
"  0";"  40";" 0.00";"  -9.846";"louco";" 1.702420e-03"
"  0";"  40";" 0.00";"  -9.846";"domingo";" 1.702420e-03"
"  4";"  75";" 5.33";"  -9.842";"eterno";" 1.706033e-03"
" 21";" 194";"10.82";"  -9.784";"feliz";" 1.759904e-03"
"  1";"  49";" 2.04";"  -9.698";"abraçar";" 1.844775e-03"
"  5";"  82";" 6.10";"  -9.651";"comentar";" 1.892873e-03"
"  7";"  97";" 7.22";"  -9.624";"narrativa";" 1.920238e-03"
"  4";"  74";" 5.41";"  -9.613";"falso";" 1.931994e-03"
"  0";"  39";" 0.00";"  -9.599";"intercessor";" 1.946794e-03"
"  0";"  39";" 0.00";"  -9.599";"caos";" 1.946794e-03"
"  8";" 104";" 7.69";"  -9.551";"jamais";" 1.997880e-03"
"  8";" 104";" 7.69";"  -9.551";"negócio";" 1.997880e-03"
" 14";" 146";" 9.59";"  -9.531";"atacar";" 2.019969e-03"
"  2";"  57";" 3.51";"  -9.489";"odiar";" 2.066746e-03"
"  2";"  57";" 3.51";"  -9.489";"ladrão";" 2.066746e-03"
"  1";"  48";" 2.08";"  -9.454";"rosto";" 2.106898e-03"
"  1";"  48";" 2.08";"  -9.454";"carinho";" 2.106898e-03"
"  7";"  96";" 7.29";"  -9.411";"pronto";" 2.157419e-03"
"  0";"  38";" 0.00";"  -9.353";"candidatar";" 2.226775e-03"
"  0";"  38";" 0.00";"  -9.353";"curado";" 2.226775e-03"
"  0";"  38";" 0.00";"  -9.353";"súplica";" 2.226775e-03"
"  0";"  38";" 0.00";"  -9.353";"bíblico";" 2.226775e-03"
"  9";" 110";" 8.18";"  -9.300";"aparecer";" 2.292000e-03"
"  1";"  47";" 2.13";"  -9.210";"peso";" 2.406689e-03"
"  1";"  47";" 2.13";"  -9.210";"moço";" 2.406689e-03"
"  1";"  47";" 2.13";"  -9.210";"segurar";" 2.406689e-03"
"  3";"  64";" 4.69";"  -9.165";"mover";" 2.467235e-03"
"  3";"  64";" 4.69";"  -9.165";"bicho";" 2.467235e-03"
"  0";"  37";" 0.00";"  -9.106";"ressuscitar";" 2.547657e-03"
" 72";" 499";"14.43";"  -9.025";"continuar";" 2.663106e-03"
"  1";"  46";" 2.17";"  -8.967";"comunismo";" 2.749644e-03"
"  1";"  46";" 2.17";"  -8.967";"fiel";" 2.749644e-03"
"  4";"  71";" 5.63";"  -8.930";"tio";" 2.804609e-03"
"  8";" 101";" 7.92";"  -8.926";"notícia";" 2.811394e-03"
"  0";"  36";" 0.00";"  -8.860";"jeremias";" 2.915542e-03"
"  0";"  36";" 0.00";"  -8.860";"personagem";" 2.915542e-03"
"  0";"  36";" 0.00";"  -8.860";"libertar";" 2.915542e-03"
"  0";"  36";" 0.00";"  -8.860";"discípulo";" 2.915542e-03"
"  0";"  36";" 0.00";"  -8.860";"sarar";" 2.915542e-03"
"  0";"  36";" 0.00";"  -8.860";"hotel";" 2.915542e-03"
"  0";"  36";" 0.00";"  -8.860";"calado";" 2.915542e-03"
" 58";" 415";"13.98";"  -8.814";"abrir";" 2.989587e-03"
"  1";"  45";" 2.22";"  -8.723";"fascista";" 3.142073e-03"
"  1";"  45";" 2.22";"  -8.723";"conservadorismo";" 3.142073e-03"
"  1";"  45";" 2.22";"  -8.723";"prender";" 3.142073e-03"
"  1";"  45";" 2.22";"  -8.723";"curar";" 3.142073e-03"
" 12";" 128";" 9.38";"  -8.706";"comentário";" 3.170820e-03"
"  3";"  62";" 4.84";"  -8.700";"sentimento";" 3.182096e-03"
"  3";"  62";" 4.84";"  -8.700";"aguentar";" 3.182096e-03"
"  9";" 107";" 8.41";"  -8.689";"menino";" 3.201293e-03"
" 11";" 121";" 9.09";"  -8.686";"louvor";" 3.206931e-03"
"  6";"  85";" 7.06";"  -8.643";"bandido";" 3.282515e-03"
"  0";"  35";" 0.00";"  -8.613";"piada";" 3.337468e-03"
"  0";"  35";" 0.00";"  -8.613";"revelação";" 3.337468e-03"
"  0";"  35";" 0.00";"  -8.613";"moisés";" 3.337468e-03"
"  0";"  35";" 0.00";"  -8.613";"gratidão";" 3.337468e-03"
"  0";"  35";" 0.00";"  -8.613";"paciência";" 3.337468e-03"
"  0";"  35";" 0.00";"  -8.613";"gás";" 3.337468e-03"
"  0";"  35";" 0.00";"  -8.613";"onda";" 3.337468e-03"
"  0";"  35";" 0.00";"  -8.613";"futebol";" 3.337468e-03"
"  0";"  35";" 0.00";"  -8.613";"facebook";" 3.337468e-03"
"  0";"  35";" 0.00";"  -8.613";"depressão";" 3.337468e-03"
"  5";"  77";" 6.49";"  -8.542";"ditadura";" 3.471269e-03"
"  2";"  53";" 3.77";"  -8.536";"opar";" 3.481489e-03"
"  1";"  44";" 2.27";"  -8.480";"sabedoria";" 3.591227e-03"
"  4";"  69";" 5.80";"  -8.478";"trás";" 3.594261e-03"
"  3";"  61";" 4.92";"  -8.468";"errar";" 3.613749e-03"
"  6";"  84";" 7.14";"  -8.428";"normal";" 3.694036e-03"
"  0";"  34";" 0.00";"  -8.367";"roupa";" 3.821563e-03"
"  0";"  34";" 0.00";"  -8.367";"jogador";" 3.821563e-03"
"  5";"  76";" 6.58";"  -8.322";"economia";" 3.917235e-03"
"  5";"  76";" 6.58";"  -8.322";"gravar";" 3.917235e-03"
"  4";"  68";" 5.88";"  -8.253";"padre";" 4.068372e-03"
"  1";"  43";" 2.33";"  -8.237";"feminismo";" 4.105446e-03"
" 12";" 125";" 9.60";"  -8.136";"joão";" 4.339872e-03"
"  0";"  33";" 0.00";"  -8.120";"maluco";" 4.377215e-03"
"  0";"  33";" 0.00";"  -8.120";"sérgio";" 4.377215e-03"
"  0";"  33";" 0.00";"  -8.120";"orarmos";" 4.377215e-03"
" 11";" 118";" 9.32";"  -8.105";"acima";" 4.413453e-03"
" 11";" 118";" 9.32";"  -8.105";"fogo";" 4.413453e-03"
"  2";"  51";" 3.92";"  -8.062";"artista";" 4.520918e-03"
"  2";"  51";" 3.92";"  -8.062";"injustiça";" 4.520918e-03"
"  1";"  42";" 2.38";"  -7.994";"semente";" 4.694321e-03"
"  1";"  42";" 2.38";"  -7.994";"judeu";" 4.694321e-03"
"  1";"  42";" 2.38";"  -7.994";"virtude";" 4.694321e-03"
"  1";"  42";" 2.38";"  -7.994";"bolo";" 4.694321e-03"
"  1";"  42";" 2.38";"  -7.994";"aproximar";" 4.694321e-03"
" 61";" 425";"14.35";"  -7.885";"pensar";" 4.985624e-03"
"  5";"  74";" 6.76";"  -7.884";"atitude";" 4.986086e-03"
"  0";"  32";" 0.00";"  -7.874";"link";" 5.015279e-03"
"  0";"  32";" 0.00";"  -7.874";"bando";" 5.015279e-03"
"  0";"  32";" 0.00";"  -7.874";"cama";" 5.015279e-03"
"  0";"  32";" 0.00";"  -7.874";"beber";" 5.015279e-03"
"  0";"  32";" 0.00";"  -7.874";"bolso";" 5.015279e-03"
"  0";"  32";" 0.00";"  -7.874";"libertação";" 5.015279e-03"
" 14";" 137";"10.22";"  -7.864";"virar";" 5.043044e-03"
"  4";"  66";" 6.06";"  -7.805";"quantidade";" 5.210951e-03"
"  6";"  81";" 7.41";"  -7.788";"pressão";" 5.258500e-03"
"  1";"  41";" 2.44";"  -7.751";"compra";" 5.368891e-03"
"  1";"  41";" 2.44";"  -7.751";"genocida";" 5.368891e-03"
"  8";"  95";" 8.42";"  -7.697";"fortalecer";" 5.529913e-03"
"  0";"  31";" 0.00";"  -7.628";"neemias";" 5.748318e-03"
"  0";"  31";" 0.00";"  -7.628";"ucrânia";" 5.748318e-03"
"  0";"  31";" 0.00";"  -7.628";"eternidade";" 5.748318e-03"
"  0";"  31";" 0.00";"  -7.628";"curtir";" 5.748318e-03"
"  2";"  49";" 4.08";"  -7.589";"famoso";" 5.872828e-03"
"  6";"  80";" 7.50";"  -7.577";"super";" 5.912855e-03"
"  3";"  57";" 5.26";"  -7.547";"venezuela";" 6.009953e-03"
"  7";"  87";" 8.05";"  -7.522";"droga";" 6.093968e-03"
"  1";"  40";" 2.50";"  -7.508";"alegre";" 6.141867e-03"
"  1";"  40";" 2.50";"  -7.508";"humanidade";" 6.141867e-03"
"  1";"  40";" 2.50";"  -7.508";"corajoso";" 6.141867e-03"
"  1";"  40";" 2.50";"  -7.508";"amado";" 6.141867e-03"
" 19";" 167";"11.38";"  -7.402";"medo";" 6.516642e-03"
" 15";" 141";"10.64";"  -7.397";"preocupado";" 6.534808e-03"
"  0";"  30";" 0.00";"  -7.381";"olavo";" 6.590886e-03"
"  0";"  30";" 0.00";"  -7.381";"brigar";" 6.590886e-03"
"  0";"  30";" 0.00";"  -7.381";"corrida";" 6.590886e-03"
"  0";"  30";" 0.00";"  -7.381";"dica";" 6.590886e-03"
"  0";"  30";" 0.00";"  -7.381";"nervoso";" 6.590886e-03"
"238";"1406";"16.93";"  -7.373";"achar";" 6.621827e-03"
"  4";"  64";" 6.25";"  -7.359";"sincero";" 6.671605e-03"
" 14";" 134";"10.45";"  -7.325";"golpe";" 6.799692e-03"
"  3";"  56";" 5.36";"  -7.319";"alcance";" 6.824603e-03"
"  7";"  86";" 8.14";"  -7.317";"ouvido";" 6.830884e-03"
"  1";"  39";" 2.56";"  -7.266";"favela";" 7.027897e-03"
"  1";"  39";" 2.56";"  -7.266";"expulsar";" 7.027897e-03"
"  1";"  39";" 2.56";"  -7.266";"queimar";" 7.027897e-03"
" 13";" 127";"10.24";"  -7.261";"fechar";" 7.048430e-03"
" 23";" 191";"12.04";"  -7.178";"declarar";" 7.379635e-03"
" 28";" 222";"12.61";"  -7.159";"mês";" 7.459146e-03"
"  0";"  29";" 0.00";"  -7.135";"bondade";" 7.559861e-03"
"  0";"  29";" 0.00";"  -7.135";"restaurar";" 7.559861e-03"
"  0";"  29";" 0.00";"  -7.135";"fidel";" 7.559861e-03"
"  0";"  29";" 0.00";"  -7.135";"movimentar";" 7.559861e-03"
"  0";"  29";" 0.00";"  -7.135";"pecador";" 7.559861e-03"
"  0";"  29";" 0.00";"  -7.135";"julgamento";" 7.559861e-03"
"  0";"  29";" 0.00";"  -7.135";"vento";" 7.559861e-03"
"  0";"  29";" 0.00";"  -7.135";"restauração";" 7.559861e-03"
"  0";"  29";" 0.00";"  -7.135";"pano";" 7.559861e-03"
"  0";"  29";" 0.00";"  -7.135";"glorificar";" 7.559861e-03"
"  0";"  29";" 0.00";"  -7.135";"doido";" 7.559861e-03"
"  0";"  29";" 0.00";"  -7.135";"conexão";" 7.559861e-03"
"  0";"  29";" 0.00";"  -7.135";"bênção";" 7.559861e-03"
"  2";"  47";" 4.26";"  -7.118";"time";" 7.631944e-03"
"  2";"  47";" 4.26";"  -7.118";"pôr";" 7.631944e-03"
" 31";" 240";"12.92";"  -7.097";"humano";" 7.720727e-03"
"  8";"  92";" 8.70";"  -7.096";"tranquilo";" 7.726508e-03"
"  3";"  55";" 5.45";"  -7.090";"fonte";" 7.749477e-03"
"  3";"  55";" 5.45";"  -7.090";"carta";" 7.749477e-03"
"426";"2410";"17.68";"  -7.082";"só";" 7.785823e-03"
"  1";"  38";" 2.63";"  -7.024";"homossexual";" 8.043865e-03"
"  1";"  38";" 2.63";"  -7.024";"legado";" 8.043865e-03"
"  1";"  38";" 2.63";"  -7.024";"costa";" 8.043865e-03"
"  5";"  70";" 7.14";"  -7.020";"crise";" 8.061673e-03"
"  5";"  70";" 7.14";"  -7.020";"ódio";" 8.061673e-03"
"133";" 825";"16.12";"  -7.004";"lula";" 8.131734e-03"
" 40";" 293";"13.65";"  -6.909";"junto";" 8.574342e-03"
" 13";" 125";"10.40";"  -6.901";"gastar";" 8.613938e-03"
" 27";" 214";"12.62";"  -6.891";"pagar";" 8.665202e-03"
"  0";"  28";" 0.00";"  -6.889";"abraão";" 8.674838e-03"
"  0";"  28";" 0.00";"  -6.889";"neymar";" 8.674838e-03"
"  0";"  28";" 0.00";"  -6.889";"descansar";" 8.674838e-03"
"  0";"  28";" 0.00";"  -6.889";"babilônio";" 8.674838e-03"
"  0";"  28";" 0.00";"  -6.889";"habitar";" 8.674838e-03"
"  0";"  28";" 0.00";"  -6.889";"jerusalém";" 8.674838e-03"
"  2";"  46";" 4.35";"  -6.883";"honrar";" 8.701507e-03"
" 15";" 138";"10.87";"  -6.875";"cuidar";" 8.742750e-03"
"  3";"  54";" 5.56";"  -6.863";"perfil";" 8.799429e-03"
"  3";"  54";" 5.56";"  -6.863";"alimentar";" 8.799429e-03"
"  1";"  37";" 2.70";"  -6.782";"pcc";" 9.209254e-03"
"  1";"  37";" 2.70";"  -6.782";"indignado";" 9.209254e-03"
"  1";"  37";" 2.70";"  -6.782";"vírus";" 9.209254e-03"
"  1";"  37";" 2.70";"  -6.782";"som";" 9.209254e-03"
"  1";"  37";" 2.70";"  -6.782";"abençoado";" 9.209254e-03"
" 33";" 249";"13.25";"  -6.656";"gerar";" 9.880448e-03"
"  2";"  45";" 4.44";"  -6.649";"festa";" 9.921991e-03"
"  2";"  45";" 4.44";"  -6.649";"quebra";" 9.921991e-03"
"  2";"  45";" 4.44";"  -6.649";"ótimo";" 9.921991e-03"
"  0";"  27";" 0.00";"  -6.642";"amizade";" 9.958593e-03"
"  0";"  27";" 0.00";"  -6.642";"reação";" 9.958593e-03"
"  0";"  27";" 0.00";"  -6.642";"parente";" 9.958593e-03"
"  0";"  27";" 0.00";"  -6.642";"espiritualmente";" 9.958593e-03"
"  0";"  27";" 0.00";"  -6.642";"aurora";" 9.958593e-03"
"  3";"  53";" 5.66";"  -6.636";"preto";" 9.991301e-03"
"  3";"  53";" 5.66";"  -6.636";"descer";" 9.991301e-03"
" 10";" 103";" 9.71";"  -6.555";"caráter";" 1.045941e-02"
"  1";"  36";" 2.78";"  -6.540";"batalhar";" 1.054656e-02"
"  1";"  36";" 2.78";"  -6.540";"xingar";" 1.054656e-02"
"  1";"  36";" 2.78";"  -6.540";"vagabundo";" 1.054656e-02"
"  1";"  36";" 2.78";"  -6.540";"caminhada";" 1.054656e-02"
"  1";"  36";" 2.78";"  -6.540";"ansiedade";" 1.054656e-02"
"  1";"  36";" 2.78";"  -6.540";"lavar";" 1.054656e-02"
"  9";"  96";" 9.38";"  -6.521";"agir";" 1.065811e-02"
"144";" 880";"16.36";"  -6.515";"exemplo";" 1.069610e-02"
"  8";"  89";" 8.99";"  -6.504";"agenda";" 1.076517e-02"
"  4";"  60";" 6.67";"  -6.478";"mero";" 1.091998e-02"
"  4";"  60";" 6.67";"  -6.478";"governar";" 1.091998e-02"
" 14";" 129";"10.85";"  -6.448";"ruim";" 1.110504e-02"
" 73";" 481";"15.18";"  -6.412";"acabar";" 1.133503e-02"
"  0";"  26";" 0.00";"  -6.396";"casado";" 1.143764e-02"
"  0";"  26";" 0.00";"  -6.396";"funk";" 1.143764e-02"
"  0";"  26";" 0.00";"  -6.396";"pátria";" 1.143764e-02"
"  0";"  26";" 0.00";"  -6.396";"passageiro";" 1.143764e-02"
"  0";"  26";" 0.00";"  -6.396";"ministração";" 1.143764e-02"
"  0";"  26";" 0.00";"  -6.396";"muro";" 1.143764e-02"
"  5";"  67";" 7.46";"  -6.381";"julgar";" 1.153539e-02"
" 13";" 122";"10.66";"  -6.370";"escolher";" 1.160355e-02"
"  1";"  35";" 2.86";"  -6.299";"renovar";" 1.208176e-02"
"  1";"  35";" 2.86";"  -6.299";"genuíno";" 1.208176e-02"
"  1";"  35";" 2.86";"  -6.299";"revelar";" 1.208176e-02"
"  1";"  35";" 2.86";"  -6.299";"distante";" 1.208176e-02"
"  1";"  35";" 2.86";"  -6.299";"merda";" 1.208176e-02"
"  1";"  35";" 2.86";"  -6.299";"afastar";" 1.208176e-02"
" 14";" 128";"10.94";"  -6.277";"botar";" 1.223491e-02"
"  3";"  51";" 5.88";"  -6.186";"maduro";" 1.287971e-02"
"  2";"  43";" 4.65";"  -6.182";"palestra";" 1.290467e-02"
"  2";"  43";" 4.65";"  -6.182";"opositor";" 1.290467e-02"
"  2";"  43";" 4.65";"  -6.182";"convencer";" 1.290467e-02"
" 72";" 473";"15.22";"  -6.179";"jovem";" 1.293114e-02"
"  0";"  25";" 0.00";"  -6.150";"casar";" 1.314289e-02"
"  0";"  25";" 0.00";"  -6.150";"shopping";" 1.314289e-02"
"  0";"  25";" 0.00";"  -6.150";"atrair";" 1.314289e-02"
"  0";"  25";" 0.00";"  -6.150";"capitalismo";" 1.314289e-02"
"  0";"  25";" 0.00";"  -6.150";"facada";" 1.314289e-02"
"  0";"  25";" 0.00";"  -6.150";"amazônia";" 1.314289e-02"
"  0";"  25";" 0.00";"  -6.150";"queimado";" 1.314289e-02"
"  0";"  25";" 0.00";"  -6.150";"papai";" 1.314289e-02"
"  0";"  25";" 0.00";"  -6.150";"estuprar";" 1.314289e-02"
"  0";"  25";" 0.00";"  -6.150";"templo";" 1.314289e-02"
"  0";"  25";" 0.00";"  -6.150";"frio";" 1.314289e-02"
"  0";"  25";" 0.00";"  -6.150";"dama";" 1.314289e-02"
"  0";"  25";" 0.00";"  -6.150";"nicolás";" 1.314289e-02"
"  0";"  25";" 0.00";"  -6.150";"ousadia";" 1.314289e-02"
"  0";"  25";" 0.00";"  -6.150";"comunhão";" 1.314289e-02"
"  7";"  80";" 8.75";"  -6.107";"invadir";" 1.346735e-02"
"  1";"  34";" 2.94";"  -6.058";"temor";" 1.384490e-02"
"  1";"  34";" 2.94";"  -6.058";"mateus";" 1.384490e-02"
"  1";"  34";" 2.94";"  -6.058";"áudio";" 1.384490e-02"
"  1";"  34";" 2.94";"  -6.058";"puc";" 1.384490e-02"
"  1";"  34";" 2.94";"  -6.058";"hipócrita";" 1.384490e-02"
" 10";" 100";"10.00";"  -5.999";"cultural";" 1.431716e-02"
" 10";" 100";"10.00";"  -5.999";"engraçado";" 1.431716e-02"
" 61";" 408";"14.95";"  -5.974";"levar";" 1.451729e-02"
" 23";" 183";"12.57";"  -5.966";"tornar";" 1.458753e-02"
" 23";" 183";"12.57";"  -5.966";"local";" 1.458753e-02"
"  2";"  42";" 4.76";"  -5.950";"silva";" 1.471950e-02"
" 14";" 126";"11.11";"  -5.936";"menina";" 1.483225e-02"
"  8";"  86";" 9.30";"  -5.922";"cá";" 1.495240e-02"
"  7";"  79";" 8.86";"  -5.909";"brincar";" 1.506368e-02"
"  0";"  24";" 0.00";"  -5.904";"apaixonado";" 1.511043e-02"
"  0";"  24";" 0.00";"  -5.904";"stories";" 1.511043e-02"
"  0";"  24";" 0.00";"  -5.904";"destino";" 1.511043e-02"
"  0";"  24";" 0.00";"  -5.904";"fluir";" 1.511043e-02"
"  0";"  24";" 0.00";"  -5.904";"publicação";" 1.511043e-02"
"  0";"  24";" 0.00";"  -5.904";"alegrar";" 1.511043e-02"
"  0";"  24";" 0.00";"  -5.904";"santidade";" 1.511043e-02"
"  0";"  24";" 0.00";"  -5.904";"fraqueza";" 1.511043e-02"
"  0";"  24";" 0.00";"  -5.904";"cubano";" 1.511043e-02"
"  0";"  24";" 0.00";"  -5.904";"anitta";" 1.511043e-02"
"  0";"  24";" 0.00";"  -5.904";"maneiro";" 1.511043e-02"
"  0";"  24";" 0.00";"  -5.904";"passivo";" 1.511043e-02"
"  0";"  24";" 0.00";"  -5.904";"morada";" 1.511043e-02"
"  0";"  24";" 0.00";"  -5.904";"mentalidade";" 1.511043e-02"
"  0";"  24";" 0.00";"  -5.904";"martelo";" 1.511043e-02"
"  0";"  24";" 0.00";"  -5.904";"cova";" 1.511043e-02"
"  1";"  33";" 3.03";"  -5.817";"soldado";" 1.587076e-02"
"  1";"  33";" 3.03";"  -5.817";"reagir";" 1.587076e-02"
"  1";"  33";" 3.03";"  -5.817";"choro";" 1.587076e-02"
"  5";"  64";" 7.81";"  -5.752";"trocar";" 1.647218e-02"
"  5";"  64";" 7.81";"  -5.752";"cpmi";" 1.647218e-02"
"  3";"  49";" 6.12";"  -5.738";"módulo";" 1.659997e-02"
"  3";"  49";" 6.12";"  -5.738";"juntar";" 1.659997e-02"
"  2";"  41";" 4.88";"  -5.718";"cabelo";" 1.679146e-02"
"  2";"  41";" 4.88";"  -5.718";"revolução";" 1.679146e-02"
"  2";"  41";" 4.88";"  -5.718";"humilhar";" 1.679146e-02"
"  2";"  41";" 4.88";"  -5.718";"pau";" 1.679146e-02"
"  6";"  71";" 8.45";"  -5.717";"impressionante";" 1.679979e-02"
"  7";"  78";" 8.97";"  -5.713";"flávio";" 1.684332e-02"
"  7";"  78";" 8.97";"  -5.713";"soltar";" 1.684332e-02"
"  0";"  23";" 0.00";"  -5.657";"livraria";" 1.738249e-02"
"  0";"  23";" 0.00";"  -5.657";"acaso";" 1.738249e-02"
"  0";"  23";" 0.00";"  -5.657";"rezar";" 1.738249e-02"
"  0";"  23";" 0.00";"  -5.657";"figueira";" 1.738249e-02"
"  0";"  23";" 0.00";"  -5.657";"saída";" 1.738249e-02"
"  0";"  23";" 0.00";"  -5.657";"doer";" 1.738249e-02"
"  0";"  23";" 0.00";"  -5.657";"evangelista";" 1.738249e-02"
"  0";"  23";" 0.00";"  -5.657";"espada";" 1.738249e-02"
"  0";"  23";" 0.00";"  -5.657";"romano";" 1.738249e-02"
"  0";"  23";" 0.00";"  -5.657";"planta";" 1.738249e-02"
"  0";"  23";" 0.00";"  -5.657";"maligno";" 1.738249e-02"
"  0";"  23";" 0.00";"  -5.657";"cantor";" 1.738249e-02"
"  0";"  23";" 0.00";"  -5.657";"liderar";" 1.738249e-02"
"  4";"  56";" 7.14";"  -5.613";"provar";" 1.783158e-02"
"  1";"  32";" 3.12";"  -5.577";"aliança";" 1.819963e-02"
"  1";"  32";" 3.12";"  -5.577";"idiota";" 1.819963e-02"
" 18";" 149";"12.08";"  -5.534";"porta";" 1.864889e-02"
"  3";"  48";" 6.25";"  -5.516";"marca";" 1.884390e-02"
"  3";"  48";" 6.25";"  -5.516";"jornal";" 1.884390e-02"
"  2";"  40";" 5.00";"  -5.487";"confiança";" 1.915731e-02"
"  2";"  40";" 5.00";"  -5.487";"enganado";" 1.915731e-02"
"233";"1349";"17.27";"  -5.426";"bom";" 1.983550e-02"
"  0";"  22";" 0.00";"  -5.411";"reto";" 2.000853e-02"
"  0";"  22";" 0.00";"  -5.411";"pancada";" 2.000853e-02"
"  0";"  22";" 0.00";"  -5.411";"limpo";" 2.000853e-02"
"  0";"  22";" 0.00";"  -5.411";"evangelizar";" 2.000853e-02"
"  0";"  22";" 0.00";"  -5.411";"estranho";" 2.000853e-02"
"  0";"  22";" 0.00";"  -5.411";"silveira";" 2.000853e-02"
"  0";"  22";" 0.00";"  -5.411";"silas";" 2.000853e-02"
"  0";"  22";" 0.00";"  -5.411";"débora";" 2.000853e-02"
"  0";"  22";" 0.00";"  -5.411";"madrugada";" 2.000853e-02"
"  0";"  22";" 0.00";"  -5.411";"sobreviver";" 2.000853e-02"
"  0";"  22";" 0.00";"  -5.411";"compaixão";" 2.000853e-02"
"253";"1456";"17.38";"  -5.394";"até";" 2.020681e-02"
"  8";"  83";" 9.64";"  -5.352";"perseguição";" 2.069745e-02"
"  5";"  62";" 8.06";"  -5.338";"salvador";" 2.086117e-02"
"  1";"  31";" 3.23";"  -5.337";"casal";" 2.087820e-02"
"  1";"  31";" 3.23";"  -5.337";"injusto";" 2.087820e-02"
"  1";"  31";" 3.23";"  -5.337";"porcaria";" 2.087820e-02"
"  1";"  31";" 3.23";"  -5.337";"lucas";" 2.087820e-02"
"  3";"  47";" 6.38";"  -5.295";"chave";" 2.138975e-02"
" 10";"  96";"10.42";"  -5.275";"fome";" 2.163364e-02"
"  2";"  39";" 5.13";"  -5.257";"piorar";" 2.185908e-02"
"  2";"  39";" 5.13";"  -5.257";"inacreditável";" 2.185908e-02"
"  4";"  54";" 7.41";"  -5.187";"viagem";" 2.276190e-02"
" 13";" 115";"11.30";"  -5.175";"comunista";" 2.290847e-02"
"  0";"  21";" 0.00";"  -5.165";"genocídio";" 2.304671e-02"
"  0";"  21";" 0.00";"  -5.165";"aécio";" 2.304671e-02"
"  0";"  21";" 0.00";"  -5.165";"soberania";" 2.304671e-02"
"  0";"  21";" 0.00";"  -5.165";"processar";" 2.304671e-02"
"  0";"  21";" 0.00";"  -5.165";"invisível";" 2.304671e-02"
"  0";"  21";" 0.00";"  -5.165";"google";" 2.304671e-02"
"  0";"  21";" 0.00";"  -5.165";"edificar";" 2.304671e-02"
"  0";"  21";" 0.00";"  -5.165";"chover";" 2.304671e-02"
"  0";"  21";" 0.00";"  -5.165";"soviético";" 2.304671e-02"
"  0";"  21";" 0.00";"  -5.165";"machucar";" 2.304671e-02"
"  0";"  21";" 0.00";"  -5.165";"colher";" 2.304671e-02"
"  0";"  21";" 0.00";"  -5.165";"cavalo";" 2.304671e-02"
"  0";"  21";" 0.00";"  -5.165";"altar";" 2.304671e-02"
"  0";"  21";" 0.00";"  -5.165";"sujo";" 2.304671e-02"
"  0";"  21";" 0.00";"  -5.165";"namorado";" 2.304671e-02"
"  0";"  21";" 0.00";"  -5.165";"inspiração";" 2.304671e-02"
"  0";"  21";" 0.00";"  -5.165";"crônico";" 2.304671e-02"
"  0";"  21";" 0.00";"  -5.165";"camila";" 2.304671e-02"
"  0";"  21";" 0.00";"  -5.165";"caiar";" 2.304671e-02"
"  0";"  21";" 0.00";"  -5.165";"burro";" 2.304671e-02"
"  0";"  21";" 0.00";"  -5.165";"pastorzão";" 2.304671e-02"
"  0";"  21";" 0.00";"  -5.165";"muit";" 2.304671e-02"
"  0";"  21";" 0.00";"  -5.165";"celestial";" 2.304671e-02"
" 21";" 165";"12.73";"  -5.139";"explicar";" 2.339607e-02"
"  6";"  68";" 8.82";"  -5.119";"sozinho";" 2.366685e-02"
"  1";"  30";" 3.33";"  -5.097";"despertar";" 2.396070e-02"
"  1";"  30";" 3.33";"  -5.097";"ansioso";" 2.396070e-02"
"  1";"  30";" 3.33";"  -5.097";"resumir";" 2.396070e-02"
"  1";"  30";" 3.33";"  -5.097";"influenciador";" 2.396070e-02"
"  1";"  30";" 3.33";"  -5.097";"embaixo";" 2.396070e-02"
"  3";"  46";" 6.52";"  -5.075";"dono";" 2.427775e-02"
"  3";"  46";" 6.52";"  -5.075";"jornalista";" 2.427775e-02"
"  3";"  46";" 6.52";"  -5.075";"sinal";" 2.427775e-02"
"  2";"  38";" 5.26";"  -5.028";"lives";" 2.494490e-02"
"  2";"  38";" 5.26";"  -5.028";"brincadeira";" 2.494490e-02"
"  2";"  38";" 5.26";"  -5.028";"manchete";" 2.494490e-02"
"  4";"  53";" 7.55";"  -4.975";"praça";" 2.570894e-02"
"  5";"  60";" 8.33";"  -4.930";"sonho";" 2.638921e-02"
"  5";"  60";" 8.33";"  -4.930";"dominar";" 2.638921e-02"
" 10";"  94";"10.64";"  -4.922";"milhar";" 2.652095e-02"
"  6";"  67";" 8.96";"  -4.922";"preço";" 2.651214e-02"
"  6";"  67";" 8.96";"  -4.922";"organizado";" 2.651214e-02"
"  0";"  20";" 0.00";"  -4.919";"loja";" 2.656546e-02"
"  0";"  20";" 0.00";"  -4.919";"gay";" 2.656546e-02"
"  0";"  20";" 0.00";"  -4.919";"pregador";" 2.656546e-02"
"  0";"  20";" 0.00";"  -4.919";"petição";" 2.656546e-02"
"  0";"  20";" 0.00";"  -4.919";"peito";" 2.656546e-02"
"  0";"  20";" 0.00";"  -4.919";"paixão";" 2.656546e-02"
"  0";"  20";" 0.00";"  -4.919";"engolir";" 2.656546e-02"
"  0";"  20";" 0.00";"  -4.919";"desligar";" 2.656546e-02"
"  0";"  20";" 0.00";"  -4.919";"vingança";" 2.656546e-02"
"  0";"  20";" 0.00";"  -4.919";"sábado";" 2.656546e-02"
"  0";"  20";" 0.00";"  -4.919";"sorriso";" 2.656546e-02"
"  0";"  20";" 0.00";"  -4.919";"netflix";" 2.656546e-02"
"  0";"  20";" 0.00";"  -4.919";"multiplicar";" 2.656546e-02"
"  0";"  20";" 0.00";"  -4.919";"sorrir";" 2.656546e-02"
"  0";"  20";" 0.00";"  -4.919";"rússia";" 2.656546e-02"
"  0";"  20";" 0.00";"  -4.919";"pregação";" 2.656546e-02"
"  0";"  20";" 0.00";"  -4.919";"guerreiro";" 2.656546e-02"
"  0";"  20";" 0.00";"  -4.919";"filipenses";" 2.656546e-02"
"  0";"  20";" 0.00";"  -4.919";"atentado";" 2.656546e-02"
"  0";"  20";" 0.00";"  -4.919";"presidencial";" 2.656546e-02"
"  0";"  20";" 0.00";"  -4.919";"escuro";" 2.656546e-02"
"  0";"  20";" 0.00";"  -4.919";"desemprego";" 2.656546e-02"
"  1";"  29";" 3.45";"  -4.859";"incomodar";" 2.751013e-02"
"  1";"  29";" 3.45";"  -4.859";"rolar";" 2.751013e-02"
"  1";"  29";" 3.45";"  -4.859";"janones";" 2.751013e-02"
"  1";"  29";" 3.45";"  -4.859";"sensacional";" 2.751013e-02"
"  3";"  45";" 6.67";"  -4.856";"perigo";" 2.755342e-02"
"  3";"  45";" 6.67";"  -4.856";"mar";" 2.755342e-02"
"  3";"  45";" 6.67";"  -4.856";"meter";" 2.755342e-02"
"  9";"  87";"10.34";"  -4.853";"prestar";" 2.760157e-02"
"  2";"  37";" 5.41";"  -4.799";"fascismo";" 2.846984e-02"
"  2";"  37";" 5.41";"  -4.799";"subestimar";" 2.846984e-02"
"  2";"  37";" 5.41";"  -4.799";"dobrar";" 2.846984e-02"
"  2";"  37";" 5.41";"  -4.799";"dedo";" 2.846984e-02"
"  2";"  37";" 5.41";"  -4.799";"estupro";" 2.846984e-02"
"  4";"  52";" 7.69";"  -4.766";"advogado";" 2.903108e-02"
"  7";"  73";" 9.59";"  -4.752";"evangélico";" 2.926989e-02"
" 12";" 106";"11.32";"  -4.750";"crescer";" 2.929642e-02"
"  5";"  59";" 8.47";"  -4.729";"escândalo";" 2.966653e-02"
"  5";"  59";" 8.47";"  -4.729";"fechado";" 2.966653e-02"
"  5";"  59";" 8.47";"  -4.729";"impactar";" 2.966653e-02"
"  0";"  19";" 0.00";"  -4.673";"colômbia";" 3.064565e-02"
"  0";"  19";" 0.00";"  -4.673";"tok";" 3.064565e-02"
"  0";"  19";" 0.00";"  -4.673";"tik";" 3.064565e-02"
"  0";"  19";" 0.00";"  -4.673";"lívia";" 3.064565e-02"
"  0";"  19";" 0.00";"  -4.673";"repreender";" 3.064565e-02"
"  0";"  19";" 0.00";"  -4.673";"príncipe";" 3.064565e-02"
"  0";"  19";" 0.00";"  -4.673";"enfermidade";" 3.064565e-02"
"  0";"  19";" 0.00";"  -4.673";"sacerdote";" 3.064565e-02"
"  0";"  19";" 0.00";"  -4.673";"maldade";" 3.064565e-02"
"  0";"  19";" 0.00";"  -4.673";"desenho";" 3.064565e-02"
"  0";"  19";" 0.00";"  -4.673";"tempestade";" 3.064565e-02"
"  0";"  19";" 0.00";"  -4.673";"ira";" 3.064565e-02"
"  0";"  19";" 0.00";"  -4.673";"indiciar";" 3.064565e-02"
"  0";"  19";" 0.00";"  -4.673";"ilha";" 3.064565e-02"
"  0";"  19";" 0.00";"  -4.673";"foro";" 3.064565e-02"
"  0";"  19";" 0.00";"  -4.673";"assassinar";" 3.064565e-02"
"  0";"  19";" 0.00";"  -4.673";"itália";" 3.064565e-02"
"  0";"  19";" 0.00";"  -4.673";"escuridão";" 3.064565e-02"
"  0";"  19";" 0.00";"  -4.673";"entretenimento";" 3.064565e-02"
"  0";"  19";" 0.00";"  -4.673";"ativar";" 3.064565e-02"
"  0";"  19";" 0.00";"  -4.673";"agradável";" 3.064565e-02"
"  3";"  44";" 6.82";"  -4.638";"lotado";" 3.126821e-02"
"  3";"  44";" 6.82";"  -4.638";"empresário";" 3.126821e-02"
"  3";"  44";" 6.82";"  -4.638";"alimento";" 3.126821e-02"
"  1";"  28";" 3.57";"  -4.620";"conquistar";" 3.159981e-02"
"  1";"  28";" 3.57";"  -4.620";"risada";" 3.159981e-02"
"  1";"  28";" 3.57";"  -4.620";"missionário";" 3.159981e-02"
"  1";"  28";" 3.57";"  -4.620";"felicidade";" 3.159981e-02"
"  1";"  28";" 3.57";"  -4.620";"terreno";" 3.159981e-02"
"  1";"  28";" 3.57";"  -4.620";"televisão";" 3.159981e-02"
"  1";"  28";" 3.57";"  -4.620";"operar";" 3.159981e-02"
" 15";" 124";"12.10";"  -4.581";"sentar";" 3.232007e-02"
"  2";"  36";" 5.56";"  -4.572";"ana";" 3.249693e-02"
"  2";"  36";" 5.56";"  -4.572";"cancelar";" 3.249693e-02"
"  2";"  36";" 5.56";"  -4.572";"castro";" 3.249693e-02"
"  2";"  36";" 5.56";"  -4.572";"obedecer";" 3.249693e-02"
"  2";"  36";" 5.56";"  -4.572";"messias";" 3.249693e-02"
"  2";"  36";" 5.56";"  -4.572";"quebrado";" 3.249693e-02"
"  4";"  51";" 7.84";"  -4.558";"vermelho";" 3.277473e-02"
"  4";"  51";" 7.84";"  -4.558";"intelectual";" 3.277473e-02"
" 43";" 291";"14.78";"  -4.556";"maneira";" 3.280303e-02"
" 47";" 314";"14.97";"  -4.547";"livro";" 3.297041e-02"
"  6";"  65";" 9.23";"  -4.534";"vitória";" 3.323150e-02"
"  5";"  58";" 8.62";"  -4.528";"antigo";" 3.333972e-02"
"  9";"  85";"10.59";"  -4.498";"terrorista";" 3.393378e-02"
" 11";"  98";"11.22";"  -4.491";"caminhar";" 3.406724e-02"
"179";"1042";"17.18";"  -4.459";"fato";" 3.471789e-02"
"  8";"  78";"10.26";"  -4.432";"subir";" 3.528027e-02"
"  0";"  18";" 0.00";"  -4.427";"carnaval";" 3.538305e-02"
"  0";"  18";" 0.00";"  -4.427";"reinar";" 3.538305e-02"
"  0";"  18";" 0.00";"  -4.427";"vigília";" 3.538305e-02"
"  0";"  18";" 0.00";"  -4.427";"prostrar";" 3.538305e-02"
"  0";"  18";" 0.00";"  -4.427";"acalmar";" 3.538305e-02"
"  0";"  18";" 0.00";"  -4.427";"visualização";" 3.538305e-02"
"  0";"  18";" 0.00";"  -4.427";"timóteo";" 3.538305e-02"
"  0";"  18";" 0.00";"  -4.427";"quente";" 3.538305e-02"
"  0";"  18";" 0.00";"  -4.427";"podcast";" 3.538305e-02"
"  0";"  18";" 0.00";"  -4.427";"gabriel";" 3.538305e-02"
"  0";"  18";" 0.00";"  -4.427";"encorajar";" 3.538305e-02"
"  0";"  18";" 0.00";"  -4.427";"clássico";" 3.538305e-02"
"  0";"  18";" 0.00";"  -4.427";"isaías";" 3.538305e-02"
"  0";"  18";" 0.00";"  -4.427";"escritório";" 3.538305e-02"
"  0";"  18";" 0.00";"  -4.427";"documentário";" 3.538305e-02"
"  0";"  18";" 0.00";"  -4.427";"cola";" 3.538305e-02"
"  0";"  18";" 0.00";"  -4.427";"zinho";" 3.538305e-02"
"  0";"  18";" 0.00";"  -4.427";"surreal";" 3.538305e-02"
"  0";"  18";" 0.00";"  -4.427";"resistir";" 3.538305e-02"
"  0";"  18";" 0.00";"  -4.427";"profetizamos";" 3.538305e-02"
"  0";"  18";" 0.00";"  -4.427";"picanha";" 3.538305e-02"
"  0";"  18";" 0.00";"  -4.427";"papudo";" 3.538305e-02"
"  0";"  18";" 0.00";"  -4.427";"lascar";" 3.538305e-02"
"  0";"  18";" 0.00";"  -4.427";"elias";" 3.538305e-02"
"  0";"  18";" 0.00";"  -4.427";"batom";" 3.538305e-02"
"  0";"  18";" 0.00";"  -4.427";"sábio";" 3.538305e-02"
"  0";"  18";" 0.00";"  -4.427";"michele";" 3.538305e-02"
"  0";"  18";" 0.00";"  -4.427";"judá";" 3.538305e-02"
"  0";"  18";" 0.00";"  -4.427";"intimidade";" 3.538305e-02"
"  3";"  43";" 6.98";"  -4.422";"gritar";" 3.548024e-02"
"  3";"  43";" 6.98";"  -4.422";"regime";" 3.548024e-02"
"  3";"  43";" 6.98";"  -4.422";"falha";" 3.548024e-02"
"  3";"  43";" 6.98";"  -4.422";"converter";" 3.548024e-02"
"  1";"  27";" 3.70";"  -4.382";"defeito";" 3.631517e-02"
"  1";"  27";" 3.70";"  -4.382";"nascido";" 3.631517e-02"
"  1";"  27";" 3.70";"  -4.382";"tirania";" 3.631517e-02"
"  1";"  27";" 3.70";"  -4.382";"intencional";" 3.631517e-02"
"  2";"  35";" 5.71";"  -4.346";"exaltar";" 3.709836e-02"
"  2";"  35";" 5.71";"  -4.346";"peça";" 3.709836e-02"
"  2";"  35";" 5.71";"  -4.346";"caixa";" 3.709836e-02"
"  2";"  35";" 5.71";"  -4.346";"dom";" 3.709836e-02"
"  2";"  35";" 5.71";"  -4.346";"doença";" 3.709836e-02"
"  2";"  35";" 5.71";"  -4.346";"massa";" 3.709836e-02"
"  2";"  35";" 5.71";"  -4.346";"árvore";" 3.709836e-02"
"  2";"  35";" 5.71";"  -4.346";"whatsapp";" 3.709836e-02"
"  5";"  57";" 8.77";"  -4.330";"recado";" 3.745454e-02"
" 45";" 300";"15.00";"  -4.284";"aprender";" 3.846872e-02"
" 10";"  90";"11.11";"  -4.234";"correr";" 3.962044e-02"
" 10";"  90";"11.11";"  -4.234";"usado";" 3.962044e-02"
"  3";"  42";" 7.14";"  -4.207";"lar";" 4.025511e-02"
"  3";"  42";" 7.14";"  -4.207";"comida";" 4.025511e-02"
"  0";"  17";" 0.00";"  -4.181";"chato";" 4.089152e-02"
"  0";"  17";" 0.00";"  -4.181";"pix";" 4.089152e-02"
"  0";"  17";" 0.00";"  -4.181";"noivo";" 4.089152e-02"
"  0";"  17";" 0.00";"  -4.181";"misogenia";" 4.089152e-02"
"  0";"  17";" 0.00";"  -4.181";"tribo";" 4.089152e-02"
"  0";"  17";" 0.00";"  -4.181";"ovelha";" 4.089152e-02"
"  0";"  17";" 0.00";"  -4.181";"gol";" 4.089152e-02"
"  0";"  17";" 0.00";"  -4.181";"imperfeito";" 4.089152e-02"
"  0";"  17";" 0.00";"  -4.181";"selecionar";" 4.089152e-02"
"  0";"  17";" 0.00";"  -4.181";"filósofo";" 4.089152e-02"
"  0";"  17";" 0.00";"  -4.181";"ferida";" 4.089152e-02"
"  0";"  17";" 0.00";"  -4.181";"confrontar";" 4.089152e-02"
"  0";"  17";" 0.00";"  -4.181";"osso";" 4.089152e-02"
"  0";"  17";" 0.00";"  -4.181";"frustrado";" 4.089152e-02"
"  0";"  17";" 0.00";"  -4.181";"adorador";" 4.089152e-02"
"  0";"  17";" 0.00";"  -4.181";"suposto";" 4.089152e-02"
"  0";"  17";" 0.00";"  -4.181";"principado";" 4.089152e-02"
"  0";"  17";" 0.00";"  -4.181";"emoção";" 4.089152e-02"
"  0";"  17";" 0.00";"  -4.181";"chat";" 4.089152e-02"
"  0";"  17";" 0.00";"  -4.181";"caneta";" 4.089152e-02"
"  0";"  17";" 0.00";"  -4.181";"abração";" 4.089152e-02"
"  0";"  17";" 0.00";"  -4.181";"abortar";" 4.089152e-02"
"  6";"  63";" 9.52";"  -4.152";"natural";" 4.158464e-02"
"  6";"  63";" 9.52";"  -4.152";"comemorar";" 4.158464e-02"
"  4";"  49";" 8.16";"  -4.146";"face";" 4.174015e-02"
"  4";"  49";" 8.16";"  -4.146";"cenário";" 4.174015e-02"
"  1";"  26";" 3.85";"  -4.145";"honesto";" 4.175588e-02"
"  1";"  26";" 3.85";"  -4.145";"bomba";" 4.175588e-02"
"  5";"  56";" 8.93";"  -4.133";"carregar";" 4.206162e-02"
"  2";"  34";" 5.88";"  -4.121";"china";" 4.235673e-02"
"  2";"  34";" 5.88";"  -4.121";"sigilo";" 4.235673e-02"
"  2";"  34";" 5.88";"  -4.121";"maconha";" 4.235673e-02"
"  2";"  34";" 5.88";"  -4.121";"energia";" 4.235673e-02"
"  2";"  34";" 5.88";"  -4.121";"ativo";" 4.235673e-02"
" 19";" 145";"13.10";"  -4.040";"interessante";" 4.442488e-02"
" 11";"  95";"11.58";"  -3.998";"manhã";" 4.555702e-02"
"  3";"  41";" 7.32";"  -3.994";"pesquisar";" 4.566683e-02"
"  3";"  41";" 7.32";"  -3.994";"cedo";" 4.566683e-02"
"  3";"  41";" 7.32";"  -3.994";"antigamente";" 4.566683e-02"
"  0";"  16";" 0.00";"  -3.934";"ativismo";" 4.730703e-02"
"  0";"  16";" 0.00";"  -3.934";"homossexualidade";" 4.730703e-02"
"  0";"  16";" 0.00";"  -3.934";"testamento";" 4.730703e-02"
"  0";"  16";" 0.00";"  -3.934";"copa";" 4.730703e-02"
"  0";"  16";" 0.00";"  -3.934";"britânico";" 4.730703e-02"
"  0";"  16";" 0.00";"  -3.934";"júlio";" 4.730703e-02"
"  0";"  16";" 0.00";"  -3.934";"dupla";" 4.730703e-02"
"  0";"  16";" 0.00";"  -3.934";"cobre";" 4.730703e-02"
"  0";"  16";" 0.00";"  -3.934";"arca";" 4.730703e-02"
"  0";"  16";" 0.00";"  -3.934";"russo";" 4.730703e-02"
"  0";"  16";" 0.00";"  -3.934";"ordenar";" 4.730703e-02"
"  0";"  16";" 0.00";"  -3.934";"durar";" 4.730703e-02"
"  0";"  16";" 0.00";"  -3.934";"círculo";" 4.730703e-02"
"  0";"  16";" 0.00";"  -3.934";"valadão";" 4.730703e-02"
"  0";"  16";" 0.00";"  -3.934";"rachadinha";" 4.730703e-02"
"  0";"  16";" 0.00";"  -3.934";"desanimado";" 4.730703e-02"
"  0";"  16";" 0.00";"  -3.934";"cooperar";" 4.730703e-02"
"  0";"  16";" 0.00";"  -3.934";"cheiro";" 4.730703e-02"
"  0";"  16";" 0.00";"  -3.934";"barato";" 4.730703e-02"
"  0";"  16";" 0.00";"  -3.934";"obediência";" 4.730703e-02"
"  0";"  16";" 0.00";"  -3.934";"marketing";" 4.730703e-02"
"  0";"  16";" 0.00";"  -3.934";"fortaleza";" 4.730703e-02"
"  0";"  16";" 0.00";"  -3.934";"fofoca";" 4.730703e-02"
"  0";"  16";" 0.00";"  -3.934";"eis";" 4.730703e-02"
"  0";"  16";" 0.00";"  -3.934";"cessar";" 4.730703e-02"
"  0";"  16";" 0.00";"  -3.934";"avenida";" 4.730703e-02"
"  0";"  16";" 0.00";"  -3.934";"assassino";" 4.730703e-02"
"  0";"  16";" 0.00";"  -3.934";"vidro";" 4.730703e-02"
"  0";"  16";" 0.00";"  -3.934";"testemunhar";" 4.730703e-02"
"  0";"  16";" 0.00";"  -3.934";"racional";" 4.730703e-02"
"  0";"  16";" 0.00";"  -3.934";"metro";" 4.730703e-02"
"  0";"  16";" 0.00";"  -3.934";"enfermo";" 4.730703e-02"
"  0";"  16";" 0.00";"  -3.934";"dançar";" 4.730703e-02"
"  0";"  16";" 0.00";"  -3.934";"clica";" 4.730703e-02"
"  0";"  16";" 0.00";"  -3.934";"angústia";" 4.730703e-02"
" 18";" 138";"13.04";"  -3.914";"sério";" 4.788170e-02"
"  1";"  25";" 4.00";"  -3.909";"grana";" 4.803846e-02"
"  1";"  25";" 4.00";"  -3.909";"acessar";" 4.803846e-02"
"  1";"  25";" 4.00";"  -3.909";"relato";" 4.803846e-02"
" 19";" 144";"13.19";"  -3.903";"ensinar";" 4.820509e-02"
" 11";"  94";"11.70";"  -3.837";"médico";" 5.013448e-02"
" 11";"  94";"11.70";"  -3.837";"derrubar";" 5.013448e-02"
"  7";"  68";"10.29";"  -3.831";"denunciar";" 5.030792e-02"
" 82";" 503";"16.30";"  -3.802";"meio";" 5.119801e-02"
" 12";" 100";"12.00";"  -3.785";"faculdade";" 5.170254e-02"
"  5";"  54";" 9.26";"  -3.744";"alvo";" 5.298229e-02"
"  8";"  74";"10.81";"  -3.726";"bastar";" 5.357598e-02"
"  0";"  15";" 0.00";"  -3.688";"santificar";" 5.479265e-02"
"  0";"  15";" 0.00";"  -3.688";"borboleta";" 5.479265e-02"
"  0";"  15";" 0.00";"  -3.688";"pecar";" 5.479265e-02"
"  0";"  15";" 0.00";"  -3.688";"luciano";" 5.479265e-02"
"  0";"  15";" 0.00";"  -3.688";"grávido";" 5.479265e-02"
"  0";"  15";" 0.00";"  -3.688";"rainha";" 5.479265e-02"
"  0";"  15";" 0.00";"  -3.688";"teologia";" 5.479265e-02"
"  0";"  15";" 0.00";"  -3.688";"pausa";" 5.479265e-02"
"  0";"  15";" 0.00";"  -3.688";"progresso";" 5.479265e-02"
"  0";"  15";" 0.00";"  -3.688";"placa";" 5.479265e-02"
"  0";"  15";" 0.00";"  -3.688";"exaltado";" 5.479265e-02"
"  0";"  15";" 0.00";"  -3.688";"culpado";" 5.479265e-02"
"  0";"  15";" 0.00";"  -3.688";"índio";" 5.479265e-02"
"  0";"  15";" 0.00";"  -3.688";"visível";" 5.479265e-02"
"  0";"  15";" 0.00";"  -3.688";"tornozeleira";" 5.479265e-02"
"  0";"  15";" 0.00";"  -3.688";"neurônio";" 5.479265e-02"
"  0";"  15";" 0.00";"  -3.688";"habacuque";" 5.479265e-02"
"  0";"  15";" 0.00";"  -3.688";"divino";" 5.479265e-02"
"  0";"  15";" 0.00";"  -3.688";"conto";" 5.479265e-02"
"  0";"  15";" 0.00";"  -3.688";"black";" 5.479265e-02"
"  0";"  15";" 0.00";"  -3.688";"banana";" 5.479265e-02"
"  0";"  15";" 0.00";"  -3.688";"íntimo";" 5.479265e-02"
"  0";"  15";" 0.00";"  -3.688";"violão";" 5.479265e-02"
"  0";"  15";" 0.00";"  -3.688";"vinho";" 5.479265e-02"
"  0";"  15";" 0.00";"  -3.688";"prosperidade";" 5.479265e-02"
"  0";"  15";" 0.00";"  -3.688";"hino";" 5.479265e-02"
"  0";"  15";" 0.00";"  -3.688";"guevara";" 5.479265e-02"
"  0";"  15";" 0.00";"  -3.688";"feio";" 5.479265e-02"
"  0";"  15";" 0.00";"  -3.688";"eliseu";" 5.479265e-02"
"  0";"  15";" 0.00";"  -3.688";"diariamente";" 5.479265e-02"
"  0";"  15";" 0.00";"  -3.688";"dente";" 5.479265e-02"
"  0";"  15";" 0.00";"  -3.688";"balela";" 5.479265e-02"
"  0";"  15";" 0.00";"  -3.688";"abalar";" 5.479265e-02"
"  0";"  15";" 0.00";"  -3.688";"pedaço";" 5.479265e-02"
"  0";"  15";" 0.00";"  -3.688";"nicarágua";" 5.479265e-02"
"  0";"  15";" 0.00";"  -3.688";"inveja";" 5.479265e-02"
"  0";"  15";" 0.00";"  -3.688";"fingir";" 5.479265e-02"
"  0";"  15";" 0.00";"  -3.688";"estátua";" 5.479265e-02"
"  0";"  15";" 0.00";"  -3.688";"estrada";" 5.479265e-02"
"  0";"  15";" 0.00";"  -3.688";"endereço";" 5.479265e-02"
"  0";"  15";" 0.00";"  -3.688";"desanimar";" 5.479265e-02"
"  0";"  15";" 0.00";"  -3.688";"depredar";" 5.479265e-02"
"  0";"  15";" 0.00";"  -3.688";"chinês";" 5.479265e-02"
" 15";" 118";"12.71";"  -3.684";"fake";" 5.492790e-02"
"  1";"  24";" 4.17";"  -3.673";"sacrificar";" 5.529933e-02"
"  1";"  24";" 4.17";"  -3.673";"agradar";" 5.529933e-02"
"  1";"  24";" 4.17";"  -3.673";"garoto";" 5.529933e-02"
"  1";"  24";" 4.17";"  -3.673";"aconselhar";" 5.529933e-02"
"  1";"  24";" 4.17";"  -3.673";"gabriela";" 5.529933e-02"
"  1";"  24";" 4.17";"  -3.673";"camisa";" 5.529933e-02"
"  1";"  24";" 4.17";"  -3.673";"doutor";" 5.529933e-02"
"  1";"  24";" 4.17";"  -3.673";"assessor";" 5.529933e-02"
"  9";"  80";"11.25";"  -3.642";"ô";" 5.634655e-02"
" 12";"  99";"12.12";"  -3.631";"policial";" 5.672251e-02"
" 13";" 105";"12.38";"  -3.593";"brasília";" 5.802007e-02"
"  3";"  39";" 7.69";"  -3.572";"vacina";" 5.874514e-02"
"  3";"  39";" 7.69";"  -3.572";"taxar";" 5.874514e-02"
"  3";"  39";" 7.69";"  -3.572";"hipocrisia";" 5.874514e-02"
"  2";"  31";" 6.45";"  -3.454";"gigante";" 6.309000e-02"
"  2";"  31";" 6.45";"  -3.454";"papo";" 6.309000e-02"
"  0";"  14";" 0.00";"  -3.442";"fulano";" 6.354508e-02"
"  0";"  14";" 0.00";"  -3.442";"top";" 6.354508e-02"
"  0";"  14";" 0.00";"  -3.442";"cabo";" 6.354508e-02"
"  0";"  14";" 0.00";"  -3.442";"guerrear";" 6.354508e-02"
"  0";"  14";" 0.00";"  -3.442";"tentação";" 6.354508e-02"
"  0";"  14";" 0.00";"  -3.442";"redentor";" 6.354508e-02"
"  0";"  14";" 0.00";"  -3.442";"jantar";" 6.354508e-02"
"  0";"  14";" 0.00";"  -3.442";"cassiane";" 6.354508e-02"
"  0";"  14";" 0.00";"  -3.442";"apanhar";" 6.354508e-02"
"  0";"  14";" 0.00";"  -3.442";"tático";" 6.354508e-02"
"  0";"  14";" 0.00";"  -3.442";"sandra";" 6.354508e-02"
"  0";"  14";" 0.00";"  -3.442";"raciocinar";" 6.354508e-02"
"  0";"  14";" 0.00";"  -3.442";"quartel";" 6.354508e-02"
"  0";"  14";" 0.00";"  -3.442";"prudência";" 6.354508e-02"
"  0";"  14";" 0.00";"  -3.442";"mussolini";" 6.354508e-02"
"  0";"  14";" 0.00";"  -3.442";"mbl";" 6.354508e-02"
"  0";"  14";" 0.00";"  -3.442";"leste";" 6.354508e-02"
"  0";"  14";" 0.00";"  -3.442";"john";" 6.354508e-02"
"  0";"  14";" 0.00";"  -3.442";"hebreu";" 6.354508e-02"
"  0";"  14";" 0.00";"  -3.442";"copo";" 6.354508e-02"
"  0";"  14";" 0.00";"  -3.442";"cirurgia";" 6.354508e-02"
"  0";"  14";" 0.00";"  -3.442";"valoroso";" 6.354508e-02"
"  0";"  14";" 0.00";"  -3.442";"prezar";" 6.354508e-02"
"  0";"  14";" 0.00";"  -3.442";"post";" 6.354508e-02"
"  0";"  14";" 0.00";"  -3.442";"inocência";" 6.354508e-02"
"  0";"  14";" 0.00";"  -3.442";"império";" 6.354508e-02"
"  0";"  14";" 0.00";"  -3.442";"frouxo";" 6.354508e-02"
"  0";"  14";" 0.00";"  -3.442";"estourar";" 6.354508e-02"
"  0";"  14";" 0.00";"  -3.442";"donald";" 6.354508e-02"
"  0";"  14";" 0.00";"  -3.442";"cordeiro";" 6.354508e-02"
"  0";"  14";" 0.00";"  -3.442";"conversão";" 6.354508e-02"
"  0";"  14";" 0.00";"  -3.442";"consumir";" 6.354508e-02"
"  0";"  14";" 0.00";"  -3.442";"arthur";" 6.354508e-02"
"  0";"  14";" 0.00";"  -3.442";"vaidade";" 6.354508e-02"
"  0";"  14";" 0.00";"  -3.442";"tona";" 6.354508e-02"
"  0";"  14";" 0.00";"  -3.442";"rasgar";" 6.354508e-02"
"  0";"  14";" 0.00";"  -3.442";"purificar";" 6.354508e-02"
"  0";"  14";" 0.00";"  -3.442";"potestade";" 6.354508e-02"
"  0";"  14";" 0.00";"  -3.442";"otário";" 6.354508e-02"
"  0";"  14";" 0.00";"  -3.442";"inácio";" 6.354508e-02"
"  0";"  14";" 0.00";"  -3.442";"cpm";" 6.354508e-02"
"  0";"  14";" 0.00";"  -3.442";"assentar";" 6.354508e-02"
"  1";"  23";" 4.35";"  -3.438";"pronome";" 6.369853e-02"
"  1";"  23";" 4.35";"  -3.438";"pertencer";" 6.369853e-02"
"  1";"  23";" 4.35";"  -3.438";"privilégio";" 6.369853e-02"
"  1";"  23";" 4.35";"  -3.438";"convir";" 6.369853e-02"
"  1";"  23";" 4.35";"  -3.438";"aceito";" 6.369853e-02"
"  1";"  23";" 4.35";"  -3.438";"socialista";" 6.369853e-02"
"  1";"  23";" 4.35";"  -3.438";"saco";" 6.369853e-02"
" 16";" 122";"13.11";"  -3.385";"news";" 6.580317e-02"
"  4";"  45";" 8.89";"  -3.344";"separar";" 6.745396e-02"
" 12";"  97";"12.37";"  -3.327";"transformação";" 6.814510e-02"
"  7";"  65";"10.77";"  -3.302";"gigantesco";" 6.919061e-02"
" 22";" 157";"14.01";"  -3.258";"transformar";" 7.109496e-02"
"  2";"  30";" 6.67";"  -3.235";"morador";" 7.206938e-02"
"  2";"  30";" 6.67";"  -3.235";"global";" 7.206938e-02"
"  2";"  30";" 6.67";"  -3.235";"vestir";" 7.206938e-02"
"  2";"  30";" 6.67";"  -3.235";"salvo";" 7.206938e-02"
"  1";"  22";" 4.55";"  -3.205";"símbolo";" 7.342421e-02"
"  1";"  22";" 4.55";"  -3.205";"romper";" 7.342421e-02"
"  1";"  22";" 4.55";"  -3.205";"limpar";" 7.342421e-02"
"  1";"  22";" 4.55";"  -3.205";"sal";" 7.342421e-02"
"  1";"  22";" 4.55";"  -3.205";"atmosfera";" 7.342421e-02"
"  1";"  22";" 4.55";"  -3.205";"rir";" 7.342421e-02"
"  1";"  22";" 4.55";"  -3.205";"cobrir";" 7.342421e-02"
"  1";"  22";" 4.55";"  -3.205";"azul";" 7.342421e-02"
"  1";"  22";" 4.55";"  -3.205";"soberano";" 7.342421e-02"
"  1";"  22";" 4.55";"  -3.205";"remédio";" 7.342421e-02"
"  1";"  22";" 4.55";"  -3.205";"adversário";" 7.342421e-02"
"  1";"  22";" 4.55";"  -3.205";"nss";" 7.342421e-02"
"  0";"  13";" 0.00";"  -3.196";"criminal";" 7.380309e-02"
"  0";"  13";" 0.00";"  -3.196";"bruna";" 7.380309e-02"
"  0";"  13";" 0.00";"  -3.196";"louro";" 7.380309e-02"
"  0";"  13";" 0.00";"  -3.196";"zona";" 7.380309e-02"
"  0";"  13";" 0.00";"  -3.196";"refrigério";" 7.380309e-02"
"  0";"  13";" 0.00";"  -3.196";"conservar";" 7.380309e-02"
"  0";"  13";" 0.00";"  -3.196";"bilionário";" 7.380309e-02"
"  0";"  13";" 0.00";"  -3.196";"protagonista";" 7.380309e-02"
"  0";"  13";" 0.00";"  -3.196";"perna";" 7.380309e-02"
"  0";"  13";" 0.00";"  -3.196";"manipulação";" 7.380309e-02"
"  0";"  13";" 0.00";"  -3.196";"jacó";" 7.380309e-02"
"  0";"  13";" 0.00";"  -3.196";"cruzeiro";" 7.380309e-02"
"  0";"  13";" 0.00";"  -3.196";"cinema";" 7.380309e-02"
"  0";"  13";" 0.00";"  -3.196";"cancelamento";" 7.380309e-02"
"  0";"  13";" 0.00";"  -3.196";"rótulo";" 7.380309e-02"
"  0";"  13";" 0.00";"  -3.196";"peixe";" 7.380309e-02"
"  0";"  13";" 0.00";"  -3.196";"mala";" 7.380309e-02"
"  0";"  13";" 0.00";"  -3.196";"lobo";" 7.380309e-02"
"  0";"  13";" 0.00";"  -3.196";"jupira";" 7.380309e-02"
"  0";"  13";" 0.00";"  -3.196";"improvável";" 7.380309e-02"
"  0";"  13";" 0.00";"  -3.196";"ânsia";" 7.380309e-02"
"  0";"  13";" 0.00";"  -3.196";"tremendo";" 7.380309e-02"
"  0";"  13";" 0.00";"  -3.196";"tiktok";" 7.380309e-02"
"  0";"  13";" 0.00";"  -3.196";"silvio";" 7.380309e-02"
"  0";"  13";" 0.00";"  -3.196";"remover";" 7.380309e-02"
"  0";"  13";" 0.00";"  -3.196";"raça";" 7.380309e-02"
"  0";"  13";" 0.00";"  -3.196";"prudente";" 7.380309e-02"
"  0";"  13";" 0.00";"  -3.196";"nicar";" 7.380309e-02"
"  0";"  13";" 0.00";"  -3.196";"king";" 7.380309e-02"
"  0";"  13";" 0.00";"  -3.196";"irracional";" 7.380309e-02"
"  0";"  13";" 0.00";"  -3.196";"batizar";" 7.380309e-02"
"  0";"  13";" 0.00";"  -3.196";"vestido";" 7.380309e-02"
"  0";"  13";" 0.00";"  -3.196";"profecia";" 7.380309e-02"
"  0";"  13";" 0.00";"  -3.196";"perecer";" 7.380309e-02"
"  0";"  13";" 0.00";"  -3.196";"ombro";" 7.380309e-02"
"  0";"  13";" 0.00";"  -3.196";"mensalão";" 7.380309e-02"
"  0";"  13";" 0.00";"  -3.196";"malta";" 7.380309e-02"
"  0";"  13";" 0.00";"  -3.196";"foice";" 7.380309e-02"
"  0";"  13";" 0.00";"  -3.196";"apreensão";" 7.380309e-02"
" 30";" 203";"14.78";"  -3.165";"unido";" 7.524180e-02"
"  3";"  37";" 8.11";"  -3.159";"cercar";" 7.551649e-02"
"  3";"  37";" 8.11";"  -3.159";"complicado";" 7.551649e-02"
"  4";"  44";" 9.09";"  -3.149";"duvidar";" 7.598645e-02"
"  2";"  29";" 6.90";"  -3.018";"liberado";" 8.233702e-02"
"  2";"  29";" 6.90";"  -3.018";"injustamente";" 8.233702e-02"
"  9";"  76";"11.84";"  -2.993";"dilma";" 8.363705e-02"
"  1";"  21";" 4.76";"  -2.972";"like";" 8.469811e-02"
"  1";"  21";" 4.76";"  -2.972";"verso";" 8.469811e-02"
"  1";"  21";" 4.76";"  -2.972";"curtido";" 8.469811e-02"
"  1";"  21";" 4.76";"  -2.972";"doutrina";" 8.469811e-02"
"  1";"  21";" 4.76";"  -2.972";"beijo";" 8.469811e-02"
"  1";"  21";" 4.76";"  -2.972";"lava";" 8.469811e-02"
"  1";"  21";" 4.76";"  -2.972";"jato";" 8.469811e-02"
"  1";"  21";" 4.76";"  -2.972";"janela";" 8.469811e-02"
"  1";"  21";" 4.76";"  -2.972";"gostoso";" 8.469811e-02"
"  1";"  21";" 4.76";"  -2.972";"deitar";" 8.469811e-02"
"  1";"  21";" 4.76";"  -2.972";"magno";" 8.469811e-02"
"  1";"  21";" 4.76";"  -2.972";"fumar";" 8.469811e-02"
"  1";"  21";" 4.76";"  -2.972";"bala";" 8.469811e-02"
"  1";"  21";" 4.76";"  -2.972";"ridículo";" 8.469811e-02"
"  4";"  43";" 9.30";"  -2.956";"custar";" 8.556344e-02"
"  3";"  36";" 8.33";"  -2.955";"repente";" 8.559368e-02"
"  0";"  12";" 0.00";"  -2.950";"uber";" 8.585881e-02"
"  0";"  12";" 0.00";"  -2.950";"sustento";" 8.585881e-02"
"  0";"  12";" 0.00";"  -2.950";"provir";" 8.585881e-02"
"  0";"  12";" 0.00";"  -2.950";"trânsito";" 8.585881e-02"
"  0";"  12";" 0.00";"  -2.950";"rocha";" 8.585881e-02"
"  0";"  12";" 0.00";"  -2.950";"retratar";" 8.585881e-02"
"  0";"  12";" 0.00";"  -2.950";"oab";" 8.585881e-02"
"  0";"  12";" 0.00";"  -2.950";"fracasso";" 8.585881e-02"
"  0";"  12";" 0.00";"  -2.950";"ciro";" 8.585881e-02"
"  0";"  12";" 0.00";"  -2.950";"vara";" 8.585881e-02"
"  0";"  12";" 0.00";"  -2.950";"vaca";" 8.585881e-02"
"  0";"  12";" 0.00";"  -2.950";"quarentena";" 8.585881e-02"
"  0";"  12";" 0.00";"  -2.950";"cerveja";" 8.585881e-02"
"  0";"  12";" 0.00";"  -2.950";"caridade";" 8.585881e-02"
"  0";"  12";" 0.00";"  -2.950";"vizinho";" 8.585881e-02"
"  0";"  12";" 0.00";"  -2.950";"recuar";" 8.585881e-02"
"  0";"  12";" 0.00";"  -2.950";"piedade";" 8.585881e-02"
"  0";"  12";" 0.00";"  -2.950";"impressão";" 8.585881e-02"
"  0";"  12";" 0.00";"  -2.950";"fernandinho";" 8.585881e-02"
"  0";"  12";" 0.00";"  -2.950";"deserto";" 8.585881e-02"
"  0";"  12";" 0.00";"  -2.950";"cinza";" 8.585881e-02"
"  0";"  12";" 0.00";"  -2.950";"celeiro";" 8.585881e-02"
"  0";"  12";" 0.00";"  -2.950";"bravo";" 8.585881e-02"
"  0";"  12";" 0.00";"  -2.950";"bendito";" 8.585881e-02"
"  0";"  12";" 0.00";"  -2.950";"atrelar";" 8.585881e-02"
"  0";"  12";" 0.00";"  -2.950";"zoeira";" 8.585881e-02"
"  0";"  12";" 0.00";"  -2.950";"tolerância";" 8.585881e-02"
"  0";"  12";" 0.00";"  -2.950";"sono";" 8.585881e-02"
"  0";"  12";" 0.00";"  -2.950";"quebrantar";" 8.585881e-02"
"  0";"  12";" 0.00";"  -2.950";"prometido";" 8.585881e-02"
"  0";"  12";" 0.00";"  -2.950";"fuga";" 8.585881e-02"
"  0";"  12";" 0.00";"  -2.950";"fichar";" 8.585881e-02"
"  0";"  12";" 0.00";"  -2.950";"estúdio";" 8.585881e-02"
"  0";"  12";" 0.00";"  -2.950";"escravidão";" 8.585881e-02"
"  0";"  12";" 0.00";"  -2.950";"crucificado";" 8.585881e-02"
"  0";"  12";" 0.00";"  -2.950";"centrão";" 8.585881e-02"
"  0";"  12";" 0.00";"  -2.950";"bateria";" 8.585881e-02"
"  0";"  12";" 0.00";"  -2.950";"apocalipse";" 8.585881e-02"
"  0";"  12";" 0.00";"  -2.950";"amante";" 8.585881e-02"
"  0";"  12";" 0.00";"  -2.950";"abolição";" 8.585881e-02"
"  0";"  12";" 0.00";"  -2.950";"tanque";" 8.585881e-02"
"  0";"  12";" 0.00";"  -2.950";"seriado";" 8.585881e-02"
"  0";"  12";" 0.00";"  -2.950";"músico";" 8.585881e-02"
"  0";"  12";" 0.00";"  -2.950";"martin";" 8.585881e-02"
"  0";"  12";" 0.00";"  -2.950";"marino";" 8.585881e-02"
"  0";"  12";" 0.00";"  -2.950";"escritura";" 8.585881e-02"
"  0";"  12";" 0.00";"  -2.950";"efésios";" 8.585881e-02"
"  0";"  12";" 0.00";"  -2.950";"conspiração";" 8.585881e-02"
"  0";"  12";" 0.00";"  -2.950";"consolar";" 8.585881e-02"
"  0";"  12";" 0.00";"  -2.950";"cela";" 8.585881e-02"
"  0";"  12";" 0.00";"  -2.950";"apegar";" 8.585881e-02"
" 24";" 166";"14.46";"  -2.930";"preparar";" 8.696532e-02"
" 32";" 212";"15.09";"  -2.897";"seguir";" 8.871710e-02"
" 12";"  94";"12.77";"  -2.887";"começo";" 8.929425e-02"
" 13";" 100";"13.00";"  -2.869";"erro";" 9.030323e-02"
"  5";"  49";"10.20";"  -2.812";"entrevista";" 9.359076e-02"
"  2";"  28";" 7.14";"  -2.803";"puro";" 9.407884e-02"
"  2";"  28";" 7.14";"  -2.803";"segredo";" 9.407884e-02"
"  2";"  28";" 7.14";"  -2.803";"essência";" 9.407884e-02"
"  2";"  28";" 7.14";"  -2.803";"raiva";" 9.407884e-02"
"  2";"  28";" 7.14";"  -2.803";"lavagem";" 9.407884e-02"
"  2";"  28";" 7.14";"  -2.803";"bairro";" 9.407884e-02"
"  7";"  62";"11.29";"  -2.794";"discordar";" 9.464297e-02"
"  4";"  42";" 9.52";"  -2.766";"declaração";" 9.630534e-02"
"  4";"  42";" 9.52";"  -2.766";"letra";" 9.630534e-02"
"  4";"  42";" 9.52";"  -2.766";"tamanho";" 9.630534e-02"
"  3";"  35";" 8.57";"  -2.754";"esquerdista";" 9.699241e-02"
" 37";" 239";"15.48";"  -2.747";"cidade";" 9.745252e-02"
"  1";"  20";" 5.00";"  -2.741";"jurar";" 9.778220e-02"
"  1";"  20";" 5.00";"  -2.741";"flor";" 9.778220e-02"
"  1";"  20";" 5.00";"  -2.741";"trair";" 9.778220e-02"
"  1";"  20";" 5.00";"  -2.741";"mandamento";" 9.778220e-02"
"  1";"  20";" 5.00";"  -2.741";"ator";" 9.778220e-02"
"  1";"  20";" 5.00";"  -2.741";"desproporcional";" 9.778220e-02"
"  1";"  20";" 5.00";"  -2.741";"agressão";" 9.778220e-02"
"  1";"  20";" 5.00";"  -2.741";"explodir";" 9.778220e-02"
"  1";"  20";" 5.00";"  -2.741";"recordar";" 9.778220e-02"
"  1";"  20";" 5.00";"  -2.741";"encaixar";" 9.778220e-02"
" 14";" 105";"13.33";"  -2.722";"servir";" 9.898628e-02"
" 15";" 111";"13.51";"  -2.718";"ajuda";" 9.921641e-02"
"  0";"  11";" 0.00";"  -2.704";"apagar";" 1.000729e-01"
"  0";"  11";" 0.00";"  -2.704";"moto";" 1.000729e-01"
"  0";"  11";" 0.00";"  -2.704";"páscoa";" 1.000729e-01"
"  0";"  11";" 0.00";"  -2.704";"nick";" 1.000729e-01"
"  0";"  11";" 0.00";"  -2.704";"lacrolândia";" 1.000729e-01"
"  0";"  11";" 0.00";"  -2.704";"estrela";" 1.000729e-01"
"  0";"  11";" 0.00";"  -2.704";"vacinar";" 1.000729e-01"
"  0";"  11";" 0.00";"  -2.704";"machucado";" 1.000729e-01"
"  0";"  11";" 0.00";"  -2.704";"jefferson";" 1.000729e-01"
"  0";"  11";" 0.00";"  -2.704";"incitar";" 1.000729e-01"
"  0";"  11";" 0.00";"  -2.704";"desempregado";" 1.000729e-01"
"  0";"  11";" 0.00";"  -2.704";"chutar";" 1.000729e-01"
"  0";"  11";" 0.00";"  -2.704";"canalha";" 1.000729e-01"
"  0";"  11";" 0.00";"  -2.704";"assessorar";" 1.000729e-01"
"  0";"  11";" 0.00";"  -2.704";"aparência";" 1.000729e-01"
"  0";"  11";" 0.00";"  -2.704";"velocidade";" 1.000729e-01"
"  0";"  11";" 0.00";"  -2.704";"tiago";" 1.000729e-01"
"  0";"  11";" 0.00";"  -2.704";"perpétuo";" 1.000729e-01"
"  0";"  11";" 0.00";"  -2.704";"metrô";" 1.000729e-01"
"  0";"  11";" 0.00";"  -2.704";"menosprezar";" 1.000729e-01"
"  0";"  11";" 0.00";"  -2.704";"mané";" 1.000729e-01"
"  0";"  11";" 0.00";"  -2.704";"luxo";" 1.000729e-01"
"  0";"  11";" 0.00";"  -2.704";"eyshila";" 1.000729e-01"
"  0";"  11";" 0.00";"  -2.704";"devoção";" 1.000729e-01"
"  0";"  11";" 0.00";"  -2.704";"derrota";" 1.000729e-01"
"  0";"  11";" 0.00";"  -2.704";"coríntios";" 1.000729e-01"
"  0";"  11";" 0.00";"  -2.704";"constância";" 1.000729e-01"
"  0";"  11";" 0.00";"  -2.704";"confronto";" 1.000729e-01"
"  0";"  11";" 0.00";"  -2.704";"coca";" 1.000729e-01"
"  0";"  11";" 0.00";"  -2.704";"ajoelhar";" 1.000729e-01"
"  0";"  11";" 0.00";"  -2.704";"uai";" 1.000729e-01"
"  0";"  11";" 0.00";"  -2.704";"status";" 1.000729e-01"
"  0";"  11";" 0.00";"  -2.704";"reinado";" 1.000729e-01"
"  0";"  11";" 0.00";"  -2.704";"react";" 1.000729e-01"
"  0";"  11";" 0.00";"  -2.704";"pureza";" 1.000729e-01"
"  0";"  11";" 0.00";"  -2.704";"profetizo";" 1.000729e-01"
"  0";"  11";" 0.00";"  -2.704";"podre";" 1.000729e-01"
"  0";"  11";" 0.00";"  -2.704";"monopólio";" 1.000729e-01"
"  0";"  11";" 0.00";"  -2.704";"liberto";" 1.000729e-01"
"  0";"  11";" 0.00";"  -2.704";"liberal";" 1.000729e-01"
"  0";"  11";" 0.00";"  -2.704";"inesquecível";" 1.000729e-01"
"  0";"  11";" 0.00";"  -2.704";"hitler";" 1.000729e-01"
"  0";"  11";" 0.00";"  -2.704";"hashtag";" 1.000729e-01"
"  0";"  11";" 0.00";"  -2.704";"glorioso";" 1.000729e-01"
"  0";"  11";" 0.00";"  -2.704";"estruturar";" 1.000729e-01"
"  0";"  11";" 0.00";"  -2.704";"esfriar";" 1.000729e-01"
"  0";"  11";" 0.00";"  -2.704";"confortável";" 1.000729e-01"
"  0";"  11";" 0.00";"  -2.704";"civilização";" 1.000729e-01"
"  0";"  11";" 0.00";"  -2.704";"chacota";" 1.000729e-01"
"  0";"  11";" 0.00";"  -2.704";"cativeiro";" 1.000729e-01"
"  0";"  11";" 0.00";"  -2.704";"amé";" 1.000729e-01"
"  0";"  11";" 0.00";"  -2.704";"altura";" 1.000729e-01"
" 12";"  92";"13.04";"  -2.605";"liberar";" 1.065544e-01"
"  2";"  27";" 7.41";"  -2.590";"homicídio";" 1.075075e-01"
"  2";"  27";" 7.41";"  -2.590";"colar";" 1.075075e-01"
"  8";"  67";"11.94";"  -2.572";"sustentar";" 1.087615e-01"
"  3";"  34";" 8.82";"  -2.556";"caçar";" 1.098798e-01"
"  3";"  34";" 8.82";"  -2.556";"desviar";" 1.098798e-01"
"  1";"  19";" 5.26";"  -2.512";"cliente";" 1.129869e-01"
"  1";"  19";" 5.26";"  -2.512";"revolucionário";" 1.129869e-01"
"  1";"  19";" 5.26";"  -2.512";"entrevistar";" 1.129869e-01"
"  1";"  19";" 5.26";"  -2.512";"pintar";" 1.129869e-01"
"  1";"  19";" 5.26";"  -2.512";"emocional";" 1.129869e-01"
"  1";"  19";" 5.26";"  -2.512";"aplaudir";" 1.129869e-01"
"  1";"  19";" 5.26";"  -2.512";"criminalidade";" 1.129869e-01"
"  0";"  10";" 0.00";"  -2.458";"útero";" 1.168955e-01"
"  0";"  10";" 0.00";"  -2.458";"pichação";" 1.168955e-01"
"  0";"  10";" 0.00";"  -2.458";"novela";" 1.168955e-01"
"  0";"  10";" 0.00";"  -2.458";"curvar";" 1.168955e-01"
"  0";"  10";" 0.00";"  -2.458";"imbecil";" 1.168955e-01"
"  0";"  10";" 0.00";"  -2.458";"hábito";" 1.168955e-01"
"  0";"  10";" 0.00";"  -2.458";"táxi";" 1.168955e-01"
"  0";"  10";" 0.00";"  -2.458";"suíço";" 1.168955e-01"
"  0";"  10";" 0.00";"  -2.458";"odiado";" 1.168955e-01"
"  0";"  10";" 0.00";"  -2.458";"descanso";" 1.168955e-01"
"  0";"  10";" 0.00";"  -2.458";"bosta";" 1.168955e-01"
"  0";"  10";" 0.00";"  -2.458";"virtuoso";" 1.168955e-01"
"  0";"  10";" 0.00";"  -2.458";"vencedor";" 1.168955e-01"
"  0";"  10";" 0.00";"  -2.458";"suplicar";" 1.168955e-01"
"  0";"  10";" 0.00";"  -2.458";"primário";" 1.168955e-01"
"  0";"  10";" 0.00";"  -2.458";"porrada";" 1.168955e-01"
"  0";"  10";" 0.00";"  -2.458";"porcento";" 1.168955e-01"
"  0";"  10";" 0.00";"  -2.458";"penetrar";" 1.168955e-01"
"  0";"  10";" 0.00";"  -2.458";"maratona";" 1.168955e-01"
"  0";"  10";" 0.00";"  -2.458";"justin";" 1.168955e-01"
"  0";"  10";" 0.00";"  -2.458";"fotógrafo";" 1.168955e-01"
"  0";"  10";" 0.00";"  -2.458";"flamengo";" 1.168955e-01"
"  0";"  10";" 0.00";"  -2.458";"digitar";" 1.168955e-01"
"  0";"  10";" 0.00";"  -2.458";"desprezar";" 1.168955e-01"
"  0";"  10";" 0.00";"  -2.458";"desgastar";" 1.168955e-01"
"  0";"  10";" 0.00";"  -2.458";"criatura";" 1.168955e-01"
"  0";"  10";" 0.00";"  -2.458";"bieber";" 1.168955e-01"
"  0";"  10";" 0.00";"  -2.458";"suportar";" 1.168955e-01"
"  0";"  10";" 0.00";"  -2.458";"sinceridade";" 1.168955e-01"
"  0";"  10";" 0.00";"  -2.458";"rádio";" 1.168955e-01"
"  0";"  10";" 0.00";"  -2.458";"pá";" 1.168955e-01"
"  0";"  10";" 0.00";"  -2.458";"prostituição";" 1.168955e-01"
"  0";"  10";" 0.00";"  -2.458";"perfume";" 1.168955e-01"
"  0";"  10";" 0.00";"  -2.458";"musical";" 1.168955e-01"
"  0";"  10";" 0.00";"  -2.458";"manso";" 1.168955e-01"
"  0";"  10";" 0.00";"  -2.458";"inesgotável";" 1.168955e-01"
"  0";"  10";" 0.00";"  -2.458";"guga";" 1.168955e-01"
"  0";"  10";" 0.00";"  -2.458";"george";" 1.168955e-01"
"  0";"  10";" 0.00";"  -2.458";"falhar";" 1.168955e-01"
"  0";"  10";" 0.00";"  -2.458";"distanciamento";" 1.168955e-01"
"  0";"  10";" 0.00";"  -2.458";"colheita";" 1.168955e-01"
"  0";"  10";" 0.00";"  -2.458";"boi";" 1.168955e-01"
"  0";"  10";" 0.00";"  -2.458";"baderneiro";" 1.168955e-01"
"  0";"  10";" 0.00";"  -2.458";"amadurecer";" 1.168955e-01"
"  0";"  10";" 0.00";"  -2.458";"visualizar";" 1.168955e-01"
"  0";"  10";" 0.00";"  -2.458";"veículo";" 1.168955e-01"
"  0";"  10";" 0.00";"  -2.458";"uau";" 1.168955e-01"
"  0";"  10";" 0.00";"  -2.458";"tribulação";" 1.168955e-01"
"  0";"  10";" 0.00";"  -2.458";"totalitário";" 1.168955e-01"
"  0";"  10";" 0.00";"  -2.458";"toga";" 1.168955e-01"
"  0";"  10";" 0.00";"  -2.458";"teológico";" 1.168955e-01"
"  0";"  10";" 0.00";"  -2.458";"reconciliação";" 1.168955e-01"
"  0";"  10";" 0.00";"  -2.458";"presidiário";" 1.168955e-01"
"  0";"  10";" 0.00";"  -2.458";"papa";" 1.168955e-01"
"  0";"  10";" 0.00";"  -2.458";"oculto";" 1.168955e-01"
"  0";"  10";" 0.00";"  -2.458";"negligência";" 1.168955e-01"
"  0";"  10";" 0.00";"  -2.458";"nando";" 1.168955e-01"
"  0";"  10";" 0.00";"  -2.458";"jb";" 1.168955e-01"
"  0";"  10";" 0.00";"  -2.458";"gênesis";" 1.168955e-01"
"  0";"  10";" 0.00";"  -2.458";"grama";" 1.168955e-01"
"  0";"  10";" 0.00";"  -2.458";"fã";" 1.168955e-01"
"  0";"  10";" 0.00";"  -2.458";"dório";" 1.168955e-01"
"  0";"  10";" 0.00";"  -2.458";"dependente";" 1.168955e-01"
"  0";"  10";" 0.00";"  -2.458";"cocaína";" 1.168955e-01"
"  0";"  10";" 0.00";"  -2.458";"caraca";" 1.168955e-01"
"  0";"  10";" 0.00";"  -2.458";"bunda";" 1.168955e-01"
"  0";"  10";" 0.00";"  -2.458";"balança";" 1.168955e-01"
"  0";"  10";" 0.00";"  -2.458";"assustado";" 1.168955e-01"
"  0";"  10";" 0.00";"  -2.458";"arco";" 1.168955e-01"
"  0";"  10";" 0.00";"  -2.458";"animado";" 1.168955e-01"
"  0";"  10";" 0.00";"  -2.458";"acalentar";" 1.168955e-01"
"157";" 888";"17.68";"  -2.435";"esquerdo";" 1.186271e-01"
" 59";" 358";"16.48";"  -2.417";"pergunta";" 1.200137e-01"
"  4";"  40";"10.00";"  -2.394";"turma";" 1.218277e-01"
"  2";"  26";" 7.69";"  -2.380";"recorde";" 1.228661e-01"
"  2";"  26";" 7.69";"  -2.380";"guiar";" 1.228661e-01"
"  2";"  26";" 7.69";"  -2.380";"anderson";" 1.228661e-01"
"  2";"  26";" 7.69";"  -2.380";"baixar";" 1.228661e-01"
"  6";"  53";"11.32";"  -2.370";"mundial";" 1.236870e-01"
"  3";"  33";" 9.09";"  -2.360";"característica";" 1.244424e-01"
"  3";"  33";" 9.09";"  -2.360";"propaganda";" 1.244424e-01"
"  3";"  33";" 9.09";"  -2.360";"demorar";" 1.244424e-01"
" 17";" 120";"14.17";"  -2.354";"simples";" 1.249620e-01"
"  7";"  59";"11.86";"  -2.309";"indignação";" 1.286573e-01"
"  7";"  59";"11.86";"  -2.309";"supremo";" 1.286573e-01"
"  1";"  18";" 5.56";"  -2.284";"jornada";" 1.306812e-01"
"  1";"  18";" 5.56";"  -2.284";"repetição";" 1.306812e-01"
"  1";"  18";" 5.56";"  -2.284";"exceder";" 1.306812e-01"
"  1";"  18";" 5.56";"  -2.284";"engajamento";" 1.306812e-01"
"  1";"  18";" 5.56";"  -2.284";"destruição";" 1.306812e-01"
"  1";"  18";" 5.56";"  -2.284";"crença";" 1.306812e-01"
"  1";"  18";" 5.56";"  -2.284";"almoçar";" 1.306812e-01"
"  1";"  18";" 5.56";"  -2.284";"trancar";" 1.306812e-01"
"  1";"  18";" 5.56";"  -2.284";"depoimento";" 1.306812e-01"
"  1";"  18";" 5.56";"  -2.284";"cachorro";" 1.306812e-01"
"  1";"  18";" 5.56";"  -2.284";"bizarro";" 1.306812e-01"
"  8";"  65";"12.31";"  -2.265";"religião";" 1.323058e-01"
"118";" 676";"17.46";"  -2.263";"acreditar";" 1.324819e-01"
" 18";" 125";"14.40";"  -2.251";"pena";" 1.335241e-01"
"  4";"  39";"10.26";"  -2.212";"ar";" 1.369134e-01"
"  0";"   9";" 0.00";"  -2.212";"vaso";" 1.368968e-01"
"  0";"   9";" 0.00";"  -2.212";"adesivo";" 1.368968e-01"
"  0";"   9";" 0.00";"  -2.212";"provérbio";" 1.368968e-01"
"  0";"   9";" 0.00";"  -2.212";"ocupação";" 1.368968e-01"
"  0";"   9";" 0.00";"  -2.212";"missa";" 1.368968e-01"
"  0";"   9";" 0.00";"  -2.212";"mega";" 1.368968e-01"
"  0";"   9";" 0.00";"  -2.212";"sbt";" 1.368968e-01"
"  0";"   9";" 0.00";"  -2.212";"poesia";" 1.368968e-01"
"  0";"   9";" 0.00";"  -2.212";"zap";" 1.368968e-01"
"  0";"   9";" 0.00";"  -2.212";"stalin";" 1.368968e-01"
"  0";"   9";" 0.00";"  -2.212";"sobrinho";" 1.368968e-01"
"  0";"   9";" 0.00";"  -2.212";"roma";" 1.368968e-01"
"  0";"   9";" 0.00";"  -2.212";"pingo";" 1.368968e-01"
"  0";"   9";" 0.00";"  -2.212";"onipotente";" 1.368968e-01"
"  0";"   9";" 0.00";"  -2.212";"lealdade";" 1.368968e-01"
"  0";"   9";" 0.00";"  -2.212";"leal";" 1.368968e-01"
"  0";"   9";" 0.00";"  -2.212";"corrido";" 1.368968e-01"
"  0";"   9";" 0.00";"  -2.212";"coitado";" 1.368968e-01"
"  0";"   9";" 0.00";"  -2.212";"bicicleta";" 1.368968e-01"
"  0";"   9";" 0.00";"  -2.212";"armadura";" 1.368968e-01"
"  0";"   9";" 0.00";"  -2.212";"acabado";" 1.368968e-01"
"  0";"   9";" 0.00";"  -2.212";"videozinho";" 1.368968e-01"
"  0";"   9";" 0.00";"  -2.212";"unissex";" 1.368968e-01"
"  0";"   9";" 0.00";"  -2.212";"treta";" 1.368968e-01"
"  0";"   9";" 0.00";"  -2.212";"totalidade";" 1.368968e-01"
"  0";"   9";" 0.00";"  -2.212";"stevens";" 1.368968e-01"
"  0";"   9";" 0.00";"  -2.212";"prata";" 1.368968e-01"
"  0";"   9";" 0.00";"  -2.212";"pegado";" 1.368968e-01"
"  0";"   9";" 0.00";"  -2.212";"obediente";" 1.368968e-01"
"  0";"   9";" 0.00";"  -2.212";"mentor";" 1.368968e-01"
"  0";"   9";" 0.00";"  -2.212";"intencionado";" 1.368968e-01"
"  0";"   9";" 0.00";"  -2.212";"injetar";" 1.368968e-01"
"  0";"   9";" 0.00";"  -2.212";"incompetente";" 1.368968e-01"
"  0";"   9";" 0.00";"  -2.212";"estação";" 1.368968e-01"
"  0";"   9";" 0.00";"  -2.212";"espanha";" 1.368968e-01"
"  0";"   9";" 0.00";"  -2.212";"escalar";" 1.368968e-01"
"  0";"   9";" 0.00";"  -2.212";"destro";" 1.368968e-01"
"  0";"   9";" 0.00";"  -2.212";"criativo";" 1.368968e-01"
"  0";"   9";" 0.00";"  -2.212";"cagar";" 1.368968e-01"
"  0";"   9";" 0.00";"  -2.212";"batismo";" 1.368968e-01"
"  0";"   9";" 0.00";"  -2.212";"afeto";" 1.368968e-01"
"  0";"   9";" 0.00";"  -2.212";"ímpio";" 1.368968e-01"
"  0";"   9";" 0.00";"  -2.212";"velório";" 1.368968e-01"
"  0";"   9";" 0.00";"  -2.212";"vazar";" 1.368968e-01"
"  0";"   9";" 0.00";"  -2.212";"urso";" 1.368968e-01"
"  0";"   9";" 0.00";"  -2.212";"thiago";" 1.368968e-01"
"  0";"   9";" 0.00";"  -2.212";"sumir";" 1.368968e-01"
"  0";"   9";" 0.00";"  -2.212";"simplicidade";" 1.368968e-01"
"  0";"   9";" 0.00";"  -2.212";"rota";" 1.368968e-01"
"  0";"   9";" 0.00";"  -2.212";"revestir";" 1.368968e-01"
"  0";"   9";" 0.00";"  -2.212";"professar";" 1.368968e-01"
"  0";"   9";" 0.00";"  -2.212";"parcialidade";" 1.368968e-01"
"  0";"   9";" 0.00";"  -2.212";"ortega";" 1.368968e-01"
"  0";"   9";" 0.00";"  -2.212";"namorar";" 1.368968e-01"
"  0";"   9";" 0.00";"  -2.212";"ministrações";" 1.368968e-01"
"  0";"   9";" 0.00";"  -2.212";"marxista";" 1.368968e-01"
"  0";"   9";" 0.00";"  -2.212";"majestade";" 1.368968e-01"
"  0";"   9";" 0.00";"  -2.212";"jorginho";" 1.368968e-01"
"  0";"   9";" 0.00";"  -2.212";"italiano";" 1.368968e-01"
"  0";"   9";" 0.00";"  -2.212";"indy";" 1.368968e-01"
"  0";"   9";" 0.00";"  -2.212";"incrivelmente";" 1.368968e-01"
"  0";"   9";" 0.00";"  -2.212";"humilhação";" 1.368968e-01"
"  0";"   9";" 0.00";"  -2.212";"hollywood";" 1.368968e-01"
"  0";"   9";" 0.00";"  -2.212";"helicóptero";" 1.368968e-01"
"  0";"   9";" 0.00";"  -2.212";"formato";" 1.368968e-01"
"  0";"   9";" 0.00";"  -2.212";"entristecer";" 1.368968e-01"
"  0";"   9";" 0.00";"  -2.212";"eliminar";" 1.368968e-01"
"  0";"   9";" 0.00";"  -2.212";"dominical";" 1.368968e-01"
"  0";"   9";" 0.00";"  -2.212";"cueca";" 1.368968e-01"
"  0";"   9";" 0.00";"  -2.212";"companhia";" 1.368968e-01"
"  0";"   9";" 0.00";"  -2.212";"capeta";" 1.368968e-01"
"  0";"   9";" 0.00";"  -2.212";"cabral";" 1.368968e-01"
"  0";"   9";" 0.00";"  -2.212";"bonner";" 1.368968e-01"
"  0";"   9";" 0.00";"  -2.212";"boletim";" 1.368968e-01"
"  0";"   9";" 0.00";"  -2.212";"barco";" 1.368968e-01"
"  0";"   9";" 0.00";"  -2.212";"atirar";" 1.368968e-01"
"  0";"   9";" 0.00";"  -2.212";"anticristo";" 1.368968e-01"
"  0";"   9";" 0.00";"  -2.212";"afundar";" 1.368968e-01"
"  0";"   9";" 0.00";"  -2.212";"absurdamente";" 1.368968e-01"
" 11";"  83";"13.25";"  -2.204";"fugir";" 1.376561e-01"
"  2";"  25";" 8.00";"  -2.173";"grito";" 1.404325e-01"
"  2";"  25";" 8.00";"  -2.173";"ferrar";" 1.404325e-01"
"  2";"  25";" 8.00";"  -2.173";"barro";" 1.404325e-01"
"  3";"  32";" 9.38";"  -2.168";"humilde";" 1.408879e-01"
"  3";"  32";" 9.38";"  -2.168";"briga";" 1.408879e-01"
"  3";"  32";" 9.38";"  -2.168";"cartão";" 1.408879e-01"
"  3";"  32";" 9.38";"  -2.168";"tom";" 1.408879e-01"
"  3";"  32";" 9.38";"  -2.168";"idoso";" 1.408879e-01"
" 17";" 118";"14.41";"  -2.119";"livre";" 1.454829e-01"
" 29";" 187";"15.51";"  -2.118";"buscar";" 1.456168e-01"
"  8";"  64";"12.50";"  -2.116";"horário";" 1.457501e-01"
"  5";"  45";"11.11";"  -2.113";"conectar";" 1.460329e-01"
"  9";"  70";"12.86";"  -2.092";"américa";" 1.480767e-01"
" 12";"  88";"13.64";"  -2.069";"vergonha";" 1.503596e-01"
" 24";" 158";"15.19";"  -2.067";"ontem";" 1.505375e-01"
"  1";"  17";" 5.88";"  -2.059";"vigiar";" 1.513053e-01"
"  1";"  17";" 5.88";"  -2.059";"moleque";" 1.513053e-01"
"  1";"  17";" 5.88";"  -2.059";"rodar";" 1.513053e-01"
"  1";"  17";" 5.88";"  -2.059";"júlia";" 1.513053e-01"
"  1";"  17";" 5.88";"  -2.059";"inglaterra";" 1.513053e-01"
"  1";"  17";" 5.88";"  -2.059";"óleo";" 1.513053e-01"
"  1";"  17";" 5.88";"  -2.059";"cs";" 1.513053e-01"
"  1";"  17";" 5.88";"  -2.059";"sorte";" 1.513053e-01"
"  1";"  17";" 5.88";"  -2.059";"meditar";" 1.513053e-01"
"  1";"  17";" 5.88";"  -2.059";"eternamente";" 1.513053e-01"
"  1";"  17";" 5.88";"  -2.059";"estádio";" 1.513053e-01"
"  1";"  17";" 5.88";"  -2.059";"confortar";" 1.513053e-01"
"  1";"  17";" 5.88";"  -2.059";"capacitar";" 1.513053e-01"
"  1";"  17";" 5.88";"  -2.059";"arrancar";" 1.513053e-01"
"  4";"  38";"10.53";"  -2.034";"secreto";" 1.537763e-01"
"  4";"  38";"10.53";"  -2.034";"inglês";" 1.537763e-01"
"  7";"  57";"12.28";"  -2.000";"cadê";" 1.572705e-01"
"*****";"*";"*";"*";"*";"*"
" 363";" 7056";" 5.14";"-1320.987";"você";"3.108508e-289"
" 587";" 6144";" 9.55";" -532.643";"ele";"7.514933e-118"
"1331";" 9642";"13.80";" -348.050";"estar";" 1.126478e-77"
" 305";" 3361";" 9.07";" -278.311";"saber";" 1.752787e-62"
"  24";" 1294";" 1.85";" -275.282";"te";" 8.010664e-62"
"1649";"10367";"15.91";" -163.460";"eu";" 1.984628e-37"
" 224";" 2287";" 9.79";" -156.847";"meu";" 5.528096e-36"
"  27";"  773";" 3.49";" -132.758";"ó";" 1.021337e-30"
"   7";"  567";" 1.23";" -125.289";"teu";" 4.399641e-29"
"   9";"  548";" 1.64";" -115.719";"tua";" 5.476325e-27"
"1934";"11458";"16.88";" -108.485";"não";" 2.103851e-25"
" 244";" 2106";"11.59";"  -96.262";"seu";" 1.006682e-22"
" 284";" 2332";"12.18";"  -92.557";"sua";" 6.540700e-22"
" 221";" 1937";"11.41";"  -91.740";"me";" 9.883939e-22"
"1618";" 9683";"16.71";"  -90.948";"ir";" 1.475232e-21"
"  61";"  861";" 7.08";"  -90.002";"nome";" 2.379145e-21"
"  57";"  825";" 6.91";"  -88.520";"aquilo";" 5.031488e-21"
"  48";"  757";" 6.34";"  -88.337";"mim";" 5.520080e-21"
" 324";" 2509";"12.91";"  -81.770";"ver";" 1.528713e-19"
" 293";" 2246";"13.05";"  -69.577";"ela";" 7.349715e-17"
" 100";" 1019";" 9.81";"  -65.929";"verdade";" 4.673639e-16"
" 181";" 1485";"12.19";"  -56.660";"quem";" 5.181056e-14"
"  37";"  515";" 7.18";"  -52.238";"pegar";" 4.915964e-13"
" 853";" 5208";"16.38";"  -46.589";"poder";" 8.753674e-12"
"  11";"  287";" 3.83";"  -46.317";"comigo";" 1.005676e-11"
"3868";"20440";"18.92";"  -45.999";"que";" 1.183006e-11"
" 891";" 5406";"16.48";"  -45.890";"isso";" 1.250943e-11"
"  41";"  510";" 8.04";"  -44.911";"alguém";" 2.061719e-11"
"  39";"  495";" 7.88";"  -44.768";"povo";" 2.218482e-11"
"3115";"16764";"18.58";"  -42.299";"ser";" 7.834877e-11"
" 215";" 1596";"13.47";"  -42.135";"minha";" 8.520211e-11"
"   2";"  179";" 1.12";"  -39.429";"tu";" 3.401685e-10"
"  19";"  322";" 5.90";"  -39.379";"quê";" 3.489558e-10"
" 113";"  939";"12.03";"  -36.463";"muita";" 1.556296e-09"
"   1";"  134";" 0.75";"  -30.650";"ti";" 3.090302e-08"
"  21";"  278";" 7.55";"  -26.306";"21";" 2.913144e-07"
"  46";"  439";"10.48";"  -24.137";"ninguém";" 8.973952e-07"
"   6";"  152";" 3.95";"  -24.046";"mil";" 9.404421e-07"
" 998";" 5712";"17.47";"  -23.781";"se";" 1.079396e-06"
" 231";" 1544";"14.96";"  -23.604";"nossa";" 1.183291e-06"
"1771";" 9694";"18.27";"  -21.270";"ter";" 3.989107e-06"
"1485";" 8192";"18.13";"  -19.697";"um";" 9.072426e-06"
" 557";" 3293";"16.91";"  -18.944";"dizer";" 1.346209e-05"
"   1";"   82";" 1.22";"  -17.795";"caramba";" 2.460232e-05"
" 126";"  884";"14.25";"  -17.338";"aquele";" 3.129154e-05"
"   2";"   73";" 2.74";"  -13.341";"ai";" 2.596069e-04"
"   0";"   49";" 0.00";"  -12.065";"__";" 5.137260e-04"
"   6";"  100";" 6.00";"  -11.947";"oi";" 5.474151e-04"
"  10";"  128";" 7.81";"  -11.533";"verdadeiro";" 6.836553e-04"
"  24";"  222";"10.81";"  -11.244";"caminho";" 7.986069e-04"
"   1";"   53";" 1.89";"  -10.675";"vos";" 1.086054e-03"
"1403";" 7579";"18.51";"  -10.148";"uma";" 1.444792e-03"
"   0";"   40";" 0.00";"   -9.846";"contigo";" 1.702420e-03"
"  39";"  308";"12.66";"   -9.828";"durante";" 1.718725e-03"
" 605";" 3409";"17.75";"   -9.771";"mais";" 1.772947e-03"
"   0";"   31";" 0.00";"   -7.628";"tchau";" 5.748318e-03"
"   0";"   29";" 0.00";"   -7.135";"oh";" 7.559861e-03"
"   3";"   55";" 5.45";"   -7.090";"hein";" 7.749477e-03"
"   1";"   38";" 2.63";"   -7.024";"perante";" 8.043865e-03"
"  62";"  422";"14.69";"   -6.872";"tentar";" 8.757961e-03"
"  10";"  104";" 9.62";"   -6.743";"connosco";" 9.412860e-03"
"   0";"   27";" 0.00";"   -6.642";"vós";" 9.958593e-03"
"  24";"  193";"12.44";"   -6.530";"cima";" 1.060502e-02"
"  63";"  420";"15.00";"   -6.027";"aquela";" 1.408722e-02"
"   0";"   21";" 0.00";"   -5.165";"dez";" 2.304671e-02"
"   2";"   38";" 5.26";"   -5.028";"olá";" 2.494490e-02"
"  16";"  133";"12.03";"   -5.002";"12";" 2.531711e-02"
"   0";"   19";" 0.00";"   -4.673";"vosso";" 3.064565e-02"
"   0";"   17";" 0.00";"   -4.181";"che";" 4.089152e-02"
"   0";"   16";" 0.00";"   -3.934";"ei";" 4.730703e-02"
"  59";"  376";"15.69";"   -3.925";"trabalhar";" 4.755991e-02"
" 105";"  630";"16.67";"   -3.822";"pouco";" 5.058755e-02"
"  12";"   99";"12.12";"   -3.631";"aonde";" 5.672251e-02"
" 107";"  633";"16.90";"   -3.269";"tanto";" 7.061075e-02"
"  75";"  457";"16.41";"   -3.231";"usar";" 7.224465e-02"
"  26";"  179";"14.53";"   -3.081";"quatro";" 7.923524e-02"
"  10";"   79";"12.66";"   -2.501";"consigo";" 1.138082e-01"
"   1";"   18";" 5.56";"   -2.284";"hum";" 1.306812e-01"
"   1";"   18";" 5.56";"   -2.284";"j";" 1.306812e-01"
"   0";"    9";" 0.00";"   -2.212";"00";" 1.368968e-01"
"*";"*";"*";"*";"*";"*"
" 1";"468";" 0.21";"-114.681";"*_texto174";"9.242974e-27"
" 0";"451";" 0.00";"-112.871";"*_texto164";"2.303320e-26"
" 2";"435";" 0.46";"-103.783";"*_texto384";"2.257377e-24"
" 1";"286";" 0.35";" -68.600";"*_texto449";"1.206232e-16"
" 0";"265";" 0.00";" -65.821";"*_texto181";"4.937344e-16"
" 0";"264";" 0.00";" -65.570";"*_texto168";"5.608048e-16"
" 1";"265";" 0.38";" -63.327";"*_texto162";"1.750799e-15"
" 3";"284";" 1.06";" -63.237";"*_texto246";"1.832978e-15"
" 1";"263";" 0.38";" -62.825";"*_texto169";"2.258648e-15"
" 0";"251";" 0.00";" -62.309";"*_texto165";"2.936466e-15"
"36";"546";" 6.59";" -60.803";"*_texto114";"6.309288e-15"
" 0";"235";" 0.00";" -58.299";"*_texto385";"2.251655e-14"
" 0";"224";" 0.00";" -55.545";"*_texto172";"9.132824e-14"
" 0";"213";" 0.00";" -52.794";"*_texto370";"3.703967e-13"
" 2";"229";" 0.87";" -51.879";"*_texto311";"5.903223e-13"
" 0";"202";" 0.00";" -50.045";"*_texto161";"1.502239e-12"
" 0";"200";" 0.00";" -49.546";"*_texto173";"1.937774e-12"
" 0";"200";" 0.00";" -49.546";"*_texto248";"1.937774e-12"
" 2";"215";" 0.93";" -48.386";"*_texto73";"3.499800e-12"
" 2";"209";" 0.96";" -46.891";"*_texto79";"7.503928e-12"
" 1";"197";" 0.51";" -46.318";"*_texto85";"1.005430e-11"
" 0";"184";" 0.00";" -45.553";"*_texto166";"1.485752e-11"
" 2";"201";" 1.00";" -44.899";"*_texto416";"2.074673e-11"
" 1";"191";" 0.52";" -44.822";"*_texto86";"2.158044e-11"
" 1";"189";" 0.53";" -44.323";"*_texto68";"2.783812e-11"
" 0";"174";" 0.00";" -43.060";"*_texto376";"5.309279e-11"
" 1";"178";" 0.56";" -41.583";"*_texto175";"1.129652e-10"
" 0";"167";" 0.00";" -41.316";"*_texto81";"1.295170e-10"
" 0";"163";" 0.00";" -40.320";"*_texto446";"2.156232e-10"
" 1";"172";" 0.58";" -40.090";"*_texto178";"2.425787e-10"
" 0";"159";" 0.00";" -39.324";"*_texto84";"3.590162e-10"
" 0";"153";" 0.00";" -37.831";"*_texto176";"7.715222e-10"
" 1";"156";" 0.64";" -36.111";"*_texto386";"1.864045e-09"
" 0";"144";" 0.00";" -35.593";"*_texto76";"2.432115e-09"
" 5";"188";" 2.66";" -34.845";"*_texto387";"3.570653e-09"
" 0";"138";" 0.00";" -34.101";"*_texto327";"5.231590e-09"
" 0";"126";" 0.00";" -31.121";"*_texto399";"2.424424e-08"
" 0";"125";" 0.00";" -30.873";"*_texto77";"2.755203e-08"
"12";"228";" 5.26";" -30.398";"*_texto435";"3.518855e-08"
" 0";"115";" 0.00";" -28.391";"*_texto70";"9.910198e-08"
" 0";"113";" 0.00";" -27.895";"*_texto437";"1.280511e-07"
"12";"215";" 5.58";" -27.403";"*_texto404";"1.651857e-07"
" 0";"111";" 0.00";" -27.400";"*_texto180";"1.654731e-07"
" 0";"110";" 0.00";" -27.152";"*_texto87";"1.881119e-07"
" 1";"117";" 0.85";" -26.439";"*_texto362";"2.720570e-07"
" 2";"118";" 1.69";" -24.344";"*_texto213";"8.057523e-07"
" 3";"122";" 2.46";" -23.085";"*_texto75";"1.549887e-06"
" 3";"119";" 2.52";" -22.353";"*_texto271";"2.268199e-06"
" 0";" 90";" 0.00";" -22.197";"*_texto91";"2.460506e-06"
" 0";" 90";" 0.00";" -22.197";"*_texto413";"2.460506e-06"
" 0";" 82";" 0.00";" -20.217";"*_texto358";"6.911843e-06"
" 1";" 91";" 1.10";" -20.014";"*_texto72";"7.689188e-06"
" 0";" 81";" 0.00";" -19.970";"*_texto1";"7.866169e-06"
" 2";" 94";" 2.13";" -18.455";"*_texto78";"1.739415e-05"
" 2";" 93";" 2.15";" -18.211";"*_texto266";"1.977606e-05"
" 2";" 91";" 2.20";" -17.722";"*_texto82";"2.556557e-05"
" 0";" 70";" 0.00";" -17.251";"*_texto305";"3.276108e-05"
" 0";" 70";" 0.00";" -17.251";"*_texto319";"3.276108e-05"
" 3";" 97";" 3.09";" -17.015";"*_texto366";"3.708931e-05"
" 1";" 78";" 1.28";" -16.810";"*_texto274";"4.131316e-05"
" 0";" 68";" 0.00";" -16.756";"*_texto83";"4.250125e-05"
" 0";" 66";" 0.00";" -16.262";"*_texto253";"5.515488e-05"
" 0";" 64";" 0.00";" -15.768";"*_texto288";"7.160012e-05"
" 0";" 57";" 0.00";" -14.040";"*_texto225";"1.790101e-04"
" 1";" 64";" 1.56";" -13.369";"*_texto0";"2.558017e-04"
" 1";" 60";" 1.67";" -12.388";"*_texto21";"4.320517e-04"
" 0";" 50";" 0.00";" -12.312";"*_texto265";"4.500812e-04"
" 1";" 59";" 1.69";" -12.143";"*_texto412";"4.926769e-04"
" 0";" 49";" 0.00";" -12.065";"*_texto140";"5.137260e-04"
" 0";" 46";" 0.00";" -11.325";"*_texto238";"7.646546e-04"
" 1";" 55";" 1.82";" -11.164";"*_texto14";"8.340522e-04"
" 0";" 45";" 0.00";" -11.078";"*_texto363";"8.733537e-04"
" 0";" 45";" 0.00";" -11.078";"*_texto421";"8.733537e-04"
" 0";" 44";" 0.00";" -10.832";"*_texto408";"9.976855e-04"
" 0";" 44";" 0.00";" -10.832";"*_texto447";"9.976855e-04"
" 0";" 42";" 0.00";" -10.339";"*_texto31";"1.302719e-03"
" 0";" 42";" 0.00";" -10.339";"*_texto443";"1.302719e-03"
" 1";" 51";" 1.96";" -10.186";"*_texto149";"1.415016e-03"
" 0";" 41";" 0.00";" -10.092";"*_texto24";"1.489059e-03"
" 0";" 41";" 0.00";" -10.092";"*_texto258";"1.489059e-03"
" 0";" 41";" 0.00";" -10.092";"*_texto323";"1.489059e-03"
" 4";" 76";" 5.26";" -10.071";"*_texto267";"1.506398e-03"
" 4";" 76";" 5.26";" -10.071";"*_texto378";"1.506398e-03"
" 1";" 50";" 2.00";"  -9.942";"*_texto409";"1.615538e-03"
" 0";" 40";" 0.00";"  -9.846";"*_texto128";"1.702420e-03"
" 0";" 40";" 0.00";"  -9.846";"*_texto325";"1.702420e-03"
" 0";" 39";" 0.00";"  -9.599";"*_texto342";"1.946794e-03"
" 0";" 38";" 0.00";"  -9.353";"*_texto402";"2.226775e-03"
" 0";" 37";" 0.00";"  -9.106";"*_texto227";"2.547657e-03"
" 0";" 37";" 0.00";"  -9.106";"*_texto252";"2.547657e-03"
" 0";" 37";" 0.00";"  -9.106";"*_texto295";"2.547657e-03"
" 1";" 46";" 2.17";"  -8.967";"*_texto264";"2.749644e-03"
" 0";" 36";" 0.00";"  -8.860";"*_texto223";"2.915542e-03"
" 1";" 44";" 2.27";"  -8.480";"*_texto393";"3.591227e-03"
" 0";" 34";" 0.00";"  -8.367";"*_texto16";"3.821563e-03"
" 0";" 34";" 0.00";"  -8.367";"*_texto403";"3.821563e-03"
" 1";" 43";" 2.33";"  -8.237";"*_texto132";"4.105446e-03"
" 0";" 33";" 0.00";"  -8.120";"*_texto419";"4.377215e-03"
" 5";" 75";" 6.67";"  -8.103";"*_texto71";"4.419818e-03"
" 2";" 50";" 4.00";"  -7.825";"*_texto155";"5.152483e-03"
"13";"130";"10.00";"  -7.808";"*_texto18";"5.202649e-03"
" 0";" 31";" 0.00";"  -7.628";"*_texto324";"5.748318e-03"
" 0";" 30";" 0.00";"  -7.381";"*_texto65";"6.590886e-03"
" 0";" 30";" 0.00";"  -7.381";"*_texto66";"6.590886e-03"
" 0";" 30";" 0.00";"  -7.381";"*_texto134";"6.590886e-03"
" 0";" 30";" 0.00";"  -7.381";"*_texto302";"6.590886e-03"
" 2";" 48";" 4.17";"  -7.353";"*_texto127";"6.694525e-03"
" 1";" 39";" 2.56";"  -7.266";"*_texto33";"7.027897e-03"
" 1";" 39";" 2.56";"  -7.266";"*_texto36";"7.027897e-03"
" 1";" 39";" 2.56";"  -7.266";"*_texto321";"7.027897e-03"
" 0";" 29";" 0.00";"  -7.135";"*_texto30";"7.559861e-03"
" 0";" 29";" 0.00";"  -7.135";"*_texto57";"7.559861e-03"
" 0";" 29";" 0.00";"  -7.135";"*_texto203";"7.559861e-03"
" 0";" 29";" 0.00";"  -7.135";"*_texto272";"7.559861e-03"
" 2";" 47";" 4.26";"  -7.118";"*_texto377";"7.631944e-03"
" 3";" 55";" 5.45";"  -7.090";"*_texto9";"7.749477e-03"
" 1";" 38";" 2.63";"  -7.024";"*_texto148";"8.043865e-03"
" 1";" 38";" 2.63";"  -7.024";"*_texto215";"8.043865e-03"
" 0";" 28";" 0.00";"  -6.889";"*_texto121";"8.674838e-03"
" 0";" 28";" 0.00";"  -6.889";"*_texto229";"8.674838e-03"
" 0";" 28";" 0.00";"  -6.889";"*_texto431";"8.674838e-03"
" 1";" 37";" 2.70";"  -6.782";"*_texto4";"9.209254e-03"
" 6";" 76";" 7.89";"  -6.739";"*_texto2";"9.430133e-03"
" 2";" 45";" 4.44";"  -6.649";"*_texto194";"9.921991e-03"
" 0";" 27";" 0.00";"  -6.642";"*_texto136";"9.958593e-03"
" 0";" 27";" 0.00";"  -6.642";"*_texto249";"9.958593e-03"
" 0";" 27";" 0.00";"  -6.642";"*_texto269";"9.958593e-03"
" 0";" 27";" 0.00";"  -6.642";"*_texto277";"9.958593e-03"
" 0";" 27";" 0.00";"  -6.642";"*_texto309";"9.958593e-03"
" 0";" 27";" 0.00";"  -6.642";"*_texto395";"9.958593e-03"
" 1";" 36";" 2.78";"  -6.540";"*_texto158";"1.054656e-02"
" 1";" 36";" 2.78";"  -6.540";"*_texto257";"1.054656e-02"
" 1";" 36";" 2.78";"  -6.540";"*_texto268";"1.054656e-02"
" 0";" 26";" 0.00";"  -6.396";"*_texto111";"1.143764e-02"
" 0";" 26";" 0.00";"  -6.396";"*_texto124";"1.143764e-02"
" 0";" 26";" 0.00";"  -6.396";"*_texto153";"1.143764e-02"
" 0";" 26";" 0.00";"  -6.396";"*_texto221";"1.143764e-02"
" 0";" 26";" 0.00";"  -6.396";"*_texto365";"1.143764e-02"
" 0";" 26";" 0.00";"  -6.396";"*_texto368";"1.143764e-02"
" 1";" 35";" 2.86";"  -6.299";"*_texto156";"1.208176e-02"
" 1";" 35";" 2.86";"  -6.299";"*_texto411";"1.208176e-02"
" 2";" 43";" 4.65";"  -6.182";"*_texto142";"1.290467e-02"
" 0";" 25";" 0.00";"  -6.150";"*_texto182";"1.314289e-02"
" 0";" 25";" 0.00";"  -6.150";"*_texto202";"1.314289e-02"
" 7";" 80";" 8.75";"  -6.107";"*_texto442";"1.346735e-02"
" 0";" 24";" 0.00";"  -5.904";"*_texto12";"1.511043e-02"
" 0";" 24";" 0.00";"  -5.904";"*_texto47";"1.511043e-02"
" 0";" 24";" 0.00";"  -5.904";"*_texto205";"1.511043e-02"
" 0";" 24";" 0.00";"  -5.904";"*_texto214";"1.511043e-02"
" 0";" 24";" 0.00";"  -5.904";"*_texto226";"1.511043e-02"
" 0";" 24";" 0.00";"  -5.904";"*_texto332";"1.511043e-02"
" 0";" 24";" 0.00";"  -5.904";"*_texto346";"1.511043e-02"
" 0";" 24";" 0.00";"  -5.904";"*_texto351";"1.511043e-02"
" 0";" 24";" 0.00";"  -5.904";"*_texto417";"1.511043e-02"
" 1";" 33";" 3.03";"  -5.817";"*_texto230";"1.587076e-02"
" 0";" 23";" 0.00";"  -5.657";"*_texto212";"1.738249e-02"
" 0";" 23";" 0.00";"  -5.657";"*_texto282";"1.738249e-02"
" 0";" 23";" 0.00";"  -5.657";"*_texto425";"1.738249e-02"
" 1";" 32";" 3.12";"  -5.577";"*_texto27";"1.819963e-02"
" 1";" 32";" 3.12";"  -5.577";"*_texto97";"1.819963e-02"
" 1";" 32";" 3.12";"  -5.577";"*_texto237";"1.819963e-02"
" 3";" 48";" 6.25";"  -5.516";"*_texto381";"1.884390e-02"
" 2";" 40";" 5.00";"  -5.487";"*_texto38";"1.915731e-02"
" 2";" 40";" 5.00";"  -5.487";"*_texto150";"1.915731e-02"
" 2";" 40";" 5.00";"  -5.487";"*_texto328";"1.915731e-02"
" 0";" 22";" 0.00";"  -5.411";"*_texto171";"2.000853e-02"
" 0";" 22";" 0.00";"  -5.411";"*_texto448";"2.000853e-02"
" 1";" 31";" 3.23";"  -5.337";"*_texto80";"2.087820e-02"
" 1";" 31";" 3.23";"  -5.337";"*_texto120";"2.087820e-02"
" 6";" 69";" 8.70";"  -5.317";"*_texto373";"2.111923e-02"
" 0";" 21";" 0.00";"  -5.165";"*_texto116";"2.304671e-02"
" 0";" 21";" 0.00";"  -5.165";"*_texto204";"2.304671e-02"
" 1";" 30";" 3.33";"  -5.097";"*_texto62";"2.396070e-02"
" 1";" 30";" 3.33";"  -5.097";"*_texto318";"2.396070e-02"
" 1";" 30";" 3.33";"  -5.097";"*_texto444";"2.396070e-02"
" 3";" 46";" 6.52";"  -5.075";"*_texto11";"2.427775e-02"
" 0";" 20";" 0.00";"  -4.919";"*_texto20";"2.656546e-02"
" 0";" 20";" 0.00";"  -4.919";"*_texto177";"2.656546e-02"
" 0";" 20";" 0.00";"  -4.919";"*_texto398";"2.656546e-02"
" 1";" 29";" 3.45";"  -4.859";"*_texto102";"2.751013e-02"
" 1";" 29";" 3.45";"  -4.859";"*_texto106";"2.751013e-02"
" 1";" 29";" 3.45";"  -4.859";"*_texto160";"2.751013e-02"
" 4";" 52";" 7.69";"  -4.766";"*_texto56";"2.903108e-02"
" 0";" 19";" 0.00";"  -4.673";"*_texto52";"3.064565e-02"
" 0";" 19";" 0.00";"  -4.673";"*_texto200";"3.064565e-02"
" 0";" 19";" 0.00";"  -4.673";"*_texto235";"3.064565e-02"
" 1";" 28";" 3.57";"  -4.620";"*_texto255";"3.159981e-02"
" 2";" 36";" 5.56";"  -4.572";"*_texto278";"3.249693e-02"
" 0";" 18";" 0.00";"  -4.427";"*_texto217";"3.538305e-02"
" 0";" 18";" 0.00";"  -4.427";"*_texto254";"3.538305e-02"
" 0";" 18";" 0.00";"  -4.427";"*_texto426";"3.538305e-02"
" 1";" 27";" 3.70";"  -4.382";"*_texto222";"3.631517e-02"
" 1";" 27";" 3.70";"  -4.382";"*_texto374";"3.631517e-02"
" 1";" 27";" 3.70";"  -4.382";"*_texto439";"3.631517e-02"
" 4";" 50";" 8.00";"  -4.351";"*_texto145";"3.699177e-02"
" 0";" 17";" 0.00";"  -4.181";"*_texto43";"4.089152e-02"
" 0";" 17";" 0.00";"  -4.181";"*_texto201";"4.089152e-02"
" 0";" 17";" 0.00";"  -4.181";"*_texto241";"4.089152e-02"
" 0";" 17";" 0.00";"  -4.181";"*_texto281";"4.089152e-02"
" 0";" 17";" 0.00";"  -4.181";"*_texto283";"4.089152e-02"
" 0";" 17";" 0.00";"  -4.181";"*_texto316";"4.089152e-02"
" 0";" 17";" 0.00";"  -4.181";"*_texto383";"4.089152e-02"
" 3";" 41";" 7.32";"  -3.994";"*_texto294";"4.566683e-02"
" 0";" 16";" 0.00";"  -3.934";"*_texto330";"4.730703e-02"
" 0";" 16";" 0.00";"  -3.934";"*_texto441";"4.730703e-02"
" 1";" 25";" 4.00";"  -3.909";"*_texto141";"4.803846e-02"
" 2";" 33";" 6.06";"  -3.897";"*_texto157";"4.836664e-02"
" 5";" 54";" 9.26";"  -3.744";"*_texto39";"5.298229e-02"
" 0";" 15";" 0.00";"  -3.688";"*_texto108";"5.479265e-02"
" 0";" 15";" 0.00";"  -3.688";"*_texto211";"5.479265e-02"
" 0";" 15";" 0.00";"  -3.688";"*_texto336";"5.479265e-02"
" 0";" 15";" 0.00";"  -3.688";"*_texto367";"5.479265e-02"
" 0";" 15";" 0.00";"  -3.688";"*_texto427";"5.479265e-02"
" 4";" 46";" 8.70";"  -3.541";"*_texto44";"5.985690e-02"
" 0";" 14";" 0.00";"  -3.442";"*_texto35";"6.354508e-02"
" 0";" 14";" 0.00";"  -3.442";"*_texto54";"6.354508e-02"
" 0";" 14";" 0.00";"  -3.442";"*_texto118";"6.354508e-02"
" 0";" 14";" 0.00";"  -3.442";"*_texto130";"6.354508e-02"
" 0";" 14";" 0.00";"  -3.442";"*_texto331";"6.354508e-02"
" 0";" 14";" 0.00";"  -3.442";"*_texto400";"6.354508e-02"
" 1";" 23";" 4.35";"  -3.438";"*_texto129";"6.369853e-02"
" 1";" 23";" 4.35";"  -3.438";"*_texto260";"6.369853e-02"
" 1";" 22";" 4.55";"  -3.205";"*_texto64";"7.342421e-02"
" 1";" 22";" 4.55";"  -3.205";"*_texto94";"7.342421e-02"
" 1";" 22";" 4.55";"  -3.205";"*_texto401";"7.342421e-02"
" 0";" 13";" 0.00";"  -3.196";"*_texto58";"7.380309e-02"
" 0";" 13";" 0.00";"  -3.196";"*_texto151";"7.380309e-02"
" 0";" 13";" 0.00";"  -3.196";"*_texto170";"7.380309e-02"
" 0";" 13";" 0.00";"  -3.196";"*_texto187";"7.380309e-02"
" 0";" 13";" 0.00";"  -3.196";"*_texto197";"7.380309e-02"
" 0";" 13";" 0.00";"  -3.196";"*_texto207";"7.380309e-02"
" 0";" 13";" 0.00";"  -3.196";"*_texto291";"7.380309e-02"
" 0";" 13";" 0.00";"  -3.196";"*_texto320";"7.380309e-02"
" 0";" 13";" 0.00";"  -3.196";"*_texto334";"7.380309e-02"
" 3";" 37";" 8.11";"  -3.159";"*_texto415";"7.551649e-02"
" 2";" 29";" 6.90";"  -3.018";"*_texto406";"8.233702e-02"
" 1";" 21";" 4.76";"  -2.972";"*_texto95";"8.469811e-02"
" 1";" 21";" 4.76";"  -2.972";"*_texto133";"8.469811e-02"
" 0";" 12";" 0.00";"  -2.950";"*_texto208";"8.585881e-02"
" 0";" 12";" 0.00";"  -2.950";"*_texto220";"8.585881e-02"
" 0";" 12";" 0.00";"  -2.950";"*_texto228";"8.585881e-02"
" 0";" 12";" 0.00";"  -2.950";"*_texto396";"8.585881e-02"
" 0";" 11";" 0.00";"  -2.704";"*_texto232";"1.000729e-01"
" 0";" 11";" 0.00";"  -2.704";"*_texto333";"1.000729e-01"
" 0";" 11";" 0.00";"  -2.704";"*_texto341";"1.000729e-01"
" 0";" 11";" 0.00";"  -2.704";"*_texto353";"1.000729e-01"
" 0";" 11";" 0.00";"  -2.704";"*_texto356";"1.000729e-01"
" 0";" 11";" 0.00";"  -2.704";"*_texto380";"1.000729e-01"
" 0";" 11";" 0.00";"  -2.704";"*_texto405";"1.000729e-01"
" 2";" 27";" 7.41";"  -2.590";"*_texto139";"1.075075e-01"
" 2";" 27";" 7.41";"  -2.590";"*_texto432";"1.075075e-01"
" 3";" 34";" 8.82";"  -2.556";"*_texto193";"1.098798e-01"
" 0";" 10";" 0.00";"  -2.458";"*_texto159";"1.168955e-01"
" 0";" 10";" 0.00";"  -2.458";"*_texto240";"1.168955e-01"
" 0";" 10";" 0.00";"  -2.458";"*_texto245";"1.168955e-01"
" 0";" 10";" 0.00";"  -2.458";"*_texto262";"1.168955e-01"
" 0";" 10";" 0.00";"  -2.458";"*_texto308";"1.168955e-01"
" 0";" 10";" 0.00";"  -2.458";"*_texto314";"1.168955e-01"
" 0";" 10";" 0.00";"  -2.458";"*_texto418";"1.168955e-01"
" 3";" 33";" 9.09";"  -2.360";"*_texto143";"1.244424e-01"
" 1";" 18";" 5.56";"  -2.284";"*_texto92";"1.306812e-01"
" 1";" 18";" 5.56";"  -2.284";"*_texto300";"1.306812e-01"
" 1";" 18";" 5.56";"  -2.284";"*_texto329";"1.306812e-01"
" 1";" 18";" 5.56";"  -2.284";"*_texto438";"1.306812e-01"
" 0";"  9";" 0.00";"  -2.212";"*_texto179";"1.368968e-01"
" 0";"  9";" 0.00";"  -2.212";"*_texto306";"1.368968e-01"
" 0";"  9";" 0.00";"  -2.212";"*_texto307";"1.368968e-01"
" 2";" 25";" 8.00";"  -2.173";"*_texto61";"1.404325e-01"
" 3";" 32";" 9.38";"  -2.168";"*_texto382";"1.408879e-01"
" 1";" 17";" 5.88";"  -2.059";"*_texto5";"1.513053e-01"
" 1";" 17";" 5.88";"  -2.059";"*_texto347";"1.513053e-01"
" 4";" 38";"10.53";"  -2.034";"*_texto6";"1.537763e-01"
" 4";" 38";"10.53";"  -2.034";"*_texto152";"1.537763e-01"
"**";"classe";"2";"**";"";""
"****";"7292";"24956";"29.22";"****";""
"  39";"1600";" 2.44";"-592.918";"deputado";"5.811531e-131"
"  46";"1581";" 2.91";"-564.946";"presidente";"7.057910e-125"
"  15";"1188";" 1.26";"-471.398";"educação";"1.590406e-104"
"  14";" 888";" 1.58";"-340.195";"esquerdo";" 5.786616e-76"
"  29";" 968";" 3.00";"-334.853";"escola";" 8.431217e-75"
"   7";" 825";" 0.85";"-332.059";"lula";" 3.422357e-74"
"  16";" 783";" 2.04";"-288.663";"bolsonaro";" 9.723194e-65"
"   4";" 661";" 0.61";"-268.806";"comissão";" 2.065697e-60"
"  24";" 693";" 3.46";"-228.635";"público";" 1.183255e-51"
"  53";" 823";" 6.44";"-213.535";"direito";" 2.326385e-48"
"  77";" 945";" 8.15";"-210.859";"inclusive";" 8.921070e-48"
"  32";" 653";" 4.90";"-191.749";"ministro";" 1.320097e-43"
"  17";" 562";" 3.02";"-190.749";"professor";" 2.181470e-43"
"  40";" 673";" 5.94";"-181.182";"projeto";" 2.675434e-41"
"  85";" 880";" 9.66";"-168.749";"exemplo";" 1.388333e-38"
"  21";" 516";" 4.07";"-161.139";"vídeo";" 6.378155e-37"
"  66";" 762";" 8.66";"-160.620";"governo";" 8.284557e-37"
"   8";" 414";" 1.93";"-151.563";"federal";" 7.894894e-35"
"  15";" 416";" 3.61";"-134.200";"dinheiro";" 4.941029e-31"
" 323";"1848";"17.48";"-133.028";"lá";" 8.912901e-31"
"   6";" 344";" 1.74";"-127.316";"debate";" 1.584109e-29"
"  10";" 369";" 2.71";"-127.265";"votar";" 1.625328e-29"
"  13";" 387";" 3.36";"-127.110";"segurança";" 1.757952e-29"
" 144";"1042";"13.82";"-124.692";"fato";" 5.944883e-29"
"  14";" 385";" 3.64";"-123.746";"nacional";" 9.573435e-29"
"   2";" 305";" 0.66";"-121.810";"aluno";" 2.540325e-28"
"   2";" 299";" 0.67";"-119.275";"ensino";" 9.118328e-28"
"   0";" 284";" 0.00";"-118.590";"requerimento";" 1.288032e-27"
" 114";" 884";"12.90";"-118.074";"criança";" 1.670035e-27"
"   4";" 309";" 1.29";"-117.969";"discutir";" 1.761229e-27"
"  20";" 406";" 4.93";"-117.771";"milhão";" 1.946332e-27"
"  35";" 486";" 7.20";"-116.182";"caso";" 4.336358e-27"
"   6";" 317";" 1.89";"-115.931";"crime";" 4.921499e-27"
"  71";" 668";"10.63";"-114.700";"questão";" 9.153594e-27"
" 478";"2410";"19.83";"-113.617";"só";" 1.580915e-26"
"   0";" 268";" 0.00";"-111.836";"pt";" 3.881318e-26"
"  30";" 443";" 6.77";"-109.883";"defender";" 1.039655e-25"
"  54";" 565";" 9.56";"-108.059";"mostrar";" 2.609521e-25"
" 920";"4090";"22.49";"-106.986";"aí";" 4.482965e-25"
"  16";" 329";" 4.86";" -95.630";"conta";" 1.385124e-22"
"  39";" 444";" 8.78";" -91.279";"relação";" 1.247891e-21"
"   7";" 264";" 2.65";" -91.065";"voto";" 1.390263e-21"
"  45";" 471";" 9.55";" -89.766";"simplesmente";" 2.680987e-21"
"   8";" 267";" 3.00";" -89.736";"aprovar";" 2.721375e-21"
"  17";" 313";" 5.43";" -86.728";"rede";" 1.245119e-20"
" 279";"1486";"18.78";" -83.338";"ano";" 6.914765e-20"
"  12";" 274";" 4.38";" -82.653";"aula";" 9.780642e-20"
"  21";" 325";" 6.46";" -82.462";"social";" 1.077154e-19"
"  27";" 351";" 7.69";" -79.771";"galera";" 4.204289e-19"
"  29";" 357";" 8.12";" -77.938";"ganhar";" 1.063431e-18"
"   3";" 206";" 1.46";" -77.414";"olhado";" 1.386526e-18"
"   8";" 236";" 3.39";" -76.858";"pauta";" 1.837209e-18"
"   9";" 242";" 3.72";" -76.834";"afinal";" 1.859038e-18"
"   4";" 211";" 1.90";" -76.818";"discussão";" 1.874618e-18"
"   4";" 209";" 1.91";" -75.983";"curso";" 2.861584e-18"
"  12";" 256";" 4.69";" -75.265";"basicamente";" 4.115027e-18"
"   3";" 196";" 1.53";" -73.232";"vereador";" 1.152474e-17"
"  58";" 489";"11.86";" -72.668";"contrário";" 1.534299e-17"
"   2";" 188";" 1.06";" -72.608";"stf";" 1.581218e-17"
"   0";" 173";" 0.00";" -71.916";"democracia";" 2.245693e-17"
"  21";" 298";" 7.05";" -71.693";"universidade";" 2.514628e-17"
"  16";" 269";" 5.95";" -71.207";"eleição";" 3.216943e-17"
"   1";" 175";" 0.57";" -69.935";"criminoso";" 6.127921e-17"
"   4";" 191";" 2.09";" -68.475";"votação";" 1.285206e-16"
" 109";" 711";"15.33";" -68.261";"dever";" 1.432253e-16"
"   6";" 202";" 2.97";" -67.846";"estudante";" 1.767663e-16"
"   2";" 175";" 1.14";" -67.173";"artigo";" 2.486625e-16"
"  11";" 229";" 4.80";" -66.619";"utilizar";" 3.293497e-16"
"   3";" 180";" 1.67";" -66.552";"gentileza";" 3.407942e-16"
"   3";" 176";" 1.70";" -64.884";"polícia";" 7.945013e-16"
" 233";"1225";"19.02";" -64.793";"acontecer";" 8.320743e-16"
"   0";" 154";" 0.00";" -63.969";"candidato";" 1.264205e-15"
" 280";"1406";"19.91";" -62.373";"achar";" 2.842196e-15"
"   0";" 150";" 0.00";" -62.297";"escolar";" 2.953754e-15"
"   4";" 174";" 2.30";" -61.400";"médio";" 4.657295e-15"
"  52";" 427";"12.18";" -61.003";"gostar";" 5.699341e-15"
"   4";" 172";" 2.33";" -60.569";"condenar";" 7.103576e-15"
"  79";" 549";"14.39";" -59.691";"claro";" 1.109927e-14"
"  44";" 383";"11.49";" -59.130";"lei";" 1.476226e-14"
"   1";" 147";" 0.68";" -58.234";"relator";" 2.326767e-14"
"  12";" 214";" 5.61";" -58.188";"pagar";" 2.382530e-14"
"   2";" 149";" 1.34";" -56.325";"programa";" 6.144315e-14"
"   3";" 155";" 1.94";" -56.139";"alexandre";" 6.751858e-14"
"   7";" 179";" 3.91";" -55.839";"parlamentar";" 7.865869e-14"
"  30";" 304";" 9.87";" -55.721";"liberdade";" 8.352788e-14"
" 106";" 656";"16.16";" -55.569";"brasileiro";" 9.023711e-14"
"   7";" 178";" 3.93";" -55.428";"campanha";" 9.692710e-14"
" 427";"1952";"21.88";" -55.231";"mesmo";" 1.071756e-13"
"   5";" 165";" 3.03";" -55.083";"mídia";" 1.155203e-13"
"  28";" 292";" 9.59";" -55.051";"matar";" 1.174351e-13"
"1753";"6800";"25.78";" -53.481";"aqui";" 2.611229e-13"
"   1";" 134";" 0.75";" -52.812";"golpe";" 3.671453e-13"
"   3";" 146";" 2.05";" -52.399";"meta";" 4.529560e-13"
"   3";" 144";" 2.08";" -51.569";"opinião";" 6.914179e-13"
"   2";" 136";" 1.47";" -50.912";"moraes";" 9.662549e-13"
"  14";" 205";" 6.83";" -50.103";"janeiro";" 1.458760e-12"
"  80";" 523";"15.30";" -50.071";"política";" 1.483069e-12"
"  63";" 445";"14.16";" -49.700";"ponto";" 1.791023e-12"
"  65";" 454";"14.32";" -49.653";"problema";" 1.834736e-12"
"  22";" 246";" 8.94";" -49.389";"partido";" 2.099153e-12"
"  10";" 180";" 5.56";" -49.091";"qualidade";" 2.443558e-12"
"   4";" 144";" 2.78";" -48.963";"proposta";" 2.608522e-12"
"   0";" 118";" 0.00";" -48.944";"fake";" 2.633983e-12"
"   2";" 130";" 1.54";" -48.416";"trabalhador";" 3.447566e-12"
"  11";" 184";" 5.98";" -48.413";"caro";" 3.452762e-12"
" 426";"1910";"22.30";" -47.831";"ficar";" 4.646516e-12"
"   1";" 122";" 0.82";" -47.811";"news";" 4.692538e-12"
"   9";" 171";" 5.26";" -47.779";"reunião";" 4.771369e-12"
"  21";" 236";" 8.90";" -47.572";"preso";" 5.303026e-12"
" 507";"2217";"22.87";" -47.449";"já";" 5.646136e-12"
"   3";" 134";" 2.24";" -47.420";"ideológico";" 5.729656e-12"
"  15";" 203";" 7.39";" -47.160";"retirar";" 6.541631e-12"
"   7";" 156";" 4.49";" -46.429";"básico";" 9.499935e-12"
"  11";" 179";" 6.15";" -46.414";"concordar";" 9.574536e-12"
"   2";" 125";" 1.60";" -46.338";"municipal";" 9.953118e-12"
"  22";" 235";" 9.36";" -45.232";"tratar";" 1.749828e-11"
"  99";" 588";"16.84";" -44.645";"importante";" 2.361512e-11"
"   8";" 156";" 5.13";" -44.053";"sistema";" 3.195330e-11"
"  11";" 173";" 6.36";" -44.022";"cadeia";" 3.246415e-11"
"   6";" 144";" 4.17";" -43.954";"discurso";" 3.361382e-11"
" 256";"1223";"20.93";" -42.706";"país";" 6.361868e-11"
"  63";" 422";"14.93";" -42.387";"respeito";" 7.489937e-11"
"   5";" 134";" 3.73";" -42.319";"presidência";" 7.755036e-11"
"   0";" 102";" 0.00";" -42.280";"pl";" 7.909149e-11"
"   0";" 102";" 0.00";" -42.280";"democrático";" 7.909149e-11"
"   2";" 115";" 1.74";" -42.185";"felipe";" 8.302321e-11"
"   2";" 115";" 1.74";" -42.185";"comunista";" 8.302321e-11"
"  20";" 216";" 9.26";" -41.973";"acordo";" 9.253514e-11"
"   4";" 127";" 3.15";" -41.948";"prefeito";" 9.374011e-11"
"  92";" 547";"16.82";" -41.581";"tomar";" 1.130651e-10"
"   1";" 106";" 0.94";" -41.153";"ferreira";" 1.407394e-10"
" 148";" 780";"18.97";" -40.863";"forma";" 1.632933e-10"
"   8";" 148";" 5.41";" -40.825";"pô";" 1.665020e-10"
"  27";" 248";"10.89";" -40.704";"mentira";" 1.771113e-10"
"   6";" 136";" 4.41";" -40.691";"prisão";" 1.783096e-10"
"  32";" 272";"11.76";" -40.511";"obviamente";" 1.955551e-10"
"   7";" 141";" 4.96";" -40.336";"comprar";" 2.138349e-10"
"  10";" 158";" 6.33";" -40.284";"câmara";" 2.195950e-10"
"   0";"  97";" 0.00";" -40.200";"narrativa";" 2.293068e-10"
"   3";" 116";" 2.59";" -39.971";"município";" 2.577866e-10"
"   4";" 122";" 3.28";" -39.890";"infantil";" 2.686376e-10"
"   7";" 139";" 5.04";" -39.527";"apoiar";" 3.235914e-10"
"   9";" 150";" 6.00";" -39.339";"absurdo";" 3.561982e-10"
"   3";" 114";" 2.63";" -39.145";"debater";" 3.935139e-10"
"   6";" 132";" 4.55";" -39.063";"foto";" 4.102736e-10"
"  79";" 481";"16.42";" -38.825";"acabar";" 4.635160e-10"
" 106";" 595";"17.82";" -38.331";"contar";" 5.971146e-10"
"   6";" 130";" 4.62";" -38.251";"ex";" 6.221663e-10"
"   6";" 130";" 4.62";" -38.251";"república";" 6.221663e-10"
"   4";" 118";" 3.39";" -38.246";"apoio";" 6.235411e-10"
"   0";"  92";" 0.00";" -38.120";"item";" 6.653515e-10"
"  17";" 190";" 8.95";" -38.044";"grupo";" 6.917813e-10"
"   3";" 111";" 2.70";" -37.906";"audiência";" 7.422013e-10"
"   1";"  98";" 1.02";" -37.828";"relatório";" 7.725206e-10"
"  23";" 220";"10.45";" -37.790";"geral";" 7.879462e-10"
"   2";" 104";" 1.92";" -37.624";"instituto";" 8.576201e-10"
"   8";" 140";" 5.71";" -37.611";"violência";" 8.637033e-10"
"  20";" 203";" 9.85";" -37.119";"unido";" 1.111587e-09"
"  14";" 171";" 8.19";" -36.827";"moral";" 1.290718e-09"
"  13";" 165";" 7.88";" -36.576";"militar";" 1.468429e-09"
"  21";" 206";"10.19";" -36.353";"sala";" 1.646130e-09"
"   3";" 107";" 2.80";" -36.257";"orientação";" 1.729669e-09"
"   6";" 125";" 4.80";" -36.222";"gastar";" 1.760453e-09"
"   6";" 125";" 4.80";" -36.222";"privado";" 1.760453e-09"
"   1";"  94";" 1.06";" -36.167";"diretor";" 1.811272e-09"
"   9";" 142";" 6.34";" -36.153";"população";" 1.824053e-09"
"   9";" 141";" 6.38";" -35.756";"senador";" 2.236213e-09"
"   0";"  86";" 0.00";" -35.625";"dino";" 2.391942e-09"
"  10";" 146";" 6.85";" -35.535";"medida";" 2.505585e-09"
"   4";" 111";" 3.60";" -35.374";"empresa";" 2.720309e-09"
"  18";" 188";" 9.57";" -35.347";"congresso";" 2.758266e-09"
"  10";" 145";" 6.90";" -35.141";"manifestação";" 3.066874e-09"
"   6";" 122";" 4.92";" -35.008";"recurso";" 3.283886e-09"
"  55";" 362";"15.19";" -34.941";"menos";" 3.397865e-09"
"  48";" 329";"14.59";" -34.502";"enfim";" 4.257481e-09"
"  29";" 240";"12.08";" -34.407";"beleza";" 4.471291e-09"
"   0";"  83";" 0.00";" -34.378";"pne";" 4.537892e-09"
"   0";"  83";" 0.00";" -34.378";"dado";" 4.537892e-09"
"   0";"  82";" 0.00";" -33.963";"mec";" 5.618196e-09"
"  18";" 184";" 9.78";" -33.861";"mina";" 5.920176e-09"
"  14";" 163";" 8.59";" -33.765";"garantir";" 6.218969e-09"
"   1";"  88";" 1.14";" -33.676";"moção";" 6.510032e-09"
"  15";" 168";" 8.93";" -33.671";"infelizmente";" 6.526210e-09"
"   5";" 112";" 4.46";" -33.336";"extremo";" 7.752473e-09"
"  26";" 222";"11.71";" -33.198";"ideia";" 8.325304e-09"
"   0";"  80";" 0.00";" -33.132";"repúdio";" 8.612887e-09"
"   7";" 123";" 5.69";" -33.086";"conservador";" 8.815566e-09"
"   1";"  86";" 1.16";" -32.846";"greve";" 9.975390e-09"
"  82";" 472";"17.37";" -32.646";"político";" 1.105570e-08"
"  25";" 215";"11.63";" -32.450";"tema";" 1.222876e-08"
"   1";"  85";" 1.18";" -32.431";"terrorista";" 1.234905e-08"
"   1";"  85";" 1.18";" -32.431";"bandido";" 1.234905e-08"
"   1";"  84";" 1.19";" -32.016";"assinar";" 1.528826e-08"
"   0";"  77";" 0.00";" -31.885";"ditadura";" 1.635510e-08"
"   0";"  76";" 0.00";" -31.470";"alfabetização";" 2.025527e-08"
"   3";"  95";" 3.16";" -31.318";"sexual";" 2.190388e-08"
"  28";" 226";"12.39";" -31.235";"semana";" 2.285849e-08"
"   2";"  88";" 2.27";" -31.006";"acusar";" 2.572658e-08"
"   4";" 100";" 4.00";" -30.877";"cultural";" 2.749783e-08"
"   8";" 123";" 6.50";" -30.839";"culpa";" 2.803042e-08"
"  86";" 482";"17.84";" -30.761";"próprio";" 2.919066e-08"
"  14";" 155";" 9.03";" -30.733";"aumentar";" 2.961128e-08"
"  22";" 195";"11.28";" -30.575";"rua";" 3.211251e-08"
"   4";"  99";" 4.04";" -30.469";"policial";" 3.393031e-08"
"   1";"  80";" 1.25";" -30.357";"globo";" 3.593181e-08"
"  11";" 138";" 7.97";" -30.294";"sério";" 3.713014e-08"
"   4";"  98";" 4.08";" -30.061";"vítima";" 4.186670e-08"
"  10";" 132";" 7.58";" -30.058";"estratégia";" 4.194191e-08"
"   1";"  79";" 1.27";" -29.943";"investigar";" 4.449576e-08"
"  28";" 222";"12.61";" -29.869";"mês";" 4.622485e-08"
"   0";"  72";" 0.00";" -29.809";"creche";" 4.768161e-08"
"   0";"  72";" 0.00";" -29.809";"estadual";" 4.768161e-08"
"   1";"  78";" 1.28";" -29.528";"flávio";" 5.510404e-08"
"   1";"  78";" 1.28";" -29.528";"constituição";" 5.510404e-08"
"   8";" 119";" 6.72";" -29.260";"pobre";" 6.328483e-08"
"   0";"  70";" 0.00";" -28.978";"divulgar";" 7.318704e-08"
"   1";"  76";" 1.32";" -28.699";"dilma";" 8.452636e-08"
" 318";"1390";"22.88";" -28.624";"ali";" 8.787689e-08"
"   2";"  82";" 2.44";" -28.529";"educacional";" 9.228968e-08"
" 320";"1397";"22.91";" -28.519";"colocar";" 9.280436e-08"
"  10";" 128";" 7.81";" -28.508";"postar";" 9.331428e-08"
"   3";"  88";" 3.41";" -28.446";"jair";" 9.635803e-08"
"   1";"  75";" 1.33";" -28.285";"banco";" 1.046979e-07"
"  13";" 143";" 9.09";" -28.175";"fundamental";" 1.108060e-07"
"   6";" 105";" 5.71";" -28.168";"jogo";" 1.112122e-07"
"   6";" 105";" 5.71";" -28.168";"mínimo";" 1.112122e-07"
"   0";"  68";" 0.00";" -28.148";"organização";" 1.123689e-07"
"   2";"  81";" 2.47";" -28.117";"matéria";" 1.142015e-07"
"  63";" 374";"16.84";" -28.112";"fossar";" 1.144645e-07"
"   5";"  99";" 5.05";" -28.073";"conteúdo";" 1.168189e-07"
"  11";" 132";" 8.33";" -27.990";"cometer";" 1.219322e-07"
"   1";"  74";" 1.35";" -27.871";"documento";" 1.296917e-07"
"   4";"  92";" 4.35";" -27.619";"plenário";" 1.476937e-07"
"   1";"  73";" 1.37";" -27.457";"solicitar";" 1.606630e-07"
"  10";" 125";" 8.00";" -27.351";"pena";" 1.696818e-07"
"   0";"  66";" 0.00";" -27.318";"feminista";" 1.725819e-07"
"   2";"  79";" 2.53";" -27.292";"esclarecer";" 1.748890e-07"
"  18";" 166";"10.84";" -27.285";"ordem";" 1.755609e-07"
"  39";" 265";"14.72";" -27.238";"número";" 1.798668e-07"
"   3";"  85";" 3.53";" -27.217";"predeterminado";" 1.818330e-07"
"   7";" 108";" 6.48";" -27.116";"combater";" 1.916159e-07"
"   1";"  72";" 1.39";" -27.042";"técnica";" 1.990447e-07"
"   0";"  65";" 0.00";" -26.903";"vice";" 2.139068e-07"
"   2";"  78";" 2.56";" -26.880";"eleitoral";" 2.164390e-07"
"  31";" 227";"13.66";" -26.829";"diverso";" 2.223277e-07"
"  11";" 128";" 8.59";" -26.465";"corrupção";" 2.683401e-07"
"   3";"  83";" 3.61";" -26.399";"oposição";" 2.776829e-07"
" 128";" 637";"20.09";" -26.319";"sim";" 2.894125e-07"
"   1";"  70";" 1.43";" -26.214";"investimento";" 3.055734e-07"
"   6";" 100";" 6.00";" -26.173";"engraçado";" 3.120843e-07"
"   0";"  63";" 0.00";" -26.073";"técnico";" 3.286992e-07"
"   8";" 110";" 7.27";" -25.731";"pandemia";" 3.923855e-07"
"   0";"  62";" 0.00";" -25.658";"investigação";" 4.075176e-07"
"   0";"  62";" 0.00";" -25.658";"avaliação";" 4.075176e-07"
"  31";" 223";"13.90";" -25.529";"possível";" 4.358870e-07"
"  36";" 245";"14.69";" -25.242";"plano";" 5.055928e-07"
"   2";"  74";" 2.70";" -25.233";"salário";" 5.079549e-07"
"   2";"  74";" 2.70";" -25.233";"pesquisa";" 5.079549e-07"
"   4";"  86";" 4.65";" -25.186";"registrar";" 5.205623e-07"
"   3";"  80";" 3.75";" -25.173";"série";" 5.240769e-07"
"   1";"  67";" 1.49";" -24.972";"servidor";" 5.815938e-07"
"   1";"  67";" 1.49";" -24.972";"organizado";" 5.815938e-07"
"   5";"  91";" 5.49";" -24.857";"silêncio";" 6.173898e-07"
"   0";"  60";" 0.00";" -24.829";"aprovação";" 6.265707e-07"
"  83";" 446";"18.61";" -24.716";"lado";" 6.643553e-07"
"  47";" 292";"16.10";" -24.604";"minuto";" 7.039601e-07"
"   1";"  66";" 1.52";" -24.558";"formação";" 7.208768e-07"
"   1";"  66";" 1.52";" -24.558";"armada";" 7.208768e-07"
"  12";" 128";" 9.38";" -24.498";"botar";" 7.437850e-07"
"   0";"  59";" 0.00";" -24.414";"desigualdade";" 7.770507e-07"
"   2";"  72";" 2.78";" -24.411";"aumento";" 7.783896e-07"
"   9";" 111";" 8.11";" -24.027";"aborto";" 9.498237e-07"
"   0";"  58";" 0.00";" -23.999";"emenda";" 9.637754e-07"
"   0";"  58";" 0.00";" -23.999";"regimento";" 9.637754e-07"
"   0";"  58";" 0.00";" -23.999";"favorável";" 9.637754e-07"
" 343";"1456";"23.56";" -23.965";"até";" 9.809117e-07"
"   3";"  77";" 3.90";" -23.949";"possibilidade";" 9.891883e-07"
"   8";" 105";" 7.62";" -23.788";"imagem";" 1.075526e-06"
"   5";"  88";" 5.68";" -23.657";"profissional";" 1.151394e-06"
"   0";"  57";" 0.00";" -23.584";"venezuela";" 1.195505e-06"
"   0";"  57";" 0.00";" -23.584";"socialismo";" 1.195505e-06"
"   0";"  57";" 0.00";" -23.584";"prever";" 1.195505e-06"
"   3";"  76";" 3.95";" -23.541";"economia";" 1.222500e-06"
"  27";" 198";"13.64";" -23.434";"quase";" 1.292805e-06"
"  14";" 135";"10.37";" -23.318";"resolver";" 1.373411e-06"
"   1";"  63";" 1.59";" -23.317";"orçamento";" 1.373481e-06"
"   3";"  75";" 4.00";" -23.134";"imposto";" 1.510855e-06"
"   4";"  80";" 5.00";" -22.763";"super";" 1.832759e-06"
"   4";"  80";" 5.00";" -22.763";"uso";" 1.832759e-06"
"   3";"  74";" 4.05";" -22.727";"serviço";" 1.867244e-06"
"  19";" 157";"12.10";" -22.384";"legal";" 2.232352e-06"
"   0";"  54";" 0.00";" -22.340";"procedimento";" 2.283446e-06"
"   0";"  54";" 0.00";" -22.340";"premiação";" 2.283446e-06"
"   5";"  84";" 5.95";" -22.062";"assunto";" 2.640165e-06"
" 126";" 609";"20.69";" -21.960";"pessoal";" 2.783671e-06"
"   2";"  66";" 3.03";" -21.946";"operação";" 2.804692e-06"
"   0";"  53";" 0.00";" -21.926";"máscara";" 2.833882e-06"
"   0";"  53";" 0.00";" -21.926";"aprendizagem";" 2.833882e-06"
"   3";"  72";" 4.17";" -21.914";"listar";" 2.852135e-06"
"   4";"  77";" 5.19";" -21.556";"cidadão";" 3.437176e-06"
"  15";" 135";"11.11";" -21.521";"logo";" 3.499991e-06"
"  13";" 125";"10.40";" -21.514";"instagram";" 3.512857e-06"
"   0";"  52";" 0.00";" -21.511";"eleito";" 3.517484e-06"
"   0";"  52";" 0.00";" -21.511";"secretário";" 3.517484e-06"
"  27";" 192";"14.06";" -21.493";"errado";" 3.551695e-06"
"  90";" 461";"19.52";" -21.353";"seguinte";" 3.820499e-06"
"  10";" 109";" 9.17";" -21.270";"ideologia";" 3.990145e-06"
"  11";" 114";" 9.65";" -21.208";"filme";" 4.120105e-06"
"   2";"  64";" 3.12";" -21.125";"cpmi";" 4.301886e-06"
"   3";"  70";" 4.29";" -21.101";"regra";" 4.356676e-06"
"   0";"  51";" 0.00";" -21.097";"artista";" 4.366609e-06"
"   0";"  51";" 0.00";" -21.097";"desempenho";" 4.366609e-06"
"   0";"  51";" 0.00";" -21.097";"patrimônio";" 4.366609e-06"
"  31";" 209";"14.83";" -21.093";"principalmente";" 4.374297e-06"
"   7";"  92";" 7.61";" -20.852";"âmbito";" 4.962084e-06"
"   7";"  92";" 7.61";" -20.852";"senão";" 4.962084e-06"
"   1";"  57";" 1.75";" -20.837";"custo";" 4.999816e-06"
"   4";"  75";" 5.33";" -20.753";"colega";" 5.226010e-06"
"   6";"  86";" 6.98";" -20.644";"anterior";" 5.532077e-06"
"  17";" 142";"11.97";" -20.542";"papel";" 5.834406e-06"
"  21";" 161";"13.04";" -20.502";"base";" 5.957745e-06"
"   1";"  56";" 1.79";" -20.424";"twitter";" 6.203726e-06"
"  57";" 320";"17.81";" -20.394";"perguntar";" 6.302115e-06"
"   2";"  62";" 3.23";" -20.306";"internacional";" 6.600080e-06"
"   3";"  68";" 4.41";" -20.290";"tiro";" 6.655117e-06"
"   0";"  49";" 0.00";" -20.268";"indicação";" 6.732313e-06"
"  18";" 146";"12.33";" -20.259";"atacar";" 6.765022e-06"
"  33";" 215";"15.35";" -20.174";"sociedade";" 7.069338e-06"
"   4";"  73";" 5.48";" -19.951";"mata";" 7.944256e-06"
"  18";" 145";"12.41";" -19.917";"resultado";" 8.088031e-06"
"   2";"  61";" 3.28";" -19.896";"mentir";" 8.175989e-06"
"   2";"  61";" 3.28";" -19.896";"propor";" 8.175989e-06"
"   3";"  67";" 4.48";" -19.885";"avaliar";" 8.225480e-06"
"   5";"  78";" 6.41";" -19.683";"soltar";" 9.141959e-06"
"   1";"  54";" 1.85";" -19.598";"nota";" 9.554751e-06"
"   4";"  72";" 5.56";" -19.551";"bacana";" 9.793997e-06"
"   2";"  60";" 3.33";" -19.487";"inocente";" 1.012893e-05"
"   3";"  66";" 4.55";" -19.480";"eleger";" 1.016647e-05"
"   3";"  66";" 4.55";" -19.480";"união";" 1.016647e-05"
"   3";"  66";" 4.55";" -19.480";"verde";" 1.016647e-05"
"   6";"  83";" 7.23";" -19.472";"argumento";" 1.020871e-05"
"   7";"  88";" 7.95";" -19.309";"informação";" 1.111884e-05"
"   7";"  88";" 7.95";" -19.309";"instituição";" 1.111884e-05"
"   5";"  77";" 6.49";" -19.288";"parabenizar";" 1.124034e-05"
"  24";" 171";"14.04";" -19.195";"condição";" 1.180220e-05"
"   1";"  53";" 1.89";" -19.186";"ditador";" 1.186020e-05"
"   2";"  59";" 3.39";" -19.078";"cobrar";" 1.254930e-05"
"   2";"  59";" 3.39";" -19.078";"parlamento";" 1.254930e-05"
"   3";"  65";" 4.62";" -19.075";"tribunal";" 1.256557e-05"
"   0";"  46";" 0.00";" -19.025";"bancada";" 1.290406e-05"
"   0";"  46";" 0.00";" -19.025";"jornalista";" 1.290406e-05"
"   0";"  46";" 0.00";" -19.025";"ampliar";" 1.290406e-05"
"   0";"  46";" 0.00";" -19.025";"matemática";" 1.290406e-05"
"  33";" 211";"15.64";" -18.974";"demais";" 1.325110e-05"
"   1";"  52";" 1.92";" -18.773";"advogado";" 1.472405e-05"
"   4";"  70";" 5.71";" -18.752";"ea";" 1.488326e-05"
"  23";" 165";"13.94";" -18.751";"explicar";" 1.489344e-05"
"   3";"  64";" 4.69";" -18.671";"banheiro";" 1.553091e-05"
"   0";"  45";" 0.00";" -18.610";"fascista";" 1.603498e-05"
"   0";"  45";" 0.00";" -18.610";"conservadorismo";" 1.603498e-05"
"   1";"  51";" 1.96";" -18.360";"lgbt";" 1.828218e-05"
"   1";"  51";" 1.96";" -18.360";"cuba";" 1.828218e-05"
"   1";"  51";" 1.96";" -18.360";"rafael";" 1.828218e-05"
"   9";"  96";" 9.38";" -18.350";"óbvio";" 1.838176e-05"
"  10";" 101";" 9.90";" -18.300";"notícia";" 1.887503e-05"
"   0";"  44";" 0.00";" -18.196";"censura";" 1.992937e-05"
"   0";"  44";" 0.00";" -18.196";"reajuste";" 1.992937e-05"
"   0";"  44";" 0.00";" -18.196";"gasto";" 1.992937e-05"
"   0";"  44";" 0.00";" -18.196";"cívico";" 1.992937e-05"
"   5";"  74";" 6.76";" -18.107";"responsável";" 2.087780e-05"
" 231";" 995";"23.22";" -18.059";"chegar";" 2.141621e-05"
"   1";"  50";" 2.00";" -17.948";"negociação";" 2.270371e-05"
"  10";" 100";"10.00";" -17.932";"faculdade";" 2.288892e-05"
"   3";"  62";" 4.84";" -17.864";"questionar";" 2.372650e-05"
"   3";"  62";" 4.84";" -17.864";"ocorrer";" 2.372650e-05"
"   3";"  62";" 4.84";" -17.864";"denúncia";" 2.372650e-05"
"   2";"  56";" 3.57";" -17.852";"branco";" 2.387788e-05"
"   2";"  56";" 3.57";" -17.852";"ônibus";" 2.387788e-05"
"   2";"  56";" 3.57";" -17.852";"inscrever";" 2.387788e-05"
"   0";"  43";" 0.00";" -17.782";"regime";" 2.477456e-05"
"   0";"  43";" 0.00";" -17.782";"opositor";" 2.477456e-05"
"   0";"  43";" 0.00";" -17.782";"parceria";" 2.477456e-05"
"  25";" 171";"14.62";" -17.745";"saúde";" 2.525863e-05"
"   8";"  89";" 8.99";" -17.676";"estudo";" 2.619551e-05"
" 219";" 947";"23.13";" -17.674";"conseguir";" 2.621756e-05"
"  15";" 124";"12.10";" -17.666";"citar";" 2.632740e-05"
"   4";"  67";" 5.97";" -17.558";"bh";" 2.786733e-05"
"  57";" 309";"18.45";" -17.557";"parecer";" 2.788671e-05"
"   1";"  49";" 2.04";" -17.536";"módulo";" 2.819918e-05"
"   1";"  49";" 2.04";" -17.536";"integral";" 2.819918e-05"
"   1";"  49";" 2.04";" -17.536";"entrevista";" 2.819918e-05"
"  99";" 480";"20.62";" -17.479";"certo";" 2.904546e-05"
"  27";" 179";"15.08";" -17.419";"movimento";" 2.998110e-05"
"   0";"  42";" 0.00";" -17.368";"cpi";" 3.080415e-05"
"   0";"  42";" 0.00";" -17.368";"gestão";" 3.080415e-05"
"   5";"  72";" 6.94";" -17.324";"mentiroso";" 3.152600e-05"
"  41";" 240";"17.08";" -17.258";"humano";" 3.263917e-05"
"  12";" 108";"11.11";" -17.198";"defesa";" 3.367930e-05"
"   4";"  66";" 6.06";" -17.161";"mandato";" 3.434255e-05"
"   1";"  48";" 2.08";" -17.123";"colégio";" 3.503081e-05"
"   1";"  48";" 2.08";" -17.123";"vaga";" 3.503081e-05"
"   2";"  54";" 3.70";" -17.036";"crítica";" 3.668018e-05"
"   2";"  54";" 3.70";" -17.036";"mérito";" 3.668018e-05"
"   0";"  41";" 0.00";" -16.953";"genocida";" 3.830964e-05"
"   1";"  47";" 2.13";" -16.711";"vigilância";" 4.352524e-05"
"   1";"  47";" 2.13";" -16.711";"sessão";" 4.352524e-05"
"   3";"  59";" 5.08";" -16.656";"escândalo";" 4.480237e-05"
"   3";"  59";" 5.08";" -16.656";"tentativa";" 4.480237e-05"
"  18";" 135";"13.33";" -16.563";"neto";" 4.706131e-05"
"   0";"  40";" 0.00";" -16.539";"subscrever";" 4.765486e-05"
"   0";"  40";" 0.00";" -16.539";"armado";" 4.765486e-05"
"   0";"  40";" 0.00";" -16.539";"janja";" 4.765486e-05"
"   0";"  40";" 0.00";" -16.539";"rogério";" 4.765486e-05"
"  23";" 158";"14.56";" -16.529";"internet";" 4.791455e-05"
"   9";"  91";" 9.89";" -16.500";"vista";" 4.865867e-05"
"   9";"  91";" 9.89";" -16.500";"praticamente";" 4.865867e-05"
"  12";" 106";"11.32";" -16.490";"celular";" 4.891751e-05"
"  10";"  96";"10.42";" -16.474";"fome";" 4.931843e-05"
"  39";" 228";"17.11";" -16.328";"real";" 5.328272e-05"
"  39";" 228";"17.11";" -16.328";"conversar";" 5.328272e-05"
"   1";"  46";" 2.17";" -16.299";"produção";" 5.408948e-05"
"   1";"  46";" 2.17";" -16.299";"valente";" 5.408948e-05"
"   1";"  46";" 2.17";" -16.299";"adriana";" 5.408948e-05"
"   1";"  46";" 2.17";" -16.299";"tarcísio";" 5.408948e-05"
"  15";" 120";"12.50";" -16.298";"simples";" 5.412401e-05"
"   3";"  58";" 5.17";" -16.255";"reduzir";" 5.537639e-05"
"   3";"  58";" 5.17";" -16.255";"câmera";" 5.537639e-05"
"   2";"  52";" 3.85";" -16.221";"capital";" 5.636716e-05"
"   8";"  85";" 9.41";" -16.180";"autor";" 5.759589e-05"
"  41";" 236";"17.37";" -16.167";"passado";" 5.798805e-05"
"   0";"  39";" 0.00";" -16.125";"vacina";" 5.929412e-05"
"   0";"  39";" 0.00";" -16.125";"contrato";" 5.929412e-05"
"   0";"  39";" 0.00";" -16.125";"camilo";" 5.929412e-05"
"   4";"  63";" 6.35";" -15.973";"comemorar";" 6.424397e-05"
"   1";"  45";" 2.22";" -15.887";"prédio";" 6.723087e-05"
"   1";"  45";" 2.22";" -15.887";"prender";" 6.723087e-05"
"   1";"  45";" 2.22";" -15.887";"pedagógico";" 6.723087e-05"
"  13";" 109";"11.93";" -15.830";"ataque";" 6.930507e-05"
"   2";"  51";" 3.92";" -15.814";"página";" 6.988540e-05"
"   2";"  51";" 3.92";" -15.814";"maduro";" 6.988540e-05"
"   5";"  68";" 7.35";" -15.764";"denunciar";" 7.175543e-05"
"   0";"  38";" 0.00";" -15.711";"parágrafo";" 7.379495e-05"
"   0";"  38";" 0.00";" -15.711";"manchete";" 7.379495e-05"
"  16";" 123";"13.01";" -15.707";"pior";" 7.393957e-05"
"   4";"  62";" 6.45";" -15.579";"discordar";" 7.914465e-05"
"   4";"  62";" 6.45";" -15.579";"corte";" 7.914465e-05"
"   1";"  44";" 2.27";" -15.475";"mercado";" 8.358203e-05"
"   3";"  56";" 5.36";" -15.453";"indicar";" 8.459996e-05"
"  12";" 103";"11.65";" -15.436";"objectivo";" 8.534041e-05"
"   2";"  50";" 4.00";" -15.407";"demanda";" 8.665436e-05"
"   2";"  50";" 4.00";" -15.407";"sugestão";" 8.665436e-05"
"   2";"  50";" 4.00";" -15.407";"portugal";" 8.665436e-05"
"   2";"  50";" 4.00";" -15.407";"sugerir";" 8.665436e-05"
"  11";"  98";"11.22";" -15.405";"solução";" 8.677791e-05"
"   9";"  88";"10.23";" -15.402";"pr";" 8.689247e-05"
"   0";"  37";" 0.00";" -15.297";"neutro";" 9.186669e-05"
"   0";"  37";" 0.00";" -15.297";"pcc";" 9.186669e-05"
"   0";"  37";" 0.00";" -15.297";"fascismo";" 9.186669e-05"
"   0";"  37";" 0.00";" -15.297";"entidade";" 9.186669e-05"
"   0";"  37";" 0.00";" -15.297";"financiar";" 9.186669e-05"
"   0";"  37";" 0.00";" -15.297";"impeachment";" 9.186669e-05"
"   4";"  61";" 6.56";" -15.185";"senado";" 9.749183e-05"
"  44";" 245";"17.96";" -15.169";"rio";" 9.829771e-05"
"   7";"  77";" 9.09";" -15.131";"legislativo";" 1.002972e-04"
" 331";"1349";"24.54";" -15.120";"bom";" 1.008753e-04"
"   1";"  43";" 2.33";" -15.064";"impor";" 1.039320e-04"
"   1";"  43";" 2.33";" -15.064";"traficante";" 1.039320e-04"
"   1";"  43";" 2.33";" -15.064";"constitucional";" 1.039320e-04"
"  19";" 135";"14.07";" -15.054";"jogar";" 1.044584e-04"
"   2";"  49";" 4.08";" -15.001";"orientar";" 1.074582e-04"
"   5";"  66";" 7.58";" -14.989";"belo";" 1.081450e-04"
"   0";"  36";" 0.00";" -14.883";"subcomissão";" 1.143964e-04"
"   0";"  36";" 0.00";" -14.883";"vagabundo";" 1.143964e-04"
"   0";"  36";" 0.00";" -14.883";"parceiro";" 1.143964e-04"
"   0";"  36";" 0.00";" -14.883";"coordenador";" 1.143964e-04"
"   0";"  36";" 0.00";" -14.883";"santana";" 1.143964e-04"
"   0";"  36";" 0.00";" -14.883";"petista";" 1.143964e-04"
"   0";"  36";" 0.00";" -14.883";"gaiar";" 1.143964e-04"
"   6";"  71";" 8.45";" -14.850";"etc";" 1.164017e-04"
"  51";" 273";"18.68";" -14.821";"frente";" 1.182083e-04"
"   4";"  60";" 6.67";" -14.791";"negro";" 1.200797e-04"
"  49";" 264";"18.56";" -14.657";"parar";" 1.289316e-04"
"   3";"  54";" 5.56";" -14.653";"econômico";" 1.292432e-04"
"   1";"  42";" 2.38";" -14.652";"eletrônico";" 1.292655e-04"
"   1";"  42";" 2.38";" -14.652";"bolo";" 1.292655e-04"
"  33";" 196";"16.84";" -14.646";"igual";" 1.296963e-04"
"   5";"  65";" 7.69";" -14.603";"construção";" 1.327269e-04"
"   2";"  48";" 4.17";" -14.595";"gênero";" 1.332709e-04"
"  58";" 301";"19.27";" -14.586";"criar";" 1.339323e-04"
"  26";" 165";"15.76";" -14.554";"ok";" 1.361840e-04"
"  17";" 124";"13.71";" -14.495";"funcionar";" 1.405557e-04"
"   0";"  35";" 0.00";" -14.469";"classe";" 1.424937e-04"
"   0";"  35";" 0.00";" -14.469";"facebook";" 1.424937e-04"
"   0";"  35";" 0.00";" -14.469";"comandar";" 1.424937e-04"
"   0";"  35";" 0.00";" -14.469";"ventura";" 1.424937e-04"
"   8";"  80";"10.00";" -14.334";"concluir";" 1.530426e-04"
"  28";" 173";"16.18";" -14.311";"falta";" 1.549643e-04"
"   3";"  53";" 5.66";" -14.254";"preto";" 1.597428e-04"
"   3";"  53";" 5.66";" -14.254";"risco";" 1.597428e-04"
"   3";"  53";" 5.66";" -14.254";"mundial";" 1.597428e-04"
"   1";"  41";" 2.44";" -14.241";"eleitor";" 1.608116e-04"
"   1";"  41";" 2.44";" -14.241";"competência";" 1.608116e-04"
"  24";" 155";"15.48";" -14.228";"manter";" 1.619420e-04"
"   2";"  47";" 4.26";" -14.189";"gabinete";" 1.653025e-04"
"   2";"  47";" 4.26";" -14.189";"capitão";" 1.653025e-04"
"  21";" 141";"14.89";" -14.071";"preocupado";" 1.760147e-04"
"   0";"  34";" 0.00";" -14.055";"china";" 1.775480e-04"
"   0";"  34";" 0.00";" -14.055";"sigilo";" 1.775480e-04"
"   0";"  34";" 0.00";" -14.055";"inciso";" 1.775480e-04"
"   0";"  34";" 0.00";" -14.055";"golpista";" 1.775480e-04"
"   0";"  34";" 0.00";" -14.055";"caçar";" 1.775480e-04"
"   0";"  34";" 0.00";" -14.055";"carlos";" 1.775480e-04"
"  11";"  94";"11.70";" -14.000";"derrubar";" 1.828507e-04"
"  26";" 163";"15.95";" -13.967";"decisão";" 1.860838e-04"
"   1";"  40";" 2.50";" -13.830";"secretaria";" 2.001053e-04"
"   1";"  40";" 2.50";" -13.830";"análise";" 2.001053e-04"
"   1";"  40";" 2.50";" -13.830";"turma";" 2.001053e-04"
"   2";"  46";" 4.35";" -13.784";"prefeitura";" 2.050562e-04"
"   2";"  46";" 4.35";" -13.784";"comunismo";" 2.050562e-04"
"  26";" 162";"16.05";" -13.675";"acesso";" 2.173113e-04"
"  26";" 162";"16.05";" -13.675";"completamente";" 2.173113e-04"
"   0";"  33";" 0.00";" -13.641";"propaganda";" 2.212996e-04"
"   0";"  33";" 0.00";" -13.641";"tse";" 2.212996e-04"
"   0";"  33";" 0.00";" -13.641";"critério";" 2.212996e-04"
"   0";"  33";" 0.00";" -13.641";"resolução";" 2.212996e-04"
"   0";"  33";" 0.00";" -13.641";"seletivo";" 2.212996e-04"
"   0";"  33";" 0.00";" -13.641";"indicador";" 2.212996e-04"
"   0";"  33";" 0.00";" -13.641";"sérgio";" 2.212996e-04"
"   0";"  33";" 0.00";" -13.641";"inquérito";" 2.212996e-04"
"   3";"  51";" 5.88";" -13.458";"vermelho";" 2.440237e-04"
"   5";"  62";" 8.06";" -13.450";"rico";" 2.450616e-04"
"   5";"  62";" 8.06";" -13.450";"pautar";" 2.450616e-04"
"   1";"  39";" 2.56";" -13.419";"taxar";" 2.490645e-04"
"   2";"  45";" 4.44";" -13.379";"horizonte";" 2.544005e-04"
"  12";"  97";"12.37";" -13.366";"canal";" 2.562794e-04"
"   6";"  67";" 8.96";" -13.339";"razão";" 2.599756e-04"
"   7";"  72";" 9.72";" -13.272";"consequência";" 2.693565e-04"
"  10";"  87";"11.49";" -13.263";"incluir";" 2.707430e-04"
"   9";"  82";"10.98";" -13.240";"fundo";" 2.740342e-04"
"   0";"  32";" 0.00";" -13.227";"redução";" 2.759296e-04"
"   0";"  32";" 0.00";" -13.227";"bolso";" 2.759296e-04"
"   0";"  32";" 0.00";" -13.227";"alice";" 2.759296e-04"
"   0";"  32";" 0.00";" -13.227";"legislação";" 2.759296e-04"
"   5";"  61";" 8.20";" -13.067";"atividade";" 3.005045e-04"
"   1";"  38";" 2.63";" -13.008";"homossexual";" 3.100864e-04"
"   1";"  38";" 2.63";" -13.008";"destinar";" 3.100864e-04"
"   1";"  38";" 2.63";" -13.008";"instituir";" 3.100864e-04"
"   2";"  44";" 4.55";" -12.975";"tráfico";" 3.156574e-04"
"   0";"  31";" 0.00";" -12.813";"penal";" 3.441742e-04"
"   0";"  31";" 0.00";" -12.813";"tratado";" 3.441742e-04"
"   0";"  31";" 0.00";" -12.813";"sindicato";" 3.441742e-04"
"   0";"  31";" 0.00";" -12.813";"currículo";" 3.441742e-04"
"   0";"  31";" 0.00";" -12.813";"bilinski";" 3.441742e-04"
"  13";" 100";"13.00";" -12.771";"youtube";" 3.520122e-04"
"   3";"  49";" 6.12";" -12.664";"famoso";" 3.727449e-04"
"   1";"  37";" 2.70";" -12.598";"vírus";" 3.861691e-04"
"   1";"  37";" 2.70";" -12.598";"estupro";" 3.861691e-04"
"   1";"  37";" 2.70";" -12.598";"publicar";" 3.861691e-04"
"   6";"  65";" 9.23";" -12.590";"gigantesco";" 3.878058e-04"
"   2";"  43";" 4.65";" -12.571";"feminismo";" 3.917137e-04"
"  19";" 127";"14.96";" -12.549";"importância";" 3.964778e-04"
"   7";"  70";"10.00";" -12.538";"américa";" 3.988530e-04"
"   7";"  70";"10.00";" -12.538";"anteriormente";" 3.988530e-04"
"   8";"  75";"10.67";" -12.520";"membro";" 4.026478e-04"
"   4";"  54";" 7.41";" -12.449";"perfil";" 4.181771e-04"
"   4";"  54";" 7.41";" -12.449";"viagem";" 4.181771e-04"
"   0";"  30";" 0.00";" -12.399";"prêmio";" 4.294680e-04"
"   0";"  30";" 0.00";" -12.399";"estudantil";" 4.294680e-04"
"   0";"  30";" 0.00";" -12.399";"matrícula";" 4.294680e-04"
"   0";"  30";" 0.00";" -12.399";"taxa";" 4.294680e-04"
"   0";"  30";" 0.00";" -12.399";"ranking";" 4.294680e-04"
"   0";"  30";" 0.00";" -12.399";"implementar";" 4.294680e-04"
"   0";"  30";" 0.00";" -12.399";"global";" 4.294680e-04"
"  20";" 131";"15.27";" -12.395";"parabéns";" 4.303978e-04"
"   3";"  48";" 6.25";" -12.269";"jornal";" 4.606655e-04"
"  21";" 135";"15.56";" -12.253";"decidir";" 4.644492e-04"
"  19";" 126";"15.08";" -12.243";"ligar";" 4.670226e-04"
"  10";"  84";"11.90";" -12.218";"ignorar";" 4.734076e-04"
"   1";"  36";" 2.78";" -12.188";"xingar";" 4.810640e-04"
"   1";"  36";" 2.78";" -12.188";"ã";" 4.810640e-04"
"   1";"  36";" 2.78";" -12.188";"covarde";" 4.810640e-04"
"   2";"  42";" 4.76";" -12.168";"cumprimentar";" 4.861587e-04"
"   2";"  42";" 4.76";" -12.168";"concreto";" 4.861587e-04"
"   2";"  42";" 4.76";" -12.168";"ciência";" 4.861587e-04"
"   2";"  42";" 4.76";" -12.168";"avanço";" 4.861587e-04"
"   2";"  42";" 4.76";" -12.168";"desenvolvimento";" 4.861587e-04"
"  38";" 208";"18.27";" -12.161";"bater";" 4.880881e-04"
"   4";"  53";" 7.55";" -12.062";"praça";" 5.145825e-04"
"  75";" 358";"20.95";" -12.010";"pergunta";" 5.290838e-04"
"   0";"  29";" 0.00";" -11.986";"transporte";" 5.361260e-04"
"   0";"  29";" 0.00";" -11.986";"contratar";" 5.361260e-04"
"   0";"  29";" 0.00";" -11.986";"digital";" 5.361260e-04"
"   0";"  29";" 0.00";" -11.986";"fidel";" 5.361260e-04"
"   0";"  29";" 0.00";" -11.986";"janones";" 5.361260e-04"
"   0";"  29";" 0.00";" -11.986";"deput";" 5.361260e-04"
"   0";"  29";" 0.00";" -11.986";"científico";" 5.361260e-04"
"   0";"  29";" 0.00";" -11.986";"federação";" 5.361260e-04"
"   0";"  29";" 0.00";" -11.986";"proposição";" 5.361260e-04"
"   3";"  47";" 6.38";" -11.874";"time";" 5.693069e-04"
"   3";"  47";" 6.38";" -11.874";"plataforma";" 5.693069e-04"
"   9";"  78";"11.54";" -11.827";"show";" 5.837314e-04"
"   1";"  35";" 2.86";" -11.778";"psicológico";" 5.994681e-04"
"   2";"  41";" 4.88";" -11.765";"compra";" 6.034562e-04"
"   2";"  41";" 4.88";" -11.765";"coincidência";" 6.034562e-04"
"   2";"  41";" 4.88";" -11.765";"renda";" 6.034562e-04"
"   2";"  41";" 4.88";" -11.765";"dialogar";" 6.034562e-04"
"   2";"  41";" 4.88";" -11.765";"pau";" 6.034562e-04"
"   4";"  52";" 7.69";" -11.676";"grave";" 6.331043e-04"
"   0";"  28";" 0.00";" -11.572";"complexo";" 6.695740e-04"
"   0";"  28";" 0.00";" -11.572";"recomendação";" 6.695740e-04"
"   0";"  28";" 0.00";" -11.572";"planejamento";" 6.695740e-04"
"   0";"  28";" 0.00";" -11.572";"equipamento";" 6.695740e-04"
"   0";"  28";" 0.00";" -11.572";"terrorismo";" 6.695740e-04"
"   0";"  28";" 0.00";" -11.572";"receita";" 6.695740e-04"
"   0";"  28";" 0.00";" -11.572";"obrigatório";" 6.695740e-04"
"   0";"  28";" 0.00";" -11.572";"site";" 6.695740e-04"
"   0";"  28";" 0.00";" -11.572";"autorizar";" 6.695740e-04"
"   0";"  28";" 0.00";" -11.572";"regimental";" 6.695740e-04"
"   0";"  28";" 0.00";" -11.572";"pgr";" 6.695740e-04"
"   0";"  28";" 0.00";" -11.572";"orador";" 6.695740e-04"
"   0";"  28";" 0.00";" -11.572";"lavagem";" 6.695740e-04"
"   0";"  28";" 0.00";" -11.572";"imprensa";" 6.695740e-04"
"  35";" 193";"18.13";" -11.556";"estudar";" 6.754596e-04"
"   5";"  57";" 8.77";" -11.549";"ladrão";" 6.776819e-04"
"   5";"  57";" 8.77";" -11.549";"jurídico";" 6.776819e-04"
" 201";" 838";"23.99";" -11.485";"nada";" 7.017388e-04"
"   3";"  46";" 6.52";" -11.480";"comando";" 7.035449e-04"
"   7";"  67";"10.45";" -11.446";"melhorar";" 7.163951e-04"
"   1";"  34";" 2.94";" -11.368";"áudio";" 7.472656e-04"
"   1";"  34";" 2.94";" -11.368";"alteração";" 7.472656e-04"
"   1";"  34";" 2.94";" -11.368";"índice";" 7.472656e-04"
"   1";"  34";" 2.94";" -11.368";"maconha";" 7.472656e-04"
"   1";"  34";" 2.94";" -11.368";"informar";" 7.472656e-04"
"   1";"  34";" 2.94";" -11.368";"puc";" 7.472656e-04"
"   1";"  34";" 2.94";" -11.368";"mental";" 7.472656e-04"
"   1";"  34";" 2.94";" -11.368";"torcer";" 7.472656e-04"
"   1";"  34";" 2.94";" -11.368";"hipócrita";" 7.472656e-04"
"   2";"  40";" 5.00";" -11.363";"condenação";" 7.491582e-04"
"   2";"  40";" 5.00";" -11.363";"sacanagem";" 7.491582e-04"
"   2";"  40";" 5.00";" -11.363";"eduardo";" 7.491582e-04"
"  30";" 171";"17.54";" -11.349";"necessário";" 7.549420e-04"
"  19";" 123";"15.45";" -11.336";"roubar";" 7.600130e-04"
"  41";" 217";"18.89";" -11.284";"além";" 7.815722e-04"
"  11";"  86";"12.79";" -11.262";"tarde";" 7.910522e-04"
"  25";" 149";"16.78";" -11.218";"pedido";" 8.101949e-04"
"   0";"  27";" 0.00";" -11.158";"argentino";" 8.366413e-04"
"   0";"  27";" 0.00";" -11.158";"opção";" 8.366413e-04"
"   0";"  27";" 0.00";" -11.158";"psd";" 8.366413e-04"
"   0";"  27";" 0.00";" -11.158";"ivan";" 8.366413e-04"
"   0";"  27";" 0.00";" -11.158";"complementar";" 8.366413e-04"
"   0";"  27";" 0.00";" -11.158";"saeb";" 8.366413e-04"
"   0";"  27";" 0.00";" -11.158";"funcionário";" 8.366413e-04"
"   0";"  27";" 0.00";" -11.158";"evasão";" 8.366413e-04"
"   0";"  27";" 0.00";" -11.158";"deais";" 8.366413e-04"
"   0";"  27";" 0.00";" -11.158";"william";" 8.366413e-04"
"   9";"  76";"11.84";" -11.131";"linha";" 8.491571e-04"
"   8";"  71";"11.27";" -11.095";"impressionante";" 8.656125e-04"
"   3";"  45";" 6.67";" -11.087";"fala";" 8.693992e-04"
"   3";"  45";" 6.67";" -11.087";"sequer";" 8.693992e-04"
"   7";"  66";"10.61";" -11.086";"comunidade";" 8.700203e-04"
" 321";"1279";"25.10";" -11.073";"cara";" 8.757074e-04"
"   2";"  39";" 5.13";" -10.962";"favela";" 9.301725e-04"
"   2";"  39";" 5.13";" -10.962";"alimentação";" 9.301725e-04"
"   2";"  39";" 5.13";" -10.962";"inacreditável";" 9.301725e-04"
"   1";"  33";" 3.03";" -10.958";"civil";" 9.318328e-04"
"   1";"  33";" 3.03";" -10.958";"oficial";" 9.318328e-04"
"  11";"  85";"12.94";" -10.928";"atingir";" 9.473505e-04"
"  14";"  99";"14.14";" -10.926";"conversa";" 9.482056e-04"
"   4";"  50";" 8.00";" -10.907";"ocupar";" 9.577922e-04"
"  23";" 139";"16.55";" -10.854";"espaço";" 9.858161e-04"
"  34";" 186";"18.28";" -10.844";"época";" 9.910319e-04"
"   0";"  26";" 0.00";" -10.744";"recorde";" 1.045933e-03"
"   0";"  26";" 0.00";" -10.744";"funk";" 1.045933e-03"
"   0";"  26";" 0.00";" -10.744";"pec";" 1.045933e-03"
"   0";"  26";" 0.00";" -10.744";"feliciano";" 1.045933e-03"
"   0";"  26";" 0.00";" -10.744";"roubo";" 1.045933e-03"
"   0";"  26";" 0.00";" -10.744";"luciene";" 1.045933e-03"
"  43";" 223";"19.28";" -10.743";"ajudar";" 1.046817e-03"
"   7";"  65";"10.77";" -10.727";"referência";" 1.056062e-03"
"   3";"  44";" 6.82";" -10.695";"abuso";" 1.074301e-03"
"   3";"  44";" 6.82";" -10.695";"executivo";" 1.074301e-03"
"  46";" 235";"19.57";" -10.671";"exatamente";" 1.088476e-03"
"  20";" 125";"16.00";" -10.615";"repetir";" 1.121588e-03"
"  18";" 116";"15.52";" -10.580";"prova";" 1.143333e-03"
"   2";"  38";" 5.26";" -10.561";"minoria";" 1.155094e-03"
"   2";"  38";" 5.26";" -10.561";"candidatar";" 1.155094e-03"
"   2";"  38";" 5.26";" -10.561";"popular";" 1.155094e-03"
"   2";"  38";" 5.26";" -10.561";"alterar";" 1.155094e-03"
"   2";"  38";" 5.26";" -10.561";"esclarecimento";" 1.155094e-03"
"   1";"  32";" 3.12";" -10.549";"nazista";" 1.162423e-03"
"   1";"  32";" 3.12";" -10.549";"bando";" 1.162423e-03"
"   1";"  32";" 3.12";" -10.549";"idiota";" 1.162423e-03"
"   1";"  32";" 3.12";" -10.549";"cartão";" 1.162423e-03"
"   1";"  32";" 3.12";" -10.549";"brito";" 1.162423e-03"
"   4";"  49";" 8.16";" -10.525";"latino";" 1.177702e-03"
"   4";"  49";" 8.16";" -10.525";"trump";" 1.177702e-03"
"   4";"  49";" 8.16";" -10.525";"superior";" 1.177702e-03"
"   4";"  49";" 8.16";" -10.525";"gustavo";" 1.177702e-03"
"  10";"  79";"12.66";" -10.510";"leitura";" 1.187317e-03"
"   9";"  74";"12.16";" -10.441";"absolutamente";" 1.232288e-03"
"   5";"  54";" 9.26";" -10.425";"prioridade";" 1.243192e-03"
"  22";" 133";"16.54";" -10.392";"considerar";" 1.265724e-03"
"   6";"  59";"10.17";" -10.377";"coletivo";" 1.275794e-03"
"   6";"  59";"10.17";" -10.377";"supremo";" 1.275794e-03"
"   6";"  59";"10.17";" -10.377";"amarelo";" 1.275794e-03"
"   6";"  59";"10.17";" -10.377";"senor";" 1.275794e-03"
"   0";"  25";" 0.00";" -10.331";"capitalismo";" 1.308303e-03"
"   0";"  25";" 0.00";" -10.331";"grana";" 1.308303e-03"
"   0";"  25";" 0.00";" -10.331";"amazônia";" 1.308303e-03"
"   0";"  25";" 0.00";" -10.331";"ferrar";" 1.308303e-03"
"   0";"  25";" 0.00";" -10.331";"substitutivo";" 1.308303e-03"
"   0";"  25";" 0.00";" -10.331";"nicolás";" 1.308303e-03"
"   0";"  25";" 0.00";" -10.331";"implementação";" 1.308303e-03"
"  23";" 137";"16.79";" -10.293";"representar";" 1.335307e-03"
"   2";"  37";" 5.41";" -10.161";"inclusão";" 1.434622e-03"
"   2";"  37";" 5.41";" -10.161";"fernando";" 1.434622e-03"
"   1";"  31";" 3.23";" -10.140";"doutrinação";" 1.450654e-03"
"   1";"  31";" 3.23";" -10.140";"anistia";" 1.450654e-03"
"   1";"  31";" 3.23";" -10.140";"ucrânia";" 1.450654e-03"
"   1";"  31";" 3.23";" -10.140";"punir";" 1.450654e-03"
"  11";"  82";"13.41";"  -9.937";"correto";" 1.620302e-03"
"   0";"  24";" 0.00";"  -9.917";"kalil";" 1.637461e-03"
"   0";"  24";" 0.00";"  -9.917";"publicação";" 1.637461e-03"
"   0";"  24";" 0.00";"  -9.917";"covid";" 1.637461e-03"
"   0";"  24";" 0.00";"  -9.917";"cubano";" 1.637461e-03"
"   0";"  24";" 0.00";"  -9.917";"turno";" 1.637461e-03"
"   0";"  24";" 0.00";"  -9.917";"pf";" 1.637461e-03"
"   0";"  24";" 0.00";"  -9.917";"mst";" 1.637461e-03"
"   0";"  24";" 0.00";"  -9.917";"fiscal";" 1.637461e-03"
"   0";"  24";" 0.00";"  -9.917";"cassação";" 1.637461e-03"
"   0";"  24";" 0.00";"  -9.917";"multa";" 1.637461e-03"
"   0";"  24";" 0.00";"  -9.917";"martelo";" 1.637461e-03"
"   0";"  24";" 0.00";"  -9.917";"esquema";" 1.637461e-03"
"   0";"  24";" 0.00";"  -9.917";"episódio";" 1.637461e-03"
"   0";"  24";" 0.00";"  -9.917";"autonomia";" 1.637461e-03"
"   0";"  24";" 0.00";"  -9.917";"progressista";" 1.637461e-03"
"   0";"  24";" 0.00";"  -9.917";"facção";" 1.637461e-03"
"   0";"  24";" 0.00";"  -9.917";"bolsonaristas";" 1.637461e-03"
"   0";"  24";" 0.00";"  -9.917";"administrativo";" 1.637461e-03"
"   3";"  42";" 7.14";"  -9.914";"objetivo";" 1.640073e-03"
"   2";"  36";" 5.56";"  -9.761";"conceito";" 1.782073e-03"
"   2";"  36";" 5.56";"  -9.761";"castro";" 1.782073e-03"
"   2";"  36";" 5.56";"  -9.761";"abril";" 1.782073e-03"
"   2";"  36";" 5.56";"  -9.761";"positivo";" 1.782073e-03"
"   9";"  72";"12.50";"  -9.760";"definir";" 1.783620e-03"
"   1";"  30";" 3.33";"  -9.732";"defensor";" 1.811121e-03"
"   1";"  30";" 3.33";"  -9.732";"polêmico";" 1.811121e-03"
"   1";"  30";" 3.33";"  -9.732";"crédito";" 1.811121e-03"
"   1";"  30";" 3.33";"  -9.732";"olavo";" 1.811121e-03"
"   1";"  30";" 3.33";"  -9.732";"morador";" 1.811121e-03"
"   1";"  30";" 3.33";"  -9.732";"código";" 1.811121e-03"
"   1";"  30";" 3.33";"  -9.732";"comprovar";" 1.811121e-03"
"   1";"  30";" 3.33";"  -9.732";"aspecto";" 1.811121e-03"
"   1";"  30";" 3.33";"  -9.732";"amplo";" 1.811121e-03"
"   8";"  67";"11.94";"  -9.698";"coronel";" 1.844283e-03"
"  18";" 113";"15.93";"  -9.695";"governador";" 1.848143e-03"
"   5";"  52";" 9.62";"  -9.683";"aplicar";" 1.859700e-03"
"   6";"  57";"10.53";"  -9.653";"recado";" 1.890815e-03"
"   3";"  41";" 7.32";"  -9.526";"linguagem";" 2.026220e-03"
"   3";"  41";" 7.32";"  -9.526";"retomar";" 2.026220e-03"
"   3";"  41";" 7.32";"  -9.526";"máximo";" 2.026220e-03"
"   3";"  41";" 7.32";"  -9.526";"antigamente";" 2.026220e-03"
"  15";"  99";"15.15";"  -9.511";"campo";" 2.042225e-03"
"  15";"  99";"15.15";"  -9.511";"histórico";" 2.042225e-03"
"  10";"  76";"13.16";"  -9.509";"conselho";" 2.044873e-03"
"   0";"  23";" 0.00";"  -9.504";"racista";" 2.050747e-03"
"   0";"  23";" 0.00";"  -9.504";"pronome";" 2.050747e-03"
"   0";"  23";" 0.00";"  -9.504";"demitir";" 2.050747e-03"
"   0";"  23";" 0.00";"  -9.504";"haddad";" 2.050747e-03"
"   0";"  23";" 0.00";"  -9.504";"racismo";" 2.050747e-03"
"   0";"  23";" 0.00";"  -9.504";"infra-estrutura";" 2.050747e-03"
"   0";"  23";" 0.00";"  -9.504";"encaminhamento";" 2.050747e-03"
"   0";"  23";" 0.00";"  -9.504";"socialista";" 2.050747e-03"
"   0";"  23";" 0.00";"  -9.504";"pagamento";" 2.050747e-03"
"   2";"  35";" 5.71";"  -9.363";"caixa";" 2.214030e-03"
"   2";"  35";" 5.71";"  -9.363";"gás";" 2.214030e-03"
"   2";"  35";" 5.71";"  -9.363";"massa";" 2.214030e-03"
"   2";"  35";" 5.71";"  -9.363";"esquerdista";" 2.214030e-03"
"   2";"  35";" 5.71";"  -9.363";"divergência";" 2.214030e-03"
"   2";"  35";" 5.71";"  -9.363";"merda";" 2.214030e-03"
"   1";"  29";" 3.45";"  -9.324";"desrespeitar";" 2.262180e-03"
"   1";"  29";" 3.45";"  -9.324";"rolar";" 2.262180e-03"
"   1";"  29";" 3.45";"  -9.324";"março";" 2.262180e-03"
"   1";"  29";" 3.45";"  -9.324";"inscrição";" 2.262180e-03"
"   1";"  29";" 3.45";"  -9.324";"valorização";" 2.262180e-03"
"   1";"  29";" 3.45";"  -9.324";"organizar";" 2.262180e-03"
"   1";"  29";" 3.45";"  -9.324";"bloco";" 2.262180e-03"
"   5";"  51";" 9.80";"  -9.315";"chefe";" 2.273190e-03"
"   5";"  51";" 9.80";"  -9.315";"comunicação";" 2.273190e-03"
"   7";"  61";"11.48";"  -9.309";"combate";" 2.280102e-03"
"  13";"  89";"14.61";"  -9.222";"diálogo";" 2.391499e-03"
"   3";"  40";" 7.50";"  -9.138";"mineiro";" 2.503073e-03"
"   3";"  40";" 7.50";"  -9.138";"narrativo";" 2.503073e-03"
"   3";"  40";" 7.50";"  -9.138";"conjunto";" 2.503073e-03"
"  75";" 343";"21.87";"  -9.093";"vender";" 2.565774e-03"
"   0";"  22";" 0.00";"  -9.090";"estuprador";" 2.570126e-03"
"   0";"  22";" 0.00";"  -9.090";"transparência";" 2.570126e-03"
"   0";"  22";" 0.00";"  -9.090";"veto";" 2.570126e-03"
"   0";"  22";" 0.00";"  -9.090";"fundeb";" 2.570126e-03"
"   0";"  22";" 0.00";"  -9.090";"fraude";" 2.570126e-03"
"   0";"  22";" 0.00";"  -9.090";"didático";" 2.570126e-03"
"   0";"  22";" 0.00";"  -9.090";"beneficiar";" 2.570126e-03"
"   0";"  22";" 0.00";"  -9.090";"implantar";" 2.570126e-03"
"   0";"  22";" 0.00";"  -9.090";"débora";" 2.570126e-03"
"   0";"  22";" 0.00";"  -9.090";"nss";" 2.570126e-03"
"   0";"  22";" 0.00";"  -9.090";"estatal";" 2.570126e-03"
"   0";"  22";" 0.00";"  -9.090";"apurar";" 2.570126e-03"
"  12";"  84";"14.29";"  -9.089";"respeitar";" 2.572185e-03"
"   9";"  70";"12.86";"  -9.087";"ódio";" 2.574344e-03"
"  35";" 183";"19.13";"  -9.082";"cabeça";" 2.581827e-03"
"   4";"  45";" 8.89";"  -9.010";"meter";" 2.685567e-03"
"   2";"  34";" 5.88";"  -8.966";"al";" 2.751145e-03"
"   5";"  50";"10.00";"  -8.948";"seminário";" 2.777419e-03"
"   6";"  55";"10.91";"  -8.936";"corrupto";" 2.796530e-03"
"   1";"  28";" 3.57";"  -8.916";"escala";" 2.826935e-03"
"   1";"  28";" 3.57";"  -8.916";"filmar";" 2.826935e-03"
"   1";"  28";" 3.57";"  -8.916";"neymar";" 2.826935e-03"
"   1";"  28";" 3.57";"  -8.916";"justificativo";" 2.826935e-03"
"   1";"  28";" 3.57";"  -8.916";"partidário";" 2.826935e-03"
"   1";"  28";" 3.57";"  -8.916";"exposição";" 2.826935e-03"
"  33";" 174";"18.97";"  -8.908";"idade";" 2.839215e-03"
"  72";" 330";"21.82";"  -8.858";"próximo";" 2.918623e-03"
"  10";"  74";"13.51";"  -8.852";"menor";" 2.927006e-03"
"  10";"  74";"13.51";"  -8.852";"falso";" 2.927006e-03"
"   9";"  69";"13.04";"  -8.754";"seguidor";" 3.089282e-03"
"   3";"  39";" 7.69";"  -8.752";"hipocrisia";" 3.091856e-03"
"   0";"  21";" 0.00";"  -8.676";"aécio";" 3.223467e-03"
"   0";"  21";" 0.00";"  -8.676";"processar";" 3.223467e-03"
"   0";"  21";" 0.00";"  -8.676";"home";" 3.223467e-03"
"   0";"  21";" 0.00";"  -8.676";"saudar";" 3.223467e-03"
"   0";"  21";" 0.00";"  -8.676";"potável";" 3.223467e-03"
"   0";"  21";" 0.00";"  -8.676";"google";" 3.223467e-03"
"   0";"  21";" 0.00";"  -8.676";"curtido";" 3.223467e-03"
"   0";"  21";" 0.00";"  -8.676";"adivinhar";" 3.223467e-03"
"   0";"  21";" 0.00";"  -8.676";"mendonça";" 3.223467e-03"
"   0";"  21";" 0.00";"  -8.676";"soviético";" 3.223467e-03"
"   0";"  21";" 0.00";"  -8.676";"prevenção";" 3.223467e-03"
"   0";"  21";" 0.00";"  -8.676";"mecanismo";" 3.223467e-03"
"   0";"  21";" 0.00";"  -8.676";"jato";" 3.223467e-03"
"   0";"  21";" 0.00";"  -8.676";"inscrito";" 3.223467e-03"
"   0";"  21";" 0.00";"  -8.676";"inclusivo";" 3.223467e-03"
"   0";"  21";" 0.00";"  -8.676";"desconto";" 3.223467e-03"
"   0";"  21";" 0.00";"  -8.676";"assistência";" 3.223467e-03"
"   0";"  21";" 0.00";"  -8.676";"sinceramente";" 3.223467e-03"
"   0";"  21";" 0.00";"  -8.676";"estratégico";" 3.223467e-03"
"   0";"  21";" 0.00";"  -8.676";"sanção";" 3.223467e-03"
"   0";"  21";" 0.00";"  -8.676";"ridículo";" 3.223467e-03"
"   0";"  21";" 0.00";"  -8.676";"regular";" 3.223467e-03"
"   0";"  21";" 0.00";"  -8.676";"regulamentação";" 3.223467e-03"
"   0";"  21";" 0.00";"  -8.676";"pacífico";" 3.223467e-03"
"   0";"  21";" 0.00";"  -8.676";"coreia";" 3.223467e-03"
"   8";"  64";"12.50";"  -8.673";"maria";" 3.230200e-03"
"   8";"  64";"12.50";"  -8.673";"bicho";" 3.230200e-03"
"   4";"  44";" 9.09";"  -8.635";"porquê";" 3.297850e-03"
"  20";" 118";"16.95";"  -8.631";"conhecimento";" 3.304830e-03"
"   5";"  49";"10.20";"  -8.584";"bahia";" 3.391938e-03"
"   6";"  54";"11.11";"  -8.580";"direto";" 3.398107e-03"
"   2";"  33";" 6.06";"  -8.569";"interferir";" 3.419143e-03"
"   2";"  33";" 6.06";"  -8.569";"consideração";" 3.419143e-03"
"   2";"  33";" 6.06";"  -8.569";"admitir";" 3.419143e-03"
"  10";"  73";"13.70";"  -8.528";"possuir";" 3.497610e-03"
"   1";"  27";" 3.70";"  -8.509";"paralelo";" 3.534500e-03"
"   1";"  27";" 3.70";"  -8.509";"tapa";" 3.534500e-03"
"   1";"  27";" 3.70";"  -8.509";"tirania";" 3.534500e-03"
"   1";"  27";" 3.70";"  -8.509";"registro";" 3.534500e-03"
"   1";"  27";" 3.70";"  -8.509";"homicídio";" 3.534500e-03"
"   1";"  27";" 3.70";"  -8.509";"colar";" 3.534500e-03"
"   1";"  27";" 3.70";"  -8.509";"proibir";" 3.534500e-03"
"  19";" 113";"16.81";"  -8.446";"mesa";" 3.657503e-03"
"   3";"  38";" 7.89";"  -8.368";"ameaça";" 3.818720e-03"
"  30";" 159";"18.87";"  -8.291";"passo";" 3.984749e-03"
"   0";"  20";" 0.00";"  -8.263";"loja";" 4.046204e-03"
"   0";"  20";" 0.00";"  -8.263";"inflação";" 4.046204e-03"
"   0";"  20";" 0.00";"  -8.263";"engolir";" 4.046204e-03"
"   0";"  20";" 0.00";"  -8.263";"torcido";" 4.046204e-03"
"   0";"  20";" 0.00";"  -8.263";"redação";" 4.046204e-03"
"   0";"  20";" 0.00";"  -8.263";"percentual";" 4.046204e-03"
"   0";"  20";" 0.00";"  -8.263";"norma";" 4.046204e-03"
"   0";"  20";" 0.00";"  -8.263";"netflix";" 4.046204e-03"
"   0";"  20";" 0.00";"  -8.263";"desproporcional";" 4.046204e-03"
"   0";"  20";" 0.00";"  -8.263";"agressão";" 4.046204e-03"
"   0";"  20";" 0.00";"  -8.263";"solidariedade";" 4.046204e-03"
"   0";"  20";" 0.00";"  -8.263";"rússia";" 4.046204e-03"
"   0";"  20";" 0.00";"  -8.263";"maurício";" 4.046204e-03"
"   0";"  20";" 0.00";"  -8.263";"ligação";" 4.046204e-03"
"   0";"  20";" 0.00";"  -8.263";"criminalizar";" 4.046204e-03"
"   0";"  20";" 0.00";"  -8.263";"condução";" 4.046204e-03"
"   0";"  20";" 0.00";"  -8.263";"salarial";" 4.046204e-03"
"   0";"  20";" 0.00";"  -8.263";"presidencial";" 4.046204e-03"
"   0";"  20";" 0.00";"  -8.263";"financiamento";" 4.046204e-03"
"   0";"  20";" 0.00";"  -8.263";"distrito";" 4.046204e-03"
"   0";"  20";" 0.00";"  -8.263";"desemprego";" 4.046204e-03"
"   0";"  20";" 0.00";"  -8.263";"censurar";" 4.046204e-03"
"  49";" 236";"20.76";"  -8.239";"presente";" 4.100761e-03"
"   5";"  48";"10.42";"  -8.221";"conferência";" 4.140400e-03"
"   5";"  48";"10.42";"  -8.221";"promover";" 4.140400e-03"
"   2";"  32";" 6.25";"  -8.174";"link";" 4.250077e-03"
"   2";"  32";" 6.25";"  -8.174";"pressionar";" 4.250077e-03"
"   1";"  26";" 3.85";"  -8.102";"pedófilo";" 4.421598e-03"
"   1";"  26";" 3.85";"  -8.102";"regulamentar";" 4.421598e-03"
"   1";"  26";" 3.85";"  -8.102";"garantido";" 4.421598e-03"
"   1";"  26";" 3.85";"  -8.102";"contribuição";" 4.421598e-03"
"   1";"  26";" 3.85";"  -8.102";"gratuito";" 4.421598e-03"
"   1";"  26";" 3.85";"  -8.102";"delegado";" 4.421598e-03"
"   9";"  67";"13.43";"  -8.095";"evento";" 4.438005e-03"
"  17";" 103";"16.50";"  -8.084";"prático";" 4.464639e-03"
"  15";"  94";"15.96";"  -8.024";"baixo";" 4.615831e-03"
"   8";"  62";"12.90";"  -8.001";"aguentar";" 4.676103e-03"
"   3";"  37";" 8.11";"  -7.985";"tecnológico";" 4.715878e-03"
"   4";"  42";" 9.52";"  -7.891";"bolsa";" 4.968031e-03"
"   4";"  42";" 9.52";"  -7.891";"tamanho";" 4.968031e-03"
"  10";"  71";"14.08";"  -7.886";"total";" 4.981224e-03"
"   6";"  52";"11.54";"  -7.877";"aliás";" 5.008027e-03"
"   0";"  19";" 0.00";"  -7.849";"conai";" 5.083477e-03"
"   0";"  19";" 0.00";"  -7.849";"colômbia";" 5.083477e-03"
"   0";"  19";" 0.00";"  -7.849";"cliente";" 5.083477e-03"
"   0";"  19";" 0.00";"  -7.849";"academia";" 5.083477e-03"
"   0";"  19";" 0.00";"  -7.849";"sargento";" 5.083477e-03"
"   0";"  19";" 0.00";"  -7.849";"entrevistar";" 5.083477e-03"
"   0";"  19";" 0.00";"  -7.849";"chocar";" 5.083477e-03"
"   0";"  19";" 0.00";"  -7.849";"baile";" 5.083477e-03"
"   0";"  19";" 0.00";"  -7.849";"urna";" 5.083477e-03"
"   0";"  19";" 0.00";"  -7.849";"derrubado";" 5.083477e-03"
"   0";"  19";" 0.00";"  -7.849";"acionar";" 5.083477e-03"
"   0";"  19";" 0.00";"  -7.849";"utilização";" 5.083477e-03"
"   0";"  19";" 0.00";"  -7.849";"premiar";" 5.083477e-03"
"   0";"  19";" 0.00";"  -7.849";"indiciar";" 5.083477e-03"
"   0";"  19";" 0.00";"  -7.849";"foro";" 5.083477e-03"
"   0";"  19";" 0.00";"  -7.849";"autoria";" 5.083477e-03"
"   0";"  19";" 0.00";"  -7.849";"mouro";" 5.083477e-03"
"   0";"  19";" 0.00";"  -7.849";"instância";" 5.083477e-03"
"   2";"  31";" 6.45";"  -7.780";"adquirir";" 5.283891e-03"
"   2";"  31";" 6.45";"  -7.780";"porcaria";" 5.283891e-03"
"   2";"  31";" 6.45";"  -7.780";"papo";" 5.283891e-03"
"   2";"  31";" 6.45";"  -7.780";"elemento";" 5.283891e-03"
"   2";"  31";" 6.45";"  -7.780";"curtir";" 5.283891e-03"
"   2";"  31";" 6.45";"  -7.780";"acusação";" 5.283891e-03"
"   9";"  66";"13.64";"  -7.770";"quantidade";" 5.312480e-03"
"  13";"  84";"15.48";"  -7.697";"comum";" 5.530492e-03"
"   1";"  25";" 4.00";"  -7.696";"sexualidade";" 5.534613e-03"
"   1";"  25";" 4.00";"  -7.696";"nazismo";" 5.534613e-03"
"   1";"  25";" 4.00";"  -7.696";"rodrigo";" 5.534613e-03"
"   1";"  25";" 4.00";"  -7.696";"pele";" 5.534613e-03"
"   1";"  25";" 4.00";"  -7.696";"estuprar";" 5.534613e-03"
"   1";"  25";" 4.00";"  -7.696";"dólar";" 5.534613e-03"
"   1";"  25";" 4.00";"  -7.696";"deficiência";" 5.534613e-03"
"   1";"  25";" 4.00";"  -7.696";"abordar";" 5.534613e-03"
"  68";" 308";"22.08";"  -7.690";"ministério";" 5.552148e-03"
" 103";" 442";"23.30";"  -7.615";"tirar";" 5.787254e-03"
"   3";"  36";" 8.33";"  -7.604";"interno";" 5.822992e-03"
"   3";"  36";" 8.33";"  -7.604";"incentivo";" 5.822992e-03"
"  10";"  70";"14.29";"  -7.570";"atual";" 5.936396e-03"
"  12";"  79";"15.19";"  -7.542";"cristianismo";" 6.026581e-03"
"  12";"  79";"15.19";"  -7.542";"encaminhar";" 6.026581e-03"
"   6";"  51";"11.76";"  -7.528";"intelectual";" 6.073619e-03"
"   4";"  41";" 9.76";"  -7.522";"pesquisar";" 6.094231e-03"
"  25";" 135";"18.52";"  -7.515";"extremamente";" 6.117791e-03"
"  15";"  92";"16.30";"  -7.447";"tranquilo";" 6.353090e-03"
"   9";"  65";"13.85";"  -7.447";"viajar";" 6.353530e-03"
"   0";"  18";" 0.00";"  -7.436";"exceção";" 6.392934e-03"
"   0";"  18";" 0.00";"  -7.436";"finalidade";" 6.392934e-03"
"   0";"  18";" 0.00";"  -7.436";"enem";" 6.392934e-03"
"   0";"  18";" 0.00";"  -7.436";"nominal";" 6.392934e-03"
"   0";"  18";" 0.00";"  -7.436";"visualização";" 6.392934e-03"
"   0";"  18";" 0.00";"  -7.436";"podcast";" 6.392934e-03"
"   0";"  18";" 0.00";"  -7.436";"correa";" 6.392934e-03"
"   0";"  18";" 0.00";"  -7.436";"obrigatoriedade";" 6.392934e-03"
"   0";"  18";" 0.00";"  -7.436";"tribuna";" 6.392934e-03"
"   0";"  18";" 0.00";"  -7.436";"picanha";" 6.392934e-03"
"   0";"  18";" 0.00";"  -7.436";"papudo";" 6.392934e-03"
"   0";"  18";" 0.00";"  -7.436";"lascar";" 6.392934e-03"
"   0";"  18";" 0.00";"  -7.436";"depoimento";" 6.392934e-03"
"   0";"  18";" 0.00";"  -7.436";"carvalho";" 6.392934e-03"
"   0";"  18";" 0.00";"  -7.436";"aplicação";" 6.392934e-03"
"   0";"  18";" 0.00";"  -7.436";"apertar";" 6.392934e-03"
"   0";"  18";" 0.00";"  -7.436";"temática";" 6.392934e-03"
"   0";"  18";" 0.00";"  -7.436";"bizarro";" 6.392934e-03"
"   0";"  18";" 0.00";"  -7.436";"benefício";" 6.392934e-03"
"   2";"  30";" 6.67";"  -7.387";"fernanda";" 6.570371e-03"
"   2";"  30";" 6.67";"  -7.387";"universitário";" 6.570371e-03"
"   2";"  30";" 6.67";"  -7.387";"influenciador";" 6.570371e-03"
"   2";"  30";" 6.67";"  -7.387";"planalto";" 6.570371e-03"
"   8";"  60";"13.33";"  -7.339";"investir";" 6.746917e-03"
"   1";"  24";" 4.17";"  -7.290";"anitta";" 6.932202e-03"
"   1";"  24";" 4.17";"  -7.290";"verificar";" 6.932202e-03"
"   1";"  24";" 4.17";"  -7.290";"passivo";" 6.932202e-03"
"   1";"  24";" 4.17";"  -7.290";"assessor";" 6.932202e-03"
"   1";"  24";" 4.17";"  -7.290";"atendimento";" 6.932202e-03"
"  20";" 113";"17.70";"  -7.284";"responsabilidade";" 6.955709e-03"
"  14";"  87";"16.09";"  -7.275";"prestar";" 6.993435e-03"
" 191";" 768";"24.87";"  -7.249";"dentro";" 7.095508e-03"
"   3";"  35";" 8.57";"  -7.225";"analisar";" 7.188863e-03"
"   3";"  35";" 8.57";"  -7.225";"nobre";" 7.188863e-03"
"   6";"  50";"12.00";"  -7.183";"adulto";" 7.360655e-03"
"   4";"  40";"10.00";"  -7.156";"fernandes";" 7.472640e-03"
"   4";"  40";"10.00";"  -7.156";"enganado";" 7.472640e-03"
"   5";"  45";"11.11";"  -7.148";"perigo";" 7.505995e-03"
"   0";"  17";" 0.00";"  -7.023";"trans";" 8.048398e-03"
"   0";"  17";" 0.00";"  -7.023";"barriga";" 8.048398e-03"
"   0";"  17";" 0.00";"  -7.023";"pacheco";" 8.048398e-03"
"   0";"  17";" 0.00";"  -7.023";"misogenia";" 8.048398e-03"
"   0";"  17";" 0.00";"  -7.023";"merenda";" 8.048398e-03"
"   0";"  17";" 0.00";"  -7.023";"categoria";" 8.048398e-03"
"   0";"  17";" 0.00";"  -7.023";"funcional";" 8.048398e-03"
"   0";"  17";" 0.00";"  -7.023";"psdb";" 8.048398e-03"
"   0";"  17";" 0.00";"  -7.023";"filósofo";" 8.048398e-03"
"   0";"  17";" 0.00";"  -7.023";"antirracista";" 8.048398e-03"
"   0";"  17";" 0.00";"  -7.023";"alfabetizado";" 8.048398e-03"
"   0";"  17";" 0.00";"  -7.023";"aderir";" 8.048398e-03"
"   0";"  17";" 0.00";"  -7.023";"republicano";" 8.048398e-03"
"   0";"  17";" 0.00";"  -7.023";"provisório";" 8.048398e-03"
"   0";"  17";" 0.00";"  -7.023";"protocolei";" 8.048398e-03"
"   0";"  17";" 0.00";"  -7.023";"prf";" 8.048398e-03"
"   0";"  17";" 0.00";"  -7.023";"orçamentário";" 8.048398e-03"
"   0";"  17";" 0.00";"  -7.023";"curricular";" 8.048398e-03"
"   0";"  17";" 0.00";"  -7.023";"tarciso";" 8.048398e-03"
"   0";"  17";" 0.00";"  -7.023";"retomada";" 8.048398e-03"
"   0";"  17";" 0.00";"  -7.023";"pedofilia";" 8.048398e-03"
"   0";"  17";" 0.00";"  -7.023";"normalidade";" 8.048398e-03"
"   0";"  17";" 0.00";"  -7.023";"integrar";" 8.048398e-03"
"   0";"  17";" 0.00";"  -7.023";"alden";" 8.048398e-03"
"   2";"  29";" 6.90";"  -6.995";"previsão";" 8.171586e-03"
"   2";"  29";" 6.90";"  -6.995";"omissão";" 8.171586e-03"
"  26";" 137";"18.98";"  -6.986";"virar";" 8.214300e-03"
"  17";"  99";"17.17";"  -6.976";"liderança";" 8.262624e-03"
"  10";"  68";"14.71";"  -6.945";"religioso";" 8.406675e-03"
"  29";" 149";"19.46";"  -6.899";"velho";" 8.625252e-03"
"   1";"  23";" 4.35";"  -6.886";"visar";" 8.688659e-03"
"   1";"  23";" 4.35";"  -6.886";"piso";" 8.688659e-03"
"   1";"  23";" 4.35";"  -6.886";"elaborar";" 8.688659e-03"
"   1";"  23";" 4.35";"  -6.886";"tratamento";" 8.688659e-03"
"   1";"  23";" 4.35";"  -6.886";"recuperar";" 8.688659e-03"
"   3";"  34";" 8.82";"  -6.848";"evidência";" 8.873500e-03"
"   6";"  49";"12.24";"  -6.840";"calma";" 8.913633e-03"
"  13";"  81";"16.05";"  -6.815";"pressão";" 9.037966e-03"
"   4";"  39";"10.26";"  -6.792";"enorme";" 9.158715e-03"
"  28";" 144";"19.44";"  -6.691";"monte";" 9.687503e-03"
"   8";"  58";"13.79";"  -6.689";"cargo";" 9.699588e-03"
"   0";"  16";" 0.00";"  -6.609";"ativismo";" 1.014470e-02"
"   0";"  16";" 0.00";"  -6.609";"pdt";" 1.014470e-02"
"   0";"  16";" 0.00";"  -6.609";"obstrução";" 1.014470e-02"
"   0";"  16";" 0.00";"  -6.609";"copa";" 1.014470e-02"
"   0";"  16";" 0.00";"  -6.609";"schooling";" 1.014470e-02"
"   0";"  16";" 0.00";"  -6.609";"russo";" 1.014470e-02"
"   0";"  16";" 0.00";"  -6.609";"rachadinha";" 1.014470e-02"
"   0";"  16";" 0.00";"  -6.609";"psol";" 1.014470e-02"
"   0";"  16";" 0.00";"  -6.609";"master";" 1.014470e-02"
"   0";"  16";" 0.00";"  -6.609";"gama";" 1.014470e-02"
"   0";"  16";" 0.00";"  -6.609";"bancar";" 1.014470e-02"
"   0";"  16";" 0.00";"  -6.609";"vigilante";" 1.014470e-02"
"   0";"  16";" 0.00";"  -6.609";"respeitoso";" 1.014470e-02"
"   0";"  16";" 0.00";"  -6.609";"marketing";" 1.014470e-02"
"   0";"  16";" 0.00";"  -6.609";"honestidade";" 1.014470e-02"
"   0";"  16";" 0.00";"  -6.609";"fofoca";" 1.014470e-02"
"   0";"  16";" 0.00";"  -6.609";"entanto";" 1.014470e-02"
"   0";"  16";" 0.00";"  -6.609";"bullying";" 1.014470e-02"
"   0";"  16";" 0.00";"  -6.609";"avenida";" 1.014470e-02"
"   0";"  16";" 0.00";"  -6.609";"meritocracia";" 1.014470e-02"
"   0";"  16";" 0.00";"  -6.609";"maré";" 1.014470e-02"
"   0";"  16";" 0.00";"  -6.609";"inicial";" 1.014470e-02"
"   0";"  16";" 0.00";"  -6.609";"franciane";" 1.014470e-02"
"   0";"  16";" 0.00";"  -6.609";"clica";" 1.014470e-02"
"   0";"  16";" 0.00";"  -6.609";"carga";" 1.014470e-02"
"   2";"  28";" 7.14";"  -6.606";"estimular";" 1.016493e-02"
"   2";"  28";" 7.14";"  -6.606";"meramente";" 1.016493e-02"
"  45";" 212";"21.23";"  -6.605";"seguir";" 1.016900e-02"
"   7";"  53";"13.21";"  -6.584";"opar";" 1.028922e-02"
"  20";" 110";"18.18";"  -6.508";"aparecer";" 1.073651e-02"
"   6";"  48";"12.50";"  -6.500";"lidar";" 1.078554e-02"
"   9";"  62";"14.52";"  -6.497";"contato";" 1.080541e-02"
"   1";"  22";" 4.55";"  -6.482";"ovo";" 1.089823e-02"
"   1";"  22";" 4.55";"  -6.482";"melhoria";" 1.089823e-02"
"   1";"  22";" 4.55";"  -6.482";"silveira";" 1.089823e-02"
"   1";"  22";" 4.55";"  -6.482";"interessar";" 1.089823e-02"
"   1";"  22";" 4.55";"  -6.482";"responsabilizar";" 1.089823e-02"
"   1";"  22";" 4.55";"  -6.482";"aposentado";" 1.089823e-02"
"   1";"  22";" 4.55";"  -6.482";"adequado";" 1.089823e-02"
"   1";"  22";" 4.55";"  -6.482";"acadêmico";" 1.089823e-02"
"   3";"  33";" 9.09";"  -6.473";"aspa";" 1.095064e-02"
"   5";"  43";"11.63";"  -6.445";"esforço";" 1.112507e-02"
"1262";"4560";"27.68";"  -6.431";"falar";" 1.121284e-02"
"   4";"  38";"10.53";"  -6.430";"participação";" 1.121975e-02"
" 453";"1707";"26.54";"  -6.371";"brasil";" 1.159887e-02"
"   8";"  57";"14.04";"  -6.369";"cadê";" 1.161285e-02"
"  25";" 130";"19.23";"  -6.304";"quebrar";" 1.204424e-02"
"  25";" 130";"19.23";"  -6.304";"bastante";" 1.204424e-02"
"   7";"  52";"13.46";"  -6.256";"excelente";" 1.237505e-02"
"  48";" 222";"21.62";"  -6.252";"imaginar";" 1.240480e-02"
"   2";"  27";" 7.41";"  -6.218";"urgência";" 1.264690e-02"
"   2";"  27";" 7.41";"  -6.218";"igualdade";" 1.264690e-02"
"   2";"  27";" 7.41";"  -6.218";"ultrapassar";" 1.264690e-02"
"   2";"  27";" 7.41";"  -6.218";"coerência";" 1.264690e-02"
"   2";"  27";" 7.41";"  -6.218";"essencial";" 1.264690e-02"
"   0";"  15";" 0.00";"  -6.196";"fuzil";" 1.280408e-02"
"   0";"  15";" 0.00";"  -6.196";"centavo";" 1.280408e-02"
"   0";"  15";" 0.00";"  -6.196";"coronavírus";" 1.280408e-02"
"   0";"  15";" 0.00";"  -6.196";"lobby";" 1.280408e-02"
"   0";"  15";" 0.00";"  -6.196";"tv";" 1.280408e-02"
"   0";"  15";" 0.00";"  -6.196";"reitor";" 1.280408e-02"
"   0";"  15";" 0.00";"  -6.196";"levantamento";" 1.280408e-02"
"   0";"  15";" 0.00";"  -6.196";"grade";" 1.280408e-02"
"   0";"  15";" 0.00";"  -6.196";"candidatura";" 1.280408e-02"
"   0";"  15";" 0.00";"  -6.196";"acatar";" 1.280408e-02"
"   0";"  15";" 0.00";"  -6.196";"tornozeleira";" 1.280408e-02"
"   0";"  15";" 0.00";"  -6.196";"promoção";" 1.280408e-02"
"   0";"  15";" 0.00";"  -6.196";"pm";" 1.280408e-02"
"   0";"  15";" 0.00";"  -6.196";"neurônio";" 1.280408e-02"
"   0";"  15";" 0.00";"  -6.196";"identificação";" 1.280408e-02"
"   0";"  15";" 0.00";"  -6.196";"francês";" 1.280408e-02"
"   0";"  15";" 0.00";"  -6.196";"dosimetria";" 1.280408e-02"
"   0";"  15";" 0.00";"  -6.196";"black";" 1.280408e-02"
"   0";"  15";" 0.00";"  -6.196";"banana";" 1.280408e-02"
"   0";"  15";" 0.00";"  -6.196";"antidemocrático";" 1.280408e-02"
"   0";"  15";" 0.00";"  -6.196";"socioeconômico";" 1.280408e-02"
"   0";"  15";" 0.00";"  -6.196";"representação";" 1.280408e-02"
"   0";"  15";" 0.00";"  -6.196";"produto";" 1.280408e-02"
"   0";"  15";" 0.00";"  -6.196";"portaria";" 1.280408e-02"
"   0";"  15";" 0.00";"  -6.196";"palanque";" 1.280408e-02"
"   0";"  15";" 0.00";"  -6.196";"mota";" 1.280408e-02"
"   0";"  15";" 0.00";"  -6.196";"guevara";" 1.280408e-02"
"   0";"  15";" 0.00";"  -6.196";"fórum";" 1.280408e-02"
"   0";"  15";" 0.00";"  -6.196";"despesa";" 1.280408e-02"
"   0";"  15";" 0.00";"  -6.196";"balela";" 1.280408e-02"
"   0";"  15";" 0.00";"  -6.196";"vincular";" 1.280408e-02"
"   0";"  15";" 0.00";"  -6.196";"nicarágua";" 1.280408e-02"
"   0";"  15";" 0.00";"  -6.196";"lua";" 1.280408e-02"
"   0";"  15";" 0.00";"  -6.196";"depredar";" 1.280408e-02"
"   0";"  15";" 0.00";"  -6.196";"debruçar";" 1.280408e-02"
"   0";"  15";" 0.00";"  -6.196";"deboche";" 1.280408e-02"
"   0";"  15";" 0.00";"  -6.196";"comparação";" 1.280408e-02"
"   0";"  15";" 0.00";"  -6.196";"chinês";" 1.280408e-02"
"   0";"  15";" 0.00";"  -6.196";"aprofundar";" 1.280408e-02"
"  17";"  96";"17.71";"  -6.174";"literalmente";" 1.296143e-02"
"  54";" 245";"22.04";"  -6.165";"realidade";" 1.302892e-02"
"   3";"  32";" 9.38";"  -6.101";"inventar";" 1.351081e-02"
"   1";"  21";" 4.76";"  -6.079";"genocídio";" 1.368070e-02"
"   1";"  21";" 4.76";"  -6.079";"voluntário";" 1.368070e-02"
"   1";"  21";" 4.76";"  -6.079";"natal";" 1.368070e-02"
"   1";"  21";" 4.76";"  -6.079";"fiscalizar";" 1.368070e-02"
"   1";"  21";" 4.76";"  -6.079";"possivelmente";" 1.368070e-02"
"   1";"  21";" 4.76";"  -6.079";"incentivar";" 1.368070e-02"
"   1";"  21";" 4.76";"  -6.079";"perda";" 1.368070e-02"
"   1";"  21";" 4.76";"  -6.079";"magno";" 1.368070e-02"
"   1";"  21";" 4.76";"  -6.079";"fumar";" 1.368070e-02"
"   1";"  21";" 4.76";"  -6.079";"carol";" 1.368070e-02"
"   1";"  21";" 4.76";"  -6.079";"referir";" 1.368070e-02"
"   1";"  21";" 4.76";"  -6.079";"pornográfico";" 1.368070e-02"
"   1";"  21";" 4.76";"  -6.079";"lógica";" 1.368070e-02"
"   4";"  37";"10.81";"  -6.072";"criticar";" 1.373731e-02"
"  12";"  74";"16.22";"  -6.068";"bastar";" 1.376623e-02"
"  15";"  87";"17.24";"  -6.057";"realizar";" 1.385515e-02"
"   9";"  60";"15.00";"  -5.880";"mero";" 1.531409e-02"
"   9";"  60";"15.00";"  -5.880";"aproveitar";" 1.531409e-02"
"  14";"  82";"17.07";"  -5.869";"conceder";" 1.541239e-02"
" 268";"1036";"25.87";"  -5.868";"bem";" 1.542224e-02"
"   2";"  26";" 7.69";"  -5.832";"extremista";" 1.573787e-02"
"   2";"  26";" 7.69";"  -5.832";"péssimo";" 1.573787e-02"
"   2";"  26";" 7.69";"  -5.832";"paula";" 1.573787e-02"
"   2";"  26";" 7.69";"  -5.832";"bomba";" 1.573787e-02"
"   6";"  46";"13.04";"  -5.831";"judiciário";" 1.574980e-02"
"   6";"  46";"13.04";"  -5.831";"claramente";" 1.574980e-02"
"  19";" 103";"18.45";"  -5.804";"posicionamento";" 1.599227e-02"
"  28";" 140";"20.00";"  -5.786";"cultura";" 1.615249e-02"
"  12";"  73";"16.44";"  -5.783";"bonito";" 1.618305e-02"
"   0";"  14";" 0.00";"  -5.783";"cátedra";" 1.618482e-02"
"   0";"  14";" 0.00";"  -5.783";"vetar";" 1.618482e-02"
"   0";"  14";" 0.00";"  -5.783";"onu";" 1.618482e-02"
"   0";"  14";" 0.00";"  -5.783";"tático";" 1.618482e-02"
"   0";"  14";" 0.00";"  -5.783";"secretária";" 1.618482e-02"
"   0";"  14";" 0.00";"  -5.783";"opor";" 1.618482e-02"
"   0";"  14";" 0.00";"  -5.783";"mussolini";" 1.618482e-02"
"   0";"  14";" 0.00";"  -5.783";"federativo";" 1.618482e-02"
"   0";"  14";" 0.00";"  -5.783";"doação";" 1.618482e-02"
"   0";"  14";" 0.00";"  -5.783";"barbosa";" 1.618482e-02"
"   0";"  14";" 0.00";"  -5.783";"autista";" 1.618482e-02"
"   0";"  14";" 0.00";"  -5.783";"tortura";" 1.618482e-02"
"   0";"  14";" 0.00";"  -5.783";"protocolamos";" 1.618482e-02"
"   0";"  14";" 0.00";"  -5.783";"prezar";" 1.618482e-02"
"   0";"  14";" 0.00";"  -5.783";"investigado";" 1.618482e-02"
"   0";"  14";" 0.00";"  -5.783";"indicado";" 1.618482e-02"
"   0";"  14";" 0.00";"  -5.783";"armamentista";" 1.618482e-02"
"   0";"  14";" 0.00";"  -5.783";"ética";" 1.618482e-02"
"   0";"  14";" 0.00";"  -5.783";"preparação";" 1.618482e-02"
"   0";"  14";" 0.00";"  -5.783";"inácio";" 1.618482e-02"
"   0";"  14";" 0.00";"  -5.783";"cpm";" 1.618482e-02"
"   0";"  14";" 0.00";"  -5.783";"bilin";" 1.618482e-02"
"   0";"  14";" 0.00";"  -5.783";"argumentar";" 1.618482e-02"
"   5";"  41";"12.20";"  -5.755";"cabelo";" 1.644110e-02"
"   3";"  31";" 9.68";"  -5.731";"órgão";" 1.666503e-02"
"   3";"  31";" 9.68";"  -5.731";"lima";" 1.666503e-02"
"   3";"  31";" 9.68";"  -5.731";"luiz";" 1.666503e-02"
"   3";"  31";" 9.68";"  -5.731";"ente";" 1.666503e-02"
"   4";"  36";"11.11";"  -5.716";"cancelar";" 1.681004e-02"
"   4";"  36";"11.11";"  -5.716";"hotel";" 1.681004e-02"
"   4";"  36";"11.11";"  -5.716";"calado";" 1.681004e-02"
"   4";"  36";"11.11";"  -5.716";"tradicional";" 1.681004e-02"
"  13";"  77";"16.88";"  -5.684";"juventude";" 1.712496e-02"
"  13";"  77";"16.88";"  -5.684";"pensamento";" 1.712496e-02"
" 605";"2238";"27.03";"  -5.682";"dar";" 1.713705e-02"
"   1";"  20";" 5.00";"  -5.677";"gay";" 1.718858e-02"
"   1";"  20";" 5.00";"  -5.677";"justificar";" 1.718858e-02"
"   1";"  20";" 5.00";"  -5.677";"válido";" 1.718858e-02"
"   1";"  20";" 5.00";"  -5.677";"judicial";" 1.718858e-02"
"   1";"  20";" 5.00";"  -5.677";"gonçalves";" 1.718858e-02"
"   1";"  20";" 5.00";"  -5.677";"flor";" 1.718858e-02"
"   1";"  20";" 5.00";"  -5.677";"bolsonarista";" 1.718858e-02"
"   1";"  20";" 5.00";"  -5.677";"novembro";" 1.718858e-02"
"   1";"  20";" 5.00";"  -5.677";"evolução";" 1.718858e-02"
"   1";"  20";" 5.00";"  -5.677";"dr";" 1.718858e-02"
"   1";"  20";" 5.00";"  -5.677";"féria";" 1.718858e-02"
"   1";"  20";" 5.00";"  -5.677";"mobilização";" 1.718858e-02"
"   7";"  50";"14.00";"  -5.611";"avião";" 1.784656e-02"
"   9";"  59";"15.25";"  -5.577";"modelo";" 1.819958e-02"
"   9";"  59";"15.25";"  -5.577";"general";" 1.819958e-02"
"  31";" 151";"20.53";"  -5.547";"atenção";" 1.851633e-02"
"  16";"  89";"17.98";"  -5.458";"termo";" 1.947871e-02"
"   2";"  25";" 8.00";"  -5.448";"facada";" 1.958797e-02"
"   2";"  25";" 8.00";"  -5.448";"articulação";" 1.958797e-02"
"   2";"  25";" 8.00";"  -5.448";"ess";" 1.958797e-02"
"  41";" 190";"21.58";"  -5.404";"apresentar";" 2.008883e-02"
"   0";"  13";" 0.00";"  -5.369";"imposição";" 2.049281e-02"
"   0";"  13";" 0.00";"  -5.369";"criminal";" 2.049281e-02"
"   0";"  13";" 0.00";"  -5.369";"louro";" 2.049281e-02"
"   0";"  13";" 0.00";"  -5.369";"precedente";" 2.049281e-02"
"   0";"  13";" 0.00";"  -5.369";"peruca";" 2.049281e-02"
"   0";"  13";" 0.00";"  -5.369";"psb";" 2.049281e-02"
"   0";"  13";" 0.00";"  -5.369";"suspender";" 2.049281e-02"
"   0";"  13";" 0.00";"  -5.369";"publicidade";" 2.049281e-02"
"   0";"  13";" 0.00";"  -5.369";"gt";" 2.049281e-02"
"   0";"  13";" 0.00";"  -5.369";"bilionário";" 2.049281e-02"
"   0";"  13";" 0.00";"  -5.369";"protocolar";" 2.049281e-02"
"   0";"  13";" 0.00";"  -5.369";"manipulação";" 2.049281e-02"
"   0";"  13";" 0.00";"  -5.369";"ideb";" 2.049281e-02"
"   0";"  13";" 0.00";"  -5.369";"financiador";" 2.049281e-02"
"   0";"  13";" 0.00";"  -5.369";"cruzeiro";" 2.049281e-02"
"   0";"  13";" 0.00";"  -5.369";"concentração";" 2.049281e-02"
"   0";"  13";" 0.00";"  -5.369";"comitê";" 2.049281e-02"
"   0";"  13";" 0.00";"  -5.369";"cinema";" 2.049281e-02"
"   0";"  13";" 0.00";"  -5.369";"suspensão";" 2.049281e-02"
"   0";"  13";" 0.00";"  -5.369";"robô";" 2.049281e-02"
"   0";"  13";" 0.00";"  -5.369";"relatoria";" 2.049281e-02"
"   0";"  13";" 0.00";"  -5.369";"proporcionalidade";" 2.049281e-02"
"   0";"  13";" 0.00";"  -5.369";"presidir";" 2.049281e-02"
"   0";"  13";" 0.00";"  -5.369";"oton";" 2.049281e-02"
"   0";"  13";" 0.00";"  -5.369";"mdb";" 2.049281e-02"
"   0";"  13";" 0.00";"  -5.369";"jupira";" 2.049281e-02"
"   0";"  13";" 0.00";"  -5.369";"excluir";" 2.049281e-02"
"   0";"  13";" 0.00";"  -5.369";"domiciliar";" 2.049281e-02"
"   0";"  13";" 0.00";"  -5.369";"contraditório";" 2.049281e-02"
"   0";"  13";" 0.00";"  -5.369";"barra";" 2.049281e-02"
"   0";"  13";" 0.00";"  -5.369";"titular";" 2.049281e-02"
"   0";"  13";" 0.00";"  -5.369";"tiktok";" 2.049281e-02"
"   0";"  13";" 0.00";"  -5.369";"silvio";" 2.049281e-02"
"   0";"  13";" 0.00";"  -5.369";"protesto";" 2.049281e-02"
"   0";"  13";" 0.00";"  -5.369";"praia";" 2.049281e-02"
"   0";"  13";" 0.00";"  -5.369";"pcdb";" 2.049281e-02"
"   0";"  13";" 0.00";"  -5.369";"naime";" 2.049281e-02"
"   0";"  13";" 0.00";"  -5.369";"manipular";" 2.049281e-02"
"   0";"  13";" 0.00";"  -5.369";"king";" 2.049281e-02"
"   0";"  13";" 0.00";"  -5.369";"irracional";" 2.049281e-02"
"   0";"  13";" 0.00";"  -5.369";"imparcial";" 2.049281e-02"
"   0";"  13";" 0.00";"  -5.369";"consultar";" 2.049281e-02"
"   0";"  13";" 0.00";"  -5.369";"competente";" 2.049281e-02"
"   0";"  13";" 0.00";"  -5.369";"cesão";" 2.049281e-02"
"   0";"  13";" 0.00";"  -5.369";"boulos";" 2.049281e-02"
"   0";"  13";" 0.00";"  -5.369";"vulnerabilidade";" 2.049281e-02"
"   0";"  13";" 0.00";"  -5.369";"tarcis";" 2.049281e-02"
"   0";"  13";" 0.00";"  -5.369";"simbólico";" 2.049281e-02"
"   0";"  13";" 0.00";"  -5.369";"procuradoria";" 2.049281e-02"
"   0";"  13";" 0.00";"  -5.369";"modificação";" 2.049281e-02"
"   0";"  13";" 0.00";"  -5.369";"misto";" 2.049281e-02"
"   0";"  13";" 0.00";"  -5.369";"metodologia";" 2.049281e-02"
"   0";"  13";" 0.00";"  -5.369";"mensalão";" 2.049281e-02"
"   0";"  13";" 0.00";"  -5.369";"manuela";" 2.049281e-02"
"   0";"  13";" 0.00";"  -5.369";"manobra";" 2.049281e-02"
"   0";"  13";" 0.00";"  -5.369";"manifestante";" 2.049281e-02"
"   0";"  13";" 0.00";"  -5.369";"malta";" 2.049281e-02"
"   0";"  13";" 0.00";"  -5.369";"inelegível";" 2.049281e-02"
"   0";"  13";" 0.00";"  -5.369";"foice";" 2.049281e-02"
"   0";"  13";" 0.00";"  -5.369";"estabelecimento";" 2.049281e-02"
"   0";"  13";" 0.00";"  -5.369";"docente";" 2.049281e-02"
"   0";"  13";" 0.00";"  -5.369";"chile";" 2.049281e-02"
"   0";"  13";" 0.00";"  -5.369";"beatriz";" 2.049281e-02"
"   0";"  13";" 0.00";"  -5.369";"apreensão";" 2.049281e-02"
"   3";"  30";"10.00";"  -5.365";"sexo";" 2.054930e-02"
"   4";"  35";"11.43";"  -5.364";"whatsapp";" 2.055706e-02"
"   4";"  35";"11.43";"  -5.364";"violento";" 2.055706e-02"
"   4";"  35";"11.43";"  -5.364";"destacar";" 2.055706e-02"
"  33";" 158";"20.89";"  -5.339";"ato";" 2.085211e-02"
"  11";"  67";"16.42";"  -5.323";"presa";" 2.104236e-02"
"   7";"  49";"14.29";"  -5.294";"figura";" 2.139670e-02"
"   1";"  19";" 5.26";"  -5.276";"concurso";" 2.161651e-02"
"   1";"  19";" 5.26";"  -5.276";"comportamento";" 2.161651e-02"
"   1";"  19";" 5.26";"  -5.276";"revolucionário";" 2.161651e-02"
"   1";"  19";" 5.26";"  -5.276";"tik";" 2.161651e-02"
"   1";"  19";" 5.26";"  -5.276";"revogar";" 2.161651e-02"
"   1";"  19";" 5.26";"  -5.276";"pintar";" 2.161651e-02"
"   1";"  19";" 5.26";"  -5.276";"desrespeito";" 2.161651e-02"
"   1";"  19";" 5.26";"  -5.276";"indústria";" 2.161651e-02"
"   1";"  19";" 5.26";"  -5.276";"ilha";" 2.161651e-02"
"   1";"  19";" 5.26";"  -5.276";"criminalidade";" 2.161651e-02"
"   1";"  19";" 5.26";"  -5.276";"banho";" 2.161651e-02"
"   1";"  19";" 5.26";"  -5.276";"ausência";" 2.161651e-02"
"   1";"  19";" 5.26";"  -5.276";"assessoria";" 2.161651e-02"
"   1";"  19";" 5.26";"  -5.276";"adesão";" 2.161651e-02"
"   1";"  19";" 5.26";"  -5.276";"itália";" 2.161651e-02"
"  53";" 236";"22.46";"  -5.267";"inteiro";" 2.173132e-02"
"  15";"  84";"17.86";"  -5.261";"normal";" 2.180534e-02"
"  15";"  84";"17.86";"  -5.261";"estrutura";" 2.180534e-02"
"  12";"  71";"16.90";"  -5.224";"bola";" 2.227904e-02"
"  16";"  88";"18.18";"  -5.202";"vergonha";" 2.255927e-02"
"   6";"  44";"13.64";"  -5.175";"alimento";" 2.290968e-02"
"  26";" 129";"20.16";"  -5.151";"ruim";" 2.322663e-02"
"   5";"  39";"12.82";"  -5.079";"disciplina";" 2.421570e-02"
"   5";"  39";"12.82";"  -5.079";"atuar";" 2.421570e-02"
"   5";"  39";"12.82";"  -5.079";"praticar";" 2.421570e-02"
"  19";" 100";"19.00";"  -5.070";"andré";" 2.434289e-02"
"   2";"  24";" 8.33";"  -5.067";"conter";" 2.438443e-02"
"   2";"  24";" 8.33";"  -5.067";"maneiro";" 2.438443e-02"
"   2";"  24";" 8.33";"  -5.067";"elogiar";" 2.438443e-02"
"   2";"  24";" 8.33";"  -5.067";"camisa";" 2.438443e-02"
"   2";"  24";" 8.33";"  -5.067";"habilidade";" 2.438443e-02"
"   2";"  24";" 8.33";"  -5.067";"doutor";" 2.438443e-02"
"   2";"  24";" 8.33";"  -5.067";"realização";" 2.438443e-02"
"  14";"  79";"17.72";"  -5.066";"brincar";" 2.440115e-02"
"   4";"  34";"11.76";"  -5.015";"controlar";" 2.512191e-02"
"   3";"  29";"10.34";"  -5.001";"pornografia";" 2.533002e-02"
"   3";"  29";"10.34";"  -5.001";"abertura";" 2.533002e-02"
"   3";"  29";"10.34";"  -5.001";"julgamento";" 2.533002e-02"
"   3";"  29";"10.34";"  -5.001";"pano";" 2.533002e-02"
"   3";"  29";"10.34";"  -5.001";"injustamente";" 2.533002e-02"
"   7";"  48";"14.58";"  -4.981";"invés";" 2.562286e-02"
"   0";"  12";" 0.00";"  -4.956";"anti";" 2.599746e-02"
"   0";"  12";" 0.00";"  -4.956";"militância";" 2.599746e-02"
"   0";"  12";" 0.00";"  -4.956";"uber";" 2.599746e-02"
"   0";"  12";" 0.00";"  -4.956";"ignorado";" 2.599746e-02"
"   0";"  12";" 0.00";"  -4.956";"retratar";" 2.599746e-02"
"   0";"  12";" 0.00";"  -4.956";"oab";" 2.599746e-02"
"   0";"  12";" 0.00";"  -4.956";"vaca";" 2.599746e-02"
"   0";"  12";" 0.00";"  -4.956";"quarentena";" 2.599746e-02"
"   0";"  12";" 0.00";"  -4.956";"hegemonia";" 2.599746e-02"
"   0";"  12";" 0.00";"  -4.956";"damares";" 2.599746e-02"
"   0";"  12";" 0.00";"  -4.956";"cerveja";" 2.599746e-02"
"   0";"  12";" 0.00";"  -4.956";"bônus";" 2.599746e-02"
"   0";"  12";" 0.00";"  -4.956";"recomendar";" 2.599746e-02"
"   0";"  12";" 0.00";"  -4.956";"pp";" 2.599746e-02"
"   0";"  12";" 0.00";"  -4.956";"pisa";" 2.599746e-02"
"   0";"  12";" 0.00";"  -4.956";"legalização";" 2.599746e-02"
"   0";"  12";" 0.00";"  -4.956";"impressão";" 2.599746e-02"
"   0";"  12";" 0.00";"  -4.956";"desigual";" 2.599746e-02"
"   0";"  12";" 0.00";"  -4.956";"alertar";" 2.599746e-02"
"   0";"  12";" 0.00";"  -4.956";"zoeira";" 2.599746e-02"
"   0";"  12";" 0.00";"  -4.956";"tolerância";" 2.599746e-02"
"   0";"  12";" 0.00";"  -4.956";"prorrogar";" 2.599746e-02"
"   0";"  12";" 0.00";"  -4.956";"petrobras";" 2.599746e-02"
"   0";"  12";" 0.00";"  -4.956";"pc";" 2.599746e-02"
"   0";"  12";" 0.00";"  -4.956";"patamar";" 2.599746e-02"
"   0";"  12";" 0.00";"  -4.956";"monitorar";" 2.599746e-02"
"   0";"  12";" 0.00";"  -4.956";"monitoramento";" 2.599746e-02"
"   0";"  12";" 0.00";"  -4.956";"meritório";" 2.599746e-02"
"   0";"  12";" 0.00";"  -4.956";"impresso";" 2.599746e-02"
"   0";"  12";" 0.00";"  -4.956";"gomes";" 2.599746e-02"
"   0";"  12";" 0.00";"  -4.956";"fichar";" 2.599746e-02"
"   0";"  12";" 0.00";"  -4.956";"emergencial";" 2.599746e-02"
"   0";"  12";" 0.00";"  -4.956";"chapa";" 2.599746e-02"
"   0";"  12";" 0.00";"  -4.956";"centrão";" 2.599746e-02"
"   0";"  12";" 0.00";"  -4.956";"assinatura";" 2.599746e-02"
"   0";"  12";" 0.00";"  -4.956";"abolição";" 2.599746e-02"
"   0";"  12";" 0.00";"  -4.956";"universalização";" 2.599746e-02"
"   0";"  12";" 0.00";"  -4.956";"tanque";" 2.599746e-02"
"   0";"  12";" 0.00";"  -4.956";"solto";" 2.599746e-02"
"   0";"  12";" 0.00";"  -4.956";"seriado";" 2.599746e-02"
"   0";"  12";" 0.00";"  -4.956";"razoável";" 2.599746e-02"
"   0";"  12";" 0.00";"  -4.956";"porteiro";" 2.599746e-02"
"   0";"  12";" 0.00";"  -4.956";"marino";" 2.599746e-02"
"   0";"  12";" 0.00";"  -4.956";"leitor";" 2.599746e-02"
"   0";"  12";" 0.00";"  -4.956";"jordi";" 2.599746e-02"
"   0";"  12";" 0.00";"  -4.956";"integrante";" 2.599746e-02"
"   0";"  12";" 0.00";"  -4.956";"impunidade";" 2.599746e-02"
"   0";"  12";" 0.00";"  -4.956";"gasolina";" 2.599746e-02"
"   0";"  12";" 0.00";"  -4.956";"formal";" 2.599746e-02"
"   0";"  12";" 0.00";"  -4.956";"fnd";" 2.599746e-02"
"   0";"  12";" 0.00";"  -4.956";"falácia";" 2.599746e-02"
"   0";"  12";" 0.00";"  -4.956";"evidentemente";" 2.599746e-02"
"   0";"  12";" 0.00";"  -4.956";"bolsonarismo";" 2.599746e-02"
"   0";"  12";" 0.00";"  -4.956";"bancário";" 2.599746e-02"
"   0";"  12";" 0.00";"  -4.956";"analfabetismo";" 2.599746e-02"
"   0";"  12";" 0.00";"  -4.956";"acerto";" 2.599746e-02"
"  16";"  87";"18.39";"  -4.950";"droga";" 2.609216e-02"
"  45";" 203";"22.17";"  -4.921";"arma";" 2.652849e-02"
"   1";"  18";" 5.56";"  -4.877";"carnaval";" 2.721354e-02"
"   1";"  18";" 5.56";"  -4.877";"protocolo";" 2.721354e-02"
"   1";"  18";" 5.56";"  -4.877";"freire";" 2.721354e-02"
"   1";"  18";" 5.56";"  -4.877";"saneamento";" 2.721354e-02"
"   1";"  18";" 5.56";"  -4.877";"dezembro";" 2.721354e-02"
"   1";"  18";" 5.56";"  -4.877";"pobreza";" 2.721354e-02"
"   1";"  18";" 5.56";"  -4.877";"maio";" 2.721354e-02"
"   1";"  18";" 5.56";"  -4.877";"exame";" 2.721354e-02"
"   1";"  18";" 5.56";"  -4.877";"analfabeto";" 2.721354e-02"
"   1";"  18";" 5.56";"  -4.877";"documentário";" 2.721354e-02"
"   1";"  18";" 5.56";"  -4.877";"cola";" 2.721354e-02"
"   1";"  18";" 5.56";"  -4.877";"zinho";" 2.721354e-02"
"   1";"  18";" 5.56";"  -4.877";"batom";" 2.721354e-02"
"   1";"  18";" 5.56";"  -4.877";"ribeiro";" 2.721354e-02"
"   1";"  18";" 5.56";"  -4.877";"relacionado";" 2.721354e-02"
"   1";"  18";" 5.56";"  -4.877";"carteira";" 2.721354e-02"
"   8";"  52";"15.38";"  -4.822";"posto";" 2.809100e-02"
"   8";"  52";"15.38";"  -4.822";"recentemente";" 2.809100e-02"
"  36";" 167";"21.56";"  -4.773";"medo";" 2.890927e-02"
"  11";"  65";"16.92";"  -4.764";"expor";" 2.905337e-02"
"   5";"  38";"13.16";"  -4.747";"brincadeira";" 2.934675e-02"
"   9";"  56";"16.07";"  -4.691";"provar";" 3.031496e-02"
"   2";"  23";" 8.70";"  -4.689";"livraria";" 3.036075e-02"
"   2";"  23";" 8.70";"  -4.689";"objeto";" 3.036075e-02"
"   2";"  23";" 8.70";"  -4.689";"companheiro";" 3.036075e-02"
"   2";"  23";" 8.70";"  -4.689";"armar";" 3.036075e-02"
"   2";"  23";" 8.70";"  -4.689";"aplicativo";" 3.036075e-02"
"   2";"  23";" 8.70";"  -4.689";"diferentemente";" 3.036075e-02"
"   2";"  23";" 8.70";"  -4.689";"prejuízo";" 3.036075e-02"
"   4";"  33";"12.12";"  -4.671";"identificar";" 3.067712e-02"
"   4";"  33";"12.12";"  -4.671";"adotar";" 3.067712e-02"
"   4";"  33";"12.12";"  -4.671";"efetivo";" 3.067712e-02"
"  17";"  90";"18.89";"  -4.661";"principal";" 3.085666e-02"
"   3";"  28";"10.71";"  -4.641";"troca";" 3.121039e-02"
"   0";"  11";" 0.00";"  -4.543";"competir";" 3.305381e-02"
"   0";"  11";" 0.00";"  -4.543";"cefet";" 3.305381e-02"
"   0";"  11";" 0.00";"  -4.543";"regimentalmente";" 3.305381e-02"
"   0";"  11";" 0.00";"  -4.543";"porte";" 3.305381e-02"
"   0";"  11";" 0.00";"  -4.543";"molhado";" 3.305381e-02"
"   0";"  11";" 0.00";"  -4.543";"lacrolândia";" 3.305381e-02"
"   0";"  11";" 0.00";"  -4.543";"gênio";" 3.305381e-02"
"   0";"  11";" 0.00";"  -4.543";"vacinar";" 3.305381e-02"
"   0";"  11";" 0.00";"  -4.543";"pagador";" 3.305381e-02"
"   0";"  11";" 0.00";"  -4.543";"montar";" 3.305381e-02"
"   0";"  11";" 0.00";"  -4.543";"marcelo";" 3.305381e-02"
"   0";"  11";" 0.00";"  -4.543";"lacração";" 3.305381e-02"
"   0";"  11";" 0.00";"  -4.543";"desempregado";" 3.305381e-02"
"   0";"  11";" 0.00";"  -4.543";"canalha";" 3.305381e-02"
"   0";"  11";" 0.00";"  -4.543";"averiguar";" 3.305381e-02"
"   0";"  11";" 0.00";"  -4.543";"assessorar";" 3.305381e-02"
"   0";"  11";" 0.00";"  -4.543";"vigência";" 3.305381e-02"
"   0";"  11";" 0.00";"  -4.543";"tadeu";" 3.305381e-02"
"   0";"  11";" 0.00";"  -4.543";"sus";" 3.305381e-02"
"   0";"  11";" 0.00";"  -4.543";"preventivo";" 3.305381e-02"
"   0";"  11";" 0.00";"  -4.543";"ponderação";" 3.305381e-02"
"   0";"  11";" 0.00";"  -4.543";"palhaçada";" 3.305381e-02"
"   0";"  11";" 0.00";"  -4.543";"olímpico";" 3.305381e-02"
"   0";"  11";" 0.00";"  -4.543";"mané";" 3.305381e-02"
"   0";"  11";" 0.00";"  -4.543";"luxo";" 3.305381e-02"
"   0";"  11";" 0.00";"  -4.543";"inaceitável";" 3.305381e-02"
"   0";"  11";" 0.00";"  -4.543";"gradual";" 3.305381e-02"
"   0";"  11";" 0.00";"  -4.543";"consenso";" 3.305381e-02"
"   0";"  11";" 0.00";"  -4.543";"coca";" 3.305381e-02"
"   0";"  11";" 0.00";"  -4.543";"adequação";" 3.305381e-02"
"   0";"  11";" 0.00";"  -4.543";"acompanhamento";" 3.305381e-02"
"   0";"  11";" 0.00";"  -4.543";"universalizar";" 3.305381e-02"
"   0";"  11";" 0.00";"  -4.543";"uai";" 3.305381e-02"
"   0";"  11";" 0.00";"  -4.543";"transferir";" 3.305381e-02"
"   0";"  11";" 0.00";"  -4.543";"reiterar";" 3.305381e-02"
"   0";"  11";" 0.00";"  -4.543";"react";" 3.305381e-02"
"   0";"  11";" 0.00";"  -4.543";"provocação";" 3.305381e-02"
"   0";"  11";" 0.00";"  -4.543";"privilegiado";" 3.305381e-02"
"   0";"  11";" 0.00";"  -4.543";"normalizar";" 3.305381e-02"
"   0";"  11";" 0.00";"  -4.543";"monopólio";" 3.305381e-02"
"   0";"  11";" 0.00";"  -4.543";"moeda";" 3.305381e-02"
"   0";"  11";" 0.00";"  -4.543";"insegurança";" 3.305381e-02"
"   0";"  11";" 0.00";"  -4.543";"indevido";" 3.305381e-02"
"   0";"  11";" 0.00";"  -4.543";"incluído";" 3.305381e-02"
"   0";"  11";" 0.00";"  -4.543";"hitler";" 3.305381e-02"
"   0";"  11";" 0.00";"  -4.543";"historicamente";" 3.305381e-02"
"   0";"  11";" 0.00";"  -4.543";"hashtag";" 3.305381e-02"
"   0";"  11";" 0.00";"  -4.543";"exclusão";" 3.305381e-02"
"   0";"  11";" 0.00";"  -4.543";"estruturar";" 3.305381e-02"
"   0";"  11";" 0.00";"  -4.543";"escopo";" 3.305381e-02"
"   0";"  11";" 0.00";"  -4.543";"esclarecido";" 3.305381e-02"
"   0";"  11";" 0.00";"  -4.543";"ditatorial";" 3.305381e-02"
"   0";"  11";" 0.00";"  -4.543";"contradizer";" 3.305381e-02"
"   0";"  11";" 0.00";"  -4.543";"cofre";" 3.305381e-02"
"   0";"  11";" 0.00";"  -4.543";"atrasado";" 3.305381e-02"
"   0";"  11";" 0.00";"  -4.543";"ampliação";" 3.305381e-02"
"   6";"  42";"14.29";"  -4.537";"afirmar";" 3.317741e-02"
"   8";"  51";"15.69";"  -4.526";"data";" 3.339247e-02"
"   8";"  51";"15.69";"  -4.526";"devido";" 3.339247e-02"
"   8";"  51";"15.69";"  -4.526";"demonstrar";" 3.339247e-02"
"  24";" 118";"20.34";"  -4.521";"livre";" 3.348342e-02"
"  11";"  64";"17.19";"  -4.491";"trocar";" 3.406619e-02"
"   1";"  17";" 5.88";"  -4.480";"definição";" 3.429913e-02"
"   1";"  17";" 5.88";"  -4.480";"chato";" 3.429913e-02"
"   1";"  17";" 5.88";"  -4.480";"pix";" 3.429913e-02"
"   1";"  17";" 5.88";"  -4.480";"franco";" 3.429913e-02"
"   1";"  17";" 5.88";"  -4.480";"gol";" 3.429913e-02"
"   1";"  17";" 5.88";"  -4.480";"marcha";" 3.429913e-02"
"   1";"  17";" 5.88";"  -4.480";"júlia";" 3.429913e-02"
"   1";"  17";" 5.88";"  -4.480";"legalizar";" 3.429913e-02"
"   1";"  17";" 5.88";"  -4.480";"assassinato";" 3.429913e-02"
"   1";"  17";" 5.88";"  -4.480";"químico";" 3.429913e-02"
"   1";"  17";" 5.88";"  -4.480";"luís";" 3.429913e-02"
"   1";"  17";" 5.88";"  -4.480";"existente";" 3.429913e-02"
"   1";"  17";" 5.88";"  -4.480";"evidente";" 3.429913e-02"
"   1";"  17";" 5.88";"  -4.480";"computador";" 3.429913e-02"
"   1";"  17";" 5.88";"  -4.480";"buraco";" 3.429913e-02"
"   1";"  17";" 5.88";"  -4.480";"suposto";" 3.429913e-02"
"   1";"  17";" 5.88";"  -4.480";"andamento";" 3.429913e-02"
"  53";" 231";"22.94";"  -4.440";"apenas";" 3.510483e-02"
"   5";"  37";"13.51";"  -4.420";"somar";" 3.552758e-02"
"   5";"  37";"13.51";"  -4.420";"dedo";" 3.552758e-02"
"  57";" 246";"23.17";"  -4.395";"processo";" 3.604104e-02"
"   7";"  46";"15.22";"  -4.369";"enganar";" 3.660417e-02"
"   4";"  32";"12.50";"  -4.331";"central";" 3.742951e-02"
"   4";"  32";"12.50";"  -4.331";"mencionar";" 3.742951e-02"
"   4";"  32";"12.50";"  -4.331";"tela";" 3.742951e-02"
"   4";"  32";"12.50";"  -4.331";"reforçar";" 3.742951e-02"
"   2";"  22";" 9.09";"  -4.314";"licença";" 3.780807e-02"
"   2";"  22";" 9.09";"  -4.314";"ativista";" 3.780807e-02"
"   2";"  22";" 9.09";"  -4.314";"símbolo";" 3.780807e-02"
"   2";"  22";" 9.09";"  -4.314";"diversidade";" 3.780807e-02"
"  10";"  59";"16.95";"  -4.305";"português";" 3.799395e-02"
"   3";"  27";"11.11";"  -4.286";"roda";" 3.843817e-02"
"   3";"  27";"11.11";"  -4.286";"senso";" 3.843817e-02"
"   3";"  27";"11.11";"  -4.286";"defeito";" 3.843817e-02"
"   3";"  27";"11.11";"  -4.286";"dignidade";" 3.843817e-02"
"   3";"  27";"11.11";"  -4.286";"tecnologia";" 3.843817e-02"
"   6";"  41";"14.63";"  -4.224";"café";" 3.985203e-02"
"   6";"  41";"14.63";"  -4.224";"caber";" 3.985203e-02"
"  18";"  92";"19.57";"  -4.161";"avançar";" 4.135522e-02"
"  12";"  67";"17.91";"  -4.154";"preço";" 4.152765e-02"
"  19";"  96";"19.79";"  -4.142";"pronto";" 4.183968e-02"
"  41";" 183";"22.40";"  -4.140";"tender";" 4.188116e-02"
"   0";"  10";" 0.00";"  -4.130";"feminino";" 4.213370e-02"
"   0";"  10";" 0.00";"  -4.130";"palco";" 4.213370e-02"
"   0";"  10";" 0.00";"  -4.130";"cota";" 4.213370e-02"
"   0";"  10";" 0.00";"  -4.130";"pichação";" 4.213370e-02"
"   0";"  10";" 0.00";"  -4.130";"minuta";" 4.213370e-02"
"   0";"  10";" 0.00";"  -4.130";"mariele";" 4.213370e-02"
"   0";"  10";" 0.00";"  -4.130";"táxi";" 4.213370e-02"
"   0";"  10";" 0.00";"  -4.130";"suplente";" 4.213370e-02"
"   0";"  10";" 0.00";"  -4.130";"representatividade";" 4.213370e-02"
"   0";"  10";" 0.00";"  -4.130";"poste";" 4.213370e-02"
"   0";"  10";" 0.00";"  -4.130";"forçar";" 4.213370e-02"
"   0";"  10";" 0.00";"  -4.130";"artístico";" 4.213370e-02"
"   0";"  10";" 0.00";"  -4.130";"telegram";" 4.213370e-02"
"   0";"  10";" 0.00";"  -4.130";"primário";" 4.213370e-02"
"   0";"  10";" 0.00";"  -4.130";"porrada";" 4.213370e-02"
"   0";"  10";" 0.00";"  -4.130";"porcento";" 4.213370e-02"
"   0";"  10";" 0.00";"  -4.130";"moradia";" 4.213370e-02"
"   0";"  10";" 0.00";"  -4.130";"justin";" 4.213370e-02"
"   0";"  10";" 0.00";"  -4.130";"jandira";" 4.213370e-02"
"   0";"  10";" 0.00";"  -4.130";"irresponsável";" 4.213370e-02"
"   0";"  10";" 0.00";"  -4.130";"instaurar";" 4.213370e-02"
"   0";"  10";" 0.00";"  -4.130";"fotógrafo";" 4.213370e-02"
"   0";"  10";" 0.00";"  -4.130";"flamengo";" 4.213370e-02"
"   0";"  10";" 0.00";"  -4.130";"bieber";" 4.213370e-02"
"   0";"  10";" 0.00";"  -4.130";"besteira";" 4.213370e-02"
"   0";"  10";" 0.00";"  -4.130";"atleta";" 4.213370e-02"
"   0";"  10";" 0.00";"  -4.130";"atar";" 4.213370e-02"
"   0";"  10";" 0.00";"  -4.130";"reimon";" 4.213370e-02"
"   0";"  10";" 0.00";"  -4.130";"prioritário";" 4.213370e-02"
"   0";"  10";" 0.00";"  -4.130";"prestação";" 4.213370e-02"
"   0";"  10";" 0.00";"  -4.130";"pedagogia";" 4.213370e-02"
"   0";"  10";" 0.00";"  -4.130";"ocorrência";" 4.213370e-02"
"   0";"  10";" 0.00";"  -4.130";"ocde";" 4.213370e-02"
"   0";"  10";" 0.00";"  -4.130";"munição";" 4.213370e-02"
"   0";"  10";" 0.00";"  -4.130";"magistério";" 4.213370e-02"
"   0";"  10";" 0.00";"  -4.130";"intolerância";" 4.213370e-02"
"   0";"  10";" 0.00";"  -4.130";"incorporar";" 4.213370e-02"
"   0";"  10";" 0.00";"  -4.130";"imaginário";" 4.213370e-02"
"   0";"  10";" 0.00";"  -4.130";"gaer";" 4.213370e-02"
"   0";"  10";" 0.00";"  -4.130";"federado";" 4.213370e-02"
"   0";"  10";" 0.00";"  -4.130";"distanciamento";" 4.213370e-02"
"   0";"  10";" 0.00";"  -4.130";"demissão";" 4.213370e-02"
"   0";"  10";" 0.00";"  -4.130";"defensoria";" 4.213370e-02"
"   0";"  10";" 0.00";"  -4.130";"custódia";" 4.213370e-02"
"   0";"  10";" 0.00";"  -4.130";"crítico";" 4.213370e-02"
"   0";"  10";" 0.00";"  -4.130";"comandante";" 4.213370e-02"
"   0";"  10";" 0.00";"  -4.130";"cavalcante";" 4.213370e-02"
"   0";"  10";" 0.00";"  -4.130";"cadastro";" 4.213370e-02"
"   0";"  10";" 0.00";"  -4.130";"boi";" 4.213370e-02"
"   0";"  10";" 0.00";"  -4.130";"baderneiro";" 4.213370e-02"
"   0";"  10";" 0.00";"  -4.130";"arrecadar";" 4.213370e-02"
"   0";"  10";" 0.00";"  -4.130";"apuração";" 4.213370e-02"
"   0";"  10";" 0.00";"  -4.130";"val";" 4.213370e-02"
"   0";"  10";" 0.00";"  -4.130";"totalitário";" 4.213370e-02"
"   0";"  10";" 0.00";"  -4.130";"teológico";" 4.213370e-02"
"   0";"  10";" 0.00";"  -4.130";"supor";" 4.213370e-02"
"   0";"  10";" 0.00";"  -4.130";"solucionar";" 4.213370e-02"
"   0";"  10";" 0.00";"  -4.130";"proibição";" 4.213370e-02"
"   0";"  10";" 0.00";"  -4.130";"prerrogativa";" 4.213370e-02"
"   0";"  10";" 0.00";"  -4.130";"pdde";" 4.213370e-02"
"   0";"  10";" 0.00";"  -4.130";"papa";" 4.213370e-02"
"   0";"  10";" 0.00";"  -4.130";"nunes";" 4.213370e-02"
"   0";"  10";" 0.00";"  -4.130";"nando";" 4.213370e-02"
"   0";"  10";" 0.00";"  -4.130";"musk";" 4.213370e-02"
"   0";"  10";" 0.00";"  -4.130";"mgi";" 4.213370e-02"
"   0";"  10";" 0.00";"  -4.130";"joia";" 4.213370e-02"
"   0";"  10";" 0.00";"  -4.130";"grama";" 4.213370e-02"
"   0";"  10";" 0.00";"  -4.130";"governança";" 4.213370e-02"
"   0";"  10";" 0.00";"  -4.130";"filosófico";" 4.213370e-02"
"   0";"  10";" 0.00";"  -4.130";"fi";" 4.213370e-02"
"   0";"  10";" 0.00";"  -4.130";"fazenda";" 4.213370e-02"
"   0";"  10";" 0.00";"  -4.130";"dório";" 4.213370e-02"
"   0";"  10";" 0.00";"  -4.130";"doutrinar";" 4.213370e-02"
"   0";"  10";" 0.00";"  -4.130";"desinformação";" 4.213370e-02"
"   0";"  10";" 0.00";"  -4.130";"criminalização";" 4.213370e-02"
"   0";"  10";" 0.00";"  -4.130";"cocaína";" 4.213370e-02"
"   0";"  10";" 0.00";"  -4.130";"caraca";" 4.213370e-02"
"   0";"  10";" 0.00";"  -4.130";"alternativo";" 4.213370e-02"
"   5";"  36";"13.89";"  -4.097";"emprego";" 4.296118e-02"
"   1";"  16";" 6.25";"  -4.084";"proibido";" 4.328448e-02"
"   1";"  16";" 6.25";"  -4.084";"movimentação";" 4.328448e-02"
"   1";"  16";" 6.25";"  -4.084";"horrível";" 4.328448e-02"
"   1";"  16";" 6.25";"  -4.084";"faca";" 4.328448e-02"
"   1";"  16";" 6.25";"  -4.084";"explicação";" 4.328448e-02"
"   1";"  16";" 6.25";"  -4.084";"vidro";" 4.328448e-02"
"   1";"  16";" 6.25";"  -4.084";"reportagem";" 4.328448e-02"
"   1";"  16";" 6.25";"  -4.084";"mauro";" 4.328448e-02"
"   1";"  16";" 6.25";"  -4.084";"lira";" 4.328448e-02"
" 214";" 821";"26.07";"  -4.082";"tô";" 4.333273e-02"
"   7";"  45";"15.56";"  -4.070";"convocação";" 4.366008e-02"
"   7";"  45";"15.56";"  -4.070";"valorizar";" 4.366008e-02"
"  14";"  75";"18.67";"  -4.051";"focar";" 4.415678e-02"
"  76";" 315";"24.13";"  -4.000";"sentido";" 4.549190e-02"
"   4";"  31";"12.90";"  -3.995";"chance";" 4.562623e-02"
"   4";"  31";"12.90";"  -3.995";"via";" 4.562623e-02"
"   2";"  21";" 9.52";"  -3.942";"like";" 4.708925e-02"
"   2";"  21";" 9.52";"  -3.942";"propriedade";" 4.708925e-02"
"   2";"  21";" 9.52";"  -3.942";"conclusão";" 4.708925e-02"
"   2";"  21";" 9.52";"  -3.942";"radical";" 4.708925e-02"
"   2";"  21";" 9.52";"  -3.942";"presídio";" 4.708925e-02"
"   2";"  21";" 9.52";"  -3.942";"venda";" 4.708925e-02"
"   2";"  21";" 9.52";"  -3.942";"lava";" 4.708925e-02"
"   2";"  21";" 9.52";"  -3.942";"esporte";" 4.708925e-02"
"   2";"  21";" 9.52";"  -3.942";"desculpar";" 4.708925e-02"
"   2";"  21";" 9.52";"  -3.942";"concepção";" 4.708925e-02"
"   2";"  21";" 9.52";"  -3.942";"burro";" 4.708925e-02"
"   2";"  21";" 9.52";"  -3.942";"bala";" 4.708925e-02"
"   2";"  21";" 9.52";"  -3.942";"efetivamente";" 4.708925e-02"
"   2";"  21";" 9.52";"  -3.942";"curioso";" 4.708925e-02"
"   3";"  26";"11.54";"  -3.934";"lixo";" 4.731472e-02"
"   3";"  26";"11.54";"  -3.934";"associação";" 4.731472e-02"
"   3";"  26";"11.54";"  -3.934";"tr";" 4.731472e-02"
"   3";"  26";"11.54";"  -3.934";"imediatamente";" 4.731472e-02"
"   3";"  26";"11.54";"  -3.934";"recente";" 4.731472e-02"
"  27";" 127";"21.26";"  -3.910";"nível";" 4.798992e-02"
"  12";"  66";"18.18";"  -3.898";"escolha";" 4.833940e-02"
"  13";"  70";"18.57";"  -3.848";"produzir";" 4.979667e-02"
"  35";" 158";"22.15";"  -3.840";"paraa";" 5.003470e-02"
" 977";"3510";"27.83";"  -3.787";"pessoa";" 5.166661e-02"
"   5";"  35";"14.29";"  -3.779";"piada";" 5.188606e-02"
"   7";"  44";"15.91";"  -3.776";"avisar";" 5.199841e-02"
"  30";" 138";"21.74";"  -3.754";"perseguir";" 5.266910e-02"
"  16";"  82";"19.51";"  -3.748";"comentar";" 5.285747e-02"
"  27";" 126";"21.43";"  -3.717";"menina";" 5.387191e-02"
"   0";"   9";" 0.00";"  -3.717";"biológico";" 5.387095e-02"
"   0";"   9";" 0.00";"  -3.717";"predador";" 5.387095e-02"
"   0";"   9";" 0.00";"  -3.717";"verba";" 5.387095e-02"
"   0";"   9";" 0.00";"  -3.717";"adesivo";" 5.387095e-02"
"   0";"   9";" 0.00";"  -3.717";"ocupação";" 5.387095e-02"
"   0";"   9";" 0.00";"  -3.717";"missa";" 5.387095e-02"
"   0";"   9";" 0.00";"  -3.717";"sbt";" 5.387095e-02"
"   0";"   9";" 0.00";"  -3.717";"postagem";" 5.387095e-02"
"   0";"   9";" 0.00";"  -3.717";"poesia";" 5.387095e-02"
"   0";"   9";" 0.00";"  -3.717";"zap";" 5.387095e-02"
"   0";"   9";" 0.00";"  -3.717";"sobral";" 5.387095e-02"
"   0";"   9";" 0.00";"  -3.717";"repor";" 5.387095e-02"
"   0";"   9";" 0.00";"  -3.717";"renan";" 5.387095e-02"
"   0";"   9";" 0.00";"  -3.717";"relativizar";" 5.387095e-02"
"   0";"   9";" 0.00";"  -3.717";"pingo";" 5.387095e-02"
"   0";"   9";" 0.00";"  -3.717";"elevador";" 5.387095e-02"
"   0";"   9";" 0.00";"  -3.717";"climático";" 5.387095e-02"
"   0";"   9";" 0.00";"  -3.717";"baderna";" 5.387095e-02"
"   0";"   9";" 0.00";"  -3.717";"violação";" 5.387095e-02"
"   0";"   9";" 0.00";"  -3.717";"videozinho";" 5.387095e-02"
"   0";"   9";" 0.00";"  -3.717";"unissex";" 5.387095e-02"
"   0";"   9";" 0.00";"  -3.717";"treta";" 5.387095e-02"
"   0";"   9";" 0.00";"  -3.717";"tese";" 5.387095e-02"
"   0";"   9";" 0.00";"  -3.717";"sâmia";" 5.387095e-02"
"   0";"   9";" 0.00";"  -3.717";"rosário";" 5.387095e-02"
"   0";"   9";" 0.00";"  -3.717";"repudiar";" 5.387095e-02"
"   0";"   9";" 0.00";"  -3.717";"recorte";" 5.387095e-02"
"   0";"   9";" 0.00";"  -3.717";"pasta";" 5.387095e-02"
"   0";"   9";" 0.00";"  -3.717";"mentor";" 5.387095e-02"
"   0";"   9";" 0.00";"  -3.717";"luciana";" 5.387095e-02"
"   0";"   9";" 0.00";"  -3.717";"letivo";" 5.387095e-02"
"   0";"   9";" 0.00";"  -3.717";"lazer";" 5.387095e-02"
"   0";"   9";" 0.00";"  -3.717";"lacrar";" 5.387095e-02"
"   0";"   9";" 0.00";"  -3.717";"laboratório";" 5.387095e-02"
"   0";"   9";" 0.00";"  -3.717";"japão";" 5.387095e-02"
"   0";"   9";" 0.00";"  -3.717";"injetar";" 5.387095e-02"
"   0";"   9";" 0.00";"  -3.717";"incompetente";" 5.387095e-02"
"   0";"   9";" 0.00";"  -3.717";"gsi";" 5.387095e-02"
"   0";"   9";" 0.00";"  -3.717";"flagrante";" 5.387095e-02"
"   0";"   9";" 0.00";"  -3.717";"fiscalização";" 5.387095e-02"
"   0";"   9";" 0.00";"  -3.717";"excepcional";" 5.387095e-02"
"   0";"   9";" 0.00";"  -3.717";"espanha";" 5.387095e-02"
"   0";"   9";" 0.00";"  -3.717";"escalar";" 5.387095e-02"
"   0";"   9";" 0.00";"  -3.717";"disputar";" 5.387095e-02"
"   0";"   9";" 0.00";"  -3.717";"diferenciar";" 5.387095e-02"
"   0";"   9";" 0.00";"  -3.717";"criativo";" 5.387095e-02"
"   0";"   9";" 0.00";"  -3.717";"calendário";" 5.387095e-02"
"   0";"   9";" 0.00";"  -3.717";"cagar";" 5.387095e-02"
"   0";"   9";" 0.00";"  -3.717";"biblioteca";" 5.387095e-02"
"   0";"   9";" 0.00";"  -3.717";"atualizar";" 5.387095e-02"
"   0";"   9";" 0.00";"  -3.717";"alencar";" 5.387095e-02"
"   0";"   9";" 0.00";"  -3.717";"adequar";" 5.387095e-02"
"   0";"   9";" 0.00";"  -3.717";"vigente";" 5.387095e-02"
"   0";"   9";" 0.00";"  -3.717";"vazar";" 5.387095e-02"
"   0";"   9";" 0.00";"  -3.717";"trs";" 5.387095e-02"
"   0";"   9";" 0.00";"  -3.717";"trabalhista";" 5.387095e-02"
"   0";"   9";" 0.00";"  -3.717";"teams";" 5.387095e-02"
"   0";"   9";" 0.00";"  -3.717";"supressão";" 5.387095e-02"
"   0";"   9";" 0.00";"  -3.717";"subjetivo";" 5.387095e-02"
"   0";"   9";" 0.00";"  -3.717";"soraia";" 5.387095e-02"
"   0";"   9";" 0.00";"  -3.717";"sociologia";" 5.387095e-02"
"   0";"   9";" 0.00";"  -3.717";"senora";" 5.387095e-02"
"   0";"   9";" 0.00";"  -3.717";"réu";" 5.387095e-02"
"   0";"   9";" 0.00";"  -3.717";"rota";" 5.387095e-02"
"   0";"   9";" 0.00";"  -3.717";"repú";" 5.387095e-02"
"   0";"   9";" 0.00";"  -3.717";"reputação";" 5.387095e-02"
"   0";"   9";" 0.00";"  -3.717";"recuperação";" 5.387095e-02"
"   0";"   9";" 0.00";"  -3.717";"profissionalizante";" 5.387095e-02"
"   0";"   9";" 0.00";"  -3.717";"priorizar";" 5.387095e-02"
"   0";"   9";" 0.00";"  -3.717";"possibilitar";" 5.387095e-02"
"   0";"   9";" 0.00";"  -3.717";"patrimonial";" 5.387095e-02"
"   0";"   9";" 0.00";"  -3.717";"parcialidade";" 5.387095e-02"
"   0";"   9";" 0.00";"  -3.717";"pacificação";" 5.387095e-02"
"   0";"   9";" 0.00";"  -3.717";"ortega";" 5.387095e-02"
"   0";"   9";" 0.00";"  -3.717";"nieto";" 5.387095e-02"
"   0";"   9";" 0.00";"  -3.717";"ner";" 5.387095e-02"
"   0";"   9";" 0.00";"  -3.717";"modalidade";" 5.387095e-02"
"   0";"   9";" 0.00";"  -3.717";"metal";" 5.387095e-02"
"   0";"   9";" 0.00";"  -3.717";"kisai";" 5.387095e-02"
"   0";"   9";" 0.00";"  -3.717";"ismael";" 5.387095e-02"
"   0";"   9";" 0.00";"  -3.717";"institucional";" 5.387095e-02"
"   0";"   9";" 0.00";"  -3.717";"indy";" 5.387095e-02"
"   0";"   9";" 0.00";"  -3.717";"independentemente";" 5.387095e-02"
"   0";"   9";" 0.00";"  -3.717";"inconstitucional";" 5.387095e-02"
"   0";"   9";" 0.00";"  -3.717";"hostil";" 5.387095e-02"
"   0";"   9";" 0.00";"  -3.717";"helicóptero";" 5.387095e-02"
"   0";"   9";" 0.00";"  -3.717";"fo";" 5.387095e-02"
"   0";"   9";" 0.00";"  -3.717";"favoravelmente";" 5.387095e-02"
"   0";"   9";" 0.00";"  -3.717";"equidade";" 5.387095e-02"
"   0";"   9";" 0.00";"  -3.717";"elaboração";" 5.387095e-02"
"   0";"   9";" 0.00";"  -3.717";"déficit";" 5.387095e-02"
"   0";"   9";" 0.00";"  -3.717";"disseminar";" 5.387095e-02"
"   0";"   9";" 0.00";"  -3.717";"dirceu";" 5.387095e-02"
"   0";"   9";" 0.00";"  -3.717";"cálculo";" 5.387095e-02"
"   0";"   9";" 0.00";"  -3.717";"cueca";" 5.387095e-02"
"   0";"   9";" 0.00";"  -3.717";"configurar";" 5.387095e-02"
"   0";"   9";" 0.00";"  -3.717";"chico";" 5.387095e-02"
"   0";"   9";" 0.00";"  -3.717";"cabral";" 5.387095e-02"
"   0";"   9";" 0.00";"  -3.717";"bora";" 5.387095e-02"
"   0";"   9";" 0.00";"  -3.717";"bonner";" 5.387095e-02"
"   0";"   9";" 0.00";"  -3.717";"bonfim";" 5.387095e-02"
"   0";"   9";" 0.00";"  -3.717";"boletim";" 5.387095e-02"
"   0";"   9";" 0.00";"  -3.717";"aprovado";" 5.387095e-02"
"   0";"   9";" 0.00";"  -3.717";"apreciação";" 5.387095e-02"
"   0";"   9";" 0.00";"  -3.717";"apelar";" 5.387095e-02"
"   0";"   9";" 0.00";"  -3.717";"abandono";" 5.387095e-02"
"  19";"  94";"20.21";"  -3.701";"médico";" 5.438279e-02"
"  11";"  61";"18.03";"  -3.700";"impacto";" 5.441123e-02"
"  11";"  61";"18.03";"  -3.700";"cadeira";" 5.441123e-02"
"   1";"  15";" 6.67";"  -3.691";"luciano";" 5.470069e-02"
"   1";"  15";" 6.67";"  -3.691";"saldo";" 5.470069e-02"
"   1";"  15";" 6.67";"  -3.691";"legítimo";" 5.470069e-02"
"   1";"  15";" 6.67";"  -3.691";"inútil";" 5.470069e-02"
"   1";"  15";" 6.67";"  -3.691";"milionário";" 5.470069e-02"
"   1";"  15";" 6.67";"  -3.691";"obrigação";" 5.470069e-02"
"   1";"  15";" 6.67";"  -3.691";"lançamento";" 5.470069e-02"
"   1";"  15";" 6.67";"  -3.691";"credibilidade";" 5.470069e-02"
"   1";"  15";" 6.67";"  -3.691";"sanar";" 5.470069e-02"
"   1";"  15";" 6.67";"  -3.691";"proposto";" 5.470069e-02"
"   1";"  15";" 6.67";"  -3.691";"permanência";" 5.470069e-02"
"   1";"  15";" 6.67";"  -3.691";"bobo";" 5.470069e-02"
"   4";"  30";"13.33";"  -3.665";"folha";" 5.556155e-02"
"   4";"  30";"13.33";"  -3.665";"primo";" 5.556155e-02"
"  12";"  65";"18.46";"  -3.647";"expressão";" 5.617640e-02"
"   6";"  39";"15.38";"  -3.615";"ar";" 5.726181e-02"
"   3";"  25";"12.00";"  -3.588";"preconceito";" 5.820564e-02"
"   3";"  25";"12.00";"  -3.588";"cena";" 5.820564e-02"
"   3";"  25";"12.00";"  -3.588";"metade";" 5.820564e-02"
"   3";"  25";"12.00";"  -3.588";"destaque";" 5.820564e-02"
"   3";"  25";"12.00";"  -3.588";"auxílio";" 5.820564e-02"
"   3";"  25";"12.00";"  -3.588";"requerer";" 5.820564e-02"
"   3";"  25";"12.00";"  -3.588";"espalhar";" 5.820564e-02"
"   3";"  25";"12.00";"  -3.588";"pânico";" 5.820564e-02"
"   3";"  25";"12.00";"  -3.588";"anteceder";" 5.820564e-02"
"   2";"  20";"10.00";"  -3.575";"ator";" 5.865626e-02"
"   2";"  20";"10.00";"  -3.575";"obter";" 5.865626e-02"
"   2";"  20";"10.00";"  -3.575";"junho";" 5.865626e-02"
"   2";"  20";"10.00";"  -3.575";"educador";" 5.865626e-02"
"   2";"  20";"10.00";"  -3.575";"atentado";" 5.865626e-02"
"   2";"  20";"10.00";"  -3.575";"apresentado";" 5.865626e-02"
"   2";"  20";"10.00";"  -3.575";"frequentar";" 5.865626e-02"
"   7";"  43";"16.28";"  -3.488";"custar";" 6.183093e-02"
"  19";"  93";"20.43";"  -3.487";"preocupar";" 6.185945e-02"
"   5";"  34";"14.71";"  -3.468";"roupa";" 6.258109e-02"
"   5";"  34";"14.71";"  -3.468";"paraná";" 6.258109e-02"
"   5";"  34";"14.71";"  -3.468";"garantia";" 6.258109e-02"
"  12";"  64";"18.75";"  -3.401";"centro";" 6.517283e-02"
"  13";"  68";"19.12";"  -3.364";"contribuir";" 6.662102e-02"
"   4";"  29";"13.79";"  -3.341";"sobretudo";" 6.758441e-02"
"  15";"  76";"19.74";"  -3.314";"gravar";" 6.867509e-02"
"   0";"   8";" 0.00";"  -3.304";"of";" 6.912843e-02"
"   0";"   8";" 0.00";"  -3.304";"transfobia";" 6.912843e-02"
"   0";"   8";" 0.00";"  -3.304";"down";" 6.912843e-02"
"   0";"   8";" 0.00";"  -3.304";"mito";" 6.912843e-02"
"   0";"   8";" 0.00";"  -3.304";"alves";" 6.912843e-02"
"   0";"   8";" 0.00";"  -3.304";"variar";" 6.912843e-02"
"   0";"   8";" 0.00";"  -3.304";"dubai";" 6.912843e-02"
"   0";"   8";" 0.00";"  -3.304";"regional";" 6.912843e-02"
"   0";"   8";" 0.00";"  -3.304";"lamentável";" 6.912843e-02"
"   0";"   8";" 0.00";"  -3.304";"gaúcho";" 6.912843e-02"
"   0";"   8";" 0.00";"  -3.304";"estética";" 6.912843e-02"
"   0";"   8";" 0.00";"  -3.304";"empate";" 6.912843e-02"
"   0";"   8";" 0.00";"  -3.304";"boleto";" 6.912843e-02"
"   0";"   8";" 0.00";"  -3.304";"tráfego";" 6.912843e-02"
"   0";"   8";" 0.00";"  -3.304";"restrição";" 6.912843e-02"
"   0";"   8";" 0.00";"  -3.304";"privatização";" 6.912843e-02"
"   0";"   8";" 0.00";"  -3.304";"precoce";" 6.912843e-02"
"   0";"   8";" 0.00";"  -3.304";"polarizar";" 6.912843e-02"
"   0";"   8";" 0.00";"  -3.304";"nojo";" 6.912843e-02"
"   0";"   8";" 0.00";"  -3.304";"indeciso";" 6.912843e-02"
"   0";"   8";" 0.00";"  -3.304";"grandão";" 6.912843e-02"
"   0";"   8";" 0.00";"  -3.304";"gil";" 6.912843e-02"
"   0";"   8";" 0.00";"  -3.304";"espanhol";" 6.912843e-02"
"   0";"   8";" 0.00";"  -3.304";"comércio";" 6.912843e-02"
"   0";"   8";" 0.00";"  -3.304";"cartaz";" 6.912843e-02"
"   0";"   8";" 0.00";"  -3.304";"burguês";" 6.912843e-02"
"   0";"   8";" 0.00";"  -3.304";"burguesia";" 6.912843e-02"
"   0";"   8";" 0.00";"  -3.304";"barrar";" 6.912843e-02"
"   0";"   8";" 0.00";"  -3.304";"árabe";" 6.912843e-02"
"   0";"   8";" 0.00";"  -3.304";"tapete";" 6.912843e-02"
"   0";"   8";" 0.00";"  -3.304";"rito";" 6.912843e-02"
"   0";"   8";" 0.00";"  -3.304";"restante";" 6.912843e-02"
"   0";"   8";" 0.00";"  -3.304";"recomposição";" 6.912843e-02"
"   0";"   8";" 0.00";"  -3.304";"pib";" 6.912843e-02"
"   0";"   8";" 0.00";"  -3.304";"mor";" 6.912843e-02"
"   0";"   8";" 0.00";"  -3.304";"meme";" 6.912843e-02"
"   0";"   8";" 0.00";"  -3.304";"magro";" 6.912843e-02"
"   0";"   8";" 0.00";"  -3.304";"leviano";" 6.912843e-02"
"   0";"   8";" 0.00";"  -3.304";"km";" 6.912843e-02"
"   0";"   8";" 0.00";"  -3.304";"interferência";" 6.912843e-02"
"   0";"   8";" 0.00";"  -3.304";"institucionalizar";" 6.912843e-02"
"   0";"   8";" 0.00";"  -3.304";"g1";" 6.912843e-02"
"   0";"   8";" 0.00";"  -3.304";"fábio";" 6.912843e-02"
"   0";"   8";" 0.00";"  -3.304";"fraudar";" 6.912843e-02"
"   0";"   8";" 0.00";"  -3.304";"extinto";" 6.912843e-02"
"   0";"   8";" 0.00";"  -3.304";"expansão";" 6.912843e-02"
"   0";"   8";" 0.00";"  -3.304";"exaurir";" 6.912843e-02"
"   0";"   8";" 0.00";"  -3.304";"estímulo";" 6.912843e-02"
"   0";"   8";" 0.00";"  -3.304";"escroto";" 6.912843e-02"
"   0";"   8";" 0.00";"  -3.304";"distribuição";" 6.912843e-02"
"   0";"   8";" 0.00";"  -3.304";"descartável";" 6.912843e-02"
"   0";"   8";" 0.00";"  -3.304";"descarado";" 6.912843e-02"
"   0";"   8";" 0.00";"  -3.304";"dengue";" 6.912843e-02"
"   0";"   8";" 0.00";"  -3.304";"condomínio";" 6.912843e-02"
"   0";"   8";" 0.00";"  -3.304";"colaboração";" 6.912843e-02"
"   0";"   8";" 0.00";"  -3.304";"clube";" 6.912843e-02"
"   0";"   8";" 0.00";"  -3.304";"clt";" 6.912843e-02"
"   0";"   8";" 0.00";"  -3.304";"certificado";" 6.912843e-02"
"   0";"   8";" 0.00";"  -3.304";"caricato";" 6.912843e-02"
"   0";"   8";" 0.00";"  -3.304";"baleia";" 6.912843e-02"
"   0";"   8";" 0.00";"  -3.304";"autoritário";" 6.912843e-02"
"   0";"   8";" 0.00";"  -3.304";"assédio";" 6.912843e-02"
"   0";"   8";" 0.00";"  -3.304";"arquivar";" 6.912843e-02"
"   0";"   8";" 0.00";"  -3.304";"apropriar";" 6.912843e-02"
"   0";"   8";" 0.00";"  -3.304";"apreender";" 6.912843e-02"
"   0";"   8";" 0.00";"  -3.304";"alemanha";" 6.912843e-02"
"   0";"   8";" 0.00";"  -3.304";"ávila";" 6.912843e-02"
"   0";"   8";" 0.00";"  -3.304";"zuir";" 6.912843e-02"
"   0";"   8";" 0.00";"  -3.304";"viável";" 6.912843e-02"
"   0";"   8";" 0.00";"  -3.304";"viabilizar";" 6.912843e-02"
"   0";"   8";" 0.00";"  -3.304";"vandalismo";" 6.912843e-02"
"   0";"   8";" 0.00";"  -3.304";"telefone";" 6.912843e-02"
"   0";"   8";" 0.00";"  -3.304";"tabela";" 6.912843e-02"
"   0";"   8";" 0.00";"  -3.304";"suprimir";" 6.912843e-02"
"   0";"   8";" 0.00";"  -3.304";"sancionar";" 6.912843e-02"
"   0";"   8";" 0.00";"  -3.304";"salaber";" 6.912843e-02"
"   0";"   8";" 0.00";"  -3.304";"rombo";" 6.912843e-02"
"   0";"   8";" 0.00";"  -3.304";"roger";" 6.912843e-02"
"   0";"   8";" 0.00";"  -3.304";"reimond";" 6.912843e-02"
"   0";"   8";" 0.00";"  -3.304";"rampa";" 6.912843e-02"
"   0";"   8";" 0.00";"  -3.304";"raciocínio";" 6.912843e-02"
"   0";"   8";" 0.00";"  -3.304";"proporcional";" 6.912843e-02"
"   0";"   8";" 0.00";"  -3.304";"propina";" 6.912843e-02"
"   0";"   8";" 0.00";"  -3.304";"proletariado";" 6.912843e-02"
"   0";"   8";" 0.00";"  -3.304";"posts";" 6.912843e-02"
"   0";"   8";" 0.00";"  -3.304";"outono";" 6.912843e-02"
"   0";"   8";" 0.00";"  -3.304";"nelson";" 6.912843e-02"
"   0";"   8";" 0.00";"  -3.304";"mc";" 6.912843e-02"
"   0";"   8";" 0.00";"  -3.304";"matricular";" 6.912843e-02"
"   0";"   8";" 0.00";"  -3.304";"maconheiro";" 6.912843e-02"
"   0";"   8";" 0.00";"  -3.304";"luther";" 6.912843e-02"
"   0";"   8";" 0.00";"  -3.304";"latrocínio";" 6.912843e-02"
"   0";"   8";" 0.00";"  -3.304";"lata";" 6.912843e-02"
"   0";"   8";" 0.00";"  -3.304";"isonomia";" 6.912843e-02"
"   0";"   8";" 0.00";"  -3.304";"instalação";" 6.912843e-02"
"   0";"   8";" 0.00";"  -3.304";"inss";" 6.912843e-02"
"   0";"   8";" 0.00";"  -3.304";"indeferir";" 6.912843e-02"
"   0";"   8";" 0.00";"  -3.304";"impossibilitar";" 6.912843e-02"
"   0";"   8";" 0.00";"  -3.304";"humor";" 6.912843e-02"
"   0";"   8";" 0.00";"  -3.304";"grau";" 6.912843e-02"
"   0";"   8";" 0.00";"  -3.304";"glauber";" 6.912843e-02"
"   0";"   8";" 0.00";"  -3.304";"geraldo";" 6.912843e-02"
"   0";"   8";" 0.00";"  -3.304";"enchente";" 6.912843e-02"
"   0";"   8";" 0.00";"  -3.304";"emílio";" 6.912843e-02"
"   0";"   8";" 0.00";"  -3.304";"empatia";" 6.912843e-02"
"   0";"   8";" 0.00";"  -3.304";"embaixada";" 6.912843e-02"
"   0";"   8";" 0.00";"  -3.304";"doutrinário";" 6.912843e-02"
"   0";"   8";" 0.00";"  -3.304";"devidamente";" 6.912843e-02"
"   0";"   8";" 0.00";"  -3.304";"depredação";" 6.912843e-02"
"   0";"   8";" 0.00";"  -3.304";"dep";" 6.912843e-02"
"   0";"   8";" 0.00";"  -3.304";"decepcionado";" 6.912843e-02"
"   0";"   8";" 0.00";"  -3.304";"daniela";" 6.912843e-02"
"   0";"   8";" 0.00";"  -3.304";"cúmplice";" 6.912843e-02"
"   0";"   8";" 0.00";"  -3.304";"coordenar";" 6.912843e-02"
"   0";"   8";" 0.00";"  -3.304";"composto";" 6.912843e-02"
"   0";"   8";" 0.00";"  -3.304";"complexidade";" 6.912843e-02"
"   0";"   8";" 0.00";"  -3.304";"colmeia";" 6.912843e-02"
"   0";"   8";" 0.00";"  -3.304";"citado";" 6.912843e-02"
"   0";"   8";" 0.00";"  -3.304";"caça";" 6.912843e-02"
"   0";"   8";" 0.00";"  -3.304";"cauterizado";" 6.912843e-02"
"   0";"   8";" 0.00";"  -3.304";"canetada";" 6.912843e-02"
"   0";"   8";" 0.00";"  -3.304";"bombeiro";" 6.912843e-02"
"   0";"   8";" 0.00";"  -3.304";"aposentadoria";" 6.912843e-02"
"   0";"   8";" 0.00";"  -3.304";"anexo";" 6.912843e-02"
"   0";"   8";" 0.00";"  -3.304";"agregar";" 6.912843e-02"
"   0";"   8";" 0.00";"  -3.304";"adicionar";" 6.912843e-02"
"   0";"   8";" 0.00";"  -3.304";"acolhimento";" 6.912843e-02"
"   0";"   8";" 0.00";"  -3.304";"abordagem";" 6.912843e-02"
"   1";"  14";" 7.14";"  -3.301";"top";" 6.923656e-02"
"   1";"  14";" 7.14";"  -3.301";"fila";" 6.923656e-02"
"   1";"  14";" 7.14";"  -3.301";"viés";" 6.923656e-02"
"   1";"  14";" 7.14";"  -3.301";"útil";" 6.923656e-02"
"   1";"  14";" 7.14";"  -3.301";"torre";" 6.923656e-02"
"   1";"  14";" 7.14";"  -3.301";"slide";" 6.923656e-02"
"   1";"  14";" 7.14";"  -3.301";"quartel";" 6.923656e-02"
"   1";"  14";" 7.14";"  -3.301";"moralidade";" 6.923656e-02"
"   1";"  14";" 7.14";"  -3.301";"mbl";" 6.923656e-02"
"   1";"  14";" 7.14";"  -3.301";"exterior";" 6.923656e-02"
"   1";"  14";" 7.14";"  -3.301";"tributário";" 6.923656e-02"
"   1";"  14";" 7.14";"  -3.301";"rebater";" 6.923656e-02"
"   1";"  14";" 7.14";"  -3.301";"frouxo";" 6.923656e-02"
"   1";"  14";" 7.14";"  -3.301";"etário";" 6.923656e-02"
"   1";"  14";" 7.14";"  -3.301";"dartora";" 6.923656e-02"
"   1";"  14";" 7.14";"  -3.301";"constar";" 6.923656e-02"
"   1";"  14";" 7.14";"  -3.301";"big";" 6.923656e-02"
"   1";"  14";" 7.14";"  -3.301";"zoar";" 6.923656e-02"
"   1";"  14";" 7.14";"  -3.301";"teatro";" 6.923656e-02"
"   1";"  14";" 7.14";"  -3.301";"solicitação";" 6.923656e-02"
"   1";"  14";" 7.14";"  -3.301";"punição";" 6.923656e-02"
"   1";"  14";" 7.14";"  -3.301";"assegurar";" 6.923656e-02"
"  34";" 151";"22.52";"  -3.300";"participar";" 6.926880e-02"
"  16";"  80";"20.00";"  -3.298";"invadir";" 6.934640e-02"
"  16";"  80";"20.00";"  -3.298";"efeito";" 6.934640e-02"
"  21";" 100";"21.00";"  -3.280";"erro";" 7.013954e-02"
"   3";"  24";"12.50";"  -3.247";"stories";" 7.155308e-02"
"   3";"  24";"12.50";"  -3.247";"oferta";" 7.155308e-02"
"   3";"  24";"12.50";"  -3.247";"faixa";" 7.155308e-02"
"   3";"  24";"12.50";"  -3.247";"corrigir";" 7.155308e-02"
"   3";"  24";"12.50";"  -3.247";"tragédia";" 7.155308e-02"
"   3";"  24";"12.50";"  -3.247";"ceder";" 7.155308e-02"
"   3";"  24";"12.50";"  -3.247";"negociar";" 7.155308e-02"
"   3";"  24";"12.50";"  -3.247";"ganho";" 7.155308e-02"
"   3";"  24";"12.50";"  -3.247";"confusão";" 7.155308e-02"
"   2";"  19";"10.53";"  -3.213";"tok";" 7.307160e-02"
"   2";"  19";"10.53";"  -3.213";"marajó";" 7.307160e-02"
"   2";"  19";"10.53";"  -3.213";"atentar";" 7.307160e-02"
"   2";"  19";"10.53";"  -3.213";"profissão";" 7.307160e-02"
"   2";"  19";"10.53";"  -3.213";"jorge";" 7.307160e-02"
"   2";"  19";"10.53";"  -3.213";"exclusivo";" 7.307160e-02"
"   2";"  19";"10.53";"  -3.213";"desvalorizar";" 7.307160e-02"
"   2";"  19";"10.53";"  -3.213";"desenho";" 7.307160e-02"
"   2";"  19";"10.53";"  -3.213";"aplaudir";" 7.307160e-02"
"   2";"  19";"10.53";"  -3.213";"educar";" 7.307160e-02"
"   2";"  19";"10.53";"  -3.213";"ceará";" 7.307160e-02"
" 272";"1018";"26.72";"  -3.208";"passar";" 7.327138e-02"
"   5";"  33";"15.15";"  -3.162";"demorar";" 7.537073e-02"
"   5";"  33";"15.15";"  -3.162";"assustar";" 7.537073e-02"
"  12";"  63";"19.05";"  -3.160";"europa";" 7.547607e-02"
"  34";" 150";"22.67";"  -3.133";"fácil";" 7.671843e-02"
"  69";" 282";"24.47";"  -3.113";"lutar";" 7.765199e-02"
"   9";"  50";"18.00";"  -3.049";"católico";" 8.077322e-02"
"   6";"  37";"16.22";"  -3.029";"indignado";" 8.176654e-02"
"   6";"  37";"16.22";"  -3.029";"lógico";" 8.176654e-02"
"   6";"  37";"16.22";"  -3.029";"provavelmente";" 8.176654e-02"
"   6";"  37";"16.22";"  -3.029";"diretamente";" 8.176654e-02"
"   4";"  28";"14.29";"  -3.023";"paulista";" 8.210656e-02"
"  11";"  58";"18.97";"  -2.956";"parado";" 8.558558e-02"
"   7";"  41";"17.07";"  -2.930";"revolução";" 8.697315e-02"
"  24";" 110";"21.82";"  -2.926";"sul";" 8.714117e-02"
"   1";"  13";" 7.69";"  -2.914";"zona";" 8.778968e-02"
"   1";"  13";" 7.69";"  -2.914";"marinho";" 8.778968e-02"
"   1";"  13";" 7.69";"  -2.914";"zé";" 8.778968e-02"
"   1";"  13";" 7.69";"  -2.914";"selo";" 8.778968e-02"
"   1";"  13";" 7.69";"  -2.914";"protagonista";" 8.778968e-02"
"   1";"  13";" 7.69";"  -2.914";"parcela";" 8.778968e-02"
"   1";"  13";" 7.69";"  -2.914";"cancelamento";" 8.778968e-02"
"   1";"  13";" 7.69";"  -2.914";"rótulo";" 8.778968e-02"
"   1";"  13";" 7.69";"  -2.914";"piscina";" 8.778968e-02"
"   1";"  13";" 7.69";"  -2.914";"mala";" 8.778968e-02"
"   1";"  13";" 7.69";"  -2.914";"brother";" 8.778968e-02"
"   1";"  13";" 7.69";"  -2.914";"prudente";" 8.778968e-02"
"   1";"  13";" 7.69";"  -2.914";"fumaça";" 8.778968e-02"
"   1";"  13";" 7.69";"  -2.914";"dezena";" 8.778968e-02"
"   1";"  13";" 7.69";"  -2.914";"desvio";" 8.778968e-02"
"   1";"  13";" 7.69";"  -2.914";"pretender";" 8.778968e-02"
"   1";"  13";" 7.69";"  -2.914";"ligado";" 8.778968e-02"
"   1";"  13";" 7.69";"  -2.914";"embaixador";" 8.778968e-02"
"   1";"  13";" 7.69";"  -2.914";"desconhecer";" 8.778968e-02"
"   1";"  13";" 7.69";"  -2.914";"cpf";" 8.778968e-02"
"   3";"  23";"13.04";"  -2.913";"militante";" 8.788966e-02"
"   3";"  23";"13.04";"  -2.913";"ameaçar";" 8.788966e-02"
"   3";"  23";"13.04";"  -2.913";"pressa";" 8.788966e-02"
"   3";"  23";"13.04";"  -2.913";"convir";" 8.788966e-02"
"   0";"   7";" 0.00";"  -2.891";"auto";" 8.910161e-02"
"   0";"   7";" 0.00";"  -2.891";"vacinação";" 8.910161e-02"
"   0";"   7";" 0.00";"  -2.891";"madrid";" 8.910161e-02"
"   0";"   7";" 0.00";"  -2.891";"direct";" 8.910161e-02"
"   0";"   7";" 0.00";"  -2.891";"agro";" 8.910161e-02"
"   0";"   7";" 0.00";"  -2.891";"slogan";" 8.910161e-02"
"   0";"   7";" 0.00";"  -2.891";"rotulado";" 8.910161e-02"
"   0";"   7";" 0.00";"  -2.891";"ramaz";" 8.910161e-02"
"   0";"   7";" 0.00";"  -2.891";"obstruir";" 8.910161e-02"
"   0";"   7";" 0.00";"  -2.891";"imóvel";" 8.910161e-02"
"   0";"   7";" 0.00";"  -2.891";"elisiane";" 8.910161e-02"
"   0";"   7";" 0.00";"  -2.891";"concorrer";" 8.910161e-02"
"   0";"   7";" 0.00";"  -2.891";"competição";" 8.910161e-02"
"   0";"   7";" 0.00";"  -2.891";"bio";" 8.910161e-02"
"   0";"   7";" 0.00";"  -2.891";"alemão";" 8.910161e-02"
"   0";"   7";" 0.00";"  -2.891";"requisito";" 8.910161e-02"
"   0";"   7";" 0.00";"  -2.891";"neném";" 8.910161e-02"
"   0";"   7";" 0.00";"  -2.891";"miona";" 8.910161e-02"
"   0";"   7";" 0.00";"  -2.891";"inovação";" 8.910161e-02"
"   0";"   7";" 0.00";"  -2.891";"híbrido";" 8.910161e-02"
"   0";"   7";" 0.00";"  -2.891";"fevereiro";" 8.910161e-02"
"   0";"   7";" 0.00";"  -2.891";"edital";" 8.910161e-02"
"   0";"   7";" 0.00";"  -2.891";"desarmamento";" 8.910161e-02"
"   0";"   7";" 0.00";"  -2.891";"cuspir";" 8.910161e-02"
"   0";"   7";" 0.00";"  -2.891";"campeão";" 8.910161e-02"
"   0";"   7";" 0.00";"  -2.891";"botão";" 8.910161e-02"
"   0";"   7";" 0.00";"  -2.891";"vero";" 8.910161e-02"
"   0";"   7";" 0.00";"  -2.891";"tpm";" 8.910161e-02"
"   0";"   7";" 0.00";"  -2.891";"tarifa";" 8.910161e-02"
"   0";"   7";" 0.00";"  -2.891";"souza";" 8.910161e-02"
"   0";"   7";" 0.00";"  -2.891";"soltura";" 8.910161e-02"
"   0";"   7";" 0.00";"  -2.891";"réplica";" 8.910161e-02"
"   0";"   7";" 0.00";"  -2.891";"ridicularizar";" 8.910161e-02"
"   0";"   7";" 0.00";"  -2.891";"reter";" 8.910161e-02"
"   0";"   7";" 0.00";"  -2.891";"rechaçar";" 8.910161e-02"
"   0";"   7";" 0.00";"  -2.891";"receio";" 8.910161e-02"
"   0";"   7";" 0.00";"  -2.891";"pres";" 8.910161e-02"
"   0";"   7";" 0.00";"  -2.891";"penar";" 8.910161e-02"
"   0";"   7";" 0.00";"  -2.891";"parcial";" 8.910161e-02"
"   0";"   7";" 0.00";"  -2.891";"machismo";" 8.910161e-02"
"   0";"   7";" 0.00";"  -2.891";"lu";" 8.910161e-02"
"   0";"   7";" 0.00";"  -2.891";"literacia";" 8.910161e-02"
"   0";"   7";" 0.00";"  -2.891";"ld";" 8.910161e-02"
"   0";"   7";" 0.00";"  -2.891";"laranja";" 8.910161e-02"
"   0";"   7";" 0.00";"  -2.891";"iof";" 8.910161e-02"
"   0";"   7";" 0.00";"  -2.891";"induzir";" 8.910161e-02"
"   0";"   7";" 0.00";"  -2.891";"ignorante";" 8.910161e-02"
"   0";"   7";" 0.00";"  -2.891";"gravidez";" 8.910161e-02"
"   0";"   7";" 0.00";"  -2.891";"fluência";" 8.910161e-02"
"   0";"   7";" 0.00";"  -2.891";"especificar";" 8.910161e-02"
"   0";"   7";" 0.00";"  -2.891";"escrúpulo";" 8.910161e-02"
"   0";"   7";" 0.00";"  -2.891";"dossiê";" 8.910161e-02"
"   0";"   7";" 0.00";"  -2.891";"diretório";" 8.910161e-02"
"   0";"   7";" 0.00";"  -2.891";"dificultar";" 8.910161e-02"
"   0";"   7";" 0.00";"  -2.891";"despencar";" 8.910161e-02"
"   0";"   7";" 0.00";"  -2.891";"desmentir";" 8.910161e-02"
"   0";"   7";" 0.00";"  -2.891";"comparativo";" 8.910161e-02"
"   0";"   7";" 0.00";"  -2.891";"cobra";" 8.910161e-02"
"   0";"   7";" 0.00";"  -2.891";"circo";" 8.910161e-02"
"   0";"   7";" 0.00";"  -2.891";"chute";" 8.910161e-02"
"   0";"   7";" 0.00";"  -2.891";"cabuloso";" 8.910161e-02"
"   0";"   7";" 0.00";"  -2.891";"burocrático";" 8.910161e-02"
"   0";"   7";" 0.00";"  -2.891";"bernardo";" 8.910161e-02"
"   0";"   7";" 0.00";"  -2.891";"artificial";" 8.910161e-02"
"   0";"   7";" 0.00";"  -2.891";"arrotar";" 8.910161e-02"
"   0";"   7";" 0.00";"  -2.891";"antecessor";" 8.910161e-02"
"   0";"   7";" 0.00";"  -2.891";"aline";" 8.910161e-02"
"   0";"   7";" 0.00";"  -2.891";"vândalo";" 8.910161e-02"
"   0";"   7";" 0.00";"  -2.891";"voltado";" 8.910161e-02"
"   0";"   7";" 0.00";"  -2.891";"tutelar";" 8.910161e-02"
"   0";"   7";" 0.00";"  -2.891";"torturador";" 8.910161e-02"
"   0";"   7";" 0.00";"  -2.891";"ton";" 8.910161e-02"
"   0";"   7";" 0.00";"  -2.891";"taradão";" 8.910161e-02"
"   0";"   7";" 0.00";"  -2.891";"tacando";" 8.910161e-02"
"   0";"   7";" 0.00";"  -2.891";"solidarizar";" 8.910161e-02"
"   0";"   7";" 0.00";"  -2.891";"severo";" 8.910161e-02"
"   0";"   7";" 0.00";"  -2.891";"salto";" 8.910161e-02"
"   0";"   7";" 0.00";"  -2.891";"robusto";" 8.910161e-02"
"   0";"   7";" 0.00";"  -2.891";"relativo";" 8.910161e-02"
"   0";"   7";" 0.00";"  -2.891";"regulatório";" 8.910161e-02"
"   0";"   7";" 0.00";"  -2.891";"quilo";" 8.910161e-02"
"   0";"   7";" 0.00";"  -2.891";"pudim";" 8.910161e-02"
"   0";"   7";" 0.00";"  -2.891";"proponente";" 8.910161e-02"
"   0";"   7";" 0.00";"  -2.891";"progressivo";" 8.910161e-02"
"   0";"   7";" 0.00";"  -2.891";"produtividade";" 8.910161e-02"
"   0";"   7";" 0.00";"  -2.891";"ponderar";" 8.910161e-02"
"   0";"   7";" 0.00";"  -2.891";"pluralidade";" 8.910161e-02"
"   0";"   7";" 0.00";"  -2.891";"pipocar";" 8.910161e-02"
"   0";"   7";" 0.00";"  -2.891";"pics";" 8.910161e-02"
"   0";"   7";" 0.00";"  -2.891";"pessol";" 8.910161e-02"
"   0";"   7";" 0.00";"  -2.891";"pertinente";" 8.910161e-02"
"   0";"   7";" 0.00";"  -2.891";"pantanal";" 8.910161e-02"
"   0";"   7";" 0.00";"  -2.891";"optar";" 8.910161e-02"
"   0";"   7";" 0.00";"  -2.891";"ofertar";" 8.910161e-02"
"   0";"   7";" 0.00";"  -2.891";"normativo";" 8.910161e-02"
"   0";"   7";" 0.00";"  -2.891";"nicole";" 8.910161e-02"
"   0";"   7";" 0.00";"  -2.891";"melhorado";" 8.910161e-02"
"   0";"   7";" 0.00";"  -2.891";"massacre";" 8.910161e-02"
"   0";"   7";" 0.00";"  -2.891";"maia";" 8.910161e-02"
"   0";"   7";" 0.00";"  -2.891";"legislatura";" 8.910161e-02"
"   0";"   7";" 0.00";"  -2.891";"kim";" 8.910161e-02"
"   0";"   7";" 0.00";"  -2.891";"instabilidade";" 8.910161e-02"
"   0";"   7";" 0.00";"  -2.891";"infoleg";" 8.910161e-02"
"   0";"   7";" 0.00";"  -2.891";"influente";" 8.910161e-02"
"   0";"   7";" 0.00";"  -2.891";"inep";" 8.910161e-02"
"   0";"   7";" 0.00";"  -2.891";"indígena";" 8.910161e-02"
"   0";"   7";" 0.00";"  -2.891";"indevidamente";" 8.910161e-02"
"   0";"   7";" 0.00";"  -2.891";"imparcialidade";" 8.910161e-02"
"   0";"   7";" 0.00";"  -2.891";"idilvan";" 8.910161e-02"
"   0";"   7";" 0.00";"  -2.891";"histeria";" 8.910161e-02"
"   0";"   7";" 0.00";"  -2.891";"g20";" 8.910161e-02"
"   0";"   7";" 0.00";"  -2.891";"extrapolar";" 8.910161e-02"
"   0";"   7";" 0.00";"  -2.891";"estrutural";" 8.910161e-02"
"   0";"   7";" 0.00";"  -2.891";"enfiar";" 8.910161e-02"
"   0";"   7";" 0.00";"  -2.891";"emplacar";" 8.910161e-02"
"   0";"   7";" 0.00";"  -2.891";"eficiência";" 8.910161e-02"
"   0";"   7";" 0.00";"  -2.891";"economicamente";" 8.910161e-02"
"   0";"   7";" 0.00";"  -2.891";"duec";" 8.910161e-02"
"   0";"   7";" 0.00";"  -2.891";"divulgação";" 8.910161e-02"
"   0";"   7";" 0.00";"  -2.891";"df";" 8.910161e-02"
"   0";"   7";" 0.00";"  -2.891";"desonesto";" 8.910161e-02"
"   0";"   7";" 0.00";"  -2.891";"democrata";" 8.910161e-02"
"   0";"   7";" 0.00";"  -2.891";"deliberação";" 8.910161e-02"
"   0";"   7";" 0.00";"  -2.891";"debochado";" 8.910161e-02"
"   0";"   7";" 0.00";"  -2.891";"cooptar";" 8.910161e-02"
"   0";"   7";" 0.00";"  -2.891";"contraturno";" 8.910161e-02"
"   0";"   7";" 0.00";"  -2.891";"consultoria";" 8.910161e-02"
"   0";"   7";" 0.00";"  -2.891";"concessão";" 8.910161e-02"
"   0";"   7";" 0.00";"  -2.891";"compilar";" 8.910161e-02"
"   0";"   7";" 0.00";"  -2.891";"comercial";" 8.910161e-02"
"   0";"   7";" 0.00";"  -2.891";"ccj";" 8.910161e-02"
"   0";"   7";" 0.00";"  -2.891";"car";" 8.910161e-02"
"   0";"   7";" 0.00";"  -2.891";"camboja";" 8.910161e-02"
"   0";"   7";" 0.00";"  -2.891";"calote";" 8.910161e-02"
"   0";"   7";" 0.00";"  -2.891";"buscativa";" 8.910161e-02"
"   0";"   7";" 0.00";"  -2.891";"braga";" 8.910161e-02"
"   0";"   7";" 0.00";"  -2.891";"atribuição";" 8.910161e-02"
"   0";"   7";" 0.00";"  -2.891";"ativamente";" 8.910161e-02"
"   0";"   7";" 0.00";"  -2.891";"assento";" 8.910161e-02"
"   0";"   7";" 0.00";"  -2.891";"argumentação";" 8.910161e-02"
"   0";"   7";" 0.00";"  -2.891";"amedrontar";" 8.910161e-02"
"   0";"   7";" 0.00";"  -2.891";"alkem";" 8.910161e-02"
"   0";"   7";" 0.00";"  -2.891";"alckmin";" 8.910161e-02"
"   0";"   7";" 0.00";"  -2.891";"adélio";" 8.910161e-02"
"   0";"   7";" 0.00";"  -2.891";"acampamento";" 8.910161e-02"
"   0";"   7";" 0.00";"  -2.891";"8it";" 8.910161e-02"
"  95";" 376";"25.27";"  -2.885";"melhor";" 8.940580e-02"
"  15";"  74";"20.27";"  -2.874";"hospital";" 9.001605e-02"
"   5";"  32";"15.62";"  -2.863";"tom";" 9.063019e-02"
"   2";"  18";"11.11";"  -2.856";"teste";" 9.103437e-02"
"   2";"  18";"11.11";"  -2.856";"repassar";" 9.103437e-02"
"   2";"  18";"11.11";"  -2.856";"engajamento";" 9.103437e-02"
"   2";"  18";"11.11";"  -2.856";"almoçar";" 9.103437e-02"
"   2";"  18";"11.11";"  -2.856";"silenciar";" 9.103437e-02"
"   2";"  18";"11.11";"  -2.856";"resumo";" 9.103437e-02"
"   2";"  18";"11.11";"  -2.856";"dimensão";" 9.103437e-02"
"   2";"  18";"11.11";"  -2.856";"dano";" 9.103437e-02"
"   2";"  18";"11.11";"  -2.856";"cachorro";" 9.103437e-02"
"   2";"  18";"11.11";"  -2.856";"aliado";" 9.103437e-02"
"   8";"  45";"17.78";"  -2.854";"surgir";" 9.117156e-02"
"  60";" 246";"24.39";"  -2.802";"final";" 9.417308e-02"
"   9";"  49";"18.37";"  -2.796";"intenção";" 9.451778e-02"
"   6";"  36";"16.67";"  -2.747";"personagem";" 9.745119e-02"
"   6";"  36";"16.67";"  -2.747";"prol";" 9.745119e-02"
"  78";" 312";"25.00";"  -2.720";"favor";" 9.910949e-02"
"   4";"  27";"14.81";"  -2.712";"especialista";" 9.961105e-02"
"   4";"  27";"14.81";"  -2.712";"apresentação";" 9.961105e-02"
"   4";"  27";"14.81";"  -2.712";"posse";" 9.961105e-02"
"  19";"  89";"21.35";"  -2.676";"formar";" 1.018942e-01"
"  14";"  69";"20.29";"  -2.668";"merecer";" 1.024079e-01"
"   7";"  40";"17.50";"  -2.661";"orgulho";" 1.028603e-01"
"   7";"  40";"17.50";"  -2.661";"carreira";" 1.028603e-01"
"  52";" 215";"24.19";"  -2.657";"ação";" 1.031195e-01"
"   8";"  44";"18.18";"  -2.596";"empresário";" 1.071021e-01"
"   3";"  22";"13.64";"  -2.585";"estranho";" 1.078540e-01"
"   3";"  22";"13.64";"  -2.585";"azul";" 1.078540e-01"
"   3";"  22";"13.64";"  -2.585";"vergonhoso";" 1.078540e-01"
"   3";"  22";"13.64";"  -2.585";"sobreviver";" 1.078540e-01"
"   5";"  31";"16.13";"  -2.572";"confirmar";" 1.087904e-01"
"   5";"  31";"16.13";"  -2.572";"injusto";" 1.087904e-01"
"   5";"  31";"16.13";"  -2.572";"rosa";" 1.087904e-01"
"   1";"  12";" 8.33";"  -2.532";"contradição";" 1.115360e-01"
"   1";"  12";" 8.33";"  -2.532";"caridade";" 1.115360e-01"
"   1";"  12";" 8.33";"  -2.532";"associar";" 1.115360e-01"
"   1";"  12";" 8.33";"  -2.532";"reproduzir";" 1.115360e-01"
"   1";"  12";" 8.33";"  -2.532";"manual";" 1.115360e-01"
"   1";"  12";" 8.33";"  -2.532";"informe";" 1.115360e-01"
"   1";"  12";" 8.33";"  -2.532";"emblemático";" 1.115360e-01"
"   1";"  12";" 8.33";"  -2.532";"bravo";" 1.115360e-01"
"   1";"  12";" 8.33";"  -2.532";"aa";" 1.115360e-01"
"   1";"  12";" 8.33";"  -2.532";"joias";" 1.115360e-01"
"   1";"  12";" 8.33";"  -2.532";"inversão";" 1.115360e-01"
"   1";"  12";" 8.33";"  -2.532";"formado";" 1.115360e-01"
"   1";"  12";" 8.33";"  -2.532";"europeu";" 1.115360e-01"
"   1";"  12";" 8.33";"  -2.532";"cheque";" 1.115360e-01"
"   1";"  12";" 8.33";"  -2.532";"qualificado";" 1.115360e-01"
"   1";"  12";" 8.33";"  -2.532";"henrique";" 1.115360e-01"
"   1";"  12";" 8.33";"  -2.532";"genérico";" 1.115360e-01"
"   1";"  12";" 8.33";"  -2.532";"exploração";" 1.115360e-01"
"   1";"  12";" 8.33";"  -2.532";"empreendedorismo";" 1.115360e-01"
"   1";"  12";" 8.33";"  -2.532";"conspiração";" 1.115360e-01"
"   1";"  12";" 8.33";"  -2.532";"cela";" 1.115360e-01"
"   1";"  12";" 8.33";"  -2.532";"bia";" 1.115360e-01"
"   1";"  12";" 8.33";"  -2.532";"automático";" 1.115360e-01"
"   1";"  12";" 8.33";"  -2.532";"almoço";" 1.115360e-01"
"   2";"  17";"11.76";"  -2.506";"caderno";" 1.134119e-01"
"   2";"  17";"11.76";"  -2.506";"rodar";" 1.134119e-01"
"   2";"  17";"11.76";"  -2.506";"po";" 1.134119e-01"
"   2";"  17";"11.76";"  -2.506";"distância";" 1.134119e-01"
"   2";"  17";"11.76";"  -2.506";"independência";" 1.134119e-01"
"   2";"  17";"11.76";"  -2.506";"urgente";" 1.134119e-01"
"   2";"  17";"11.76";"  -2.506";"reflexão";" 1.134119e-01"
"   2";"  17";"11.76";"  -2.506";"caneta";" 1.134119e-01"
"  19";"  88";"21.59";"  -2.485";"completo";" 1.149427e-01"
"   0";"   6";" 0.00";"  -2.477";"careta";" 1.154858e-01"
"   0";"   6";" 0.00";"  -2.477";"barbie";" 1.154858e-01"
"   0";"   6";" 0.00";"  -2.477";"quadrado";" 1.154858e-01"
"   0";"   6";" 0.00";"  -2.477";"passaporte";" 1.154858e-01"
"   0";"   6";" 0.00";"  -2.477";"renata";" 1.154858e-01"
"   0";"   6";" 0.00";"  -2.477";"necessariamente";" 1.154858e-01"
"   0";"   6";" 0.00";"  -2.477";"matrix";" 1.154858e-01"
"   0";"   6";" 0.00";"  -2.477";"calça";" 1.154858e-01"
"   0";"   6";" 0.00";"  -2.477";"trouxa";" 1.154858e-01"
"   0";"   6";" 0.00";"  -2.477";"trator";" 1.154858e-01"
"   0";"   6";" 0.00";"  -2.477";"tolerar";" 1.154858e-01"
"   0";"   6";" 0.00";"  -2.477";"suplementar";" 1.154858e-01"
"   0";"   6";" 0.00";"  -2.477";"ronaldo";" 1.154858e-01"
"   0";"   6";" 0.00";"  -2.477";"quintil";" 1.154858e-01"
"   0";"   6";" 0.00";"  -2.477";"marília";" 1.154858e-01"
"   0";"   6";" 0.00";"  -2.477";"marielle";" 1.154858e-01"
"   0";"   6";" 0.00";"  -2.477";"jamila";" 1.154858e-01"
"   0";"   6";" 0.00";"  -2.477";"irregularidade";" 1.154858e-01"
"   0";"   6";" 0.00";"  -2.477";"gramishismo";" 1.154858e-01"
"   0";"   6";" 0.00";"  -2.477";"funil";" 1.154858e-01"
"   0";"   6";" 0.00";"  -2.477";"fotografia";" 1.154858e-01"
"   0";"   6";" 0.00";"  -2.477";"estacionamento";" 1.154858e-01"
"   0";"   6";" 0.00";"  -2.477";"equivalente";" 1.154858e-01"
"   0";"   6";" 0.00";"  -2.477";"emergência";" 1.154858e-01"
"   0";"   6";" 0.00";"  -2.477";"cotidiano";" 1.154858e-01"
"   0";"   6";" 0.00";"  -2.477";"cm";" 1.154858e-01"
"   0";"   6";" 0.00";"  -2.477";"clesão";" 1.154858e-01"
"   0";"   6";" 0.00";"  -2.477";"boneco";" 1.154858e-01"
"   0";"   6";" 0.00";"  -2.477";"aberração";" 1.154858e-01"
"   0";"   6";" 0.00";"  -2.477";"xadrez";" 1.154858e-01"
"   0";"   6";" 0.00";"  -2.477";"vingar";" 1.154858e-01"
"   0";"   6";" 0.00";"  -2.477";"trama";" 1.154858e-01"
"   0";"   6";" 0.00";"  -2.477";"tolerante";" 1.154858e-01"
"   0";"   6";" 0.00";"  -2.477";"rural";" 1.154858e-01"
"   0";"   6";" 0.00";"  -2.477";"rol";" 1.154858e-01"
"   0";"   6";" 0.00";"  -2.477";"retrocesso";" 1.154858e-01"
"   0";"   6";" 0.00";"  -2.477";"restringir";" 1.154858e-01"
"   0";"   6";" 0.00";"  -2.477";"reprovado";" 1.154858e-01"
"   0";"   6";" 0.00";"  -2.477";"negação";" 1.154858e-01"
"   0";"   6";" 0.00";"  -2.477";"moderado";" 1.154858e-01"
"   0";"   6";" 0.00";"  -2.477";"mini";" 1.154858e-01"
"   0";"   6";" 0.00";"  -2.477";"laico";" 1.154858e-01"
"   0";"   6";" 0.00";"  -2.477";"irregular";" 1.154858e-01"
"   0";"   6";" 0.00";"  -2.477";"inseto";" 1.154858e-01"
"   0";"   6";" 0.00";"  -2.477";"informal";" 1.154858e-01"
"   0";"   6";" 0.00";"  -2.477";"impressionado";" 1.154858e-01"
"   0";"   6";" 0.00";"  -2.477";"homenagem";" 1.154858e-01"
"   0";"   6";" 0.00";"  -2.477";"hadad";" 1.154858e-01"
"   0";"   6";" 0.00";"  -2.477";"gravata";" 1.154858e-01"
"   0";"   6";" 0.00";"  -2.477";"gang";" 1.154858e-01"
"   0";"   6";" 0.00";"  -2.477";"galo";" 1.154858e-01"
"   0";"   6";" 0.00";"  -2.477";"explorar";" 1.154858e-01"
"   0";"   6";" 0.00";"  -2.477";"executor";" 1.154858e-01"
"   0";"   6";" 0.00";"  -2.477";"encosta";" 1.154858e-01"
"   0";"   6";" 0.00";"  -2.477";"emissor";" 1.154858e-01"
"   0";"   6";" 0.00";"  -2.477";"ditar";" 1.154858e-01"
"   0";"   6";" 0.00";"  -2.477";"departamento";" 1.154858e-01"
"   0";"   6";" 0.00";"  -2.477";"demorado";" 1.154858e-01"
"   0";"   6";" 0.00";"  -2.477";"dce";" 1.154858e-01"
"   0";"   6";" 0.00";"  -2.477";"cloroquina";" 1.154858e-01"
"   0";"   6";" 0.00";"  -2.477";"caratismo";" 1.154858e-01"
"   0";"   6";" 0.00";"  -2.477";"cachaça";" 1.154858e-01"
"   0";"   6";" 0.00";"  -2.477";"balbúrdia";" 1.154858e-01"
"   0";"   6";" 0.00";"  -2.477";"autismo";" 1.154858e-01"
"   0";"   6";" 0.00";"  -2.477";"apor";" 1.154858e-01"
"   0";"   6";" 0.00";"  -2.477";"anual";" 1.154858e-01"
"   0";"   6";" 0.00";"  -2.477";"alí";" 1.154858e-01"
"   0";"   6";" 0.00";"  -2.477";"alfabetizar";" 1.154858e-01"
"   0";"   6";" 0.00";"  -2.477";"weber";" 1.154858e-01"
"   0";"   6";" 0.00";"  -2.477";"un";" 1.154858e-01"
"   0";"   6";" 0.00";"  -2.477";"tesoura";" 1.154858e-01"
"   0";"   6";" 0.00";"  -2.477";"tcu";" 1.154858e-01"
"   0";"   6";" 0.00";"  -2.477";"síndroma";" 1.154858e-01"
"   0";"   6";" 0.00";"  -2.477";"surfar";" 1.154858e-01"
"   0";"   6";" 0.00";"  -2.477";"soro";" 1.154858e-01"
"   0";"   6";" 0.00";"  -2.477";"socializar";" 1.154858e-01"
"   0";"   6";" 0.00";"  -2.477";"similar";" 1.154858e-01"
"   0";"   6";" 0.00";"  -2.477";"sensual";" 1.154858e-01"
"   0";"   6";" 0.00";"  -2.477";"sensibilizar";" 1.154858e-01"
"   0";"   6";" 0.00";"  -2.477";"semestre";" 1.154858e-01"
"   0";"   6";" 0.00";"  -2.477";"secundário";" 1.154858e-01"
"   0";"   6";" 0.00";"  -2.477";"sebastião";" 1.154858e-01"
"   0";"   6";" 0.00";"  -2.477";"scruton";" 1.154858e-01"
"   0";"   6";" 0.00";"  -2.477";"satisfeito";" 1.154858e-01"
"   0";"   6";" 0.00";"  -2.477";"roubado";" 1.154858e-01"
"   0";"   6";" 0.00";"  -2.477";"rola";" 1.154858e-01"
"   0";"   6";" 0.00";"  -2.477";"rj";" 1.154858e-01"
"   0";"   6";" 0.00";"  -2.477";"revogação";" 1.154858e-01"
"   0";"   6";" 0.00";"  -2.477";"ressarcir";" 1.154858e-01"
"   0";"   6";" 0.00";"  -2.477";"responsabilização";" 1.154858e-01"
"   0";"   6";" 0.00";"  -2.477";"respectivo";" 1.154858e-01"
"   0";"   6";" 0.00";"  -2.477";"reprovação";" 1.154858e-01"
"   0";"   6";" 0.00";"  -2.477";"repressão";" 1.154858e-01"
"   0";"   6";" 0.00";"  -2.477";"repasse";" 1.154858e-01"
"   0";"   6";" 0.00";"  -2.477";"reforço";" 1.154858e-01"
"   0";"   6";" 0.00";"  -2.477";"reestruturação";" 1.154858e-01"
"   0";"   6";" 0.00";"  -2.477";"qualitativo";" 1.154858e-01"
"   0";"   6";" 0.00";"  -2.477";"quai";" 1.154858e-01"
"   0";"   6";" 0.00";"  -2.477";"puxado";" 1.154858e-01"
"   0";"   6";" 0.00";"  -2.477";"progressismo";" 1.154858e-01"
"   0";"   6";" 0.00";"  -2.477";"presenciar";" 1.154858e-01"
"   0";"   6";" 0.00";"  -2.477";"potência";" 1.154858e-01"
"   0";"   6";" 0.00";"  -2.477";"por1";" 1.154858e-01"
"   0";"   6";" 0.00";"  -2.477";"popularidade";" 1.154858e-01"
"   0";"   6";" 0.00";"  -2.477";"politizar";" 1.154858e-01"
"   0";"   6";" 0.00";"  -2.477";"plausível";" 1.154858e-01"
"   0";"   6";" 0.00";"  -2.477";"pilha";" 1.154858e-01"
"   0";"   6";" 0.00";"  -2.477";"pichar";" 1.154858e-01"
"   0";"   6";" 0.00";"  -2.477";"ped";" 1.154858e-01"
"   0";"   6";" 0.00";"  -2.477";"patrão";" 1.154858e-01"
"   0";"   6";" 0.00";"  -2.477";"patru";" 1.154858e-01"
"   0";"   6";" 0.00";"  -2.477";"pato";" 1.154858e-01"
"   0";"   6";" 0.00";"  -2.477";"pactuar";" 1.154858e-01"
"   0";"   6";" 0.00";"  -2.477";"pachorra";" 1.154858e-01"
"   0";"   6";" 0.00";"  -2.477";"orelha";" 1.154858e-01"
"   0";"   6";" 0.00";"  -2.477";"opressor";" 1.154858e-01"
"   0";"   6";" 0.00";"  -2.477";"odebrecht";" 1.154858e-01"
"   0";"   6";" 0.00";"  -2.477";"narcotraficante";" 1.154858e-01"
"   0";"   6";" 0.00";"  -2.477";"monocrático";" 1.154858e-01"
"   0";"   6";" 0.00";"  -2.477";"mari";" 1.154858e-01"
"   0";"   6";" 0.00";"  -2.477";"lâmina";" 1.154858e-01"
"   0";"   6";" 0.00";"  -2.477";"luva";" 1.154858e-01"
"   0";"   6";" 0.00";"  -2.477";"lucrar";" 1.154858e-01"
"   0";"   6";" 0.00";"  -2.477";"lote";" 1.154858e-01"
"   0";"   6";" 0.00";"  -2.477";"lotar";" 1.154858e-01"
"   0";"   6";" 0.00";"  -2.477";"logicamente";" 1.154858e-01"
"   0";"   6";" 0.00";"  -2.477";"licenciatura";" 1.154858e-01"
"   0";"   6";" 0.00";"  -2.477";"lancelote";" 1.154858e-01"
"   0";"   6";" 0.00";"  -2.477";"iss";" 1.154858e-01"
"   0";"   6";" 0.00";"  -2.477";"ironia";" 1.154858e-01"
"   0";"   6";" 0.00";"  -2.477";"investigador";" 1.154858e-01"
"   0";"   6";" 0.00";"  -2.477";"innegável";" 1.154858e-01"
"   0";"   6";" 0.00";"  -2.477";"imputar";" 1.154858e-01"
"   0";"   6";" 0.00";"  -2.477";"homenagear";" 1.154858e-01"
"   0";"   6";" 0.00";"  -2.477";"hacker";" 1.154858e-01"
"   0";"   6";" 0.00";"  -2.477";"guimarães";" 1.154858e-01"
"   0";"   6";" 0.00";"  -2.477";"grevista";" 1.154858e-01"
"   0";"   6";" 0.00";"  -2.477";"gilmar";" 1.154858e-01"
"   0";"   6";" 0.00";"  -2.477";"ga";" 1.154858e-01"
"   0";"   6";" 0.00";"  -2.477";"fuzilar";" 1.154858e-01"
"   0";"   6";" 0.00";"  -2.477";"furto";" 1.154858e-01"
"   0";"   6";" 0.00";"  -2.477";"flow";" 1.154858e-01"
"   0";"   6";" 0.00";"  -2.477";"filiar";" 1.154858e-01"
"   0";"   6";" 0.00";"  -2.477";"fazê";" 1.154858e-01"
"   0";"   6";" 0.00";"  -2.477";"exemplar";" 1.154858e-01"
"   0";"   6";" 0.00";"  -2.477";"estômago";" 1.154858e-01"
"   0";"   6";" 0.00";"  -2.477";"esdrúxulo";" 1.154858e-01"
"   0";"   6";" 0.00";"  -2.477";"escancarado";" 1.154858e-01"
"   0";"   6";" 0.00";"  -2.477";"engenharia";" 1.154858e-01"
"   0";"   6";" 0.00";"  -2.477";"elite";" 1.154858e-01"
"   0";"   6";" 0.00";"  -2.477";"dutra";" 1.154858e-01"
"   0";"   6";" 0.00";"  -2.477";"doméstico";" 1.154858e-01"
"   0";"   6";" 0.00";"  -2.477";"dispositivo";" 1.154858e-01"
"   0";"   6";" 0.00";"  -2.477";"diferencial";" 1.154858e-01"
"   0";"   6";" 0.00";"  -2.477";"desmascarar";" 1.154858e-01"
"   0";"   6";" 0.00";"  -2.477";"demandado";" 1.154858e-01"
"   0";"   6";" 0.00";"  -2.477";"delinquente";" 1.154858e-01"
"   0";"   6";" 0.00";"  -2.477";"deliberado";" 1.154858e-01"
"   0";"   6";" 0.00";"  -2.477";"defendido";" 1.154858e-01"
"   0";"   6";" 0.00";"  -2.477";"decorrente";" 1.154858e-01"
"   0";"   6";" 0.00";"  -2.477";"danar";" 1.154858e-01"
"   0";"   6";" 0.00";"  -2.477";"cárcere";" 1.154858e-01"
"   0";"   6";" 0.00";"  -2.477";"culturalmente";" 1.154858e-01"
"   0";"   6";" 0.00";"  -2.477";"crânio";" 1.154858e-01"
"   0";"   6";" 0.00";"  -2.477";"contratação";" 1.154858e-01"
"   0";"   6";" 0.00";"  -2.477";"contrapartida";" 1.154858e-01"
"   0";"   6";" 0.00";"  -2.477";"composição";" 1.154858e-01"
"   0";"   6";" 0.00";"  -2.477";"compartilhamento";" 1.154858e-01"
"   0";"   6";" 0.00";"  -2.477";"coleta";" 1.154858e-01"
"   0";"   6";" 0.00";"  -2.477";"cientista";" 1.154858e-01"
"   0";"   6";" 0.00";"  -2.477";"cid";" 1.154858e-01"
"   0";"   6";" 0.00";"  -2.477";"cfet";" 1.154858e-01"
"   0";"   6";" 0.00";"  -2.477";"censo";" 1.154858e-01"
"   0";"   6";" 0.00";"  -2.477";"cemitério";" 1.154858e-01"
"   0";"   6";" 0.00";"  -2.477";"cecília";" 1.154858e-01"
"   0";"   6";" 0.00";"  -2.477";"cardoso";" 1.154858e-01"
"   0";"   6";" 0.00";"  -2.477";"cal";" 1.154858e-01"
"   0";"   6";" 0.00";"  -2.477";"caixinha";" 1.154858e-01"
"   0";"   6";" 0.00";"  -2.477";"cadastrar";" 1.154858e-01"
"   0";"   6";" 0.00";"  -2.477";"bárbaro";" 1.154858e-01"
"   0";"   6";" 0.00";"  -2.477";"blocks";" 1.154858e-01"
"   0";"   6";" 0.00";"  -2.477";"benedito";" 1.154858e-01"
"   0";"   6";" 0.00";"  -2.477";"belmonte";" 1.154858e-01"
"   0";"   6";" 0.00";"  -2.477";"banca";" 1.154858e-01"
"   0";"   6";" 0.00";"  -2.477";"baiano";" 1.154858e-01"
"   0";"   6";" 0.00";"  -2.477";"assalto";" 1.154858e-01"
"   0";"   6";" 0.00";"  -2.477";"articular";" 1.154858e-01"
"   0";"   6";" 0.00";"  -2.477";"arroz";" 1.154858e-01"
"   0";"   6";" 0.00";"  -2.477";"antiracista";" 1.154858e-01"
"   0";"   6";" 0.00";"  -2.477";"algodão";" 1.154858e-01"
"   0";"   6";" 0.00";"  -2.477";"administrar";" 1.154858e-01"
"   0";"   6";" 0.00";"  -2.477";"absolver";" 1.154858e-01"
"   0";"   6";" 0.00";"  -2.477";"abrigar";" 1.154858e-01"
"  12";"  60";"20.00";"  -2.472";"equipa";" 1.159029e-01"
"   6";"  35";"17.14";"  -2.472";"atuação";" 1.159196e-01"
" 194";" 729";"26.61";"  -2.469";"ainda";" 1.161169e-01"
"  14";"  68";"20.59";"  -2.456";"financeiro";" 1.170676e-01"
"  14";"  68";"20.59";"  -2.456";"desculpa";" 1.170676e-01"
"  15";"  72";"20.83";"  -2.455";"marco";" 1.171219e-01"
"   4";"  26";"15.38";"  -2.409";"instalar";" 1.206608e-01"
"   4";"  26";"15.38";"  -2.409";"mobilizar";" 1.206608e-01"
"   7";"  39";"17.95";"  -2.399";"título";" 1.213999e-01"
"   8";"  43";"18.60";"  -2.347";"prazo";" 1.255504e-01"
"   8";"  43";"18.60";"  -2.347";"palestra";" 1.255504e-01"
"   8";"  43";"18.60";"  -2.347";"limite";" 1.255504e-01"
"   5";"  30";"16.67";"  -2.288";"nervoso";" 1.303423e-01"
"  10";"  51";"19.61";"  -2.283";"cor";" 1.308178e-01"
"  10";"  51";"19.61";"  -2.283";"rapidamente";" 1.308178e-01"
"  26";" 114";"22.81";"  -2.277";"rápido";" 1.313115e-01"
"  62";" 249";"24.90";"  -2.269";"destruir";" 1.319553e-01"
"   3";"  21";"14.29";"  -2.266";"ponte";" 1.322075e-01"
"   3";"  21";"14.29";"  -2.266";"atribuir";" 1.322075e-01"
"   3";"  21";"14.29";"  -2.266";"seleção";" 1.322075e-01"
"   3";"  21";"14.29";"  -2.266";"respeitado";" 1.322075e-01"
" 888";"3162";"28.08";"  -2.259";"muito";" 1.328377e-01"
"  12";"  59";"20.34";"  -2.255";"região";" 1.331759e-01"
"  12";"  59";"20.34";"  -2.255";"indignação";" 1.331759e-01"
"  13";"  63";"20.63";"  -2.251";"preocupação";" 1.335694e-01"
"   6";"  34";"17.65";"  -2.205";"relevante";" 1.375996e-01"
"   2";"  16";"12.50";"  -2.164";"presencial";" 1.412773e-01"
"   2";"  16";"12.50";"  -2.164";"oposto";" 1.412773e-01"
"   2";"  16";"12.50";"  -2.164";"barato";" 1.412773e-01"
"   2";"  16";"12.50";"  -2.164";"ofender";" 1.412773e-01"
"   2";"  16";"12.50";"  -2.164";"frequência";" 1.412773e-01"
"   2";"  16";"12.50";"  -2.164";"metro";" 1.412773e-01"
"   2";"  16";"12.50";"  -2.164";"emitir";" 1.412773e-01"
"   2";"  16";"12.50";"  -2.164";"autorização";" 1.412773e-01"
"   2";"  16";"12.50";"  -2.164";"armamento";" 1.412773e-01"
"   2";"  16";"12.50";"  -2.164";"agosto";" 1.412773e-01"
"   1";"  11";" 9.09";"  -2.156";"moto";" 1.420263e-01"
"   1";"  11";" 9.09";"  -2.156";"alô";" 1.420263e-01"
"   1";"  11";" 9.09";"  -2.156";"menção";" 1.420263e-01"
"   1";"  11";" 9.09";"  -2.156";"estrela";" 1.420263e-01"
"   1";"  11";" 9.09";"  -2.156";"capa";" 1.420263e-01"
"   1";"  11";" 9.09";"  -2.156";"bar";" 1.420263e-01"
"   1";"  11";" 9.09";"  -2.156";"simone";" 1.420263e-01"
"   1";"  11";" 9.09";"  -2.156";"poupança";" 1.420263e-01"
"   1";"  11";" 9.09";"  -2.156";"inegável";" 1.420263e-01"
"   1";"  11";" 9.09";"  -2.156";"chutar";" 1.420263e-01"
"   1";"  11";" 9.09";"  -2.156";"velocidade";" 1.420263e-01"
"   1";"  11";" 9.09";"  -2.156";"trecho";" 1.420263e-01"
"   1";"  11";" 9.09";"  -2.156";"prejudicado";" 1.420263e-01"
"   1";"  11";" 9.09";"  -2.156";"polarização";" 1.420263e-01"
"   1";"  11";" 9.09";"  -2.156";"perpétuo";" 1.420263e-01"
"   1";"  11";" 9.09";"  -2.156";"máquina";" 1.420263e-01"
"   1";"  11";" 9.09";"  -2.156";"manutenção";" 1.420263e-01"
"   1";"  11";" 9.09";"  -2.156";"inverter";" 1.420263e-01"
"   1";"  11";" 9.09";"  -2.156";"imunidade";" 1.420263e-01"
"   1";"  11";" 9.09";"  -2.156";"fábrica";" 1.420263e-01"
"   1";"  11";" 9.09";"  -2.156";"fragilidade";" 1.420263e-01"
"   1";"  11";" 9.09";"  -2.156";"curiosidade";" 1.420263e-01"
"   1";"  11";" 9.09";"  -2.156";"vulnerável";" 1.420263e-01"
"   1";"  11";" 9.09";"  -2.156";"supermercado";" 1.420263e-01"
"   1";"  11";" 9.09";"  -2.156";"prévio";" 1.420263e-01"
"   1";"  11";" 9.09";"  -2.156";"protagonismo";" 1.420263e-01"
"   1";"  11";" 9.09";"  -2.156";"pontuar";" 1.420263e-01"
"   1";"  11";" 9.09";"  -2.156";"podre";" 1.420263e-01"
"   1";"  11";" 9.09";"  -2.156";"periferia";" 1.420263e-01"
"   1";"  11";" 9.09";"  -2.156";"omisso";" 1.420263e-01"
"   1";"  11";" 9.09";"  -2.156";"nu";" 1.420263e-01"
"   1";"  11";" 9.09";"  -2.156";"mendes";" 1.420263e-01"
"   1";"  11";" 9.09";"  -2.156";"instrução";" 1.420263e-01"
"   1";"  11";" 9.09";"  -2.156";"imenso";" 1.420263e-01"
"   1";"  11";" 9.09";"  -2.156";"espelho";" 1.420263e-01"
"   1";"  11";" 9.09";"  -2.156";"distorção";" 1.420263e-01"
"   1";"  11";" 9.09";"  -2.156";"curva";" 1.420263e-01"
"   1";"  11";" 9.09";"  -2.156";"cunha";" 1.420263e-01"
"   1";"  11";" 9.09";"  -2.156";"correção";" 1.420263e-01"
"   1";"  11";" 9.09";"  -2.156";"cnn";" 1.420263e-01"
"   1";"  11";" 9.09";"  -2.156";"apoiador";" 1.420263e-01"
"   1";"  11";" 9.09";"  -2.156";"alerta";" 1.420263e-01"
"  80";" 314";"25.48";"  -2.153";"livro";" 1.423186e-01"
"   7";"  38";"18.42";"  -2.146";"ofício";" 1.429664e-01"
"  20";"  90";"22.22";"  -2.138";"correr";" 1.436581e-01"
"  19";"  86";"22.09";"  -2.119";"cá";" 1.454715e-01"
"  93";" 361";"25.76";"  -2.117";"perder";" 1.456291e-01"
"   4";"  25";"16.00";"  -2.115";"queimado";" 1.459064e-01"
"   4";"  25";"16.00";"  -2.115";"dama";" 1.459064e-01"
"   4";"  25";"16.00";"  -2.115";"etapa";" 1.459064e-01"
"   8";"  42";"19.05";"  -2.105";"geralmente";" 1.468466e-01"
"  18";"  82";"21.95";"  -2.101";"loucura";" 1.471628e-01"
"   9";"  46";"19.57";"  -2.077";"representante";" 1.495478e-01"
"  16";"  74";"21.62";"  -2.072";"esconder";" 1.500612e-01"
"  16";"  74";"21.62";"  -2.072";"atitude";" 1.500612e-01"
"   0";"   5";" 0.00";"  -2.064";"it";" 1.507645e-01"
"   0";"   5";" 0.00";"  -2.064";"travesti";" 1.507645e-01"
"   0";"   5";" 0.00";"  -2.064";"on";" 1.507645e-01"
"   0";"   5";" 0.00";"  -2.064";"preconceituoso";" 1.507645e-01"
"   0";"   5";" 0.00";"  -2.064";"intolerante";" 1.507645e-01"
"   0";"   5";" 0.00";"  -2.064";"out";" 1.507645e-01"
"   0";"   5";" 0.00";"  -2.064";"fantasia";" 1.507645e-01"
"   0";"   5";" 0.00";"  -2.064";"verificação";" 1.507645e-01"
"   0";"   5";" 0.00";"  -2.064";"ms";" 1.507645e-01"
"   0";"   5";" 0.00";"  -2.064";"khalil";" 1.507645e-01"
"   0";"   5";" 0.00";"  -2.064";"amaral";" 1.507645e-01"
"   0";"   5";" 0.00";"  -2.064";"school";" 1.507645e-01"
"   0";"   5";" 0.00";"  -2.064";"ronaldinho";" 1.507645e-01"
"   0";"   5";" 0.00";"  -2.064";"gestação";" 1.507645e-01"
"   0";"   5";" 0.00";"  -2.064";"tumulto";" 1.507645e-01"
"   0";"   5";" 0.00";"  -2.064";"telemático";" 1.507645e-01"
"   0";"   5";" 0.00";"  -2.064";"pulso";" 1.507645e-01"
"   0";"   5";" 0.00";"  -2.064";"pronunciar";" 1.507645e-01"
"   0";"   5";" 0.00";"  -2.064";"medicamento";" 1.507645e-01"
"   0";"   5";" 0.00";"  -2.064";"del";" 1.507645e-01"
"   0";"   5";" 0.00";"  -2.064";"cinto";" 1.507645e-01"
"   0";"   5";" 0.00";"  -2.064";"xuxa";" 1.507645e-01"
"   0";"   5";" 0.00";"  -2.064";"tartaruga";" 1.507645e-01"
"   0";"   5";" 0.00";"  -2.064";"subsequente";" 1.507645e-01"
"   0";"   5";" 0.00";"  -2.064";"pomba";" 1.507645e-01"
"   0";"   5";" 0.00";"  -2.064";"permear";" 1.507645e-01"
"   0";"   5";" 0.00";"  -2.064";"nadar";" 1.507645e-01"
"   0";"   5";" 0.00";"  -2.064";"lixar";" 1.507645e-01"
"   0";"   5";" 0.00";"  -2.064";"ilegal";" 1.507645e-01"
"   0";"   5";" 0.00";"  -2.064";"ifood";" 1.507645e-01"
"   0";"   5";" 0.00";"  -2.064";"gravação";" 1.507645e-01"
"   0";"   5";" 0.00";"  -2.064";"genial";" 1.507645e-01"
"   0";"   5";" 0.00";"  -2.064";"espantalho";" 1.507645e-01"
"   0";"   5";" 0.00";"  -2.064";"desembargador";" 1.507645e-01"
"   0";"   5";" 0.00";"  -2.064";"correlação";" 1.507645e-01"
"   0";"   5";" 0.00";"  -2.064";"comício";" 1.507645e-01"
"   0";"   5";" 0.00";"  -2.064";"caminhão";" 1.507645e-01"
"   0";"   5";" 0.00";"  -2.064";"aprofundado";" 1.507645e-01"
"   0";"   5";" 0.00";"  -2.064";"almeida";" 1.507645e-01"
"   0";"   5";" 0.00";"  -2.064";"wilber";" 1.507645e-01"
"   0";"   5";" 0.00";"  -2.064";"vínculo";" 1.507645e-01"
"   0";"   5";" 0.00";"  -2.064";"vácuo";" 1.507645e-01"
"   0";"   5";" 0.00";"  -2.064";"videozinhos";" 1.507645e-01"
"   0";"   5";" 0.00";"  -2.064";"universal";" 1.507645e-01"
"   0";"   5";" 0.00";"  -2.064";"término";" 1.507645e-01"
"   0";"   5";" 0.00";"  -2.064";"tesoureiro";" 1.507645e-01"
"   0";"   5";" 0.00";"  -2.064";"tavam";" 1.507645e-01"
"   0";"   5";" 0.00";"  -2.064";"taquigráfico";" 1.507645e-01"
"   0";"   5";" 0.00";"  -2.064";"suécia";" 1.507645e-01"
"   0";"   5";" 0.00";"  -2.064";"solitário";" 1.507645e-01"
"   0";"   5";" 0.00";"  -2.064";"sinalização";" 1.507645e-01"
"   0";"   5";" 0.00";"  -2.064";"safar";" 1.507645e-01"
"   0";"   5";" 0.00";"  -2.064";"requisitar";" 1.507645e-01"
"   0";"   5";" 0.00";"  -2.064";"pum";" 1.507645e-01"
"   0";"   5";" 0.00";"  -2.064";"prof";" 1.507645e-01"
"   0";"   5";" 0.00";"  -2.064";"privatizar";" 1.507645e-01"
"   0";"   5";" 0.00";"  -2.064";"previdência";" 1.507645e-01"
"   0";"   5";" 0.00";"  -2.064";"preguiçoso";" 1.507645e-01"
"   0";"   5";" 0.00";"  -2.064";"pontifício";" 1.507645e-01"
"   0";"   5";" 0.00";"  -2.064";"paredão";" 1.507645e-01"
"   0";"   5";" 0.00";"  -2.064";"palavrão";" 1.507645e-01"
"   0";"   5";" 0.00";"  -2.064";"mário";" 1.507645e-01"
"   0";"   5";" 0.00";"  -2.064";"monteiro";" 1.507645e-01"
"   0";"   5";" 0.00";"  -2.064";"mcdonald";" 1.507645e-01"
"   0";"   5";" 0.00";"  -2.064";"maioridade";" 1.507645e-01"
"   0";"   5";" 0.00";"  -2.064";"light";" 1.507645e-01"
"   0";"   5";" 0.00";"  -2.064";"lenin";" 1.507645e-01"
"   0";"   5";" 0.00";"  -2.064";"jordan";" 1.507645e-01"
"   0";"   5";" 0.00";"  -2.064";"internar";" 1.507645e-01"
"   0";"   5";" 0.00";"  -2.064";"incompetência";" 1.507645e-01"
"   0";"   5";" 0.00";"  -2.064";"imprevisto";" 1.507645e-01"
"   0";"   5";" 0.00";"  -2.064";"gordola";" 1.507645e-01"
"   0";"   5";" 0.00";"  -2.064";"girar";" 1.507645e-01"
"   0";"   5";" 0.00";"  -2.064";"generalizar";" 1.507645e-01"
"   0";"   5";" 0.00";"  -2.064";"fund";" 1.507645e-01"
"   0";"   5";" 0.00";"  -2.064";"flexibilização";" 1.507645e-01"
"   0";"   5";" 0.00";"  -2.064";"estruturação";" 1.507645e-01"
"   0";"   5";" 0.00";"  -2.064";"espancar";" 1.507645e-01"
"   0";"   5";" 0.00";"  -2.064";"engler";" 1.507645e-01"
"   0";"   5";" 0.00";"  -2.064";"ead";" 1.507645e-01"
"   0";"   5";" 0.00";"  -2.064";"dotação";" 1.507645e-01"
"   0";"   5";" 0.00";"  -2.064";"disciplinado";" 1.507645e-01"
"   0";"   5";" 0.00";"  -2.064";"direitista";" 1.507645e-01"
"   0";"   5";" 0.00";"  -2.064";"desmoralizado";" 1.507645e-01"
"   0";"   5";" 0.00";"  -2.064";"delegacia";" 1.507645e-01"
"   0";"   5";" 0.00";"  -2.064";"decência";" 1.507645e-01"
"   0";"   5";" 0.00";"  -2.064";"coxa";" 1.507645e-01"
"   0";"   5";" 0.00";"  -2.064";"convenção";" 1.507645e-01"
"   0";"   5";" 0.00";"  -2.064";"colateral";" 1.507645e-01"
"   0";"   5";" 0.00";"  -2.064";"classificar";" 1.507645e-01"
"   0";"   5";" 0.00";"  -2.064";"cartilha";" 1.507645e-01"
"   0";"   5";" 0.00";"  -2.064";"bujão";" 1.507645e-01"
"   0";"   5";" 0.00";"  -2.064";"boate";" 1.507645e-01"
"   0";"   5";" 0.00";"  -2.064";"bi";" 1.507645e-01"
"   0";"   5";" 0.00";"  -2.064";"barroso";" 1.507645e-01"
"   0";"   5";" 0.00";"  -2.064";"açúcar";" 1.507645e-01"
"   0";"   5";" 0.00";"  -2.064";"arrecadação";" 1.507645e-01"
"   0";"   5";" 0.00";"  -2.064";"abóbora";" 1.507645e-01"
"   0";"   5";" 0.00";"  -2.064";"abstenção";" 1.507645e-01"
"   0";"   5";" 0.00";"  -2.064";"éder";" 1.507645e-01"
"   0";"   5";" 0.00";"  -2.064";"ânus";" 1.507645e-01"
"   0";"   5";" 0.00";"  -2.064";"zuco";" 1.507645e-01"
"   0";"   5";" 0.00";"  -2.064";"xx";" 1.507645e-01"
"   0";"   5";" 0.00";"  -2.064";"visibilidade";" 1.507645e-01"
"   0";"   5";" 0.00";"  -2.064";"violentado";" 1.507645e-01"
"   0";"   5";" 0.00";"  -2.064";"vedado";" 1.507645e-01"
"   0";"   5";" 0.00";"  -2.064";"variável";" 1.507645e-01"
"   0";"   5";" 0.00";"  -2.064";"vanessa";" 1.507645e-01"
"   0";"   5";" 0.00";"  -2.064";"unificado";" 1.507645e-01"
"   0";"   5";" 0.00";"  -2.064";"ucraniano";" 1.507645e-01"
"   0";"   5";" 0.00";"  -2.064";"transposição";" 1.507645e-01"
"   0";"   5";" 0.00";"  -2.064";"tranquilamente";" 1.507645e-01"
"   0";"   5";" 0.00";"  -2.064";"tramitar";" 1.507645e-01"
"   0";"   5";" 0.00";"  -2.064";"tradição";" 1.507645e-01"
"   0";"   5";" 0.00";"  -2.064";"tinta";" 1.507645e-01"
"   0";"   5";" 0.00";"  -2.064";"tero";" 1.507645e-01"
"   0";"   5";" 0.00";"  -2.064";"teram";" 1.507645e-01"
"   0";"   5";" 0.00";"  -2.064";"tensão";" 1.507645e-01"
"   0";"   5";" 0.00";"  -2.064";"taxação";" 1.507645e-01"
"   0";"   5";" 0.00";"  -2.064";"sítio";" 1.507645e-01"
"   0";"   5";" 0.00";"  -2.064";"supostamente";" 1.507645e-01"
"   0";"   5";" 0.00";"  -2.064";"superdotação";" 1.507645e-01"
"   0";"   5";" 0.00";"  -2.064";"subscrição";" 1.507645e-01"
"   0";"   5";" 0.00";"  -2.064";"stj";" 1.507645e-01"
"   0";"   5";" 0.00";"  -2.064";"sorteio";" 1.507645e-01"
"   0";"   5";" 0.00";"  -2.064";"sexualizar";" 1.507645e-01"
"   0";"   5";" 0.00";"  -2.064";"seriamente";" 1.507645e-01"
"   0";"   5";" 0.00";"  -2.064";"sepultar";" 1.507645e-01"
"   0";"   5";" 0.00";"  -2.064";"senha";" 1.507645e-01"
"   0";"   5";" 0.00";"  -2.064";"semanal";" 1.507645e-01"
"   0";"   5";" 0.00";"  -2.064";"satisfatório";" 1.507645e-01"
"   0";"   5";" 0.00";"  -2.064";"salab";" 1.507645e-01"
"   0";"   5";" 0.00";"  -2.064";"sadio";" 1.507645e-01"
"   0";"   5";" 0.00";"  -2.064";"ritmo";" 1.507645e-01"
"   0";"   5";" 0.00";"  -2.064";"ressalva";" 1.507645e-01"
"   0";"   5";" 0.00";"  -2.064";"reportar";" 1.507645e-01"
"   0";"   5";" 0.00";"  -2.064";"repercussão";" 1.507645e-01"
"   0";"   5";" 0.00";"  -2.064";"referente";" 1.507645e-01"
"   0";"   5";" 0.00";"  -2.064";"recesso";" 1.507645e-01"
"   0";"   5";" 0.00";"  -2.064";"recapitular";" 1.507645e-01"
"   0";"   5";" 0.00";"  -2.064";"reajustar";" 1.507645e-01"
"   0";"   5";" 0.00";"  -2.064";"ratificar";" 1.507645e-01"
"   0";"   5";" 0.00";"  -2.064";"rap";" 1.507645e-01"
"   0";"   5";" 0.00";"  -2.064";"ramagem";" 1.507645e-01"
"   0";"   5";" 0.00";"  -2.064";"racial";" 1.507645e-01"
"   0";"   5";" 0.00";"  -2.064";"pílula";" 1.507645e-01"
"   0";"   5";" 0.00";"  -2.064";"puto";" 1.507645e-01"
"   0";"   5";" 0.00";"  -2.064";"pulmão";" 1.507645e-01"
"   0";"   5";" 0.00";"  -2.064";"proveito";" 1.507645e-01"
"   0";"   5";" 0.00";"  -2.064";"protestar";" 1.507645e-01"
"   0";"   5";" 0.00";"  -2.064";"proselitismo";" 1.507645e-01"
"   0";"   5";" 0.00";"  -2.064";"presid";" 1.507645e-01"
"   0";"   5";" 0.00";"  -2.064";"prematuro";" 1.507645e-01"
"   0";"   5";" 0.00";"  -2.064";"populista";" 1.507645e-01"
"   0";"   5";" 0.00";"  -2.064";"polêmica";" 1.507645e-01"
"   0";"   5";" 0.00";"  -2.064";"polo";" 1.507645e-01"
"   0";"   5";" 0.00";"  -2.064";"pis";" 1.507645e-01"
"   0";"   5";" 0.00";"  -2.064";"pipoqueiro";" 1.507645e-01"
"   0";"   5";" 0.00";"  -2.064";"pipa";" 1.507645e-01"
"   0";"   5";" 0.00";"  -2.064";"pejorativo";" 1.507645e-01"
"   0";"   5";" 0.00";"  -2.064";"pears";" 1.507645e-01"
"   0";"   5";" 0.00";"  -2.064";"palhaço";" 1.507645e-01"
"   0";"   5";" 0.00";"  -2.064";"pac";" 1.507645e-01"
"   0";"   5";" 0.00";"  -2.064";"ospb";" 1.507645e-01"
"   0";"   5";" 0.00";"  -2.064";"oportunismo";" 1.507645e-01"
"   0";"   5";" 0.00";"  -2.064";"ongs";" 1.507645e-01"
"   0";"   5";" 0.00";"  -2.064";"objetivamente";" 1.507645e-01"
"   0";"   5";" 0.00";"  -2.064";"nísia";" 1.507645e-01"
"   0";"   5";" 0.00";"  -2.064";"noticiar";" 1.507645e-01"
"   0";"   5";" 0.00";"  -2.064";"norda";" 1.507645e-01"
"   0";"   5";" 0.00";"  -2.064";"ninja";" 1.507645e-01"
"   0";"   5";" 0.00";"  -2.064";"mágico";" 1.507645e-01"
"   0";"   5";" 0.00";"  -2.064";"multifuncional";" 1.507645e-01"
"   0";"   5";" 0.00";"  -2.064";"movimentado";" 1.507645e-01"
"   0";"   5";" 0.00";"  -2.064";"monstro";" 1.507645e-01"
"   0";"   5";" 0.00";"  -2.064";"monarque";" 1.507645e-01"
"   0";"   5";" 0.00";"  -2.064";"molotov";" 1.507645e-01"
"   0";"   5";" 0.00";"  -2.064";"molecular";" 1.507645e-01"
"   0";"   5";" 0.00";"  -2.064";"misoginia";" 1.507645e-01"
"   0";"   5";" 0.00";"  -2.064";"milho";" 1.507645e-01"
"   0";"   5";" 0.00";"  -2.064";"mike";" 1.507645e-01"
"   0";"   5";" 0.00";"  -2.064";"miar";" 1.507645e-01"
"   0";"   5";" 0.00";"  -2.064";"miami";" 1.507645e-01"
"   0";"   5";" 0.00";"  -2.064";"marqueteiro";" 1.507645e-01"
"   0";"   5";" 0.00";"  -2.064";"maquinário";" 1.507645e-01"
"   0";"   5";" 0.00";"  -2.064";"manaus";" 1.507645e-01"
"   0";"   5";" 0.00";"  -2.064";"malefício";" 1.507645e-01"
"   0";"   5";" 0.00";"  -2.064";"literatura";" 1.507645e-01"
"   0";"   5";" 0.00";"  -2.064";"likes";" 1.507645e-01"
"   0";"   5";" 0.00";"  -2.064";"lide";" 1.507645e-01"
"   0";"   5";" 0.00";"  -2.064";"lema";" 1.507645e-01"
"   0";"   5";" 0.00";"  -2.064";"ldb";" 1.507645e-01"
"   0";"   5";" 0.00";"  -2.064";"lago";" 1.507645e-01"
"   0";"   5";" 0.00";"  -2.064";"kg";" 1.507645e-01"
"   0";"   5";" 0.00";"  -2.064";"jornalismo";" 1.507645e-01"
"   0";"   5";" 0.00";"  -2.064";"itinerário";" 1.507645e-01"
"   0";"   5";" 0.00";"  -2.064";"inviabilizar";" 1.507645e-01"
"   0";"   5";" 0.00";"  -2.064";"ineficiência";" 1.507645e-01"
"   0";"   5";" 0.00";"  -2.064";"indireto";" 1.507645e-01"
"   0";"   5";" 0.00";"  -2.064";"incoerente";" 1.507645e-01"
"   0";"   5";" 0.00";"  -2.064";"impune";" 1.507645e-01"
"   0";"   5";" 0.00";"  -2.064";"iludir";" 1.507645e-01"
"   0";"   5";" 0.00";"  -2.064";"ii";" 1.507645e-01"
"   0";"   5";" 0.00";"  -2.064";"iandra";" 1.507645e-01"
"   0";"   5";" 0.00";"  -2.064";"homicida";" 1.507645e-01"
"   0";"   5";" 0.00";"  -2.064";"gu";" 1.507645e-01"
"   0";"   5";" 0.00";"  -2.064";"gregório";" 1.507645e-01"
"   0";"   5";" 0.00";"  -2.064";"ginástica";" 1.507645e-01"
"   0";"   5";" 0.00";"  -2.064";"garcia";" 1.507645e-01"
"   0";"   5";" 0.00";"  -2.064";"francisco";" 1.507645e-01"
"   0";"   5";" 0.00";"  -2.064";"filmagem";" 1.507645e-01"
"   0";"   5";" 0.00";"  -2.064";"fictício";" 1.507645e-01"
"   0";"   5";" 0.00";"  -2.064";"fic";" 1.507645e-01"
"   0";"   5";" 0.00";"  -2.064";"fiar";" 1.507645e-01"
"   0";"   5";" 0.00";"  -2.064";"ferreirinha";" 1.507645e-01"
"   0";"   5";" 0.00";"  -2.064";"feedback";" 1.507645e-01"
"   0";"   5";" 0.00";"  -2.064";"faul";" 1.507645e-01"
"   0";"   5";" 0.00";"  -2.064";"familiaridade";" 1.507645e-01"
"   0";"   5";" 0.00";"  -2.064";"fada";" 1.507645e-01"
"   0";"   5";" 0.00";"  -2.064";"exelência";" 1.507645e-01"
"   0";"   5";" 0.00";"  -2.064";"excessivo";" 1.507645e-01"
"   0";"   5";" 0.00";"  -2.064";"eventual";" 1.507645e-01"
"   0";"   5";" 0.00";"  -2.064";"estimativa";" 1.507645e-01"
"   0";"   5";" 0.00";"  -2.064";"esticar";" 1.507645e-01"
"   0";"   5";" 0.00";"  -2.064";"esquartejar";" 1.507645e-01"
"   0";"   5";" 0.00";"  -2.064";"escárnio";" 1.507645e-01"
"   0";"   5";" 0.00";"  -2.064";"escol";" 1.507645e-01"
"   0";"   5";" 0.00";"  -2.064";"equipar";" 1.507645e-01"
"   0";"   5";" 0.00";"  -2.064";"engajado";" 1.507645e-01"
"   0";"   5";" 0.00";"  -2.064";"encenar";" 1.507645e-01"
"   0";"   5";" 0.00";"  -2.064";"encarecidamente";" 1.507645e-01"
"   0";"   5";" 0.00";"  -2.064";"emergente";" 1.507645e-01"
"   0";"   5";" 0.00";"  -2.064";"eleitoreiro";" 1.507645e-01"
"   0";"   5";" 0.00";"  -2.064";"elan";" 1.507645e-01"
"   0";"   5";" 0.00";"  -2.064";"eja";" 1.507645e-01"
"   0";"   5";" 0.00";"  -2.064";"duplo";" 1.507645e-01"
"   0";"   5";" 0.00";"  -2.064";"dula";" 1.507645e-01"
"   0";"   5";" 0.00";"  -2.064";"drogado";" 1.507645e-01"
"   0";"   5";" 0.00";"  -2.064";"documentação";" 1.507645e-01"
"   0";"   5";" 0.00";"  -2.064";"divergente";" 1.507645e-01"
"   0";"   5";" 0.00";"  -2.064";"distorcer";" 1.507645e-01"
"   0";"   5";" 0.00";"  -2.064";"dirigente";" 1.507645e-01"
"   0";"   5";" 0.00";"  -2.064";"diplomático";" 1.507645e-01"
"   0";"   5";" 0.00";"  -2.064";"diferenciação";" 1.507645e-01"
"   0";"   5";" 0.00";"  -2.064";"diego";" 1.507645e-01"
"   0";"   5";" 0.00";"  -2.064";"detalhamento";" 1.507645e-01"
"   0";"   5";" 0.00";"  -2.064";"desrespeitoso";" 1.507645e-01"
"   0";"   5";" 0.00";"  -2.064";"desqualificar";" 1.507645e-01"
"   0";"   5";" 0.00";"  -2.064";"despreparo";" 1.507645e-01"
"   0";"   5";" 0.00";"  -2.064";"desnecessário";" 1.507645e-01"
"   0";"   5";" 0.00";"  -2.064";"desarmar";" 1.507645e-01"
"   0";"   5";" 0.00";"  -2.064";"desanimador";" 1.507645e-01"
"   0";"   5";" 0.00";"  -2.064";"democraticamente";" 1.507645e-01"
"   0";"   5";" 0.00";"  -2.064";"deferir";" 1.507645e-01"
"   0";"   5";" 0.00";"  -2.064";"de2021";" 1.507645e-01"
"   0";"   5";" 0.00";"  -2.064";"dandara";" 1.507645e-01"
"   0";"   5";" 0.00";"  -2.064";"cívic";" 1.507645e-01"
"   0";"   5";" 0.00";"  -2.064";"criston";" 1.507645e-01"
"   0";"   5";" 0.00";"  -2.064";"cristalino";" 1.507645e-01"
"   0";"   5";" 0.00";"  -2.064";"criminalmente";" 1.507645e-01"
"   0";"   5";" 0.00";"  -2.064";"criatividade";" 1.507645e-01"
"   0";"   5";" 0.00";"  -2.064";"conveniência";" 1.507645e-01"
"   0";"   5";" 0.00";"  -2.064";"contrapeso";" 1.507645e-01"
"   0";"   5";" 0.00";"  -2.064";"considerável";" 1.507645e-01"
"   0";"   5";" 0.00";"  -2.064";"conscientização";" 1.507645e-01"
"   0";"   5";" 0.00";"  -2.064";"conclusivo";" 1.507645e-01"
"   0";"   5";" 0.00";"  -2.064";"componente";" 1.507645e-01"
"   0";"   5";" 0.00";"  -2.064";"colegiado";" 1.507645e-01"
"   0";"   5";" 0.00";"  -2.064";"clezão";" 1.507645e-01"
"   0";"   5";" 0.00";"  -2.064";"cleitinho";" 1.507645e-01"
"   0";"   5";" 0.00";"  -2.064";"cio";" 1.507645e-01"
"   0";"   5";" 0.00";"  -2.064";"chocado";" 1.507645e-01"
"   0";"   5";" 0.00";"  -2.064";"chinelo";" 1.507645e-01"
"   0";"   5";" 0.00";"  -2.064";"checklist";" 1.507645e-01"
"   0";"   5";" 0.00";"  -2.064";"cgu";" 1.507645e-01"
"   0";"   5";" 0.00";"  -2.064";"celebridade";" 1.507645e-01"
"   0";"   5";" 0.00";"  -2.064";"carolina";" 1.507645e-01"
"   0";"   5";" 0.00";"  -2.064";"caracterizar";" 1.507645e-01"
"   0";"   5";" 0.00";"  -2.064";"caps";" 1.507645e-01"
"   0";"   5";" 0.00";"  -2.064";"capelli";" 1.507645e-01"
"   0";"   5";" 0.00";"  -2.064";"canziani";" 1.507645e-01"
"   0";"   5";" 0.00";"  -2.064";"canibal";" 1.507645e-01"
"   0";"   5";" 0.00";"  -2.064";"campus";" 1.507645e-01"
"   0";"   5";" 0.00";"  -2.064";"camiseta";" 1.507645e-01"
"   0";"   5";" 0.00";"  -2.064";"cabulosos";" 1.507645e-01"
"   0";"   5";" 0.00";"  -2.064";"boto";" 1.507645e-01"
"   0";"   5";" 0.00";"  -2.064";"botijão";" 1.507645e-01"
"   0";"   5";" 0.00";"  -2.064";"botafogo";" 1.507645e-01"
"   0";"   5";" 0.00";"  -2.064";"bnds";" 1.507645e-01"
"   0";"   5";" 0.00";"  -2.064";"benéfico";" 1.507645e-01"
"   0";"   5";" 0.00";"  -2.064";"aval";" 1.507645e-01"
"   0";"   5";" 0.00";"  -2.064";"autocrítica";" 1.507645e-01"
"   0";"   5";" 0.00";"  -2.064";"aterrorizar";" 1.507645e-01"
"   0";"   5";" 0.00";"  -2.064";"ater";" 1.507645e-01"
"   0";"   5";" 0.00";"  -2.064";"assaltar";" 1.507645e-01"
"   0";"   5";" 0.00";"  -2.064";"aquisição";" 1.507645e-01"
"   0";"   5";" 0.00";"  -2.064";"aparato";" 1.507645e-01"
"   0";"   5";" 0.00";"  -2.064";"ande";" 1.507645e-01"
"   0";"   5";" 0.00";"  -2.064";"alternativa";" 1.507645e-01"
"   0";"   5";" 0.00";"  -2.064";"alocar";" 1.507645e-01"
"   0";"   5";" 0.00";"  -2.064";"alkim";" 1.507645e-01"
"   0";"   5";" 0.00";"  -2.064";"alba";" 1.507645e-01"
"   0";"   5";" 0.00";"  -2.064";"alarmante";" 1.507645e-01"
"   0";"   5";" 0.00";"  -2.064";"alar";" 1.507645e-01"
"   0";"   5";" 0.00";"  -2.064";"adjetivo";" 1.507645e-01"
"   0";"   5";" 0.00";"  -2.064";"adaptação";" 1.507645e-01"
"   0";"   5";" 0.00";"  -2.064";"acelerar";" 1.507645e-01"
"   0";"   5";" 0.00";"  -2.064";"ac";" 1.507645e-01"
"   0";"   5";" 0.00";"  -2.064";"abílio";" 1.507645e-01"
"   0";"   5";" 0.00";"  -2.064";"absolvido";" 1.507645e-01"
"   0";"   5";" 0.00";"  -2.064";"abarcar";" 1.507645e-01"
"   0";"   5";" 0.00";"  -2.064";"5g";" 1.507645e-01"
"  38";" 158";"24.05";"  -2.054";"ontem";" 1.518033e-01"
"  14";"  66";"21.21";"  -2.052";"norte";" 1.520518e-01"
"  13";"  62";"20.97";"  -2.046";"qu";" 1.525756e-01"
"  12";"  58";"20.69";"  -2.045";"comparar";" 1.526908e-01"
"   5";"  29";"17.24";"  -2.014";"publicamente";" 1.558398e-01"
"   5";"  29";"17.24";"  -2.014";"prejudicar";" 1.558398e-01"
"   5";"  29";"17.24";"  -2.014";"paraas";" 1.558398e-01"
" 253";" 932";"27.15";"  -2.013";"realmente";" 1.559921e-01"
"*****";"*";"*";"*";"*";"*"
"2966";"11458";"25.89";"-113.828";"não";"1.420817e-26"
"  69";"  607";"11.37";" -95.868";"estado";"1.228169e-22"
"6054";"21504";"28.15";" -85.503";"de";"2.313982e-20"
"1311";" 5406";"24.25";" -82.373";"isso";"1.126762e-19"
" 197";" 1116";"17.65";" -75.578";"pro";"3.512387e-18"
"  77";"  562";"13.70";" -66.947";"tipo";"2.788411e-16"
" 372";" 1782";"20.88";" -64.602";"eh";"9.166855e-16"
" 130";"  790";"16.46";" -64.264";"contra";"1.088242e-15"
"  68";"  510";"13.33";" -63.531";"trabalho";"1.578619e-15"
"4632";"16764";"27.63";" -62.332";"ser";"2.902060e-15"
"   7";"  189";" 3.70";" -59.951";"excelência";"9.726956e-15"
"2567";" 9683";"26.51";" -56.145";"ir";"6.733255e-14"
"  17";"  224";" 7.59";" -51.132";"8";"8.633877e-13"
"2155";" 8192";"26.31";" -50.045";"um";"1.502299e-12"
"   1";"  127";" 0.79";" -49.894";"bilhão";"1.622710e-12"
"   2";"  124";" 1.61";" -45.922";"r";"1.230441e-11"
" 392";" 1747";"22.44";" -41.765";"outro";"1.029518e-10"
"  21";"  208";"10.10";" -37.088";"tal";"1.128994e-09"
"  13";"  161";" 8.07";" -35.032";"maioria";"3.243717e-09"
"  15";"  168";" 8.93";" -33.671";"000";"6.526210e-09"
"  49";"  322";"15.22";" -30.924";"quê";"2.683644e-08"
"  10";"  134";" 7.46";" -30.835";"100";"2.809157e-08"
"   5";"  102";" 4.90";" -29.284";"2023";"6.251122e-08"
"2036";" 7579";"26.86";" -29.206";"uma";"6.507060e-08"
" 865";" 3409";"25.37";" -28.230";"mais";"1.077030e-07"
" 140";"  690";"20.29";" -27.359";"dois";"1.689701e-07"
"  26";"  204";"12.75";" -26.991";"vossa";"2.043686e-07"
"   3";"   84";" 3.57";" -26.808";"2024";"2.247030e-07"
"  20";"  174";"11.49";" -26.618";"após";"2.478628e-07"
" 126";"  628";"20.06";" -26.111";"nenhum";"3.222914e-07"
"2665";" 9694";"27.49";" -22.891";"ter";"1.714469e-06"
"   1";"   61";" 1.64";" -22.490";"2022";"2.111916e-06"
"  35";"  231";"15.15";" -22.311";"3";"2.318430e-06"
"  30";"  201";"14.93";" -20.019";"5";"7.669361e-06"
"  82";"  422";"19.43";" -19.885";"tentar";"8.222608e-06"
"   9";"  100";" 9.00";" -19.847";"oi";"8.389277e-06"
" 118";"  556";"21.22";" -17.582";"algum";"2.752075e-05"
" 257";" 1085";"23.69";" -16.789";"primeiro";"4.176461e-05"
" 109";"  513";"21.25";" -16.094";"ah";"6.026561e-05"
"  75";"  376";"19.95";" -15.871";"trabalhar";"6.781563e-05"
" 842";" 3205";"26.27";" -15.452";"esse";"8.462573e-05"
"  10";"   92";"10.87";" -15.034";"17";"1.055973e-04"
"   2";"   49";" 4.08";" -15.001";"__";"1.074582e-04"
"1454";" 5363";"27.11";" -14.673";"fazer";"1.278438e-04"
"  37";"  212";"17.45";" -14.314";"1";"1.547213e-04"
"   3";"   53";" 5.66";" -14.254";"oito";"1.597428e-04"
"  12";"   99";"12.12";" -14.050";"50";"1.780112e-04"
"  94";"  443";"21.22";" -13.958";"qualquer";"1.869286e-04"
"  97";"  453";"21.41";" -13.595";"vário";"2.267308e-04"
"   3";"   51";" 5.88";" -13.458";"cento";"2.440237e-04"
" 151";"  661";"22.84";" -13.343";"qual";"2.593261e-04"
"   0";"   32";" 0.00";" -13.227";"2026";"2.759296e-04"
"  69";"  339";"20.35";" -13.060";"fim";"3.016133e-04"
" 141";"  619";"22.78";" -12.732";"alguma";"3.595128e-04"
"   7";"   69";"10.14";" -12.172";"60";"4.850492e-04"
"   2";"   42";" 4.76";" -12.168";"200";"4.861587e-04"
"   3";"   47";" 6.38";" -11.874";"b";"5.693069e-04"
" 985";" 3660";"26.91";" -11.036";"como";"8.935670e-04"
"   5";"   55";" 9.09";" -10.798";"hein";"1.015889e-03"
"  43";"  222";"19.37";" -10.508";"valor";"1.188507e-03"
"   3";"   43";" 6.98";" -10.304";"zero";"1.327420e-03"
"   1";"   31";" 3.23";" -10.140";"2021";"1.450654e-03"
"   1";"   31";" 3.23";" -10.140";"0";"1.450654e-03"
"   0";"   23";" 0.00";"  -9.504";"2016";"2.050747e-03"
"   2";"   35";" 5.71";"  -9.363";"400";"2.214030e-03"
"   1";"   29";" 3.45";"  -9.324";"2019";"2.262180e-03"
"   3";"   39";" 7.69";"  -8.752";"2020";"3.091856e-03"
"   0";"   21";" 0.00";"  -8.676";"2025";"3.223467e-03"
"   0";"   21";" 0.00";"  -8.676";"74";"3.223467e-03"
"  72";"  326";"22.09";"  -8.127";"10";"4.360098e-03"
"   1";"   25";" 4.00";"  -7.696";"35";"5.534613e-03"
"   0";"   18";" 0.00";"  -7.436";"hum";"6.392934e-03"
"   0";"   18";" 0.00";"  -7.436";"600";"6.392934e-03"
"   0";"   17";" 0.00";"  -7.023";"che";"8.048398e-03"
"   0";"   17";" 0.00";"  -7.023";"2000";"8.048398e-03"
"   5";"   44";"11.36";"  -6.795";"25";"9.141195e-03"
"  40";"  193";"20.73";"  -6.785";"cima";"9.190951e-03"
" 155";"  630";"24.60";"  -6.659";"pouco";"9.863166e-03"
"   1";"   22";" 4.55";"  -6.482";"g";"1.089823e-02"
"  25";"  130";"19.23";"  -6.304";"cinco";"1.204424e-02"
"  14";"   82";"17.07";"  -5.869";"caramba";"1.541239e-02"
"1716";" 6128";"28.00";"  -5.815";"com";"1.588965e-02"
"   0";"   14";" 0.00";"  -5.783";"220";"1.618482e-02"
"   8";"   55";"14.55";"  -5.739";"26";"1.659296e-02"
"   7";"   50";"14.00";"  -5.611";"70";"1.784656e-02"
" 272";" 1046";"26.00";"  -5.458";"haver";"1.947439e-02"
"  43";"  196";"21.94";"  -5.063";"4";"2.443744e-02"
"  44";"  198";"22.22";"  -4.725";"2";"2.972980e-02"
" 687";" 2509";"27.38";"  -4.556";"ver";"3.279586e-02"
"   0";"   11";" 0.00";"  -4.543";"140";"3.305381e-02"
"   6";"   42";"14.29";"  -4.537";"90";"3.317741e-02"
"   1";"   17";" 5.88";"  -4.480";"55";"3.429913e-02"
"   3";"   27";"11.11";"  -4.286";"ambos";"3.843817e-02"
"  11";"   63";"17.46";"  -4.223";"d";"3.988410e-02"
"   0";"   10";" 0.00";"  -4.130";"58";"4.213370e-02"
"   0";"   10";" 0.00";"  -4.130";"72";"4.213370e-02"
"   0";"   10";" 0.00";"  -4.130";"51";"4.213370e-02"
"  74";"  308";"24.03";"  -4.067";"durante";"4.372976e-02"
"  10";"   58";"17.24";"  -4.033";"l";"4.461938e-02"
"  15";"   79";"18.99";"  -4.012";"consigo";"4.518109e-02"
"   2";"   21";" 9.52";"  -3.942";"sob";"4.708925e-02"
"  11";"   61";"18.03";"  -3.700";"c";"5.441123e-02"
"   6";"   39";"15.38";"  -3.615";"quinto";"5.726181e-02"
"  16";"   81";"19.75";"  -3.521";"t";"6.059312e-02"
"  17";"   85";"20.00";"  -3.505";"seis";"6.117352e-02"
" 189";"  724";"26.10";"  -3.497";"sem";"6.147811e-02"
"  12";"   64";"18.75";"  -3.401";"sete";"6.517283e-02"
"  12";"   64";"18.75";"  -3.401";"13";"6.517283e-02"
"   0";"    8";" 0.00";"  -3.304";"79";"6.912843e-02"
"   0";"    8";" 0.00";"  -3.304";"56";"6.912843e-02"
"   0";"    8";" 0.00";"  -3.304";"53";"6.912843e-02"
"   0";"    8";" 0.00";"  -3.304";"43";"6.912843e-02"
"   0";"    8";" 0.00";"  -3.304";"117";"6.912843e-02"
" 130";"  508";"25.59";"  -3.302";"somente";"6.920310e-02"
"   2";"   19";"10.53";"  -3.213";"38";"7.307160e-02"
"  24";"  110";"21.82";"  -2.926";"14";"8.714117e-02"
"  12";"   62";"19.35";"  -2.924";"i";"8.724700e-02"
"   3";"   23";"13.04";"  -2.913";"500";"8.788966e-02"
"  31";"  137";"22.63";"  -2.894";"terceiro";"8.890243e-02"
"   0";"    7";" 0.00";"  -2.891";"250";"8.910161e-02"
"   0";"    7";" 0.00";"  -2.891";"1964";"8.910161e-02"
"   0";"    7";" 0.00";"  -2.891";"81";"8.910161e-02"
"   0";"    7";" 0.00";"  -2.891";"01";"8.910161e-02"
"   2";"   18";"11.11";"  -2.856";"2014";"9.103437e-02"
"   1";"   12";" 8.33";"  -2.532";"1000";"1.115360e-01"
"   2";"   17";"11.76";"  -2.506";"59";"1.134119e-01"
"   0";"    6";" 0.00";"  -2.477";"pró";"1.154858e-01"
"   0";"    6";" 0.00";"  -2.477";"150";"1.154858e-01"
"   0";"    6";" 0.00";"  -2.477";"64";"1.154858e-01"
"   0";"    6";" 0.00";"  -2.477";"54";"1.154858e-01"
"   0";"    6";" 0.00";"  -2.477";"332";"1.154858e-01"
"   0";"    6";" 0.00";"  -2.477";"2222";"1.154858e-01"
"  16";"   76";"21.05";"  -2.458";"24";"1.168965e-01"
" 135";"  515";"26.21";"  -2.297";"pegar";"1.296036e-01"
"   3";"   21";"14.29";"  -2.266";"2018";"1.322075e-01"
"   3";"   21";"14.29";"  -2.266";"2013";"1.322075e-01"
"  30";"  129";"23.26";"  -2.230";"15";"1.353680e-01"
"5064";"17497";"28.94";"  -2.177";"o";"1.400956e-01"
"   2";"   16";"12.50";"  -2.164";"99";"1.412773e-01"
"   2";"   16";"12.50";"  -2.164";"2015";"1.412773e-01"
"   1";"   11";" 9.09";"  -2.156";"700";"1.420263e-01"
"   0";"    5";" 0.00";"  -2.064";"cinquenta";"1.507645e-01"
"   0";"    5";" 0.00";"  -2.064";"trinta";"1.507645e-01"
"   0";"    5";" 0.00";"  -2.064";"y";"1.507645e-01"
"   0";"    5";" 0.00";"  -2.064";"quinze";"1.507645e-01"
"   0";"    5";" 0.00";"  -2.064";"97";"1.507645e-01"
"   0";"    5";" 0.00";"  -2.064";"93";"1.507645e-01"
"   0";"    5";" 0.00";"  -2.064";"900";"1.507645e-01"
"   0";"    5";" 0.00";"  -2.064";"800";"1.507645e-01"
"   0";"    5";" 0.00";"  -2.064";"210";"1.507645e-01"
"   0";"    5";" 0.00";"  -2.064";"178";"1.507645e-01"
"   0";"    5";" 0.00";"  -2.064";"115";"1.507645e-01"
"*";"*";"*";"*";"*";"*"
" 4";"570";" 0.70";"-229.378";"*_texto51";"8.147153e-52"
" 7";"557";" 1.26";"-215.392";"*_texto105";"9.150906e-49"
" 5";"490";" 1.02";"-192.172";"*_texto88";"1.067152e-43"
" 7";"474";" 1.48";"-179.811";"*_texto55";"5.329772e-41"
" 5";"444";" 1.13";"-172.504";"*_texto103";"2.100436e-39"
"17";"518";" 3.28";"-172.073";"*_texto107";"2.609053e-39"
"24";"546";" 4.40";"-166.323";"*_texto114";"4.703153e-38"
" 1";"339";" 0.29";"-139.022";"*_texto115";"4.355828e-32"
" 6";"352";" 1.70";"-130.696";"*_texto144";"2.886214e-30"
" 1";"313";" 0.32";"-128.007";"*_texto89";"1.118468e-29"
" 0";"245";" 0.00";"-102.143";"*_texto100";"5.165666e-24"
" 0";"229";" 0.00";" -95.411";"*_texto96";"1.547229e-22"
"12";"284";" 4.23";" -86.772";"*_texto246";"1.218099e-20"
"16";"286";" 5.59";" -78.078";"*_texto449";"9.903469e-19"
" 7";"216";" 3.24";" -71.101";"*_texto99";"3.393444e-17"
" 5";"201";" 2.49";" -70.013";"*_texto416";"5.890460e-17"
" 3";"163";" 1.84";" -59.468";"*_texto446";"1.243204e-14"
"16";"229";" 6.99";" -55.237";"*_texto311";"1.068329e-13"
"19";"228";" 8.33";" -48.534";"*_texto435";"3.245492e-12"
" 4";"130";" 3.08";" -43.184";"*_texto18";"4.983335e-11"
" 4";"119";" 3.36";" -38.657";"*_texto271";"5.051829e-10"
" 1";" 93";" 1.08";" -35.752";"*_texto266";"2.241511e-09"
" 2";" 97";" 2.06";" -34.726";"*_texto366";"3.794607e-09"
"24";"215";"11.16";" -34.189";"*_texto404";"5.001552e-09"
" 0";" 80";" 0.00";" -33.132";"*_texto442";"8.612887e-09"
" 0";" 76";" 0.00";" -31.470";"*_texto267";"2.025527e-08"
" 1";" 81";" 1.23";" -30.772";"*_texto239";"2.901776e-08"
" 2";" 86";" 2.33";" -30.180";"*_texto206";"3.937711e-08"
" 1";" 76";" 1.32";" -28.699";"*_texto378";"8.452636e-08"
" 1";" 75";" 1.33";" -28.285";"*_texto71";"1.046979e-07"
" 2";" 78";" 2.56";" -26.880";"*_texto274";"2.164390e-07"
" 2";" 76";" 2.63";" -26.057";"*_texto2";"3.315429e-07"
" 1";" 69";" 1.45";" -25.800";"*_texto137";"3.786590e-07"
" 1";" 68";" 1.47";" -25.386";"*_texto430";"4.692626e-07"
" 2";" 69";" 2.90";" -23.177";"*_texto373";"1.477163e-06"
" 0";" 54";" 0.00";" -22.340";"*_texto37";"2.283446e-06"
" 0";" 52";" 0.00";" -21.511";"*_texto56";"3.517484e-06"
" 2";" 64";" 3.12";" -21.125";"*_texto288";"4.301886e-06"
" 0";" 50";" 0.00";" -20.682";"*_texto155";"5.421516e-06"
" 0";" 49";" 0.00";" -20.268";"*_texto140";"6.732313e-06"
" 1";" 55";" 1.82";" -20.011";"*_texto14";"7.698516e-06"
" 0";" 48";" 0.00";" -19.853";"*_texto381";"8.361375e-06"
" 1";" 54";" 1.85";" -19.598";"*_texto39";"9.554751e-06"
" 2";" 59";" 3.39";" -19.078";"*_texto412";"1.254930e-05"
" 0";" 46";" 0.00";" -19.025";"*_texto44";"1.290406e-05"
" 0";" 46";" 0.00";" -19.025";"*_texto238";"1.290406e-05"
" 0";" 46";" 0.00";" -19.025";"*_texto264";"1.290406e-05"
" 6";" 81";" 7.41";" -18.694";"*_texto1";"1.534624e-05"
" 0";" 45";" 0.00";" -18.610";"*_texto233";"1.603498e-05"
" 1";" 51";" 1.96";" -18.360";"*_texto149";"1.828218e-05"
" 0";" 44";" 0.00";" -18.196";"*_texto393";"1.992937e-05"
" 0";" 43";" 0.00";" -17.782";"*_texto132";"2.477456e-05"
" 0";" 42";" 0.00";" -17.368";"*_texto443";"3.080415e-05"
" 1";" 48";" 2.08";" -17.123";"*_texto127";"3.503081e-05"
" 0";" 41";" 0.00";" -16.953";"*_texto294";"3.830964e-05"
" 0";" 41";" 0.00";" -16.953";"*_texto450";"3.830964e-05"
" 0";" 40";" 0.00";" -16.539";"*_texto38";"4.765486e-05"
" 0";" 40";" 0.00";" -16.539";"*_texto150";"4.765486e-05"
" 1";" 46";" 2.17";" -16.299";"*_texto11";"5.408948e-05"
" 1";" 46";" 2.17";" -16.299";"*_texto369";"5.408948e-05"
" 0";" 39";" 0.00";" -16.125";"*_texto32";"5.929412e-05"
" 0";" 39";" 0.00";" -16.125";"*_texto48";"5.929412e-05"
" 1";" 45";" 2.22";" -15.887";"*_texto69";"6.723087e-05"
" 0";" 38";" 0.00";" -15.711";"*_texto148";"7.379495e-05"
" 0";" 38";" 0.00";" -15.711";"*_texto215";"7.379495e-05"
" 0";" 38";" 0.00";" -15.711";"*_texto360";"7.379495e-05"
" 1";" 44";" 2.27";" -15.475";"*_texto408";"8.358203e-05"
" 2";" 50";" 4.00";" -15.407";"*_texto265";"8.665436e-05"
" 0";" 37";" 0.00";" -15.297";"*_texto227";"9.186669e-05"
" 0";" 37";" 0.00";" -15.297";"*_texto252";"9.186669e-05"
" 0";" 37";" 0.00";" -15.297";"*_texto295";"9.186669e-05"
" 0";" 37";" 0.00";" -15.297";"*_texto415";"9.186669e-05"
" 1";" 43";" 2.33";" -15.064";"*_texto142";"1.039320e-04"
" 0";" 36";" 0.00";" -14.883";"*_texto192";"1.143964e-04"
" 0";" 36";" 0.00";" -14.883";"*_texto223";"1.143964e-04"
" 0";" 36";" 0.00";" -14.883";"*_texto257";"1.143964e-04"
" 0";" 36";" 0.00";" -14.883";"*_texto268";"1.143964e-04"
" 0";" 35";" 0.00";" -14.469";"*_texto101";"1.424937e-04"
" 0";" 35";" 0.00";" -14.469";"*_texto154";"1.424937e-04"
" 0";" 35";" 0.00";" -14.469";"*_texto156";"1.424937e-04"
" 1";" 41";" 2.44";" -14.241";"*_texto24";"1.608116e-04"
" 2";" 47";" 4.26";" -14.189";"*_texto377";"1.653025e-04"
" 0";" 34";" 0.00";" -14.055";"*_texto16";"1.775480e-04"
" 0";" 34";" 0.00";" -14.055";"*_texto34";"1.775480e-04"
" 1";" 40";" 2.50";" -13.830";"*_texto128";"2.001053e-04"
" 0";" 33";" 0.00";" -13.641";"*_texto45";"2.212996e-04"
" 0";" 33";" 0.00";" -13.641";"*_texto157";"2.212996e-04"
" 1";" 39";" 2.56";" -13.419";"*_texto33";"2.490645e-04"
" 1";" 39";" 2.56";" -13.419";"*_texto342";"2.490645e-04"
" 2";" 45";" 4.44";" -13.379";"*_texto363";"2.544005e-04"
" 0";" 32";" 0.00";" -13.227";"*_texto26";"2.759296e-04"
" 0";" 32";" 0.00";" -13.227";"*_texto27";"2.759296e-04"
" 0";" 32";" 0.00";" -13.227";"*_texto237";"2.759296e-04"
" 1";" 38";" 2.63";" -13.008";"*_texto402";"3.100864e-04"
" 0";" 31";" 0.00";" -12.813";"*_texto25";"3.441742e-04"
" 0";" 31";" 0.00";" -12.813";"*_texto60";"3.441742e-04"
" 0";" 31";" 0.00";" -12.813";"*_texto80";"3.441742e-04"
" 0";" 31";" 0.00";" -12.813";"*_texto120";"3.441742e-04"
" 0";" 31";" 0.00";" -12.813";"*_texto359";"3.441742e-04"
" 1";" 37";" 2.70";" -12.598";"*_texto4";"3.861691e-04"
" 0";" 30";" 0.00";" -12.399";"*_texto40";"4.294680e-04"
" 0";" 30";" 0.00";" -12.399";"*_texto66";"4.294680e-04"
" 0";" 30";" 0.00";" -12.399";"*_texto183";"4.294680e-04"
" 0";" 30";" 0.00";" -12.399";"*_texto302";"4.294680e-04"
" 0";" 30";" 0.00";" -12.399";"*_texto318";"4.294680e-04"
" 1";" 36";" 2.78";" -12.188";"*_texto278";"4.810640e-04"
" 0";" 29";" 0.00";" -11.986";"*_texto3";"5.361260e-04"
" 0";" 29";" 0.00";" -11.986";"*_texto30";"5.361260e-04"
" 0";" 29";" 0.00";" -11.986";"*_texto57";"5.361260e-04"
" 0";" 29";" 0.00";" -11.986";"*_texto90";"5.361260e-04"
" 0";" 29";" 0.00";" -11.986";"*_texto106";"5.361260e-04"
" 0";" 29";" 0.00";" -11.986";"*_texto113";"5.361260e-04"
" 0";" 29";" 0.00";" -11.986";"*_texto160";"5.361260e-04"
" 0";" 29";" 0.00";" -11.986";"*_texto203";"5.361260e-04"
" 0";" 29";" 0.00";" -11.986";"*_texto406";"5.361260e-04"
" 1";" 35";" 2.86";" -11.778";"*_texto234";"5.994681e-04"
" 1";" 35";" 2.86";" -11.778";"*_texto411";"5.994681e-04"
" 2";" 41";" 4.88";" -11.765";"*_texto258";"6.034562e-04"
" 0";" 28";" 0.00";" -11.572";"*_texto371";"6.695740e-04"
" 2";" 40";" 5.00";" -11.363";"*_texto325";"7.491582e-04"
" 2";" 40";" 5.00";" -11.363";"*_texto328";"7.491582e-04"
"18";"118";"15.25";" -11.180";"*_texto213";"8.267640e-04"
" 0";" 27";" 0.00";" -11.158";"*_texto190";"8.366413e-04"
" 0";" 27";" 0.00";" -11.158";"*_texto222";"8.366413e-04"
" 0";" 27";" 0.00";" -11.158";"*_texto277";"8.366413e-04"
" 0";" 27";" 0.00";" -11.158";"*_texto309";"8.366413e-04"
" 0";" 27";" 0.00";" -11.158";"*_texto395";"8.366413e-04"
" 0";" 27";" 0.00";" -11.158";"*_texto432";"8.366413e-04"
" 0";" 27";" 0.00";" -11.158";"*_texto439";"8.366413e-04"
" 1";" 33";" 3.03";" -10.958";"*_texto143";"9.318328e-04"
" 4";" 50";" 8.00";" -10.907";"*_texto145";"9.577922e-04"
" 0";" 26";" 0.00";" -10.744";"*_texto104";"1.045933e-03"
" 0";" 26";" 0.00";" -10.744";"*_texto221";"1.045933e-03"
" 2";" 38";" 5.26";" -10.561";"*_texto152";"1.155094e-03"
" 1";" 32";" 3.12";" -10.549";"*_texto97";"1.162423e-03"
" 1";" 32";" 3.12";" -10.549";"*_texto382";"1.162423e-03"
" 0";" 25";" 0.00";" -10.331";"*_texto61";"1.308303e-03"
" 0";" 25";" 0.00";" -10.331";"*_texto182";"1.308303e-03"
" 0";" 24";" 0.00";"  -9.917";"*_texto8";"1.637461e-03"
" 0";" 24";" 0.00";"  -9.917";"*_texto19";"1.637461e-03"
" 0";" 24";" 0.00";"  -9.917";"*_texto226";"1.637461e-03"
" 0";" 24";" 0.00";"  -9.917";"*_texto332";"1.637461e-03"
" 2";" 36";" 5.56";"  -9.761";"*_texto158";"1.782073e-03"
" 1";" 30";" 3.33";"  -9.732";"*_texto62";"1.811121e-03"
" 1";" 30";" 3.33";"  -9.732";"*_texto65";"1.811121e-03"
" 1";" 30";" 3.33";"  -9.732";"*_texto134";"1.811121e-03"
" 0";" 23";" 0.00";"  -9.504";"*_texto109";"2.050747e-03"
" 0";" 23";" 0.00";"  -9.504";"*_texto129";"2.050747e-03"
" 0";" 23";" 0.00";"  -9.504";"*_texto135";"2.050747e-03"
" 0";" 23";" 0.00";"  -9.504";"*_texto260";"2.050747e-03"
" 0";" 23";" 0.00";"  -9.504";"*_texto282";"2.050747e-03"
" 0";" 23";" 0.00";"  -9.504";"*_texto292";"2.050747e-03"
" 0";" 23";" 0.00";"  -9.504";"*_texto425";"2.050747e-03"
"24";"138";"17.39";"  -9.387";"*_texto327";"2.185133e-03"
" 1";" 29";" 3.45";"  -9.324";"*_texto22";"2.262180e-03"
" 0";" 22";" 0.00";"  -9.090";"*_texto15";"2.570126e-03"
" 0";" 22";" 0.00";"  -9.090";"*_texto41";"2.570126e-03"
" 0";" 22";" 0.00";"  -9.090";"*_texto93";"2.570126e-03"
" 0";" 22";" 0.00";"  -9.090";"*_texto94";"2.570126e-03"
" 0";" 22";" 0.00";"  -9.090";"*_texto401";"2.570126e-03"
" 1";" 28";" 3.57";"  -8.916";"*_texto255";"2.826935e-03"
" 3";" 39";" 7.69";"  -8.752";"*_texto36";"3.091856e-03"
" 0";" 21";" 0.00";"  -8.676";"*_texto28";"3.223467e-03"
" 0";" 21";" 0.00";"  -8.676";"*_texto133";"3.223467e-03"
"14";" 91";"15.38";"  -8.453";"*_texto82";"3.645287e-03"
" 3";" 38";" 7.89";"  -8.368";"*_texto6";"3.818720e-03"
" 0";" 20";" 0.00";"  -8.263";"*_texto177";"4.046204e-03"
" 0";" 20";" 0.00";"  -8.263";"*_texto184";"4.046204e-03"
"14";" 90";"15.56";"  -8.154";"*_texto413";"4.296514e-03"
" 1";" 26";" 3.85";"  -8.102";"*_texto124";"4.421598e-03"
" 1";" 26";" 3.85";"  -8.102";"*_texto365";"4.421598e-03"
" 1";" 26";" 3.85";"  -8.102";"*_texto368";"4.421598e-03"
" 0";" 19";" 0.00";"  -7.849";"*_texto200";"5.083477e-03"
" 2";" 31";" 6.45";"  -7.780";"*_texto324";"5.283891e-03"
" 9";" 66";"13.64";"  -7.770";"*_texto340";"5.312480e-03"
" 1";" 25";" 4.00";"  -7.696";"*_texto141";"5.534613e-03"
"10";" 70";"14.29";"  -7.570";"*_texto319";"5.936396e-03"
" 0";" 18";" 0.00";"  -7.436";"*_texto92";"6.392934e-03"
" 0";" 18";" 0.00";"  -7.436";"*_texto217";"6.392934e-03"
" 0";" 18";" 0.00";"  -7.436";"*_texto254";"6.392934e-03"
" 0";" 18";" 0.00";"  -7.436";"*_texto300";"6.392934e-03"
" 0";" 18";" 0.00";"  -7.436";"*_texto329";"6.392934e-03"
" 0";" 18";" 0.00";"  -7.436";"*_texto352";"6.392934e-03"
" 0";" 18";" 0.00";"  -7.436";"*_texto426";"6.392934e-03"
" 0";" 18";" 0.00";"  -7.436";"*_texto438";"6.392934e-03"
" 2";" 30";" 6.67";"  -7.387";"*_texto29";"6.570371e-03"
" 2";" 30";" 6.67";"  -7.387";"*_texto357";"6.570371e-03"
" 8";" 60";"13.33";"  -7.339";"*_texto21";"6.746917e-03"
" 1";" 24";" 4.17";"  -7.290";"*_texto417";"6.932202e-03"
" 9";" 64";"14.06";"  -7.127";"*_texto0";"7.591436e-03"
" 0";" 17";" 0.00";"  -7.023";"*_texto43";"8.048398e-03"
" 0";" 17";" 0.00";"  -7.023";"*_texto201";"8.048398e-03"
" 0";" 17";" 0.00";"  -7.023";"*_texto281";"8.048398e-03"
" 0";" 17";" 0.00";"  -7.023";"*_texto283";"8.048398e-03"
" 0";" 17";" 0.00";"  -7.023";"*_texto347";"8.048398e-03"
" 0";" 17";" 0.00";"  -7.023";"*_texto383";"8.048398e-03"
" 2";" 29";" 6.90";"  -6.995";"*_texto102";"8.171586e-03"
" 1";" 23";" 4.35";"  -6.886";"*_texto13";"8.688659e-03"
" 1";" 23";" 4.35";"  -6.886";"*_texto53";"8.688659e-03"
" 1";" 23";" 4.35";"  -6.886";"*_texto212";"8.688659e-03"
" 3";" 34";" 8.82";"  -6.848";"*_texto403";"8.873500e-03"
" 0";" 16";" 0.00";"  -6.609";"*_texto67";"1.014470e-02"
" 0";" 16";" 0.00";"  -6.609";"*_texto210";"1.014470e-02"
" 0";" 16";" 0.00";"  -6.609";"*_texto299";"1.014470e-02"
" 0";" 16";" 0.00";"  -6.609";"*_texto330";"1.014470e-02"
" 2";" 28";" 7.14";"  -6.606";"*_texto121";"1.016493e-02"
" 1";" 22";" 4.55";"  -6.482";"*_texto171";"1.089823e-02"
" 3";" 33";" 9.09";"  -6.473";"*_texto230";"1.095064e-02"
" 3";" 33";" 9.09";"  -6.473";"*_texto419";"1.095064e-02"
" 2";" 27";" 7.41";"  -6.218";"*_texto136";"1.264690e-02"
" 2";" 27";" 7.41";"  -6.218";"*_texto374";"1.264690e-02"
" 0";" 15";" 0.00";"  -6.196";"*_texto17";"1.280408e-02"
" 0";" 15";" 0.00";"  -6.196";"*_texto23";"1.280408e-02"
" 0";" 15";" 0.00";"  -6.196";"*_texto42";"1.280408e-02"
" 0";" 15";" 0.00";"  -6.196";"*_texto108";"1.280408e-02"
" 0";" 15";" 0.00";"  -6.196";"*_texto335";"1.280408e-02"
" 0";" 15";" 0.00";"  -6.196";"*_texto336";"1.280408e-02"
" 0";" 15";" 0.00";"  -6.196";"*_texto355";"1.280408e-02"
" 0";" 15";" 0.00";"  -6.196";"*_texto427";"1.280408e-02"
" 0";" 15";" 0.00";"  -6.196";"*_texto433";"1.280408e-02"
" 1";" 21";" 4.76";"  -6.079";"*_texto116";"1.368070e-02"
" 4";" 37";"10.81";"  -6.072";"*_texto345";"1.373731e-02"
" 2";" 26";" 7.69";"  -5.832";"*_texto111";"1.573787e-02"
" 0";" 14";" 0.00";"  -5.783";"*_texto35";"1.618482e-02"
" 0";" 14";" 0.00";"  -5.783";"*_texto54";"1.618482e-02"
" 0";" 14";" 0.00";"  -5.783";"*_texto146";"1.618482e-02"
" 0";" 14";" 0.00";"  -5.783";"*_texto216";"1.618482e-02"
" 0";" 14";" 0.00";"  -5.783";"*_texto331";"1.618482e-02"
" 0";" 14";" 0.00";"  -5.783";"*_texto388";"1.618482e-02"
" 1";" 20";" 5.00";"  -5.677";"*_texto398";"1.718858e-02"
" 6";" 45";"13.33";"  -5.501";"*_texto421";"1.900517e-02"
" 0";" 13";" 0.00";"  -5.369";"*_texto58";"2.049281e-02"
" 0";" 13";" 0.00";"  -5.369";"*_texto63";"2.049281e-02"
" 0";" 13";" 0.00";"  -5.369";"*_texto170";"2.049281e-02"
" 0";" 13";" 0.00";"  -5.369";"*_texto186";"2.049281e-02"
" 0";" 13";" 0.00";"  -5.369";"*_texto197";"2.049281e-02"
" 0";" 13";" 0.00";"  -5.369";"*_texto334";"2.049281e-02"
" 1";" 19";" 5.26";"  -5.276";"*_texto10";"2.161651e-02"
" 1";" 19";" 5.26";"  -5.276";"*_texto52";"2.161651e-02"
" 1";" 19";" 5.26";"  -5.276";"*_texto122";"2.161651e-02"
" 2";" 24";" 8.33";"  -5.067";"*_texto214";"2.438443e-02"
" 2";" 24";" 8.33";"  -5.067";"*_texto397";"2.438443e-02"
" 3";" 29";"10.34";"  -5.001";"*_texto272";"2.533002e-02"
" 0";" 12";" 0.00";"  -4.956";"*_texto50";"2.599746e-02"
" 0";" 12";" 0.00";"  -4.956";"*_texto220";"2.599746e-02"
" 0";" 12";" 0.00";"  -4.956";"*_texto326";"2.599746e-02"
" 0";" 12";" 0.00";"  -4.956";"*_texto396";"2.599746e-02"
" 1";" 18";" 5.56";"  -4.877";"*_texto199";"2.721354e-02"
" 0";" 11";" 0.00";"  -4.543";"*_texto59";"3.305381e-02"
" 0";" 11";" 0.00";"  -4.543";"*_texto74";"3.305381e-02"
" 0";" 11";" 0.00";"  -4.543";"*_texto191";"3.305381e-02"
" 0";" 11";" 0.00";"  -4.543";"*_texto293";"3.305381e-02"
" 0";" 11";" 0.00";"  -4.543";"*_texto333";"3.305381e-02"
" 0";" 11";" 0.00";"  -4.543";"*_texto343";"3.305381e-02"
" 0";" 11";" 0.00";"  -4.543";"*_texto353";"3.305381e-02"
" 0";" 11";" 0.00";"  -4.543";"*_texto356";"3.305381e-02"
" 0";" 11";" 0.00";"  -4.543";"*_texto380";"3.305381e-02"
" 0";" 11";" 0.00";"  -4.543";"*_texto405";"3.305381e-02"
" 0";" 11";" 0.00";"  -4.543";"*_texto440";"3.305381e-02"
" 1";" 17";" 5.88";"  -4.480";"*_texto5";"3.429913e-02"
" 1";" 17";" 5.88";"  -4.480";"*_texto241";"3.429913e-02"
" 1";" 17";" 5.88";"  -4.480";"*_texto316";"3.429913e-02"
" 2";" 22";" 9.09";"  -4.314";"*_texto448";"3.780807e-02"
" 3";" 27";"11.11";"  -4.286";"*_texto269";"3.843817e-02"
" 0";" 10";" 0.00";"  -4.130";"*_texto159";"4.213370e-02"
" 0";" 10";" 0.00";"  -4.130";"*_texto218";"4.213370e-02"
" 0";" 10";" 0.00";"  -4.130";"*_texto240";"4.213370e-02"
" 0";" 10";" 0.00";"  -4.130";"*_texto280";"4.213370e-02"
" 0";" 10";" 0.00";"  -4.130";"*_texto308";"4.213370e-02"
" 0";" 10";" 0.00";"  -4.130";"*_texto314";"4.213370e-02"
" 0";" 10";" 0.00";"  -4.130";"*_texto418";"4.213370e-02"
" 0";" 10";" 0.00";"  -4.130";"*_texto422";"4.213370e-02"
" 7";" 45";"15.56";"  -4.070";"*_texto194";"4.366008e-02"
" 2";" 21";" 9.52";"  -3.942";"*_texto95";"4.708925e-02"
" 0";"  9";" 0.00";"  -3.717";"*_texto112";"5.387095e-02"
" 0";"  9";" 0.00";"  -3.717";"*_texto185";"5.387095e-02"
" 0";"  9";" 0.00";"  -3.717";"*_texto198";"5.387095e-02"
" 0";"  9";" 0.00";"  -3.717";"*_texto306";"5.387095e-02"
" 0";"  9";" 0.00";"  -3.717";"*_texto307";"5.387095e-02"
" 0";"  9";" 0.00";"  -3.717";"*_texto407";"5.387095e-02"
" 0";"  9";" 0.00";"  -3.717";"*_texto414";"5.387095e-02"
" 1";" 15";" 6.67";"  -3.691";"*_texto211";"5.470069e-02"
" 3";" 25";"12.00";"  -3.588";"*_texto126";"5.820564e-02"
" 3";" 25";"12.00";"  -3.588";"*_texto202";"5.820564e-02"
" 0";"  8";" 0.00";"  -3.304";"*_texto131";"6.912843e-02"
" 0";"  8";" 0.00";"  -3.304";"*_texto163";"6.912843e-02"
" 0";"  8";" 0.00";"  -3.304";"*_texto243";"6.912843e-02"
" 0";"  8";" 0.00";"  -3.304";"*_texto259";"6.912843e-02"
" 0";"  8";" 0.00";"  -3.304";"*_texto275";"6.912843e-02"
" 0";"  8";" 0.00";"  -3.304";"*_texto290";"6.912843e-02"
" 0";"  8";" 0.00";"  -3.304";"*_texto379";"6.912843e-02"
" 1";" 14";" 7.14";"  -3.301";"*_texto118";"6.923656e-02"
" 1";" 14";" 7.14";"  -3.301";"*_texto130";"6.923656e-02"
" 1";" 14";" 7.14";"  -3.301";"*_texto392";"6.923656e-02"
" 1";" 14";" 7.14";"  -3.301";"*_texto400";"6.923656e-02"
" 3";" 24";"12.50";"  -3.247";"*_texto351";"7.155308e-02"
" 2";" 19";"10.53";"  -3.213";"*_texto372";"7.307160e-02"
" 4";" 28";"14.29";"  -3.023";"*_texto431";"8.210656e-02"
" 1";" 13";" 7.69";"  -2.914";"*_texto284";"8.778968e-02"
" 1";" 13";" 7.69";"  -2.914";"*_texto320";"8.778968e-02"
" 0";"  7";" 0.00";"  -2.891";"*_texto244";"8.910161e-02"
" 0";"  7";" 0.00";"  -2.891";"*_texto301";"8.910161e-02"
" 0";"  7";" 0.00";"  -2.891";"*_texto317";"8.910161e-02"
" 3";" 22";"13.64";"  -2.585";"*_texto64";"1.078540e-01"
" 1";" 12";" 8.33";"  -2.532";"*_texto390";"1.115360e-01"
" 0";"  6";" 0.00";"  -2.477";"*_texto167";"1.154858e-01"
" 0";"  6";" 0.00";"  -2.477";"*_texto242";"1.154858e-01"
" 0";"  6";" 0.00";"  -2.477";"*_texto287";"1.154858e-01"
" 0";"  6";" 0.00";"  -2.477";"*_texto298";"1.154858e-01"
" 0";"  6";" 0.00";"  -2.477";"*_texto445";"1.154858e-01"
" 6";" 35";"17.14";"  -2.472";"*_texto119";"1.159196e-01"
" 6";" 34";"17.65";"  -2.205";"*_texto193";"1.375996e-01"
" 8";" 42";"19.05";"  -2.105";"*_texto31";"1.468466e-01"
" 0";"  5";" 0.00";"  -2.064";"*_texto117";"1.507645e-01"
" 0";"  5";" 0.00";"  -2.064";"*_texto196";"1.507645e-01"
" 0";"  5";" 0.00";"  -2.064";"*_texto285";"1.507645e-01"
" 0";"  5";" 0.00";"  -2.064";"*_texto303";"1.507645e-01"
" 0";"  5";" 0.00";"  -2.064";"*_texto344";"1.507645e-01"
" 0";"  5";" 0.00";"  -2.064";"*_texto429";"1.507645e-01"
"**";"classe";"3";"**";"";""
"****";"2831";"24956";"11.34";"****";""
" 37";"3297";" 1.12";"-394.668";"deus";"7.975643e-88"
"274";"4819";" 5.69";"-190.113";"então";"3.004250e-43"
"270";"4664";" 5.79";"-175.993";"gente";"3.634345e-40"
"  9";"1208";" 0.75";"-141.797";"oração";"1.077332e-32"
"  4";"1068";" 0.37";"-133.494";"jesus";"7.049650e-31"
" 16";"1176";" 1.36";"-122.308";"orar";"1.976125e-28"
" 19";"1188";" 1.60";"-117.776";"educação";"1.941108e-27"
"181";"3162";" 5.72";"-113.700";"muito";"1.516188e-26"
"126";"2444";" 5.16";"-103.171";"assim";"3.074480e-24"
"430";"5659";" 7.60";"-102.084";"né";"5.320434e-24"
" 15";" 968";" 1.55";" -96.059";"escola";"1.115251e-22"
" 28";"1130";" 2.48";" -92.511";"palavra";"6.695224e-22"
" 10";" 771";" 1.30";" -79.851";"coração";"4.038087e-19"
" 52";"1349";" 3.85";" -79.534";"bom";"4.740983e-19"
" 98";"1892";" 5.18";" -77.348";"coisa";"1.433232e-18"
" 16";" 797";" 2.01";" -71.358";"igreja";"2.979266e-17"
" 49";"1210";" 4.05";" -67.278";"pai";"2.357940e-16"
"  2";" 481";" 0.42";" -58.240";"espírito";"2.320564e-14"
" 15";" 661";" 2.27";" -55.597";"comissão";"8.897506e-14"
" 11";" 587";" 1.87";" -53.605";"nação";"2.451410e-13"
"376";"4560";" 8.25";" -53.258";"falar";"2.925286e-13"
"  1";" 411";" 0.24";" -51.201";"amém";"8.337893e-13"
" 77";"1406";" 5.48";" -51.003";"achar";"9.224022e-13"
"  9";" 485";" 1.86";" -44.276";"bíblia";"2.851941e-11"
"  7";" 446";" 1.57";" -43.140";"cristo";"5.096327e-11"
" 15";" 562";" 2.67";" -43.022";"professor";"5.413855e-11"
" 17";" 577";" 2.95";" -41.417";"cristão";"1.229658e-10"
" 35";" 798";" 4.39";" -39.684";"obrigar";"2.986011e-10"
"311";"3715";" 8.37";" -38.347";"querer";"5.922577e-10"
"  1";" 313";" 0.32";" -38.306";"glória";"6.047178e-10"
" 27";" 673";" 4.01";" -36.972";"projeto";"1.198601e-09"
" 11";" 452";" 2.43";" -36.341";"santo";"1.656806e-09"
"  5";" 351";" 1.42";" -34.831";"live";"3.596612e-09"
" 37";" 778";" 4.76";" -34.657";"momento";"3.932039e-09"
"  2";" 299";" 0.67";" -34.291";"ensino";"4.746874e-09"
" 14";" 473";" 2.96";" -33.699";"jovem";"6.433952e-09"
"  0";" 260";" 0.00";" -33.618";"abençoar";"6.705205e-09"
" 43";" 834";" 5.16";" -32.852";"entender";"9.942565e-09"
" 16";" 480";" 3.33";" -31.227";"certo";"2.295011e-08"
" 87";"1309";" 6.65";" -30.313";"precisar";"3.676329e-08"
"  5";" 314";" 1.59";" -30.068";"livro";"4.171067e-08"
"  4";" 293";" 1.37";" -29.355";"crer";"6.026901e-08"
" 32";" 668";" 4.79";" -29.312";"questão";"6.162633e-08"
" 10";" 375";" 2.67";" -28.504";"mudar";"9.351529e-08"
"113";"1564";" 7.23";" -28.147";"vida";"1.124348e-07"
"195";"2410";" 8.09";" -28.063";"só";"1.174388e-07"
" 14";" 425";" 3.29";" -27.858";"pensar";"1.305494e-07"
" 46";" 821";" 5.60";" -27.821";"tô";"1.330458e-07"
"  2";" 240";" 0.83";" -26.619";"beleza";"2.477888e-07"
"  6";" 298";" 2.01";" -26.108";"universidade";"3.228397e-07"
"  4";" 265";" 1.51";" -25.758";"céu";"3.869697e-07"
"  8";" 324";" 2.47";" -25.708";"noite";"3.971910e-07"
" 59";" 947";" 6.23";" -25.595";"conseguir";"4.210772e-07"
"150";"1910";" 7.85";" -25.057";"ficar";"5.565818e-07"
"260";"3010";" 8.64";" -24.923";"senhor";"5.967062e-07"
"  1";" 209";" 0.48";" -24.741";"curso";"6.555992e-07"
" 10";" 344";" 2.91";" -24.688";"debate";"6.739790e-07"
"  2";" 211";" 0.95";" -22.868";"discussão";"1.734723e-06"
"  7";" 284";" 2.46";" -22.520";"requerimento";"2.080076e-06"
"  2";" 206";" 0.97";" -22.223";"poderoso";"2.426996e-06"
" 25";" 515";" 4.85";" -22.020";"trazer";"2.697664e-06"
"185";"2217";" 8.34";" -21.765";"já";"3.082246e-06"
"  9";" 306";" 2.94";" -21.750";"amar";"3.106391e-06"
" 15";" 386";" 3.89";" -21.683";"graça";"3.215948e-06"
"  9";" 305";" 2.95";" -21.628";"aluno";"3.309825e-06"
"  9";" 303";" 2.97";" -21.385";"agradecer";"3.757290e-06"
"  9";" 300";" 3.00";" -21.021";"aprender";"4.543683e-06"
" 25";" 503";" 4.97";" -20.736";"meio";"5.270551e-06"
"  2";" 194";" 1.03";" -20.677";"pecado";"5.436044e-06"
"  0";" 160";" 0.00";" -20.605";"versículo";"5.645227e-06"
"  0";" 160";" 0.00";" -20.605";"jejum";"5.645227e-06"
"  1";" 174";" 0.57";" -20.206";"médio";"6.952525e-06"
" 24";" 483";" 4.97";" -19.903";"pastor";"8.145981e-06"
"  6";" 248";" 2.42";" -19.838";"propósito";"8.429720e-06"
" 45";" 722";" 6.23";" -19.314";"começar";"1.108884e-05"
"  0";" 150";" 0.00";" -19.309";"escolar";"1.111647e-05"
" 14";" 351";" 3.99";" -19.151";"galera";"1.207683e-05"
"  0";" 146";" 0.00";" -18.791";"meta";"1.458281e-05"
"  3";" 193";" 1.55";" -18.535";"estudar";"1.668513e-05"
"  8";" 265";" 3.02";" -18.458";"diferente";"1.736786e-05"
" 24";" 469";" 5.12";" -18.427";"viver";"1.765406e-05"
"  3";" 191";" 1.57";" -18.280";"evangelho";"1.906915e-05"
" 15";" 356";" 4.21";" -18.258";"terra";"1.929086e-05"
"  1";" 157";" 0.64";" -18.010";"capítulo";"2.197907e-05"
"  9";" 274";" 3.28";" -17.892";"aula";"2.337660e-05"
"  9";" 274";" 3.28";" -17.892";"vontade";"2.337660e-05"
" 29";" 523";" 5.54";" -17.862";"política";"2.374775e-05"
"  2";" 171";" 1.17";" -17.722";"compreender";"2.555886e-05"
" 17";" 375";" 4.53";" -17.559";"ler";"2.784787e-05"
" 35";" 588";" 5.95";" -17.406";"talvez";"3.019157e-05"
" 35";" 588";" 5.95";" -17.406";"importante";"3.019157e-05"
" 12";" 309";" 3.88";" -17.315";"discutir";"3.166367e-05"
" 62";" 884";" 7.01";" -17.088";"criança";"3.568353e-05"
"  2";" 165";" 1.21";" -16.954";"pedro";"3.829930e-05"
"135";"1638";" 8.24";" -16.775";"tudo";"4.208117e-05"
" 75";"1018";" 7.37";" -16.687";"passar";"4.407980e-05"
"  2";" 162";" 1.23";" -16.570";"cantar";"4.688854e-05"
"  1";" 145";" 0.69";" -16.462";"texto";"4.964136e-05"
" 91";"1180";" 7.71";" -16.247";"olhar";"5.561113e-05"
"  1";" 141";" 0.71";" -15.946";"clamar";"6.516391e-05"
"  2";" 157";" 1.27";" -15.931";"legal";"6.570653e-05"
"  6";" 216";" 2.78";" -15.898";"presença";"6.686418e-05"
"  1";" 140";" 0.71";" -15.818";"alegria";"6.975362e-05"
"  0";" 121";" 0.00";" -15.558";"louvor";"8.001387e-05"
" 12";" 292";" 4.11";" -15.375";"minuto";"8.813332e-05"
" 32";" 532";" 6.02";" -15.349";"novo";"8.937456e-05"
" 39";" 609";" 6.40";" -15.147";"pessoal";"9.944667e-05"
"  8";" 236";" 3.39";" -14.988";"pauta";"1.081821e-04"
"  5";" 194";" 2.58";" -14.941";"espiritual";"1.109157e-04"
"  4";" 177";" 2.26";" -14.627";"princípio";"1.310291e-04"
" 11";" 272";" 4.04";" -14.571";"perceber";"1.349918e-04"
"  0";" 111";" 0.00";" -14.266";"louvar";"1.586690e-04"
"  6";" 202";" 2.97";" -14.198";"estudante";"1.645107e-04"
" 59";" 816";" 7.23";" -14.194";"algo";"1.649289e-04"
"  7";" 215";" 3.26";" -14.107";"tema";"1.727390e-04"
"  9";" 240";" 3.75";" -13.895";"fé";"1.932676e-04"
" 20";" 376";" 5.32";" -13.778";"amor";"2.056994e-04"
" 43";" 635";" 6.77";" -13.545";"entrar";"2.329623e-04"
" 45";" 655";" 6.87";" -13.386";"sempre";"2.534724e-04"
" 28";" 465";" 6.02";" -13.347";"antes";"2.588815e-04"
" 23";" 407";" 5.65";" -13.333";"levantar";"2.607953e-04"
" 31";" 499";" 6.21";" -13.332";"tão";"2.609178e-04"
"  6";" 194";" 3.09";" -13.236";"feliz";"2.746530e-04"
"  5";" 180";" 2.78";" -13.229";"qualidade";"2.756901e-04"
"  4";" 165";" 2.42";" -13.140";"ok";"2.890623e-04"
" 10";" 246";" 4.07";" -13.089";"final";"2.970725e-04"
"  6";" 191";" 3.14";" -12.877";"votação";"3.327208e-04"
"  1";" 116";" 0.86";" -12.732";"município";"3.595011e-04"
" 36";" 548";" 6.57";" -12.701";"música";"3.655157e-04"
"398";"4090";" 9.73";" -12.653";"aí";"3.748769e-04"
"  9";" 229";" 3.93";" -12.631";"geração";"3.793204e-04"
"  5";" 175";" 2.86";" -12.622";"artigo";"3.813336e-04"
" 16";" 315";" 5.08";" -12.449";"sentido";"4.181754e-04"
"  3";" 144";" 2.08";" -12.350";"ensinar";"4.408736e-04"
" 10";" 239";" 4.18";" -12.300";"cidade";"4.529000e-04"
"  2";" 128";" 1.56";" -12.240";"misericórdia";"4.677834e-04"
"  2";" 128";" 1.56";" -12.240";"comentário";"4.677834e-04"
"  2";" 127";" 1.57";" -12.113";"importância";"5.006462e-04"
"  0";"  92";" 0.00";" -11.815";"avançar";"5.874284e-04"
"  6";" 181";" 3.31";" -11.687";"tocar";"6.294577e-04"
"  3";" 138";" 2.17";" -11.603";"assistir";"6.585741e-04"
"  1";" 107";" 0.93";" -11.578";"orientação";"6.674307e-04"
"  2";" 122";" 1.64";" -11.481";"infantil";"7.031890e-04"
" 15";" 293";" 5.12";" -11.422";"junto";"7.258786e-04"
" 80";" 995";" 8.04";" -11.247";"chegar";"7.975030e-04"
" 15";" 291";" 5.15";" -11.215";"maneira";"8.113755e-04"
"  1";" 104";" 0.96";" -11.194";"instituto";"8.207794e-04"
" 87";"1062";" 8.19";" -10.957";"mundo";"9.327131e-04"
"  3";" 132";" 2.27";" -10.858";"estratégia";"9.838681e-04"
"  4";" 145";" 2.76";" -10.689";"amanhã";"1.077688e-03"
"  1";" 100";" 1.00";" -10.682";"youtube";"1.081944e-03"
"  0";"  83";" 0.00";" -10.656";"pne";"1.097329e-03"
"  0";"  82";" 0.00";" -10.527";"mec";"1.176505e-03"
"  2";" 114";" 1.75";" -10.472";"compromisso";"1.212140e-03"
" 75";" 932";" 8.05";" -10.463";"realmente";"1.218060e-03"
"100";"1184";" 8.45";" -10.380";"deixar";"1.273992e-03"
"  1";"  96";" 1.04";" -10.170";"encerrar";"1.427094e-03"
"  1";"  96";" 1.04";" -10.170";"cura";"1.427094e-03"
"  5";" 154";" 3.25";" -10.102";"acompanhar";"1.481095e-03"
"110";"1279";" 8.60";" -10.089";"cara";"1.491452e-03"
"  9";" 206";" 4.37";" -10.048";"sala";"1.525005e-03"
" 31";" 461";" 6.72";"  -9.966";"seguinte";"1.594862e-03"
"  2";" 109";" 1.83";"  -9.843";"atender";"1.704668e-03"
" 39";" 545";" 7.16";"  -9.717";"ouvir";"1.825840e-03"
"  5";" 150";" 3.33";"  -9.629";"fácil";"1.915550e-03"
" 12";" 239";" 5.02";"  -9.593";"preciso";"1.953158e-03"
"  4";" 135";" 2.96";"  -9.480";"luz";"2.077243e-03"
"  6";" 161";" 3.73";"  -9.349";"reino";"2.231186e-03"
" 24";" 376";" 6.38";"  -9.342";"melhor";"2.239505e-03"
"  2";" 105";" 1.90";"  -9.342";"servir";"2.240187e-03"
"  1";"  89";" 1.12";"  -9.277";"estudo";"2.320652e-03"
"  0";"  72";" 0.00";"  -9.239";"profeta";"2.368623e-03"
"  0";"  72";" 0.00";"  -9.239";"bacana";"2.368623e-03"
"  6";" 160";" 3.75";"  -9.234";"alma";"2.375966e-03"
"  6";" 160";" 3.75";"  -9.234";"finalizar";"2.375966e-03"
"  1";"  88";" 1.14";"  -9.149";"profissional";"2.488042e-03"
"  5";" 145";" 3.45";"  -9.041";"resultado";"2.640238e-03"
"  0";"  70";" 0.00";"  -8.982";"investimento";"2.726476e-03"
"  5";" 144";" 3.47";"  -8.924";"proposta";"2.814956e-03"
"705";"6800";"10.37";"  -8.859";"aqui";"2.916841e-03"
"  0";"  69";" 0.00";"  -8.853";"tristeza";"2.925499e-03"
"  0";"  69";" 0.00";"  -8.853";"profético";"2.925499e-03"
"  5";" 143";" 3.50";"  -8.807";"fundamental";"3.001138e-03"
"  1";"  85";" 1.18";"  -8.767";"influenciar";"3.067147e-03"
"  2";" 100";" 2.00";"  -8.716";"cultural";"3.153746e-03"
"104";"1195";" 8.70";"  -8.705";"vez";"3.173907e-03"
"  7";" 168";" 4.17";"  -8.663";"diferença";"3.246534e-03"
"  2";"  99";" 2.02";"  -8.592";"liderança";"3.377293e-03"
"212";"2238";" 9.47";"  -8.559";"dar";"3.437464e-03"
"  4";" 127";" 3.15";"  -8.523";"abraço";"3.507473e-03"
"  4";" 127";" 3.15";"  -8.523";"jeito";"3.507473e-03"
"  1";"  82";" 1.22";"  -8.385";"educacional";"3.782897e-03"
"  2";"  97";" 2.06";"  -8.342";"transformação";"3.873358e-03"
"  0";"  65";" 0.00";"  -8.339";"língua";"3.880762e-03"
"  4";" 125";" 3.20";"  -8.285";"municipal";"3.997520e-03"
"  4";" 125";" 3.20";"  -8.285";"instagram";"3.997520e-03"
"  1";"  81";" 1.23";"  -8.258";"prazer";"4.057307e-03"
" 21";" 330";" 6.36";"  -8.248";"próximo";"4.080151e-03"
"  6";" 151";" 3.97";"  -8.206";"alcançar";"4.175355e-03"
"  2";"  95";" 2.11";"  -8.093";"fortalecer";"4.442778e-03"
" 11";" 212";" 5.19";"  -8.055";"seguir";"4.537885e-03"
"  1";"  79";" 1.27";"  -8.004";"cristianismo";"4.668136e-03"
"  1";"  79";" 1.27";"  -8.004";"leitura";"4.668136e-03"
"  7";" 162";" 4.32";"  -7.997";"rei";"4.686174e-03"
"  7";" 162";" 4.32";"  -7.997";"acesso";"4.686174e-03"
"  6";" 149";" 4.03";"  -7.980";"programa";"4.730115e-03"
"  0";"  62";" 0.00";"  -7.953";"avaliação";"4.800890e-03"
"  3";" 108";" 2.78";"  -7.914";"convidar";"4.904716e-03"
"  1";"  77";" 1.30";"  -7.750";"contexto";"5.372284e-03"
"  2";"  92";" 2.17";"  -7.721";"item";"5.458823e-03"
"  0";"  60";" 0.00";"  -7.696";"ventre";"5.534976e-03"
"  0";"  60";" 0.00";"  -7.696";"investir";"5.534976e-03"
"  0";"  60";" 0.00";"  -7.696";"equipa";"5.534976e-03"
" 72";" 857";" 8.40";"  -7.641";"casa";"5.706432e-03"
"  1";"  76";" 1.32";"  -7.623";"alfabetização";"5.763810e-03"
"  2";"  91";" 2.20";"  -7.597";"batalha";"5.847091e-03"
"  0";"  59";" 0.00";"  -7.567";"modelo";"5.943928e-03"
"  0";"  59";" 0.00";"  -7.567";"servo";"5.943928e-03"
"  0";"  59";" 0.00";"  -7.567";"português";"5.943928e-03"
"  7";" 158";" 4.43";"  -7.557";"ontem";"5.977772e-03"
"  4";" 118";" 3.39";"  -7.459";"conhecimento";"6.313665e-03"
"109";"1221";" 8.93";"  -7.456";"vir";"6.321086e-03"
"  0";"  58";" 0.00";"  -7.439";"canção";"6.383717e-03"
"  0";"  58";" 0.00";"  -7.439";"extraordinário";"6.383717e-03"
" 13";" 229";" 5.68";"  -7.381";"difícil";"6.593281e-03"
"  1";"  74";" 1.35";"  -7.369";"guarda";"6.635915e-03"
"  1";"  74";" 1.35";"  -7.369";"guardar";"6.635915e-03"
"  2";"  89";" 2.25";"  -7.349";"mudo";"6.709060e-03"
"  1";"  73";" 1.37";"  -7.242";"maravilhoso";"7.121031e-03"
"  2";"  88";" 2.27";"  -7.226";"moção";"7.186927e-03"
"  3";" 102";" 2.94";"  -7.190";"mudança";"7.329497e-03"
"  3";" 102";" 2.94";"  -7.190";"estabelecer";"7.329497e-03"
"  0";"  56";" 0.00";"  -7.182";"inscrever";"7.365565e-03"
"  1";"  72";" 1.39";"  -7.115";"creche";"7.642178e-03"
"  0";"  55";" 0.00";"  -7.053";"avivamento";"7.913004e-03"
"  7";" 153";" 4.58";"  -7.013";"corpo";"8.091357e-03"
"  4";" 114";" 3.51";"  -6.991";"debater";"8.193515e-03"
"  1";"  71";" 1.41";"  -6.989";"total";"8.202087e-03"
"  2";"  86";" 2.33";"  -6.979";"depender";"8.248005e-03"
"  6";" 140";" 4.29";"  -6.974";"cultura";"8.269478e-03"
"  8";" 165";" 4.85";"  -6.968";"posição";"8.297565e-03"
"  5";" 127";" 3.94";"  -6.963";"fechar";"8.319034e-03"
"  3";" 100";" 3.00";"  -6.950";"faculdade";"8.379620e-03"
"  0";"  54";" 0.00";"  -6.925";"cruz";"8.502073e-03"
"  0";"  54";" 0.00";"  -6.925";"premiação";"8.502073e-03"
"  4";" 113";" 3.54";"  -6.874";"comer";"8.744549e-03"
"  6";" 139";" 4.32";"  -6.864";"compartilhar";"8.796371e-03"
"  1";"  70";" 1.43";"  -6.862";"produzir";"8.803708e-03"
"  2";"  85";" 2.35";"  -6.856";"predeterminado";"8.836363e-03"
"  2";"  85";" 2.35";"  -6.856";"ministrar";"8.836363e-03"
" 11";" 200";" 5.50";"  -6.846";"adolescente";"8.881670e-03"
"  3";"  99";" 3.03";"  -6.831";"físico";"8.959797e-03"
"  0";"  53";" 0.00";"  -6.796";"aprendizagem";"9.136041e-03"
" 25";" 357";" 7.00";"  -6.787";"ganhar";"9.183444e-03"
"  9";" 175";" 5.14";"  -6.738";"partir";"9.435689e-03"
" 18";" 279";" 6.45";"  -6.715";"paz";"9.560273e-03"
" 15";" 245";" 6.12";"  -6.708";"realidade";"9.599979e-03"
"  9";" 174";" 5.17";"  -6.636";"importar";"9.994063e-03"
"  2";"  83";" 2.41";"  -6.610";"capacidade";"1.014303e-02"
"  2";"  83";" 2.41";"  -6.610";"dado";"1.014303e-02"
"  1";"  68";" 1.47";"  -6.609";"identidade";"1.014504e-02"
"  3";"  97";" 3.09";"  -6.592";"início";"1.024337e-02"
"  8";" 161";" 4.97";"  -6.548";"construir";"1.049860e-02"
"  0";"  51";" 0.00";"  -6.539";"tamo";"1.055312e-02"
"  0";"  51";" 0.00";"  -6.539";"desempenho";"1.055312e-02"
"  0";"  51";" 0.00";"  -6.539";"rafael";"1.055312e-02"
"  5";" 123";" 4.07";"  -6.512";"aceitar";"1.071509e-02"
"  2";"  82";" 2.44";"  -6.487";"loucura";"1.086770e-02"
"  1";"  67";" 1.49";"  -6.483";"melhorar";"1.089188e-02"
"  0";"  50";" 0.00";"  -6.411";"adulto";"1.134421e-02"
"  0";"  50";" 0.00";"  -6.411";"jejuar";"1.134421e-02"
"  0";"  50";" 0.00";"  -6.411";"sobrenatural";"1.134421e-02"
" 32";" 427";" 7.49";"  -6.402";"gostar";"1.139776e-02"
" 18";" 275";" 6.55";"  -6.366";"olho";"1.163102e-02"
"  1";"  66";" 1.52";"  -6.357";"casamento";"1.169472e-02"
"  1";"  66";" 1.52";"  -6.357";"feminista";"1.169472e-02"
"  1";"  66";" 1.52";"  -6.357";"formação";"1.169472e-02"
"  1";"  66";" 1.52";"  -6.357";"escolha";"1.169472e-02"
"  0";"  49";" 0.00";"  -6.282";"orientar";"1.219621e-02"
"  0";"  49";" 0.00";"  -6.282";"módulo";"1.219621e-02"
"  2";"  80";" 2.50";"  -6.242";"repúdio";"1.247742e-02"
"  2";"  80";" 2.50";"  -6.242";"concluir";"1.247742e-02"
"  1";"  65";" 1.54";"  -6.230";"inferno";"1.255787e-02"
"  1";"  65";" 1.54";"  -6.230";"referência";"1.255787e-02"
"  6";" 133";" 4.51";"  -6.207";"nícolas";"1.272456e-02"
"151";"1600";" 9.44";"  -6.178";"deputado";"1.293138e-02"
"  0";"  48";" 0.00";"  -6.154";"conferência";"1.311400e-02"
"  0";"  48";" 0.00";"  -6.154";"colégio";"1.311400e-02"
"  0";"  48";" 0.00";"  -6.154";"salmo";"1.311400e-02"
"  1";"  64";" 1.56";"  -6.104";"aleluia";"1.348599e-02"
"  1";"  64";" 1.56";"  -6.104";"adoração";"1.348599e-02"
"  4";" 106";" 3.77";"  -6.066";"crescer";"1.377932e-02"
"  8";" 156";" 5.13";"  -6.031";"básico";"1.405966e-02"
"  0";"  47";" 0.00";"  -6.025";"josué";"1.410285e-02"
"  0";"  47";" 0.00";"  -6.025";"apóstolo";"1.410285e-02"
" 93";"1036";" 8.98";"  -6.022";"bem";"1.412814e-02"
" 31";" 411";" 7.54";"  -6.004";"voltar";"1.427081e-02"
"  1";"  63";" 1.59";"  -5.978";"orçamento";"1.448408e-02"
"  1";"  63";" 1.59";"  -5.978";"natural";"1.448408e-02"
" 11";" 191";" 5.76";"  -5.969";"declarar";"1.455829e-02"
"  7";" 143";" 4.90";"  -5.947";"dor";"1.473931e-02"
"  9";" 167";" 5.39";"  -5.928";"oportunidade";"1.490478e-02"
"  0";"  46";" 0.00";"  -5.897";"demônio";"1.516850e-02"
"  0";"  46";" 0.00";"  -5.897";"ampliar";"1.516850e-02"
"  0";"  46";" 0.00";"  -5.897";"honrar";"1.516850e-02"
"  0";"  46";" 0.00";"  -5.897";"matemática";"1.516850e-02"
"  6";" 130";" 4.62";"  -5.883";"bastante";"1.528934e-02"
"  2";"  77";" 2.60";"  -5.875";"pensamento";"1.535424e-02"
" 11";" 190";" 5.79";"  -5.873";"apresentar";"1.537150e-02"
" 72";" 825";" 8.73";"  -5.809";"nicolas";"1.594624e-02"
"  0";"  45";" 0.00";"  -5.768";"conservadorismo";"1.631719e-02"
"  0";"  45";" 0.00";"  -5.768";"consagrar";"1.631719e-02"
"  0";"  45";" 0.00";"  -5.768";"conectar";"1.631719e-02"
"  0";"  45";" 0.00";"  -5.768";"exato";"1.631719e-02"
"  0";"  45";" 0.00";"  -5.768";"salvação";"1.631719e-02"
"  0";"  45";" 0.00";"  -5.768";"pedagógico";"1.631719e-02"
"  0";"  45";" 0.00";"  -5.768";"iniciativa";"1.631719e-02"
"  0";"  45";" 0.00";"  -5.768";"curar";"1.631719e-02"
"  2";"  76";" 2.63";"  -5.754";"diabo";"1.645495e-02"
"  2";"  76";" 2.63";"  -5.754";"influência";"1.645495e-02"
"  1";"  61";" 1.64";"  -5.726";"atividade";"1.671234e-02"
"  4";" 103";" 3.88";"  -5.724";"posicionamento";"1.673545e-02"
"  4";" 103";" 3.88";"  -5.724";"experiência";"1.673545e-02"
"  3";"  89";" 3.37";"  -5.646";"formar";"1.749646e-02"
"  0";"  44";" 0.00";"  -5.640";"unção";"1.755566e-02"
"  0";"  44";" 0.00";"  -5.640";"lágrima";"1.755566e-02"
"  0";"  44";" 0.00";"  -5.640";"arrependimento";"1.755566e-02"
"  0";"  44";" 0.00";"  -5.640";"reajuste";"1.755566e-02"
"  0";"  44";" 0.00";"  -5.640";"derramar";"1.755566e-02"
"  2";"  75";" 2.67";"  -5.632";"querido";"1.763528e-02"
"  9";" 164";" 5.49";"  -5.629";"escutar";"1.766195e-02"
"  5";" 115";" 4.35";"  -5.623";"pregar";"1.772898e-02"
"  4";" 102";" 3.92";"  -5.610";"perdoar";"1.785417e-02"
"  4";" 102";" 3.92";"  -5.610";"adorar";"1.785417e-02"
" 11";" 187";" 5.88";"  -5.588";"buscar";"1.808124e-02"
"  8";" 151";" 5.30";"  -5.522";"atenção";"1.878253e-02"
"  5";" 114";" 4.39";"  -5.513";"filme";"1.887551e-02"
"  0";"  43";" 0.00";"  -5.512";"benção";"1.889126e-02"
"  0";"  43";" 0.00";"  -5.512";"profetizar";"1.889126e-02"
"  0";"  43";" 0.00";"  -5.512";"parceria";"1.889126e-02"
"  0";"  43";" 0.00";"  -5.512";"infância";"1.889126e-02"
"  0";"  43";" 0.00";"  -5.512";"falha";"1.889126e-02"
"  0";"  43";" 0.00";"  -5.512";"converter";"1.889126e-02"
"  4";" 101";" 3.96";"  -5.497";"longo";"1.904687e-02"
"  1";"  59";" 1.69";"  -5.475";"desigualdade";"1.929150e-02"
"  1";"  59";" 1.69";"  -5.475";"sacrifício";"1.929150e-02"
"  1";"  59";" 1.69";"  -5.475";"microfone";"1.929150e-02"
"  1";"  59";" 1.69";"  -5.475";"est";"1.929150e-02"
"  1";"  59";" 1.69";"  -5.475";"impactar";"1.929150e-02"
"  6";" 126";" 4.76";"  -5.455";"controlo";"1.950895e-02"
" 19";" 275";" 6.91";"  -5.438";"sentir";"1.970390e-02"
"  0";"  42";" 0.00";"  -5.383";"ressurreição";"2.033200e-02"
"  0";"  42";" 0.00";"  -5.383";"ciência";"2.033200e-02"
"  0";"  42";" 0.00";"  -5.383";"avanço";"2.033200e-02"
"  0";"  42";" 0.00";"  -5.383";"aproximar";"2.033200e-02"
"  1";"  58";" 1.72";"  -5.349";"regimento";"2.073016e-02"
"  1";"  58";" 1.72";"  -5.349";"experimentar";"2.073016e-02"
"  8";" 149";" 5.37";"  -5.321";"porta";"2.107395e-02"
" 14";" 218";" 6.42";"  -5.297";"forte";"2.135656e-02"
"  3";"  86";" 3.49";"  -5.295";"greve";"2.138427e-02"
"  3";"  86";" 3.49";"  -5.295";"registrar";"2.138427e-02"
" 58";" 676";" 8.58";"  -5.278";"acreditar";"2.159160e-02"
"  0";"  41";" 0.00";"  -5.255";"linguagem";"2.188657e-02"
"  0";"  41";" 0.00";"  -5.255";"revolução";"2.188657e-02"
"  0";"  41";" 0.00";"  -5.255";"humilhar";"2.188657e-02"
"  0";"  41";" 0.00";"  -5.255";"intercessão";"2.188657e-02"
"  1";"  57";" 1.75";"  -5.224";"dedicar";"2.227869e-02"
"  5";" 111";" 4.50";"  -5.186";"terminar";"2.277004e-02"
"  3";"  85";" 3.53";"  -5.179";"autor";"2.286306e-02"
"  4";"  98";" 4.08";"  -5.160";"solução";"2.311855e-02"
"  2";"  71";" 2.82";"  -5.148";"etc";"2.327587e-02"
"  2";"  71";" 2.82";"  -5.148";"desejo";"2.327587e-02"
"  6";" 123";" 4.88";"  -5.139";"conservador";"2.340061e-02"
"  0";"  40";" 0.00";"  -5.126";"subscrever";"2.356443e-02"
"  0";"  40";" 0.00";"  -5.126";"fase";"2.356443e-02"
"  0";"  40";" 0.00";"  -5.126";"alegre";"2.356443e-02"
"  0";"  40";" 0.00";"  -5.126";"humanidade";"2.356443e-02"
"  0";"  40";" 0.00";"  -5.126";"carreira";"2.356443e-02"
"  0";"  40";" 0.00";"  -5.126";"rogério";"2.356443e-02"
"  0";"  40";" 0.00";"  -5.126";"louco";"2.356443e-02"
"  0";"  40";" 0.00";"  -5.126";"análise";"2.356443e-02"
" 14";" 216";" 6.48";"  -5.122";"acordo";"2.361914e-02"
"  1";"  56";" 1.79";"  -5.099";"alcance";"2.394575e-02"
"  5";" 110";" 4.55";"  -5.078";"visão";"2.423574e-02"
"  3";"  84";" 3.57";"  -5.063";"estrutura";"2.444386e-02"
"  6";" 122";" 4.92";"  -5.034";"escolher";"2.485875e-02"
"  2";"  70";" 2.86";"  -5.027";"crise";"2.495074e-02"
"  7";" 134";" 5.22";"  -5.017";"posicionar";"2.509282e-02"
"  0";"  39";" 0.00";"  -4.998";"disciplina";"2.537592e-02"
"  0";"  39";" 0.00";"  -4.998";"intercessor";"2.537592e-02"
"  0";"  39";" 0.00";"  -4.998";"camilo";"2.537592e-02"
" 10";" 169";" 5.92";"  -4.983";"mente";"2.560398e-02"
" 13";" 203";" 6.40";"  -4.966";"retirar";"2.584669e-02"
" 23";" 312";" 7.37";"  -4.957";"através";"2.598833e-02"
"  4";"  96";" 4.17";"  -4.936";"fome";"2.629959e-02"
"  2";"  69";" 2.90";"  -4.907";"seguidor";"2.674732e-02"
" 52";" 609";" 8.54";"  -4.885";"existir";"2.709250e-02"
"  0";"  38";" 0.00";"  -4.870";"lives";"2.733229e-02"
"  0";"  38";" 0.00";"  -4.870";"curado";"2.733229e-02"
"  0";"  38";" 0.00";"  -4.870";"socorro";"2.733229e-02"
"  0";"  38";" 0.00";"  -4.870";"súplica";"2.733229e-02"
"  1";"  54";" 1.85";"  -4.848";"mérito";"2.767381e-02"
" 75";" 836";" 8.97";"  -4.842";"depois";"2.777791e-02"
"  3";"  82";" 3.66";"  -4.832";"conceder";"2.793994e-02"
"  3";"  82";" 3.66";"  -4.832";"sangue";"2.793994e-02"
"  6";" 120";" 5.00";"  -4.825";"permitir";"2.804523e-02"
"  4";"  95";" 4.21";"  -4.825";"área";"2.804853e-02"
" 19";" 267";" 7.12";"  -4.797";"aprovar";"2.851279e-02"
"  2";"  68";" 2.94";"  -4.787";"material";"2.867456e-02"
"  0";"  37";" 0.00";"  -4.741";"neutro";"2.944583e-02"
"  0";"  37";" 0.00";"  -4.741";"arte";"2.944583e-02"
"  0";"  37";" 0.00";"  -4.741";"subestimar";"2.944583e-02"
"  0";"  37";" 0.00";"  -4.741";"tecnológico";"2.944583e-02"
"  0";"  37";" 0.00";"  -4.741";"abençoado";"2.944583e-02"
"  1";"  53";" 1.89";"  -4.723";"máscara";"2.975600e-02"
"  1";"  53";" 1.89";"  -4.723";"encher";"2.975600e-02"
"211";"2128";" 9.92";"  -4.721";"quando";"2.980328e-02"
"  3";"  81";" 3.70";"  -4.717";"gosto";"2.987065e-02"
"  4";"  94";" 4.26";"  -4.714";"começo";"2.991218e-02"
"  4";"  94";" 4.26";"  -4.714";"baixo";"2.991218e-02"
" 10";" 166";" 6.02";"  -4.703";"preparar";"3.011756e-02"
" 15";" 222";" 6.76";"  -4.687";"ideia";"3.039884e-02"
"  2";"  67";" 2.99";"  -4.667";"bh";"3.074208e-02"
"  2";"  67";" 2.99";"  -4.667";"avaliar";"3.074208e-02"
"  2";"  67";" 2.99";"  -4.667";"lindo";"3.074208e-02"
"  9";" 154";" 5.84";"  -4.660";"água";"3.086448e-02"
"  0";"  36";" 0.00";"  -4.613";"jeremias";"3.172997e-02"
"  0";"  36";" 0.00";"  -4.613";"conceito";"3.172997e-02"
"  0";"  36";" 0.00";"  -4.613";"subcomissão";"3.172997e-02"
"  0";"  36";" 0.00";"  -4.613";"discípulo";"3.172997e-02"
"  0";"  36";" 0.00";"  -4.613";"batalhar";"3.172997e-02"
"  0";"  36";" 0.00";"  -4.613";"coordenador";"3.172997e-02"
"  0";"  36";" 0.00";"  -4.613";"santana";"3.172997e-02"
"  0";"  36";" 0.00";"  -4.613";"repente";"3.172997e-02"
"  0";"  36";" 0.00";"  -4.613";"hotel";"3.172997e-02"
"  0";"  36";" 0.00";"  -4.613";"circunstância";"3.172997e-02"
"  4";"  93";" 4.30";"  -4.604";"perfeito";"3.189790e-02"
"  3";"  80";" 3.75";"  -4.602";"honra";"3.193432e-02"
"  1";"  52";" 1.92";"  -4.599";"criação";"3.199924e-02"
"  9";" 153";" 5.88";"  -4.566";"autoridade";"3.261366e-02"
"  2";"  66";" 3.03";"  -4.548";"união";"3.296022e-02"
"  2";"  66";" 3.03";"  -4.548";"carne";"3.296022e-02"
"  4";"  92";" 4.35";"  -4.494";"âmbito";"3.401350e-02"
" 78";" 858";" 9.09";"  -4.485";"filho";"3.419567e-02"
"  0";"  35";" 0.00";"  -4.485";"gratidão";"3.419939e-02"
"  0";"  35";" 0.00";"  -4.485";"peça";"3.419939e-02"
"  0";"  35";" 0.00";"  -4.485";"leve";"3.419939e-02"
"  0";"  35";" 0.00";"  -4.485";"facebook";"3.419939e-02"
"  0";"  35";" 0.00";"  -4.485";"árvore";"3.419939e-02"
"  0";"  35";" 0.00";"  -4.485";"ventura";"3.419939e-02"
"  0";"  35";" 0.00";"  -4.485";"depressão";"3.419939e-02"
" 22";" 295";" 7.46";"  -4.483";"guerra";"3.422829e-02"
"  1";"  51";" 1.96";"  -4.474";"trono";"3.441649e-02"
"  1";"  51";" 1.96";"  -4.474";"profundo";"3.441649e-02"
"  5";" 104";" 4.81";"  -4.436";"negócio";"3.517963e-02"
"  2";"  65";" 3.08";"  -4.429";"arrepender";"3.534008e-02"
"  6";" 116";" 5.17";"  -4.414";"incrível";"3.565269e-02"
"  4";"  91";" 4.40";"  -4.384";"vista";"3.626726e-02"
"  0";"  34";" 0.00";"  -4.356";"paraná";"3.687018e-02"
"  0";"  34";" 0.00";"  -4.356";"informar";"3.687018e-02"
"  0";"  34";" 0.00";"  -4.356";"inciso";"3.687018e-02"
"  0";"  34";" 0.00";"  -4.356";"evidência";"3.687018e-02"
"  0";"  34";" 0.00";"  -4.356";"puc";"3.687018e-02"
"  1";"  50";" 2.00";"  -4.349";"demanda";"3.702179e-02"
"  1";"  50";" 2.00";"  -4.349";"seminário";"3.702179e-02"
"  1";"  50";" 2.00";"  -4.349";"leão";"3.702179e-02"
"  1";"  50";" 2.00";"  -4.349";"portugal";"3.702179e-02"
"  1";"  50";" 2.00";"  -4.349";"breve";"3.702179e-02"
"  5";" 103";" 4.85";"  -4.331";"objectivo";"3.742263e-02"
"  7";" 127";" 5.51";"  -4.317";"dificuldade";"3.772849e-02"
"  2";"  64";" 3.12";"  -4.310";"mover";"3.789360e-02"
"  2";"  64";" 3.12";"  -4.310";"independente";"3.789360e-02"
"  2";"  64";" 3.12";"  -4.310";"horário";"3.789360e-02"
"  2";"  64";" 3.12";"  -4.310";"sincero";"3.789360e-02"
"  4";"  90";" 4.44";"  -4.275";"entendimento";"3.866798e-02"
"  0";"  33";" 0.00";"  -4.228";"característica";"3.975994e-02"
"  0";"  33";" 0.00";"  -4.228";"critério";"3.975994e-02"
"  0";"  33";" 0.00";"  -4.228";"desenvolver";"3.975994e-02"
"  0";"  33";" 0.00";"  -4.228";"orarmos";"3.975994e-02"
"  5";" 102";" 4.90";"  -4.226";"pl";"3.980499e-02"
"  1";"  49";" 2.04";"  -4.225";"integral";"3.983041e-02"
" 42";" 496";" 8.47";"  -4.163";"lugar";"4.132415e-02"
"  3";"  76";" 3.95";"  -4.147";"economia";"4.170956e-02"
" 49";" 565";" 8.67";"  -4.102";"mostrar";"4.283192e-02"
"  1";"  48";" 2.08";"  -4.101";"lidar";"4.285890e-02"
"  0";"  32";" 0.00";"  -4.100";"beber";"4.288802e-02"
"  0";"  32";" 0.00";"  -4.100";"alice";"4.288802e-02"
"  2";"  62";" 3.23";"  -4.073";"feira";"4.357395e-02"
"  2";"  62";" 3.23";"  -4.073";"rico";"4.357395e-02"
"  3";"  75";" 4.00";"  -4.034";"colega";"4.458705e-02"
"  7";" 124";" 5.65";"  -4.024";"ambiente";"4.485197e-02"
" 71";" 780";" 9.10";"  -4.022";"forma";"4.490818e-02"
" 24";" 309";" 7.77";"  -3.980";"parecer";"4.603230e-02"
"  1";"  47";" 2.13";"  -3.977";"time";"4.612527e-02"
"  1";"  47";" 2.13";"  -3.977";"braço";"4.612527e-02"
"  0";"  31";" 0.00";"  -3.972";"neemias";"4.627565e-02"
"  0";"  31";" 0.00";"  -3.972";"doutrinação";"4.627565e-02"
"  0";"  31";" 0.00";"  -3.972";"casal";"4.627565e-02"
"  0";"  31";" 0.00";"  -3.972";"eternidade";"4.627565e-02"
"  0";"  31";" 0.00";"  -3.972";"adquirir";"4.627565e-02"
"  0";"  31";" 0.00";"  -3.972";"ente";"4.627565e-02"
"  0";"  31";" 0.00";"  -3.972";"elemento";"4.627565e-02"
"  0";"  31";" 0.00";"  -3.972";"curto";"4.627565e-02"
"  0";"  31";" 0.00";"  -3.972";"curtir";"4.627565e-02"
"  2";"  61";" 3.28";"  -3.955";"pão";"4.672940e-02"
"  2";"  61";" 3.28";"  -3.955";"impacto";"4.672940e-02"
"  2";"  61";" 3.28";"  -3.955";"propor";"4.672940e-02"
" 37";" 442";" 8.37";"  -3.954";"tirar";"4.674972e-02"
"  3";"  74";" 4.05";"  -3.922";"função";"4.766196e-02"
"  6";" 111";" 5.41";"  -3.910";"audiência";"4.800698e-02"
" 13";" 190";" 6.84";"  -3.858";"grupo";"4.950373e-02"
"  1";"  46";" 2.17";"  -3.853";"escravo";"4.964908e-02"
"  1";"  46";" 2.17";"  -3.853";"produção";"4.964908e-02"
"  1";"  46";" 2.17";"  -3.853";"bancada";"4.964908e-02"
"  1";"  46";" 2.17";"  -3.853";"redor";"4.964908e-02"
"  1";"  46";" 2.17";"  -3.853";"enxergar";"4.964908e-02"
"  1";"  46";" 2.17";"  -3.853";"adriana";"4.964908e-02"
"  1";"  46";" 2.17";"  -3.853";"tarcísio";"4.964908e-02"
"  0";"  30";" 0.00";"  -3.843";"fernanda";"4.994620e-02"
"  0";"  30";" 0.00";"  -3.843";"despertar";"4.994620e-02"
"  0";"  30";" 0.00";"  -3.843";"inspirar";"4.994620e-02"
"  0";"  30";" 0.00";"  -3.843";"estudantil";"4.994620e-02"
"  0";"  30";" 0.00";"  -3.843";"matrícula";"4.994620e-02"
"  0";"  30";" 0.00";"  -3.843";"global";"4.994620e-02"
"  0";"  30";" 0.00";"  -3.843";"assembleia";"4.994620e-02"
"  0";"  30";" 0.00";"  -3.843";"salvo";"4.994620e-02"
" 20";" 265";" 7.55";"  -3.839";"número";"5.006670e-02"
"  2";"  60";" 3.33";"  -3.838";"joelho";"5.011592e-02"
"  5";"  98";" 5.10";"  -3.812";"convite";"5.090110e-02"
"  3";"  73";" 4.11";"  -3.810";"possuir";"5.094768e-02"
"  3";"  73";" 4.11";"  -3.810";"bonito";"5.094768e-02"
"  3";"  73";" 4.11";"  -3.810";"evangélico";"5.094768e-02"
"  4";"  85";" 4.71";"  -3.737";"dormir";"5.322273e-02"
"  1";"  45";" 2.22";"  -3.730";"modificar";"5.345164e-02"
"  1";"  45";" 2.22";"  -3.730";"clamor";"5.345164e-02"
"  1";"  45";" 2.22";"  -3.730";"década";"5.345164e-02"
"  1";"  45";" 2.22";"  -3.730";"continuidade";"5.345164e-02"
"  2";"  59";" 3.39";"  -3.720";"fechado";"5.375065e-02"
"  0";"  29";" 0.00";"  -3.715";"incomodar";"5.392542e-02"
"  0";"  29";" 0.00";"  -3.715";"bondade";"5.392542e-02"
"  0";"  29";" 0.00";"  -3.715";"previsão";"5.392542e-02"
"  0";"  29";" 0.00";"  -3.715";"deput";"5.392542e-02"
"  0";"  29";" 0.00";"  -3.715";"sensacional";"5.392542e-02"
"  0";"  29";" 0.00";"  -3.715";"restauração";"5.392542e-02"
"  0";"  29";" 0.00";"  -3.715";"inscrição";"5.392542e-02"
"  0";"  29";" 0.00";"  -3.715";"glorificar";"5.392542e-02"
"  0";"  29";" 0.00";"  -3.715";"valorização";"5.392542e-02"
"  0";"  29";" 0.00";"  -3.715";"prejudicar";"5.392542e-02"
"  0";"  29";" 0.00";"  -3.715";"particular";"5.392542e-02"
"  0";"  29";" 0.00";"  -3.715";"federação";"5.392542e-02"
"  0";"  29";" 0.00";"  -3.715";"doido";"5.392542e-02"
"  0";"  29";" 0.00";"  -3.715";"bênção";"5.392542e-02"
"  0";"  29";" 0.00";"  -3.715";"sobretudo";"5.392542e-02"
"  0";"  29";" 0.00";"  -3.715";"proposição";"5.392542e-02"
"  6";" 109";" 5.50";"  -3.712";"ideologia";"5.402828e-02"
" 14";" 199";" 7.04";"  -3.703";"voz";"5.431093e-02"
"  3";"  72";" 4.17";"  -3.699";"estadual";"5.445849e-02"
" 17";" 231";" 7.36";"  -3.681";"apenas";"5.503758e-02"
" 11";" 165";" 6.67";"  -3.613";"volta";"5.732562e-02"
"  5";"  96";" 5.21";"  -3.607";"quarto";"5.752407e-02"
"  5";"  96";" 5.21";"  -3.607";"pronto";"5.752407e-02"
"  1";"  44";" 2.27";"  -3.606";"sabedoria";"5.755612e-02"
"  1";"  44";" 2.27";"  -3.606";"cívico";"5.755612e-02"
"  1";"  44";" 2.27";"  -3.606";"chão";"5.755612e-02"
"  0";"  28";" 0.00";"  -3.587";"conquistar";"5.824174e-02"
"  0";"  28";" 0.00";"  -3.587";"abraão";"5.824174e-02"
"  0";"  28";" 0.00";"  -3.587";"equipamento";"5.824174e-02"
"  0";"  28";" 0.00";"  -3.587";"travar";"5.824174e-02"
"  0";"  28";" 0.00";"  -3.587";"felicidade";"5.824174e-02"
"  0";"  28";" 0.00";"  -3.587";"essência";"5.824174e-02"
"  0";"  28";" 0.00";"  -3.587";"descansar";"5.824174e-02"
"  0";"  28";" 0.00";"  -3.587";"babilônio";"5.824174e-02"
"  0";"  28";" 0.00";"  -3.587";"regimental";"5.824174e-02"
"  0";"  28";" 0.00";"  -3.587";"habitar";"5.824174e-02"
"  0";"  28";" 0.00";"  -3.587";"jerusalém";"5.824174e-02"
"  0";"  28";" 0.00";"  -3.587";"ciclo";"5.824174e-02"
"  0";"  28";" 0.00";"  -3.587";"costumar";"5.824174e-02"
" 35";" 415";" 8.43";"  -3.554";"abrir";"5.940357e-02"
"  4";"  83";" 4.82";"  -3.525";"lançar";"6.044624e-02"
"  5";"  95";" 5.26";"  -3.506";"necessidade";"6.114174e-02"
" 25";" 312";" 8.01";"  -3.486";"esperar";"6.188851e-02"
"  1";"  43";" 2.33";"  -3.483";"limite";"6.198777e-02"
"  1";"  43";" 2.33";"  -3.483";"crente";"6.198777e-02"
"  3";"  70";" 4.29";"  -3.477";"ea";"6.221715e-02"
"  9";" 141";" 6.38";"  -3.470";"nascer";"6.248731e-02"
" 14";" 196";" 7.14";"  -3.467";"igual";"6.261046e-02"
"  0";"  27";" 0.00";"  -3.459";"nascido";"6.292656e-02"
"  0";"  27";" 0.00";"  -3.459";"complementar";"6.292656e-02"
"  0";"  27";" 0.00";"  -3.459";"apresentação";"6.292656e-02"
"  0";"  27";" 0.00";"  -3.459";"saeb";"6.292656e-02"
"  0";"  27";" 0.00";"  -3.459";"dispor";"6.292656e-02"
"  0";"  27";" 0.00";"  -3.459";"tecnologia";"6.292656e-02"
"  0";"  27";" 0.00";"  -3.459";"evasão";"6.292656e-02"
"  0";"  27";" 0.00";"  -3.459";"espiritualmente";"6.292656e-02"
"  0";"  27";" 0.00";"  -3.459";"aurora";"6.292656e-02"
"  0";"  27";" 0.00";"  -3.459";"william";"6.292656e-02"
" 12";" 174";" 6.90";"  -3.446";"idade";"6.340064e-02"
" 11";" 163";" 6.75";"  -3.445";"garantir";"6.343232e-02"
" 24";" 301";" 7.97";"  -3.442";"criar";"6.357326e-02"
"  2";"  56";" 3.57";"  -3.371";"branco";"6.633556e-02"
"  2";"  56";" 3.57";"  -3.371";"debaixo";"6.633556e-02"
"  2";"  56";" 3.57";"  -3.371";"determinado";"6.633556e-02"
"  1";"  42";" 2.38";"  -3.361";"semente";"6.677410e-02"
"  1";"  42";" 2.38";"  -3.361";"lar";"6.677410e-02"
"  7";" 117";" 5.98";"  -3.359";"cuidado";"6.682459e-02"
"  0";"  26";" 0.00";"  -3.330";"sombra";"6.801470e-02"
"  0";"  26";" 0.00";"  -3.330";"parede";"6.801470e-02"
"  0";"  26";" 0.00";"  -3.330";"garantido";"6.801470e-02"
"  0";"  26";" 0.00";"  -3.330";"contemplar";"6.801470e-02"
"  0";"  26";" 0.00";"  -3.330";"luciene";"6.801470e-02"
"  6";" 105";" 5.71";"  -3.323";"obra";"6.832207e-02"
"  4";"  81";" 4.94";"  -3.316";"ncolas";"6.862720e-02"
"  4";"  81";" 4.94";"  -3.316";"testemunho";"6.862720e-02"
" 16";" 215";" 7.44";"  -3.283";"dúvida";"6.998475e-02"
" 11";" 161";" 6.83";"  -3.280";"base";"7.014060e-02"
" 69";" 744";" 9.27";"  -3.267";"grande";"7.070628e-02"
"  3";"  68";" 4.41";"  -3.258";"contribuir";"7.107191e-02"
"  1";"  41";" 2.44";"  -3.238";"café";"7.194515e-02"
"  6";" 104";" 5.77";"  -3.227";"embora";"7.242564e-02"
"  4";"  80";" 5.00";"  -3.212";"super";"7.311419e-02"
"  4";"  80";" 5.00";"  -3.212";"efeito";"7.311419e-02"
"  5";"  92";" 5.43";"  -3.206";"promessa";"7.336535e-02"
"  5";"  92";" 5.43";"  -3.206";"especial";"7.336535e-02"
"  0";"  25";" 0.00";"  -3.202";"casar";"7.354478e-02"
"  0";"  25";" 0.00";"  -3.202";"shopping";"7.354478e-02"
"  0";"  25";" 0.00";"  -3.202";"atrair";"7.354478e-02"
"  0";"  25";" 0.00";"  -3.202";"ester";"7.354478e-02"
"  0";"  25";" 0.00";"  -3.202";"destaque";"7.354478e-02"
"  0";"  25";" 0.00";"  -3.202";"templo";"7.354478e-02"
"  0";"  25";" 0.00";"  -3.202";"ouro";"7.354478e-02"
"  0";"  25";" 0.00";"  -3.202";"frio";"7.354478e-02"
"  0";"  25";" 0.00";"  -3.202";"substitutivo";"7.354478e-02"
"  0";"  25";" 0.00";"  -3.202";"pânico";"7.354478e-02"
"  0";"  25";" 0.00";"  -3.202";"ousadia";"7.354478e-02"
"  0";"  25";" 0.00";"  -3.202";"implementação";"7.354478e-02"
"  0";"  25";" 0.00";"  -3.202";"deficiência";"7.354478e-02"
"  0";"  25";" 0.00";"  -3.202";"comunhão";"7.354478e-02"
"  0";"  25";" 0.00";"  -3.202";"abordar";"7.354478e-02"
" 10";" 149";" 6.71";"  -3.199";"velho";"7.370292e-02"
" 11";" 160";" 6.88";"  -3.198";"valer";"7.373646e-02"
"  3";"  67";" 4.48";"  -3.149";"culto";"7.595704e-02"
"  3";"  67";" 4.48";"  -3.149";"servidor";"7.595704e-02"
"  2";"  54";" 3.70";"  -3.141";"milagre";"7.634365e-02"
"  2";"  54";" 3.70";"  -3.141";"alimentar";"7.634365e-02"
"  6";" 103";" 5.83";"  -3.132";"caráter";"7.676422e-02"
"  9";" 137";" 6.57";"  -3.123";"representar";"7.721357e-02"
"  1";"  40";" 2.50";"  -3.116";"enganado";"7.753368e-02"
"  1";"  40";" 2.50";"  -3.116";"atrapalhar";"7.753368e-02"
" 72";" 769";" 9.36";"  -3.097";"família";"7.845648e-02"
"  7";" 114";" 6.14";"  -3.083";"rápido";"7.909487e-02"
"  0";"  24";" 0.00";"  -3.074";"apaixonado";"7.955980e-02"
"  0";"  24";" 0.00";"  -3.074";"stories";"7.955980e-02"
"  0";"  24";" 0.00";"  -3.074";"fluir";"7.955980e-02"
"  0";"  24";" 0.00";"  -3.074";"completar";"7.955980e-02"
"  0";"  24";" 0.00";"  -3.074";"agradar";"7.955980e-02"
"  0";"  24";" 0.00";"  -3.074";"alegrar";"7.955980e-02"
"  0";"  24";" 0.00";"  -3.074";"santidade";"7.955980e-02"
"  0";"  24";" 0.00";"  -3.074";"oferta";"7.955980e-02"
"  0";"  24";" 0.00";"  -3.074";"fraqueza";"7.955980e-02"
"  0";"  24";" 0.00";"  -3.074";"anitta";"7.955980e-02"
"  0";"  24";" 0.00";"  -3.074";"toque";"7.955980e-02"
"  0";"  24";" 0.00";"  -3.074";"habilidade";"7.955980e-02"
"  0";"  24";" 0.00";"  -3.074";"depositar";"7.955980e-02"
"  0";"  24";" 0.00";"  -3.074";"realização";"7.955980e-02"
"  0";"  24";" 0.00";"  -3.074";"morada";"7.955980e-02"
"  0";"  24";" 0.00";"  -3.074";"cova";"7.955980e-02"
"  0";"  24";" 0.00";"  -3.074";"progressista";"7.955980e-02"
"  0";"  24";" 0.00";"  -3.074";"perspectiva";"7.955980e-02"
"  0";"  24";" 0.00";"  -3.074";"certamente";"7.955980e-02"
"  0";"  24";" 0.00";"  -3.074";"atendimento";"7.955980e-02"
" 28";" 336";" 8.33";"  -3.070";"irmão";"7.977375e-02"
" 72";" 768";" 9.38";"  -3.054";"dentro";"8.051410e-02"
" 11";" 158";" 6.96";"  -3.036";"câmara";"8.144572e-02"
"  2";"  53";" 3.77";"  -3.027";"preto";"8.190725e-02"
"  2";"  53";" 3.77";"  -3.027";"anjo";"8.190725e-02"
"  1";"  39";" 2.56";"  -2.994";"lamentar";"8.357552e-02"
"  1";"  39";" 2.56";"  -2.994";"crescimento";"8.357552e-02"
"  1";"  39";" 2.56";"  -2.994";"enorme";"8.357552e-02"
"  7";" 113";" 6.19";"  -2.993";"mesa";"8.363875e-02"
" 13";" 179";" 7.26";"  -2.986";"concordar";"8.397539e-02"
" 13";" 179";" 7.26";"  -2.986";"inimigo";"8.397539e-02"
"  0";"  23";" 0.00";"  -2.946";"pronome";"8.610770e-02"
"  0";"  23";" 0.00";"  -2.946";"livraria";"8.610770e-02"
"  0";"  23";" 0.00";"  -2.946";"nascimento";"8.610770e-02"
"  0";"  23";" 0.00";"  -2.946";"figueira";"8.610770e-02"
"  0";"  23";" 0.00";"  -2.946";"interromper";"8.610770e-02"
"  0";"  23";" 0.00";"  -2.946";"privilégio";"8.610770e-02"
"  0";"  23";" 0.00";"  -2.946";"piso";"8.610770e-02"
"  0";"  23";" 0.00";"  -2.946";"infra-estrutura";"8.610770e-02"
"  0";"  23";" 0.00";"  -2.946";"encaminhamento";"8.610770e-02"
"  0";"  23";" 0.00";"  -2.946";"romano";"8.610770e-02"
"  0";"  23";" 0.00";"  -2.946";"maligno";"8.610770e-02"
"  0";"  23";" 0.00";"  -2.946";"externo";"8.610770e-02"
"  6";" 101";" 5.94";"  -2.944";"sofrimento";"8.619660e-02"
"  3";"  65";" 4.62";"  -2.934";"religião";"8.674701e-02"
"  3";"  65";" 4.62";"  -2.934";"vitória";"8.674701e-02"
"  2";"  52";" 3.85";"  -2.913";"secretário";"8.788123e-02"
"  2";"  52";" 3.85";"  -2.913";"conduzir";"8.788123e-02"
"  2";"  52";" 3.85";"  -2.913";"capaz";"8.788123e-02"
"  5";"  89";" 5.62";"  -2.912";"agenda";"8.793087e-02"
" 38";" 433";" 8.78";"  -2.889";"história";"8.916671e-02"
"  1";"  38";" 2.63";"  -2.872";"inglês";"9.010983e-02"
"  1";"  38";" 2.63";"  -2.872";"alterar";"9.010983e-02"
"  1";"  38";" 2.63";"  -2.872";"disposto";"9.010983e-02"
"  1";"  38";" 2.63";"  -2.872";"parágrafo";"9.010983e-02"
"  1";"  38";" 2.63";"  -2.872";"bíblico";"9.010983e-02"
" 10";" 145";" 6.90";"  -2.868";"interessante";"9.033432e-02"
"  3";"  64";" 4.69";"  -2.827";"centro";"9.269756e-02"
"  0";"  22";" 0.00";"  -2.817";"romper";"9.324214e-02"
"  0";"  22";" 0.00";"  -2.817";"diversidade";"9.324214e-02"
"  0";"  22";" 0.00";"  -2.817";"provocar";"9.324214e-02"
"  0";"  22";" 0.00";"  -2.817";"melhoria";"9.324214e-02"
"  0";"  22";" 0.00";"  -2.817";"limpar";"9.324214e-02"
"  0";"  22";" 0.00";"  -2.817";"fundeb";"9.324214e-02"
"  0";"  22";" 0.00";"  -2.817";"estágio";"9.324214e-02"
"  0";"  22";" 0.00";"  -2.817";"atmosfera";"9.324214e-02"
"  0";"  22";" 0.00";"  -2.817";"rir";"9.324214e-02"
"  0";"  22";" 0.00";"  -2.817";"didático";"9.324214e-02"
"  0";"  22";" 0.00";"  -2.817";"cobrir";"9.324214e-02"
"  0";"  22";" 0.00";"  -2.817";"avançado";"9.324214e-02"
"  0";"  22";" 0.00";"  -2.817";"remédio";"9.324214e-02"
"  0";"  22";" 0.00";"  -2.817";"madrugada";"9.324214e-02"
"  0";"  22";" 0.00";"  -2.817";"instante";"9.324214e-02"
"  0";"  22";" 0.00";"  -2.817";"compaixão";"9.324214e-02"
"  5";"  88";" 5.68";"  -2.815";"relacionamento";"9.337652e-02"
"  4";"  76";" 5.26";"  -2.803";"confiar";"9.410159e-02"
"  2";"  51";" 3.92";"  -2.799";"rapidamente";"9.429626e-02"
"  6";"  99";" 6.06";"  -2.759";"conteúdo";"9.672524e-02"
"  1";"  37";" 2.70";"  -2.751";"fascismo";"9.717949e-02"
"  1";"  37";" 2.70";"  -2.751";"vírus";"9.717949e-02"
"  1";"  37";" 2.70";"  -2.751";"fernando";"9.717949e-02"
"  7";" 110";" 6.36";"  -2.725";"pandemia";"9.879296e-02"
"  3";"  63";" 4.76";"  -2.721";"técnico";"9.905138e-02"
"  3";"  63";" 4.76";"  -2.721";"falado";"9.905138e-02"
"  4";"  75";" 5.33";"  -2.702";"membro";"1.002028e-01"
"  4";"  75";" 5.33";"  -2.702";"triste";"1.002028e-01"
"  0";"  21";" 0.00";"  -2.689";"psicólogo";"1.010233e-01"
"  0";"  21";" 0.00";"  -2.689";"invisível";"1.010233e-01"
"  0";"  21";" 0.00";"  -2.689";"edificar";"1.010233e-01"
"  0";"  21";" 0.00";"  -2.689";"curtido";"1.010233e-01"
"  0";"  21";" 0.00";"  -2.689";"chover";"1.010233e-01"
"  0";"  21";" 0.00";"  -2.689";"doutrina";"1.010233e-01"
"  0";"  21";" 0.00";"  -2.689";"mecanismo";"1.010233e-01"
"  0";"  21";" 0.00";"  -2.689";"inscrito";"1.010233e-01"
"  0";"  21";" 0.00";"  -2.689";"inclusivo";"1.010233e-01"
"  0";"  21";" 0.00";"  -2.689";"gostoso";"1.010233e-01"
"  0";"  21";" 0.00";"  -2.689";"assistência";"1.010233e-01"
"  0";"  21";" 0.00";"  -2.689";"altar";"1.010233e-01"
"  0";"  21";" 0.00";"  -2.689";"seleção";"1.010233e-01"
"  0";"  21";" 0.00";"  -2.689";"namorado";"1.010233e-01"
"  0";"  21";" 0.00";"  -2.689";"inspiração";"1.010233e-01"
"  0";"  21";" 0.00";"  -2.689";"estruturado";"1.010233e-01"
"  0";"  21";" 0.00";"  -2.689";"camila";"1.010233e-01"
"  0";"  21";" 0.00";"  -2.689";"pastorzão";"1.010233e-01"
"  0";"  21";" 0.00";"  -2.689";"filosofia";"1.010233e-01"
"  0";"  21";" 0.00";"  -2.689";"efetivamente";"1.010233e-01"
"  0";"  21";" 0.00";"  -2.689";"celestial";"1.010233e-01"
"  0";"  21";" 0.00";"  -2.689";"alinhado";"1.010233e-01"
"  2";"  50";" 4.00";"  -2.687";"sugestão";"1.011853e-01"
" 15";" 196";" 7.65";"  -2.676";"vereador";"1.018766e-01"
"  1";"  36";" 2.78";"  -2.630";"cancelar";"1.048315e-01"
"  1";"  36";" 2.78";"  -2.630";"sarar";"1.048315e-01"
"  1";"  36";" 2.78";"  -2.630";"ansiedade";"1.048315e-01"
"  1";"  36";" 2.78";"  -2.630";"obedecer";"1.048315e-01"
"  1";"  36";" 2.78";"  -2.630";"gaiar";"1.048315e-01"
"  1";"  36";" 2.78";"  -2.630";"interno";"1.048315e-01"
"  1";"  36";" 2.78";"  -2.630";"ã";"1.048315e-01"
"  9";" 131";" 6.87";"  -2.621";"parabéns";"1.054750e-01"
"  9";" 131";" 6.87";"  -2.621";"pequeno";"1.054750e-01"
"  6";"  97";" 6.19";"  -2.576";"canal";"1.084655e-01"
"  2";"  49";" 4.08";"  -2.575";"oferecer";"1.085838e-01"
"  2";"  49";" 4.08";"  -2.575";"mexer";"1.085838e-01"
"  2";"  49";" 4.08";"  -2.575";"superior";"1.085838e-01"
"  2";"  49";" 4.08";"  -2.575";"precioso";"1.085838e-01"
"  2";"  49";" 4.08";"  -2.575";"gustavo";"1.085838e-01"
"  2";"  49";" 4.08";"  -2.575";"intenção";"1.085838e-01"
" 19";" 236";" 8.05";"  -2.569";"presente";"1.089702e-01"
"  0";"  20";" 0.00";"  -2.561";"pregador";"1.095190e-01"
"  0";"  20";" 0.00";"  -2.561";"herança";"1.095190e-01"
"  0";"  20";" 0.00";"  -2.561";"flor";"1.095190e-01"
"  0";"  20";" 0.00";"  -2.561";"relevância";"1.095190e-01"
"  0";"  20";" 0.00";"  -2.561";"paixão";"1.095190e-01"
"  0";"  20";" 0.00";"  -2.561";"interessado";"1.095190e-01"
"  0";"  20";" 0.00";"  -2.561";"evolução";"1.095190e-01"
"  0";"  20";" 0.00";"  -2.561";"diário";"1.095190e-01"
"  0";"  20";" 0.00";"  -2.561";"desligar";"1.095190e-01"
"  0";"  20";" 0.00";"  -2.561";"cidadania";"1.095190e-01"
"  0";"  20";" 0.00";"  -2.561";"sorriso";"1.095190e-01"
"  0";"  20";" 0.00";"  -2.561";"redação";"1.095190e-01"
"  0";"  20";" 0.00";"  -2.561";"percentual";"1.095190e-01"
"  0";"  20";" 0.00";"  -2.561";"obter";"1.095190e-01"
"  0";"  20";" 0.00";"  -2.561";"fator";"1.095190e-01"
"  0";"  20";" 0.00";"  -2.561";"celebrar";"1.095190e-01"
"  0";"  20";" 0.00";"  -2.561";"sorrir";"1.095190e-01"
"  0";"  20";" 0.00";"  -2.561";"prosperar";"1.095190e-01"
"  0";"  20";" 0.00";"  -2.561";"pregação";"1.095190e-01"
"  0";"  20";" 0.00";"  -2.561";"maurício";"1.095190e-01"
"  0";"  20";" 0.00";"  -2.561";"filipenses";"1.095190e-01"
"  0";"  20";" 0.00";"  -2.561";"diminuir";"1.095190e-01"
"  0";"  20";" 0.00";"  -2.561";"criminalizar";"1.095190e-01"
"  0";"  20";" 0.00";"  -2.561";"criador";"1.095190e-01"
"  0";"  20";" 0.00";"  -2.561";"trago";"1.095190e-01"
"  0";"  20";" 0.00";"  -2.561";"salarial";"1.095190e-01"
"  0";"  20";" 0.00";"  -2.561";"desemprego";"1.095190e-01"
"  0";"  20";" 0.00";"  -2.561";"compreensão";"1.095190e-01"
" 17";" 215";" 7.91";"  -2.547";"sociedade";"1.104833e-01"
"  5";"  85";" 5.88";"  -2.530";"atingir";"1.117214e-01"
"  5";"  85";" 5.88";"  -2.530";"seguro";"1.117214e-01"
"  1";"  35";" 2.86";"  -2.510";"revelação";"1.131173e-01"
"  1";"  35";" 2.86";"  -2.510";"moisés";"1.131173e-01"
"  1";"  35";" 2.86";"  -2.510";"unidade";"1.131173e-01"
"  1";"  35";" 2.86";"  -2.510";"genuíno";"1.131173e-01"
"  1";"  35";" 2.86";"  -2.510";"dom";"1.131173e-01"
"  1";"  35";" 2.86";"  -2.510";"revelar";"1.131173e-01"
"  1";"  35";" 2.86";"  -2.510";"psicológico";"1.131173e-01"
"  1";"  35";" 2.86";"  -2.510";"onda";"1.131173e-01"
"  1";"  35";" 2.86";"  -2.510";"classe";"1.131173e-01"
"  1";"  35";" 2.86";"  -2.510";"afastar";"1.131173e-01"
"  1";"  35";" 2.86";"  -2.510";"destacar";"1.131173e-01"
" 13";" 172";" 7.56";"  -2.468";"pé";"1.161710e-01"
"  2";"  48";" 4.17";"  -2.463";"promover";"1.165300e-01"
"  2";"  48";" 4.17";"  -2.463";"carinho";"1.165300e-01"
"  9";" 129";" 6.98";"  -2.459";"específico";"1.168451e-01"
"  0";"  19";" 0.00";"  -2.433";"chuva";"1.188058e-01"
"  0";"  19";" 0.00";"  -2.433";"concurso";"1.188058e-01"
"  0";"  19";" 0.00";"  -2.433";"conai";"1.188058e-01"
"  0";"  19";" 0.00";"  -2.433";"cliente";"1.188058e-01"
"  0";"  19";" 0.00";"  -2.433";"academia";"1.188058e-01"
"  0";"  19";" 0.00";"  -2.433";"tok";"1.188058e-01"
"  0";"  19";" 0.00";"  -2.433";"tik";"1.188058e-01"
"  0";"  19";" 0.00";"  -2.433";"lívia";"1.188058e-01"
"  0";"  19";" 0.00";"  -2.433";"repreender";"1.188058e-01"
"  0";"  19";" 0.00";"  -2.433";"príncipe";"1.188058e-01"
"  0";"  19";" 0.00";"  -2.433";"enfermidade";"1.188058e-01"
"  0";"  19";" 0.00";"  -2.433";"sacerdote";"1.188058e-01"
"  0";"  19";" 0.00";"  -2.433";"prosseguir";"1.188058e-01"
"  0";"  19";" 0.00";"  -2.433";"emocional";"1.188058e-01"
"  0";"  19";" 0.00";"  -2.433";"desenho";"1.188058e-01"
"  0";"  19";" 0.00";"  -2.433";"convidado";"1.188058e-01"
"  0";"  19";" 0.00";"  -2.433";"tempestade";"1.188058e-01"
"  0";"  19";" 0.00";"  -2.433";"premiar";"1.188058e-01"
"  0";"  19";" 0.00";"  -2.433";"indústria";"1.188058e-01"
"  0";"  19";" 0.00";"  -2.433";"educar";"1.188058e-01"
"  0";"  19";" 0.00";"  -2.433";"autoria";"1.188058e-01"
"  0";"  19";" 0.00";"  -2.433";"assessoria";"1.188058e-01"
"  0";"  19";" 0.00";"  -2.433";"adesão";"1.188058e-01"
"  0";"  19";" 0.00";"  -2.433";"mouro";"1.188058e-01"
"  0";"  19";" 0.00";"  -2.433";"escuridão";"1.188058e-01"
"  0";"  19";" 0.00";"  -2.433";"entretenimento";"1.188058e-01"
"  3";"  60";" 5.00";"  -2.407";"sonho";"1.208069e-01"
"  3";"  60";" 5.00";"  -2.407";"aprovação";"1.208069e-01"
"  4";"  72";" 5.56";"  -2.406";"definir";"1.208978e-01"
"  4";"  72";" 5.56";"  -2.406";"marco";"1.208978e-01"
"  4";"  72";" 5.56";"  -2.406";"técnica";"1.208978e-01"
" 15";" 192";" 7.81";"  -2.399";"errado";"1.213863e-01"
"  1";"  34";" 2.94";"  -2.390";"alteração";"1.220935e-01"
" 12";" 160";" 7.50";"  -2.366";"esperança";"1.240112e-01"
"  2";"  47";" 4.26";"  -2.353";"noção";"1.250647e-01"
"  2";"  47";" 4.26";"  -2.353";"vigilância";"1.250647e-01"
"  2";"  47";" 4.26";"  -2.353";"segurar";"1.250647e-01"
"  2";"  47";" 4.26";"  -2.353";"direção";"1.250647e-01"
"  2";"  47";" 4.26";"  -2.353";"capitão";"1.250647e-01"
" 17";" 212";" 8.02";"  -2.351";"situação";"1.252358e-01"
" 10";" 138";" 7.25";"  -2.317";"cuidar";"1.279909e-01"
"  4";"  71";" 5.63";"  -2.308";"acordar";"1.286728e-01"
"  0";"  18";" 0.00";"  -2.305";"medir";"1.289708e-01"
"  0";"  18";" 0.00";"  -2.305";"enem";"1.289708e-01"
"  0";"  18";" 0.00";"  -2.305";"reinar";"1.289708e-01"
"  0";"  18";" 0.00";"  -2.305";"prostrar";"1.289708e-01"
"  0";"  18";" 0.00";"  -2.305";"acalmar";"1.289708e-01"
"  0";"  18";" 0.00";"  -2.305";"sagrado";"1.289708e-01"
"  0";"  18";" 0.00";"  -2.305";"riqueza";"1.289708e-01"
"  0";"  18";" 0.00";"  -2.305";"quente";"1.289708e-01"
"  0";"  18";" 0.00";"  -2.305";"podcast";"1.289708e-01"
"  0";"  18";" 0.00";"  -2.305";"encorajar";"1.289708e-01"
"  0";"  18";" 0.00";"  -2.305";"correa";"1.289708e-01"
"  0";"  18";" 0.00";"  -2.305";"analfabeto";"1.289708e-01"
"  0";"  18";" 0.00";"  -2.305";"obrigatoriedade";"1.289708e-01"
"  0";"  18";" 0.00";"  -2.305";"isaías";"1.289708e-01"
"  0";"  18";" 0.00";"  -2.305";"engajamento";"1.289708e-01"
"  0";"  18";" 0.00";"  -2.305";"crença";"1.289708e-01"
"  0";"  18";" 0.00";"  -2.305";"almoçar";"1.289708e-01"
"  0";"  18";" 0.00";"  -2.305";"retorno";"1.289708e-01"
"  0";"  18";" 0.00";"  -2.305";"profetizamos";"1.289708e-01"
"  0";"  18";" 0.00";"  -2.305";"maternidade";"1.289708e-01"
"  0";"  18";" 0.00";"  -2.305";"dimensão";"1.289708e-01"
"  0";"  18";" 0.00";"  -2.305";"clareza";"1.289708e-01"
"  0";"  18";" 0.00";"  -2.305";"apertar";"1.289708e-01"
"  0";"  18";" 0.00";"  -2.305";"sábio";"1.289708e-01"
"  0";"  18";" 0.00";"  -2.305";"parecido";"1.289708e-01"
"  0";"  18";" 0.00";"  -2.305";"judá";"1.289708e-01"
"  0";"  18";" 0.00";"  -2.305";"ensinamento";"1.289708e-01"
"  9";" 127";" 7.09";"  -2.301";"prefeito";"1.293310e-01"
"  1";"  33";" 3.03";"  -2.271";"demorar";"1.318224e-01"
"  1";"  33";" 3.03";"  -2.271";"efetivo";"1.318224e-01"
"  1";"  33";" 3.03";"  -2.271";"choro";"1.318224e-01"
"  1";"  33";" 3.03";"  -2.271";"indicador";"1.318224e-01"
" 70";" 729";" 9.60";"  -2.265";"ainda";"1.323069e-01"
"  2";"  46";" 4.35";"  -2.243";"valente";"1.342322e-01"
"  2";"  46";" 4.35";"  -2.243";"comunismo";"1.342322e-01"
"  2";"  46";" 4.35";"  -2.243";"fiel";"1.342322e-01"
" 32";" 361";" 8.86";"  -2.240";"perder";"1.345204e-01"
" 14";" 179";" 7.82";"  -2.225";"movimento";"1.358213e-01"
"  8";" 115";" 6.96";"  -2.211";"reconhecer";"1.370005e-01"
"  0";"  17";" 0.00";"  -2.177";"definição";"1.401133e-01"
"  0";"  17";" 0.00";"  -2.177";"chato";"1.401133e-01"
"  0";"  17";" 0.00";"  -2.177";"noivo";"1.401133e-01"
"  0";"  17";" 0.00";"  -2.177";"versão";"1.401133e-01"
"  0";"  17";" 0.00";"  -2.177";"tribo";"1.401133e-01"
"  0";"  17";" 0.00";"  -2.177";"ovelha";"1.401133e-01"
"  0";"  17";" 0.00";"  -2.177";"categoria";"1.401133e-01"
"  0";"  17";" 0.00";"  -2.177";"po";"1.401133e-01"
"  0";"  17";" 0.00";"  -2.177";"júlia";"1.401133e-01"
"  0";"  17";" 0.00";"  -2.177";"imperfeito";"1.401133e-01"
"  0";"  17";" 0.00";"  -2.177";"fórmula";"1.401133e-01"
"  0";"  17";" 0.00";"  -2.177";"distância";"1.401133e-01"
"  0";"  17";" 0.00";"  -2.177";"correria";"1.401133e-01"
"  0";"  17";" 0.00";"  -2.177";"leite";"1.401133e-01"
"  0";"  17";" 0.00";"  -2.177";"filósofo";"1.401133e-01"
"  0";"  17";" 0.00";"  -2.177";"estilo";"1.401133e-01"
"  0";"  17";" 0.00";"  -2.177";"cs";"1.401133e-01"
"  0";"  17";" 0.00";"  -2.177";"alfabetizado";"1.401133e-01"
"  0";"  17";" 0.00";"  -2.177";"aderir";"1.401133e-01"
"  0";"  17";" 0.00";"  -2.177";"saudade";"1.401133e-01"
"  0";"  17";" 0.00";"  -2.177";"ressaltar";"1.401133e-01"
"  0";"  17";" 0.00";"  -2.177";"protocolei";"1.401133e-01"
"  0";"  17";" 0.00";"  -2.177";"osso";"1.401133e-01"
"  0";"  17";" 0.00";"  -2.177";"orçamentário";"1.401133e-01"
"  0";"  17";" 0.00";"  -2.177";"meditar";"1.401133e-01"
"  0";"  17";" 0.00";"  -2.177";"introdução";"1.401133e-01"
"  0";"  17";" 0.00";"  -2.177";"estádio";"1.401133e-01"
"  0";"  17";" 0.00";"  -2.177";"curricular";"1.401133e-01"
"  0";"  17";" 0.00";"  -2.177";"confortar";"1.401133e-01"
"  0";"  17";" 0.00";"  -2.177";"retomada";"1.401133e-01"
"  0";"  17";" 0.00";"  -2.177";"reivindicação";"1.401133e-01"
"  0";"  17";" 0.00";"  -2.177";"reflexão";"1.401133e-01"
"  0";"  17";" 0.00";"  -2.177";"principado";"1.401133e-01"
"  0";"  17";" 0.00";"  -2.177";"oeste";"1.401133e-01"
"  0";"  17";" 0.00";"  -2.177";"maturidade";"1.401133e-01"
"  0";"  17";" 0.00";"  -2.177";"funcionamento";"1.401133e-01"
"  0";"  17";" 0.00";"  -2.177";"emoção";"1.401133e-01"
"  0";"  17";" 0.00";"  -2.177";"costume";"1.401133e-01"
"  0";"  17";" 0.00";"  -2.177";"chat";"1.401133e-01"
"  0";"  17";" 0.00";"  -2.177";"alden";"1.401133e-01"
"  0";"  17";" 0.00";"  -2.177";"abração";"1.401133e-01"
" 36";" 399";" 9.02";"  -2.173";"conhecer";"1.404781e-01"
" 39";" 428";" 9.11";"  -2.157";"mão";"1.419445e-01"
"  1";"  32";" 3.12";"  -2.152";"central";"1.423723e-01"
"  1";"  32";" 3.12";"  -2.152";"link";"1.423723e-01"
"  1";"  32";" 3.12";"  -2.152";"convicção";"1.423723e-01"
"  1";"  32";" 3.12";"  -2.152";"cama";"1.423723e-01"
"  1";"  32";" 3.12";"  -2.152";"tela";"1.423723e-01"
"  1";"  32";" 3.12";"  -2.152";"libertação";"1.423723e-01"
"  1";"  32";" 3.12";"  -2.152";"sen";"1.423723e-01"
"  1";"  32";" 3.12";"  -2.152";"reforçar";"1.423723e-01"
"  1";"  32";" 3.12";"  -2.152";"especialmente";"1.423723e-01"
"  1";"  32";" 3.12";"  -2.152";"brito";"1.423723e-01"
"  6";"  92";" 6.52";"  -2.135";"plenário";"1.439631e-01"
"  2";"  45";" 4.44";"  -2.134";"julho";"1.440798e-01"
"  2";"  45";" 4.44";"  -2.134";"mar";"1.440798e-01"
"  2";"  45";" 4.44";"  -2.134";"ótimo";"1.440798e-01"
"  2";"  45";" 4.44";"  -2.134";"treva";"1.440798e-01"
"  2";"  45";" 4.44";"  -2.134";"valorizar";"1.440798e-01"
"  3";"  57";" 5.26";"  -2.100";"odiar";"1.472535e-01"
"  3";"  57";" 5.26";"  -2.100";"direcionar";"1.472535e-01"
" 14";" 177";" 7.91";"  -2.091";"diante";"1.482022e-01"
"  5";"  80";" 6.25";"  -2.071";"conhecido";"1.501498e-01"
"  9";" 124";" 7.26";"  -2.069";"sentar";"1.503544e-01"
"  9";" 124";" 7.26";"  -2.069";"funcionar";"1.503544e-01"
" 13";" 166";" 7.83";"  -2.050";"ordem";"1.521841e-01"
"  0";"  16";" 0.00";"  -2.049";"homossexualidade";"1.523472e-01"
"  0";"  16";" 0.00";"  -2.049";"obstrução";"1.523472e-01"
"  0";"  16";" 0.00";"  -2.049";"admirar";"1.523472e-01"
"  0";"  16";" 0.00";"  -2.049";"testamento";"1.523472e-01"
"  0";"  16";" 0.00";"  -2.049";"britânico";"1.523472e-01"
"  0";"  16";" 0.00";"  -2.049";"david";"1.523472e-01"
"  0";"  16";" 0.00";"  -2.049";"cobre";"1.523472e-01"
"  0";"  16";" 0.00";"  -2.049";"arca";"1.523472e-01"
"  0";"  16";" 0.00";"  -2.049";"tendência";"1.523472e-01"
"  0";"  16";" 0.00";"  -2.049";"schooling";"1.523472e-01"
"  0";"  16";" 0.00";"  -2.049";"durar";"1.523472e-01"
"  0";"  16";" 0.00";"  -2.049";"círculo";"1.523472e-01"
"  0";"  16";" 0.00";"  -2.049";"presencial";"1.523472e-01"
"  0";"  16";" 0.00";"  -2.049";"limitação";"1.523472e-01"
"  0";"  16";" 0.00";"  -2.049";"emocionar";"1.523472e-01"
"  0";"  16";" 0.00";"  -2.049";"descrever";"1.523472e-01"
"  0";"  16";" 0.00";"  -2.049";"barato";"1.523472e-01"
"  0";"  16";" 0.00";"  -2.049";"verdadeiramente";"1.523472e-01"
"  0";"  16";" 0.00";"  -2.049";"universo";"1.523472e-01"
"  0";"  16";" 0.00";"  -2.049";"proceder";"1.523472e-01"
"  0";"  16";" 0.00";"  -2.049";"obediência";"1.523472e-01"
"  0";"  16";" 0.00";"  -2.049";"marketing";"1.523472e-01"
"  0";"  16";" 0.00";"  -2.049";"intenso";"1.523472e-01"
"  0";"  16";" 0.00";"  -2.049";"integridade";"1.523472e-01"
"  0";"  16";" 0.00";"  -2.049";"humildade";"1.523472e-01"
"  0";"  16";" 0.00";"  -2.049";"explicação";"1.523472e-01"
"  0";"  16";" 0.00";"  -2.049";"eis";"1.523472e-01"
"  0";"  16";" 0.00";"  -2.049";"bullying";"1.523472e-01"
"  0";"  16";" 0.00";"  -2.049";"retiro";"1.523472e-01"
"  0";"  16";" 0.00";"  -2.049";"reafirmar";"1.523472e-01"
"  0";"  16";" 0.00";"  -2.049";"racional";"1.523472e-01"
"  0";"  16";" 0.00";"  -2.049";"proclamar";"1.523472e-01"
"  0";"  16";" 0.00";"  -2.049";"meritocracia";"1.523472e-01"
"  0";"  16";" 0.00";"  -2.049";"lira";"1.523472e-01"
"  0";"  16";" 0.00";"  -2.049";"franciane";"1.523472e-01"
"  0";"  16";" 0.00";"  -2.049";"clica";"1.523472e-01"
"  0";"  16";" 0.00";"  -2.049";"angústia";"1.523472e-01"
"  1";"  31";" 3.23";"  -2.034";"gigante";"1.538189e-01"
"  1";"  31";" 3.23";"  -2.034";"eficaz";"1.538189e-01"
"  1";"  31";" 3.23";"  -2.034";"domínio";"1.538189e-01"
"  2";"  44";" 4.55";"  -2.026";"mercado";"1.546584e-01"
"  4";"  68";" 5.88";"  -2.022";"decreto";"1.549962e-01"
"  4";"  68";" 5.88";"  -2.022";"sozinho";"1.549962e-01"
" 42";" 454";" 9.25";"  -2.014";"problema";"1.558641e-01"
"  3";"  56";" 5.36";"  -2.000";"carregar";"1.572738e-01"
"*****";"*";"*";"*";"*";"*"
" 796";"10367";" 7.68";"-236.950";"eu";"1.818854e-53"
" 135";" 2287";" 5.90";" -74.114";"meu";"7.374315e-18"
"  77";" 1544";" 4.99";" -66.131";"nossa";"4.219666e-16"
" 330";" 4190";" 7.88";" -60.220";"nós";"8.483778e-15"
" 627";" 7056";" 8.89";" -59.093";"você";"1.503561e-14"
" 278";" 3526";" 7.88";" -48.869";"todo";"2.736475e-12"
"1931";"18356";"10.52";" -46.886";"a";"7.521910e-12"
"  44";"  939";" 4.69";" -43.008";"muita";"5.450592e-11"
" 103";" 1596";" 6.45";" -40.545";"minha";"1.921296e-10"
"  41";"  825";" 4.97";" -34.470";"aquilo";"4.328751e-09"
"  20";"  548";" 3.65";" -32.983";"tua";"9.296226e-09"
"  23";"  567";" 4.06";" -30.637";"teu";"3.110466e-08"
"1006";"10064";"10.00";" -30.469";"para";"3.392166e-08"
" 148";" 1937";" 7.64";" -28.636";"me";"8.732351e-08"
"  49";"  861";" 5.69";" -28.335";"nome";"1.020389e-07"
"  79";" 1164";" 6.79";" -25.211";"tempo";"5.139394e-07"
" 185";" 2246";" 8.24";" -23.692";"ela";"1.130416e-06"
"  93";" 1294";" 7.19";" -23.450";"te";"1.282350e-06"
" 212";" 2509";" 8.45";" -23.236";"ver";"1.433096e-06"
" 110";" 1462";" 7.52";" -22.533";"sobre";"2.065325e-06"
"   3";"  222";" 1.35";" -22.239";"caminho";"2.407123e-06"
" 143";" 1782";" 8.02";" -21.023";"eh";"4.538028e-06"
"   8";"  278";" 2.88";" -20.036";"21";"7.598032e-06"
"  35";"  612";" 5.72";" -19.738";"cada";"8.880729e-06"
" 271";" 3011";" 9.00";" -18.701";"essa";"1.529319e-05"
"  61";"  884";" 6.90";" -17.993";"aquele";"2.217613e-05"
" 311";" 3361";" 9.25";" -16.882";"saber";"3.977340e-05"
"   1";"  134";" 0.75";" -15.045";"ti";"1.049768e-04"
" 153";" 1782";" 8.59";" -14.515";"nosso";"1.390144e-04"
"  57";"  773";" 7.37";" -12.502";"ó";"4.065547e-04"
"  33";"  510";" 6.47";" -12.295";"trabalho";"4.542033e-04"
"   9";"  204";" 4.41";"  -9.828";"vossa";"1.718778e-03"
"   8";"  189";" 4.23";"  -9.576";"excelência";"1.971680e-03"
" 220";" 2332";" 9.43";"  -9.331";"sua";"2.253070e-03"
"   3";"  104";" 2.88";"  -7.431";"connosco";"6.410940e-03"
"   7";"  155";" 4.52";"  -7.230";"esta";"7.170040e-03"
"  51";"  630";" 8.10";"  -6.783";"pouco";"9.204915e-03"
"  10";"  179";" 5.59";"  -5.942";"tu";"1.478168e-02"
"   1";"   59";" 1.69";"  -5.475";"sexto";"1.929150e-02"
"   0";"   40";" 0.00";"  -5.126";"contigo";"2.356443e-02"
"  54";"  633";" 8.53";"  -5.111";"tanto";"2.377925e-02"
"  53";"  619";" 8.56";"  -4.884";"alguma";"2.710821e-02"
"   0";"   38";" 0.00";"  -4.870";"olá";"2.733229e-02"
"   1";"   53";" 1.89";"  -4.723";"vos";"2.975600e-02"
"  21";"  287";" 7.32";"  -4.681";"comigo";"3.049158e-02"
" 101";" 1085";" 9.31";"  -4.672";"primeiro";"3.066274e-02"
"   0";"   31";" 0.00";"  -3.972";"0";"4.627565e-02"
"   5";"   99";" 5.05";"  -3.914";"aonde";"4.787357e-02"
"  16";"  222";" 7.21";"  -3.811";"valor";"5.090592e-02"
"   3";"   73";" 4.11";"  -3.810";"n";"5.094768e-02"
"   0";"   29";" 0.00";"  -3.715";"oh";"5.392542e-02"
"   2";"   58";" 3.45";"  -3.604";"23";"5.765204e-02"
"  70";"  757";" 9.25";"  -3.413";"mim";"6.467398e-02"
"  36";"  420";" 8.57";"  -3.265";"aquela";"7.076694e-02"
"   2";"   54";" 3.70";"  -3.141";"80";"7.634365e-02"
"   4";"   79";" 5.06";"  -3.108";"consigo";"7.788721e-02"
"  32";"  376";" 8.51";"  -3.047";"trabalhar";"8.087639e-02"
" 357";" 3409";"10.47";"  -2.983";"mais";"8.413997e-02"
"   0";"   23";" 0.00";"  -2.946";"500";"8.610770e-02"
"1058";" 9694";"10.91";"  -2.914";"ter";"8.780045e-02"
"   6";"  100";" 6.00";"  -2.851";"oi";"9.131690e-02"
"   0";"   21";" 0.00";"  -2.689";"74";"1.010233e-01"
" 825";" 7579";"10.89";"  -2.276";"uma";"1.313545e-01"
"   1";"   33";" 3.03";"  -2.271";"isto";"1.318224e-01"
"   0";"   17";" 0.00";"  -2.177";"59";"1.401133e-01"
"   1";"   31";" 3.23";"  -2.034";"tchau";"1.538189e-01"
"*";"*";"*";"*";"*";"*"
" 5";"570";"0.88";"-63.542";"*_texto51";"1.569751e-15"
" 0";"474";"0.00";"-61.825";"*_texto55";"3.754082e-15"
" 0";"444";"0.00";"-57.841";"*_texto103";"2.841843e-14"
" 3";"468";"0.64";"-54.325";"*_texto174";"1.699181e-13"
" 7";"518";"1.35";"-52.520";"*_texto107";"4.259050e-13"
" 3";"451";"0.67";"-52.079";"*_texto164";"5.329899e-13"
"13";"557";"2.33";"-45.987";"*_texto105";"1.190230e-11"
" 9";"435";"2.07";"-37.869";"*_texto384";"7.566860e-10"
" 2";"313";"0.64";"-36.118";"*_texto89";"1.857139e-09"
" 1";"286";"0.35";"-34.772";"*_texto449";"3.705847e-09"
" 0";"265";"0.00";"-34.272";"*_texto181";"4.792406e-09"
" 0";"264";"0.00";"-34.141";"*_texto168";"5.125358e-09"
" 0";"263";"0.00";"-34.011";"*_texto169";"5.481449e-09"
" 0";"251";"0.00";"-32.443";"*_texto165";"1.227430e-08"
" 2";"284";"0.70";"-32.335";"*_texto246";"1.297305e-08"
" 6";"339";"1.77";"-31.323";"*_texto115";"2.185187e-08"
" 3";"265";"1.13";"-27.773";"*_texto162";"1.364238e-07"
" 0";"202";"0.00";"-26.058";"*_texto161";"3.313495e-07"
" 0";"200";"0.00";"-25.798";"*_texto173";"3.791388e-07"
" 0";"197";"0.00";"-25.408";"*_texto85";"4.640714e-07"
" 2";"229";"0.87";"-25.195";"*_texto311";"5.182438e-07"
" 2";"224";"0.89";"-24.548";"*_texto172";"7.248337e-07"
"26";"546";"4.76";"-24.046";"*_texto114";"9.404102e-07"
" 3";"235";"1.28";"-23.908";"*_texto385";"1.010729e-06"
" 2";"215";"0.93";"-23.385";"*_texto73";"1.326142e-06"
" 2";"213";"0.94";"-23.127";"*_texto370";"1.516725e-06"
" 0";"178";"0.00";"-22.940";"*_texto175";"1.671746e-06"
" 0";"172";"0.00";"-22.161";"*_texto178";"2.507203e-06"
" 1";"189";"0.53";"-22.148";"*_texto68";"2.524331e-06"
" 0";"167";"0.00";"-21.512";"*_texto81";"3.515466e-06"
" 2";"200";"1.00";"-21.450";"*_texto248";"3.631936e-06"
" 0";"159";"0.00";"-20.475";"*_texto84";"6.040684e-06"
" 2";"191";"1.05";"-20.291";"*_texto86";"6.650994e-06"
" 0";"156";"0.00";"-20.087";"*_texto386";"7.401692e-06"
" 0";"153";"0.00";"-19.698";"*_texto176";"9.070344e-06"
" 3";"201";"1.49";"-19.554";"*_texto416";"9.780111e-06"
" 4";"209";"1.91";"-18.636";"*_texto79";"1.581888e-05"
" 0";"144";"0.00";"-18.532";"*_texto76";"1.670382e-05"
" 2";"174";"1.15";"-18.107";"*_texto376";"2.088165e-05"
" 5";"216";"2.31";"-17.662";"*_texto99";"2.637904e-05"
" 3";"184";"1.63";"-17.391";"*_texto166";"3.043389e-05"
" 0";"126";"0.00";"-16.204";"*_texto399";"5.687036e-05"
"17";"352";"4.83";"-15.066";"*_texto144";"1.038312e-04"
" 3";"163";"1.84";"-14.734";"*_texto446";"1.237836e-04"
" 0";"113";"0.00";"-14.525";"*_texto437";"1.383368e-04"
" 5";"188";"2.66";"-14.205";"*_texto387";"1.639167e-04"
"30";"490";"6.12";"-13.550";"*_texto88";"2.323343e-04"
" 1";"111";"0.90";"-12.090";"*_texto180";"5.068134e-04"
" 0";" 94";"0.00";"-12.073";"*_texto78";"5.115109e-04"
" 2";"115";"1.74";"-10.598";"*_texto70";"1.132303e-03"
" 0";" 82";"0.00";"-10.527";"*_texto358";"1.176505e-03"
" 0";" 81";"0.00";"-10.398";"*_texto239";"1.261459e-03"
" 2";"110";"1.82";" -9.969";"*_texto87";"1.592221e-03"
" 1";" 91";"1.10";" -9.532";"*_texto72";"2.019198e-03"
" 1";" 90";"1.11";" -9.404";"*_texto91";"2.164632e-03"
" 1";" 90";"1.11";" -9.404";"*_texto413";"2.164632e-03"
" 3";"118";"2.54";" -9.133";"*_texto213";"2.511084e-03"
" 0";" 68";"0.00";" -8.725";"*_texto83";"3.139278e-03"
" 4";"125";"3.20";" -8.285";"*_texto77";"3.997520e-03"
" 4";"119";"3.36";" -7.576";"*_texto271";"5.915019e-03"
" 0";" 59";"0.00";" -7.567";"*_texto412";"5.943928e-03"
" 4";"117";"3.42";" -7.341";"*_texto362";"6.739008e-03"
" 1";" 70";"1.43";" -6.862";"*_texto305";"8.803708e-03"
" 0";" 50";"0.00";" -6.411";"*_texto409";"1.134421e-02"
" 5";"122";"4.10";" -6.400";"*_texto75";"1.141353e-02"
"13";"215";"6.05";" -6.051";"*_texto404";"1.389511e-02"
" 0";" 46";"0.00";" -5.897";"*_texto264";"1.516850e-02"
" 0";" 44";"0.00";" -5.640";"*_texto408";"1.755566e-02"
" 0";" 44";"0.00";" -5.640";"*_texto447";"1.755566e-02"
" 0";" 42";"0.00";" -5.383";"*_texto443";"2.033200e-02"
" 0";" 41";"0.00";" -5.255";"*_texto323";"2.188657e-02"
" 1";" 57";"1.75";" -5.224";"*_texto225";"2.227869e-02"
" 0";" 40";"0.00";" -5.126";"*_texto328";"2.356443e-02"
" 0";" 39";"0.00";" -4.998";"*_texto342";"2.537592e-02"
" 0";" 38";"0.00";" -4.870";"*_texto215";"2.733229e-02"
" 0";" 37";"0.00";" -4.741";"*_texto252";"2.944583e-02"
" 0";" 37";"0.00";" -4.741";"*_texto295";"2.944583e-02"
" 0";" 37";"0.00";" -4.741";"*_texto415";"2.944583e-02"
" 0";" 35";"0.00";" -4.485";"*_texto234";"3.419939e-02"
" 0";" 35";"0.00";" -4.485";"*_texto411";"3.419939e-02"
"16";"229";"6.99";" -4.363";"*_texto96";"3.673432e-02"
" 0";" 34";"0.00";" -4.356";"*_texto34";"3.687018e-02"
" 2";" 64";"3.12";" -4.310";"*_texto288";"3.789360e-02"
" 0";" 31";"0.00";" -3.972";"*_texto324";"4.627565e-02"
" 0";" 30";"0.00";" -3.843";"*_texto318";"4.994620e-02"
" 1";" 45";"2.22";" -3.730";"*_texto194";"5.345164e-02"
" 0";" 29";"0.00";" -3.715";"*_texto272";"5.392542e-02"
" 0";" 29";"0.00";" -3.715";"*_texto406";"5.392542e-02"
" 0";" 28";"0.00";" -3.587";"*_texto229";"5.824174e-02"
" 0";" 27";"0.00";" -3.459";"*_texto269";"6.292656e-02"
" 0";" 27";"0.00";" -3.459";"*_texto395";"6.292656e-02"
" 0";" 27";"0.00";" -3.459";"*_texto439";"6.292656e-02"
" 0";" 24";"0.00";" -3.074";"*_texto214";"7.955980e-02"
" 0";" 24";"0.00";" -3.074";"*_texto346";"7.955980e-02"
" 0";" 24";"0.00";" -3.074";"*_texto417";"7.955980e-02"
" 3";" 66";"4.55";" -3.041";"*_texto253";"8.117469e-02"
" 3";" 66";"4.55";" -3.041";"*_texto340";"8.117469e-02"
" 0";" 23";"0.00";" -2.946";"*_texto260";"8.610770e-02"
" 0";" 23";"0.00";" -2.946";"*_texto282";"8.610770e-02"
" 1";" 38";"2.63";" -2.872";"*_texto148";"9.010983e-02"
" 2";" 50";"4.00";" -2.687";"*_texto145";"1.011853e-01"
" 1";" 36";"2.78";" -2.630";"*_texto257";"1.048315e-01"
" 1";" 36";"2.78";" -2.630";"*_texto278";"1.048315e-01"
" 1";" 35";"2.86";" -2.510";"*_texto101";"1.131173e-01"
" 0";" 19";"0.00";" -2.433";"*_texto235";"1.188058e-01"
" 1";" 34";"2.94";" -2.390";"*_texto195";"1.220935e-01"
" 1";" 34";"2.94";" -2.390";"*_texto403";"1.220935e-01"
"10";"138";"7.25";" -2.317";"*_texto327";"1.279909e-01"
" 0";" 18";"0.00";" -2.305";"*_texto329";"1.289708e-01"
" 0";" 17";"0.00";" -2.177";"*_texto241";"1.401133e-01"
" 0";" 17";"0.00";" -2.177";"*_texto316";"1.401133e-01"
" 2";" 45";"4.44";" -2.134";"*_texto233";"1.440798e-01"
" 2";" 45";"4.44";" -2.134";"*_texto421";"1.440798e-01"
" 0";" 16";"0.00";" -2.049";"*_texto441";"1.523472e-01"
"**";"classe";"4";"**";"";""
"****";"9910";"24956";"39.71";"****";""
"388";"3297";"11.77";"-1238.836";"deus";"2.214557e-271"
"345";"3010";"11.46";"-1140.827";"senhor";"4.421578e-250"
" 60";"1208";" 4.97";" -640.037";"oração";"3.280836e-141"
"198";"1600";"12.38";" -533.564";"deputado";"4.738318e-118"
" 93";"1176";" 7.91";" -521.347";"orar";"2.154930e-115"
"103";"1188";" 8.67";" -501.988";"educação";"3.510790e-111"
" 85";"1068";" 7.96";" -469.828";"jesus";"3.492977e-104"
"122";"1130";"10.80";" -413.292";"palavra";" 7.040521e-92"
" 15";" 661";" 2.27";" -397.558";"comissão";" 1.873069e-88"
" 45";" 587";" 7.67";" -257.821";"nação";" 5.122495e-58"
" 22";" 481";" 4.57";" -252.906";"espírito";" 6.038025e-57"
" 96";" 771";"12.45";" -246.913";"coração";" 1.223299e-55"
" 12";" 411";" 2.92";" -236.251";"amém";" 2.583898e-53"
"230";"1210";"19.01";" -227.632";"pai";" 1.957479e-51"
"  6";" 313";" 1.92";" -189.105";"glória";" 4.985639e-43"
"184";" 968";"19.01";" -180.269";"escola";" 4.233944e-41"
"100";" 673";"14.86";" -178.415";"projeto";" 1.074999e-40"
"  4";" 284";" 1.41";" -176.025";"requerimento";" 3.575810e-40"
" 10";" 299";" 3.34";" -167.162";"ensino";" 3.083179e-38"
" 18";" 317";" 5.68";" -155.322";"crime";" 1.190856e-35"
" 35";" 385";" 9.09";" -153.126";"nacional";" 3.594907e-35"
"396";"1581";"25.05";" -151.574";"presidente";" 7.852637e-35"
" 11";" 260";" 4.23";" -138.141";"abençoar";" 6.788131e-32"
" 60";" 452";"13.27";" -134.372";"santo";" 4.530263e-31"
" 37";" 356";"10.39";" -129.650";"terra";" 4.887426e-30"
"119";" 653";"18.22";" -129.303";"ministro";" 5.823079e-30"
" 26";" 293";" 8.87";" -117.753";"crer";" 1.963607e-27"
" 20";" 267";" 7.49";" -117.022";"aprovar";" 2.838473e-27"
" 61";" 414";"14.73";" -109.686";"federal";" 1.147964e-25"
"177";" 798";"22.18";" -105.805";"obrigar";" 8.134064e-25"
"  7";" 191";" 3.66";" -104.451";"declarar";" 1.610914e-24"
"287";"1133";"25.33";" -102.498";"pedir";" 4.317931e-24"
" 15";" 216";" 6.94";"  -97.705";"presença";" 4.856153e-23"
" 13";" 206";" 6.31";"  -96.782";"poderoso";" 7.739631e-23"
"  1";" 150";" 0.67";"  -96.085";"escolar";" 1.100498e-22"
" 78";" 446";"17.49";"  -93.660";"cristo";" 3.747084e-22"
"  4";" 160";" 2.50";"  -93.129";"jejum";" 4.899247e-22"
" 16";" 211";" 7.58";"  -91.741";"discussão";" 9.878848e-22"
"  5";" 160";" 3.12";"  -90.027";"versículo";" 2.349495e-21"
" 41";" 305";"13.44";"  -88.987";"aluno";" 3.974687e-21"
"  5";" 157";" 3.18";"  -88.040";"capítulo";" 6.414212e-21"
" 63";" 383";"16.45";"  -87.906";"lei";" 6.862814e-21"
" 43";" 309";"13.92";"  -86.949";"discutir";" 1.113729e-20"
"  2";" 141";" 1.42";"  -86.844";"clamar";" 1.174414e-20"
"157";" 693";"22.66";"  -86.599";"público";" 1.329459e-20"
" 10";" 175";" 5.71";"  -85.074";"artigo";" 2.874590e-20"
" 33";" 265";"12.45";"  -83.118";"céu";" 7.729618e-20"
" 16";" 191";" 8.38";"  -78.927";"votação";" 6.443862e-19"
"  2";" 128";" 1.56";"  -78.204";"misericórdia";" 9.293752e-19"
" 49";" 313";"15.65";"  -76.611";"justiça";" 2.082083e-18"
"  6";" 143";" 4.20";"  -75.768";"fundamental";" 3.189613e-18"
"  7";" 147";" 4.76";"  -75.437";"relator";" 3.773151e-18"
"  9";" 155";" 5.81";"  -74.882";"alexandre";" 4.995846e-18"
"  5";" 136";" 3.68";"  -74.161";"moraes";" 7.198188e-18"
"  2";" 121";" 1.65";"  -73.556";"louvor";" 9.780141e-18"
" 15";" 178";" 8.43";"  -73.282";"daniel";" 1.123756e-17"
" 12";" 165";" 7.27";"  -72.997";"pedro";" 1.298381e-17"
" 15";" 172";" 8.72";"  -69.471";"condenar";" 7.756084e-17"
" 24";" 203";"11.82";"  -66.483";"retirar";" 3.529642e-16"
" 33";" 236";"13.98";"  -65.867";"pauta";" 4.824492e-16"
"  3";" 111";" 2.70";"  -63.780";"louvar";" 1.390999e-15"
" 11";" 145";" 7.59";"  -62.864";"texto";" 2.214415e-15"
" 78";" 387";"20.16";"  -62.786";"segurança";" 2.304328e-15"
"209";" 797";"26.22";"  -62.548";"igreja";" 2.600670e-15"
"118";" 515";"22.91";"  -61.972";"trazer";" 3.483690e-15"
"108";" 483";"22.36";"  -61.926";"pastor";" 3.566590e-15"
" 85";" 407";"20.88";"  -61.246";"levantar";" 5.037056e-15"
" 20";" 175";"11.43";"  -58.877";"criminoso";" 1.678074e-14"
" 31";" 216";"14.35";"  -58.522";"acordo";" 2.010800e-14"
" 40";" 248";"16.13";"  -58.179";"propósito";" 2.393653e-14"
"  0";"  88";" 0.00";"  -58.166";"moção";" 2.409038e-14"
"  6";" 116";" 5.17";"  -58.065";"município";" 2.535403e-14"
"562";"1798";"31.26";"  -57.827";"dia";" 2.861466e-14"
" 26";" 194";"13.40";"  -56.522";"pecado";" 5.557796e-14"
"  2";"  92";" 2.17";"  -54.343";"item";" 1.683888e-13"
"114";" 485";"23.51";"  -54.251";"bíblia";" 1.764883e-13"
"  9";" 122";" 7.38";"  -53.534";"news";" 2.541338e-13"
"  9";" 122";" 7.38";"  -53.534";"infantil";" 2.541338e-13"
" 19";" 161";"11.80";"  -52.719";"reino";" 3.847932e-13"
" 60";" 306";"19.61";"  -52.290";"amar";" 4.789058e-13"
" 13";" 136";" 9.56";"  -51.925";"prisão";" 5.767496e-13"
"  5";" 102";" 4.90";"  -51.831";"adorar";" 6.048600e-13"
"  1";"  83";" 1.20";"  -51.572";"pne";" 6.901056e-13"
" 20";" 162";"12.35";"  -50.999";"rei";" 9.239746e-13"
"  9";" 118";" 7.63";"  -50.973";"fake";" 9.365005e-13"
" 27";" 188";"14.36";"  -50.838";"stf";" 1.002978e-12"
"488";"1564";"31.20";"  -50.447";"vida";" 1.224033e-12"
" 15";" 141";"10.64";"  -50.058";"senador";" 1.492752e-12"
" 62";" 308";"20.13";"  -49.937";"ministério";" 1.587343e-12"
"  5";"  97";" 5.15";"  -48.568";"transformação";" 3.191024e-12"
" 29";" 191";"15.18";"  -48.362";"evangelho";" 3.544247e-12"
" 17";" 146";"11.64";"  -48.319";"meta";" 3.622033e-12"
" 43";" 240";"17.92";"  -48.074";"fé";" 4.105273e-12"
"  5";"  96";" 5.21";"  -47.916";"cura";" 4.449480e-12"
"144";" 562";"25.62";"  -47.657";"professor";" 5.076822e-12"
" 45";" 245";"18.37";"  -47.076";"plano";" 6.829153e-12"
"  1";"  76";" 1.32";"  -46.938";"alfabetização";" 7.327697e-12"
"  8";" 107";" 7.48";"  -46.635";"orientação";" 8.551254e-12"
" 26";" 177";"14.69";"  -46.614";"diante";" 8.644234e-12"
" 25";" 173";"14.45";"  -46.425";"cadeia";" 9.517445e-12"
" 54";" 274";"19.71";"  -46.296";"vontade";" 1.016838e-11"
" 63";" 303";"20.79";"  -45.851";"agradecer";" 1.276256e-11"
"  0";"  69";" 0.00";"  -45.573";"profético";" 1.470823e-11"
" 17";" 140";"12.14";"  -44.690";"alegria";" 2.308800e-11"
"  3";"  82";" 3.66";"  -44.662";"mec";" 2.341162e-11"
"214";" 762";"28.08";"  -44.374";"governo";" 2.712363e-11"
"  1";"  72";" 1.39";"  -44.291";"profeta";" 2.830038e-11"
"  5";"  90";" 5.56";"  -44.011";"entendimento";" 3.265829e-11"
"  7";"  98";" 7.14";"  -43.586";"relatório";" 4.057424e-11"
"  0";"  64";" 0.00";"  -42.262";"aleluia";" 7.983778e-11"
"  9";" 104";" 8.65";"  -42.072";"instituto";" 8.796819e-11"
" 22";" 153";"14.38";"  -41.259";"autoridade";" 1.333579e-10"
" 16";" 130";"12.31";"  -40.986";"ex";" 1.533084e-10"
"  4";"  80";" 5.00";"  -40.387";"repúdio";" 2.082778e-10"
"  7";"  92";" 7.61";"  -39.746";"avançar";" 2.892868e-10"
" 28";" 171";"16.37";"  -39.163";"reunião";" 3.898559e-10"
"  9";"  99";" 9.09";"  -38.922";"liderança";" 4.410209e-10"
"  5";"  82";" 6.10";"  -38.824";"educacional";" 4.638889e-10"
"205";" 719";"28.51";"  -38.776";"homem";" 4.752626e-10"
"  6";"  86";" 6.98";"  -38.621";"dino";" 5.145087e-10"
"  4";"  77";" 5.19";"  -38.433";"parabenizar";" 5.666190e-10"
"  0";"  58";" 0.00";"  -38.291";"regimento";" 6.095850e-10"
"108";" 428";"25.23";"  -38.117";"mão";" 6.661223e-10"
"227";" 778";"29.18";"  -37.209";"momento";" 1.060980e-09"
" 23";" 149";"15.44";"  -36.890";"programa";" 1.249653e-09"
" 18";" 130";"13.85";"  -36.513";"república";" 1.516396e-09"
" 72";" 312";"23.08";"  -36.510";"através";" 1.518772e-09"
"  0";"  55";" 0.00";"  -36.306";"avivamento";" 1.686795e-09"
" 96";" 386";"24.87";"  -36.062";"graça";" 1.911658e-09"
"  2";"  64";" 3.12";"  -35.872";"adoração";" 2.107304e-09"
" 52";" 246";"21.14";"  -35.793";"processo";" 2.194649e-09"
" 49";" 236";"20.76";"  -35.726";"preso";" 2.271279e-09"
"  0";"  54";" 0.00";"  -35.644";"premiação";" 2.368697e-09"
"  0";"  53";" 0.00";"  -34.983";"aprendizagem";" 3.326691e-09"
" 33";" 180";"18.33";"  -34.606";"gentileza";" 4.037328e-09"
"  2";"  62";" 3.23";"  -34.557";"avaliação";" 4.139831e-09"
"  5";"  75";" 6.67";"  -34.307";"querido";" 4.705768e-09"
" 14";" 111";"12.61";"  -34.195";"audiência";" 4.985107e-09"
"  6";"  79";" 7.59";"  -34.141";"investigar";" 5.126466e-09"
"  7";"  83";" 8.43";"  -34.026";"dado";" 5.438942e-09"
" 40";" 202";"19.80";"  -33.712";"estudante";" 6.389764e-09"
"  0";"  51";" 0.00";"  -33.660";"trono";" 6.564419e-09"
"  0";"  51";" 0.00";"  -33.660";"desempenho";" 6.564419e-09"
" 44";" 215";"20.47";"  -33.549";"tema";" 6.949816e-09"
"  6";"  78";" 7.69";"  -33.503";"flávio";" 7.114650e-09"
" 68";" 292";"23.29";"  -33.282";"minuto";" 7.970524e-09"
" 32";" 174";"18.39";"  -33.264";"médio";" 8.044017e-09"
"  2";"  60";" 3.33";"  -33.243";"aprovação";" 8.134851e-09"
" 19";" 128";"14.84";"  -33.229";"corrupção";" 8.192641e-09"
" 29";" 163";"17.79";"  -32.924";"garantir";" 9.584425e-09"
" 25";" 149";"16.78";"  -32.923";"pedido";" 9.587212e-09"
"  3";"  64";" 4.69";"  -32.873";"cpmi";" 9.837021e-09"
" 30";" 166";"18.07";"  -32.680";"ordem";" 1.086582e-08"
"  4";"  68";" 5.88";"  -32.590";"levante";" 1.137745e-08"
" 21";" 134";"15.67";"  -32.517";"golpe";" 1.181846e-08"
" 54";" 245";"22.04";"  -32.265";"rio";" 1.345051e-08"
" 23";" 140";"16.43";"  -31.874";"violência";" 1.644732e-08"
" 11";"  95";"11.58";"  -31.521";"necessidade";" 1.972670e-08"
" 65";" 278";"23.38";"  -31.309";"força";" 2.201106e-08"
" 50";" 229";"21.83";"  -30.848";"geração";" 2.790536e-08"
"  9";"  86";"10.47";"  -30.828";"greve";" 2.818986e-08"
" 12";"  97";"12.37";"  -30.400";"davi";" 3.515003e-08"
" 29";" 158";"18.35";"  -30.289";"ato";" 3.721836e-08"
" 21";" 130";"16.15";"  -30.288";"perdão";" 3.724107e-08"
"  7";"  77";" 9.09";"  -30.246";"legislativo";" 3.805545e-08"
"  1";"  50";" 2.00";"  -29.758";"sugestão";" 4.894300e-08"
"  1";"  50";" 2.00";"  -29.758";"jejuar";" 4.894300e-08"
"  1";"  50";" 2.00";"  -29.758";"sobrenatural";" 4.894300e-08"
" 11";"  92";"11.96";"  -29.708";"promessa";" 5.021823e-08"
"  6";"  72";" 8.33";"  -29.693";"creche";" 5.061907e-08"
"  0";"  45";" 0.00";"  -29.693";"clamor";" 5.062647e-08"
"  0";"  45";" 0.00";"  -29.693";"consagrar";" 5.062647e-08"
"  3";"  59";" 5.08";"  -29.615";"servo";" 5.268326e-08"
" 29";" 156";"18.59";"  -29.248";"básico";" 6.368018e-08"
" 12";"  95";"12.63";"  -29.206";"fortalecer";" 6.506320e-08"
"  1";"  49";" 2.04";"  -29.099";"integral";" 6.878037e-08"
"  0";"  44";" 0.00";"  -29.032";"unção";" 7.120555e-08"
"  3";"  58";" 5.17";"  -28.965";"favorável";" 7.369436e-08"
" 31";" 162";"19.14";"  -28.830";"acesso";" 7.903082e-08"
" 19";" 120";"15.83";"  -28.713";"permitir";" 8.395381e-08"
" 23";" 134";"17.16";"  -28.604";"presidência";" 8.880061e-08"
" 36";" 178";"20.22";"  -28.431";"cumprir";" 9.709719e-08"
"  9";"  82";"10.98";"  -28.373";"conceder";" 1.000719e-07"
"  7";"  74";" 9.46";"  -28.369";"guardar";" 1.002724e-07"
"  2";"  52";" 3.85";"  -27.995";"conduzir";" 1.216495e-07"
" 20";" 122";"16.39";"  -27.840";"recurso";" 1.317783e-07"
" 40";" 190";"21.05";"  -27.837";"apresentar";" 1.319728e-07"
" 10";"  85";"11.76";"  -27.821";"terrorista";" 1.330866e-07"
"  1";"  47";" 2.13";"  -27.780";"vigilância";" 1.359032e-07"
"  1";"  47";" 2.13";"  -27.780";"apóstolo";" 1.359032e-07"
"  9";"  81";"11.11";"  -27.762";"testemunho";" 1.372111e-07"
" 12";"  92";"13.04";"  -27.427";"especial";" 1.631488e-07"
" 11";"  88";"12.50";"  -27.310";"profissional";" 1.732909e-07"
"  9";"  80";"11.25";"  -27.152";"concluir";" 1.880447e-07"
"  9";"  80";"11.25";"  -27.152";"honra";" 1.880447e-07"
"  1";"  46";" 2.17";"  -27.121";"adriana";" 1.910856e-07"
"  4";"  59";" 6.78";"  -26.787";"escândalo";" 2.271559e-07"
"  4";"  59";" 6.78";"  -26.787";"general";" 2.271559e-07"
"  4";"  59";" 6.78";"  -26.787";"supremo";" 2.271559e-07"
" 11";"  87";"12.64";"  -26.714";"realizar";" 2.358523e-07"
" 42";" 194";"21.65";"  -26.638";"espiritual";" 2.453733e-07"
" 27";" 144";"18.75";"  -26.577";"proposta";" 2.532170e-07"
"  9";"  79";"11.39";"  -26.544";"encaminhar";" 2.575850e-07"
"  8";"  75";"10.67";"  -26.504";"membro";" 2.629777e-07"
" 13";"  94";"13.83";"  -26.397";"diretor";" 2.779770e-07"
"  0";"  40";" 0.00";"  -26.388";"subscrever";" 2.792458e-07"
"  0";"  40";" 0.00";"  -26.388";"rogério";" 2.792458e-07"
"  3";"  54";" 5.56";"  -26.368";"procedimento";" 2.821397e-07"
" 11";"  86";"12.79";"  -26.120";"registrar";" 3.208060e-07"
" 17";" 108";"15.74";"  -26.030";"convidar";" 3.362200e-07"
"  1";"  44";" 2.27";"  -25.804";"derramar";" 3.779847e-07"
"  1";"  44";" 2.27";"  -25.804";"cívico";" 3.779847e-07"
"  0";"  39";" 0.00";"  -25.727";"camilo";" 3.931982e-07"
"238";" 769";"30.95";"  -25.436";"família";" 4.573889e-07"
" 14";"  96";"14.58";"  -25.414";"encerrar";" 4.626440e-07"
" 19";" 114";"16.67";"  -25.400";"debater";" 4.659007e-07"
"  2";"  48";" 4.17";"  -25.377";"salmo";" 4.714218e-07"
" 18";" 110";"16.36";"  -25.154";"permanecer";" 5.293970e-07"
"  1";"  43";" 2.33";"  -25.145";"profetizar";" 5.317783e-07"
"  0";"  38";" 0.00";"  -25.067";"súplica";" 5.537966e-07"
"125";" 443";"28.22";"  -24.884";"receber";" 6.088912e-07"
" 19";" 113";"16.81";"  -24.855";"governador";" 6.180880e-07"
" 19";" 113";"16.81";"  -24.855";"mesa";" 6.180880e-07"
"  2";"  47";" 4.26";"  -24.724";"josué";" 6.616011e-07"
" 16";" 102";"15.69";"  -24.689";"perdoar";" 6.735305e-07"
"  6";"  64";" 9.38";"  -24.662";"mover";" 6.830406e-07"
" 55";" 231";"23.81";"  -24.622";"apenas";" 6.975745e-07"
" 92";" 344";"26.74";"  -24.493";"debate";" 7.459791e-07"
" 17";" 105";"16.19";"  -24.363";"obra";" 7.979149e-07"
"  7";"  67";"10.45";"  -24.028";"presa";" 9.496736e-07"
" 12";"  86";"13.95";"  -23.912";"manifestar";" 1.008200e-06"
"  0";"  36";" 0.00";"  -23.746";"jeremias";" 1.099499e-06"
"  0";"  36";" 0.00";"  -23.746";"subcomissão";" 1.099499e-06"
"  4";"  54";" 7.41";"  -23.586";"mérito";" 1.194291e-06"
"  2";"  45";" 4.44";"  -23.418";"horizonte";" 1.303512e-06"
"  2";"  45";" 4.44";"  -23.418";"curar";" 1.303512e-06"
"  6";"  62";" 9.68";"  -23.416";"investigação";" 1.305011e-06"
"  1";"  40";" 2.50";"  -23.170";"interceder";" 1.482821e-06"
"273";" 858";"31.82";"  -23.114";"filho";" 1.526608e-06"
"  0";"  35";" 0.00";"  -23.085";"dom";" 1.549940e-06"
"  0";"  35";" 0.00";"  -23.085";"ventura";" 1.549940e-06"
"405";"1221";"33.17";"  -22.938";"vir";" 1.672934e-06"
"  9";"  73";"12.33";"  -22.927";"solicitar";" 1.682457e-06"
"  5";"  57";" 8.77";"  -22.841";"prever";" 1.760129e-06"
"  2";"  44";" 4.55";"  -22.766";"reajuste";" 1.830001e-06"
"158";" 532";"29.70";"  -22.754";"novo";" 1.841652e-06"
" 17";" 102";"16.67";"  -22.715";"pl";" 1.878556e-06"
" 19";" 109";"17.43";"  -22.697";"atender";" 1.896954e-06"
"  1";"  39";" 2.56";"  -22.512";"intercessor";" 2.088117e-06"
"  3";"  48";" 6.25";"  -22.490";"conferência";" 2.112852e-06"
" 38";" 172";"22.09";"  -22.451";"pé";" 2.155217e-06"
"  0";"  34";" 0.00";"  -22.425";"inciso";" 2.185632e-06"
"  5";"  56";" 8.93";"  -22.212";"debaixo";" 2.441063e-06"
"  5";"  56";" 8.93";"  -22.212";"carregar";" 2.441063e-06"
" 26";" 132";"19.70";"  -22.200";"cometer";" 2.456717e-06"
"  2";"  43";" 4.65";"  -22.114";"benção";" 2.569454e-06"
"  1";"  38";" 2.63";"  -21.854";"curado";" 2.941289e-06"
"  1";"  38";" 2.63";"  -21.854";"socorro";" 2.941289e-06"
"  1";"  38";" 2.63";"  -21.854";"parágrafo";" 2.941289e-06"
"  0";"  33";" 0.00";"  -21.764";"inquérito";" 3.083117e-06"
"  9";"  71";"12.68";"  -21.735";"desejo";" 3.129745e-06"
"  8";"  67";"11.94";"  -21.639";"organizado";" 3.290974e-06"
"  5";"  55";" 9.09";"  -21.585";"corrupto";" 3.384404e-06"
"  6";"  59";"10.17";"  -21.556";"senor";" 3.436484e-06"
"  2";"  42";" 4.76";"  -21.463";"ressurreição";" 3.608161e-06"
" 16";"  96";"16.67";"  -21.374";"desafio";" 3.778515e-06"
"  3";"  46";" 6.52";"  -21.202";"tarcísio";" 4.132952e-06"
"  1";"  37";" 2.70";"  -21.197";"pcc";" 4.144224e-06"
"  0";"  32";" 0.00";"  -21.104";"brito";" 4.350739e-06"
" 30";" 143";"20.98";"  -21.077";"dor";" 4.412590e-06"
"  6";"  58";"10.34";"  -20.939";"canção";" 4.741467e-06"
" 36";" 162";"22.22";"  -20.829";"líder";" 5.022438e-06"
"  2";"  41";" 4.88";"  -20.812";"intercessão";" 5.067439e-06"
"148";" 496";"29.84";"  -20.597";"lugar";" 5.669949e-06"
"  3";"  45";" 6.67";"  -20.560";"salvação";" 5.780075e-06"
"  3";"  45";" 6.67";"  -20.560";"pedagógico";" 5.780075e-06"
"  1";"  36";" 2.78";"  -20.540";"discípulo";" 5.840886e-06"
"  1";"  36";" 2.78";"  -20.540";"incentivo";" 5.840886e-06"
" 35";" 158";"22.15";"  -20.475";"paraa";" 6.042064e-06"
"  8";"  65";"12.31";"  -20.440";"vice";" 6.154367e-06"
"  4";"  49";" 8.16";"  -20.408";"orientar";" 6.255200e-06"
" 42";" 180";"23.33";"  -20.310";"qualidade";" 6.584461e-06"
"139";" 469";"29.64";"  -20.255";"viver";" 6.777949e-06"
"  3";"  44";" 6.82";"  -19.918";"lágrima";" 8.083291e-06"
"  3";"  44";" 6.82";"  -19.918";"sabedoria";" 8.083291e-06"
"  3";"  44";" 6.82";"  -19.918";"tráfico";" 8.083291e-06"
"  1";"  35";" 2.86";"  -19.883";"moisés";" 8.234771e-06"
"  7";"  60";"11.67";"  -19.756";"joelho";" 8.796678e-06"
"  5";"  52";" 9.62";"  -19.712";"secretário";" 9.001676e-06"
" 21";" 110";"19.09";"  -19.620";"sul";" 9.447107e-06"
"  9";"  67";"13.43";"  -19.375";"servidor";" 1.073808e-05"
"  8";"  63";"12.70";"  -19.248";"técnico";" 1.147784e-05"
" 14";"  85";"16.47";"  -19.240";"bandido";" 1.152807e-05"
"  1";"  34";" 2.94";"  -19.226";"alteração";" 1.161368e-05"
"  7";"  59";"11.86";"  -19.153";"microfone";" 1.206257e-05"
"  0";"  29";" 0.00";"  -19.123";"deput";" 1.225603e-05"
"  0";"  29";" 0.00";"  -19.123";"restauração";" 1.225603e-05"
" 19";" 102";"18.63";"  -19.014";"estabelecer";" 1.297561e-05"
"  2";"  38";" 5.26";"  -18.862";"esclarecimento";" 1.404957e-05"
" 18";"  98";"18.37";"  -18.719";"convite";" 1.514665e-05"
"  8";"  62";"12.90";"  -18.656";"pautar";" 1.565742e-05"
"  1";"  33";" 3.03";"  -18.569";"indicador";" 1.638484e-05"
"  4";"  46";" 8.70";"  -18.516";"valente";" 1.685241e-05"
"  4";"  46";" 8.70";"  -18.516";"bancada";" 1.685241e-05"
"  6";"  54";"11.11";"  -18.488";"cruz";" 1.709974e-05"
"  6";"  54";"11.11";"  -18.488";"milagre";" 1.709974e-05"
"  5";"  50";"10.00";"  -18.471";"seminário";" 1.724790e-05"
"  0";"  28";" 0.00";"  -18.463";"equipamento";" 1.732509e-05"
"  0";"  28";" 0.00";"  -18.463";"babilônio";" 1.732509e-05"
"  0";"  28";" 0.00";"  -18.463";"lavagem";" 1.732509e-05"
"  2";"  37";" 5.41";"  -18.214";"ressuscitar";" 1.974319e-05"
"  2";"  37";" 5.41";"  -18.214";"inclusão";" 1.974319e-05"
"  2";"  37";" 5.41";"  -18.214";"abençoado";" 1.974319e-05"
" 42";" 175";"24.00";"  -18.168";"partir";" 2.022995e-05"
" 11";"  72";"15.28";"  -18.004";"estadual";" 2.204628e-05"
"  3";"  41";" 7.32";"  -17.999";"juízo";" 2.210104e-05"
" 13";"  79";"16.46";"  -17.900";"leitura";" 2.327766e-05"
"  4";"  45";" 8.89";"  -17.887";"convocação";" 2.343787e-05"
"  0";"  27";" 0.00";"  -17.803";"registro";" 2.450321e-05"
"  0";"  27";" 0.00";"  -17.803";"saeb";" 2.450321e-05"
"  0";"  27";" 0.00";"  -17.803";"evasão";" 2.450321e-05"
" 52";" 205";"25.37";"  -17.764";"janeiro";" 2.501066e-05"
"  9";"  64";"14.06";"  -17.629";"entrega";" 2.684113e-05"
"  2";"  36";" 5.56";"  -17.566";"libertar";" 2.774856e-05"
"  2";"  36";" 5.56";"  -17.566";"sarar";" 2.774856e-05"
"  2";"  36";" 5.56";"  -17.566";"castro";" 2.774856e-05"
"  7";"  56";"12.50";"  -17.357";"temer";" 3.097697e-05"
"209";" 656";"31.86";"  -17.341";"brasileiro";" 3.123235e-05"
" 15";"  85";"17.65";"  -17.341";"autor";" 3.123464e-05"
" 15";"  85";"17.65";"  -17.341";"ministrar";" 3.123464e-05"
"  4";"  44";" 9.09";"  -17.261";"arrependimento";" 3.258754e-05"
"  1";"  31";" 3.23";"  -17.257";"neemias";" 3.265040e-05"
"  1";"  31";" 3.23";"  -17.257";"currículo";" 3.265040e-05"
"  1";"  31";" 3.23";"  -17.257";"bilinski";" 3.265040e-05"
" 44";" 179";"24.58";"  -17.236";"parlamentar";" 3.300397e-05"
"884";"2467";"35.83";"  -17.187";"também";" 3.387679e-05"
"  0";"  26";" 0.00";"  -17.143";"luciene";" 3.467436e-05"
"  9";"  63";"14.29";"  -17.052";"israel";" 3.636107e-05"
"  2";"  35";" 5.71";"  -16.919";"gratidão";" 3.900626e-05"
"  2";"  35";" 5.71";"  -16.919";"revelar";" 3.900626e-05"
"  2";"  35";" 5.71";"  -16.919";"nobre";" 3.900626e-05"
"  3";"  39";" 7.69";"  -16.725";"praticar";" 4.319909e-05"
" 47";" 187";"25.13";"  -16.721";"buscar";" 4.330809e-05"
"  6";"  51";"11.76";"  -16.670";"maduro";" 4.448590e-05"
"  6";"  51";"11.76";"  -16.670";"rafael";" 4.448590e-05"
"  4";"  43";" 9.30";"  -16.636";"constitucional";" 4.529521e-05"
" 51";" 199";"25.63";"  -16.615";"voz";" 4.578920e-05"
" 12";"  73";"16.44";"  -16.562";"maravilhoso";" 4.709687e-05"
"  0";"  25";" 0.00";"  -16.483";"substitutivo";" 4.909648e-05"
"  0";"  25";" 0.00";"  -16.483";"relatar";" 4.909648e-05"
"  0";"  25";" 0.00";"  -16.483";"comunhão";" 4.909648e-05"
"  0";"  25";" 0.00";"  -16.483";"anteceder";" 4.909648e-05"
" 23";" 110";"20.91";"  -16.312";"juiz";" 5.371010e-05"
"  2";"  34";" 5.88";"  -16.273";"sigilo";" 5.484052e-05"
"  2";"  34";" 5.88";"  -16.273";"golpista";" 5.484052e-05"
"  2";"  34";" 5.88";"  -16.273";"desviar";" 5.484052e-05"
"125";" 415";"30.12";"  -16.209";"abrir";" 5.670903e-05"
"  3";"  38";" 7.89";"  -16.090";"instituir";" 6.038725e-05"
"  6";"  50";"12.00";"  -16.068";"negociação";" 6.110319e-05"
" 12";"  72";"16.67";"  -16.015";"aumento";" 6.284015e-05"
"  4";"  42";" 9.52";"  -16.012";"lar";" 6.293749e-05"
"  4";"  42";" 9.52";"  -16.012";"eletrônico";" 6.293749e-05"
"  5";"  46";"10.87";"  -16.011";"fiel";" 6.298026e-05"
"  5";"  46";"10.87";"  -16.011";"ampliar";" 6.298026e-05"
" 14";"  79";"17.72";"  -16.005";"esclarecer";" 6.318807e-05"
"  1";"  29";" 3.45";"  -15.946";"pornografia";" 6.517448e-05"
"  1";"  29";" 3.45";"  -15.946";"fidel";" 6.517448e-05"
"  1";"  29";" 3.45";"  -15.946";"pecador";" 6.517448e-05"
"  1";"  29";" 3.45";"  -15.946";"glorificar";" 6.517448e-05"
"  1";"  29";" 3.45";"  -15.946";"bênção";" 6.517448e-05"
" 48";" 188";"25.53";"  -15.905";"congresso";" 6.661305e-05"
"  0";"  24";" 0.00";"  -15.823";"apaixonado";" 6.956145e-05"
"187";" 588";"31.80";"  -15.726";"importante";" 7.319499e-05"
" 18";"  92";"19.57";"  -15.652";"plenário";" 7.613549e-05"
"  2";"  33";" 6.06";"  -15.628";"intervenção";" 7.711600e-05"
"  2";"  33";" 6.06";"  -15.628";"critério";" 7.711600e-05"
"  6";"  49";"12.24";"  -15.469";"superior";" 8.386707e-05"
"172";" 545";"31.56";"  -15.459";"ouvir";" 8.431084e-05"
"  3";"  37";" 8.11";"  -15.457";"entidade";" 8.440494e-05"
" 23";" 108";"21.30";"  -15.362";"impedir";" 8.876895e-05"
"  1";"  28";" 3.57";"  -15.291";"abraão";" 9.214727e-05"
"  1";"  28";" 3.57";"  -15.291";"missionário";" 9.214727e-05"
"  1";"  28";" 3.57";"  -15.291";"regimental";" 9.214727e-05"
"  1";"  28";" 3.57";"  -15.291";"pgr";" 9.214727e-05"
"  1";"  28";" 3.57";"  -15.291";"orador";" 9.214727e-05"
"  0";"  23";" 0.00";"  -15.163";"encaminhamento";" 9.862475e-05"
"  0";"  23";" 0.00";"  -15.163";"execução";" 9.862475e-05"
"  2";"  32";" 6.25";"  -14.983";"libertação";" 1.084590e-04"
" 12";"  70";"17.14";"  -14.932";"investimento";" 1.114480e-04"
" 17";"  87";"19.54";"  -14.835";"incluir";" 1.173360e-04"
"  3";"  36";" 8.33";"  -14.825";"ansiedade";" 1.179602e-04"
"  3";"  36";" 8.33";"  -14.825";"santana";" 1.179602e-04"
"  5";"  44";"11.36";"  -14.793";"abuso";" 1.199598e-04"
"  4";"  40";"10.00";"  -14.771";"condenação";" 1.213791e-04"
"  4";"  40";"10.00";"  -14.771";"secretaria";" 1.213791e-04"
" 65";" 236";"27.54";"  -14.733";"presente";" 1.238449e-04"
" 11";"  66";"16.67";"  -14.677";"belo";" 1.275974e-04"
"  1";"  27";" 3.70";"  -14.637";"ivan";" 1.303508e-04"
"  0";"  22";" 0.00";"  -14.503";"envolvimento";" 1.399354e-04"
"  0";"  22";" 0.00";"  -14.503";"fundeb";" 1.399354e-04"
"  0";"  22";" 0.00";"  -14.503";"atmosfera";" 1.399354e-04"
"  0";"  22";" 0.00";"  -14.503";"fraude";" 1.399354e-04"
"  0";"  22";" 0.00";"  -14.503";"nss";" 1.399354e-04"
" 14";"  76";"18.42";"  -14.431";"instrumento";" 1.453870e-04"
" 23";" 106";"21.70";"  -14.425";"exército";" 1.458353e-04"
" 47";" 181";"25.97";"  -14.383";"tocar";" 1.491134e-04"
"  2";"  31";" 6.45";"  -14.340";"ente";" 1.525691e-04"
" 29";" 125";"23.20";"  -14.303";"municipal";" 1.555970e-04"
"  6";"  47";"12.77";"  -14.279";"sessão";" 1.576247e-04"
"  5";"  43";"11.63";"  -14.188";"parceria";" 1.654020e-04"
" 13";"  72";"18.06";"  -14.143";"técnica";" 1.694538e-04"
"  1";"  26";" 3.85";"  -13.983";"pedófilo";" 1.844964e-04"
"  1";"  26";" 3.85";"  -13.983";"contemplar";" 1.844964e-04"
" 10";"  61";"16.39";"  -13.886";"propor";" 1.942548e-04"
" 24";" 108";"22.22";"  -13.856";"defesa";" 1.974044e-04"
"  0";"  21";" 0.00";"  -13.843";"saudar";" 1.987111e-04"
"  0";"  21";" 0.00";"  -13.843";"edificar";" 1.987111e-04"
"  0";"  21";" 0.00";"  -13.843";"alinhado";" 1.987111e-04"
" 39";" 155";"25.16";"  -13.789";"esposo";" 2.045223e-04"
" 15";"  78";"19.23";"  -13.707";"encontro";" 2.136942e-04"
"  2";"  30";" 6.67";"  -13.698";"matrícula";" 2.146595e-04"
"  6";"  46";"13.04";"  -13.688";"digno";" 2.158166e-04"
"  6";"  46";"13.04";"  -13.688";"honrar";" 2.158166e-04"
"  5";"  42";"11.90";"  -13.586";"objetivo";" 2.279006e-04"
"  3";"  34";" 8.82";"  -13.566";"paraná";" 2.302894e-04"
"  3";"  34";" 8.82";"  -13.566";"índice";" 2.302894e-04"
" 12";"  67";"17.91";"  -13.335";"coronel";" 2.605181e-04"
"  1";"  25";" 4.00";"  -13.329";"ester";" 2.612902e-04"
"  1";"  25";" 4.00";"  -13.329";"templo";" 2.612902e-04"
"  1";"  25";" 4.00";"  -13.329";"requerer";" 2.612902e-04"
"  1";"  25";" 4.00";"  -13.329";"nicolás";" 2.612902e-04"
"  7";"  49";"14.29";"  -13.256";"bahia";" 2.717702e-04"
"  7";"  49";"14.29";"  -13.256";"precioso";" 2.717702e-04"
"  7";"  49";"14.29";"  -13.256";"gustavo";" 2.717702e-04"
"  0";"  20";" 0.00";"  -13.184";"pregador";" 2.824245e-04"
"  0";"  20";" 0.00";"  -13.184";"herança";" 2.824245e-04"
"  0";"  20";" 0.00";"  -13.184";"petição";" 2.824245e-04"
"  0";"  20";" 0.00";"  -13.184";"re";" 2.824245e-04"
"  0";"  20";" 0.00";"  -13.184";"percentual";" 2.824245e-04"
"  0";"  20";" 0.00";"  -13.184";"pregação";" 2.824245e-04"
"  6";"  45";"13.33";"  -13.100";"iniciativa";" 2.952175e-04"
" 80";" 275";"29.09";"  -13.097";"olho";" 2.957978e-04"
"  2";"  29";" 6.90";"  -13.057";"injustamente";" 3.020773e-04"
"  2";"  29";" 6.90";"  -13.057";"federação";" 3.020773e-04"
"  2";"  29";" 6.90";"  -13.057";"proposição";" 3.020773e-04"
"  5";"  41";"12.20";"  -12.986";"humilhar";" 3.137812e-04"
" 30";" 125";"24.00";"  -12.951";"privado";" 3.198068e-04"
" 42";" 162";"25.93";"  -12.940";"cantar";" 3.215706e-04"
"  3";"  33";" 9.09";"  -12.940";"orarmos";" 3.216810e-04"
"  4";"  37";"10.81";"  -12.926";"dobrar";" 3.240228e-04"
"  4";"  37";"10.81";"  -12.926";"tecnológico";" 3.240228e-04"
"177";" 548";"32.30";"  -12.852";"música";" 3.370288e-04"
" 10";"  59";"16.95";"  -12.797";"modelo";" 3.471774e-04"
" 18";"  86";"20.93";"  -12.712";"ouvido";" 3.632353e-04"
"  1";"  24";" 4.17";"  -12.676";"fraqueza";" 3.702882e-04"
"  1";"  24";" 4.17";"  -12.676";"realização";" 3.702882e-04"
"  1";"  24";" 4.17";"  -12.676";"administrativo";" 3.702882e-04"
" 74";" 256";"28.91";"  -12.610";"encontrar";" 3.836986e-04"
" 41";" 158";"25.95";"  -12.576";"câmara";" 3.907445e-04"
"  0";"  19";" 0.00";"  -12.524";"conai";" 4.017956e-04"
"  0";"  19";" 0.00";"  -12.524";"marajó";" 4.017956e-04"
"  0";"  19";" 0.00";"  -12.524";"atentar";" 4.017956e-04"
"  0";"  19";" 0.00";"  -12.524";"repreender";" 4.017956e-04"
"  0";"  19";" 0.00";"  -12.524";"enfermidade";" 4.017956e-04"
"  0";"  19";" 0.00";"  -12.524";"sacerdote";" 4.017956e-04"
"  0";"  19";" 0.00";"  -12.524";"acionar";" 4.017956e-04"
"  0";"  19";" 0.00";"  -12.524";"ira";" 4.017956e-04"
"116";" 376";"30.85";"  -12.514";"amor";" 4.039617e-04"
"  2";"  28";" 7.14";"  -12.418";"recomendação";" 4.251794e-04"
"  2";"  28";" 7.14";"  -12.418";"habitar";" 4.251794e-04"
"  5";"  40";"12.50";"  -12.390";"conjunto";" 4.316779e-04"
" 14";"  72";"19.44";"  -12.387";"marco";" 4.324081e-04"
"  4";"  36";"11.11";"  -12.316";"coordenador";" 4.490241e-04"
"  4";"  36";"11.11";"  -12.316";"interno";" 4.490241e-04"
" 37";" 145";"25.52";"  -12.271";"amanhã";" 4.600457e-04"
"116";" 375";"30.93";"  -12.249";"ler";" 4.654402e-04"
"132";" 420";"31.43";"  -12.237";"paulo";" 4.685130e-04"
" 15";"  75";"20.00";"  -12.207";"colega";" 4.762267e-04"
"  7";"  47";"14.89";"  -12.113";"livrar";" 5.007664e-04"
" 19";"  88";"21.59";"  -12.110";"relacionamento";" 5.015559e-04"
" 17";"  81";"20.99";"  -11.898";"justo";" 5.619956e-04"
" 37";" 144";"25.69";"  -11.884";"ensinar";" 5.663313e-04"
"  0";"  18";" 0.00";"  -11.864";"prostrar";" 5.722335e-04"
"  0";"  18";" 0.00";"  -11.864";"correa";" 5.722335e-04"
"  0";"  18";" 0.00";"  -11.864";"analfabeto";" 5.722335e-04"
"  0";"  18";" 0.00";"  -11.864";"profetizamos";" 5.722335e-04"
"  0";"  18";" 0.00";"  -11.864";"papudo";" 5.722335e-04"
"  0";"  18";" 0.00";"  -11.864";"elias";" 5.722335e-04"
"  0";"  18";" 0.00";"  -11.864";"batom";" 5.722335e-04"
"  0";"  18";" 0.00";"  -11.864";"baseado";" 5.722335e-04"
"  0";"  18";" 0.00";"  -11.864";"judá";" 5.722335e-04"
"  5";"  39";"12.82";"  -11.797";"expulsar";" 5.933580e-04"
"  8";"  50";"16.00";"  -11.764";"portugal";" 6.038707e-04"
"  4";"  35";"11.43";"  -11.709";"renovar";" 6.218747e-04"
"  4";"  35";"11.43";"  -11.709";"unidade";" 6.218747e-04"
"  3";"  31";" 9.68";"  -11.693";"elemento";" 6.272396e-04"
" 16";"  77";"20.78";"  -11.562";"contexto";" 6.732597e-04"
"  7";"  46";"15.22";"  -11.547";"comando";" 6.784768e-04"
" 36";" 140";"25.71";"  -11.519";"chorar";" 6.889338e-04"
" 99";" 324";"30.56";"  -11.490";"noite";" 6.996266e-04"
" 11";"  60";"18.33";"  -11.480";"memória";" 7.036366e-04"
"  1";"  22";" 4.55";"  -11.373";"adequado";" 7.452658e-04"
"  6";"  42";"14.29";"  -11.359";"semente";" 7.509414e-04"
"  6";"  42";"14.29";"  -11.359";"avanço";" 7.509414e-04"
" 31";" 124";"25.00";"  -11.263";"ambiente";" 7.906187e-04"
" 12";"  63";"19.05";"  -11.263";"orçamento";" 7.907227e-04"
"  0";"  17";" 0.00";"  -11.205";"merenda";" 8.159356e-04"
"  0";"  17";" 0.00";"  -11.205";"alfabetizado";" 8.159356e-04"
"  0";"  17";" 0.00";"  -11.205";"provisório";" 8.159356e-04"
"  0";"  17";" 0.00";"  -11.205";"prf";" 8.159356e-04"
"  0";"  17";" 0.00";"  -11.205";"orçamentário";" 8.159356e-04"
"  0";"  17";" 0.00";"  -11.205";"meditar";" 8.159356e-04"
"  0";"  17";" 0.00";"  -11.205";"curricular";" 8.159356e-04"
"  0";"  17";" 0.00";"  -11.205";"tarciso";" 8.159356e-04"
"  0";"  17";" 0.00";"  -11.205";"reivindicação";" 8.159356e-04"
"  0";"  17";" 0.00";"  -11.205";"principado";" 8.159356e-04"
"  0";"  17";" 0.00";"  -11.205";"alden";" 8.159356e-04"
"  2";"  26";" 7.69";"  -11.144";"absoluto";" 8.428381e-04"
"  2";"  26";" 7.69";"  -11.144";"delegado";" 8.428381e-04"
"  4";"  34";"11.76";"  -11.106";"temor";" 8.606964e-04"
"  4";"  34";"11.76";"  -11.106";"evidência";" 8.606964e-04"
" 43";" 160";"26.88";"  -11.080";"esperança";" 8.724810e-04"
"  3";"  30";"10.00";"  -11.074";"estudantil";" 8.755091e-04"
"  3";"  30";"10.00";"  -11.074";"acrescentar";" 8.755091e-04"
"  3";"  30";"10.00";"  -11.074";"amplo";" 8.755091e-04"
"  7";"  45";"15.56";"  -10.986";"julho";" 9.180010e-04"
"  7";"  45";"15.56";"  -10.986";"sequer";" 9.180010e-04"
" 24";" 101";"23.76";"  -10.773";"sofrimento";" 1.030092e-03"
"  1";"  21";" 4.76";"  -10.722";"atribuir";" 1.058570e-03"
"  1";"  21";" 4.76";"  -10.722";"magno";" 1.058570e-03"
"  1";"  21";" 4.76";"  -10.722";"crônico";" 1.058570e-03"
"  1";"  21";" 4.76";"  -10.722";"carol";" 1.058570e-03"
"  1";"  21";" 4.76";"  -10.722";"camila";" 1.058570e-03"
"  1";"  21";" 4.76";"  -10.722";"celestial";" 1.058570e-03"
"  8";"  48";"16.67";"  -10.666";"visita";" 1.090976e-03"
" 16";"  75";"21.33";"  -10.611";"eterno";" 1.124234e-03"
" 13";"  65";"20.00";"  -10.575";"tribunal";" 1.146435e-03"
"  0";"  16";" 0.00";"  -10.545";"testamento";" 1.164959e-03"
"  0";"  16";" 0.00";"  -10.545";"maranhão";" 1.164959e-03"
"  0";"  16";" 0.00";"  -10.545";"david";" 1.164959e-03"
"  0";"  16";" 0.00";"  -10.545";"rachadinha";" 1.164959e-03"
"  0";"  16";" 0.00";"  -10.545";"master";" 1.164959e-03"
"  0";"  16";" 0.00";"  -10.545";"césar";" 1.164959e-03"
"  0";"  16";" 0.00";"  -10.545";"cometido";" 1.164959e-03"
"  0";"  16";" 0.00";"  -10.545";"reafirmar";" 1.164959e-03"
"  0";"  16";" 0.00";"  -10.545";"lira";" 1.164959e-03"
"  0";"  16";" 0.00";"  -10.545";"inicial";" 1.164959e-03"
"  0";"  16";" 0.00";"  -10.545";"franciane";" 1.164959e-03"
"  0";"  16";" 0.00";"  -10.545";"enfermo";" 1.164959e-03"
"  2";"  25";" 8.00";"  -10.510";"implementação";" 1.187034e-03"
"  3";"  29";"10.34";"  -10.457";"bondade";" 1.221650e-03"
"  3";"  29";"10.34";"  -10.457";"restaurar";" 1.221650e-03"
"  3";"  29";"10.34";"  -10.457";"abertura";" 1.221650e-03"
"  3";"  29";"10.34";"  -10.457";"valorização";" 1.221650e-03"
" 11";"  58";"18.97";"  -10.449";"extraordinário";" 1.226845e-03"
" 14";"  68";"20.59";"  -10.414";"decreto";" 1.250920e-03"
" 14";"  68";"20.59";"  -10.414";"financeiro";" 1.250920e-03"
"  9";"  51";"17.65";"  -10.390";"chefe";" 1.266655e-03"
"  6";"  40";"15.00";"  -10.218";"amado";" 1.390986e-03"
" 20";"  87";"22.99";"  -10.196";"significar";" 1.407353e-03"
" 16";"  74";"21.62";"  -10.143";"guarda";" 1.448426e-03"
" 16";"  74";"21.62";"  -10.143";"responsável";" 1.448426e-03"
" 13";"  64";"20.31";"  -10.084";"independente";" 1.495545e-03"
" 31";" 121";"25.62";"  -10.083";"desejar";" 1.496680e-03"
"  1";"  20";" 5.00";"  -10.073";"desproporcional";" 1.504937e-03"
"  1";"  20";" 5.00";"  -10.073";"filipenses";" 1.504937e-03"
"  1";"  20";" 5.00";"  -10.073";"cumprimento";" 1.504937e-03"
"  1";"  20";" 5.00";"  -10.073";"salarial";" 1.504937e-03"
" 32";" 124";"25.81";"  -10.062";"citar";" 1.513583e-03"
"  5";"  36";"13.89";"  -10.040";"obedecer";" 1.531828e-03"
"  5";"  36";"13.89";"  -10.040";"messias";" 1.531828e-03"
"  5";"  36";"13.89";"  -10.040";"circunstância";" 1.531828e-03"
" 17";"  77";"22.08";"  -10.030";"possibilidade";" 1.540330e-03"
" 23";"  96";"23.96";"   -9.987";"agir";" 1.576252e-03"
" 11";"  57";"19.30";"   -9.942";"direcionar";" 1.615391e-03"
"  4";"  32";"12.50";"   -9.909";"convicção";" 1.645006e-03"
"  4";"  32";"12.50";"   -9.909";"rejeitar";" 1.645006e-03"
"  4";"  32";"12.50";"   -9.909";"mencionar";" 1.645006e-03"
"  4";"  32";"12.50";"   -9.909";"alice";" 1.645006e-03"
"  0";"  15";" 0.00";"   -9.886";"santificar";" 1.665732e-03"
"  0";"  15";" 0.00";"   -9.886";"reitor";" 1.665732e-03"
"  0";"  15";" 0.00";"   -9.886";"tornozeleira";" 1.665732e-03"
"  0";"  15";" 0.00";"   -9.886";"socioeconômico";" 1.665732e-03"
"  0";"  15";" 0.00";"   -9.886";"portaria";" 1.665732e-03"
"  0";"  15";" 0.00";"   -9.886";"permanência";" 1.665732e-03"
"  0";"  15";" 0.00";"   -9.886";"nicarágua";" 1.665732e-03"
"  0";"  15";" 0.00";"   -9.886";"estátua";" 1.665732e-03"
"  2";"  24";" 8.33";"   -9.879";"alegrar";" 1.672132e-03"
"  2";"  24";" 8.33";"   -9.879";"santidade";" 1.672132e-03"
"  2";"  24";" 8.33";"   -9.879";"gabriela";" 1.672132e-03"
"  2";"  24";" 8.33";"   -9.879";"cova";" 1.672132e-03"
"  2";"  24";" 8.33";"   -9.879";"autonomia";" 1.672132e-03"
"  2";"  24";" 8.33";"   -9.879";"atendimento";" 1.672132e-03"
" 64";" 218";"29.36";"   -9.844";"forte";" 1.703725e-03"
"  3";"  28";"10.71";"   -9.844";"terrorismo";" 1.704002e-03"
" 20";"  86";"23.26";"   -9.759";"anterior";" 1.784589e-03"
"111";" 351";"31.62";"   -9.722";"live";" 1.820281e-03"
" 37";" 138";"26.81";"   -9.643";"perseguir";" 1.900861e-03"
" 22";"  92";"23.91";"   -9.625";"liberar";" 1.919764e-03"
" 56";" 194";"28.87";"   -9.603";"resposta";" 1.942337e-03"
"  8";"  46";"17.39";"   -9.588";"demônio";" 1.958070e-03"
"  8";"  46";"17.39";"   -9.588";"redor";" 1.958070e-03"
" 17";"  76";"22.37";"   -9.576";"busca";" 1.971824e-03"
"  5";"  35";"14.29";"   -9.463";"afastar";" 2.096636e-03"
"  5";"  35";"14.29";"   -9.463";"destacar";" 2.096636e-03"
" 14";"  66";"21.21";"   -9.458";"armada";" 2.102586e-03"
"  1";"  19";" 5.26";"   -9.424";"príncipe";" 2.141629e-03"
"  1";"  19";" 5.26";"   -9.424";"revogar";" 2.141629e-03"
"  1";"  19";" 5.26";"   -9.424";"utilização";" 2.141629e-03"
"  1";"  19";" 5.26";"   -9.424";"tempestade";" 2.141629e-03"
"  1";"  19";" 5.26";"   -9.424";"premiar";" 2.141629e-03"
"  1";"  19";" 5.26";"   -9.424";"indiciar";" 2.141629e-03"
"  1";"  19";" 5.26";"   -9.424";"ceará";" 2.141629e-03"
"  1";"  19";" 5.26";"   -9.424";"autoria";" 2.141629e-03"
"  1";"  19";" 5.26";"   -9.424";"assessoria";" 2.141629e-03"
"  1";"  19";" 5.26";"   -9.424";"adesão";" 2.141629e-03"
"  1";"  19";" 5.26";"   -9.424";"instância";" 2.141629e-03"
" 47";" 167";"28.14";"   -9.394";"oportunidade";" 2.176536e-03"
" 15";"  69";"21.74";"   -9.333";"justamente";" 2.250152e-03"
"  4";"  31";"12.90";"   -9.316";"eternidade";" 2.271273e-03"
" 33";" 125";"26.40";"   -9.296";"pena";" 2.296580e-03"
"  2";"  23";" 8.70";"   -9.249";"visar";" 2.355941e-03"
"  2";"  23";" 8.70";"   -9.249";"romano";" 2.355941e-03"
"  2";"  23";" 8.70";"   -9.249";"maligno";" 2.355941e-03"
"  3";"  27";"11.11";"   -9.234";"urgência";" 2.375781e-03"
"  3";"  27";"11.11";"   -9.234";"dispor";" 2.375781e-03"
"  3";"  27";"11.11";"   -9.234";"espiritualmente";" 2.375781e-03"
"  3";"  27";"11.11";"   -9.234";"deais";" 2.375781e-03"
"  0";"  14";" 0.00";"   -9.226";"tesouro";" 2.385722e-03"
"  0";"  14";" 0.00";"   -9.226";"tentação";" 2.385722e-03"
"  0";"  14";" 0.00";"   -9.226";"cassiane";" 2.385722e-03"
"  0";"  14";" 0.00";"   -9.226";"hebreu";" 2.385722e-03"
"  0";"  14";" 0.00";"   -9.226";"federativo";" 2.385722e-03"
"  0";"  14";" 0.00";"   -9.226";"protocolamos";" 2.385722e-03"
"  0";"  14";" 0.00";"   -9.226";"investigado";" 2.385722e-03"
"  0";"  14";" 0.00";"   -9.226";"indicado";" 2.385722e-03"
"  0";"  14";" 0.00";"   -9.226";"envolvido";" 2.385722e-03"
"  0";"  14";" 0.00";"   -9.226";"dartora";" 2.385722e-03"
"  0";"  14";" 0.00";"   -9.226";"cordeiro";" 2.385722e-03"
"  0";"  14";" 0.00";"   -9.226";"potestade";" 2.385722e-03"
"  0";"  14";" 0.00";"   -9.226";"inácio";" 2.385722e-03"
"  0";"  14";" 0.00";"   -9.226";"envergonhar";" 2.385722e-03"
"  0";"  14";" 0.00";"   -9.226";"bilin";" 2.385722e-03"
"  0";"  14";" 0.00";"   -9.226";"aflição";" 2.385722e-03"
" 16";"  72";"22.22";"   -9.224";"definir";" 2.388992e-03"
" 10";"  52";"19.23";"   -9.128";"grave";" 2.516938e-03"
" 10";"  52";"19.23";"   -9.128";"criação";" 2.516938e-03"
" 10";"  52";"19.23";"   -9.128";"aliás";" 2.516938e-03"
" 13";"  62";"20.97";"   -9.119";"convocar";" 2.529139e-03"
" 24";"  97";"24.74";"   -9.112";"início";" 2.539085e-03"
"  6";"  38";"15.79";"   -9.096";"legado";" 2.562054e-03"
"  6";"  38";"15.79";"   -9.096";"ameaça";" 2.562054e-03"
"  6";"  38";"15.79";"   -9.096";"ofício";" 2.562054e-03"
"  8";"  45";"17.78";"   -9.058";"conectar";" 2.616071e-03"
" 42";" 151";"27.81";"   -8.979";"alcançar";" 2.731241e-03"
" 64";" 215";"29.77";"   -8.954";"ação";" 2.767972e-03"
" 34";" 127";"26.77";"   -8.925";"abraço";" 2.812408e-03"
"  5";"  34";"14.71";"   -8.891";"relevante";" 2.865963e-03"
"  9";"  48";"18.75";"   -8.825";"vaga";" 2.971451e-03"
"  7";"  41";"17.07";"   -8.790";"caber";" 3.029156e-03"
"  1";"  18";" 5.56";"   -8.777";"nominal";" 3.050976e-03"
"  1";"  18";" 5.56";"   -8.777";"reinar";" 3.050976e-03"
"  1";"  18";" 5.56";"   -8.777";"vigília";" 3.050976e-03"
"  1";"  18";" 5.56";"   -8.777";"exceder";" 3.050976e-03"
"  1";"  18";" 5.56";"   -8.777";"clareza";" 3.050976e-03"
"  1";"  18";" 5.56";"   -8.777";"ribeiro";" 3.050976e-03"
"  1";"  18";" 5.56";"   -8.777";"relacionado";" 3.050976e-03"
"  1";"  18";" 5.56";"   -8.777";"intimidade";" 3.050976e-03"
"  4";"  30";"13.33";"   -8.728";"ansioso";" 3.132898e-03"
"  4";"  30";"13.33";"   -8.728";"vinda";" 3.132898e-03"
"  4";"  30";"13.33";"   -8.728";"planalto";" 3.132898e-03"
" 17";"  74";"22.97";"   -8.684";"documento";" 3.209884e-03"
"  3";"  26";"11.54";"   -8.628";"extremista";" 3.310750e-03"
"  3";"  26";"11.54";"   -8.628";"superar";" 3.310750e-03"
"  3";"  26";"11.54";"   -8.628";"tr";" 3.310750e-03"
"  3";"  26";"11.54";"   -8.628";"garantido";" 3.310750e-03"
" 27";" 105";"25.71";"   -8.627";"servir";" 3.312198e-03"
" 10";"  51";"19.61";"   -8.626";"patrimônio";" 3.314529e-03"
"  2";"  22";" 9.09";"   -8.623";"transparência";" 3.320026e-03"
"  2";"  22";" 9.09";"   -8.623";"silveira";" 3.320026e-03"
"  2";"  22";" 9.09";"   -8.623";"beneficiar";" 3.320026e-03"
"  2";"  22";" 9.09";"   -8.623";"aposentado";" 3.320026e-03"
"  2";"  22";" 9.09";"   -8.623";"estatal";" 3.320026e-03"
" 29";" 111";"26.13";"   -8.593";"enviar";" 3.374224e-03"
" 87";" 279";"31.18";"   -8.569";"paz";" 3.418831e-03"
"  0";"  13";" 0.00";"   -8.567";"refrigério";" 3.423349e-03"
"  0";"  13";" 0.00";"   -8.567";"selo";" 3.423349e-03"
"  0";"  13";" 0.00";"   -8.567";"ideb";" 3.423349e-03"
"  0";"  13";" 0.00";"   -8.567";"sucedido";" 3.423349e-03"
"  0";"  13";" 0.00";"   -8.567";"relatoria";" 3.423349e-03"
"  0";"  13";" 0.00";"   -8.567";"presidir";" 3.423349e-03"
"  0";"  13";" 0.00";"   -8.567";"jupira";" 3.423349e-03"
"  0";"  13";" 0.00";"   -8.567";"improvável";" 3.423349e-03"
"  0";"  13";" 0.00";"   -8.567";"domiciliar";" 3.423349e-03"
"  0";"  13";" 0.00";"   -8.567";"proferir";" 3.423349e-03"
"  0";"  13";" 0.00";"   -8.567";"oral";" 3.423349e-03"
"  0";"  13";" 0.00";"   -8.567";"oo";" 3.423349e-03"
"  0";"  13";" 0.00";"   -8.567";"naime";" 3.423349e-03"
"  0";"  13";" 0.00";"   -8.567";"imparcial";" 3.423349e-03"
"  0";"  13";" 0.00";"   -8.567";"dezena";" 3.423349e-03"
"  0";"  13";" 0.00";"   -8.567";"cesão";" 3.423349e-03"
"  0";"  13";" 0.00";"   -8.567";"vigor";" 3.423349e-03"
"  0";"  13";" 0.00";"   -8.567";"tarcis";" 3.423349e-03"
"  0";"  13";" 0.00";"   -8.567";"resultar";" 3.423349e-03"
"  0";"  13";" 0.00";"   -8.567";"profecia";" 3.423349e-03"
"  0";"  13";" 0.00";"   -8.567";"procuradoria";" 3.423349e-03"
"  0";"  13";" 0.00";"   -8.567";"permanente";" 3.423349e-03"
"  0";"  13";" 0.00";"   -8.567";"ob";" 3.423349e-03"
"  0";"  13";" 0.00";"   -8.567";"malta";" 3.423349e-03"
"  0";"  13";" 0.00";"   -8.567";"lábio";" 3.423349e-03"
" 33";" 123";"26.83";"   -8.566";"roubar";" 3.424926e-03"
"  6";"  37";"16.22";"   -8.543";"impeachment";" 3.468806e-03"
"  8";"  44";"18.18";"   -8.533";"prevalecer";" 3.488291e-03"
"  8";"  44";"18.18";"   -8.533";"executivo";" 3.488291e-03"
"  5";"  33";"15.15";"   -8.324";"interferir";" 3.912013e-03"
"  5";"  33";"15.15";"   -8.324";"resolução";" 3.912013e-03"
"  9";"  47";"19.15";"   -8.315";"capitão";" 3.932065e-03"
"  7";"  40";"17.50";"   -8.255";"fernandes";" 4.064518e-03"
"  7";"  40";"17.50";"   -8.255";"armado";" 4.064518e-03"
" 18";"  76";"23.68";"   -8.178";"dilma";" 4.241064e-03"
"  4";"  29";"13.79";"   -8.146";"determinar";" 4.316693e-03"
"  4";"  29";"13.79";"   -8.146";"bloco";" 4.316693e-03"
"  4";"  29";"13.79";"   -8.146";"observar";" 4.316693e-03"
"  1";"  17";" 5.88";"   -8.131";"noivo";" 4.351614e-03"
"  1";"  17";" 5.88";"   -8.131";"categoria";" 4.351614e-03"
"  1";"  17";" 5.88";"   -8.131";"escudo";" 4.351614e-03"
"  1";"  17";" 5.88";"   -8.131";"protocolei";" 4.351614e-03"
"  1";"  17";" 5.88";"   -8.131";"eternamente";" 4.351614e-03"
"  1";"  17";" 5.88";"   -8.131";"adorador";" 4.351614e-03"
"  1";"  17";" 5.88";"   -8.131";"urgente";" 4.351614e-03"
"  1";"  17";" 5.88";"   -8.131";"andamento";" 4.351614e-03"
" 10";"  50";"20.00";"   -8.130";"sugerir";" 4.355041e-03"
" 14";"  63";"22.22";"   -8.068";"preocupação";" 4.505779e-03"
"  3";"  25";"12.00";"   -8.026";"ousadia";" 4.611011e-03"
"  3";"  25";"12.00";"   -8.026";"deficiência";" 4.611011e-03"
"  8";"  43";"18.60";"   -8.014";"agente";" 4.641529e-03"
"  8";"  43";"18.60";"   -8.014";"traficante";" 4.641529e-03"
"  2";"  21";" 9.52";"   -7.999";"soberania";" 4.679468e-03"
"  2";"  21";" 9.52";"   -7.999";"verso";" 4.679468e-03"
"  2";"  21";" 9.52";"   -7.999";"conclusão";" 4.679468e-03"
"  2";"  21";" 9.52";"   -7.999";"lava";" 4.679468e-03"
"  2";"  21";" 9.52";"   -7.999";"dívida";" 4.679468e-03"
"  2";"  21";" 9.52";"   -7.999";"altar";" 4.679468e-03"
"  2";"  21";" 9.52";"   -7.999";"efetivamente";" 4.679468e-03"
"  6";"  36";"16.67";"   -7.996";"devolver";" 4.688160e-03"
" 15";"  66";"22.73";"   -7.972";"formação";" 4.751067e-03"
" 15";"  66";"22.73";"   -7.972";"carne";" 4.751067e-03"
" 41";" 145";"28.28";"   -7.964";"resultado";" 4.770662e-03"
"  0";"  12";" 0.00";"   -7.908";"provir";" 4.922851e-03"
"  0";"  12";" 0.00";"   -7.908";"rocha";" 4.922851e-03"
"  0";"  12";" 0.00";"   -7.908";"original";" 4.922851e-03"
"  0";"  12";" 0.00";"   -7.908";"pisa";" 4.922851e-03"
"  0";"  12";" 0.00";"   -7.908";"bendito";" 4.922851e-03"
"  0";"  12";" 0.00";"   -7.908";"render";" 4.922851e-03"
"  0";"  12";" 0.00";"   -7.908";"quebrantar";" 4.922851e-03"
"  0";"  12";" 0.00";"   -7.908";"prorrogar";" 4.922851e-03"
"  0";"  12";" 0.00";"   -7.908";"prometido";" 4.922851e-03"
"  0";"  12";" 0.00";"   -7.908";"petrobras";" 4.922851e-03"
"  0";"  12";" 0.00";"   -7.908";"egito";" 4.922851e-03"
"  0";"  12";" 0.00";"   -7.908";"diferenciado";" 4.922851e-03"
"  0";"  12";" 0.00";"   -7.908";"apocalipse";" 4.922851e-03"
"  0";"  12";" 0.00";"   -7.908";"universalização";" 4.922851e-03"
"  0";"  12";" 0.00";"   -7.908";"qualificado";" 4.922851e-03"
"  0";"  12";" 0.00";"   -7.908";"fnd";" 4.922851e-03"
"  0";"  12";" 0.00";"   -7.908";"evidentemente";" 4.922851e-03"
"  0";"  12";" 0.00";"   -7.908";"escritura";" 4.922851e-03"
"  0";"  12";" 0.00";"   -7.908";"efésios";" 4.922851e-03"
"  0";"  12";" 0.00";"   -7.908";"cooperação";" 4.922851e-03"
"  0";"  12";" 0.00";"   -7.908";"concordância";" 4.922851e-03"
"  0";"  12";" 0.00";"   -7.908";"bancário";" 4.922851e-03"
"  0";"  12";" 0.00";"   -7.908";"analfabetismo";" 4.922851e-03"
" 83";" 265";"31.32";"   -7.874";"número";" 5.016250e-03"
" 31";" 115";"26.96";"   -7.849";"reconhecer";" 5.085166e-03"
" 12";"  56";"21.43";"   -7.835";"reforma";" 5.124676e-03"
" 12";"  56";"21.43";"   -7.835";"alcance";" 5.124676e-03"
"  5";"  32";"15.62";"   -7.763";"aliança";" 5.331561e-03"
"  5";"  32";"15.62";"   -7.763";"especialmente";" 5.331561e-03"
"  7";"  39";"17.95";"   -7.726";"atuar";" 5.442642e-03"
"  7";"  39";"17.95";"   -7.726";"queimar";" 5.442642e-03"
" 10";"  49";"20.41";"   -7.640";"abraçar";" 5.708579e-03"
" 10";"  49";"20.41";"   -7.640";"juntamente";" 5.708579e-03"
" 38";" 135";"28.15";"   -7.579";"logo";" 5.906403e-03"
"  4";"  28";"14.29";"   -7.568";"descansar";" 5.940596e-03"
"  4";"  28";"14.29";"   -7.568";"jerusalém";" 5.940596e-03"
" 15";"  65";"23.08";"   -7.531";"arrepender";" 6.065324e-03"
" 15";"  65";"23.08";"   -7.531";"inferno";" 6.065324e-03"
"109";" 336";"32.44";"   -7.518";"irmão";" 6.109848e-03"
"  8";"  42";"19.05";"   -7.502";"desenvolvimento";" 6.162161e-03"
"  1";"  16";" 6.25";"   -7.487";"schooling";" 6.214903e-03"
"  1";"  16";" 6.25";"   -7.487";"ordenar";" 6.214903e-03"
"  1";"  16";" 6.25";"   -7.487";"gama";" 6.214903e-03"
"  1";"  16";" 6.25";"   -7.487";"obediência";" 6.214903e-03"
"  1";"  16";" 6.25";"   -7.487";"eis";" 6.214903e-03"
"  1";"  16";" 6.25";"   -7.487";"testemunhar";" 6.214903e-03"
"  1";"  16";" 6.25";"   -7.487";"proclamar";" 6.214903e-03"
"  1";"  16";" 6.25";"   -7.487";"meritocracia";" 6.214903e-03"
"  1";"  16";" 6.25";"   -7.487";"autorização";" 6.214903e-03"
"  1";"  16";" 6.25";"   -7.487";"angústia";" 6.214903e-03"
"440";"1223";"35.98";"   -7.485";"país";" 6.222821e-03"
" 16";"  68";"23.53";"   -7.456";"organização";" 6.320972e-03"
"  6";"  35";"17.14";"   -7.456";"revelação";" 6.323994e-03"
"  6";"  35";"17.14";"   -7.456";"depressão";" 6.323994e-03"
"  3";"  24";"12.50";"   -7.429";"destino";" 6.417640e-03"
"  3";"  24";"12.50";"   -7.429";"fluir";" 6.417640e-03"
"  3";"  24";"12.50";"   -7.429";"inúmero";" 6.417640e-03"
"  3";"  24";"12.50";"   -7.429";"passivo";" 6.417640e-03"
"  3";"  24";"12.50";"   -7.429";"habilidade";" 6.417640e-03"
"  3";"  24";"12.50";"   -7.429";"esquema";" 6.417640e-03"
" 17";"  71";"23.94";"   -7.393";"marido";" 6.548699e-03"
"  2";"  20";"10.00";"   -7.380";"judicial";" 6.596617e-03"
"  2";"  20";"10.00";"   -7.380";"vingança";" 6.596617e-03"
"  2";"  20";"10.00";"   -7.380";"multiplicar";" 6.596617e-03"
"  2";"  20";"10.00";"   -7.380";"junho";" 6.596617e-03"
"  2";"  20";"10.00";"   -7.380";"criminalizar";" 6.596617e-03"
"  2";"  20";"10.00";"   -7.380";"comprometer";" 6.596617e-03"
"  2";"  20";"10.00";"   -7.380";"apresentado";" 6.596617e-03"
"  2";"  20";"10.00";"   -7.380";"semelhante";" 6.596617e-03"
"  2";"  20";"10.00";"   -7.380";"distrito";" 6.596617e-03"
"  2";"  20";"10.00";"   -7.380";"compreensão";" 6.596617e-03"
"  0";"  11";" 0.00";"   -7.248";"cefet";" 7.096778e-03"
"  0";"  11";" 0.00";"   -7.248";"convergência";" 7.096778e-03"
"  0";"  11";" 0.00";"   -7.248";"poupança";" 7.096778e-03"
"  0";"  11";" 0.00";"   -7.248";"pagador";" 7.096778e-03"
"  0";"  11";" 0.00";"   -7.248";"marcelo";" 7.096778e-03"
"  0";"  11";" 0.00";"   -7.248";"machucado";" 7.096778e-03"
"  0";"  11";" 0.00";"   -7.248";"vigência";" 7.096778e-03"
"  0";"  11";" 0.00";"   -7.248";"tadeu";" 7.096778e-03"
"  0";"  11";" 0.00";"   -7.248";"rever";" 7.096778e-03"
"  0";"  11";" 0.00";"   -7.248";"ponderação";" 7.096778e-03"
"  0";"  11";" 0.00";"   -7.248";"perpétuo";" 7.096778e-03"
"  0";"  11";" 0.00";"   -7.248";"paraíba";" 7.096778e-03"
"  0";"  11";" 0.00";"   -7.248";"legitimidade";" 7.096778e-03"
"  0";"  11";" 0.00";"   -7.248";"eyshila";" 7.096778e-03"
"  0";"  11";" 0.00";"   -7.248";"encerramento";" 7.096778e-03"
"  0";"  11";" 0.00";"   -7.248";"coríntios";" 7.096778e-03"
"  0";"  11";" 0.00";"   -7.248";"coroa";" 7.096778e-03"
"  0";"  11";" 0.00";"   -7.248";"adequação";" 7.096778e-03"
"  0";"  11";" 0.00";"   -7.248";"acompanhamento";" 7.096778e-03"
"  0";"  11";" 0.00";"   -7.248";"universalizar";" 7.096778e-03"
"  0";"  11";" 0.00";"   -7.248";"reiterar";" 7.096778e-03"
"  0";"  11";" 0.00";"   -7.248";"pureza";" 7.096778e-03"
"  0";"  11";" 0.00";"   -7.248";"paralisado";" 7.096778e-03"
"  0";"  11";" 0.00";"   -7.248";"normalizar";" 7.096778e-03"
"  0";"  11";" 0.00";"   -7.248";"mendes";" 7.096778e-03"
"  0";"  11";" 0.00";"   -7.248";"inesquecível";" 7.096778e-03"
"  0";"  11";" 0.00";"   -7.248";"incluído";" 7.096778e-03"
"  0";"  11";" 0.00";"   -7.248";"estabelecido";" 7.096778e-03"
"  0";"  11";" 0.00";"   -7.248";"cativeiro";" 7.096778e-03"
"  0";"  11";" 0.00";"   -7.248";"ananias";" 7.096778e-03"
"  0";"  11";" 0.00";"   -7.248";"amé";" 7.096778e-03"
"  0";"  11";" 0.00";"   -7.248";"ampliação";" 7.096778e-03"
"  5";"  31";"16.13";"   -7.209";"órgão";" 7.253830e-03"
"  5";"  31";"16.13";"   -7.209";"luiz";" 7.253830e-03"
"  5";"  31";"16.13";"   -7.209";"punir";" 7.253830e-03"
"  7";"  38";"18.42";"   -7.205";"popular";" 7.272057e-03"
"  7";"  38";"18.42";"   -7.205";"participação";" 7.272057e-03"
" 47";" 160";"29.38";"   -7.184";"finalizar";" 7.354710e-03"
" 46";" 157";"29.30";"   -7.152";"transformar";" 7.487111e-03"
" 25";"  95";"26.32";"   -7.146";"dito";" 7.513186e-03"
" 26";"  98";"26.53";"   -7.138";"vítima";" 7.546953e-03"
"232";" 668";"34.73";"   -7.108";"questão";" 7.673164e-03"
" 96";" 298";"32.21";"   -7.077";"universidade";" 7.808167e-03"
" 16";"  67";"23.88";"   -7.031";"melhorar";" 8.010809e-03"
" 11";"  51";"21.57";"   -7.025";"devido";" 8.037765e-03"
"  4";"  27";"14.81";"   -6.997";"psd";" 8.164341e-03"
"  4";"  27";"14.81";"   -6.997";"intencional";" 8.164341e-03"
"  4";"  27";"14.81";"   -6.997";"dignidade";" 8.164341e-03"
"  4";"  27";"14.81";"   -6.997";"proibir";" 8.164341e-03"
"  6";"  34";"17.65";"   -6.922";"mateus";" 8.512872e-03"
"  6";"  34";"17.65";"   -6.922";"garantia";" 8.512872e-03"
" 19";"  76";"25.00";"   -6.890";"confiar";" 8.668463e-03"
"  1";"  15";" 6.67";"   -6.845";"pecar";" 8.889052e-03"
"  1";"  15";" 6.67";"   -6.845";"rainha";" 8.889052e-03"
"  1";"  15";" 6.67";"   -6.845";"grade";" 8.889052e-03"
"  1";"  15";" 6.67";"   -6.845";"exaltado";" 8.889052e-03"
"  1";"  15";" 6.67";"   -6.845";"remoto";" 8.889052e-03"
"  1";"  15";" 6.67";"   -6.845";"antidemocrático";" 8.889052e-03"
"  1";"  15";" 6.67";"   -6.845";"alagoas";" 8.889052e-03"
"  1";"  15";" 6.67";"   -6.845";"painel";" 8.889052e-03"
"  1";"  15";" 6.67";"   -6.845";"hino";" 8.889052e-03"
"  1";"  15";" 6.67";"   -6.845";"fórum";" 8.889052e-03"
"  1";"  15";" 6.67";"   -6.845";"eliseu";" 8.889052e-03"
"  1";"  15";" 6.67";"   -6.845";"fal";" 8.889052e-03"
"  1";"  15";" 6.67";"   -6.845";"debruçar";" 8.889052e-03"
"  3";"  23";"13.04";"   -6.838";"ameaçar";" 8.925162e-03"
"  3";"  23";"13.04";"   -6.838";"privilégio";" 8.925162e-03"
"  3";"  23";"13.04";"   -6.838";"submeter";" 8.925162e-03"
"  3";"  23";"13.04";"   -6.838";"palácio";" 8.925162e-03"
" 21";"  82";"25.61";"   -6.832";"procurar";" 8.954130e-03"
" 13";"  57";"22.81";"   -6.818";"josé";" 9.025375e-03"
" 13";"  57";"22.81";"   -6.818";"ladrão";" 9.025375e-03"
" 13";"  57";"22.81";"   -6.818";"jurídico";" 9.025375e-03"
" 22";"  85";"25.88";"   -6.812";"envolver";" 9.057045e-03"
" 28";" 103";"27.18";"   -6.778";"prático";" 9.231093e-03"
"  2";"  19";"10.53";"   -6.764";"prosseguir";" 9.300451e-03"
"  7";"  37";"18.92";"   -6.690";"fernando";" 9.693448e-03"
"  0";"  10";" 0.00";"   -6.589";"presidenta";" 1.026045e-02"
"  0";"  10";" 0.00";"   -6.589";"minuta";" 1.026045e-02"
"  0";"  10";" 0.00";"   -6.589";"descanso";" 1.026045e-02"
"  0";"  10";" 0.00";"   -6.589";"suplicar";" 1.026045e-02"
"  0";"  10";" 0.00";"   -6.589";"atar";" 1.026045e-02"
"  0";"  10";" 0.00";"   -6.589";"prioritário";" 1.026045e-02"
"  0";"  10";" 0.00";"   -6.589";"ocde";" 1.026045e-02"
"  0";"  10";" 0.00";"   -6.589";"incorporar";" 1.026045e-02"
"  0";"  10";" 0.00";"   -6.589";"gaer";" 1.026045e-02"
"  0";"  10";" 0.00";"   -6.589";"federado";" 1.026045e-02"
"  0";"  10";" 0.00";"   -6.589";"estendido";" 1.026045e-02"
"  0";"  10";" 0.00";"   -6.589";"deter";" 1.026045e-02"
"  0";"  10";" 0.00";"   -6.589";"defensoria";" 1.026045e-02"
"  0";"  10";" 0.00";"   -6.589";"custódia";" 1.026045e-02"
"  0";"  10";" 0.00";"   -6.589";"cavalcante";" 1.026045e-02"
"  0";"  10";" 0.00";"   -6.589";"blindar";" 1.026045e-02"
"  0";"  10";" 0.00";"   -6.589";"baderneiro";" 1.026045e-02"
"  0";"  10";" 0.00";"   -6.589";"apuração";" 1.026045e-02"
"  0";"  10";" 0.00";"   -6.589";"unanimidade";" 1.026045e-02"
"  0";"  10";" 0.00";"   -6.589";"tribulação";" 1.026045e-02"
"  0";"  10";" 0.00";"   -6.589";"renúncia";" 1.026045e-02"
"  0";"  10";" 0.00";"   -6.589";"reconciliação";" 1.026045e-02"
"  0";"  10";" 0.00";"   -6.589";"presidiário";" 1.026045e-02"
"  0";"  10";" 0.00";"   -6.589";"prerrogativa";" 1.026045e-02"
"  0";"  10";" 0.00";"   -6.589";"pdde";" 1.026045e-02"
"  0";"  10";" 0.00";"   -6.589";"negligência";" 1.026045e-02"
"  0";"  10";" 0.00";"   -6.589";"miranda";" 1.026045e-02"
"  0";"  10";" 0.00";"   -6.589";"mgi";" 1.026045e-02"
"  0";"  10";" 0.00";"   -6.589";"gênesis";" 1.026045e-02"
"  0";"  10";" 0.00";"   -6.589";"governança";" 1.026045e-02"
"  0";"  10";" 0.00";"   -6.589";"esforçar";" 1.026045e-02"
" 11";"  50";"22.00";"   -6.563";"demanda";" 1.040981e-02"
" 11";"  50";"22.00";"   -6.563";"leão";" 1.040981e-02"
" 32";" 114";"28.07";"   -6.481";"compromisso";" 1.090418e-02"
" 20";"  78";"25.64";"   -6.469";"interesse";" 1.097812e-02"
" 20";"  78";"25.64";"   -6.469";"soltar";" 1.097812e-02"
" 12";"  53";"22.64";"   -6.463";"encher";" 1.101390e-02"
"  4";"  26";"15.38";"   -6.433";"associação";" 1.120349e-02"
"  4";"  26";"15.38";"   -6.433";"guiar";" 1.120349e-02"
"  4";"  26";"15.38";"   -6.433";"feliciano";" 1.120349e-02"
"  4";"  26";"15.38";"   -6.433";"roubo";" 1.120349e-02"
"  4";"  26";"15.38";"   -6.433";"contribuição";" 1.120349e-02"
"  6";"  33";"18.18";"   -6.397";"aspa";" 1.143345e-02"
"  6";"  33";"18.18";"   -6.397";"questionamento";" 1.143345e-02"
"  9";"  43";"20.93";"   -6.345";"opositor";" 1.176968e-02"
"  9";"  43";"20.93";"   -6.345";"crente";" 1.176968e-02"
"  3";"  22";"13.64";"   -6.253";"romper";" 1.240113e-02"
"  3";"  22";"13.64";"   -6.253";"veto";" 1.240113e-02"
"  3";"  22";"13.64";"   -6.253";"didático";" 1.240113e-02"
"  3";"  22";"13.64";"   -6.253";"apurar";" 1.240113e-02"
"  3";"  22";"13.64";"   -6.253";"acadêmico";" 1.240113e-02"
"109";" 330";"33.03";"   -6.232";"próximo";" 1.254396e-02"
" 10";"  46";"21.74";"   -6.217";"matemática";" 1.265638e-02"
"  1";"  14";" 7.14";"   -6.206";"verbo";" 1.273472e-02"
"  1";"  14";" 7.14";"   -6.206";"cátedra";" 1.273472e-02"
"  1";"  14";" 7.14";"   -6.206";"quartel";" 1.273472e-02"
"  1";"  14";" 7.14";"   -6.206";"observação";" 1.273472e-02"
"  1";"  14";" 7.14";"   -6.206";"império";" 1.273472e-02"
"  1";"  14";" 7.14";"   -6.206";"etário";" 1.273472e-02"
"  1";"  14";" 7.14";"   -6.206";"constar";" 1.273472e-02"
"  1";"  14";" 7.14";"   -6.206";"conforto";" 1.273472e-02"
"  1";"  14";" 7.14";"   -6.206";"rasgar";" 1.273472e-02"
"  1";"  14";" 7.14";"   -6.206";"purificar";" 1.273472e-02"
"  1";"  14";" 7.14";"   -6.206";"punição";" 1.273472e-02"
"  1";"  14";" 7.14";"   -6.206";"maravilha";" 1.273472e-02"
"  1";"  14";" 7.14";"   -6.206";"dependência";" 1.273472e-02"
"  1";"  14";" 7.14";"   -6.206";"consolidar";" 1.273472e-02"
"  1";"  14";" 7.14";"   -6.206";"assentar";" 1.273472e-02"
"  7";"  36";"19.44";"   -6.184";"gaiar";" 1.288820e-02"
" 17";"  68";"25.00";"   -6.163";"padre";" 1.304751e-02"
"  2";"  18";"11.11";"   -6.154";"enem";" 1.311377e-02"
"  2";"  18";"11.11";"   -6.154";"saneamento";" 1.311377e-02"
"  2";"  18";"11.11";"   -6.154";"encorajar";" 1.311377e-02"
"  2";"  18";"11.11";"   -6.154";"obrigatoriedade";" 1.311377e-02"
"  2";"  18";"11.11";"   -6.154";"isaías";" 1.311377e-02"
"  2";"  18";"11.11";"   -6.154";"maternidade";" 1.311377e-02"
"  2";"  18";"11.11";"   -6.154";"temática";" 1.311377e-02"
"  5";"  29";"17.24";"   -6.122";"particular";" 1.334954e-02"
"  5";"  29";"17.24";"   -6.122";"sobretudo";" 1.334954e-02"
" 29";" 104";"27.88";"   -6.100";"salvar";" 1.351875e-02"
" 21";"  80";"26.25";"   -6.073";"visitar";" 1.372426e-02"
" 21";"  80";"26.25";"   -6.073";"conhecido";" 1.372426e-02"
" 24";"  89";"26.97";"   -6.059";"termo";" 1.383779e-02"
"  0";"   9";" 0.00";"   -5.930";"sobral";" 1.488558e-02"
"  0";"   9";" 0.00";"   -5.930";"onipotente";" 1.488558e-02"
"  0";"   9";" 0.00";"   -5.930";"melhora";" 1.488558e-02"
"  0";"   9";" 0.00";"   -5.930";"avante";" 1.488558e-02"
"  0";"   9";" 0.00";"   -5.930";"armadura";" 1.488558e-02"
"  0";"   9";" 0.00";"   -5.930";"violação";" 1.488558e-02"
"  0";"   9";" 0.00";"   -5.930";"sâmia";" 1.488558e-02"
"  0";"   9";" 0.00";"   -5.930";"repudiar";" 1.488558e-02"
"  0";"   9";" 0.00";"   -5.930";"recompensar";" 1.488558e-02"
"  0";"   9";" 0.00";"   -5.930";"pimenta";" 1.488558e-02"
"  0";"   9";" 0.00";"   -5.930";"ousado";" 1.488558e-02"
"  0";"   9";" 0.00";"   -5.930";"obediente";" 1.488558e-02"
"  0";"   9";" 0.00";"   -5.930";"mentor";" 1.488558e-02"
"  0";"   9";" 0.00";"   -5.930";"luci";" 1.488558e-02"
"  0";"   9";" 0.00";"   -5.930";"laboratório";" 1.488558e-02"
"  0";"   9";" 0.00";"   -5.930";"corresponder";" 1.488558e-02"
"  0";"   9";" 0.00";"   -5.930";"batismo";" 1.488558e-02"
"  0";"   9";" 0.00";"   -5.930";"ímpio";" 1.488558e-02"
"  0";"   9";" 0.00";"   -5.930";"teams";" 1.488558e-02"
"  0";"   9";" 0.00";"   -5.930";"revestir";" 1.488558e-02"
"  0";"   9";" 0.00";"   -5.930";"repú";" 1.488558e-02"
"  0";"   9";" 0.00";"   -5.930";"patrimonial";" 1.488558e-02"
"  0";"   9";" 0.00";"   -5.930";"parcialidade";" 1.488558e-02"
"  0";"   9";" 0.00";"   -5.930";"nieto";" 1.488558e-02"
"  0";"   9";" 0.00";"   -5.930";"ner";" 1.488558e-02"
"  0";"   9";" 0.00";"   -5.930";"maldição";" 1.488558e-02"
"  0";"   9";" 0.00";"   -5.930";"majestade";" 1.488558e-02"
"  0";"   9";" 0.00";"   -5.930";"kisai";" 1.488558e-02"
"  0";"   9";" 0.00";"   -5.930";"jorginho";" 1.488558e-02"
"  0";"   9";" 0.00";"   -5.930";"ismael";" 1.488558e-02"
"  0";"   9";" 0.00";"   -5.930";"inconstitucional";" 1.488558e-02"
"  0";"   9";" 0.00";"   -5.930";"grandioso";" 1.488558e-02"
"  0";"   9";" 0.00";"   -5.930";"gilberto";" 1.488558e-02"
"  0";"   9";" 0.00";"   -5.930";"firmar";" 1.488558e-02"
"  0";"   9";" 0.00";"   -5.930";"favoravelmente";" 1.488558e-02"
"  0";"   9";" 0.00";"   -5.930";"estatuto";" 1.488558e-02"
"  0";"   9";" 0.00";"   -5.930";"equidade";" 1.488558e-02"
"  0";"   9";" 0.00";"   -5.930";"enfrentamento";" 1.488558e-02"
"  0";"   9";" 0.00";"   -5.930";"elaboração";" 1.488558e-02"
"  0";"   9";" 0.00";"   -5.930";"déficit";" 1.488558e-02"
"  0";"   9";" 0.00";"   -5.930";"confissão";" 1.488558e-02"
"  0";"   9";" 0.00";"   -5.930";"configurar";" 1.488558e-02"
"  0";"   9";" 0.00";"   -5.930";"cabral";" 1.488558e-02"
"  0";"   9";" 0.00";"   -5.930";"aprovado";" 1.488558e-02"
"  0";"   9";" 0.00";"   -5.930";"apreciação";" 1.488558e-02"
"  0";"   9";" 0.00";"   -5.930";"apelar";" 1.488558e-02"
"  0";"   9";" 0.00";"   -5.930";"am";" 1.488558e-02"
" 34";" 118";"28.81";"   -5.880";"fogo";" 1.531632e-02"
"  6";"  32";"18.75";"   -5.880";"redução";" 1.531817e-02"
"  6";"  32";"18.75";"   -5.880";"sen";" 1.531817e-02"
"  9";"  42";"21.43";"   -5.873";"ciência";" 1.537589e-02"
" 15";"  61";"24.59";"   -5.839";"atividade";" 1.567506e-02"
" 10";"  45";"22.22";"   -5.759";"separar";" 1.640834e-02"
" 10";"  45";"22.22";"   -5.759";"prender";" 1.640834e-02"
" 25";"  91";"27.47";"   -5.713";"batalha";" 1.684043e-02"
" 25";"  91";"27.47";"   -5.713";"vista";" 1.684043e-02"
"  7";"  35";"20.00";"   -5.687";"violento";" 1.708876e-02"
"  3";"  21";"14.29";"   -5.675";"aécio";" 1.721244e-02"
"  3";"  21";"14.29";"   -5.675";"home";" 1.721244e-02"
"  3";"  21";"14.29";"   -5.675";"mecanismo";" 1.721244e-02"
"  3";"  21";"14.29";"   -5.675";"jato";" 1.721244e-02"
"  3";"  21";"14.29";"   -5.675";"basear";" 1.721244e-02"
"  3";"  21";"14.29";"   -5.675";"curioso";" 1.721244e-02"
" 11";"  48";"22.92";"   -5.665";"promover";" 1.730662e-02"
"  5";"  28";"17.86";"   -5.591";"refletir";" 1.804989e-02"
" 34";" 117";"29.06";"   -5.569";"proteger";" 1.828001e-02"
"  1";"  13";" 7.69";"   -5.569";"criminal";" 1.827789e-02"
"  1";"  13";" 7.69";"   -5.569";"psb";" 1.827789e-02"
"  1";"  13";" 7.69";"   -5.569";"suspender";" 1.827789e-02"
"  1";"  13";" 7.69";"   -5.569";"gt";" 1.827789e-02"
"  1";"  13";" 7.69";"   -5.569";"bilionário";" 1.827789e-02"
"  1";"  13";" 7.69";"   -5.569";"jacó";" 1.827789e-02"
"  1";"  13";" 7.69";"   -5.569";"financiador";" 1.827789e-02"
"  1";"  13";" 7.69";"   -5.569";"comitê";" 1.827789e-02"
"  1";"  13";" 7.69";"   -5.569";"pisar";" 1.827789e-02"
"  1";"  13";" 7.69";"   -5.569";"oton";" 1.827789e-02"
"  1";"  13";" 7.69";"   -5.569";"desvio";" 1.827789e-02"
"  1";"  13";" 7.69";"   -5.569";"competente";" 1.827789e-02"
"  1";"  13";" 7.69";"   -5.569";"modificação";" 1.827789e-02"
"  1";"  13";" 7.69";"   -5.569";"manifestante";" 1.827789e-02"
"  1";"  13";" 7.69";"   -5.569";"inelegível";" 1.827789e-02"
"  1";"  13";" 7.69";"   -5.569";"fidelidade";" 1.827789e-02"
"  1";"  13";" 7.69";"   -5.569";"envergonhado";" 1.827789e-02"
"  1";"  13";" 7.69";"   -5.569";"embaixador";" 1.827789e-02"
"  1";"  13";" 7.69";"   -5.569";"docente";" 1.827789e-02"
"  2";"  17";"11.76";"   -5.549";"pix";" 1.849134e-02"
"  2";"  17";"11.76";"   -5.549";"pacheco";" 1.849134e-02"
"  2";"  17";"11.76";"   -5.549";"tribo";" 1.849134e-02"
"  2";"  17";"11.76";"   -5.549";"funcional";" 1.849134e-02"
"  2";"  17";"11.76";"   -5.549";"assassinato";" 1.849134e-02"
"  2";"  17";"11.76";"   -5.549";"ressaltar";" 1.849134e-02"
"  2";"  17";"11.76";"   -5.549";"luís";" 1.849134e-02"
"  2";"  17";"11.76";"   -5.549";"frustrado";" 1.849134e-02"
"  2";"  17";"11.76";"   -5.549";"existente";" 1.849134e-02"
"  2";"  17";"11.76";"   -5.549";"evidente";" 1.849134e-02"
"  2";"  17";"11.76";"   -5.549";"suposto";" 1.849134e-02"
"  2";"  17";"11.76";"   -5.549";"hugo";" 1.849134e-02"
"  8";"  38";"21.05";"   -5.533";"destinar";" 1.865625e-02"
"  8";"  38";"21.05";"   -5.533";"bíblico";" 1.865625e-02"
" 13";"  54";"24.07";"   -5.526";"direto";" 1.873317e-02"
" 15";"  60";"25.00";"   -5.436";"sonho";" 1.972703e-02"
" 46";" 151";"30.46";"   -5.425";"participar";" 1.984967e-02"
"  9";"  41";"21.95";"   -5.410";"retomar";" 2.002503e-02"
" 17";"  66";"25.76";"   -5.381";"reunir";" 2.036028e-02"
" 18";"  69";"26.09";"   -5.363";"tristeza";" 2.056251e-02"
" 20";"  75";"26.67";"   -5.346";"banco";" 2.077507e-02"
" 22";"  81";"27.16";"   -5.346";"ncolas";" 2.077444e-02"
" 56";" 179";"31.28";"   -5.345";"escrever";" 2.077828e-02"
"  4";"  24";"16.67";"   -5.328";"pf";" 2.098448e-02"
"  4";"  24";"16.67";"   -5.328";"tragédia";" 2.098448e-02"
"  4";"  24";"16.67";"   -5.328";"fiscal";" 2.098448e-02"
"  4";"  24";"16.67";"   -5.328";"ceder";" 2.098448e-02"
"  4";"  24";"16.67";"   -5.328";"cassação";" 2.098448e-02"
"  4";"  24";"16.67";"   -5.328";"facção";" 2.098448e-02"
"125";" 369";"33.88";"   -5.326";"votar";" 2.101477e-02"
"  0";"   8";" 0.00";"   -5.271";"transfobia";" 2.168524e-02"
"  0";"   8";" 0.00";"   -5.271";"lázaro";" 2.168524e-02"
"  0";"   8";" 0.00";"   -5.271";"restaurado";" 2.168524e-02"
"  0";"   8";" 0.00";"   -5.271";"milícia";" 2.168524e-02"
"  0";"   8";" 0.00";"   -5.271";"gló";" 2.168524e-02"
"  0";"   8";" 0.00";"   -5.271";"empate";" 2.168524e-02"
"  0";"   8";" 0.00";"   -5.271";"amoroso";" 2.168524e-02"
"  0";"   8";" 0.00";"   -5.271";"socorrer";" 2.168524e-02"
"  0";"   8";" 0.00";"   -5.271";"barrar";" 2.168524e-02"
"  0";"   8";" 0.00";"   -5.271";"sentença";" 2.168524e-02"
"  0";"   8";" 0.00";"   -5.271";"saudação";" 2.168524e-02"
"  0";"   8";" 0.00";"   -5.271";"redenção";" 2.168524e-02"
"  0";"   8";" 0.00";"   -5.271";"interferência";" 2.168524e-02"
"  0";"   8";" 0.00";"   -5.271";"gomorra";" 2.168524e-02"
"  0";"   8";" 0.00";"   -5.271";"extinto";" 2.168524e-02"
"  0";"   8";" 0.00";"   -5.271";"exaurir";" 2.168524e-02"
"  0";"   8";" 0.00";"   -5.271";"estímulo";" 2.168524e-02"
"  0";"   8";" 0.00";"   -5.271";"despertamento";" 2.168524e-02"
"  0";"   8";" 0.00";"   -5.271";"colaboração";" 2.168524e-02"
"  0";"   8";" 0.00";"   -5.271";"cicatriz";" 2.168524e-02"
"  0";"   8";" 0.00";"   -5.271";"zuir";" 2.168524e-02"
"  0";"   8";" 0.00";"   -5.271";"volume";" 2.168524e-02"
"  0";"   8";" 0.00";"   -5.271";"vitorioso";" 2.168524e-02"
"  0";"   8";" 0.00";"   -5.271";"vandalismo";" 2.168524e-02"
"  0";"   8";" 0.00";"   -5.271";"sancionar";" 2.168524e-02"
"  0";"   8";" 0.00";"   -5.271";"salaber";" 2.168524e-02"
"  0";"   8";" 0.00";"   -5.271";"rombo";" 2.168524e-02"
"  0";"   8";" 0.00";"   -5.271";"restrito";" 2.168524e-02"
"  0";"   8";" 0.00";"   -5.271";"reimond";" 2.168524e-02"
"  0";"   8";" 0.00";"   -5.271";"purificação";" 2.168524e-02"
"  0";"   8";" 0.00";"   -5.271";"plenamente";" 2.168524e-02"
"  0";"   8";" 0.00";"   -5.271";"matricular";" 2.168524e-02"
"  0";"   8";" 0.00";"   -5.271";"luí";" 2.168524e-02"
"  0";"   8";" 0.00";"   -5.271";"latrocínio";" 2.168524e-02"
"  0";"   8";" 0.00";"   -5.271";"jairo";" 2.168524e-02"
"  0";"   8";" 0.00";"   -5.271";"inserir";" 2.168524e-02"
"  0";"   8";" 0.00";"   -5.271";"indeferir";" 2.168524e-02"
"  0";"   8";" 0.00";"   -5.271";"inabalável";" 2.168524e-02"
"  0";"   8";" 0.00";"   -5.271";"especializado";" 2.168524e-02"
"  0";"   8";" 0.00";"   -5.271";"emendar";" 2.168524e-02"
"  0";"   8";" 0.00";"   -5.271";"edésio";" 2.168524e-02"
"  0";"   8";" 0.00";"   -5.271";"dobrado";" 2.168524e-02"
"  0";"   8";" 0.00";"   -5.271";"distrair";" 2.168524e-02"
"  0";"   8";" 0.00";"   -5.271";"dis";" 2.168524e-02"
"  0";"   8";" 0.00";"   -5.271";"devidamente";" 2.168524e-02"
"  0";"   8";" 0.00";"   -5.271";"despedir";" 2.168524e-02"
"  0";"   8";" 0.00";"   -5.271";"dep";" 2.168524e-02"
"  0";"   8";" 0.00";"   -5.271";"coordenar";" 2.168524e-02"
"  0";"   8";" 0.00";"   -5.271";"confuso";" 2.168524e-02"
"  0";"   8";" 0.00";"   -5.271";"aventurar";" 2.168524e-02"
"  0";"   8";" 0.00";"   -5.271";"aposentadoria";" 2.168524e-02"
"  0";"   8";" 0.00";"   -5.271";"acumular";" 2.168524e-02"
"  0";"   8";" 0.00";"   -5.271";"acolhimento";" 2.168524e-02"
" 33";" 113";"29.20";"   -5.234";"aberto";" 2.215344e-02"
" 11";"  47";"23.40";"   -5.229";"estender";" 2.220891e-02"
" 11";"  47";"23.40";"   -5.229";"braço";" 2.220891e-02"
"  7";"  34";"20.59";"   -5.200";"exigir";" 2.259096e-02"
"  7";"  34";"20.59";"   -5.200";"al";" 2.259096e-02"
" 13";"  53";"24.53";"   -5.113";"proteção";" 2.374513e-02"
"  3";"  20";"15.00";"   -5.105";"pesar";" 2.386033e-02"
"  3";"  20";"15.00";"   -5.105";"relevância";" 2.386033e-02"
"  3";"  20";"15.00";"   -5.105";"mandamento";" 2.386033e-02"
"  3";"  20";"15.00";"   -5.105";"dr";" 2.386033e-02"
"  3";"  20";"15.00";"   -5.105";"cidadania";" 2.386033e-02"
"  3";"  20";"15.00";"   -5.105";"norma";" 2.386033e-02"
"  3";"  20";"15.00";"   -5.105";"prosperar";" 2.386033e-02"
"  3";"  20";"15.00";"   -5.105";"guerreiro";" 2.386033e-02"
"  3";"  20";"15.00";"   -5.105";"frequentar";" 2.386033e-02"
"  3";"  20";"15.00";"   -5.105";"financiamento";" 2.386033e-02"
"  5";"  27";"18.52";"   -5.070";"homicídio";" 2.434350e-02"
"  5";"  27";"18.52";"   -5.070";"essencial";" 2.434350e-02"
"  8";"  37";"21.62";"   -5.064";"financiar";" 2.442753e-02"
"  8";"  37";"21.62";"   -5.064";"diretamente";" 2.442753e-02"
" 16";"  62";"25.81";"   -5.018";"corte";" 2.507827e-02"
" 34";" 115";"29.57";"   -4.966";"morto";" 2.584553e-02"
"  2";"  16";"12.50";"   -4.951";"pdt";" 2.607311e-02"
"  2";"  16";"12.50";"   -4.951";"obstrução";" 2.607311e-02"
"  2";"  16";"12.50";"   -4.951";"júlio";" 2.607311e-02"
"  2";"  16";"12.50";"   -4.951";"recompensa";" 2.607311e-02"
"  2";"  16";"12.50";"   -4.951";"cooperar";" 2.607311e-02"
"  2";"  16";"12.50";"   -4.951";"proceder";" 2.607311e-02"
"  2";"  16";"12.50";"   -4.951";"intenso";" 2.607311e-02"
"  2";"  16";"12.50";"   -4.951";"integridade";" 2.607311e-02"
"  2";"  16";"12.50";"   -4.951";"humildade";" 2.607311e-02"
"  2";"  16";"12.50";"   -4.951";"frequência";" 2.607311e-02"
"  2";"  16";"12.50";"   -4.951";"cessar";" 2.607311e-02"
"  2";"  16";"12.50";"   -4.951";"retiro";" 2.607311e-02"
"  2";"  16";"12.50";"   -4.951";"mauro";" 2.607311e-02"
"  2";"  16";"12.50";"   -4.951";"maré";" 2.607311e-02"
"  1";"  12";" 8.33";"   -4.937";"vieira";" 2.628887e-02"
"  1";"  12";" 8.33";"   -4.937";"fundação";" 2.628887e-02"
"  1";"  12";" 8.33";"   -4.937";"piedade";" 2.628887e-02"
"  1";"  12";" 8.33";"   -4.937";"discordância";" 2.628887e-02"
"  1";"  12";" 8.33";"   -4.937";"conferir";" 2.628887e-02"
"  1";"  12";" 8.33";"   -4.937";"celeiro";" 2.628887e-02"
"  1";"  12";" 8.33";"   -4.937";"suspeito";" 2.628887e-02"
"  1";"  12";" 8.33";"   -4.937";"monitorar";" 2.628887e-02"
"  1";"  12";" 8.33";"   -4.937";"monitoramento";" 2.628887e-02"
"  1";"  12";" 8.33";"   -4.937";"meritório";" 2.628887e-02"
"  1";"  12";" 8.33";"   -4.937";"emergencial";" 2.628887e-02"
"  1";"  12";" 8.33";"   -4.937";"assinatura";" 2.628887e-02"
"  1";"  12";" 8.33";"   -4.937";"acercar";" 2.628887e-02"
"  1";"  12";" 8.33";"   -4.937";"formal";" 2.628887e-02"
"  1";"  12";" 8.33";"   -4.937";"consolar";" 2.628887e-02"
" 46";" 149";"30.87";"   -4.890";"porta";" 2.701568e-02"
"  6";"  30";"20.00";"   -4.874";"prêmio";" 2.726747e-02"
"  6";"  30";"20.00";"   -4.874";"despertar";" 2.726747e-02"
"  6";"  30";"20.00";"   -4.874";"trajetória";" 2.726747e-02"
" 10";"  43";"23.26";"   -4.871";"infância";" 2.731141e-02"
" 50";" 160";"31.25";"   -4.814";"alma";" 2.823092e-02"
"  4";"  23";"17.39";"   -4.790";"figueira";" 2.862885e-02"
"  4";"  23";"17.39";"   -4.790";"natureza";" 2.862885e-02"
"  4";"  23";"17.39";"   -4.790";"evangelista";" 2.862885e-02"
"  4";"  23";"17.39";"   -4.790";"infra-estrutura";" 2.862885e-02"
" 77";" 235";"32.77";"   -4.778";"tratar";" 2.882617e-02"
" 27";"  94";"28.72";"   -4.757";"milhar";" 2.917817e-02"
" 12";"  49";"24.49";"   -4.751";"face";" 2.928975e-02"
"  7";"  33";"21.21";"   -4.723";"tse";" 2.976845e-02"
"  7";"  33";"21.21";"   -4.723";"aguardar";" 2.976845e-02"
"  7";"  33";"21.21";"   -4.723";"consideração";" 2.976845e-02"
"  7";"  33";"21.21";"   -4.723";"apelo";" 2.976845e-02"
" 25";"  88";"28.41";"   -4.711";"instituição";" 2.997453e-02"
" 13";"  52";"25.00";"   -4.710";"recentemente";" 2.999477e-02"
" 52";" 165";"31.52";"   -4.659";"ok";" 3.089165e-02"
" 16";"  61";"26.23";"   -4.641";"impacto";" 3.120890e-02"
" 18";"  67";"26.87";"   -4.629";"avaliar";" 3.143086e-02"
"  0";"   7";" 0.00";"   -4.612";"auto";" 3.175229e-02"
"  0";"   7";" 0.00";"   -4.612";"fornalha";" 3.175229e-02"
"  0";"   7";" 0.00";"   -4.612";"ramaz";" 3.175229e-02"
"  0";"   7";" 0.00";"   -4.612";"obstruir";" 3.175229e-02"
"  0";"   7";" 0.00";"   -4.612";"diagnóstico";" 3.175229e-02"
"  0";"   7";" 0.00";"   -4.612";"competição";" 3.175229e-02"
"  0";"   7";" 0.00";"   -4.612";"valioso";" 3.175229e-02"
"  0";"   7";" 0.00";"   -4.612";"terror";" 3.175229e-02"
"  0";"   7";" 0.00";"   -4.612";"miona";" 3.175229e-02"
"  0";"   7";" 0.00";"   -4.612";"híbrido";" 3.175229e-02"
"  0";"   7";" 0.00";"   -4.612";"cláudio";" 3.175229e-02"
"  0";"   7";" 0.00";"   -4.612";"videira";" 3.175229e-02"
"  0";"   7";" 0.00";"   -4.612";"vero";" 3.175229e-02"
"  0";"   7";" 0.00";"   -4.612";"soltura";" 3.175229e-02"
"  0";"   7";" 0.00";"   -4.612";"sodoma";" 3.175229e-02"
"  0";"   7";" 0.00";"   -4.612";"repartir";" 3.175229e-02"
"  0";"   7";" 0.00";"   -4.612";"recepcionar";" 3.175229e-02"
"  0";"   7";" 0.00";"   -4.612";"rebanho";" 3.175229e-02"
"  0";"   7";" 0.00";"   -4.612";"pres";" 3.175229e-02"
"  0";"   7";" 0.00";"   -4.612";"penar";" 3.175229e-02"
"  0";"   7";" 0.00";"   -4.612";"literacia";" 3.175229e-02"
"  0";"   7";" 0.00";"   -4.612";"ld";" 3.175229e-02"
"  0";"   7";" 0.00";"   -4.612";"iof";" 3.175229e-02"
"  0";"   7";" 0.00";"   -4.612";"forjar";" 3.175229e-02"
"  0";"   7";" 0.00";"   -4.612";"fluência";" 3.175229e-02"
"  0";"   7";" 0.00";"   -4.612";"especificar";" 3.175229e-02"
"  0";"   7";" 0.00";"   -4.612";"consolo";" 3.175229e-02"
"  0";"   7";" 0.00";"   -4.612";"colaborar";" 3.175229e-02"
"  0";"   7";" 0.00";"   -4.612";"ênfase";" 3.175229e-02"
"  0";"   7";" 0.00";"   -4.612";"vândalo";" 3.175229e-02"
"  0";"   7";" 0.00";"   -4.612";"trágico";" 3.175229e-02"
"  0";"   7";" 0.00";"   -4.612";"tropeçar";" 3.175229e-02"
"  0";"   7";" 0.00";"   -4.612";"tradução";" 3.175229e-02"
"  0";"   7";" 0.00";"   -4.612";"solidarizar";" 3.175229e-02"
"  0";"   7";" 0.00";"   -4.612";"segar";" 3.175229e-02"
"  0";"   7";" 0.00";"   -4.612";"samuel";" 3.175229e-02"
"  0";"   7";" 0.00";"   -4.612";"salmista";" 3.175229e-02"
"  0";"   7";" 0.00";"   -4.612";"regulatório";" 3.175229e-02"
"  0";"   7";" 0.00";"   -4.612";"reginaldo";" 3.175229e-02"
"  0";"   7";" 0.00";"   -4.612";"refrescar";" 3.175229e-02"
"  0";"   7";" 0.00";"   -4.612";"proponente";" 3.175229e-02"
"  0";"   7";" 0.00";"   -4.612";"problemático";" 3.175229e-02"
"  0";"   7";" 0.00";"   -4.612";"pontualmente";" 3.175229e-02"
"  0";"   7";" 0.00";"   -4.612";"ponderar";" 3.175229e-02"
"  0";"   7";" 0.00";"   -4.612";"pluralidade";" 3.175229e-02"
"  0";"   7";" 0.00";"   -4.612";"oliveira";" 3.175229e-02"
"  0";"   7";" 0.00";"   -4.612";"normativo";" 3.175229e-02"
"  0";"   7";" 0.00";"   -4.612";"massacre";" 3.175229e-02"
"  0";"   7";" 0.00";"   -4.612";"maia";" 3.175229e-02"
"  0";"   7";" 0.00";"   -4.612";"isaque";" 3.175229e-02"
"  0";"   7";" 0.00";"   -4.612";"intimidar";" 3.175229e-02"
"  0";"   7";" 0.00";"   -4.612";"intercedemos";" 3.175229e-02"
"  0";"   7";" 0.00";"   -4.612";"inicialmente";" 3.175229e-02"
"  0";"   7";" 0.00";"   -4.612";"infoleg";" 3.175229e-02"
"  0";"   7";" 0.00";"   -4.612";"inep";" 3.175229e-02"
"  0";"   7";" 0.00";"   -4.612";"indígena";" 3.175229e-02"
"  0";"   7";" 0.00";"   -4.612";"indevidamente";" 3.175229e-02"
"  0";"   7";" 0.00";"   -4.612";"imparcialidade";" 3.175229e-02"
"  0";"   7";" 0.00";"   -4.612";"idilvan";" 3.175229e-02"
"  0";"   7";" 0.00";"   -4.612";"holanda";" 3.175229e-02"
"  0";"   7";" 0.00";"   -4.612";"fecho";" 3.175229e-02"
"  0";"   7";" 0.00";"   -4.612";"estrutural";" 3.175229e-02"
"  0";"   7";" 0.00";"   -4.612";"eficiência";" 3.175229e-02"
"  0";"   7";" 0.00";"   -4.612";"educativo";" 3.175229e-02"
"  0";"   7";" 0.00";"   -4.612";"duec";" 3.175229e-02"
"  0";"   7";" 0.00";"   -4.612";"discernimento";" 3.175229e-02"
"  0";"   7";" 0.00";"   -4.612";"desconsiderar";" 3.175229e-02"
"  0";"   7";" 0.00";"   -4.612";"denominação";" 3.175229e-02"
"  0";"   7";" 0.00";"   -4.612";"deliberação";" 3.175229e-02"
"  0";"   7";" 0.00";"   -4.612";"cântico";" 3.175229e-02"
"  0";"   7";" 0.00";"   -4.612";"contínuo";" 3.175229e-02"
"  0";"   7";" 0.00";"   -4.612";"contundente";" 3.175229e-02"
"  0";"   7";" 0.00";"   -4.612";"consultoria";" 3.175229e-02"
"  0";"   7";" 0.00";"   -4.612";"congregar";" 3.175229e-02"
"  0";"   7";" 0.00";"   -4.612";"calote";" 3.175229e-02"
"  0";"   7";" 0.00";"   -4.612";"buscativa";" 3.175229e-02"
"  0";"   7";" 0.00";"   -4.612";"bandidagem";" 3.175229e-02"
"  0";"   7";" 0.00";"   -4.612";"atribuição";" 3.175229e-02"
"  0";"   7";" 0.00";"   -4.612";"asa";" 3.175229e-02"
"  0";"   7";" 0.00";"   -4.612";"angustiado";" 3.175229e-02"
"  0";"   7";" 0.00";"   -4.612";"alívio";" 3.175229e-02"
"  0";"   7";" 0.00";"   -4.612";"alkem";" 3.175229e-02"
"  0";"   7";" 0.00";"   -4.612";"8it";" 3.175229e-02"
"175";" 499";"35.07";"   -4.578";"continuar";" 3.237687e-02"
"  5";"  26";"19.23";"   -4.559";"casado";" 3.273931e-02"
"  5";"  26";"19.23";"   -4.559";"ministração";" 3.273931e-02"
"  5";"  26";"19.23";"   -4.559";"paula";" 3.273931e-02"
"  3";"  19";"15.79";"   -4.544";"transformado";" 3.302649e-02"
"  3";"  19";"15.79";"   -4.544";"iso";" 3.302649e-02"
"  9";"  39";"23.08";"   -4.514";"alimentação";" 3.362324e-02"
"  9";"  39";"23.08";"   -4.514";"lamentar";" 3.362324e-02"
" 10";"  42";"23.81";"   -4.443";"aproximar";" 3.505008e-02"
" 10";"  42";"23.81";"   -4.443";"gestão";" 3.505008e-02"
" 10";"  42";"23.81";"   -4.443";"silva";" 3.505008e-02"
" 41";" 133";"30.83";"   -4.407";"nícolas";" 3.579462e-02"
"  6";"  29";"20.69";"   -4.387";"inscrição";" 3.620920e-02"
"  6";"  29";"20.69";"   -4.387";"científico";" 3.620920e-02"
" 24";"  84";"28.57";"   -4.368";"assunto";" 3.662718e-02"
"  2";"  15";"13.33";"   -4.362";"lobby";" 3.675821e-02"
"  2";"  15";"13.33";"   -4.362";"levantamento";" 3.675821e-02"
"  2";"  15";"13.33";"   -4.362";"legítimo";" 3.675821e-02"
"  2";"  15";"13.33";"   -4.362";"sonhar";" 3.675821e-02"
"  2";"  15";"13.33";"   -4.362";"acatar";" 3.675821e-02"
"  2";"  15";"13.33";"   -4.362";"visível";" 3.675821e-02"
"  2";"  15";"13.33";"   -4.362";"sequestrar";" 3.675821e-02"
"  2";"  15";"13.33";"   -4.362";"sensibilidade";" 3.675821e-02"
"  2";"  15";"13.33";"   -4.362";"habacuque";" 3.675821e-02"
"  2";"  15";"13.33";"   -4.362";"divino";" 3.675821e-02"
"  2";"  15";"13.33";"   -4.362";"íntimo";" 3.675821e-02"
"  2";"  15";"13.33";"   -4.362";"violão";" 3.675821e-02"
"  2";"  15";"13.33";"   -4.362";"prosperidade";" 3.675821e-02"
"  2";"  15";"13.33";"   -4.362";"permissão";" 3.675821e-02"
"  2";"  15";"13.33";"   -4.362";"mota";" 3.675821e-02"
"  2";"  15";"13.33";"   -4.362";"proposto";" 3.675821e-02"
"  2";"  15";"13.33";"   -4.362";"depredar";" 3.675821e-02"
"  2";"  15";"13.33";"   -4.362";"aprofundar";" 3.675821e-02"
" 13";"  51";"25.49";"   -4.316";"data";" 3.775274e-02"
"  1";"  11";" 9.09";"   -4.309";"competir";" 3.790144e-02"
"  1";"  11";" 9.09";"   -4.309";"regimentalmente";" 3.790144e-02"
"  1";"  11";" 9.09";"   -4.309";"reconstrução";" 3.790144e-02"
"  1";"  11";" 9.09";"   -4.309";"menção";" 3.790144e-02"
"  1";"  11";" 9.09";"   -4.309";"fortalecimento";" 3.790144e-02"
"  1";"  11";" 9.09";"   -4.309";"brilhante";" 3.790144e-02"
"  1";"  11";" 9.09";"   -4.309";"tiago";" 3.790144e-02"
"  1";"  11";" 9.09";"   -4.309";"relembrar";" 3.790144e-02"
"  1";"  11";" 9.09";"   -4.309";"nuvem";" 3.790144e-02"
"  1";"  11";" 9.09";"   -4.309";"menosprezar";" 3.790144e-02"
"  1";"  11";" 9.09";"   -4.309";"manutenção";" 3.790144e-02"
"  1";"  11";" 9.09";"   -4.309";"imunidade";" 3.790144e-02"
"  1";"  11";" 9.09";"   -4.309";"devoção";" 3.790144e-02"
"  1";"  11";" 9.09";"   -4.309";"consenso";" 3.790144e-02"
"  1";"  11";" 9.09";"   -4.309";"ajoelhar";" 3.790144e-02"
"  1";"  11";" 9.09";"   -4.309";"significado";" 3.790144e-02"
"  1";"  11";" 9.09";"   -4.309";"profetizo";" 3.790144e-02"
"  1";"  11";" 9.09";"   -4.309";"pontuar";" 3.790144e-02"
"  1";"  11";" 9.09";"   -4.309";"liberto";" 3.790144e-02"
"  1";"  11";" 9.09";"   -4.309";"liberação";" 3.790144e-02"
"  1";"  11";" 9.09";"   -4.309";"lança";" 3.790144e-02"
"  1";"  11";" 9.09";"   -4.309";"historicamente";" 3.790144e-02"
"  1";"  11";" 9.09";"   -4.309";"glorioso";" 3.790144e-02"
"  1";"  11";" 9.09";"   -4.309";"exclusão";" 3.790144e-02"
"  1";"  11";" 9.09";"   -4.309";"elevado";" 3.790144e-02"
"  1";"  11";" 9.09";"   -4.309";"cofre";" 3.790144e-02"
"  1";"  11";" 9.09";"   -4.309";"amazona";" 3.790144e-02"
" 14";"  54";"25.93";"   -4.295";"nota";" 3.823020e-02"
" 14";"  54";"25.93";"   -4.295";"prioridade";" 3.823020e-02"
"  4";"  22";"18.18";"   -4.263";"melhoria";" 3.896101e-02"
"  4";"  22";"18.18";"   -4.263";"cobrir";" 3.896101e-02"
"  4";"  22";"18.18";"   -4.263";"vergonhoso";" 3.896101e-02"
"  4";"  22";"18.18";"   -4.263";"adversário";" 3.896101e-02"
"  7";"  32";"21.88";"   -4.257";"legislação";" 3.908897e-02"
" 25";"  86";"29.07";"   -4.081";"cheio";" 4.337293e-02"
"  5";"  25";"20.00";"   -4.061";"rodrigo";" 4.389279e-02"
" 10";"  41";"24.39";"   -4.026";"dialogar";" 4.480975e-02"
" 22";"  77";"28.57";"   -4.003";"foco";" 4.543108e-02"
"  3";"  18";"16.67";"   -3.995";"agredir";" 4.563277e-02"
"  3";"  18";"16.67";"   -3.995";"repetição";" 4.563277e-02"
"  3";"  18";"16.67";"   -3.995";"existência";" 4.563277e-02"
"  3";"  18";"16.67";"   -3.995";"resistir";" 4.563277e-02"
"  3";"  18";"16.67";"   -3.995";"pel";" 4.563277e-02"
"  3";"  18";"16.67";"   -3.995";"sábio";" 4.563277e-02"
"  3";"  18";"16.67";"   -3.995";"reverter";" 4.563277e-02"
" 31";" 103";"30.10";"   -3.992";"experiência";" 4.571725e-02"
" 57";" 176";"32.39";"   -3.971";"polícia";" 4.629477e-02"
" 57";" 176";"32.39";"   -3.971";"entregar";" 4.629477e-02"
"  0";"   6";" 0.00";"   -3.953";"su";" 4.679258e-02"
"  0";"   6";" 0.00";"   -3.953";"quintil";" 4.679258e-02"
"  0";"   6";" 0.00";"   -3.953";"levantado";" 4.679258e-02"
"  0";"   6";" 0.00";"   -3.953";"jamila";" 4.679258e-02"
"  0";"   6";" 0.00";"   -3.953";"indagação";" 4.679258e-02"
"  0";"   6";" 0.00";"   -3.953";"faraó";" 4.679258e-02"
"  0";"   6";" 0.00";"   -3.953";"equivalente";" 4.679258e-02"
"  0";"   6";" 0.00";"   -3.953";"emergência";" 4.679258e-02"
"  0";"   6";" 0.00";"   -3.953";"cotidiano";" 4.679258e-02"
"  0";"   6";" 0.00";"   -3.953";"clesão";" 4.679258e-02"
"  0";"   6";" 0.00";"   -3.953";"arder";" 4.679258e-02"
"  0";"   6";" 0.00";"   -3.953";"álvaro";" 4.679258e-02"
"  0";"   6";" 0.00";"   -3.953";"varanda";" 4.679258e-02"
"  0";"   6";" 0.00";"   -3.953";"sermão";" 4.679258e-02"
"  0";"   6";" 0.00";"   -3.953";"rol";" 4.679258e-02"
"  0";"   6";" 0.00";"   -3.953";"remanescente";" 4.679258e-02"
"  0";"   6";" 0.00";"   -3.953";"mardoqueu";" 4.679258e-02"
"  0";"   6";" 0.00";"   -3.953";"intermédio";" 4.679258e-02"
"  0";"   6";" 0.00";"   -3.953";"instruir";" 4.679258e-02"
"  0";"   6";" 0.00";"   -3.953";"executor";" 4.679258e-02"
"  0";"   6";" 0.00";"   -3.953";"distraído";" 4.679258e-02"
"  0";"   6";" 0.00";"   -3.953";"cris";" 4.679258e-02"
"  0";"   6";" 0.00";"   -3.953";"constranger";" 4.679258e-02"
"  0";"   6";" 0.00";"   -3.953";"avivar";" 4.679258e-02"
"  0";"   6";" 0.00";"   -3.953";"anual";" 4.679258e-02"
"  0";"   6";" 0.00";"   -3.953";"alfabetizar";" 4.679258e-02"
"  0";"   6";" 0.00";"   -3.953";"violar";" 4.679258e-02"
"  0";"   6";" 0.00";"   -3.953";"veste";" 4.679258e-02"
"  0";"   6";" 0.00";"   -3.953";"trilhar";" 4.679258e-02"
"  0";"   6";" 0.00";"   -3.953";"trauma";" 4.679258e-02"
"  0";"   6";" 0.00";"   -3.953";"transportar";" 4.679258e-02"
"  0";"   6";" 0.00";"   -3.953";"transformador";" 4.679258e-02"
"  0";"   6";" 0.00";"   -3.953";"temporal";" 4.679258e-02"
"  0";"   6";" 0.00";"   -3.953";"separação";" 4.679258e-02"
"  0";"   6";" 0.00";"   -3.953";"semestre";" 4.679258e-02"
"  0";"   6";" 0.00";"   -3.953";"sebastião";" 4.679258e-02"
"  0";"   6";" 0.00";"   -3.953";"roubado";" 4.679258e-02"
"  0";"   6";" 0.00";"   -3.953";"revogação";" 4.679258e-02"
"  0";"   6";" 0.00";"   -3.953";"respectivo";" 4.679258e-02"
"  0";"   6";" 0.00";"   -3.953";"reforço";" 4.679258e-02"
"  0";"   6";" 0.00";"   -3.953";"reestruturação";" 4.679258e-02"
"  0";"   6";" 0.00";"   -3.953";"qualitativo";" 4.679258e-02"
"  0";"   6";" 0.00";"   -3.953";"quai";" 4.679258e-02"
"  0";"   6";" 0.00";"   -3.953";"projetar";" 4.679258e-02"
"  0";"   6";" 0.00";"   -3.953";"preocupante";" 4.679258e-02"
"  0";"   6";" 0.00";"   -3.953";"porventura";" 4.679258e-02"
"  0";"   6";" 0.00";"   -3.953";"portar";" 4.679258e-02"
"  0";"   6";" 0.00";"   -3.953";"pernambuco";" 4.679258e-02"
"  0";"   6";" 0.00";"   -3.953";"ped";" 4.679258e-02"
"  0";"   6";" 0.00";"   -3.953";"patru";" 4.679258e-02"
"  0";"   6";" 0.00";"   -3.953";"palpável";" 4.679258e-02"
"  0";"   6";" 0.00";"   -3.953";"pactuar";" 4.679258e-02"
"  0";"   6";" 0.00";"   -3.953";"narcotráfico";" 4.679258e-02"
"  0";"   6";" 0.00";"   -3.953";"maldito";" 4.679258e-02"
"  0";"   6";" 0.00";"   -3.953";"licenciatura";" 4.679258e-02"
"  0";"   6";" 0.00";"   -3.953";"investigador";" 4.679258e-02"
"  0";"   6";" 0.00";"   -3.953";"intuito";" 4.679258e-02"
"  0";"   6";" 0.00";"   -3.953";"intencionalmente";" 4.679258e-02"
"  0";"   6";" 0.00";"   -3.953";"individualmente";" 4.679258e-02"
"  0";"   6";" 0.00";"   -3.953";"imputar";" 4.679258e-02"
"  0";"   6";" 0.00";"   -3.953";"humanitário";" 4.679258e-02"
"  0";"   6";" 0.00";"   -3.953";"golias";" 4.679258e-02"
"  0";"   6";" 0.00";"   -3.953";"gilmar";" 4.679258e-02"
"  0";"   6";" 0.00";"   -3.953";"furto";" 4.679258e-02"
"  0";"   6";" 0.00";"   -3.953";"exercitar";" 4.679258e-02"
"  0";"   6";" 0.00";"   -3.953";"exemplar";" 4.679258e-02"
"  0";"   6";" 0.00";"   -3.953";"enxugar";" 4.679258e-02"
"  0";"   6";" 0.00";"   -3.953";"entronizar";" 4.679258e-02"
"  0";"   6";" 0.00";"   -3.953";"dispensar";" 4.679258e-02"
"  0";"   6";" 0.00";"   -3.953";"desgraça";" 4.679258e-02"
"  0";"   6";" 0.00";"   -3.953";"delinquente";" 4.679258e-02"
"  0";"   6";" 0.00";"   -3.953";"deliberado";" 4.679258e-02"
"  0";"   6";" 0.00";"   -3.953";"defendido";" 4.679258e-02"
"  0";"   6";" 0.00";"   -3.953";"cristian";" 4.679258e-02"
"  0";"   6";" 0.00";"   -3.953";"contestar";" 4.679258e-02"
"  0";"   6";" 0.00";"   -3.953";"completá";" 4.679258e-02"
"  0";"   6";" 0.00";"   -3.953";"cfet";" 4.679258e-02"
"  0";"   6";" 0.00";"   -3.953";"cer";" 4.679258e-02"
"  0";"   6";" 0.00";"   -3.953";"cecília";" 4.679258e-02"
"  0";"   6";" 0.00";"   -3.953";"cardoso";" 4.679258e-02"
"  0";"   6";" 0.00";"   -3.953";"capacitação";" 4.679258e-02"
"  0";"   6";" 0.00";"   -3.953";"brunão";" 4.679258e-02"
"  0";"   6";" 0.00";"   -3.953";"blocks";" 4.679258e-02"
"  0";"   6";" 0.00";"   -3.953";"belmonte";" 4.679258e-02"
"  0";"   6";" 0.00";"   -3.953";"assalto";" 4.679258e-02"
"  0";"   6";" 0.00";"   -3.953";"apostólico";" 4.679258e-02"
"  0";"   6";" 0.00";"   -3.953";"antiracista";" 4.679258e-02"
"  0";"   6";" 0.00";"   -3.953";"aliciar";" 4.679258e-02"
"  0";"   6";" 0.00";"   -3.953";"ajoelhado";" 4.679258e-02"
"  0";"   6";" 0.00";"   -3.953";"adiar";" 4.679258e-02"
"  0";"   6";" 0.00";"   -3.953";"abundância";" 4.679258e-02"
"  0";"   6";" 0.00";"   -3.953";"absolver";" 4.679258e-02"
"  0";"   6";" 0.00";"   -3.953";"abatido";" 4.679258e-02"
" 19";"  68";"27.94";"   -3.945";"familiar";" 4.702099e-02"
" 17";"  62";"27.42";"   -3.922";"salvador";" 4.766809e-02"
" 14";"  53";"26.42";"   -3.921";"anjo";" 4.768116e-02"
" 16";"  59";"27.12";"   -3.916";"tentativa";" 4.782088e-02"
" 16";"  59";"27.12";"   -3.916";"parlamento";" 4.782088e-02"
"  6";"  28";"21.43";"   -3.913";"catarina";" 4.791246e-02"
"  6";"  28";"21.43";"   -3.913";"estimular";" 4.791246e-02"
"  6";"  28";"21.43";"   -3.913";"autorizar";" 4.791246e-02"
"  6";"  28";"21.43";"   -3.913";"terreno";" 4.791246e-02"
"554";"1486";"37.28";"   -3.893";"ano";" 4.849743e-02"
" 50";" 156";"32.05";"   -3.846";"alto";" 4.986650e-02"
"  7";"  31";"22.58";"   -3.804";"lima";" 5.113227e-02"
"  7";"  31";"22.58";"   -3.804";"tratado";" 5.113227e-02"
"  7";"  31";"22.58";"   -3.804";"eficaz";" 5.113227e-02"
"  2";"  14";"14.29";"   -3.782";"torre";" 5.180692e-02"
"  2";"  14";"14.29";"   -3.782";"slide";" 5.180692e-02"
"  2";"  14";"14.29";"   -3.782";"sandra";" 5.180692e-02"
"  2";"  14";"14.29";"   -3.782";"transferência";" 5.180692e-02"
"  2";"  14";"14.29";"   -3.782";"tortura";" 5.180692e-02"
"  2";"  14";"14.29";"   -3.782";"distribuir";" 5.180692e-02"
"  2";"  14";"14.29";"   -3.782";"solicitação";" 5.180692e-02"
"  2";"  14";"14.29";"   -3.782";"refúgio";" 5.180692e-02"
"  2";"  14";"14.29";"   -3.782";"prosseguimento";" 5.180692e-02"
"  2";"  14";"14.29";"   -3.782";"localizar";" 5.180692e-02"
"  2";"  14";"14.29";"   -3.782";"limitar";" 5.180692e-02"
"  2";"  14";"14.29";"   -3.782";"assegurar";" 5.180692e-02"
" 25";"  85";"29.41";"   -3.778";"mau";" 5.192793e-02"
"  4";"  21";"19.05";"   -3.748";"anotar";" 5.287166e-02"
"  4";"  21";"19.05";"   -3.748";"machucar";" 5.287166e-02"
"  4";"  21";"19.05";"   -3.748";"testemunha";" 5.287166e-02"
"  4";"  21";"19.05";"   -3.748";"necessitar";" 5.287166e-02"
"  4";"  21";"19.05";"   -3.748";"inspiração";" 5.287166e-02"
"  4";"  21";"19.05";"   -3.748";"desculpar";" 5.287166e-02"
"  4";"  21";"19.05";"   -3.748";"caiar";" 5.287166e-02"
"  4";"  21";"19.05";"   -3.748";"sanção";" 5.287166e-02"
"  4";"  21";"19.05";"   -3.748";"respeitado";" 5.287166e-02"
" 24";"  82";"29.27";"   -3.747";"sangue";" 5.291642e-02"
"  8";"  34";"23.53";"   -3.723";"expectativa";" 5.366349e-02"
"  1";"  10";"10.00";"   -3.688";"feminino";" 5.479401e-02"
"  1";"  10";"10.00";"   -3.688";"mariele";" 5.479401e-02"
"  1";"  10";"10.00";"   -3.688";"vencedor";" 5.479401e-02"
"  1";"  10";"10.00";"   -3.688";"desgastar";" 5.479401e-02"
"  1";"  10";"10.00";"   -3.688";"criatura";" 5.479401e-02"
"  1";"  10";"10.00";"   -3.688";"recolher";" 5.479401e-02"
"  1";"  10";"10.00";"   -3.688";"perfume";" 5.479401e-02"
"  1";"  10";"10.00";"   -3.688";"magistério";" 5.479401e-02"
"  1";"  10";"10.00";"   -3.688";"intolerância";" 5.479401e-02"
"  1";"  10";"10.00";"   -3.688";"inesgotável";" 5.479401e-02"
"  1";"  10";"10.00";"   -3.688";"guga";" 5.479401e-02"
"  1";"  10";"10.00";"   -3.688";"extra";" 5.479401e-02"
"  1";"  10";"10.00";"   -3.688";"dobra";" 5.479401e-02"
"  1";"  10";"10.00";"   -3.688";"demissão";" 5.479401e-02"
"  1";"  10";"10.00";"   -3.688";"coordenação";" 5.479401e-02"
"  1";"  10";"10.00";"   -3.688";"colheita";" 5.479401e-02"
"  1";"  10";"10.00";"   -3.688";"cadastro";" 5.479401e-02"
"  1";"  10";"10.00";"   -3.688";"secar";" 5.479401e-02"
"  1";"  10";"10.00";"   -3.688";"oculto";" 5.479401e-02"
"  1";"  10";"10.00";"   -3.688";"jb";" 5.479401e-02"
"  1";"  10";"10.00";"   -3.688";"exigência";" 5.479401e-02"
"  1";"  10";"10.00";"   -3.688";"exclusivamente";" 5.479401e-02"
"  1";"  10";"10.00";"   -3.688";"eficiente";" 5.479401e-02"
"  1";"  10";"10.00";"   -3.688";"distração";" 5.479401e-02"
"  1";"  10";"10.00";"   -3.688";"apartamento";" 5.479401e-02"
"  1";"  10";"10.00";"   -3.688";"alternativo";" 5.479401e-02"
" 36";" 116";"31.03";"   -3.664";"prova";" 5.561102e-02"
"  5";"  24";"20.83";"   -3.575";"setembro";" 5.863980e-02"
"  5";"  24";"20.83";"   -3.575";"covid";" 5.863980e-02"
"  5";"  24";"20.83";"   -3.575";"assessor";" 5.863980e-02"
"  5";"  24";"20.83";"   -3.575";"perspectiva";" 5.863980e-02"
"  5";"  24";"20.83";"   -3.575";"certamente";" 5.863980e-02"
" 12";"  46";"26.09";"   -3.572";"representante";" 5.874866e-02"
" 27";"  90";"30.00";"   -3.557";"usado";" 5.929145e-02"
"  3";"  17";"17.65";"   -3.459";"ovelha";" 6.291683e-02"
"  3";"  17";"17.65";"   -3.459";"refém";" 6.291683e-02"
"  3";"  17";"17.65";"   -3.459";"psdb";" 6.291683e-02"
"  3";"  17";"17.65";"   -3.459";"ferida";" 6.291683e-02"
"  3";"  17";"17.65";"   -3.459";"aderir";" 6.291683e-02"
"  3";"  17";"17.65";"   -3.459";"republicano";" 6.291683e-02"
"  3";"  17";"17.65";"   -3.459";"confortar";" 6.291683e-02"
"  3";"  17";"17.65";"   -3.459";"pedofilia";" 6.291683e-02"
"  3";"  17";"17.65";"   -3.459";"integrar";" 6.291683e-02"
"  3";"  17";"17.65";"   -3.459";"funcionamento";" 6.291683e-02"
"  6";"  27";"22.22";"   -3.453";"conduta";" 6.315034e-02"
" 70";" 209";"33.49";"   -3.403";"morte";" 6.508939e-02"
" 54";" 165";"32.73";"   -3.383";"militar";" 6.588621e-02"
" 58";" 176";"32.95";"   -3.379";"causa";" 6.604822e-02"
"  7";"  30";"23.33";"   -3.365";"universitário";" 6.660844e-02"
"  7";"  30";"23.33";"   -3.365";"sentado";" 6.660844e-02"
"  7";"  30";"23.33";"   -3.365";"implementar";" 6.660844e-02"
"  7";"  30";"23.33";"   -3.365";"salvo";" 6.660844e-02"
"  8";"  33";"24.24";"   -3.302";"característica";" 6.919396e-02"
"  8";"  33";"24.24";"   -3.302";"efetivo";" 6.919396e-02"
"  8";"  33";"24.24";"   -3.302";"desenvolver";" 6.919396e-02"
"  0";"   5";" 0.00";"   -3.294";"travesti";" 6.953792e-02"
"  0";"   5";" 0.00";"   -3.294";"verificação";" 6.953792e-02"
"  0";"   5";" 0.00";"   -3.294";"amaral";" 6.953792e-02"
"  0";"   5";" 0.00";"   -3.294";"school";" 6.953792e-02"
"  0";"   5";" 0.00";"   -3.294";"telemático";" 6.953792e-02"
"  0";"   5";" 0.00";"   -3.294";"repreendemos";" 6.953792e-02"
"  0";"   5";" 0.00";"   -3.294";"aço";" 6.953792e-02"
"  0";"   5";" 0.00";"   -3.294";"aborrecer";" 6.953792e-02"
"  0";"   5";" 0.00";"   -3.294";"imitador";" 6.953792e-02"
"  0";"   5";" 0.00";"   -3.294";"empreitada";" 6.953792e-02"
"  0";"   5";" 0.00";"   -3.294";"desembargador";" 6.953792e-02"
"  0";"   5";" 0.00";"   -3.294";"ungir";" 6.953792e-02"
"  0";"   5";" 0.00";"   -3.294";"tesoureiro";" 6.953792e-02"
"  0";"   5";" 0.00";"   -3.294";"sopro";" 6.953792e-02"
"  0";"   5";" 0.00";"   -3.294";"semelhança";" 6.953792e-02"
"  0";"   5";" 0.00";"   -3.294";"semear";" 6.953792e-02"
"  0";"   5";" 0.00";"   -3.294";"queer";" 6.953792e-02"
"  0";"   5";" 0.00";"   -3.294";"prof";" 6.953792e-02"
"  0";"   5";" 0.00";"   -3.294";"plenitude";" 6.953792e-02"
"  0";"   5";" 0.00";"   -3.294";"libertador";" 6.953792e-02"
"  0";"   5";" 0.00";"   -3.294";"jorrar";" 6.953792e-02"
"  0";"   5";" 0.00";"   -3.294";"joel";" 6.953792e-02"
"  0";"   5";" 0.00";"   -3.294";"generalizar";" 6.953792e-02"
"  0";"   5";" 0.00";"   -3.294";"fund";" 6.953792e-02"
"  0";"   5";" 0.00";"   -3.294";"fileira";" 6.953792e-02"
"  0";"   5";" 0.00";"   -3.294";"esvaziar";" 6.953792e-02"
"  0";"   5";" 0.00";"   -3.294";"estruturação";" 6.953792e-02"
"  0";"   5";" 0.00";"   -3.294";"endemoniado";" 6.953792e-02"
"  0";"   5";" 0.00";"   -3.294";"encarcerar";" 6.953792e-02"
"  0";"   5";" 0.00";"   -3.294";"embasamento";" 6.953792e-02"
"  0";"   5";" 0.00";"   -3.294";"ead";" 6.953792e-02"
"  0";"   5";" 0.00";"   -3.294";"dotação";" 6.953792e-02"
"  0";"   5";" 0.00";"   -3.294";"disciplinado";" 6.953792e-02"
"  0";"   5";" 0.00";"   -3.294";"desmoralizado";" 6.953792e-02"
"  0";"   5";" 0.00";"   -3.294";"depósito";" 6.953792e-02"
"  0";"   5";" 0.00";"   -3.294";"decepção";" 6.953792e-02"
"  0";"   5";" 0.00";"   -3.294";"copeiro";" 6.953792e-02"
"  0";"   5";" 0.00";"   -3.294";"consola";" 6.953792e-02"
"  0";"   5";" 0.00";"   -3.294";"barroso";" 6.953792e-02"
"  0";"   5";" 0.00";"   -3.294";"abstenção";" 6.953792e-02"
"  0";"   5";" 0.00";"   -3.294";"abranger";" 6.953792e-02"
"  0";"   5";" 0.00";"   -3.294";"éder";" 6.953792e-02"
"  0";"   5";" 0.00";"   -3.294";"zuco";" 6.953792e-02"
"  0";"   5";" 0.00";"   -3.294";"xx";" 6.953792e-02"
"  0";"   5";" 0.00";"   -3.294";"violentado";" 6.953792e-02"
"  0";"   5";" 0.00";"   -3.294";"vedado";" 6.953792e-02"
"  0";"   5";" 0.00";"   -3.294";"unânime";" 6.953792e-02"
"  0";"   5";" 0.00";"   -3.294";"unificado";" 6.953792e-02"
"  0";"   5";" 0.00";"   -3.294";"transposição";" 6.953792e-02"
"  0";"   5";" 0.00";"   -3.294";"tramitar";" 6.953792e-02"
"  0";"   5";" 0.00";"   -3.294";"tero";" 6.953792e-02"
"  0";"   5";" 0.00";"   -3.294";"teram";" 6.953792e-02"
"  0";"   5";" 0.00";"   -3.294";"temático";" 6.953792e-02"
"  0";"   5";" 0.00";"   -3.294";"superdotação";" 6.953792e-02"
"  0";"   5";" 0.00";"   -3.294";"subscrição";" 6.953792e-02"
"  0";"   5";" 0.00";"   -3.294";"soprar";" 6.953792e-02"
"  0";"   5";" 0.00";"   -3.294";"seriamente";" 6.953792e-02"
"  0";"   5";" 0.00";"   -3.294";"serenidade";" 6.953792e-02"
"  0";"   5";" 0.00";"   -3.294";"secular";" 6.953792e-02"
"  0";"   5";" 0.00";"   -3.294";"salomão";" 6.953792e-02"
"  0";"   5";" 0.00";"   -3.294";"salab";" 6.953792e-02"
"  0";"   5";" 0.00";"   -3.294";"ressalva";" 6.953792e-02"
"  0";"   5";" 0.00";"   -3.294";"rendar";" 6.953792e-02"
"  0";"   5";" 0.00";"   -3.294";"referente";" 6.953792e-02"
"  0";"   5";" 0.00";"   -3.294";"recém";" 6.953792e-02"
"  0";"   5";" 0.00";"   -3.294";"reclamação";" 6.953792e-02"
"  0";"   5";" 0.00";"   -3.294";"reajustar";" 6.953792e-02"
"  0";"   5";" 0.00";"   -3.294";"ratificar";" 6.953792e-02"
"  0";"   5";" 0.00";"   -3.294";"ramagem";" 6.953792e-02"
"  0";"   5";" 0.00";"   -3.294";"racial";" 6.953792e-02"
"  0";"   5";" 0.00";"   -3.294";"quinlan";" 6.953792e-02"
"  0";"   5";" 0.00";"   -3.294";"qualificar";" 6.953792e-02"
"  0";"   5";" 0.00";"   -3.294";"prover";" 6.953792e-02"
"  0";"   5";" 0.00";"   -3.294";"proselitismo";" 6.953792e-02"
"  0";"   5";" 0.00";"   -3.294";"pipoqueiro";" 6.953792e-02"
"  0";"   5";" 0.00";"   -3.294";"peculiaridade";" 6.953792e-02"
"  0";"   5";" 0.00";"   -3.294";"pears";" 6.953792e-02"
"  0";"   5";" 0.00";"   -3.294";"patente";" 6.953792e-02"
"  0";"   5";" 0.00";"   -3.294";"participante";" 6.953792e-02"
"  0";"   5";" 0.00";"   -3.294";"palhaço";" 6.953792e-02"
"  0";"   5";" 0.00";"   -3.294";"pac";" 6.953792e-02"
"  0";"   5";" 0.00";"   -3.294";"ospb";" 6.953792e-02"
"  0";"   5";" 0.00";"   -3.294";"oportuno";" 6.953792e-02"
"  0";"   5";" 0.00";"   -3.294";"notificação";" 6.953792e-02"
"  0";"   5";" 0.00";"   -3.294";"multifuncional";" 6.953792e-02"
"  0";"   5";" 0.00";"   -3.294";"monarque";" 6.953792e-02"
"  0";"   5";" 0.00";"   -3.294";"misericordioso";" 6.953792e-02"
"  0";"   5";" 0.00";"   -3.294";"mediador";" 6.953792e-02"
"  0";"   5";" 0.00";"   -3.294";"mat";" 6.953792e-02"
"  0";"   5";" 0.00";"   -3.294";"lúcio";" 6.953792e-02"
"  0";"   5";" 0.00";"   -3.294";"luana";" 6.953792e-02"
"  0";"   5";" 0.00";"   -3.294";"livramento";" 6.953792e-02"
"  0";"   5";" 0.00";"   -3.294";"lide";" 6.953792e-02"
"  0";"   5";" 0.00";"   -3.294";"ldb";" 6.953792e-02"
"  0";"   5";" 0.00";"   -3.294";"itinerário";" 6.953792e-02"
"  0";"   5";" 0.00";"   -3.294";"invocar";" 6.953792e-02"
"  0";"   5";" 0.00";"   -3.294";"inviabilizar";" 6.953792e-02"
"  0";"   5";" 0.00";"   -3.294";"iniquidade";" 6.953792e-02"
"  0";"   5";" 0.00";"   -3.294";"ineficiência";" 6.953792e-02"
"  0";"   5";" 0.00";"   -3.294";"ind";" 6.953792e-02"
"  0";"   5";" 0.00";"   -3.294";"impune";" 6.953792e-02"
"  0";"   5";" 0.00";"   -3.294";"ii";" 6.953792e-02"
"  0";"   5";" 0.00";"   -3.294";"iandra";" 6.953792e-02"
"  0";"   5";" 0.00";"   -3.294";"gregório";" 6.953792e-02"
"  0";"   5";" 0.00";"   -3.294";"graham";" 6.953792e-02"
"  0";"   5";" 0.00";"   -3.294";"frutífero";" 6.953792e-02"
"  0";"   5";" 0.00";"   -3.294";"formalmente";" 6.953792e-02"
"  0";"   5";" 0.00";"   -3.294";"ferreirinha";" 6.953792e-02"
"  0";"   5";" 0.00";"   -3.294";"exelência";" 6.953792e-02"
"  0";"   5";" 0.00";"   -3.294";"estter";" 6.953792e-02"
"  0";"   5";" 0.00";"   -3.294";"esquartejar";" 6.953792e-02"
"  0";"   5";" 0.00";"   -3.294";"escol";" 6.953792e-02"
"  0";"   5";" 0.00";"   -3.294";"eja";" 6.953792e-02"
"  0";"   5";" 0.00";"   -3.294";"dula";" 6.953792e-02"
"  0";"   5";" 0.00";"   -3.294";"dirigente";" 6.953792e-02"
"  0";"   5";" 0.00";"   -3.294";"detalhamento";" 6.953792e-02"
"  0";"   5";" 0.00";"   -3.294";"desqualificar";" 6.953792e-02"
"  0";"   5";" 0.00";"   -3.294";"desaparecido";" 6.953792e-02"
"  0";"   5";" 0.00";"   -3.294";"deferir";" 6.953792e-02"
"  0";"   5";" 0.00";"   -3.294";"de2021";" 6.953792e-02"
"  0";"   5";" 0.00";"   -3.294";"dandara";" 6.953792e-02"
"  0";"   5";" 0.00";"   -3.294";"cívic";" 6.953792e-02"
"  0";"   5";" 0.00";"   -3.294";"cristalino";" 6.953792e-02"
"  0";"   5";" 0.00";"   -3.294";"criminalmente";" 6.953792e-02"
"  0";"   5";" 0.00";"   -3.294";"contrapeso";" 6.953792e-02"
"  0";"   5";" 0.00";"   -3.294";"constantemente";" 6.953792e-02"
"  0";"   5";" 0.00";"   -3.294";"consagração";" 6.953792e-02"
"  0";"   5";" 0.00";"   -3.294";"condicional";" 6.953792e-02"
"  0";"   5";" 0.00";"   -3.294";"colegiado";" 6.953792e-02"
"  0";"   5";" 0.00";"   -3.294";"cleriston";" 6.953792e-02"
"  0";"   5";" 0.00";"   -3.294";"cleitinho";" 6.953792e-02"
"  0";"   5";" 0.00";"   -3.294";"cgu";" 6.953792e-02"
"  0";"   5";" 0.00";"   -3.294";"cegueira";" 6.953792e-02"
"  0";"   5";" 0.00";"   -3.294";"caído";" 6.953792e-02"
"  0";"   5";" 0.00";"   -3.294";"cativo";" 6.953792e-02"
"  0";"   5";" 0.00";"   -3.294";"carolina";" 6.953792e-02"
"  0";"   5";" 0.00";"   -3.294";"canziani";" 6.953792e-02"
"  0";"   5";" 0.00";"   -3.294";"cabulosos";" 6.953792e-02"
"  0";"   5";" 0.00";"   -3.294";"bnds";" 6.953792e-02"
"  0";"   5";" 0.00";"   -3.294";"billy";" 6.953792e-02"
"  0";"   5";" 0.00";"   -3.294";"assaltar";" 6.953792e-02"
"  0";"   5";" 0.00";"   -3.294";"anteontem";" 6.953792e-02"
"  0";"   5";" 0.00";"   -3.294";"ande";" 6.953792e-02"
"  0";"   5";" 0.00";"   -3.294";"alkim";" 6.953792e-02"
"  0";"   5";" 0.00";"   -3.294";"alelu";" 6.953792e-02"
"  0";"   5";" 0.00";"   -3.294";"alarmante";" 6.953792e-02"
"  0";"   5";" 0.00";"   -3.294";"alar";" 6.953792e-02"
"  0";"   5";" 0.00";"   -3.294";"acelerar";" 6.953792e-02"
"  0";"   5";" 0.00";"   -3.294";"ac";" 6.953792e-02"
"  0";"   5";" 0.00";"   -3.294";"abílio";" 6.953792e-02"
"  0";"   5";" 0.00";"   -3.294";"absolvido";" 6.953792e-02"
"  0";"   5";" 0.00";"   -3.294";"abater";" 6.953792e-02"
"  0";"   5";" 0.00";"   -3.294";"abarcar";" 6.953792e-02"
"  9";"  36";"25.00";"   -3.258";"positivo";" 7.105872e-02"
"  4";"  20";"20.00";"   -3.248";"gonçalves";" 7.151531e-02"
"  4";"  20";"20.00";"   -3.248";"sábado";" 7.151531e-02"
"  4";"  20";"20.00";"   -3.248";"redação";" 7.151531e-02"
"  4";"  20";"20.00";"   -3.248";"celebrar";" 7.151531e-02"
"  4";"  20";"20.00";"   -3.248";"facilitar";" 7.151531e-02"
"  4";"  20";"20.00";"   -3.248";"diminuir";" 7.151531e-02"
"  4";"  20";"20.00";"   -3.248";"condução";" 7.151531e-02"
"  4";"  20";"20.00";"   -3.248";"trago";" 7.151531e-02"
" 10";"  39";"25.64";"   -3.229";"disciplina";" 7.232873e-02"
"  2";"  13";"15.38";"   -3.215";"transição";" 7.297960e-02"
"  2";"  13";"15.38";"   -3.215";"protocolar";" 7.297960e-02"
"  2";"  13";"15.38";"   -3.215";"suspensão";" 7.297960e-02"
"  2";"  13";"15.38";"   -3.215";"proporcionalidade";" 7.297960e-02"
"  2";"  13";"15.38";"   -3.215";"mdb";" 7.297960e-02"
"  2";"  13";"15.38";"   -3.215";"titular";" 7.297960e-02"
"  2";"  13";"15.38";"   -3.215";"pcdb";" 7.297960e-02"
"  2";"  13";"15.38";"   -3.215";"goiás";" 7.297960e-02"
"  2";"  13";"15.38";"   -3.215";"batizar";" 7.297960e-02"
"  2";"  13";"15.38";"   -3.215";"misto";" 7.297960e-02"
"  2";"  13";"15.38";"   -3.215";"mensalão";" 7.297960e-02"
"  2";"  13";"15.38";"   -3.215";"imediato";" 7.297960e-02"
"  2";"  13";"15.38";"   -3.215";"estabelecimento";" 7.297960e-02"
" 11";"  42";"26.19";"   -3.212";"cumprimentar";" 7.310794e-02"
" 24";"  80";"30.00";"   -3.161";"uso";" 7.543589e-02"
" 53";" 161";"32.92";"   -3.121";"construir";" 7.728288e-02"
"  5";"  23";"21.74";"   -3.105";"rezar";" 7.803347e-02"
"  5";"  23";"21.74";"   -3.105";"pertencer";" 7.803347e-02"
"  5";"  23";"21.74";"   -3.105";"doer";" 7.803347e-02"
"  5";"  23";"21.74";"   -3.105";"piso";" 7.803347e-02"
"  5";"  23";"21.74";"   -3.105";"prejuízo";" 7.803347e-02"
"  5";"  23";"21.74";"   -3.105";"compor";" 7.803347e-02"
"  1";"   9";"11.11";"   -3.076";"reserva";" 7.946851e-02"
"  1";"   9";"11.11";"   -3.076";"provérbio";" 7.946851e-02"
"  1";"   9";"11.11";"   -3.076";"atributo";" 7.946851e-02"
"  1";"   9";"11.11";"   -3.076";"paternidade";" 7.946851e-02"
"  1";"   9";"11.11";"   -3.076";"coitado";" 7.946851e-02"
"  1";"   9";"11.11";"   -3.076";"bloqueio";" 7.946851e-02"
"  1";"   9";"11.11";"   -3.076";"unissex";" 7.946851e-02"
"  1";"   9";"11.11";"   -3.076";"louvável";" 7.946851e-02"
"  1";"   9";"11.11";"   -3.076";"estação";" 7.946851e-02"
"  1";"   9";"11.11";"   -3.076";"enquadrar";" 7.946851e-02"
"  1";"   9";"11.11";"   -3.076";"biblioteca";" 7.946851e-02"
"  1";"   9";"11.11";"   -3.076";"alegar";" 7.946851e-02"
"  1";"   9";"11.11";"   -3.076";"agostinho";" 7.946851e-02"
"  1";"   9";"11.11";"   -3.076";"vigente";" 7.946851e-02"
"  1";"   9";"11.11";"   -3.076";"victor";" 7.946851e-02"
"  1";"   9";"11.11";"   -3.076";"trabalhista";" 7.946851e-02"
"  1";"   9";"11.11";"   -3.076";"soraia";" 7.946851e-02"
"  1";"   9";"11.11";"   -3.076";"senora";" 7.946851e-02"
"  1";"   9";"11.11";"   -3.076";"reabrir";" 7.946851e-02"
"  1";"   9";"11.11";"   -3.076";"profissionalizante";" 7.946851e-02"
"  1";"   9";"11.11";"   -3.076";"priorizar";" 7.946851e-02"
"  1";"   9";"11.11";"   -3.076";"perfeitamente";" 7.946851e-02"
"  1";"   9";"11.11";"   -3.076";"intervir";" 7.946851e-02"
"  1";"   9";"11.11";"   -3.076";"industrial";" 7.946851e-02"
"  1";"   9";"11.11";"   -3.076";"financeiramente";" 7.946851e-02"
"  1";"   9";"11.11";"   -3.076";"ferido";" 7.946851e-02"
"  1";"   9";"11.11";"   -3.076";"entristecer";" 7.946851e-02"
"  1";"   9";"11.11";"   -3.076";"cueca";" 7.946851e-02"
"  1";"   9";"11.11";"   -3.076";"bonfim";" 7.946851e-02"
"  1";"   9";"11.11";"   -3.076";"aperfeiçoar";" 7.946851e-02"
"  1";"   9";"11.11";"   -3.076";"afundar";" 7.946851e-02"
"  1";"   9";"11.11";"   -3.076";"acordado";" 7.946851e-02"
"  1";"   9";"11.11";"   -3.076";"abandono";" 7.946851e-02"
"122";" 347";"35.16";"   -3.045";"chamado";" 8.099796e-02"
"  6";"  26";"23.08";"   -3.008";"sombra";" 8.287469e-02"
" 18";"  62";"29.03";"   -2.960";"denúncia";" 8.535321e-02"
" 41";" 127";"32.28";"   -2.941";"importância";" 8.637924e-02"
"  7";"  29";"24.14";"   -2.941";"liberado";" 8.637549e-02"
"  7";"  29";"24.14";"   -2.941";"omissão";" 8.637549e-02"
"  7";"  29";"24.14";"   -2.941";"primeiramente";" 8.637549e-02"
"  3";"  16";"18.75";"   -2.938";"cobre";" 8.652507e-02"
"  3";"  16";"18.75";"   -2.938";"durar";" 8.652507e-02"
"  3";"  16";"18.75";"   -2.938";"vigilante";" 8.652507e-02"
"  3";"  16";"18.75";"   -2.938";"verdadeiramente";" 8.652507e-02"
"  3";"  16";"18.75";"   -2.938";"assassino";" 8.652507e-02"
" 17";"  59";"28.81";"   -2.933";"desigualdade";" 8.679202e-02"
" 17";"  59";"28.81";"   -2.933";"est";" 8.679202e-02"
" 31";"  99";"31.31";"   -2.927";"policial";" 8.710295e-02"
"  8";"  32";"25.00";"   -2.896";"resgatar";" 8.880601e-02"
" 44";" 135";"32.59";"   -2.872";"decidir";" 9.013634e-02"
"  9";"  35";"25.71";"   -2.868";"detalhe";" 9.038048e-02"
" 13";"  47";"27.66";"   -2.856";"gabinete";" 9.102975e-02"
" 13";"  47";"27.66";"   -2.856";"chave";" 9.102975e-02"
" 10";"  38";"26.32";"   -2.852";"lives";" 9.126848e-02"
" 11";"  41";"26.83";"   -2.846";"século";" 9.160461e-02"
" 11";"  41";"26.83";"   -2.846";"competência";" 9.160461e-02"
" 23";"  76";"30.26";"   -2.842";"diabo";" 9.185509e-02"
" 22";"  73";"30.14";"   -2.802";"evangélico";" 9.412046e-02"
"  4";"  19";"21.05";"   -2.765";"sargento";" 9.636965e-02"
"  4";"  19";"21.05";"   -2.765";"emocional";" 9.636965e-02"
"  4";"  19";"21.05";"   -2.765";"ativar";" 9.636965e-02"
" 21";"  70";"30.00";"   -2.764";"atual";" 9.638249e-02"
" 37";" 115";"32.17";"   -2.741";"pregar";" 9.783097e-02"
" 53";" 159";"33.33";"   -2.718";"passo";" 9.924129e-02"
"  2";"  12";"16.67";"   -2.663";"oab";" 1.027224e-01"
"  2";"  12";"16.67";"   -2.663";"gestor";" 1.027224e-01"
"  2";"  12";"16.67";"   -2.663";"pp";" 1.027224e-01"
"  2";"  12";"16.67";"   -2.663";"vocação";" 1.027224e-01"
"  2";"  12";"16.67";"   -2.663";"joias";" 1.027224e-01"
"  2";"  12";"16.67";"   -2.663";"inversão";" 1.027224e-01"
"  2";"  12";"16.67";"   -2.663";"conselheiro";" 1.027224e-01"
"  2";"  12";"16.67";"   -2.663";"comportar";" 1.027224e-01"
"  2";"  12";"16.67";"   -2.663";"africano";" 1.027224e-01"
"  2";"  12";"16.67";"   -2.663";"seco";" 1.027224e-01"
"  2";"  12";"16.67";"   -2.663";"razoável";" 1.027224e-01"
"  2";"  12";"16.67";"   -2.663";"porteiro";" 1.027224e-01"
"  2";"  12";"16.67";"   -2.663";"jordi";" 1.027224e-01"
"  2";"  12";"16.67";"   -2.663";"impunidade";" 1.027224e-01"
"  2";"  12";"16.67";"   -2.663";"anseio";" 1.027224e-01"
"  2";"  12";"16.67";"   -2.663";"afastado";" 1.027224e-01"
"  5";"  22";"22.73";"   -2.653";"licença";" 1.033813e-01"
"  5";"  22";"22.73";"   -2.653";"sal";" 1.033813e-01"
"  5";"  22";"22.73";"   -2.653";"responsabilizar";" 1.033813e-01"
"  5";"  22";"22.73";"   -2.653";"providência";" 1.033813e-01"
"  5";"  22";"22.73";"   -2.653";"remédio";" 1.033813e-01"
"  0";"   4";" 0.00";"   -2.635";"an";" 1.045314e-01"
"  0";"   4";" 0.00";"   -2.635";"cabra";" 1.045314e-01"
"  0";"   4";" 0.00";"   -2.635";"percepção";" 1.045314e-01"
"  0";"   4";" 0.00";"   -2.635";"ferro";" 1.045314e-01"
"  0";"   4";" 0.00";"   -2.635";"coroar";" 1.045314e-01"
"  0";"   4";" 0.00";"   -2.635";"ressalvar";" 1.045314e-01"
"  0";"   4";" 0.00";"   -2.635";"submisso";" 1.045314e-01"
"  0";"   4";" 0.00";"   -2.635";"represa";" 1.045314e-01"
"  0";"   4";" 0.00";"   -2.635";"olimpíada";" 1.045314e-01"
"  0";"   4";" 0.00";"   -2.635";"modular";" 1.045314e-01"
"  0";"   4";" 0.00";"   -2.635";"fobia";" 1.045314e-01"
"  0";"   4";" 0.00";"   -2.635";"escrutínio";" 1.045314e-01"
"  0";"   4";" 0.00";"   -2.635";"apelação";" 1.045314e-01"
"  0";"   4";" 0.00";"   -2.635";"amargura";" 1.045314e-01"
"  0";"   4";" 0.00";"   -2.635";"típico";" 1.045314e-01"
"  0";"   4";" 0.00";"   -2.635";"tamaral";" 1.045314e-01"
"  0";"   4";" 0.00";"   -2.635";"síndico";" 1.045314e-01"
"  0";"   4";" 0.00";"   -2.635";"suspenso";" 1.045314e-01"
"  0";"   4";" 0.00";"   -2.635";"revoltante";" 1.045314e-01"
"  0";"   4";" 0.00";"   -2.635";"renovo";" 1.045314e-01"
"  0";"   4";" 0.00";"   -2.635";"recompor";" 1.045314e-01"
"  0";"   4";" 0.00";"   -2.635";"reajustamos";" 1.045314e-01"
"  0";"   4";" 0.00";"   -2.635";"paralítico";" 1.045314e-01"
"  0";"   4";" 0.00";"   -2.635";"ordenamento";" 1.045314e-01"
"  0";"   4";" 0.00";"   -2.635";"ong";" 1.045314e-01"
"  0";"   4";" 0.00";"   -2.635";"nominalmente";" 1.045314e-01"
"  0";"   4";" 0.00";"   -2.635";"múltiplo";" 1.045314e-01"
"  0";"   4";" 0.00";"   -2.635";"mordomo";" 1.045314e-01"
"  0";"   4";" 0.00";"   -2.635";"miliciano";" 1.045314e-01"
"  0";"   4";" 0.00";"   -2.635";"medíocre";" 1.045314e-01"
"  0";"   4";" 0.00";"   -2.635";"madre";" 1.045314e-01"
"  0";"   4";" 0.00";"   -2.635";"lembrança";" 1.045314e-01"
"  0";"   4";" 0.00";"   -2.635";"influir";" 1.045314e-01"
"  0";"   4";" 0.00";"   -2.635";"hélio";" 1.045314e-01"
"  0";"   4";" 0.00";"   -2.635";"herdeiro";" 1.045314e-01"
"  0";"   4";" 0.00";"   -2.635";"glorifico";" 1.045314e-01"
"  0";"   4";" 0.00";"   -2.635";"formulação";" 1.045314e-01"
"  0";"   4";" 0.00";"   -2.635";"farto";" 1.045314e-01"
"  0";"   4";" 0.00";"   -2.635";"encargo";" 1.045314e-01"
"  0";"   4";" 0.00";"   -2.635";"doloroso";" 1.045314e-01"
"  0";"   4";" 0.00";"   -2.635";"desfile";" 1.045314e-01"
"  0";"   4";" 0.00";"   -2.635";"cruzada";" 1.045314e-01"
"  0";"   4";" 0.00";"   -2.635";"cristal";" 1.045314e-01"
"  0";"   4";" 0.00";"   -2.635";"convivência";" 1.045314e-01"
"  0";"   4";" 0.00";"   -2.635";"contraditar";" 1.045314e-01"
"  0";"   4";" 0.00";"   -2.635";"congregação";" 1.045314e-01"
"  0";"   4";" 0.00";"   -2.635";"complementação";" 1.045314e-01"
"  0";"   4";" 0.00";"   -2.635";"cde";" 1.045314e-01"
"  0";"   4";" 0.00";"   -2.635";"aprisionar";" 1.045314e-01"
"  0";"   4";" 0.00";"   -2.635";"algoritmo";" 1.045314e-01"
"  0";"   4";" 0.00";"   -2.635";"alessandro";" 1.045314e-01"
"  0";"   4";" 0.00";"   -2.635";"adotivo";" 1.045314e-01"
"  0";"   4";" 0.00";"   -2.635";"adorá";" 1.045314e-01"
"  0";"   4";" 0.00";"   -2.635";"acarretar";" 1.045314e-01"
"  0";"   4";" 0.00";"   -2.635";"zer";" 1.045314e-01"
"  0";"   4";" 0.00";"   -2.635";"zara";" 1.045314e-01"
"  0";"   4";" 0.00";"   -2.635";"vibe";" 1.045314e-01"
"  0";"   4";" 0.00";"   -2.635";"verbalizar";" 1.045314e-01"
"  0";"   4";" 0.00";"   -2.635";"variado";" 1.045314e-01"
"  0";"   4";" 0.00";"   -2.635";"universidad";" 1.045314e-01"
"  0";"   4";" 0.00";"   -2.635";"ungido";" 1.045314e-01"
"  0";"   4";" 0.00";"   -2.635";"ubs";" 1.045314e-01"
"  0";"   4";" 0.00";"   -2.635";"trâmite";" 1.045314e-01"
"  0";"   4";" 0.00";"   -2.635";"tramitação";" 1.045314e-01"
"  0";"   4";" 0.00";"   -2.635";"traficar";" 1.045314e-01"
"  0";"   4";" 0.00";"   -2.635";"terceirize";" 1.045314e-01"
"  0";"   4";" 0.00";"   -2.635";"teorista";" 1.045314e-01"
"  0";"   4";" 0.00";"   -2.635";"temp";" 1.045314e-01"
"  0";"   4";" 0.00";"   -2.635";"tarcíso";" 1.045314e-01"
"  0";"   4";" 0.00";"   -2.635";"tampar";" 1.045314e-01"
"  0";"   4";" 0.00";"   -2.635";"taciso";" 1.045314e-01"
"  0";"   4";" 0.00";"   -2.635";"submetido";" 1.045314e-01"
"  0";"   4";" 0.00";"   -2.635";"subemenda";" 1.045314e-01"
"  0";"   4";" 0.00";"   -2.635";"sião";" 1.045314e-01"
"  0";"   4";" 0.00";"   -2.635";"situar";" 1.045314e-01"
"  0";"   4";" 0.00";"   -2.635";"seg";" 1.045314e-01"
"  0";"   4";" 0.00";"   -2.635";"rubens";" 1.045314e-01"
"  0";"   4";" 0.00";"   -2.635";"roraima";" 1.045314e-01"
"  0";"   4";" 0.00";"   -2.635";"revanchismo";" 1.045314e-01"
"  0";"   4";" 0.00";"   -2.635";"retórica";" 1.045314e-01"
"  0";"   4";" 0.00";"   -2.635";"restituir";" 1.045314e-01"
"  0";"   4";" 0.00";"   -2.635";"repreendo";" 1.045314e-01"
"  0";"   4";" 0.00";"   -2.635";"repousar";" 1.045314e-01"
"  0";"   4";" 0.00";"   -2.635";"referido";" 1.045314e-01"
"  0";"   4";" 0.00";"   -2.635";"reeleger";" 1.045314e-01"
"  0";"   4";" 0.00";"   -2.635";"quto";" 1.045314e-01"
"  0";"   4";" 0.00";"   -2.635";"quilombola";" 1.045314e-01"
"  0";"   4";" 0.00";"   -2.635";"quesito";" 1.045314e-01"
"  0";"   4";" 0.00";"   -2.635";"quebrantamento";" 1.045314e-01"
"  0";"   4";" 0.00";"   -2.635";"pulsar";" 1.045314e-01"
"  0";"   4";" 0.00";"   -2.635";"província";" 1.045314e-01"
"  0";"   4";" 0.00";"   -2.635";"prorrogação";" 1.045314e-01"
"  0";"   4";" 0.00";"   -2.635";"profess";" 1.045314e-01"
"  0";"   4";" 0.00";"   -2.635";"prim";" 1.045314e-01"
"  0";"   4";" 0.00";"   -2.635";"premir";" 1.045314e-01"
"  0";"   4";" 0.00";"   -2.635";"preferencialmente";" 1.045314e-01"
"  0";"   4";" 0.00";"   -2.635";"precursor";" 1.045314e-01"
"  0";"   4";" 0.00";"   -2.635";"porção";" 1.045314e-01"
"  0";"   4";" 0.00";"   -2.635";"piano";" 1.045314e-01"
"  0";"   4";" 0.00";"   -2.635";"perene";" 1.045314e-01"
"  0";"   4";" 0.00";"   -2.635";"pensão";" 1.045314e-01"
"  0";"   4";" 0.00";"   -2.635";"pensionista";" 1.045314e-01"
"  0";"   4";" 0.00";"   -2.635";"patrício";" 1.045314e-01"
"  0";"   4";" 0.00";"   -2.635";"pactuação";" 1.045314e-01"
"  0";"   4";" 0.00";"   -2.635";"paa";" 1.045314e-01"
"  0";"   4";" 0.00";"   -2.635";"otimismo";" 1.045314e-01"
"  0";"   4";" 0.00";"   -2.635";"orientado";" 1.045314e-01"
"  0";"   4";" 0.00";"   -2.635";"ocorrido";" 1.045314e-01"
"  0";"   4";" 0.00";"   -2.635";"obreiro";" 1.045314e-01"
"  0";"   4";" 0.00";"   -2.635";"obgado";" 1.045314e-01"
"  0";"   4";" 0.00";"   -2.635";"nom";" 1.045314e-01"
"  0";"   4";" 0.00";"   -2.635";"namã";" 1.045314e-01"
"  0";"   4";" 0.00";"   -2.635";"moderador";" 1.045314e-01"
"  0";"   4";" 0.00";"   -2.635";"miola";" 1.045314e-01"
"  0";"   4";" 0.00";"   -2.635";"minut";" 1.045314e-01"
"  0";"   4";" 0.00";"   -2.635";"militarização";" 1.045314e-01"
"  0";"   4";" 0.00";"   -2.635";"mergulhar";" 1.045314e-01"
"  0";"   4";" 0.00";"   -2.635";"manancial";" 1.045314e-01"
"  0";"   4";" 0.00";"   -2.635";"maltar";" 1.045314e-01"
"  0";"   4";" 0.00";"   -2.635";"lombo";" 1.045314e-01"
"  0";"   4";" 0.00";"   -2.635";"lobista";" 1.045314e-01"
"  0";"   4";" 0.00";"   -2.635";"lob";" 1.045314e-01"
"  0";"   4";" 0.00";"   -2.635";"lit";" 1.045314e-01"
"  0";"   4";" 0.00";"   -2.635";"lid";" 1.045314e-01"
"  0";"   4";" 0.00";"   -2.635";"lgbtq";" 1.045314e-01"
"  0";"   4";" 0.00";"   -2.635";"leproso";" 1.045314e-01"
"  0";"   4";" 0.00";"   -2.635";"julgador";" 1.045314e-01"
"  0";"   4";" 0.00";"   -2.635";"jerônimo";" 1.045314e-01"
"  0";"   4";" 0.00";"   -2.635";"jan";" 1.045314e-01"
"  0";"   4";" 0.00";"   -2.635";"inundar";" 1.045314e-01"
"  0";"   4";" 0.00";"   -2.635";"interministerial";" 1.045314e-01"
"  0";"   4";" 0.00";"   -2.635";"insustentável";" 1.045314e-01"
"  0";"   4";" 0.00";"   -2.635";"insulina";" 1.045314e-01"
"  0";"   4";" 0.00";"   -2.635";"ingerência";" 1.045314e-01"
"  0";"   4";" 0.00";"   -2.635";"indício";" 1.045314e-01"
"  0";"   4";" 0.00";"   -2.635";"inconstitucionalidade";" 1.045314e-01"
"  0";"   4";" 0.00";"   -2.635";"inclus";" 1.045314e-01"
"  0";"   4";" 0.00";"   -2.635";"inadmissível";" 1.045314e-01"
"  0";"   4";" 0.00";"   -2.635";"improbidade";" 1.045314e-01"
"  0";"   4";" 0.00";"   -2.635";"imprescindível";" 1.045314e-01"
"  0";"   4";" 0.00";"   -2.635";"impit";" 1.045314e-01"
"  0";"   4";" 0.00";"   -2.635";"impetuoso";" 1.045314e-01"
"  0";"   4";" 0.00";"   -2.635";"imortal";" 1.045314e-01"
"  0";"   4";" 0.00";"   -2.635";"ideologicamente";" 1.045314e-01"
"  0";"   4";" 0.00";"   -2.635";"humilharmos";" 1.045314e-01"
"  0";"   4";" 0.00";"   -2.635";"humberto";" 1.045314e-01"
"  0";"   4";" 0.00";"   -2.635";"grandeza";" 1.045314e-01"
"  0";"   4";" 0.00";"   -2.635";"gozo";" 1.045314e-01"
"  0";"   4";" 0.00";"   -2.635";"gerente";" 1.045314e-01"
"  0";"   4";" 0.00";"   -2.635";"genza";" 1.045314e-01"
"  0";"   4";" 0.00";"   -2.635";"geer";" 1.045314e-01"
"  0";"   4";" 0.00";"   -2.635";"furg";" 1.045314e-01"
"  0";"   4";" 0.00";"   -2.635";"frutificar";" 1.045314e-01"
"  0";"   4";" 0.00";"   -2.635";"fos";" 1.045314e-01"
"  0";"   4";" 0.00";"   -2.635";"formativo";" 1.045314e-01"
"  0";"   4";" 0.00";"   -2.635";"fonológico";" 1.045314e-01"
"  0";"   4";" 0.00";"   -2.635";"findar";" 1.045314e-01"
"  0";"   4";" 0.00";"   -2.635";"farda";" 1.045314e-01"
"  0";"   4";" 0.00";"   -2.635";"fajuto";" 1.045314e-01"
"  0";"   4";" 0.00";"   -2.635";"expressamente";" 1.045314e-01"
"  0";"   4";" 0.00";"   -2.635";"existencial";" 1.045314e-01"
"  0";"   4";" 0.00";"   -2.635";"estéril";" 1.045314e-01"
"  0";"   4";" 0.00";"   -2.635";"esté";" 1.045314e-01"
"  0";"   4";" 0.00";"   -2.635";"estritamente";" 1.045314e-01"
"  0";"   4";" 0.00";"   -2.635";"estevar";" 1.045314e-01"
"  0";"   4";" 0.00";"   -2.635";"estelionatário";" 1.045314e-01"
"  0";"   4";" 0.00";"   -2.635";"espelhar";" 1.045314e-01"
"  0";"   4";" 0.00";"   -2.635";"esconderijo";" 1.045314e-01"
"  0";"   4";" 0.00";"   -2.635";"enxugará";" 1.045314e-01"
"  0";"   4";" 0.00";"   -2.635";"enumerar";" 1.045314e-01"
"  0";"   4";" 0.00";"   -2.635";"engavetar";" 1.045314e-01"
"  0";"   4";" 0.00";"   -2.635";"encorajamento";" 1.045314e-01"
"  0";"   4";" 0.00";"   -2.635";"en";" 1.045314e-01"
"  0";"   4";" 0.00";"   -2.635";"eliziane";" 1.045314e-01"
"  0";"   4";" 0.00";"   -2.635";"eliel";" 1.045314e-01"
"  0";"   4";" 0.00";"   -2.635";"elegível";" 1.045314e-01"
"  0";"   4";" 0.00";"   -2.635";"eem";" 1.045314e-01"
"  0";"   4";" 0.00";"   -2.635";"duto";" 1.045314e-01"
"  0";"   4";" 0.00";"   -2.635";"distrital";" 1.045314e-01"
"  0";"   4";" 0.00";"   -2.635";"distribuidor";" 1.045314e-01"
"  0";"   4";" 0.00";"   -2.635";"detalhar";" 1.045314e-01"
"  0";"   4";" 0.00";"   -2.635";"despreparado";" 1.045314e-01"
"  0";"   4";" 0.00";"   -2.635";"desobedecer";" 1.045314e-01"
"  0";"   4";" 0.00";"   -2.635";"desmaiar";" 1.045314e-01"
"  0";"   4";" 0.00";"   -2.635";"desgaste";" 1.045314e-01"
"  0";"   4";" 0.00";"   -2.635";"desgastado";" 1.045314e-01"
"  0";"   4";" 0.00";"   -2.635";"descoberto";" 1.045314e-01"
"  0";"   4";" 0.00";"   -2.635";"deputar";" 1.045314e-01"
"  0";"   4";" 0.00";"   -2.635";"deix";" 1.045314e-01"
"  0";"   4";" 0.00";"   -2.635";"cálice";" 1.045314e-01"
"  0";"   4";" 0.00";"   -2.635";"cv";" 1.045314e-01"
"  0";"   4";" 0.00";"   -2.635";"custeio";" 1.045314e-01"
"  0";"   4";" 0.00";"   -2.635";"corretamente";" 1.045314e-01"
"  0";"   4";" 0.00";"   -2.635";"corporativo";" 1.045314e-01"
"  0";"   4";" 0.00";"   -2.635";"confirmação";" 1.045314e-01"
"  0";"   4";" 0.00";"   -2.635";"confiante";" 1.045314e-01"
"  0";"   4";" 0.00";"   -2.635";"condicionar";" 1.045314e-01"
"  0";"   4";" 0.00";"   -2.635";"columbri";" 1.045314e-01"
"  0";"   4";" 0.00";"   -2.635";"columb";" 1.045314e-01"
"  0";"   4";" 0.00";"   -2.635";"chorão";" 1.045314e-01"
"  0";"   4";" 0.00";"   -2.635";"chacoalhar";" 1.045314e-01"
"  0";"   4";" 0.00";"   -2.635";"castração";" 1.045314e-01"
"  0";"   4";" 0.00";"   -2.635";"cassiano";" 1.045314e-01"
"  0";"   4";" 0.00";"   -2.635";"capela";" 1.045314e-01"
"  0";"   4";" 0.00";"   -2.635";"camp";" 1.045314e-01"
"  0";"   4";" 0.00";"   -2.635";"calouro";" 1.045314e-01"
"  0";"   4";" 0.00";"   -2.635";"calamidade";" 1.045314e-01"
"  0";"   4";" 0.00";"   -2.635";"cade";" 1.045314e-01"
"  0";"   4";" 0.00";"   -2.635";"brotar";" 1.045314e-01"
"  0";"   4";" 0.00";"   -2.635";"bronca";" 1.045314e-01"
"  0";"   4";" 0.00";"   -2.635";"bqu";" 1.045314e-01"
"  0";"   4";" 0.00";"   -2.635";"borracha";" 1.045314e-01"
"  0";"   4";" 0.00";"   -2.635";"bncc";" 1.045314e-01"
"  0";"   4";" 0.00";"   -2.635";"betim";" 1.045314e-01"
"  0";"   4";" 0.00";"   -2.635";"belinski";" 1.045314e-01"
"  0";"   4";" 0.00";"   -2.635";"bayer";" 1.045314e-01"
"  0";"   4";" 0.00";"   -2.635";"azevedo";" 1.045314e-01"
"  0";"   4";" 0.00";"   -2.635";"aventura";" 1.045314e-01"
"  0";"   4";" 0.00";"   -2.635";"atemporal";" 1.045314e-01"
"  0";"   4";" 0.00";"   -2.635";"assembleiana";" 1.045314e-01"
"  0";"   4";" 0.00";"   -2.635";"articulado";" 1.045314e-01"
"  0";"   4";" 0.00";"   -2.635";"arpar";" 1.045314e-01"
"  0";"   4";" 0.00";"   -2.635";"arbítrio";" 1.045314e-01"
"  0";"   4";" 0.00";"   -2.635";"aqu";" 1.045314e-01"
"  0";"   4";" 0.00";"   -2.635";"apensar";" 1.045314e-01"
"  0";"   4";" 0.00";"   -2.635";"amo";" 1.045314e-01"
"  0";"   4";" 0.00";"   -2.635";"amaldiçoar";" 1.045314e-01"
"  0";"   4";" 0.00";"   -2.635";"aliviar";" 1.045314e-01"
"  0";"   4";" 0.00";"   -2.635";"ajuste";" 1.045314e-01"
"  0";"   4";" 0.00";"   -2.635";"adeus";" 1.045314e-01"
"  0";"   4";" 0.00";"   -2.635";"acuar";" 1.045314e-01"
"  0";"   4";" 0.00";"   -2.635";"aceso";" 1.045314e-01"
"  0";"   4";" 0.00";"   -2.635";"abrangência";" 1.045314e-01"
"  0";"   4";" 0.00";"   -2.635";"1eo";" 1.045314e-01"
" 17";"  58";"29.31";"   -2.626";"emenda";" 1.051152e-01"
" 17";"  58";"29.31";"   -2.626";"experimentar";" 1.051152e-01"
" 58";" 172";"33.72";"   -2.595";"vivo";" 1.072206e-01"
"  6";"  25";"24.00";"   -2.580";"barro";" 1.082391e-01"
"  6";"  25";"24.00";"   -2.580";"etapa";" 1.082391e-01"
" 23";"  75";"30.67";"   -2.570";"imposto";" 1.089334e-01"
" 14";"  49";"28.57";"   -2.544";"indicação";" 1.106983e-01"
"  7";"  28";"25.00";"   -2.533";"obrigatório";" 1.114533e-01"
"  7";"  28";"25.00";"   -2.533";"operar";" 1.114533e-01"
"  7";"  28";"25.00";"   -2.533";"exposição";" 1.114533e-01"
" 12";"  43";"27.91";"   -2.506";"prazo";" 1.133844e-01"
" 12";"  43";"27.91";"   -2.506";"esforço";" 1.133844e-01"
"  8";"  31";"25.81";"   -2.506";"anistia";" 1.134051e-01"
"  8";"  31";"25.81";"   -2.506";"penal";" 1.134051e-01"
" 11";"  40";"27.50";"   -2.495";"carreira";" 1.142230e-01"
" 11";"  40";"27.50";"   -2.495";"anunciar";" 1.142230e-01"
" 32";" 100";"32.00";"   -2.493";"andré";" 1.143648e-01"
"  9";"  34";"26.47";"   -2.493";"abandonar";" 1.143810e-01"
" 10";"  37";"27.03";"   -2.490";"cercar";" 1.145982e-01"
" 10";"  37";"27.03";"   -2.490";"estupro";" 1.145982e-01"
"  1";"   8";"12.50";"   -2.475";"sujeito";" 1.156850e-01"
"  1";"   8";"12.50";"   -2.475";"notório";" 1.156850e-01"
"  1";"   8";"12.50";"   -2.475";"comprometimento";" 1.156850e-01"
"  1";"   8";"12.50";"   -2.475";"adentrar";" 1.156850e-01"
"  1";"   8";"12.50";"   -2.475";"digão";" 1.156850e-01"
"  1";"   8";"12.50";"   -2.475";"criterioso";" 1.156850e-01"
"  1";"   8";"12.50";"   -2.475";"separado";" 1.156850e-01"
"  1";"   8";"12.50";"   -2.475";"privatização";" 1.156850e-01"
"  1";"   8";"12.50";"   -2.475";"perverso";" 1.156850e-01"
"  1";"   8";"12.50";"   -2.475";"equivocar";" 1.156850e-01"
"  1";"   8";"12.50";"   -2.475";"brilhar";" 1.156850e-01"
"  1";"   8";"12.50";"   -2.475";"apaixonar";" 1.156850e-01"
"  1";"   8";"12.50";"   -2.475";"adoção";" 1.156850e-01"
"  1";"   8";"12.50";"   -2.475";"transtorno";" 1.156850e-01"
"  1";"   8";"12.50";"   -2.475";"santificação";" 1.156850e-01"
"  1";"   8";"12.50";"   -2.475";"renunciar";" 1.156850e-01"
"  1";"   8";"12.50";"   -2.475";"recomposição";" 1.156850e-01"
"  1";"   8";"12.50";"   -2.475";"pass";" 1.156850e-01"
"  1";"   8";"12.50";"   -2.475";"parâmetro";" 1.156850e-01"
"  1";"   8";"12.50";"   -2.475";"pacto";" 1.156850e-01"
"  1";"   8";"12.50";"   -2.475";"ló";" 1.156850e-01"
"  1";"   8";"12.50";"   -2.475";"interação";" 1.156850e-01"
"  1";"   8";"12.50";"   -2.475";"hom";" 1.156850e-01"
"  1";"   8";"12.50";"   -2.475";"fraudar";" 1.156850e-01"
"  1";"   8";"12.50";"   -2.475";"expansão";" 1.156850e-01"
"  1";"   8";"12.50";"   -2.475";"colocação";" 1.156850e-01"
"  1";"   8";"12.50";"   -2.475";"casto";" 1.156850e-01"
"  1";"   8";"12.50";"   -2.475";"capturar";" 1.156850e-01"
"  1";"   8";"12.50";"   -2.475";"baleia";" 1.156850e-01"
"  1";"   8";"12.50";"   -2.475";"arquivar";" 1.156850e-01"
"  1";"   8";"12.50";"   -2.475";"apreender";" 1.156850e-01"
"  1";"   8";"12.50";"   -2.475";"zelar";" 1.156850e-01"
"  1";"   8";"12.50";"   -2.475";"tabela";" 1.156850e-01"
"  1";"   8";"12.50";"   -2.475";"rampa";" 1.156850e-01"
"  1";"   8";"12.50";"   -2.475";"queima";" 1.156850e-01"
"  1";"   8";"12.50";"   -2.475";"prego";" 1.156850e-01"
"  1";"   8";"12.50";"   -2.475";"liv";" 1.156850e-01"
"  1";"   8";"12.50";"   -2.475";"instalação";" 1.156850e-01"
"  1";"   8";"12.50";"   -2.475";"impossibilitar";" 1.156850e-01"
"  1";"   8";"12.50";"   -2.475";"grau";" 1.156850e-01"
"  1";"   8";"12.50";"   -2.475";"geraldo";" 1.156850e-01"
"  1";"   8";"12.50";"   -2.475";"desonestidade";" 1.156850e-01"
"  1";"   8";"12.50";"   -2.475";"colmeia";" 1.156850e-01"
"  1";"   8";"12.50";"   -2.475";"cobertura";" 1.156850e-01"
"  1";"   8";"12.50";"   -2.475";"citado";" 1.156850e-01"
"  1";"   8";"12.50";"   -2.475";"carla";" 1.156850e-01"
"  1";"   8";"12.50";"   -2.475";"cap";" 1.156850e-01"
"  1";"   8";"12.50";"   -2.475";"biblicamente";" 1.156850e-01"
"  1";"   8";"12.50";"   -2.475";"atormentar";" 1.156850e-01"
"  1";"   8";"12.50";"   -2.475";"artur";" 1.156850e-01"
"  1";"   8";"12.50";"   -2.475";"anexo";" 1.156850e-01"
"  1";"   8";"12.50";"   -2.475";"ajustar";" 1.156850e-01"
"  1";"   8";"12.50";"   -2.475";"agradecimento";" 1.156850e-01"
"  1";"   8";"12.50";"   -2.475";"adicionar";" 1.156850e-01"
" 36";" 111";"32.43";"   -2.466";"terminar";" 1.162998e-01"
"  3";"  15";"20.00";"   -2.435";"esfera";" 1.186212e-01"
"  3";"  15";"20.00";"   -2.435";"dosimetria";" 1.186212e-01"
"  3";"  15";"20.00";"   -2.435";"abalar";" 1.186212e-01"
" 24";"  77";"31.17";"   -2.353";"cidadão";" 1.250033e-01"
" 23";"  74";"31.08";"   -2.308";"absolutamente";" 1.286909e-01"
"  4";"  18";"22.22";"   -2.301";"medir";" 1.292959e-01"
"  4";"  18";"22.22";"   -2.301";"dezembro";" 1.292959e-01"
"  4";"  18";"22.22";"   -2.301";"acalmar";" 1.292959e-01"
"  4";"  18";"22.22";"   -2.301";"timóteo";" 1.292959e-01"
"  4";"  18";"22.22";"   -2.301";"repassar";" 1.292959e-01"
"  4";"  18";"22.22";"   -2.301";"exercício";" 1.292959e-01"
"  4";"  18";"22.22";"   -2.301";"dano";" 1.292959e-01"
"  4";"  18";"22.22";"   -2.301";"michele";" 1.292959e-01"
" 28";"  88";"31.82";"   -2.297";"acusar";" 1.296007e-01"
" 15";"  51";"29.41";"   -2.264";"vermelho";" 1.324323e-01"
" 36";" 110";"32.73";"   -2.250";"visão";" 1.336053e-01"
"169";" 465";"36.34";"   -2.242";"antes";" 1.342989e-01"
"  5";"  21";"23.81";"   -2.219";"janela";" 1.362775e-01"
"  5";"  21";"23.81";"   -2.219";"incentivar";" 1.362775e-01"
"  5";"  21";"23.81";"   -2.219";"constante";" 1.362775e-01"
"  5";"  21";"23.81";"   -2.219";"regular";" 1.362775e-01"
"  5";"  21";"23.81";"   -2.219";"lógica";" 1.362775e-01"
"  5";"  21";"23.81";"   -2.219";"honrado";" 1.362775e-01"
" 31";"  96";"32.29";"   -2.215";"quarto";" 1.366632e-01"
" 13";"  45";"28.89";"   -2.205";"década";" 1.375739e-01"
" 13";"  45";"28.89";"   -2.205";"treva";" 1.375739e-01"
" 39";" 118";"33.05";"   -2.196";"livre";" 1.383754e-01"
" 12";"  42";"28.57";"   -2.180";"cpi";" 1.398008e-01"
"  6";"  24";"25.00";"   -2.171";"faixa";" 1.406149e-01"
"  6";"  24";"25.00";"   -2.171";"verificar";" 1.406149e-01"
"  6";"  24";"25.00";"   -2.171";"multa";" 1.406149e-01"
"  6";"  24";"25.00";"   -2.171";"tm";" 1.406149e-01"
" 53";" 156";"33.97";"   -2.157";"sistema";" 1.419215e-01"
"  7";"  27";"25.93";"   -2.145";"funcionário";" 1.430304e-01"
"  7";"  27";"25.93";"   -2.145";"amizade";" 1.430304e-01"
"  9";"  33";"27.27";"   -2.135";"soldado";" 1.439757e-01"
"  9";"  33";"27.27";"   -2.135";"adotar";" 1.439757e-01"
"  8";"  30";"26.67";"   -2.134";"fernanda";" 1.440301e-01"
"  8";"  30";"26.67";"   -2.134";"saudável";" 1.440301e-01"
"  8";"  30";"26.67";"   -2.134";"reconhecimento";" 1.440301e-01"
" 19";"  62";"30.65";"   -2.133";"qu";" 1.441372e-01"
"  2";"  11";"18.18";"   -2.130";"páscoa";" 1.444084e-01"
"  2";"  11";"18.18";"   -2.130";"porte";" 1.444084e-01"
"  2";"  11";"18.18";"   -2.130";"dinâmica";" 1.444084e-01"
"  2";"  11";"18.18";"   -2.130";"prejudicado";" 1.444084e-01"
"  2";"  11";"18.18";"   -2.130";"mané";" 1.444084e-01"
"  2";"  11";"18.18";"   -2.130";"reinado";" 1.444084e-01"
"  2";"  11";"18.18";"   -2.130";"prévio";" 1.444084e-01"
"  2";"  11";"18.18";"   -2.130";"poupar";" 1.444084e-01"
"  2";"  11";"18.18";"   -2.130";"instrução";" 1.444084e-01"
"  2";"  11";"18.18";"   -2.130";"indevido";" 1.444084e-01"
"  2";"  11";"18.18";"   -2.130";"imenso";" 1.444084e-01"
"  2";"  11";"18.18";"   -2.130";"explanar";" 1.444084e-01"
"  2";"  11";"18.18";"   -2.130";"escopo";" 1.444084e-01"
"  2";"  11";"18.18";"   -2.130";"determinação";" 1.444084e-01"
"  2";"  11";"18.18";"   -2.130";"cunha";" 1.444084e-01"
"  2";"  11";"18.18";"   -2.130";"contradizer";" 1.444084e-01"
"  2";"  11";"18.18";"   -2.130";"cnn";" 1.444084e-01"
"  2";"  11";"18.18";"   -2.130";"acolher";" 1.444084e-01"
" 17";"  56";"30.36";"   -2.051";"indicar";" 1.521385e-01"
" 16";"  53";"30.19";"   -2.011";"rapaz";" 1.561497e-01"
" 16";"  53";"30.19";"   -2.011";"plantar";" 1.561497e-01"
" 16";"  53";"30.19";"   -2.011";"descer";" 1.561497e-01"
"*****";"*";"*";"*";"*";"*"
"1083";" 4190";"25.85";"-404.188";"nós";"6.751093e-90"
"  53";"  567";" 9.35";"-223.405";"teu";"1.635685e-50"
"  58";"  548";"10.58";"-198.536";"tua";"4.358833e-45"
" 167";"  861";"19.40";"-153.706";"nome";"2.685411e-35"
" 466";" 1782";"26.15";"-147.375";"nosso";"6.497376e-34"
" 389";" 1544";"25.19";"-144.847";"nossa";"2.320049e-33"
" 423";" 1643";"25.75";"-143.254";"ao";"5.171296e-33"
"8259";"21504";"38.41";"-110.261";"de";"8.590403e-26"
"6937";"18356";"37.79";"-106.698";"a";"5.184059e-25"
" 258";" 1046";"24.67";"-103.214";"haver";"3.008657e-24"
"  19";"  204";" 9.31";" -79.376";"vossa";"5.135350e-19"
"  42";"  278";"15.11";" -71.073";"21";"3.442382e-17"
"   6";"  134";" 4.48";" -69.852";"ti";"6.392089e-17"
" 549";" 1782";"30.81";" -63.518";"eh";"1.589482e-15"
"  23";"  189";"12.17";" -60.334";"excelência";"8.003807e-15"
"5534";"14654";"37.76";" -56.119";"em";"6.822377e-14"
" 456";" 1462";"31.19";" -47.084";"sobre";"6.800917e-12"
" 254";"  884";"28.73";" -46.124";"aquele";"1.110038e-11"
"2557";" 7017";"36.44";" -43.594";"por";"4.040099e-11"
"  10";"  104";" 9.62";" -39.507";"connosco";"3.268465e-10"
"1153";" 3293";"35.01";" -34.946";"dizer";"3.389281e-09"
" 176";"  612";"28.76";" -31.431";"cada";"2.066848e-08"
"  39";"  192";"20.31";" -30.409";"este";"3.499631e-08"
"  30";"  155";"19.35";" -26.992";"esta";"2.042859e-07"
" 380";" 1164";"32.65";" -25.447";"tempo";"4.547384e-07"
"  38";"  174";"21.84";" -23.374";"após";"1.333747e-06"
"  17";"  102";"16.67";" -22.715";"2023";"1.878556e-06"
" 738";" 2106";"35.04";" -20.927";"seu";"4.771252e-06"
"   3";"   42";" 7.14";" -18.638";"iniciar";"1.580634e-05"
"1284";" 3526";"36.42";" -18.617";"todo";"1.597560e-05"
" 168";"  543";"30.94";" -17.835";"segundo";"2.409076e-05"
"  28";"  127";"22.05";" -16.634";"bilhão";"4.534068e-05"
"  38";"  158";"24.05";" -16.286";"6";"5.446649e-05"
"   5";"   46";"10.87";" -16.011";"v";"6.298026e-05"
"  60";"  224";"26.79";" -15.770";"8";"7.153739e-05"
"   7";"   53";"13.21";" -15.582";"vos";"7.900351e-05"
"  10";"   63";"15.87";" -14.990";"h";"1.081012e-04"
"  32";"  136";"23.53";" -14.954";"7";"1.101790e-04"
"  19";"   92";"20.65";" -14.008";"17";"1.819952e-04"
"  95";"  321";"29.60";" -13.896";"último";"1.931638e-04"
"  65";"  231";"28.14";" -13.040";"3";"3.049217e-04"
"  12";"   66";"18.18";" -12.810";"19";"3.447152e-04"
" 848";" 2332";"36.36";" -12.031";"sua";"5.231895e-04"
"   2";"   27";" 7.41";" -11.780";"ambos";"5.985686e-04"
"   2";"   27";" 7.41";" -11.780";"vós";"5.985686e-04"
" 456";" 1294";"35.24";" -11.392";"te";"7.377074e-04"
"  56";"  198";"28.28";" -10.886";"2";"9.691927e-04"
"   1";"   21";" 4.76";" -10.722";"74";"1.058570e-03"
"  25";"  104";"24.04";" -10.713";"lhe";"1.063737e-03"
"  99";"  321";"30.84";" -10.683";"entre";"1.081015e-03"
"  36";"  137";"26.28";" -10.382";"terceiro";"1.272493e-03"
" 392";" 1116";"35.13";" -10.256";"pro";"1.362704e-03"
"   6";"   40";"15.00";" -10.218";"contigo";"1.390986e-03"
"6836";"17497";"39.07";" -10.026";"o";"1.543469e-03"
"  18";"   80";"22.50";"  -9.929";"9";"1.627145e-03"
"  27";"  107";"25.23";"  -9.406";"11";"2.162461e-03"
"  59";"  201";"29.35";"  -9.078";"5";"2.586666e-03"
"  20";"   84";"23.81";"  -8.900";"2024";"2.850970e-03"
"  12";"   58";"20.69";"  -8.785";"l";"3.037724e-03"
"   3";"   26";"11.54";"  -8.628";"27";"3.310750e-03"
"   3";"   25";"12.00";"  -8.026";"31";"4.611011e-03"
"  13";"   59";"22.03";"  -7.718";"sexto";"5.467401e-03"
"  20";"   81";"24.69";"  -7.656";"t";"5.658097e-03"
"  59";"  196";"30.10";"  -7.617";"4";"5.781835e-03"
" 106";"  326";"32.52";"  -7.142";"10";"7.531911e-03"
"  54";"  179";"30.17";"  -6.857";"tu";"8.829018e-03"
"   2";"   19";"10.53";"  -6.764";"vosso";"9.300451e-03"
"   2";"   19";"10.53";"  -6.764";"34";"9.300451e-03"
"  66";"  212";"31.13";"  -6.571";"1";"1.036379e-02"
"  27";"   99";"27.27";"  -6.422";"aonde";"1.127255e-02"
"   2";"   18";"11.11";"  -6.154";"décimo";"1.311377e-02"
"   5";"   29";"17.24";"  -6.122";"oh";"1.334954e-02"
"  21";"   80";"26.25";"  -6.073";"s";"1.372426e-02"
"  13";"   55";"23.64";"  -5.948";"26";"1.473085e-02"
"  14";"   58";"24.14";"  -5.888";"23";"1.524295e-02"
" 113";"  339";"33.33";"  -5.837";"fim";"1.569526e-02"
" 393";" 1085";"36.22";"  -5.767";"primeiro";"1.633427e-02"
"   6";"   31";"19.35";"  -5.372";"2021";"2.046756e-02"
"   4";"   24";"16.67";"  -5.328";"36";"2.098448e-02"
"  35";"  119";"29.41";"  -5.297";"22";"2.136752e-02"
"   0";"    8";" 0.00";"  -5.271";"79";"2.168524e-02"
"   0";"    8";" 0.00";"  -5.271";"117";"2.168524e-02"
"  11";"   47";"23.40";"  -5.229";"apesar";"2.220891e-02"
" 172";"  495";"34.75";"  -5.195";"povo";"2.265792e-02"
"   5";"   27";"18.52";"  -5.070";"apontar";"2.434350e-02"
"   1";"   12";" 8.33";"  -4.937";"57";"2.628887e-02"
"   7";"   33";"21.21";"  -4.723";"isto";"2.976845e-02"
"  16";"   61";"26.23";"  -4.641";"2022";"3.120890e-02"
"   6";"   29";"20.69";"  -4.387";"2019";"3.620920e-02"
"   2";"   15";"13.33";"  -4.362";"cuja";"3.675821e-02"
"   1";"   11";" 9.09";"  -4.309";"mediante";"3.790144e-02"
"  26";"   89";"29.21";"  -4.110";"16";"4.262171e-02"
"  11";"   44";"25.00";"  -3.984";"25";"4.594092e-02"
"   0";"    6";" 0.00";"  -3.953";"88";"4.679258e-02"
"   0";"    6";" 0.00";"  -3.953";"52";"4.679258e-02"
"   0";"    6";" 0.00";"  -3.953";"54";"4.679258e-02"
"  17";"   62";"27.42";"  -3.922";"i";"4.766809e-02"
"1222";" 3205";"38.13";"  -3.844";"esse";"4.992718e-02"
"   1";"   10";"10.00";"  -3.688";"95";"5.479401e-02"
"  21";"   73";"28.77";"  -3.662";"n";"5.567065e-02"
"  34";"  110";"30.91";"  -3.574";"14";"5.867448e-02"
" 263";"  724";"36.33";"  -3.566";"sem";"5.896283e-02"
"   7";"   30";"23.33";"  -3.365";"33";"6.660844e-02"
"  89";"  260";"34.23";"  -3.295";"desde";"6.950935e-02"
"   0";"    5";" 0.00";"  -3.294";"2030";"6.953792e-02"
"   0";"    5";" 0.00";"  -3.294";"convosco";"6.953792e-02"
"   0";"    5";" 0.00";"  -3.294";"108";"6.953792e-02"
"   2";"   13";"15.38";"  -3.215";"46";"7.297960e-02"
"   2";"   13";"15.38";"  -3.215";"sétimo";"7.297960e-02"
"   2";"   13";"15.38";"  -3.215";"39";"7.297960e-02"
"  53";"  161";"32.92";"  -3.121";"maioria";"7.728288e-02"
"  42";"  129";"32.56";"  -2.770";"15";"9.603064e-02"
"   2";"   12";"16.67";"  -2.663";"1000";"1.027224e-01"
"   0";"    4";" 0.00";"  -2.635";"170";"1.045314e-01"
"   0";"    4";" 0.00";"  -2.635";"eminência";"1.045314e-01"
"   0";"    4";" 0.00";"  -2.635";"365";"1.045314e-01"
"   0";"    4";" 0.00";"  -2.635";"3385";"1.045314e-01"
"   0";"    4";" 0.00";"  -2.635";"2011";"1.045314e-01"
"   0";"    4";" 0.00";"  -2.635";"2007";"1.045314e-01"
"   0";"    4";" 0.00";"  -2.635";"07";"1.045314e-01"
"1155";" 3011";"38.36";"  -2.609";"essa";"1.062803e-01"
"   9";"   34";"26.47";"  -2.493";"28";"1.143810e-01"
"   1";"    8";"12.50";"  -2.475";"56";"1.156850e-01"
"   1";"    8";"12.50";"  -2.475";"53";"1.156850e-01"
"   3";"   15";"20.00";"  -2.435";"32";"1.186212e-01"
"   5";"   21";"23.81";"  -2.219";"2025";"1.362775e-01"
"*";"*";"*";"*";"*";"*"
"48";"570";" 8.42";"-238.530";"*_texto51";"8.226126e-54"
"56";"557";"10.05";"-209.286";"*_texto105";"1.966635e-47"
"46";"490";" 9.39";"-191.948";"*_texto88";"1.194555e-43"
"45";"474";" 9.49";"-184.265";"*_texto55";"5.679962e-42"
"40";"444";" 9.01";"-177.966";"*_texto103";"1.347791e-40"
"16";"339";" 4.72";"-175.746";"*_texto115";"4.114067e-40"
"29";"352";" 8.24";"-147.705";"*_texto144";"5.503189e-34"
"20";"313";" 6.39";"-146.992";"*_texto89";"7.878877e-34"
"73";"518";"14.09";"-144.997";"*_texto107";"2.151072e-33"
"52";"435";"11.95";"-142.459";"*_texto384";"7.717007e-33"
"26";"265";" 9.81";"-100.009";"*_texto181";"1.517216e-23"
"14";"213";" 6.57";" -98.534";"*_texto370";"3.194604e-23"
"18";"215";" 8.37";" -88.959";"*_texto73";"4.031455e-21"
"15";"197";" 7.61";" -85.439";"*_texto85";"2.389548e-20"
"18";"200";" 9.00";" -79.421";"*_texto173";"5.018564e-19"
"19";"202";" 9.41";" -78.115";"*_texto161";"9.721106e-19"
"35";"264";"13.26";" -77.984";"*_texto168";"1.038814e-18"
"17";"189";" 8.99";" -75.046";"*_texto68";"4.599860e-18"
"37";"265";"13.96";" -74.167";"*_texto162";"7.177368e-18"
"25";"216";"11.57";" -72.045";"*_texto99";"2.103554e-17"
"97";"468";"20.73";" -71.791";"*_texto174";"2.392317e-17"
"31";"235";"13.19";" -69.683";"*_texto385";"6.964465e-17"
"34";"245";"13.88";" -68.966";"*_texto100";"1.001887e-16"
"40";"263";"15.21";" -66.646";"*_texto169";"3.249839e-16"
"31";"229";"13.54";" -66.129";"*_texto96";"4.222988e-16"
"96";"451";"21.29";" -65.120";"*_texto164";"7.047944e-16"
"13";"153";" 8.50";" -62.646";"*_texto176";"2.474161e-15"
"17";"167";"10.18";" -61.238";"*_texto81";"5.057265e-15"
"30";"209";"14.35";" -56.599";"*_texto79";"5.343692e-14"
"44";"251";"17.53";" -52.101";"*_texto165";"5.272949e-13"
"24";"172";"13.95";" -47.991";"*_texto178";"4.282326e-12"
"26";"178";"14.61";" -47.189";"*_texto175";"6.446274e-12"
"24";"156";"15.38";" -38.799";"*_texto386";"4.698096e-10"
"28";"159";"17.61";" -32.644";"*_texto84";"1.106696e-08"
"38";"191";"19.90";" -31.564";"*_texto86";"1.929459e-08"
"36";"184";"19.57";" -31.420";"*_texto166";"2.078198e-08"
"16";"111";"14.41";" -29.799";"*_texto180";"4.792699e-08"
"35";"174";"20.11";" -28.102";"*_texto376";"1.151097e-07"
"27";"144";"18.75";" -26.577";"*_texto76";"2.532170e-07"
"22";"126";"17.46";" -26.186";"*_texto399";"3.100797e-07"
"10";" 82";"12.20";" -26.015";"*_texto358";"3.387087e-07"
"43";"188";"22.87";" -22.431";"*_texto387";"2.177931e-06"
"15";" 91";"16.48";" -20.580";"*_texto72";"5.718968e-06"
"11";" 69";"15.94";" -16.326";"*_texto137";"5.331968e-05"
" 2";" 32";" 6.25";" -14.983";"*_texto26";"1.084590e-04"
"12";" 68";"17.65";" -13.863";"*_texto83";"1.965838e-04"
"62";"224";"27.68";" -13.666";"*_texto172";"2.183580e-04"
"25";"110";"22.73";" -13.310";"*_texto87";"2.640048e-04"
"19";" 90";"21.11";" -13.051";"*_texto91";"3.031622e-04"
" 4";" 35";"11.43";" -11.709";"*_texto154";"6.218747e-04"
" 1";" 22";" 4.55";" -11.373";"*_texto64";"7.452658e-04"
" 6";" 42";"14.29";" -11.359";"*_texto31";"7.509414e-04"
" 9";" 52";"17.31";" -10.923";"*_texto56";"9.497285e-04"
"28";"113";"24.78";" -10.570";"*_texto437";"1.149152e-03"
" 2";" 25";" 8.00";" -10.510";"*_texto126";"1.187034e-03"
" 3";" 29";"10.34";" -10.457";"*_texto57";"1.221650e-03"
" 3";" 28";"10.71";"  -9.844";"*_texto371";"1.704002e-03"
" 5";" 35";"14.29";"  -9.463";"*_texto119";"2.096636e-03"
" 1";" 19";" 5.26";"  -9.424";"*_texto10";"2.141629e-03"
" 4";" 30";"13.33";"  -8.728";"*_texto357";"3.132898e-03"
" 0";" 13";" 0.00";"  -8.567";"*_texto63";"3.423349e-03"
"34";"125";"27.20";"  -8.212";"*_texto77";"4.161251e-03"
" 7";" 39";"17.95";"  -7.726";"*_texto32";"5.442642e-03"
" 1";" 16";" 6.25";"  -7.487";"*_texto441";"6.214903e-03"
" 2";" 20";"10.00";"  -7.380";"*_texto177";"6.596617e-03"
"34";"122";"27.87";"  -7.180";"*_texto75";"7.372179e-03"
" 1";" 15";" 6.67";"  -6.845";"*_texto433";"8.889052e-03"
" 3";" 23";"13.04";"  -6.838";"*_texto425";"8.925162e-03"
" 5";" 30";"16.67";"  -6.662";"*_texto40";"9.850669e-03"
" 5";" 30";"16.67";"  -6.662";"*_texto183";"9.850669e-03"
" 0";"  9";" 0.00";"  -5.930";"*_texto306";"1.488558e-02"
"10";" 45";"22.22";"  -5.759";"*_texto69";"1.640834e-02"
"26";" 94";"27.66";"  -5.723";"*_texto78";"1.674472e-02"
" 7";" 35";"20.00";"  -5.687";"*_texto101";"1.708876e-02"
" 8";" 38";"21.05";"  -5.533";"*_texto360";"1.865625e-02"
" 6";" 31";"19.35";"  -5.372";"*_texto60";"2.046756e-02"
" 6";" 30";"20.00";"  -4.874";"*_texto444";"2.726747e-02"
" 7";" 33";"21.21";"  -4.723";"*_texto157";"2.976845e-02"
" 0";"  7";" 0.00";"  -4.612";"*_texto391";"3.175229e-02"
" 5";" 26";"19.23";"  -4.559";"*_texto111";"3.273931e-02"
" 9";" 39";"23.08";"  -4.514";"*_texto48";"3.362324e-02"
" 2";" 15";"13.33";"  -4.362";"*_texto23";"3.675821e-02"
" 4";" 22";"18.18";"  -4.263";"*_texto15";"3.896101e-02"
"10";" 41";"24.39";"  -4.026";"*_texto450";"4.480975e-02"
" 0";"  6";" 0.00";"  -3.953";"*_texto167";"4.679258e-02"
" 0";"  6";" 0.00";"  -3.953";"*_texto287";"4.679258e-02"
" 2";" 14";"14.29";"  -3.782";"*_texto54";"5.180692e-02"
" 8";" 34";"23.53";"  -3.723";"*_texto34";"5.366349e-02"
" 5";" 24";"20.83";"  -3.575";"*_texto19";"5.863980e-02"
"36";"115";"31.30";"  -3.409";"*_texto70";"6.482218e-02"
" 0";"  5";" 0.00";"  -3.294";"*_texto312";"6.953792e-02"
" 2";" 13";"15.38";"  -3.215";"*_texto58";"7.297960e-02"
" 2";" 13";"15.38";"  -3.215";"*_texto151";"7.297960e-02"
" 2";" 13";"15.38";"  -3.215";"*_texto186";"7.297960e-02"
" 5";" 23";"21.74";"  -3.105";"*_texto109";"7.803347e-02"
" 6";" 26";"23.08";"  -3.008";"*_texto368";"8.287469e-02"
" 7";" 29";"24.14";"  -2.941";"*_texto3";"8.637549e-02"
" 7";" 29";"24.14";"  -2.941";"*_texto106";"8.637549e-02"
" 5";" 22";"22.73";"  -2.653";"*_texto93";"1.033813e-01"
" 0";"  4";" 0.00";"  -2.635";"*_texto110";"1.045314e-01"
"13";" 46";"28.26";"  -2.523";"*_texto44";"1.121830e-01"
"11";" 40";"27.50";"  -2.495";"*_texto150";"1.142230e-01"
"10";" 37";"27.03";"  -2.490";"*_texto4";"1.145982e-01"
" 3";" 15";"20.00";"  -2.435";"*_texto355";"1.186212e-01"
" 3";" 15";"20.00";"  -2.435";"*_texto427";"1.186212e-01"
" 4";" 18";"22.22";"  -2.301";"*_texto352";"1.292959e-01"
" 6";" 24";"25.00";"  -2.171";"*_texto12";"1.406149e-01"
