"";"classe 1";"classe 2";"classe 3";"classe 4"
"aqui";-0,344;-53,481;-8,859;84,698
"né";-709,857;0,002;-102,084;793,627
"gente";-1,606;39,586;-175,993;14,296
"falar";-225,178;-6,431;-53,258;372,144
"então";-35,396;3,615;-190,113;144,193
"aí";-412,842;-106,986;-12,653;809,046
"porque";-134,957;-1,024;-0,154;113,271
"deus";-852,158;5970,066;-394,668;-1238,836
"senhor";-10,321;1817,561;-24,923;-1140,827
"querer";2,757;1,517;-38,347;2,306
"pessoa";-571,367;-3,787;7,859;377,591
"muito";-0,893;-2,259;-113,7;82,382
"também";22,674;-1,236;4,064;-17,187
"assim";-249,479;39,898;-103,171;183,825
"só";-7,082;-113,617;-28,063;240,397
"já";7,101;-47,449;-21,765;52,69
"dar";-39,92;-5,682;-8,559;85,567
"agora";-57,839;-0,363;38,14;7,519
"quando";-106,031;53,102;-4,721;9,059
"deputado";3388,502;-592,918;-6,178;-533,564
"dia";-91,74;209,133;9,081;-57,827
"ficar";-105,649;-47,831;-25,057;325,143
"mesmo";-107,564;-55,231;13,034;169,057
"lá";-132,596;-133,028;1,556;371,582
"coisa";-184,838;5,153;-77,348;214,544
"brasil";-16,131;-6,371;41,388;2,082
"hoje";-11,75;2,544;0,091;1,232
"tudo";-201,75;1,583;-16,775;169,96
"presidente";1582,239;-564,946;10,031;-151,574
"ano";49,687;-83,338;53,148;-3,893
"vida";-226,939;601,392;-28,147;-50,447
"ali";-174,051;-28,624;2,542;215,172
"pai";-187,101;1150,682;-67,278;-227,632
"achar";-7,373;-62,373;-51,003;200,998
"bom";-5,426;-15,12;-79,534;127,436
"precisar";-0,139;9,176;-30,313;1,115
"até";-5,394;-23,965;6,454;22,966
"oração";-304,155;2579;-141,797;-640,037
"colocar";-1,018;-28,519;2,874;21,952
"cara";-308,073;-11,073;-10,089;377,38
"orar";-298,08;2245,421;-122,308;-521,347
"educação";3722,274;-471,398;-117,776;-501,988
"vir";-32,128;144,407;-7,456;-22,938
"acontecer";-65,183;-64,793;24,01;118,192
"jesus";-271,592;2097,509;-133,494;-469,828
"país";12,9;-42,706;82,548;-7,485
"olhar";-81,938;5,955;-16,247;59,383
"pedir";2,219;92,63;-0,003;-102,498
"palavra";5,299;705,745;-92,511;-413,292
"vez";-0,526;3,532;-8,705;0,571
"deixar";-47,975;-1,883;-10,38;80,941
"escola";2045,955;-334,853;-96,059;-180,269
"mundo";-126,111;-1,115;-10,957;150,3
"bem";-16,781;-5,868;-6,022;51,459
"passar";0,113;-3,208;-16,687;16,312
"conseguir";-34,757;-17,674;-25,595;143,547
"fato";-4,459;-124,692;7,15;107,389
"chegar";-50,357;-18,059;-11,247;141,482
"filho";-73,586;200,382;-4,485;-23,114
"criança";223,235;-118,074;-17,088;0,394
"obrigar";287,648;0,384;-39,684;-105,805
"igreja";-189,656;699,616;-71,358;-62,548
"realmente";-81,875;-2,013;-10,463;116,079
"esquerdo";-2,435;-340,195;47,952;193,876
"exemplo";-6,515;-168,749;0,603;186,225
"casa";-9,921;2,723;-7,641;7,949
"inclusive";113,055;-210,859;36,535;0,867
"nada";-59,442;-11,485;1,469;74,555
"lula";-7,004;-332,059;898,002;-0,111
"homem";-134,241;216,719;9,213;-38,776
"direito";38,492;-213,535;24,896;28,112
"tô";-61,531;-4,082;-27,821;136,331
"depois";-27,128;-1,054;-4,842;43,779
"mulher";-64,104;0,97;7,554;14,552
"música";-59,567;171,5;-12,701;-12,852
"família";-55,179;173,008;-3,097;-25,436
"bolsonaro";-71,181;-288,663;530,597;59,649
"algo";-79,958;5;-14,194;58,306
"nicolas";-62,346;45,814;-5,809;2,865
"entender";-14,838;0,01;-32,852;45,608
"governo";251,964;-160,62;72,83;-44,374
"dentro";-31,054;-7,249;-3,054;66,703
"momento";-23,957;223,538;-34,657;-37,209
"coração";-177,927;1211,711;-79,851;-246,913
"forma";49,72;-40,863;-4,022;2,27
"chamar";-87,492;50,635;8,84;-0,871
"começar";-59,72;88,117;-19,314;0,167
"projeto";1343,403;-181,182;-36,972;-178,415
"dever";53,844;-68,261;13,255;-0,42
"grande";10,861;-0,129;-3,267;-1,38
"questão";393,321;-114,7;-29,312;-7,108
"ainda";3,638;-2,469;-2,265;0,783
"público";757,541;-228,635;2,264;-86,599
"ministro";178,806;-191,749;425,301;-129,303
"comissão";2420,223;-268,806;-55,597;-397,558
"acreditar";-2,263;-0,047;-5,278;8,489
"existir";-10,976;-0,199;-4,885;20,627
"entrar";-34,642;17,597;-13,545;10,714
"sempre";-33,549;17,186;-13,386;10,426
"brasileiro";90,342;-55,569;26,918;-17,341
"sim";14,955;-26,319;2,207;0,436
"professor";870,21;-190,749;-43,022;-47,657
"cristão";-125,464;10,153;-41,417;106,485
"nação";-114,165;1006,849;-53,605;-257,821
"contar";-17,723;-38,331;29,489;32,019
"pessoal";-24,628;-21,96;-15,147;119,115
"talvez";-55,435;4,147;-17,406;47,151
"hora";-62,846;1,921;0,553;21,874
"nunca";-47,844;-1,375;11,733;20,206
"importante";250,81;-44,645;-17,406;-15,726
"vídeo";-94,132;-161,139;1,763;354,509
"mostrar";-13,577;-108,059;-4,102;195,189
"ouvir";-13,302;92,073;-9,717;-15,459
"novo";56,173;1,706;-15,349;-22,754
"tomar";-40,956;-41,581;5,339;94,101
"sair";-33,601;-0,534;-0,537;34,44
"política";0,041;-50,071;-17,862;83,737
"trazer";0,073;132,399;-22,02;-61,972
"continuar";-9,025;29,041;-0,431;-4,578
"claro";5,04;-59,691;2,129;19,443
"lugar";-23,845;111,905;-4,163;-20,597
"tão";-22,172;12,953;-13,332;8,128
"meio";-3,802;1,419;-20,736;11,765
"bíblia";-121,548;493,365;-44,276;-54,251
"pastor";-79,625;375,811;-19,903;-61,926
"caso";46,331;-116,182;33,166;0,562
"jovem";-6,179;4,505;-33,699;14,526
"amém";-102,692;923,819;-51,201;-236,251
"espírito";-105,765;987,91;-58,24;-252,906
"lembrar";-18,173;5,688;-0,375;2,714
"certo";-18,056;-17,479;-31,227;120,198
"acabar";-6,412;-38,825;-0,139;65,481
"contrário";-0,028;-72,668;8,74;37,743
"viver";-74,171;236,285;-18,427;-20,255
"defender";-1,021;-109,883;41,754;40,663
"problema";57,02;-49,653;-2,014;1,763
"próprio";8,295;-30,761;15,703;0,06
"político";3,023;-32,646;15,029;1,915
"maior";-1,683;1,788;0,257;-0,266
"simplesmente";-57,582;-89,766;17,563;150,336
"lado";-17,642;-24,716;4,711;43,956
"santo";-74,101;586,031;-36,341;-134,372
"dinheiro";-1,004;-134,2;139,694;15,377
"tirar";-28,405;-7,615;-3,954;67,047
"história";-29,281;9,876;-2,889;6,665
"antes";0,384;13,076;-13,347;-2,242
"cristo";-92,225;547,367;-43,14;-93,66
"paulo";2,257;0,802;4,962;-12,237
"ponto";92,972;-49,7;-0,05;-1,31
"relação";143,112;-91,279;0,489;-1,697
"levantar";-53,589;301,785;-13,333;-61,246
"certeza";-37,24;19,735;0,19;0,305
"receber";2,688;3,827;8,03;-24,884
"milhão";1,882;-117,771;45,911;20,969
"seguinte";-1,115;-21,353;-9,966;51,838
"mão";-44,476;182,313;-2,157;-38,117
"voltar";-14,132;8,661;-6,004;3,649
"amigo";-69,229;-0,442;17,067;22,156
"federal";579,754;-151,563;12,96;-109,686
"pensar";-7,885;-1,447;-27,858;46,549
"gostar";126,711;-61,003;-6,402;-0,065
"abrir";-8,814;67,966;-3,554;-16,209
"votar";203,394;-127,265;3,395;-5,326
"segurança";438,53;-127,11;4,478;-62,786
"respeito";56,183;-42,387;-0,018;0,002
"conhecer";-39,745;40,596;-2,173;0,026
"levar";-5,974;2,289;-0,692;1,256
"lei";425,719;-59,13;-0,158;-87,906
"amor";-83,968;207,726;-13,778;-12,514
"mudar";-47,98;0,93;-28,504;67,2
"nacional";742,07;-123,746;0,744;-153,126
"graça";-81,762;310,478;-21,683;-36,062
"perder";-12,197;-2,117;-2,24;26,653
"mãe";-56,265;21,105;-1,326;6,641
"ler";7,558;18,337;-17,559;-12,249
"melhor";8,886;-2,885;-9,342;1,289
"ganhar";-16,611;-77,938;-6,787;174,464
"fossar";-11,391;-28,112;30,423;16,793
"the";-1,967;-0,069;0,011;1,736
"terra";-74,234;518,457;-18,258;-129,65
"livro";-4,547;-2,153;-30,068;44,249
"glória";-77,895;720,08;-38,306;-189,105
"pergunta";-2,417;-12,01;1,15;14,367
"menos";-0,003;-34,941;0,104;28,399
"chamado";-23,195;48,539;-1,576;-3,045
"galera";-72,982;-79,771;-19,151;327,081
"noite";-73,273;215,296;-25,708;-11,49
"debate";526,243;-127,316;-24,688;-24,493
"irmão";-66,952;128,404;-3,07;-7,518
"live";-84,978;241,386;-34,831;-9,722
"morrer";-64,791;26,261;10,495;-0,1
"através";-14,445;129,489;-4,957;-36,51
"vender";-33,977;-9,093;0;56,75
"liberdade";-15,295;-55,721;57,065;27,275
"próximo";76,73;-8,858;-8,248;-6,232
"crer";-27,95;403,186;-29,355;-117,753
"parecer";4,082;-17,557;-3,98;12,563
"universidade";289,664;-71,693;-26,108;-7,077
"aluno";779,435;-121,81;-21,628;-88,987
"social";0,934;-82,462;11,347;29,93
"amar";-66,376;329,83;-21,75;-52,29
"guerra";-59,014;2,311;-4,483;38,529
"requerimento";1058,889;-118,59;-22,52;-176,025
"crime";-10,245;-115,931;1496,572;-155,322
"rede";38,229;-86,728;16,277;1,025
"ministério";65,665;-7,69;22,199;-49,937
"favor";3,709;-2,72;1,015;-0,471
"discutir";739,528;-117,969;-17,315;-86,949
"esperar";-0,049;0,367;-3,486;0,684
"perguntar";-14,709;-20,394;16,218;22,149
"matar";-53,84;-55,051;140,581;26,821
"mandar";-47,11;-0,717;-0,262;44,898
"enfim";-13,049;-34,502;5,73;46,864
"agradecer";29,24;33,391;-21,385;-45,851
"sentido";15,76;-4;-12,449;0,841
"ensino";1091,994;-119,275;-34,291;-167,162
"justiça";-23,266;2,085;305,784;-76,611
"conta";-15,142;-95,63;274,534;2,294
"aprender";-4,284;20,376;-21,021;0,211
"sentir";-37,614;30,836;-5,438;1,791
"criar";48,162;-14,586;-3,442;-0,796
"cidade";-2,747;3,541;-12,3;3,505
"paz";-44,391;116,351;-6,715;-8,569
"minuto";252,403;-24,604;-15,375;-33,282
"força";-13,056;80,781;0,077;-31,309
"abençoar";-50,344;524,295;-33,618;-138,141
"parar";-24,878;-14,657;-1,838;72,139
"aula";127,433;-82,653;-17,892;4,043
"responder";-1,194;1,812;-1,643;0,219
"junto";-6,909;37,497;-11,422;-1,858
"lutar";-32,071;-3,113;-1,28;48,704
"céu";-65,821;418,093;-25,758;-83,118
"olho";-56,317;149,323;-6,366;-13,097
"maneira";-4,556;6,706;-11,215;2,249
"número";120,476;-27,238;-3,839;-7,874
"diferente";-0,258;0,122;-18,458;8,259
"aprovar";669,392;-89,736;-4,797;-117,022
"voto";65,175;-91,065;9,808;0,075
"pt";-0,083;-111,836;287,787;-0,868
"vontade";-31,991;231,634;-17,892;-46,296
"geração";-34,434;184,657;-12,631;-30,848
"eleição";-13,743;-71,207;18,891;64,657
"realidade";0,012;-6,165;-6,708;15,199
"partido";10,866;-49,389;10,573;3,04
"gerar";-6,656;1,029;-0,727;2,918
"frente";-1,833;-14,821;0,039;20,713
"destruir";-43,314;-2,269;-0,002;46,032
"mentira";-27,877;-40,704;11,521;64,382
"encontrar";1,053;3,847;1,901;-12,61
"perceber";-26,589;1,63;-14,571;30,042
"obviamente";-1,759;-40,511;-0,027;50,423
"rio";119,201;-15,169;0,422;-32,265
"processo";30,809;-4,395;27,795;-35,793
"propósito";-49,617;305,414;-19,838;-58,179
"real";0,452;-16,328;2,241;5,01
"humano";-7,097;-17,258;18,054;10,718
"basicamente";-29,666;-75,265;18,924;93,578
"plano";218,747;-25,242;-0,59;-47,076
"fé";-54,626;273,129;-13,895;-48,074
"preciso";2,091;-0,695;-9,593;2,581
"pauta";532,845;-76,858;-14,988;-65,867
"tratar";124,123;-45,232;-0,927;-4,778
"pagar";-6,891;-58,188;66,694;15,458
"sofrer";-19,925;-0,023;40,931;-0,14
"vereador";0,925;-73,232;-2,676;67,766
"preso";-42,266;-47,572;743,686;-35,726
"presença";-0,384;194,821;-15,898;-97,705
"mal";-32,256;26,869;0,211;-0,247
"diverso";4,193;-26,829;10,279;1,147
"poxa";-51,103;-1,002;-1,337;56,152
"final";8,847;-2,802;-13,089;2,195
"utilizar";3,892;-66,619;-1,566;46,14
"presente";86,067;-8,239;-2,569;-14,733
"cair";-11,243;-0,058;-0,927;12,774
"beleza";-57,062;-34,407;-26,619;223,182
"acordo";346,479;-41,973;-5,122;-58,522
"inteiro";-26,898;-5,267;-0,605;46,994
"possível";27,476;-25,529;0,617;-0,006
"afinal";-23,304;-76,834;269,184;2,072
"semana";6,703;-31,235;3,105;3,79
"passado";33,939;-16,167;0,211;-1,686
"mês";-7,159;-29,869;27,831;14,718
"conversar";4,741;-16,328;-0,361;5,637
"seguir";-2,897;-6,605;-8,055;31,501
"exatamente";-0,779;-10,671;-0,019;14,761
"geral";27,119;-37,79;1,16;0,609
"curso";-1,592;-75,983;-24,741;152,568
"atrás";-26,823;-0,457;4,522;11,986
"sociedade";10,236;-20,174;-2,547;6,797
"discussão";655,596;-76,818;-22,868;-91,741
"votação";540,112;-68,475;-12,877;-78,927
"morte";-37,816;0,567;89,915;-3,403
"ideia";0,001;-33,198;-4,687;45,29
"difícil";-32,504;21,941;-7,381;4,178
"bater";-27,612;-12,161;-0,325;62,158
"apenas";100,768;-4,44;-3,681;-24,622
"além";21,708;-11,284;0,088;-0,739
"pecado";-48,048;300,162;-20,677;-56,522
"movimento";1,59;-17,419;-2,225;14,595
"ajudar";-0,712;-10,743;0,617;10,39
"retirar";386,115;-47,16;-4,966;-66,483
"arma";-0,131;-4,921;11,069;0,04
"imaginar";-23,795;-6,252;1,529;30,138
"tema";276,399;-32,45;-14,107;-33,549
"grupo";103,235;-38,044;-3,858;-1,581
"dúvida";3,978;-1,388;-3,283;0,419
"adolescente";7,693;0,059;-6,846;-0,618
"mina";-0,638;-33,861;0,069;34,666
"poderoso";-46,144;392,674;-22,223;-96,782
"forte";-29,933;95,415;-5,297;-9,844
"situação";5,218;0,026;-2,351;-1,026
"sala";108,928;-36,353;-10,048;-0,688
"olhado";-37,084;-77,414;0,337;162,665
"belo";50,663;-14,989;6,408;-14,677
"ação";16,484;-2,657;3,459;-8,954
"voz";-37,538;122,959;-3,703;-16,615
"janeiro";34,983;-50,103;85,224;-17,764
"rua";-19,539;-30,575;1,776;61,944
"unido";-3,165;-37,119;11,069;24,533
"daniel";-10,465;122,777;1,898;-73,282
"estudante";382,417;-67,846;-14,198;-33,712
"único";-0,067;-1,01;-1,101;3,332
"resposta";14,098;0,709;-1,295;-9,603
"estudar";1,159;-11,556;-18,535;25,75
"demais";8,095;-18,974;-0,042;3,485
"concordar";0,484;-46,414;-2,986;47,424
"tocar";-28,959;124,84;-11,687;-14,383
"rei";-32,901;215,343;-7,997;-50,999
"evangelho";-47,299;271,644;-18,28;-48,362
"principalmente";1,015;-21,093;0,08;10,667
"and";-0,131;-0,755;0,06;0,889
"quase";-0,53;-23,434;13,846;7,179
"stf";-16,51;-72,608;801,961;-50,838
"igual";-36,803;-14,646;-3,467;94,043
"errado";-29,584;-21,493;-2,399;94,797
"saúde";16,819;-17,745;1,24;-0,02
"democracia";-1,867;-71,916;210,967;-0,177
"declarar";-7,178;226,326;-5,969;-104,451
"princípio";-1,258;1,086;-14,627;5,868
"luta";-0,222;-0,182;-0,65;1,698
"gentileza";289,378;-66,552;-0,326;-34,606
"feliz";-9,784;7,53;-13,236;5,529
"campanha";-20,777;-55,428;9,229;74,957
"tornar";-5,966;-0,797;0,575;5,404
"espiritual";-48,048;204,887;-14,941;-26,638
"causa";-14,051;25,863;0,061;-3,379
"local";-5,966;-1,91;0,984;6,906
"polícia";10,791;-64,884;110,326;-3,971
"importar";-19,883;5,609;-6,636;9,578
"medo";-7,402;-4,773;2,198;10,773
"apresentar";122,667;-5,404;-5,873;-27,837
"inimigo";-44,306;36,64;-2,986;0,824
"escrever";-11,914;25,638;0,406;-5,345
"buscar";-2,118;53,602;-5,588;-16,721
"ordem";199,933;-27,285;-2,05;-32,68
"falta";8,131;-14,311;5,087;-0,07
"caro";-17,19;-48,413;-0,041;99,419
"congresso";48,651;-35,347;35,125;-15,905
"artigo";554,081;-67,173;-12,622;-85,074
"época";-14,645;-10,844;2,564;26,37
"horizonte";81,81;-13,379;1,855;-23,418
"cantar";-40,071;150,014;-16,57;-12,94
"criminoso";-13,849;-69,935;812,305;-58,877
"cadeia";-37,94;-44,022;770,415;-46,425
"tender";5,785;-4,14;-0,032;0,003
"parlamentar";172,575;-55,839;0,406;-17,236
"entregar";-17,046;35,014;-0,053;-3,971
"qualidade";270,509;-49,091;-13,229;-20,31
"médio";385,298;-61,4;-20,206;-33,264
"mente";-34,627;7,956;-4,983;13,038
"explicar";-5,139;-18,751;9,152;15,27
"condição";16,819;-19,195;-1,133;2,035
"porta";-5,534;36,556;-5,321;-4,89
"futuro";4,345;-0,867;-1,238;-0,012
"corpo";-20,434;49,097;-7,013;-1,254
"reunião";251,663;-47,779;-0,114;-39,163
"cabeça";-29,438;-9,082;2,87;37,4
"água";0,016;1,549;-4,66;0,02
"pé";1,362;26,753;-2,468;-22,451
"pedro";207,857;-0,304;-16,954;-72,997
"condenar";-17,78;-60,569;859,155;-69,471
"idade";-0,404;-8,908;-3,446;20,197
"cumprir";3,493;18,48;-0,08;-28,431
"moral";1,461;-36,827;82,782;-1,536
"golpe";-7,325;-52,812;511,46;-32,517
"reino";-37,354;233,85;-9,349;-52,719
"vivo";-33,118;36,163;1,173;-2,595
"preparar";-2,93;17,595;-4,703;-1,212
"partir";43,2;0,416;-6,738;-18,168
"diante";-11,534;128,274;-2,091;-46,614
"alexandre";-28,956;-56,139;951,61;-74,882
"líder";7,737;0,083;9,844;-20,829
"construir";19,527;-0,033;-6,548;-3,121
"base";36,101;-20,502;-3,28;0,246
"volta";-11,865;0,018;-3,613;15,27
"necessário";25,656;-11,349;-0,009;-0,857
"compreender";-11,693;-0,11;-17,722;33,846
"to";-0,155;0,015;-0,172;0,226
"nascer";-12,735;22,957;-3,47;-0,118
"infelizmente";10,756;-33,671;2,104;3,189
"valer";-1,229;-0,687;-3,198;8,014
"diferença";-1,93;17,982;-8,663;-0,817
"decisão";0,133;-13,967;23,371;0,002
"acesso";171,134;-13,675;-7,997;-28,83
"militar";40,572;-36,576;12,375;-3,383
"esperança";-32,408;92,84;-2,366;-11,08
"oportunidade";15,314;2,469;-5,928;-9,394
"esquecer";-19,767;-0,145;0;15,656
"versículo";-39,573;356,398;-20,605;-90,027
"transformar";-3,258;26,291;-0,925;-7,152
"of";-1,967;-3,304;-1,024;12,15
"internet";-16,361;-16,529;0,599;43,119
"aumentar";6,328;-30,733;11,62;0,805
"prefeito";54,252;-41,948;-2,301;1,025
"posição";1,603;-0,001;-6,968;0,511
"ok";98,064;-14,554;-13,14;-4,659
"jejum";-39,573;363,013;-20,605;-93,129
"meta";411,048;-52,399;-18,791;-48,319
"escutar";-14,516;11,967;-5,629;2,02
"alma";-39,573;99,683;-9,234;-4,814
"esposo";-38,328;100,95;-0,829;-13,789
"capítulo";-31,669;323,239;-18,01;-88,04
"mídia";-29,241;-55,083;32,884;57,445
"garantir";230,287;-33,765;-3,445;-32,924
"legal";-14,568;-22,384;-15,931;101,775
"câmara";169,064;-40,284;-3,036;-12,576
"básico";268,761;-46,429;-6,031;-29,248
"alcançar";-14,851;73,851;-8,206;-8,979
"atenção";2,838;-5,547;-5,522;5,484
"manter";18,816;-14,228;-0,162;0,057
"enfrentar";0,824;0,001;-0,607;-0,069
"candidato";-18,859;-63,969;0,152;114,762
"ato";0,135;-5,339;128,685;-30,289
"sistema";83,321;-44,053;0,109;-2,157
"preocupado";-7,397;-14,071;3,48;20,153
"passo";37,512;-8,291;-1,026;-2,718
"ontem";-2,067;-2,054;-7,557;18,344
"andar";-12,26;0,167;0,457;4,118
"escolar";603,924;-62,297;-19,309;-96,085
"completamente";-9,991;-13,675;-0,009;36,826
"morar";-14,84;0,183;9,844;0,493
"manifestação";-0,113;-35,141;52,357;1,194
"finalizar";12,078;3,849;-9,234;-7,184
"chorar";-29,769;87,153;-1,702;-11,519
"acompanhar";3,066;1,138;-10,102;-0,127
"fácil";-17,956;-3,133;-9,629;50,447
"ensinar";-3,903;62,225;-12,35;-11,884
"resultado";120,264;-19,917;-9,041;-7,964
"papel";7,545;-20,542;0,056;3,331
"orientação";323,635;-36,257;-11,578;-46,635
"opinião";28,892;-51,569;17,042;-0,139
"amanhã";-28,717;115,304;-10,689;-12,271
"cultura";-0,594;-5,786;-6,974;20,921
"violência";170,915;-37,611;1,211;-31,874
"paraa";63,817;-3,84;-0,054;-20,475
"atacar";-9,531;-20,259;0,81;37,344
"espaço";21,276;-10,854;-1,635;0,019
"autoridade";-10,875;127,386;-4,566;-41,259
"programa";334,755;-56,325;-7,98;-36,89
"monte";-30,757;-6,691;-0,124;51,018
"alegria";-25,302;206,423;-15,818;-44,69
"absurdo";0,084;-39,339;2,388;21,086
"alto";-0,024;2,21;1,188;-3,846
"abraço";-16,289;77,117;-8,523;-8,925
"texto";2,396;100,108;-16,462;-62,864
"sentar";-4,581;-0,195;-2,069;9,509
"relator";350,045;-58,234;0,752;-75,437
"luz";-10,068;16,729;-9,48;0,6
"participar";35,907;-3,3;-1,743;-5,425
"menina";-5,936;-3,717;-1,462;20,767
"virar";-7,864;-6,986;4,06;11,774
"perseguir";-12,11;-3,754;142,479;-9,643
"pedido";109,198;-11,218;0,295;-32,923
"medida";16,037;-35,535;14,28;-0,027
"ideológico";89,93;-47,42;-0,764;-0,556
"decidir";2,554;-12,253;31,687;-2,872
"velho";-23,332;-6,899;-3,199;56,683
"trabalhador";-0,02;-48,416;11,543;19,193
"quebrar";-20,812;-6,304;49,031;2,267
"pô";-34,124;-40,825;1,835;96,263
"população";19,702;-36,153;22,543;-1,207
"neto";-24,088;-16,563;-1,378;72,848
"misericórdia";-31,617;284,751;-12,24;-78,204
"joão";-8,136;16,299;-1,397;-0,444
"culpa";-17,211;-30,839;20,919;31,036
"gastar";-6,901;-36,222;34,655;15,326
"filme";-28,143;-21,208;-5,513;102,345
"discurso";1,918;-43,954;0,192;22,576
"cuidar";-6,875;19,752;-2,317;-1,024
"comprar";-15,944;-40,336;-1,769;100,251
"considerar";16,806;-10,392;1,814;-1,466
"apoiar";-0,092;-39,527;61,468;1,018
"fundamental";366,115;-28,175;-8,807;-75,768
"dor";-30,51;131,638;-5,947;-21,077
"estratégia";17,291;-30,058;-10,858;14,819
"clamar";-34,847;323,156;-15,946;-86,844
"controlo";-1,727;8,892;-5,455;-0,036
"foto";-23,361;-39,063;0,08;91,335
"proposta";279,435;-48,963;-8,924;-26,577
"posicionar";-12,796;3,517;-5,017;6,854
"ligar";-1,188;-12,243;-0,417;20,767
"jogar";-22,007;-15,054;-1,378;66,951
"resolver";5,057;-23,318;-0,397;9,409
"perdão";5,236;19,804;-0,58;-30,288
"banheiro";10,648;-18,671;9,331;-0,381
"senador";0,215;-35,756;357,558;-50,058
"ruim";-6,448;-5,151;-1,023;23,332
"parabéns";21,694;-12,395;-2,621;0,285
"funcionar";0,33;-14,495;-2,069;16,029
"aplauso";-14,022;16,3;1,186;-1,996
"acima";-8,105;5,465;-0,482;0,351
"prisão";-26,509;-40,691;714,283;-51,925
"logo";72,896;-21,521;0,035;-7,579
"interessante";-4,04;11,644;-2,868;-0,193
"compartilhar";-27,245;15,997;-6,864;4,953
"representar";2,255;-10,293;-3,123;8,445
"fechar";-7,261;15,141;-6,963;0,081
"dificuldade";0,779;-0,646;-4,317;1,894
"conservador";-23,329;-33,086;-5,139;115,424
"específico";16,937;-1,221;-2,459;-1,699
"assistir";-17,004;0,771;-11,603;22,518
"ambiente";21,591;0,891;-4,024;-11,263
"nícolas";0,676;10,735;-6,207;-4,407
"news";-3,385;-47,811;552,866;-53,534
"municipal";216,783;-46,338;-8,285;-14,303
"moraes";-28,781;-50,912;915,11;-74,161
"sério";-3,914;-30,294;2,917;31,558
"postar";-26,807;-28,508;0,945;72,985
"jeito";-20,097;1,328;-8,523;19,954
"ex";6,296;-38,251;243,299;-40,986
"pobre";-1,598;-29,26;1,701;27,149
"pequeno";4,064;-0,061;-2,621;-0,131
"cometer";-17,434;-27,99;403,841;-22,2
"privado";133,839;-36,222;-0,111;-12,951
"presidência";125,99;-42,319;12,221;-28,604
"fake";-3,684;-48,944;550,206;-50,973
"pena";-2,251;-27,351;198,429;-9,296
"infantil";357,768;-39,89;-11,481;-53,534
"extremamente";-0,019;-7,515;0,035;6,443
"recurso";206,018;-35,008;-1,918;-27,84
"coragem";-22,841;7,476;0,427;0,85
"comentário";-8,706;2,193;-12,24;10,831
"aceitar";0,386;1,012;-6,512;0,046
"roubar";-19,147;-11,336;220,068;-8,566
"nível";12,71;-3,91;-0,913;-0,195
"município";377,85;-39,971;-12,732;-58,065
"instagram";-21,669;-21,514;-8,285;99,249
"governador";71,584;-9,695;2,373;-24,855
"empresa";1,488;-35,374;9,747;6,311
"corrupção";-26,807;-26,465;518,381;-33,229
"comer";-20,892;-0,391;-6,874;35,979
"escolher";-6,37;7,101;-5,034;1,061
"proteger";4,315;-0,001;1,186;-5,569
"pior";-0,004;-15,707;9,914;2,861
"louvor";-8,686;211,907;-15,558;-73,556
"fogo";-8,105;24,755;0,032;-5,88
"botar";-6,277;-24,498;23,857;12,055
"bastante";-0,132;-6,304;-5,883;17,651
"repetir";5,43;-10,615;2,708;0,004
"cuidado";-10,751;0,962;-3,359;8,661
"conhecimento";11,655;-8,631;-7,459;2,973
"carro";-16,283;-1,36;0,189;16,677
"motivo";-0,059;0,22;2,181;-1,43
"livre";-2,119;-4,521;51,295;-2,196
"ideologia";6,413;-21,27;-3,712;12,08
"enviar";0,07;3,211;2,632;-8,593
"aborto";-11,036;-24,027;13,853;23,477
"prova";0,068;-10,58;53,141;-3,664
"importância";79,755;-12,549;-12,113;-2,941
"felipe";-23,606;-42,185;3,08;78,335
"extremo";44,107;-33,336;0,968;-0,452
"citar";92,616;-17,666;-1,333;-10,062
"república";1,4;-38,251;279,13;-36,513
"juiz";-14,212;-0,436;141,815;-16,312
"jogo";-13,074;-28,168;0,113;58,614
"aparecer";-9,3;-6,508;-1,821;32,786
"fruto";-16,87;13,872;0,001;-0,019
"comunista";-5,175;-42,185;0,758;53,62
"compromisso";28,201;0,122;-10,472;-6,481
"simples";-2,354;-16,298;-0,217;28,107
"pregar";-23,606;59,076;-5,623;-2,741
"pandemia";-0,028;-25,731;-2,725;35,06
"audiência";249,709;-37,906;-3,91;-34,195
"permitir";48,638;1,427;-4,825;-28,713
"perdoar";-14,214;106,025;-5,61;-24,689
"morto";-28,391;0,243;88,695;-4,966
"apoio";18,849;-38,246;4,908;0,61
"reconhecer";2,2;7,582;-2,211;-7,849
"louvar";-27,4;249,853;-14,266;-63,78
"instituto";311,584;-37,624;-11,194;-42,072
"incrível";-10,542;0;-4,414;15,857
"desejar";17,24;0,533;-1,844;-10,083
"aberto";1,83;4,283;-1,289;-5,234
"sul";71,856;-2,926;-1,821;-19,62
"obra";-0,177;48,305;-3,323;-24,363
"mesa";117,291;-8,446;-2,993;-24,855
"menino";-8,689;0,137;-1,598;8,255
"celular";0,071;-16,49;0,368;10,014
"ataque";6,413;-15,83;17,034;-1,075
"visão";1,62;4,291;-5,078;-2,25
"responsabilidade";6,438;-7,284;5,917;-1,28
"debater";238,832;-39,145;-6,991;-25,4
"ajuda";-2,718;0,557;0,015;0,323
"policial";-3,631;-30,469;167,605;-2,927
"mínimo";16,021;-28,168;1,59;0,74
"moção";329,488;-33,676;-7,226;-58,166
"jamais";-9,551;-0,007;2,598;2,392
"exército";-17,109;38,599;4,584;-14,425
"davi";-17,015;99,797;-0,413;-30,4
"caráter";-6,555;0,039;-3,132;9,283
"posicionamento";4,64;-5,804;-5,724;4,153
"imagem";-11,358;-23,788;86,095;1,588
"ferreira";7,358;-41,153;5,992;4,708
"crescer";-4,75;0,743;-6,066;6,593
"adorar";-22,729;184,128;-5,61;-51,831
"terminar";2,883;3,211;-5,186;-2,466
"período";2,883;-1,292;-1,161;0,14
"impedir";0,802;-1,933;47,851;-15,362
"andré";1,763;-5,07;15,991;-2,493
"rápido";-1,121;-2,277;-3,083;11,572
"promessa";-13,792;107,382;-3,206;-29,708
"liderança";169,661;-6,976;-8,592;-38,922
"item";336,156;-38,12;-7,721;-54,343
"combater";0,802;-27,116;56,635;-0,587
"atender";77,515;-0,152;-9,843;-22,697
"vítima";-1,214;-30,061;178,683;-7,138
"experiência";-0,006;15,11;-5,724;-3,992
"prático";47,175;-8,084;-0,275;-6,778
"defesa";32,973;-17,198;20,113;-13,856
"quarto";1,09;4,049;-3,607;-2,215
"permanecer";13,499;8,48;-1,099;-25,154
"médico";-3,837;-3,701;-0,294;13,931
"mudança";0,219;-0,031;-7,19;2,31
"missão";-1,369;4,756;-1,799;-0,043
"sexual";17,641;-31,318;8,938;-0,023
"pronto";-9,411;-4,142;-3,607;31,555
"pl";222,894;-42,28;-4,226;-22,715
"embora";-0,016;0,609;-3,227;0,294
"cultural";-5,999;-30,877;-8,716;82,265
"campo";8,426;-9,511;-0,153;0,576
"bh";-11,891;-17,558;-4,667;65,597
"óbvio";0,075;-18,35;-1,574;20,907
"solução";7,362;-15,405;-5,16;8,488
"mudo";-11,228;26,376;-7,349;-0,085
"convidar";1,905;38,98;-7,914;-26,03
"servir";-2,722;45,362;-9,342;-8,627
"salvar";-14,679;38,219;-0,061;-6,1
"greve";231,363;-32,846;-5,295;-30,828
"negócio";-9,551;-0,007;-4,436;15,655
"estabelecer";67,202;-0,374;-7,19;-19,014
"erro";-2,869;-3,28;1,334;5,346
"conversa";-0,798;-10,926;-0,005;14,792
"canal";-14,971;-13,366;-2,576;57,533
"agenda";-6,504;-0,055;-2,912;11,548
"sofrimento";-20,169;74,954;-2,944;-10,773
"relatório";262,239;-37,828;-1,727;-43,586
"notícia";-8,926;-18,3;18,129;13,294
"engraçado";-5,999;-26,173;-1,884;58,316
"derrubar";-3,837;-14;43,913;0,602
"brasília";-3,593;-0,332;24,616;-1,296
"área";1,211;1,99;-4,825;-0,612
"vergonha";-2,069;-5,202;13,764;0,783
"milhar";-4,922;12,459;1,182;-4,757
"encerrar";85,879;-0,213;-10,17;-25,414
"convite";7,362;13,266;-3,812;-18,719
"conteúdo";7,021;-28,073;-2,759;14,792
"objectivo";47,175;-15,436;-4,331;-0,343
"democrático";8,772;-42,28;23,302;0,256
"cura";-21,248;187,826;-10,17;-47,916
"necessidade";69,442;0,003;-3,506;-31,521
"faculdade";-3,785;-17,932;-6,95;52,228
"desafio";63,716;-1,851;-0,869;-21,374
"começo";-2,887;1,581;-4,714;2,626
"boca";-19,434;29,405;-0,457;-1,034
"adiantar";-1,592;-1,513;-1,142;8,191
"youtube";-19,924;-12,771;-10,682;82,265
"transformação";-3,327;123,395;-8,342;-48,568
"silêncio";8,502;-24,857;8,257;0,16
"preocupar";-0,763;-3,487;-1,352;10,238
"narrativa";-9,624;-40,2;92,594;4,749
"manhã";-3,998;0,537;-0,063;1,228
"longo";3,143;0,298;-5,497;-0,184
"fortalecer";-7,697;104,574;-8,093;-29,206
"bandeira";-11,911;0,066;0,265;4,992
"fome";-5,275;-16,474;-4,936;50,131
"diretor";178,555;-36,167;-0,047;-26,397
"dino";-12,386;-35,625;509,123;-38,621
"batalha";-13,557;59,528;-7,597;-5,713
"baixo";7,374;-8,024;-4,714;3,355
"início";18,59;1,602;-6,592;-9,112
"histórico";9,959;-9,511;-0,502;0,576
"confessar";-13,982;-0,013;23,879;0
"cheio";-16,502;40,737;-0,881;-4,081
"âmbito";32,896;-20,852;-4,494;0,909
"tarde";0,305;-11,262;0,007;6,843
"normal";-8,428;-5,261;0,257;17,342
"manifestar";2,684;16,059;-0,066;-23,912
"liberar";-2,605;25,806;-0,224;-9,625
"impossível";-0,607;0,106;0,308;-0,001
"físico";11,621;0,056;-6,831;-1,688
"dormir";-20,96;8,445;-3,737;5,177
"diálogo";26,92;-9,222;-0,001;-1,894
"dito";27,389;-1,157;-0,81;-7,146
"caminhar";-4,491;0,944;-1,727;2,797
"respeitar";20,362;-9,089;-0,033;-0,562
"literalmente";-12,828;-6,174;12,833;8,413
"ignorar";-10,099;-12,218;-0,278;38,127
"gosto";-13,175;1,124;-4,717;11,386
"correr";-4,234;-2,138;-1,142;13,878
"avô";-17,056;6,038;-1,108;3,087
"avançar";164,416;-4,161;-11,815;-39,746
"usado";-4,234;13,295;0,069;-3,557
"terrorista";-4,498;-32,431;359,703;-27,821
"pne";328,78;-34,378;-10,656;-51,572
"invadir";-6,107;-3,298;9,932;2,74
"droga";-7,522;-4,95;1,957;11,504
"autor";132,962;-16,18;-5,179;-17,341
"vencer";-9,948;16,165;-1,211;-0,21
"profissional";207,21;-23,657;-9,149;-27,31
"prestar";-4,853;-7,275;0,521;14,674
"perfeito";1,476;-0,072;-4,604;0,425
"especial";19,564;9,078;-3,206;-27,427
"vista";85,558;-16,5;-4,384;-5,713
"realizar";104,285;-6,057;-1,717;-26,714
"praticamente";0,647;-16,5;2,399;4,482
"mensagem";-13,792;15,458;0,713;-1,395
"envolver";-1,695;-0,459;43,984;-6,812
"termo";39,135;-5,458;-0,493;-6,059
"relacionamento";-16,989;72,605;-2,815;-12,11
"principal";10,561;-4,661;0,355;-1,046
"pr";30,681;-15,402;0,461;-1,683
"plenário";144,842;-27,619;-2,135;-15,652
"frase";-10,389;0,417;0,022;3,708
"formar";-0,022;-2,676;-5,646;10,12
"estudo";42,545;-17,676;-9,277;0,333
"completo";-1,369;-2,485;-0,109;6,922
"agir";-6,521;39,497;-0,869;-9,987
"tranquilo";-7,096;-7,447;-0,644;27,279
"informação";47,345;-19,309;-1,799;-0,413
"guarda";4,69;11,728;-7,369;-10,143
"casamento";-13,86;41,312;-6,357;-1,721
"senão";0,05;-20,852;4,673;7,083
"instituição";47,345;-19,309;1,032;-4,711
"incluir";98,846;-13,263;-1,717;-14,835
"atingir";22,137;-10,928;-2,53;0,077
"visitar";-0,613;5,617;1,921;-6,073
"seguro";2,896;-1,944;-2,53;0,889
"hospital";-1,108;-2,874;-0,773;9,009
"ditadura";-8,542;-31,885;89,359;2,245
"depender";6,015;0,043;-6,979;-0,225
"assumir";-0,901;0;10,998;-1,894
"assinar";5,36;-32,016;45,029;-0,947
"repúdio";268,412;-33,132;-6,242;-40,387
"procurar";-0,107;15,221;-1,327;-6,832
"predeterminado";82,33;-27,217;-6,856;-0,695
"interesse";7,505;0,303;-0,092;-6,469
"influenciar";-10,323;0,267;-8,767;16,417
"imposto";3,252;-23,134;50,523;-2,57
"fugir";-2,204;5,554;-1,402;-0,046
"feminista";-16,262;-27,318;-6,357;95,485
"estrutura";15,706;-5,261;-5,063;0,135
"entendimento";10,561;32,902;-4,275;-44,011
"argumento";2,417;-19,472;-0,701;11,423
"acusar";-12,853;-31,006;219,698;-2,297
"série";50,364;-25,173;-0,001;-1,191
"super";-7,577;-22,763;-3,212;61,38
"significar";3,406;4,105;-0,087;-10,196
"registrar";191,916;-25,186;-5,295;-26,12
"oposição";32,479;-26,399;0,803;-0,194
"loucura";-17,795;-2,101;-6,487;41,33
"cá";-5,922;-2,119;-0,358;13,837
"crise";-7,02;14,657;-5,027;0,002
"banco";0,867;-28,285;100,505;-5,346
"negro";-0,849;-14,791;6,373;7,223
"mec";304,959;-33,963;-10,527;-44,662
"mau";-16,258;33,327;-0,048;-3,778
"mata";5,011;-19,951;-0,011;5,752
"jair";-11,001;-28,446;190,771;-1,683
"economia";-8,322;-23,541;-4,147;66,84
"correto";9,053;-9,937;0,059;0,106
"contexto";-0,003;31,891;-7,75;-11,562
"capacidade";-0,43;2,661;-6,61;0,467
"lançar";-0,144;0,441;-3,525;0,824
"it";5,122;-2,064;-0,64;0
"homossexual";-7,024;-13,008;72,993;-0,001
"globo";0,118;-30,357;1,067;17,411
"cristianismo";-19,475;-7,542;-8,004;63,605
"conhecido";-10,992;42,981;-2,071;-6,073
"anterior";95,681;-20,644;-0,881;-9,759
"possuir";1,835;-8,528;-3,81;8,28
"ouvido";-7,317;37,762;0,007;-12,712
"justo";0;14,078;-0,004;-11,898
"fundo";21,87;-13,24;1,664;-1,581
"eleitoral";0,211;-26,88;42,133;0,057
"dividir";-1,085;-0,054;-0,075;1,538
"desistir";-10,3;0,016;-0,969;9,805
"decreto";12,5;1,877;-2,022;-10,414
"dado";253,508;-34,378;-6,61;-34,026
"comum";-1,576;-7,697;36,254;-0,092
"tristeza";-14,597;62,564;-8,853;-5,363
"perseguição";-5,352;0,033;11,042;-0,194
"matéria";57,11;-28,117;-0,174;-0,897
"leitura";124,585;-10,51;-8,004;-17,9
"juventude";-0,394;-5,684;-0,39;9,805
"gênero";2,706;-14,595;-1,241;8,613
"flávio";-5,713;-29,528;388,964;-33,503
"efeito";6,73;-3,298;-3,212;0,547
"discordar";-2,794;-15,579;7,803;10,351
"concluir";161,925;-14,334;-6,242;-27,152
"conceder";122,541;-5,869;-4,832;-28,373
"cidadão";1,904;-21,556;53,196;-2,353
"brincar";-5,909;-5,066;-1,982;24,813
"aleluia";-13,369;142,009;-6,104;-42,262
"subir";-4,432;0,303;2,204;0,057
"sangue";-15,527;49,891;-4,832;-3,747
"pensamento";1,904;-5,684;-5,875;7,101
"merecer";1,768;-2,668;2,516;-0,35
"investigar";-1,685;-29,943;341,918;-34,141
"gravar";-8,322;-3,314;-0,345;19,527
"salário";7,566;-25,233;0,347;4,201
"regra";1,589;-21,101;-0,126;12,071
"foco";6,386;0,016;-0,07;-4,003
"encaminhar";89,543;-7,542;0;-26,544
"documento";73,993;-27,871;1,752;-8,684
"diabo";-18,734;52,906;-5,754;-2,842
"confiar";-14,069;52,906;-2,803;-6,89
"comentar";-9,651;-3,748;-0,011;19,309
"branco";0,103;-17,852;-3,371;23,586
"bandido";-8,643;-32,431;346,825;-19,24
"alfabetização";290,203;-31,47;-7,623;-46,938
"ô";-3,642;1,918;0,462;-0,031
"total";0,088;-7,886;-6,989;16,663
"soltar";-5,713;-19,683;176,502;-6,469
"show";-10,53;-11,827;-1,894;45,259
"produzir";-0,059;-3,848;-6,862;13,831
"pressão";-7,788;-6,815;2,851;12,972
"prazer";-13,175;32,603;-8,258;-0,242
"negar";0,056;-1,709;0,096;0,676
"ncolas";0,32;10,645;-3,316;-5,346
"ministrar";-12,152;87,547;-6,856;-17,341
"menor";3,508;-8,852;1,752;0,148
"membro";136,515;-12,52;-2,702;-26,504
"definir";72,943;-9,76;-2,406;-9,224
"assunto";69,847;-22,062;-0,278;-4,368
"uso";67,608;-22,763;-0,537;-3,161
"testemunho";-17,549;112,451;-3,316;-27,762
"possibilidade";105,498;-23,949;-0,969;-10,03
"honra";-12,937;105,055;-4,602;-27,152
"encontro";-0,156;20,618;-0,092;-13,707
"educacional";258,349;-28,529;-8,385;-38,824
"conselho";14,102;-9,509;-0,051;-0,002
"bastar";-3,726;-6,068;-0,262;17,566
"acordar";-10,805;1,236;-2,308;6,889
"triste";-11,749;1,079;-2,702;8,338
"querido";-0,272;70,784;-5,632;-34,307
"profético";-17,003;167,608;-8,853;-45,573
"profeta";-17,745;168,119;-9,239;-44,291
"novamente";0,082;-1,305;2,851;-0,07
"listar";19,259;-21,914;3,234;-0,147
"linha";0,085;-11,131;3,796;2,564
"lgbt";0,467;-18,36;0,288;9,48
"guardar";-11,513;112,203;-7,369;-28,369
"função";9,262;-1,4;-3,922;-0,008
"dilma";-2,993;-28,699;203,497;-8,178
"constituição";31,242;-29,528;8,497;-1,917
"bonito";-11,276;-5,783;-3,81;38,828
"aumento";63,163;-24,411;10,804;-16,015
"israel";-10,927;58,577;-0,208;-17,052
"evangélico";-4,752;25,702;-3,81;-2,802
"esconder";-13,584;-2,072;4,235;9,009
"creche";226,97;-29,809;-7,115;-29,693
"canção";-11,898;96,895;-7,439;-20,939
"tio";-8,93;0,347;-0,593;5,673
"pesquisa";3,508;-25,233;1,752;5,233
"mover";-9,165;89,11;-4,31;-24,662
"identidade";-1,814;10,492;-6,609;-0,062
"focar";12,58;-4,051;-0,302;-0,432
"firme";-14,797;4,882;0;1,137
"esclarecer";106,342;-27,292;0,525;-16,005
"busca";0;12,141;-0,051;-9,576
"atitude";-7,884;-2,072;4,235;5,233
"ódio";-7,02;-9,087;14,414;6,229
"responsável";0,494;-18,107;102,701;-10,143
"independente";17,697;1,4;-4,31;-10,084
"etc";4,363;-14,85;-5,148;11,245
"eleger";1,52;-19,48;-0,036;10,383
"culto";-11,891;33,21;-3,149;-1,964
"cadê";-2;-6,369;-1,063;17,34
"solicitar";157,446;-27,457;-0,711;-22,927
"parabenizar";150,773;-19,288;0,207;-38,433
"influência";-14,069;-0,656;-5,754;28,709
"falso";-9,613;-8,852;21,414;5,233
"eterno";-9,842;44;-0,302;-10,611
"descobrir";-12,857;0,347;13,893;-0,002
"calar";-10,334;0,238;9,652;0,022
"arrepender";-13,615;58,503;-4,429;-7,531
"união";59,866;-19,48;-4,548;-0,653
"trás";-8,478;-1,872;-0,483;16,728
"perto";-1,444;3,544;-0,07;-0,361
"marco";54,086;-2,455;-2,406;-12,387
"levante";0,234;41,518;-1,08;-32,59
"impressionante";-5,717;-11,095;0,532;20,865
"evento";-0,978;-8,095;2,88;5,517
"divulgar";-0,714;-28,978;1,333;24,424
"comunidade";11,567;-11,086;-0,036;0,204
"bola";-12,857;-5,224;0;25,539
"américa";-2,092;-12,538;5,23;8,911
"serviço";4,69;-22,727;-0,773;10,494
"marido";-10,805;2,671;35,711;-7,393
"língua";-0,323;1,198;-8,339;1,734
"legislativo";150,773;-15,131;-1,807;-30,246
"europa";-10,927;-3,16;-0,003;19,17
"estadual";168,725;-29,809;-3,699;-18,004
"escândalo";-4,729;-16,656;274,451;-26,787
"ea";-14,842;-18,752;-3,477;70,002
"absolutamente";13,165;-10,441;5,88;-2,308
"vice";134,635;-26,903;-0,021;-20,44
"técnica";139,313;-27,042;-2,406;-14,143
"religioso";5,359;-6,945;0,012;0,246
"melhorar";83,831;-11,446;-6,483;-7,031
"instrumento";14,102;2,142;-0,902;-14,431
"denunciar";-3,831;-15,764;25,882;3,939
"consequência";-0,903;-13,272;1,111;12,079
"colega";123,271;-20,753;-4,034;-12,207
"avaliar";89,555;-19,885;-4,667;-4,629
"ônibus";-0,474;-17,852;24,142;1,696
"sozinho";-5,119;4,714;-2,022;0,553
"razão";10,989;-13,339;0,857;0,01
"preço";-4,922;-4,154;0,857;9,603
"presa";-14,106;-5,323;242,869;-24,028
"padre";-8,253;2,68;25,882;-6,163
"organização";17,188;-28,148;43,812;-7,456
"mentiroso";-13,099;-17,324;10,804;21,917
"material";1,197;0,001;-4,787;0,246
"maravilhoso";-17,992;99,336;-7,242;-16,562
"julgar";-6,381;-0,18;35,289;-1,964
"sustentar";-2,572;3,987;-1,929;0,122
"sonho";-4,93;30,617;-2,407;-5,436
"servidor";157,191;-24,972;-3,149;-19,375
"sentimento";-8,7;4,859;-0,665;0,772
"seguidor";-14,597;-8,754;-4,907;53,186
"região";7,501;-2,255;0,289;-1,392
"questionar";3,399;-17,864;7,803;0,383
"orçamento";134,41;-23,317;-5,978;-11,263
"odiar";-9,489;0,468;-2,1;7,891
"natural";-4,152;7,079;-5,978;0,591
"investimento";168,767;-26,214;-8,982;-14,932
"investigação";11,843;-25,658;108,405;-23,416
"formação";124,197;-24,558;-6,357;-7,972
"contribuir";25,617;-3,364;-3,258;-1,542
"bacana";-11,04;-19,551;-9,239;77,124
"armada";86,229;-24,558;0,04;-9,458
"aguentar";-8,7;-8,001;7,803;10,351
"viajar";-16,015;-7,447;0,406;28,925
"ventre";-10,207;0,972;-7,696;12,111
"expressão";1,7;-3,647;2,017;-0,042
"escolha";-0,391;-3,898;-6,357;15,824
"desejo";4,363;22,757;-5,148;-21,735
"corte";-0,005;-15,579;84,804;-5,018
"coronel";9,045;-9,698;40,021;-13,335
"carne";-16,262;64,86;-4,548;-7,972
"tiro";-1,814;-20,29;34,261;2,215
"religião";-2,265;0,076;-2,934;4,32
"pão";-12,633;15,968;-3,955;0,217
"prefeitura";6,597;-13,784;-0,01;2,038
"maria";-0,261;-8,673;-0,796;13,92
"mandato";2,38;-17,161;23,651;-0,31
"justamente";11,903;0,238;-0,099;-9,333
"inferno";-16,015;67,157;-6,23;-7,531
"financeiro";43,39;-2,456;-1,08;-10,414
"feira";9,745;-0,35;-4,073;-0,464
"fascista";-8,723;-18,61;1,855;30,567
"convocar";3,399;-0,001;5,724;-9,119
"comemorar";-4,152;-15,973;26,14;4,236
"verde";-11,65;-19,48;57,515;3,852
"trocar";-5,752;-4,491;-0,796;20,235
"rico";-0,155;-13,45;-4,073;25,366
"reunir";-0,1;8,434;-0,036;-5,381
"referência";2,611;-10,727;-6,23;11,207
"modelo";86,298;-5,577;-7,567;-12,797
"mentir";-10,447;-19,896;37,16;7,972
"impacto";41,373;-3,7;-3,955;-4,641
"expor";5,018;-4,764;-0,021;0,091
"cpmi";-5,752;-21,125;340,28;-32,873
"cobrar";4,341;-19,078;-0,484;7,93
"avaliação";233,004;-25,658;-7,953;-34,557
"atual";36,883;-7,57;-1,232;-2,764
"anteriormente";18,22;-12,538;0,604;-0,468
"adoração";-15,768;135,526;-6,104;-35,872
"trans";0,155;-7,023;9,703;0,015
"prometer";-9,865;0,013;-1,006;9,603
"ocorrer";32,241;-17,864;-0,172;-0,177
"norte";0;-2,052;1,864;0,204
"lindo";-14,106;6,425;-4,667;4,405
"horário";-2,116;2,127;-4,31;1,376
"errar";-8,468;-1,849;1,55;7,972
"desculpa";0,234;-2,456;-1,08;3,016
"cruz";-13,299;93,165;-6,925;-18,488
"contato";-0,005;-6,497;-0,172;7,277
"combate";12,481;-9,309;4,217;-1,873
"vitória";-4,534;19,111;-2,934;-1,491
"tribunal";12,17;-19,075;47,651;-10,575
"preocupação";34,662;-2,251;-0,729;-8,068
"orientar";143,484;-15,001;-6,282;-20,408
"organizado";-4,922;-24,972;293,344;-21,639
"mero";-6,478;-5,88;0,006;18,255
"internacional";11,843;-20,306;3,966;0,01
"fechado";-4,729;15,555;-3,72;-0,419
"exercer";1,282;0,027;-0,208;-0,605
"desigualdade";92,491;-24,414;-5,475;-2,933
"denúncia";-0,005;-17,864;77,579;-2,96
"construção";28,742;-14,603;-1,746;0,002
"salvador";-5,338;15,071;0,15;-3,922
"reduzir";17,212;-16,255;3,358;-0,663
"memória";-0,849;7,242;6,373;-11,48
"general";-12,143;-5,577;247,891;-26,787
"fonte";-7,09;14,729;-0,908;-0,614
"familiar";-0,016;0,091;7,784;-3,945
"câmera";-1,293;-16,255;35,733;0,636
"conferência";122,873;-8,221;-6,154;-22,49
"capital";0,067;-16,221;-0,691;16,577
"venezuela";-7,547;-23,584;142,354;-0,97
"sexo";0,914;-5,365;0,118;1,328
"quantidade";-7,805;-7,77;-1,837;32,961
"longe";-0,508;0,061;-1,479;1,296
"josé";0,342;0,468;5,354;-6,818
"indignação";-2,309;-2,255;3,134;2,203
"coletivo";1,212;-10,377;0,289;3,064
"centro";1,127;-3,401;-2,827;3,765
"carta";-7,09;7,025;-0,278;0,002
"bicho";-9,165;-8,673;-0,247;30,487
"bahia";34,452;-8,584;6,02;-13,256
"servo";-14,533;123,416;-7,567;-29,615
"reforma";13,559;-0,161;0,075;-7,835
"qu";19,36;-2,046;-1,479;-2,133
"perdido";-1,828;1,865;-0,665;0,129
"pautar";78,74;-13,45;0,622;-18,656
"operação";-0,875;-21,946;36,352;1,457
"módulo";-5,738;-17,536;-6,282;55,722
"gigantesco";-3,302;-12,59;-0,289;26,259
"entrega";-13,369;69,538;-0,796;-17,629
"data";31,524;-4,526;-0,623;-4,316
"cortar";-0,044;-0,862;0,899;0,175
"avivamento";-13,546;133,525;-7,053;-36,306
"atividade";81,169;-13,067;-5,726;-5,839
"técnico";157,366;-26,073;-2,721;-19,248
"time";-7,118;-11,874;-3,977;44,422
"tentativa";9,402;-16,656;25,587;-3,916
"supremo";-2,309;-10,377;210,584;-26,787
"sincero";-7,359;9,671;-4,31;0,437
"máscara";-10,675;-21,926;-4,723;70,861
"ladrão";-9,489;-11,549;163,009;-6,818
"investir";47,257;-7,339;-7,696;-1,625
"governar";-6,478;2,416;0,799;0,002
"demanda";86,452;-15,407;-4,349;-6,563
"comparar";0,034;-2,045;3,358;0
"puxar";-10,207;4,506;-0,542;1,216
"jurídico";3,679;-11,549;42,19;-6,818
"joelho";-14,78;90,485;-3,838;-19,756
"faltar";-1,851;0,035;3,844;-0,114
"falado";-1,181;12,2;-2,721;-1,673
"equipa";5,415;-2,472;-7,696;1,868
"emenda";65,82;-23,999;-0,429;-2,626
"dominar";-4,93;-0,518;8,596;0,33
"debaixo";-13,793;92,178;-3,371;-22,212
"visita";5,623;1,594;0,064;-10,666
"senado";0,401;-15,185;37,16;-0,713
"seminário";107,437;-8,948;-4,349;-18,471
"sacrifício";-14,533;15,555;-5,475;0,905
"recado";-4,33;-9,653;7,464;7,891
"propor";126,887;-19,896;-3,955;-13,886
"parlamento";40,218;-19,078;1,848;-3,916
"parado";-1,293;-2,956;7,083;0,636
"microfone";3,084;23,076;-5,475;-19,153
"inocente";-14,78;-19,487;43,562;8,713
"eleito";2,737;-21,511;0,002;8,624
"cor";-1,162;-2,283;-0,623;7,798
"colégio";40,513;-17,123;-6,154;0,077
"cargo";4,694;-6,689;1,007;0
"cadeira";-0,429;-3,7;10,668;0,041
"regimento";226,514;-23,999;-5,349;-38,291
"provar";-5,613;-4,691;2,367;8,659
"português";2,041;-4,305;-7,567;6,501
"ocupar";2,166;-10,907;-0,09;4,273
"kalil";-1,969;-9,917;21,963;1,062
"inscrever";64,846;-17,852;-7,182;-0,784
"determinado";16,148;-1,647;-3,371;-0,784
"crítica";1,313;-17,036;0,141;7,08
"aproveitar";10,899;-5,88;-0,108;-0,048
"alcance";-7,319;48,349;-5,099;-7,835
"ressurreição";-10,339;88,66;-5,383;-21,463
"preto";-6,636;-14,254;-3,027;45,316
"marcar";-0,05;1,599;-0,003;-0,919
"josué";-11,572;100,764;-6,025;-24,724
"figura";-0,358;-5,294;6,02;1,072
"custo";5,068;-20,837;-0,376;7,891
"cuba";-10,186;-18,36;124,208;-0,416
"corrupto";-11,164;-8,936;244,846;-21,585
"carregar";-4,133;61,401;-2;-22,212
"aprovação";196,567;-24,829;-2,407;-33,243
"temer";-0,474;5,047;16,563;-17,357
"sugestão";156,241;-15,407;-2,687;-29,758
"socialismo";-11,653;-23,584;-1,063;63,335
"resto";-1,169;-1,842;-0,376;6,442
"procedimento";154,836;-22,34;-0,834;-26,368
"nota";27,606;-19,598;8,72;-4,295
"mano";-10,186;-0,077;-1,516;13,337
"leão";-9,942;48,577;-4,349;-6,563
"experimentar";-14,286;44,406;-5,349;-2,626
"est";0,598;7,826;-5,475;-2,933
"encher";-10,675;50,548;-4,723;-6,463
"direcionar";-1,169;28,613;-2,1;-9,942
"antigo";-4,528;5,419;-0,058;-0,077
"anjo";-13,052;42,315;-3,027;-3,921
"amarelo";-14,533;-10,377;62,97;0,905
"senor";98,898;-10,377;-0,484;-21,556
"secretário";146,889;-21,511;-2,913;-19,712
"risco";8,718;-14,254;2,99;0
"prever";150,018;-23,584;-1,063;-22,841
"posto";-1,292;-4,822;-0,155;10,371
"portugal";107,437;-15,407;-4,349;-11,764
"perfil";-6,863;-12,449;-0,834;36,022
"mundial";-2,37;-14,254;-0,193;25,457
"milagre";-13,299;81,958;-3,141;-18,488
"latino";-1,736;-10,525;8,436;4,859
"impactar";-4,729;13,376;-5,475;-0,013
"extraordinário";-1,293;40,637;-7,439;-10,449
"disposição";4,722;-0,284;-1,803;-0,161
"dedicar";-0,007;0,951;-5,224;0,411
"vaga";85,923;-17,123;-1,241;-8,825
"salmo";-11,818;103,186;-6,154;-25,377
"rapaz";-13,052;16,696;0,743;-2,011
"prioridade";35,269;-10,425;0,141;-4,295
"premiação";220,217;-22,34;-6,925;-35,644
"plantar";-10,675;28,043;-1,706;-2,011
"opar";-8,536;-6,584;0,743;17,661
"indicar";13,559;-15,453;10,407;-2,051
"favorável";145,859;-23,999;0,03;-28,965
"escravo";-11,325;11,741;-3,853;0,68
"alvo";-3,744;-0,284;8,72;0,024
"vermelho";-4,558;-13,458;105,285;-2,264
"unção";-10,832;106,773;-5,64;-29,032
"twitter";-13,793;-20,424;49,318;7,125
"semente";-7,994;54,441;-3,361;-11,359
"produção";-0,592;-16,299;-3,853;31,925
"mérito";154,836;-17,036;-4,848;-23,586
"face";-4,146;13,494;0,422;-4,751
"direto";48,523;-8,58;-0,834;-5,526
"devido";5,975;-4,526;16,588;-7,025
"calma";0,23;-6,84;-0,494;6,232
"aplicar";2,737;-9,683;3,223;0,147
"advogado";-4,766;-18,773;69,911;0,147
"totalmente";0;0,912;0,009;-0,868
"rosto";-9,454;0,394;-1,241;6,967
"página";-0,527;-15,814;0,009;17,85
"proteção";18,791;-1,111;-0,193;-5,113
"negociação";114,938;-17,948;-1,423;-16,068
"linguagem";25,721;-9,526;-5,255;0,053
"julho";3,69;8,433;-2,134;-10,986
"grave";7,294;-11,676;38,101;-9,128
"excelente";4,013;-6,256;0,002;0,445
"engano";0,003;-0,831;1,381;0,002
"econômico";1,313;-14,653;0,141;5,676
"ditador";-10,675;-19,186;90,894;0,301
"descer";-6,636;8,275;1,678;-2,011
"chefe";-0,527;-9,315;105,285;-10,39
"católico";-1,889;-3,049;-0,557;10,397
"alimentar";-6,863;1,599;-3,141;4,427
"adulto";0,578;-7,183;-6,411;12,347
"unir";-0,14;0,912;-1,516;0,046
"trono";-12,559;117,031;-4,474;-33,66
"tamo";-12,559;-0,344;-6,539;25,851
"praça";-4,975;-12,062;2,99;15,377
"peso";-9,21;-0,77;15,926;0,486
"oferecer";-0,918;0,28;-2,575;1,762
"modificar";-0,495;-1,067;-3,73;7,752
"mercado";2,684;-15,475;-2,026;10,54
"intelectual";-4,558;-7,528;-0,121;20,353
"integral";170,473;-17,536;-4,225;-29,099
"feminismo";-8,237;-12,571;-1,918;42,605
"conduzir";22,982;7,225;-2,913;-27,995
"café";0,128;-4,224;-3,238;7,757
"avião";-12,312;-5,611;2,207;16,748
"artista";-8,062;-21,097;0,009;42,468
"abraçar";-9,698;42,294;-1,331;-7,64
"viagem";-5,187;-12,449;1,524;18,76
"valente";123,17;-16,299;-2,243;-18,516
"trump";-12,065;-10,525;11,259;13,436
"pedra";-10,092;0;-0,103;7,757
"mexer";-1,736;5,835;-2,575;-0,018
"marca";-5,516;0,394;-1,241;4,198
"livrar";-11,572;55,797;-1,152;-12,113
"jeremias";-8,86;87,332;-4,613;-23,746
"jejuar";-12,312;114,601;-6,411;-29,758
"injustiça";-8,062;1,595;7,545;-0,416
"gabinete";-0,695;-14,189;81,994;-2,856
"festa";-6,649;1,597;-0,981;2,448
"entrevista";-2,812;-17,536;2,408;18,062
"demônio";-11,325;63,516;-5,897;-9,588
"comunismo";-8,967;-13,784;-2,243;47,014
"bancada";140,184;-19,025;-3,853;-18,516
"aprendizagem";216,13;-21,926;-6,796;-34,983
"temor";-6,058;41,472;-1,01;-11,106
"superior";96,48;-10,525;-2,575;-15,469
"sugerir";79,963;-15,407;-1,423;-8,13
"recentemente";0,369;-4,822;32,889;-4,71
"profundo";0,467;0,001;-4,474;0,62
"precioso";-12,065;65,215;-2,575;-13,256
"piada";-8,613;-3,779;1,172;12,195
"perigo";-4,856;-7,148;-0,981;24,195
"mineiro";16,16;-9,138;-0,072;-0,082
"jornal";-5,516;-12,269;2,623;16,941
"gustavo";89,549;-10,525;-2,575;-13,256
"gritar";-4,422;3,328;-0,817;0,36
"desempenho";207,958;-21,097;-6,539;-33,66
"capaz";1,704;-0,449;-2,913;0,445
"subscrever";163,032;-16,539;-5,126;-26,388
"separar";-3,344;23,742;-0,981;-5,759
"rapidamente";12,258;-2,283;-2,799;-0,129
"patrimônio";1,926;-21,097;87,925;-8,626
"noção";-0,695;-1,436;-2,353;7,761
"moço";-9,21;1,877;-0,376;2,536
"maduro";-6,186;-15,814;228,701;-16,67
"lágrima";-10,832;87,193;-5,64;-19,918
"lidar";-0,803;-6,5;-4,101;19,458
"invés";0,845;-4,981;0,064;1,353
"enganar";-11,325;-4,369;-0,321;25,472
"dono";-5,075;-0,627;4,952;1,268
"criação";30,158;-0,004;-4,599;-9,128
"clamor";-11,078;102,455;-3,73;-29,693
"cenário";-4,146;0,046;0,04;1,762
"censura";0,251;-18,196;44,426;-0,581
"breve";6,446;-0,251;-4,349;-0,061
"arrependimento";-10,832;81,107;-5,64;-17,261
"vigilância";153,14;-16,711;-2,353;-27,78
"surpresa";-10,339;0,061;-0,139;6,899
"sobrenatural";-12,312;114,601;-6,411;-29,758
"sessão";103,501;-16,711;-1,152;-14,279
"segurar";-9,21;0,165;-2,353;9,513
"revelação";-8,613;43,701;-2,51;-7,456
"rafael";142,922;-18,36;-6,539;-16,67
"pôr";-7,118;18,141;-0,376;-1,937
"plataforma";-0,218;-11,874;1,509;7,761
"juntamente";0,703;-0,172;14,488;-7,64
"jornalista";-5,075;-19,025;9,96;14,75
"indicação";48,269;-20,268;0,04;-2,544
"fiel";-8,967;63,516;-2,243;-16,011
"duvidar";-3,149;-0,898;5,679;0,608
"digno";-0,001;14,07;0,132;-13,688
"desesperado";-12,065;1,341;-0,494;4,859
"custar";-2,956;-3,488;6,077;2,36
"comunicação";5,975;-9,315;-0,121;1,153
"chave";-5,295;10,865;0,59;-2,856
"bolsa";20,669;-7,891;-0,738;-0,281
"aliás";57,528;-7,877;-0,691;-9,128
"vacina";-3,572;-16,125;5,347;14,219
"redor";-11,325;58,449;-3,853;-9,588
"reajuste";159,626;-18,196;-5,64;-22,766
"quebra";-6,649;-0,002;26,277;-1,392
"promover";55,564;-8,221;-2,463;-5,665
"lotado";-4,638;2,912;-0,898;0,608
"intenção";1,435;-2,796;-2,575;2,623
"favela";-7,266;-10,962;23,415;4,55
"enxergar";-1,3;6,017;-3,853;-0,006
"disciplina";43,124;-5,079;-4,998;-3,229
"demonstrar";1,072;-4,526;3,47;-0,005
"cumprimentar";52,75;-12,168;-1,812;-3,212
"cpi";0,077;-17,368;62,509;-2,18
"conservadorismo";-8,723;-18,61;-5,768;63,493
"cabelo";-5,718;-5,755;-0,662;22,107
"ampliar";140,184;-19,025;-5,897;-16,011
"afirmar";2,078;-4,537;0,362;0,174
"adriana";158,298;-16,299;-3,853;-27,121
"sinal";-5,075;1,334;0,132;0,273
"secreto";-2,034;0,102;-0,025;0,932
"regime";-4,422;-17,782;3,936;18,867
"personagem";-8,86;-2,747;-0,002;15,918
"mar";-4,856;15,119;-2,134;-0,766
"lives";-5,028;28,279;-4,87;-2,852
"juntar";-5,738;-0,172;0,04;4,859
"honrar";-6,883;63,516;-5,897;-13,688
"gasto";43,132;-18,196;-0,222;-1,147
"famoso";-7,589;-12,664;-0,494;36,042
"el";0,002;-1,853;7,693;-0,325
"década";7,133;0,369;-3,73;-2,205
"derramar";-10,832;100,026;-5,64;-25,804
"convocação";41,22;-4,07;1,855;-17,887
"consagrar";-11,078;109,204;-5,768;-29,693
"conectar";-2,113;38,253;-5,768;-9,058
"ótimo";-6,649;-0,497;-2,134;13,683
"século";-0,183;9,611;-1,707;-2,846
"surgir";-1,164;-2,854;-0,002;6,147
"revolução";-5,718;-2,93;-5,255;25,213
"prédio";-1,164;-15,887;70,888;-0,766
"prender";-8,723;-15,887;172,249;-5,759
"prazo";19,515;-2,347;-0,817;-2,506
"neutro";1,247;-15,297;-4,741;17,125
"matemática";99,713;-19,025;-5,897;-6,217
"guilherme";-1,625;3,783;-0,139;-0,281
"fase";0,002;-1,647;-5,126;6,889
"exato";0,002;-1,853;-5,768;7,752
"destinar";50,994;-13,008;-0,025;-5,533
"consciência";0,251;0,506;-0,222;-0,581
"comando";-0,592;-11,48;122,478;-11,547
"carinho";-9,454;0,096;-2,463;10,433
"apóstolo";-11,572;107,312;-6,025;-27,78
"taxar";-3,572;-13,419;40,385;0,677
"salvação";-11,078;89,601;-5,768;-20,56
"representante";8,64;-2,077;1,676;-3,572
"porquê";-1,032;-8,635;3,638;5,389
"palestra";-6,182;-2,347;-0,817;16,255
"opositor";-6,182;-17,782;170,394;-6,345
"modo";-0,01;-0,31;-0,376;0,991
"limite";0,339;-2,347;-3,483;4,666
"judiciário";-0,592;-5,831;30,06;-0,467
"judeu";-7,994;1,603;6,5;-0,281
"impor";16,273;-15,064;-0,179;0,36
"fala";11,701;-11,087;0,795;-0,07
"estender";0,071;8,851;-1,152;-5,229
"esforço";35,424;-6,445;-1,918;-2,506
"empresário";-4,638;-2,596;-0,222;12,637
"eleitor";0,564;-14,241;0,03;7,757
"direção";0,402;2,859;-2,353;-1,195
"crente";-10,585;47,04;-3,483;-6,345
"convencer";-6,182;1,33;-1,918;3,416
"compra";-7,751;-11,765;1,34;22,107
"coincidência";-10,092;-11,765;121,331;-1,87
"capitão";82,317;-14,189;-2,353;-8,315
"caber";39,062;-4,224;-0,103;-8,79
"braço";-11,572;46,617;-3,977;-5,229
"agente";-0,034;10,029;0,003;-8,014
"abuso";7,704;-10,695;50,995;-14,793
"virtude";-7,994;0,061;-1,812;8,656
"treva";-11,078;30,567;-2,134;-2,205
"tarcísio";140,184;-16,299;-3,853;-21,202
"somar";3,778;-4,42;-0,386;0,602
"sabedoria";-8,48;75,241;-3,606;-19,918
"renda";15,158;-11,765;0,442;-0,167
"prevalecer";-0,406;19,017;-0,898;-8,533
"pesquisar";-3,994;-7,522;4,594;7,757
"pesado";-11,078;-0,142;0,177;7,752
"pedagógico";145,07;-15,887;-5,768;-20,56
"meter";-4,856;-9,01;0,177;18,567
"legado";-7,024;40,816;-1,399;-9,096
"intercessor";-9,599;87,889;-4,998;-22,512
"interceder";-9,846;71,565;-0,589;-23,17
"iniciativa";24,211;1,597;-5,768;-13,1
"inglês";-2,034;12,481;-2,872;-1,051
"genocida";-7,751;-16,953;13,119;14,014
"fraco";-10,832;7,3;0;0,026
"expulsar";-7,266;30,236;0,634;-11,797
"declaração";-2,766;-1,235;29,936;-1,348
"cívico";159,626;-18,196;-3,606;-25,804
"curar";-8,723;89,601;-5,768;-23,418
"contrato";-0,465;-16,125;40,385;0,028
"confiança";-5,487;3,417;-1,603;1,016
"concreto";6,791;-12,168;2,483;0,01
"benção";-10,585;91,08;-5,512;-22,114
"avisar";-1,947;-3,776;0;8,633
"alimento";-4,638;-5,175;2,049;8,633
"alegre";-7,508;21,456;-5,126;-0,371
"tráfico";-1,947;-12,975;190,5;-19,918
"traficante";-0,323;-15,064;113,36;-8,014
"sequer";51,411;-11,087;0,795;-10,986
"profetizar";-10,585;97,598;-5,512;-25,145
"pcc";-6,782;-15,297;255,357;-21,197
"parceria";128,178;-17,782;-5,512;-14,188
"neemias";-7,628;68,49;-3,972;-17,257
"narrativo";-0,565;-9,138;13,865;1,016
"minoria";12,036;-10,561;-0,45;0,402
"infância";35,424;-1,431;-5,512;-4,871
"humilhar";-5,718;57,277;-5,255;-12,986
"humanidade";-7,508;-0,345;-5,126;17,993
"herói";-10,092;-1,871;31,287;0,053
"geralmente";-0,787;-2,105;-1,812;8,656
"fascismo";-4,799;-15,297;-2,751;42,145
"falha";-4,422;23,473;-5,512;-1,616
"doce";-10,092;0,123;-0,662;7,757
"converter";-4,422;14,73;-5,512;-0,113
"continuidade";20,662;-1,853;-3,73;-1,392
"constitucional";74,593;-15,064;1,043;-16,636
"claramente";-0,592;-5,831;20,721;-0,006
"valorizar";1,371;-4,07;-2,134;3,495
"letra";-2,766;-1,235;-1,812;10,613
"lar";-4,207;54,441;-3,361;-16,012
"intercessão";-10,092;86,241;-5,255;-20,812
"fernandes";36,099;-7,156;0,532;-8,255
"executivo";65,354;-10,695;-0,898;-8,533
"exaltar";-4,346;6,347;-0,268;-0,096
"enganado";-5,487;-7,156;-3,116;30,641
"emprego";-0,002;-4,097;-0,325;5,223
"eletrônico";4,919;-14,652;78,858;-16,012
"corajoso";-7,508;15,493;-1,603;-0,371
"conjunto";77,297;-9,138;-1,603;-12,39
"comida";-4,207;2,578;-0,738;0,537
"ciência";77,709;-12,168;-5,383;-5,873
"cansado";-10,585;4,665;-1,918;2,36
"bolo";-7,994;-14,652;12,415;12,769
"be";0,07;-0,034;-0,512;0,177
"ana";-4,572;1,63;-0,325;0,85
"ameaça";3,376;-8,368;42,197;-9,096
"amado";-7,508;36,287;-0,072;-10,218
"tamanho";-2,766;-7,891;0,362;12,769
"retomar";55,18;-9,526;-1,707;-5,41
"ressuscitar";-9,106;64,435;-1,299;-18,214
"orgulho";-0,565;-2,661;0,053;3,912
"máximo";-0,183;-9,526;0,442;7,757
"moisés";-8,613;71,747;-2,51;-19,883
"mateus";-6,058;32,321;-1,01;-6,922
"juízo";-1,471;38,358;-0,662;-17,999
"indignado";-6,782;-3,029;0,875;9,794
"hipocrisia";-3,572;-8,752;-0,046;19,588
"gratidão";-8,613;71,747;-4,485;-16,919
"feminino";5,79;-4,13;8,168;-3,688
"condenação";-9,846;-11,363;216,123;-14,771
"conceito";10,959;-9,761;-4,613;2,572
"chão";0,251;1,89;-3,606;-0,206
"cedo";-3,994;0;-0,103;3,337
"carreira";31,479;-2,661;-5,126;-2,495
"candidatar";-9,353;-10,561;-0,45;35,313
"cancelar";-4,572;-5,716;-2,63;25,123
"camilo";158,95;-16,125;-4,998;-25,727
"avanço";99,591;-12,168;-5,383;-11,359
"atuar";48,575;-5,079;-1,501;-7,726
"armado";27,175;-16,539;13,865;-8,255
"aproximar";-7,994;40,446;-5,383;-4,443
"anunciar";13,121;-0,345;-1,603;-2,495
"americano";-0,041;-1,227;0,125;0,932
"alimentação";48,575;-10,962;-0,518;-4,514
"you";-0,983;0,835;-0,512;0,177
"subcomissão";146,705;-14,883;-4,613;-23,746
"secretaria";91,914;-13,83;-0,589;-14,771
"renovar";-6,299;43,701;-1,105;-11,709
"queimar";-7,266;16,722;3,265;-7,726
"peça";-4,346;4,611;-4,485;1,15
"paciência";-8,613;0,083;-0,268;6,027
"objetivo";84,702;-9,914;-1,812;-13,586
"multidão";-10,092;5,821;-0,662;0,754
"lamentar";4,567;2,633;-2,994;-4,514
"janja";-9,846;-16,539;13,865;15,354
"inclusão";96,018;-10,161;-1,299;-18,214
"gestão";52,75;-17,368;0,013;-4,443
"dialogar";55,18;-11,765;-1,707;-4,026
"curado";-9,353;85,463;-4,87;-21,854
"caixa";-4,346;-9,363;-0,268;23,765
"vírus";-6,782;-12,598;-2,751;42,145
"unidade";14,948;1,97;-2,51;-11,709
"transporte";14,944;-11,986;-1,8;0,89
"som";-6,782;0,005;-0,386;6,037
"silva";-5,95;-1,235;62,509;-4,443
"satanás";-10,092;7,598;-0,662;0,302
"sacanagem";-9,846;-11,363;32,713;3,912
"roupa";-8,367;-3,468;-1,01;22,415
"rogério";163,032;-16,539;-5,126;-26,388
"reclamar";-0,465;-0,242;-1,501;3,26
"prol";1,476;-2,747;-0,325;0,85
"praticar";4,567;-5,079;47,063;-16,725
"popular";1,043;-10,561;56,547;-7,205
"piorar";-5,257;-0,242;5,347;0,677
"pau";-5,718;-11,765;0,03;25,213
"louco";-9,846;-0,345;-5,126;20,841
"libertar";-8,86;62,065;-1,201;-17,566
"gás";-8,613;-9,363;41,169;1,15
"genuíno";-6,299;1,97;-2,51;3,11
"entidade";104,292;-15,297;-1,299;-15,457
"dom";-4,346;65,584;-2,51;-23,085
"doença";-4,346;6,347;-0,268;-0,096
"discípulo";-8,86;80,612;-4,613;-20,54
"desenvolvimento";71,018;-12,168;-1,812;-7,502
"competência";34,307;-14,241;0,442;-2,846
"china";-4,121;-14,055;7,746;11,099
"característica";-2,36;22,405;-4,228;-3,302
"batalhar";-6,54;-0,036;-4,613;13,314
"arte";-0,288;-1,034;-4,741;7,802
"análise";51,858;-13,83;-5,126;-0,87
"antigamente";-3,994;-9,526;-0,662;25,213
"alterar";26,022;-10,561;-2,872;-0,001
"aliança";-5,577;17,159;1,747;-7,763
"abandonar";-0,542;9,264;-1,01;-2,493
"xingar";-6,54;-12,188;2,352;18,754
"vagabundo";-6,54;-14,883;109,714;-1,262
"título";4,567;-2,399;-0,518;0,028
"turma";-2,394;-13,83;4,958;10,703
"subestimar";-4,799;5,013;-4,741;1,237
"socorro";45,334;0,458;-4,87;-21,854
"sarar";-8,86;67,978;-2,63;-17,566
"revelar";-6,299;59,698;-2,51;-16,919
"racista";0,588;-9,504;-0,161;6,256
"postura";2,017;-1,226;0,383;-0,277
"parceiro";-1,69;-14,883;6,685;8,804
"inacreditável";-5,257;-10,962;5,347;11,856
"extremista";11,479;-5,832;14,015;-8,628
"eduardo";-1,321;-11,363;52,077;-0,371
"domingo";-9,846;8,365;-0,589;0,13
"dobrar";-4,799;43,298;-1,299;-12,926
"disposto";0,376;3,056;-2,872;-1,051
"dedo";-4,799;-4,42;16,386;1,237
"crescimento";-0,078;0,045;-2,994;1,324
"costa";-7,024;-1,227;29,944;-0,131
"contratar";14,944;-11,986;-0,571;0,318
"chance";-1,979;-3,995;0,707;6,038
"cercar";-3,159;2,296;6,208;-2,49
"castro";-4,572;-9,761;185,777;-17,566
"caos";-9,599;0,32;-0,046;4,55
"caminhada";-6,54;-0,036;-1,201;8,804
"biológico";0,035;-3,717;4,329;0,084
"atrapalhar";-0,125;-0,875;-3,116;5,296
"ansiedade";-6,54;56,421;-2,63;-14,825
"abril";10,959;-9,761;-0,002;0,058
"áudio";-6,058;-11,368;58,577;0,031
"súplica";-9,353;92,191;-4,87;-25,067
"sigilo";-4,121;-14,055;200,149;-16,273
"psicológico";18,416;-11,778;-2,51;0,528
"perigoso";-1,363;-1,226;0,383;2,49
"parágrafo";135,226;-15,711;-2,872;-21,854
"paraná";69,228;-3,468;-4,356;-13,566
"onda";-8,613;3,152;-2,51;3,11
"obedecer";-4,572;41,103;-2,63;-10,04
"nazista";-1,057;-10,549;1,747;8,988
"massa";-4,346;-9,363;-1,105;27,255
"instituir";99,936;-13,008;-1,399;-16,09
"financiar";1,247;-15,297;58,973;-5,064
"fernando";66,343;-10,161;-2,751;-6,69
"exigir";16,062;-0,533;-0,215;-5,2
"estupro";-4,799;-12,598;105,541;-2,49
"esclarecimento";91,945;-10,561;-0,45;-18,862
"coordenador";108,903;-14,883;-4,613;-12,316
"controlar";-0,542;-5,015;-0,215;8,885
"classe";0,794;-14,469;-2,51;14,729
"central";18,544;-4,331;-2,152;-0,381
"brincadeira";-5,028;-4,747;-1,399;21,301
"atento";-0,465;-1,432;-0,518;4,55
"santana";117,827;-14,883;-4,613;-14,825
"repente";-2,955;2,701;-4,613;1,595
"publicar";3,778;-12,598;2,114;0,602
"propaganda";-2,36;-13,641;-0,917;28,122
"petista";0,633;-14,883;9,681;0,85
"participação";30,351;-6,43;0,748;-7,205
"ofício";35,012;-2,146;-0,45;-9,096
"nordeste";0,084;-1,034;0,875;0,011
"messias";-4,572;-1,666;88,785;-10,04
"manchete";-5,028;-15,711;-0,025;31,48
"lógico";-0,903;-3,029;0,173;4,498
"link";-7,874;-8,174;-2,152;34,694
"liberado";-3,018;15,149;-0,571;-2,941
"incomodar";-4,859;2,076;-3,715;2,899
"impeachment";-0,903;-15,297;127,936;-8,543
"humilde";-2,168;4,829;-0,124;-0,381
"he";-1,967;-0,069;1,484;0,354
"gaiar";76,723;-14,883;-2,63;-6,184
"futebol";-8,613;-0,686;-0,268;12,195
"especificamente";4,567;-0,019;-0,518;-1,304
"enorme";8,658;-6,792;-2,994;1,324
"distante";-6,299;6,347;1,172;-1,004
"disponível";5,042;-0,564;-1,399;-0,131
"criticar";-1,86;-6,072;0,173;9,794
"bíblico";-9,353;40,816;-2,872;-5,533
"briga";-2,168;-1,698;-0,124;6,951
"bando";-7,874;-10,549;1,747;19,75
"ar";-2,212;-3,615;1,694;4,55
"alteração";109,761;-11,368;-2,39;-19,226
"órgão";33,861;-5,731;0,075;-7,209
"tecnológico";88,087;-7,985;-4,741;-12,926
"quebrado";-4,572;7,528;0,232;-1,262
"provavelmente";-0,903;-3,029;2,114;2,098
"padrão";0,794;-1,44;0;0,145
"método";-0,776;-0,853;-0,325;3,781
"like";-2,972;-3,942;-0,069;11,683
"leve";-1,524;10,648;-4,485;-0,431
"interno";76,723;-7,604;-2,63;-12,316
"incentivo";92,11;-7,604;-1,201;-20,54
"identificar";10,75;-4,671;-0,917;-0,001
"hotel";-8,86;-5,716;-4,613;36,42
"ferramenta";0,495;0,627;-1,299;-0,324
"facebook";-8,613;-14,469;-4,485;53,214
"esquerdista";-2,754;-9,363;0;17,502
"duro";1,427;-0,836;-0,124;0,011
"doutrinação";28,809;-10,14;-3,972;-0,013
"divergência";14,948;-9,363;0;-0,096
"conquistar";-4,62;-0,006;-3,587;9,276
"comandar";-0,655;-14,469;41,169;0,001
"circunstância";-1,69;36,535;-4,613;-10,04
"calado";-8,86;-5,716;-0,325;25,123
"batista";1,697;-0,175;0,707;-1,478
"atuação";9,097;-2,472;0,302;-1,816
"anistia";1,697;-10,14;28,882;-2,506
"abençoado";-6,782;70,374;-4,741;-18,214
"índice";76,591;-11,368;-0,215;-13,566
"árvore";-4,346;0,083;-4,485;7,844
"whatsapp";-4,346;-5,364;0,302;12,195
"tse";0,046;-13,641;70,226;-4,723
"positivo";44,402;-9,761;-1,201;-3,258
"pornografia";65,092;-5,001;-0,571;-15,946
"merda";-6,299;-9,363;2,611;14,729
"maconha";-4,121;-11,368;5,027;11,099
"jogador";-8,367;-1,226;-1,01;16,265
"informar";37,995;-11,368;-4,356;-0,277
"individual";1,674;-1,497;-1,569;0,804
"inciso";138,544;-14,055;-4,356;-22,425
"idiota";-5,577;-10,549;-0,124;26,699
"golpista";-1,363;-14,055;170,696;-16,273
"fernanda";41,793;-7,387;-3,843;-2,134
"expectativa";0,016;5,239;-0,215;-3,723
"evidência";76,591;-6,848;-4,356;-11,106
"escala";4,525;-8,916;-1,684;3,558
"energia";-4,121;0,607;0,006;0,768
"diretamente";27,574;-3,029;-0,386;-5,064
"digital";-0,646;-11,986;2,521;8,077
"devolver";-0,002;-0,31;27,198;-7,996
"detalhe";4,692;0,083;-0,268;-2,868
"demorar";-2,36;-3,162;-2,271;15,046
"defensor";-0,775;-9,732;2,238;7,001
"convicção";-1,057;28,189;-2,152;-9,909
"complicado";-3,159;-1,901;-1,299;12,011
"chuva";0,021;1,527;-2,433;-0,065
"caçar";-2,556;-14,055;58,577;-0,031
"casal";-5,337;12,487;-3,972;-0,013
"canto";-0,776;4,041;-0,325;-0,612
"cama";-7,874;0,064;-2,152;8,988
"bondade";-7,135;51,275;-3,715;-10,457
"aguardar";10,75;-0,396;0,02;-4,723
"afastar";-6,299;43,701;-2,51;-9,463
"abraão";-6,889;61,223;-3,587;-15,291
"ã";33,933;-12,188;-2,63;-0,195
"will";-0,737;2,034;-0,384;-0,051
"violento";0,794;-5,364;34,609;-5,687
"ventura";142,624;-14,469;-4,485;-23,085
"ucrânia";-7,628;-10,14;-0,086;29,112
"tradicional";-1,69;-5,716;-0,325;13,314
"soldado";-5,817;0,815;15,887;-2,135
"restaurar";-7,135;45,591;-1,8;-10,457
"rejeitar";31,808;-1,698;-0,124;-9,909
"pó";-0,178;-0,095;0,118;0,165
"puc";-6,058;-11,368;-4,356;42,097
"prêmio";61,497;-12,399;-1,916;-4,874
"polêmico";21,422;-9,732;-0,653;-0,116
"penal";9,668;-12,813;13,499;-2,506
"mental";7,365;-11,368;0,006;0,768
"lima";24,165;-5,731;0,075;-3,804
"lavar";-6,54;0,828;-0,002;1,595
"intervenção";-0,05;26,178;-0,917;-15,628
"interferir";21,086;-8,569;8,336;-8,324
"gigante";-3,454;15,436;-2,034;-1,478
"garantia";32,865;-3,468;-0,215;-6,922
"filmar";-1,438;-8,916;-0,011;14,582
"despertar";-5,097;32,695;-3,843;-4,874
"depressão";-8,613;48,756;-4,485;-7,456
"crédito";13,766;-9,732;-0,054;0,001
"critério";114,926;-13,641;-4,228;-15,628
"covarde";-1,69;-12,188;70,069;-1,262
"comunicar";-0,542;0,001;-0,215;0,768
"civil";10,75;-10,958;3,2;-0,561
"casar";-6,15;14,637;-3,202;-0,144
"bebê";-0,019;-1,698;3,533;0,011
"analisar";1,731;-7,225;0,302;1,15
"adotar";21,086;-4,671;-0,167;-2,135
"torcer";-1,363;-11,368;14,942;2,49
"sucesso";6,392;-1,698;0,043;-0,958
"resolução";72,789;-13,641;-0,917;-8,324
"relevante";28,106;-2,205;0,006;-8,891
"redução";26,991;-13,227;5,941;-5,88
"recorde";-2,38;-10,744;38,671;0,073
"reagir";-5,817;-1,946;1,536;6,027
"previsão";14,944;-6,995;-3,715;0,318
"outubro";0,492;-0,241;-1,684;0,529
"olavo";-7,381;-9,732;-1,916;36,075
"nobre";80,408;-7,225;-1,105;-16,919
"morador";-3,235;-9,732;52,656;-0,116
"maluco";-8,12;-0,396;-0,917;12,411
"luiz";12,68;-5,731;9,656;-7,209
"inspirar";-1,795;4,421;-3,843;0,165
"hipócrita";-6,058;-11,368;-1,01;33,486
"fidel";-7,135;-11,986;209,598;-15,946
"eternidade";-7,628;50,273;-3,972;-9,316
"estudantil";93,67;-12,399;-3,843;-11,074
"efetivo";34,871;-4,671;-2,271;-3,302
"doente";-0,646;2,076;0,173;-0,913
"desviar";-2,556;1,338;43,181;-16,273
"destacar";59,165;-5,364;-2,51;-9,463
"desrespeitar";-0,646;-9,324;20,407;0,318
"desenvolver";10,75;0,27;-4,228;-3,302
"consideração";34,871;-8,569;0,02;-4,723
"confirmar";1,697;-2,572;3,897;-0,72
"choro";-5,817;15,74;-2,271;-0,561
"cartão";-2,168;-10,549;27,315;0,687
"bruno";-1,979;0,139;-0,739;1,837
"brigar";-7,381;-0,503;4,293;2,328
"beber";-7,874;-0,836;-4,1;19,75
"assustar";5,776;-3,162;0,02;-0,155
"al";49,372;-8,966;-1,01;-5,2
"adquirir";0,725;-7,78;-3,972;10,187
"universitário";36,068;-7,387;-0,653;-3,365
"troca";-1,438;-4,641;1,182;5,166
"tratado";1,697;-12,813;42,349;-3,804
"tom";-2,168;-2,863;0,584;5,176
"sindicato";33,861;-12,813;-0,086;-1,478
"shopping";-6,15;-0,33;-3,202;13,766
"sentado";0,001;4,421;-0,054;-3,365
"seletivo";-1,207;-13,641;5,466;7,901
"rolar";-4,859;-9,324;-0,029;22,474
"roda";3,16;-4,286;-0,416;0,804
"punir";0,725;-10,14;58,385;-7,209
"oficial";10,75;-10,958;1,536;-0,155
"neymar";-6,889;-8,916;2,835;14,582
"mestre";-1,614;3,42;-1,8;0,034
"mencionar";37,019;-4,331;0,043;-9,909
"matrícula";102,766;-12,399;-3,843;-13,698
"lixo";-1,102;-3,934;0,423;5,18
"licença";26,81;-4,314;-1,012;-2,653
"inventar";-1,057;-6,101;1,747;5,176
"injusto";-5,337;-2,572;6,455;2,967
"indicador";114,926;-13,641;-2,271;-18,569
"folha";-0,178;-3,665;14,441;-0,116
"estuprador";-1,573;-9,09;49,914;-0,573
"equilíbrio";-0,775;0,246;-1,916;1,328
"envolvimento";-0,516;6,829;9,178;-14,503
"entrada";1,188;-0,396;0,476;-0,561
"ente";80,648;-5,731;-3,972;-14,34
"currículo";72,74;-12,813;0,707;-17,257
"corrida";-7,381;0,805;0,118;1,328
"complexo";-0,524;-11,572;1,182;9,276
"casado";-6,396;2,156;19,031;-4,559
"carlos";2,017;-14,055;24,481;-0,77
"bolso";-7,874;-13,227;16,899;8,988
"atrair";-6,15;11,464;-3,202;0,001
"ativo";-4,121;-1,226;14,942;0,031
"ativista";-1,573;-4,314;-1,012;12,977
"aspa";8,071;-6,473;15,887;-6,397
"argentino";-1,267;-11,158;23,225;0,804
"apelo";21,086;-1,024;-0,917;-4,723
"ansioso";-5,097;37,45;-1,916;-8,728
"alice";92,939;-13,227;-4,1;-9,909
"toa";-0,178;-0,503;0,118;0,607
"tela";-0,34;-4,331;-2,152;11,286
"taxa";2,002;-12,399;2,238;1,328
"sérgio";-8,12;-13,641;79,734;-0,001
"senso";3,16;-4,286;-1,569;1,664
"risada";-4,62;-0,241;-0,492;7,072
"retornar";0,093;-1,698;1,747;0,011
"resumir";-5,097;0,009;-1,916;7,001
"resgatar";1,427;1,062;-0,124;-2,896
"recomendação";85,65;-11,572;-1,684;-12,418
"ranking";13,766;-12,399;0,118;0,001
"questionamento";25,298;-1,946;-0,167;-6,397
"puro";-2,803;2,521;-0,011;-0,002
"pronome";-3,438;-9,504;-2,946;30,093
"pressionar";-1,057;-8,174;8,972;2,409
"porcaria";-5,337;-7,78;0,075;18,436
"planejamento";9,471;-11,572;-0,011;0,529
"paralelo";-0,025;-8,509;0,324;6,104
"papo";-3,454;-7,78;-0,086;18,436
"orarmos";-8,12;60,803;-4,228;-12,94
"movimentar";-7,135;5,098;2,521;-0,913
"missionário";-4,62;48,901;-1,684;-15,291
"libertação";-7,874;58,417;-2,152;-14,983
"legislação";42,626;-13,227;0,043;-4,257
"janones";-4,859;-11,986;64,524;-0,038
"inquérito";0,426;-13,641;136,323;-21,764
"implementar";47,939;-12,399;-0,653;-3,365
"idoso";-2,168;-0,836;16,899;-0,381
"global";-3,235;-12,399;-3,843;36,075
"funk";-6,396;-10,744;-1,455;34,635
"equipamento";114,067;-11,572;-3,587;-18,463
"elemento";80,648;-7,78;-3,972;-11,693
"eficaz";7,063;0,589;-2,034;-3,804
"dica";-7,381;-1,234;-1,916;17,135
"defeito";-4,382;-4,286;-0,416;16,361
"curto";-1,979;0,589;-3,972;2,967
"curtir";-7,628;-7,78;-3,972;37,579
"conduta";7,537;-1,497;1,383;-3,453
"catarina";1,385;4,014;-1,684;-3,913
"assembleia";2,002;0,805;-3,843;-0,51
"apaixonado";-5,904;58,193;-3,074;-15,823
"antônio";0,492;-0,241;-0,011;-0,002
"admitir";-0,05;-8,569;38,229;-1,221
"acrescentar";3,512;8,445;-1,916;-11,074
"abertura";27,736;-5,001;2,521;-10,457
"vinda";5,443;2,893;-0,653;-8,728
"via";-0,003;-3,995;-0,739;6,038
"urgência";57,521;-6,218;-1,569;-9,234
"travar";4,525;0,116;-3,587;-0,67
"trajetória";0,001;10,941;-1,916;-4,874
"terrorismo";20,277;-11,572;16,554;-9,844
"símbolo";-3,205;-4,314;19,138;0,304
"superar";28,734;-1,256;-0,345;-8,628
"stories";-5,904;-3,247;-3,074;22,917
"sexualidade";-0,943;-7,696;-1,342;16,968
"setor";10,57;-1,234;-1,916;-0,51
"sen";26,991;-0,836;-2,152;-5,88
"rosa";-1,979;-2,572;9,656;0,385
"reto";-5,411;1,455;-1,012;2,024
"reforçar";11,677;-4,331;-2,152;0,011
"receita";2,729;-11,572;0,241;2,25
"primo";-1,795;-3,665;0,118;7,001
"preferir";0,725;-0,661;-0,739;0,385
"preconceito";1,082;-3,588;0,011;0,718
"pecador";-7,135;51,275;-0,571;-15,946
"pec";23,691;-10,744;0,423;-1,777
"opção";3,16;-11,158;8,986;-0,081
"omissão";-1,614;-6,995;64,524;-2,941
"obrigatório";47,319;-11,572;-1,684;-2,533
"lucas";-5,337;12,487;-0,739;-0,72
"livraria";-5,657;-4,689;-2,946;25,597
"justificativo";12,621;-8,916;0,241;-0,187
"julgamento";-7,135;-5,001;47,072;-0,038
"interior";-0,646;5,098;-0,571;-0,913
"grato";-0,913;1,352;0,075;-0,232
"genocídio";-5,165;-6,079;-0,069;18,58
"especialmente";26,991;-0,276;-2,152;-7,763
"determinar";11,552;-0,037;0,173;-8,146
"destino";-5,904;24,345;0,032;-7,429
"deput";118,146;-11,986;-3,715;-19,123
"código";2,002;-9,732;14,441;-0,51
"comprovar";-0,775;-9,732;14,441;1,328
"carnaval";-4,427;-4,877;-0,001;14,318
"brito";110,871;-10,549;-2,152;-21,104
"bilinski";97,686;-12,813;-0,739;-17,257
"aspecto";30,765;-9,732;-1,916;-0,51
"amplo";36,068;-9,732;4,293;-11,074
"acusação";0,16;-7,78;23,112;-0,72
"acertar";-0,003;-0,661;-0,739;1,837
"vestir";-3,235;2,893;-0,653;0,165
"vento";-7,135;7,11;-1,8;0,318
"terrível";-0,913;-0,001;3,897;-0,232
"tapa";-0,025;-8,509;1,383;4,315
"suficiente";-0,062;2,521;-1,684;-0,187
"site";-1,438;-11,572;2,835;9,276
"sensacional";-4,859;-1,021;-3,715;15,85
"segredo";-2,803;2,521;0,241;-0,187
"saudável";10,57;-0,095;-1,916;-2,134
"salvo";-3,235;24,153;-3,843;-3,365
"restauração";-7,135;70,331;-3,715;-19,123
"reconhecimento";17,383;-1,234;-1,916;-2,134
"psicólogo";-0,393;7,924;-2,689;-1,089
"psd";17,616;-11,158;12,995;-6,997
"propriedade";0,221;-3,942;0,181;1,41
"pleno";0,914;-1,234;-0,653;0,607
"paulista";-0,524;-3,023;8,272;0,116
"pano";-7,135;-5,001;7,616;6,063
"objeto";0,059;-4,689;-1,12;6,256
"nazismo";-0,943;-7,696;-0,278;13,766
"nascido";-4,382;14,881;-3,459;-0,459
"março";3,992;-9,324;0,173;0,89
"invasão";-1,102;-0,475;6,281;-0,017
"inscrição";57,776;-9,324;-3,715;-4,387
"injustamente";-3,018;-5,001;120,169;-13,057
"influenciador";-5,097;-7,387;0,846;14,183
"imposição";2,883;-5,369;-0,172;1,086
"glorificar";-7,135;63,645;-3,715;-15,946
"fluir";-5,904;39,454;-3,074;-7,429
"felicidade";-4,62;8,038;-3,587;0,116
"evitar";2,002;-1,234;-0,054;0,001
"estimular";35,147;-6,606;-0,492;-3,913
"essência";-2,803;1,373;-3,587;2,25
"especialista";7,537;-2,712;-0,001;-0,459
"embaixo";-5,097;0,805;-0,054;1,328
"domínio";-1,979;0,589;-2,034;1,837
"descansar";-6,889;43,259;-3,587;-7,568
"demitir";-0,079;-9,504;46,72;-1,785
"científico";38,444;-11,986;0,173;-4,387
"cego";-0,646;5,098;-0,029;-1,782
"capitalismo";-6,15;-10,331;-1,342;33,12
"babilônio";-6,889;67,903;-3,587;-18,463
"aécio";-5,165;-8,676;115,588;-5,675
"autorizar";20,277;-11,572;5,198;-3,913
"associação";15,063;-3,934;3,563;-6,433
"valorização";81,033;-9,324;-3,715;-10,457
"transparência";12,744;-9,09;19,138;-8,623
"tirania";-4,382;-8,509;3,18;10,613
"terreno";-4,62;24,148;-1,684;-3,913
"televisão";-4,62;-0,823;-1,684;11,78
"sede";-0,646;3,42;-1,8;-0,038
"sacrificar";-3,673;1,8;-0,217;0,376
"romper";-3,205;29,456;-2,817;-6,253
"registro";81,648;-8,509;-0,416;-17,803
"regimental";104,143;-11,572;-3,587;-15,291
"publicação";-5,904;-9,917;-1,23;31,606
"publicamente";0,357;-2,014;11,193;-1,782
"prejudicar";3,992;-2,014;-3,715;0,89
"planejar";-1,438;0,572;-0,492;0,529
"planalto";-0,178;-7,387;80,723;-8,728
"pgr";20,277;-11,572;27,679;-15,291
"pessoalmente";1,133;-0,362;-0,571;0,034
"particular";32,872;-1,021;-3,715;-6,122
"organizar";6,076;-9,324;-1,8;2,899
"orador";94,671;-11,572;-1,684;-15,291
"nervoso";-7,381;-2,288;2,238;7,001
"nascimento";-0,649;-0,623;-2,946;6,256
"loja";-4,919;-8,263;1,491;13,572
"ivan";90,627;-11,158;-1,569;-14,637
"inteligência";-0,412;0,002;-0,416;0,804
"instalar";3,643;-2,409;-0,345;0,073
"igualdade";-1,267;-6,218;-0,416;13,332
"homicídio";-2,59;-8,509;93,638;-5,07
"habitar";-6,889;54,889;-3,587;-12,418
"gay";-4,919;-5,677;3,712;7,671
"federação";98,717;-11,986;-3,715;-13,057
"ester";0,289;22,145;-3,202;-13,329
"doido";-7,135;0,389;-3,715;8,077
"diversidade";6,239;-4,314;-2,817;0,974
"conexão";-7,135;0,389;-0,571;4,337
"completar";-1,969;1,8;-3,074;1,062
"complementar";43,778;-11,158;-3,459;-1,147
"combinar";6,772;-0,241;-0,492;-1,453
"colar";-2,59;-8,509;12,995;2,835
"clima";-1,267;-0,142;-1,569;4,315
"cena";-0,943;-3,588;1,864;2,774
"bênção";-7,135;63,645;-3,715;-15,946
"bloco";65,092;-9,324;-1,8;-8,146
"apresentação";17,616;-2,712;-3,459;-0,459
"agradar";-3,673;7,229;-3,074;0,038
"acaso";-5,657;0,344;0,837;0,633
"ultrapassar";3,16;-6,218;3,18;-0,081
"tr";28,734;-3,934;0,423;-8,628
"sobretudo";44,452;-3,341;-3,715;-6,122
"soberania";-5,165;-0,297;63,961;-7,999
"setembro";1,352;-1,83;11,55;-3,575
"saeb";109,989;-11,158;-3,459;-17,803
"rodrigo";0,289;-7,696;41,129;-4,061
"raiva";-2,803;-0,823;-1,684;9,276
"pátria";-6,396;-0,066;0,001;5,18
"proposição";98,717;-11,986;-3,715;-13,057
"processar";-5,165;-8,676;43,835;0,087
"primeiramente";6,076;0,389;-1,8;-2,941
"pele";-0,943;-7,696;1,864;6,167
"pedófilo";0,184;-8,102;86,719;-13,983
"passageiro";-6,396;2,156;-0,345;1,151
"partidário";29,739;-8,916;-0,492;-1,453
"paraas";11,552;-2,014;-0,571;-0,913
"ovo";-0,516;-6,482;-1,012;12,977
"operar";-4,62;16,666;-0,492;-2,533
"online";-1,969;1,8;0,032;-0,049
"observar";14,944;0,046;-0,571;-8,146
"ministração";-6,396;28,638;-1,455;-4,559
"militante";3,295;-2,913;-1,12;0,633
"meramente";0,051;-6,606;-0,011;5,166
"lavagem";-2,803;-11,572;185,194;-18,463
"justificar";0,001;-5,677;1,491;1,955
"jerusalém";-6,889;43,259;-3,587;-7,568
"intencional";-4,382;18,327;0,324;-6,997
"imprensa";1,385;-11,572;0,241;3,558
"imediatamente";0,184;-3,934;1,61;0,451
"grana";-3,909;-10,331;-0,278;24,375
"garoto";-3,673;-1,83;-0,217;9,72
"funcionário";3,16;-11,158;23,225;-2,145
"facada";-6,15;-5,448;58,908;-0,621
"exposição";41,007;-8,916;-1,684;-2,533
"dispor";43,778;-1,497;-3,459;-9,234
"dignidade";5,115;-4,286;17,742;-6,997
"derrotar";0,059;-0,109;-0,161;0,137
"definição";11,851;-4,48;-2,177;0,015
"covid";10,34;-9,917;11,55;-3,575
"companheiro";8,201;-4,689;2,474;-1,785
"ciclo";20,277;-1,75;-3,587;-1,453
"amizade";-6,642;11,794;0,324;-2,145
"ameaçar";5,474;-2,913;12,575;-6,838
"amazônia";-6,15;-10,331;33,434;1,579
"alegrar";-5,904;45,297;-3,074;-9,879
"aconselhar";-3,673;1,8;-1,23;1,062
"abaixo";1,674;-0,142;-0,416;-0,081
"tecnologia";7,537;-4,286;-3,459;0,804
"sombra";-0,004;10,202;-3,33;-3,008
"santidade";-5,904;45,297;-3,074;-9,879
"rezar";-5,657;22,235;-1,12;-3,105
"regulamentar";19,134;-8,102;0,001;-0,869
"refletir";6,772;0,572;-0,492;-5,591
"recente";0,184;-3,934;3,563;0,073
"reação";-6,642;0,002;-0,416;6,104
"queimado";-6,15;-2,115;41,129;-0,621
"pressa";11,479;-2,913;0,066;-1,785
"ponta";2,381;-1,028;0,011;-0,144
"parente";-6,642;0,002;8,986;0,012
"parede";-0,31;2,156;-3,33;0,073
"papai";-6,15;11,464;0,011;-1,433
"oferta";17,994;-3,247;-3,074;-0,408
"muro";-6,396;0,366;-1,455;5,18
"metade";2,381;-3,588;0,539;0,001
"guiar";-2,38;24,206;-1,455;-6,433
"grito";-2,173;0,556;0,011;0,192
"garantido";69,205;-8,102;-3,33;-8,628
"gabriela";-3,673;34,014;-1,23;-9,879
"fraqueza";-5,904;51,543;-3,074;-12,676
"figueira";-5,657;31,729;-2,946;-4,79
"ferrar";-2,173;-10,331;6,903;6,167
"feliciano";46,781;-10,744;0,001;-6,433
"faixa";22,611;-3,247;-1,23;-2,171
"exceção";0,071;-7,436;0,507;3,446
"evasão";109,989;-11,158;-3,459;-17,803
"estuprar";-6,15;-7,696;49,621;0,001
"espiritualmente";-6,642;46,532;-3,459;-9,234
"dólar";-0,943;-7,696;3,986;4,303
"destaque";20,793;-3,588;-3,202;-0,621
"deais";7,537;-11,158;36,404;-9,234
"cubano";-5,904;-9,917;0,677;19,095
"criminal";-3,196;-5,369;84,777;-5,569
"costumar";-1,438;5,853;-3,587;-0,002
"corrigir";17,994;-3,247;-1,23;-1,115
"conter";7,303;-5,067;-0,217;0,038
"coerência";-0,025;-6,218;17,742;-0,081
"barro";-2,173;4,268;1,864;-2,58
"bairro";-2,803;0,572;-0,011;0,529
"auxílio";12,633;-3,588;0,011;-1,433
"aurora";-6,642;9,065;-3,459;0,253
"anitta";-5,904;-7,29;-3,074;31,606
"anderson";-2,38;2,156;3,563;-1,777
"acessar";-3,909;11,464;-0,278;-1,433
"absoluto";15,063;-1,256;3,563;-11,144
"william";-0,025;-11,158;-3,459;19,699
"válido";5,195;-5,677;0,266;0,001
"verificar";10,34;-7,29;4,455;-2,171
"vazio";0,851;0,03;-1,455;-0,017
"turno";-0,142;-9,917;-0,217;12,497
"torno";-1,102;-1,256;-1,455;7,166
"toque";-1,969;1,8;-3,074;1,062
"templo";-6,15;53,962;-3,202;-13,329
"saída";-5,657;-1,557;23,637;-0,003
"roubo";-1,102;-10,744;98,625;-6,433
"requerer";57,412;-3,588;-1,342;-13,329
"péssimo";5,769;-5,832;-1,455;1,151
"provocar";2,033;-1,297;-2,817;0,974
"proibir";3,16;-8,509;36,404;-6,997
"potencial";-1,196;-0,172;0,266;0,885
"posse";0,106;-2,712;0,324;0,804
"pop";-1,967;-0,069;0,011;1,736
"ponte";-0,393;-2,266;0,181;2,668
"pf";-0,142;-9,917;73,108;-5,328
"pertencer";-3,438;18,119;-1,12;-3,105
"paula";34,264;-5,832;-0,345;-4,559
"pancada";-5,411;0,072;-1,012;5,265
"ouro";0,289;2,643;-3,202;-0,621
"natureza";8,201;0,344;-1,12;-4,79
"mst";-0,792;-9,917;35,694;-0,049
"melhoria";46,048;-6,482;-2,817;-4,263
"maneiro";-5,904;-5,067;-1,23;22,917
"limpar";-3,205;1,455;-2,817;2,024
"inúmero";1,352;-0,817;16,342;-7,429
"interromper";15,306;-1,557;-2,946;-0,827
"if";4,175;-1,239;-0,384;-0,051
"honesto";-4,145;-1,256;0,423;5,18
"home";49,754;-8,676;-0,905;-5,675
"haddad";1,667;-9,504;0,066;2,718
"frio";-6,15;-1,028;-3,202;16,968
"essencial";43,778;-6,218;-1,569;-5,07
"elogiar";1,352;-5,067;0,032;1,062
"doer";-5,657;8,297;2,474;-3,105
"dama";-6,15;-2,115;49,621;-1,433
"contribuição";53,77;-8,102;-1,455;-6,433
"contemplar";40,279;-0,066;-3,33;-13,983
"camisa";-3,673;-5,067;0,032;12,497
"cabana";-1,19;0,015;-1,664;2,589
"afetar";0,019;-1,83;-0,217;2,097
"visar";57,485;-6,886;-1,12;-9,249
"veto";16,858;-9,09;9,178;-6,253
"travesti";5,122;-2,064;4,083;-3,294
"tragédia";27,755;-3,247;-0,217;-5,328
"substitutivo";101,834;-10,331;-3,202;-16,483
"sal";-3,205;12,611;-0,111;-2,653
"relatar";4,185;0,094;10,617;-16,483
"racismo";24,609;-9,504;0,066;-1,785
"privilégio";-3,438;31,729;-2,946;-6,838
"pregador";-4,919;48,486;-2,561;-13,184
"piso";42,686;-6,886;-2,946;-3,105
"passivo";-5,904;-7,29;123,792;-7,429
"passagem";-1,969;0,197;2,151;-0,049
"on";0;-2,064;0,373;0,86
"nicolás";-6,15;-10,331;178,327;-13,329
"mobilizar";0,851;-2,409;6,281;-0,869
"medir";10,425;-0,018;-2,305;-2,301
"mato";-0,649;0,344;-0,161;0,137
"luciene";105,911;-10,744;-3,33;-17,143
"limpo";-5,411;-0,04;-0,111;5,265
"herança";-0,282;30,113;-2,561;-13,184
"habilidade";53,599;-5,067;-3,074;-7,429
"gratuito";8,381;-8,102;-1,455;1,151
"fundeb";89,603;-9,09;-2,817;-14,503
"fiscal";27,755;-9,917;2,151;-5,328
"finalidade";6,95;-7,436;-0,001;0,169
"evangelizar";-5,411;12,611;-1,012;-0,573
"evangelista";-5,657;26,771;-1,12;-4,79
"estágio";0,125;0,072;-2,817;0,304
"estranho";-5,411;-2,585;5,555;3,455
"espalhar";-0,219;-3,588;0,539;2,774
"encarar";-0,649;1,093;-1,12;0,137
"doutor";-3,673;-5,067;0,032;12,497
"depositar";0,422;0;-3,074;0,376
"delegado";46,781;-8,102;0,423;-11,144
"conviver";0,422;-1,83;0,677;0,038
"confundir";-0,393;0,801;0,181;-0,357
"concurso";17,493;-5,276;-2,433;-0,065
"chato";-4,181;-4,48;-2,177;21,034
"ceder";33,426;-3,247;-1,23;-5,328
"cassação";-1,969;-9,917;96,791;-5,328
"bomba";-4,145;-5,832;31,359;0,073
"barriga";-0,681;-7,023;2,512;4,44
"baixar";-2,38;-0,475;0,001;3,515
"atmosfera";-3,205;46,709;-2,817;-14,503
"at";1,008;0;-0,505;-0,139
"assessor";-3,673;-7,29;84,535;-3,575
"articulação";16,46;-5,448;-0,278;-0,621
"armar";3,295;-4,689;-0,161;0,633
"aplicativo";0,588;-4,689;-1,12;4,305
"anti";-0,071;-4,956;-1,536;9,543
"voluntário";14,153;-6,079;-0,905;-0,023
"verso";-2,972;27,198;-0,905;-7,999
"surpreender";-0,649;0,016;-1,12;1,494
"submeter";11,479;-0,109;0,066;-6,838
"sol";-1,769;-0,623;-1,12;6,256
"silveira";-5,411;-6,482;123,22;-8,623
"sensível";-0,649;0,016;-0,161;0,633
"saudar";75,68;-8,676;-0,905;-13,843
"rir";-3,205;0,072;-2,817;5,265
"relato";-3,909;0,556;0,011;0,718
"realização";69,682;-5,067;-3,074;-12,676
"pânico";2,381;-3,588;-3,202;2,774
"potável";23,612;-8,676;-0,069;-1,089
"petição";-4,919;41,878;-0,801;-13,184
"ousadia";-6,15;41,808;-3,202;-8,026
"negociar";4,792;-3,247;-1,23;0,376
"natal";-0,006;-6,079;1,24;2,668
"multa";0,422;-9,917;35,694;-2,171
"morada";-5,904;5,016;-3,074;1,062
"militância";-0,071;-4,956;-0,108;6,245
"mentalidade";-5,904;0,796;-1,23;3,48
"martelo";-5,904;-9,917;21,963;3,48
"judicial";0,001;-5,677;57,298;-7,38
"invisível";-5,165;14,251;-2,689;-0,357
"interessar";6,239;-6,482;1,024;-0,103
"inteligente";0,221;-0,004;-0,905;0,087
"infra-estrutura";57,485;-9,504;-2,946;-4,79
"implementação";82,548;-10,331;-3,202;-10,51
"google";-5,165;-8,676;0,181;18,58
"fraude";3,849;-9,09;59,87;-14,503
"fiscalizar";2,457;-6,079;6,202;-0,357
"etapa";20,793;-2,115;-1,342;-2,58
"ess";20,793;-5,448;-0,278;-1,433
"esquema";-0,792;-9,917;96,791;-7,429
"espada";-5,657;14,424;-1,12;-0,827
"episódio";-0,792;-9,917;43,803;-0,408
"enem";54,412;-7,436;-2,305;-6,154
"encaminhamento";93,679;-9,504;-2,946;-15,163
"edificar";-5,165;50,913;-2,689;-13,843
"doar";-0,786;-0,02;0,512;0,152
"dirigir";0,221;-0,297;-0,905;0,549
"diferentemente";-0,649;-4,689;0,066;6,256
"didático";61,746;-9,09;-2,817;-6,253
"deficiência";65,285;-7,696;-3,202;-8,026
"câncer";-0,649;0,016;0,066;0,137
"curtido";-2,972;-8,676;-2,689;27,069
"cova";-5,904;45,297;-3,074;-9,879
"convir";-3,438;-2,913;12,575;0,633
"conflito";-1,769;-0,623;-1,12;6,256
"conclusão";35,479;-3,942;-0,069;-7,999
"conai";77,375;-7,849;-2,433;-12,524
"comunhão";-6,15;60,62;-3,202;-16,483
"comportamento";3,517;-5,276;-0,013;0,466
"colômbia";-4,673;-7,849;24,536;1,326
"cobrir";-3,205;24,585;-2,817;-4,263
"cliente";-2,512;-7,849;-2,433;24,049
"chover";-5,165;3,44;-2,689;1,41
"beneficiar";16,858;-9,09;13,706;-8,623
"azul";-3,205;-2,585;-1,012;12,977
"autonomia";53,599;-9,917;0,032;-9,879
"atribuir";29,245;-2,266;0,181;-10,722
"anteceder";65,285;-3,588;-1,342;-16,483
"adivinhar";-1,382;-8,676;1,24;8,832
"aceito";-3,438;-0,109;2,474;0,633
"academia";-1,016;-7,849;-2,433;19,668
"abordar";20,793;-7,696;-3,202;0,001
"tm";13,903;-0,817;-1,23;-2,171
"socialista";-3,438;-9,504;-0,161;21,465
"silas";-5,411;-0,04;-1,012;7,456
"saco";-3,438;-0,623;-0,161;6,256
"romano";-5,657;42,906;-2,946;-9,249
"revolucionário";-2,512;-5,276;1,782;6,547
"responsabilizar";-0,033;-6,482;40,863;-2,653
"raiz";-0,006;3,44;-0,905;-1,089
"radical";0,221;-3,942;-0,069;2,668
"quadro";7,303;-1,83;-1,23;-0,049
"providência";12,744;-1,297;-0,111;-2,653
"progressista";0,422;-9,917;-3,074;12,497
"presídio";0,221;-3,942;6,202;-0,023
"prejuízo";3,295;-4,689;12,575;-3,105
"planta";-5,657;2,263;-1,12;1,494
"pix";-4,181;-4,48;85,29;-5,549
"pesar";20,502;-1,957;-0,036;-5,105
"perspectiva";17,994;-0,207;-3,074;-3,575
"palácio";0,588;-0,623;17,673;-6,838
"pagamento";11,479;-9,504;2,474;-0,827
"nominal";54,412;-7,436;-0,6;-8,777
"noivo";-4,181;34,644;-2,177;-8,131
"negativo";0,792;-1,297;-1,012;0,974
"mendonça";18,581;-8,676;-0,905;-0,023
"maligno";-5,657;42,906;-2,946;-9,249
"jurar";-2,741;-0,172;1,491;0,885
"implantar";0,792;-9,09;-0,111;5,265
"gonçalves";15,727;-5,677;1,491;-3,248
"ganho";0,019;-3,247;-1,23;5,212
"frança";-0,649;-1,557;-1,12;6,256
"franco";1,008;-4,48;9,703;-0,754
"flor";-2,741;-5,677;-2,561;21,145
"finalmente";0,221;-1,051;-0,069;0,549
"facção";-0,792;-9,917;84,535;-5,328
"externo";8,201;0,016;-2,946;-1,785
"expressar";-0,079;-0,623;-1,12;2,718
"elaborar";3,295;-6,886;0,066;0,633
"débora";-5,411;-9,09;70,731;-0,573
"doutrina";-2,972;0,801;-2,689;2,668
"confusão";7,303;-3,247;0,677;-1,115
"compor";11,479;-1,557;0,066;-3,105
"certamente";27,755;-1,83;-3,074;-3,575
"causar";-0,681;-1,102;2,512;0,384
"cantor";-5,657;5,865;0,066;-0,233
"caderno";0,155;-2,506;0,003;1,244
"bolsonaristas";2,809;-9,917;11,55;-0,408
"bolsonarista";0,001;-5,677;-0,036;5,347
"blusa";-0,681;-1,102;9,703;-0,139
"beijo";-2,972;5,452;-0,905;-0,023
"avançado";2,033;0,072;-2,817;-0,103
"ativismo";-3,934;-6,609;-0,413;19,529
"atendimento";69,682;-7,29;-3,074;-9,879
"anotar";-1,382;14,251;-0,905;-3,748
"an";2,315;0,835;-0,512;-2,635
"administrativo";61,377;-9,917;0,032;-12,676
"vigiar";-2,059;10,358;-0,505;-1,86
"versão";-0,046;7,209;-2,177;-1,86
"vergonhoso";0,125;-2,585;25,475;-4,263
"venda";0,221;-3,942;1,24;0,549
"tratamento";3,295;-6,886;8,343;-0,827
"trair";-2,741;-1,957;-0,801;10,412
"tok";-4,673;-3,213;-2,433;19,668
"tik";-4,673;-5,276;-2,433;24,049
"teste";0,071;-2,856;-0,001;1,889
"território";0,351;-0,823;-0,036;0,234
"soviético";-5,165;-8,676;-0,905;27,069
"soberano";-3,205;12,611;-1,012;-1,423
"santificar";-3,688;36,358;-1,92;-9,886
"remédio";-3,205;20,154;-2,817;-2,653
"relevância";31,947;-1,957;-2,561;-5,105
"reinar";-4,427;37,053;-2,305;-8,777
"recusar";-0,186;-0,078;7,741;-1,425
"recuperar";15,306;-6,886;0,066;-0,827
"re";31,947;-0,172;-0,801;-13,184
"protocolo";-0,107;-4,877;0,507;3,446
"prevenção";14,153;-8,676;-0,905;0,087
"possivelmente";-0,393;-6,079;0,181;6,379
"peito";-4,919;-1,957;-0,801;13,572
"paixão";-4,919;20,284;-2,561;-1,809
"pacheco";-0,681;-7,023;71,745;-5,549
"novembro";0,351;-5,677;6,927;0,001
"mecanismo";57,794;-8,676;-2,689;-5,675
"marajó";-1,016;-3,213;86,407;-12,524
"mandamento";-2,741;20,284;-0,801;-5,105
"madrugada";-5,411;12,611;-2,817;-0,103
"machucar";-5,165;22,421;-0,905;-3,748
"lívia";-4,673;7,56;-2,433;0,046
"liderar";-5,657;3,854;-1,12;0,633
"lava";-2,972;-3,942;87,879;-7,999
"jato";-2,972;-8,676;101,259;-5,675
"janela";-2,972;14,251;-0,905;-2,219
"interessado";-0,282;0,323;-2,561;0,885
"inscrito";29,245;-8,676;-2,689;-0,357
"inflação";0,001;-8,263;-0,801;10,412
"inclusivo";35,479;-8,676;-2,689;-1,089
"incentivar";18,581;-6,079;0,181;-2,219
"homossexualidade";-3,934;-0,849;-2,049;11,54
"gostoso";-2,972;3,44;-2,689;0,549
"fuzil";-0,387;-6,196;12,255;0,303
"freire";-0,107;-4,877;-0,001;5,467
"execução";19,683;0,016;0,066;-15,163
"evolução";1,334;-5,677;-2,561;5,347
"esporte";0,221;-3,942;1,24;0,549
"engolir";-4,919;-8,263;-0,036;21,145
"dívida";-0,393;5,452;3,247;-7,999
"dr";2,949;-5,677;22,544;-5,105
"diário";-1,196;0,323;-2,561;1,955
"desligar";-4,919;9,17;-2,561;0,001
"desconto";4,478;-8,676;1,24;0,087
"deitar";-2,972;5,452;0,181;-1,089
"colher";-5,165;-0,297;20,754;-0,357
"cidadania";25,908;-0,823;-2,561;-5,105
"centavo";0,456;-6,196;3,504;0,303
"cavalo";-5,165;1,89;-0,905;1,41
"basear";14,153;-1,051;0,181;-5,675
"ator";-2,741;-3,575;3,712;3,442
"atentar";0,521;-3,213;50,758;-12,524
"assistência";29,245;-8,676;-2,689;-0,357
"aposentado";12,744;-6,482;13,706;-8,623
"altar";-5,165;38,134;-2,689;-7,999
"agredir";0,071;-1,372;19,624;-3,995
"adversário";-3,205;1,455;13,706;-4,263
"vingança";-4,919;6,432;11,138;-7,38
"vigília";-4,427;0,147;44,361;-8,777
"torcido";-1,196;-8,263;-0,801;17,149
"testemunha";-1,382;0,801;10,105;-3,748
"sábado";-4,919;20,284;-0,801;-3,248
"sujo";-5,165;-1,051;-0,069;8,832
"suicídio";-1,382;0,801;-0,069;0,087
"sorriso";-4,919;-1,957;-2,561;17,149
"sobreviver";-5,411;-2,585;-1,012;16,308
"sinceramente";1,038;-8,676;-0,069;4,325
"seleção";7,101;-2,266;-2,689;0,087
"sargento";28,472;-7,849;-0,013;-2,765
"saneamento";19,482;-4,877;2,119;-6,154
"rumo";0,125;-1,297;-0,111;0,974
"repreender";-4,673;46,06;-2,433;-12,524
"redação";45,92;-8,263;-2,561;-3,248
"quão";0,001;1,125;-0,801;-0,185
"príncipe";-4,673;39,465;-2,433;-9,424
"prostrar";-4,427;43,634;-2,305;-11,864
"profissão";9,175;-3,213;0,374;-1,425
"preservar";2,457;-1,051;0,181;-0,357
"perda";0,221;-6,079;0,181;2,668
"percentual";81,451;-8,263;-2,561;-13,184
"pdt";30,889;-6,609;0,021;-4,951
"obter";8,074;-3,575;-2,561;0,234
"obstrução";46,44;-6,609;-2,049;-4,951
"nss";-3,205;-9,09;154,894;-14,503
"norma";45,92;-8,263;-0,801;-5,105
"netflix";-4,919;-8,263;-0,801;25,558
"necessitar";0,221;3,44;-0,069;-3,748
"namorado";-5,165;-0,297;-2,689;11,683
"multiplicar";-4,919;24,957;-0,036;-7,38
"misogenia";-4,181;-7,023;71,745;-1,86
"man";-0,035;-0,457;0,169;0,265
"magno";-2,972;-6,079;115,588;-10,722
"junho";38,617;-3,575;-0,801;-7,38
"jornada";-2,284;3,761;-0,6;-0,005
"instante";-1,573;12,611;-2,817;-1,423
"inspiração";-5,165;27,198;-2,689;-3,748
"fumar";-2,972;-6,079;-0,905;18,58
"fator";8,074;-1,957;-2,561;0,001
"estruturado";1,038;0,172;-2,689;-0,023
"estratégico";14,153;-8,676;-0,905;0,087
"estatal";-1,573;-9,09;108,741;-8,623
"entrevistar";-2,512;-7,849;-0,013;15,728
"enfermidade";-4,673;46,06;-2,433;-12,524
"empréstimo";0,351;-1,239;1,443;-0,051
"educador";11,584;-3,575;-0,036;-0,788
"dezembro";4,177;-4,877;8,66;-2,301
"desproporcional";-2,741;-8,263;123,131;-10,073
"desculpar";23,612;-3,942;-0,069;-3,748
"crônico";-5,165;32,435;-0,069;-10,722
"coronavírus";-1,617;-6,196;-1,92;18,027
"constante";2,457;0,172;-0,069;-2,219
"concepção";7,101;-3,942;-0,069;-0,023
"compaixão";-5,411;20,154;-2,817;-1,423
"chocar";0,021;-7,849;-0,699;9,167
"celebrar";0,351;6,432;-2,561;-3,248
"carol";57,794;-6,079;-0,905;-10,722
"camila";-5,165;44,293;-2,689;-10,722
"caiar";-5,165;18,106;-0,069;-3,748
"burro";-5,165;-3,942;0,181;11,683
"borboleta";-3,688;-1,831;-1,92;13,823
"bala";-2,972;-3,942;1,24;6,379
"baile";-1,016;-7,849;-0,699;15,728
"atacado";-1,016;0,051;0,374;0,046
"apurar";21,547;-9,09;5,555;-6,253
"agressão";-2,741;-8,263;1,491;10,412
"admirar";-1,836;0,531;-2,049;1,829
"adequado";61,746;-6,482;-1,012;-11,373
"acalmar";-4,427;20,537;-2,305;-2,301
"acadêmico";46,048;-6,482;-1,012;-6,253
"york";-0,844;-1,372;-0,6;5,467
"visualização";-4,427;-7,436;-0,6;22,541
"urna";-1,016;-7,849;12,292;1,326
"tribo";-4,181;28,648;-2,177;-5,549
"transmitir";-0,681;0,304;-0,505;0,384
"transformado";-1,016;14,129;-0,699;-4,544
"timóteo";-4,427;16,106;-0,6;-2,301
"testamento";-3,934;38,783;-2,049;-10,545
"teoria";-0,282;-1,957;0,266;1,955
"sorrir";-4,919;6,432;-2,561;0,234
"solidariedade";5,195;-8,263;3,712;-0,185
"sanção";1,038;-8,676;35,194;-3,748
"sagrado";-0,844;8,858;-2,305;-1,071
"sacerdote";-4,673;46,06;-2,433;-12,524
"rússia";-4,919;-8,263;0,266;17,149
"riqueza";-0,844;3,761;-2,305;-0,005
"ridículo";-2,972;-8,676;-0,905;22,625
"revogar";6,013;-5,276;24,536;-9,424
"respeitado";14,153;-2,266;0,181;-3,748
"regular";4,478;-8,676;14,955;-2,219
"regulamentação";2,457;-8,676;6,202;-0,023
"reflexo";-0,186;-0,613;0,374;0,466
"referir";10,326;-6,079;1,24;-1,089
"quente";-4,427;-0,018;-2,305;7,953
"prosseguir";28,472;-0,613;-2,433;-6,764
"prosperar";0,001;12,39;-2,561;-5,105
"pregação";-4,919;48,486;-2,561;-13,184
"pornográfico";-1,382;-6,079;0,181;8,832
"podcast";-4,427;-7,436;-2,305;27,348
"pobreza";-0,107;-4,877;-0,001;5,467
"pintar";-2,512;-5,276;4,238;4,367
"pecar";-3,688;29,831;-1,92;-6,845
"pastorzão";-5,165;10,857;-2,689;-0,023
"pacífico";-1,382;-8,676;43,835;-0,357
"ovelha";-4,181;23,222;-2,177;-3,459
"origem";-0,01;0,531;-0,413;-0,033
"muit";-5,165;-0,004;-0,069;4,325
"moleque";-2,059;-1,102;0,672;2,596
"merenda";59,451;-7,023;-0,505;-11,205
"maurício";38,617;-8,263;-2,561;-1,809
"masculino";0,351;-1,239;-0,384;0,911
"maldade";-4,673;5,039;-0,699;0,046
"maio";14,602;-4,877;-0,001;-1,071
"lógica";14,153;-6,079;1,24;-2,219
"luciano";-3,688;-3,691;-0,326;13,823
"lobby";42,471;-6,196;-1,92;-4,362
"ligação";0,351;-8,263;-0,036;5,347
"life";-0,737;-1,239;-0,384;4,555
"jorge";1,687;-3,213;0,374;0,046
"interpretar";1,687;0,051;-0,013;-1,425
"honrado";-0,393;5,452;-0,069;-2,219
"guerreiro";-4,919;24,957;-0,801;-5,105
"grávido";-3,688;-1,831;-0,326;10,177
"grosso";-0,107;0,814;0,507;-1,071
"gravidade";-0,282;-0,823;-0,801;3,442
"gol";-4,181;-4,48;0,003;12,921
"gabriel";-4,427;6,041;-0,6;-0,005
"féria";-1,196;-5,677;11,138;0,885
"fio";0,071;-1,372;-0,001;0,797
"filosofia";0,221;-1,051;-2,689;2,668
"filipenses";-4,919;41,878;-2,561;-10,073
"ferir";1,687;-0,613;0,374;-0,525
"facilitar";11,584;-0,172;-0,801;-3,248
"explodir";-2,741;-0,823;-0,036;5,347
"exclusivo";1,687;-3,213;-0,699;1,326
"exame";6,95;-4,877;-0,001;-0,005
"escrita";2,949;-0,172;-0,036;-0,788
"encorajar";-4,427;31,01;-2,305;-6,154
"emocional";-2,512;18,177;-2,433;-2,765
"efetivamente";49,754;-3,942;-2,689;-7,999
"diminuir";2,949;2,41;-2,561;-3,248
"desvalorizar";0,521;-3,213;-0,013;1,326
"desrespeito";0,521;-5,276;-0,699;4,367
"desespero";-1,016;-1,658;0,374;2,626
"desenho";-4,673;-3,213;-2,433;19,668
"derrubado";-0,186;-7,849;32,229;-0,525
"curioso";1,038;-3,942;27,5;-5,675
"cumprimento";20,502;0,006;-0,801;-10,073
"criminalizar";62,421;-8,263;-2,561;-7,38
"criador";-1,196;2,41;-2,561;0,234
"correa";73,3;-7,436;-2,305;-11,864
"coreia";-1,382;-8,676;6,202;4,325
"copa";-3,934;-6,609;0,021;15,273
"convidado";3,517;0,534;-2,433;-1,425
"condução";31,947;-8,263;-0,036;-3,248
"comprometer";2,949;4,179;-0,801;-7,38
"competir";8,425;-4,543;6,85;-4,309
"clássico";-4,427;-0,018;-0,6;5,467
"centena";0,737;-0,426;0,507;-0,306
"celestial";-5,165;44,293;-2,689;-10,722
"categoria";59,451;-7,023;-2,177;-8,131
"bruna";-3,196;3,814;-1,664;0,226
"britânico";-3,934;3,343;-2,049;0,708
"bloquear";-1,196;-1,957;6,927;0,234
"atentado";-4,919;-3,575;47,117;-0,788
"apresentado";25,908;-3,575;0,266;-7,38
"aplaudir";-2,512;-3,213;12,292;0,466
"apagar";-2,704;0,272;2,776;-0,051
"aniversário";-1,016;-0,078;-0,013;1,326
"analfabeto";63,505;-4,877;-2,305;-11,864
"alinhado";-0,006;27,198;-2,689;-13,843
"acionar";0,521;-7,849;73,476;-12,524
"utilização";49,93;-7,849;-0,013;-9,424
"tv";0,001;-6,196;1,118;2,581
"treinar";1,755;-0,617;1,118;-1,067
"transfobia";-1,967;-3,304;62,542;-5,271
"trago";11,584;0,006;-2,561;-3,248
"traduzir";-0,186;-0,078;7,741;-1,425
"tempestade";-4,673;39,465;-2,433;-9,424
"semelhante";-0,282;12,39;-0,036;-7,38
"salarial";71,62;-8,263;-2,561;-10,073
"rodar";-2,059;-2,506;-0,505;9,602
"repetição";-2,284;16,106;-0,6;-3,995
"repassar";19,482;-2,856;-0,6;-2,301
"reitor";61,076;-6,196;-1,92;-9,886
"recordar";-2,741;-0,823;3,712;0,885
"rainha";-3,688;23,95;-0,326;-6,845
"queijo";-1,401;0,286;-1,792;1,778
"presidencial";-4,919;-8,263;1,491;13,572
"premiar";67,561;-7,849;-2,433;-9,424
"po";11,851;-2,506;-2,177;-0,139
"obrigatoriedade";54,412;-7,436;-2,305;-6,154
"moto";-2,704;-2,156;6,85;1,012
"motivação";0,021;1,527;-0,699;-0,525
"mobilização";8,074;-5,677;3,712;-1,809
"marcha";2,603;-4,48;0,003;0,384
"maranhão";-0,01;-0,138;32,102;-10,545
"louro";-3,196;-5,369;0,211;10,955
"levantamento";15,373;-6,196;3,504;-4,362
"júlio";-3,934;3,343;10,891;-4,951
"júlia";-2,059;-4,48;-2,177;16,732
"iso";13,001;-0,078;-0,699;-4,544
"isaías";-4,427;31,01;-2,305;-6,154
"ira";-4,673;39,465;-0,699;-12,524
"inglaterra";-2,059;0,304;-0,505;1,244
"indústria";9,175;-5,276;-2,433;0,466
"indiciar";-4,673;-7,849;131,483;-9,424
"imperfeito";-4,181;1,176;-2,177;2,596
"ilha";-4,673;-5,276;50,758;-0,525
"fórmula";-0,681;-1,102;-2,177;6,775
"funcional";42,134;-7,023;-0,505;-5,549
"fulano";-3,442;-0,411;8,272;0,058
"frequentar";31,947;-3,575;-0,801;-5,105
"foro";-4,673;-7,849;40,97;0,046
"financiamento";38,617;-8,263;-0,036;-5,105
"existência";4,177;0,814;-0,6;-3,995
"exceder";-2,284;25,505;-0,6;-8,777
"esfera";-1,617;14,123;-1,92;-2,435
"escuro";-4,919;6,432;-0,036;-0,185
"escritório";-4,427;-0,426;0,507;3,446
"engajamento";-2,284;-2,856;-2,305;14,318
"encaixar";-2,741;2,41;1,491;-0,788
"educar";0,521;-3,213;-2,433;4,367
"dupla";-3,934;3,343;-0,413;0,109
"documentário";-4,427;-4,877;2,119;7,953
"distância";16,421;-2,506;-2,177;-0,754
"distrito";38,617;-8,263;0,266;-7,38
"disponibilizar";1,008;-1,102;-0,505;0,384
"destruição";-2,284;2,019;0,507;-0,306
"desemprego";-4,919;-8,263;-2,561;30,39
"david";-1,836;32,236;-2,049;-10,545
"criminalidade";-2,512;-5,276;32,229;-0,065
"crença";-2,284;-0,018;-2,305;5,467
"correria";-0,681;2,618;-2,177;0,015
"compreensão";38,617;-1,957;-2,561;-7,38
"cola";-4,427;-4,877;2,119;7,953
"cobre";-3,934;20,957;-2,049;-2,938
"censurar";-1,196;-8,263;6,927;3,442
"ceará";42,112;-3,213;-0,699;-9,424
"brecha";-1,836;5,656;0,021;-1,447
"banho";-0,186;-5,276;-0,699;9,167
"autoria";67,561;-7,849;-2,433;-9,424
"ausência";6,013;-5,276;0,374;-0,065
"assessoria";58,413;-5,276;-2,433;-9,424
"assassinar";-4,673;-0,613;-0,013;6,547
"arca";-3,934;0,032;-2,049;5,64
"almoçar";-2,284;-2,856;-2,305;14,318
"adesão";58,413;-5,276;-2,433;-9,424
"óleo";-2,059;0;-0,505;2,596
"zona";-3,196;-2,914;0,211;7,523
"zinho";-4,427;-4,877;0,507;10,903
"uber";-2,95;-4,956;5,772;3,644
"tribuna";-0,107;-7,436;13,589;0,169
"tranquilidade";0,021;-0,078;0,374;-0,065
"trancar";-2,284;-0,018;-0,6;3,446
"top";-3,442;-3,301;0,121;8,836
"teologia";-3,688;-0,047;-1,92;7,087
"tendência";-0,01;-0,849;-2,049;3,473
"surreal";-4,427;-1,372;4,837;1,889
"silenciar";-0,844;-2,856;13,589;-0,005
"selecionar";-4,181;-0,266;0,003;4,44
"schooling";55,4;-6,609;-2,049;-7,487
"saldo";15,373;-3,691;-0,326;-1,067
"russo";-3,934;-6,609;0,873;11,54
"retorno";2,106;-0,426;-2,305;0,169
"resumo";0,737;-2,856;-0,001;0,797
"restaurante";-1,016;-0,613;-0,013;2,626
"restar";0,071;0,147;-0,001;-0,306
"resistir";-4,427;20,537;-0,6;-3,995
"refém";-0,046;-0,266;15,054;-3,459
"psdb";4,943;-7,023;15,054;-3,459
"proporção";-0,844;-0,018;0,507;0,169
"profetizamos";-4,427;43,634;-2,305;-11,864
"precedente";0,092;-5,369;9,51;-0,008
"picanha";-4,427;-7,436;0,507;14,318
"peruca";-1,19;-5,369;4,88;2,589
"pereira";0,737;-1,372;4,837;-1,071
"pel";6,95;-0,018;-0,001;-3,995
"pausa";-3,688;-0,617;3,504;1,164
"papudo";-4,427;-7,436;140,776;-11,864
"ordenar";-3,934;26,294;-0,413;-7,487
"mouro";1,687;-7,849;-2,433;6,547
"miséria";-0,681;0;0,003;0,384
"maternidade";0,737;8,858;-2,305;-6,154
"londres";-0,984;-0,915;-1,536;6,245
"leite";2,603;-1,102;-2,177;0,384
"legítimo";15,373;-3,691;1,118;-4,362
"legalizar";-0,681;-4,48;29,268;-0,754
"lascar";-4,427;-7,436;54,818;-0,306
"itália";-4,673;-5,276;4,238;6,547
"inútil";1,755;-3,691;-1,92;2,581
"instância";3,517;-7,849;40,97;-9,424
"ideal";-0,107;-0,426;-0,6;1,889
"grade";15,373;-6,196;7,216;-6,845
"filósofo";-4,181;-7,023;-2,177;25,828
"fila";0,026;-3,301;1,416;0,62
"ferida";-4,181;18,365;-0,505;-3,459
"exercício";6,95;-0,018;-0,6;-2,301
"estilo";-0,681;0;-2,177;2,596
"escuridão";-4,673;3,028;-2,433;1,326
"escudo";-0,681;0;29,268;-8,131
"entretenimento";-4,673;3,028;-2,433;1,326
"elias";-4,427;37,053;-0,6;-11,864
"durar";-3,934;20,957;-2,049;-2,938
"dimensão";2,106;-2,856;-2,305;1,889
"depoimento";-2,284;-7,436;44,361;-0,306
"dano";0,737;-2,856;13,589;-2,301
"círculo";-3,934;-0,138;-2,049;8,328
"cs";-2,059;0;-2,177;4,44
"confrontar";-4,181;10,358;-0,505;-0,754
"clareza";6,95;3,761;-2,305;-8,777
"carvalho";-0,844;-7,436;-0,6;14,318
"cachorro";-2,284;-2,856;2,119;3,446
"cabo";-3,442;-1,511;20,813;-0,093
"batom";-4,427;-4,877;123,686;-11,864
"baseado";14,602;0,147;-0,001;-11,864
"aviso";-0,107;-0,018;-0,6;0,797
"ativar";-4,673;10,59;0,374;-2,765
"assassinato";-0,681;-4,48;59,37;-5,549
"aplicação";10,425;-7,436;-0,001;-0,005
"apertar";0,071;-7,436;-2,305;10,903
"antirracista";21,734;-7,023;-0,505;-0,754
"animal";-1,836;-0,849;2,969;0,708
"aliado";0,071;-2,856;13,589;-1,071
"alfabetizado";69,225;-7,023;-2,177;-11,205
"agradável";-4,673;10,59;-0,013;-1,425
"aderir";42,134;-7,023;-2,177;-3,459
"útero";-2,458;-1,787;-1,28;10,568
"viés";4,733;-3,301;-0,246;0,058
"verbo";0,026;5,281;0,121;-6,206
"valadão";-3,934;5,656;-0,413;-0,033
"teto";0,026;-1,511;-1,792;3,534
"temática";38,334;-7,436;-0,001;-6,154
"sábio";-4,427;25,505;-2,305;-3,995
"sustento";-2,95;-0,915;-0,108;6,245
"sorte";-2,059;1,176;0,672;-0,139
"sonhar";1,755;4,22;-1,92;-4,362
"sensação";-0,681;0;2,512;-0,139
"saudade";-0,046;0;-2,177;1,244
"ribeiro";38,334;-4,877;-0,001;-8,777
"reverter";0,071;-1,372;19,624;-3,995
"ressaltar";27,791;-1,102;-2,177;-5,549
"republicano";34,591;-7,023;-0,505;-3,459
"remeter";4,733;-0,003;-1,792;-0,726
"relacionado";38,334;-4,877;-0,001;-8,777
"recompensa";-1,836;12,097;0,021;-4,951
"rachadinha";-3,934;-6,609;125,124;-10,545
"químico";1,008;-4,48;2,512;0,015
"psol";1,343;-6,609;0,021;1,829
"psb";43,27;-5,369;-1,664;-5,569
"provisório";8,025;-7,023;29,268;-11,205
"protocolei";59,451;-7,023;-2,177;-8,131
"proibido";0,281;-4,084;6,308;-0,033
"progresso";-3,688;-0,047;-1,92;7,087
"prf";4,943;-7,023;38,132;-11,205
"presencial";18,498;-2,164;-2,049;-1,447
"preconceituoso";5,122;-2,064;0,373;-0,811
"placa";-3,688;4,22;-1,92;0,303
"pelado";0,026;-0,411;-1,792;1,778
"parecido";0,071;-0,426;-2,305;1,889
"palma";-0,107;0,814;0,507;-1,071
"osso";-4,181;7,209;-2,177;0,015
"orçamentário";69,225;-7,023;-2,177;-11,205
"oposto";0,281;-2,164;0,021;0,708
"new";-1,967;-0,069;-1,024;4,163
"movimentação";-0,01;-4,084;2,969;0,708
"michele";-4,427;2,019;8,66;-2,301
"meditar";-2,059;34,644;-2,177;-11,205
"master";-1,836;-6,609;108,104;-10,545
"marinho";0,092;-2,914;-1,664;4,735
"luís";1,008;-4,48;29,268;-5,549
"limitação";9,266;-0,138;-2,049;-1,447
"judá";-4,427;43,634;-2,305;-11,864
"introdução";2,603;-1,102;-2,177;0,384
"intimidade";-4,427;31,01;-0,6;-8,777
"indivíduo";3,194;-0,849;0,873;-1,447
"independência";2,603;-2,506;2,512;-0,754
"ignorado";-0,071;-4,956;0,338;3,644
"horrível";-0,01;-4,084;0,873;1,829
"homofobia";0,351;-1,239;9,131;-1,976
"guerrear";-3,442;12,067;-1,792;-0,726
"gama";-0,528;-6,609;77,796;-7,487
"frustrado";-4,181;1,176;21,576;-5,549
"faca";-1,836;-4,084;0,873;5,64
"existente";27,791;-4,48;0,003;-5,549
"exaltado";-3,688;29,831;-1,92;-6,845
"evidente";8,025;-4,48;9,703;-5,549
"eternamente";-2,059;7,209;5,522;-8,131
"estádio";-2,059;1,176;-2,177;1,244
"ensinamento";-0,107;6,041;-2,305;-1,071
"emprestar";-0,528;1,634;0,873;-1,447
"emocionar";-1,836;8,574;-2,049;-0,479
"di";4,943;-1,102;-0,505;-0,139
"descrever";-0,01;0,032;-2,049;0,708
"desanimado";-3,934;8,574;-0,413;-0,479
"cátedra";38,519;-5,783;-0,246;-6,206
"curricular";69,225;-7,023;-2,177;-11,205
"curitiba";6,95;-1,372;-0,6;-0,306
"culpado";-3,688;-1,831;12,255;0,303
"corredor";0,071;-1,372;2,119;-0,005
"cooperar";-3,934;20,957;-0,413;-4,951
"confortar";-2,059;18,365;-2,177;-3,459
"computador";-0,046;-4,48;0,003;4,44
"cheiro";-3,934;-0,138;0,873;1,829
"carteira";0,737;-4,877;0,507;0,797
"capacitar";-2,059;2,618;0,003;-0,139
"candidatura";-0,387;-6,196;-0,326;10,177
"buraco";0,155;-4,48;0,003;2,596
"bizarro";-2,284;-7,436;-0,6;18,197
"benefício";2,106;-7,436;-0,6;3,446
"barato";-3,934;-2,164;-2,049;15,273
"bancar";-1,836;-6,609;52,461;-1,447
"auto";2,366;-2,891;14,603;-4,612
"arrancar";-2,059;2,618;0,003;-0,139
"aeroporto";-0,844;0,814;-0,001;-0,005
"adorador";-4,181;28,648;-0,505;-8,131
"acatar";42,471;-6,196;-1,92;-4,362
"útil";17,564;-3,301;-0,246;-1,955
"índio";-3,688;-0,617;-1,92;10,177
"zé";0,092;-2,914;-0,172;2,589
"visível";-3,688;23,95;-1,92;-4,362
"vigilante";18,498;-6,609;0,873;-2,938
"vetar";12,384;-5,783;1,416;-1,955
"verdadeiramente";-0,528;12,097;-2,049;-2,938
"urgente";34,591;-2,506;-0,505;-8,131
"universo";-1,836;0,032;-2,049;3,473
"tornozeleira";-3,688;-6,196;117,299;-9,886
"tesouro";4,733;2,925;-0,246;-9,226
"terça";1,343;-0,138;-0,413;-0,033
"tentação";-3,442;33,932;-1,792;-9,226
"tarefa";3,896;0,123;-1,92;-1,067
"tarciso";59,451;-7,023;-0,505;-11,205
"suspender";20,129;-5,369;1,78;-5,569
"suposto";-4,181;-4,48;85,29;-5,549
"substituir";6,879;-1,831;-0,326;-0,255
"sequestrar";-0,387;-1,831;35,331;-4,362
"sensibilidade";6,879;0,843;-1,92;-4,362
"retomada";16,421;-7,023;-2,177;0,015
"respeitoso";1,343;-6,609;-0,413;3,473
"remoto";15,373;-0,047;-0,326;-6,845
"reivindicação";42,134;-1,102;-2,177;-11,205
"refrigério";-3,196;31,507;-1,664;-8,567
"reflexão";0,155;-2,506;-2,177;4,44
"redentor";-3,442;5,281;-1,792;0,058
"raquel";-0,01;3,343;-0,413;-1,447
"publicidade";0,092;-5,369;0,211;2,589
"provir";-2,95;29,083;-1,536;-7,908
"promoção";-1,617;-6,196;-0,326;13,823
"proceder";13,487;0,032;-2,049;-4,951
"principado";-4,181;41,209;-2,177;-11,205
"predador";0,035;-3,717;-1,152;5,45
"politicamente";-1,836;-0,138;0,873;0,708
"pm";0,456;-6,196;18,62;-1,067
"personalidade";-1,836;-0,138;-0,413;3,473
"pedofilia";-0,046;-7,023;48,165;-3,459
"palco";0,667;-4,13;-0,018;1,72
"onu";0,692;-5,783;4,134;0,058
"ofensa";-0,387;-0,617;-1,92;4,556
"ofender";-0,528;-2,164;0,873;1,829
"oeste";0,155;4,629;-2,177;-1,86
"obediência";-3,934;32,236;-2,049;-7,487
"normalidade";0,155;-7,023;9,703;0,015
"neurônio";-3,688;-6,196;-0,326;18,027
"music";-0,737;7,268;-0,384;-1,976
"milionário";-1,617;-3,691;12,255;0,303
"maturidade";8,025;-0,266;-2,177;-0,754
"marketing";-3,934;-6,609;-2,049;24,308
"jantar";-3,442;-0,003;0,121;1,778
"introduzir";5,736;0,015;-1,664;-1,503
"intolerante";-1,229;-2,064;0,373;3,391
"intenso";-1,836;20,957;-2,049;-4,951
"integridade";5,835;1,634;-2,049;-4,951
"integrar";34,591;-7,023;-0,505;-3,459
"identificação";0,456;-6,196;-1,92;7,087
"humildade";-1,836;20,957;-2,049;-4,951
"hugo";-0,681;-0,266;29,268;-5,549
"honestidade";-1,836;-6,609;23,788;0,109
"habacuque";-3,688;23,95;-1,92;-4,362
"gt";43,27;-5,369;-1,664;-5,569
"funcionamento";16,421;-0,266;-2,177;-3,459
"frequência";24,298;-2,164;-0,413;-4,951
"francês";-0,387;-6,196;-1,92;13,823
"fortaleza";-3,934;5,656;-0,413;-0,033
"fofoca";-3,934;-6,609;2,969;8,328
"explicação";18,498;-4,084;-2,049;-0,479
"excesso";-0,155;1,804;-0,172;-0,434
"esquecido";-0,01;-0,849;0,873;0,109
"escondido";-0,528;1,634;0,873;-1,447
"entanto";13,487;-6,609;0,873;-1,447
"emoção";-4,181;10,358;-2,177;-0,139
"eis";-3,934;32,236;-2,049;-7,487
"down";-1,967;-3,304;5,444;1,736
"dosimetria";15,373;-6,196;1,118;-2,435
"divino";-3,688;14,123;0,059;-4,362
"césar";1,343;1,634;2,969;-10,545
"cérebro";1,008;-1,102;-0,505;0,384
"cota";2,597;-4,13;-1,28;1,72
"costume";-0,681;2,618;-2,177;0,015
"conto";-3,688;0,123;1,118;0,303
"constituir";1,343;0,531;-0,413;-1,447
"conservar";-3,196;-0,237;-1,664;7,523
"cometido";-0,528;-0,849;52,461;-10,545
"chat";-4,181;-0,266;-2,177;9,602
"cessar";-3,934;16,225;0,021;-4,951
"cassiane";-3,442;33,932;-1,792;-9,226
"caneta";-4,181;-2,506;15,054;0,384
"bullying";24,298;-6,609;-2,049;-0,479
"black";-3,688;-6,196;12,255;2,581
"bilionário";-3,196;-5,369;84,777;-5,569
"banana";-3,688;-6,196;-1,92;22,788
"avenida";-3,934;-6,609;6,308;5,64
"assassino";-3,934;0,531;16,718;-2,938
"aprendizado";1,755;-1,831;-1,92;1,164
"apanhar";-3,442;-1,511;-0,246;8,836
"antidemocrático";3,896;-6,196;26,312;-6,845
"andamento";34,591;-4,48;0,003;-8,131
"alô";-0,786;-2,156;0,512;2,631
"alden";69,225;-7,023;-2,177;-11,205
"alagoas";34,433;-1,831;-1,92;-6,845
"aceitação";-1,229;-0,206;0,373;0,86
"abração";-4,181;7,209;-2,177;0,015
"abortar";-4,181;-1,102;0,003;6,775
"íntimo";-3,688;18,714;-0,326;-4,362
"áfrica";0,692;-0,411;-0,246;0,058
"zombar";-1,617;-0,047;-0,326;2,581
"vício";-0,387;-0,617;1,118;0,303
"violão";-3,688;23,95;-1,92;-4,362
"vinho";-3,688;2,209;-0,326;0,303
"vidro";-3,934;-4,084;0,873;8,328
"tático";-3,442;-5,783;-0,246;16,527
"trânsito";-2,95;-0,103;-1,536;6,245
"transição";2,883;0,537;-0,172;-3,215
"torre";0,026;-3,301;29,215;-3,782
"testemunhar";-3,934;26,294;-0,413;-7,487
"socioeconômico";51,352;-6,196;-0,326;-9,886
"slide";23,646;-3,301;-0,246;-3,782
"selo";26,871;-2,914;0,211;-8,567
"secretária";17,564;-5,783;0,121;-1,955
"sandra";-3,442;1,26;13,832;-3,782
"sacar";-1,617;0,123;-1,92;2,581
"rocha";-2,95;29,083;-1,536;-7,908
"retratar";-2,95;-4,956;-0,108;13,537
"retiro";9,266;0,531;-2,049;-4,951
"representação";0,456;-6,196;0,059;2,581
"reportagem";-0,528;-4,084;23,788;-0,479
"relacionar";0,456;-0,617;1,118;-0,255
"reafirmar";24,298;0,032;-2,049;-10,545
"racional";-3,934;-0,138;-2,049;8,328
"raciocinar";-3,442;-1,511;0,121;5,887
"quartel";-3,442;-3,301;77,037;-6,206
"pular";-1,19;-0,237;-1,664;4,735
"prudência";-3,442;0,286;-1,792;3,534
"protocolar";14,36;-5,369;1,78;-3,215
"protagonista";-3,196;-2,914;-0,172;10,955
"prosperidade";-3,688;23,95;-1,92;-4,362
"produto";-1,617;-6,196;0,059;10,177
"proclamar";0,281;12,097;-2,049;-7,487
"portaria";42,471;-6,196;0,059;-9,886
"perna";-3,196;-0,237;-1,664;7,523
"permissão";-1,617;18,714;-1,92;-4,362
"parcela";2,883;-2,914;-0,172;0,226
"palanque";0,001;-6,196;7,216;0,303
"painel";20,884;-0,047;-1,92;-6,845
"paciente";-1,401;0,286;-0,246;0,62
"opor";12,384;-5,783;-0,246;-0,093
"obrigação";10,705;-3,691;0,059;-1,067
"oab";-2,95;-4,956;61,866;-2,663
"novidade";-0,01;0,531;0,873;-1,447
"mussolini";-3,442;-5,783;4,134;5,887
"mota";27,237;-6,196;0,059;-4,362
"moralidade";2,261;-3,301;8,272;-1,955
"moderno";0,396;-0,02;-1,408;0,152
"metro";-3,934;-2,164;-0,413;11,54
"meritocracia";55,4;-6,609;-2,049;-7,487
"mbl";-3,442;-3,301;-1,792;16,527
"mauro";30,889;-4,084;-0,413;-4,951
"maré";-0,01;-6,609;52,461;-4,951
"manipulação";-3,196;-5,369;-1,664;19,748
"mail";-0,155;-1,204;0,211;1,086
"lira";55,4;-4,084;-2,049;-10,545
"leste";-3,442;2,925;-1,792;0,62
"lançamento";1,755;-3,691;-1,92;2,581
"john";-3,442;5,281;-0,246;-0,093
"jacó";-3,196;25,031;-1,664;-5,569
"inicial";55,4;-6,609;-0,413;-10,545
"indignar";0,092;-1,204;-0,172;1,086
"ideb";52,928;-5,369;-1,664;-8,567
"hino";-3,688;18,714;0,059;-6,845
"hebreu";-3,442;33,932;-1,792;-9,226
"guevara";-3,688;-6,196;35,331;0,001
"governante";-1,19;0,537;4,88;-1,503
"fórum";20,884;-6,196;3,504;-6,845
"franciane";65,15;-6,609;-2,049;-10,545
"fracasso";-2,95;-0,103;2,226;0,531
"financiador";-1,19;-5,369;69,433;-5,569
"feio";-3,688;-1,831;-0,326;10,177
"federativo";57,002;-5,783;-1,792;-9,226
"fantástico";-1,836;0,032;0,021;0,708
"exterior";0,026;-3,301;8,272;-0,093
"executar";0,092;0,537;-0,172;-0,434
"estrangeiro";1,755;-0,617;-0,326;0,001
"espectro";2,883;0,015;-1,664;-0,434
"enfermo";-3,934;32,236;-0,413;-10,545
"emitir";-0,01;-2,164;10,891;-0,479
"eliseu";-3,688;29,831;-1,92;-6,845
"doação";12,384;-5,783;0,121;-0,726
"diariamente";-3,688;0,123;-0,326;2,581
"despesa";20,884;-6,196;-0,326;-1,067
"descartar";-0,598;-0,411;0,745;0,442
"desaparecer";-1,836;-0,849;2,969;0,708
"dente";-3,688;0,843;0,059;0,303
"dançar";-3,934;-0,849;-0,413;8,328
"cruzeiro";-3,196;-5,369;-1,664;19,748
"credibilidade";-1,617;-3,691;12,255;0,303
"copo";-3,442;-1,511;0,121;5,887
"concentração";-1,19;-5,369;4,88;2,589
"comitê";26,871;-5,369;0,211;-5,569
"clica";-3,934;-6,609;-2,049;24,308
"cirurgia";-3,442;0,286;-1,792;3,534
"ciro";-2,95;-0,915;10,976;0,019
"cinema";-3,196;-5,369;-1,664;19,748
"cesta";-0,262;-1,511;-1,792;5,887
"cefet";44,782;-4,543;-1,408;-7,248
"carga";1,343;-6,609;-0,413;3,473
"carente";0,456;-1,831;-0,326;1,164
"cancelamento";-3,196;-2,914;-0,172;10,955
"br";-0,786;-0,648;-0,056;2,631
"barbosa";8,107;-5,783;-0,246;0,058
"balela";-3,688;-6,196;0,059;13,823
"auxiliar";1,755;-0,617;-0,326;0,001
"autorização";0,281;-2,164;32,102;-7,487
"autista";0,692;-5,783;8,272;-0,093
"atualmente";0,001;-0,047;-0,326;0,303
"armamento";9,266;-2,164;-0,413;-0,479
"angústia";-3,934;32,236;-2,049;-7,487
"agosto";1,343;-2,164;-0,413;0,708
"administração";1,343;-0,849;-0,413;0,109
"acostumado";-1,617;-1,831;-0,326;7,087
"acidente";-1,617;0,843;0,059;0,001
"abalar";-3,688;14,123;-0,326;-2,435
"vincular";27,237;-6,196;-1,92;-1,067
"vilarinho";-0,737;-1,239;1,443;0,911
"vieira";6,948;-0,915;2,226;-4,937
"vaso";-2,212;10,265;-1,152;-1,15
"vara";-2,95;0,098;5,772;-0,204
"valoroso";-3,442;1,26;-1,792;1,778
"vaca";-2,95;-4,956;-1,536;18,228
"tributário";8,107;-3,301;0,121;-0,726
"transferência";12,384;-0,411;-0,246;-3,782
"tortura";17,564;-5,783;1,416;-3,782
"tentado";0,026;-1,511;-0,246;1,778
"ten";0,692;-0,003;1,416;-1,955
"sólido";-1,401;-1,511;-0,246;5,887
"suspensão";5,736;-5,369;9,51;-3,215
"sucedido";1,002;10,068;-1,664;-8,567
"silencioso";-1,229;2,291;-0,64;0
"sanar";15,373;-3,691;-0,326;-1,067
"rótulo";-3,196;-2,914;-0,172;10,955
"robô";-0,155;-5,369;4,88;1,086
"revolto";-1,19;-0,237;-0,172;2,589
"resistência";0,092;0,015;-0,172;-0,008
"relatoria";52,928;-5,369;-1,664;-8,567
"reconstruir";-0,071;4,92;-1,536;-1,085
"rebater";-0,262;-3,301;8,272;0,058
"quarentena";-2,95;-4,956;-1,536;18,228
"páscoa";-2,704;14,721;-1,408;-2,13
"protocolamos";57,002;-5,783;-1,792;-9,226
"proposto";27,237;-3,691;-0,326;-4,362
"proporcionalidade";1,002;-5,369;23,362;-3,215
"programar";-1,401;-0,003;0,121;0,62
"prezar";-3,442;-5,783;-1,792;21,268
"presidir";52,928;-5,369;-1,664;-8,567
"post";-3,442;-1,511;13,832;0,058
"piscina";-1,19;-2,914;-0,172;7,523
"pisar";-1,19;1,804;9,51;-5,569
"pilar";-0,387;-0,047;0,059;0,303
"pichação";-2,458;-4,13;-0,018;10,568
"permanência";51,352;-3,691;-1,92;-9,886
"peixe";-3,196;0,015;-0,172;2,589
"pedaço";-3,688;0,123;-0,326;2,581
"parto";-0,984;-0,103;-1,536;3,644
"out";5,122;-2,064;-0,64;0
"oton";34,584;-5,369;-0,172;-5,569
"original";3,65;4,92;-1,536;-7,908
"observação";30,631;-1,511;-1,792;-6,206
"novela";-2,458;-0,411;-1,28;6,783
"nicarágua";-3,688;-6,196;117,299;-9,886
"neve";-1,19;3,814;-1,664;-0,008
"medicina";-1,617;-0,617;3,504;0,303
"mdb";34,584;-5,369;-1,664;-3,215
"mala";-3,196;-2,914;43,337;-1,503
"luto";-0,786;-0,02;-0,056;1,012
"lua";0,001;-6,196;7,216;0,303
"lobo";-3,196;0,537;-0,172;1,086
"lição";-0,387;6,876;-1,92;-1,067
"limpeza";3,896;-1,831;0,059;-0,255
"limitado";0,211;0,098;-1,536;0,019
"largar";-0,262;-1,511;0,121;1,778
"júnior";-0,262;0,286;-1,792;0,62
"jupira";-3,196;-5,369;101,651;-8,567
"investigado";-0,262;-5,783;77,037;-9,226
"inveja";-3,688;-1,831;0,059;7,087
"inocência";-3,442;-0,411;-0,246;5,887
"indicado";-1,401;-5,783;92,545;-9,226
"império";-3,442;27,429;-1,792;-6,206
"improvável";-3,196;31,507;-1,664;-8,567
"hegemonia";-0,071;-4,956;-1,536;9,543
"gestor";16,705;-0,915;-1,536;-2,663
"futuramente";-1,401;-1,511;-1,792;8,836
"fundação";23,163;-0,915;-1,536;-4,937
"frouxo";-3,442;-3,301;4,134;3,534
"fingir";-3,688;-0,047;0,059;2,581
"fantasia";0;-2,064;0,373;0,86
"fal";15,373;-0,617;0,059;-6,845
"extrair";0,026;-0,411;0,121;0,058
"excluir";1,002;-5,369;0,211;1,086
"etário";38,519;-3,301;-1,792;-6,206
"estátua";-3,688;0,123;45,676;-9,886
"estrada";-3,688;-0,617;0,059;4,556
"estourar";-3,442;2,925;-0,246;0,058
"envolvido";-1,401;-0,411;50,283;-9,226
"endereço";-3,688;-0,617;7,216;0,303
"donald";-3,442;-0,411;4,134;0,62
"domiciliar";1,002;-5,369;43,337;-8,567
"divisão";-0,262;5,281;-1,792;-0,726
"distribuir";17,564;-1,511;-0,246;-3,782
"direcionamento";-0,387;6,876;-1,92;-1,067
"desanimar";-3,688;4,22;-1,92;0,303
"depredar";-3,688;-6,196;84,67;-4,362
"decisivo";-0,387;0,843;-1,92;0,303
"debruçar";51,352;-6,196;-1,92;-6,845
"deboche";0,001;-6,196;1,118;2,581
"dartora";47,309;-3,301;-1,792;-9,226
"damares";-0,984;-4,956;26,358;-0,204
"curvar";-2,458;0,562;-0,018;0,442
"cordeiro";-3,442;33,932;-1,792;-9,226
"conversão";-3,442;16,497;-1,792;-1,955
"contradição";0,211;-2,532;-0,108;1,739
"contraditório";1,002;-5,369;9,51;-0,434
"consumir";-3,442;8,328;-1,792;-0,093
"constar";23,646;-3,301;0,121;-6,206
"conforto";-1,401;21,617;-1,792;-6,206
"comparação";3,896;-6,196;3,504;-0,255
"chinês";-3,688;-6,196;-1,92;22,788
"cerveja";-2,95;-4,956;0,338;9,543
"caridade";-2,95;-2,532;-1,536;13,537
"careta";-1,475;-2,477;-0,768;9,112
"bônus";0,211;-4,956;-1,536;6,245
"brother";-1,19;-2,914;-1,664;10,955
"bobo";-1,617;-3,691;1,118;4,556
"big";-0,262;-3,301;-1,792;8,836
"barulho";-0,155;-0,237;-1,664;2,589
"barra";1,002;-5,369;-1,664;4,735
"associar";-0,071;-2,532;5,772;0,019
"arthur";-3,442;5,281;0,121;-0,726
"arrumar";-0,387;-1,831;1,118;1,164
"armamentista";23,646;-5,783;-1,792;-0,726
"aprofundar";42,471;-6,196;-1,92;-4,362
"anúncio";10,705;-1,831;-1,92;-0,255
"alcançado";-0,155;6,569;-1,664;-1,503
"ética";-0,262;-5,783;-1,792;12,383
"ânsia";-3,196;6,569;-0,172;-0,434
"zoar";-1,401;-3,301;-1,792;12,383
"vizinho";-2,95;-0,915;-1,536;9,543
"vivenciar";-0,262;8,328;-1,792;-1,955
"verba";12,527;-3,717;-1,152;-0,153
"vaidade";-3,442;2,925;-0,246;0,058
"vacinação";0,346;-2,891;2,066;0,029
"tremendo";-3,196;3,814;-1,664;0,226
"tona";-3,442;-0,411;8,272;0,058
"titular";34,584;-5,369;-1,664;-3,215
"tiktok";-3,196;-5,369;0,211;10,955
"teatro";-0,262;-3,301;8,272;0,058
"talento";1,002;0,015;-0,172;-0,434
"surdo";-1,19;3,814;-1,664;-0,008
"sujeito";-0,264;4,286;0,011;-2,475
"solicitação";30,631;-3,301;-1,792;-3,782
"silvio";-3,196;-5,369;32,584;-0,008
"ricardo";0,092;-0,237;-0,172;0,226
"revoltar";-0,786;-0,648;6,85;-0,051
"retroceder";-0,131;-0,755;0,06;0,889
"reserva";3,474;0,074;0;-3,076
"reproduzir";16,705;-2,532;-1,536;-1,085
"remover";-3,196;3,814;-0,172;-0,008
"regimentalmente";35,213;-4,543;-1,408;-4,309
"refúgio";-1,401;12,067;-0,246;-3,782
"recuar";-2,95;-0,915;17,838;-0,204
"reconstrução";4,6;1,403;-1,408;-4,309
"recomendar";16,705;-4,956;-1,536;-0,204
"raça";-3,196;-1,204;-1,664;10,955
"rasgar";-3,442;21,617;-0,246;-6,206
"raro";-0,422;-0,213;1,059;0,084
"purificar";-3,442;27,429;-1,792;-6,206
"punição";-0,262;-3,301;50,283;-6,206
"prudente";-3,196;-2,914;0,211;7,523
"protesto";2,883;-5,369;4,88;-0,434
"prosseguimento";23,646;-1,511;-1,792;-3,782
"proferir";20,129;-0,237;-0,172;-8,567
"preste";-0,071;-0,915;2,226;0,019
"presidenta";22,951;-1,787;-0,018;-6,589
"preparação";23,646;-5,783;-1,792;-0,726
"praia";1,002;-5,369;0,211;1,086
"pp";30,674;-4,956;-1,536;-2,663
"potestade";-3,442;33,932;-1,792;-9,226
"porto";0,396;-0,648;-0,056;0,152
"porte";4,6;-4,543;6,85;-2,13
"political";-0,737;0,025;1,443;-0,051
"pisa";48,855;-4,956;-1,536;-7,908
"piedade";-2,95;22,638;-1,536;-4,937
"pcdb";20,129;-5,369;0,211;-3,215
"otário";-3,442;-0,003;0,121;1,778
"oral";20,129;-0,237;-0,172;-8,567
"oo";14,36;0,015;-0,172;-8,567
"nick";-2,704;1,403;-1,408;1,012
"nicar";-3,196;0,015;1,78;0,226
"naime";2,883;-5,369;32,584;-8,567
"molhado";-0,786;-4,543;-0,056;8,15
"minuta";0,667;-4,13;34,224;-6,589
"menção";13,399;-2,156;0,512;-4,309
"mariele";-0,598;-4,13;46,888;-3,688
"maravilha";-1,401;21,617;-1,792;-6,206
"manual";6,948;-2,532;-1,536;0,019
"manipular";-1,19;-5,369;0,211;7,523
"localizar";8,107;0,286;-1,792;-3,782
"limitar";8,107;-0,003;-0,246;-3,782
"legalização";0,211;-4,956;0,338;1,739
"largo";0,092;-0,237;-0,172;0,226
"lacrolândia";-2,704;-4,543;-0,056;12,049
"king";-3,196;-5,369;-1,664;19,748
"irracional";-3,196;-5,369;-1,664;19,748
"inácio";-3,442;-5,783;109,475;-9,226
"insistir";6,948;-0,103;-1,536;-1,085
"informe";-0,071;-2,532;17,838;-1,085
"impressão";-2,95;-4,956;10,976;1,739
"imparcial";2,883;-5,369;32,584;-8,567
"imbecil";-2,458;-0,411;-0,018;3,834
"hábito";-2,458;4,583;-0,018;-0,394
"gênio";-0,786;-4,543;-0,056;8,15
"goiás";2,883;0,015;0,211;-3,215
"fôlego";-1,401;1,26;-1,792;0,62
"fundar";-0,984;-0,915;17,838;-1,085
"fundador";-0,262;-0,411;-0,246;1,778
"fumaça";-1,19;-2,914;-1,664;10,955
"fisicamente";-1,401;8,328;-1,792;-0,726
"fernandinho";-2,95;8,14;-0,108;-1,085
"estrela";-2,704;-2,156;12,732;0,152
"envergonhar";-1,401;8,328;4,134;-9,226
"empreendedor";0,211;-0,103;-1,536;0,531
"emblemático";-0,984;-2,532;0,338;3,644
"embate";2,883;0,537;-1,664;-1,503
"dragão";0,351;-1,239;1,443;-0,051
"discordância";16,705;-0,915;-0,108;-4,937
"dinâmica";13,399;-0,648;-1,408;-2,13
"dezena";1,002;-2,914;32,584;-8,567
"desvio";9,562;-2,914;4,88;-5,569
"desigual";1,404;-4,956;0,338;0,531
"deserto";-2,95;4,92;-1,536;0,019
"dependência";-1,401;8,328;1,416;-6,206
"delongar";-0,262;2,925;-1,792;-0,093
"célula";-1,721;-0,001;-0,896;2,942
"cpm";-3,442;-5,783;62,949;-1,955
"convergência";1,924;6,303;-1,408;-7,248
"consultar";20,129;-5,369;-0,172;-1,503
"consolidar";8,107;0,286;-0,246;-6,206
"conferir";6,948;-0,103;0,338;-4,937
"competente";26,871;-5,369;0,211;-5,569
"cinza";-2,95;2,507;-0,108;0,019
"chamá";-1,401;8,328;-0,246;-1,955
"cesão";-1,19;-5,369;84,777;-8,567
"celeiro";-2,95;22,638;-1,536;-4,937
"capa";0,396;-2,156;-1,408;2,631
"cansar";-1,19;-1,204;15,671;-0,434
"bravo";-2,95;-2,532;-1,536;13,537
"boulos";1,002;-5,369;0,211;1,086
"bilin";57,002;-5,783;-1,792;-9,226
"bendito";-2,95;29,083;-1,536;-7,908
"batizar";-3,196;19,299;-1,664;-3,215
"bar";-0,017;-2,156;0,512;1,012
"atrelar";-2,95;0,098;10,976;-1,085
"atravessar";0,692;0,286;-1,792;-0,093
"assentar";-3,442;21,617;-0,246;-6,206
"assegurar";23,646;-3,301;-0,246;-3,782
"argumentar";-0,262;-5,783;-1,792;12,383
"aprendiz";-0,786;-0,648;-1,408;5,011
"amarrar";2,261;-0,003;0,121;-1,955
"alertar";-0,071;-4,956;-0,108;6,245
"aflição";-1,401;27,429;-1,792;-9,226
"adesivo";-2,212;-3,717;-1,152;13,669
"abandonado";3,474;0,074;-1,152;-1,15
"abaixar";-0,262;0,286;-0,246;0,058
"aa";16,705;-2,532;-1,536;-1,085
"zoeira";-2,95;-4,956;0,338;9,543
"vulnerabilidade";14,36;-5,369;0,211;-1,503
"vocação";-0,984;12,167;-1,536;-2,663
"voar";-0,786;1,403;-0,056;-0,051
"vigor";-0,155;14,312;-0,172;-8,567
"vestido";-3,196;1,804;-1,664;1,086
"vacinar";-2,704;-4,543;-1,408;16,708
"táxi";-2,458;-4,13;3,462;3,834
"tolerância";-2,95;-4,956;-1,536;18,228
"tarcis";52,928;-5,369;-1,664;-8,567
"suíço";-2,458;0,003;-0,018;1,72
"suspeito";-0,071;-0,915;26,358;-4,937
"suplente";15,967;-4,13;-0,018;-1,623
"sono";-2,95;4,92;-1,536;0,019
"simone";-0,786;-2,156;2,776;1,012
"simbólico";9,562;-5,369;-0,172;-0,008
"resultar";0,092;-1,204;32,584;-8,567
"representatividade";10,247;-4,13;0,745;-1,623
"render";-0,071;12,167;-0,108;-7,908
"recorrer";7,299;-1,427;0;-1,15
"quebrantar";-2,95;29,083;-1,536;-7,908
"quadra";0,396;-0,02;-1,408;0,152
"provérbio";-2,212;15,499;-1,152;-3,076
"prorrogar";39,238;-4,956;-0,108;-7,908
"prometido";-2,95;29,083;-1,536;-7,908
"profecia";-3,196;25,031;-0,172;-8,567
"procuradoria";43,27;-5,369;-0,172;-8,567
"pretender";9,562;-2,914;0,211;-1,503
"preencher";-1,19;0,537;-1,664;1,086
"poupança";35,213;-2,156;-1,408;-7,248
"poste";-0,598;-4,13;-0,018;6,783
"plateia";-0,984;-0,915;-0,108;3,644
"petrobras";1,404;-4,956;36,536;-7,908
"permanente";34,584;-1,204;-1,664;-8,567
"perecer";-3,196;10,068;-1,664;-0,434
"pc";0,211;-4,956;5,772;0,019
"patamar";0,211;-4,956;2,226;0,531
"pagador";-0,017;-4,543;54,346;-7,248
"onipresente";-0,737;7,268;-0,384;-1,976
"ombro";-3,196;14,312;-1,664;-1,503
"odiado";-2,458;-0,411;14,864;-0,394
"ocupação";-2,212;-3,717;1,059;5,45
"ob";34,584;-1,204;-1,664;-8,567
"notar";1,002;0,015;-0,172;-0,434
"nomear";-0,071;0,899;0,338;-1,085
"motivar";1,404;0,899;-1,536;-1,085
"montar";-0,786;-4,543;-0,056;8,15
"monitorar";6,948;-4,956;10,976;-4,937
"monitoramento";11,3;-4,956;5,772;-4,937
"modificação";43,27;-5,369;-1,664;-5,569
"mito";-0,264;-3,304;-1,024;7,634
"misto";26,871;-5,369;-0,172;-3,215
"missa";-2,212;-3,717;0;9,095
"metodologia";9,562;-5,369;-1,664;0,226
"meritório";39,238;-4,956;-1,536;-4,937
"mensalão";-3,196;-5,369;69,433;-3,215
"mel";-0,984;-0,915;10,976;-0,204
"mega";-2,212;-0,213;-1,152;5,45
"marcelo";-0,017;-4,543;54,346;-7,248
"manuela";-0,155;-5,369;-1,664;10,955
"manobra";2,883;-5,369;0,211;0,226
"manifestante";-0,155;-5,369;55,62;-5,569
"malta";-3,196;-5,369;101,651;-8,567
"malafaia";-0,984;0,098;-1,536;1,739
"madrid";-1,721;-2,891;0,06;6,19
"machucado";-2,704;20,25;-0,056;-7,248
"lázaro";-1,967;19,385;-1,024;-5,271
"lábio";-1,19;25,031;-1,664;-8,567
"ligado";9,562;-2,914;-1,664;-0,008
"lance";-0,984;-0,103;-1,536;3,644
"lacração";-0,017;-4,543;-1,408;8,15
"joias";-0,071;-2,532;26,358;-2,663
"jefferson";-2,704;0,272;-0,056;1,012
"isolado";0,667;-1,787;0,745;0
"inversão";6,948;-2,532;2,226;-2,663
"inelegível";-1,19;-5,369;69,433;-5,569
"inegável";-0,017;-2,156;0,512;1,012
"incitar";-2,704;-0,02;2,776;0,152
"impresso";-0,071;-4,956;0,338;3,644
"imediato";2,883;0,537;-0,172;-3,215
"gomes";-0,984;-4,956;17,838;0,019
"gato";-0,786;-0,648;0,512;1,012
"fundado";-1,721;-0,755;14,603;-0,363
"fuga";-2,95;-0,915;0,338;3,644
"forçar";-0,598;-4,13;-0,018;6,783
"fortemente";5,736;-1,204;-1,664;-0,008
"fortalecimento";4,6;1,403;-1,408;-4,309
"formado";-0,984;-2,532;-1,536;9,543
"foice";-3,196;-5,369;1,78;7,523
"fidelidade";-1,19;19,299;-1,664;-5,569
"fichar";-2,95;-4,956;26,358;0,019
"extensão";-1,19;3,814;-1,664;-0,008
"expandir";7,299;-1,427;-1,152;-0,153
"europeu";-0,984;-2,532;-0,108;6,245
"estúdio";-2,95;-0,915;-1,536;9,543
"estabelecimento";34,584;-5,369;-1,664;-3,215
"espécie";3,65;-0,915;-0,108;-0,204
"escravidão";-2,95;0,899;0,338;0,019
"eo";-0,984;-0,915;-0,108;3,644
"envergonhado";-0,155;6,569;0,211;-5,569
"emergencial";39,238;-4,956;-1,536;-4,937
"embaixador";-1,19;-2,914;55,62;-5,569
"egito";-0,984;16,999;-0,108;-7,908
"editar";-0,786;0,272;0,512;-0,051
"docente";43,27;-5,369;-1,664;-5,569
"disputa";1,924;-0,02;-1,408;-0,051
"diferenciado";1,404;8,14;-1,536;-7,908
"desempregado";-2,704;-4,543;-0,056;12,049
"desconhecer";20,129;-2,914;-1,664;-1,503
"descanso";-2,458;24,234;-1,28;-6,589
"dedicação";-0,984;4,92;-0,108;-1,085
"cão";-0,984;0,098;5,772;-1,085
"crucificado";-2,95;8,14;-0,108;-1,085
"cpf";-1,19;-2,914;15,671;-0,008
"covardia";-1,19;0,537;4,88;-1,503
"constrangido";-0,017;0,272;0,512;-0,711
"consequentemente";-1,19;-1,204;-1,664;7,523
"conselheiro";1,404;0,899;-0,108;-2,663
"comportar";16,705;-0,915;-1,536;-2,663
"colo";-0,155;-1,204;-0,172;2,589
"coerente";-0,786;-0,648;0,512;1,012
"chutar";-2,704;-2,156;2,776;2,631
"chile";-1,19;-5,369;4,88;2,589
"cheque";-0,071;-2,532;-0,108;3,644
"chegada";-0,984;0,899;2,226;-1,085
"chapa";-0,984;-4,956;-0,108;9,543
"centrão";-2,95;-4,956;2,226;6,245
"canalha";-2,704;-4,543;2,776;5,011
"calor";-0,984;-0,103;-1,536;3,644
"brilhante";4,6;-0,648;2,776;-4,309
"bosta";-2,458;-1,787;-1,28;10,568
"beatriz";20,129;-5,369;-1,664;-0,434
"bateria";-2,95;-0,103;-1,536;6,245
"averiguar";-0,786;-4,543;0,512;5,011
"atributo";-0,422;10,265;-1,152;-3,076
"assustador";-0,984;0,098;0,338;0,019
"assinatura";3,65;-4,956;17,838;-4,937
"assessorar";-2,704;-4,543;2,776;5,011
"artístico";2,597;-4,13;-0,018;0,442
"apreensão";-3,196;-5,369;55,62;-1,503
"apocalipse";-2,95;29,083;-1,536;-7,908
"aparência";-2,704;6,303;-1,408;-0,051
"amante";-2,95;4,92;-1,536;0,019
"alvorada";-1,19;-1,204;1,78;1,086
"alves";-0,264;-3,304;0,011;4,163
"africano";1,404;0,098;0,338;-2,663
"adiante";5,736;-1,204;-0,172;-0,434
"acercar";23,163;-0,915;-1,536;-4,937
"abolição";-2,95;-4,956;36,536;-0,204
"virtuoso";-2,458;8,044;-1,28;-0,394
"vigência";44,782;-4,543;-1,408;-7,248
"verificação";20,35;-2,064;-0,64;-3,294
"vencedor";-2,458;17,87;-1,28;-3,688
"velocidade";-2,704;-2,156;-0,056;8,15
"variar";9,246;-3,304;-1,024;-0,016
"universalização";48,855;-4,956;-1,536;-7,908
"trecho";-0,786;-2,156;-0,056;5,011
"transexual";4,175;0,025;-0,384;-1,976
"tiago";-2,704;20,25;-1,408;-4,309
"telegram";-0,598;-4,13;-0,018;6,783
"tanque";-2,95;-4,956;36,536;-0,204
"tadeu";44,782;-4,543;-1,408;-7,248
"sus";-0,017;-4,543;-0,056;5,011
"suplicar";-2,458;24,234;-1,28;-6,589
"solto";-0,984;-4,956;36,536;-1,085
"seriado";-2,95;-4,956;-0,108;13,537
"seco";-0,984;12,167;-1,536;-2,663
"sbt";-2,212;-3,717;-1,152;13,669
"régua";0,396;-0,648;-1,408;1,012
"rodrigues";-0,071;-0,103;-0,108;0,531
"rodovia";0,035;0,074;1,059;-1,15
"riso";1,596;-1,082;-1,024;0,354
"rever";4,6;1,403;-0,056;-7,248
"relembrar";1,924;0,272;0,512;-4,309
"reivindicar";3,474;-0,213;-1,152;-0,153
"refeição";15,967;-1,787;-1,28;-1,623
"razoável";23,163;-4,956;-0,108;-2,663
"rato";-0,017;-0,02;2,776;-0,711
"raio";-0,071;-0,103;0,338;0,019
"qualificado";6,948;-2,532;10,976;-7,908
"primário";-2,458;-4,13;46,888;-1,623
"preventivo";1,924;-4,543;6,85;-0,711
"prejudicado";4,6;-2,156;2,776;-2,13
"postagem";-0,422;-3,717;4,329;0,944
"porteiro";16,705;-4,956;0,338;-2,663
"portal";6,19;-0,755;-0,896;-0,363
"porrada";-2,458;-4,13;-1,28;15,189
"porcento";-2,458;-4,13;-0,018;10,568
"pontual";0,211;0,899;-1,536;-0,204
"ponderação";44,782;-4,543;-1,408;-7,248
"polarização";1,924;-2,156;-1,408;1,012
"poesia";-2,212;-3,717;0;9,095
"perpétuo";-2,704;-2,156;69,272;-7,248
"penetrar";-2,458;4,583;-1,28;0
"paraíso";-0,786;-0,648;-1,408;5,011
"paraíba";0,396;6,303;-0,056;-7,248
"palhaçada";-0,786;-4,543;-0,056;8,15
"olímpico";8,425;-4,543;0,512;-0,711
"obstáculo";-0,071;0,899;-1,536;0,019
"nuvem";0,396;6,303;-1,408;-4,309
"notório";4,632;-1,082;1,484;-2,475
"músico";-2,95;12,167;-1,536;-1,085
"máquina";-0,786;-2,156;-1,408;8,15
"ms";0;-2,064;-0,64;3,391
"moradia";-0,598;-4,13;-0,018;6,783
"moldar";0,035;0,074;0;-0,153
"metrô";-2,704;0,272;-0,056;1,012
"menosprezar";-2,704;6,303;2,776;-4,309
"max";-0,422;-0,213;-1,152;2,733
"martin";-2,95;-0,915;-1,536;9,543
"marino";-2,95;-4,956;2,226;6,245
"maratona";-2,458;-0,411;-1,28;6,783
"mané";-2,704;-4,543;54,346;-2,13
"manutenção";13,399;-2,156;0,512;-4,309
"manifesto";-0,071;-0,915;-1,536;3,644
"luxo";-2,704;-4,543;-1,408;16,708
"literário";2,597;-0,411;-1,28;0
"leitor";1,404;-4,956;-1,536;3,644
"legitimidade";0,396;-0,02;12,732;-7,248
"justin";-2,458;-4,13;-1,28;15,189
"jordi";0,211;-4,956;26,358;-2,663
"jandira";0;-4,13;8,168;0
"irresponsável";0;-4,13;-1,28;6,783
"inverter";-0,017;-2,156;-1,408;5,011
"integrante";3,65;-4,956;5,772;-1,085
"instaurar";0;-4,13;23,549;-1,623
"inaceitável";13,399;-4,543;-0,056;-0,711
"imunidade";19,522;-2,156;-0,056;-4,309
"impunidade";-0,071;-4,956;36,536;-2,663
"imitar";-0,786;-0,02;-0,056;1,012
"henrique";-0,984;-2,532;-0,108;6,245
"gradual";-0,786;-4,543;-1,408;12,049
"gota";-0,264;-0,069;-1,024;1,736
"goiânia";-0,598;2,089;-0,018;-0,394
"genérico";-0,071;-2,532;0,338;1,739
"gasolina";-0,984;-4,956;17,838;0,019
"fábrica";-0,017;-2,156;-1,408;5,011
"fundamentar";0;0,003;-1,28;0,442
"fragilidade";-0,017;-2,156;-1,408;5,011
"fotógrafo";-2,458;-4,13;34,224;-0,394
"formal";23,163;-4,956;0,338;-4,937
"fnd";48,855;-4,956;-1,536;-7,908
"flamengo";-2,458;-4,13;0,745;6,783
"falácia";0,211;-4,956;5,772;0,019
"eyshila";-2,704;26,658;-1,408;-7,248
"exploração";3,65;-2,532;2,226;-1,085
"evidentemente";48,855;-4,956;-1,536;-7,908
"escritura";-2,95;29,083;-1,536;-7,908
"entendido";-0,017;1,403;-0,056;-0,711
"encerramento";4,6;3,413;-1,408;-7,248
"empreendedorismo";1,404;-2,532;-1,536;1,739
"efésios";-2,95;29,083;-1,536;-7,908
"dubai";-1,967;-3,304;-1,024;12,15
"digitar";-2,458;-1,787;8,168;0,442
"devoção";-2,704;20,25;-1,408;-4,309
"desprezar";-2,458;8,044;-1,28;-0,394
"desgastar";-2,458;-0,411;34,224;-3,688
"derrota";-2,704;6,303;-1,408;-0,051
"curiosidade";-0,786;-2,156;-0,056;5,011
"criatura";-2,458;12,473;-0,018;-3,688
"cozinha";-0,983;4,054;-0,512;-0,362
"coríntios";-2,704;26,658;-1,408;-7,248
"coroa";-0,786;14,721;-0,056;-7,248
"cooperação";23,163;-0,103;-1,536;-7,908
"constância";-2,704;3,413;-1,408;0,152
"conspiração";-2,95;-2,532;0,338;6,245
"consolar";-2,95;22,638;-1,536;-4,937
"consenso";35,213;-4,543;-1,408;-4,309
"confronto";-2,704;3,413;-0,056;-0,051
"concordância";1,404;4,92;-0,108;-7,908
"comprometimento";-1,967;13,143;-1,024;-2,475
"comparecer";8,425;-0,648;-1,408;-0,711
"coincidentemente";-0,422;-0,213;9,808;-1,15
"coca";-2,704;-4,543;0,512;8,15
"cela";-2,95;-2,532;17,838;0,019
"bolsonarismo";1,404;-4,956;10,976;-1,085
"binário";0,351;-1,239;1,443;-0,051
"bieber";-2,458;-4,13;-1,28;15,189
"bia";11,3;-2,532;-1,536;-0,204
"besteira";-0,598;-4,13;0,745;3,834
"bebida";-1,967;0,265;0,011;0,354
"barbie";-1,475;-2,477;-0,768;9,112
"bancário";39,238;-4,956;-0,108;-7,908
"automático";11,3;-2,532;-0,108;-1,085
"atleta";5,79;-4,13;-1,28;0,442
"atar";40,709;-4,13;-1,28;-6,589
"apegar";-2,95;2,507;-0,108;0,019
"anseio";-0,071;2,507;0,338;-2,663
"analfabetismo";48,855;-4,956;-1,536;-7,908
"almoço";-0,984;-2,532;-0,108;6,245
"alinhar";-0,071;2,507;-1,536;-0,204
"ajoelhar";-2,704;14,721;-0,056;-4,309
"afastado";-0,071;2,507;0,338;-2,663
"adequação";44,782;-4,543;-1,408;-7,248
"adentrar";-0,264;-0,069;11,89;-2,475
"acompanhamento";26,793;-4,543;0,512;-7,248
"acerto";0,211;-4,956;-0,108;3,644
"aceitável";-1,229;-0,206;0,373;0,86
"zap";-2,212;-3,717;-1,152;13,669
"wesley";-1,967;4,286;-1,024;-0,016
"vulnerável";0,396;-2,156;6,85;-0,711
"universalizar";44,782;-4,543;-1,408;-7,248
"uai";-2,704;-4,543;0,512;8,15
"tropa";-0,786;-0,648;6,85;-0,051
"transferir";19,522;-4,543;-1,408;-0,711
"testar";-0,598;-1,787;-1,28;6,783
"suporte";-0,017;0,272;-1,408;0,152
"suportar";-2,458;4,583;0,745;-1,623
"supermercado";-0,786;-2,156;6,85;0,152
"status";-2,704;-0,02;-1,408;5,011
"stalin";-2,212;-1,427;-1,152;9,095
"sobrinho";-2,212;0,074;4,329;-0,153
"sobral";36,637;-3,717;-1,152;-5,93
"sinceridade";-2,458;4,583;-1,28;0
"significado";-0,017;10,072;-1,408;-4,309
"seriedade";0,396;0,272;-1,408;-0,051
"satisfação";0,346;-0,001;-0,896;0,029
"sa";0,396;-0,02;-1,408;0,152
"rádio";-2,458;0,562;-1,28;1,72
"roma";-2,212;10,265;-1,152;-1,15
"restaurado";-1,967;19,385;-1,024;-5,271
"repor";19,16;-3,717;-1,152;-1,15
"renan";7,299;-3,717;0;-0,153
"relativizar";0,035;-3,717;0;2,733
"reiterar";19,522;-4,543;2,776;-7,248
"reinado";-2,704;14,721;-1,408;-2,13
"reimon";22,951;-4,13;-1,28;-1,623
"regional";9,246;-3,304;0,011;-0,723
"recolher";-0,598;0,562;8,168;-3,688
"react";-2,704;-4,543;-0,056;12,049
"quadrado";-1,475;-2,477;-0,768;9,112
"pá";-2,458;-1,787;-0,018;6,783
"pureza";-2,704;26,658;-1,408;-7,248
"prévio";13,399;-2,156;-0,056;-2,13
"provocação";0,396;-4,543;-1,408;5,011
"protestante";1,053;-1,427;-1,152;0,944
"protagonismo";-0,017;-2,156;-0,056;2,631
"prostituição";-2,458;0,562;0,745;0
"profetizo";-2,704;20,25;-1,408;-4,309
"produtor";1,053;-0,213;-1,152;0,084
"privilegiado";-0,786;-4,543;12,732;0,152
"prioritário";40,709;-4,13;-1,28;-6,589
"prestação";15,967;-4,13;-0,018;-1,623
"poço";-0,598;0,003;-0,018;0,442
"poupar";-0,786;6,303;-0,056;-2,13
"pontuar";19,522;-2,156;-0,056;-4,309
"podre";-2,704;-2,156;-0,056;8,15
"planeta";0,141;-0,069;-1,024;0,354
"pingo";-2,212;-3,717;0;9,095
"persistência";-0,786;-0,648;0,512;1,012
"periferia";4,6;-2,156;-1,408;0,152
"perfume";-2,458;17,87;-1,28;-3,688
"pedagogia";15,967;-4,13;-1,28;-0,394
"paternidade";-0,422;10,265;-1,152;-3,076
"paralisado";26,793;-0,648;-1,408;-7,248
"onipotente";-2,212;21,809;-1,152;-5,93
"omisso";-0,017;-2,156;0,512;1,012
"ocorrência";0,667;-4,13;0,745;0,442
"ocde";40,709;-4,13;-1,28;-6,589
"nu";1,924;-2,156;0,512;-0,051
"normalizar";-0,786;-4,543;69,272;-7,248
"musical";-2,458;0,003;-1,28;3,834
"munição";10,247;-4,13;0,745;-1,623
"mudado";0,035;3,019;-1,152;-1,15
"motorista";-0,264;-1,082;5,444;-0,016
"monopólio";-2,704;-4,543;-0,056;12,049
"moeda";-0,786;-4,543;-0,056;8,15
"milícia";0,141;-1,082;20,823;-5,271
"mestrado";-0,786;3,413;-1,408;-0,051
"mendes";0,396;-2,156;29,922;-7,248
"melhora";27,196;-1,427;-1,152;-5,93
"manso";-2,458;0,562;0,745;0
"magistério";31,198;-4,13;-1,28;-3,688
"lutero";-0,264;1,671;-1,024;-0,016
"luma";-1,967;8,11;-1,024;-0,723
"liberto";-2,704;14,721;-0,056;-4,309
"liberação";4,6;1,403;-1,408;-4,309
"liberal";-2,704;0,272;-1,408;2,631
"lealdade";-2,212;-1,427;0;5,45
"leal";-2,212;0,074;-1,152;2,733
"lança";-0,017;6,303;-0,056;-4,309
"lamentável";15,44;-3,304;-1,024;-0,723
"khalil";-1,229;-2,064;4,083;0,86
"isentar";2,597;0,003;-0,018;-1,623
"iphone";-0,422;-0,213;-1,152;2,733
"intolerância";5,79;-4,13;8,168;-3,688
"interagir";0,396;-0,648;-1,408;1,012
"instrução";13,399;-2,156;-0,056;-2,13
"insegurança";-0,786;-4,543;12,732;0,152
"infinito";-0,786;6,303;-1,408;-0,711
"inesquecível";-2,704;26,658;-1,408;-7,248
"inesgotável";-2,458;17,87;-1,28;-3,688
"indevido";19,522;-4,543;-0,056;-2,13
"incorporar";31,198;-4,13;-0,018;-6,589
"inconformado";-0,422;-1,427;-1,152;5,45
"incluído";35,213;-4,543;-0,056;-7,248
"imenso";13,399;-2,156;-0,056;-2,13
"imaginário";0;-4,13;-0,018;3,834
"igualmente";0,035;0,074;0;-0,153
"hitler";-2,704;-4,543;-0,056;12,049
"historicamente";26,793;-4,543;-0,056;-4,309
"hashtag";-2,704;-4,543;6,85;2,631
"guga";-2,458;17,87;-1,28;-3,688
"gripe";-1,967;-0,069;-1,024;4,163
"gló";-1,967;19,385;-1,024;-5,271
"glorioso";-2,704;20,25;-1,408;-4,309
"gesto";0,667;-1,787;0,745;0
"george";-2,458;-0,411;-0,018;3,834
"gaúcho";1,596;-3,304;-1,024;1,736
"galeria";1,596;-1,082;1,484;-0,723
"gaer";40,709;-4,13;-1,28;-6,589
"fornalha";-1,721;16,961;-0,896;-4,612
"fixar";-0,786;0,272;-1,408;1,012
"felizmente";2,597;-1,787;-0,018;0
"federado";40,709;-4,13;-1,28;-6,589
"falhar";-2,458;8,044;-0,018;-1,623
"extra";22,951;-1,787;-1,28;-3,688
"explanar";-0,786;-0,02;12,732;-2,13
"experiente";0,396;0,272;-0,056;-0,711
"exclusão";26,793;-4,543;-0,056;-4,309
"estética";-0,264;-3,304;1,484;1,736
"estruturar";-2,704;-4,543;2,776;5,011
"estendido";0;4,583;0,745;-6,589
"estabelecido";19,522;-0,02;-1,408;-7,248
"espelho";-0,017;-2,156;-0,056;2,631
"esfriar";-2,704;3,413;-1,408;0,152
"escopo";1,924;-4,543;12,732;-2,13
"esclarecido";0,396;-4,543;0,512;1,012
"equilibrado";0,396;0,272;-1,408;-0,051
"epidemia";0,035;-1,427;-1,152;2,733
"empate";32,565;-3,304;-1,024;-5,271
"embasar";0,667;-0,411;-0,018;0
"elevador";12,527;-3,717;-1,152;-0,153
"elevado";0,396;3,413;-0,056;-4,309
"efraim";-1,475;8,497;-0,768;-1,331
"dobra";-0,598;12,473;-1,28;-3,688
"ditatorial";-0,786;-4,543;20,422;-0,051
"distorção";4,6;-2,156;-1,408;0,152
"distanciamento";-2,458;-4,13;-1,28;15,189
"direct";-1,721;-2,891;-0,896;10,631
"digão";-1,967;13,143;-1,024;-2,475
"determinação";1,924;-0,648;2,776;-2,13
"deter";0,667;-0,411;14,864;-6,589
"desenvolvido";15,967;-1,787;-1,28;-1,623
"desenhar";-0,264;-1,082;0,011;1,736
"desafiar";0,667;0,003;-0,018;-0,394
"demissão";0;-4,13;34,224;-3,688
"defensoria";40,709;-4,13;-1,28;-6,589
"decretar";-0,598;-0,411;14,864;-1,623
"dança";-1,721;-0,755;-0,896;6,19
"custódia";22,951;-4,13;0,745;-6,589
"curva";1,924;-2,156;-0,056;0,152
"cunha";0,396;-2,156;12,732;-2,13
"crítico";2,597;-4,13;0,745;0
"criterioso";-0,264;8,11;-1,024;-2,475
"corrido";-2,212;6,105;-1,152;-0,153
"correção";13,399;-2,156;-1,408;-0,711
"coque";-1,229;2,291;-0,64;0
"copiar";-0,598;-1,787;-1,28;6,783
"coordenação";10,247;-1,787;0,745;-3,688
"contradizer";19,522;-4,543;-0,056;-2,13
"confortável";-2,704;3,413;-1,408;0,152
"comandante";-0,598;-4,13;23,549;-0,394
"colheita";-2,458;17,87;-1,28;-3,688
"coitado";-2,212;3,019;4,329;-3,076
"cognitivo";1,924;-0,648;-1,408;0,152
"cofre";-0,786;-4,543;54,346;-4,309
"cnn";-0,017;-2,156;20,422;-2,13
"climático";19,16;-3,717;-1,152;-1,15
"civilização";-2,704;0,272;-1,408;2,631
"chacota";-2,704;-0,02;-0,056;2,631
"cavalcante";40,709;-4,13;-1,28;-6,589
"cativeiro";-2,704;26,658;-1,408;-7,248
"cadastro";10,247;-4,13;3,462;-3,688
"boleto";-1,967;-3,304;-1,024;12,15
"boi";-2,458;-4,13;0,745;6,783
"bloqueio";3,474;-0,213;1,059;-3,076
"blindar";-0,598;2,089;8,168;-6,589
"bicicleta";-2,212;3,019;-1,152;0,084
"bastidor";-0,598;-1,787;-1,28;6,783
"baderneiro";-2,458;-4,13;78,184;-6,589
"baderna";-0,422;-3,717;17,498;-0,153
"avante";19,16;-0,213;-1,152;-5,93
"atrasado";0,396;-4,543;-1,408;5,011
"atestar";0,035;-1,427;1,059;0,084
"arrecadar";0,667;-4,13;3,462;0
"armadura";-2,212;15,499;0;-5,93
"apuração";15,967;-4,13;3,462;-6,589
"apoiador";-0,786;-2,156;0,512;2,631
"ananias";19,522;-0,02;-1,408;-7,248
"amé";-2,704;26,658;-1,408;-7,248
"ampliação";44,782;-4,543;-1,408;-7,248
"amoroso";-1,967;13,143;0,011;-5,271
"amazona";-0,017;-0,648;20,422;-4,309
"amadurecer";-2,458;2,089;-1,28;0,442
"altura";-2,704;-0,02;-1,408;5,011
"alerta";-0,786;-2,156;-0,056;5,011
"agência";1,924;-0,648;-0,056;-0,051
"agro";-1,721;-2,891;-0,896;10,631
"acontecimento";10,247;-1,787;-1,28;-0,394
"acolher";-0,017;6,303;-1,408;-2,13
"acabado";-2,212;-0,213;4,329;0,084
"visualizar";-2,458;-0,411;0,745;1,72
"violação";1,053;-3,717;27,399;-5,93
"videozinho";-2,212;-3,717;17,498;0,084
"veículo";-2,458;-1,787;8,168;0,442
"val";0;-4,13;3,462;0,442
"unissex";-2,212;-3,717;53,831;-3,076
"unanimidade";22,951;-1,787;-0,018;-6,589
"uau";-2,458;0,562;-1,28;1,72
"tráfego";-1,967;-3,304;5,444;1,736
"tribulação";-2,458;24,234;-1,28;-6,589
"treta";-2,212;-3,717;1,059;5,45
"trem";-0,131;-0,755;0,06;0,889
"transa";-0,737;-1,239;1,443;0,911
"totalitário";-2,458;-4,13;0,745;6,783
"totalidade";-2,212;0,074;1,059;0,084
"topo";-0,264;-0,069;-1,024;1,736
"toga";-2,458;-1,787;34,224;-1,623
"tese";7,299;-3,717;1,059;-1,15
"teológico";-2,458;-4,13;-1,28;15,189
"sâmia";36,637;-3,717;-1,152;-5,93
"supor";-0,598;-4,13;0,745;3,834
"su";0,702;-0,457;8,917;-3,953
"stevens";-2,212;6,105;-1,152;-0,153
"sor";10,247;-1,787;-0,018;-1,623
"solucionar";2,597;-4,13;-0,018;0,442
"socorrer";4,632;-0,069;1,484;-5,271
"slogan";-1,721;-2,891;2,066;2,942
"sequência";2,597;0,562;-1,28;-1,623
"separado";0,141;1,671;0,011;-2,475
"secar";-0,598;8,044;-0,018;-3,688
"salão";-1,475;1,253;0,169;-0,102
"rotulado";-1,721;-2,891;6,914;0,889
"rosário";0,035;-3,717;0;2,733
"restrição";-0,264;-3,304;5,444;0,354
"repudiar";7,299;-3,717;9,808;-5,93
"renúncia";0;12,473;-1,28;-6,589
"recorte";7,299;-3,717;-1,152;0,084
"reconciliação";-2,458;24,234;-1,28;-6,589
"recompensar";-0,422;15,499;-1,152;-5,93
"raramente";-1,721;0,63;0,06;0,029
"ramaz";-0,131;-2,891;38,508;-4,612
"proibição";0,667;-4,13;3,462;0
"profundamente";0,667;0,003;-0,018;-0,394
"privatização";23,212;-3,304;-1,024;-2,475
"presidiário";-2,458;-1,787;61,541;-6,589
"presencialmente";0;2,089;-1,28;-0,394
"prerrogativa";2,597;-4,13;23,549;-6,589
"precoce";0,141;-3,304;-1,024;4,163
"prata";-2,212;0,074;-1,152;2,733
"polarizar";1,596;-3,304;0,011;0,354
"pimenta";-0,422;-1,427;39,51;-5,93
"perverso";-0,264;8,11;-1,024;-2,475
"perpetuar";3,474;-0,213;-1,152;-0,153
"pegado";-2,212;-0,213;1,059;0,944
"pdde";40,709;-4,13;-1,28;-6,589
"pasta";0,035;-3,717;9,808;-0,153
"passaporte";0,702;-2,477;0,169;0,265
"partida";0,141;-1,082;-1,024;1,736
"paraos";2,597;-0,411;-0,018;-0,394
"papa";-2,458;-4,13;3,462;3,834
"ousado";-0,422;15,499;-1,152;-5,93
"oculto";-2,458;2,089;8,168;-3,688
"ocidental";-0,598;0,562;-1,28;0,442
"obstruir";19,254;-2,891;0,06;-4,612
"obediente";-2,212;21,809;-1,152;-5,93
"nãoé";12,527;-1,427;-1,152;-1,15
"nunes";-0,598;-4,13;-0,018;6,783
"nojo";-1,967;-3,304;0,011;7,634
"negligência";-2,458;0,562;23,549;-6,589
"nando";-2,458;-4,13;-1,28;15,189
"musk";-0,598;-4,13;23,549;-0,394
"miranda";0;12,473;-1,28;-6,589
"mgi";40,709;-4,13;-1,28;-6,589
"mentor";-2,212;-3,717;70,363;-5,93
"mamãe";-1,967;-1,082;-1,024;7,634
"machista";-1,967;-0,069;-1,024;4,163
"luciana";3,474;-3,717;-1,152;0,944
"luci";27,196;-1,427;-1,152;-5,93
"louvável";0,035;6,105;-1,152;-3,076
"licitação";0;-1,787;0,745;0,442
"letivo";19,16;-3,717;-1,152;-1,15
"lazer";1,053;-3,717;-1,152;2,733
"lagoa";-1,229;-0,206;-0,64;3,391
"lacrar";0,035;-3,717;0;2,733
"laboratório";36,637;-3,717;-1,152;-5,93
"josias";-1,721;10,806;-0,896;-1,89
"joia";-0,598;-4,13;0,745;3,834
"jeová";-1,967;8,11;-1,024;-0,723
"jb";-2,458;17,87;-1,28;-3,688
"japão";-0,422;-3,717;-1,152;9,095
"interpretação";-0,598;0,562;-0,018;0
"intencionado";-2,212;-1,427;1,059;2,733
"injetar";-2,212;-3,717;0;9,095
"indeciso";-1,967;-3,304;1,484;4,163
"incompetente";-2,212;-3,717;17,498;0,084
"imóvel";-0,131;-2,891;14,603;-0,363
"imoral";0;-0,411;0,745;0
"humilhado";-1,967;1,671;0,011;-0,016
"humanamente";-0,737;2,034;-0,384;-0,051
"gênesis";-2,458;24,234;-1,28;-6,589
"gêmeo";-1,967;-1,082;0,011;4,163
"gsi";12,527;-3,717;0;-1,15
"gratificante";-1,721;6,032;-0,896;-0,363
"grandão";-0,264;-3,304;11,89;-0,016
"grama";-2,458;-4,13;0,745;6,783
"governança";22,951;-4,13;0,745;-6,589
"gil";-0,264;-3,304;0,011;4,163
"fã";-2,458;-1,787;-1,28;10,568
"flagrante";3,474;-3,717;4,329;-1,15
"fiscalização";1,053;-3,717;4,329;-0,153
"fino";0,035;1,009;0;-1,15
"filosófico";0;-4,13;-1,28;6,783
"fi";0,667;-4,13;0,745;0,442
"fechamento";-1,967;-1,082;11,89;-0,016
"fazenda";0;-4,13;-1,28;6,783
"facilidade";-0,422;-1,427;0;2,733
"exigência";5,79;-0,411;0,745;-3,688
"exclusivamente";22,951;-1,787;-1,28;-3,688
"excepcional";12,527;-3,717;-1,152;-0,153
"estação";-2,212;15,499;-1,152;-3,076
"especificidade";9,246;-1,082;-1,024;-0,723
"espantar";-0,422;-1,427;-1,152;5,45
"espanhol";0,141;-3,304;-1,024;4,163
"espanha";-2,212;-3,717;0;9,095
"esforçar";10,247;0,562;-1,28;-6,589
"escalar";-2,212;-3,717;0;9,095
"equivocar";9,246;-0,069;-1,024;-2,475
"enquadrar";3,474;-0,213;1,059;-3,076
"engravidar";-0,737;2,034;-0,384;-0,051
"empregar";0;0,003;-1,28;0,442
"empregado";-0,131;0,63;-0,896;0,029
"elisiane";-0,131;-2,891;25,135;-1,89
"eficiente";5,79;-0,411;0,745;-3,688
"dório";-2,458;-4,13;-1,28;15,189
"doutrinar";15,967;-4,13;-1,28;-0,394
"doutorado";1,053;1,009;-1,152;-1,15
"don";4,175;0,025;-0,384;-1,976
"distração";0,667;4,583;-1,28;-3,688
"disputar";-0,422;-3,717;-1,152;9,095
"diferenciar";1,053;-3,717;-1,152;2,733
"diagnóstico";2,366;2,64;-0,896;-4,612
"detrás";-0,598;-0,411;8,168;-0,394
"destro";-2,212;-0,213;-1,152;5,45
"desinformação";2,597;-4,13;0,745;0
"desfazer";-0,598;0,562;0,745;-0,394
"dependente";-2,458;0,562;-1,28;1,72
"delicado";2,597;-1,787;-1,28;0,442
"decidido";5,79;-0,411;-1,28;-0,394
"criminalização";10,247;-4,13;0,745;-1,623
"criativo";-2,212;-3,717;-1,152;13,669
"corresponder";0,035;10,265;-1,152;-5,93
"correio";-0,422;-1,427;17,498;-1,15
"consulta";1,596;-1,082;-1,024;0,354
"conquista";-0,422;6,105;-1,152;-1,15
"concorrer";2,366;-2,891;0,06;0,029
"comércio";-0,264;-3,304;-1,024;7,634
"competição";19,254;-2,891;0,06;-4,612
"compensar";-0,264;-1,082;1,484;0,354
"coluna";0,035;-0,213;-1,152;0,944
"cocaína";-2,458;-4,13;34,224;-0,394
"clicar";-0,598;-1,787;-0,018;3,834
"cartaz";-1,967;-3,304;0,011;7,634
"caraca";-2,458;-4,13;-1,28;15,189
"calendário";7,299;-3,717;-1,152;0,084
"cagar";-2,212;-3,717;9,808;0,944
"cabra";-0,983;9,691;-0,512;-2,635
"burguês";-1,967;-3,304;-1,024;12,15
"burguesia";-1,967;-3,304;-1,024;12,15
"bunda";-2,458;-1,787;-1,28;10,568
"brutalmente";10,247;-1,787;-1,28;-0,394
"brilhar";-1,967;13,143;-1,024;-2,475
"bolha";-0,422;-1,427;-1,152;5,45
"bode";-1,721;0,63;0,06;0,029
"bio";-1,721;-2,891;-0,896;10,631
"biblioteca";27,196;-3,717;-1,152;-3,076
"batismo";-2,212;21,809;-1,152;-5,93
"barreira";0,035;0,074;1,059;-1,15
"barrar";32,565;-3,304;-1,024;-5,271
"banda";-0,598;0,562;-1,28;0,442
"balança";-2,458;2,089;-1,28;0,442
"augusto";0;-0,411;-0,018;0,442
"atualizar";1,053;-3,717;0;0,944
"atraso";3,474;-0,213;-1,152;-0,153
"assustado";-2,458;-0,411;-1,28;6,783
"ass";1,596;0,265;-1,024;-0,723
"arco";-2,458;2,089;-1,28;0,442
"apartamento";0;-1,787;23,549;-3,688
"apaixonar";-1,967;13,143;-1,024;-2,475
"animado";-2,458;0,003;-0,018;1,72
"amaral";1,298;-2,064;11,772;-3,294
"alternativo";22,951;-4,13;-0,018;-3,688
"alencar";12,527;-3,717;0;-1,15
"alemão";-1,721;-2,891;-0,896;10,631
"alegar";-0,422;-1,427;27,399;-3,076
"agressor";-0,131;-0,755;0,06;0,889
"agressivo";0,667;-0,411;-0,018;0
"agostinho";-0,422;10,265;-1,152;-3,076
"afeto";-2,212;1,009;-1,152;0,944
"afetado";5,79;-1,787;-0,018;-0,394
"adoção";-0,264;0,265;5,444;-2,475
"adequar";19,16;-3,717;-1,152;-1,15
"acender";-0,422;1,009;-1,152;0,084
"acalentar";-2,458;12,473;-1,28;-1,623
"absorver";2,597;-1,787;-0,018;0
"abrigo";0;0,003;3,462;-1,623
"íntegro";0,035;1,009;-1,152;-0,153
"ímpio";-2,212;21,809;-1,152;-5,93
"árabe";-1,967;-3,304;32,243;-0,723
"zema";-0,422;-1,427;1,059;0,944
"voo";-0,264;-1,082;1,484;0,354
"vigente";27,196;-3,717;-1,152;-3,076
"victor";-0,422;10,265;-1,152;-3,076
"velório";-2,212;-0,213;9,808;-0,153
"vazar";-2,212;-3,717;39,51;-1,15
"valioso";0,346;6,032;-0,896;-4,612
"usufruir";-0,035;-0,457;-0,768;1,822
"urso";-2,212;1,009;-1,152;0,944
"trs";1,053;-3,717;-1,152;2,733
"trovão";-1,721;6,032;-0,896;-0,363
"trilha";-1,721;-0,755;-0,896;6,19
"transtorno";9,246;-1,082;0,011;-2,475
"trabalhista";7,299;-3,717;4,329;-3,076
"thiago";-2,212;-0,213;17,498;-1,15
"terror";-0,131;-0,755;25,135;-4,612
"teresa";-0,737;2,034;-0,384;-0,051
"teams";36,637;-3,717;-1,152;-5,93
"tapete";-1,967;-3,304;5,444;1,736
"suprir";0,141;0,265;0,011;-0,723
"supressão";3,474;-3,717;0;0,084
"suor";-0,422;1,009;1,059;-1,15
"sumir";-2,212;-0,213;1,059;0,944
"suicidar";-1,967;-0,069;-1,024;4,163
"suelen";-1,721;6,032;-0,896;-0,363
"subjetivo";0,035;-3,717;0;2,733
"soraia";27,196;-3,717;-1,152;-3,076
"sociologia";7,299;-3,717;-1,152;0,084
"sobrar";-0,264;0,265;-1,024;0,354
"sobrancelha";-0,983;-1,652;-0,512;6,074
"sobra";-0,422;-0,213;4,329;-0,153
"simplicidade";-2,212;10,265;-1,152;-1,15
"sentença";-1,967;-1,082;46,149;-5,271
"senora";27,196;-3,717;-1,152;-3,076
"seguida";0,035;1,009;0;-1,15
"school";20,35;-2,064;-0,64;-3,294
"saudação";15,44;-0,069;-1,024;-5,271
"santificação";-1,967;13,143;-1,024;-2,475
"réu";-0,422;-3,717;4,329;0,944
"rota";-2,212;-3,717;4,329;2,733
"ronaldinho";-1,229;-2,064;-0,64;7,593
"rito";1,596;-3,304;-1,024;1,736
"revestir";-2,212;21,809;-1,152;-5,93
"restante";9,246;-3,304;0,011;-0,723
"resgate";-1,721;10,806;-0,896;-1,89
"requisito";6,19;-2,891;-0,896;0,029
"repú";36,637;-3,717;-1,152;-5,93
"reputação";-0,422;-3,717;1,059;2,733
"renunciar";-1,967;4,286;1,484;-2,475
"renata";-0,035;-2,477;-0,768;4,77
"redenção";-1,967;19,385;-1,024;-5,271
"recuperação";19,16;-3,717;-1,152;-1,15
"recomposição";23,212;-3,304;-1,024;-2,475
"rebaixar";-0,737;7,268;-0,384;-1,976
"reabrir";19,16;-1,427;-1,152;-3,076
"question";0,07;-1,652;-0,512;2,081
"queda";-0,422;-1,427;-1,152;5,45
"promotor";1,596;-1,082;1,484;-0,723
"profissionalizante";27,196;-3,717;-1,152;-3,076
"professar";-2,212;1,009;0;0,084
"priorizar";27,196;-3,717;-1,152;-3,076
"praga";-1,967;8,11;-1,024;-0,723
"posteriormente";3,474;-0,213;0;-1,15
"possibilitar";12,527;-3,717;0;-1,15
"pib";1,596;-3,304;-1,024;1,736
"pescoço";-1,721;0,63;2,066;-0,363
"persistir";-0,422;3,019;-1,152;-0,153
"perseverança";-1,721;0,63;-0,896;0,889
"performance";4,632;-1,082;-1,024;-0,016
"perfeitamente";3,474;-0,213;1,059;-3,076
"percepção";7,719;-0,034;-0,512;-2,635
"pedagogo";-0,422;-1,427;0;2,733
"patrimonial";36,637;-3,717;-1,152;-5,93
"pass";4,632;-0,069;0,011;-2,475
"parâmetro";15,44;-1,082;-1,024;-2,475
"parcialidade";-2,212;-3,717;70,363;-5,93
"pacto";9,246;-0,069;-1,024;-2,475
"pacificação";1,053;-3,717;1,059;0,084
"pa";0,346;-0,001;0,06;-0,363
"ortega";-2,212;-3,717;39,51;-1,15
"ofendido";-1,967;-0,069;-1,024;4,163
"ocupado";0,035;-1,427;-1,152;2,733
"nieto";36,637;-3,717;-1,152;-5,93
"ner";36,637;-3,717;-1,152;-5,93
"neném";-1,721;-2,891;-0,896;10,631
"necessariamente";0,702;-2,477;-0,768;1,822
"naturalmente";0,035;-1,427;-1,152;2,733
"namorar";-2,212;-0,213;0;2,733
"mor";-0,264;-3,304;20,823;-0,723
"montanha";-1,967;-0,069;-1,024;4,163
"modalidade";19,16;-3,717;-1,152;-1,15
"miserável";-0,264;0,265;0,011;-0,016
"miona";28,493;-2,891;-0,896;-4,612
"ministrações";-2,212;10,265;-1,152;-1,15
"metal";7,299;-3,717;-1,152;0,084
"men";4,175;0,025;-0,384;-1,976
"meme";-1,967;-3,304;0,011;7,634
"matrix";-1,475;-2,477;-0,768;9,112
"marxista";-2,212;-1,427;-1,152;9,095
"margem";0,346;-0,001;-0,896;0,029
"maldição";-0,422;15,499;-1,152;-5,93
"majestade";-2,212;21,809;-1,152;-5,93
"magro";-1,967;-3,304;32,243;-0,723
"ló";-1,967;13,143;-1,024;-2,475
"leviano";9,246;-3,304;0,011;-0,723
"letícia";-0,983;-0,034;0,742;0,177
"km";-1,967;-3,304;-1,024;12,15
"kisai";36,637;-3,717;-1,152;-5,93
"jorginho";-2,212;-1,427;53,831;-5,93
"jingle";-0,737;0,025;-0,384;0,911
"italiano";-2,212;0,074;-1,152;2,733
"ismael";36,637;-3,717;-1,152;-5,93
"irã";-1,721;-0,755;6,914;0,029
"intervir";0,035;3,019;0;-3,076
"interferência";0,141;-3,304;32,243;-5,271
"interação";15,44;-1,082;-1,024;-2,475
"institucionalizar";-0,264;-3,304;5,444;0,354
"institucional";7,299;-3,717;1,059;-1,15
"inovação";11,82;-2,891;-0,896;-0,363
"infeliz";-0,131;-0,755;14,603;-1,89
"indy";-2,212;-3,717;-1,152;13,669
"industrial";19,16;-1,427;-1,152;-3,076
"independentemente";-0,422;-3,717;4,329;0,944
"incrivelmente";-2,212;-1,427;0;5,45
"inconstitucional";19,16;-3,717;1,059;-5,93
"incapaz";-0,264;-1,082;-1,024;4,163
"imprimir";-1,967;-1,082;1,484;1,736
"imoralidade";0,035;0,074;0;-0,153
"híbrido";28,493;-2,891;-0,896;-4,612
"humilhação";-2,212;1,009;0;0,084
"hostil";1,053;-3,717;-1,152;2,733
"hom";9,246;-0,069;-1,024;-2,475
"hollywood";-2,212;-1,427;0;5,45
"hipótese";-0,264;-0,069;0,011;0,354
"helicóptero";-2,212;-3,717;0;9,095
"habitante";-0,422;-0,213;1,059;0,084
"grandioso";-0,422;10,265;0;-5,93
"gospel";-1,967;0,265;1,484;-0,016
"gomorra";-1,967;19,385;-1,024;-5,271
"gilberto";-0,422;-1,427;39,51;-5,93
"gestação";-1,229;-2,064;11,772;0
"g1";-1,967;-3,304;0,011;7,634
"fábio";-0,264;-3,304;-1,024;7,634
"fuad";-0,983;-1,652;-0,512;6,074
"frágil";-0,422;-0,213;-1,152;2,733
"fraudar";-0,264;-3,304;32,243;-2,475
"formato";-2,212;-1,427;0;5,45
"fo";7,299;-3,717;1,059;-1,15
"flora";-1,721;-0,001;-0,896;2,942
"fixo";0,035;0,074;1,059;-1,15
"firmar";3,474;1,009;0;-5,93
"financeiramente";-0,422;6,105;0;-3,076
"fevereiro";2,366;-2,891;-0,896;0,889
"ferro";-0,983;-0,034;16,119;-2,635
"ferido";0,035;6,105;-1,152;-3,076
"fenômeno";-0,264;-1,082;-1,024;4,163
"favoravelmente";36,637;-3,717;-1,152;-5,93
"extremismo";0,346;-0,755;2,066;-0,363
"extinto";32,565;-3,304;-1,024;-5,271
"expansão";23,212;-3,304;-1,024;-2,475
"exaurir";32,565;-3,304;-1,024;-5,271
"estímulo";32,565;-3,304;-1,024;-5,271
"estatuto";12,527;-1,427;1,059;-5,93
"escroto";-1,967;-3,304;-1,024;12,15
"escada";11,82;-0,755;-0,896;-1,89
"equidade";36,637;-3,717;-1,152;-5,93
"envio";-1,475;1,253;0,169;-0,102
"entristecer";-2,212;15,499;-1,152;-3,076
"enfrentamento";27,196;-1,427;-1,152;-5,93
"empurrar";0,035;-1,427;1,059;0,084
"eliminar";-2,212;0,074;0;0,944
"elevar";-0,264;-0,069;-1,024;1,736
"elaboração";36,637;-3,717;-1,152;-5,93
"eficácia";-0,264;4,286;-1,024;-0,723
"edital";19,254;-2,891;-0,896;-1,89
"déficit";7,299;-3,717;9,808;-5,93
"duda";3,474;-1,427;0;-0,153
"dominical";-2,212;-0,213;-1,152;5,45
"distribuição";4,632;-3,304;0,011;-0,016
"disseminar";3,474;-3,717;1,059;-0,153
"dirceu";0,035;-3,717;9,808;-0,153
"despertamento";-1,967;19,385;-1,024;-5,271
"desconstruir";-0,131;2,64;-0,896;-0,363
"desconhecido";-0,422;6,105;-1,152;-1,15
"descartável";-1,967;-3,304;-1,024;12,15
"descarado";1,596;-3,304;-1,024;1,736
"desarmamento";-0,131;-2,891;25,135;-1,89
"dengue";-1,967;-3,304;5,444;1,736
"demonstração";1,053;0,074;-1,152;-0,153
"danilo";1,053;-1,427;-1,152;0,944
"cálculo";19,16;-3,717;-1,152;-1,15
"cuspir";-1,721;-2,891;2,066;2,942
"culpar";-1,721;-0,755;2,066;0,889
"cueca";-2,212;-3,717;53,831;-3,076
"cristiano";-1,721;-0,755;-0,896;6,19
"coroar";-0,983;9,691;-0,512;-2,635
"coro";0;0,281;0,373;-0,811
"contramão";2,366;0,63;-0,896;-1,89
"confissão";0,035;6,105;0;-5,93
"configurar";3,474;-3,717;17,498;-5,93
"conectividade";9,246;-1,082;-1,024;-0,723
"condomínio";0,141;-3,304;11,89;-0,723
"companhia";-2,212;-0,213;9,808;-0,153
"comerciante";-0,264;-0,069;-1,024;1,736
"colocação";15,44;-1,082;-1,024;-2,475
"colaboração";32,565;-3,304;-1,024;-5,271
"cláudio";2,366;2,64;-0,896;-4,612
"clube";1,596;-3,304;-1,024;1,736
"clt";-0,264;-3,304;-1,024;7,634
"cicatriz";-1,967;13,143;0,011;-5,271
"chico";1,053;-3,717;0;0,944
"charlie";-1,475;-0,457;0,169;1,822
"certificado";0,141;-3,304;-1,024;4,163
"celebração";-0,264;0,265;-1,024;0,354
"casto";-1,967;13,143;-1,024;-2,475
"caricato";1,596;-3,304;0,011;0,354
"capturar";-0,264;0,265;5,444;-2,475
"capitalista";0,07;-1,652;-0,512;2,081
"capeta";-2,212;-0,213;0;2,733
"campino";-1,967;-0,069;5,444;-0,016
"campeão";-0,131;-2,891;2,066;0,889
"calça";-1,475;-2,477;-0,768;9,112
"cabral";-2,212;-3,717;70,363;-5,93
"ca";0,035;-0,213;0;0,084
"botão";6,19;-2,891;-0,896;0,029
"bora";0,035;-3,717;0;2,733
"bonner";-2,212;-3,717;-1,152;13,669
"bonfim";27,196;-3,717;-1,152;-3,076
"boletim";-2,212;-3,717;1,059;5,45
"barco";-2,212;0,074;-1,152;2,733
"barcelona";-0,737;-1,239;1,443;0,911
"baleia";-0,264;-3,304;32,243;-2,475
"autoritário";4,632;-3,304;0,011;-0,016
"atirar";-2,212;-1,427;27,399;-1,15
"ateu";-1,475;0,049;0,169;0,265
"assédio";0,141;-3,304;1,484;0,354
"arriscar";-1,721;-0,755;-0,896;6,19
"arquivar";0,141;-3,304;20,823;-2,475
"aprovado";36,637;-3,717;-1,152;-5,93
"apropriar";1,596;-3,304;-1,024;1,736
"apreender";9,246;-3,304;1,484;-2,475
"apreciação";36,637;-3,717;-1,152;-5,93
"aperfeiçoar";0,035;6,105;-1,152;-3,076
"apelar";12,527;-3,717;4,329;-5,93
"anão";-1,967;-1,082;-1,024;7,634
"anticristo";-2,212;3,019;-1,152;0,084
"amnésia";-1,967;-1,082;5,444;0,354
"am";0,035;10,265;-1,152;-5,93
"alemanha";-0,264;-3,304;0,011;4,163
"afundar";-2,212;10,265;0;-3,076
"acordado";7,299;0,074;-1,152;-3,076
"abusar";-1,721;-0,001;6,914;-0,363
"absurdamente";-2,212;-1,427;1,059;2,733
"abandono";19,16;-3,717;0;-3,076
"ab";1,053;0,074;-1,152;-0,153
"ânimo";0,141;-0,069;-1,024;0,354
"ávila";-1,967;-3,304;-1,024;12,15
"zuir";32,565;-3,304;-1,024;-5,271
"zelo";-0,131;6,032;-0,896;-1,89
"zelar";-0,264;1,671;1,484;-2,475
"volume";9,246;-0,069;0,011;-5,271
"viável";4,632;-3,304;0,011;-0,016
"vitorioso";-0,264;13,143;-1,024;-5,271
"visual";-0,035;-0,457;-0,768;1,822
"virtual";0,346;-0,001;0,06;-0,363
"videira";-1,721;16,961;-0,896;-4,612
"viabilizar";9,246;-3,304;-1,024;-0,016
"vero";28,493;-2,891;-0,896;-4,612
"vendido";-0,035;0,049;-0,768;0,265
"veem";-0,264;-0,069;1,484;-0,016
"vantagem";-1,721;-0,001;-0,896;2,942
"vandalismo";-1,967;-3,304;62,542;-5,271
"van";0,141;-1,082;0,011;0,354
"uno";1,596;-1,082;-1,024;0,354
"tópico";2,366;-0,001;-0,896;-0,363
"tumulto";1,298;-2,064;4,083;-0,811
"trouxa";-0,035;-2,477;-0,768;4,77
"tropeço";-1,229;2,291;-0,64;0
"trindade";-1,475;8,497;-0,768;-1,331
"trigo";-0,264;4,286;-1,024;-0,723
"trator";-1,475;-2,477;2,885;1,822
"traidor";-1,967;-0,069;5,444;-0,016
"tpm";-1,721;-2,891;38,508;-1,89
"tolerar";0,702;-2,477;-0,768;1,822
"teórico";-0,131;-0,755;0,06;0,889
"telemático";-1,229;-2,064;39,084;-3,294
"telefone";-1,967;-3,304;0,011;7,634
"tarifa";-0,131;-2,891;-0,896;6,19
"talita";-1,721;10,806;-0,896;-1,89
"tabela";23,212;-3,304;-1,024;-2,475
"sírio";-1,475;8,497;-0,768;-1,331
"suprimir";1,596;-3,304;-1,024;1,736
"suplementar";15,333;-2,477;-0,768;-1,331
"submissão";0,702;-0,457;-0,768;0,265
"souza";2,366;-2,891;-0,896;0,889
"soltura";2,366;-2,891;14,603;-4,612
"sodoma";-1,721;16,961;-0,896;-4,612
"sobrenome";0,346;-0,755;2,066;-0,363
"sino";-0,264;-1,082;-1,024;4,163
"sancionar";0,141;-3,304;32,243;-5,271
"salaber";32,565;-3,304;-1,024;-5,271
"réplica";11,82;-2,891;0,06;-1,89
"ronaldo";-1,475;-2,477;-0,768;9,112
"rombo";-0,264;-3,304;46,149;-5,271
"roger";-1,967;-3,304;-1,024;12,15
"ridicularizar";-1,721;-2,891;0,06;6,19
"revoltado";-0,131;-0,001;-0,896;0,889
"revista";-1,967;-0,069;-1,024;4,163
"retrógrado";0;-0,206;-0,64;0,86
"reter";-1,721;-2,891;-0,896;10,631
"restrito";15,44;-1,082;0,011;-5,271
"respaldo";6,19;-0,001;-0,896;-1,89
"repórter";-1,721;-0,755;6,914;0,029
"repreendemos";-1,229;12,114;-0,64;-3,294
"repartir";0,346;6,032;-0,896;-4,612
"renovação";-0,264;4,286;-1,024;-0,723
"relógio";-1,475;4,069;-0,768;-0,102
"reimond";32,565;-3,304;-1,024;-5,271
"regar";-1,475;8,497;-0,768;-1,331
"reformar";0,141;0,265;0,011;-0,723
"rechaçar";6,19;-2,891;-0,896;0,029
"recepcionar";11,82;-0,755;0,06;-4,612
"receio";-1,721;-2,891;6,914;0,889
"rebanho";-1,721;16,961;-0,896;-4,612
"rampa";-0,264;-3,304;32,243;-2,475
"raciocínio";0,141;-3,304;-1,024;4,163
"quintil";24,421;-2,477;-0,768;-3,953
"queima";-0,264;4,286;0,011;-2,475
"purificação";-1,967;19,385;-1,024;-5,271
"pulso";-1,229;-2,064;23,439;-0,811
"psicologia";3,473;-0,457;-0,768;-0,102
"próspero";-0,264;1,671;0,011;-0,723
"proporcional";0,141;-3,304;5,444;-0,016
"propina";-0,264;-3,304;20,823;-0,723
"pronunciar";-1,229;-2,064;0,373;3,391
"proletariado";-0,264;-3,304;-1,024;7,634
"pres";28,493;-2,891;-0,896;-4,612
"preparo";-1,721;6,032;0,06;-1,89
"prego";-1,967;13,143;-1,024;-2,475
"posts";-1,967;-3,304;5,444;1,736
"plenamente";0,141;4,286;0,011;-5,271
"piloto";-0,983;-1,652;5,944;0,177
"penar";28,493;-2,891;-0,896;-4,612
"patriotismo";-0,131;-0,755;-0,896;2,942
"pará";0,346;-0,001;0,06;-0,363
"parcial";-0,131;-2,891;14,603;-0,363
"par";4,632;-1,082;0,011;-0,723
"panela";-1,475;-0,457;-0,768;4,77
"palestrante";8,351;-0,457;-0,768;-1,331
"outono";-0,264;-3,304;-1,024;7,634
"omitir";-1,967;-0,069;-1,024;4,163
"ol";-0,264;-0,069;1,484;-0,016
"nó";0,141;-0,069;0,011;-0,016
"net";-1,967;0,265;-1,024;1,736
"nelson";-1,967;-3,304;5,444;1,736
"nariz";-1,475;1,253;0,169;-0,102
"nabuco";-1,721;6,032;-0,896;-0,363
"moralista";-1,721;-0,755;0,06;2,942
"mirar";-1,967;-0,069;0,011;1,736
"mirabolante";-1,721;-0,755;0,06;2,942
"ministerial";-1,721;0,63;-0,896;0,889
"medicamento";1,298;-2,064;4,083;-0,811
"mc";-1,967;-3,304;0,011;7,634
"matricular";32,565;-3,304;-1,024;-5,271
"marília";-0,035;-2,477;-0,768;4,77
"marielle";-0,035;-2,477;18,264;-1,331
"mapa";1,596;-1,082;-1,024;0,354
"maconheiro";-0,264;-3,304;-1,024;7,634
"macho";0;-0,206;-0,64;0,86
"machismo";-0,131;-2,891;14,603;-0,363
"luí";1,596;-1,082;11,89;-5,271
"luther";-1,967;-3,304;-1,024;12,15
"lu";2,366;-2,891;-0,896;0,889
"liv";4,632;0,265;-1,024;-2,475
"literacia";28,493;-2,891;-0,896;-4,612
"lewis";-1,721;-0,001;-0,896;2,942
"levantado";-1,475;8,497;0,169;-3,953
"leito";-0,131;-0,755;0,06;0,889
"leandro";-1,721;-0,755;2,066;0,889
"ld";28,493;-2,891;-0,896;-4,612
"latrocínio";-1,967;-3,304;62,542;-5,271
"lata";-0,264;-3,304;-1,024;7,634
"laranja";-1,721;-2,891;-0,896;10,631
"junta";-0,131;0,63;-0,896;0,029
"jamila";24,421;-2,477;-0,768;-3,953
"jairo";-1,967;19,385;-1,024;-5,271
"isonomia";4,632;-3,304;0,011;-0,016
"irregularidade";0,702;-2,477;8,917;-1,331
"iof";-0,131;-2,891;38,508;-4,612
"instalação";9,246;-3,304;1,484;-2,475
"inss";1,596;-3,304;5,444;-0,723
"inserir";4,632;0,265;0,011;-5,271
"infiltrar";-0,264;-0,069;-1,024;1,736
"induzir";0,346;-2,891;2,066;0,029
"indeferir";15,44;-3,304;1,484;-5,271
"indagação";0,702;4,069;-0,768;-3,953
"incomodado";-0,264;-1,082;0,011;1,736
"inabalável";-1,967;19,385;-1,024;-5,271
"impossibilitar";9,246;-3,304;1,484;-2,475
"ignorante";-1,721;-2,891;2,066;2,942
"humor";-1,967;-3,304;0,011;7,634
"hierarquia";-0,131;-0,001;0,06;0,029
"gravidez";0,346;-2,891;-0,896;2,942
"grau";9,246;-3,304;1,484;-2,475
"gramishismo";-1,475;-2,477;-0,768;9,112
"go";-0,737;-1,239;-0,384;4,555
"glauber";-1,967;-3,304;20,823;-0,016
"geraldo";23,212;-3,304;-1,024;-2,475
"funil";-1,475;-2,477;-0,768;9,112
"frango";-1,967;-1,082;1,484;1,736
"fotografia";-0,035;-2,477;-0,768;4,77
"forjar";-1,721;16,961;-0,896;-4,612
"fluência";28,493;-2,891;-0,896;-4,612
"floresta";-0,737;0,025;-0,384;0,911
"faraó";-1,475;14,538;-0,768;-3,953
"fama";-1,967;4,286;0,011;-0,723
"falho";-0,264;1,671;-1,024;-0,016
"estudioso";-0,131;0,63;0,06;-0,363
"estreito";-1,721;6,032;0,06;-1,89
"estacionamento";-1,475;-2,477;30,926;-1,331
"esquina";-1,721;-0,755;-0,896;6,19
"espinho";-1,721;6,032;-0,896;-0,363
"especificar";28,493;-2,891;-0,896;-4,612
"especializado";23,212;-1,082;-1,024;-5,271
"escrúpulo";-1,721;-2,891;-0,896;10,631
"equivalente";24,421;-2,477;-0,768;-3,953
"entrevistador";-1,967;-1,082;0,011;4,163
"enterrar";-1,967;1,671;1,484;-0,723
"engenheiro";-0,131;-0,001;0,06;0,029
"engajar";-0,264;-1,082;5,444;-0,016
"enchente";-0,264;-3,304;0,011;4,163
"emílio";-1,967;-3,304;0,011;7,634
"empenho";0,346;0,63;0,06;-1,89
"empatia";-1,967;-3,304;5,444;1,736
"emergência";24,421;-2,477;-0,768;-3,953
"emendar";-1,967;19,385;-1,024;-5,271
"embalagem";-0,264;-1,082;0,011;1,736
"embaixada";-1,967;-3,304;5,444;1,736
"eita";-1,721;0,63;-0,896;0,889
"ego";-1,967;-0,069;1,484;0,354
"edésio";-1,967;19,385;-1,024;-5,271
"doutrinário";15,44;-3,304;-1,024;-0,723
"dossiê";-1,721;-2,891;-0,896;10,631
"dose";-1,229;-0,206;-0,64;3,391
"dobrado";-1,967;19,385;-1,024;-5,271
"dna";-1,721;2,64;0,06;-0,363
"distrair";-1,967;19,385;-1,024;-5,271
"dis";0,141;8,11;-1,024;-5,271
"diretório";6,19;-2,891;0,06;-0,363
"dificultar";6,19;-2,891;0,06;-0,363
"devidamente";9,246;-3,304;5,444;-5,271
"despencar";-0,131;-2,891;6,914;0,029
"despedir";-1,967;19,385;-1,024;-5,271
"desonestidade";1,596;-0,069;1,484;-2,475
"desmentir";-1,721;-2,891;25,135;-0,363
"designar";-0,131;2,64;0,06;-1,89
"descumprir";-0,131;-0,755;2,066;0,029
"descrição";-0,264;-1,082;-1,024;4,163
"depredação";-1,967;-3,304;32,243;-0,723
"dep";32,565;-3,304;-1,024;-5,271
"demoníaco";-1,967;8,11;-1,024;-0,723
"demo";-0,264;-0,069;0,011;0,354
"del";1,298;-2,064;-0,64;0,86
"deitado";-1,967;0,265;-1,024;1,736
"decepcionado";-1,967;-3,304;1,484;4,163
"dea";-0,264;0,265;1,484;-0,723
"daniela";-1,967;-3,304;5,444;1,736
"cúmplice";-1,967;-3,304;5,444;1,736
"cruel";0,141;-1,082;0,011;0,354
"crucial";2,366;0,63;-0,896;-1,89
"cpec";-1,967;-1,082;-1,024;7,634
"cotidiano";24,421;-2,477;-0,768;-3,953
"cortina";-0,264;-1,082;-1,024;4,163
"coordenar";0,141;-3,304;32,243;-5,271
"consolo";-1,721;16,961;-0,896;-4,612
"confuso";0,141;8,11;-1,024;-5,271
"comunicado";8,351;-0,457;-0,768;-1,331
"comprometido";0,346;-0,001;0,06;-0,363
"composto";1,596;-3,304;-1,024;1,736
"complexidade";1,596;-3,304;1,484;-0,016
"comparativo";2,366;-2,891;-0,896;0,889
"colmeia";-1,967;-3,304;46,149;-2,475
"colaborar";11,82;-0,001;-0,896;-4,612
"cobra";2,366;-2,891;-0,896;0,889
"cobertura";-1,967;0,265;11,89;-2,475
"cm";-0,035;-2,477;-0,768;4,77
"clesão";-1,475;-2,477;46,903;-3,953
"citado";23,212;-3,304;-1,024;-2,475
"circo";-1,721;-2,891;2,066;2,942
"cinto";0;-2,064;-0,64;3,391
"chá";-1,475;-0,457;-0,768;4,77
"chute";-1,721;-2,891;6,914;0,889
"churrasco";-1,721;-0,755;0,06;2,942
"chocolate";-1,967;-1,082;-1,024;7,634
"cd";-1,721;2,64;-0,896;0,029
"caça";-0,264;-3,304;20,823;-0,723
"cauterizado";-1,967;-3,304;-1,024;12,15
"casca";-1,721;0,63;-0,896;0,889
"carrinho";-0,737;-1,239;1,443;0,911
"carla";15,44;-1,082;-1,024;-2,475
"capacete";-1,721;-0,001;6,914;-0,363
"cap";4,632;-0,069;0,011;-2,475
"canetada";1,596;-3,304;0,011;0,354
"canadá";-0,131;2,64;-0,896;-0,363
"cana";-0,737;0,025;1,443;-0,051
"campanholo";-0,131;-0,755;-0,896;2,942
"camada";-1,967;-0,069;0,011;1,736
"cabuloso";-1,721;-2,891;14,603;0,029
"burocrático";-0,131;-2,891;-0,896;6,19
"box";0,07;-1,652;-0,512;2,081
"boneco";-0,035;-2,477;2,885;0,265
"bombeiro";9,246;-3,304;0,011;-0,723
"blindado";0,141;-0,069;0,011;-0,016
"biblicamente";-0,264;8,11;-1,024;-2,475
"bernardo";-0,131;-2,891;0,06;2,942
"bagunça";-0,131;-0,001;0,06;0,029
"aço";-1,229;6,235;0,373;-3,294
"aventurar";-1,967;13,143;0,011;-5,271
"atrito";-0,264;-0,069;0,011;0,354
"atormentar";-0,264;4,286;0,011;-2,475
"asilo";-1,721;-0,755;0,06;2,942
"artur";9,246;-1,082;0,011;-2,475
"artificial";-1,721;-2,891;-0,896;10,631
"arrotar";-1,721;-2,891;0,06;6,19
"arrepio";-1,721;2,64;0,06;-0,363
"arder";-1,475;14,538;-0,768;-3,953
"apurado";0,141;-1,082;5,444;-0,723
"aposentadoria";0,141;-3,304;32,243;-5,271
"apologia";-0,264;-1,082;11,89;-0,723
"apedrejado";-1,721;2,64;-0,896;0,029
"anônimo";-1,721;2,64;2,066;-1,89
"antecessor";2,366;-2,891;0,06;0,029
"anexo";23,212;-3,304;-1,024;-2,475
"amaleque";-0,983;4,054;-0,512;-0,362
"alugar";-0,264;-1,082;-1,024;4,163
"aline";-0,131;-2,891;2,066;0,889
"aliar";-1,967;-0,069;5,444;-0,016
"alexander";-1,967;-0,069;-1,024;4,163
"alcântara";-0,264;0,265;-1,024;0,354
"ajustar";15,44;-1,082;-1,024;-2,475
"agregar";0,141;-3,304;-1,024;4,163
"agradecimento";4,632;-0,069;0,011;-2,475
"afirmação";2,366;-0,755;0,06;-0,363
"afim";-1,967;-0,069;0,011;1,736
"adão";-1,967;0,265;-1,024;1,736
"adultério";-1,475;1,253;0,169;-0,102
"adolescência";-1,967;0,265;-1,024;1,736
"adicionar";9,246;-3,304;1,484;-2,475
"acumular";9,246;0,265;-1,024;-5,271
"acolhimento";32,565;-3,304;-1,024;-5,271
"aborrecer";-1,229;12,114;-0,64;-3,294
"abordagem";15,44;-3,304;-1,024;-0,723
"aberração";-0,035;-2,477;-0,768;4,77
"ênfase";0,346;6,032;-0,896;-4,612
"álvaro";-1,475;14,538;-0,768;-3,953
"álcool";-1,475;-0,457;-0,768;4,77
"xuxa";-1,229;-2,064;11,772;0
"xadrez";-1,475;-2,477;-0,768;9,112
"vândalo";-1,721;-2,891;54,722;-4,612
"voltado";11,82;-2,891;-0,896;-0,363
"vocabulário";3,473;-0,457;0,169;-1,331
"vitor";-0,035;1,253;-0,768;-0,102
"virgem";-1,721;6,032;0,06;-1,89
"virado";0;2,291;-0,64;-0,811
"vingar";-1,475;-2,477;0,169;4,77
"vilão";-0,737;-1,239;-0,384;4,555
"varão";-0,737;-1,239;-0,384;4,555
"varanda";-1,475;14,538;-0,768;-3,953
"usuário";-0,131;-0,755;-0,896;2,942
"tábua";-0,131;0,63;-0,896;0,029
"tutelar";-0,131;-2,891;-0,896;6,19
"trágico";-1,721;-0,001;25,135;-4,612
"tropeçar";-1,721;16,961;-0,896;-4,612
"triângulo";-0,983;-1,652;0,742;2,081
"trama";-1,475;-2,477;30,926;-1,331
"traição";-1,721;0,63;-0,896;0,889
"tradução";0,346;6,032;-0,896;-4,612
"torturador";-1,721;-2,891;25,135;-0,363
"ton";11,82;-2,891;-0,896;-0,363
"tolerante";-0,035;-2,477;0,169;1,822
"tocantins";-1,475;4,069;0,169;-1,331
"tirânico";-1,721;-0,755;14,603;-0,363
"tartaruga";-1,229;-2,064;0,373;3,391
"taradão";-1,721;-2,891;0,06;6,19
"tacando";-1,721;-2,891;0,06;6,19
"suspeita";0,346;-0,755;6,914;-1,89
"surpreso";-1,229;-0,206;-0,64;3,391
"sudeste";2,366;-0,001;-0,896;-0,363
"subsequente";-1,229;-2,064;-0,64;7,593
"suave";-1,475;4,069;-0,768;-0,102
"soljenítsin";-1,721;-0,001;-0,896;2,942
"solidarizar";0,346;-2,891;25,135;-4,612
"significativo";2,366;0,63;-0,896;-1,89
"severo";-0,131;-2,891;14,603;-0,363
"sermão";-1,475;14,538;-0,768;-3,953
"seguido";-1,721;-0,755;6,914;0,029
"segar";19,254;-0,755;-0,896;-4,612
"sedento";-1,721;10,806;-0,896;-1,89
"saquear";-1,721;-0,001;14,603;-1,89
"sapato";-1,721;0,63;-0,896;0,889
"samuel";-0,131;10,806;-0,896;-4,612
"salto";6,19;-2,891;-0,896;0,029
"saltar";-0,131;2,64;0,06;-1,89
"salmista";-1,721;16,961;-0,896;-4,612
"rural";3,473;-2,477;-0,768;0,265
"rugir";-1,475;8,497;-0,768;-1,331
"rotular";-0,983;-1,652;16,119;-0,362
"rotina";-1,721;-0,755;-0,896;6,19
"roteiro";-1,721;-0,001;14,603;-1,89
"rol";24,421;-2,477;-0,768;-3,953
"rogar";-0,131;0,63;2,066;-1,89
"rock";-1,475;4,069;-0,768;-0,102
"robusto";19,254;-2,891;-0,896;-1,89
"roberto";-1,475;-0,457;0,169;1,822
"retrospectivo";-1,721;6,032;0,06;-1,89
"retrocesso";3,473;-2,477;-0,768;0,265
"restringir";15,333;-2,477;-0,768;-1,331
"restabelecer";6,19;-0,755;-0,896;-0,363
"ressalvar";16,28;-1,652;-0,512;-2,635
"reprovado";-0,035;-2,477;-0,768;4,77
"remanescente";8,351;0,049;-0,768;-3,953
"relativo";0,346;-2,891;-0,896;2,942
"regulatório";28,493;-2,891;-0,896;-4,612
"reginaldo";19,254;-0,755;-0,896;-4,612
"refrescar";-1,721;-0,755;38,508;-4,612
"redimir";-1,475;4,069;0,169;-1,331
"rebelde";-1,721;6,032;-0,896;-0,363
"rebeca";-0,983;-0,034;-0,512;2,081
"quilo";-1,721;-2,891;0,06;6,19
"púlpito";-1,721;6,032;-0,896;-0,363
"pulo";0;0,281;0,373;-0,811
"pudim";-1,721;-2,891;-0,896;10,631
"psiquiatra";0;0,281;-0,64;0
"provisão";-1,475;8,497;-0,768;-1,331
"proponente";28,493;-2,891;-0,896;-4,612
"prontamente";0,346;-0,001;0,06;-0,363
"progressivo";-1,721;-2,891;-0,896;10,631
"programação";-0,131;-0,755;0,06;0,889
"profundidade";-1,721;0,63;-0,896;0,889
"produtivo";2,366;-0,755;-0,896;0,029
"produtividade";-0,131;-2,891;2,066;0,889
"problemático";19,254;-0,755;-0,896;-4,612
"primordial";2,366;-0,755;-0,896;0,029
"preparado";-0,131;-0,755;0,06;0,889
"potencializar";-1,475;0,049;0,169;0,265
"pontualmente";-0,131;10,806;-0,896;-4,612
"ponderar";28,493;-2,891;-0,896;-4,612
"pomba";-1,229;-2,064;-0,64;7,593
"pms";-0,131;-0,001;2,066;-0,363
"pluralidade";28,493;-2,891;-0,896;-4,612
"pipocar";-1,721;-2,891;2,066;2,942
"pics";-1,721;-2,891;0,06;6,19
"piauí";2,366;-0,755;0,06;-0,363
"pi";-0,737;-1,239;1,443;0,911
"pessol";2,366;-2,891;2,066;-0,363
"pertinente";19,254;-2,891;-0,896;-1,89
"permear";11,473;-2,064;-0,64;-0,811
"perfeição";-1,721;6,032;-0,896;-0,363
"pequenininha";-1,721;0,63;-0,896;0,889
"pelotão";-0,983;-1,652;-0,512;6,074
"pedreiro";-0,983;-0,034;0,742;0,177
"patriota";-1,721;-0,001;6,914;-0,363
"paris";-1,475;-0,457;-0,768;4,77
"pantanal";-0,131;-2,891;25,135;-1,89
"pan";-0,737;-1,239;-0,384;4,555
"ouvinte";-1,475;0,049;-0,768;1,822
"orgulhoso";-0,131;-0,755;0,06;0,889
"optar";6,19;-2,891;0,06;-0,363
"oprimir";-1,721;-0,001;-0,896;2,942
"opressão";-0,131;0,63;0,06;-0,363
"oliveira";11,82;-0,001;-0,896;-4,612
"ofertar";19,254;-2,891;-0,896;-1,89
"oceano";-0,983;-1,652;-0,512;6,074
"ocasião";0,702;-0,457;0,169;-0,102
"normativo";28,493;-2,891;-0,896;-4,612
"nicole";0,346;-2,891;-0,896;2,942
"negação";-0,035;-2,477;-0,768;4,77
"navio";-1,721;-0,001;-0,896;2,942
"narrar";-1,475;-0,457;-0,768;4,77
"nadar";-1,229;-2,064;-0,64;7,593
"museu";-1,475;0,049;-0,768;1,822
"moravianos";-1,229;-0,206;-0,64;3,391
"moderado";-1,475;-2,477;-0,768;9,112
"modelar";0,346;-0,755;-0,896;0,889
"mira";-0,131;-0,755;2,066;0,029
"mini";-1,475;-2,477;-0,768;9,112
"melhorado";19,254;-2,891;-0,896;-1,89
"materno";0;2,291;-0,64;-0,811
"massacre";2,366;-2,891;14,603;-4,612
"martins";-1,721;-0,755;0,06;2,942
"marlene";-1,721;10,806;-0,896;-1,89
"mardoqueu";-0,035;8,497;-0,768;-3,953
"mando";-1,721;-0,001;-0,896;2,942
"maia";-0,131;-2,891;38,508;-4,612
"lírio";-1,475;-0,457;18,264;-1,331
"líquido";-0,035;-0,457;0,169;0,265
"lutador";-1,229;-0,206;4,083;0
"look";-0,737;-1,239;1,443;0,911
"lixar";-1,229;-2,064;0,373;3,391
"lgbtqia";2,315;-0,034;-0,512;-0,362
"leonardo";-1,475;-0,457;0,169;1,822
"legislatura";19,254;-2,891;-0,896;-1,89
"laço";0,346;2,64;-0,896;-1,89
"laico";8,351;-2,477;-0,768;-0,102
"kim";6,19;-2,891;-0,896;0,029
"jóia";-1,721;-0,001;0,06;0,889
"jogada";-0,131;6,032;-0,896;-1,89
"james";-0,983;-1,652;-0,512;6,074
"isaque";-1,721;16,961;-0,896;-4,612
"isa";-0,131;-0,755;-0,896;2,942
"irregular";0,702;-2,477;0,169;0,265
"intimidar";6,19;-0,001;0,06;-4,612
"intermédio";-0,035;8,497;-0,768;-3,953
"intercedemos";-1,721;16,961;-0,896;-4,612
"intelectualmente";0,346;-0,001;-0,896;0,029
"instruir";-0,035;4,069;0,169;-3,953
"instabilidade";-0,131;-2,891;0,06;2,942
"inseto";-1,475;-2,477;0,169;4,77
"insensível";-1,721;0,63;-0,896;0,889
"inicialmente";19,254;-0,755;-0,896;-4,612
"ingresso";11,82;-0,755;-0,896;-1,89
"informal";3,473;-2,477;0,169;-0,102
"infoleg";28,493;-2,891;-0,896;-4,612
"influente";-1,721;-2,891;0,06;6,19
"inep";28,493;-2,891;-0,896;-4,612
"indígena";2,366;-2,891;14,603;-4,612
"indevidamente";19,254;-2,891;0,06;-4,612
"incômodo";-0,035;-0,457;0,169;0,265
"incondicional";-0,131;-0,001;0,06;0,029
"incidente";2,366;-0,755;0,06;-0,363
"impressionado";-0,035;-2,477;0,169;1,822
"imparcialidade";0,346;-2,891;25,135;-4,612
"imitador";-1,229;12,114;-0,64;-3,294
"ilusão";-1,721;0,63;0,06;0,029
"ilegal";0;-2,064;11,772;-0,811
"ifood";-1,229;-2,064;-0,64;7,593
"idilvan";28,493;-2,891;-0,896;-4,612
"hulk";-1,229;-0,206;-0,64;3,391
"homenagem";3,473;-2,477;0,169;-0,102
"holanda";19,254;-0,755;-0,896;-4,612
"historiador";-0,131;-0,001;-0,896;0,889
"histeria";-1,721;-2,891;0,06;6,19
"hadad";8,351;-2,477;-0,768;-0,102
"guedes";-0,131;2,64;-0,896;-0,363
"gravação";1,298;-2,064;0,373;0
"gravata";-1,475;-2,477;-0,768;9,112
"gordo";-0,983;-1,652;0,742;2,081
"genial";-1,229;-2,064;-0,64;7,593
"gang";-0,035;-2,477;2,885;0,265
"galopar";-0,737;-1,239;-0,384;4,555
"galo";-0,035;-2,477;-0,768;4,77
"g20";6,19;-2,891;0,06;-0,363
"fundamento";-0,035;0,049;-0,768;0,265
"fomentar";-1,475;0,049;-0,768;1,822
"firmeza";-0,131;-0,001;-0,896;0,889
"filtro";-1,229;0,281;-0,64;0,86
"fecho";-1,721;16,961;-0,896;-4,612
"favorecer";2,366;-0,755;2,066;-1,89
"facilmente";0;-0,206;-0,64;0,86
"extrapolar";6,19;-2,891;0,06;-0,363
"explícito";0,702;-0,457;0,169;-0,102
"explorar";-0,035;-2,477;-0,768;4,77
"exilar";-1,475;0,049;0,169;0,265
"executor";24,421;-2,477;-0,768;-3,953
"eva";-1,721;-0,755;-0,896;6,19
"estrutural";28,493;-2,891;-0,896;-4,612
"estremecer";-1,721;10,806;-0,896;-1,89
"espontâneo";-1,721;-0,001;0,06;0,889
"especializar";2,366;-0,755;-0,896;0,029
"espantalho";11,473;-2,064;-0,64;-0,811
"escritor";0,346;-0,001;-0,896;0,029
"escravizar";-1,721;-0,755;0,06;2,942
"envelhecer";-1,721;-0,001;0,06;0,889
"enfiar";-0,131;-2,891;2,066;0,889
"encosta";-1,475;-2,477;-0,768;9,112
"empreitada";1,298;2,291;-0,64;-3,294
"emplacar";-0,131;-2,891;6,914;0,029
"empenhado";2,366;-0,755;-0,896;0,029
"emissor";-1,475;-2,477;18,264;-0,102
"elo";-0,035;-0,457;0,169;0,265
"egoísmo";-1,475;1,253;0,169;-0,102
"eficiência";28,493;-2,891;-0,896;-4,612
"educativo";11,82;-0,755;0,06;-4,612
"economicamente";-1,721;-2,891;2,066;2,942
"ecoar";-1,721;6,032;-0,896;-0,363
"duec";28,493;-2,891;-0,896;-4,612
"dobro";3,473;-0,457;0,169;-1,331
"divórcio";-1,475;1,253;-0,768;0,265
"divulgação";2,366;-2,891;-0,896;0,889
"divertir";-1,475;1,253;-0,768;0,265
"ditar";-0,035;-2,477;-0,768;4,77
"distraído";-1,475;8,497;0,169;-3,953
"disfarçado";-1,475;-0,457;8,917;-0,102
"discernimento";-0,131;10,806;-0,896;-4,612
"dificilmente";-1,475;0,049;-0,768;1,822
"df";19,254;-2,891;-0,896;-1,89
"dess";-0,035;-0,457;0,169;0,265
"desonesto";-0,131;-2,891;-0,896;6,19
"desgraçado";-1,475;0,049;0,169;0,265
"desembargador";0;-2,064;23,439;-3,294
"desconsiderar";19,254;-0,755;-0,896;-4,612
"descender";-0,131;-0,001;6,914;-1,89
"desabafo";0,346;-0,755;-0,896;0,889
"departamento";15,333;-2,477;-0,768;-1,331
"denominação";-1,721;16,961;-0,896;-4,612
"demorado";-0,035;-2,477;-0,768;4,77
"democrata";-1,721;-2,891;25,135;-0,363
"deliberação";28,493;-2,891;-0,896;-4,612
"delegar";2,366;-0,001;0,06;-1,89
"degradação";-1,475;-0,457;2,885;0,265
"decorrer";11,82;-0,755;-0,896;-1,89
"debochar";-1,721;-0,755;0,06;2,942
"debochado";-1,721;-2,891;25,135;-0,363
"dce";15,333;-2,477;-0,768;-1,331
"danado";3,473;-0,457;-0,768;-0,102
"cântico";-1,721;16,961;-0,896;-4,612
"cronograma";2,366;-0,755;-0,896;0,029
"cris";8,351;0,049;-0,768;-3,953
"correlação";0;-2,064;0,373;0,86
"corda";-0,131;-0,001;-0,896;0,889
"coordenado";-1,721;-0,755;-0,896;6,19
"cooptar";-1,721;-2,891;-0,896;10,631
"convencido";-1,475;1,253;2,885;-1,331
"contínuo";11,82;-0,755;0,06;-4,612
"contundente";11,82;-0,755;0,06;-4,612
"contraturno";19,254;-2,891;-0,896;-1,89
"contaminar";-0,131;2,64;-0,896;-0,363
"consultoria";28,493;-2,891;-0,896;-4,612
"constranger";-1,475;14,538;-0,768;-3,953
"congregar";-1,721;16,961;-0,896;-4,612
"concessão";6,19;-2,891;-0,896;0,029
"con";6,19;-0,001;-0,896;-1,89
"comício";-1,229;-2,064;-0,64;7,593
"complicar";2,366;-0,755;0,06;-0,363
"compilar";-1,721;-2,891;-0,896;10,631
"compadecer";-1,721;-0,001;2,066;0,029
"comercial";-1,721;-2,891;-0,896;10,631
"colocá";0,702;-0,457;-0,768;0,265
"coaching";-1,721;-0,001;-0,896;2,942
"cloroquina";-1,475;-2,477;0,169;4,77
"classificação";2,315;-1,652;0,742;-0,362
"chopp";-1,475;0,049;-0,768;1,822
"cheirar";-1,721;-0,001;0,06;0,889
"ccj";11,82;-2,891;-0,896;-0,363
"careca";-1,721;-0,755;2,066;0,889
"caratismo";-1,475;-2,477;8,917;0,265
"car";2,366;-2,891;2,066;-0,363
"capacitado";2,366;-0,755;0,06;-0,363
"canalizar";-1,475;4,069;-0,768;-0,102
"caminhão";-1,229;-2,064;-0,64;7,593
"camboja";-1,721;-2,891;2,066;2,942
"calote";0,346;-2,891;25,135;-4,612
"cachaça";-0,035;-2,477;-0,768;4,77
"buscativa";28,493;-2,891;-0,896;-4,612
"bruxo";-1,721;-0,755;2,066;0,889
"braga";-1,721;-2,891;38,508;-1,89
"biologia";6,19;-0,755;0,06;-1,89
"beira";0,346;2,64;-0,896;-1,89
"bandidagem";-0,131;-0,755;25,135;-4,612
"balbúrdia";8,351;-2,477;0,169;-1,331
"avivar";-1,475;14,538;-0,768;-3,953
"autismo";0,702;-2,477;2,885;-0,102
"ausentar";-1,475;0,049;0,169;0,265
"atropelar";-0,131;-0,755;-0,896;2,942
"atribuição";28,493;-2,891;-0,896;-4,612
"ativamente";2,366;-2,891;6,914;-1,89
"assento";19,254;-2,891;-0,896;-1,89
"asa";-1,721;16,961;-0,896;-4,612
"arrependido";-1,721;2,64;0,06;-0,363
"argumentação";-0,131;-2,891;-0,896;6,19
"areia";-1,721;-0,001;-0,896;2,942
"aprofundado";-1,229;-2,064;-0,64;7,593
"apor";-1,475;-2,477;0,169;4,77
"anual";24,421;-2,477;-0,768;-3,953
"animar";-1,721;0,63;-0,896;0,889
"angustiado";-1,721;16,961;-0,896;-4,612
"anel";-1,229;2,291;-0,64;0
"amedrontar";-1,721;-2,891;25,135;-0,363
"alívio";-1,721;16,961;-0,896;-4,612
"alí";8,351;-2,477;-0,768;-0,102
"aluguel";-0,983;-1,652;-0,512;6,074
"almeida";-1,229;-2,064;11,772;0
"alkem";28,493;-2,891;-0,896;-4,612
"alfabetizar";24,421;-2,477;-0,768;-3,953
"alckmin";-0,131;-2,891;-0,896;6,19
"adélio";-1,721;-2,891;25,135;-0,363
"admiração";0,346;0,63;-0,896;-0,363
"ad";6,19;-0,755;0,06;-1,89
"acre";3,473;-0,457;0,169;-1,331
"acomodar";-0,131;6,032;-0,896;-1,89
"acampar";-1,721;6,032;0,06;-1,89
"acampamento";-1,721;-2,891;14,603;0,029
"8it";-1,721;-2,891;54,722;-4,612
"ídolo";-1,475;0,049;-0,768;1,822
"ético";8,351;-0,457;-0,768;-1,331
"wilber";-1,229;-2,064;-0,64;7,593
"weber";-1,475;-2,477;30,926;-1,331
"vínculo";5,122;-2,064;0,373;-0,811
"vácuo";0;-2,064;-0,64;3,391
"viúvo";-1,475;0,049;0,169;0,265
"viviane";-1,475;8,497;-0,768;-1,331
"viração";0,07;-1,652;-0,512;2,081
"violar";8,351;-0,457;0,169;-3,953
"videozinhos";-1,229;-2,064;0,373;3,391
"viciado";-1,229;0,281;-0,64;0,86
"veste";-1,475;14,538;-0,768;-3,953
"verbal";5,122;-0,206;-0,64;-0,811
"vela";-1,229;0,281;0,373;0
"variação";3,473;-0,457;0,169;-1,331
"vangloriar";-1,475;-0,457;18,264;-1,331
"urbano";4,175;-1,239;-0,384;-0,051
"universal";0;-2,064;-0,64;3,391
"ungir";-1,229;12,114;-0,64;-3,294
"un";15,333;-2,477;-0,768;-1,331
"umbigo";-0,035;-0,457;-0,768;1,822
"término";11,473;-2,064;-0,64;-0,811
"tweet";-1,475;-0,457;-0,768;4,77
"turismo";3,473;-0,457;-0,768;-0,102
"trilhar";-0,035;8,497;-0,768;-3,953
"treinamento";3,473;-0,457;0,169;-1,331
"trauma";-1,475;0,049;18,264;-3,953
"trato";0,702;-0,457;-0,768;0,265
"transportar";-0,035;8,497;-0,768;-3,953
"transformador";0,702;4,069;-0,768;-3,953
"transbordar";-1,475;8,497;-0,768;-1,331
"tim";-1,475;0,049;-0,768;1,822
"testa";0;0,281;-0,64;0
"tesoureiro";-1,229;-2,064;39,084;-3,294
"tesoura";-1,475;-2,477;2,885;1,822
"territorial";-0,983;-1,652;-0,512;6,074
"temporal";0,702;1,253;0,169;-3,953
"teclado";-1,475;0,049;-0,768;1,822
"tcu";-0,035;-2,477;18,264;-1,331
"taxista";-0,737;-1,239;1,443;0,911
"tavam";0;-2,064;4,083;0
"taquigráfico";11,473;-2,064;-0,64;-0,811
"sóbrio";-1,229;2,291;-0,64;0
"síndroma";3,473;-2,477;0,169;-0,102
"suécia";-1,229;-2,064;-0,64;7,593
"surpreendido";-1,229;6,235;-0,64;-0,811
"surfar";0,702;-2,477;-0,768;1,822
"sujeira";-1,475;0,049;0,169;0,265
"sufocar";-1,229;-0,206;-0,64;3,391
"subversão";-0,983;-1,652;-0,512;6,074
"submisso";-0,983;9,691;-0,512;-2,635
"suar";0;-0,206;0,373;0
"soro";-0,035;-2,477;0,169;1,822
"sopro";-1,229;6,235;0,373;-3,294
"solitário";-1,229;-2,064;-0,64;7,593
"socializar";3,473;-2,477;-0,768;0,265
"sinalização";-1,229;-2,064;-0,64;7,593
"similar";8,351;-2,477;0,169;-1,331
"sexualização";-1,475;0,049;-0,768;1,822
"serpente";-1,475;1,253;-0,768;0,265
"sequela";-1,229;0,281;4,083;-0,811
"separação";-1,475;8,497;0,169;-3,953
"sensual";-1,475;-2,477;-0,768;9,112
"sensibilizar";-0,035;-2,477;-0,768;4,77
"semestre";8,351;-2,477;2,885;-3,953
"semelhança";-1,229;6,235;0,373;-3,294
"semear";-1,229;12,114;-0,64;-3,294
"secundário";-0,035;-2,477;18,264;-1,331
"sebastião";-0,035;-2,477;30,926;-3,953
"scruton";-1,475;-2,477;-0,768;9,112
"satisfeito";8,351;-2,477;-0,768;-0,102
"sales";-1,229;6,235;-0,64;-0,811
"safar";-1,229;-2,064;23,439;-0,811
"roubado";-1,475;-2,477;46,903;-3,953
"rola";-1,475;-2,477;-0,768;9,112
"rj";15,333;-2,477;-0,768;-1,331
"revolucionar";-1,229;6,235;-0,64;-0,811
"revogação";24,421;-2,477;-0,768;-3,953
"ressarcir";-1,475;-2,477;18,264;-0,102
"responsabilização";3,473;-2,477;0,169;-0,102
"respectivo";15,333;-2,477;0,169;-3,953
"resolvido";5,122;-0,206;-0,64;-0,811
"requisitar";-1,229;-2,064;23,439;-0,811
"reprovação";15,333;-2,477;-0,768;-1,331
"repressão";-1,475;-2,477;30,926;-1,331
"represa";-0,983;4,054;0,742;-2,635
"repensar";2,315;-1,652;-0,512;0,177
"repasse";15,333;-2,477;-0,768;-1,331
"reforço";24,421;-2,477;-0,768;-3,953
"reestruturação";24,421;-2,477;-0,768;-3,953
"record";0,07;-1,652;-0,512;2,081
"recomeçar";0;2,291;-0,64;-0,811
"rebentar";-1,229;-0,206;-0,64;3,391
"reagente";2,315;-1,652;-0,512;0,177
"raso";-1,229;-0,206;0,373;0,86
"rasgado";-1,229;2,291;-0,64;0
"ramo";-1,475;-0,457;-0,768;4,77
"queer";1,298;2,291;-0,64;-3,294
"queem";-1,475;4,069;-0,768;-0,102
"qualitativo";24,421;-2,477;-0,768;-3,953
"quai";24,421;-2,477;-0,768;-3,953
"puxado";0,702;-2,477;0,169;0,265
"pum";-1,229;-2,064;11,772;0
"psicologicamente";-1,475;-0,457;2,885;0,265
"propagar";-1,475;0,049;-0,768;1,822
"projetar";3,473;0,049;0,169;-3,953
"progressismo";-1,475;-2,477;-0,768;9,112
"prof";20,35;-2,064;-0,64;-3,294
"privatizar";11,473;-2,064;-0,64;-0,811
"privacidade";-0,983;-1,652;-0,512;6,074
"primeo";0,702;1,253;-0,768;-1,331
"previdência";5,122;-2,064;0,373;-0,811
"presenciar";-0,035;-2,477;-0,768;4,77
"preocupante";0,702;-0,457;8,917;-3,953
"preguiçoso";-1,229;-2,064;-0,64;7,593
"preguiça";-1,229;-0,206;0,373;0,86
"potência";-0,035;-2,477;-0,768;4,77
"porventura";-0,035;8,497;-0,768;-3,953
"portar";-0,035;-0,457;18,264;-3,953
"por1";8,351;-2,477;-0,768;-0,102
"popularidade";3,473;-2,477;-0,768;0,265
"pontifício";1,298;-2,064;-0,64;0,86
"politizar";15,333;-2,477;-0,768;-1,331
"plenitude";-1,229;12,114;-0,64;-3,294
"plausível";8,351;-2,477;-0,768;-0,102
"pilha";-1,475;-2,477;-0,768;9,112
"pilatos";-1,229;6,235;-0,64;-0,811
"pichar";-0,035;-2,477;2,885;0,265
"pesso";-0,035;1,253;-0,768;-0,102
"perversão";-1,475;-0,457;0,169;1,822
"persuasão";-1,229;6,235;-0,64;-0,811
"pernambuco";-0,035;8,497;-0,768;-3,953
"pequenininho";-0,035;-0,457;8,917;-1,331
"ped";24,421;-2,477;-0,768;-3,953
"pavimentar";-1,229;2,291;0,373;-0,811
"paulinho";-1,475;0,049;2,885;-0,102
"patrão";-1,475;-2,477;-0,768;9,112
"patru";24,421;-2,477;-0,768;-3,953
"pato";-1,475;-2,477;0,169;4,77
"pastoral";-1,475;1,253;0,169;-0,102
"parábola";-1,229;6,235;-0,64;-0,811
"parque";-0,035;-0,457;-0,768;1,822
"paredão";-1,229;-2,064;-0,64;7,593
"palpável";-0,035;8,497;-0,768;-3,953
"palavrão";-1,229;-2,064;0,373;3,391
"padaria";-1,475;0,049;-0,768;1,822
"pactuar";24,421;-2,477;-0,768;-3,953
"pachorra";-1,475;-2,477;0,169;4,77
"organismo";-0,035;-0,457;-0,768;1,822
"orelha";-1,475;-2,477;-0,768;9,112
"opressor";-0,035;-2,477;0,169;1,822
"olimpíada";16,28;-1,652;-0,512;-2,635
"ofensivo";-0,035;-0,457;2,885;-0,102
"odebrecht";-1,475;-2,477;30,926;-1,331
"núcleo";0,702;0,049;-0,768;-0,102
"nulo";-1,475;-0,457;-0,768;4,77
"noé";-1,229;6,235;-0,64;-0,811
"noss";3,473;0,049;-0,768;-1,331
"negligenciar";-1,229;0,281;-0,64;0,86
"necessitado";-1,475;4,069;-0,768;-0,102
"narcotráfico";-1,475;0,049;18,264;-3,953
"narcotraficante";-1,475;-2,477;30,926;-1,331
"namoro";-1,475;-0,457;-0,768;4,77
"mário";0;-2,064;-0,64;3,391
"moralmente";-1,475;0,049;2,885;-0,102
"monteiro";0;-2,064;0,373;0,86
"monocrático";-1,475;-2,477;30,926;-1,331
"molde";-1,475;-0,457;0,169;1,822
"modular";0,07;4,054;-0,512;-2,635
"mistério";-1,475;8,497;-0,768;-1,331
"ministramos";-1,229;6,235;-0,64;-0,811
"migrar";0,702;-0,457;-0,768;0,265
"micro";1,298;0,281;-0,64;-0,811
"mcdonald";-1,229;-2,064;-0,64;7,593
"mari";-1,475;-2,477;2,885;1,822
"manchar";-1,475;-0,457;0,169;1,822
"maldito";-0,035;8,497;-0,768;-3,953
"maioridade";1,298;-2,064;0,373;0
"mac";-1,229;2,291;-0,64;0
"lâmina";15,333;-2,477;-0,768;-1,331
"luva";-0,035;-2,477;0,169;1,822
"lucrar";-0,035;-2,477;8,917;-0,102
"lote";-1,475;-2,477;-0,768;9,112
"lotar";-1,475;-2,477;2,885;1,822
"lopes";-1,229;6,235;-0,64;-0,811
"logicamente";-0,035;-2,477;-0,768;4,77
"light";-1,229;-2,064;-0,64;7,593
"lidice";7,719;-1,652;-0,512;-0,362
"licenciatura";24,421;-2,477;-0,768;-3,953
"libertador";5,122;0,281;-0,64;-3,294
"lenin";-1,229;-2,064;-0,64;7,593
"lavínia";-0,983;-0,034;-0,512;2,081
"lancelote";-1,475;-2,477;30,926;-1,331
"lama";-0,035;0,049;2,885;-1,331
"knox";-1,475;8,497;-0,768;-1,331
"jorrar";0;2,291;0,373;-3,294
"jordan";-1,229;-2,064;-0,64;7,593
"joel";-1,229;12,114;-0,64;-3,294
"jardim";0,702;0,049;-0,768;-0,102
"iss";0,702;-2,477;-0,768;1,822
"isolamento";-0,035;-0,457;-0,768;1,822
"islâmico";-1,475;0,049;0,169;0,265
"ironia";0,702;-2,477;-0,768;1,822
"irlanda";0,702;1,253;-0,768;-1,331
"investigador";0,702;-2,477;18,264;-3,953
"intuito";3,473;-0,457;2,885;-3,953
"internar";-1,229;-2,064;0,373;3,391
"intencionalmente";3,473;1,253;-0,768;-3,953
"inseguro";-1,475;-0,457;8,917;-0,102
"innegável";-0,035;-2,477;0,169;1,822
"infinitamente";-0,035;1,253;-0,768;-0,102
"inevitável";-0,035;4,069;-0,768;-1,331
"individualmente";8,351;0,049;-0,768;-3,953
"incompetência";-1,229;-2,064;4,083;0,86
"incisivo";-1,475;0,049;-0,768;1,822
"inaugurar";0;-0,206;-0,64;0,86
"imputar";15,333;-2,477;0,169;-3,953
"imprevisto";-1,229;-2,064;-0,64;7,593
"humanitário";3,473;-0,457;2,885;-3,953
"horroroso";-1,229;-0,206;0,373;0,86
"homenagear";0,702;-2,477;2,885;-0,102
"hayashi";-1,475;8,497;-0,768;-1,331
"hacker";-1,475;-2,477;2,885;1,822
"hackear";-0,983;-1,652;-0,512;6,074
"guimarães";15,333;-2,477;-0,768;-1,331
"guia";-1,475;8,497;-0,768;-1,331
"grécia";1,298;-0,206;-0,64;0
"grevista";15,333;-2,477;-0,768;-1,331
"gordola";-1,229;-2,064;23,439;-0,811
"golias";-1,475;14,538;-0,768;-3,953
"goku";-0,737;-1,239;-0,384;4,555
"girar";-1,229;-2,064;-0,64;7,593
"gilmar";-1,475;-2,477;46,903;-3,953
"genética";0;-0,206;0,373;0
"generalizar";11,473;-2,064;0,373;-3,294
"gabi";-0,035;4,069;-0,768;-1,331
"ga";3,473;-2,477;2,885;-1,331
"fátima";-0,983;-0,034;-0,512;2,081
"fuzilar";-0,035;-2,477;18,264;-1,331
"furto";-1,475;-2,477;46,903;-3,953
"fund";20,35;-2,064;-0,64;-3,294
"frustração";-1,475;1,253;-0,768;0,265
"fronteira";-1,475;-0,457;2,885;0,265
"frete";-1,229;-0,206;-0,64;3,391
"fracassar";0;-0,206;-0,64;0,86
"fornecer";8,351;-0,457;-0,768;-1,331
"fobia";7,719;-0,034;-0,512;-2,635
"flow";-1,475;-2,477;-0,768;9,112
"flexibilização";5,122;-2,064;-0,64;0
"flecha";-1,475;8,497;-0,768;-1,331
"filiar";-1,475;-2,477;8,917;0,265
"fileira";11,473;-0,206;-0,64;-3,294
"febre";-1,475;1,253;0,169;-0,102
"fazê";8,351;-2,477;-0,768;-0,102
"fariseu";-1,475;0,049;-0,768;1,822
"externa";-0,035;4,069;-0,768;-1,331
"expressivo";0,07;-1,652;-0,512;2,081
"exercitar";-1,475;14,538;-0,768;-3,953
"exemplar";24,421;-2,477;-0,768;-3,953
"evoluir";0,702;-0,457;0,169;-0,102
"esvaziar";0;0,281;4,083;-3,294
"estômago";-0,035;-2,477;-0,768;4,77
"estruturação";20,35;-2,064;-0,64;-3,294
"estabilidade";0,702;-0,457;-0,768;0,265
"esperto";-0,983;-1,652;0,742;2,081
"espancar";5,122;-2,064;0,373;-0,811
"esdrúxulo";-1,475;-2,477;8,917;0,265
"escrutínio";16,28;-1,652;-0,512;-2,635
"escancarado";0,702;-2,477;-0,768;1,822
"erguer";-1,229;6,235;-0,64;-0,811
"equiparar";0,07;-1,652;0,742;0,177
"enxugar";0,702;4,069;-0,768;-3,953
"entronizar";-1,475;14,538;-0,768;-3,953
"engler";-1,229;-2,064;-0,64;7,593
"engenharia";-0,035;-2,477;2,885;0,265
"endemoniado";-1,229;12,114;-0,64;-3,294
"encarcerar";-1,229;6,235;0,373;-3,294
"emocionado";-1,475;4,069;0,169;-1,331
"embasamento";5,122;0,281;-0,64;-3,294
"emanar";0;2,291;-0,64;-0,811
"elite";-0,035;-2,477;0,169;1,822
"educado";1,298;-0,206;0,373;-0,811
"ead";11,473;-2,064;0,373;-3,294
"dúzia";-0,737;-1,239;1,443;0,911
"dó";0;-0,206;-0,64;0,86
"dutra";-1,475;-2,477;2,885;1,822
"dotação";20,35;-2,064;-0,64;-3,294
"doméstico";-0,035;-2,477;0,169;1,822
"dispositivo";8,351;-2,477;0,169;-1,331
"disponibilidade";3,473;-0,457;0,169;-1,331
"dispensar";8,351;0,049;-0,768;-3,953
"discriminação";-0,035;-0,457;-0,768;1,822
"disciplinado";11,473;-2,064;0,373;-3,294
"direitista";1,298;-2,064;-0,64;0,86
"diferencial";0,702;-2,477;0,169;0,265
"deturpar";-1,475;-0,457;-0,768;4,77
"desânimo";-1,475;8,497;-0,768;-1,331
"desumanizar";-0,983;-1,652;5,944;0,177
"desperdiçar";-0,035;1,253;-0,768;-0,102
"despeito";1,298;0,281;-0,64;-0,811
"desordem";-0,983;0,835;-0,512;0,177
"desmoralizado";0;-2,064;23,439;-3,294
"desmascarar";-1,475;-2,477;-0,768;9,112
"desgraça";-1,475;4,069;2,885;-3,953
"desfrutar";0;2,291;-0,64;-0,811
"desesperançoso";-0,035;0,049;-0,768;0,265
"desejado";0;-0,206;-0,64;0,86
"depósito";-1,229;12,114;-0,64;-3,294
"depressivo";-1,475;0,049;0,169;0,265
"demandado";8,351;-2,477;-0,768;-0,102
"delinquente";-1,475;-2,477;46,903;-3,953
"deliberado";24,421;-2,477;-0,768;-3,953
"delegacia";1,298;-2,064;0,373;0
"defendido";-1,475;-2,477;46,903;-3,953
"decência";-1,229;-2,064;-0,64;7,593
"decorrente";8,351;-2,477;0,169;-1,331
"decepção";-1,229;12,114;-0,64;-3,294
"danar";-1,475;-2,477;-0,768;9,112
"cárcere";-1,475;-2,477;-0,768;9,112
"culturalmente";-1,475;-2,477;-0,768;9,112
"cultuar";-1,475;4,069;-0,768;-0,102
"culminar";-1,229;0,281;0,373;0
"cu";0;-0,206;-0,64;0,86
"crânio";-0,035;-2,477;0,169;1,822
"crucifixo";-0,983;-0,034;-0,512;2,081
"cristian";-1,475;14,538;-0,768;-3,953
"cr";3,473;0,049;-0,768;-1,331
"coxa";0;-2,064;-0,64;3,391
"copeiro";-1,229;12,114;-0,64;-3,294
"convenção";1,298;-2,064;-0,64;0,86
"contratação";15,333;-2,477;-0,768;-1,331
"contrapartida";8,351;-2,477;0,169;-1,331
"contestar";15,333;-0,457;-0,768;-3,953
"cont";0,702;-0,457;-0,768;0,265
"consola";-1,229;12,114;-0,64;-3,294
"conformar";-1,475;0,049;2,885;-0,102
"composição";8,351;-2,477;-0,768;-0,102
"completá";-1,475;14,538;-0,768;-3,953
"compartilhamento";0,702;-2,477;-0,768;1,822
"comemoração";-1,475;4,069;0,169;-1,331
"coleta";3,473;-2,477;-0,768;0,265
"colateral";0;-2,064;4,083;0
"classificar";-1,229;-2,064;4,083;0,86
"cientista";0,702;-2,477;-0,768;1,822
"cid";0,702;-2,477;8,917;-1,331
"choco";0,07;-1,652;0,742;0,177
"cfet";24,421;-2,477;-0,768;-3,953
"cer";8,351;-0,457;0,169;-3,953
"censo";8,351;-2,477;-0,768;-0,102
"cemitério";-1,475;-2,477;8,917;0,265
"cecília";24,421;-2,477;-0,768;-3,953
"catar";3,473;-0,457;-0,768;-0,102
"catani";-1,229;6,235;-0,64;-0,811
"cartilha";-1,229;-2,064;0,373;3,391
"carregado";-1,475;4,069;0,169;-1,331
"carinhoso";-1,475;0,049;0,169;0,265
"cardíaco";0,702;-0,457;2,885;-1,331
"cardoso";-1,475;-2,477;46,903;-3,953
"capacitação";0,702;4,069;-0,768;-3,953
"calada";-1,475;0,049;0,169;0,265
"cal";-1,475;-2,477;-0,768;9,112
"caixinha";-1,475;-2,477;-0,768;9,112
"cadastrar";-0,035;-2,477;-0,768;4,77
"bárbaro";-0,035;-2,477;18,264;-1,331
"bujão";-1,229;-2,064;4,083;0,86
"brunão";-1,475;14,538;-0,768;-3,953
"brevemente";-1,475;1,253;-0,768;0,265
"boy";-1,475;1,253;-0,768;0,265
"borges";5,122;-0,206;-0,64;-0,811
"bond";-0,737;-1,239;-0,384;4,555
"boate";-1,229;-2,064;-0,64;7,593
"blocks";-1,475;-2,477;46,903;-3,953
"bi";5,122;-2,064;0,373;-0,811
"bhtrans";-0,983;-1,652;5,944;0,177
"besta";-1,229;-0,206;0,373;0,86
"benedito";-0,035;-2,477;-0,768;4,77
"belmonte";24,421;-2,477;-0,768;-3,953
"beijar";0;0,281;-0,64;0
"barroso";-1,229;-2,064;39,084;-3,294
"banca";0,702;-2,477;8,917;-1,331
"balada";-1,475;0,049;-0,768;1,822
"baiano";15,333;-2,477;-0,768;-1,331
"açúcar";-1,229;-2,064;0,373;3,391
"automaticamente";-0,035;1,253;0,169;-1,331
"atrasar";-1,229;2,291;-0,64;0
"assalto";-0,035;-2,477;30,926;-3,953
"articular";3,473;-2,477;0,169;-0,102
"arroz";-0,035;-2,477;8,917;-0,102
"arrecadação";11,473;-2,064;-0,64;-0,811
"aquecer";-1,475;0,049;-0,768;1,822
"apostólico";-1,475;14,538;-0,768;-3,953
"apostar";0;0,281;-0,64;0
"apontamento";-0,035;-0,457;0,169;0,265
"apertado";-1,475;8,497;-0,768;-1,331
"apelação";-0,983;4,054;0,742;-2,635
"apavorado";-1,229;0,281;4,083;-0,811
"antiracista";24,421;-2,477;-0,768;-3,953
"amordaçar";-0,035;-0,457;0,169;0,265
"amargura";-0,983;9,691;-0,512;-2,635
"alinhamento";0,702;0,049;0,169;-1,331
"aliciar";8,351;-0,457;0,169;-3,953
"alheio";-1,475;0,049;-0,768;1,822
"algodão";-1,475;-2,477;-0,768;9,112
"algema";-1,475;0,049;0,169;0,265
"ajoelhado";-1,475;14,538;-0,768;-3,953
"agravar";0,702;0,049;0,169;-1,331
"afogar";-1,475;0,049;-0,768;1,822
"aflito";-1,475;8,497;-0,768;-1,331
"administrar";3,473;-2,477;-0,768;0,265
"adicional";2,315;-1,652;-0,512;0,177
"adiar";15,333;-0,457;-0,768;-3,953
"abóbora";-1,229;-2,064;-0,64;7,593
"abundância";-1,475;14,538;-0,768;-3,953
"abstenção";20,35;-2,064;-0,64;-3,294
"absolver";3,473;-2,477;8,917;-3,953
"abrigar";-1,475;-2,477;30,926;-1,331
"abranger";11,473;-0,206;-0,64;-3,294
"abatido";-0,035;4,069;0,169;-3,953
"abalado";-1,475;8,497;-0,768;-1,331
"óo";-1,229;0,281;4,083;-0,811
"érica";-0,737;-1,239;-0,384;4,555
"éder";11,473;-2,064;0,373;-3,294
"ânus";-1,229;-2,064;0,373;3,391
"zuco";11,473;-2,064;0,373;-3,294
"zoom";-0,983;-1,652;-0,512;6,074
"yeah";-1,229;-0,206;-0,64;3,391
"xx";20,35;-2,064;-0,64;-3,294
"vlog";-0,983;-1,652;-0,512;6,074
"visitá";-0,983;-0,034;5,944;-0,362
"visibilidade";0;-2,064;-0,64;3,391
"viralizou";-1,229;-0,206;-0,64;3,391
"violentado";-1,229;-2,064;39,084;-3,294
"vingador";-1,229;-0,206;-0,64;3,391
"vestiário";4,175;-1,239;1,443;-1,976
"verão";-1,229;0,281;0,373;0
"vera";-1,229;-0,206;0,373;0,86
"vedado";20,35;-2,064;-0,64;-3,294
"vasco";2,315;-0,034;-0,512;-0,362
"variável";11,473;-2,064;-0,64;-0,811
"vanessa";-1,229;-2,064;-0,64;7,593
"vampiro";-0,983;-0,034;0,742;0,177
"validade";-0,983;-0,034;-0,512;2,081
"unânime";1,298;0,281;0,373;-3,294
"unificado";20,35;-2,064;-0,64;-3,294
"uhum";-1,229;2,291;-0,64;0
"ucraniano";-1,229;-2,064;-0,64;7,593
"uberlândia";1,298;-0,206;-0,64;0
"túmulo";-0,737;2,034;-0,384;-0,051
"típico";7,719;-1,652;0,742;-2,635
"tímido";-1,229;2,291;-0,64;0
"tênis";-1,229;-0,206;-0,64;3,391
"truculento";2,315;-1,652;-0,512;0,177
"troco";0,07;-1,652;-0,512;2,081
"tributamos";-0,737;7,268;-0,384;-1,976
"tremer";-1,229;6,235;-0,64;-0,811
"trava";0,07;-0,034;-0,512;0,177
"transposição";20,35;-2,064;-0,64;-3,294
"transar";-0,983;-1,652;-0,512;6,074
"tranquilamente";5,122;-2,064;-0,64;0
"tramitar";20,35;-2,064;-0,64;-3,294
"tradição";0;-2,064;-0,64;3,391
"tod";5,122;-0,206;-0,64;-0,811
"tinta";-1,229;-2,064;-0,64;7,593
"tero";20,35;-2,064;-0,64;-3,294
"terceirizar";-0,983;-0,034;-0,512;2,081
"terapêutico";0,07;0,835;-0,512;-0,362
"teram";20,35;-2,064;-0,64;-3,294
"tensão";-1,229;-2,064;11,772;0
"tenda";-1,229;6,235;-0,64;-0,811
"temático";11,473;-0,206;-0,64;-3,294
"temido";-1,229;2,291;0,373;-0,811
"telefônico";0,07;-0,034;-0,512;0,177
"taxação";1,298;-2,064;4,083;-0,811
"tatuar";-0,983;-1,652;-0,512;6,074
"tamaral";16,28;-1,652;-0,512;-2,635
"sítio";0;-2,064;4,083;0
"síndico";-0,983;-1,652;31,266;-2,635
"suspenso";2,315;-1,652;5,944;-2,635
"suscitar";0;2,291;-0,64;-0,811
"suscetível";-1,229;-0,206;4,083;0
"supostamente";-1,229;-2,064;23,439;-0,811
"superdotação";20,35;-2,064;-0,64;-3,294
"subscrição";20,35;-2,064;-0,64;-3,294
"stj";11,473;-2,064;-0,64;-0,811
"start";-0,983;-0,034;0,742;0,177
"spur";-0,737;2,034;-0,384;-0,051
"sorteio";-1,229;-2,064;0,373;3,391
"soprar";-1,229;12,114;-0,64;-3,294
"sonoro";0;-0,206;-0,64;0,86
"solo";-1,229;2,291;-0,64;0
"sociológico";2,315;-1,652;-0,512;0,177
"sobressair";-0,983;4,054;-0,512;-0,362
"soar";2,315;-1,652;-0,512;0,177
"sindicalista";2,315;-1,652;-0,512;0,177
"sinalizar";0;0,281;-0,64;0
"simões";0,07;-1,652;0,742;0,177
"simão";-0,737;7,268;-0,384;-1,976
"sil";0;0,281;0,373;-0,811
"sexualizar";-1,229;-2,064;4,083;0,86
"seta";-1,229;0,281;-0,64;0,86
"sertanejo";-1,229;2,291;-0,64;0
"seriamente";20,35;-2,064;-0,64;-3,294
"sereno";2,315;-0,034;-0,512;-0,362
"serenidade";11,473;-0,206;-0,64;-3,294
"sequestro";0,351;-1,239;1,443;-0,051
"sepultar";1,298;-2,064;0,373;0
"sentenciar";0;-0,206;0,373;0
"senhorio";1,298;0,281;-0,64;-0,811
"senha";1,298;-2,064;-0,64;0,86
"semanal";-1,229;-2,064;-0,64;7,593
"secular";-1,229;12,114;-0,64;-3,294
"saulo";-0,983;0,835;0,742;-0,362
"satisfazer";-1,229;6,235;-0,64;-0,811
"satisfatório";11,473;-2,064;-0,64;-0,811
"salomão";-1,229;12,114;-0,64;-3,294
"salab";20,35;-2,064;-0,64;-3,294
"sadio";11,473;-2,064;-0,64;-0,811
"roxo";-0,983;-1,652;-0,512;6,074
"ritmo";1,298;-2,064;0,373;0
"revoltante";0,07;-1,652;16,119;-2,635
"reverberar";0;-0,206;-0,64;0,86
"retido";-0,983;-1,652;5,944;0,177
"ressalva";20,35;-2,064;-0,64;-3,294
"respaldar";0;0,281;0,373;-0,811
"residir";1,298;0,281;-0,64;-0,811
"reservar";5,122;-0,206;-0,64;-0,811
"reservado";-1,229;2,291;-0,64;0
"reportar";0;-2,064;-0,64;3,391
"repercutir";0,351;0,025;-0,384;-0,051
"repercussão";-1,229;-2,064;-0,64;7,593
"renovo";-0,983;9,691;-0,512;-2,635
"rendar";-1,229;12,114;-0,64;-3,294
"religiosidade";-1,229;6,235;-0,64;-0,811
"referente";11,473;-2,064;0,373;-3,294
"reescrever";2,315;-1,652;-0,512;0,177
"reeleição";-0,983;-1,652;16,119;-0,362
"reduzido";0,07;-1,652;0,742;0,177
"recém";0;6,235;-0,64;-3,294
"recompor";16,28;-1,652;-0,512;-2,635
"reclamação";5,122;0,281;-0,64;-3,294
"recesso";1,298;-2,064;-0,64;0,86
"recepção";-0,737;0,025;-0,384;0,911
"recapitular";-1,229;-2,064;-0,64;7,593
"reajustar";20,35;-2,064;-0,64;-3,294
"reajustamos";16,28;-1,652;-0,512;-2,635
"raul";2,315;-1,652;0,742;-0,362
"ratificar";20,35;-2,064;-0,64;-3,294
"rap";-1,229;-2,064;23,439;-0,811
"ramagem";11,473;-2,064;0,373;-3,294
"racial";20,35;-2,064;-0,64;-3,294
"quro";2,315;-1,652;-0,512;0,177
"quinlan";-1,229;12,114;-0,64;-3,294
"queixa";-0,737;7,268;-0,384;-1,976
"qualificar";5,122;0,281;-0,64;-3,294
"pío";-0,983;-1,652;-0,512;6,074
"pílula";-1,229;-2,064;0,373;3,391
"pátio";-1,229;2,291;-0,64;0
"puto";-1,229;-2,064;0,373;3,391
"pulmão";-1,229;-2,064;-0,64;7,593
"psicopata";-1,229;-0,206;-0,64;3,391
"provocador";-0,983;-1,652;-0,512;6,074
"prover";1,298;0,281;0,373;-3,294
"proveito";-1,229;-2,064;-0,64;7,593
"provedor";-1,229;2,291;-0,64;0
"protestar";1,298;-2,064;0,373;0
"proselitismo";20,35;-2,064;-0,64;-3,294
"pronunciamento";-0,983;-1,652;5,944;0,177
"procurador";12,209;-1,239;-0,384;-1,976
"processual";0,07;-1,652;-0,512;2,081
"privar";-0,737;-1,239;1,443;0,911
"priscilla";-1,229;2,291;-0,64;0
"priorizado";5,122;-0,206;-0,64;-0,811
"presid";11,473;-2,064;-0,64;-0,811
"prematuro";-1,229;-2,064;11,772;0
"prece";-1,229;2,291;0,373;-0,811
"precarização";7,719;-1,652;-0,512;-0,362
"populista";-1,229;-2,064;-0,64;7,593
"polêmica";0;-2,064;0,373;0,86
"polo";5,122;-2,064;-0,64;0
"pis";1,298;-2,064;0,373;0
"pipoqueiro";-1,229;-2,064;39,084;-3,294
"pipa";11,473;-2,064;-0,64;-0,811
"pinto";-0,737;-1,239;-0,384;4,555
"pichador";-0,983;-1,652;0,742;2,081
"pescar";-0,983;0,835;0,742;-0,362
"perverter";-1,229;0,281;-0,64;0,86
"pentecostal";-1,229;6,235;-0,64;-0,811
"pensador";0,07;-1,652;-0,512;2,081
"pejorativo";5,122;-2,064;-0,64;0
"pegada";-1,229;-0,206;-0,64;3,391
"peculiaridade";5,122;0,281;-0,64;-3,294
"pears";20,35;-2,064;-0,64;-3,294
"patriarcado";0;-0,206;-0,64;0,86
"patente";-1,229;-0,206;23,439;-3,294
"pastorear";-1,229;6,235;-0,64;-0,811
"participante";5,122;0,281;-0,64;-3,294
"paralítico";-0,983;9,691;-0,512;-2,635
"paralisar";0;-0,206;-0,64;0,86
"papagaio";-0,983;-0,034;-0,512;2,081
"palhaço";0;-2,064;23,439;-3,294
"pac";20,35;-2,064;-0,64;-3,294
"pablo";-0,737;-1,239;-0,384;4,555
"outrora";-1,229;0,281;0,373;0
"ousar";-1,229;2,291;-0,64;0
"ospb";20,35;-2,064;-0,64;-3,294
"oriundo";5,122;-0,206;-0,64;-0,811
"orgulhar";0,351;-1,239;-0,384;0,911
"ordenamento";16,28;-1,652;-0,512;-2,635
"oratória";-1,229;2,291;-0,64;0
"oprimido";0;0,281;-0,64;0
"oportuno";5,122;0,281;-0,64;-3,294
"oportunista";0,07;-1,652;-0,512;2,081
"oportunismo";1,298;-2,064;-0,64;0,86
"ongs";1,298;-2,064;0,373;0
"ong";-0,983;-1,652;31,266;-2,635
"ocidente";-0,983;-1,652;-0,512;6,074
"objetivamente";11,473;-2,064;-0,64;-0,811
"nísia";5,122;-2,064;-0,64;0
"nutrição";-0,983;-0,034;-0,512;2,081
"npc";-0,737;-1,239;-0,384;4,555
"notificação";5,122;-0,206;0,373;-3,294
"noticiar";1,298;-2,064;-0,64;0,86
"normalmente";1,298;-0,206;0,373;-0,811
"norda";-1,229;-2,064;23,439;-0,811
"nominalmente";16,28;-1,652;-0,512;-2,635
"nobreza";-0,737;0,025;-0,384;0,911
"ninja";-1,229;-2,064;4,083;0,86
"nicola";-1,229;6,235;-0,64;-0,811
"network";-0,983;0,835;0,742;-0,362
"neoliberal";4,175;-1,239;-0,384;-0,051
"múltiplo";16,28;-1,652;-0,512;-2,635
"métrica";1,298;0,281;-0,64;-0,811
"márcia";1,298;-0,206;0,373;-0,811
"mágico";0;-2,064;-0,64;3,391
"multifuncional";20,35;-2,064;-0,64;-3,294
"movimentado";1,298;-2,064;0,373;0
"mortificar";-1,229;6,235;-0,64;-0,811
"mortadela";-0,983;-1,652;-0,512;6,074
"morro";-0,983;-0,034;-0,512;2,081
"mordomo";-0,983;9,691;-0,512;-2,635
"morango";-0,983;-1,652;-0,512;6,074
"monstro";-1,229;-2,064;23,439;-0,811
"monarque";-1,229;-2,064;39,084;-3,294
"momentâneo";-1,229;2,291;-0,64;0
"molotov";-1,229;-2,064;-0,64;7,593
"molecular";-1,229;-2,064;0,373;3,391
"moderação";-1,229;-0,206;-0,64;3,391
"mistura";1,298;-0,206;-0,64;0
"misoginia";-1,229;-2,064;23,439;-0,811
"misericordioso";-1,229;6,235;0,373;-3,294
"miojo";-0,983;-1,652;-0,512;6,074
"miliciano";-0,983;-1,652;31,266;-2,635
"milho";-1,229;-2,064;0,373;3,391
"mike";1,298;-2,064;-0,64;0,86
"miar";0;-2,064;0,373;0,86
"miami";-1,229;-2,064;-0,64;7,593
"medíocre";16,28;-1,652;-0,512;-2,635
"mediador";1,298;2,291;-0,64;-3,294
"matriz";0;-0,206;0,373;0
"matança";-1,229;-0,206;-0,64;3,391
"mat";11,473;-0,206;-0,64;-3,294
"massacrar";0,07;-1,652;0,742;0,177
"marxismo";-1,229;-0,206;-0,64;3,391
"marqueteiro";-1,229;-2,064;-0,64;7,593
"marcela";-0,737;2,034;1,443;-1,976
"maquinário";-1,229;-2,064;0,373;3,391
"mania";-1,229;0,281;-0,64;0,86
"manaus";5,122;-2,064;0,373;-0,811
"malefício";-1,229;-2,064;-0,64;7,593
"magnífico";-1,229;6,235;-0,64;-0,811
"madre";-0,983;9,691;-0,512;-2,635
"macro";-1,229;0,281;-0,64;0,86
"lúcio";-1,229;0,281;11,772;-3,294
"luxemburgo";0,07;-1,652;0,742;0,177
"luana";-1,229;12,114;-0,64;-3,294
"lockdown";-0,983;-1,652;-0,512;6,074
"livramento";-1,229;12,114;-0,64;-3,294
"literatura";-1,229;-2,064;-0,64;7,593
"linhagem";-0,983;-1,652;-0,512;6,074
"likes";0;-2,064;-0,64;3,391
"lide";20,35;-2,064;-0,64;-3,294
"libertinagem";-0,983;-0,034;0,742;0,177
"lenda";0;-0,206;0,373;0
"lembrança";-0,983;9,691;-0,512;-2,635
"lema";0;-2,064;0,373;0,86
"legitimamente";5,122;-0,206;-0,64;-0,811
"ldb";20,35;-2,064;-0,64;-3,294
"latente";-0,737;0,025;-0,384;0,911
"lanço";-0,983;0,835;-0,512;0,177
"lago";-1,229;-2,064;0,373;3,391
"krigner";-0,737;0,025;-0,384;0,911
"kirk";-0,983;0,835;0,742;-0,362
"kg";-1,229;-2,064;4,083;0,86
"karol";-0,737;-1,239;-0,384;4,555
"karl";-1,229;-0,206;-0,64;3,391
"kaká";-0,737;-1,239;-0,384;4,555
"juro";5,122;-0,206;-0,64;-0,811
"judas";-0,983;-0,034;0,742;0,177
"joseph";-0,983;-1,652;-0,512;6,074
"jornalismo";-1,229;-2,064;0,373;3,391
"jonas";-1,229;0,281;4,083;-0,811
"jobs";-0,983;-1,652;-0,512;6,074
"jean";-0,983;-1,652;-0,512;6,074
"itinerário";20,35;-2,064;-0,64;-3,294
"itaquera";-0,983;-0,034;-0,512;2,081
"invocar";-1,229;12,114;-0,64;-3,294
"inviabilizar";11,473;-2,064;0,373;-3,294
"invalidar";-1,229;-0,206;4,083;0
"interlocutor";-0,983;-1,652;-0,512;6,074
"inter";1,298;-0,206;0,373;-0,811
"integração";0;-0,206;0,373;0
"insuportável";-1,229;2,291;0,373;-0,811
"insatisfeito";-0,737;-1,239;-0,384;4,555
"injustiçado";-1,229;-0,206;11,772;-0,811
"iniquidade";-1,229;12,114;-0,64;-3,294
"inibir";0;2,291;-0,64;-0,811
"influir";16,28;-1,652;-0,512;-2,635
"infiltração";-0,737;-1,239;1,443;0,911
"ineficiência";20,35;-2,064;-0,64;-3,294
"indulto";0,351;-1,239;1,443;-0,051
"indireto";-1,229;-2,064;0,373;3,391
"indenizar";-0,737;-1,239;23,449;-1,976
"ind";5,122;0,281;-0,64;-3,294
"incoerente";-1,229;-2,064;-0,64;7,593
"incessantemente";-1,229;2,291;-0,64;0
"impune";-1,229;-2,064;39,084;-3,294
"impulsionar";-1,229;0,281;0,373;0
"impotente";-1,229;-0,206;-0,64;3,391
"implicar";2,315;-1,652;0,742;-0,362
"implantação";7,719;-1,652;-0,512;-0,362
"impactante";-1,229;6,235;-0,64;-0,811
"imbuir";-1,229;0,281;4,083;-0,811
"iludir";-1,229;-2,064;-0,64;7,593
"ii";20,35;-2,064;-0,64;-3,294
"idealizar";0;0,281;0,373;-0,811
"iandra";20,35;-2,064;-0,64;-3,294
"hélio";16,28;-1,652;-0,512;-2,635
"honduras";-0,737;-1,239;23,449;-1,976
"homologação";12,209;-1,239;-0,384;-1,976
"homicida";-1,229;-2,064;0,373;3,391
"herdeiro";-0,983;9,691;-0,512;-2,635
"gu";-1,229;-2,064;11,772;0
"grita";-1,229;6,235;-0,64;-0,811
"greta";-0,983;-1,652;-0,512;6,074
"gregório";20,35;-2,064;-0,64;-3,294
"grego";0;2,291;-0,64;-0,811
"graham";0;6,235;-0,64;-3,294
"grado";0;2,291;-0,64;-0,811
"godoy";0;-0,206;-0,64;0,86
"glorifico";-0,983;9,691;-0,512;-2,635
"ginástica";-1,229;-2,064;11,772;0
"genocidas";-0,737;-1,239;9,131;-0,051
"generoso";0,07;-0,034;-0,512;0,177
"garcia";5,122;-2,064;0,373;-0,811
"funkeiros";-0,983;-1,652;-0,512;6,074
"frutífero";1,298;2,291;-0,64;-3,294
"frustrar";-1,229;2,291;-0,64;0
"frequentemente";0,07;-1,652;0,742;0,177
"freio";-0,983;-1,652;5,944;0,177
"francisco";1,298;-2,064;-0,64;0,86
"formulação";16,28;-1,652;-0,512;-2,635
"formalmente";1,298;-0,206;4,083;-3,294
"fogueira";0;-0,206;0,373;0
"fofo";-0,983;-1,652;-0,512;6,074
"finalização";-1,229;-0,206;0,373;0,86
"filmagem";-1,229;-2,064;0,373;3,391
"fictício";-1,229;-2,064;4,083;0,86
"fic";-1,229;-2,064;0,373;3,391
"fiar";5,122;-2,064;0,373;-0,811
"fervoroso";-1,229;2,291;-0,64;0
"ferreirinha";20,35;-2,064;-0,64;-3,294
"feedback";-1,229;-2,064;-0,64;7,593
"faul";5,122;-2,064;0,373;-0,811
"fatia";-0,983;0,835;-0,512;0,177
"farto";16,28;-1,652;-0,512;-2,635
"farinha";-1,229;-0,206;-0,64;3,391
"farc";-0,737;-1,239;9,131;-0,051
"familiaridade";5,122;-2,064;-0,64;0
"fada";-1,229;-2,064;-0,64;7,593
"explosivo";-1,229;2,291;-0,64;0
"exonerar";0,351;-1,239;-0,384;0,911
"exelência";20,35;-2,064;-0,64;-3,294
"excessivo";1,298;-2,064;-0,64;0,86
"eventual";11,473;-2,064;-0,64;-0,811
"estático";-0,737;-1,239;-0,384;4,555
"estter";0;6,235;-0,64;-3,294
"estrago";-1,229;0,281;-0,64;0,86
"estimativa";0;-2,064;0,373;0,86
"estimar";1,298;-0,206;0,373;-0,811
"esticar";-1,229;-2,064;0,373;3,391
"esquartejar";-1,229;-2,064;39,084;-3,294
"espetáculo";0,351;-1,239;-0,384;0,911
"espetacular";-1,229;0,281;-0,64;0,86
"esfregar";-1,229;-0,206;-0,64;3,391
"escárnio";0;-2,064;11,772;-0,811
"escol";20,35;-2,064;-0,64;-3,294
"escapar";0,07;-0,034;0,742;-0,362
"erva";-0,737;2,034;1,443;-1,976
"equipar";5,122;-2,064;0,373;-0,811
"ensejo";2,315;-1,652;0,742;-0,362
"engajado";0;-2,064;-0,64;3,391
"encenar";-1,229;-2,064;0,373;3,391
"encargo";-0,983;9,691;-0,512;-2,635
"encarecidamente";0;-2,064;-0,64;3,391
"encantado";0;2,291;-0,64;-0,811
"empreendimento";-1,229;0,281;-0,64;0,86
"emergente";11,473;-2,064;-0,64;-0,811
"eleitoreiro";-1,229;-2,064;-0,64;7,593
"elan";0;-2,064;4,083;0
"eja";20,35;-2,064;-0,64;-3,294
"edificante";-1,229;2,291;-0,64;0
"economizar";-0,983;-1,652;-0,512;6,074
"duplo";-1,229;-2,064;-0,64;7,593
"duna";0,07;0,835;-0,512;-0,362
"dula";20,35;-2,064;-0,64;-3,294
"drogado";-1,229;-2,064;-0,64;7,593
"doloroso";0,07;0,835;0,742;-2,635
"documentação";1,298;-2,064;4,083;-0,811
"divergente";5,122;-2,064;0,373;-0,811
"distorcer";5,122;-2,064;-0,64;0
"discorrer";0;-0,206;-0,64;0,86
"dirigente";11,473;-2,064;0,373;-3,294
"diplomático";-1,229;-2,064;-0,64;7,593
"diferir";0,07;-0,034;-0,512;0,177
"diferenciação";1,298;-2,064;-0,64;0,86
"diego";1,298;-2,064;0,373;0
"detalhamento";20,35;-2,064;-0,64;-3,294
"destituir";-0,737;7,268;-0,384;-1,976
"desrespeitoso";1,298;-2,064;0,373;0
"desqualificar";11,473;-2,064;0,373;-3,294
"despreparo";11,473;-2,064;-0,64;-0,811
"desnecessário";1,298;-2,064;0,373;0
"desfile";2,315;-1,652;5,944;-2,635
"desfavorável";-1,229;2,291;0,373;-0,811
"descontar";1,298;-0,206;0,373;-0,811
"desativar";-1,229;0,281;0,373;0
"desastre";-0,983;-1,652;16,119;-0,362
"desarmar";-1,229;-2,064;4,083;0,86
"desaparecido";-1,229;2,291;4,083;-3,294
"desanimador";-1,229;-2,064;4,083;0,86
"depor";0;-0,206;0,373;0
"demonizar";4,175;-1,239;-0,384;-0,051
"democraticamente";5,122;-2,064;0,373;-0,811
"deleite";-1,229;6,235;-0,64;-0,811
"deferir";20,35;-2,064;-0,64;-3,294
"defasagem";2,315;-0,034;-0,512;-0,362
"decoração";-0,983;-0,034;-0,512;2,081
"de2021";20,35;-2,064;-0,64;-3,294
"datena";-0,737;0,025;-0,384;0,911
"dandara";20,35;-2,064;-0,64;-3,294
"cívic";20,35;-2,064;-0,64;-3,294
"cruzar";-1,229;2,291;0,373;-0,811
"cruzada";-0,983;4,054;0,742;-2,635
"cru";-0,983;-0,034;-0,512;2,081
"criston";11,473;-2,064;-0,64;-0,811
"cristalino";-1,229;-2,064;39,084;-3,294
"cristal";-0,983;4,054;0,742;-2,635
"criminalmente";-1,229;-2,064;39,084;-3,294
"criatividade";0;-2,064;-0,64;3,391
"creem";-1,229;6,235;-0,64;-0,811
"convivência";2,315;-0,034;0,742;-2,635
"conveniência";1,298;-2,064;0,373;0
"conveniente";-0,983;-1,652;0,742;2,081
"convencimento";-0,983;-0,034;0,742;0,177
"contágio";0,07;-1,652;-0,512;2,081
"contrapeso";-1,229;-2,064;39,084;-3,294
"contraditar";16,28;-1,652;-0,512;-2,635
"contente";-1,229;0,281;0,373;0
"constantemente";-1,229;12,114;-0,64;-3,294
"consistir";-0,983;-1,652;16,119;-0,362
"considerável";5,122;-2,064;-0,64;0
"conscientização";0;-2,064;0,373;0,86
"consagração";-1,229;12,114;-0,64;-3,294
"conká";-0,737;-1,239;-0,384;4,555
"congregação";-0,983;9,691;-0,512;-2,635
"condicional";-1,229;-0,206;23,439;-3,294
"concretizar";1,298;-0,206;-0,64;0
"conclusivo";11,473;-2,064;-0,64;-0,811
"conclamar";0,351;0,025;-0,384;-0,051
"conceituar";0,351;-1,239;9,131;-1,976
"componente";1,298;-2,064;-0,64;0,86
"complementação";16,28;-1,652;-0,512;-2,635
"cometa";0,07;-1,652;5,944;-0,362
"comentarista";0,07;-1,652;0,742;0,177
"colônia";-1,229;0,281;0,373;0
"colegiado";20,35;-2,064;-0,64;-3,294
"coar";-1,229;2,291;-0,64;0
"clezão";-1,229;-2,064;11,772;0
"cleriston";-1,229;0,281;11,772;-3,294
"cleitinho";-1,229;-2,064;39,084;-3,294
"citação";5,122;-0,206;-0,64;-0,811
"cio";-1,229;-2,064;-0,64;7,593
"church";-1,229;0,281;-0,64;0,86
"chupar";-0,983;-1,652;0,742;2,081
"chocado";0;-2,064;4,083;0
"chinelo";-1,229;-2,064;0,373;3,391
"checklist";-1,229;-2,064;-0,64;7,593
"charuto";0,07;-1,652;0,742;0,177
"ch";-0,983;4,054;-0,512;-0,362
"cgu";5,122;-2,064;4,083;-3,294
"celebridade";-1,229;-2,064;0,373;3,391
"cegueira";-1,229;6,235;0,373;-3,294
"cde";7,719;-1,652;0,742;-2,635
"caído";-1,229;6,235;0,373;-3,294
"cativo";-1,229;12,114;-0,64;-3,294
"castelo";0;-0,206;-0,64;0,86
"caroline";-0,983;-1,652;-0,512;6,074
"carolina";0;-2,064;23,439;-3,294
"caramelo";-0,737;-1,239;-0,384;4,555
"caracterizar";5,122;-2,064;-0,64;0
"caps";11,473;-2,064;-0,64;-0,811
"capitólio";-0,983;-1,652;16,119;-0,362
"capim";2,315;-1,652;-0,512;0,177
"capelli";-1,229;-2,064;11,772;0
"canziani";20,35;-2,064;-0,64;-3,294
"cansaço";-1,229;0,281;-0,64;0,86
"canibal";-1,229;-2,064;11,772;0
"canhão";-0,983;-0,034;-0,512;2,081
"campus";5,122;-2,064;0,373;-0,811
"campeonato";-0,983;-1,652;-0,512;6,074
"camiseta";-1,229;-2,064;-0,64;7,593
"camelo";-0,983;0,835;-0,512;0,177
"camarada";0,07;0,835;-0,512;-0,362
"calúnia";-0,983;0,835;0,742;-0,362
"cabulosos";-1,229;-2,064;39,084;-3,294
"brinde";-1,229;2,291;0,373;-0,811
"break";-0,737;-1,239;-0,384;4,555
"boto";-1,229;-2,064;0,373;3,391
"botijão";-1,229;-2,064;4,083;0,86
"botafogo";-1,229;-2,064;4,083;0,86
"bombardear";-0,737;2,034;-0,384;-0,051
"bnds";5,122;-2,064;4,083;-3,294
"bloqueado";0,07;-1,652;5,944;-0,362
"biografia";-1,229;2,291;-0,64;0
"billy";-1,229;12,114;-0,64;-3,294
"berço";-0,983;0,835;-0,512;0,177
"benéfico";5,122;-2,064;-0,64;0
"baterista";-1,229;0,281;-0,64;0,86
"batata";-0,983;0,835;-0,512;0,177
"babilônico";-1,229;6,235;-0,64;-0,811
"aval";1,298;-2,064;4,083;-0,811
"autocrítica";-1,229;-2,064;-0,64;7,593
"atribulado";-0,983;4,054;-0,512;-0,362
"atingido";7,719;-1,652;-0,512;-0,362
"atilar";4,175;-1,239;-0,384;-0,051
"aterrorizar";0;-2,064;11,772;-0,811
"ater";5,122;-2,064;-0,64;0
"assembleiano";-0,983;4,054;-0,512;-0,362
"assaltar";0;-2,064;23,439;-3,294
"arrogante";-0,737;2,034;-0,384;-0,051
"armadilha";-1,229;-0,206;-0,64;3,391
"arcar";2,315;-1,652;0,742;-0,362
"aranha";-0,983;-1,652;0,742;2,081
"aquisição";11,473;-2,064;-0,64;-0,811
"aproximadamente";1,298;0,281;-0,64;-0,811
"aprisionar";-0,983;9,691;-0,512;-2,635
"apreço";0,07;-0,034;-0,512;0,177
"aplicado";4,175;-1,239;-0,384;-0,051
"aparente";0;-0,206;0,373;0
"aparelho";-0,983;0,835;-0,512;0,177
"aparato";-1,229;-2,064;11,772;0
"ap";2,315;-1,652;-0,512;0,177
"antidemocracia";-0,983;-1,652;-0,512;6,074
"antepassado";0;-0,206;-0,64;0,86
"anteontem";11,473;-0,206;-0,64;-3,294
"antecipar";5,122;-0,206;-0,64;-0,811
"antecedente";-0,983;-1,652;5,944;0,177
"anita";-0,737;-1,239;-0,384;4,555
"animador";-1,229;-0,206;-0,64;3,391
"ande";20,35;-2,064;-0,64;-3,294
"amã";-1,229;2,291;-0,64;0
"amplificar";-1,229;0,281;0,373;0
"amada";-1,229;2,291;0,373;-0,811
"alternativa";11,473;-2,064;-0,64;-0,811
"alocar";5,122;-2,064;-0,64;0
"alkim";1,298;-2,064;11,772;-3,294
"algoritmo";-0,983;9,691;-0,512;-2,635
"alessandro";16,28;-1,652;-0,512;-2,635
"alelu";-1,229;12,114;-0,64;-3,294
"alberto";0,07;-1,652;0,742;0,177
"alba";-1,229;-2,064;-0,64;7,593
"alavancar";0,07;-0,034;-0,512;0,177
"alarmante";20,35;-2,064;-0,64;-3,294
"alar";20,35;-2,064;-0,64;-3,294
"ala";-1,229;0,281;-0,64;0,86
"ajudá";0;0,281;-0,64;0
"agarrar";-1,229;2,291;-0,64;0
"afeição";-1,229;2,291;-0,64;0
"adotivo";-0,983;9,691;-0,512;-2,635
"adorá";-0,983;9,691;-0,512;-2,635
"adjetivo";0;-2,064;0,373;0,86
"adaptação";5,122;-2,064;-0,64;0
"adaptar";2,315;-1,652;-0,512;0,177
"acostumar";0;-0,206;4,083;-0,811
"acessa";-0,983;4,054;-0,512;-0,362
"acelerar";20,35;-2,064;-0,64;-3,294
"acarretar";16,28;-1,652;-0,512;-2,635
"ac";20,35;-2,064;-0,64;-3,294
"abílio";20,35;-2,064;-0,64;-3,294
"abstrato";0;-0,206;0,373;0
"absolvido";-1,229;-2,064;39,084;-3,294
"abismo";-0,983;0,835;0,742;-0,362
"abater";-1,229;6,235;0,373;-3,294
"abarcar";11,473;-2,064;0,373;-3,294
"5g";5,122;-2,064;-0,64;0
"4ro";0;-0,206;-0,64;0,86
"ótica";-0,983;0,835;-0,512;0,177
"órfão";-0,983;0,835;-0,512;0,177
"óbito";-0,983;-0,034;0,742;0,177
"íris";-0,983;-1,652;-0,512;6,074
"ência";0,07;-1,652;0,742;0,177
"átila";2,315;-1,652;-0,512;0,177
"ásia";2,315;-1,652;-0,512;0,177
"ápice";-0,983;-0,034;-0,512;2,081
"zombaria";-0,737;2,034;-0,384;-0,051
"zinha";0,07;-1,652;-0,512;2,081
"zerar";4,175;-1,239;1,443;-1,976
"zer";7,719;-0,034;-0,512;-2,635
"zara";16,28;-1,652;-0,512;-2,635
"zanata";2,315;-1,652;-0,512;0,177
"xandão";-0,737;-1,239;23,449;-1,976
"wagner";0,07;-1,652;0,742;0,177
"vovó";-0,737;-1,239;-0,384;4,555
"vorcaro";-0,737;-1,239;-0,384;4,555
"voluntariamente";0,07;-0,034;-0,512;0,177
"vitimismo";-0,983;-1,652;-0,512;6,074
"vital";2,315;-1,652;-0,512;0,177
"vigoroso";-0,983;0,835;-0,512;0,177
"vibe";-0,983;9,691;-0,512;-2,635
"veterano";0,351;-1,239;-0,384;0,911
"vestibular";2,315;-1,652;-0,512;0,177
"verme";-0,983;-0,034;5,944;-0,362
"verbalizar";-0,983;9,691;-0,512;-2,635
"venezuelano";-0,983;-1,652;5,944;0,177
"vendedor";-0,983;-0,034;0,742;0,177
"ve";2,315;-1,652;-0,512;0,177
"vazão";2,315;-0,034;-0,512;-0,362
"varrer";-0,983;-1,652;16,119;-0,362
"variado";0,07;4,054;-0,512;-2,635
"vamo";-0,983;-1,652;-0,512;6,074
"vaia";2,315;-1,652;-0,512;0,177
"usá";-0,983;0,835;-0,512;0,177
"usurpar";0,07;-1,652;5,944;-0,362
"urgentemente";2,315;-1,652;0,742;-0,362
"universidad";16,28;-1,652;-0,512;-2,635
"uniforme";0,351;-1,239;-0,384;0,911
"unicamp";12,209;-1,239;-0,384;-1,976
"ungido";-0,983;9,691;-0,512;-2,635
"ufmg";4,175;-1,239;-0,384;-0,051
"ubs";16,28;-1,652;-0,512;-2,635
"tônico";4,175;-1,239;-0,384;-0,051
"tábata";7,719;-1,652;-0,512;-0,362
"tweets";-0,983;-1,652;16,119;-0,362
"trâmite";7,719;-1,652;0,742;-2,635
"troféu";-0,983;-0,034;0,742;0,177
"trincheira";4,175;-1,239;-0,384;-0,051
"treino";2,315;-1,652;-0,512;0,177
"transmissão";-0,737;0,025;1,443;-0,051
"transicionando";-0,737;7,268;-0,384;-1,976
"tramontina";-0,737;-1,239;9,131;-0,051
"tramitação";16,28;-1,652;-0,512;-2,635
"trailer";-0,737;-1,239;-0,384;4,555
"traficar";-0,983;-1,652;31,266;-2,635
"torturado";-0,983;-1,652;0,742;2,081
"torto";0,351;-1,239;-0,384;0,911
"tomé";-0,737;7,268;-0,384;-1,976
"tofre";-0,983;-1,652;0,742;2,081
"tiroteio";0,351;-1,239;-0,384;0,911
"teófilo";-0,983;0,835;-0,512;0,177
"testosterona";0,351;-1,239;-0,384;0,911
"terno";-0,737;-1,239;-0,384;4,555
"terceirize";-0,983;9,691;-0,512;-2,635
"teorista";-0,983;-1,652;31,266;-2,635
"temporada";-0,737;7,268;-0,384;-1,976
"temp";16,28;-1,652;-0,512;-2,635
"telespectador";-0,983;-1,652;0,742;2,081
"tebet";0,07;-1,652;0,742;0,177
"teatral";-0,737;-1,239;-0,384;4,555
"taurus";0,351;-1,239;1,443;-0,051
"tatuagem";-0,983;-1,652;-0,512;6,074
"tarcíso";16,28;-1,652;-0,512;-2,635
"tapar";2,315;-0,034;-0,512;-0,362
"tampar";0,07;0,835;0,742;-2,635
"tampa";-0,737;0,025;1,443;-0,051
"tamos";-0,737;-1,239;-0,384;4,555
"també";0,07;-1,652;0,742;0,177
"taciso";16,28;-1,652;-0,512;-2,635
"tacar";-0,983;-1,652;0,742;2,081
"taca";-0,983;-0,034;-0,512;2,081
"tablet";2,315;-1,652;-0,512;0,177
"sutil";-0,983;-1,652;-0,512;6,074
"supressiva";12,209;-1,239;-0,384;-1,976
"supremacista";2,315;-1,652;0,742;-0,362
"supervisão";7,719;-1,652;-0,512;-0,362
"sujar";-0,983;0,835;0,742;-0,362
"substância";-0,983;4,054;-0,512;-0,362
"substituição";7,719;-1,652;-0,512;-0,362
"subsidiar";12,209;-1,239;-0,384;-1,976
"submetido";2,315;-1,652;5,944;-2,635
"subemenda";16,28;-1,652;-0,512;-2,635
"spurgin";-0,737;7,268;-0,384;-1,976
"sociólogo";0,07;-0,034;-0,512;0,177
"sobrevivência";0,07;-1,652;-0,512;2,081
"sobrepor";0,07;-1,652;0,742;0,177
"slogam";-0,737;0,025;-0,384;0,911
"sião";-0,983;9,691;-0,512;-2,635
"situar";7,719;-0,034;-0,512;-2,635
"sistêmico";4,175;-1,239;1,443;-1,976
"sindical";2,315;-1,652;-0,512;0,177
"simultâneo";-0,983;-1,652;-0,512;6,074
"simpático";2,315;-1,652;-0,512;0,177
"sigla";0,351;-1,239;-0,384;0,911
"shake";-0,983;-1,652;-0,512;6,074
"separatista";-0,983;-0,034;0,742;0,177
"seor";0,351;0,025;-0,384;-0,051
"semanalmente";0,07;-0,034;-0,512;0,177
"seg";16,28;-1,652;-0,512;-2,635
"schwarzenegger";-0,737;-1,239;-0,384;4,555
"sanitário";12,209;-1,239;-0,384;-1,976
"sangrar";-0,983;4,054;-0,512;-0,362
"salsicha";0,07;-1,652;-0,512;2,081
"safra";-0,983;-0,034;0,742;0,177
"safado";-0,737;-1,239;-0,384;4,555
"sacudir";-0,983;-0,034;-0,512;2,081
"sacerdócio";-0,983;4,054;-0,512;-0,362
"sabor";-0,983;-0,034;-0,512;2,081
"sab";0,07;0,835;-0,512;-0,362
"ruir";0,351;-1,239;1,443;-0,051
"rubens";0,07;-1,652;16,119;-2,635
"roraima";2,315;-0,034;0,742;-2,635
"robert";-0,737;0,025;1,443;-0,051
"revanchismo";-0,983;-1,652;31,266;-2,635
"retórica";7,719;-0,034;-0,512;-2,635
"retrato";-0,983;-1,652;5,944;0,177
"retidão";-0,737;7,268;-0,384;-1,976
"retardar";2,315;-1,652;-0,512;0,177
"restituir";7,719;-0,034;-0,512;-2,635
"ressonância";-0,983;-1,652;-0,512;6,074
"respirar";-0,983;-1,652;-0,512;6,074
"resguardar";2,315;-1,652;-0,512;0,177
"repreendo";-0,983;9,691;-0,512;-2,635
"repousar";-0,983;9,691;-0,512;-2,635
"reparar";-0,737;-1,239;-0,384;4,555
"reitoria";2,315;-1,652;-0,512;0,177
"regulação";0,07;-1,652;5,944;-0,362
"rega";-0,737;7,268;-0,384;-1,976
"refugiado";-0,983;-1,652;-0,512;6,074
"referido";7,719;-1,652;0,742;-2,635
"referencial";-0,737;0,025;-0,384;0,911
"reeleger";16,28;-1,652;-0,512;-2,635
"realizado";0,351;0,025;-0,384;-0,051
"rascunho";0,07;0,835;-0,512;-0,362
"rapidão";-0,983;-1,652;-0,512;6,074
"rapaziada";-0,983;-1,652;-0,512;6,074
"ranço";-0,737;-1,239;-0,384;4,555
"rankings";4,175;-1,239;-0,384;-0,051
"rama";-0,983;-0,034;0,742;0,177
"radicalmente";7,719;-1,652;-0,512;-0,362
"radassa";-0,737;7,268;-0,384;-1,976
"rachador";-0,983;-1,652;16,119;-0,362
"quórum";12,209;-1,239;-0,384;-1,976
"quto";7,719;-1,652;0,742;-2,635
"quilombola";16,28;-1,652;-0,512;-2,635
"quesito";7,719;-1,652;0,742;-2,635
"quebrantamento";-0,983;9,691;-0,512;-2,635
"quadrilha";-0,983;-1,652;16,119;-0,362
"pérola";-0,737;-1,239;-0,384;4,555
"punho";-0,983;-1,652;0,742;2,081
"pulsar";-0,983;9,691;-0,512;-2,635
"pujante";0,07;-1,652;0,742;0,177
"ps";-0,983;4,054;-0,512;-0,362
"província";-0,983;9,691;-0,512;-2,635
"provocado";7,719;-1,652;-0,512;-0,362
"prorrogação";16,28;-1,652;-0,512;-2,635
"profess";16,28;-1,652;-0,512;-2,635
"proferido";2,315;-0,034;-0,512;-0,362
"prim";7,719;-0,034;-0,512;-2,635
"prevenir";-0,737;0,025;-0,384;0,911
"pretexto";-0,983;-0,034;5,944;-0,362
"pretensão";-0,983;-1,652;-0,512;6,074
"preservado";7,719;-1,652;-0,512;-0,362
"prescrição";-0,737;0,025;1,443;-0,051
"preparatório";2,315;-1,652;-0,512;0,177
"premir";16,28;-1,652;-0,512;-2,635
"preferencialmente";16,28;-1,652;-0,512;-2,635
"precário";2,315;-1,652;-0,512;0,177
"precursor";7,719;-0,034;-0,512;-2,635
"preceder";2,315;-0,034;-0,512;-0,362
"pote";0,07;-1,652;-0,512;2,081
"positivamente";0,351;-1,239;-0,384;0,911
"porção";-0,983;9,691;-0,512;-2,635
"pontuação";7,719;-1,652;-0,512;-0,362
"pontapé";0,07;-1,652;-0,512;2,081
"pneumonia";-0,737;0,025;-0,384;0,911
"pneu";-0,983;-1,652;-0,512;6,074
"plástico";-0,983;-0,034;-0,512;2,081
"pluralismo";7,719;-1,652;-0,512;-0,362
"plural";0,07;0,835;-0,512;-0,362
"plebiscito";0,351;-1,239;1,443;-0,051
"play";-0,983;-1,652;-0,512;6,074
"plaquinha";-0,737;-1,239;-0,384;4,555
"plantio";-0,983;-1,652;0,742;2,081
"planilha";-0,983;-0,034;-0,512;2,081
"planetário";-0,983;-1,652;-0,512;6,074
"placar";-0,737;-1,239;9,131;-0,051
"piscar";-0,983;-0,034;5,944;-0,362
"pirotecnia";0,351;0,025;-0,384;-0,051
"pio";-0,737;-1,239;1,443;0,911
"pintura";0,07;-1,652;-0,512;2,081
"picolé";-0,983;-1,652;0,742;2,081
"pico";2,315;-0,034;-0,512;-0,362
"piano";-0,983;9,691;-0,512;-2,635
"ph";-0,737;-1,239;-0,384;4,555
"petron";12,209;-1,239;-0,384;-1,976
"pes";0,07;-0,034;-0,512;0,177
"peru";-0,983;-1,652;16,119;-0,362
"perene";-0,983;9,691;-0,512;-2,635
"penúltimo";0,07;0,835;-0,512;-0,362
"pensão";-0,983;-1,652;31,266;-2,635
"pensionista";-0,983;-1,652;31,266;-2,635
"pecs";0,07;-0,034;-0,512;0,177
"pearls";12,209;-1,239;-0,384;-1,976
"pcr";-0,983;-1,652;-0,512;6,074
"pcd";2,315;-1,652;0,742;-0,362
"pavor";-0,983;-1,652;16,119;-0,362
"patrício";2,315;-0,034;0,742;-2,635
"patrus";12,209;-1,239;-0,384;-1,976
"patrulhamento";-0,737;-1,239;1,443;0,911
"patrulha";0,351;-1,239;-0,384;0,911
"patrono";0,07;-1,652;0,742;0,177
"passear";-0,983;-0,034;-0,512;2,081
"parcelar";-0,737;-1,239;-0,384;4,555
"parabenizá";12,209;-1,239;-0,384;-1,976
"pal";2,315;-0,034;-0,512;-0,362
"pago";2,315;-1,652;0,742;-0,362
"padronizar";-0,737;0,025;-0,384;0,911
"pactuação";16,28;-1,652;-0,512;-2,635
"pacificar";0,07;-1,652;0,742;0,177
"pacificamente";-0,983;-1,652;16,119;-0,362
"paa";16,28;-1,652;-0,512;-2,635
"oxigênio";-0,983;4,054;-0,512;-0,362
"outdoor";-0,983;4,054;-0,512;-0,362
"otimismo";2,315;0,835;-0,512;-2,635
"ostentar";-0,983;-1,652;-0,512;6,074
"orlar";-0,983;-1,652;5,944;0,177
"originar";0,07;-0,034;-0,512;0,177
"oriental";-0,983;-0,034;-0,512;2,081
"orientado";16,28;-1,652;-0,512;-2,635
"orgânico";-0,983;-1,652;-0,512;6,074
"ordinário";0,07;-0,034;-0,512;0,177
"ordenado";2,315;-0,034;-0,512;-0,362
"operador";-0,737;-1,239;1,443;0,911
"op";7,719;-1,652;-0,512;-0,362
"oficialmente";7,719;-1,652;-0,512;-0,362
"ocorrido";16,28;-1,652;-0,512;-2,635
"obsceno";-0,737;-1,239;-0,384;4,555
"obrigatoriamente";7,719;-1,652;-0,512;-0,362
"obreiro";-0,983;9,691;-0,512;-2,635
"obgado";7,719;-0,034;-0,512;-2,635
"obama";0,07;-1,652;-0,512;2,081
"nuclear";0,07;-1,652;-0,512;2,081
"noticiário";-0,983;-0,034;0,742;0,177
"noruega";-0,983;-1,652;5,944;0,177
"normalização";0,07;-1,652;0,742;0,177
"nom";7,719;-0,034;-0,512;-2,635
"nil";-0,983;-1,652;-0,512;6,074
"nicolau";-0,983;-1,652;-0,512;6,074
"nicholas";0,351;-1,239;1,443;-0,051
"ness";2,315;-0,034;-0,512;-0,362
"nemum";2,315;-1,652;-0,512;0,177
"nativo";-0,737;-1,239;9,131;-0,051
"nascituro";0,07;-1,652;-0,512;2,081
"namã";-0,983;9,691;-0,512;-2,635
"méxico";0,351;-1,239;-0,384;0,911
"murro";0,351;-1,239;-0,384;0,911
"mu";-0,983;-0,034;-0,512;2,081
"mp";2,315;-1,652;-0,512;0,177
"morder";-0,983;-1,652;16,119;-0,362
"montante";0,07;-1,652;0,742;0,177
"molho";-0,983;-1,652;-0,512;6,074
"molhadinho";-0,983;-1,652;0,742;2,081
"mole";-0,983;-1,652;-0,512;6,074
"moderador";16,28;-1,652;-0,512;-2,635
"moda";-0,983;-1,652;-0,512;6,074
"misógeno";-0,983;-1,652;-0,512;6,074
"miola";16,28;-1,652;-0,512;-2,635
"minut";16,28;-1,652;-0,512;-2,635
"min";4,175;-1,239;1,443;-1,976
"militarização";16,28;-1,652;-0,512;-2,635
"militarizar";7,719;-1,652;-0,512;-0,362
"migalha";-0,737;-1,239;1,443;0,911
"michael";-0,737;0,025;-0,384;0,911
"metáfora";-0,737;-1,239;-0,384;4,555
"metropolitano";0,07;-1,652;0,742;0,177
"metralhar";-0,737;-1,239;1,443;0,911
"metodista";-0,983;4,054;-0,512;-0,362
"meso";0,07;-1,652;5,944;-0,362
"mergulhar";-0,983;9,691;-0,512;-2,635
"menstruação";0,351;0,025;-0,384;-0,051
"mensal";0,351;-1,239;1,443;-0,051
"memes";-0,983;-1,652;-0,512;6,074
"medinho";0,351;-1,239;-0,384;0,911
"medicação";-0,983;-0,034;-0,512;2,081
"matá";-0,983;-0,034;0,742;0,177
"matemático";0,07;-1,652;-0,512;2,081
"mate";-0,737;-1,239;-0,384;4,555
"matador";-0,737;0,025;1,443;-0,051
"marx";-0,737;-1,239;-0,384;4,555
"martinho";-0,737;2,034;-0,384;-0,051
"marta";0,07;-1,652;-0,512;2,081
"marques";-0,983;-1,652;-0,512;6,074
"marcola";-0,737;-1,239;9,131;-0,051
"maquiavel";-0,983;-1,652;-0,512;6,074
"manuel";0,351;-1,239;-0,384;0,911
"manto";-0,983;4,054;-0,512;-0,362
"manga";-0,983;4,054;-0,512;-0,362
"manchado";-0,983;-0,034;5,944;-0,362
"manassés";-0,737;7,268;-0,384;-1,976
"manancial";-0,983;9,691;-0,512;-2,635
"maltar";0,07;-1,652;16,119;-2,635
"malhar";-0,983;-0,034;-0,512;2,081
"mails";0,07;-1,652;5,944;-0,362
"magnum";-0,737;-1,239;1,443;0,911
"magnitsk";-0,737;-1,239;9,131;-0,051
"léo";0,351;-1,239;-0,384;0,911
"luísa";2,315;-1,652;-0,512;0,177
"lucro";0,07;-1,652;5,944;-0,362
"lombo";-0,983;4,054;0,742;-2,635
"lobista";7,719;-1,652;0,742;-2,635
"lob";16,28;-1,652;-0,512;-2,635
"liturgia";-0,737;2,034;-0,384;-0,051
"litro";2,315;-1,652;-0,512;0,177
"lit";16,28;-1,652;-0,512;-2,635
"linho";-0,983;4,054;-0,512;-0,362
"lid";16,28;-1,652;-0,512;-2,635
"lgbtq";2,315;-1,652;5,944;-2,635
"lewandowski";-0,983;-1,652;16,119;-0,362
"leproso";-0,983;9,691;-0,512;-2,635
"lepra";0,351;2,034;-0,384;-1,976
"lente";-0,983;4,054;-0,512;-0,362
"lenha";-0,983;-1,652;5,944;0,177
"lembrete";0,07;-0,034;-0,512;0,177
"legislar";4,175;-1,239;-0,384;-0,051
"legislador";-0,737;-1,239;-0,384;4,555
"legenda";-0,983;-1,652;0,742;2,081
"le";0,07;0,835;-0,512;-0,362
"lara";-0,983;-0,034;5,944;-0,362
"lapada";0,07;-0,034;-0,512;0,177
"lanche";0,07;-0,034;-0,512;0,177
"lamaçal";-0,983;-1,652;-0,512;6,074
"lacuna";12,209;-1,239;-0,384;-1,976
"ku";-0,737;-1,239;9,131;-0,051
"klux";-0,737;-1,239;9,131;-0,051
"klan";-0,737;-1,239;9,131;-0,051
"kit";-0,983;-1,652;-0,512;6,074
"jéssica";-0,983;-1,652;-0,512;6,074
"juridicamente";-0,983;-1,652;5,944;0,177
"julgador";2,315;-1,652;5,944;-2,635
"josafá";-0,737;7,268;-0,384;-1,976
"jornalístico";0,07;-1,652;0,742;0,177
"joaquim";0,351;-1,239;-0,384;0,911
"jinping";-0,983;-0,034;-0,512;2,081
"jerônimo";7,719;-1,652;0,742;-2,635
"jan";0,07;-1,652;16,119;-2,635
"itamarati";-0,983;-1,652;0,742;2,081
"isolar";2,315;-1,652;-0,512;0,177
"irrelevante";0,351;-1,239;-0,384;0,911
"inédito";2,315;-1,652;-0,512;0,177
"inundar";-0,983;4,054;0,742;-2,635
"intocável";0,351;-1,239;1,443;-0,051
"internamente";-0,737;0,025;-0,384;0,911
"interministerial";16,28;-1,652;-0,512;-2,635
"intensidade";-0,983;4,054;-0,512;-0,362
"intencionalidade";0,07;0,835;-0,512;-0,362
"integralmente";2,315;-0,034;-0,512;-0,362
"insustentável";16,28;-1,652;-0,512;-2,635
"insulina";-0,983;-1,652;31,266;-2,635
"instigar";0,351;2,034;-0,384;-1,976
"inspirador";0,07;-0,034;0,742;-0,362
"insano";0,07;-0,034;-0,512;0,177
"inocentar";-0,983;-1,652;0,742;2,081
"ingênuo";-0,983;-1,652;0,742;2,081
"ingressar";-0,983;-1,652;5,944;0,177
"ingerência";16,28;-1,652;-0,512;-2,635
"ingenuidade";-0,983;-1,652;-0,512;6,074
"informativo";-0,983;-0,034;-0,512;2,081
"infectado";-0,737;0,025;-0,384;0,911
"indício";0,07;-1,652;16,119;-2,635
"indiciamento";-0,737;-1,239;23,449;-1,976
"inconstitucionalidade";16,28;-1,652;-0,512;-2,635
"inclus";16,28;-1,652;-0,512;-2,635
"incessante";-0,983;-0,034;-0,512;2,081
"inadmissível";16,28;-1,652;-0,512;-2,635
"inacabado";12,209;-1,239;-0,384;-1,976
"impróprio";0,07;-0,034;0,742;-0,362
"imprudência";-0,983;-1,652;5,944;0,177
"improdutivo";0,07;0,835;-0,512;-0,362
"improbidade";7,719;-1,652;0,742;-2,635
"imprescindível";7,719;-0,034;-0,512;-2,635
"impit";-0,983;-1,652;31,266;-2,635
"impetuoso";-0,983;9,691;-0,512;-2,635
"imperador";-0,983;4,054;-0,512;-0,362
"impeach";-0,983;-1,652;16,119;-0,362
"imortal";-0,983;9,691;-0,512;-2,635
"imensamente";0,07;0,835;-0,512;-0,362
"imaturo";-0,983;-1,652;-0,512;6,074
"iluminado";-0,983;-0,034;-0,512;2,081
"igualar";-0,983;-1,652;-0,512;6,074
"ignorância";7,719;-1,652;-0,512;-0,362
"idéia";-0,983;-0,034;-0,512;2,081
"ideólogo";0,07;-1,652;0,742;0,177
"ideologicamente";-0,983;-1,652;31,266;-2,635
"identificado";-0,983;-1,652;5,944;0,177
"humilharmos";-0,983;9,691;-0,512;-2,635
"humberto";-0,983;-1,652;31,266;-2,635
"horta";0,07;-1,652;5,944;-0,362
"horror";-0,983;-1,652;-0,512;6,074
"holocausto";-0,737;7,268;-0,384;-1,976
"histérico";-0,983;-1,652;-0,512;6,074
"hierárquico";-0,983;-1,652;-0,512;6,074
"heresia";-0,983;4,054;-0,512;-0,362
"heleno";-0,983;-1,652;16,119;-0,362
"helen";-0,983;-1,652;-0,512;6,074
"hebraico";-0,737;2,034;-0,384;-0,051
"hahaha";-0,737;0,025;-0,384;0,911
"guardião";-0,983;-0,034;5,944;-0,362
"grão";-0,737;2,034;-0,384;-0,051
"grátis";-0,737;0,025;-0,384;0,911
"gráfico";2,315;-1,652;0,742;-0,362
"gravemente";4,175;-1,239;1,443;-1,976
"gratuitamente";2,315;-1,652;-0,512;0,177
"grandeza";-0,983;9,691;-0,512;-2,635
"grandemente";-0,983;0,835;-0,512;0,177
"gozo";-0,983;9,691;-0,512;-2,635
"governabilidade";0,351;-1,239;-0,384;0,911
"goleiro";-0,737;0,025;-0,384;0,911
"goelar";2,315;-1,652;-0,512;0,177
"giuseppe";-0,983;-1,652;-0,512;6,074
"giles";-0,737;2,034;-0,384;-0,051
"gerir";0,07;-0,034;-0,512;0,177
"gerente";16,28;-1,652;-0,512;-2,635
"geopolítico";-0,983;-1,652;-0,512;6,074
"genza";16,28;-1,652;-0,512;-2,635
"generosidade";0,07;-0,034;-0,512;0,177
"gemer";-0,983;4,054;-0,512;-0,362
"geleia";-0,983;-1,652;-0,512;6,074
"gelado";-0,983;-1,652;5,944;0,177
"gel";-0,983;-1,652;-0,512;6,074
"geer";16,28;-1,652;-0,512;-2,635
"geek";-0,983;-1,652;-0,512;6,074
"gaza";0,351;-1,239;-0,384;0,911
"garçom";-0,983;-0,034;-0,512;2,081
"garrafa";-0,737;-1,239;1,443;0,911
"garra";-0,983;0,835;0,742;-0,362
"ganhador";0,07;-1,652;0,742;0,177
"gana";-0,983;-1,652;0,742;2,081
"furtar";-0,737;-1,239;9,131;-0,051
"furg";7,719;-1,652;0,742;-2,635
"fundb";12,209;-1,239;-0,384;-1,976
"fumo";-0,737;-1,239;-0,384;4,555
"frutificar";-0,983;4,054;0,742;-2,635
"frota";-0,983;-1,652;0,742;2,081
"frei";0,351;-1,239;-0,384;0,911
"fred";-0,737;-1,239;-0,384;4,555
"frear";0,07;-1,652;-0,512;2,081
"fouad";-0,737;-1,239;9,131;-0,051
"fotografar";0,07;-1,652;0,742;0,177
"fotinha";-0,983;-1,652;-0,512;6,074
"fos";0,07;4,054;-0,512;-2,635
"formular";4,175;-1,239;-0,384;-0,051
"formativo";16,28;-1,652;-0,512;-2,635
"fonológico";16,28;-1,652;-0,512;-2,635
"foguete";-0,983;-1,652;0,742;2,081
"fluente";0,351;0,025;1,443;-1,976
"fiscalizador";-0,737;0,025;1,443;-0,051
"fiqu";2,315;-1,652;0,742;-0,362
"findar";16,28;-1,652;-0,512;-2,635
"finança";0,07;-1,652;-0,512;2,081
"figueiredo";0,07;-1,652;0,742;0,177
"fibra";-0,737;0,025;-0,384;0,911
"fhc";-0,983;-1,652;16,119;-0,362
"fetal";-0,983;-1,652;16,119;-0,362
"ferrado";-0,737;0,025;1,443;-0,051
"fericiano";7,719;-1,652;-0,512;-0,362
"feriado";12,209;-1,239;-0,384;-1,976
"feghali";-0,983;-1,652;5,944;0,177
"fe";2,315;-1,652;0,742;-0,362
"fbi";0,351;-1,239;-0,384;0,911
"faxineiro";0,07;-0,034;-0,512;0,177
"fatídico";0,07;-1,652;0,742;0,177
"farda";0,07;-1,652;16,119;-2,635
"faquinha";-0,737;-1,239;23,449;-1,976
"fantoche";0,351;-1,239;-0,384;0,911
"fando";12,209;-1,239;-0,384;-1,976
"fakes";-0,983;-1,652;0,742;2,081
"fajuto";-0,983;-1,652;31,266;-2,635
"fadar";0,07;-1,652;0,742;0,177
"extinguir";7,719;-1,652;-0,512;-0,362
"expressamente";7,719;-0,034;-0,512;-2,635
"experimento";0,07;-1,652;-0,512;2,081
"exorbitante";-0,983;-1,652;0,742;2,081
"existencial";-0,983;9,691;-0,512;-2,635
"exibir";-0,737;-1,239;9,131;-0,051
"exemplificar";2,315;-1,652;-0,512;0,177
"examinar";-0,983;0,835;-0,512;0,177
"exaltação";0,351;0,025;-0,384;-0,051
"exagerar";-0,737;-1,239;1,443;0,911
"evidenciar";0,351;-1,239;-0,384;0,911
"estéril";-0,983;9,691;-0,512;-2,635
"estéreo";-0,737;7,268;-0,384;-1,976
"esté";0,07;4,054;-0,512;-2,635
"estritamente";16,28;-1,652;-0,512;-2,635
"estevão";-0,737;0,025;1,443;-0,051
"estevar";-0,983;9,691;-0,512;-2,635
"estelionatário";-0,983;-1,652;31,266;-2,635
"estadia";0,07;-1,652;5,944;-0,362
"espiritualidade";-0,737;0,025;-0,384;0,911
"espingarda";2,315;-1,652;-0,512;0,177
"esperançoso";0,07;-0,034;-0,512;0,177
"espelhar";0,07;0,835;0,742;-2,635
"espalhado";-0,983;-0,034;0,742;0,177
"esgotar";7,719;-1,652;-0,512;-0,362
"escócia";-0,983;4,054;-0,512;-0,362
"escravatura";-0,983;-1,652;5,944;0,177
"escorrer";-0,983;0,835;-0,512;0,177
"esconderijo";-0,983;9,691;-0,512;-2,635
"escatológico";-0,737;7,268;-0,384;-1,976
"escatologia";-0,983;4,054;-0,512;-0,362
"esa";0,07;-0,034;-0,512;0,177
"equilibrar";4,175;-1,239;-0,384;-0,051
"equação";-0,983;-1,652;-0,512;6,074
"enxugará";-0,983;9,691;-0,512;-2,635
"enumerar";16,28;-1,652;-0,512;-2,635
"entrave";7,719;-1,652;-0,512;-0,362
"enterro";-0,983;0,835;0,742;-0,362
"enrolar";0,07;-1,652;-0,512;2,081
"engodo";2,315;-0,034;-0,512;-0,362
"englobar";0,07;-1,652;-0,512;2,081
"engavetar";2,315;-0,034;0,742;-2,635
"eng";4,175;-1,239;1,443;-1,976
"encostar";-0,983;-1,652;-0,512;6,074
"encorajamento";-0,983;9,691;-0,512;-2,635
"en";2,315;-0,034;0,742;-2,635
"empírico";0,07;-0,034;-0,512;0,177
"empregador";2,315;-1,652;-0,512;0,177
"empenhar";0,07;-0,034;-0,512;0,177
"empatar";7,719;-1,652;-0,512;-0,362
"elucidar";0,07;-0,034;-0,512;0,177
"elogio";0,07;-1,652;-0,512;2,081
"eliziane";-0,983;-1,652;31,266;-2,635
"eliel";-0,983;9,691;-0,512;-2,635
"eliana";-0,737;-1,239;-0,384;4,555
"eleitorado";2,315;-1,652;-0,512;0,177
"elegível";2,315;-1,652;5,944;-2,635
"egípcio";-0,983;-1,652;-0,512;6,074
"eem";7,719;-0,034;-0,512;-2,635
"duto";16,28;-1,652;-0,512;-2,635
"du";0,351;0,025;-0,384;-0,051
"drogar";-0,983;-0,034;0,742;0,177
"drasticamente";-0,983;-1,652;0,742;2,081
"ditado";-0,983;4,054;-0,512;-0,362
"distrital";7,719;-0,034;-0,512;-2,635
"distribuidor";-0,983;-1,652;31,266;-2,635
"distanciar";-0,983;0,835;-0,512;0,177
"diso";-0,737;0,025;-0,384;0,911
"disney";-0,737;0,025;-0,384;0,911
"disco";-0,737;-1,239;-0,384;4,555
"dinâmico";-0,737;-1,239;-0,384;4,555
"diabetes";0,07;-1,652;0,742;0,177
"devocional";-0,983;4,054;-0,512;-0,362
"dev";7,719;-1,652;-0,512;-0,362
"detonar";-0,983;-1,652;16,119;-0,362
"determinante";12,209;-1,239;-0,384;-1,976
"detalhar";7,719;-0,034;-0,512;-2,635
"desregrado";-0,737;0,025;-0,384;0,911
"despreparado";16,28;-1,652;-0,512;-2,635
"despedida";-0,983;0,835;-0,512;0,177
"desobediência";-0,737;2,034;1,443;-1,976
"desobedecer";-0,983;9,691;-0,512;-2,635
"desnudar";-0,737;-1,239;1,443;0,911
"desmaiar";-0,983;4,054;0,742;-2,635
"desgaste";-0,983;-1,652;31,266;-2,635
"desgastado";-0,983;9,691;-0,512;-2,635
"desestímulo";4,175;0,025;-0,384;-1,976
"descolar";-0,983;-1,652;-0,512;6,074
"descoberto";-0,983;9,691;-0,512;-2,635
"desacreditar";-0,983;-0,034;-0,512;2,081
"des";0,07;-1,652;5,944;-0,362
"derreter";0,07;0,835;-0,512;-0,362
"derrame";-0,737;7,268;-0,384;-1,976
"deputar";16,28;-1,652;-0,512;-2,635
"demonizando";-0,983;-1,652;0,742;2,081
"delito";-0,983;-1,652;16,119;-0,362
"delimitar";2,315;-1,652;-0,512;0,177
"deix";2,315;-0,034;0,742;-2,635
"deceu";2,315;-1,652;0,742;-0,362
"dcs";4,175;-1,239;-0,384;-0,051
"dançarino";-0,737;-1,239;-0,384;4,555
"cúpula";0,07;-1,652;0,742;0,177
"cálice";-0,983;9,691;-0,512;-2,635
"cv";-0,983;-1,652;31,266;-2,635
"cutucar";-0,983;0,835;0,742;-0,362
"cut";-0,983;-0,034;5,944;-0,362
"custeio";16,28;-1,652;-0,512;-2,635
"crescido";0,07;0,835;-0,512;-0,362
"cravar";-0,737;2,034;-0,384;-0,051
"cpack";-0,737;-1,239;-0,384;4,555
"cozinheiro";-0,983;-1,652;0,742;2,081
"cosmovisão";-0,983;-0,034;-0,512;2,081
"cortado";0,351;0,025;-0,384;-0,051
"corroborar";2,315;-1,652;0,742;-0,362
"corretamente";-0,983;4,054;0,742;-2,635
"corporativo";-0,983;-1,652;31,266;-2,635
"copacabana";-0,983;-1,652;0,742;2,081
"convênio";7,719;-1,652;-0,512;-0,362
"contrariar";0,07;0,835;-0,512;-0,362
"continente";-0,983;0,835;-0,512;0,177
"contabilidade";2,315;-1,652;0,742;-0,362
"consumo";0,351;0,025;-0,384;-0,051
"consolidado";0,07;-0,034;-0,512;0,177
"consciente";0,351;2,034;-0,384;-1,976
"conotação";-0,983;-1,652;-0,512;6,074
"conformidade";4,175;0,025;-0,384;-1,976
"confirmação";0,07;4,054;-0,512;-2,635
"confiante";0,07;4,054;-0,512;-2,635
"condicionar";7,719;-0,034;-0,512;-2,635
"concorrente";0,07;-1,652;0,742;0,177
"conciliação";0,07;-0,034;-0,512;0,177
"concentrar";-0,983;4,054;-0,512;-0,362
"concentrado";0,07;-0,034;-0,512;0,177
"conceituação";0,07;-1,652;-0,512;2,081
"comprovante";0,351;-1,239;-0,384;0,911
"competitividade";0,07;-1,652;-0,512;2,081
"comover";0,07;-0,034;0,742;-0,362
"communis";-0,737;-1,239;1,443;0,911
"columbri";-0,983;-1,652;31,266;-2,635
"columb";0,07;-1,652;16,119;-2,635
"colombiano";-0,983;-1,652;0,742;2,081
"coletar";2,315;-1,652;-0,512;0,177
"coincidente";-0,737;-1,239;-0,384;4,555
"cobertor";-0,983;-0,034;0,742;0,177
"coach";-0,983;0,835;-0,512;0,177
"clínica";-0,737;-1,239;-0,384;4,555
"cláudia";0,07;-1,652;-0,512;2,081
"clique";0,07;-1,652;-0,512;2,081
"clemência";-0,983;-1,652;16,119;-0,362
"cl";-0,737;-1,239;9,131;-0,051
"cintura";-0,983;-1,652;0,742;2,081
"churchill";-0,983;-1,652;-0,512;6,074
"chuchu";-0,737;0,025;-0,384;0,911
"chorão";-0,983;9,691;-0,512;-2,635
"choque";-0,983;-1,652;-0,512;6,074
"chip";-0,983;-0,034;-0,512;2,081
"cheia";-0,983;4,054;-0,512;-0,362
"chacoalhar";-0,983;9,691;-0,512;-2,635
"certeiro";-0,983;0,835;-0,512;0,177
"cação";-0,983;-1,652;0,742;2,081
"caçador";0,351;-1,239;-0,384;0,911
"castração";7,719;-1,652;0,742;-2,635
"castanho";-0,737;0,025;-0,384;0,911
"cassiano";-0,983;9,691;-0,512;-2,635
"carência";0,07;-0,034;-0,512;0,177
"carreata";-0,737;-1,239;1,443;0,911
"caricatura";-0,983;-1,652;16,119;-0,362
"capuz";-0,983;-1,652;0,742;2,081
"capela";-0,983;9,691;-0,512;-2,635
"capacho";12,209;-1,239;-0,384;-1,976
"canário";4,175;-1,239;-0,384;-0,051
"campagnolo";-0,983;-1,652;-0,512;6,074
"camp";16,28;-1,652;-0,512;-2,635
"caminhoneiro";-0,983;-1,652;0,742;2,081
"camargo";-0,983;-1,652;0,742;2,081
"calvino";-0,737;2,034;1,443;-1,976
"caluniar";-0,983;-0,034;-0,512;2,081
"calouro";16,28;-1,652;-0,512;-2,635
"calmo";-0,983;-1,652;5,944;0,177
"calcular";2,315;-1,652;0,742;-0,362
"calamidade";7,719;-0,034;-0,512;-2,635
"caiado";4,175;-1,239;-0,384;-0,051
"cade";2,315;-0,034;0,742;-2,635
"cabine";12,209;-1,239;-0,384;-1,976
"cabal";0,07;-0,034;0,742;-0,362
"bêbado";-0,983;-0,034;0,742;0,177
"bruto";-0,737;-1,239;-0,384;4,555
"brotar";-0,983;9,691;-0,512;-2,635
"bronca";-0,983;9,691;-0,512;-2,635
"bqu";16,28;-1,652;-0,512;-2,635
"boxeador";0,351;-1,239;1,443;-0,051
"borracha";-0,983;-1,652;31,266;-2,635
"bolívia";0,07;-1,652;-0,512;2,081
"bolsonaroista";-0,737;-1,239;1,443;0,911
"bolar";-0,983;-1,652;0,742;2,081
"bncc";16,28;-1,652;-0,512;-2,635
"blumenau";2,315;-0,034;-0,512;-0,362
"bispo";-0,983;0,835;0,742;-0,362
"birra";-0,983;-0,034;5,944;-0,362
"birin";12,209;-1,239;-0,384;-1,976
"bill";-0,737;0,025;1,443;-0,051
"bilheteria";-0,983;-1,652;-0,512;6,074
"bigode";-0,737;-1,239;-0,384;4,555
"biden";-0,983;-1,652;5,944;0,177
"betim";0,07;-1,652;16,119;-2,635
"beneficiário";7,719;-1,652;-0,512;-0,362
"belinski";16,28;-1,652;-0,512;-2,635
"bel";0,07;-0,034;-0,512;0,177
"bbc";-0,737;-1,239;1,443;0,911
"bayer";16,28;-1,652;-0,512;-2,635
"batalhão";-0,983;-1,652;-0,512;6,074
"basquete";-0,737;-1,239;-0,384;4,555
"barricada";2,315;-1,652;-0,512;0,177
"barata";0,351;-1,239;-0,384;0,911
"banir";0,351;-1,239;-0,384;0,911
"bandeja";0,07;-0,034;-0,512;0,177
"banalizar";2,315;-0,034;-0,512;-0,362
"balão";0,07;-1,652;-0,512;2,081
"babaca";-0,983;-1,652;0,742;2,081
"aéreo";-0,983;-1,652;-0,512;6,074
"azevedo";-0,983;-0,034;16,119;-2,635
"azeite";-0,737;2,034;-0,384;-0,051
"aventura";-0,983;9,691;-0,512;-2,635
"autônomo";0,07;-0,034;0,742;-0,362
"autêntico";0,351;-1,239;-0,384;0,911
"austrália";0,351;-1,239;-0,384;0,911
"ausente";0,07;-1,652;0,742;0,177
"audição";2,315;-1,652;-0,512;0,177
"auditório";2,315;-1,652;-0,512;0,177
"atemporal";-0,983;9,691;-0,512;-2,635
"ata";4,175;-1,239;-0,384;-0,051
"assis";0,07;-1,652;-0,512;2,081
"assimilar";7,719;-1,652;-0,512;-0,362
"assemelhar";0,07;-1,652;0,742;0,177
"assembleiana";-0,983;9,691;-0,512;-2,635
"artifício";4,175;-1,239;-0,384;-0,051
"articulado";2,315;-1,652;5,944;-2,635
"arrepiar";-0,737;2,034;-0,384;-0,051
"arrastar";0,07;-0,034;-0,512;0,177
"arpar";-0,983;9,691;-0,512;-2,635
"arbítrio";16,28;-1,652;-0,512;-2,635
"arauto";-0,983;0,835;0,742;-0,362
"aqu";-0,983;9,691;-0,512;-2,635
"apático";-0,983;0,835;-0,512;0,177
"apreciar";7,719;-1,652;-0,512;-0,362
"aperto";-0,737;0,025;-0,384;0,911
"apensar";16,28;-1,652;-0,512;-2,635
"apelido";-0,737;0,025;-0,384;0,911
"apec";12,209;-1,239;-0,384;-1,976
"anuência";4,175;-1,239;1,443;-1,976
"antiguidade";0,07;0,835;-0,512;-0,362
"antagônico";0,351;-1,239;-0,384;0,911
"anna";-0,737;-1,239;1,443;0,911
"anexar";-0,983;-1,652;0,742;2,081
"amo";2,315;0,835;-0,512;-2,635
"ambulância";-0,983;-0,034;-0,512;2,081
"amanhecer";-0,983;4,054;-0,512;-0,362
"amaldiçoar";-0,983;9,691;-0,512;-2,635
"altamente";0,07;-1,652;-0,512;2,081
"almejar";0,07;0,835;-0,512;-0,362
"aliviar";-0,983;4,054;0,742;-2,635
"alienado";-0,983;-1,652;0,742;2,081
"alegação";2,315;-1,652;0,742;-0,362
"alcol";0,07;-1,652;5,944;-0,362
"ajuste";16,28;-1,652;-0,512;-2,635
"agulha";-0,737;-1,239;1,443;0,911
"aguerrido";2,315;-1,652;-0,512;0,177
"agricultura";-0,983;-1,652;5,944;0,177
"agonia";-0,983;0,835;-0,512;0,177
"agitado";-0,983;4,054;-0,512;-0,362
"afligir";0,07;-1,652;-0,512;2,081
"afirmativo";4,175;-1,239;1,443;-1,976
"afiado";-0,737;7,268;-0,384;-1,976
"afastamento";2,315;-1,652;0,742;-0,362
"advocacia";-0,983;-1,652;-0,512;6,074
"adotado";0,351;0,025;1,443;-1,976
"administrador";-0,983;-1,652;-0,512;6,074
"adir";0,07;0,835;-0,512;-0,362
"adeus";0,07;4,054;-0,512;-2,635
"acuar";-0,983;9,691;-0,512;-2,635
"acovardar";-0,983;4,054;-0,512;-0,362
"aceso";-0,983;9,691;-0,512;-2,635
"acelerado";0,07;-0,034;-0,512;0,177
"absorvente";12,209;-1,239;-0,384;-1,976
"abrangência";16,28;-1,652;-0,512;-2,635
"abim";2,315;-1,652;0,742;-0,362
"abastecer";-0,983;0,835;0,742;-0,362
"abar";-0,983;0,835;0,742;-0,362
"3s";2,315;-1,652;0,742;-0,362
"1eo";0,07;4,054;-0,512;-2,635
"ímpeto";-0,737;-1,239;1,443;0,911
"étnico";12,209;-1,239;-0,384;-1,976
"éo";0,351;-1,239;1,443;-0,051
"ângulo";0,351;0,025;-0,384;-0,051
"áureo";-0,737;-1,239;1,443;0,911
"álbum";-0,737;0,025;-0,384;0,911
"www";-0,737;-1,239;9,131;-0,051
"véspera";0,351;-1,239;1,443;-0,051
"vão";-0,737;7,268;-0,384;-1,976
"vulto";-0,737;0,025;-0,384;0,911
"vulgo";-0,737;7,268;-0,384;-1,976
"voador";-0,737;-1,239;-0,384;4,555
"vio";4,175;-1,239;-0,384;-0,051
"vinícius";0,351;-1,239;-0,384;0,911
"vinculação";12,209;-1,239;-0,384;-1,976
"vietnã";-0,737;-1,239;-0,384;4,555
"vidar";-0,737;2,034;-0,384;-0,051
"viciar";0,351;-1,239;1,443;-0,051
"vicepresidente";12,209;-1,239;-0,384;-1,976
"vexatório";-0,737;-1,239;1,443;0,911
"veloso";0,351;-1,239;-0,384;0,911
"velado";0,351;-1,239;-0,384;0,911
"validação";12,209;-1,239;-0,384;-1,976
"validar";0,351;0,025;-0,384;-0,051
"valdemar";4,175;-1,239;-0,384;-0,051
"valando";-0,737;0,025;-0,384;0,911
"valadares";12,209;-1,239;-0,384;-1,976
"vaiar";0,351;0,025;-0,384;-0,051
"utilidade";-0,737;-1,239;-0,384;4,555
"ustra";-0,737;-1,239;9,131;-0,051
"usp";4,175;-1,239;-0,384;-0,051
"unicef";4,175;-1,239;-0,384;-0,051
"unha";-0,737;0,025;1,443;-0,051
"umbanda";0,351;0,025;-0,384;-0,051
"umaa";0,351;2,034;-0,384;-1,976
"tronco";-0,737;2,034;-0,384;-0,051
"trilogia";-0,737;0,025;-0,384;0,911
"tridente";-0,737;0,025;-0,384;0,911
"tricon";4,175;0,025;-0,384;-1,976
"trepar";-0,737;-1,239;-0,384;4,555
"tre";0,351;-1,239;1,443;-0,051
"travestidos";4,175;-1,239;-0,384;-0,051
"travado";0,351;2,034;-0,384;-1,976
"transparente";-0,737;-1,239;9,131;-0,051
"transcender";-0,737;0,025;-0,384;0,911
"transcendente";-0,737;-1,239;-0,384;4,555
"tramar";-0,737;0,025;1,443;-0,051
"tormenta";-0,737;7,268;-0,384;-1,976
"tora";4,175;-1,239;-0,384;-0,051
"topar";0,351;0,025;-0,384;-0,051
"tonieto";12,209;-1,239;-0,384;-1,976
"toni";12,209;-1,239;-0,384;-1,976
"tombar";-0,737;-1,239;9,131;-0,051
"tolo";-0,737;0,025;1,443;-0,051
"tocante";4,175;0,025;-0,384;-1,976
"toada";-0,737;0,025;1,443;-0,051
"tirano";-0,737;0,025;1,443;-0,051
"timidez";-0,737;0,025;-0,384;0,911
"tigrão";-0,737;-1,239;1,443;0,911
"thgo";-0,737;-1,239;9,131;-0,051
"teólogo";0,351;0,025;-0,384;-0,051
"texas";-0,737;0,025;-0,384;0,911
"terramoto";-0,737;0,025;1,443;-0,051
"terceirizado";4,175;-1,239;-0,384;-0,051
"teor";12,209;-1,239;-0,384;-1,976
"tenso";-0,737;0,025;-0,384;0,911
"tenente";-0,737;-1,239;1,443;0,911
"temperatura";-0,737;0,025;-0,384;0,911
"temperamento";-0,737;0,025;-0,384;0,911
"telepresencial";12,209;-1,239;-0,384;-1,976
"teixeira";12,209;-1,239;-0,384;-1,976
"tecnicamente";4,175;-1,239;-0,384;-0,051
"tdh";12,209;-1,239;-0,384;-1,976
"tax";-0,737;-1,239;-0,384;4,555
"tarc";12,209;-1,239;-0,384;-1,976
"talíria";12,209;-1,239;-0,384;-1,976
"tacis";12,209;-1,239;-0,384;-1,976
"sátrapas";-0,737;7,268;-0,384;-1,976
"swat";-0,737;-1,239;-0,384;4,555
"surto";-0,737;-1,239;-0,384;4,555
"surtir";0,351;-1,239;-0,384;0,911
"surpreendente";-0,737;-1,239;1,443;0,911
"superficial";-0,737;7,268;-0,384;-1,976
"superação";12,209;-1,239;-0,384;-1,976
"superavit";-0,737;-1,239;9,131;-0,051
"sujeitar";4,175;0,025;-0,384;-1,976
"sugar";-0,737;0,025;1,443;-0,051
"sufocado";0,351;0,025;-0,384;-0,051
"substituto";4,175;-1,239;-0,384;-0,051
"subsistir";0,351;2,034;-0,384;-1,976
"sublime";-0,737;7,268;-0,384;-1,976
"subescrever";12,209;-1,239;-0,384;-1,976
"suado";-0,737;0,025;1,443;-0,051
"steven";-0,737;-1,239;-0,384;4,555
"st";-0,737;0,025;1,443;-0,051
"spurgeon";-0,737;2,034;-0,384;-0,051
"spray";4,175;-1,239;1,443;-1,976
"sp";-0,737;0,025;-0,384;0,911
"soria";12,209;-1,239;-0,384;-1,976
"sonça";-0,737;-1,239;1,443;0,911
"solteiro";-0,737;0,025;-0,384;0,911
"solidário";-0,737;0,025;1,443;-0,051
"solicitado";12,209;-1,239;-0,384;-1,976
"soja";-0,737;0,025;-0,384;0,911
"sogro";-0,737;0,025;1,443;-0,051
"sofisticação";-0,737;-1,239;-0,384;4,555
"sobriedade";0,351;-1,239;1,443;-0,051
"soberbo";-0,737;2,034;-0,384;-0,051
"soares";-0,737;0,025;1,443;-0,051
"sintoma";-0,737;-1,239;1,443;0,911
"singapura";12,209;-1,239;-0,384;-1,976
"sindicância";-0,737;-1,239;-0,384;4,555
"sindicalismo";4,175;-1,239;-0,384;-0,051
"similaridade";-0,737;-1,239;-0,384;4,555
"sid";-0,737;-1,239;9,131;-0,051
"shopee";4,175;-1,239;1,443;-1,976
"sereia";-0,737;-1,239;-0,384;4,555
"sepultura";-0,737;7,268;-0,384;-1,976
"sentadinho";-0,737;0,025;-0,384;0,911
"sensitivo";0,351;0,025;-0,384;-0,051
"selvagem";-0,737;0,025;-0,384;0,911
"seletividade";-0,737;-1,239;-0,384;4,555
"seguridade";12,209;-1,239;-0,384;-1,976
"segur";4,175;0,025;-0,384;-1,976
"segmento";0,351;0,025;-0,384;-0,051
"script";-0,737;-1,239;9,131;-0,051
"sarça";-0,737;7,268;-0,384;-1,976
"sardinha";-0,737;-1,239;-0,384;4,555
"santuário";-0,737;0,025;-0,384;0,911
"samba";-0,737;0,025;-0,384;0,911
"sam";12,209;-1,239;-0,384;-1,976
"salgado";-0,737;-1,239;9,131;-0,051
"sacola";0,351;0,025;-0,384;-0,051
"sabão";-0,737;-1,239;1,443;0,911
"saad";-0,737;2,034;-0,384;-0,051
"ruína";-0,737;2,034;1,443;-1,976
"roupagem";-0,737;-1,239;1,443;0,911
"rotulação";-0,737;-1,239;1,443;0,911
"rond";4,175;-1,239;-0,384;-0,051
"rolo";-0,737;-1,239;-0,384;4,555
"rojão";4,175;0,025;-0,384;-1,976
"rodolfo";0,351;-1,239;1,443;-0,051
"rigoroso";0,351;-1,239;1,443;-0,051
"rigor";-0,737;0,025;1,443;-0,051
"richard";-0,737;-1,239;-0,384;4,555
"reunido";4,175;0,025;-0,384;-1,976
"retrasar";0,351;0,025;1,443;-1,976
"retenção";-0,737;-1,239;-0,384;4,555
"respirador";-0,737;-1,239;9,131;-0,051
"reprimir";-0,737;-1,239;23,449;-1,976
"representativo";4,175;-1,239;-0,384;-0,051
"reposição";4,175;-1,239;-0,384;-0,051
"repetência";12,209;-1,239;-0,384;-1,976
"repartição";0,351;0,025;1,443;-1,976
"reparação";0,351;0,025;-0,384;-0,051
"renato";4,175;-1,239;-0,384;-0,051
"remunerar";4,175;-1,239;-0,384;-0,051
"remorso";-0,737;0,025;-0,384;0,911
"relâmpago";-0,737;0,025;-0,384;0,911
"relat";12,209;-1,239;-0,384;-1,976
"regularmente";0,351;-1,239;9,131;-1,976
"regulamento";4,175;-1,239;-0,384;-0,051
"regenerar";-0,737;2,034;-0,384;-0,051
"refugiar";-0,737;-1,239;1,443;0,911
"refazer";0,351;0,025;1,443;-1,976
"reerguer";-0,737;7,268;-0,384;-1,976
"recíproco";-0,737;7,268;-0,384;-1,976
"recorrente";0,351;-1,239;-0,384;0,911
"reconstrutor";-0,737;7,268;-0,384;-1,976
"reclusão";-0,737;-1,239;23,449;-1,976
"recife";-0,737;0,025;1,443;-0,051
"rebelião";-0,737;0,025;-0,384;0,911
"raymond";12,209;-1,239;-0,384;-1,976
"ramá";4,175;-1,239;1,443;-1,976
"ram";0,351;0,025;1,443;-1,976
"ralar";-0,737;-1,239;1,443;0,911
"radar";-0,737;-1,239;-0,384;4,555
"rabo";-0,737;0,025;-0,384;0,911
"quintis";12,209;-1,239;-0,384;-1,976
"quim";12,209;-1,239;-0,384;-1,976
"quiabo";-0,737;2,034;-0,384;-0,051
"quest";12,209;-1,239;-0,384;-1,976
"quea";4,175;0,025;-0,384;-1,976
"quantitativo";0,351;2,034;-0,384;-1,976
"qualificação";0,351;0,025;-0,384;-0,051
"públic";4,175;-1,239;-0,384;-0,051
"públ";12,209;-1,239;-0,384;-1,976
"pêndulo";-0,737;7,268;-0,384;-1,976
"putz";-0,737;-1,239;-0,384;4,555
"pulseira";4,175;-1,239;-0,384;-0,051
"pstu";0,351;-1,239;-0,384;0,911
"provável";-0,737;0,025;-0,384;0,911
"provação";0,351;0,025;-0,384;-0,051
"proteína";-0,737;-1,239;1,443;0,911
"protegê";4,175;0,025;-0,384;-1,976
"prostrado";-0,737;7,268;-0,384;-1,976
"proprietário";0,351;-1,239;-0,384;0,911
"propriamente";-0,737;0,025;-0,384;0,911
"propositivo";0,351;0,025;-0,384;-0,051
"proporcionar";0,351;0,025;-0,384;-0,051
"pronúncia";4,175;-1,239;-0,384;-0,051
"promiscuidade";0,351;0,025;-0,384;-0,051
"programático";4,175;-1,239;-0,384;-0,051
"priorização";12,209;-1,239;-0,384;-1,976
"prioritariamente";12,209;-1,239;-0,384;-1,976
"prints";-0,737;0,025;1,443;-0,051
"presunçoso";-0,737;7,268;-0,384;-1,976
"preservação";0,351;0,025;-0,384;-0,051
"presbiteriano";-0,737;0,025;-0,384;0,911
"premissa";4,175;-1,239;1,443;-1,976
"preira";-0,737;-1,239;23,449;-1,976
"preferência";0,351;0,025;-0,384;-0,051
"precisão";0,351;2,034;-0,384;-1,976
"precis";0,351;0,025;-0,384;-0,051
"preceito";0,351;0,025;-0,384;-0,051
"precatório";-0,737;0,025;9,131;-1,976
"pre";4,175;0,025;-0,384;-1,976
"pousada";-0,737;-1,239;9,131;-0,051
"posterior";0,351;0,025;1,443;-1,976
"posicionarmos";-0,737;7,268;-0,384;-1,976
"porão";0,351;0,025;-0,384;-0,051
"porcentagem";-0,737;-1,239;-0,384;4,555
"polônia";-0,737;-1,239;-0,384;4,555
"politicagem";-0,737;-1,239;-0,384;4,555
"polar";-0,737;-1,239;-0,384;4,555
"podero";-0,737;7,268;-0,384;-1,976
"podcasts";-0,737;-1,239;1,443;0,911
"podar";0,351;0,025;-0,384;-0,051
"pnld";12,209;-1,239;-0,384;-1,976
"pmdb";0,351;-1,239;9,131;-1,976
"plantação";-0,737;-1,239;1,443;0,911
"plan";-0,737;0,025;-0,384;0,911
"pizza";-0,737;-1,239;-0,384;4,555
"pitágoras";-0,737;-1,239;-0,384;4,555
"pitaco";0,351;0,025;-0,384;-0,051
"pistola";0,351;-1,239;1,443;-0,051
"pirar";-0,737;-1,239;-0,384;4,555
"pinta";-0,737;-1,239;1,443;0,911
"pimentel";4,175;-1,239;-0,384;-0,051
"picuinha";-0,737;0,025;-0,384;0,911
"pibid";12,209;-1,239;-0,384;-1,976
"phd";-0,737;-1,239;-0,384;4,555
"petrolão";-0,737;-1,239;9,131;-0,051
"petralhada";-0,737;-1,239;1,443;0,911
"pet";0,351;-1,239;-0,384;0,911
"peste";-0,737;2,034;-0,384;-0,051
"pessimista";-0,737;-1,239;-0,384;4,555
"pesca";-0,737;-1,239;23,449;-1,976
"pervertido";-0,737;0,025;-0,384;0,911
"perturbar";0,351;2,034;-0,384;-1,976
"persuadir";0,351;2,034;-0,384;-1,976
"persistente";0,351;-1,239;-0,384;0,911
"perseguido";-0,737;0,025;9,131;-1,976
"persecutório";0,351;0,025;1,443;-1,976
"perdurar";4,175;0,025;-0,384;-1,976
"peraí";-0,737;0,025;-0,384;0,911
"pentecoste";-0,737;7,268;-0,384;-1,976
"penoso";-0,737;-1,239;-0,384;4,555
"peleja";-0,737;7,268;-0,384;-1,976
"peculiar";0,351;-1,239;-0,384;0,911
"paul";12,209;-1,239;-0,384;-1,976
"patrocínio";-0,737;0,025;9,131;-1,976
"patrick";-0,737;-1,239;23,449;-1,976
"patologia";-0,737;2,034;-0,384;-0,051
"passador";-0,737;0,025;1,443;-0,051
"pascal";-0,737;0,025;-0,384;0,911
"parêntese";0,351;-1,239;1,443;-0,051
"particularmente";-0,737;-1,239;9,131;-0,051
"paridade";12,209;-1,239;-0,384;-1,976
"paraquedas";-0,737;0,025;-0,384;0,911
"parafuso";-0,737;-1,239;-0,384;4,555
"palestrar";-0,737;0,025;-0,384;0,911
"palavreado";-0,737;-1,239;-0,384;4,555
"palatável";-0,737;-1,239;-0,384;4,555
"paladino";0,351;-1,239;-0,384;0,911
"pack";4,175;-1,239;-0,384;-0,051
"ovulando";-0,737;-1,239;1,443;0,911
"ouvidoria";-0,737;-1,239;9,131;-0,051
"ouv";0,351;0,025;-0,384;-0,051
"otávio";4,175;0,025;-0,384;-1,976
"ostensivo";-0,737;-1,239;-0,384;4,555
"osos";0,351;0,025;-0,384;-0,051
"oscar";0,351;-1,239;-0,384;0,911
"ortiz";4,175;-1,239;1,443;-1,976
"origami";-0,737;-1,239;-0,384;4,555
"oriente";-0,737;-1,239;-0,384;4,555
"orientador";4,175;-1,239;-0,384;-0,051
"ordeiro";-0,737;-1,239;9,131;-0,051
"operandi";-0,737;-1,239;-0,384;4,555
"operacionalização";4,175;-1,239;-0,384;-0,051
"operacional";0,351;-1,239;9,131;-1,976
"opcional";12,209;-1,239;-0,384;-1,976
"ona";0,351;-1,239;-0,384;0,911
"ofensor";-0,737;7,268;-0,384;-1,976
"objetifica";-0,737;-1,239;-0,384;4,555
"obg";4,175;-1,239;1,443;-1,976
"nutella";-0,737;0,025;-0,384;0,911
"numeracia";12,209;-1,239;-0,384;-1,976
"norteador";-0,737;-1,239;-0,384;4,555
"nordestino";0,351;-1,239;-0,384;0,911
"noos";-0,737;7,268;-0,384;-1,976
"ninho";-0,737;0,025;-0,384;0,911
"ni";0,351;0,025;1,443;-1,976
"neutralidade";0,351;-1,239;1,443;-0,051
"nero";-0,737;-1,239;1,443;0,911
"neofascismo";-0,737;-1,239;1,443;0,911
"negreiro";-0,737;-1,239;1,443;0,911
"negativamente";0,351;0,025;-0,384;-0,051
"nefasto";4,175;-1,239;1,443;-1,976
"ne";4,175;0,025;-0,384;-1,976
"nc";0,351;-1,239;1,443;-0,051
"navegar";-0,737;2,034;1,443;-1,976
"narina";-0,737;7,268;-0,384;-1,976
"napoleão";-0,737;-1,239;1,443;0,911
"naim";-0,737;-1,239;23,449;-1,976
"nadalim";12,209;-1,239;-0,384;-1,976
"métrico";12,209;-1,239;-0,384;-1,976
"márcio";0,351;-1,239;1,443;-0,051
"murmuração";-0,737;7,268;-0,384;-1,976
"mural";4,175;-1,239;-0,384;-0,051
"multiplicação";4,175;0,025;-0,384;-1,976
"mqua";12,209;-1,239;-0,384;-1,976
"mozes";4,175;-1,239;-0,384;-0,051
"motociatas";-0,737;-1,239;-0,384;4,555
"motoboy";-0,737;-1,239;1,443;0,911
"mortalidade";-0,737;0,025;-0,384;0,911
"moreira";-0,737;0,025;-0,384;0,911
"morato";-0,737;-1,239;-0,384;4,555
"morales";-0,737;0,025;1,443;-0,051
"monólogo";-0,737;7,268;-0,384;-1,976
"montagem";-0,737;-1,239;-0,384;4,555
"montado";-0,737;-1,239;-0,384;4,555
"monopolista";0,351;-1,239;-0,384;0,911
"molhadinha";0,351;-1,239;-0,384;0,911
"molecagem";-0,737;-1,239;-0,384;4,555
"moinho";-0,737;0,025;9,131;-1,976
"moer";12,209;-1,239;-0,384;-1,976
"modus";-0,737;-1,239;-0,384;4,555
"mochila";-0,737;-1,239;-0,384;4,555
"mitigar";12,209;-1,239;-0,384;-1,976
"mita";0,351;-1,239;-0,384;0,911
"milímetro";-0,737;0,025;1,443;-0,051
"midiática";-0,737;-1,239;9,131;-0,051
"midian";-0,737;2,034;-0,384;-0,051
"mexicano";-0,737;-1,239;-0,384;4,555
"metodológico";12,209;-1,239;-0,384;-1,976
"metido";-0,737;7,268;-0,384;-1,976
"merendeiro";12,209;-1,239;-0,384;-1,976
"mequon";12,209;-1,239;-0,384;-1,976
"meola";12,209;-1,239;-0,384;-1,976
"mentoria";0,351;0,025;-0,384;-0,051
"mensurável";12,209;-1,239;-0,384;-1,976
"mensurar";4,175;0,025;-0,384;-1,976
"menezes";0,351;-1,239;1,443;-0,051
"melodia";0,351;0,025;-0,384;-0,051
"meirelles";-0,737;-1,239;1,443;0,911
"megafone";-0,737;7,268;-0,384;-1,976
"meditação";-0,737;2,034;-0,384;-0,051
"mediano";0,351;2,034;-0,384;-1,976
"medalha";-0,737;0,025;1,443;-0,051
"mazela";4,175;0,025;-0,384;-1,976
"matheus";-0,737;2,034;-0,384;-0,051
"mastigar";-0,737;-1,239;-0,384;4,555
"martino";-0,737;2,034;-0,384;-0,051
"marra";-0,737;0,025;-0,384;0,911
"marionete";-0,737;-1,239;1,443;0,911
"marginal";4,175;-1,239;-0,384;-0,051
"marcon";0,351;-1,239;1,443;-0,051
"marcel";-0,737;-1,239;23,449;-1,976
"marcante";-0,737;0,025;-0,384;0,911
"maquiar";-0,737;0,025;1,443;-0,051
"maquiagem";-0,737;-1,239;-0,384;4,555
"mansão";-0,737;0,025;-0,384;0,911
"manicure";0,351;-1,239;9,131;-1,976
"mandante";-0,737;-1,239;23,449;-1,976
"mama";0,351;-1,239;1,443;-0,051
"malvado";-0,737;-1,239;1,443;0,911
"malicioso";0,351;-1,239;-0,384;0,911
"maldoso";-0,737;-1,239;-0,384;4,555
"majoritariamente";0,351;2,034;-0,384;-1,976
"maestria";4,175;0,025;-0,384;-1,976
"madeira";-0,737;0,025;-0,384;0,911
"machado";0,351;0,025;-0,384;-0,051
"lúcia";-0,737;-1,239;23,449;-1,976
"lápis";-0,737;0,025;-0,384;0,911
"lup";0,351;-1,239;9,131;-1,976
"luna";-0,737;-1,239;23,449;-1,976
"luan";-0,737;-1,239;-0,384;4,555
"louvarmos";-0,737;7,268;-0,384;-1,976
"loucamente";-0,737;0,025;-0,384;0,911
"logoterapia";-0,737;0,025;-0,384;0,911
"locomotiva";-0,737;-1,239;-0,384;4,555
"livremente";0,351;0,025;-0,384;-0,051
"liso";-0,737;0,025;1,443;-0,051
"linguístico";0,351;-1,239;-0,384;0,911
"licenciar";4,175;-1,239;1,443;-1,976
"liberalismo";-0,737;-1,239;-0,384;4,555
"lento";-0,737;0,025;-0,384;0,911
"lembrado";-0,737;2,034;-0,384;-0,051
"leira";-0,737;-1,239;23,449;-1,976
"leila";-0,737;-1,239;-0,384;4,555
"legume";0,351;-1,239;-0,384;0,911
"legalmente";4,175;-1,239;1,443;-1,976
"legalidade";-0,737;-1,239;1,443;0,911
"lavado";-0,737;0,025;1,443;-0,051
"laura";12,209;-1,239;-0,384;-1,976
"laudo";-0,737;-1,239;9,131;-0,051
"lastro";4,175;0,025;-0,384;-1,976
"lane";-0,737;-1,239;-0,384;4,555
"lamentavelmente";4,175;-1,239;1,443;-1,976
"laicidade";12,209;-1,239;-0,384;-1,976
"lacrador";-0,737;-1,239;-0,384;4,555
"kisses";12,209;-1,239;-0,384;-1,976
"kataguiri";4,175;-1,239;-0,384;-0,051
"justicativa";12,209;-1,239;-0,384;-1,976
"junior";-0,737;-1,239;-0,384;4,555
"jundiaí";-0,737;2,034;-0,384;-0,051
"jun";-0,737;2,034;-0,384;-0,051
"juan";4,175;-1,239;-0,384;-0,051
"js";-0,737;-1,239;1,443;0,911
"joyce";-0,737;2,034;-0,384;-0,051
"joio";0,351;0,025;-0,384;-0,051
"joinville";4,175;-1,239;-0,384;-0,051
"jiu";-0,737;-1,239;-0,384;4,555
"jitsu";-0,737;-1,239;-0,384;4,555
"jezabel";-0,737;7,268;-0,384;-1,976
"jejuamos";-0,737;7,268;-0,384;-1,976
"jegue";-0,737;-1,239;-0,384;4,555
"jazer";-0,737;7,268;-0,384;-1,976
"japonês";-0,737;-1,239;-0,384;4,555
"israelita";-0,737;2,034;-0,384;-0,051
"isca";-0,737;-1,239;-0,384;4,555
"isabel";-0,737;2,034;1,443;-1,976
"irônico";-0,737;0,025;1,443;-0,051
"irritar";-0,737;0,025;-0,384;0,911
"irradiar";-0,737;2,034;-0,384;-0,051
"inóspito";-0,737;7,268;-0,384;-1,976
"invertido";0,351;-1,239;1,443;-0,051
"inverno";-0,737;-1,239;1,443;0,911
"invenção";-0,737;-1,239;-0,384;4,555
"invasor";-0,737;-1,239;1,443;0,911
"invadido";0,351;0,025;1,443;-1,976
"inusitado";-0,737;2,034;-0,384;-0,051
"introdutório";-0,737;-1,239;-0,384;4,555
"intervalo";0,351;-1,239;1,443;-0,051
"interrogação";-0,737;-1,239;-0,384;4,555
"internautas";0,351;-1,239;-0,384;0,911
"interditar";4,175;-1,239;-0,384;-0,051
"intercalar";0,351;-1,239;-0,384;0,911
"intento";12,209;-1,239;-0,384;-1,976
"inteiramente";-0,737;2,034;-0,384;-0,051
"insuficiente";12,209;-1,239;-0,384;-1,976
"instrumentalização";12,209;-1,239;-0,384;-1,976
"instauração";12,209;-1,239;-0,384;-1,976
"inspetor";12,209;-1,239;-0,384;-1,976
"insistência";-0,737;0,025;-0,384;0,911
"insistente";-0,737;7,268;-0,384;-1,976
"insatisfação";4,175;-1,239;-0,384;-0,051
"inquirir";0,351;-1,239;9,131;-1,976
"injúria";0,351;2,034;-0,384;-1,976
"ingrato";-0,737;0,025;-0,384;0,911
"infrutífero";-0,737;2,034;-0,384;-0,051
"infringir";0,351;2,034;-0,384;-1,976
"informático";12,209;-1,239;-0,384;-1,976
"informática";4,175;-1,239;-0,384;-0,051
"infalível";-0,737;7,268;-0,384;-1,976
"inexistência";4,175;-1,239;1,443;-1,976
"inerte";0,351;-1,239;1,443;-0,051
"inerente";4,175;-1,239;-0,384;-0,051
"indispensável";12,209;-1,239;-0,384;-1,976
"indigno";0,351;0,025;-0,384;-0,051
"indenização";12,209;-1,239;-0,384;-1,976
"indefinido";0,351;-1,239;9,131;-1,976
"indefeso";0,351;-1,239;1,443;-0,051
"incursão";0,351;-1,239;9,131;-1,976
"incorruptível";-0,737;7,268;-0,384;-1,976
"incorrer";-0,737;-1,239;23,449;-1,976
"inconformismo";-0,737;2,034;-0,384;-0,051
"incoerência";-0,737;-1,239;-0,384;4,555
"incitação";0,351;-1,239;1,443;-0,051
"incentivador";-0,737;2,034;1,443;-1,976
"incendiar";0,351;0,025;1,443;-1,976
"incapacidade";-0,737;0,025;-0,384;0,911
"imutável";-0,737;2,034;1,443;-1,976
"impuro";-0,737;7,268;-0,384;-1,976
"impossibilidade";0,351;0,025;-0,384;-0,051
"implicação";0,351;-1,239;-0,384;0,911
"implantá";-0,737;-1,239;-0,384;4,555
"implantamos";12,209;-1,239;-0,384;-1,976
"implacar";0,351;-1,239;9,131;-1,976
"impitma";-0,737;-1,239;23,449;-1,976
"imperfectibilidade";-0,737;-1,239;-0,384;4,555
"impedimento";-0,737;-1,239;9,131;-0,051
"iml";-0,737;-1,239;9,131;-0,051
"imersão";0,351;-1,239;-0,384;0,911
"imaginação";0,351;0,025;-0,384;-0,051
"ilícito";4,175;-1,239;1,443;-1,976
"ilhéu";-0,737;7,268;-0,384;-1,976
"igualitário";0,351;-1,239;1,443;-0,051
"idh";-0,737;0,025;1,443;-0,051
"identitária";-0,737;-1,239;-0,384;4,555
"iceberg";-0,737;0,025;1,443;-0,051
"ibg";4,175;-1,239;-0,384;-0,051
"hábil";0,351;-1,239;1,443;-0,051
"humanista";-0,737;2,034;1,443;-1,976
"hub";-0,737;-1,239;-0,384;4,555
"hou";4,175;0,025;-0,384;-1,976
"hostilizar";-0,737;-1,239;-0,384;4,555
"hospedar";-0,737;0,025;-0,384;0,911
"horrendo";-0,737;-1,239;9,131;-0,051
"hilda";-0,737;-1,239;1,443;0,911
"higiene";4,175;-1,239;-0,384;-0,051
"herodes";-0,737;-1,239;-0,384;4,555
"herdar";-0,737;0,025;9,131;-1,976
"habitação";-0,737;0,025;-0,384;0,911
"habilitar";0,351;0,025;1,443;-1,976
"gíria";-0,737;-1,239;1,443;0,911
"gza";12,209;-1,239;-0,384;-1,976
"guri";-0,737;0,025;1,443;-0,051
"guarulhos";0,351;2,034;-0,384;-1,976
"gta";-0,737;-1,239;-0,384;4,555
"grêmio";-0,737;-1,239;-0,384;4,555
"gritaria";-0,737;0,025;-0,384;0,911
"grand";-0,737;2,034;-0,384;-0,051
"granada";-0,737;-1,239;9,131;-0,051
"grampo";-0,737;-1,239;23,449;-1,976
"graduação";4,175;-1,239;-0,384;-0,051
"gra";0,351;0,025;-0,384;-0,051
"gloriar";-0,737;7,268;-0,384;-1,976
"globalistas";-0,737;0,025;1,443;-0,051
"globalista";-0,737;-1,239;1,443;0,911
"glo";0,351;-1,239;9,131;-1,976
"gl";0,351;0,025;1,443;-1,976
"gisele";12,209;-1,239;-0,384;-1,976
"girão";0,351;-1,239;9,131;-1,976
"gentili";-0,737;-1,239;-0,384;4,555
"generalizado";4,175;-1,239;-0,384;-0,051
"gemido";-0,737;7,268;-0,384;-1,976
"gees";-0,737;-1,239;23,449;-1,976
"gasoso";-0,737;-1,239;-0,384;4,555
"gargalo";12,209;-1,239;-0,384;-1,976
"gancho";-0,737;7,268;-0,384;-1,976
"game";-0,737;-1,239;-0,384;4,555
"galinha";-0,737;-1,239;-0,384;4,555
"galho";-0,737;0,025;-0,384;0,911
"gales";-0,737;2,034;-0,384;-0,051
"gado";-0,737;-1,239;-0,384;4,555
"fúria";-0,737;0,025;-0,384;0,911
"fértil";-0,737;7,268;-0,384;-1,976
"fábula";-0,737;0,025;-0,384;0,911
"furioso";-0,737;0,025;-0,384;0,911
"funks";-0,737;-1,239;-0,384;4,555
"funcionária";0,351;0,025;-0,384;-0,051
"fruta";-0,737;-1,239;-0,384;4,555
"frisar";4,175;0,025;-0,384;-1,976
"freitas";4,175;-1,239;-0,384;-0,051
"fragilizado";-0,737;2,034;-0,384;-0,051
"fortuna";-0,737;-1,239;1,443;0,911
"formosura";-0,737;7,268;-0,384;-1,976
"formador";0,351;-1,239;-0,384;0,911
"foquinha";-0,737;-1,239;1,443;0,911
"focalizar";12,209;-1,239;-0,384;-1,976
"flórida";0,351;-1,239;1,443;-0,051
"fluxo";-0,737;2,034;-0,384;-0,051
"fluminense";0,351;-1,239;-0,384;0,911
"florescer";-0,737;7,268;-0,384;-1,976
"finn";-0,737;-1,239;-0,384;4,555
"filtrar";-0,737;0,025;1,443;-0,051
"filiação";-0,737;0,025;9,131;-1,976
"fielmente";-0,737;2,034;1,443;-1,976
"festival";-0,737;0,025;-0,384;0,911
"ferver";-0,737;-1,239;-0,384;4,555
"feed";-0,737;-1,239;-0,384;4,555
"feder";0,351;0,025;-0,384;-0,051
"faxina";-0,737;-1,239;23,449;-1,976
"farsa";0,351;-1,239;9,131;-1,976
"fardo";-0,737;7,268;-0,384;-1,976
"fantasioso";0,351;-1,239;-0,384;0,911
"falecido";-0,737;0,025;-0,384;0,911
"falecer";-0,737;-1,239;1,443;0,911
"falcatrua";0,351;-1,239;1,443;-0,051
"fabrício";-0,737;-1,239;-0,384;4,555
"fabriciano";-0,737;0,025;-0,384;0,911
"fa";4,175;-1,239;1,443;-1,976
"ezenete";-0,737;7,268;-0,384;-1,976
"exílio";-0,737;2,034;1,443;-1,976
"externar";0,351;-1,239;-0,384;0,911
"expresso";0,351;2,034;-0,384;-1,976
"explosão";-0,737;-1,239;1,443;0,911
"expedition";-0,737;-1,239;9,131;-0,051
"expedir";-0,737;-1,239;9,131;-0,051
"expediente";12,209;-1,239;-0,384;-1,976
"exoneração";4,175;-1,239;-0,384;-0,051
"exitosa";4,175;-1,239;-0,384;-0,051
"exemplificação";-0,737;-1,239;1,443;0,911
"exclusividade";-0,737;0,025;-0,384;0,911
"evo";0,351;-1,239;1,443;-0,051
"evangelismo";-0,737;2,034;-0,384;-0,051
"euo";-0,737;0,025;1,443;-0,051
"eudes";0,351;-1,239;-0,384;0,911
"estresse";-0,737;-1,239;-0,384;4,555
"estressar";-0,737;0,025;-0,384;0,911
"estoque";0,351;-1,239;-0,384;0,911
"esteticamente";-0,737;0,025;-0,384;0,911
"esterilidade";-0,737;7,268;-0,384;-1,976
"estatística";4,175;-1,239;-0,384;-0,051
"estadão";0,351;-1,239;9,131;-1,976
"estad";4,175;-1,239;-0,384;-0,051
"estacionar";-0,737;-1,239;9,131;-0,051
"esquentar";-0,737;0,025;-0,384;0,911
"esponja";-0,737;0,025;-0,384;0,911
"espião";-0,737;-1,239;1,443;0,911
"espiritualizam";-0,737;0,025;-0,384;0,911
"espionar";-0,737;-1,239;1,443;0,911
"especificado";12,209;-1,239;-0,384;-1,976
"esfaquear";0,351;-1,239;1,443;-0,051
"escusar";-0,737;-1,239;1,443;0,911
"escrito";12,209;-1,239;-0,384;-1,976
"escolta";4,175;-1,239;-0,384;-0,051
"escolhido";-0,737;2,034;-0,384;-0,051
"escolarização";12,209;-1,239;-0,384;-1,976
"escolaridade";-0,737;-1,239;-0,384;4,555
"escalonar";-0,737;-1,239;1,443;0,911
"esbarrar";4,175;-1,239;1,443;-1,976
"erotização";4,175;-1,239;-0,384;-0,051
"eros";0,351;0,025;-0,384;-0,051
"er";0,351;0,025;-0,384;-0,051
"equívoco";0,351;-1,239;-0,384;0,911
"envenenar";-0,737;-1,239;9,131;-0,051
"entornar";-0,737;0,025;9,131;-1,976
"enriquecer";0,351;0,025;-0,384;-0,051
"engessar";4,175;-1,239;-0,384;-0,051
"enfraquecido";-0,737;0,025;-0,384;0,911
"enfraquecer";0,351;0,025;1,443;-1,976
"enfermaria";-0,737;0,025;1,443;-0,051
"eneias";-0,737;0,025;-0,384;0,911
"endemoniada";-0,737;7,268;-0,384;-1,976
"encontrá";-0,737;0,025;-0,384;0,911
"encerraremos";12,209;-1,239;-0,384;-1,976
"encerrado";12,209;-1,239;-0,384;-1,976
"encarnar";-0,737;0,025;-0,384;0,911
"encarnado";-0,737;2,034;-0,384;-0,051
"emocionalmente";-0,737;7,268;-0,384;-1,976
"embarcar";-0,737;-1,239;-0,384;4,555
"emaús";-0,737;7,268;-0,384;-1,976
"elétrico";-0,737;-1,239;1,443;0,911
"eli";12,209;-1,239;-0,384;-1,976
"eletrônic";0,351;-1,239;1,443;-0,051
"egoísta";-0,737;7,268;-0,384;-1,976
"efetividade";0,351;2,034;-0,384;-1,976
"edição";0,351;-1,239;-0,384;0,911
"edionos";4,175;-1,239;1,443;-1,976
"eclesiástico";-0,737;7,268;-0,384;-1,976
"dócil";-0,737;2,034;1,443;-1,976
"dvd";-0,737;0,025;-0,384;0,911
"duvidoso";0,351;-1,239;-0,384;0,911
"duração";0,351;-1,239;-0,384;0,911
"drama";-0,737;0,025;9,131;-1,976
"douglas";-0,737;-1,239;1,443;0,911
"dori";-0,737;-1,239;-0,384;4,555
"doos";4,175;0,025;-0,384;-1,976
"dolorido";-0,737;2,034;1,443;-1,976
"djamila";4,175;-1,239;-0,384;-0,051
"dj";-0,737;0,025;-0,384;0,911
"divisor";0,351;2,034;-0,384;-1,976
"divindade";-0,737;2,034;-0,384;-0,051
"diversão";0,351;-1,239;-0,384;0,911
"discursar";-0,737;0,025;-0,384;0,911
"discipular";-0,737;0,025;-0,384;0,911
"disciplinar";12,209;-1,239;-0,384;-1,976
"discernir";0,351;2,034;-0,384;-1,976
"diplomacia";0,351;-1,239;-0,384;0,911
"diploma";-0,737;-1,239;-0,384;4,555
"dinda";-0,737;0,025;-0,384;0,911
"dinamarca";-0,737;-1,239;1,443;0,911
"diminuição";0,351;-1,239;1,443;-0,051
"dilúvio";-0,737;7,268;-0,384;-1,976
"diluir";0,351;0,025;-0,384;-0,051
"difusão";-0,737;-1,239;-0,384;4,555
"dieta";-0,737;0,025;-0,384;0,911
"dier";0,351;0,025;-0,384;-0,051
"devorar";-0,737;7,268;-0,384;-1,976
"detido";-0,737;-1,239;1,443;0,911
"desígnio";-0,737;7,268;-0,384;-1,976
"desvantagem";4,175;-1,239;-0,384;-0,051
"destróem";-0,737;0,025;-0,384;0,911
"destravar";-0,737;7,268;-0,384;-1,976
"desprezo";-0,737;0,025;1,443;-0,051
"desmontar";12,209;-1,239;-0,384;-1,976
"deslocar";-0,737;2,034;-0,384;-0,051
"deslize";-0,737;-1,239;1,443;0,911
"desinteressado";0,351;-1,239;-0,384;0,911
"desgoverno";12,209;-1,239;-0,384;-1,976
"desestruturada";-0,737;2,034;-0,384;-0,051
"desestabilização";0,351;-1,239;-0,384;0,911
"desesperar";-0,737;2,034;-0,384;-0,051
"desesperança";-0,737;2,034;1,443;-1,976
"desencorajar";0,351;0,025;-0,384;-0,051
"desencadear";-0,737;-1,239;1,443;0,911
"desempenhar";0,351;0,025;-0,384;-0,051
"descriminalização";0,351;-1,239;9,131;-1,976
"descriminalizar";-0,737;-1,239;23,449;-1,976
"descredibilizar";-0,737;-1,239;9,131;-0,051
"desconhecimento";0,351;-1,239;-0,384;0,911
"desconforto";0,351;-1,239;-0,384;0,911
"descondenado";-0,737;-1,239;1,443;0,911
"desatar";-0,737;7,268;-0,384;-1,976
"derrite";0,351;-1,239;-0,384;0,911
"derramamento";-0,737;7,268;-0,384;-1,976
"deponte";-0,737;-1,239;23,449;-1,976
"deplorável";0,351;-1,239;1,443;-0,051
"dentista";0,351;-1,239;1,443;-0,051
"dent";-0,737;-1,239;1,443;0,911
"deliberar";4,175;0,025;-0,384;-1,976
"deletou";-0,737;-1,239;1,443;0,911
"definitivamente";12,209;-1,239;-0,384;-1,976
"deficiente";0,351;2,034;-0,384;-1,976
"defendê";-0,737;-1,239;9,131;-0,051
"decepcionar";-0,737;2,034;-0,384;-0,051
"decente";4,175;0,025;-0,384;-1,976
"debatido";12,209;-1,239;-0,384;-1,976
"debatedor";12,209;-1,239;-0,384;-1,976
"de2022";12,209;-1,239;-0,384;-1,976
"davis";0,351;-1,239;1,443;-0,051
"dario";-0,737;7,268;-0,384;-1,976
"daqu";0,351;0,025;-0,384;-0,051
"danone";-0,737;0,025;-0,384;0,911
"dancinha";-0,737;-1,239;1,443;0,911
"dan";-0,737;-1,239;1,443;0,911
"damião";4,175;0,025;-0,384;-1,976
"cômodo";0,351;2,034;-0,384;-1,976
"cível";4,175;-1,239;1,443;-1,976
"cíclico";-0,737;2,034;-0,384;-0,051
"cês";-0,737;0,025;-0,384;0,911
"cé";4,175;0,025;-0,384;-1,976
"cássio";-0,737;0,025;1,443;-0,051
"custa";-0,737;0,025;-0,384;0,911
"cuiabá";-0,737;7,268;-0,384;-1,976
"crucificar";-0,737;2,034;-0,384;-0,051
"cristóvão";0,351;-1,239;-0,384;0,911
"crist";12,209;-1,239;-0,384;-1,976
"crispim";-0,737;-1,239;-0,384;4,555
"crianas";4,175;-1,239;1,443;-1,976
"credo";-0,737;0,025;-0,384;0,911
"cozido";0,351;-1,239;-0,384;0,911
"coutinho";-0,737;0,025;-0,384;0,911
"cou";4,175;0,025;-0,384;-1,976
"corrompido";-0,737;0,025;-0,384;0,911
"correia";12,209;-1,239;-0,384;-1,976
"corporação";-0,737;-1,239;1,443;0,911
"corinthians";-0,737;0,025;-0,384;0,911
"coquetel";-0,737;-1,239;-0,384;4,555
"convívio";4,175;0,025;-0,384;-1,976
"convencê";0,351;0,025;-0,384;-0,051
"conturbado";-0,737;7,268;-0,384;-1,976
"contrito";-0,737;7,268;-0,384;-1,976
"contribuinte";0,351;-1,239;1,443;-0,051
"contingente";4,175;-1,239;-0,384;-0,051
"contextualização";-0,737;0,025;-0,384;0,911
"contagem";0,351;0,025;-0,384;-0,051
"consórcio";-0,737;-1,239;9,131;-0,051
"consumidor";-0,737;-1,239;1,443;0,911
"consumado";0,351;2,034;-0,384;-1,976
"constrangedor";-0,737;0,025;9,131;-1,976
"constitucionalmente";12,209;-1,239;-0,384;-1,976
"constitucionalidade";0,351;-1,239;9,131;-1,976
"constatar";-0,737;-1,239;-0,384;4,555
"conspiratório";-0,737;-1,239;1,443;0,911
"consonância";4,175;0,025;-0,384;-1,976
"consolidação";4,175;0,025;-0,384;-1,976
"consolador";-0,737;7,268;-0,384;-1,976
"consignar";12,209;-1,239;-0,384;-1,976
"consertar";0,351;-1,239;-0,384;0,911
"cono";4,175;0,025;-0,384;-1,976
"conluio";-0,737;-1,239;9,131;-0,051
"confrontação";4,175;-1,239;-0,384;-0,051
"conced";12,209;-1,239;-0,384;-1,976
"conceber";-0,737;-1,239;-0,384;4,555
"conc";12,209;-1,239;-0,384;-1,976
"comunicolas";-0,737;7,268;-0,384;-1,976
"comune";-0,737;-1,239;1,443;0,911
"combustível";-0,737;2,034;1,443;-1,976
"combinado";4,175;-1,239;1,443;-1,976
"combativo";-0,737;2,034;-0,384;-0,051
"coma";-0,737;2,034;-0,384;-0,051
"colorido";-0,737;0,025;1,443;-0,051
"colapso";-0,737;0,025;-0,384;0,911
"cobrança";-0,737;2,034;-0,384;-0,051
"coagir";4,175;-1,239;-0,384;-0,051
"clã";-0,737;-1,239;-0,384;4,555
"clon";0,351;-1,239;1,443;-0,051
"clamarmos";-0,737;7,268;-0,384;-1,976
"ciúme";-0,737;0,025;1,443;-0,051
"circular";0,351;-1,239;1,443;-0,051
"ciar";0,351;-1,239;-0,384;0,911
"chávez";-0,737;-1,239;23,449;-1,976
"chuveira";-0,737;0,025;-0,384;0,911
"chorado";-0,737;2,034;-0,384;-0,051
"chocante";-0,737;-1,239;1,443;0,911
"chique";-0,737;2,034;-0,384;-0,051
"cheiroso";-0,737;-1,239;-0,384;4,555
"cheirinho";-0,737;-1,239;-0,384;4,555
"chechênia";-0,737;-1,239;-0,384;4,555
"chama";-0,737;0,025;1,443;-0,051
"cham";0,351;-1,239;9,131;-1,976
"cetro";-0,737;7,268;-0,384;-1,976
"cerebral";4,175;-1,239;1,443;-1,976
"centímetro";-0,737;0,025;-0,384;0,911
"centrar";12,209;-1,239;-0,384;-1,976
"centralizar";12,209;-1,239;-0,384;-1,976
"celeridade";12,209;-1,239;-0,384;-1,976
"caverna";-0,737;7,268;-0,384;-1,976
"cavar";-0,737;2,034;1,443;-1,976
"cautelar";-0,737;-1,239;1,443;0,911
"cautela";0,351;-1,239;-0,384;0,911
"catan";-0,737;2,034;-0,384;-0,051
"cat";0,351;2,034;-0,384;-1,976
"castigo";-0,737;2,034;-0,384;-0,051
"carinhosamente";-0,737;0,025;-0,384;0,911
"carecer";4,175;-1,239;-0,384;-0,051
"captar";0,351;-1,239;-0,384;0,911
"cansativo";-0,737;-1,239;1,443;0,911
"cananeia";-0,737;7,268;-0,384;-1,976
"canalhice";-0,737;-1,239;1,443;0,911
"camponês";-0,737;-1,239;1,443;0,911
"caminhadinha";-0,737;-1,239;-0,384;4,555
"calçada";-0,737;0,025;-0,384;0,911
"calvário";-0,737;2,034;-0,384;-0,051
"calo";-0,737;-1,239;-0,384;4,555
"calheiros";-0,737;-1,239;1,443;0,911
"calda";-0,737;0,025;-0,384;0,911
"cadeirante";-0,737;0,025;-0,384;0,911
"cabível";-0,737;-1,239;9,131;-0,051
"cabimento";-0,737;-1,239;-0,384;4,555
"bélico";-0,737;2,034;-0,384;-0,051
"bélgica";-0,737;-1,239;-0,384;4,555
"buquell";-0,737;0,025;1,443;-0,051
"buquele";-0,737;-1,239;-0,384;4,555
"brun";-0,737;-1,239;-0,384;4,555
"brindar";0,351;0,025;-0,384;-0,051
"bope";-0,737;-1,239;1,443;0,911
"bonezinho";-0,737;-1,239;1,443;0,911
"bondoso";-0,737;7,268;-0,384;-1,976
"bonaparte";-0,737;-1,239;1,443;0,911
"boato";4,175;-1,239;-0,384;-0,051
"blasfemo";-0,737;7,268;-0,384;-1,976
"biênio";12,209;-1,239;-0,384;-1,976
"bisneto";-0,737;2,034;-0,384;-0,051
"bilhete";-0,737;-1,239;1,443;0,911
"bezerro";-0,737;0,025;-0,384;0,911
"benin";12,209;-1,239;-0,384;-1,976
"benedita";-0,737;-1,239;-0,384;4,555
"belins";4,175;-1,239;-0,384;-0,051
"bbb";-0,737;-1,239;-0,384;4,555
"batedor";-0,737;-1,239;-0,384;4,555
"batalhador";0,351;0,025;-0,384;-0,051
"barulhento";-0,737;0,025;-0,384;0,911
"barraca";-0,737;0,025;-0,384;0,911
"barberagem";-0,737;-1,239;23,449;-1,976
"balde";-0,737;-1,239;1,443;0,911
"baita";-0,737;-1,239;1,443;0,911
"bacia";-0,737;-1,239;1,443;0,911
"baal";-0,737;7,268;-0,384;-1,976
"aó";0,351;2,034;-0,384;-1,976
"avalizar";12,209;-1,239;-0,384;-1,976
"ava";-0,737;0,025;-0,384;0,911
"autoestima";4,175;-1,239;-0,384;-0,051
"aut";4,175;-1,239;-0,384;-0,051
"atípico";0,351;-1,239;1,443;-0,051
"aturar";0,351;0,025;-0,384;-0,051
"atuante";0,351;0,025;1,443;-1,976
"atrativo";4,175;-1,239;-0,384;-0,051
"atentamente";12,209;-1,239;-0,384;-1,976
"atado";-0,737;0,025;1,443;-0,051
"assuero";-0,737;7,268;-0,384;-1,976
"associado";0,351;0,025;-0,384;-0,051
"assistente";4,175;0,025;-0,384;-1,976
"assimétrico";-0,737;-1,239;-0,384;4,555
"assertiva";0,351;0,025;-0,384;-0,051
"arrogância";-0,737;0,025;1,443;-0,051
"arredar";-0,737;0,025;-0,384;0,911
"arquivo";0,351;-1,239;1,443;-0,051
"arquitetura";-0,737;0,025;1,443;-0,051
"armação";-0,737;0,025;9,131;-1,976
"arcanjo";-0,737;7,268;-0,384;-1,976
"aramaico";-0,737;2,034;-0,384;-0,051
"aproximação";0,351;-1,239;-0,384;0,911
"aprová";12,209;-1,239;-0,384;-1,976
"apropriado";0,351;-1,239;1,443;-0,051
"aprimorar";12,209;-1,239;-0,384;-1,976
"apressar";-0,737;7,268;-0,384;-1,976
"aposta";-0,737;-1,239;1,443;0,911
"apontado";0,351;-1,239;1,443;-0,051
"apologético";-0,737;2,034;-0,384;-0,051
"apoiá";-0,737;0,025;-0,384;0,911
"aperfeiçoamento";4,175;0,025;-0,384;-1,976
"aparelhar";0,351;-1,239;-0,384;0,911
"anular";-0,737;0,025;1,443;-0,051
"anualmente";0,351;0,025;-0,384;-0,051
"antinatural";-0,737;2,034;-0,384;-0,051
"anticapitalista";-0,737;-1,239;-0,384;4,555
"antecipado";-0,737;-1,239;-0,384;4,555
"ansiar";-0,737;2,034;1,443;-1,976
"animosidade";0,351;-1,239;1,443;-0,051
"angela";0,351;-1,239;1,443;-0,051
"angariar";-0,737;0,025;-0,384;0,911
"ananiel";-0,737;7,268;-0,384;-1,976
"analogia";0,351;-1,239;-0,384;0,911
"analista";0,351;0,025;-0,384;-0,051
"analisado";12,209;-1,239;-0,384;-1,976
"amoeba";-0,737;-1,239;-0,384;4,555
"amigável";-0,737;-1,239;-0,384;4,555
"ameaçador";-0,737;-1,239;9,131;-0,051
"ambiental";12,209;-1,239;-0,384;-1,976
"amargo";-0,737;2,034;1,443;-1,976
"alçada";4,175;0,025;-0,384;-1,976
"alienação";4,175;-1,239;-0,384;-0,051
"alides";12,209;-1,239;-0,384;-1,976
"algemar";-0,737;-1,239;1,443;0,911
"alfredo";0,351;-1,239;-0,384;0,911
"alfabético";12,209;-1,239;-0,384;-1,976
"alfa";4,175;0,025;-0,384;-1,976
"alento";0,351;0,025;-0,384;-0,051
"aleatório";-0,737;-1,239;1,443;0,911
"aldeia";-0,737;0,025;1,443;-0,051
"alastrar";0,351;0,025;-0,384;-0,051
"ajudante";-0,737;-1,239;9,131;-0,051
"ajeitar";-0,737;-1,239;1,443;0,911
"air";-0,737;-1,239;-0,384;4,555
"agu";0,351;-1,239;1,443;-0,051
"agronegócio";-0,737;0,025;1,443;-0,051
"agradecido";0,351;0,025;-0,384;-0,051
"agitação";-0,737;-1,239;1,443;0,911
"agitar";-0,737;2,034;-0,384;-0,051
"afundado";-0,737;0,025;1,443;-0,051
"afronta";0,351;0,025;1,443;-1,976
"afinidade";4,175;-1,239;1,443;-1,976
"afinar";-0,737;2,034;-0,384;-0,051
"afetivo";4,175;0,025;-0,384;-1,976
"aeronave";-0,737;0,025;-0,384;0,911
"ae";0,351;-1,239;-0,384;0,911
"advogar";0,351;-1,239;1,443;-0,051
"adverso";-0,737;7,268;-0,384;-1,976
"adriano";-0,737;-1,239;9,131;-0,051
"adoecimento";12,209;-1,239;-0,384;-1,976
"adjunto";4,175;-1,239;1,443;-1,976
"acúmulo";12,209;-1,239;-0,384;-1,976
"acusador";0,351;0,025;-0,384;-0,051
"acord";12,209;-1,239;-0,384;-1,976
"aclamar";-0,737;7,268;-0,384;-1,976
"aci";-0,737;7,268;-0,384;-1,976
"achá";-0,737;0,025;-0,384;0,911
"acessibilidade";4,175;-1,239;-0,384;-0,051
"acesse";-0,737;-1,239;-0,384;4,555
"abreu";-0,737;-1,239;-0,384;4,555
"abraçá";-0,737;7,268;-0,384;-1,976
"abilho";12,209;-1,239;-0,384;-1,976
"abertamente";-0,737;-1,239;1,443;0,911
"abafar";-0,737;-1,239;1,443;0,911
"aba";0,351;2,034;-0,384;-1,976
"5to";12,209;-1,239;-0,384;-1,976
"de";289,023;-85,503;66,076;-110,261
"que";-45,999;6,506;-1,386;15,274
"a";112,412;43,708;-46,886;-106,698
"o";3,981;-2,177;20,229;-10,026
"ser";-42,299;-62,332;-0,851;174,907
"em";31,333;10,06;0;-56,119
"não";-108,485;-113,828;2,594;300,786
"eu";-163,46;71,242;-236,95;156,997
"ir";-90,948;-56,145;25,618;130,867
"para";4,82;1,444;-30,469;0,456
"ter";-21,27;-22,891;-2,914;86,566
"estar";-348,05;55,525;-0,275;73,73
"você";-1320,987;12,044;-59,093;980,681
"um";-19,697;-50,045;4,645;77,224
"uma";-10,148;-29,206;-2,276;73,815
"ele";-532,643;38,389;6,982;127,655
"por";6,814;0,734;32,295;-43,594
"com";1,16;-5,815;2,32;0,143
"se";-23,781;-0,247;3,265;10,609
"poder";-46,589;0,123;3,163;16,582
"isso";-45,89;-82,373;0,018;192,062
"fazer";-1,628;-14,673;-1,902;30,158
"nós";29,422;497,107;-60,22;-404,188
"como";0,455;-11,036;0,372;4,595
"todo";0,958;75,006;-48,869;-18,617
"mais";-9,771;-28,23;-2,983;73,959
"saber";-278,311;88,664;-16,882;55,935
"dizer";-18,944;82,47;2,432;-34,946
"esse";50,027;-15,452;-0,045;-3,844
"essa";11,038;3,409;-18,701;-2,609
"ela";-69,577;1,953;-23,692;74,644
"ver";-81,77;-4,556;-23,236;155,312
"sua";-92,557;203,929;-9,331;-12,031
"meu";-156,847;214,748;-74,114;4,601
"seu";-96,262;131,083;8,709;-20,927
"me";-91,74;81,954;-28,636;8,088
"eh";512,527;-64,602;-21,023;-63,518
"nosso";-1,173;277,751;-14,515;-147,375
"outro";4,864;-41,765;-0,234;20,487
"minha";-42,135;97,605;-40,545;0,05
"sobre";10,394;61,967;-22,533;-47,084
"nossa";-23,604;523,081;-66,131;-144,847
"ao";133,146;5,022;0,599;-143,254
"quem";-56,66;-1,11;57,082;4,859
"te";-275,282;463,383;-23,45;-11,392
"tempo";8,383;40,9;-25,211;-25,447
"pro";127,74;-75,578;10,405;-10,256
"haver";148,782;-5,458;13,835;-103,214
"primeiro";87,571;-16,789;-4,672;-5,767
"verdade";-65,929;-1,738;0,059;58,857
"nome";-90,002;642,74;-28,335;-153,706
"ó";-132,758;30,852;-12,502;42,248
"aquele";-17,338;193,446;-17,993;-46,124
"muita";-36,463;11,14;-43,008;36,714
"contra";1,897;-64,264;90,369;0,029
"aquilo";-88,52;96,136;-34,47;5,494
"sem";9,302;-3,497;3,127;-3,566
"mim";-88,337;32,101;-3,413;12,783
"dois";9,57;-27,359;7,655;0,305
"qual";20,412;-13,343;1,55;-1,18
"tanto";-3,269;4,161;-5,111;1,081
"cada";0,416;73,369;-19,738;-31,431
"tua";-115,719;816,688;-32,983;-198,536
"teu";-125,289;884,211;-30,637;-223,405
"nenhum";1,514;-26,111;45,211;-0,371
"pouco";-3,822;-6,659;-6,783;32,221
"estado";73,916;-95,868;7,505;0,111
"alguma";-0,868;-12,732;-4,884;30,32
"tipo";0,052;-66,947;0,951;46,058
"pegar";-52,238;-2,297;1,451;42,33
"algum";7,447;-17,582;0,444;1,552
"quanto";-0,789;-1,766;-1,58;7,684
"segundo";32,003;-1,957;2,026;-17,835
"trabalho";90,031;-63,531;-12,295;3,857
"somente";-1,077;-3,302;14,97;0,001
"povo";-44,768;64,362;0,166;-5,195
"alguém";-44,911;0,964;8,078;7,266
"ah";12,711;-16,094;-0,095;1,059
"usar";-3,231;-0,221;3,276;0,527
"ninguém";-24,137;-1,689;4,017;15,244
"vário";-1,244;-13,595;-1,573;26,493
"qualquer";0,038;-13,958;2,171;5,568
"aquela";-6,027;7,482;-3,265;0,391
"tentar";-6,872;-19,885;17,639;12,634
"parte";2,417;0,924;-1,331;-1,988
"trabalhar";-3,925;-15,871;-3,047;41,544
"10";25,002;-8,127;3,752;-7,142
"fim";10,993;-13,06;22,559;-5,837
"três";0,044;0,233;0,068;-0,619
"entre";31,374;-0,512;-0,92;-10,683
"quê";-39,379;-30,924;15,798;59,228
"último";19,998;0,157;-0,183;-13,896
"durante";-9,828;-4,067;5,576;8,373
"comigo";-46,317;15,483;-4,681;10,759
"21";-26,306;278,22;-20,036;-71,073
"desde";9,536;-1,194;0,243;-3,295
"i";28,714;-2,924;-1,479;-3,922
"3";104,131;-22,311;-0,211;-13,04
"valor";0,508;-10,508;-3,811;13,68
"caminho";-11,244;53,05;-22,239;-0,972
"8";0,659;-51,132;236,016;-15,77
"1";48,501;-14,314;0,412;-6,571
"vossa";375,991;-26,991;-9,828;-79,376
"tal";-1,514;-37,088;-1,509;55,609
"excelência";435,372;-59,951;-9,576;-60,334
"2";56,552;-4,725;-1,51;-10,886
"tu";-39,429;100,236;-5,942;-6,857
"4";33,955;-5,063;0,03;-7,617
"este";28,116;0;3,526;-30,409
"5";51,566;-20,019;4,22;-9,078
"cima";-6,53;-6,785;4,305;9,951
"quatro";-3,081;-1,876;1,233;3,923
"mil";-24,046;0,999;-0,102;10,666
"20";6,727;-1,651;-1,407;-0,021
"30";3,679;-1,456;-0,252;-0,013
"após";109,257;-26,618;3,034;-23,374
"000";19,775;-33,671;8,498;-0,013
"6";5,631;2,403;1,052;-16,286
"maioria";73,813;-35,032;0,187;-3,121
"in";2,366;-0,001;-0,896;-0,363
"esta";66,991;0,092;-7,23;-26,992
"ti";-30,65;273,619;-15,045;-69,852
"bilhão";54,252;-49,894;51,545;-16,634
"12";-5,002;-1,721;1,814;4,689
"r";6,815;-45,922;23,108;1,123
"22";1,092;0,002;4,723;-5,297
"100";10,053;-30,835;0,048;5,959
"terceiro";38,911;-2,894;-0,173;-10,382
"7";18,997;-0,5;2,283;-14,954
"15";4,49;-2,23;4,204;-2,77
"cinco";1,4;-6,304;0,121;1,314
"verdadeiro";-11,533;0,257;2,345;1,687
"11";11,44;0,34;-0,121;-9,406
"14";3,073;-2,926;10,051;-3,574
"s";26,285;-1,752;-0,537;-6,073
"oi";-11,947;-19,847;-2,851;64,739
"lhe";1,834;2,705;0,985;-10,713
"aonde";-3,631;33,333;-3,914;-6,422
"50";9,959;-14,05;0,773;0,121
"2023";125,209;-29,284;1,151;-22,715
"t";28,3;-3,521;0,081;-7,656
"connosco";-6,743;119,591;-7,431;-39,507
"16";0,148;0,87;1,709;-4,11
"seis";1,335;-3,505;3,369;-0,152
"40";1,868;-0,962;-0,358;0,035
"17";1,622;-15,034;94,81;-14,008
"18";1,073;0,139;0,002;-1,483
"2024";84,299;-26,808;0,257;-8,9
"consigo";-2,501;-4,012;-3,108;18,407
"caramba";-17,795;-5,869;-0,206;35,721
"ai";-13,341;-1,246;6,167;5,752
"9";18,341;-1,752;1,921;-9,929
"si";0,031;1,449;-0,711;-0,512
"24";0;-2,458;0,249;1,281
"n";13,773;0,03;-3,81;-3,662
"60";3,746;-12,172;3,866;0,155
"sete";-0,261;-3,401;0,472;2,838
"p";0,524;0,566;-0,099;-1,175
"19";24,499;-1,349;0,954;-12,81
"vos";-10,675;74,331;-4,723;-15,582
"13";1,127;-3,401;0,085;0,437
"sexto";32,338;-0,126;-5,475;-7,718
"c";8,344;-3,7;-1,393;0,041
"tchau";-7,628;9,85;-2,034;0,064
"d";4,341;-4,223;-0,729;0,591
"2022";26,457;-22,49;13,473;-4,641
"h";46,765;-1,495;-0,729;-14,99
"23";9,971;1,372;-3,604;-5,888
"l";23,131;-4,033;2,01;-8,785
"26";46,723;-5,739;-1,901;-5,948
"hein";-7,09;-10,798;8,282;11,253
"80";3,351;0,134;-3,141;-0,463
"cento";0;-13,458;-0,623;15,511
"__";-12,065;-15,001;1,212;32,618
"m";0,039;-0,036;0,003;-0,001
"oito";2,466;-14,254;9,18;0,072
"zero";8,314;-10,304;6,077;-0,92
"70";10,564;-5,611;-0,09;-0,061
"b";1,002;-11,874;6,81;0,486
"apesar";6,094;1,1;-1,152;-5,229
"2020";1,773;-8,752;0,634;1,324
"v";22,979;0,033;-0,01;-16,011
"200";1,11;-12,168;0,362;3,981
"25";25,51;-6,795;0,23;-3,984
"perante";-7,024;12,481;-0,45;-0,481
"iniciar";24,349;0,344;-0,139;-18,638
"90";11,438;-4,537;-0,139;-0,281
"olá";-5,028;-0,564;-4,87;15,616
"contigo";-9,846;60,275;-5,126;-10,218
"300";-1,524;-1,44;1,172;2,01
"quinto";1,773;-3,615;3,265;-0,237
"f";1,043;-0,155;1,895;-1,841
"2021";24,165;-10,14;3,897;-5,372
"400";-0,655;-9,363;48,298;-1,004
"2019";1,133;-9,324;39,376;-4,387
"isto";13,812;0,019;-2,271;-4,723
"ambos";31,908;-4,286;1,383;-11,78
"29";6,076;-1,021;0,173;-1,782
"28";0,978;0,607;0,006;-2,493
"0";19,929;-10,14;-3,972;0,385
"2026";11,677;-13,227;5,941;-0,958
"oh";-7,135;40,24;-3,715;-6,122
"apontar";3,16;0,002;1,383;-5,07
"vós";-6,642;46,532;-1,569;-11,78
"g";3,849;-6,482;-1,012;2,024
"33";13,766;-1,234;-0,054;-3,365
"x";-0,524;-1,75;5,198;0,116
"27";11,479;-1,256;3,563;-8,628
"uh";-0,737;0,025;1,443;-0,051
"500";11,479;-2,913;-2,946;-0,003
"vosso";-4,673;27,802;-0,699;-6,764
"35";0,001;-7,696;3,986;1,579
"31";2,381;0,094;3,986;-8,026
"hum";-2,284;-7,436;-0,001;14,318
"36";2,809;0;2,151;-5,328
"2016";5,474;-9,504;12,575;-1,785
"dez";-5,165;-0,297;-0,905;8,832
"2025";18,581;-8,676;1,24;-2,219
"74";75,68;-8,676;-2,689;-10,722
"2018";0,221;-2,266;10,105;-1,089
"nove";0,001;-0,823;1,491;0,001
"u";-0,264;0,265;0,011;-0,016
"sob";0,221;-3,942;14,955;-1,089
"ei";-3,934;0,531;-0,413;1,829
"38";13,001;-3,213;-0,699;-0,525
"2013";0,221;-2,266;3,247;-0,023
"ué";-0,844;-0,426;2,119;0,169
"600";4,177;-7,436;0,507;0,169
"46";2,883;-1,204;4,88;-3,215
"che";-4,181;-7,023;38,132;0,015
"85";0,692;-0,411;4,134;-1,955
"34";1,687;3,028;-0,013;-6,764
"2014";6,95;-2,856;0,507;-1,071
"j";-2,284;2,019;-0,001;-0,005
"décimo";-0,844;16,106;-0,6;-6,154
"59";2,603;-2,506;-2,177;1,244
"45";-1,617;0,843;1,118;-0,255
"32";1,755;-0,047;1,118;-2,435
"2000";1,008;-7,023;0,672;1,244
"99";1,343;-2,164;0,873;-0,033
"55";-0,046;-4,48;0,003;4,44
"2015";-0,01;-2,164;0,021;1,829
"cujo";1,343;0,531;-0,413;-1,447
"220";-1,401;-5,783;-0,246;12,383
"cuja";10,705;0,123;-1,92;-4,362
"2003";2,261;-1,511;4,134;-1,955
"sétimo";2,883;1,804;-1,664;-3,215
"hã";0,026;0,286;-1,792;0,058
"corrente";-1,401;2,925;0,121;-0,726
"57";11,3;-0,915;0,338;-4,937
"39";9,562;-1,204;0,211;-3,215
"120";-1,19;-1,204;0,211;2,589
"007";-0,983;-1,652;-0,512;6,074
"oitavo";-0,071;0,899;-0,108;-0,204
"nono";-0,155;6,569;-1,664;-1,503
"58";10,247;-4,13;0,745;-1,623
"44";1,002;-0,237;1,78;-1,503
"41";2,597;0,003;-1,28;-0,394
"1000";6,948;-2,532;2,226;-2,663
"mediante";1,924;3,413;-1,408;-4,309
"72";0,667;-4,13;8,168;-0,394
"700";1,924;-2,156;2,776;-0,711
"62";-0,017;0,272;0,512;-0,711
"terço";-0,786;1,403;-0,056;-0,051
"66";2,597;-0,411;-0,018;-0,394
"5000";-0,422;-1,427;0;2,733
"37";4,6;-0,648;-1,408;-0,051
"140";8,425;-4,543;-0,056;-0,051
"98";-0,264;-1,082;-1,024;4,163
"95";15,967;-1,787;-0,018;-3,688
"75";9,246;-1,082;-1,024;-0,723
"61";2,597;-0,411;-1,28;0
"51";0,667;-4,13;8,168;-0,394
"48";0,667;0,562;-1,28;-0,394
"143";-1,721;10,806;-0,896;-1,89
"00";-2,212;-0,213;1,059;0,944
"79";23,212;-3,304;0,011;-5,271
"42";1,053;-0,213;1,059;-1,15
"2017";-1,721;-0,755;14,603;-0,363
"pró";0,702;-2,477;0,169;0,265
"96";2,366;-0,755;0,06;-0,363
"94";0,141;-1,082;-1,024;1,736
"92";0,702;0,049;0,169;-1,331
"88";8,351;0,049;-0,768;-3,953
"56";23,212;-3,304;-1,024;-2,475
"53";23,212;-3,304;-1,024;-2,475
"52";0,702;4,069;-0,768;-3,953
"43";1,596;-3,304;0,011;0,354
"250";0,346;-2,891;-0,896;2,942
"1990";-1,721;-0,755;6,914;0,029
"1964";0,346;-2,891;0,06;0,889
"117";32,565;-3,304;-1,024;-5,271
"z";-1,721;-0,001;0,06;0,889
"vinte";-1,721;-0,001;-0,896;2,942
"per";0;-0,206;-0,64;0,86
"lhes";-1,721;0,63;2,066;-0,363
"cinquenta";-1,229;-2,064;-0,64;7,593
"81";0,346;-2,891;14,603;-1,89
"2009";2,366;-0,755;0,06;-0,363
"2008";3,473;-0,457;0,169;-1,331
"2006";-0,035;-0,457;8,917;-1,331
"2002";-0,131;-0,001;2,066;-0,363
"180";6,19;-0,755;-0,896;-0,363
"150";-0,035;-2,477;-0,768;4,77
"01";-0,131;-2,891;2,066;0,889
"vigésimo";-1,229;6,235;-0,64;-0,811
"trinta";0;-2,064;0,373;0,86
"k";-1,229;-0,206;0,373;0,86
"desligado";2,315;-0,034;-0,512;-0,362
"91";-1,229;6,235;-0,64;-0,811
"64";0,702;-2,477;2,885;-0,102
"54";15,333;-2,477;0,169;-3,953
"332";8,351;-2,477;0,169;-1,331
"2222";-1,475;-2,477;-0,768;9,112
"2030";0;6,235;-0,64;-3,294
"y";0;-2,064;0,373;0,86
"quinze";0;-2,064;-0,64;3,391
"convosco";-1,229;12,114;-0,64;-3,294
"97";0;-2,064;0,373;0,86
"93";5,122;-2,064;-0,64;0
"900";11,473;-2,064;-0,64;-0,811
"800";-1,229;-2,064;-0,64;7,593
"73";7,719;-1,652;-0,512;-0,362
"67";0,07;-0,034;0,742;-0,362
"65";0;-0,206;-0,64;0,86
"210";11,473;-2,064;-0,64;-0,811
"178";5,122;-2,064;-0,64;0
"170";0,07;-0,034;5,944;-2,635
"115";0;-2,064;0,373;0,86
"108";1,298;0,281;0,373;-3,294
"sessenta";-0,737;-1,239;-0,384;4,555
"eminência";-0,983;9,691;-0,512;-2,635
"afora";-0,983;0,835;-0,512;0,177
"89";0,07;-1,652;0,742;0,177
"83";0,351;-1,239;-0,384;0,911
"82";2,315;-1,652;-0,512;0,177
"78";2,315;-1,652;-0,512;0,177
"708";2,315;-1,652;0,742;-0,362
"63";-0,737;0,025;-0,384;0,911
"49";0,351;-1,239;-0,384;0,911
"47";-0,737;-1,239;1,443;0,911
"365";-0,983;9,691;-0,512;-2,635
"350";-0,983;-1,652;5,944;0,177
"3385";16,28;-1,652;-0,512;-2,635
"22222";0,07;-1,652;-0,512;2,081
"2012";0,351;-1,239;1,443;-0,051
"2011";7,719;-1,652;0,742;-2,635
"2007";2,315;-1,652;5,944;-2,635
"2005";-0,737;-1,239;1,443;0,911
"1960";-0,737;0,025;-0,384;0,911
"190";-0,737;0,025;1,443;-0,051
"160";2,315;-1,652;0,742;-0,362
"07";0,07;0,835;0,742;-2,635
"03";-0,983;-1,652;5,944;0,177
"02";0,07;-0,034;0,742;-0,362
"00005";-0,737;-1,239;-0,384;4,555
"xi";-0,737;0,025;-0,384;0,911
"triplo";0,351;-1,239;1,443;-0,051
"trilhão";0,351;-1,239;9,131;-1,976
"oitenta";0,351;-1,239;1,443;-0,051
"ante";4,175;-1,239;-0,384;-0,051
"87";-0,737;-1,239;1,443;0,911
"720";-0,737;-1,239;9,131;-0,051
"69";4,175;-1,239;-0,384;-0,051
"68";0,351;-1,239;9,131;-1,976
"597";12,209;-1,239;-0,384;-1,976
"583";12,209;-1,239;-0,384;-1,976
"580";-0,737;-1,239;23,449;-1,976
"4458";12,209;-1,239;-0,384;-1,976
"434";-0,737;-1,239;9,131;-0,051
"4000";0,351;-1,239;-0,384;0,911
"3910";12,209;-1,239;-0,384;-1,976
"366";-0,737;2,034;-0,384;-0,051
"360";4,175;-1,239;-0,384;-0,051
"2970";-0,737;-1,239;-0,384;4,555
"272";4,175;-1,239;-0,384;-0,051
"2630";4,175;-1,239;1,443;-1,976
"230";-0,737;-1,239;1,443;0,911
"216";-0,737;-1,239;-0,384;4,555
"208";4,175;-1,239;1,443;-1,976
"206";4,175;-1,239;-0,384;-0,051
"205";12,209;-1,239;-0,384;-1,976
"201";0,351;-1,239;-0,384;0,911
"2001";4,175;0,025;-0,384;-1,976
"1992";-0,737;2,034;-0,384;-0,051
"191";4,175;-1,239;-0,384;-0,051
"154";12,209;-1,239;-0,384;-1,976
"133";12,209;-1,239;-0,384;-1,976
"130";-0,737;0,025;1,443;-0,051
"129";-0,737;-1,239;23,449;-1,976
"124";-0,737;-1,239;-0,384;4,555
"106";4,175;0,025;-0,384;-1,976
"06";4,175;-1,239;1,443;-1,976
"05";0,351;0,025;-0,384;-0,051
"*_texto0";-13,369;-7,127;67;0,022
"*_texto1";-19,97;-18,694;88,53;2,417
"*_texto2";-6,739;-26,057;20,109;15,597
"*_texto3";-0,113;-11,986;64,524;-2,941
"*_texto4";-6,782;-12,598;116,469;-2,49
"*_texto5";-2,059;-4,48;9,703;1,244
"*_texto6";-2,034;-8,368;19,787;0,932
"*_texto7";0;0;0;0
"*_texto8";-1,969;-9,917;-1,23;22,917
"*_texto9";-7,09;-1,46;25,061;0,002
"*_texto10";-0,186;-5,276;73,476;-9,424
"*_texto11";-5,075;-16,299;20,721;6,939
"*_texto12";-5,904;5,016;4,455;-2,171
"*_texto13";0,059;-6,886;23,637;-0,827
"*_texto14";-11,164;-20,011;102,293;0,102
"*_texto15";16,858;-9,09;5,555;-4,263
"*_texto16";-8,367;-14,055;43,181;2,49
"*_texto17";-0,387;-6,196;3,504;2,581
"*_texto18";-7,808;-43,184;38,073;19,193
"*_texto19";2,809;-9,917;28,414;-3,575
"*_texto20";-4,919;-1,957;11,138;0,885
"*_texto21";-12,388;-7,339;8,596;12,111
"*_texto22";-1,614;-9,324;15,457;1,75
"*_texto23";0,456;-6,196;35,331;-4,362
"*_texto24";-10,092;-14,241;43,287;3,337
"*_texto25";-1,979;-12,813;76,99;-1,478
"*_texto26";-0,019;-13,227;129,096;-14,983
"*_texto27";-5,577;-13,227;5,941;13,846
"*_texto28";0,221;-8,676;27,5;-1,089
"*_texto29";-1,795;-7,387;44,628;-0,51
"*_texto30";-7,135;-11,986;74,28;-0,038
"*_texto31";-10,339;-2,105;128,031;-11,359
"*_texto32";-0,465;-16,125;118,871;-7,726
"*_texto33";-7,266;-13,419;78,881;-0,025
"*_texto34";69,228;-14,055;-4,356;-3,723
"*_texto35";-3,442;-5,783;-0,246;16,527
"*_texto36";-7,266;-8,752;23,415;3,26
"*_texto37";0,014;-22,34;21,821;1,61
"*_texto38";-5,487;-16,539;27,254;5,296
"*_texto39";-3,744;-19,598;26,019;5,676
"*_texto40";2,002;-12,399;52,656;-6,662
"*_texto41";-0,516;-9,09;25,475;0,013
"*_texto42";-0,387;-6,196;7,216;1,164
"*_texto43";-4,181;-7,023;-0,505;21,034
"*_texto44";-3,541;-19,025;122,478;-2,523
"*_texto45";3,863;-13,641;-0,917;6,027
"*_texto46";-0,737;-1,239;1,443;0,911
"*_texto47";-5,904;-0,207;21,963;-0,408
"*_texto48";0,277;-16,125;70,161;-4,514
"*_texto49";0;0;0;0
"*_texto50";-0,984;-4,956;5,772;1,739
"*_texto51";1819,13;-229,378;-63,542;-238,53
"*_texto52";-4,673;-5,276;50,758;-0,525
"*_texto53";-0,079;-6,886;-1,12;11,249
"*_texto54";-3,442;-5,783;77,037;-3,782
"*_texto55";1465,488;-179,811;-61,825;-184,265
"*_texto56";-4,766;-21,511;209,95;-10,923
"*_texto57";-7,135;-11,986;177,043;-10,457
"*_texto58";-3,196;-5,369;69,433;-3,215
"*_texto59";-0,786;-4,543;-0,056;8,15
"*_texto60";1,697;-12,813;50,046;-5,372
"*_texto61";-2,173;-10,331;1,864;10,899
"*_texto62";-5,097;-9,732;4,293;11,511
"*_texto63";-0,155;-5,369;69,433;-8,567
"*_texto64";-3,205;-2,585;95,166;-11,373
"*_texto65";-7,381;-9,732;52,656;0,165
"*_texto66";-7,381;-12,399;4,293;17,135
"*_texto67";-0,01;-6,609;0,021;5,64
"*_texto68";-44,323;339,587;-22,148;-75,046
"*_texto69";32,153;-15,887;5,304;-5,759
"*_texto70";-28,391;79,553;-10,598;-3,409
"*_texto71";-8,103;-28,285;0,826;44,478
"*_texto72";-20,014;119,869;-9,532;-20,58
"*_texto73";-48,386;384,424;-23,385;-88,959
"*_texto74";-0,786;-4,543;2,776;2,631
"*_texto75";-23,085;78,346;-6,4;-7,18
"*_texto76";-35,593;189,586;-18,532;-26,577
"*_texto77";-30,873;99,049;-8,285;-8,212
"*_texto78";-18,455;76,667;-12,073;-5,723
"*_texto79";-46,891;292,297;-18,636;-56,599
"*_texto80";-5,337;-12,813;87,256;-0,72
"*_texto81";-41,316;298,542;-21,512;-61,238
"*_texto82";-17,722;-8,453;-0,192;41,086
"*_texto83";-16,756;93,078;-8,725;-13,863
"*_texto84";-39,324;218,74;-20,475;-32,644
"*_texto85";-46,318;376,952;-25,408;-85,439
"*_texto86";-44,822;226,326;-20,291;-31,564
"*_texto87";-27,152;114,201;-9,969;-13,31
"*_texto88";1282,457;-192,172;-13,55;-191,948
"*_texto89";1064,518;-128,007;-36,118;-146,992
"*_texto90";-0,646;-11,986;-1,8;22,474
"*_texto91";-22,197;102,98;-9,404;-13,051
"*_texto92";-2,284;-7,436;26,764;0,169
"*_texto93";-0,516;-9,09;59,87;-2,653
"*_texto94";-3,205;-9,09;2,837;10,026
"*_texto95";-2,972;-3,942;20,754;0,087
"*_texto96";521,049;-95,411;-4,363;-66,129
"*_texto97";-5,577;-10,549;27,315;2,409
"*_texto98";-1,475;4,069;0,169;-1,331
"*_texto99";548,609;-71,101;-17,662;-72,045
"*_texto100";248,32;-102,143;56,742;-68,966
"*_texto101";72,966;-14,469;-2,51;-5,687
"*_texto102";-4,859;-6,995;32,366;0,318
"*_texto103";1404,306;-172,504;-57,841;-177,966
"*_texto104";-0,004;-10,744;14,015;0,451
"*_texto105";1597,187;-215,392;-45,987;-209,286
"*_texto106";-4,859;-11,986;107,667;-2,941
"*_texto107";1265,414;-172,073;-52,52;-144,997
"*_texto108";-3,688;-6,196;57,347;-1,067
"*_texto109";-1,769;-9,504;77,592;-3,105
"*_texto110";-0,983;-0,034;16,119;-2,635
"*_texto111";-6,396;-5,832;98,625;-4,559
"*_texto112";3,474;-3,717;-1,152;0,944
"*_texto113";-0,646;-11,986;32,366;0,034
"*_texto114";-60,803;-166,323;-24,046;462,53
"*_texto115";1172,071;-139,022;-31,323;-175,746
"*_texto116";-5,165;-6,079;10,105;4,325
"*_texto117";-1,229;-2,064;-0,64;7,593
"*_texto118";-3,442;-3,301;39,039;-0,726
"*_texto119";3,031;-2,472;23,196;-9,463
"*_texto120";-5,337;-12,813;87,256;-0,72
"*_texto121";-6,889;-6,606;2,835;11,78
"*_texto122";-1,016;-5,276;12,292;0,466
"*_texto123";-0,983;-0,034;-0,512;2,081
"*_texto124";-6,396;-8,102;3,563;12,104
"*_texto125";-0,983;-1,652;-0,512;6,074
"*_texto126";-0,943;-3,588;79,872;-10,51
"*_texto127";-7,353;-17,123;96,43;-0,098
"*_texto128";-9,846;-13,83;67,476;0,468
"*_texto129";-3,438;-9,504;77,592;-1,785
"*_texto130";-3,442;-3,301;50,283;-1,955
"*_texto131";-0,264;-3,304;1,484;1,736
"*_texto132";-8,237;-17,782;0,292;34,849
"*_texto133";-2,972;-8,676;20,754;1,41
"*_texto134";-7,381;-9,732;0,846;20,366
"*_texto135";-1,769;-9,504;23,637;0,633
"*_texto136";-6,642;-6,218;71,611;-1,147
"*_texto137";68,844;-25,8;9,652;-16,326
"*_texto138";0;0;0;0
"*_texto139";-2,59;-0,142;-0,416;4,315
"*_texto140";-12,065;-20,268;-0,494;55,722
"*_texto141";-3,909;-7,696;58,908;-0,621
"*_texto142";-6,182;-15,064;19,275;7,75
"*_texto143";-2,36;-10,958;-0,917;24,473
"*_texto144";967,333;-130,696;-15,066;-147,705
"*_texto145";-4,351;-10,907;-2,687;33,97
"*_texto146";-1,401;-5,783;20,813;0,058
"*_texto147";-0,983;-0,034;5,944;-0,362
"*_texto148";-7,024;-15,711;-2,872;48,134
"*_texto149";-10,186;-18,36;105,285;-0,005
"*_texto150";-5,487;-16,539;125,625;-2,495
"*_texto151";-3,196;19,299;-1,664;-3,215
"*_texto152";-2,034;-10,561;19,787;1,683
"*_texto153";-6,396;0,366;-0,345;3,515
"*_texto154";4,692;-14,469;64,263;-11,709
"*_texto155";-7,825;-20,682;74,439;0,828
"*_texto156";-6,299;-14,469;41,169;2,01
"*_texto157";-3,897;-13,641;123,799;-4,723
"*_texto158";-6,54;-9,761;27,198;2,572
"*_texto159";-2,458;-4,13;14,864;0,442
"*_texto160";-4,859;-11,986;1,004;19,018
"*_texto161";-50,045;370,914;-26,058;-78,115
"*_texto162";-63,327;396,174;-27,773;-74,167
"*_texto163";-1,967;-3,304;-1,024;12,15
"*_texto164";-112,871;529,509;-52,079;-65,12
"*_texto165";-62,309;347,639;-32,443;-52,101
"*_texto166";-45,553;220,366;-17,391;-31,42
"*_texto167";3,473;-2,477;8,917;-3,953
"*_texto168";-65,57;426,894;-34,141;-77,984
"*_texto169";-62,825;391,481;-34,011;-66,646
"*_texto170";-3,196;-5,369;1,78;7,523
"*_texto171";-5,411;-6,482;70,731;-1,423
"*_texto172";-55,545;194,711;-24,548;-13,666
"*_texto173";-49,546;372,085;-25,798;-79,421
"*_texto174";-114,681;558,214;-54,325;-71,791
"*_texto175";-41,583;268,09;-22,94;-47,189
"*_texto176";-37,831;288,753;-19,698;-62,646
"*_texto177";-4,919;-8,263;123,131;-7,38
"*_texto178";-40,09;264,926;-22,161;-47,991
"*_texto179";-2,212;1,009;1,059;-0,153
"*_texto180";-27,4;165,85;-12,09;-29,799
"*_texto181";-65,821;481,413;-34,272;-100,009
"*_texto182";-6,15;-10,331;33,434;1,579
"*_texto183";0,247;-12,399;70,704;-6,662
"*_texto184";0,351;-8,263;16,343;-0,185
"*_texto185";-0,422;-3,717;1,059;2,733
"*_texto186";-1,19;-5,369;55,62;-3,215
"*_texto187";-3,196;-1,204;0,211;4,735
"*_texto188";0;0;0;0
"*_texto189";-0,983;-1,652;-0,512;6,074
"*_texto190";3,16;-11,158;0,324;1,664
"*_texto191";-0,786;-4,543;12,732;0,152
"*_texto192";1,476;-14,883;13,231;0,058
"*_texto193";-2,556;-2,205;2,893;2,49
"*_texto194";-6,649;-4,07;-3,73;27,288
"*_texto195";0,016;-0,124;-2,39;1,506
"*_texto196";-1,229;-2,064;-0,64;7,593
"*_texto197";-3,196;-5,369;9,51;2,589
"*_texto198";-0,422;-3,717;-1,152;9,095
"*_texto199";2,106;-4,877;-0,6;1,889
"*_texto200";-4,673;-7,849;32,229;0,466
"*_texto201";-4,181;-7,023;38,132;0,015
"*_texto202";-6,15;-3,588;-1,342;20,504
"*_texto203";-7,135;-11,986;7,616;12,971
"*_texto204";-5,165;-0,004;-0,905;6,379
"*_texto205";-5,904;-0,817;-1,23;12,497
"*_texto206";0,679;-30,18;1,221;13,837
"*_texto207";-3,196;3,814;-0,172;-0,008
"*_texto208";-2,95;-0,915;5,772;0,531
"*_texto209";-0,983;-1,652;-0,512;6,074
"*_texto210";-1,836;-6,609;41,66;-0,479
"*_texto211";-3,688;-3,691;-1,92;18,027
"*_texto212";-5,657;-6,886;17,673;2,718
"*_texto213";-24,344;-11,18;-9,133;82,43
"*_texto214";-5,904;-5,067;-3,074;27,087
"*_texto215";-7,024;-15,711;-4,87;52,848
"*_texto216";-1,401;-5,783;4,134;3,534
"*_texto217";-4,427;-7,436;-0,6;22,541
"*_texto218";0,667;-4,13;-1,28;3,834
"*_texto219";-0,737;-1,239;23,449;-1,976
"*_texto220";-2,95;-4,956;-0,108;13,537
"*_texto221";-6,396;-10,744;6,281;12,104
"*_texto222";-4,382;-11,158;-1,569;31,573
"*_texto223";-8,86;-14,883;-0,325;40,651
"*_texto224";-0,246;-0,413;-0,128;1,518
"*_texto225";-14,04;-0,233;-5,224;24,773
"*_texto226";-5,904;-9,917;-1,23;31,606
"*_texto227";-9,106;-15,297;-1,299;46,623
"*_texto228";-2,95;0,098;-0,108;1,739
"*_texto229";-6,889;8,038;-3,587;0,529
"*_texto230";-5,817;-6,473;0,476;15,046
"*_texto231";-0,983;-1,652;-0,512;6,074
"*_texto232";-2,704;-0,648;-0,056;5,011
"*_texto233";0,177;-18,61;-2,134;21,288
"*_texto234";0,002;-11,778;-4,485;20,514
"*_texto235";-4,673;0,051;-2,433;6,547
"*_texto236";-0,264;-1,082;0,011;1,736
"*_texto237";-5,577;-13,227;-0,827;34,694
"*_texto238";-11,325;-19,025;-0,01;47,014
"*_texto239";34,564;-30,772;-10,398;6,074
"*_texto240";-2,458;-4,13;-0,018;10,568
"*_texto241";-4,181;-4,48;-2,177;21,034
"*_texto242";-1,475;-2,477;-0,768;9,112
"*_texto243";-0,264;-3,304;-1,024;7,634
"*_texto244";-1,721;-2,891;-0,896;10,631
"*_texto245";-2,458;-1,787;-1,28;10,568
"*_texto246";-63,237;-86,772;-32,335;353,843
"*_texto247";-0,246;-0,413;7,816;-0,659
"*_texto248";-49,546;22,762;-21,45;18,421
"*_texto249";-6,642;-0,64;1,383;4,315
"*_texto250";-0,983;-1,652;-0,512;6,074
"*_texto251";-0,983;-1,652;-0,512;6,074
"*_texto252";-9,106;-15,297;-4,741;56,259
"*_texto253";-16,262;0,216;-3,041;15,824
"*_texto254";-4,427;-7,436;2,119;10,903
"*_texto255";-4,62;-8,916;0,241;17,682
"*_texto256";0;0;0;0
"*_texto257";-6,54;-14,883;-2,63;45,114
"*_texto258";-10,092;-11,765;-1,707;43,805
"*_texto259";-1,967;-3,304;-1,024;12,15
"*_texto260";-3,438;-9,504;-2,946;30,093
"*_texto261";-1,229;-0,206;4,083;0
"*_texto262";-2,458;-1,787;-1,28;10,568
"*_texto263";0,07;-1,652;-0,512;2,081
"*_texto264";-8,967;-19,025;-5,897;65,014
"*_texto265";-12,312;-15,407;-0,09;44,841
"*_texto266";-18,211;-35,752;-1,352;95,681
"*_texto267";-10,071;-31,47;-0,345;66,84
"*_texto268";-6,54;-14,883;21,989;6,897
"*_texto269";-6,642;-4,286;-3,459;27,305
"*_texto270";-1,475;1,253;-0,768;0,265
"*_texto271";-22,353;-38,657;-7,576;130,139
"*_texto272";-7,135;-5,001;-3,715;30,252
"*_texto273";0,07;-1,652;-0,512;2,081
"*_texto274";-16,81;-26,88;-0,437;73,645
"*_texto275";-0,264;-3,304;-1,024;7,634
"*_texto276";-0,492;-0,826;-0,256;3,037
"*_texto277";-6,642;-11,158;-0,001;27,305
"*_texto278";-4,572;-12,188;-2,63;36,42
"*_texto279";-0,737;-1,239;-0,384;4,555
"*_texto280";0;-4,13;-0,018;3,834
"*_texto281";-4,181;-7,023;0,003;16,732
"*_texto282";-5,657;-9,504;-2,946;34,952
"*_texto283";-4,181;-7,023;29,268;0,384
"*_texto284";-0,155;-2,914;-0,172;4,735
"*_texto285";-1,229;-2,064;-0,64;7,593
"*_texto286";-0,492;-0,826;-0,256;3,037
"*_texto287";-1,475;-2,477;46,903;-3,953
"*_texto288";-15,768;-21,125;-4,31;78,268
"*_texto289";-0,737;-1,239;-0,384;4,555
"*_texto290";-0,264;-3,304;-1,024;7,634
"*_texto291";-3,196;-1,204;-1,664;10,955
"*_texto292";-0,649;-9,504;0,837;8,571
"*_texto293";4,6;-4,543;-1,408;1,012
"*_texto294";-3,994;-16,953;-1,707;39,678
"*_texto295";-9,106;-15,297;-4,741;56,259
"*_texto296";-0,492;-0,826;-0,256;3,037
"*_texto297";-0,983;-0,034;-0,512;2,081
"*_texto298";-1,475;-2,477;-0,768;9,112
"*_texto299";-1,836;-6,609;0,873;8,328
"*_texto300";-2,284;-7,436;0,507;10,903
"*_texto301";-0,131;-2,891;-0,896;6,19
"*_texto302";-7,381;-12,399;-1,916;40,7
"*_texto303";11,473;-2,064;-0,64;-0,811
"*_texto304";-0,983;-1,652;-0,512;6,074
"*_texto305";-17,251;-0,826;-6,862;35,052
"*_texto306";-2,212;-3,717;70,363;-5,93
"*_texto307";-2,212;-3,717;9,808;0,944
"*_texto308";-2,458;-4,13;-1,28;15,189
"*_texto309";-6,642;-11,158;-0,416;31,573
"*_texto310";-0,983;-1,652;-0,512;6,074
"*_texto311";-51,879;-55,237;-25,195;256,603
"*_texto312";-1,229;-0,206;23,439;-3,294
"*_texto313";-1,967;-0,069;-1,024;4,163
"*_texto314";-2,458;-4,13;-1,28;15,189
"*_texto315";0;0;0;0
"*_texto316";-4,181;-4,48;-2,177;21,034
"*_texto317";-0,131;-2,891;-0,896;6,19
"*_texto318";-5,097;-12,399;-3,843;40,7
"*_texto319";-17,251;-7,57;2,347;24,424
"*_texto320";-3,196;-2,914;-1,664;15,03
"*_texto321";-7,266;-1,432;-0,518;14,219
"*_texto322";-1,967;-0,069;-1,024;4,163
"*_texto323";-10,092;2,977;-5,255;6,08
"*_texto324";-7,628;-7,78;-3,972;37,579
"*_texto325";-9,846;-11,363;-1,603;42,323
"*_texto326";-0,984;-4,956;17,838;0,019
"*_texto327";-34,101;-9,387;-2,317;73,675
"*_texto328";-5,487;-11,363;-5,126;42,323
"*_texto329";-2,284;-7,436;-2,305;22,541
"*_texto330";-3,934;-6,609;-0,413;19,529
"*_texto331";-3,442;-5,783;-1,792;21,268
"*_texto332";-5,904;-9,917;-1,23;31,606
"*_texto333";-2,704;-4,543;-1,408;16,708
"*_texto334";-3,196;-5,369;-0,172;15,03
"*_texto335";0,001;-6,196;3,504;1,164
"*_texto336";-3,688;-6,196;7,216;4,556
"*_texto337";-1,721;0,63;-0,896;0,889
"*_texto338";-0,492;-0,826;-0,256;3,037
"*_texto339";-0,737;-1,239;-0,384;4,555
"*_texto340";-1,55;-7,77;-3,041;22,407
"*_texto341";-2,704;-0,648;-0,056;5,011
"*_texto342";-9,599;-13,419;-4,998;54,368
"*_texto343";-0,786;-4,543;2,776;2,631
"*_texto344";-1,229;-2,064;-0,64;7,593
"*_texto345";-0,903;-6,072;-0,386;12,011
"*_texto346";-5,904;-0,817;-3,074;15,622
"*_texto347";-2,059;-7,023;5,522;4,44
"*_texto348";-1,229;-0,206;-0,64;3,391
"*_texto349";-0,492;-0,826;-0,256;3,037
"*_texto350";0,07;-1,652;-0,512;2,081
"*_texto351";-5,904;-3,247;-1,23;19,095
"*_texto352";4,177;-7,436;13,589;-2,301
"*_texto353";-2,704;-4,543;-0,056;12,049
"*_texto354";-1,721;-0,755;-0,896;6,19
"*_texto355";10,705;-6,196;3,504;-2,435
"*_texto356";-2,704;-4,543;20,422;0,152
"*_texto357";41,793;-7,387;0,118;-8,728
"*_texto358";-20,217;136,533;-10,527;-26,015
"*_texto359";-1,979;-12,813;58,385;-0,232
"*_texto360";-0,373;-15,711;101,593;-5,533
"*_texto361";-0,984;-0,103;0,338;0,531
"*_texto362";-26,439;44,706;-7,341;-0,077
"*_texto363";-11,078;-13,379;0,177;34,032
"*_texto364";0,351;-1,239;-0,384;0,911
"*_texto365";-6,396;-8,102;55,593;-0,017
"*_texto366";-17,015;-34,726;17,382;37,573
"*_texto367";-3,688;-1,831;-1,92;13,823
"*_texto368";-6,396;-8,102;98,625;-3,008
"*_texto369";-0,592;-16,299;60,988;-0,467
"*_texto370";-52,794;415,811;-23,127;-98,534
"*_texto371";-0,524;-11,572;112,941;-9,844
"*_texto372";9,175;-3,213;-0,699;-0,065
"*_texto373";-5,317;-23,177;64,779;1,285
"*_texto374";-4,382;-6,218;5,715;6,104
"*_texto375";0;0;0;0
"*_texto376";-43,06;207,729;-18,107;-28,102
"*_texto377";-7,118;-14,189;108,915;-1,195
"*_texto378";-10,071;-28,699;71,726;4,289
"*_texto379";-0,264;-3,304;20,823;-0,723
"*_texto380";-2,704;-4,543;41,23;-0,711
"*_texto381";-5,516;-19,853;115,155;-0,817
"*_texto382";-2,168;-10,549;47,607;-0,065
"*_texto383";-4,181;-7,023;71,745;-1,86
"*_texto384";-103,783;678,459;-37,869;-142,459
"*_texto385";-58,299;363,748;-23,908;-69,683
"*_texto386";-36,111;227,567;-20,087;-38,799
"*_texto387";-34,845;166,132;-14,205;-22,431
"*_texto388";4,733;-5,783;0,121;0,058
"*_texto389";-1,229;2,291;0,373;-0,811
"*_texto390";-0,984;-2,532;-0,108;6,245
"*_texto391";-1,721;16,961;-0,896;-4,612
"*_texto392";-1,401;-3,301;29,215;-0,726
"*_texto393";-8,48;-18,196;-0,898;48,261
"*_texto394";-0,983;-0,034;-0,512;2,081
"*_texto395";-6,642;-11,158;-3,459;41,038
"*_texto396";-2,95;-4,956;-1,536;18,228
"*_texto397";-1,969;-5,067;-1,23;15,622
"*_texto398";-4,919;-5,677;-0,801;21,145
"*_texto399";-31,121;174,087;-16,204;-26,186
"*_texto400";-3,442;-3,301;-1,792;16,527
"*_texto401";-3,205;-9,09;-1,012;24,109
"*_texto402";-9,353;-13,008;-0,025;35,313
"*_texto403";-8,367;-6,848;-2,39;33,486
"*_texto404";-27,403;-34,189;-6,051;127,38
"*_texto405";-2,704;-4,543;-1,408;16,708
"*_texto406";-3,018;-11,986;-3,715;34,573
"*_texto407";-0,422;-3,717;0;5,45
"*_texto408";-10,832;-15,475;-5,64;61,971
"*_texto409";-9,942;-0,66;-6,411;24,606
"*_texto410";-0,246;-0,413;-0,128;1,518
"*_texto411";-6,299;-11,778;-4,485;43,605
"*_texto412";-12,143;-19,078;-7,567;75,283
"*_texto413";-22,197;-8,154;-9,404;71,797
"*_texto414";1,053;-3,717;-1,152;2,733
"*_texto415";-3,159;-15,297;-4,741;42,145
"*_texto416";-44,899;-70,013;-19,554;258,97
"*_texto417";-5,904;-7,29;-3,074;31,606
"*_texto418";-2,458;-4,13;-0,018;10,568
"*_texto419";-8,12;-6,473;11,81;6,027
"*_texto420";-0,983;-1,652;-0,512;6,074
"*_texto421";-11,078;-5,501;-2,134;34,032
"*_texto422";-0,598;-4,13;0,745;3,834
"*_texto423";-1,229;-0,206;-0,64;3,391
"*_texto424";-0,983;-1,652;-0,512;6,074
"*_texto425";-5,657;-9,504;130,871;-6,838
"*_texto426";-4,427;-7,436;8,66;5,467
"*_texto427";-3,688;-6,196;70,346;-2,435
"*_texto428";-1,229;-0,206;0,373;0,86
"*_texto429";-1,229;-2,064;-0,64;7,593
"*_texto430";-1,814;-25,386;0,012;32,575
"*_texto431";-6,889;-3,023;-1,684;21,082
"*_texto432";-2,59;-11,158;17,742;2,835
"*_texto433";-1,617;-6,196;84,67;-6,845
"*_texto434";0;0;0;0
"*_texto435";-30,398;-48,534;5,458;89,206
"*_texto436";-0,984;0,098;5,772;-1,085
"*_texto437";-27,895;116,148;-14,525;-10,57
"*_texto438";-2,284;-7,436;4,837;5,467
"*_texto439";-4,382;-11,158;-3,459;36,15
"*_texto440";-0,786;-4,543;6,85;1,012
"*_texto441";-3,934;32,236;-2,049;-7,487
"*_texto442";-6,107;-33,132;49,502;7,837
"*_texto443";-10,339;-17,368;-5,383;63,875
"*_texto444";-5,097;0,009;37,263;-4,874
"*_texto445";-1,475;-2,477;0,169;4,77
"*_texto446";-40,32;-59,468;-14,734;219,615
"*_texto447";-10,832;0,002;-5,64;17,403
"*_texto448";-5,411;-4,314;9,178;3,455
"*_texto449";-68,6;-78,078;-34,772;352,336
"*_texto450";1,308;-16,953;57,229;-4,026
