"";"newcol";"newcol";"newcol";"newcol";"newcol";"newcol";"newcol";"newcol";"newcol"
"1";3;4;6;9;10;12;15;16;19
"2";3;4;7;7;7;7;7;7;7
"3";3;4;6;9;10;12;15;16;19
"4";3;4;6;9;10;12;15;16;19
"5";3;4;6;9;10;12;15;16;19
"6";3;4;6;8;8;8;8;8;8
"7";3;4;6;9;10;12;15;16;19
"8";3;4;6;8;8;8;8;8;8
"9";3;4;6;8;8;8;8;8;8
"10";3;4;6;8;8;8;8;8;8
"11";3;5;5;5;5;5;5;5;5
"12";3;4;6;8;8;8;8;8;8
"13";3;4;6;8;8;8;8;8;8
"14";3;4;6;8;8;8;8;8;8
"15";3;4;6;8;8;8;8;8;8
"16";3;4;6;8;8;8;8;8;8
"17";3;4;6;8;8;8;8;8;8
"18";3;4;6;8;8;8;8;8;8
"19";3;4;6;9;10;12;15;16;19
"20";3;4;6;8;8;8;8;8;8
"21";3;4;6;8;8;8;8;8;8
"22";3;4;6;8;8;8;8;8;8
"23";3;4;7;7;7;7;7;7;7
"24";3;4;6;8;8;8;8;8;8
"25";3;4;6;8;8;8;8;8;8
"26";3;4;6;8;8;8;8;8;8
"27";3;4;6;8;8;8;8;8;8
"28";3;4;6;8;8;8;8;8;8
"29";3;4;6;8;8;8;8;8;8
"30";3;4;6;9;10;12;15;16;19
"31";3;4;6;9;10;12;15;16;19
"32";3;4;6;9;10;12;15;16;19
"33";3;4;6;8;8;8;8;8;8
"34";3;4;6;8;8;8;8;8;8
"35";3;4;6;9;10;12;15;16;19
"36";3;4;6;8;8;8;8;8;8
"37";3;4;6;8;8;8;8;8;8
"38";3;4;6;9;10;12;15;16;19
"39";3;4;6;9;10;12;15;16;19
"40";3;4;6;8;8;8;8;8;8
"41";3;4;7;7;7;7;7;7;7
"42";3;4;6;9;10;12;15;16;19
"43";3;4;6;9;10;12;15;16;18
"44";3;4;6;9;10;12;15;16;19
"45";3;4;6;8;8;8;8;8;8
"46";3;4;6;9;10;12;15;16;19
"47";3;4;7;7;7;7;7;7;7
"48";3;4;6;9;10;12;15;16;19
"49";3;4;7;7;7;7;7;7;7
"50";3;4;6;9;10;12;15;16;19
"51";3;4;6;9;10;12;15;16;19
"52";3;4;6;9;10;12;15;16;19
"53";3;4;6;9;10;12;15;16;19
"54";3;4;6;9;10;12;15;16;19
"55";3;4;6;9;10;12;15;16;19
"56";3;4;6;8;8;8;8;8;8
"57";3;4;7;7;7;7;7;7;7
"58";3;4;7;7;7;7;7;7;7
"59";3;4;7;7;7;7;7;7;7
"60";3;4;6;9;10;12;15;16;19
"61";3;4;6;9;10;12;15;16;19
"62";3;4;6;9;10;12;15;16;19
"63";3;4;6;9;10;12;15;16;19
"64";3;4;6;8;8;8;8;8;8
"65";3;4;7;7;7;7;7;7;7
"66";3;4;6;8;8;8;8;8;8
"67";3;4;6;9;10;12;15;16;19
"68";3;4;6;8;8;8;8;8;8
"69";3;4;6;8;8;8;8;8;8
"70";3;4;6;9;10;12;15;16;19
"71";3;4;6;8;8;8;8;8;8
"72";3;4;6;8;8;8;8;8;8
"73";3;4;6;8;8;8;8;8;8
"74";3;4;6;8;8;8;8;8;8
"75";3;4;6;8;8;8;8;8;8
"76";3;4;6;9;10;12;15;16;19
"77";3;4;6;8;8;8;8;8;8
"78";3;4;6;8;8;8;8;8;8
"79";3;4;6;9;10;12;15;16;19
"80";3;4;6;8;8;8;8;8;8
"81";3;4;6;8;8;8;8;8;8
"82";3;4;6;8;8;8;8;8;8
"83";3;4;6;9;10;12;15;16;19
"84";3;4;6;8;8;8;8;8;8
"85";3;4;6;8;8;8;8;8;8
"86";3;4;6;8;8;8;8;8;8
"87";3;4;6;9;10;12;15;16;19
"88";3;4;6;9;10;12;15;16;19
"89";3;4;6;8;8;8;8;8;8
"90";3;4;6;8;8;8;8;8;8
"91";3;4;6;8;8;8;8;8;8
"92";3;4;6;8;8;8;8;8;8
"93";3;4;6;8;8;8;8;8;8
"94";3;4;6;9;10;12;15;16;19
"95";3;4;6;8;8;8;8;8;8
"96";3;4;6;9;10;12;15;16;19
"97";3;4;6;9;10;12;15;16;19
"98";3;4;6;9;10;12;15;16;19
"99";3;4;6;9;10;12;15;16;19
"100";3;4;6;8;8;8;8;8;8
"101";3;4;6;9;10;12;15;16;19
"102";3;4;6;9;10;12;15;16;19
"103";3;4;6;8;8;8;8;8;8
"104";3;4;6;8;8;8;8;8;8
"105";3;4;6;8;8;8;8;8;8
"106";3;4;6;8;8;8;8;8;8
"107";3;4;6;9;10;12;15;16;19
"108";3;4;6;9;10;12;15;16;19
"109";3;4;6;8;8;8;8;8;8
"110";3;4;6;8;8;8;8;8;8
"111";3;4;6;9;10;12;15;16;19
"112";3;4;6;9;10;12;15;16;19
"113";3;4;6;8;8;8;8;8;8
"114";3;4;6;9;10;12;15;16;19
"115";3;4;6;9;10;12;15;16;19
"116";3;4;6;8;8;8;8;8;8
"117";3;4;6;8;8;8;8;8;8
"118";3;4;6;8;8;8;8;8;8
"119";3;4;6;9;10;12;15;16;19
"120";3;4;6;9;10;12;15;16;19
"121";3;4;6;9;10;12;15;16;19
"122";3;4;6;8;8;8;8;8;8
"123";3;4;7;7;7;7;7;7;7
"124";3;4;6;9;10;12;15;16;19
"125";3;4;6;8;8;8;8;8;8
"126";3;4;6;9;10;12;15;16;19
"127";3;4;6;9;10;12;15;16;19
"128";3;4;6;9;10;12;15;16;19
"129";3;4;6;9;10;12;15;16;19
"130";3;4;6;9;10;12;15;16;19
"131";3;4;6;9;10;12;15;16;19
"132";3;4;7;7;7;7;7;7;7
"133";3;4;6;8;8;8;8;8;8
"134";3;4;6;9;10;12;15;16;19
"135";3;4;6;9;10;12;15;16;19
"136";3;4;6;9;10;12;15;16;19
"137";3;4;7;7;7;7;7;7;7
"138";3;4;6;9;10;12;15;16;19
"139";3;4;7;7;7;7;7;7;7
"140";3;4;7;7;7;7;7;7;7
"141";3;4;6;9;10;12;15;16;19
"142";3;4;6;9;10;12;15;16;19
"143";3;4;6;9;10;12;15;16;19
"144";3;4;6;9;10;12;15;16;19
"145";3;4;6;9;10;12;15;16;19
"146";3;4;7;7;7;7;7;7;7
"147";3;4;6;9;10;12;15;16;19
"148";3;4;6;9;10;12;15;16;19
"149";3;4;6;9;10;12;15;16;19
"150";3;4;6;9;10;12;15;16;19
"151";3;4;6;9;10;12;15;16;19
"152";3;4;6;9;10;12;15;16;19
"153";3;4;6;9;10;12;15;16;19
"154";3;4;6;9;10;12;15;16;19
"155";3;4;6;8;8;8;8;8;8
"156";3;4;6;8;8;8;8;8;8
"157";3;4;6;9;10;12;15;16;18
"158";3;4;6;9;10;12;15;16;19
"159";3;4;6;9;10;12;15;16;19
"160";3;4;6;9;10;12;15;16;19
"161";3;4;6;9;10;12;15;16;19
"162";3;4;6;8;8;8;8;8;8
"163";3;4;6;8;8;8;8;8;8
"164";3;4;6;8;8;8;8;8;8
"165";3;4;6;9;10;12;15;16;19
"166";3;4;6;9;10;12;15;16;19
"167";3;4;6;9;10;12;15;16;19
"168";3;4;6;9;10;12;15;16;19
"169";3;4;6;9;10;12;15;16;19
"170";3;4;6;9;10;12;15;16;19
"171";3;4;6;9;10;12;15;16;19
"172";3;4;6;8;8;8;8;8;8
"173";3;4;6;8;8;8;8;8;8
"174";3;4;6;9;10;12;15;16;19
"175";3;4;6;8;8;8;8;8;8
"176";3;4;6;8;8;8;8;8;8
"177";3;5;5;5;5;5;5;5;5
"178";3;4;6;9;10;12;15;16;19
"179";3;4;6;9;10;12;15;16;19
"180";3;4;6;9;10;12;15;16;19
"181";3;4;6;8;8;8;8;8;8
"182";3;4;6;9;10;12;15;16;19
"183";3;4;6;8;8;8;8;8;8
"184";3;4;6;9;10;12;15;16;19
"185";3;4;6;8;8;8;8;8;8
"186";3;5;5;5;5;5;5;5;5
"187";3;5;5;5;5;5;5;5;5
"188";3;4;6;9;10;12;15;16;19
"189";3;4;6;9;10;12;15;16;19
"190";3;4;6;9;10;12;15;16;19
"191";3;5;5;5;5;5;5;5;5
"192";3;4;6;9;10;12;15;16;19
"193";3;5;5;5;5;5;5;5;5
"194";3;4;6;8;8;8;8;8;8
"195";3;4;6;9;10;12;15;16;19
"196";3;4;6;9;10;12;15;16;19
"197";3;4;6;8;8;8;8;8;8
"198";3;4;6;9;10;12;15;16;19
"199";3;5;5;5;5;5;5;5;5
"200";3;4;6;8;8;8;8;8;8
"201";3;4;6;8;8;8;8;8;8
"202";3;4;6;9;10;12;15;16;19
"203";3;4;6;8;8;8;8;8;8
"204";3;4;6;8;8;8;8;8;8
"205";3;4;6;8;8;8;8;8;8
"206";3;4;6;9;10;12;15;16;19
"207";3;4;6;9;10;12;15;16;19
"208";3;4;6;9;10;12;15;16;19
"209";3;4;6;8;8;8;8;8;8
"210";3;4;6;9;10;12;15;16;19
"211";3;4;6;9;10;12;15;16;19
"212";3;4;7;7;7;7;7;7;7
"213";3;4;6;9;10;12;15;16;19
"214";3;4;7;7;7;7;7;7;7
"215";3;4;6;9;10;12;15;16;19
"216";3;4;6;8;8;8;8;8;8
"217";3;4;6;9;10;12;15;16;19
"218";3;4;6;9;10;12;15;16;19
"219";3;4;6;9;10;12;15;16;19
"220";3;4;6;9;10;12;15;16;19
"221";3;4;6;9;10;12;15;16;19
"222";3;4;6;9;10;12;15;16;19
"223";3;4;6;9;10;12;15;16;19
"224";3;4;6;9;10;12;15;16;19
"225";3;5;5;5;5;5;5;5;5
"226";3;4;6;9;10;12;15;16;19
"227";3;4;6;8;8;8;8;8;8
"228";3;4;6;9;10;12;15;16;19
"229";3;4;6;9;10;12;15;16;19
"230";3;5;5;5;5;5;5;5;5
"231";3;4;6;8;8;8;8;8;8
"232";3;4;6;8;8;8;8;8;8
"233";3;4;6;8;8;8;8;8;8
"234";3;4;6;8;8;8;8;8;8
"235";3;4;6;8;8;8;8;8;8
"236";3;4;6;8;8;8;8;8;8
"237";3;4;6;8;8;8;8;8;8
"238";3;4;6;8;8;8;8;8;8
"239";3;4;6;8;8;8;8;8;8
"240";3;5;5;5;5;5;5;5;5
"241";3;4;6;8;8;8;8;8;8
"242";3;4;6;8;8;8;8;8;8
"243";3;4;6;8;8;8;8;8;8
"244";3;5;5;5;5;5;5;5;5
"245";3;4;6;8;8;8;8;8;8
"246";3;4;6;9;10;12;15;16;19
"247";3;4;6;9;10;12;15;16;19
"248";3;5;5;5;5;5;5;5;5
"249";3;4;6;8;8;8;8;8;8
"250";3;4;6;8;8;8;8;8;8
"251";3;4;6;8;8;8;8;8;8
"252";3;4;6;9;10;12;15;16;19
"253";3;4;6;8;8;8;8;8;8
"254";3;4;6;8;8;8;8;8;8
"255";3;4;6;8;8;8;8;8;8
"256";3;4;6;8;8;8;8;8;8
"257";3;4;6;8;8;8;8;8;8
"258";3;4;6;8;8;8;8;8;8
"259";3;4;6;8;8;8;8;8;8
"260";3;4;6;8;8;8;8;8;8
"261";3;4;6;9;10;12;15;16;19
"262";3;4;6;8;8;8;8;8;8
"263";3;4;6;8;8;8;8;8;8
"264";3;4;6;8;8;8;8;8;8
"265";3;4;6;8;8;8;8;8;8
"266";3;4;6;8;8;8;8;8;8
"267";3;4;6;8;8;8;8;8;8
"268";3;4;6;8;8;8;8;8;8
"269";3;4;6;8;8;8;8;8;8
"270";3;4;6;9;10;12;15;16;19
"271";3;4;6;8;8;8;8;8;8
"272";3;4;6;8;8;8;8;8;8
"273";3;4;6;8;8;8;8;8;8
"274";3;4;6;8;8;8;8;8;8
"275";3;4;6;8;8;8;8;8;8
"276";3;4;6;8;8;8;8;8;8
"277";3;4;6;8;8;8;8;8;8
"278";3;4;6;9;10;12;15;16;19
"279";3;4;6;9;10;12;15;16;19
"280";3;4;6;8;8;8;8;8;8
"281";3;4;6;8;8;8;8;8;8
"282";3;4;6;9;10;12;15;16;19
"283";3;4;6;9;10;13;13;13;13
"284";3;5;5;5;5;5;5;5;5
"285";3;4;6;9;10;12;15;16;19
"286";3;4;6;9;10;12;15;16;19
"287";3;4;6;9;10;12;15;16;19
"288";3;4;6;9;10;12;15;16;19
"289";3;4;7;7;7;7;7;7;7
"290";3;4;6;9;10;12;15;16;19
"291";3;4;6;9;10;12;15;16;19
"292";3;4;6;9;10;12;15;16;19
"293";3;4;6;8;8;8;8;8;8
"294";3;4;6;9;10;12;15;16;19
"295";3;4;6;8;8;8;8;8;8
"296";3;4;6;8;8;8;8;8;8
"297";3;4;6;9;10;12;15;16;19
"298";3;4;6;9;10;12;15;16;19
"299";3;4;6;9;10;12;15;16;19
"300";3;5;5;5;5;5;5;5;5
"301";3;4;6;9;10;12;15;16;19
"302";3;4;6;9;10;12;15;16;19
"303";3;4;6;8;8;8;8;8;8
"304";3;4;7;7;7;7;7;7;7
"305";3;4;6;8;8;8;8;8;8
"306";3;4;6;9;10;12;15;16;19
"307";3;4;6;8;8;8;8;8;8
"308";3;4;6;9;10;12;15;16;19
"309";3;4;6;9;10;12;15;16;19
"310";3;4;6;9;10;12;15;16;19
"311";3;4;6;8;8;8;8;8;8
"312";3;4;6;8;8;8;8;8;8
"313";3;4;6;8;8;8;8;8;8
"314";3;4;6;8;8;8;8;8;8
"315";3;4;6;8;8;8;8;8;8
"316";3;4;6;9;10;13;13;13;13
"317";3;4;6;9;10;12;15;16;19
"318";3;4;7;7;7;7;7;7;7
"319";3;4;6;9;10;12;15;16;19
"320";3;4;6;9;10;12;15;16;19
"321";3;4;6;9;10;12;15;16;19
"322";3;4;6;8;8;8;8;8;8
"323";3;5;5;5;5;5;5;5;5
"324";3;4;6;8;8;8;8;8;8
"325";3;4;6;8;8;8;8;8;8
"326";3;4;6;9;10;12;15;16;19
"327";3;4;6;8;8;8;8;8;8
"328";3;4;6;9;10;12;15;16;19
"329";3;4;6;9;10;12;15;16;19
"330";3;4;6;9;10;12;15;16;19
"331";3;4;6;9;10;12;15;16;19
"332";3;4;6;8;8;8;8;8;8
"333";3;5;5;5;5;5;5;5;5
"334";3;4;6;9;10;12;15;16;19
"335";3;4;6;9;10;12;15;16;19
"336";3;4;6;8;8;8;8;8;8
"337";3;5;5;5;5;5;5;5;5
"338";3;4;6;8;8;8;8;8;8
"339";3;4;6;8;8;8;8;8;8
"340";3;4;6;9;10;12;15;16;19
"341";3;5;5;5;5;5;5;5;5
"342";3;4;6;9;10;12;15;16;19
"343";3;4;6;9;10;12;15;16;19
"344";3;4;6;9;10;12;15;16;19
"345";3;4;7;7;7;7;7;7;7
"346";3;4;7;7;7;7;7;7;7
"347";2;2;2;2;2;2;2;2;2
"348";2;2;2;2;2;2;2;2;2
"349";2;2;2;2;2;2;2;2;2
"350";2;2;2;2;2;2;2;2;2
"351";2;2;2;2;2;2;2;2;2
"352";2;2;2;2;2;2;2;2;2
"353";2;2;2;2;2;2;2;2;2
"354";2;2;2;2;2;2;2;2;2
"355";2;2;2;2;2;2;2;2;2
"356";2;2;2;2;2;2;2;2;2
"357";2;2;2;2;2;2;2;2;2
"358";2;2;2;2;2;2;2;2;2
"359";2;2;2;2;2;2;2;2;2
"360";2;2;2;2;2;2;2;2;2
"361";2;2;2;2;2;2;2;2;2
"362";2;2;2;2;2;2;2;2;2
"363";2;2;2;2;2;2;2;2;2
"364";2;2;2;2;2;2;2;2;2
"365";2;2;2;2;2;2;2;2;2
"366";2;2;2;2;2;2;2;2;2
"367";2;2;2;2;2;2;2;2;2
"368";2;2;2;2;2;2;2;2;2
"369";2;2;2;2;2;2;2;2;2
"370";2;2;2;2;2;2;2;2;2
"371";2;2;2;2;2;2;2;2;2
"372";2;2;2;2;2;2;2;2;2
"373";2;2;2;2;2;2;2;2;2
"374";2;2;2;2;2;2;2;2;2
"375";2;2;2;2;2;2;2;2;2
"376";2;2;2;2;2;2;2;2;2
"377";2;2;2;2;2;2;2;2;2
"378";2;2;2;2;2;2;2;2;2
"379";2;2;2;2;2;2;2;2;2
"380";2;2;2;2;2;2;2;2;2
"381";2;2;2;2;2;2;2;2;2
"382";2;2;2;2;2;2;2;2;2
"383";2;2;2;2;2;2;2;2;2
"384";2;2;2;2;2;2;2;2;2
"385";2;2;2;2;2;2;2;2;2
"386";2;2;2;2;2;2;2;2;2
"387";2;2;2;2;2;2;2;2;2
"388";2;2;2;2;2;2;2;2;2
"389";2;2;2;2;2;2;2;2;2
"390";2;2;2;2;2;2;2;2;2
"391";2;2;2;2;2;2;2;2;2
"392";2;2;2;2;2;2;2;2;2
"393";2;2;2;2;2;2;2;2;2
"394";2;2;2;2;2;2;2;2;2
"395";2;2;2;2;2;2;2;2;2
"396";2;2;2;2;2;2;2;2;2
"397";2;2;2;2;2;2;2;2;2
"398";2;2;2;2;2;2;2;2;2
"399";2;2;2;2;2;2;2;2;2
"400";2;2;2;2;2;2;2;2;2
"401";2;2;2;2;2;2;2;2;2
"402";2;2;2;2;2;2;2;2;2
"403";2;2;2;2;2;2;2;2;2
"404";3;4;6;9;10;12;15;16;19
"405";3;4;6;9;10;12;15;16;19
"406";3;4;6;9;10;12;15;16;19
"407";3;5;5;5;5;5;5;5;5
"408";3;4;6;9;10;12;15;16;19
"409";3;4;6;8;8;8;8;8;8
"410";3;4;6;9;10;12;15;16;19
"411";3;4;6;9;10;12;15;16;19
"412";3;4;6;9;10;12;15;16;19
"413";3;4;6;9;10;12;15;16;19
"414";3;4;6;9;10;12;15;16;19
"415";3;4;6;9;10;12;15;16;19
"416";3;4;6;9;10;12;15;16;19
"417";3;5;5;5;5;5;5;5;5
"418";3;4;6;9;10;12;15;16;19
"419";3;4;6;9;10;12;15;16;18
"420";3;4;6;9;10;12;15;16;19
"421";3;4;6;9;10;12;15;16;19
"422";3;4;6;9;10;12;15;16;19
"423";3;4;6;9;10;12;15;16;19
"424";3;4;6;9;10;12;15;16;19
"425";3;4;6;9;10;12;15;16;19
"426";3;4;6;9;10;12;15;16;19
"427";3;4;6;9;10;12;15;16;19
"428";3;4;6;9;10;12;15;16;19
"429";3;4;6;9;10;13;13;13;13
"430";3;4;6;9;10;12;15;16;19
"431";3;4;6;9;10;13;13;13;13
"432";3;4;6;9;10;13;13;13;13
"433";3;4;6;9;10;12;15;16;19
"434";3;4;6;9;10;13;13;13;13
"435";3;4;6;9;10;12;15;16;19
"436";3;4;6;8;8;8;8;8;8
"437";3;4;6;8;8;8;8;8;8
"438";3;4;6;9;10;13;13;13;13
"439";3;4;6;9;10;13;13;13;13
"440";3;4;6;8;8;8;8;8;8
"441";3;5;5;5;5;5;5;5;5
"442";3;4;6;9;10;13;13;13;13
"443";3;4;6;9;10;12;15;16;19
"444";3;4;6;8;8;8;8;8;8
"445";3;4;6;9;10;12;15;16;19
"446";3;4;6;9;10;12;15;16;19
"447";3;4;6;9;10;12;15;16;19
"448";3;4;6;9;10;13;13;13;13
"449";3;4;6;9;10;12;15;16;19
"450";3;4;6;8;8;8;8;8;8
"451";3;4;6;8;8;8;8;8;8
"452";3;4;6;8;8;8;8;8;8
"453";3;4;6;8;8;8;8;8;8
"454";3;4;6;9;10;12;15;16;19
"455";3;4;6;8;8;8;8;8;8
"456";3;4;6;9;10;12;15;16;19
"457";3;4;6;9;10;12;15;16;19
"458";3;4;6;9;10;12;15;16;19
"459";3;4;6;8;8;8;8;8;8
"460";3;4;6;8;8;8;8;8;8
"461";3;4;6;8;8;8;8;8;8
"462";3;4;6;9;10;12;15;16;19
"463";3;4;6;9;10;12;15;16;19
"464";3;4;6;9;10;12;15;16;19
"465";3;4;6;8;8;8;8;8;8
"466";3;4;6;8;8;8;8;8;8
"467";3;4;6;8;8;8;8;8;8
"468";3;4;7;7;7;7;7;7;7
"469";3;4;6;8;8;8;8;8;8
"470";3;4;6;9;10;13;13;13;13
"471";3;4;7;7;7;7;7;7;7
"472";3;4;7;7;7;7;7;7;7
"473";3;4;6;9;10;12;15;16;19
"474";3;4;6;9;10;12;15;16;19
"475";3;4;7;7;7;7;7;7;7
"476";3;4;7;7;7;7;7;7;7
"477";3;4;7;7;7;7;7;7;7
"478";3;4;7;7;7;7;7;7;7
"479";3;4;7;7;7;7;7;7;7
"480";3;4;6;8;8;8;8;8;8
"481";3;4;6;9;10;12;15;16;19
"482";3;4;7;7;7;7;7;7;7
"483";3;4;7;7;7;7;7;7;7
"484";3;4;6;9;10;12;15;16;19
"485";3;4;6;9;10;12;15;16;19
"486";3;4;6;9;10;12;15;16;19
"487";3;5;5;5;5;5;5;5;5
"488";3;4;7;7;7;7;7;7;7
"489";3;5;5;5;5;5;5;5;5
"490";3;4;6;8;8;8;8;8;8
"491";3;4;6;9;10;12;15;16;19
"492";3;4;7;7;7;7;7;7;7
"493";3;5;5;5;5;5;5;5;5
"494";3;4;6;8;8;8;8;8;8
"495";3;4;6;8;8;8;8;8;8
"496";3;4;6;9;10;12;15;16;19
"497";3;4;6;8;8;8;8;8;8
"498";3;4;6;8;8;8;8;8;8
"499";3;4;6;8;8;8;8;8;8
"500";3;4;6;8;8;8;8;8;8
"501";3;4;6;8;8;8;8;8;8
"502";3;5;5;5;5;5;5;5;5
"503";3;5;5;5;5;5;5;5;5
"504";3;4;6;8;8;8;8;8;8
"505";3;4;6;9;10;12;15;16;18
"506";3;4;6;8;8;8;8;8;8
"507";3;4;6;8;8;8;8;8;8
"508";3;4;6;8;8;8;8;8;8
"509";3;4;6;8;8;8;8;8;8
"510";3;4;6;8;8;8;8;8;8
"511";3;4;7;7;7;7;7;7;7
"512";3;4;6;8;8;8;8;8;8
"513";3;4;6;9;10;12;15;16;18
"514";3;4;6;9;10;12;15;16;19
"515";3;4;6;8;8;8;8;8;8
"516";3;4;6;8;8;8;8;8;8
"517";3;4;6;9;10;12;15;16;19
"518";3;4;6;9;10;13;13;13;13
"519";3;4;6;9;10;12;15;16;19
"520";3;4;6;9;10;12;15;16;19
"521";3;4;6;9;10;12;15;16;19
"522";3;4;6;9;10;12;15;16;19
"523";3;4;6;9;10;12;15;16;19
"524";3;4;6;9;10;12;15;16;19
"525";3;4;6;9;10;12;15;16;19
"526";3;4;6;8;8;8;8;8;8
"527";3;4;6;8;8;8;8;8;8
"528";3;4;6;9;10;12;15;16;19
"529";3;4;6;8;8;8;8;8;8
"530";3;4;6;9;10;12;15;16;19
"531";3;4;6;9;10;12;15;16;19
"532";3;4;6;9;10;12;15;16;19
"533";3;4;6;8;8;8;8;8;8
"534";3;4;6;9;10;12;15;16;19
"535";3;4;6;9;10;12;15;16;19
"536";3;4;6;9;10;12;15;16;19
"537";3;4;6;9;10;12;15;16;19
"538";3;5;5;5;5;5;5;5;5
"539";3;4;6;9;10;12;15;16;19
"540";3;4;6;8;8;8;8;8;8
"541";3;4;6;8;8;8;8;8;8
"542";3;4;6;8;8;8;8;8;8
"543";3;4;6;8;8;8;8;8;8
"544";3;4;6;8;8;8;8;8;8
"545";3;4;6;8;8;8;8;8;8
"546";3;5;5;5;5;5;5;5;5
"547";3;4;6;9;10;12;15;16;19
"548";3;4;6;8;8;8;8;8;8
"549";3;5;5;5;5;5;5;5;5
"550";3;4;6;9;10;12;15;16;19
"551";3;4;6;9;10;12;15;16;19
"552";3;4;6;8;8;8;8;8;8
"553";3;4;6;9;10;12;15;16;19
"554";3;4;6;9;10;12;15;16;19
"555";3;4;6;8;8;8;8;8;8
"556";3;4;6;9;10;12;15;16;19
"557";3;4;7;7;7;7;7;7;7
"558";3;4;6;9;10;12;15;16;19
"559";3;4;6;9;10;12;15;16;19
"560";3;4;6;9;10;12;15;16;19
"561";3;4;6;8;8;8;8;8;8
"562";3;4;6;8;8;8;8;8;8
"563";3;4;7;7;7;7;7;7;7
"564";3;4;6;9;10;12;15;16;19
"565";3;4;6;9;10;12;15;16;19
"566";3;4;7;7;7;7;7;7;7
"567";3;4;7;7;7;7;7;7;7
"568";3;4;7;7;7;7;7;7;7
"569";3;4;6;8;8;8;8;8;8
"570";3;4;6;8;8;8;8;8;8
"571";3;4;6;9;10;12;15;16;19
"572";3;4;6;9;10;12;15;16;19
"573";3;4;6;8;8;8;8;8;8
"574";3;4;6;8;8;8;8;8;8
"575";3;4;6;9;10;12;15;16;19
"576";3;4;7;7;7;7;7;7;7
"577";3;4;7;7;7;7;7;7;7
"578";3;4;6;9;10;12;15;16;19
"579";3;4;7;7;7;7;7;7;7
"580";3;4;7;7;7;7;7;7;7
"581";3;4;7;7;7;7;7;7;7
"582";3;4;7;7;7;7;7;7;7
"583";3;4;7;7;7;7;7;7;7
"584";3;4;7;7;7;7;7;7;7
"585";3;4;6;8;8;8;8;8;8
"586";3;4;6;9;10;12;15;16;19
"587";3;4;6;8;8;8;8;8;8
"588";3;5;5;5;5;5;5;5;5
"589";3;5;5;5;5;5;5;5;5
"590";3;4;6;8;8;8;8;8;8
"591";3;5;5;5;5;5;5;5;5
"592";3;4;6;9;10;12;15;16;19
"593";3;4;6;9;10;12;15;16;19
"594";3;5;5;5;5;5;5;5;5
"595";3;4;6;8;8;8;8;8;8
"596";3;4;6;9;10;12;15;16;19
"597";3;5;5;5;5;5;5;5;5
"598";3;4;6;8;8;8;8;8;8
"599";3;4;6;9;10;12;15;16;19
"600";3;4;6;9;10;12;15;16;19
"601";3;4;6;8;8;8;8;8;8
"602";3;4;7;7;7;7;7;7;7
"603";3;4;6;8;8;8;8;8;8
"604";3;4;6;9;10;12;15;16;19
"605";3;4;6;8;8;8;8;8;8
"606";3;4;6;8;8;8;8;8;8
"607";3;4;6;8;8;8;8;8;8
"608";3;4;6;9;10;12;15;16;19
"609";3;4;6;9;10;12;15;16;19
"610";3;4;6;9;10;12;15;16;19
"611";3;4;6;8;8;8;8;8;8
"612";3;4;6;8;8;8;8;8;8
"613";3;4;6;8;8;8;8;8;8
"614";3;4;6;8;8;8;8;8;8
"615";3;4;6;9;10;12;15;16;19
"616";3;4;6;8;8;8;8;8;8
"617";3;4;6;8;8;8;8;8;8
"618";3;4;6;8;8;8;8;8;8
"619";3;4;6;8;8;8;8;8;8
"620";3;4;6;8;8;8;8;8;8
"621";3;4;6;8;8;8;8;8;8
"622";3;4;6;8;8;8;8;8;8
"623";3;4;6;8;8;8;8;8;8
"624";3;4;6;8;8;8;8;8;8
"625";3;4;6;8;8;8;8;8;8
"626";3;4;6;8;8;8;8;8;8
"627";3;4;6;8;8;8;8;8;8
"628";3;4;6;8;8;8;8;8;8
"629";3;4;6;9;10;12;15;16;19
"630";3;4;6;8;8;8;8;8;8
"631";3;4;6;8;8;8;8;8;8
"632";3;4;6;8;8;8;8;8;8
"633";3;4;6;9;10;12;15;16;19
"634";3;4;6;8;8;8;8;8;8
"635";3;4;6;9;10;12;15;16;19
"636";3;4;6;8;8;8;8;8;8
"637";3;4;6;9;10;12;15;16;19
"638";3;4;6;9;10;12;15;16;19
"639";3;4;6;9;10;12;15;16;19
"640";3;4;6;9;10;12;15;16;19
"641";3;4;6;9;10;12;15;16;19
"642";3;4;6;9;10;12;15;16;19
"643";3;4;6;8;8;8;8;8;8
"644";3;4;6;9;10;12;15;16;19
"645";3;4;6;8;8;8;8;8;8
"646";3;4;6;9;10;12;15;16;19
"647";3;4;6;8;8;8;8;8;8
"648";3;4;6;9;10;12;15;16;19
"649";3;4;6;8;8;8;8;8;8
"650";3;4;6;9;10;12;15;16;19
"651";3;4;6;9;10;12;15;16;19
"652";3;4;6;9;10;12;15;16;19
"653";3;4;6;9;10;12;15;16;19
"654";3;4;6;8;8;8;8;8;8
"655";3;4;6;8;8;8;8;8;8
"656";3;4;6;8;8;8;8;8;8
"657";3;4;6;8;8;8;8;8;8
"658";3;4;6;9;10;12;15;16;19
"659";3;5;5;5;5;5;5;5;5
"660";3;4;6;9;10;12;15;16;19
"661";3;4;7;7;7;7;7;7;7
"662";3;4;6;9;10;12;15;16;19
"663";3;4;6;8;8;8;8;8;8
"664";3;5;5;5;5;5;5;5;5
"665";3;4;6;9;10;12;15;16;18
"666";3;4;6;9;10;12;15;16;19
"667";3;5;5;5;5;5;5;5;5
"668";3;5;5;5;5;5;5;5;5
"669";3;5;5;5;5;5;5;5;5
"670";3;4;6;9;10;12;15;16;18
"671";3;4;6;8;8;8;8;8;8
"672";3;5;5;5;5;5;5;5;5
"673";3;5;5;5;5;5;5;5;5
"674";3;5;5;5;5;5;5;5;5
"675";3;5;5;5;5;5;5;5;5
"676";3;5;5;5;5;5;5;5;5
"677";3;5;5;5;5;5;5;5;5
"678";3;4;6;9;10;12;15;16;18
"679";3;5;5;5;5;5;5;5;5
"680";3;4;6;9;10;12;15;16;19
"681";3;4;6;8;8;8;8;8;8
"682";3;4;6;8;8;8;8;8;8
"683";3;4;6;8;8;8;8;8;8
"684";3;4;6;8;8;8;8;8;8
"685";3;5;5;5;5;5;5;5;5
"686";3;4;6;9;10;12;15;16;19
"687";3;4;6;9;10;12;15;16;19
"688";3;4;6;8;8;8;8;8;8
"689";3;4;6;8;8;8;8;8;8
"690";3;4;6;9;10;12;15;16;19
"691";3;4;6;9;10;12;15;16;19
"692";3;4;6;8;8;8;8;8;8
"693";3;4;6;8;8;8;8;8;8
"694";3;4;6;8;8;8;8;8;8
"695";3;4;6;9;10;12;15;16;19
"696";3;4;6;8;8;8;8;8;8
"697";3;4;6;8;8;8;8;8;8
"698";3;4;6;9;10;12;15;16;19
"699";3;4;6;8;8;8;8;8;8
"700";3;4;6;9;10;12;15;16;19
"701";3;4;6;8;8;8;8;8;8
"702";3;4;6;8;8;8;8;8;8
"703";3;4;6;9;10;12;15;16;19
"704";3;4;6;9;10;12;15;16;19
"705";3;4;6;9;10;12;15;16;19
"706";3;4;6;9;10;12;15;16;19
"707";3;4;6;8;8;8;8;8;8
"708";3;4;6;8;8;8;8;8;8
"709";3;4;6;8;8;8;8;8;8
"710";3;4;6;9;10;12;15;16;19
"711";3;4;6;8;8;8;8;8;8
"712";3;4;6;9;10;12;15;16;19
"713";3;4;6;9;10;12;15;16;19
"714";3;4;6;9;10;12;15;16;19
"715";3;4;6;8;8;8;8;8;8
"716";3;4;6;8;8;8;8;8;8
"717";3;4;6;9;10;12;15;16;19
"718";3;4;6;9;10;12;15;16;19
"719";3;4;6;9;10;12;15;16;19
"720";3;4;6;9;10;12;15;16;19
"721";3;4;6;9;10;12;15;16;19
"722";3;5;5;5;5;5;5;5;5
"723";3;5;5;5;5;5;5;5;5
"724";3;4;6;9;10;12;15;16;19
"725";3;4;6;8;8;8;8;8;8
"726";3;4;6;8;8;8;8;8;8
"727";3;4;6;8;8;8;8;8;8
"728";3;4;6;8;8;8;8;8;8
"729";3;4;6;9;10;12;15;16;19
"730";3;4;6;9;10;12;15;16;19
"731";3;4;6;9;10;12;15;16;19
"732";3;4;6;9;10;12;15;16;19
"733";3;4;6;9;10;12;15;16;19
"734";3;4;6;9;10;12;15;16;19
"735";3;4;6;9;10;12;15;16;19
"736";3;4;6;9;10;12;15;16;19
"737";3;4;6;9;10;12;15;16;19
"738";3;4;7;7;7;7;7;7;7
"739";3;4;6;9;10;12;15;16;19
"740";3;4;6;9;10;12;15;16;19
"741";3;4;6;9;10;12;15;16;19
"742";3;4;6;8;8;8;8;8;8
"743";3;4;6;9;10;12;15;16;19
"744";3;4;6;9;10;12;15;16;19
"745";3;4;6;9;10;12;15;16;19
"746";3;4;6;9;10;12;15;16;19
"747";3;4;6;8;8;8;8;8;8
"748";3;4;6;8;8;8;8;8;8
"749";3;4;6;9;10;12;15;16;19
"750";3;4;6;9;10;12;15;16;19
"751";3;4;6;8;8;8;8;8;8
"752";3;4;6;9;10;12;15;16;19
"753";3;5;5;5;5;5;5;5;5
"754";3;4;6;8;8;8;8;8;8
"755";3;4;6;9;10;12;15;16;19
"756";3;4;6;9;10;12;15;16;19
"757";3;4;6;9;10;12;15;16;19
"758";3;4;6;9;10;12;15;16;19
"759";3;4;6;9;10;12;15;16;19
"760";3;4;6;9;10;12;15;16;19
"761";3;4;6;9;10;12;15;16;19
"762";3;4;6;9;10;12;15;16;19
"763";3;5;5;5;5;5;5;5;5
"764";3;4;6;9;10;12;15;16;19
"765";3;4;6;9;10;12;15;16;19
"766";3;4;6;8;8;8;8;8;8
"767";3;4;6;9;10;12;15;16;19
"768";3;4;6;9;10;12;15;16;19
"769";3;5;5;5;5;5;5;5;5
"770";3;4;6;9;10;12;15;16;18
"771";3;5;5;5;5;5;5;5;5
"772";3;4;6;9;10;12;15;16;19
"773";3;4;6;9;10;12;15;16;19
"774";3;4;6;9;10;12;15;16;19
"775";3;4;6;8;8;8;8;8;8
"776";3;4;6;9;10;12;15;16;19
"777";3;4;6;9;10;12;15;16;19
"778";3;4;6;9;10;12;15;16;19
"779";3;5;5;5;5;5;5;5;5
"780";3;5;5;5;5;5;5;5;5
"781";3;4;6;9;10;12;15;16;19
"782";3;5;5;5;5;5;5;5;5
"783";3;4;6;9;10;12;15;16;19
"784";3;4;6;9;10;12;15;16;19
"785";3;4;6;9;10;12;15;16;19
"786";3;4;6;9;10;12;15;16;19
"787";3;4;6;9;10;12;15;16;19
"788";3;4;6;9;10;12;15;16;19
"789";3;4;6;9;10;12;15;16;19
"790";3;4;6;9;10;12;15;16;19
"791";3;4;6;9;10;12;15;16;19
"792";3;4;6;8;8;8;8;8;8
"793";3;4;6;8;8;8;8;8;8
"794";3;5;5;5;5;5;5;5;5
"795";3;5;5;5;5;5;5;5;5
"796";3;4;6;8;8;8;8;8;8
"797";3;4;6;8;8;8;8;8;8
"798";3;4;6;8;8;8;8;8;8
"799";3;4;6;8;8;8;8;8;8
"800";3;4;6;8;8;8;8;8;8
"801";3;4;6;8;8;8;8;8;8
"802";3;5;5;5;5;5;5;5;5
"803";3;4;6;9;10;12;15;16;19
"804";3;4;6;8;8;8;8;8;8
"805";3;4;6;8;8;8;8;8;8
"806";3;4;6;9;10;12;15;16;19
"807";3;4;6;9;10;12;15;16;19
"808";3;4;6;8;8;8;8;8;8
"809";3;4;6;9;10;12;15;16;19
"810";3;4;6;9;10;12;15;16;19
"811";3;4;6;8;8;8;8;8;8
"812";3;4;6;8;8;8;8;8;8
"813";3;4;6;9;10;12;15;16;19
"814";3;4;6;9;10;12;15;16;19
"815";3;4;6;9;10;12;15;16;19
"816";3;5;5;5;5;5;5;5;5
"817";3;4;6;9;10;12;15;16;19
"818";3;4;6;9;10;12;15;16;19
"819";3;4;6;9;10;12;15;16;19
"820";3;4;6;9;10;12;15;16;19
"821";3;4;6;8;8;8;8;8;8
"822";3;5;5;5;5;5;5;5;5
"823";3;4;6;8;8;8;8;8;8
"824";3;4;6;8;8;8;8;8;8
"825";3;4;6;9;10;12;15;16;19
"826";3;4;6;9;10;12;15;16;19
"827";3;4;6;8;8;8;8;8;8
"828";3;4;6;8;8;8;8;8;8
"829";3;4;6;9;10;12;15;16;19
"830";3;4;6;9;10;12;15;16;19
"831";3;4;6;9;10;12;15;16;19
"832";3;4;6;9;10;12;15;16;19
"833";3;4;6;8;8;8;8;8;8
"834";3;5;5;5;5;5;5;5;5
"835";3;4;6;8;8;8;8;8;8
"836";3;4;6;8;8;8;8;8;8
"837";3;4;6;9;10;13;13;13;13
"838";3;4;6;8;8;8;8;8;8
"839";3;4;6;9;10;12;15;16;19
"840";3;4;6;9;10;12;15;16;18
"841";3;4;6;9;10;12;15;16;19
"842";3;4;7;7;7;7;7;7;7
"843";3;4;7;7;7;7;7;7;7
"844";3;4;6;9;10;12;15;16;19
"845";3;4;6;8;8;8;8;8;8
"846";3;4;6;8;8;8;8;8;8
"847";3;4;6;9;10;12;15;16;19
"848";3;4;6;9;10;12;15;16;19
"849";3;4;6;9;10;12;15;16;19
"850";3;4;6;9;10;12;15;16;19
"851";3;4;6;9;10;12;15;16;19
"852";3;4;6;9;10;12;15;16;19
"853";3;4;6;8;8;8;8;8;8
"854";3;4;7;7;7;7;7;7;7
"855";3;4;6;9;10;12;15;16;19
"856";3;4;6;9;10;12;15;16;19
"857";3;4;6;9;10;12;15;16;19
"858";3;4;6;8;8;8;8;8;8
"859";3;4;6;8;8;8;8;8;8
"860";3;4;6;8;8;8;8;8;8
"861";3;4;6;8;8;8;8;8;8
"862";3;4;6;9;10;12;15;16;19
"863";3;4;6;9;10;12;15;16;19
"864";3;4;6;9;10;12;15;16;19
"865";3;4;6;8;8;8;8;8;8
"866";3;4;6;9;10;12;15;16;19
"867";3;4;6;9;10;12;15;16;19
"868";3;4;6;9;10;12;15;16;19
"869";3;4;6;9;10;12;15;16;19
"870";3;4;6;8;8;8;8;8;8
"871";3;4;6;8;8;8;8;8;8
"872";3;4;6;9;10;12;15;16;19
"873";3;4;6;8;8;8;8;8;8
"874";3;4;6;8;8;8;8;8;8
"875";3;4;6;8;8;8;8;8;8
"876";3;5;5;5;5;5;5;5;5
"877";3;5;5;5;5;5;5;5;5
"878";3;5;5;5;5;5;5;5;5
"879";3;4;6;9;10;12;15;16;19
"880";3;4;6;9;10;12;15;16;19
"881";3;4;6;8;8;8;8;8;8
"882";3;5;5;5;5;5;5;5;5
"883";3;5;5;5;5;5;5;5;5
"884";3;5;5;5;5;5;5;5;5
"885";3;4;6;8;8;8;8;8;8
"886";3;4;6;8;8;8;8;8;8
"887";3;4;6;8;8;8;8;8;8
"888";3;4;6;9;10;12;15;16;19
"889";3;5;5;5;5;5;5;5;5
"890";3;4;6;8;8;8;8;8;8
"891";3;5;5;5;5;5;5;5;5
"892";3;4;6;8;8;8;8;8;8
"893";3;4;6;9;10;12;15;16;19
"894";3;4;6;8;8;8;8;8;8
"895";3;4;6;9;10;12;15;16;19
"896";3;4;6;8;8;8;8;8;8
"897";3;4;6;9;10;12;15;16;18
"898";3;4;6;9;10;12;15;16;19
"899";3;4;6;8;8;8;8;8;8
"900";3;4;6;9;10;12;15;16;19
"901";3;4;6;9;10;12;15;16;19
"902";3;4;6;8;8;8;8;8;8
"903";3;4;6;8;8;8;8;8;8
"904";3;4;6;8;8;8;8;8;8
"905";3;4;6;8;8;8;8;8;8
"906";3;4;6;9;10;12;15;16;19
"907";3;4;6;9;10;12;15;16;19
"908";3;4;7;7;7;7;7;7;7
"909";3;4;7;7;7;7;7;7;7
"910";3;4;6;9;10;12;15;16;19
"911";3;4;6;9;10;12;15;16;19
"912";3;4;6;9;10;12;15;16;19
"913";3;4;6;9;10;12;15;16;19
"914";3;4;7;7;7;7;7;7;7
"915";3;4;6;9;10;12;15;16;19
"916";3;4;7;7;7;7;7;7;7
"917";3;4;6;9;10;12;15;16;19
"918";3;4;6;9;10;12;15;16;19
"919";3;4;6;9;10;12;15;16;19
"920";3;4;6;9;10;12;15;16;19
"921";3;4;7;7;7;7;7;7;7
"922";3;4;6;9;10;12;15;16;19
"923";3;4;6;9;10;12;15;16;19
"924";3;4;6;9;10;12;15;16;19
"925";3;4;6;8;8;8;8;8;8
"926";3;4;6;9;10;12;15;16;19
"927";3;4;6;9;10;12;15;16;19
"928";3;5;5;5;5;5;5;5;5
"929";3;4;6;8;8;8;8;8;8
"930";3;4;6;8;8;8;8;8;8
"931";3;4;6;8;8;8;8;8;8
"932";3;4;6;9;10;12;15;16;19
"933";3;4;6;9;10;12;15;16;19
"934";3;4;6;8;8;8;8;8;8
"935";3;4;6;8;8;8;8;8;8
"936";3;4;6;9;10;12;15;16;19
"937";3;4;6;8;8;8;8;8;8
"938";3;4;6;9;10;12;15;16;19
"939";3;4;6;8;8;8;8;8;8
"940";3;4;6;8;8;8;8;8;8
"941";3;4;6;8;8;8;8;8;8
"942";3;4;6;8;8;8;8;8;8
"943";3;4;6;8;8;8;8;8;8
"944";3;4;6;8;8;8;8;8;8
"945";3;4;6;9;10;12;15;16;19
"946";3;4;7;7;7;7;7;7;7
"947";3;4;6;9;10;12;15;16;19
"948";3;4;6;8;8;8;8;8;8
"949";3;4;6;9;10;12;15;16;19
"950";3;4;7;7;7;7;7;7;7
"951";3;4;6;9;10;12;15;16;19
"952";3;4;6;9;10;12;15;16;19
"953";3;4;6;9;10;12;15;16;19
"954";3;4;6;9;10;12;15;16;19
"955";3;4;6;9;10;12;15;16;19
"956";3;4;6;9;10;12;15;16;19
"957";3;4;6;9;10;12;15;16;19
"958";3;4;6;9;10;12;15;16;19
"959";3;4;7;7;7;7;7;7;7
"960";3;4;6;9;10;12;15;16;19
"961";3;4;6;9;10;12;15;16;19
"962";3;4;6;9;10;12;15;16;19
"963";3;4;6;9;10;12;15;16;19
"964";3;4;6;9;10;12;15;16;19
"965";3;4;6;9;10;12;15;16;19
"966";3;4;7;7;7;7;7;7;7
"967";3;4;6;9;10;12;15;16;19
"968";3;4;6;9;10;12;15;16;19
"969";3;4;6;9;10;12;15;16;19
"970";3;4;6;9;10;12;15;16;19
"971";3;4;7;7;7;7;7;7;7
"972";3;4;6;9;10;12;15;16;19
"973";3;4;6;9;10;12;15;16;19
"974";3;4;7;7;7;7;7;7;7
"975";3;5;5;5;5;5;5;5;5
"976";3;4;6;8;8;8;8;8;8
"977";3;5;5;5;5;5;5;5;5
"978";3;4;6;8;8;8;8;8;8
"979";3;4;6;8;8;8;8;8;8
"980";3;4;6;9;10;12;15;16;19
"981";3;4;6;9;10;12;15;16;19
"982";3;4;6;9;10;12;15;16;19
"983";3;4;6;8;8;8;8;8;8
"984";3;4;6;8;8;8;8;8;8
"985";3;4;6;8;8;8;8;8;8
"986";3;5;5;5;5;5;5;5;5
"987";3;4;6;8;8;8;8;8;8
"988";3;4;6;9;10;12;15;16;19
"989";3;4;6;9;10;12;15;16;19
"990";3;4;6;9;10;12;15;16;19
"991";3;4;6;9;10;12;15;16;19
"992";3;4;6;9;10;12;15;16;19
"993";3;4;6;8;8;8;8;8;8
"994";3;4;6;8;8;8;8;8;8
"995";3;4;6;9;10;12;15;16;19
"996";3;4;6;9;10;12;15;16;19
"997";3;4;6;8;8;8;8;8;8
"998";3;4;6;9;10;12;15;16;19
"999";3;4;6;9;10;12;15;16;19
"1000";3;4;6;9;10;12;15;16;19
"1001";3;4;6;9;10;12;15;16;19
"1002";3;4;7;7;7;7;7;7;7
"1003";3;4;6;9;10;12;15;16;19
"1004";3;4;6;8;8;8;8;8;8
"1005";3;4;6;8;8;8;8;8;8
"1006";3;4;6;8;8;8;8;8;8
"1007";3;4;6;8;8;8;8;8;8
"1008";3;5;5;5;5;5;5;5;5
"1009";3;5;5;5;5;5;5;5;5
"1010";3;4;6;8;8;8;8;8;8
"1011";3;5;5;5;5;5;5;5;5
"1012";3;4;6;9;10;12;15;16;19
"1013";3;4;6;8;8;8;8;8;8
"1014";3;4;6;8;8;8;8;8;8
"1015";3;4;6;8;8;8;8;8;8
"1016";3;4;6;8;8;8;8;8;8
"1017";3;5;5;5;5;5;5;5;5
"1018";3;4;6;9;10;12;15;16;19
"1019";3;4;6;8;8;8;8;8;8
"1020";3;4;6;8;8;8;8;8;8
"1021";3;4;6;8;8;8;8;8;8
"1022";3;4;6;8;8;8;8;8;8
"1023";3;4;6;8;8;8;8;8;8
"1024";3;4;6;8;8;8;8;8;8
"1025";3;4;6;9;10;12;15;16;19
"1026";3;4;6;9;10;12;15;16;19
"1027";3;4;6;9;10;12;15;16;19
"1028";3;4;6;9;10;12;15;16;19
"1029";3;4;6;9;10;12;15;16;19
"1030";3;4;6;9;10;12;15;16;19
"1031";3;4;6;8;8;8;8;8;8
"1032";3;4;6;8;8;8;8;8;8
"1033";3;4;6;9;10;12;15;16;19
"1034";3;4;6;9;10;12;15;16;19
"1035";3;4;6;8;8;8;8;8;8
"1036";3;4;6;9;10;12;15;16;19
"1037";3;4;6;8;8;8;8;8;8
"1038";3;4;6;9;10;12;15;16;19
"1039";3;4;6;9;10;12;15;16;19
"1040";3;4;6;8;8;8;8;8;8
"1041";3;4;6;9;10;12;15;16;19
"1042";3;4;6;9;10;12;15;16;19
"1043";3;4;6;9;10;12;15;16;19
"1044";3;4;6;9;10;12;15;16;19
"1045";3;4;6;9;10;12;15;16;19
"1046";3;4;6;9;10;12;15;16;19
"1047";3;4;6;8;8;8;8;8;8
"1048";3;4;6;8;8;8;8;8;8
"1049";3;4;6;9;10;12;15;16;19
"1050";3;4;6;8;8;8;8;8;8
"1051";3;4;6;9;10;12;15;16;19
"1052";3;4;6;8;8;8;8;8;8
"1053";3;4;6;9;10;12;15;16;19
"1054";3;4;6;8;8;8;8;8;8
"1055";3;4;7;7;7;7;7;7;7
"1056";3;4;6;8;8;8;8;8;8
"1057";3;4;6;8;8;8;8;8;8
"1058";3;4;6;9;10;12;15;16;19
"1059";3;4;6;9;10;12;15;16;19
"1060";3;4;6;8;8;8;8;8;8
"1061";3;4;6;9;10;12;15;16;19
"1062";3;4;6;9;10;12;15;16;19
"1063";3;4;6;8;8;8;8;8;8
"1064";3;4;6;9;10;12;15;16;19
"1065";3;4;6;8;8;8;8;8;8
"1066";3;4;6;9;10;12;15;16;19
"1067";3;5;5;5;5;5;5;5;5
"1068";3;4;6;8;8;8;8;8;8
"1069";3;4;6;8;8;8;8;8;8
"1070";3;4;6;8;8;8;8;8;8
"1071";3;4;6;8;8;8;8;8;8
"1072";3;4;6;8;8;8;8;8;8
"1073";3;4;6;8;8;8;8;8;8
"1074";3;4;6;8;8;8;8;8;8
"1075";3;4;6;8;8;8;8;8;8
"1076";3;5;5;5;5;5;5;5;5
"1077";3;4;6;8;8;8;8;8;8
"1078";3;4;6;8;8;8;8;8;8
"1079";3;4;6;8;8;8;8;8;8
"1080";3;4;6;8;8;8;8;8;8
"1081";3;4;6;9;10;12;15;16;19
"1082";3;4;6;9;10;12;15;16;19
"1083";3;4;6;8;8;8;8;8;8
"1084";3;4;6;9;10;12;15;16;19
"1085";3;4;6;9;10;12;15;16;19
"1086";3;4;6;8;8;8;8;8;8
"1087";3;4;6;8;8;8;8;8;8
"1088";3;4;6;9;10;12;15;16;19
"1089";3;4;6;8;8;8;8;8;8
"1090";3;5;5;5;5;5;5;5;5
"1091";3;4;6;8;8;8;8;8;8
"1092";3;4;6;8;8;8;8;8;8
"1093";3;4;6;8;8;8;8;8;8
"1094";3;4;6;8;8;8;8;8;8
"1095";3;4;6;8;8;8;8;8;8
"1096";3;4;6;8;8;8;8;8;8
"1097";3;4;6;8;8;8;8;8;8
"1098";3;4;6;8;8;8;8;8;8
"1099";3;4;6;8;8;8;8;8;8
"1100";3;4;6;9;10;12;15;16;19
"1101";3;4;6;8;8;8;8;8;8
"1102";3;4;6;8;8;8;8;8;8
"1103";3;4;6;8;8;8;8;8;8
"1104";3;5;5;5;5;5;5;5;5
"1105";3;4;6;8;8;8;8;8;8
"1106";3;5;5;5;5;5;5;5;5
"1107";3;5;5;5;5;5;5;5;5
"1108";3;4;6;9;10;12;15;16;19
"1109";3;5;5;5;5;5;5;5;5
"1110";3;5;5;5;5;5;5;5;5
"1111";3;4;6;8;8;8;8;8;8
"1112";3;4;6;8;8;8;8;8;8
"1113";3;4;6;8;8;8;8;8;8
"1114";3;4;6;8;8;8;8;8;8
"1115";3;4;6;8;8;8;8;8;8
"1116";3;4;6;8;8;8;8;8;8
"1117";3;4;6;8;8;8;8;8;8
"1118";3;4;6;8;8;8;8;8;8
"1119";3;4;6;8;8;8;8;8;8
"1120";3;5;5;5;5;5;5;5;5
"1121";3;4;6;8;8;8;8;8;8
"1122";3;4;6;8;8;8;8;8;8
"1123";3;4;6;9;10;13;13;13;13
"1124";3;4;6;9;10;13;13;13;13
"1125";3;4;6;9;10;13;13;13;13
"1126";3;4;6;9;10;13;13;13;13
"1127";3;4;6;9;10;12;15;16;19
"1128";3;4;6;9;10;13;13;13;13
"1129";3;4;6;9;10;13;13;13;13
"1130";3;4;6;9;10;13;13;13;13
"1131";3;4;6;9;10;13;13;13;13
"1132";3;4;6;9;10;12;15;16;19
"1133";3;4;6;9;10;12;15;16;19
"1134";3;4;6;8;8;8;8;8;8
"1135";3;4;6;9;10;13;13;13;13
"1136";3;4;6;9;10;13;13;13;13
"1137";3;4;6;9;10;13;13;13;13
"1138";3;4;6;9;10;12;15;16;19
"1139";3;4;6;8;8;8;8;8;8
"1140";3;4;6;8;8;8;8;8;8
"1141";3;4;6;9;10;13;13;13;13
"1142";3;4;6;9;10;12;15;16;19
"1143";3;4;6;9;10;13;13;13;13
"1144";3;4;6;9;10;13;13;13;13
"1145";3;4;6;9;10;13;13;13;13
"1146";3;4;6;9;10;12;15;16;19
"1147";3;4;6;9;10;12;15;16;19
"1148";3;4;6;9;10;13;13;13;13
"1149";3;4;6;9;10;13;13;13;13
"1150";3;4;6;9;10;13;13;13;13
"1151";3;4;6;9;10;13;13;13;13
"1152";3;4;6;9;10;12;15;16;19
"1153";3;4;6;9;10;12;15;16;19
"1154";3;4;6;9;10;12;15;16;19
"1155";3;4;6;9;10;12;15;16;19
"1156";3;4;6;9;10;12;15;16;19
"1157";3;4;6;8;8;8;8;8;8
"1158";3;4;6;9;10;12;15;16;19
"1159";3;4;6;9;10;12;15;16;19
"1160";3;4;6;9;10;12;15;16;19
"1161";3;4;6;9;10;13;13;13;13
"1162";3;4;6;9;10;13;13;13;13
"1163";3;4;6;9;10;12;15;16;19
"1164";3;4;6;9;10;13;13;13;13
"1165";3;4;6;9;10;13;13;13;13
"1166";3;4;6;9;10;13;13;13;13
"1167";3;4;6;8;8;8;8;8;8
"1168";3;4;6;9;10;12;15;16;19
"1169";3;4;6;9;10;12;15;16;19
"1170";3;4;6;8;8;8;8;8;8
"1171";3;5;5;5;5;5;5;5;5
"1172";3;4;6;9;10;12;15;16;19
"1173";3;4;6;9;10;12;15;16;19
"1174";3;4;6;9;10;13;13;13;13
"1175";3;4;6;9;10;13;13;13;13
"1176";3;4;6;9;10;13;13;13;13
"1177";3;4;6;9;10;13;13;13;13
"1178";3;4;6;9;10;13;13;13;13
"1179";3;4;6;9;10;13;13;13;13
"1180";3;4;6;9;10;12;15;16;19
"1181";3;4;6;8;8;8;8;8;8
"1182";3;4;6;9;10;12;15;16;19
"1183";3;4;6;9;10;13;13;13;13
"1184";3;4;6;8;8;8;8;8;8
"1185";3;4;6;9;10;12;15;16;19
"1186";3;4;6;8;8;8;8;8;8
"1187";3;4;6;9;10;12;15;16;19
"1188";3;4;6;8;8;8;8;8;8
"1189";3;4;6;9;10;12;15;16;19
"1190";3;4;6;8;8;8;8;8;8
"1191";3;4;6;8;8;8;8;8;8
"1192";3;5;5;5;5;5;5;5;5
"1193";3;4;6;9;10;12;15;16;19
"1194";3;5;5;5;5;5;5;5;5
"1195";3;4;6;8;8;8;8;8;8
"1196";3;4;6;9;10;12;15;16;19
"1197";3;4;6;9;10;12;15;16;19
"1198";3;4;6;8;8;8;8;8;8
"1199";3;4;6;8;8;8;8;8;8
"1200";3;5;5;5;5;5;5;5;5
"1201";3;5;5;5;5;5;5;5;5
"1202";3;5;5;5;5;5;5;5;5
"1203";3;4;6;8;8;8;8;8;8
"1204";3;4;6;8;8;8;8;8;8
"1205";3;4;6;9;10;12;15;16;19
"1206";3;4;6;8;8;8;8;8;8
"1207";3;5;5;5;5;5;5;5;5
"1208";3;5;5;5;5;5;5;5;5
"1209";3;4;6;8;8;8;8;8;8
"1210";3;4;6;9;10;12;15;16;19
"1211";3;4;6;9;10;12;15;16;19
"1212";3;4;6;8;8;8;8;8;8
"1213";3;4;6;8;8;8;8;8;8
"1214";3;4;6;9;10;12;15;16;19
"1215";3;4;6;9;10;12;15;16;19
"1216";3;4;7;7;7;7;7;7;7
"1217";3;4;6;8;8;8;8;8;8
"1218";3;4;6;8;8;8;8;8;8
"1219";3;5;5;5;5;5;5;5;5
"1220";3;4;6;8;8;8;8;8;8
"1221";3;4;6;8;8;8;8;8;8
"1222";3;4;6;8;8;8;8;8;8
"1223";3;4;6;9;10;12;15;16;19
"1224";3;4;7;7;7;7;7;7;7
"1225";3;4;6;8;8;8;8;8;8
"1226";3;4;6;8;8;8;8;8;8
"1227";3;4;6;8;8;8;8;8;8
"1228";3;4;6;9;10;12;15;16;19
"1229";3;4;6;9;10;12;15;16;19
"1230";3;4;6;8;8;8;8;8;8
"1231";3;4;6;9;10;12;15;16;19
"1232";3;4;6;9;10;12;15;16;19
"1233";3;4;6;8;8;8;8;8;8
"1234";3;4;6;8;8;8;8;8;8
"1235";3;4;6;9;10;12;15;16;19
"1236";3;4;6;8;8;8;8;8;8
"1237";3;4;6;9;10;12;15;16;19
"1238";3;4;6;8;8;8;8;8;8
"1239";3;4;6;8;8;8;8;8;8
"1240";3;4;6;8;8;8;8;8;8
"1241";3;4;6;8;8;8;8;8;8
"1242";3;4;6;8;8;8;8;8;8
"1243";3;4;6;8;8;8;8;8;8
"1244";3;4;6;8;8;8;8;8;8
"1245";3;4;6;8;8;8;8;8;8
"1246";3;4;6;8;8;8;8;8;8
"1247";3;4;6;9;10;12;15;16;19
"1248";3;4;6;8;8;8;8;8;8
"1249";3;4;6;9;10;12;15;16;19
"1250";3;4;6;8;8;8;8;8;8
"1251";3;4;6;8;8;8;8;8;8
"1252";3;4;6;9;10;12;15;16;19
"1253";3;4;6;9;10;12;15;16;19
"1254";3;4;6;9;10;12;15;16;19
"1255";3;4;6;8;8;8;8;8;8
"1256";3;4;6;8;8;8;8;8;8
"1257";3;4;6;9;10;12;15;16;19
"1258";3;4;6;8;8;8;8;8;8
"1259";3;4;6;8;8;8;8;8;8
"1260";3;4;6;9;10;12;15;16;19
"1261";3;4;6;9;10;12;15;16;19
"1262";3;4;6;8;8;8;8;8;8
"1263";3;4;6;8;8;8;8;8;8
"1264";3;4;6;9;10;12;15;16;19
"1265";3;4;6;9;10;12;15;16;19
"1266";3;4;6;8;8;8;8;8;8
"1267";3;4;6;9;10;12;15;16;19
"1268";3;4;7;7;7;7;7;7;7
"1269";3;4;7;7;7;7;7;7;7
"1270";3;4;6;9;10;12;15;16;19
"1271";3;4;6;8;8;8;8;8;8
"1272";3;4;6;8;8;8;8;8;8
"1273";3;4;6;8;8;8;8;8;8
"1274";3;4;6;8;8;8;8;8;8
"1275";3;4;6;8;8;8;8;8;8
"1276";3;4;6;8;8;8;8;8;8
"1277";3;4;6;8;8;8;8;8;8
"1278";3;4;7;7;7;7;7;7;7
"1279";3;4;6;8;8;8;8;8;8
"1280";3;4;6;8;8;8;8;8;8
"1281";3;4;6;8;8;8;8;8;8
"1282";3;4;6;8;8;8;8;8;8
"1283";3;4;6;8;8;8;8;8;8
"1284";3;4;6;8;8;8;8;8;8
"1285";3;4;6;8;8;8;8;8;8
"1286";3;4;6;8;8;8;8;8;8
"1287";3;4;6;8;8;8;8;8;8
"1288";3;4;6;8;8;8;8;8;8
"1289";3;4;6;8;8;8;8;8;8
"1290";3;4;6;8;8;8;8;8;8
"1291";3;4;6;8;8;8;8;8;8
"1292";3;4;6;8;8;8;8;8;8
"1293";3;4;6;8;8;8;8;8;8
"1294";3;4;6;8;8;8;8;8;8
"1295";3;4;6;9;10;12;15;16;19
"1296";3;4;6;8;8;8;8;8;8
"1297";3;4;6;8;8;8;8;8;8
"1298";3;4;6;9;10;12;15;16;19
"1299";3;4;7;7;7;7;7;7;7
"1300";3;4;7;7;7;7;7;7;7
"1301";3;4;7;7;7;7;7;7;7
"1302";3;4;7;7;7;7;7;7;7
"1303";3;4;6;8;8;8;8;8;8
"1304";3;4;6;8;8;8;8;8;8
"1305";3;4;6;9;10;12;15;16;19
"1306";3;4;6;9;10;12;15;16;19
"1307";3;4;7;7;7;7;7;7;7
"1308";3;4;6;8;8;8;8;8;8
"1309";3;4;6;8;8;8;8;8;8
"1310";3;4;6;9;10;12;15;16;19
"1311";3;5;5;5;5;5;5;5;5
"1312";3;5;5;5;5;5;5;5;5
"1313";3;5;5;5;5;5;5;5;5
"1314";3;5;5;5;5;5;5;5;5
"1315";3;4;6;8;8;8;8;8;8
"1316";3;5;5;5;5;5;5;5;5
"1317";3;4;6;8;8;8;8;8;8
"1318";3;4;6;8;8;8;8;8;8
"1319";3;4;6;8;8;8;8;8;8
"1320";3;4;6;8;8;8;8;8;8
"1321";3;4;6;8;8;8;8;8;8
"1322";3;4;6;8;8;8;8;8;8
"1323";3;4;6;9;10;12;15;16;18
"1324";3;4;6;8;8;8;8;8;8
"1325";3;4;6;9;10;12;15;16;19
"1326";3;4;6;8;8;8;8;8;8
"1327";3;4;6;9;10;12;15;16;19
"1328";3;4;6;8;8;8;8;8;8
"1329";3;4;6;8;8;8;8;8;8
"1330";3;4;6;8;8;8;8;8;8
"1331";3;4;6;9;10;12;15;16;19
"1332";3;4;6;8;8;8;8;8;8
"1333";3;4;6;8;8;8;8;8;8
"1334";3;4;6;8;8;8;8;8;8
"1335";3;4;6;8;8;8;8;8;8
"1336";3;4;6;8;8;8;8;8;8
"1337";3;4;6;8;8;8;8;8;8
"1338";3;4;6;8;8;8;8;8;8
"1339";3;4;6;8;8;8;8;8;8
"1340";3;4;6;8;8;8;8;8;8
"1341";3;4;6;8;8;8;8;8;8
"1342";3;4;6;8;8;8;8;8;8
"1343";3;5;5;5;5;5;5;5;5
"1344";3;4;6;9;10;12;15;16;19
"1345";3;4;6;8;8;8;8;8;8
"1346";3;4;6;9;10;12;15;16;19
"1347";3;4;6;9;10;12;15;16;19
"1348";3;4;6;9;10;12;15;16;19
"1349";3;4;6;9;10;12;15;16;19
"1350";3;4;6;8;8;8;8;8;8
"1351";3;4;6;8;8;8;8;8;8
"1352";3;4;6;8;8;8;8;8;8
"1353";3;4;6;8;8;8;8;8;8
"1354";3;4;6;8;8;8;8;8;8
"1355";3;4;6;9;10;12;15;16;19
"1356";3;4;6;9;10;12;15;16;19
"1357";3;4;6;8;8;8;8;8;8
"1358";3;4;6;9;10;12;15;16;19
"1359";3;4;6;8;8;8;8;8;8
"1360";3;4;6;9;10;12;15;16;19
"1361";3;4;6;9;10;12;15;16;19
"1362";3;4;6;9;10;12;15;16;19
"1363";3;4;6;8;8;8;8;8;8
"1364";3;4;6;9;10;12;15;16;19
"1365";3;4;6;9;10;12;15;16;19
"1366";3;4;6;8;8;8;8;8;8
"1367";3;4;6;9;10;12;15;16;19
"1368";3;5;5;5;5;5;5;5;5
"1369";3;4;6;8;8;8;8;8;8
"1370";3;4;6;8;8;8;8;8;8
"1371";3;4;6;8;8;8;8;8;8
"1372";3;4;6;8;8;8;8;8;8
"1373";3;4;6;9;10;12;15;16;19
"1374";3;4;6;8;8;8;8;8;8
"1375";3;4;6;8;8;8;8;8;8
"1376";3;4;6;8;8;8;8;8;8
"1377";3;4;6;8;8;8;8;8;8
"1378";3;4;6;8;8;8;8;8;8
"1379";3;4;6;9;10;12;15;16;19
"1380";3;4;7;7;7;7;7;7;7
"1381";3;4;6;8;8;8;8;8;8
"1382";3;4;6;8;8;8;8;8;8
"1383";3;4;6;8;8;8;8;8;8
"1384";3;4;6;8;8;8;8;8;8
"1385";3;4;6;9;10;12;15;16;19
"1386";3;4;6;9;10;12;15;16;19
"1387";3;5;5;5;5;5;5;5;5
"1388";3;4;6;9;10;12;15;16;19
"1389";3;4;6;9;10;12;15;16;18
"1390";3;5;5;5;5;5;5;5;5
"1391";3;5;5;5;5;5;5;5;5
"1392";3;5;5;5;5;5;5;5;5
"1393";3;5;5;5;5;5;5;5;5
"1394";3;5;5;5;5;5;5;5;5
"1395";3;5;5;5;5;5;5;5;5
"1396";3;5;5;5;5;5;5;5;5
"1397";3;5;5;5;5;5;5;5;5
"1398";3;4;6;9;10;12;15;16;19
"1399";3;5;5;5;5;5;5;5;5
"1400";3;5;5;5;5;5;5;5;5
"1401";3;4;6;9;10;12;15;16;18
"1402";3;5;5;5;5;5;5;5;5
"1403";3;4;6;9;10;12;15;16;19
"1404";3;4;6;9;10;12;15;16;19
"1405";3;5;5;5;5;5;5;5;5
"1406";3;5;5;5;5;5;5;5;5
"1407";3;5;5;5;5;5;5;5;5
"1408";3;5;5;5;5;5;5;5;5
"1409";3;5;5;5;5;5;5;5;5
"1410";3;5;5;5;5;5;5;5;5
"1411";3;4;6;9;10;12;15;16;19
"1412";3;5;5;5;5;5;5;5;5
"1413";3;5;5;5;5;5;5;5;5
"1414";3;5;5;5;5;5;5;5;5
"1415";3;5;5;5;5;5;5;5;5
"1416";3;5;5;5;5;5;5;5;5
"1417";3;5;5;5;5;5;5;5;5
"1418";3;4;6;9;10;12;15;16;19
"1419";3;5;5;5;5;5;5;5;5
"1420";3;5;5;5;5;5;5;5;5
"1421";3;4;6;9;10;12;15;16;19
"1422";3;4;6;9;10;12;15;16;19
"1423";3;4;6;9;10;12;15;16;19
"1424";3;4;6;8;8;8;8;8;8
"1425";3;4;6;9;10;12;15;16;19
"1426";3;4;6;9;10;12;15;16;19
"1427";3;4;6;9;10;12;15;16;19
"1428";3;4;6;9;10;12;15;16;19
"1429";3;4;6;9;10;12;15;16;19
"1430";3;4;6;9;10;12;15;16;19
"1431";3;4;6;9;10;12;15;16;19
"1432";3;4;6;9;10;12;15;16;19
"1433";3;4;6;9;10;12;15;16;19
"1434";3;4;6;9;10;12;15;16;19
"1435";3;4;6;9;10;12;15;16;19
"1436";3;4;6;9;10;12;15;16;19
"1437";3;4;6;8;8;8;8;8;8
"1438";3;4;6;9;10;12;15;16;19
"1439";3;4;6;9;10;12;15;16;19
"1440";3;4;6;9;10;12;15;16;19
"1441";3;4;6;8;8;8;8;8;8
"1442";3;4;6;8;8;8;8;8;8
"1443";3;4;6;8;8;8;8;8;8
"1444";3;4;6;8;8;8;8;8;8
"1445";3;4;6;8;8;8;8;8;8
"1446";3;4;6;9;10;12;15;16;19
"1447";3;4;6;9;10;12;15;16;19
"1448";3;4;6;9;10;12;15;16;19
"1449";3;4;6;8;8;8;8;8;8
"1450";3;4;6;9;10;12;15;16;19
"1451";3;4;6;8;8;8;8;8;8
"1452";3;4;6;8;8;8;8;8;8
"1453";3;4;6;9;10;12;15;16;19
"1454";3;4;6;9;10;12;15;16;19
"1455";3;4;6;8;8;8;8;8;8
"1456";3;4;6;8;8;8;8;8;8
"1457";3;4;6;9;10;12;15;16;19
"1458";3;5;5;5;5;5;5;5;5
"1459";3;4;6;8;8;8;8;8;8
"1460";3;4;6;9;10;12;15;16;19
"1461";3;4;6;9;10;12;15;16;19
"1462";3;4;6;9;10;12;15;16;19
"1463";3;4;6;9;10;12;15;16;19
"1464";3;4;6;9;10;12;15;16;19
"1465";3;4;6;9;10;12;15;16;19
"1466";3;4;6;8;8;8;8;8;8
"1467";3;4;6;8;8;8;8;8;8
"1468";3;4;6;9;10;12;15;16;19
"1469";3;4;6;9;10;12;15;16;19
"1470";3;4;6;9;10;12;15;16;19
"1471";3;4;6;9;10;12;15;16;19
"1472";3;4;6;9;10;12;15;16;19
"1473";3;4;7;7;7;7;7;7;7
"1474";3;4;7;7;7;7;7;7;7
"1475";3;4;7;7;7;7;7;7;7
"1476";3;4;6;9;10;12;15;16;19
"1477";3;4;6;9;10;12;15;16;19
"1478";3;5;5;5;5;5;5;5;5
"1479";3;4;6;8;8;8;8;8;8
"1480";3;4;6;9;10;12;15;16;19
"1481";3;4;6;8;8;8;8;8;8
"1482";3;4;6;9;10;12;15;16;19
"1483";3;4;6;8;8;8;8;8;8
"1484";3;5;5;5;5;5;5;5;5
"1485";3;4;6;8;8;8;8;8;8
"1486";3;5;5;5;5;5;5;5;5
"1487";3;4;6;8;8;8;8;8;8
"1488";3;5;5;5;5;5;5;5;5
"1489";3;4;6;9;10;12;15;16;19
"1490";3;5;5;5;5;5;5;5;5
"1491";3;4;6;8;8;8;8;8;8
"1492";3;4;6;9;10;12;15;16;19
"1493";3;4;6;8;8;8;8;8;8
"1494";3;4;6;9;10;12;15;16;19
"1495";3;4;6;9;10;12;15;16;19
"1496";3;4;6;9;10;12;15;16;19
"1497";3;5;5;5;5;5;5;5;5
"1498";3;4;6;9;10;12;15;16;19
"1499";3;4;6;9;10;12;15;16;19
"1500";3;4;6;8;8;8;8;8;8
"1501";3;4;6;8;8;8;8;8;8
"1502";3;4;6;9;10;12;15;16;19
"1503";3;5;5;5;5;5;5;5;5
"1504";3;5;5;5;5;5;5;5;5
"1505";3;4;6;9;10;12;15;16;19
"1506";3;5;5;5;5;5;5;5;5
"1507";3;4;6;8;8;8;8;8;8
"1508";3;4;6;8;8;8;8;8;8
"1509";3;4;6;8;8;8;8;8;8
"1510";3;5;5;5;5;5;5;5;5
"1511";3;4;6;9;10;12;15;16;19
"1512";3;4;6;9;10;12;15;16;19
"1513";3;4;6;8;8;8;8;8;8
"1514";3;4;6;8;8;8;8;8;8
"1515";3;4;6;9;10;12;15;16;19
"1516";3;4;6;9;10;12;15;16;19
"1517";3;4;6;8;8;8;8;8;8
"1518";3;4;6;9;10;12;15;16;19
"1519";3;4;6;9;10;12;15;16;19
"1520";3;4;6;9;10;12;15;16;19
"1521";3;5;5;5;5;5;5;5;5
"1522";3;4;6;9;10;12;15;16;19
"1523";3;4;6;9;10;12;15;16;19
"1524";3;4;6;8;8;8;8;8;8
"1525";3;4;6;8;8;8;8;8;8
"1526";3;4;6;9;10;12;15;16;19
"1527";3;4;6;9;10;12;15;16;19
"1528";3;4;6;9;10;12;15;16;19
"1529";3;4;6;9;10;12;15;16;19
"1530";3;4;6;9;10;12;15;16;19
"1531";3;4;6;9;10;12;15;16;19
"1532";3;4;6;8;8;8;8;8;8
"1533";3;4;6;8;8;8;8;8;8
"1534";3;4;6;9;10;12;15;16;19
"1535";3;4;6;9;10;12;15;16;19
"1536";3;4;6;9;10;12;15;16;19
"1537";3;4;6;9;10;12;15;16;19
"1538";3;4;6;9;10;12;15;16;19
"1539";3;4;6;9;10;12;15;16;19
"1540";3;4;6;9;10;12;15;16;19
"1541";3;5;5;5;5;5;5;5;5
"1542";3;4;6;9;10;12;15;16;19
"1543";3;4;6;9;10;12;15;16;19
"1544";3;4;6;8;8;8;8;8;8
"1545";3;4;6;8;8;8;8;8;8
"1546";3;4;6;8;8;8;8;8;8
"1547";3;4;6;8;8;8;8;8;8
"1548";3;4;6;8;8;8;8;8;8
"1549";3;4;6;8;8;8;8;8;8
"1550";3;4;6;9;10;12;15;16;19
"1551";3;4;6;9;10;12;15;16;19
"1552";3;4;6;8;8;8;8;8;8
"1553";3;4;6;8;8;8;8;8;8
"1554";3;4;6;9;10;12;15;16;19
"1555";3;4;6;8;8;8;8;8;8
"1556";3;4;6;9;10;12;15;16;19
"1557";3;4;6;9;10;12;15;16;19
"1558";3;4;6;9;10;12;15;16;19
"1559";3;4;6;8;8;8;8;8;8
"1560";3;4;6;8;8;8;8;8;8
"1561";3;4;6;8;8;8;8;8;8
"1562";3;4;6;9;10;12;15;16;19
"1563";3;4;6;9;10;12;15;16;19
"1564";3;4;6;9;10;12;15;16;19
"1565";3;4;6;8;8;8;8;8;8
"1566";3;4;6;9;10;12;15;16;19
"1567";3;4;6;9;10;12;15;16;19
"1568";3;4;6;9;10;12;15;16;19
"1569";3;5;5;5;5;5;5;5;5
"1570";3;4;6;9;10;12;15;16;19
"1571";3;4;6;9;10;12;15;16;19
"1572";3;4;6;9;10;12;15;16;19
"1573";3;4;6;8;8;8;8;8;8
"1574";3;4;6;9;10;12;15;16;19
"1575";3;4;6;9;10;12;15;16;19
"1576";3;4;6;9;10;12;15;16;19
"1577";3;4;6;9;10;12;15;16;19
"1578";3;4;6;8;8;8;8;8;8
"1579";3;4;6;9;10;12;15;16;19
"1580";3;4;6;9;10;12;15;16;19
"1581";3;4;6;9;10;12;15;16;19
"1582";3;4;6;9;10;12;15;16;19
"1583";3;4;6;9;10;12;15;16;19
"1584";3;5;5;5;5;5;5;5;5
"1585";3;4;6;9;10;12;15;16;19
"1586";3;4;6;8;8;8;8;8;8
"1587";3;4;6;8;8;8;8;8;8
"1588";3;4;6;9;10;12;15;16;19
"1589";3;4;6;9;10;12;15;16;19
"1590";3;4;6;8;8;8;8;8;8
"1591";3;4;6;8;8;8;8;8;8
"1592";3;4;6;9;10;12;15;16;19
"1593";3;4;6;9;10;12;15;16;19
"1594";3;4;6;9;10;12;15;16;19
"1595";3;5;5;5;5;5;5;5;5
"1596";3;5;5;5;5;5;5;5;5
"1597";3;4;6;9;10;12;15;16;19
"1598";3;4;6;8;8;8;8;8;8
"1599";3;4;6;8;8;8;8;8;8
"1600";3;4;6;8;8;8;8;8;8
"1601";3;4;6;9;10;12;15;16;19
"1602";3;4;6;9;10;12;15;16;19
"1603";3;5;5;5;5;5;5;5;5
"1604";3;4;6;8;8;8;8;8;8
"1605";3;4;6;8;8;8;8;8;8
"1606";3;4;6;9;10;12;15;16;19
"1607";3;4;6;9;10;12;15;16;19
"1608";3;4;6;9;10;12;15;16;19
"1609";3;4;6;9;10;12;15;16;19
"1610";3;4;6;8;8;8;8;8;8
"1611";3;4;6;8;8;8;8;8;8
"1612";3;5;5;5;5;5;5;5;5
"1613";3;4;6;8;8;8;8;8;8
"1614";3;4;6;8;8;8;8;8;8
"1615";3;4;6;8;8;8;8;8;8
"1616";3;4;6;9;10;12;15;16;19
"1617";3;4;7;7;7;7;7;7;7
"1618";3;4;6;8;8;8;8;8;8
"1619";3;4;6;9;10;12;15;16;19
"1620";3;4;6;9;10;12;15;16;19
"1621";3;4;6;8;8;8;8;8;8
"1622";3;4;6;9;10;12;15;16;19
"1623";3;4;6;9;10;12;15;16;19
"1624";3;4;6;8;8;8;8;8;8
"1625";3;4;6;8;8;8;8;8;8
"1626";3;5;5;5;5;5;5;5;5
"1627";3;4;6;8;8;8;8;8;8
"1628";3;4;6;8;8;8;8;8;8
"1629";3;4;6;9;10;12;15;16;19
"1630";3;4;6;8;8;8;8;8;8
"1631";3;5;5;5;5;5;5;5;5
"1632";3;5;5;5;5;5;5;5;5
"1633";3;4;6;8;8;8;8;8;8
"1634";3;4;6;8;8;8;8;8;8
"1635";3;5;5;5;5;5;5;5;5
"1636";3;5;5;5;5;5;5;5;5
"1637";3;5;5;5;5;5;5;5;5
"1638";3;4;6;8;8;8;8;8;8
"1639";3;5;5;5;5;5;5;5;5
"1640";3;4;6;8;8;8;8;8;8
"1641";3;4;6;8;8;8;8;8;8
"1642";3;4;6;8;8;8;8;8;8
"1643";3;4;6;8;8;8;8;8;8
"1644";3;4;6;8;8;8;8;8;8
"1645";3;4;6;8;8;8;8;8;8
"1646";3;4;6;8;8;8;8;8;8
"1647";3;5;5;5;5;5;5;5;5
"1648";3;4;6;8;8;8;8;8;8
"1649";3;5;5;5;5;5;5;5;5
"1650";3;4;6;9;10;12;15;16;19
"1651";3;4;6;9;10;12;15;16;19
"1652";3;4;6;9;10;12;15;16;19
"1653";3;4;6;9;10;12;15;16;19
"1654";3;4;6;9;10;12;15;16;19
"1655";3;4;6;9;10;12;15;16;19
"1656";3;4;6;8;8;8;8;8;8
"1657";3;4;6;8;8;8;8;8;8
"1658";3;4;6;8;8;8;8;8;8
"1659";3;4;6;9;10;12;15;16;18
"1660";3;4;6;9;10;12;15;16;19
"1661";3;4;6;8;8;8;8;8;8
"1662";3;4;6;9;10;12;15;16;19
"1663";3;5;5;5;5;5;5;5;5
"1664";3;5;5;5;5;5;5;5;5
"1665";3;4;6;9;10;12;15;16;19
"1666";3;4;6;9;10;12;15;16;19
"1667";3;4;6;8;8;8;8;8;8
"1668";3;4;6;8;8;8;8;8;8
"1669";3;4;6;9;10;12;15;16;19
"1670";3;4;6;8;8;8;8;8;8
"1671";3;4;6;8;8;8;8;8;8
"1672";3;4;6;9;10;12;15;16;19
"1673";3;4;6;8;8;8;8;8;8
"1674";3;4;6;8;8;8;8;8;8
"1675";3;5;5;5;5;5;5;5;5
"1676";3;4;6;9;10;12;15;16;19
"1677";3;4;6;9;10;13;13;13;13
"1678";3;4;6;9;10;12;15;16;19
"1679";3;4;6;9;10;12;15;16;19
"1680";3;4;6;9;10;13;13;13;13
"1681";3;4;6;9;10;13;13;13;13
"1682";3;4;6;9;10;12;15;16;19
"1683";3;4;6;9;10;13;13;13;13
"1684";3;4;6;9;10;13;13;13;13
"1685";3;4;6;9;10;13;13;13;13
"1686";3;4;6;9;10;12;15;16;19
"1687";3;4;6;9;10;13;13;13;13
"1688";3;4;6;9;10;13;13;13;13
"1689";3;4;6;9;10;12;15;16;19
"1690";3;4;6;9;10;12;15;16;19
"1691";3;4;6;9;10;12;15;16;19
"1692";3;4;6;8;8;8;8;8;8
"1693";3;4;6;8;8;8;8;8;8
"1694";3;5;5;5;5;5;5;5;5
"1695";3;4;6;8;8;8;8;8;8
"1696";3;4;6;8;8;8;8;8;8
"1697";3;4;6;9;10;12;15;16;19
"1698";3;4;6;9;10;13;13;13;13
"1699";3;4;6;9;10;13;13;13;13
"1700";3;5;5;5;5;5;5;5;5
"1701";3;4;6;8;8;8;8;8;8
"1702";3;4;6;9;10;13;13;13;13
"1703";3;4;6;9;10;13;13;13;13
"1704";3;4;6;9;10;12;15;16;19
"1705";3;4;6;9;10;12;15;16;19
"1706";3;4;6;9;10;12;15;16;19
"1707";3;4;6;9;10;12;15;16;19
"1708";3;4;6;9;10;12;15;16;19
"1709";3;4;6;9;10;12;15;16;19
"1710";3;4;6;9;10;13;13;13;13
"1711";3;4;6;8;8;8;8;8;8
"1712";3;4;6;9;10;12;15;16;19
"1713";3;4;6;9;10;12;15;16;19
"1714";3;4;6;9;10;12;15;16;19
"1715";3;4;6;9;10;12;15;16;19
"1716";3;4;6;9;10;12;15;16;19
"1717";3;4;6;9;10;12;15;16;19
"1718";3;4;6;9;10;12;15;16;19
"1719";3;4;6;9;10;12;15;16;19
"1720";3;4;6;9;10;12;15;16;19
"1721";3;4;6;9;10;12;15;16;19
"1722";3;4;6;9;10;12;15;16;19
"1723";3;4;6;8;8;8;8;8;8
"1724";3;4;6;8;8;8;8;8;8
"1725";3;5;5;5;5;5;5;5;5
"1726";3;4;6;8;8;8;8;8;8
"1727";3;4;6;8;8;8;8;8;8
"1728";3;4;6;8;8;8;8;8;8
"1729";3;4;6;8;8;8;8;8;8
"1730";3;5;5;5;5;5;5;5;5
"1731";3;4;6;8;8;8;8;8;8
"1732";3;4;6;9;10;12;15;16;19
"1733";3;4;6;8;8;8;8;8;8
"1734";3;4;6;8;8;8;8;8;8
"1735";3;4;6;8;8;8;8;8;8
"1736";3;4;6;8;8;8;8;8;8
"1737";3;4;6;8;8;8;8;8;8
"1738";3;4;6;8;8;8;8;8;8
"1739";3;4;6;8;8;8;8;8;8
"1740";3;5;5;5;5;5;5;5;5
"1741";3;4;6;8;8;8;8;8;8
"1742";3;4;6;8;8;8;8;8;8
"1743";3;5;5;5;5;5;5;5;5
"1744";3;4;6;9;10;12;15;16;19
"1745";3;4;6;8;8;8;8;8;8
"1746";3;4;6;8;8;8;8;8;8
"1747";3;4;6;8;8;8;8;8;8
"1748";3;4;6;8;8;8;8;8;8
"1749";3;4;6;8;8;8;8;8;8
"1750";3;4;6;8;8;8;8;8;8
"1751";3;4;6;9;10;12;15;16;19
"1752";3;4;6;9;10;12;15;16;19
"1753";3;4;6;9;10;12;15;16;19
"1754";3;4;6;8;8;8;8;8;8
"1755";3;4;6;8;8;8;8;8;8
"1756";3;4;6;9;10;12;15;16;19
"1757";3;4;6;8;8;8;8;8;8
"1758";3;4;6;9;10;12;15;16;19
"1759";3;4;6;9;10;12;15;16;19
"1760";3;4;6;9;10;12;15;16;19
"1761";3;4;6;9;10;12;15;16;19
"1762";3;4;6;9;10;12;15;16;19
"1763";3;4;6;8;8;8;8;8;8
"1764";3;4;6;9;10;12;15;16;19
"1765";3;4;6;8;8;8;8;8;8
"1766";3;4;6;8;8;8;8;8;8
"1767";3;4;6;8;8;8;8;8;8
"1768";3;4;6;8;8;8;8;8;8
"1769";3;5;5;5;5;5;5;5;5
"1770";3;4;6;9;10;12;15;16;19
"1771";3;4;6;9;10;12;15;16;19
"1772";3;4;6;9;10;12;15;16;19
"1773";3;4;6;9;10;12;15;16;19
"1774";3;4;6;9;10;12;15;16;19
"1775";3;4;6;9;10;12;15;16;19
"1776";3;5;5;5;5;5;5;5;5
"1777";3;5;5;5;5;5;5;5;5
"1778";3;5;5;5;5;5;5;5;5
"1779";3;5;5;5;5;5;5;5;5
"1780";3;5;5;5;5;5;5;5;5
"1781";3;4;6;9;10;12;15;16;19
"1782";3;4;6;9;10;12;15;16;19
"1783";3;5;5;5;5;5;5;5;5
"1784";3;4;6;9;10;12;15;16;19
"1785";3;4;6;9;10;12;15;16;19
"1786";3;4;6;9;10;12;15;16;19
"1787";3;4;6;9;10;12;15;16;19
"1788";3;4;6;8;8;8;8;8;8
"1789";3;4;6;9;10;12;15;16;19
"1790";3;5;5;5;5;5;5;5;5
"1791";3;4;6;9;10;12;15;16;19
"1792";3;4;6;9;10;12;15;16;19
"1793";3;4;6;9;10;12;15;16;19
"1794";3;4;6;9;10;12;15;16;19
"1795";3;4;6;9;10;12;15;16;19
"1796";3;4;6;9;10;12;15;16;19
"1797";3;5;5;5;5;5;5;5;5
"1798";3;5;5;5;5;5;5;5;5
"1799";3;4;6;9;10;12;15;16;19
"1800";3;5;5;5;5;5;5;5;5
"1801";3;4;6;8;8;8;8;8;8
"1802";3;4;6;9;10;12;15;16;19
"1803";3;4;6;9;10;12;15;16;19
"1804";3;4;6;8;8;8;8;8;8
"1805";3;4;6;8;8;8;8;8;8
"1806";3;4;6;8;8;8;8;8;8
"1807";3;4;6;8;8;8;8;8;8
"1808";3;4;6;8;8;8;8;8;8
"1809";3;4;6;8;8;8;8;8;8
"1810";3;4;6;9;10;12;15;16;19
"1811";3;4;6;9;10;12;15;16;19
"1812";3;4;6;9;10;12;15;16;19
"1813";3;4;6;8;8;8;8;8;8
"1814";3;4;7;7;7;7;7;7;7
"1815";3;4;6;9;10;12;15;16;19
"1816";3;4;7;7;7;7;7;7;7
"1817";3;4;7;7;7;7;7;7;7
"1818";3;4;6;9;10;12;15;16;19
"1819";3;4;6;8;8;8;8;8;8
"1820";3;4;6;9;10;12;15;16;19
"1821";3;4;7;7;7;7;7;7;7
"1822";3;4;6;9;10;12;15;16;19
"1823";3;4;7;7;7;7;7;7;7
"1824";3;4;6;9;10;12;15;16;19
"1825";3;4;6;8;8;8;8;8;8
"1826";3;4;7;7;7;7;7;7;7
"1827";3;4;6;8;8;8;8;8;8
"1828";3;4;6;9;10;12;15;16;19
"1829";3;4;6;8;8;8;8;8;8
"1830";3;4;6;8;8;8;8;8;8
"1831";3;4;6;8;8;8;8;8;8
"1832";3;4;6;8;8;8;8;8;8
"1833";3;4;6;8;8;8;8;8;8
"1834";3;4;6;8;8;8;8;8;8
"1835";3;5;5;5;5;5;5;5;5
"1836";3;5;5;5;5;5;5;5;5
"1837";3;5;5;5;5;5;5;5;5
"1838";3;5;5;5;5;5;5;5;5
"1839";3;4;6;8;8;8;8;8;8
"1840";3;4;6;8;8;8;8;8;8
"1841";3;4;6;8;8;8;8;8;8
"1842";3;4;6;8;8;8;8;8;8
"1843";3;4;6;9;10;12;15;16;19
"1844";3;4;6;8;8;8;8;8;8
"1845";3;4;6;8;8;8;8;8;8
"1846";3;4;6;9;10;12;15;16;19
"1847";3;5;5;5;5;5;5;5;5
"1848";3;4;6;8;8;8;8;8;8
"1849";3;4;6;8;8;8;8;8;8
"1850";3;4;6;8;8;8;8;8;8
"1851";3;5;5;5;5;5;5;5;5
"1852";3;4;6;8;8;8;8;8;8
"1853";3;5;5;5;5;5;5;5;5
"1854";3;4;6;9;10;12;15;16;19
"1855";3;4;6;9;10;12;15;16;19
"1856";3;4;6;8;8;8;8;8;8
"1857";3;4;6;8;8;8;8;8;8
"1858";3;4;6;8;8;8;8;8;8
"1859";3;4;6;8;8;8;8;8;8
"1860";3;4;6;9;10;12;15;16;19
"1861";3;4;6;9;10;12;15;16;19
"1862";3;5;5;5;5;5;5;5;5
"1863";3;4;6;8;8;8;8;8;8
"1864";3;4;6;9;10;12;15;16;19
"1865";3;4;6;9;10;12;15;16;19
"1866";3;5;5;5;5;5;5;5;5
"1867";2;2;2;2;2;2;2;2;2
"1868";2;2;2;2;2;2;2;2;2
"1869";2;2;2;2;2;2;2;2;2
"1870";2;2;2;2;2;2;2;2;2
"1871";2;2;2;2;2;2;2;2;2
"1872";2;2;2;2;2;2;2;2;2
"1873";2;2;2;2;2;2;2;2;2
"1874";2;2;2;2;2;2;2;2;2
"1875";2;2;2;2;2;2;2;2;2
"1876";2;2;2;2;2;2;2;2;2
"1877";2;2;2;2;2;2;2;2;2
"1878";2;2;2;2;2;2;2;2;2
"1879";2;2;2;2;2;2;2;2;2
"1880";2;2;2;2;2;2;2;2;2
"1881";2;2;2;2;2;2;2;2;2
"1882";2;2;2;2;2;2;2;2;2
"1883";2;2;2;2;2;2;2;2;2
"1884";2;2;2;2;2;2;2;2;2
"1885";2;2;2;2;2;2;2;2;2
"1886";2;2;2;2;2;2;2;2;2
"1887";2;2;2;2;2;2;2;2;2
"1888";2;2;2;2;2;2;2;2;2
"1889";2;2;2;2;2;2;2;2;2
"1890";2;2;2;2;2;2;2;2;2
"1891";2;2;2;2;2;2;2;2;2
"1892";2;2;2;2;2;2;2;2;2
"1893";3;4;6;9;10;12;15;16;19
"1894";3;5;5;5;5;5;5;5;5
"1895";3;4;6;9;10;12;15;16;19
"1896";3;4;6;9;10;12;15;16;19
"1897";3;4;6;9;10;12;15;16;19
"1898";3;4;6;9;10;12;15;16;19
"1899";3;4;6;8;8;8;8;8;8
"1900";3;4;6;8;8;8;8;8;8
"1901";3;4;6;8;8;8;8;8;8
"1902";3;4;6;8;8;8;8;8;8
"1903";3;4;6;9;10;12;15;16;19
"1904";3;4;6;9;10;12;15;16;19
"1905";3;5;5;5;5;5;5;5;5
"1906";3;5;5;5;5;5;5;5;5
"1907";3;5;5;5;5;5;5;5;5
"1908";3;5;5;5;5;5;5;5;5
"1909";3;5;5;5;5;5;5;5;5
"1910";3;5;5;5;5;5;5;5;5
"1911";3;5;5;5;5;5;5;5;5
"1912";3;4;6;8;8;8;8;8;8
"1913";3;4;6;9;10;12;15;16;19
"1914";3;5;5;5;5;5;5;5;5
"1915";3;5;5;5;5;5;5;5;5
"1916";3;5;5;5;5;5;5;5;5
"1917";3;4;6;9;10;12;15;16;19
"1918";3;5;5;5;5;5;5;5;5
"1919";3;5;5;5;5;5;5;5;5
"1920";3;5;5;5;5;5;5;5;5
"1921";3;5;5;5;5;5;5;5;5
"1922";3;5;5;5;5;5;5;5;5
"1923";3;5;5;5;5;5;5;5;5
"1924";3;5;5;5;5;5;5;5;5
"1925";3;4;6;9;10;12;15;16;19
"1926";3;5;5;5;5;5;5;5;5
"1927";3;5;5;5;5;5;5;5;5
"1928";3;5;5;5;5;5;5;5;5
"1929";3;5;5;5;5;5;5;5;5
"1930";3;5;5;5;5;5;5;5;5
"1931";3;5;5;5;5;5;5;5;5
"1932";3;5;5;5;5;5;5;5;5
"1933";3;5;5;5;5;5;5;5;5
"1934";3;5;5;5;5;5;5;5;5
"1935";3;5;5;5;5;5;5;5;5
"1936";3;5;5;5;5;5;5;5;5
"1937";3;5;5;5;5;5;5;5;5
"1938";3;5;5;5;5;5;5;5;5
"1939";3;5;5;5;5;5;5;5;5
"1940";3;5;5;5;5;5;5;5;5
"1941";3;5;5;5;5;5;5;5;5
"1942";3;5;5;5;5;5;5;5;5
"1943";3;5;5;5;5;5;5;5;5
"1944";3;5;5;5;5;5;5;5;5
"1945";3;5;5;5;5;5;5;5;5
"1946";3;5;5;5;5;5;5;5;5
"1947";3;5;5;5;5;5;5;5;5
"1948";3;5;5;5;5;5;5;5;5
"1949";3;5;5;5;5;5;5;5;5
"1950";3;5;5;5;5;5;5;5;5
"1951";3;5;5;5;5;5;5;5;5
"1952";3;5;5;5;5;5;5;5;5
"1953";3;5;5;5;5;5;5;5;5
"1954";3;5;5;5;5;5;5;5;5
"1955";3;5;5;5;5;5;5;5;5
"1956";3;5;5;5;5;5;5;5;5
"1957";3;5;5;5;5;5;5;5;5
"1958";3;5;5;5;5;5;5;5;5
"1959";3;5;5;5;5;5;5;5;5
"1960";3;5;5;5;5;5;5;5;5
"1961";3;5;5;5;5;5;5;5;5
"1962";3;5;5;5;5;5;5;5;5
"1963";3;5;5;5;5;5;5;5;5
"1964";3;5;5;5;5;5;5;5;5
"1965";3;5;5;5;5;5;5;5;5
"1966";3;5;5;5;5;5;5;5;5
"1967";3;5;5;5;5;5;5;5;5
"1968";3;5;5;5;5;5;5;5;5
"1969";3;5;5;5;5;5;5;5;5
"1970";3;5;5;5;5;5;5;5;5
"1971";3;5;5;5;5;5;5;5;5
"1972";3;5;5;5;5;5;5;5;5
"1973";3;5;5;5;5;5;5;5;5
"1974";3;5;5;5;5;5;5;5;5
"1975";3;5;5;5;5;5;5;5;5
"1976";3;5;5;5;5;5;5;5;5
"1977";3;5;5;5;5;5;5;5;5
"1978";3;5;5;5;5;5;5;5;5
"1979";3;5;5;5;5;5;5;5;5
"1980";3;5;5;5;5;5;5;5;5
"1981";3;5;5;5;5;5;5;5;5
"1982";3;5;5;5;5;5;5;5;5
"1983";3;5;5;5;5;5;5;5;5
"1984";3;5;5;5;5;5;5;5;5
"1985";3;5;5;5;5;5;5;5;5
"1986";3;5;5;5;5;5;5;5;5
"1987";3;5;5;5;5;5;5;5;5
"1988";3;5;5;5;5;5;5;5;5
"1989";3;5;5;5;5;5;5;5;5
"1990";3;5;5;5;5;5;5;5;5
"1991";3;5;5;5;5;5;5;5;5
"1992";3;5;5;5;5;5;5;5;5
"1993";3;5;5;5;5;5;5;5;5
"1994";3;5;5;5;5;5;5;5;5
"1995";3;5;5;5;5;5;5;5;5
"1996";3;5;5;5;5;5;5;5;5
"1997";3;5;5;5;5;5;5;5;5
"1998";3;5;5;5;5;5;5;5;5
"1999";3;5;5;5;5;5;5;5;5
"2000";3;5;5;5;5;5;5;5;5
"2001";3;5;5;5;5;5;5;5;5
"2002";3;5;5;5;5;5;5;5;5
"2003";3;5;5;5;5;5;5;5;5
"2004";3;4;6;9;10;13;13;13;13
"2005";3;5;5;5;5;5;5;5;5
"2006";3;5;5;5;5;5;5;5;5
"2007";3;5;5;5;5;5;5;5;5
"2008";3;5;5;5;5;5;5;5;5
"2009";3;5;5;5;5;5;5;5;5
"2010";3;5;5;5;5;5;5;5;5
"2011";3;5;5;5;5;5;5;5;5
"2012";3;5;5;5;5;5;5;5;5
"2013";3;5;5;5;5;5;5;5;5
"2014";3;5;5;5;5;5;5;5;5
"2015";3;5;5;5;5;5;5;5;5
"2016";3;5;5;5;5;5;5;5;5
"2017";3;5;5;5;5;5;5;5;5
"2018";3;5;5;5;5;5;5;5;5
"2019";3;5;5;5;5;5;5;5;5
"2020";3;5;5;5;5;5;5;5;5
"2021";3;5;5;5;5;5;5;5;5
"2022";3;4;6;9;10;12;15;16;19
"2023";3;5;5;5;5;5;5;5;5
"2024";3;5;5;5;5;5;5;5;5
"2025";3;5;5;5;5;5;5;5;5
"2026";3;5;5;5;5;5;5;5;5
"2027";3;5;5;5;5;5;5;5;5
"2028";3;5;5;5;5;5;5;5;5
"2029";3;5;5;5;5;5;5;5;5
"2030";3;5;5;5;5;5;5;5;5
"2031";3;5;5;5;5;5;5;5;5
"2032";3;5;5;5;5;5;5;5;5
"2033";3;5;5;5;5;5;5;5;5
"2034";3;5;5;5;5;5;5;5;5
"2035";3;5;5;5;5;5;5;5;5
"2036";3;5;5;5;5;5;5;5;5
"2037";3;5;5;5;5;5;5;5;5
"2038";3;5;5;5;5;5;5;5;5
"2039";3;5;5;5;5;5;5;5;5
"2040";3;5;5;5;5;5;5;5;5
"2041";3;5;5;5;5;5;5;5;5
"2042";3;5;5;5;5;5;5;5;5
"2043";3;5;5;5;5;5;5;5;5
"2044";3;5;5;5;5;5;5;5;5
"2045";3;5;5;5;5;5;5;5;5
"2046";3;5;5;5;5;5;5;5;5
"2047";3;5;5;5;5;5;5;5;5
"2048";3;5;5;5;5;5;5;5;5
"2049";3;4;6;9;10;12;15;16;19
"2050";3;5;5;5;5;5;5;5;5
"2051";3;5;5;5;5;5;5;5;5
"2052";3;5;5;5;5;5;5;5;5
"2053";3;5;5;5;5;5;5;5;5
"2054";3;5;5;5;5;5;5;5;5
"2055";3;5;5;5;5;5;5;5;5
"2056";3;5;5;5;5;5;5;5;5
"2057";3;5;5;5;5;5;5;5;5
"2058";3;5;5;5;5;5;5;5;5
"2059";3;5;5;5;5;5;5;5;5
"2060";3;5;5;5;5;5;5;5;5
"2061";3;5;5;5;5;5;5;5;5
"2062";3;4;6;8;8;8;8;8;8
"2063";3;4;6;8;8;8;8;8;8
"2064";3;5;5;5;5;5;5;5;5
"2065";3;5;5;5;5;5;5;5;5
"2066";3;5;5;5;5;5;5;5;5
"2067";3;5;5;5;5;5;5;5;5
"2068";3;5;5;5;5;5;5;5;5
"2069";3;5;5;5;5;5;5;5;5
"2070";3;5;5;5;5;5;5;5;5
"2071";3;5;5;5;5;5;5;5;5
"2072";3;5;5;5;5;5;5;5;5
"2073";3;5;5;5;5;5;5;5;5
"2074";3;5;5;5;5;5;5;5;5
"2075";3;5;5;5;5;5;5;5;5
"2076";3;5;5;5;5;5;5;5;5
"2077";3;5;5;5;5;5;5;5;5
"2078";3;5;5;5;5;5;5;5;5
"2079";3;4;6;9;10;12;15;16;19
"2080";3;4;7;7;7;7;7;7;7
"2081";3;4;6;9;10;12;15;16;19
"2082";3;5;5;5;5;5;5;5;5
"2083";3;5;5;5;5;5;5;5;5
"2084";3;4;6;9;10;13;13;13;13
"2085";3;5;5;5;5;5;5;5;5
"2086";3;4;6;9;10;12;15;16;19
"2087";3;4;6;9;10;12;15;16;19
"2088";3;5;5;5;5;5;5;5;5
"2089";3;5;5;5;5;5;5;5;5
"2090";3;5;5;5;5;5;5;5;5
"2091";3;5;5;5;5;5;5;5;5
"2092";3;5;5;5;5;5;5;5;5
"2093";3;5;5;5;5;5;5;5;5
"2094";3;5;5;5;5;5;5;5;5
"2095";3;5;5;5;5;5;5;5;5
"2096";3;5;5;5;5;5;5;5;5
"2097";3;5;5;5;5;5;5;5;5
"2098";3;5;5;5;5;5;5;5;5
"2099";3;5;5;5;5;5;5;5;5
"2100";3;5;5;5;5;5;5;5;5
"2101";3;5;5;5;5;5;5;5;5
"2102";3;5;5;5;5;5;5;5;5
"2103";3;5;5;5;5;5;5;5;5
"2104";3;4;6;9;10;12;15;16;19
"2105";3;4;6;9;10;12;15;16;19
"2106";3;4;6;9;10;12;15;16;19
"2107";3;5;5;5;5;5;5;5;5
"2108";3;5;5;5;5;5;5;5;5
"2109";3;5;5;5;5;5;5;5;5
"2110";3;5;5;5;5;5;5;5;5
"2111";3;5;5;5;5;5;5;5;5
"2112";3;5;5;5;5;5;5;5;5
"2113";3;5;5;5;5;5;5;5;5
"2114";3;5;5;5;5;5;5;5;5
"2115";3;5;5;5;5;5;5;5;5
"2116";3;5;5;5;5;5;5;5;5
"2117";3;4;6;9;10;12;15;16;19
"2118";3;5;5;5;5;5;5;5;5
"2119";3;5;5;5;5;5;5;5;5
"2120";3;5;5;5;5;5;5;5;5
"2121";3;5;5;5;5;5;5;5;5
"2122";3;5;5;5;5;5;5;5;5
"2123";3;5;5;5;5;5;5;5;5
"2124";3;5;5;5;5;5;5;5;5
"2125";3;5;5;5;5;5;5;5;5
"2126";3;5;5;5;5;5;5;5;5
"2127";3;5;5;5;5;5;5;5;5
"2128";3;5;5;5;5;5;5;5;5
"2129";3;5;5;5;5;5;5;5;5
"2130";3;5;5;5;5;5;5;5;5
"2131";3;5;5;5;5;5;5;5;5
"2132";3;5;5;5;5;5;5;5;5
"2133";3;5;5;5;5;5;5;5;5
"2134";3;5;5;5;5;5;5;5;5
"2135";3;4;6;9;10;12;15;16;19
"2136";3;5;5;5;5;5;5;5;5
"2137";3;5;5;5;5;5;5;5;5
"2138";3;4;6;9;10;12;15;16;19
"2139";3;4;6;9;10;12;15;16;19
"2140";3;4;6;9;10;12;15;16;19
"2141";3;5;5;5;5;5;5;5;5
"2142";3;5;5;5;5;5;5;5;5
"2143";3;4;6;9;10;12;15;16;19
"2144";3;5;5;5;5;5;5;5;5
"2145";3;5;5;5;5;5;5;5;5
"2146";3;4;6;9;10;12;15;16;19
"2147";3;5;5;5;5;5;5;5;5
"2148";3;5;5;5;5;5;5;5;5
"2149";3;5;5;5;5;5;5;5;5
"2150";3;5;5;5;5;5;5;5;5
"2151";3;4;6;9;10;12;15;16;19
"2152";3;5;5;5;5;5;5;5;5
"2153";3;5;5;5;5;5;5;5;5
"2154";3;4;6;9;10;13;13;13;13
"2155";3;5;5;5;5;5;5;5;5
"2156";3;5;5;5;5;5;5;5;5
"2157";3;5;5;5;5;5;5;5;5
"2158";3;5;5;5;5;5;5;5;5
"2159";3;5;5;5;5;5;5;5;5
"2160";3;5;5;5;5;5;5;5;5
"2161";3;5;5;5;5;5;5;5;5
"2162";3;5;5;5;5;5;5;5;5
"2163";3;5;5;5;5;5;5;5;5
"2164";3;5;5;5;5;5;5;5;5
"2165";3;5;5;5;5;5;5;5;5
"2166";3;5;5;5;5;5;5;5;5
"2167";3;5;5;5;5;5;5;5;5
"2168";3;5;5;5;5;5;5;5;5
"2169";3;5;5;5;5;5;5;5;5
"2170";3;5;5;5;5;5;5;5;5
"2171";3;5;5;5;5;5;5;5;5
"2172";3;5;5;5;5;5;5;5;5
"2173";3;4;6;9;10;12;15;16;19
"2174";3;5;5;5;5;5;5;5;5
"2175";3;5;5;5;5;5;5;5;5
"2176";3;5;5;5;5;5;5;5;5
"2177";3;5;5;5;5;5;5;5;5
"2178";3;5;5;5;5;5;5;5;5
"2179";3;5;5;5;5;5;5;5;5
"2180";3;5;5;5;5;5;5;5;5
"2181";3;5;5;5;5;5;5;5;5
"2182";3;5;5;5;5;5;5;5;5
"2183";3;5;5;5;5;5;5;5;5
"2184";3;5;5;5;5;5;5;5;5
"2185";3;5;5;5;5;5;5;5;5
"2186";3;4;6;8;8;8;8;8;8
"2187";3;4;6;9;10;12;15;16;19
"2188";3;5;5;5;5;5;5;5;5
"2189";3;5;5;5;5;5;5;5;5
"2190";3;4;6;9;10;12;15;16;19
"2191";3;5;5;5;5;5;5;5;5
"2192";3;5;5;5;5;5;5;5;5
"2193";3;5;5;5;5;5;5;5;5
"2194";3;5;5;5;5;5;5;5;5
"2195";3;5;5;5;5;5;5;5;5
"2196";3;5;5;5;5;5;5;5;5
"2197";3;5;5;5;5;5;5;5;5
"2198";3;4;6;9;10;12;15;16;19
"2199";3;4;6;9;10;12;15;16;19
"2200";3;4;6;9;10;12;15;16;19
"2201";3;5;5;5;5;5;5;5;5
"2202";3;4;6;9;10;12;15;16;19
"2203";3;5;5;5;5;5;5;5;5
"2204";3;5;5;5;5;5;5;5;5
"2205";3;5;5;5;5;5;5;5;5
"2206";3;5;5;5;5;5;5;5;5
"2207";3;5;5;5;5;5;5;5;5
"2208";3;5;5;5;5;5;5;5;5
"2209";3;5;5;5;5;5;5;5;5
"2210";3;5;5;5;5;5;5;5;5
"2211";3;5;5;5;5;5;5;5;5
"2212";3;5;5;5;5;5;5;5;5
"2213";3;5;5;5;5;5;5;5;5
"2214";3;5;5;5;5;5;5;5;5
"2215";3;5;5;5;5;5;5;5;5
"2216";3;5;5;5;5;5;5;5;5
"2217";3;5;5;5;5;5;5;5;5
"2218";3;5;5;5;5;5;5;5;5
"2219";3;5;5;5;5;5;5;5;5
"2220";3;5;5;5;5;5;5;5;5
"2221";3;5;5;5;5;5;5;5;5
"2222";3;5;5;5;5;5;5;5;5
"2223";3;5;5;5;5;5;5;5;5
"2224";3;5;5;5;5;5;5;5;5
"2225";3;5;5;5;5;5;5;5;5
"2226";3;5;5;5;5;5;5;5;5
"2227";3;5;5;5;5;5;5;5;5
"2228";3;5;5;5;5;5;5;5;5
"2229";3;5;5;5;5;5;5;5;5
"2230";3;5;5;5;5;5;5;5;5
"2231";3;5;5;5;5;5;5;5;5
"2232";3;5;5;5;5;5;5;5;5
"2233";3;5;5;5;5;5;5;5;5
"2234";3;5;5;5;5;5;5;5;5
"2235";3;5;5;5;5;5;5;5;5
"2236";3;5;5;5;5;5;5;5;5
"2237";3;5;5;5;5;5;5;5;5
"2238";3;5;5;5;5;5;5;5;5
"2239";3;5;5;5;5;5;5;5;5
"2240";3;5;5;5;5;5;5;5;5
"2241";3;4;6;9;10;12;15;16;19
"2242";3;5;5;5;5;5;5;5;5
"2243";3;5;5;5;5;5;5;5;5
"2244";3;5;5;5;5;5;5;5;5
"2245";3;5;5;5;5;5;5;5;5
"2246";3;5;5;5;5;5;5;5;5
"2247";3;5;5;5;5;5;5;5;5
"2248";3;5;5;5;5;5;5;5;5
"2249";3;5;5;5;5;5;5;5;5
"2250";3;5;5;5;5;5;5;5;5
"2251";3;5;5;5;5;5;5;5;5
"2252";3;4;6;9;10;12;15;16;19
"2253";3;5;5;5;5;5;5;5;5
"2254";3;5;5;5;5;5;5;5;5
"2255";3;5;5;5;5;5;5;5;5
"2256";3;5;5;5;5;5;5;5;5
"2257";3;5;5;5;5;5;5;5;5
"2258";3;5;5;5;5;5;5;5;5
"2259";3;5;5;5;5;5;5;5;5
"2260";3;5;5;5;5;5;5;5;5
"2261";3;5;5;5;5;5;5;5;5
"2262";3;5;5;5;5;5;5;5;5
"2263";3;5;5;5;5;5;5;5;5
"2264";3;5;5;5;5;5;5;5;5
"2265";3;5;5;5;5;5;5;5;5
"2266";3;5;5;5;5;5;5;5;5
"2267";3;5;5;5;5;5;5;5;5
"2268";3;4;6;9;10;12;15;16;19
"2269";3;4;6;9;10;12;15;16;19
"2270";3;5;5;5;5;5;5;5;5
"2271";3;5;5;5;5;5;5;5;5
"2272";3;5;5;5;5;5;5;5;5
"2273";3;5;5;5;5;5;5;5;5
"2274";3;5;5;5;5;5;5;5;5
"2275";3;5;5;5;5;5;5;5;5
"2276";3;5;5;5;5;5;5;5;5
"2277";3;5;5;5;5;5;5;5;5
"2278";3;5;5;5;5;5;5;5;5
"2279";3;5;5;5;5;5;5;5;5
"2280";3;5;5;5;5;5;5;5;5
"2281";3;5;5;5;5;5;5;5;5
"2282";3;5;5;5;5;5;5;5;5
"2283";3;5;5;5;5;5;5;5;5
"2284";3;4;7;7;7;7;7;7;7
"2285";3;4;6;9;10;12;15;16;19
"2286";3;5;5;5;5;5;5;5;5
"2287";3;5;5;5;5;5;5;5;5
"2288";3;5;5;5;5;5;5;5;5
"2289";3;5;5;5;5;5;5;5;5
"2290";3;4;6;9;10;12;15;16;19
"2291";3;5;5;5;5;5;5;5;5
"2292";3;5;5;5;5;5;5;5;5
"2293";3;5;5;5;5;5;5;5;5
"2294";3;5;5;5;5;5;5;5;5
"2295";3;5;5;5;5;5;5;5;5
"2296";3;5;5;5;5;5;5;5;5
"2297";3;5;5;5;5;5;5;5;5
"2298";3;5;5;5;5;5;5;5;5
"2299";3;5;5;5;5;5;5;5;5
"2300";3;5;5;5;5;5;5;5;5
"2301";3;4;6;8;8;8;8;8;8
"2302";3;5;5;5;5;5;5;5;5
"2303";3;5;5;5;5;5;5;5;5
"2304";3;5;5;5;5;5;5;5;5
"2305";3;5;5;5;5;5;5;5;5
"2306";3;4;6;9;10;13;13;13;13
"2307";3;5;5;5;5;5;5;5;5
"2308";3;5;5;5;5;5;5;5;5
"2309";3;5;5;5;5;5;5;5;5
"2310";3;5;5;5;5;5;5;5;5
"2311";3;5;5;5;5;5;5;5;5
"2312";3;5;5;5;5;5;5;5;5
"2313";3;5;5;5;5;5;5;5;5
"2314";3;5;5;5;5;5;5;5;5
"2315";3;5;5;5;5;5;5;5;5
"2316";3;5;5;5;5;5;5;5;5
"2317";3;5;5;5;5;5;5;5;5
"2318";3;5;5;5;5;5;5;5;5
"2319";3;5;5;5;5;5;5;5;5
"2320";3;5;5;5;5;5;5;5;5
"2321";3;4;6;9;10;12;15;16;19
"2322";3;4;6;9;10;12;15;16;19
"2323";3;5;5;5;5;5;5;5;5
"2324";3;5;5;5;5;5;5;5;5
"2325";3;4;6;9;10;12;15;16;19
"2326";3;5;5;5;5;5;5;5;5
"2327";3;5;5;5;5;5;5;5;5
"2328";3;5;5;5;5;5;5;5;5
"2329";3;5;5;5;5;5;5;5;5
"2330";3;5;5;5;5;5;5;5;5
"2331";3;5;5;5;5;5;5;5;5
"2332";3;5;5;5;5;5;5;5;5
"2333";3;5;5;5;5;5;5;5;5
"2334";3;5;5;5;5;5;5;5;5
"2335";3;5;5;5;5;5;5;5;5
"2336";3;5;5;5;5;5;5;5;5
"2337";3;5;5;5;5;5;5;5;5
"2338";3;5;5;5;5;5;5;5;5
"2339";3;5;5;5;5;5;5;5;5
"2340";3;4;6;9;10;12;15;16;19
"2341";3;5;5;5;5;5;5;5;5
"2342";3;5;5;5;5;5;5;5;5
"2343";3;5;5;5;5;5;5;5;5
"2344";3;5;5;5;5;5;5;5;5
"2345";3;5;5;5;5;5;5;5;5
"2346";3;5;5;5;5;5;5;5;5
"2347";3;5;5;5;5;5;5;5;5
"2348";3;5;5;5;5;5;5;5;5
"2349";3;5;5;5;5;5;5;5;5
"2350";3;5;5;5;5;5;5;5;5
"2351";3;5;5;5;5;5;5;5;5
"2352";3;5;5;5;5;5;5;5;5
"2353";3;5;5;5;5;5;5;5;5
"2354";3;5;5;5;5;5;5;5;5
"2355";3;5;5;5;5;5;5;5;5
"2356";3;5;5;5;5;5;5;5;5
"2357";3;5;5;5;5;5;5;5;5
"2358";3;5;5;5;5;5;5;5;5
"2359";3;5;5;5;5;5;5;5;5
"2360";3;5;5;5;5;5;5;5;5
"2361";3;5;5;5;5;5;5;5;5
"2362";3;5;5;5;5;5;5;5;5
"2363";3;5;5;5;5;5;5;5;5
"2364";3;5;5;5;5;5;5;5;5
"2365";3;5;5;5;5;5;5;5;5
"2366";3;4;6;9;10;12;15;16;19
"2367";3;5;5;5;5;5;5;5;5
"2368";3;5;5;5;5;5;5;5;5
"2369";3;5;5;5;5;5;5;5;5
"2370";3;5;5;5;5;5;5;5;5
"2371";3;5;5;5;5;5;5;5;5
"2372";3;5;5;5;5;5;5;5;5
"2373";3;5;5;5;5;5;5;5;5
"2374";3;5;5;5;5;5;5;5;5
"2375";3;5;5;5;5;5;5;5;5
"2376";3;5;5;5;5;5;5;5;5
"2377";3;5;5;5;5;5;5;5;5
"2378";3;5;5;5;5;5;5;5;5
"2379";3;5;5;5;5;5;5;5;5
"2380";3;5;5;5;5;5;5;5;5
"2381";3;5;5;5;5;5;5;5;5
"2382";3;5;5;5;5;5;5;5;5
"2383";3;5;5;5;5;5;5;5;5
"2384";3;4;6;9;10;12;15;16;19
"2385";3;5;5;5;5;5;5;5;5
"2386";3;5;5;5;5;5;5;5;5
"2387";3;5;5;5;5;5;5;5;5
"2388";3;4;7;7;7;7;7;7;7
"2389";3;5;5;5;5;5;5;5;5
"2390";3;5;5;5;5;5;5;5;5
"2391";3;5;5;5;5;5;5;5;5
"2392";3;4;6;9;10;12;15;16;19
"2393";3;4;6;9;10;12;15;16;19
"2394";3;5;5;5;5;5;5;5;5
"2395";3;5;5;5;5;5;5;5;5
"2396";3;5;5;5;5;5;5;5;5
"2397";3;5;5;5;5;5;5;5;5
"2398";3;5;5;5;5;5;5;5;5
"2399";3;5;5;5;5;5;5;5;5
"2400";3;4;6;9;10;12;15;16;19
"2401";3;5;5;5;5;5;5;5;5
"2402";3;5;5;5;5;5;5;5;5
"2403";3;5;5;5;5;5;5;5;5
"2404";3;5;5;5;5;5;5;5;5
"2405";3;5;5;5;5;5;5;5;5
"2406";3;5;5;5;5;5;5;5;5
"2407";3;5;5;5;5;5;5;5;5
"2408";3;5;5;5;5;5;5;5;5
"2409";3;5;5;5;5;5;5;5;5
"2410";3;5;5;5;5;5;5;5;5
"2411";3;5;5;5;5;5;5;5;5
"2412";3;5;5;5;5;5;5;5;5
"2413";3;5;5;5;5;5;5;5;5
"2414";3;5;5;5;5;5;5;5;5
"2415";3;5;5;5;5;5;5;5;5
"2416";3;5;5;5;5;5;5;5;5
"2417";3;5;5;5;5;5;5;5;5
"2418";3;5;5;5;5;5;5;5;5
"2419";3;5;5;5;5;5;5;5;5
"2420";3;5;5;5;5;5;5;5;5
"2421";3;5;5;5;5;5;5;5;5
"2422";3;4;6;9;10;12;15;16;19
"2423";3;4;6;9;10;12;15;16;19
"2424";3;5;5;5;5;5;5;5;5
"2425";3;5;5;5;5;5;5;5;5
"2426";3;5;5;5;5;5;5;5;5
"2427";3;5;5;5;5;5;5;5;5
"2428";3;4;7;7;7;7;7;7;7
"2429";3;5;5;5;5;5;5;5;5
"2430";3;5;5;5;5;5;5;5;5
"2431";3;5;5;5;5;5;5;5;5
"2432";3;5;5;5;5;5;5;5;5
"2433";3;5;5;5;5;5;5;5;5
"2434";3;5;5;5;5;5;5;5;5
"2435";3;5;5;5;5;5;5;5;5
"2436";3;5;5;5;5;5;5;5;5
"2437";3;5;5;5;5;5;5;5;5
"2438";3;5;5;5;5;5;5;5;5
"2439";3;5;5;5;5;5;5;5;5
"2440";3;5;5;5;5;5;5;5;5
"2441";3;5;5;5;5;5;5;5;5
"2442";3;5;5;5;5;5;5;5;5
"2443";3;5;5;5;5;5;5;5;5
"2444";3;5;5;5;5;5;5;5;5
"2445";3;5;5;5;5;5;5;5;5
"2446";3;5;5;5;5;5;5;5;5
"2447";3;5;5;5;5;5;5;5;5
"2448";3;5;5;5;5;5;5;5;5
"2449";3;5;5;5;5;5;5;5;5
"2450";3;5;5;5;5;5;5;5;5
"2451";3;5;5;5;5;5;5;5;5
"2452";3;4;6;9;10;12;15;16;19
"2453";3;5;5;5;5;5;5;5;5
"2454";3;5;5;5;5;5;5;5;5
"2455";3;5;5;5;5;5;5;5;5
"2456";3;5;5;5;5;5;5;5;5
"2457";3;5;5;5;5;5;5;5;5
"2458";3;5;5;5;5;5;5;5;5
"2459";3;5;5;5;5;5;5;5;5
"2460";3;5;5;5;5;5;5;5;5
"2461";3;4;6;9;10;12;15;16;19
"2462";3;4;6;9;10;12;15;16;19
"2463";3;5;5;5;5;5;5;5;5
"2464";3;5;5;5;5;5;5;5;5
"2465";3;5;5;5;5;5;5;5;5
"2466";3;5;5;5;5;5;5;5;5
"2467";3;5;5;5;5;5;5;5;5
"2468";3;5;5;5;5;5;5;5;5
"2469";3;5;5;5;5;5;5;5;5
"2470";3;5;5;5;5;5;5;5;5
"2471";3;5;5;5;5;5;5;5;5
"2472";3;5;5;5;5;5;5;5;5
"2473";3;5;5;5;5;5;5;5;5
"2474";3;4;6;9;10;12;15;16;19
"2475";3;5;5;5;5;5;5;5;5
"2476";3;5;5;5;5;5;5;5;5
"2477";3;5;5;5;5;5;5;5;5
"2478";3;5;5;5;5;5;5;5;5
"2479";3;4;6;8;8;8;8;8;8
"2480";3;4;6;8;8;8;8;8;8
"2481";3;4;6;8;8;8;8;8;8
"2482";3;4;6;8;8;8;8;8;8
"2483";3;4;6;8;8;8;8;8;8
"2484";3;4;6;9;10;12;15;16;19
"2485";3;4;6;9;10;12;15;16;19
"2486";3;4;6;9;10;12;15;16;19
"2487";3;4;6;9;10;12;15;16;19
"2488";3;4;6;9;10;12;15;16;19
"2489";3;4;6;8;8;8;8;8;8
"2490";3;4;6;8;8;8;8;8;8
"2491";3;4;6;8;8;8;8;8;8
"2492";3;4;6;8;8;8;8;8;8
"2493";3;4;6;8;8;8;8;8;8
"2494";3;4;6;8;8;8;8;8;8
"2495";3;4;6;8;8;8;8;8;8
"2496";3;4;7;7;7;7;7;7;7
"2497";3;4;6;9;10;12;15;16;19
"2498";3;4;6;9;10;12;15;16;19
"2499";3;5;5;5;5;5;5;5;5
"2500";3;5;5;5;5;5;5;5;5
"2501";3;4;6;8;8;8;8;8;8
"2502";3;4;6;9;10;12;15;16;19
"2503";3;4;6;9;10;12;15;16;19
"2504";3;4;6;9;10;12;15;16;19
"2505";3;4;6;9;10;12;15;16;19
"2506";3;4;6;9;10;12;15;16;19
"2507";3;5;5;5;5;5;5;5;5
"2508";3;4;6;9;10;12;15;16;19
"2509";3;4;6;9;10;12;15;16;19
"2510";3;4;6;9;10;12;15;16;19
"2511";3;4;6;9;10;12;15;16;19
"2512";3;4;6;9;10;12;15;16;19
"2513";3;4;6;9;10;12;15;16;19
"2514";3;4;6;9;10;12;15;16;19
"2515";3;5;5;5;5;5;5;5;5
"2516";3;4;6;9;10;12;15;16;19
"2517";3;4;6;9;10;12;15;16;19
"2518";3;4;6;9;10;12;15;16;19
"2519";3;4;7;7;7;7;7;7;7
"2520";3;4;6;9;10;12;15;16;19
"2521";3;4;6;8;8;8;8;8;8
"2522";3;4;6;8;8;8;8;8;8
"2523";3;4;6;8;8;8;8;8;8
"2524";3;4;6;8;8;8;8;8;8
"2525";3;4;6;8;8;8;8;8;8
"2526";3;4;6;8;8;8;8;8;8
"2527";3;4;6;8;8;8;8;8;8
"2528";3;4;6;8;8;8;8;8;8
"2529";3;4;6;8;8;8;8;8;8
"2530";3;4;6;8;8;8;8;8;8
"2531";3;4;6;9;10;12;15;16;19
"2532";3;4;6;8;8;8;8;8;8
"2533";3;4;6;9;10;12;15;16;19
"2534";3;4;6;8;8;8;8;8;8
"2535";3;5;5;5;5;5;5;5;5
"2536";3;5;5;5;5;5;5;5;5
"2537";3;5;5;5;5;5;5;5;5
"2538";3;5;5;5;5;5;5;5;5
"2539";3;5;5;5;5;5;5;5;5
"2540";3;5;5;5;5;5;5;5;5
"2541";3;5;5;5;5;5;5;5;5
"2542";3;5;5;5;5;5;5;5;5
"2543";3;5;5;5;5;5;5;5;5
"2544";3;5;5;5;5;5;5;5;5
"2545";3;5;5;5;5;5;5;5;5
"2546";3;5;5;5;5;5;5;5;5
"2547";3;5;5;5;5;5;5;5;5
"2548";3;5;5;5;5;5;5;5;5
"2549";3;5;5;5;5;5;5;5;5
"2550";3;5;5;5;5;5;5;5;5
"2551";3;5;5;5;5;5;5;5;5
"2552";3;5;5;5;5;5;5;5;5
"2553";3;5;5;5;5;5;5;5;5
"2554";3;5;5;5;5;5;5;5;5
"2555";3;5;5;5;5;5;5;5;5
"2556";3;5;5;5;5;5;5;5;5
"2557";3;5;5;5;5;5;5;5;5
"2558";3;5;5;5;5;5;5;5;5
"2559";3;5;5;5;5;5;5;5;5
"2560";3;5;5;5;5;5;5;5;5
"2561";3;5;5;5;5;5;5;5;5
"2562";3;5;5;5;5;5;5;5;5
"2563";3;5;5;5;5;5;5;5;5
"2564";3;5;5;5;5;5;5;5;5
"2565";3;5;5;5;5;5;5;5;5
"2566";3;5;5;5;5;5;5;5;5
"2567";3;5;5;5;5;5;5;5;5
"2568";3;5;5;5;5;5;5;5;5
"2569";3;5;5;5;5;5;5;5;5
"2570";3;5;5;5;5;5;5;5;5
"2571";3;5;5;5;5;5;5;5;5
"2572";3;5;5;5;5;5;5;5;5
"2573";3;5;5;5;5;5;5;5;5
"2574";3;5;5;5;5;5;5;5;5
"2575";3;5;5;5;5;5;5;5;5
"2576";3;5;5;5;5;5;5;5;5
"2577";3;5;5;5;5;5;5;5;5
"2578";3;5;5;5;5;5;5;5;5
"2579";3;5;5;5;5;5;5;5;5
"2580";3;5;5;5;5;5;5;5;5
"2581";3;5;5;5;5;5;5;5;5
"2582";3;5;5;5;5;5;5;5;5
"2583";3;5;5;5;5;5;5;5;5
"2584";3;5;5;5;5;5;5;5;5
"2585";3;5;5;5;5;5;5;5;5
"2586";3;5;5;5;5;5;5;5;5
"2587";3;5;5;5;5;5;5;5;5
"2588";3;5;5;5;5;5;5;5;5
"2589";3;5;5;5;5;5;5;5;5
"2590";3;5;5;5;5;5;5;5;5
"2591";3;4;6;9;10;12;15;16;19
"2592";3;4;6;9;10;12;15;16;19
"2593";3;5;5;5;5;5;5;5;5
"2594";3;5;5;5;5;5;5;5;5
"2595";3;5;5;5;5;5;5;5;5
"2596";3;4;6;9;10;12;15;16;19
"2597";3;4;6;9;10;12;15;16;19
"2598";3;4;6;9;10;12;15;16;19
"2599";3;4;6;9;10;12;15;16;19
"2600";3;5;5;5;5;5;5;5;5
"2601";3;5;5;5;5;5;5;5;5
"2602";3;5;5;5;5;5;5;5;5
"2603";3;5;5;5;5;5;5;5;5
"2604";3;5;5;5;5;5;5;5;5
"2605";3;5;5;5;5;5;5;5;5
"2606";3;4;6;9;10;12;15;16;19
"2607";3;5;5;5;5;5;5;5;5
"2608";3;4;7;7;7;7;7;7;7
"2609";3;5;5;5;5;5;5;5;5
"2610";3;5;5;5;5;5;5;5;5
"2611";3;5;5;5;5;5;5;5;5
"2612";3;4;6;9;10;12;15;16;19
"2613";3;5;5;5;5;5;5;5;5
"2614";3;5;5;5;5;5;5;5;5
"2615";3;5;5;5;5;5;5;5;5
"2616";3;5;5;5;5;5;5;5;5
"2617";3;5;5;5;5;5;5;5;5
"2618";3;5;5;5;5;5;5;5;5
"2619";3;5;5;5;5;5;5;5;5
"2620";3;5;5;5;5;5;5;5;5
"2621";3;5;5;5;5;5;5;5;5
"2622";3;5;5;5;5;5;5;5;5
"2623";3;5;5;5;5;5;5;5;5
"2624";3;5;5;5;5;5;5;5;5
"2625";3;5;5;5;5;5;5;5;5
"2626";3;5;5;5;5;5;5;5;5
"2627";3;5;5;5;5;5;5;5;5
"2628";3;4;7;7;7;7;7;7;7
"2629";3;4;6;9;10;12;15;16;19
"2630";3;5;5;5;5;5;5;5;5
"2631";3;5;5;5;5;5;5;5;5
"2632";3;5;5;5;5;5;5;5;5
"2633";3;5;5;5;5;5;5;5;5
"2634";3;5;5;5;5;5;5;5;5
"2635";3;5;5;5;5;5;5;5;5
"2636";3;5;5;5;5;5;5;5;5
"2637";3;5;5;5;5;5;5;5;5
"2638";3;5;5;5;5;5;5;5;5
"2639";3;5;5;5;5;5;5;5;5
"2640";3;5;5;5;5;5;5;5;5
"2641";3;5;5;5;5;5;5;5;5
"2642";3;5;5;5;5;5;5;5;5
"2643";3;5;5;5;5;5;5;5;5
"2644";3;5;5;5;5;5;5;5;5
"2645";3;5;5;5;5;5;5;5;5
"2646";3;5;5;5;5;5;5;5;5
"2647";3;5;5;5;5;5;5;5;5
"2648";3;5;5;5;5;5;5;5;5
"2649";3;5;5;5;5;5;5;5;5
"2650";3;5;5;5;5;5;5;5;5
"2651";3;4;6;9;10;12;15;16;19
"2652";3;5;5;5;5;5;5;5;5
"2653";3;5;5;5;5;5;5;5;5
"2654";3;5;5;5;5;5;5;5;5
"2655";3;5;5;5;5;5;5;5;5
"2656";3;5;5;5;5;5;5;5;5
"2657";3;5;5;5;5;5;5;5;5
"2658";3;5;5;5;5;5;5;5;5
"2659";3;5;5;5;5;5;5;5;5
"2660";3;5;5;5;5;5;5;5;5
"2661";3;5;5;5;5;5;5;5;5
"2662";3;5;5;5;5;5;5;5;5
"2663";3;5;5;5;5;5;5;5;5
"2664";3;4;6;9;10;12;15;16;19
"2665";3;5;5;5;5;5;5;5;5
"2666";3;5;5;5;5;5;5;5;5
"2667";3;5;5;5;5;5;5;5;5
"2668";3;5;5;5;5;5;5;5;5
"2669";3;5;5;5;5;5;5;5;5
"2670";3;5;5;5;5;5;5;5;5
"2671";3;5;5;5;5;5;5;5;5
"2672";3;5;5;5;5;5;5;5;5
"2673";3;5;5;5;5;5;5;5;5
"2674";3;5;5;5;5;5;5;5;5
"2675";3;5;5;5;5;5;5;5;5
"2676";3;5;5;5;5;5;5;5;5
"2677";3;5;5;5;5;5;5;5;5
"2678";3;5;5;5;5;5;5;5;5
"2679";3;5;5;5;5;5;5;5;5
"2680";3;5;5;5;5;5;5;5;5
"2681";3;5;5;5;5;5;5;5;5
"2682";3;5;5;5;5;5;5;5;5
"2683";3;5;5;5;5;5;5;5;5
"2684";3;5;5;5;5;5;5;5;5
"2685";3;5;5;5;5;5;5;5;5
"2686";3;5;5;5;5;5;5;5;5
"2687";3;5;5;5;5;5;5;5;5
"2688";3;5;5;5;5;5;5;5;5
"2689";3;5;5;5;5;5;5;5;5
"2690";3;5;5;5;5;5;5;5;5
"2691";3;5;5;5;5;5;5;5;5
"2692";3;5;5;5;5;5;5;5;5
"2693";3;5;5;5;5;5;5;5;5
"2694";3;5;5;5;5;5;5;5;5
"2695";3;5;5;5;5;5;5;5;5
"2696";3;5;5;5;5;5;5;5;5
"2697";3;5;5;5;5;5;5;5;5
"2698";3;5;5;5;5;5;5;5;5
"2699";3;5;5;5;5;5;5;5;5
"2700";3;5;5;5;5;5;5;5;5
"2701";3;5;5;5;5;5;5;5;5
"2702";3;4;6;9;10;12;15;16;19
"2703";3;5;5;5;5;5;5;5;5
"2704";3;5;5;5;5;5;5;5;5
"2705";3;5;5;5;5;5;5;5;5
"2706";3;5;5;5;5;5;5;5;5
"2707";3;5;5;5;5;5;5;5;5
"2708";3;5;5;5;5;5;5;5;5
"2709";3;5;5;5;5;5;5;5;5
"2710";3;5;5;5;5;5;5;5;5
"2711";3;5;5;5;5;5;5;5;5
"2712";3;5;5;5;5;5;5;5;5
"2713";3;5;5;5;5;5;5;5;5
"2714";3;5;5;5;5;5;5;5;5
"2715";3;5;5;5;5;5;5;5;5
"2716";3;5;5;5;5;5;5;5;5
"2717";3;5;5;5;5;5;5;5;5
"2718";3;5;5;5;5;5;5;5;5
"2719";3;5;5;5;5;5;5;5;5
"2720";3;5;5;5;5;5;5;5;5
"2721";3;5;5;5;5;5;5;5;5
"2722";3;5;5;5;5;5;5;5;5
"2723";3;5;5;5;5;5;5;5;5
"2724";3;5;5;5;5;5;5;5;5
"2725";3;5;5;5;5;5;5;5;5
"2726";3;5;5;5;5;5;5;5;5
"2727";3;5;5;5;5;5;5;5;5
"2728";3;5;5;5;5;5;5;5;5
"2729";3;5;5;5;5;5;5;5;5
"2730";3;5;5;5;5;5;5;5;5
"2731";3;5;5;5;5;5;5;5;5
"2732";3;5;5;5;5;5;5;5;5
"2733";3;5;5;5;5;5;5;5;5
"2734";3;5;5;5;5;5;5;5;5
"2735";3;5;5;5;5;5;5;5;5
"2736";3;5;5;5;5;5;5;5;5
"2737";3;5;5;5;5;5;5;5;5
"2738";3;5;5;5;5;5;5;5;5
"2739";3;5;5;5;5;5;5;5;5
"2740";3;5;5;5;5;5;5;5;5
"2741";3;5;5;5;5;5;5;5;5
"2742";3;5;5;5;5;5;5;5;5
"2743";3;4;6;9;10;12;15;16;19
"2744";3;5;5;5;5;5;5;5;5
"2745";3;5;5;5;5;5;5;5;5
"2746";3;5;5;5;5;5;5;5;5
"2747";3;5;5;5;5;5;5;5;5
"2748";3;5;5;5;5;5;5;5;5
"2749";3;5;5;5;5;5;5;5;5
"2750";3;5;5;5;5;5;5;5;5
"2751";3;5;5;5;5;5;5;5;5
"2752";3;5;5;5;5;5;5;5;5
"2753";3;5;5;5;5;5;5;5;5
"2754";3;5;5;5;5;5;5;5;5
"2755";3;5;5;5;5;5;5;5;5
"2756";3;5;5;5;5;5;5;5;5
"2757";3;4;6;9;10;12;15;16;19
"2758";3;5;5;5;5;5;5;5;5
"2759";3;5;5;5;5;5;5;5;5
"2760";3;5;5;5;5;5;5;5;5
"2761";3;4;6;9;10;12;15;16;19
"2762";3;5;5;5;5;5;5;5;5
"2763";3;5;5;5;5;5;5;5;5
"2764";3;5;5;5;5;5;5;5;5
"2765";3;5;5;5;5;5;5;5;5
"2766";3;5;5;5;5;5;5;5;5
"2767";3;5;5;5;5;5;5;5;5
"2768";3;5;5;5;5;5;5;5;5
"2769";3;5;5;5;5;5;5;5;5
"2770";3;5;5;5;5;5;5;5;5
"2771";3;5;5;5;5;5;5;5;5
"2772";3;5;5;5;5;5;5;5;5
"2773";3;5;5;5;5;5;5;5;5
"2774";3;4;7;7;7;7;7;7;7
"2775";3;5;5;5;5;5;5;5;5
"2776";3;4;7;7;7;7;7;7;7
"2777";3;5;5;5;5;5;5;5;5
"2778";3;5;5;5;5;5;5;5;5
"2779";3;5;5;5;5;5;5;5;5
"2780";3;5;5;5;5;5;5;5;5
"2781";3;5;5;5;5;5;5;5;5
"2782";3;5;5;5;5;5;5;5;5
"2783";3;5;5;5;5;5;5;5;5
"2784";3;5;5;5;5;5;5;5;5
"2785";3;5;5;5;5;5;5;5;5
"2786";3;5;5;5;5;5;5;5;5
"2787";3;5;5;5;5;5;5;5;5
"2788";3;5;5;5;5;5;5;5;5
"2789";3;5;5;5;5;5;5;5;5
"2790";3;5;5;5;5;5;5;5;5
"2791";3;5;5;5;5;5;5;5;5
"2792";3;5;5;5;5;5;5;5;5
"2793";3;5;5;5;5;5;5;5;5
"2794";3;5;5;5;5;5;5;5;5
"2795";3;5;5;5;5;5;5;5;5
"2796";3;5;5;5;5;5;5;5;5
"2797";3;5;5;5;5;5;5;5;5
"2798";3;5;5;5;5;5;5;5;5
"2799";3;5;5;5;5;5;5;5;5
"2800";3;5;5;5;5;5;5;5;5
"2801";3;5;5;5;5;5;5;5;5
"2802";3;5;5;5;5;5;5;5;5
"2803";3;5;5;5;5;5;5;5;5
"2804";3;5;5;5;5;5;5;5;5
"2805";3;5;5;5;5;5;5;5;5
"2806";3;5;5;5;5;5;5;5;5
"2807";3;5;5;5;5;5;5;5;5
"2808";3;5;5;5;5;5;5;5;5
"2809";3;5;5;5;5;5;5;5;5
"2810";3;5;5;5;5;5;5;5;5
"2811";3;5;5;5;5;5;5;5;5
"2812";3;5;5;5;5;5;5;5;5
"2813";3;5;5;5;5;5;5;5;5
"2814";3;5;5;5;5;5;5;5;5
"2815";3;5;5;5;5;5;5;5;5
"2816";3;5;5;5;5;5;5;5;5
"2817";3;5;5;5;5;5;5;5;5
"2818";3;5;5;5;5;5;5;5;5
"2819";3;5;5;5;5;5;5;5;5
"2820";3;5;5;5;5;5;5;5;5
"2821";3;5;5;5;5;5;5;5;5
"2822";3;5;5;5;5;5;5;5;5
"2823";3;5;5;5;5;5;5;5;5
"2824";3;5;5;5;5;5;5;5;5
"2825";3;5;5;5;5;5;5;5;5
"2826";3;5;5;5;5;5;5;5;5
"2827";3;5;5;5;5;5;5;5;5
"2828";3;5;5;5;5;5;5;5;5
"2829";3;5;5;5;5;5;5;5;5
"2830";3;5;5;5;5;5;5;5;5
"2831";3;5;5;5;5;5;5;5;5
"2832";3;5;5;5;5;5;5;5;5
"2833";3;5;5;5;5;5;5;5;5
"2834";3;5;5;5;5;5;5;5;5
"2835";3;5;5;5;5;5;5;5;5
"2836";3;5;5;5;5;5;5;5;5
"2837";3;5;5;5;5;5;5;5;5
"2838";3;5;5;5;5;5;5;5;5
"2839";3;5;5;5;5;5;5;5;5
"2840";3;5;5;5;5;5;5;5;5
"2841";3;5;5;5;5;5;5;5;5
"2842";3;5;5;5;5;5;5;5;5
"2843";3;5;5;5;5;5;5;5;5
"2844";3;5;5;5;5;5;5;5;5
"2845";3;5;5;5;5;5;5;5;5
"2846";3;5;5;5;5;5;5;5;5
"2847";3;5;5;5;5;5;5;5;5
"2848";3;5;5;5;5;5;5;5;5
"2849";3;5;5;5;5;5;5;5;5
"2850";3;5;5;5;5;5;5;5;5
"2851";3;5;5;5;5;5;5;5;5
"2852";3;5;5;5;5;5;5;5;5
"2853";3;5;5;5;5;5;5;5;5
"2854";3;5;5;5;5;5;5;5;5
"2855";3;5;5;5;5;5;5;5;5
"2856";3;5;5;5;5;5;5;5;5
"2857";3;5;5;5;5;5;5;5;5
"2858";3;4;6;9;10;12;15;16;19
"2859";3;5;5;5;5;5;5;5;5
"2860";3;4;6;9;10;12;15;16;19
"2861";3;5;5;5;5;5;5;5;5
"2862";3;5;5;5;5;5;5;5;5
"2863";3;4;6;9;10;12;15;16;19
"2864";3;5;5;5;5;5;5;5;5
"2865";3;5;5;5;5;5;5;5;5
"2866";3;5;5;5;5;5;5;5;5
"2867";3;5;5;5;5;5;5;5;5
"2868";3;5;5;5;5;5;5;5;5
"2869";3;5;5;5;5;5;5;5;5
"2870";3;4;6;9;10;12;15;16;19
"2871";3;5;5;5;5;5;5;5;5
"2872";3;4;6;9;10;12;15;16;19
"2873";3;5;5;5;5;5;5;5;5
"2874";3;5;5;5;5;5;5;5;5
"2875";3;4;7;7;7;7;7;7;7
"2876";3;5;5;5;5;5;5;5;5
"2877";3;4;6;9;10;12;15;16;19
"2878";3;5;5;5;5;5;5;5;5
"2879";3;5;5;5;5;5;5;5;5
"2880";3;5;5;5;5;5;5;5;5
"2881";3;4;6;9;10;12;15;16;19
"2882";3;5;5;5;5;5;5;5;5
"2883";3;5;5;5;5;5;5;5;5
"2884";3;5;5;5;5;5;5;5;5
"2885";3;5;5;5;5;5;5;5;5
"2886";3;4;6;9;10;12;15;16;19
"2887";3;5;5;5;5;5;5;5;5
"2888";3;5;5;5;5;5;5;5;5
"2889";3;4;6;9;10;12;15;16;19
"2890";3;5;5;5;5;5;5;5;5
"2891";3;4;6;9;10;12;15;16;19
"2892";3;5;5;5;5;5;5;5;5
"2893";3;4;6;9;10;12;15;16;19
"2894";3;5;5;5;5;5;5;5;5
"2895";3;5;5;5;5;5;5;5;5
"2896";3;4;7;7;7;7;7;7;7
"2897";3;5;5;5;5;5;5;5;5
"2898";3;5;5;5;5;5;5;5;5
"2899";3;5;5;5;5;5;5;5;5
"2900";3;5;5;5;5;5;5;5;5
"2901";3;4;6;9;10;12;15;16;19
"2902";3;4;6;9;10;12;15;16;19
"2903";3;5;5;5;5;5;5;5;5
"2904";3;4;7;7;7;7;7;7;7
"2905";3;5;5;5;5;5;5;5;5
"2906";3;5;5;5;5;5;5;5;5
"2907";3;5;5;5;5;5;5;5;5
"2908";3;4;6;9;10;12;15;16;19
"2909";3;5;5;5;5;5;5;5;5
"2910";3;4;6;9;10;12;15;16;19
"2911";3;4;6;9;10;12;15;16;19
"2912";3;4;6;9;10;12;15;16;19
"2913";3;5;5;5;5;5;5;5;5
"2914";3;5;5;5;5;5;5;5;5
"2915";3;5;5;5;5;5;5;5;5
"2916";3;5;5;5;5;5;5;5;5
"2917";3;5;5;5;5;5;5;5;5
"2918";3;5;5;5;5;5;5;5;5
"2919";3;5;5;5;5;5;5;5;5
"2920";3;5;5;5;5;5;5;5;5
"2921";3;4;6;9;10;12;15;16;19
"2922";3;5;5;5;5;5;5;5;5
"2923";3;5;5;5;5;5;5;5;5
"2924";3;4;6;9;10;12;15;16;19
"2925";3;5;5;5;5;5;5;5;5
"2926";3;5;5;5;5;5;5;5;5
"2927";3;5;5;5;5;5;5;5;5
"2928";3;5;5;5;5;5;5;5;5
"2929";3;5;5;5;5;5;5;5;5
"2930";3;5;5;5;5;5;5;5;5
"2931";3;5;5;5;5;5;5;5;5
"2932";3;5;5;5;5;5;5;5;5
"2933";3;4;6;9;10;12;15;16;19
"2934";3;4;6;9;10;12;15;16;19
"2935";3;5;5;5;5;5;5;5;5
"2936";3;5;5;5;5;5;5;5;5
"2937";3;5;5;5;5;5;5;5;5
"2938";3;5;5;5;5;5;5;5;5
"2939";3;4;6;9;10;12;15;16;19
"2940";3;5;5;5;5;5;5;5;5
"2941";3;5;5;5;5;5;5;5;5
"2942";3;5;5;5;5;5;5;5;5
"2943";3;4;6;9;10;12;15;16;19
"2944";3;5;5;5;5;5;5;5;5
"2945";3;5;5;5;5;5;5;5;5
"2946";3;5;5;5;5;5;5;5;5
"2947";3;5;5;5;5;5;5;5;5
"2948";3;5;5;5;5;5;5;5;5
"2949";3;5;5;5;5;5;5;5;5
"2950";3;5;5;5;5;5;5;5;5
"2951";3;5;5;5;5;5;5;5;5
"2952";3;5;5;5;5;5;5;5;5
"2953";3;5;5;5;5;5;5;5;5
"2954";3;5;5;5;5;5;5;5;5
"2955";3;5;5;5;5;5;5;5;5
"2956";3;4;6;9;10;12;15;16;19
"2957";3;5;5;5;5;5;5;5;5
"2958";3;5;5;5;5;5;5;5;5
"2959";3;5;5;5;5;5;5;5;5
"2960";3;5;5;5;5;5;5;5;5
"2961";3;5;5;5;5;5;5;5;5
"2962";3;5;5;5;5;5;5;5;5
"2963";3;5;5;5;5;5;5;5;5
"2964";3;5;5;5;5;5;5;5;5
"2965";3;5;5;5;5;5;5;5;5
"2966";3;5;5;5;5;5;5;5;5
"2967";3;5;5;5;5;5;5;5;5
"2968";3;5;5;5;5;5;5;5;5
"2969";3;4;6;9;10;12;15;16;19
"2970";3;5;5;5;5;5;5;5;5
"2971";3;5;5;5;5;5;5;5;5
"2972";3;4;6;9;10;12;15;16;19
"2973";3;5;5;5;5;5;5;5;5
"2974";3;4;6;9;10;12;15;16;19
"2975";3;4;6;9;10;12;15;16;19
"2976";3;4;6;9;10;12;15;16;19
"2977";3;5;5;5;5;5;5;5;5
"2978";3;5;5;5;5;5;5;5;5
"2979";3;5;5;5;5;5;5;5;5
"2980";3;5;5;5;5;5;5;5;5
"2981";3;5;5;5;5;5;5;5;5
"2982";3;5;5;5;5;5;5;5;5
"2983";3;5;5;5;5;5;5;5;5
"2984";3;5;5;5;5;5;5;5;5
"2985";3;5;5;5;5;5;5;5;5
"2986";3;5;5;5;5;5;5;5;5
"2987";3;5;5;5;5;5;5;5;5
"2988";3;5;5;5;5;5;5;5;5
"2989";3;5;5;5;5;5;5;5;5
"2990";3;5;5;5;5;5;5;5;5
"2991";3;5;5;5;5;5;5;5;5
"2992";3;5;5;5;5;5;5;5;5
"2993";3;5;5;5;5;5;5;5;5
"2994";3;5;5;5;5;5;5;5;5
"2995";3;5;5;5;5;5;5;5;5
"2996";3;5;5;5;5;5;5;5;5
"2997";3;5;5;5;5;5;5;5;5
"2998";3;5;5;5;5;5;5;5;5
"2999";3;4;6;9;10;12;15;16;19
"3000";3;5;5;5;5;5;5;5;5
"3001";3;5;5;5;5;5;5;5;5
"3002";3;5;5;5;5;5;5;5;5
"3003";3;5;5;5;5;5;5;5;5
"3004";3;5;5;5;5;5;5;5;5
"3005";3;5;5;5;5;5;5;5;5
"3006";3;5;5;5;5;5;5;5;5
"3007";3;5;5;5;5;5;5;5;5
"3008";3;5;5;5;5;5;5;5;5
"3009";3;4;6;9;10;12;15;16;19
"3010";3;4;6;8;8;8;8;8;8
"3011";3;4;6;8;8;8;8;8;8
"3012";3;4;6;8;8;8;8;8;8
"3013";3;4;6;8;8;8;8;8;8
"3014";3;4;6;8;8;8;8;8;8
"3015";3;4;6;8;8;8;8;8;8
"3016";3;4;6;9;10;12;15;16;19
"3017";3;4;6;8;8;8;8;8;8
"3018";3;4;6;8;8;8;8;8;8
"3019";3;4;6;8;8;8;8;8;8
"3020";3;5;5;5;5;5;5;5;5
"3021";3;5;5;5;5;5;5;5;5
"3022";3;4;6;8;8;8;8;8;8
"3023";3;4;6;8;8;8;8;8;8
"3024";3;5;5;5;5;5;5;5;5
"3025";3;4;6;8;8;8;8;8;8
"3026";3;4;6;9;10;12;15;16;19
"3027";3;4;6;8;8;8;8;8;8
"3028";3;4;6;8;8;8;8;8;8
"3029";3;4;6;8;8;8;8;8;8
"3030";3;4;6;8;8;8;8;8;8
"3031";3;4;6;8;8;8;8;8;8
"3032";3;4;6;8;8;8;8;8;8
"3033";3;4;6;8;8;8;8;8;8
"3034";3;4;6;8;8;8;8;8;8
"3035";3;4;6;8;8;8;8;8;8
"3036";3;4;6;8;8;8;8;8;8
"3037";3;4;6;8;8;8;8;8;8
"3038";3;5;5;5;5;5;5;5;5
"3039";3;4;6;8;8;8;8;8;8
"3040";3;4;6;8;8;8;8;8;8
"3041";3;4;6;8;8;8;8;8;8
"3042";3;4;6;8;8;8;8;8;8
"3043";3;4;6;8;8;8;8;8;8
"3044";3;4;6;8;8;8;8;8;8
"3045";3;4;6;8;8;8;8;8;8
"3046";3;4;6;8;8;8;8;8;8
"3047";3;4;6;8;8;8;8;8;8
"3048";3;4;6;8;8;8;8;8;8
"3049";3;4;6;8;8;8;8;8;8
"3050";3;4;6;9;10;12;15;16;19
"3051";3;4;6;9;10;12;15;16;19
"3052";3;4;6;8;8;8;8;8;8
"3053";3;4;6;8;8;8;8;8;8
"3054";3;4;6;8;8;8;8;8;8
"3055";3;4;6;8;8;8;8;8;8
"3056";3;4;6;8;8;8;8;8;8
"3057";3;4;6;9;10;12;15;16;19
"3058";3;4;6;9;10;12;15;16;19
"3059";3;4;6;9;10;12;15;16;19
"3060";3;4;6;9;10;12;15;16;19
"3061";3;4;6;9;10;12;15;16;18
"3062";3;4;6;9;10;13;13;13;13
"3063";3;4;6;9;10;12;15;16;19
"3064";3;4;6;9;10;13;13;13;13
"3065";3;4;6;8;8;8;8;8;8
"3066";3;4;6;8;8;8;8;8;8
"3067";3;4;6;8;8;8;8;8;8
"3068";3;4;6;8;8;8;8;8;8
"3069";3;4;6;8;8;8;8;8;8
"3070";3;4;6;8;8;8;8;8;8
"3071";3;4;6;8;8;8;8;8;8
"3072";3;4;6;8;8;8;8;8;8
"3073";3;4;6;9;10;12;15;16;19
"3074";3;4;6;8;8;8;8;8;8
"3075";3;4;6;8;8;8;8;8;8
"3076";3;4;6;8;8;8;8;8;8
"3077";3;4;6;8;8;8;8;8;8
"3078";3;4;6;8;8;8;8;8;8
"3079";3;4;6;8;8;8;8;8;8
"3080";3;4;6;8;8;8;8;8;8
"3081";3;4;6;8;8;8;8;8;8
"3082";3;4;6;8;8;8;8;8;8
"3083";3;4;6;8;8;8;8;8;8
"3084";3;4;6;8;8;8;8;8;8
"3085";3;4;6;8;8;8;8;8;8
"3086";3;4;6;8;8;8;8;8;8
"3087";3;4;6;8;8;8;8;8;8
"3088";3;4;6;8;8;8;8;8;8
"3089";3;4;6;9;10;12;15;16;19
"3090";3;4;6;9;10;13;13;13;13
"3091";3;4;6;8;8;8;8;8;8
"3092";3;4;6;8;8;8;8;8;8
"3093";3;4;6;8;8;8;8;8;8
"3094";3;4;6;8;8;8;8;8;8
"3095";3;4;6;8;8;8;8;8;8
"3096";3;4;6;8;8;8;8;8;8
"3097";3;4;6;8;8;8;8;8;8
"3098";3;4;6;8;8;8;8;8;8
"3099";3;4;6;8;8;8;8;8;8
"3100";3;4;6;8;8;8;8;8;8
"3101";3;4;6;8;8;8;8;8;8
"3102";3;4;6;8;8;8;8;8;8
"3103";3;4;6;9;10;12;15;16;19
"3104";3;4;6;9;10;12;15;16;19
"3105";3;4;6;8;8;8;8;8;8
"3106";3;4;6;8;8;8;8;8;8
"3107";3;4;6;9;10;12;15;16;18
"3108";3;4;6;9;10;12;15;16;18
"3109";3;4;6;9;10;12;15;16;19
"3110";3;4;6;9;10;12;15;16;19
"3111";3;4;6;9;10;12;15;16;18
"3112";3;4;6;9;10;12;15;16;19
"3113";3;4;6;9;10;12;15;16;18
"3114";3;4;6;9;10;12;15;16;18
"3115";3;5;5;5;5;5;5;5;5
"3116";3;4;6;9;10;12;15;16;18
"3117";3;4;6;9;10;12;15;16;18
"3118";3;4;6;8;8;8;8;8;8
"3119";3;4;6;9;10;12;15;16;18
"3120";3;4;6;9;10;12;15;16;19
"3121";3;4;6;9;10;12;15;16;18
"3122";3;4;6;9;10;12;15;16;19
"3123";3;4;6;9;10;12;15;16;18
"3124";3;4;6;9;10;12;15;16;19
"3125";3;4;6;9;10;12;15;16;19
"3126";3;4;6;9;10;12;15;16;19
"3127";3;4;6;9;10;12;15;16;19
"3128";3;4;6;9;10;12;15;16;19
"3129";3;4;6;8;8;8;8;8;8
"3130";3;4;6;8;8;8;8;8;8
"3131";3;4;6;8;8;8;8;8;8
"3132";3;4;6;8;8;8;8;8;8
"3133";3;4;6;8;8;8;8;8;8
"3134";3;4;6;8;8;8;8;8;8
"3135";3;5;5;5;5;5;5;5;5
"3136";3;5;5;5;5;5;5;5;5
"3137";3;5;5;5;5;5;5;5;5
"3138";3;5;5;5;5;5;5;5;5
"3139";3;5;5;5;5;5;5;5;5
"3140";3;4;6;8;8;8;8;8;8
"3141";3;4;6;8;8;8;8;8;8
"3142";3;4;6;8;8;8;8;8;8
"3143";3;4;6;8;8;8;8;8;8
"3144";3;4;6;9;10;12;15;16;19
"3145";3;4;6;8;8;8;8;8;8
"3146";3;4;6;8;8;8;8;8;8
"3147";3;5;5;5;5;5;5;5;5
"3148";3;5;5;5;5;5;5;5;5
"3149";3;4;6;8;8;8;8;8;8
"3150";3;4;6;8;8;8;8;8;8
"3151";3;4;6;9;10;12;15;16;19
"3152";3;5;5;5;5;5;5;5;5
"3153";3;4;6;9;10;12;15;16;19
"3154";3;5;5;5;5;5;5;5;5
"3155";3;4;6;8;8;8;8;8;8
"3156";3;4;6;8;8;8;8;8;8
"3157";3;4;6;9;10;12;15;16;19
"3158";3;4;6;9;10;12;15;16;19
"3159";3;4;6;9;10;12;15;16;19
"3160";3;4;6;9;10;12;15;16;18
"3161";3;4;6;9;10;12;15;16;19
"3162";3;5;5;5;5;5;5;5;5
"3163";3;4;6;9;10;12;15;16;19
"3164";3;4;6;9;10;12;15;16;19
"3165";3;4;6;9;10;12;15;16;19
"3166";3;5;5;5;5;5;5;5;5
"3167";3;4;6;9;10;12;15;16;19
"3168";3;4;6;8;8;8;8;8;8
"3169";3;4;6;9;10;12;15;16;19
"3170";3;4;6;9;10;12;15;16;18
"3171";3;4;6;9;10;12;15;16;19
"3172";3;4;6;9;10;12;15;16;19
"3173";3;4;6;9;10;12;15;16;19
"3174";3;4;6;8;8;8;8;8;8
"3175";3;4;6;9;10;12;15;16;19
"3176";3;4;6;8;8;8;8;8;8
"3177";3;4;6;9;10;12;15;16;19
"3178";3;4;6;8;8;8;8;8;8
"3179";3;4;6;9;10;12;15;16;19
"3180";3;4;6;8;8;8;8;8;8
"3181";3;4;6;9;10;12;15;16;19
"3182";3;4;6;9;10;12;15;16;19
"3183";3;4;6;9;10;12;15;16;19
"3184";3;4;6;9;10;12;15;16;19
"3185";3;4;6;9;10;12;15;16;19
"3186";3;4;6;9;10;12;15;16;19
"3187";3;4;7;7;7;7;7;7;7
"3188";3;4;6;9;10;12;15;16;19
"3189";3;4;6;9;10;12;15;16;19
"3190";3;4;6;9;10;13;13;13;13
"3191";3;4;6;9;10;12;15;16;19
"3192";3;4;6;9;10;12;15;16;19
"3193";3;4;6;9;10;12;15;16;19
"3194";3;4;6;9;10;12;15;16;19
"3195";3;4;6;9;10;12;15;16;19
"3196";3;4;6;9;10;12;15;16;19
"3197";3;4;6;9;10;12;15;16;19
"3198";3;4;6;8;8;8;8;8;8
"3199";3;4;6;9;10;12;15;16;19
"3200";3;4;6;9;10;12;15;16;19
"3201";3;4;6;9;10;12;15;16;19
"3202";3;4;6;9;10;12;15;16;19
"3203";3;4;6;9;10;12;15;16;19
"3204";3;4;6;9;10;12;15;16;19
"3205";3;4;6;9;10;12;15;16;19
"3206";3;4;6;8;8;8;8;8;8
"3207";3;4;6;9;10;12;15;16;19
"3208";3;4;6;8;8;8;8;8;8
"3209";3;4;6;8;8;8;8;8;8
"3210";3;4;6;8;8;8;8;8;8
"3211";3;4;6;9;10;12;15;16;19
"3212";3;4;6;9;10;12;15;16;19
"3213";3;5;5;5;5;5;5;5;5
"3214";3;4;6;8;8;8;8;8;8
"3215";3;4;6;8;8;8;8;8;8
"3216";3;4;6;9;10;12;15;16;19
"3217";3;4;6;8;8;8;8;8;8
"3218";3;4;6;8;8;8;8;8;8
"3219";3;4;6;8;8;8;8;8;8
"3220";3;5;5;5;5;5;5;5;5
"3221";3;4;6;8;8;8;8;8;8
"3222";3;4;6;8;8;8;8;8;8
"3223";3;4;6;8;8;8;8;8;8
"3224";3;5;5;5;5;5;5;5;5
"3225";3;4;6;8;8;8;8;8;8
"3226";3;4;6;8;8;8;8;8;8
"3227";3;4;6;8;8;8;8;8;8
"3228";3;4;6;8;8;8;8;8;8
"3229";3;4;6;8;8;8;8;8;8
"3230";3;4;6;8;8;8;8;8;8
"3231";3;4;6;8;8;8;8;8;8
"3232";3;4;6;8;8;8;8;8;8
"3233";3;4;6;8;8;8;8;8;8
"3234";3;4;6;8;8;8;8;8;8
"3235";3;4;6;8;8;8;8;8;8
"3236";3;4;6;8;8;8;8;8;8
"3237";3;4;6;8;8;8;8;8;8
"3238";3;4;6;8;8;8;8;8;8
"3239";3;4;6;8;8;8;8;8;8
"3240";3;4;6;8;8;8;8;8;8
"3241";3;4;6;8;8;8;8;8;8
"3242";3;4;6;8;8;8;8;8;8
"3243";3;5;5;5;5;5;5;5;5
"3244";3;4;6;8;8;8;8;8;8
"3245";3;4;6;8;8;8;8;8;8
"3246";3;4;7;7;7;7;7;7;7
"3247";3;4;7;7;7;7;7;7;7
"3248";3;4;7;7;7;7;7;7;7
"3249";3;4;6;8;8;8;8;8;8
"3250";3;4;6;8;8;8;8;8;8
"3251";3;4;6;9;10;12;15;16;19
"3252";3;4;6;9;10;12;15;16;19
"3253";3;4;6;9;10;12;15;16;19
"3254";3;4;6;9;10;12;15;16;19
"3255";3;4;6;9;10;12;15;16;19
"3256";3;4;6;9;10;12;15;16;19
"3257";3;4;6;9;10;12;15;16;19
"3258";3;4;6;9;10;12;15;16;19
"3259";3;4;6;8;8;8;8;8;8
"3260";3;4;6;8;8;8;8;8;8
"3261";3;4;6;9;10;12;15;16;19
"3262";3;4;7;7;7;7;7;7;7
"3263";3;4;6;8;8;8;8;8;8
"3264";3;4;6;9;10;12;15;16;19
"3265";3;4;6;8;8;8;8;8;8
"3266";3;4;6;9;10;12;15;16;19
"3267";3;4;6;9;10;12;15;16;19
"3268";3;4;6;8;8;8;8;8;8
"3269";3;4;6;8;8;8;8;8;8
"3270";3;4;6;8;8;8;8;8;8
"3271";3;4;6;8;8;8;8;8;8
"3272";3;4;6;8;8;8;8;8;8
"3273";3;4;6;8;8;8;8;8;8
"3274";3;4;6;9;10;12;15;16;19
"3275";3;4;6;8;8;8;8;8;8
"3276";3;4;6;9;10;12;15;16;19
"3277";3;4;6;8;8;8;8;8;8
"3278";3;4;6;8;8;8;8;8;8
"3279";3;4;6;8;8;8;8;8;8
"3280";3;4;6;8;8;8;8;8;8
"3281";3;4;6;8;8;8;8;8;8
"3282";3;4;6;9;10;12;15;16;19
"3283";3;4;6;9;10;12;15;16;19
"3284";3;4;6;9;10;12;15;16;19
"3285";3;4;6;9;10;12;15;16;19
"3286";3;4;6;8;8;8;8;8;8
"3287";3;4;6;8;8;8;8;8;8
"3288";3;4;6;9;10;12;15;16;19
"3289";3;4;6;8;8;8;8;8;8
"3290";3;4;6;9;10;12;15;16;19
"3291";3;4;6;9;10;12;15;16;19
"3292";2;2;2;2;2;2;2;2;2
"3293";2;2;2;2;2;2;2;2;2
"3294";3;4;6;9;10;12;15;16;19
"3295";3;4;6;9;10;12;15;16;19
"3296";3;4;6;9;10;12;15;16;19
"3297";3;4;6;9;10;12;15;16;19
"3298";3;4;6;9;10;12;15;16;19
"3299";3;4;6;9;10;12;15;16;19
"3300";3;4;6;8;8;8;8;8;8
"3301";3;4;6;8;8;8;8;8;8
"3302";3;4;6;9;10;12;15;16;19
"3303";3;4;6;9;10;12;15;16;19
"3304";3;4;6;9;10;13;13;13;13
"3305";3;4;6;9;10;12;15;16;19
"3306";3;4;6;8;8;8;8;8;8
"3307";3;4;6;9;10;13;13;13;13
"3308";3;4;6;9;10;12;15;16;19
"3309";3;4;6;9;10;12;15;16;19
"3310";3;4;6;8;8;8;8;8;8
"3311";3;4;6;9;10;12;15;16;19
"3312";3;4;6;9;10;12;15;16;19
"3313";3;4;6;9;10;12;15;16;19
"3314";3;4;6;9;10;12;15;16;19
"3315";3;4;6;9;10;12;15;16;19
"3316";3;4;6;9;10;12;15;16;19
"3317";3;4;6;8;8;8;8;8;8
"3318";3;4;6;9;10;13;13;13;13
"3319";3;4;6;9;10;12;15;16;19
"3320";3;4;6;9;10;13;13;13;13
"3321";3;4;6;9;10;13;13;13;13
"3322";3;5;5;5;5;5;5;5;5
"3323";3;4;6;9;10;13;13;13;13
"3324";3;5;5;5;5;5;5;5;5
"3325";3;4;6;9;10;13;13;13;13
"3326";3;5;5;5;5;5;5;5;5
"3327";3;4;6;9;10;13;13;13;13
"3328";3;4;6;9;10;13;13;13;13
"3329";3;4;6;9;10;12;15;16;19
"3330";3;4;6;9;10;13;13;13;13
"3331";3;4;6;9;10;12;15;16;19
"3332";3;4;6;9;10;13;13;13;13
"3333";3;4;6;9;10;13;13;13;13
"3334";3;4;6;9;10;13;13;13;13
"3335";3;4;6;9;10;13;13;13;13
"3336";3;4;6;9;10;13;13;13;13
"3337";3;4;6;9;10;12;15;16;19
"3338";3;4;6;9;10;13;13;13;13
"3339";2;2;2;2;2;2;2;2;2
"3340";2;2;2;2;2;2;2;2;2
"3341";2;2;2;2;2;2;2;2;2
"3342";3;4;6;9;10;12;15;16;19
"3343";3;4;6;9;10;13;13;13;13
"3344";3;4;6;9;10;13;13;13;13
"3345";3;4;6;9;10;13;13;13;13
"3346";3;4;6;9;10;12;15;16;19
"3347";3;4;6;9;10;12;15;16;19
"3348";3;4;6;9;10;12;15;16;19
"3349";3;4;6;9;10;12;15;16;19
"3350";3;4;6;9;10;12;15;16;19
"3351";3;4;6;9;10;13;13;13;13
"3352";3;4;6;9;10;13;13;13;13
"3353";3;4;6;8;8;8;8;8;8
"3354";3;4;6;9;10;13;13;13;13
"3355";3;4;6;9;10;13;13;13;13
"3356";3;4;6;9;10;13;13;13;13
"3357";3;4;6;9;10;12;15;16;18
"3358";3;4;7;7;7;7;7;7;7
"3359";3;4;7;7;7;7;7;7;7
"3360";3;4;7;7;7;7;7;7;7
"3361";3;4;7;7;7;7;7;7;7
"3362";3;4;7;7;7;7;7;7;7
"3363";3;4;7;7;7;7;7;7;7
"3364";3;4;7;7;7;7;7;7;7
"3365";3;4;6;9;10;12;15;16;19
"3366";3;4;7;7;7;7;7;7;7
"3367";3;4;7;7;7;7;7;7;7
"3368";3;4;7;7;7;7;7;7;7
"3369";3;4;7;7;7;7;7;7;7
"3370";3;4;7;7;7;7;7;7;7
"3371";3;4;6;9;10;12;15;16;19
"3372";3;4;6;9;10;12;15;16;19
"3373";3;4;6;9;10;12;15;16;19
"3374";3;4;7;7;7;7;7;7;7
"3375";3;4;7;7;7;7;7;7;7
"3376";3;4;7;7;7;7;7;7;7
"3377";3;4;6;9;10;12;15;16;19
"3378";3;4;6;9;10;12;15;16;19
"3379";3;4;6;9;10;12;15;16;19
"3380";3;4;7;7;7;7;7;7;7
"3381";3;4;7;7;7;7;7;7;7
"3382";3;4;7;7;7;7;7;7;7
"3383";3;4;6;9;10;12;15;16;19
"3384";3;4;7;7;7;7;7;7;7
"3385";3;4;7;7;7;7;7;7;7
"3386";3;4;7;7;7;7;7;7;7
"3387";3;4;7;7;7;7;7;7;7
"3388";3;4;7;7;7;7;7;7;7
"3389";3;4;7;7;7;7;7;7;7
"3390";3;4;7;7;7;7;7;7;7
"3391";3;4;7;7;7;7;7;7;7
"3392";3;4;6;9;10;12;15;16;19
"3393";3;4;7;7;7;7;7;7;7
"3394";3;4;7;7;7;7;7;7;7
"3395";3;4;7;7;7;7;7;7;7
"3396";3;4;7;7;7;7;7;7;7
"3397";3;4;7;7;7;7;7;7;7
"3398";3;4;7;7;7;7;7;7;7
"3399";3;4;7;7;7;7;7;7;7
"3400";3;4;7;7;7;7;7;7;7
"3401";3;4;7;7;7;7;7;7;7
"3402";3;4;7;7;7;7;7;7;7
"3403";3;4;7;7;7;7;7;7;7
"3404";3;4;7;7;7;7;7;7;7
"3405";3;4;7;7;7;7;7;7;7
"3406";3;4;7;7;7;7;7;7;7
"3407";3;4;7;7;7;7;7;7;7
"3408";3;4;7;7;7;7;7;7;7
"3409";3;4;7;7;7;7;7;7;7
"3410";3;4;7;7;7;7;7;7;7
"3411";3;4;7;7;7;7;7;7;7
"3412";3;4;7;7;7;7;7;7;7
"3413";3;4;7;7;7;7;7;7;7
"3414";3;4;7;7;7;7;7;7;7
"3415";3;4;7;7;7;7;7;7;7
"3416";3;4;7;7;7;7;7;7;7
"3417";3;4;7;7;7;7;7;7;7
"3418";3;4;7;7;7;7;7;7;7
"3419";3;4;7;7;7;7;7;7;7
"3420";3;4;7;7;7;7;7;7;7
"3421";3;4;7;7;7;7;7;7;7
"3422";3;4;7;7;7;7;7;7;7
"3423";3;4;7;7;7;7;7;7;7
"3424";3;4;7;7;7;7;7;7;7
"3425";3;4;7;7;7;7;7;7;7
"3426";3;4;6;9;10;12;15;16;19
"3427";3;4;7;7;7;7;7;7;7
"3428";3;4;7;7;7;7;7;7;7
"3429";3;4;7;7;7;7;7;7;7
"3430";3;4;7;7;7;7;7;7;7
"3431";3;4;7;7;7;7;7;7;7
"3432";3;4;7;7;7;7;7;7;7
"3433";3;4;6;9;10;12;15;16;19
"3434";3;4;7;7;7;7;7;7;7
"3435";3;4;7;7;7;7;7;7;7
"3436";3;4;7;7;7;7;7;7;7
"3437";3;4;7;7;7;7;7;7;7
"3438";3;4;7;7;7;7;7;7;7
"3439";3;4;7;7;7;7;7;7;7
"3440";3;4;7;7;7;7;7;7;7
"3441";3;4;7;7;7;7;7;7;7
"3442";3;4;7;7;7;7;7;7;7
"3443";3;4;7;7;7;7;7;7;7
"3444";3;4;7;7;7;7;7;7;7
"3445";3;4;7;7;7;7;7;7;7
"3446";3;4;7;7;7;7;7;7;7
"3447";3;4;7;7;7;7;7;7;7
"3448";3;4;7;7;7;7;7;7;7
"3449";3;4;7;7;7;7;7;7;7
"3450";3;4;6;9;10;12;15;16;19
"3451";3;4;6;9;10;12;15;16;19
"3452";3;4;7;7;7;7;7;7;7
"3453";3;4;7;7;7;7;7;7;7
"3454";3;4;6;9;10;12;15;16;19
"3455";3;4;7;7;7;7;7;7;7
"3456";3;4;7;7;7;7;7;7;7
"3457";3;4;7;7;7;7;7;7;7
"3458";3;4;7;7;7;7;7;7;7
"3459";3;4;7;7;7;7;7;7;7
"3460";3;4;7;7;7;7;7;7;7
"3461";3;4;7;7;7;7;7;7;7
"3462";3;4;7;7;7;7;7;7;7
"3463";3;4;7;7;7;7;7;7;7
"3464";3;4;7;7;7;7;7;7;7
"3465";3;4;7;7;7;7;7;7;7
"3466";3;4;7;7;7;7;7;7;7
"3467";3;4;7;7;7;7;7;7;7
"3468";3;4;7;7;7;7;7;7;7
"3469";3;4;7;7;7;7;7;7;7
"3470";3;4;7;7;7;7;7;7;7
"3471";3;4;7;7;7;7;7;7;7
"3472";3;4;7;7;7;7;7;7;7
"3473";3;4;7;7;7;7;7;7;7
"3474";3;4;7;7;7;7;7;7;7
"3475";3;4;7;7;7;7;7;7;7
"3476";3;4;7;7;7;7;7;7;7
"3477";3;4;7;7;7;7;7;7;7
"3478";3;4;7;7;7;7;7;7;7
"3479";3;4;7;7;7;7;7;7;7
"3480";3;4;7;7;7;7;7;7;7
"3481";3;4;7;7;7;7;7;7;7
"3482";3;5;5;5;5;5;5;5;5
"3483";3;4;7;7;7;7;7;7;7
"3484";3;4;7;7;7;7;7;7;7
"3485";3;4;7;7;7;7;7;7;7
"3486";3;4;7;7;7;7;7;7;7
"3487";3;4;7;7;7;7;7;7;7
"3488";3;4;7;7;7;7;7;7;7
"3489";3;4;7;7;7;7;7;7;7
"3490";3;4;7;7;7;7;7;7;7
"3491";3;4;7;7;7;7;7;7;7
"3492";3;4;7;7;7;7;7;7;7
"3493";3;4;7;7;7;7;7;7;7
"3494";3;4;7;7;7;7;7;7;7
"3495";3;4;6;8;8;8;8;8;8
"3496";3;4;7;7;7;7;7;7;7
"3497";3;4;7;7;7;7;7;7;7
"3498";3;4;7;7;7;7;7;7;7
"3499";3;4;7;7;7;7;7;7;7
"3500";3;4;7;7;7;7;7;7;7
"3501";3;4;7;7;7;7;7;7;7
"3502";3;4;7;7;7;7;7;7;7
"3503";3;4;7;7;7;7;7;7;7
"3504";3;4;7;7;7;7;7;7;7
"3505";3;4;7;7;7;7;7;7;7
"3506";3;4;7;7;7;7;7;7;7
"3507";3;4;7;7;7;7;7;7;7
"3508";3;4;7;7;7;7;7;7;7
"3509";3;4;7;7;7;7;7;7;7
"3510";3;4;7;7;7;7;7;7;7
"3511";3;4;7;7;7;7;7;7;7
"3512";3;4;7;7;7;7;7;7;7
"3513";3;4;7;7;7;7;7;7;7
"3514";3;4;7;7;7;7;7;7;7
"3515";3;4;7;7;7;7;7;7;7
"3516";3;4;7;7;7;7;7;7;7
"3517";3;4;7;7;7;7;7;7;7
"3518";3;4;7;7;7;7;7;7;7
"3519";3;4;7;7;7;7;7;7;7
"3520";3;4;7;7;7;7;7;7;7
"3521";3;4;7;7;7;7;7;7;7
"3522";3;4;7;7;7;7;7;7;7
"3523";3;4;7;7;7;7;7;7;7
"3524";3;4;7;7;7;7;7;7;7
"3525";3;4;7;7;7;7;7;7;7
"3526";3;4;7;7;7;7;7;7;7
"3527";3;4;7;7;7;7;7;7;7
"3528";3;4;7;7;7;7;7;7;7
"3529";3;4;7;7;7;7;7;7;7
"3530";3;4;7;7;7;7;7;7;7
"3531";3;4;7;7;7;7;7;7;7
"3532";3;4;7;7;7;7;7;7;7
"3533";3;4;7;7;7;7;7;7;7
"3534";3;4;7;7;7;7;7;7;7
"3535";3;4;7;7;7;7;7;7;7
"3536";3;4;6;9;10;12;15;16;19
"3537";3;4;6;9;10;12;15;16;19
"3538";3;4;7;7;7;7;7;7;7
"3539";3;4;7;7;7;7;7;7;7
"3540";3;4;7;7;7;7;7;7;7
"3541";3;4;7;7;7;7;7;7;7
"3542";3;4;7;7;7;7;7;7;7
"3543";3;4;7;7;7;7;7;7;7
"3544";3;4;7;7;7;7;7;7;7
"3545";3;4;7;7;7;7;7;7;7
"3546";3;4;6;9;10;12;15;16;19
"3547";3;5;5;5;5;5;5;5;5
"3548";3;4;6;9;10;12;15;16;19
"3549";3;4;6;9;10;12;15;16;19
"3550";3;4;6;9;10;12;15;16;19
"3551";3;5;5;5;5;5;5;5;5
"3552";3;4;6;9;10;12;15;16;19
"3553";3;4;6;8;8;8;8;8;8
"3554";3;4;6;8;8;8;8;8;8
"3555";3;4;6;8;8;8;8;8;8
"3556";3;4;6;8;8;8;8;8;8
"3557";3;4;6;8;8;8;8;8;8
"3558";3;5;5;5;5;5;5;5;5
"3559";3;4;6;8;8;8;8;8;8
"3560";3;4;6;8;8;8;8;8;8
"3561";3;4;6;8;8;8;8;8;8
"3562";3;4;6;8;8;8;8;8;8
"3563";3;4;6;8;8;8;8;8;8
"3564";3;4;6;9;10;12;15;16;19
"3565";3;4;6;9;10;12;15;16;19
"3566";3;5;5;5;5;5;5;5;5
"3567";3;5;5;5;5;5;5;5;5
"3568";3;5;5;5;5;5;5;5;5
"3569";3;4;6;9;10;12;15;16;19
"3570";3;5;5;5;5;5;5;5;5
"3571";3;5;5;5;5;5;5;5;5
"3572";3;5;5;5;5;5;5;5;5
"3573";3;5;5;5;5;5;5;5;5
"3574";3;4;6;9;10;12;15;16;19
"3575";3;5;5;5;5;5;5;5;5
"3576";3;5;5;5;5;5;5;5;5
"3577";3;5;5;5;5;5;5;5;5
"3578";3;5;5;5;5;5;5;5;5
"3579";3;5;5;5;5;5;5;5;5
"3580";3;5;5;5;5;5;5;5;5
"3581";3;5;5;5;5;5;5;5;5
"3582";3;5;5;5;5;5;5;5;5
"3583";3;5;5;5;5;5;5;5;5
"3584";3;5;5;5;5;5;5;5;5
"3585";3;5;5;5;5;5;5;5;5
"3586";3;4;7;7;7;7;7;7;7
"3587";3;4;6;9;10;12;15;16;19
"3588";3;5;5;5;5;5;5;5;5
"3589";3;5;5;5;5;5;5;5;5
"3590";3;4;6;9;10;12;15;16;19
"3591";3;5;5;5;5;5;5;5;5
"3592";3;4;6;9;10;12;15;16;19
"3593";3;4;6;9;10;12;15;16;18
"3594";3;4;6;9;10;12;15;16;19
"3595";3;4;6;9;10;12;15;16;19
"3596";3;4;6;9;10;12;15;16;19
"3597";3;4;6;9;10;12;15;16;18
"3598";3;4;7;7;7;7;7;7;7
"3599";3;4;7;7;7;7;7;7;7
"3600";3;4;7;7;7;7;7;7;7
"3601";3;4;7;7;7;7;7;7;7
"3602";3;4;7;7;7;7;7;7;7
"3603";3;4;7;7;7;7;7;7;7
"3604";3;4;7;7;7;7;7;7;7
"3605";3;4;6;9;10;12;15;16;19
"3606";3;4;6;9;10;12;15;16;19
"3607";3;4;6;9;10;12;15;16;19
"3608";3;4;7;7;7;7;7;7;7
"3609";3;4;7;7;7;7;7;7;7
"3610";3;4;7;7;7;7;7;7;7
"3611";3;4;6;9;10;12;15;16;19
"3612";3;4;7;7;7;7;7;7;7
"3613";3;4;7;7;7;7;7;7;7
"3614";3;4;7;7;7;7;7;7;7
"3615";3;4;7;7;7;7;7;7;7
"3616";3;4;7;7;7;7;7;7;7
"3617";3;4;7;7;7;7;7;7;7
"3618";3;4;7;7;7;7;7;7;7
"3619";3;4;7;7;7;7;7;7;7
"3620";3;4;7;7;7;7;7;7;7
"3621";3;4;7;7;7;7;7;7;7
"3622";3;4;6;9;10;12;15;16;19
"3623";3;4;7;7;7;7;7;7;7
"3624";3;4;7;7;7;7;7;7;7
"3625";3;4;7;7;7;7;7;7;7
"3626";3;4;7;7;7;7;7;7;7
"3627";3;4;7;7;7;7;7;7;7
"3628";3;4;7;7;7;7;7;7;7
"3629";3;4;7;7;7;7;7;7;7
"3630";3;4;7;7;7;7;7;7;7
"3631";3;4;7;7;7;7;7;7;7
"3632";3;4;7;7;7;7;7;7;7
"3633";3;4;6;9;10;12;15;16;19
"3634";3;4;7;7;7;7;7;7;7
"3635";3;4;6;9;10;12;15;16;19
"3636";3;4;7;7;7;7;7;7;7
"3637";3;4;7;7;7;7;7;7;7
"3638";3;4;7;7;7;7;7;7;7
"3639";3;4;7;7;7;7;7;7;7
"3640";3;4;6;9;10;12;15;16;19
"3641";3;4;7;7;7;7;7;7;7
"3642";3;4;6;9;10;12;15;16;19
"3643";3;4;6;9;10;12;15;16;19
"3644";3;4;6;9;10;12;15;16;19
"3645";3;4;6;9;10;12;15;16;19
"3646";3;4;6;8;8;8;8;8;8
"3647";3;4;6;9;10;12;15;16;19
"3648";3;4;7;7;7;7;7;7;7
"3649";3;4;6;9;10;12;15;16;19
"3650";3;4;7;7;7;7;7;7;7
"3651";3;4;7;7;7;7;7;7;7
"3652";3;4;7;7;7;7;7;7;7
"3653";3;4;7;7;7;7;7;7;7
"3654";3;4;6;9;10;12;15;16;19
"3655";3;4;7;7;7;7;7;7;7
"3656";3;4;7;7;7;7;7;7;7
"3657";3;4;7;7;7;7;7;7;7
"3658";3;4;7;7;7;7;7;7;7
"3659";3;4;7;7;7;7;7;7;7
"3660";3;4;7;7;7;7;7;7;7
"3661";3;4;7;7;7;7;7;7;7
"3662";3;4;6;9;10;12;15;16;19
"3663";3;4;6;9;10;12;15;16;19
"3664";3;4;7;7;7;7;7;7;7
"3665";3;4;6;9;10;12;15;16;19
"3666";3;4;6;9;10;12;15;16;19
"3667";3;4;6;9;10;12;15;16;19
"3668";3;4;6;9;10;12;15;16;19
"3669";3;4;6;9;10;12;15;16;19
"3670";3;4;7;7;7;7;7;7;7
"3671";3;4;7;7;7;7;7;7;7
"3672";3;4;6;8;8;8;8;8;8
"3673";3;4;6;9;10;12;15;16;19
"3674";3;4;6;9;10;12;15;16;19
"3675";3;4;6;9;10;12;15;16;19
"3676";3;4;6;9;10;12;15;16;19
"3677";3;4;6;9;10;12;15;16;19
"3678";3;4;6;9;10;12;15;16;19
"3679";3;4;7;7;7;7;7;7;7
"3680";3;4;7;7;7;7;7;7;7
"3681";3;4;7;7;7;7;7;7;7
"3682";3;4;6;9;10;12;15;16;19
"3683";3;4;6;9;10;12;15;16;19
"3684";3;4;6;9;10;12;15;16;19
"3685";3;4;7;7;7;7;7;7;7
"3686";3;4;6;9;10;12;15;16;19
"3687";3;4;7;7;7;7;7;7;7
"3688";3;4;7;7;7;7;7;7;7
"3689";3;4;7;7;7;7;7;7;7
"3690";3;4;7;7;7;7;7;7;7
"3691";3;4;7;7;7;7;7;7;7
"3692";3;4;7;7;7;7;7;7;7
"3693";3;4;7;7;7;7;7;7;7
"3694";3;4;7;7;7;7;7;7;7
"3695";3;4;7;7;7;7;7;7;7
"3696";3;4;7;7;7;7;7;7;7
"3697";3;4;7;7;7;7;7;7;7
"3698";3;4;7;7;7;7;7;7;7
"3699";3;4;7;7;7;7;7;7;7
"3700";3;4;7;7;7;7;7;7;7
"3701";3;4;7;7;7;7;7;7;7
"3702";3;4;7;7;7;7;7;7;7
"3703";3;4;7;7;7;7;7;7;7
"3704";3;4;7;7;7;7;7;7;7
"3705";3;4;7;7;7;7;7;7;7
"3706";3;4;7;7;7;7;7;7;7
"3707";3;4;7;7;7;7;7;7;7
"3708";3;4;7;7;7;7;7;7;7
"3709";3;4;6;9;10;12;15;16;19
"3710";3;5;5;5;5;5;5;5;5
"3711";3;4;6;9;10;12;15;16;19
"3712";3;4;6;9;10;12;15;16;19
"3713";3;4;6;9;10;12;15;16;19
"3714";3;5;5;5;5;5;5;5;5
"3715";3;4;6;9;10;12;15;16;19
"3716";3;4;6;9;10;12;15;16;19
"3717";3;4;6;9;10;12;15;16;19
"3718";3;4;6;9;10;12;15;16;19
"3719";3;4;6;9;10;12;15;16;19
"3720";3;4;6;9;10;12;15;16;19
"3721";3;4;6;9;10;12;15;16;19
"3722";3;4;6;9;10;12;15;16;19
"3723";3;4;6;9;10;12;15;16;19
"3724";3;4;6;9;10;12;15;16;19
"3725";3;4;6;9;10;12;15;16;19
"3726";3;4;6;9;10;12;15;16;19
"3727";3;4;6;9;10;12;15;16;19
"3728";3;4;6;9;10;12;15;16;19
"3729";3;4;6;9;10;12;15;16;19
"3730";3;4;6;9;10;12;15;16;19
"3731";3;4;6;8;8;8;8;8;8
"3732";3;4;6;9;10;12;15;16;19
"3733";3;4;7;7;7;7;7;7;7
"3734";3;4;6;9;10;12;15;16;19
"3735";3;4;6;9;10;12;15;16;19
"3736";3;4;6;9;10;12;15;16;19
"3737";3;4;6;9;10;12;15;16;19
"3738";3;4;6;9;10;12;15;16;19
"3739";3;4;6;8;8;8;8;8;8
"3740";3;4;6;9;10;12;15;16;19
"3741";3;5;5;5;5;5;5;5;5
"3742";3;4;6;9;10;12;15;16;19
"3743";3;4;6;9;10;12;15;16;19
"3744";3;4;6;9;10;12;15;16;19
"3745";3;4;6;9;10;12;15;16;19
"3746";3;4;6;8;8;8;8;8;8
"3747";3;4;6;8;8;8;8;8;8
"3748";3;4;6;8;8;8;8;8;8
"3749";3;4;6;8;8;8;8;8;8
"3750";3;5;5;5;5;5;5;5;5
"3751";3;4;6;9;10;12;15;16;19
"3752";3;4;6;9;10;12;15;16;19
"3753";3;4;6;8;8;8;8;8;8
"3754";3;4;6;8;8;8;8;8;8
"3755";3;4;6;8;8;8;8;8;8
"3756";3;4;6;9;10;12;15;16;19
"3757";3;4;6;9;10;12;15;16;19
"3758";3;4;6;9;10;12;15;16;19
"3759";3;4;6;9;10;12;15;16;19
"3760";3;4;6;9;10;12;15;16;19
"3761";3;4;6;9;10;12;15;16;19
"3762";3;4;6;9;10;12;15;16;19
"3763";3;4;6;9;10;12;15;16;19
"3764";3;4;6;8;8;8;8;8;8
"3765";3;4;6;9;10;12;15;16;19
"3766";3;4;6;9;10;12;15;16;19
"3767";3;4;6;9;10;12;15;16;19
"3768";3;4;6;9;10;12;15;16;19
"3769";3;4;6;9;10;12;15;16;19
"3770";3;4;6;9;10;12;15;16;19
"3771";3;4;6;9;10;12;15;16;19
"3772";3;4;6;8;8;8;8;8;8
"3773";3;4;6;9;10;12;15;16;19
"3774";3;4;6;9;10;12;15;16;19
"3775";3;5;5;5;5;5;5;5;5
"3776";3;4;6;9;10;12;15;16;19
"3777";3;4;6;9;10;12;15;16;19
"3778";3;4;6;9;10;12;15;16;19
"3779";3;4;6;9;10;12;15;16;19
"3780";3;4;6;9;10;12;15;16;19
"3781";3;4;6;9;10;12;15;16;19
"3782";3;4;6;9;10;12;15;16;19
"3783";3;4;6;9;10;12;15;16;19
"3784";3;4;6;9;10;12;15;16;19
"3785";3;4;6;9;10;12;15;16;19
"3786";3;4;6;9;10;12;15;16;19
"3787";3;4;6;9;10;12;15;16;19
"3788";3;4;7;7;7;7;7;7;7
"3789";3;4;7;7;7;7;7;7;7
"3790";3;4;7;7;7;7;7;7;7
"3791";3;4;6;9;10;12;15;16;19
"3792";3;4;6;9;10;12;15;16;19
"3793";3;4;7;7;7;7;7;7;7
"3794";3;4;7;7;7;7;7;7;7
"3795";3;4;7;7;7;7;7;7;7
"3796";3;4;6;9;10;12;15;16;19
"3797";3;4;7;7;7;7;7;7;7
"3798";3;4;6;8;8;8;8;8;8
"3799";3;5;5;5;5;5;5;5;5
"3800";3;4;7;7;7;7;7;7;7
"3801";3;4;6;9;10;12;15;16;19
"3802";3;4;7;7;7;7;7;7;7
"3803";3;4;7;7;7;7;7;7;7
"3804";3;4;7;7;7;7;7;7;7
"3805";3;4;6;9;10;12;15;16;19
"3806";3;4;7;7;7;7;7;7;7
"3807";3;4;7;7;7;7;7;7;7
"3808";3;4;7;7;7;7;7;7;7
"3809";3;4;7;7;7;7;7;7;7
"3810";3;4;7;7;7;7;7;7;7
"3811";3;4;7;7;7;7;7;7;7
"3812";3;4;7;7;7;7;7;7;7
"3813";3;4;7;7;7;7;7;7;7
"3814";3;4;7;7;7;7;7;7;7
"3815";3;4;6;9;10;12;15;16;19
"3816";3;4;7;7;7;7;7;7;7
"3817";3;4;7;7;7;7;7;7;7
"3818";3;4;7;7;7;7;7;7;7
"3819";3;4;7;7;7;7;7;7;7
"3820";3;4;7;7;7;7;7;7;7
"3821";3;4;7;7;7;7;7;7;7
"3822";3;4;7;7;7;7;7;7;7
"3823";3;4;7;7;7;7;7;7;7
"3824";3;4;7;7;7;7;7;7;7
"3825";3;4;7;7;7;7;7;7;7
"3826";3;4;7;7;7;7;7;7;7
"3827";3;4;7;7;7;7;7;7;7
"3828";3;4;7;7;7;7;7;7;7
"3829";3;4;7;7;7;7;7;7;7
"3830";3;4;7;7;7;7;7;7;7
"3831";3;4;7;7;7;7;7;7;7
"3832";3;4;7;7;7;7;7;7;7
"3833";3;4;6;9;10;12;15;16;19
"3834";3;4;6;9;10;12;15;16;19
"3835";3;4;6;9;10;12;15;16;19
"3836";3;4;7;7;7;7;7;7;7
"3837";3;4;7;7;7;7;7;7;7
"3838";3;4;7;7;7;7;7;7;7
"3839";3;4;7;7;7;7;7;7;7
"3840";3;4;7;7;7;7;7;7;7
"3841";3;4;6;9;10;12;15;16;19
"3842";3;4;7;7;7;7;7;7;7
"3843";3;4;7;7;7;7;7;7;7
"3844";3;4;7;7;7;7;7;7;7
"3845";3;4;7;7;7;7;7;7;7
"3846";3;4;7;7;7;7;7;7;7
"3847";3;4;7;7;7;7;7;7;7
"3848";3;4;7;7;7;7;7;7;7
"3849";3;4;7;7;7;7;7;7;7
"3850";3;4;7;7;7;7;7;7;7
"3851";3;4;7;7;7;7;7;7;7
"3852";3;4;7;7;7;7;7;7;7
"3853";3;4;7;7;7;7;7;7;7
"3854";3;4;7;7;7;7;7;7;7
"3855";3;4;7;7;7;7;7;7;7
"3856";3;4;7;7;7;7;7;7;7
"3857";3;4;7;7;7;7;7;7;7
"3858";3;4;7;7;7;7;7;7;7
"3859";3;4;7;7;7;7;7;7;7
"3860";3;4;7;7;7;7;7;7;7
"3861";3;4;7;7;7;7;7;7;7
"3862";3;4;7;7;7;7;7;7;7
"3863";3;4;7;7;7;7;7;7;7
"3864";3;4;7;7;7;7;7;7;7
"3865";3;4;7;7;7;7;7;7;7
"3866";3;4;7;7;7;7;7;7;7
"3867";3;4;7;7;7;7;7;7;7
"3868";3;4;7;7;7;7;7;7;7
"3869";3;4;6;9;10;12;15;16;19
"3870";3;4;7;7;7;7;7;7;7
"3871";3;4;7;7;7;7;7;7;7
"3872";3;4;7;7;7;7;7;7;7
"3873";3;4;7;7;7;7;7;7;7
"3874";3;4;7;7;7;7;7;7;7
"3875";3;4;7;7;7;7;7;7;7
"3876";3;4;6;9;10;12;15;16;19
"3877";3;4;6;9;10;12;15;16;19
"3878";3;4;7;7;7;7;7;7;7
"3879";3;4;7;7;7;7;7;7;7
"3880";3;4;6;9;10;12;15;16;19
"3881";3;4;7;7;7;7;7;7;7
"3882";3;4;6;9;10;12;15;16;19
"3883";3;4;6;8;8;8;8;8;8
"3884";3;4;7;7;7;7;7;7;7
"3885";3;4;6;9;10;12;15;16;19
"3886";3;4;7;7;7;7;7;7;7
"3887";3;4;7;7;7;7;7;7;7
"3888";3;4;7;7;7;7;7;7;7
"3889";3;4;7;7;7;7;7;7;7
"3890";3;4;7;7;7;7;7;7;7
"3891";3;4;7;7;7;7;7;7;7
"3892";3;4;7;7;7;7;7;7;7
"3893";3;4;7;7;7;7;7;7;7
"3894";3;4;7;7;7;7;7;7;7
"3895";3;4;6;9;10;12;15;16;19
"3896";3;4;7;7;7;7;7;7;7
"3897";3;4;7;7;7;7;7;7;7
"3898";3;4;7;7;7;7;7;7;7
"3899";3;4;6;9;10;12;15;16;19
"3900";3;4;7;7;7;7;7;7;7
"3901";3;4;6;9;10;12;15;16;19
"3902";3;4;7;7;7;7;7;7;7
"3903";3;4;6;9;10;12;15;16;19
"3904";3;4;7;7;7;7;7;7;7
"3905";3;5;5;5;5;5;5;5;5
"3906";3;4;7;7;7;7;7;7;7
"3907";3;4;7;7;7;7;7;7;7
"3908";3;4;7;7;7;7;7;7;7
"3909";3;4;7;7;7;7;7;7;7
"3910";3;4;7;7;7;7;7;7;7
"3911";3;4;6;9;10;12;15;16;19
"3912";3;4;7;7;7;7;7;7;7
"3913";3;4;7;7;7;7;7;7;7
"3914";3;4;7;7;7;7;7;7;7
"3915";3;4;7;7;7;7;7;7;7
"3916";3;4;6;9;10;12;15;16;19
"3917";3;4;7;7;7;7;7;7;7
"3918";3;4;7;7;7;7;7;7;7
"3919";3;4;7;7;7;7;7;7;7
"3920";3;4;7;7;7;7;7;7;7
"3921";3;4;7;7;7;7;7;7;7
"3922";3;4;7;7;7;7;7;7;7
"3923";3;4;7;7;7;7;7;7;7
"3924";3;4;7;7;7;7;7;7;7
"3925";3;4;7;7;7;7;7;7;7
"3926";3;4;7;7;7;7;7;7;7
"3927";3;4;7;7;7;7;7;7;7
"3928";3;4;7;7;7;7;7;7;7
"3929";3;4;7;7;7;7;7;7;7
"3930";3;4;7;7;7;7;7;7;7
"3931";3;4;7;7;7;7;7;7;7
"3932";3;4;7;7;7;7;7;7;7
"3933";3;4;7;7;7;7;7;7;7
"3934";3;4;7;7;7;7;7;7;7
"3935";3;4;7;7;7;7;7;7;7
"3936";3;4;7;7;7;7;7;7;7
"3937";3;4;7;7;7;7;7;7;7
"3938";3;4;7;7;7;7;7;7;7
"3939";3;4;7;7;7;7;7;7;7
"3940";3;4;7;7;7;7;7;7;7
"3941";3;4;7;7;7;7;7;7;7
"3942";3;4;7;7;7;7;7;7;7
"3943";3;4;7;7;7;7;7;7;7
"3944";3;4;7;7;7;7;7;7;7
"3945";3;4;7;7;7;7;7;7;7
"3946";3;4;7;7;7;7;7;7;7
"3947";3;4;7;7;7;7;7;7;7
"3948";3;4;7;7;7;7;7;7;7
"3949";3;4;7;7;7;7;7;7;7
"3950";3;4;7;7;7;7;7;7;7
"3951";3;4;7;7;7;7;7;7;7
"3952";3;4;7;7;7;7;7;7;7
"3953";3;4;7;7;7;7;7;7;7
"3954";3;4;7;7;7;7;7;7;7
"3955";3;4;7;7;7;7;7;7;7
"3956";3;4;7;7;7;7;7;7;7
"3957";3;4;7;7;7;7;7;7;7
"3958";3;4;7;7;7;7;7;7;7
"3959";3;4;6;9;10;12;15;16;19
"3960";3;4;7;7;7;7;7;7;7
"3961";3;4;7;7;7;7;7;7;7
"3962";3;4;7;7;7;7;7;7;7
"3963";3;4;7;7;7;7;7;7;7
"3964";3;4;7;7;7;7;7;7;7
"3965";3;4;7;7;7;7;7;7;7
"3966";3;4;7;7;7;7;7;7;7
"3967";3;4;7;7;7;7;7;7;7
"3968";3;4;7;7;7;7;7;7;7
"3969";3;4;6;9;10;12;15;16;19
"3970";3;4;7;7;7;7;7;7;7
"3971";3;4;7;7;7;7;7;7;7
"3972";3;4;7;7;7;7;7;7;7
"3973";3;4;7;7;7;7;7;7;7
"3974";3;4;7;7;7;7;7;7;7
"3975";3;4;7;7;7;7;7;7;7
"3976";3;4;7;7;7;7;7;7;7
"3977";3;4;7;7;7;7;7;7;7
"3978";3;4;7;7;7;7;7;7;7
"3979";3;4;7;7;7;7;7;7;7
"3980";3;4;7;7;7;7;7;7;7
"3981";3;4;7;7;7;7;7;7;7
"3982";3;4;7;7;7;7;7;7;7
"3983";3;4;7;7;7;7;7;7;7
"3984";3;4;7;7;7;7;7;7;7
"3985";3;4;7;7;7;7;7;7;7
"3986";3;4;7;7;7;7;7;7;7
"3987";3;4;7;7;7;7;7;7;7
"3988";3;4;7;7;7;7;7;7;7
"3989";3;5;5;5;5;5;5;5;5
"3990";3;4;7;7;7;7;7;7;7
"3991";3;4;7;7;7;7;7;7;7
"3992";3;4;7;7;7;7;7;7;7
"3993";3;4;7;7;7;7;7;7;7
"3994";3;4;7;7;7;7;7;7;7
"3995";3;4;7;7;7;7;7;7;7
"3996";3;4;7;7;7;7;7;7;7
"3997";3;4;7;7;7;7;7;7;7
"3998";3;4;6;8;8;8;8;8;8
"3999";3;4;7;7;7;7;7;7;7
"4000";3;4;7;7;7;7;7;7;7
"4001";3;4;7;7;7;7;7;7;7
"4002";3;4;7;7;7;7;7;7;7
"4003";3;4;7;7;7;7;7;7;7
"4004";3;4;7;7;7;7;7;7;7
"4005";3;4;7;7;7;7;7;7;7
"4006";3;4;7;7;7;7;7;7;7
"4007";3;4;7;7;7;7;7;7;7
"4008";3;4;7;7;7;7;7;7;7
"4009";3;4;7;7;7;7;7;7;7
"4010";3;4;7;7;7;7;7;7;7
"4011";3;4;7;7;7;7;7;7;7
"4012";3;4;7;7;7;7;7;7;7
"4013";3;4;7;7;7;7;7;7;7
"4014";3;4;7;7;7;7;7;7;7
"4015";3;4;7;7;7;7;7;7;7
"4016";3;4;7;7;7;7;7;7;7
"4017";3;4;7;7;7;7;7;7;7
"4018";3;4;7;7;7;7;7;7;7
"4019";3;4;7;7;7;7;7;7;7
"4020";3;4;7;7;7;7;7;7;7
"4021";3;4;7;7;7;7;7;7;7
"4022";3;4;7;7;7;7;7;7;7
"4023";3;4;7;7;7;7;7;7;7
"4024";3;4;7;7;7;7;7;7;7
"4025";3;4;7;7;7;7;7;7;7
"4026";3;4;7;7;7;7;7;7;7
"4027";3;4;7;7;7;7;7;7;7
"4028";3;4;7;7;7;7;7;7;7
"4029";3;4;7;7;7;7;7;7;7
"4030";3;4;7;7;7;7;7;7;7
"4031";3;4;7;7;7;7;7;7;7
"4032";3;4;7;7;7;7;7;7;7
"4033";3;4;7;7;7;7;7;7;7
"4034";3;4;7;7;7;7;7;7;7
"4035";3;4;7;7;7;7;7;7;7
"4036";3;4;6;9;10;12;15;16;19
"4037";3;4;7;7;7;7;7;7;7
"4038";3;4;7;7;7;7;7;7;7
"4039";3;4;7;7;7;7;7;7;7
"4040";3;4;7;7;7;7;7;7;7
"4041";3;4;7;7;7;7;7;7;7
"4042";3;4;7;7;7;7;7;7;7
"4043";3;4;7;7;7;7;7;7;7
"4044";3;4;7;7;7;7;7;7;7
"4045";3;4;7;7;7;7;7;7;7
"4046";3;4;7;7;7;7;7;7;7
"4047";3;4;7;7;7;7;7;7;7
"4048";3;4;7;7;7;7;7;7;7
"4049";3;4;7;7;7;7;7;7;7
"4050";3;4;7;7;7;7;7;7;7
"4051";3;4;7;7;7;7;7;7;7
"4052";3;4;7;7;7;7;7;7;7
"4053";3;4;7;7;7;7;7;7;7
"4054";3;4;7;7;7;7;7;7;7
"4055";3;4;7;7;7;7;7;7;7
"4056";3;4;7;7;7;7;7;7;7
"4057";3;4;7;7;7;7;7;7;7
"4058";3;4;6;9;10;12;15;16;19
"4059";3;4;7;7;7;7;7;7;7
"4060";3;4;6;9;10;12;15;16;19
"4061";3;4;7;7;7;7;7;7;7
"4062";3;4;7;7;7;7;7;7;7
"4063";3;4;7;7;7;7;7;7;7
"4064";3;4;6;9;10;12;15;16;19
"4065";3;4;7;7;7;7;7;7;7
"4066";3;4;7;7;7;7;7;7;7
"4067";3;4;7;7;7;7;7;7;7
"4068";3;4;7;7;7;7;7;7;7
"4069";3;4;7;7;7;7;7;7;7
"4070";3;4;7;7;7;7;7;7;7
"4071";3;4;7;7;7;7;7;7;7
"4072";3;4;7;7;7;7;7;7;7
"4073";3;4;7;7;7;7;7;7;7
"4074";3;4;7;7;7;7;7;7;7
"4075";3;4;7;7;7;7;7;7;7
"4076";3;4;7;7;7;7;7;7;7
"4077";3;4;6;9;10;12;15;16;19
"4078";3;4;7;7;7;7;7;7;7
"4079";3;4;7;7;7;7;7;7;7
"4080";3;4;7;7;7;7;7;7;7
"4081";3;4;7;7;7;7;7;7;7
"4082";3;4;7;7;7;7;7;7;7
"4083";3;4;7;7;7;7;7;7;7
"4084";3;4;7;7;7;7;7;7;7
"4085";3;4;7;7;7;7;7;7;7
"4086";3;4;7;7;7;7;7;7;7
"4087";3;4;7;7;7;7;7;7;7
"4088";3;4;7;7;7;7;7;7;7
"4089";3;4;7;7;7;7;7;7;7
"4090";3;4;6;8;8;8;8;8;8
"4091";3;4;6;9;10;12;15;16;18
"4092";3;4;6;9;10;12;15;16;19
"4093";3;4;6;9;10;12;15;16;19
"4094";3;4;6;9;10;12;15;16;19
"4095";3;5;5;5;5;5;5;5;5
"4096";3;4;6;9;10;12;15;16;19
"4097";3;4;6;9;10;12;15;16;19
"4098";3;4;6;8;8;8;8;8;8
"4099";3;4;6;8;8;8;8;8;8
"4100";3;4;6;9;10;12;15;16;19
"4101";3;4;6;9;10;12;15;16;19
"4102";3;4;7;7;7;7;7;7;7
"4103";3;4;6;9;10;12;15;16;18
"4104";3;4;7;7;7;7;7;7;7
"4105";3;4;6;8;8;8;8;8;8
"4106";3;4;7;7;7;7;7;7;7
"4107";3;4;7;7;7;7;7;7;7
"4108";3;4;7;7;7;7;7;7;7
"4109";3;4;7;7;7;7;7;7;7
"4110";3;4;7;7;7;7;7;7;7
"4111";3;4;7;7;7;7;7;7;7
"4112";3;4;7;7;7;7;7;7;7
"4113";3;4;6;9;10;12;15;16;19
"4114";3;4;6;9;10;12;15;16;19
"4115";3;4;6;9;10;12;15;16;19
"4116";3;4;6;9;10;12;15;16;19
"4117";3;4;7;7;7;7;7;7;7
"4118";3;4;6;9;10;12;15;16;19
"4119";3;4;7;7;7;7;7;7;7
"4120";3;4;7;7;7;7;7;7;7
"4121";3;4;7;7;7;7;7;7;7
"4122";3;4;6;9;10;12;15;16;19
"4123";3;4;6;9;10;12;15;16;19
"4124";3;4;6;9;10;12;15;16;19
"4125";3;4;7;7;7;7;7;7;7
"4126";3;4;7;7;7;7;7;7;7
"4127";3;4;7;7;7;7;7;7;7
"4128";3;4;6;9;10;12;15;16;19
"4129";3;4;7;7;7;7;7;7;7
"4130";3;4;7;7;7;7;7;7;7
"4131";3;5;5;5;5;5;5;5;5
"4132";3;4;7;7;7;7;7;7;7
"4133";3;4;6;9;10;12;15;16;19
"4134";3;4;6;9;10;12;15;16;19
"4135";3;4;7;7;7;7;7;7;7
"4136";3;5;5;5;5;5;5;5;5
"4137";3;4;6;9;10;12;15;16;19
"4138";3;4;6;9;10;12;15;16;19
"4139";3;4;6;9;10;12;15;16;19
"4140";3;4;7;7;7;7;7;7;7
"4141";3;4;7;7;7;7;7;7;7
"4142";3;4;7;7;7;7;7;7;7
"4143";3;4;7;7;7;7;7;7;7
"4144";3;4;7;7;7;7;7;7;7
"4145";3;4;7;7;7;7;7;7;7
"4146";3;4;7;7;7;7;7;7;7
"4147";3;4;7;7;7;7;7;7;7
"4148";3;4;7;7;7;7;7;7;7
"4149";3;4;7;7;7;7;7;7;7
"4150";3;4;7;7;7;7;7;7;7
"4151";3;4;6;9;10;12;15;16;19
"4152";3;4;6;9;10;12;15;16;19
"4153";3;4;6;9;10;12;15;16;18
"4154";3;4;7;7;7;7;7;7;7
"4155";3;4;7;7;7;7;7;7;7
"4156";3;4;6;9;10;12;15;16;19
"4157";3;4;7;7;7;7;7;7;7
"4158";3;4;7;7;7;7;7;7;7
"4159";3;4;6;9;10;12;15;16;19
"4160";3;5;5;5;5;5;5;5;5
"4161";3;4;7;7;7;7;7;7;7
"4162";3;4;6;9;10;12;15;16;19
"4163";3;4;6;9;10;12;15;16;19
"4164";3;4;6;9;10;12;15;16;19
"4165";3;4;6;9;10;12;15;16;19
"4166";3;4;7;7;7;7;7;7;7
"4167";3;4;7;7;7;7;7;7;7
"4168";3;4;7;7;7;7;7;7;7
"4169";3;4;7;7;7;7;7;7;7
"4170";3;4;7;7;7;7;7;7;7
"4171";3;4;7;7;7;7;7;7;7
"4172";3;4;7;7;7;7;7;7;7
"4173";3;4;7;7;7;7;7;7;7
"4174";3;4;7;7;7;7;7;7;7
"4175";3;4;7;7;7;7;7;7;7
"4176";3;4;7;7;7;7;7;7;7
"4177";3;4;7;7;7;7;7;7;7
"4178";3;4;7;7;7;7;7;7;7
"4179";3;4;7;7;7;7;7;7;7
"4180";3;4;6;9;10;12;15;16;19
"4181";3;4;6;9;10;12;15;16;19
"4182";3;4;6;9;10;12;15;16;19
"4183";3;4;6;9;10;12;15;16;19
"4184";3;4;6;8;8;8;8;8;8
"4185";3;4;6;9;10;12;15;16;19
"4186";3;4;6;9;10;12;15;16;19
"4187";3;4;6;8;8;8;8;8;8
"4188";3;4;6;8;8;8;8;8;8
"4189";3;4;6;8;8;8;8;8;8
"4190";3;4;6;9;10;12;15;16;19
"4191";3;4;6;9;10;12;15;16;19
"4192";3;4;7;7;7;7;7;7;7
"4193";3;4;6;9;10;12;15;16;19
"4194";3;4;6;9;10;12;15;16;19
"4195";3;4;7;7;7;7;7;7;7
"4196";3;4;7;7;7;7;7;7;7
"4197";3;4;7;7;7;7;7;7;7
"4198";3;4;7;7;7;7;7;7;7
"4199";3;4;7;7;7;7;7;7;7
"4200";3;4;7;7;7;7;7;7;7
"4201";3;4;7;7;7;7;7;7;7
"4202";3;4;7;7;7;7;7;7;7
"4203";3;4;7;7;7;7;7;7;7
"4204";3;4;7;7;7;7;7;7;7
"4205";3;4;7;7;7;7;7;7;7
"4206";3;4;6;9;10;12;15;16;19
"4207";3;4;7;7;7;7;7;7;7
"4208";3;4;7;7;7;7;7;7;7
"4209";3;4;7;7;7;7;7;7;7
"4210";3;4;7;7;7;7;7;7;7
"4211";3;4;7;7;7;7;7;7;7
"4212";3;4;7;7;7;7;7;7;7
"4213";3;4;7;7;7;7;7;7;7
"4214";3;4;7;7;7;7;7;7;7
"4215";3;4;7;7;7;7;7;7;7
"4216";3;4;7;7;7;7;7;7;7
"4217";3;4;7;7;7;7;7;7;7
"4218";3;4;7;7;7;7;7;7;7
"4219";3;4;7;7;7;7;7;7;7
"4220";3;4;7;7;7;7;7;7;7
"4221";3;4;7;7;7;7;7;7;7
"4222";3;4;7;7;7;7;7;7;7
"4223";3;4;7;7;7;7;7;7;7
"4224";3;4;6;9;10;12;15;16;19
"4225";3;4;7;7;7;7;7;7;7
"4226";3;4;7;7;7;7;7;7;7
"4227";3;4;6;9;10;12;15;16;19
"4228";3;4;7;7;7;7;7;7;7
"4229";3;4;7;7;7;7;7;7;7
"4230";3;4;6;9;10;12;15;16;19
"4231";3;4;7;7;7;7;7;7;7
"4232";3;4;6;9;10;12;15;16;19
"4233";3;4;6;9;10;12;15;16;19
"4234";3;4;6;9;10;12;15;16;19
"4235";3;4;6;9;10;12;15;16;19
"4236";3;4;6;9;10;12;15;16;19
"4237";3;4;6;9;10;12;15;16;19
"4238";3;4;7;7;7;7;7;7;7
"4239";3;4;6;9;10;12;15;16;19
"4240";3;4;7;7;7;7;7;7;7
"4241";3;4;7;7;7;7;7;7;7
"4242";3;4;7;7;7;7;7;7;7
"4243";3;4;7;7;7;7;7;7;7
"4244";3;4;7;7;7;7;7;7;7
"4245";3;4;7;7;7;7;7;7;7
"4246";3;4;7;7;7;7;7;7;7
"4247";3;4;6;9;10;12;15;16;19
"4248";3;4;6;9;10;12;15;16;19
"4249";3;4;7;7;7;7;7;7;7
"4250";3;4;7;7;7;7;7;7;7
"4251";3;4;7;7;7;7;7;7;7
"4252";3;4;7;7;7;7;7;7;7
"4253";3;4;6;9;10;12;15;16;19
"4254";3;4;7;7;7;7;7;7;7
"4255";3;4;7;7;7;7;7;7;7
"4256";3;4;7;7;7;7;7;7;7
"4257";3;4;7;7;7;7;7;7;7
"4258";3;4;7;7;7;7;7;7;7
"4259";3;4;7;7;7;7;7;7;7
"4260";3;4;7;7;7;7;7;7;7
"4261";3;4;7;7;7;7;7;7;7
"4262";3;4;7;7;7;7;7;7;7
"4263";3;4;7;7;7;7;7;7;7
"4264";3;4;7;7;7;7;7;7;7
"4265";3;4;7;7;7;7;7;7;7
"4266";3;4;7;7;7;7;7;7;7
"4267";3;4;7;7;7;7;7;7;7
"4268";3;4;7;7;7;7;7;7;7
"4269";3;4;6;9;10;12;15;16;19
"4270";3;4;7;7;7;7;7;7;7
"4271";3;4;7;7;7;7;7;7;7
"4272";3;4;7;7;7;7;7;7;7
"4273";3;4;7;7;7;7;7;7;7
"4274";3;4;7;7;7;7;7;7;7
"4275";3;4;7;7;7;7;7;7;7
"4276";3;4;7;7;7;7;7;7;7
"4277";3;4;7;7;7;7;7;7;7
"4278";3;4;7;7;7;7;7;7;7
"4279";3;4;7;7;7;7;7;7;7
"4280";3;4;7;7;7;7;7;7;7
"4281";3;4;7;7;7;7;7;7;7
"4282";3;4;7;7;7;7;7;7;7
"4283";3;4;7;7;7;7;7;7;7
"4284";3;4;7;7;7;7;7;7;7
"4285";3;4;7;7;7;7;7;7;7
"4286";3;4;7;7;7;7;7;7;7
"4287";3;4;7;7;7;7;7;7;7
"4288";3;4;7;7;7;7;7;7;7
"4289";3;4;7;7;7;7;7;7;7
"4290";3;4;7;7;7;7;7;7;7
"4291";3;4;7;7;7;7;7;7;7
"4292";3;4;7;7;7;7;7;7;7
"4293";3;4;7;7;7;7;7;7;7
"4294";3;4;7;7;7;7;7;7;7
"4295";3;4;7;7;7;7;7;7;7
"4296";3;4;7;7;7;7;7;7;7
"4297";3;4;7;7;7;7;7;7;7
"4298";3;4;7;7;7;7;7;7;7
"4299";3;4;7;7;7;7;7;7;7
"4300";3;4;7;7;7;7;7;7;7
"4301";3;4;7;7;7;7;7;7;7
"4302";3;4;7;7;7;7;7;7;7
"4303";3;4;7;7;7;7;7;7;7
"4304";3;4;7;7;7;7;7;7;7
"4305";3;4;6;9;10;12;15;16;19
"4306";3;4;7;7;7;7;7;7;7
"4307";3;4;6;9;10;12;15;16;19
"4308";3;4;7;7;7;7;7;7;7
"4309";3;4;7;7;7;7;7;7;7
"4310";3;4;6;9;10;12;15;16;19
"4311";3;4;7;7;7;7;7;7;7
"4312";3;4;7;7;7;7;7;7;7
"4313";3;4;7;7;7;7;7;7;7
"4314";3;4;7;7;7;7;7;7;7
"4315";3;4;7;7;7;7;7;7;7
"4316";3;4;7;7;7;7;7;7;7
"4317";3;4;7;7;7;7;7;7;7
"4318";3;4;7;7;7;7;7;7;7
"4319";3;4;7;7;7;7;7;7;7
"4320";3;4;7;7;7;7;7;7;7
"4321";3;4;7;7;7;7;7;7;7
"4322";3;4;7;7;7;7;7;7;7
"4323";3;4;7;7;7;7;7;7;7
"4324";3;4;7;7;7;7;7;7;7
"4325";3;4;7;7;7;7;7;7;7
"4326";3;4;6;9;10;12;15;16;19
"4327";3;4;6;9;10;12;15;16;19
"4328";3;4;7;7;7;7;7;7;7
"4329";3;4;6;9;10;12;15;16;19
"4330";3;4;7;7;7;7;7;7;7
"4331";3;4;7;7;7;7;7;7;7
"4332";3;4;6;9;10;13;13;13;13
"4333";3;4;7;7;7;7;7;7;7
"4334";3;4;6;9;10;12;15;16;19
"4335";3;4;6;9;10;12;15;16;19
"4336";3;4;7;7;7;7;7;7;7
"4337";3;4;7;7;7;7;7;7;7
"4338";3;4;7;7;7;7;7;7;7
"4339";3;4;6;9;10;12;15;16;19
"4340";3;4;6;9;10;12;15;16;19
"4341";3;4;7;7;7;7;7;7;7
"4342";3;4;7;7;7;7;7;7;7
"4343";3;4;7;7;7;7;7;7;7
"4344";3;4;7;7;7;7;7;7;7
"4345";3;4;7;7;7;7;7;7;7
"4346";3;4;7;7;7;7;7;7;7
"4347";3;4;7;7;7;7;7;7;7
"4348";3;4;7;7;7;7;7;7;7
"4349";3;4;7;7;7;7;7;7;7
"4350";3;4;7;7;7;7;7;7;7
"4351";3;4;7;7;7;7;7;7;7
"4352";3;4;7;7;7;7;7;7;7
"4353";3;4;7;7;7;7;7;7;7
"4354";3;4;7;7;7;7;7;7;7
"4355";3;4;7;7;7;7;7;7;7
"4356";3;4;7;7;7;7;7;7;7
"4357";3;4;7;7;7;7;7;7;7
"4358";3;4;7;7;7;7;7;7;7
"4359";3;4;7;7;7;7;7;7;7
"4360";3;4;7;7;7;7;7;7;7
"4361";3;4;7;7;7;7;7;7;7
"4362";3;4;7;7;7;7;7;7;7
"4363";3;4;6;9;10;12;15;16;19
"4364";3;4;6;9;10;12;15;16;19
"4365";3;4;7;7;7;7;7;7;7
"4366";3;4;7;7;7;7;7;7;7
"4367";3;4;7;7;7;7;7;7;7
"4368";3;4;6;9;10;12;15;16;19
"4369";3;4;6;9;10;12;15;16;19
"4370";3;4;7;7;7;7;7;7;7
"4371";3;4;7;7;7;7;7;7;7
"4372";3;4;7;7;7;7;7;7;7
"4373";3;4;6;8;8;8;8;8;8
"4374";3;4;6;9;10;12;15;16;19
"4375";3;4;6;9;10;12;15;16;19
"4376";3;4;6;9;10;12;15;16;19
"4377";3;4;6;9;10;12;15;16;19
"4378";3;4;6;9;10;12;15;16;19
"4379";3;4;6;9;10;12;15;16;19
"4380";3;4;6;9;10;12;15;16;19
"4381";3;4;6;9;10;12;15;16;19
"4382";3;4;6;9;10;12;15;16;19
"4383";3;4;6;9;10;12;15;16;19
"4384";3;4;6;9;10;12;15;16;19
"4385";3;4;6;9;10;12;15;16;19
"4386";3;4;6;9;10;12;15;16;19
"4387";3;4;7;7;7;7;7;7;7
"4388";3;4;7;7;7;7;7;7;7
"4389";3;4;7;7;7;7;7;7;7
"4390";3;4;6;9;10;12;15;16;19
"4391";3;4;7;7;7;7;7;7;7
"4392";3;4;6;9;10;12;15;16;19
"4393";3;4;6;9;10;12;15;16;19
"4394";3;4;6;8;8;8;8;8;8
"4395";3;4;6;9;10;12;15;16;19
"4396";3;4;6;9;10;12;15;16;19
"4397";3;4;6;8;8;8;8;8;8
"4398";3;4;7;7;7;7;7;7;7
"4399";3;4;7;7;7;7;7;7;7
"4400";3;4;7;7;7;7;7;7;7
"4401";3;4;7;7;7;7;7;7;7
"4402";3;4;7;7;7;7;7;7;7
"4403";3;4;7;7;7;7;7;7;7
"4404";3;4;7;7;7;7;7;7;7
"4405";3;4;7;7;7;7;7;7;7
"4406";3;4;7;7;7;7;7;7;7
"4407";3;4;6;9;10;12;15;16;19
"4408";3;4;7;7;7;7;7;7;7
"4409";3;4;7;7;7;7;7;7;7
"4410";3;4;7;7;7;7;7;7;7
"4411";3;4;7;7;7;7;7;7;7
"4412";3;4;7;7;7;7;7;7;7
"4413";3;4;7;7;7;7;7;7;7
"4414";3;4;7;7;7;7;7;7;7
"4415";3;4;7;7;7;7;7;7;7
"4416";3;4;7;7;7;7;7;7;7
"4417";3;4;7;7;7;7;7;7;7
"4418";3;4;7;7;7;7;7;7;7
"4419";3;4;7;7;7;7;7;7;7
"4420";3;4;7;7;7;7;7;7;7
"4421";3;4;6;9;10;12;15;16;19
"4422";3;4;7;7;7;7;7;7;7
"4423";3;4;7;7;7;7;7;7;7
"4424";3;4;7;7;7;7;7;7;7
"4425";3;4;7;7;7;7;7;7;7
"4426";3;4;7;7;7;7;7;7;7
"4427";3;4;7;7;7;7;7;7;7
"4428";3;4;7;7;7;7;7;7;7
"4429";3;4;6;9;10;12;15;16;19
"4430";3;4;6;9;10;12;15;16;19
"4431";3;4;6;9;10;12;15;16;19
"4432";3;4;6;9;10;12;15;16;19
"4433";3;4;7;7;7;7;7;7;7
"4434";3;4;7;7;7;7;7;7;7
"4435";3;4;7;7;7;7;7;7;7
"4436";3;4;7;7;7;7;7;7;7
"4437";3;4;7;7;7;7;7;7;7
"4438";3;4;7;7;7;7;7;7;7
"4439";3;4;7;7;7;7;7;7;7
"4440";3;4;7;7;7;7;7;7;7
"4441";3;4;7;7;7;7;7;7;7
"4442";3;4;7;7;7;7;7;7;7
"4443";3;4;7;7;7;7;7;7;7
"4444";3;4;7;7;7;7;7;7;7
"4445";3;4;6;9;10;12;15;16;19
"4446";3;4;6;9;10;12;15;16;19
"4447";3;4;7;7;7;7;7;7;7
"4448";3;4;6;9;10;12;15;16;19
"4449";3;4;6;9;10;12;15;16;19
"4450";3;4;7;7;7;7;7;7;7
"4451";3;4;7;7;7;7;7;7;7
"4452";3;4;7;7;7;7;7;7;7
"4453";3;4;6;9;10;12;15;16;19
"4454";3;4;7;7;7;7;7;7;7
"4455";3;4;7;7;7;7;7;7;7
"4456";3;4;7;7;7;7;7;7;7
"4457";3;4;6;9;10;12;15;16;19
"4458";3;4;7;7;7;7;7;7;7
"4459";3;4;6;9;10;12;15;16;19
"4460";3;4;7;7;7;7;7;7;7
"4461";3;4;7;7;7;7;7;7;7
"4462";3;4;7;7;7;7;7;7;7
"4463";3;4;7;7;7;7;7;7;7
"4464";3;4;7;7;7;7;7;7;7
"4465";3;4;7;7;7;7;7;7;7
"4466";3;4;7;7;7;7;7;7;7
"4467";3;4;7;7;7;7;7;7;7
"4468";3;4;7;7;7;7;7;7;7
"4469";3;4;7;7;7;7;7;7;7
"4470";3;4;7;7;7;7;7;7;7
"4471";3;4;6;8;8;8;8;8;8
"4472";3;4;7;7;7;7;7;7;7
"4473";3;4;7;7;7;7;7;7;7
"4474";3;4;7;7;7;7;7;7;7
"4475";3;4;7;7;7;7;7;7;7
"4476";3;4;7;7;7;7;7;7;7
"4477";3;4;7;7;7;7;7;7;7
"4478";3;4;7;7;7;7;7;7;7
"4479";3;4;7;7;7;7;7;7;7
"4480";3;4;7;7;7;7;7;7;7
"4481";3;4;7;7;7;7;7;7;7
"4482";3;4;7;7;7;7;7;7;7
"4483";3;4;7;7;7;7;7;7;7
"4484";3;4;7;7;7;7;7;7;7
"4485";3;4;6;9;10;12;15;16;19
"4486";3;4;6;9;10;12;15;16;19
"4487";3;4;7;7;7;7;7;7;7
"4488";3;4;7;7;7;7;7;7;7
"4489";3;4;7;7;7;7;7;7;7
"4490";3;4;6;9;10;12;15;16;19
"4491";3;4;7;7;7;7;7;7;7
"4492";3;4;7;7;7;7;7;7;7
"4493";3;4;7;7;7;7;7;7;7
"4494";3;4;7;7;7;7;7;7;7
"4495";3;4;7;7;7;7;7;7;7
"4496";3;4;7;7;7;7;7;7;7
"4497";3;4;7;7;7;7;7;7;7
"4498";3;4;7;7;7;7;7;7;7
"4499";3;4;6;9;10;12;15;16;19
"4500";3;4;7;7;7;7;7;7;7
"4501";3;4;7;7;7;7;7;7;7
"4502";3;4;7;7;7;7;7;7;7
"4503";3;4;7;7;7;7;7;7;7
"4504";3;4;7;7;7;7;7;7;7
"4505";3;4;7;7;7;7;7;7;7
"4506";3;4;7;7;7;7;7;7;7
"4507";3;4;7;7;7;7;7;7;7
"4508";3;4;7;7;7;7;7;7;7
"4509";3;4;7;7;7;7;7;7;7
"4510";3;4;7;7;7;7;7;7;7
"4511";3;4;7;7;7;7;7;7;7
"4512";3;4;6;9;10;12;15;16;19
"4513";3;4;7;7;7;7;7;7;7
"4514";3;4;7;7;7;7;7;7;7
"4515";3;4;6;9;10;12;15;16;19
"4516";3;4;7;7;7;7;7;7;7
"4517";3;4;7;7;7;7;7;7;7
"4518";3;4;7;7;7;7;7;7;7
"4519";3;4;7;7;7;7;7;7;7
"4520";3;4;7;7;7;7;7;7;7
"4521";3;4;7;7;7;7;7;7;7
"4522";3;4;7;7;7;7;7;7;7
"4523";3;4;6;9;10;12;15;16;19
"4524";3;4;7;7;7;7;7;7;7
"4525";3;4;7;7;7;7;7;7;7
"4526";3;4;7;7;7;7;7;7;7
"4527";3;4;7;7;7;7;7;7;7
"4528";3;4;7;7;7;7;7;7;7
"4529";3;4;7;7;7;7;7;7;7
"4530";3;4;7;7;7;7;7;7;7
"4531";3;4;7;7;7;7;7;7;7
"4532";3;4;7;7;7;7;7;7;7
"4533";3;4;7;7;7;7;7;7;7
"4534";3;4;7;7;7;7;7;7;7
"4535";3;4;7;7;7;7;7;7;7
"4536";3;4;7;7;7;7;7;7;7
"4537";3;4;7;7;7;7;7;7;7
"4538";3;4;6;9;10;12;15;16;19
"4539";3;4;6;9;10;12;15;16;19
"4540";3;4;6;9;10;12;15;16;19
"4541";3;4;6;9;10;12;15;16;19
"4542";3;4;6;9;10;12;15;16;19
"4543";3;4;6;9;10;12;15;16;19
"4544";3;4;6;9;10;12;15;16;19
"4545";3;5;5;5;5;5;5;5;5
"4546";3;5;5;5;5;5;5;5;5
"4547";3;4;6;9;10;12;15;16;19
"4548";3;4;6;9;10;12;15;16;19
"4549";3;4;6;9;10;12;15;16;19
"4550";3;4;6;9;10;12;15;16;19
"4551";3;4;7;7;7;7;7;7;7
"4552";3;4;7;7;7;7;7;7;7
"4553";3;4;6;9;10;12;15;16;19
"4554";3;4;6;9;10;12;15;16;19
"4555";3;4;6;9;10;12;15;16;19
"4556";3;4;7;7;7;7;7;7;7
"4557";3;4;7;7;7;7;7;7;7
"4558";3;4;7;7;7;7;7;7;7
"4559";3;4;7;7;7;7;7;7;7
"4560";3;4;7;7;7;7;7;7;7
"4561";3;4;7;7;7;7;7;7;7
"4562";3;4;7;7;7;7;7;7;7
"4563";3;4;7;7;7;7;7;7;7
"4564";3;4;7;7;7;7;7;7;7
"4565";3;4;6;9;10;12;15;16;19
"4566";3;4;7;7;7;7;7;7;7
"4567";3;4;7;7;7;7;7;7;7
"4568";3;4;7;7;7;7;7;7;7
"4569";3;4;7;7;7;7;7;7;7
"4570";3;4;7;7;7;7;7;7;7
"4571";3;4;7;7;7;7;7;7;7
"4572";3;4;7;7;7;7;7;7;7
"4573";3;4;7;7;7;7;7;7;7
"4574";3;4;7;7;7;7;7;7;7
"4575";3;4;7;7;7;7;7;7;7
"4576";3;4;7;7;7;7;7;7;7
"4577";3;4;7;7;7;7;7;7;7
"4578";3;4;6;9;10;12;15;16;19
"4579";3;4;6;9;10;12;15;16;19
"4580";3;4;6;9;10;12;15;16;19
"4581";3;4;6;9;10;12;15;16;19
"4582";3;4;6;9;10;12;15;16;19
"4583";3;4;7;7;7;7;7;7;7
"4584";3;4;6;9;10;12;15;16;19
"4585";3;4;7;7;7;7;7;7;7
"4586";3;4;7;7;7;7;7;7;7
"4587";3;4;7;7;7;7;7;7;7
"4588";3;4;6;9;10;12;15;16;19
"4589";3;4;7;7;7;7;7;7;7
"4590";3;4;6;9;10;12;15;16;19
"4591";3;4;7;7;7;7;7;7;7
"4592";3;4;6;9;10;12;15;16;19
"4593";3;4;6;9;10;12;15;16;19
"4594";3;4;7;7;7;7;7;7;7
"4595";3;4;7;7;7;7;7;7;7
"4596";3;4;7;7;7;7;7;7;7
"4597";3;4;7;7;7;7;7;7;7
"4598";3;4;6;9;10;12;15;16;19
"4599";3;4;7;7;7;7;7;7;7
"4600";3;4;7;7;7;7;7;7;7
"4601";3;4;6;9;10;12;15;16;19
"4602";3;4;7;7;7;7;7;7;7
"4603";3;4;7;7;7;7;7;7;7
"4604";3;4;7;7;7;7;7;7;7
"4605";3;4;7;7;7;7;7;7;7
"4606";3;4;6;9;10;12;15;16;19
"4607";3;4;7;7;7;7;7;7;7
"4608";3;4;7;7;7;7;7;7;7
"4609";3;4;7;7;7;7;7;7;7
"4610";3;4;7;7;7;7;7;7;7
"4611";3;4;7;7;7;7;7;7;7
"4612";3;4;7;7;7;7;7;7;7
"4613";3;4;7;7;7;7;7;7;7
"4614";3;4;7;7;7;7;7;7;7
"4615";3;4;7;7;7;7;7;7;7
"4616";3;4;7;7;7;7;7;7;7
"4617";3;4;7;7;7;7;7;7;7
"4618";3;4;7;7;7;7;7;7;7
"4619";3;4;7;7;7;7;7;7;7
"4620";3;4;7;7;7;7;7;7;7
"4621";3;4;7;7;7;7;7;7;7
"4622";3;4;7;7;7;7;7;7;7
"4623";3;4;7;7;7;7;7;7;7
"4624";3;4;7;7;7;7;7;7;7
"4625";3;4;7;7;7;7;7;7;7
"4626";3;4;7;7;7;7;7;7;7
"4627";3;4;7;7;7;7;7;7;7
"4628";3;4;7;7;7;7;7;7;7
"4629";3;4;7;7;7;7;7;7;7
"4630";3;4;7;7;7;7;7;7;7
"4631";3;4;7;7;7;7;7;7;7
"4632";3;4;7;7;7;7;7;7;7
"4633";3;4;7;7;7;7;7;7;7
"4634";3;4;7;7;7;7;7;7;7
"4635";3;4;7;7;7;7;7;7;7
"4636";3;4;7;7;7;7;7;7;7
"4637";3;4;7;7;7;7;7;7;7
"4638";3;4;7;7;7;7;7;7;7
"4639";3;4;6;9;10;12;15;16;19
"4640";3;4;7;7;7;7;7;7;7
"4641";3;4;6;9;10;12;15;16;19
"4642";3;4;7;7;7;7;7;7;7
"4643";3;4;7;7;7;7;7;7;7
"4644";3;4;6;9;10;12;15;16;19
"4645";3;4;7;7;7;7;7;7;7
"4646";3;4;7;7;7;7;7;7;7
"4647";3;4;7;7;7;7;7;7;7
"4648";3;4;7;7;7;7;7;7;7
"4649";3;4;7;7;7;7;7;7;7
"4650";3;4;7;7;7;7;7;7;7
"4651";3;4;7;7;7;7;7;7;7
"4652";3;4;7;7;7;7;7;7;7
"4653";3;4;7;7;7;7;7;7;7
"4654";3;4;7;7;7;7;7;7;7
"4655";3;4;7;7;7;7;7;7;7
"4656";3;4;7;7;7;7;7;7;7
"4657";3;4;7;7;7;7;7;7;7
"4658";3;4;7;7;7;7;7;7;7
"4659";3;4;7;7;7;7;7;7;7
"4660";3;4;7;7;7;7;7;7;7
"4661";3;4;7;7;7;7;7;7;7
"4662";3;4;7;7;7;7;7;7;7
"4663";3;4;6;9;10;12;15;16;19
"4664";3;4;7;7;7;7;7;7;7
"4665";3;4;7;7;7;7;7;7;7
"4666";3;4;7;7;7;7;7;7;7
"4667";3;4;7;7;7;7;7;7;7
"4668";3;4;6;9;10;12;15;16;19
"4669";3;4;6;9;10;12;15;16;19
"4670";3;4;6;9;10;12;15;16;19
"4671";3;4;7;7;7;7;7;7;7
"4672";3;4;7;7;7;7;7;7;7
"4673";3;4;7;7;7;7;7;7;7
"4674";3;4;7;7;7;7;7;7;7
"4675";3;4;6;9;10;12;15;16;19
"4676";3;4;7;7;7;7;7;7;7
"4677";3;4;7;7;7;7;7;7;7
"4678";3;4;7;7;7;7;7;7;7
"4679";3;4;6;9;10;12;15;16;19
"4680";3;4;7;7;7;7;7;7;7
"4681";3;4;6;9;10;12;15;16;19
"4682";3;4;6;9;10;12;15;16;19
"4683";3;4;7;7;7;7;7;7;7
"4684";3;4;7;7;7;7;7;7;7
"4685";3;4;7;7;7;7;7;7;7
"4686";3;4;6;9;10;12;15;16;19
"4687";3;4;6;9;10;12;15;16;19
"4688";3;4;6;8;8;8;8;8;8
"4689";3;4;7;7;7;7;7;7;7
"4690";3;4;7;7;7;7;7;7;7
"4691";3;4;7;7;7;7;7;7;7
"4692";3;4;7;7;7;7;7;7;7
"4693";3;4;7;7;7;7;7;7;7
"4694";3;4;6;9;10;12;15;16;19
"4695";3;4;7;7;7;7;7;7;7
"4696";3;4;6;9;10;12;15;16;19
"4697";3;4;7;7;7;7;7;7;7
"4698";3;4;7;7;7;7;7;7;7
"4699";3;4;7;7;7;7;7;7;7
"4700";3;4;7;7;7;7;7;7;7
"4701";3;4;7;7;7;7;7;7;7
"4702";3;4;7;7;7;7;7;7;7
"4703";3;4;7;7;7;7;7;7;7
"4704";3;4;7;7;7;7;7;7;7
"4705";3;4;7;7;7;7;7;7;7
"4706";3;4;7;7;7;7;7;7;7
"4707";3;4;7;7;7;7;7;7;7
"4708";3;4;7;7;7;7;7;7;7
"4709";3;4;7;7;7;7;7;7;7
"4710";3;4;7;7;7;7;7;7;7
"4711";3;4;7;7;7;7;7;7;7
"4712";3;4;7;7;7;7;7;7;7
"4713";3;4;7;7;7;7;7;7;7
"4714";3;4;7;7;7;7;7;7;7
"4715";3;4;7;7;7;7;7;7;7
"4716";3;4;7;7;7;7;7;7;7
"4717";3;4;7;7;7;7;7;7;7
"4718";3;4;7;7;7;7;7;7;7
"4719";3;4;7;7;7;7;7;7;7
"4720";3;4;7;7;7;7;7;7;7
"4721";3;4;7;7;7;7;7;7;7
"4722";3;4;7;7;7;7;7;7;7
"4723";3;4;7;7;7;7;7;7;7
"4724";3;4;7;7;7;7;7;7;7
"4725";3;4;7;7;7;7;7;7;7
"4726";3;4;7;7;7;7;7;7;7
"4727";3;4;7;7;7;7;7;7;7
"4728";3;4;7;7;7;7;7;7;7
"4729";3;4;7;7;7;7;7;7;7
"4730";3;4;7;7;7;7;7;7;7
"4731";3;4;7;7;7;7;7;7;7
"4732";3;4;7;7;7;7;7;7;7
"4733";3;4;7;7;7;7;7;7;7
"4734";3;4;7;7;7;7;7;7;7
"4735";3;4;7;7;7;7;7;7;7
"4736";3;4;7;7;7;7;7;7;7
"4737";3;4;7;7;7;7;7;7;7
"4738";3;4;7;7;7;7;7;7;7
"4739";3;4;7;7;7;7;7;7;7
"4740";3;4;7;7;7;7;7;7;7
"4741";3;4;7;7;7;7;7;7;7
"4742";3;4;7;7;7;7;7;7;7
"4743";3;5;5;5;5;5;5;5;5
"4744";3;5;5;5;5;5;5;5;5
"4745";3;4;7;7;7;7;7;7;7
"4746";3;4;7;7;7;7;7;7;7
"4747";3;4;7;7;7;7;7;7;7
"4748";3;4;7;7;7;7;7;7;7
"4749";3;4;7;7;7;7;7;7;7
"4750";3;4;6;9;10;12;15;16;19
"4751";3;4;6;8;8;8;8;8;8
"4752";3;4;6;9;10;12;15;16;19
"4753";3;4;6;9;10;12;15;16;19
"4754";3;4;7;7;7;7;7;7;7
"4755";3;4;7;7;7;7;7;7;7
"4756";3;4;7;7;7;7;7;7;7
"4757";3;4;7;7;7;7;7;7;7
"4758";3;4;7;7;7;7;7;7;7
"4759";3;4;7;7;7;7;7;7;7
"4760";3;4;6;8;8;8;8;8;8
"4761";3;4;6;8;8;8;8;8;8
"4762";3;4;7;7;7;7;7;7;7
"4763";3;4;7;7;7;7;7;7;7
"4764";3;4;7;7;7;7;7;7;7
"4765";3;4;7;7;7;7;7;7;7
"4766";3;4;7;7;7;7;7;7;7
"4767";3;4;7;7;7;7;7;7;7
"4768";3;4;7;7;7;7;7;7;7
"4769";3;4;7;7;7;7;7;7;7
"4770";3;4;7;7;7;7;7;7;7
"4771";3;4;7;7;7;7;7;7;7
"4772";3;4;7;7;7;7;7;7;7
"4773";3;4;7;7;7;7;7;7;7
"4774";3;4;7;7;7;7;7;7;7
"4775";3;4;7;7;7;7;7;7;7
"4776";3;4;7;7;7;7;7;7;7
"4777";3;4;7;7;7;7;7;7;7
"4778";3;4;7;7;7;7;7;7;7
"4779";3;4;7;7;7;7;7;7;7
"4780";3;4;7;7;7;7;7;7;7
"4781";3;4;7;7;7;7;7;7;7
"4782";3;4;7;7;7;7;7;7;7
"4783";3;4;6;9;10;12;15;16;19
"4784";3;4;7;7;7;7;7;7;7
"4785";3;4;7;7;7;7;7;7;7
"4786";3;4;7;7;7;7;7;7;7
"4787";3;4;6;9;10;12;15;16;19
"4788";3;4;7;7;7;7;7;7;7
"4789";3;4;7;7;7;7;7;7;7
"4790";3;4;7;7;7;7;7;7;7
"4791";3;4;6;9;10;12;15;16;19
"4792";3;4;6;9;10;12;15;16;19
"4793";3;4;6;9;10;12;15;16;19
"4794";3;4;7;7;7;7;7;7;7
"4795";3;4;7;7;7;7;7;7;7
"4796";3;4;7;7;7;7;7;7;7
"4797";3;4;6;9;10;12;15;16;19
"4798";3;4;7;7;7;7;7;7;7
"4799";3;4;6;8;8;8;8;8;8
"4800";3;4;6;8;8;8;8;8;8
"4801";3;4;6;8;8;8;8;8;8
"4802";3;4;6;8;8;8;8;8;8
"4803";3;4;6;8;8;8;8;8;8
"4804";3;4;6;9;10;12;15;16;19
"4805";3;4;6;9;10;12;15;16;19
"4806";3;4;6;9;10;12;15;16;19
"4807";3;4;6;8;8;8;8;8;8
"4808";3;4;6;9;10;12;15;16;19
"4809";3;4;6;9;10;12;15;16;19
"4810";3;4;6;9;10;12;15;16;19
"4811";3;4;6;8;8;8;8;8;8
"4812";3;4;6;8;8;8;8;8;8
"4813";3;5;5;5;5;5;5;5;5
"4814";3;4;6;8;8;8;8;8;8
"4815";3;4;6;8;8;8;8;8;8
"4816";3;4;6;8;8;8;8;8;8
"4817";3;4;6;8;8;8;8;8;8
"4818";3;4;6;9;10;12;15;16;19
"4819";3;4;6;8;8;8;8;8;8
"4820";3;4;6;9;10;12;15;16;19
"4821";3;4;6;9;10;13;13;13;13
"4822";3;4;6;8;8;8;8;8;8
"4823";3;4;6;8;8;8;8;8;8
"4824";3;4;6;8;8;8;8;8;8
"4825";3;4;6;8;8;8;8;8;8
"4826";3;4;6;8;8;8;8;8;8
"4827";3;4;6;9;10;12;15;16;19
"4828";3;4;6;8;8;8;8;8;8
"4829";3;4;6;8;8;8;8;8;8
"4830";3;4;6;9;10;12;15;16;19
"4831";3;4;6;9;10;12;15;16;19
"4832";3;4;6;9;10;12;15;16;19
"4833";3;4;6;9;10;12;15;16;19
"4834";3;4;7;7;7;7;7;7;7
"4835";3;4;6;9;10;12;15;16;19
"4836";3;4;7;7;7;7;7;7;7
"4837";3;4;7;7;7;7;7;7;7
"4838";3;4;7;7;7;7;7;7;7
"4839";3;4;7;7;7;7;7;7;7
"4840";3;4;7;7;7;7;7;7;7
"4841";3;4;6;9;10;12;15;16;19
"4842";3;4;7;7;7;7;7;7;7
"4843";3;4;6;9;10;12;15;16;19
"4844";3;4;7;7;7;7;7;7;7
"4845";3;4;7;7;7;7;7;7;7
"4846";3;4;7;7;7;7;7;7;7
"4847";3;4;7;7;7;7;7;7;7
"4848";3;4;7;7;7;7;7;7;7
"4849";3;4;7;7;7;7;7;7;7
"4850";3;4;7;7;7;7;7;7;7
"4851";3;4;7;7;7;7;7;7;7
"4852";3;4;7;7;7;7;7;7;7
"4853";3;4;7;7;7;7;7;7;7
"4854";3;4;7;7;7;7;7;7;7
"4855";3;4;7;7;7;7;7;7;7
"4856";3;4;7;7;7;7;7;7;7
"4857";3;4;7;7;7;7;7;7;7
"4858";3;4;7;7;7;7;7;7;7
"4859";3;4;7;7;7;7;7;7;7
"4860";3;4;6;9;10;12;15;16;19
"4861";3;4;7;7;7;7;7;7;7
"4862";3;4;7;7;7;7;7;7;7
"4863";3;4;7;7;7;7;7;7;7
"4864";3;4;7;7;7;7;7;7;7
"4865";3;4;7;7;7;7;7;7;7
"4866";3;4;7;7;7;7;7;7;7
"4867";3;4;7;7;7;7;7;7;7
"4868";3;4;7;7;7;7;7;7;7
"4869";3;4;7;7;7;7;7;7;7
"4870";3;4;7;7;7;7;7;7;7
"4871";3;4;7;7;7;7;7;7;7
"4872";3;4;7;7;7;7;7;7;7
"4873";3;4;7;7;7;7;7;7;7
"4874";3;4;7;7;7;7;7;7;7
"4875";3;4;7;7;7;7;7;7;7
"4876";3;4;7;7;7;7;7;7;7
"4877";3;4;7;7;7;7;7;7;7
"4878";3;4;7;7;7;7;7;7;7
"4879";3;4;7;7;7;7;7;7;7
"4880";3;4;7;7;7;7;7;7;7
"4881";3;4;7;7;7;7;7;7;7
"4882";3;4;6;9;10;12;15;16;19
"4883";3;4;7;7;7;7;7;7;7
"4884";3;4;7;7;7;7;7;7;7
"4885";3;4;7;7;7;7;7;7;7
"4886";3;4;7;7;7;7;7;7;7
"4887";3;4;6;9;10;12;15;16;19
"4888";3;4;7;7;7;7;7;7;7
"4889";3;4;6;9;10;12;15;16;19
"4890";3;4;7;7;7;7;7;7;7
"4891";3;4;7;7;7;7;7;7;7
"4892";3;4;7;7;7;7;7;7;7
"4893";3;4;7;7;7;7;7;7;7
"4894";3;4;7;7;7;7;7;7;7
"4895";3;4;7;7;7;7;7;7;7
"4896";3;4;7;7;7;7;7;7;7
"4897";3;4;7;7;7;7;7;7;7
"4898";3;4;7;7;7;7;7;7;7
"4899";3;4;7;7;7;7;7;7;7
"4900";3;4;7;7;7;7;7;7;7
"4901";3;4;7;7;7;7;7;7;7
"4902";3;4;7;7;7;7;7;7;7
"4903";3;4;7;7;7;7;7;7;7
"4904";3;4;7;7;7;7;7;7;7
"4905";3;4;7;7;7;7;7;7;7
"4906";3;4;7;7;7;7;7;7;7
"4907";3;4;7;7;7;7;7;7;7
"4908";3;4;7;7;7;7;7;7;7
"4909";3;4;7;7;7;7;7;7;7
"4910";3;4;7;7;7;7;7;7;7
"4911";3;4;7;7;7;7;7;7;7
"4912";3;4;7;7;7;7;7;7;7
"4913";3;4;7;7;7;7;7;7;7
"4914";3;4;7;7;7;7;7;7;7
"4915";3;4;7;7;7;7;7;7;7
"4916";3;4;7;7;7;7;7;7;7
"4917";3;4;7;7;7;7;7;7;7
"4918";3;4;7;7;7;7;7;7;7
"4919";3;4;7;7;7;7;7;7;7
"4920";3;4;7;7;7;7;7;7;7
"4921";3;4;7;7;7;7;7;7;7
"4922";3;4;7;7;7;7;7;7;7
"4923";3;4;7;7;7;7;7;7;7
"4924";3;4;7;7;7;7;7;7;7
"4925";3;4;7;7;7;7;7;7;7
"4926";3;4;7;7;7;7;7;7;7
"4927";3;4;7;7;7;7;7;7;7
"4928";3;4;7;7;7;7;7;7;7
"4929";3;4;7;7;7;7;7;7;7
"4930";3;4;6;9;10;12;15;16;19
"4931";3;4;7;7;7;7;7;7;7
"4932";3;4;7;7;7;7;7;7;7
"4933";3;4;7;7;7;7;7;7;7
"4934";3;4;6;9;10;12;15;16;19
"4935";3;4;6;9;10;12;15;16;19
"4936";3;4;7;7;7;7;7;7;7
"4937";3;4;7;7;7;7;7;7;7
"4938";3;4;7;7;7;7;7;7;7
"4939";3;4;7;7;7;7;7;7;7
"4940";3;4;7;7;7;7;7;7;7
"4941";3;4;6;9;10;12;15;16;19
"4942";3;4;7;7;7;7;7;7;7
"4943";3;4;6;9;10;12;15;16;19
"4944";3;4;7;7;7;7;7;7;7
"4945";3;4;7;7;7;7;7;7;7
"4946";3;4;7;7;7;7;7;7;7
"4947";3;4;7;7;7;7;7;7;7
"4948";3;4;7;7;7;7;7;7;7
"4949";3;4;7;7;7;7;7;7;7
"4950";3;4;7;7;7;7;7;7;7
"4951";3;4;7;7;7;7;7;7;7
"4952";3;4;7;7;7;7;7;7;7
"4953";3;4;7;7;7;7;7;7;7
"4954";3;4;7;7;7;7;7;7;7
"4955";3;4;7;7;7;7;7;7;7
"4956";3;4;7;7;7;7;7;7;7
"4957";3;4;7;7;7;7;7;7;7
"4958";3;4;7;7;7;7;7;7;7
"4959";3;4;7;7;7;7;7;7;7
"4960";3;4;7;7;7;7;7;7;7
"4961";3;4;7;7;7;7;7;7;7
"4962";3;4;7;7;7;7;7;7;7
"4963";3;4;7;7;7;7;7;7;7
"4964";3;4;7;7;7;7;7;7;7
"4965";3;4;7;7;7;7;7;7;7
"4966";3;4;7;7;7;7;7;7;7
"4967";3;4;7;7;7;7;7;7;7
"4968";3;4;7;7;7;7;7;7;7
"4969";3;4;7;7;7;7;7;7;7
"4970";3;4;7;7;7;7;7;7;7
"4971";3;4;7;7;7;7;7;7;7
"4972";3;4;7;7;7;7;7;7;7
"4973";3;4;7;7;7;7;7;7;7
"4974";3;4;7;7;7;7;7;7;7
"4975";3;4;7;7;7;7;7;7;7
"4976";3;4;7;7;7;7;7;7;7
"4977";3;4;7;7;7;7;7;7;7
"4978";3;4;7;7;7;7;7;7;7
"4979";3;4;6;9;10;12;15;16;19
"4980";3;4;6;9;10;12;15;16;19
"4981";3;4;7;7;7;7;7;7;7
"4982";3;4;7;7;7;7;7;7;7
"4983";3;4;7;7;7;7;7;7;7
"4984";3;4;7;7;7;7;7;7;7
"4985";3;4;7;7;7;7;7;7;7
"4986";3;4;7;7;7;7;7;7;7
"4987";3;4;7;7;7;7;7;7;7
"4988";3;4;7;7;7;7;7;7;7
"4989";3;4;7;7;7;7;7;7;7
"4990";3;4;7;7;7;7;7;7;7
"4991";3;4;7;7;7;7;7;7;7
"4992";3;4;7;7;7;7;7;7;7
"4993";3;4;7;7;7;7;7;7;7
"4994";3;4;7;7;7;7;7;7;7
"4995";3;4;7;7;7;7;7;7;7
"4996";3;4;7;7;7;7;7;7;7
"4997";3;4;7;7;7;7;7;7;7
"4998";3;4;6;9;10;12;15;16;19
"4999";3;4;6;9;10;12;15;16;19
"5000";3;4;6;9;10;12;15;16;19
"5001";3;4;6;9;10;12;15;16;19
"5002";3;4;7;7;7;7;7;7;7
"5003";3;5;5;5;5;5;5;5;5
"5004";3;4;6;9;10;12;15;16;19
"5005";3;5;5;5;5;5;5;5;5
"5006";3;4;6;9;11;11;11;11;11
"5007";3;4;6;9;11;11;11;11;11
"5008";3;4;6;9;11;11;11;11;11
"5009";3;4;6;9;11;11;11;11;11
"5010";3;4;6;9;10;12;15;16;19
"5011";3;4;6;9;10;12;15;16;19
"5012";3;4;6;9;10;12;15;16;19
"5013";3;4;6;9;10;12;15;16;19
"5014";3;4;6;8;8;8;8;8;8
"5015";3;4;6;9;10;12;15;16;19
"5016";3;4;6;9;10;12;15;16;19
"5017";3;4;6;9;10;12;15;16;19
"5018";3;4;6;9;10;12;15;16;19
"5019";3;4;6;9;10;12;15;16;19
"5020";3;4;6;9;10;12;15;16;19
"5021";3;4;6;9;10;12;15;16;19
"5022";3;4;6;9;10;12;15;16;19
"5023";3;4;6;9;10;12;15;16;19
"5024";3;4;7;7;7;7;7;7;7
"5025";3;4;6;9;10;12;15;16;19
"5026";3;4;6;9;10;12;15;16;19
"5027";3;4;6;9;10;12;15;16;19
"5028";3;4;6;9;10;12;15;16;19
"5029";3;4;6;9;10;12;15;16;19
"5030";3;4;6;9;10;12;15;16;19
"5031";3;4;7;7;7;7;7;7;7
"5032";3;4;6;8;8;8;8;8;8
"5033";3;4;7;7;7;7;7;7;7
"5034";3;4;6;9;10;12;15;16;19
"5035";3;4;6;9;10;12;15;16;19
"5036";3;4;7;7;7;7;7;7;7
"5037";3;4;6;9;10;12;15;16;19
"5038";3;4;6;9;10;12;15;16;19
"5039";3;4;6;8;8;8;8;8;8
"5040";3;4;6;9;10;12;15;16;19
"5041";3;4;6;9;10;12;15;16;19
"5042";3;4;6;9;10;12;15;16;19
"5043";3;4;6;9;10;12;15;16;19
"5044";3;4;7;7;7;7;7;7;7
"5045";3;4;7;7;7;7;7;7;7
"5046";3;4;6;9;10;12;15;16;19
"5047";3;4;6;9;10;12;15;16;19
"5048";3;4;7;7;7;7;7;7;7
"5049";3;4;7;7;7;7;7;7;7
"5050";3;4;6;9;10;12;15;16;19
"5051";3;4;6;9;10;12;15;16;19
"5052";3;4;6;9;10;12;15;16;19
"5053";3;4;6;9;10;12;15;16;19
"5054";3;4;7;7;7;7;7;7;7
"5055";3;4;6;9;10;12;15;16;19
"5056";3;4;6;9;10;12;15;16;19
"5057";3;4;6;9;10;12;15;16;19
"5058";3;4;6;9;10;12;15;16;19
"5059";3;4;6;9;10;12;15;16;19
"5060";3;4;6;8;8;8;8;8;8
"5061";3;4;6;9;10;12;15;16;19
"5062";3;4;7;7;7;7;7;7;7
"5063";3;4;6;9;10;12;15;16;19
"5064";3;4;6;9;10;12;15;16;19
"5065";3;4;6;9;10;12;15;16;19
"5066";3;4;6;9;10;12;15;16;19
"5067";3;4;6;9;10;12;15;16;19
"5068";3;4;6;8;8;8;8;8;8
"5069";3;4;6;9;10;12;15;16;19
"5070";3;4;6;8;8;8;8;8;8
"5071";3;4;6;9;10;12;15;16;19
"5072";3;4;6;9;10;12;15;16;19
"5073";3;4;6;8;8;8;8;8;8
"5074";3;4;6;9;10;12;15;16;19
"5075";3;4;6;9;10;12;15;16;19
"5076";3;4;6;9;10;12;15;16;19
"5077";3;4;6;8;8;8;8;8;8
"5078";3;4;7;7;7;7;7;7;7
"5079";3;4;7;7;7;7;7;7;7
"5080";3;4;6;9;10;12;15;16;19
"5081";3;4;6;9;10;12;15;16;19
"5082";3;4;6;9;10;12;15;16;19
"5083";3;4;6;9;10;12;15;16;19
"5084";3;4;6;9;10;12;15;16;19
"5085";3;4;6;9;10;12;15;16;19
"5086";3;4;6;8;8;8;8;8;8
"5087";3;4;6;9;10;12;15;16;19
"5088";3;4;6;9;10;12;15;16;19
"5089";3;4;6;9;10;12;15;16;19
"5090";3;4;7;7;7;7;7;7;7
"5091";3;4;6;9;10;12;15;16;19
"5092";3;4;6;9;10;12;15;16;19
"5093";3;4;6;9;10;12;15;16;19
"5094";3;4;7;7;7;7;7;7;7
"5095";3;4;6;9;10;12;15;16;19
"5096";3;4;7;7;7;7;7;7;7
"5097";3;4;7;7;7;7;7;7;7
"5098";3;4;7;7;7;7;7;7;7
"5099";3;4;7;7;7;7;7;7;7
"5100";3;4;7;7;7;7;7;7;7
"5101";3;4;7;7;7;7;7;7;7
"5102";3;4;7;7;7;7;7;7;7
"5103";3;4;6;9;10;12;15;16;19
"5104";3;4;7;7;7;7;7;7;7
"5105";3;4;6;9;10;12;15;16;19
"5106";3;4;7;7;7;7;7;7;7
"5107";3;4;7;7;7;7;7;7;7
"5108";3;4;6;9;10;12;15;16;19
"5109";3;4;7;7;7;7;7;7;7
"5110";3;4;7;7;7;7;7;7;7
"5111";3;4;7;7;7;7;7;7;7
"5112";3;4;7;7;7;7;7;7;7
"5113";3;4;7;7;7;7;7;7;7
"5114";3;4;7;7;7;7;7;7;7
"5115";3;4;7;7;7;7;7;7;7
"5116";3;4;7;7;7;7;7;7;7
"5117";3;4;7;7;7;7;7;7;7
"5118";3;4;6;9;10;12;15;16;19
"5119";3;4;6;9;10;12;15;16;19
"5120";3;4;7;7;7;7;7;7;7
"5121";3;4;7;7;7;7;7;7;7
"5122";3;4;7;7;7;7;7;7;7
"5123";3;4;7;7;7;7;7;7;7
"5124";3;4;7;7;7;7;7;7;7
"5125";3;4;7;7;7;7;7;7;7
"5126";3;4;7;7;7;7;7;7;7
"5127";3;4;7;7;7;7;7;7;7
"5128";3;4;7;7;7;7;7;7;7
"5129";3;4;7;7;7;7;7;7;7
"5130";3;4;7;7;7;7;7;7;7
"5131";3;4;7;7;7;7;7;7;7
"5132";3;4;6;9;10;12;15;16;19
"5133";3;4;6;9;10;12;15;16;19
"5134";3;4;7;7;7;7;7;7;7
"5135";3;4;7;7;7;7;7;7;7
"5136";3;4;7;7;7;7;7;7;7
"5137";3;4;7;7;7;7;7;7;7
"5138";3;4;7;7;7;7;7;7;7
"5139";3;4;7;7;7;7;7;7;7
"5140";3;4;7;7;7;7;7;7;7
"5141";3;4;6;9;10;12;15;16;19
"5142";3;4;7;7;7;7;7;7;7
"5143";3;4;7;7;7;7;7;7;7
"5144";3;4;7;7;7;7;7;7;7
"5145";3;4;7;7;7;7;7;7;7
"5146";3;4;7;7;7;7;7;7;7
"5147";3;4;7;7;7;7;7;7;7
"5148";3;4;7;7;7;7;7;7;7
"5149";3;4;7;7;7;7;7;7;7
"5150";3;4;7;7;7;7;7;7;7
"5151";3;4;7;7;7;7;7;7;7
"5152";3;4;7;7;7;7;7;7;7
"5153";3;4;7;7;7;7;7;7;7
"5154";3;4;7;7;7;7;7;7;7
"5155";3;4;6;9;10;12;15;16;19
"5156";3;4;6;9;10;12;15;16;19
"5157";3;4;7;7;7;7;7;7;7
"5158";3;4;7;7;7;7;7;7;7
"5159";3;4;7;7;7;7;7;7;7
"5160";3;4;7;7;7;7;7;7;7
"5161";3;4;6;9;10;12;15;16;19
"5162";3;4;7;7;7;7;7;7;7
"5163";3;4;7;7;7;7;7;7;7
"5164";3;4;7;7;7;7;7;7;7
"5165";3;4;7;7;7;7;7;7;7
"5166";3;4;7;7;7;7;7;7;7
"5167";3;4;7;7;7;7;7;7;7
"5168";3;4;6;9;10;12;15;16;19
"5169";3;4;7;7;7;7;7;7;7
"5170";3;4;7;7;7;7;7;7;7
"5171";3;4;7;7;7;7;7;7;7
"5172";3;4;7;7;7;7;7;7;7
"5173";3;4;7;7;7;7;7;7;7
"5174";3;4;7;7;7;7;7;7;7
"5175";3;4;7;7;7;7;7;7;7
"5176";3;4;7;7;7;7;7;7;7
"5177";3;4;7;7;7;7;7;7;7
"5178";3;4;6;9;10;12;15;16;19
"5179";3;4;7;7;7;7;7;7;7
"5180";3;4;7;7;7;7;7;7;7
"5181";3;4;7;7;7;7;7;7;7
"5182";3;4;7;7;7;7;7;7;7
"5183";3;4;7;7;7;7;7;7;7
"5184";3;4;7;7;7;7;7;7;7
"5185";3;4;7;7;7;7;7;7;7
"5186";3;4;7;7;7;7;7;7;7
"5187";3;4;7;7;7;7;7;7;7
"5188";3;4;7;7;7;7;7;7;7
"5189";3;4;7;7;7;7;7;7;7
"5190";3;4;6;9;10;12;15;16;19
"5191";3;4;7;7;7;7;7;7;7
"5192";3;4;7;7;7;7;7;7;7
"5193";3;4;7;7;7;7;7;7;7
"5194";3;4;7;7;7;7;7;7;7
"5195";3;4;7;7;7;7;7;7;7
"5196";3;4;7;7;7;7;7;7;7
"5197";3;4;6;9;10;12;15;16;19
"5198";3;4;7;7;7;7;7;7;7
"5199";3;4;7;7;7;7;7;7;7
"5200";3;4;7;7;7;7;7;7;7
"5201";3;4;6;9;10;12;15;16;19
"5202";3;4;7;7;7;7;7;7;7
"5203";3;4;7;7;7;7;7;7;7
"5204";3;4;6;9;10;12;15;16;19
"5205";3;4;7;7;7;7;7;7;7
"5206";3;4;7;7;7;7;7;7;7
"5207";3;4;7;7;7;7;7;7;7
"5208";3;4;7;7;7;7;7;7;7
"5209";3;4;7;7;7;7;7;7;7
"5210";3;4;6;9;10;12;15;16;19
"5211";3;4;6;9;10;12;15;16;19
"5212";3;4;7;7;7;7;7;7;7
"5213";3;4;7;7;7;7;7;7;7
"5214";3;4;7;7;7;7;7;7;7
"5215";3;4;6;9;10;12;15;16;19
"5216";3;4;6;9;10;12;15;16;19
"5217";3;4;7;7;7;7;7;7;7
"5218";3;4;6;9;10;12;15;16;19
"5219";3;4;7;7;7;7;7;7;7
"5220";3;4;7;7;7;7;7;7;7
"5221";3;4;7;7;7;7;7;7;7
"5222";3;4;7;7;7;7;7;7;7
"5223";3;4;6;9;10;12;15;16;19
"5224";3;4;6;9;10;12;15;16;19
"5225";3;4;7;7;7;7;7;7;7
"5226";3;4;7;7;7;7;7;7;7
"5227";3;4;7;7;7;7;7;7;7
"5228";3;4;6;9;10;12;15;16;19
"5229";3;4;7;7;7;7;7;7;7
"5230";3;4;7;7;7;7;7;7;7
"5231";3;4;6;9;10;12;15;16;19
"5232";3;4;6;9;10;12;15;16;19
"5233";3;4;6;9;10;12;15;16;19
"5234";3;4;6;9;10;12;15;16;19
"5235";3;4;7;7;7;7;7;7;7
"5236";3;4;7;7;7;7;7;7;7
"5237";3;4;7;7;7;7;7;7;7
"5238";3;4;7;7;7;7;7;7;7
"5239";3;4;6;9;10;12;15;16;19
"5240";3;4;7;7;7;7;7;7;7
"5241";3;4;7;7;7;7;7;7;7
"5242";3;4;7;7;7;7;7;7;7
"5243";3;4;7;7;7;7;7;7;7
"5244";3;4;7;7;7;7;7;7;7
"5245";3;4;7;7;7;7;7;7;7
"5246";3;4;6;9;10;12;15;16;19
"5247";3;4;7;7;7;7;7;7;7
"5248";3;4;7;7;7;7;7;7;7
"5249";3;4;7;7;7;7;7;7;7
"5250";3;4;7;7;7;7;7;7;7
"5251";3;4;7;7;7;7;7;7;7
"5252";3;4;7;7;7;7;7;7;7
"5253";3;4;7;7;7;7;7;7;7
"5254";3;4;7;7;7;7;7;7;7
"5255";3;4;7;7;7;7;7;7;7
"5256";3;4;7;7;7;7;7;7;7
"5257";3;4;7;7;7;7;7;7;7
"5258";3;4;7;7;7;7;7;7;7
"5259";3;4;7;7;7;7;7;7;7
"5260";3;4;7;7;7;7;7;7;7
"5261";3;4;7;7;7;7;7;7;7
"5262";3;4;7;7;7;7;7;7;7
"5263";3;4;7;7;7;7;7;7;7
"5264";3;4;7;7;7;7;7;7;7
"5265";3;4;7;7;7;7;7;7;7
"5266";3;4;6;9;10;12;15;16;19
"5267";3;4;7;7;7;7;7;7;7
"5268";3;4;7;7;7;7;7;7;7
"5269";3;4;6;9;10;12;15;16;19
"5270";3;4;6;9;10;12;15;16;19
"5271";3;4;7;7;7;7;7;7;7
"5272";3;4;7;7;7;7;7;7;7
"5273";3;4;7;7;7;7;7;7;7
"5274";3;4;6;9;10;12;15;16;19
"5275";3;4;6;9;10;12;15;16;19
"5276";3;4;6;9;10;12;15;16;19
"5277";3;4;7;7;7;7;7;7;7
"5278";3;4;7;7;7;7;7;7;7
"5279";3;4;7;7;7;7;7;7;7
"5280";3;4;7;7;7;7;7;7;7
"5281";3;4;7;7;7;7;7;7;7
"5282";3;4;7;7;7;7;7;7;7
"5283";3;4;7;7;7;7;7;7;7
"5284";3;4;7;7;7;7;7;7;7
"5285";3;4;7;7;7;7;7;7;7
"5286";3;4;7;7;7;7;7;7;7
"5287";3;4;7;7;7;7;7;7;7
"5288";3;4;7;7;7;7;7;7;7
"5289";3;4;7;7;7;7;7;7;7
"5290";3;4;7;7;7;7;7;7;7
"5291";3;4;7;7;7;7;7;7;7
"5292";3;4;7;7;7;7;7;7;7
"5293";3;4;7;7;7;7;7;7;7
"5294";3;4;7;7;7;7;7;7;7
"5295";3;4;7;7;7;7;7;7;7
"5296";3;4;7;7;7;7;7;7;7
"5297";3;4;7;7;7;7;7;7;7
"5298";3;4;7;7;7;7;7;7;7
"5299";3;4;7;7;7;7;7;7;7
"5300";3;4;7;7;7;7;7;7;7
"5301";3;4;7;7;7;7;7;7;7
"5302";3;4;7;7;7;7;7;7;7
"5303";3;4;7;7;7;7;7;7;7
"5304";3;4;7;7;7;7;7;7;7
"5305";3;4;7;7;7;7;7;7;7
"5306";3;4;7;7;7;7;7;7;7
"5307";3;4;7;7;7;7;7;7;7
"5308";3;4;7;7;7;7;7;7;7
"5309";3;4;7;7;7;7;7;7;7
"5310";3;4;6;9;10;12;15;16;19
"5311";3;4;7;7;7;7;7;7;7
"5312";3;4;7;7;7;7;7;7;7
"5313";3;4;7;7;7;7;7;7;7
"5314";3;4;7;7;7;7;7;7;7
"5315";3;4;7;7;7;7;7;7;7
"5316";3;4;7;7;7;7;7;7;7
"5317";3;4;7;7;7;7;7;7;7
"5318";3;4;7;7;7;7;7;7;7
"5319";3;4;7;7;7;7;7;7;7
"5320";3;4;7;7;7;7;7;7;7
"5321";3;4;7;7;7;7;7;7;7
"5322";3;4;7;7;7;7;7;7;7
"5323";3;4;7;7;7;7;7;7;7
"5324";3;4;7;7;7;7;7;7;7
"5325";3;4;7;7;7;7;7;7;7
"5326";3;4;7;7;7;7;7;7;7
"5327";3;4;7;7;7;7;7;7;7
"5328";3;4;7;7;7;7;7;7;7
"5329";3;4;7;7;7;7;7;7;7
"5330";3;4;7;7;7;7;7;7;7
"5331";3;4;7;7;7;7;7;7;7
"5332";3;4;7;7;7;7;7;7;7
"5333";3;4;7;7;7;7;7;7;7
"5334";3;4;7;7;7;7;7;7;7
"5335";3;4;7;7;7;7;7;7;7
"5336";3;4;7;7;7;7;7;7;7
"5337";3;4;6;9;10;12;15;16;19
"5338";3;4;7;7;7;7;7;7;7
"5339";3;4;6;9;10;12;15;16;19
"5340";3;4;6;9;10;12;15;16;19
"5341";3;4;6;9;10;12;15;16;19
"5342";3;4;7;7;7;7;7;7;7
"5343";3;4;7;7;7;7;7;7;7
"5344";3;4;7;7;7;7;7;7;7
"5345";3;4;7;7;7;7;7;7;7
"5346";3;4;7;7;7;7;7;7;7
"5347";3;4;7;7;7;7;7;7;7
"5348";3;4;7;7;7;7;7;7;7
"5349";3;4;7;7;7;7;7;7;7
"5350";3;4;7;7;7;7;7;7;7
"5351";3;4;7;7;7;7;7;7;7
"5352";3;4;7;7;7;7;7;7;7
"5353";3;4;7;7;7;7;7;7;7
"5354";3;4;7;7;7;7;7;7;7
"5355";3;4;7;7;7;7;7;7;7
"5356";3;4;7;7;7;7;7;7;7
"5357";3;4;7;7;7;7;7;7;7
"5358";3;4;7;7;7;7;7;7;7
"5359";3;4;7;7;7;7;7;7;7
"5360";3;4;7;7;7;7;7;7;7
"5361";3;4;7;7;7;7;7;7;7
"5362";3;4;7;7;7;7;7;7;7
"5363";3;4;7;7;7;7;7;7;7
"5364";3;4;7;7;7;7;7;7;7
"5365";3;4;7;7;7;7;7;7;7
"5366";3;4;7;7;7;7;7;7;7
"5367";3;4;7;7;7;7;7;7;7
"5368";3;4;7;7;7;7;7;7;7
"5369";3;4;7;7;7;7;7;7;7
"5370";3;4;7;7;7;7;7;7;7
"5371";3;4;7;7;7;7;7;7;7
"5372";3;4;7;7;7;7;7;7;7
"5373";3;4;7;7;7;7;7;7;7
"5374";3;4;7;7;7;7;7;7;7
"5375";3;4;7;7;7;7;7;7;7
"5376";3;4;7;7;7;7;7;7;7
"5377";3;4;7;7;7;7;7;7;7
"5378";3;4;7;7;7;7;7;7;7
"5379";3;4;7;7;7;7;7;7;7
"5380";3;4;7;7;7;7;7;7;7
"5381";3;4;7;7;7;7;7;7;7
"5382";3;4;7;7;7;7;7;7;7
"5383";3;4;7;7;7;7;7;7;7
"5384";3;4;7;7;7;7;7;7;7
"5385";3;4;7;7;7;7;7;7;7
"5386";3;4;7;7;7;7;7;7;7
"5387";3;4;7;7;7;7;7;7;7
"5388";3;4;7;7;7;7;7;7;7
"5389";3;4;7;7;7;7;7;7;7
"5390";3;4;7;7;7;7;7;7;7
"5391";3;4;7;7;7;7;7;7;7
"5392";3;4;7;7;7;7;7;7;7
"5393";3;4;7;7;7;7;7;7;7
"5394";3;4;7;7;7;7;7;7;7
"5395";3;4;7;7;7;7;7;7;7
"5396";3;4;7;7;7;7;7;7;7
"5397";3;4;7;7;7;7;7;7;7
"5398";3;4;7;7;7;7;7;7;7
"5399";3;4;7;7;7;7;7;7;7
"5400";3;4;7;7;7;7;7;7;7
"5401";3;4;7;7;7;7;7;7;7
"5402";3;4;7;7;7;7;7;7;7
"5403";3;4;7;7;7;7;7;7;7
"5404";3;4;7;7;7;7;7;7;7
"5405";3;4;7;7;7;7;7;7;7
"5406";3;4;7;7;7;7;7;7;7
"5407";3;4;7;7;7;7;7;7;7
"5408";3;4;7;7;7;7;7;7;7
"5409";3;4;7;7;7;7;7;7;7
"5410";3;4;6;9;10;12;15;16;19
"5411";3;4;7;7;7;7;7;7;7
"5412";3;4;7;7;7;7;7;7;7
"5413";3;4;6;9;10;12;15;16;19
"5414";3;4;6;9;10;12;15;16;19
"5415";3;4;7;7;7;7;7;7;7
"5416";3;4;7;7;7;7;7;7;7
"5417";3;4;7;7;7;7;7;7;7
"5418";3;4;7;7;7;7;7;7;7
"5419";3;4;7;7;7;7;7;7;7
"5420";3;4;7;7;7;7;7;7;7
"5421";3;4;6;9;10;12;15;16;19
"5422";3;4;7;7;7;7;7;7;7
"5423";3;4;7;7;7;7;7;7;7
"5424";3;4;7;7;7;7;7;7;7
"5425";3;4;7;7;7;7;7;7;7
"5426";3;4;7;7;7;7;7;7;7
"5427";3;4;7;7;7;7;7;7;7
"5428";3;4;7;7;7;7;7;7;7
"5429";3;4;7;7;7;7;7;7;7
"5430";3;4;7;7;7;7;7;7;7
"5431";3;4;7;7;7;7;7;7;7
"5432";3;4;7;7;7;7;7;7;7
"5433";3;4;6;9;10;12;15;16;19
"5434";3;4;7;7;7;7;7;7;7
"5435";3;4;7;7;7;7;7;7;7
"5436";3;4;7;7;7;7;7;7;7
"5437";3;4;7;7;7;7;7;7;7
"5438";3;4;7;7;7;7;7;7;7
"5439";3;4;7;7;7;7;7;7;7
"5440";3;4;7;7;7;7;7;7;7
"5441";3;4;6;9;10;12;15;16;19
"5442";3;4;7;7;7;7;7;7;7
"5443";3;4;7;7;7;7;7;7;7
"5444";3;4;6;9;10;12;15;16;19
"5445";3;4;7;7;7;7;7;7;7
"5446";3;4;7;7;7;7;7;7;7
"5447";3;4;6;9;10;12;15;16;19
"5448";3;4;7;7;7;7;7;7;7
"5449";3;4;7;7;7;7;7;7;7
"5450";3;4;7;7;7;7;7;7;7
"5451";3;4;7;7;7;7;7;7;7
"5452";3;4;7;7;7;7;7;7;7
"5453";3;4;7;7;7;7;7;7;7
"5454";3;4;7;7;7;7;7;7;7
"5455";3;4;7;7;7;7;7;7;7
"5456";3;4;7;7;7;7;7;7;7
"5457";3;4;7;7;7;7;7;7;7
"5458";3;4;7;7;7;7;7;7;7
"5459";3;4;7;7;7;7;7;7;7
"5460";3;4;7;7;7;7;7;7;7
"5461";3;4;7;7;7;7;7;7;7
"5462";3;4;7;7;7;7;7;7;7
"5463";3;4;7;7;7;7;7;7;7
"5464";3;4;7;7;7;7;7;7;7
"5465";3;4;7;7;7;7;7;7;7
"5466";3;4;7;7;7;7;7;7;7
"5467";3;4;7;7;7;7;7;7;7
"5468";3;4;7;7;7;7;7;7;7
"5469";3;4;7;7;7;7;7;7;7
"5470";3;4;7;7;7;7;7;7;7
"5471";3;4;7;7;7;7;7;7;7
"5472";3;4;7;7;7;7;7;7;7
"5473";3;4;7;7;7;7;7;7;7
"5474";3;4;7;7;7;7;7;7;7
"5475";3;4;7;7;7;7;7;7;7
"5476";3;4;7;7;7;7;7;7;7
"5477";3;4;7;7;7;7;7;7;7
"5478";3;4;7;7;7;7;7;7;7
"5479";3;4;6;9;10;12;15;16;19
"5480";3;4;6;9;10;12;15;16;19
"5481";3;4;6;9;10;12;15;16;19
"5482";3;4;7;7;7;7;7;7;7
"5483";3;4;7;7;7;7;7;7;7
"5484";3;4;7;7;7;7;7;7;7
"5485";3;4;7;7;7;7;7;7;7
"5486";3;4;7;7;7;7;7;7;7
"5487";3;4;7;7;7;7;7;7;7
"5488";3;4;7;7;7;7;7;7;7
"5489";3;4;7;7;7;7;7;7;7
"5490";3;4;7;7;7;7;7;7;7
"5491";3;4;7;7;7;7;7;7;7
"5492";3;4;7;7;7;7;7;7;7
"5493";3;4;7;7;7;7;7;7;7
"5494";3;4;7;7;7;7;7;7;7
"5495";3;4;7;7;7;7;7;7;7
"5496";3;5;5;5;5;5;5;5;5
"5497";3;4;7;7;7;7;7;7;7
"5498";3;4;7;7;7;7;7;7;7
"5499";3;4;7;7;7;7;7;7;7
"5500";3;4;7;7;7;7;7;7;7
"5501";3;4;7;7;7;7;7;7;7
"5502";3;4;7;7;7;7;7;7;7
"5503";3;4;7;7;7;7;7;7;7
"5504";3;4;7;7;7;7;7;7;7
"5505";3;4;7;7;7;7;7;7;7
"5506";3;4;7;7;7;7;7;7;7
"5507";3;4;7;7;7;7;7;7;7
"5508";3;4;7;7;7;7;7;7;7
"5509";3;4;7;7;7;7;7;7;7
"5510";3;4;7;7;7;7;7;7;7
"5511";3;4;7;7;7;7;7;7;7
"5512";3;4;7;7;7;7;7;7;7
"5513";3;4;7;7;7;7;7;7;7
"5514";3;4;7;7;7;7;7;7;7
"5515";3;4;7;7;7;7;7;7;7
"5516";3;4;7;7;7;7;7;7;7
"5517";3;4;7;7;7;7;7;7;7
"5518";3;4;7;7;7;7;7;7;7
"5519";3;4;7;7;7;7;7;7;7
"5520";3;4;7;7;7;7;7;7;7
"5521";3;4;7;7;7;7;7;7;7
"5522";3;4;7;7;7;7;7;7;7
"5523";3;4;7;7;7;7;7;7;7
"5524";3;4;7;7;7;7;7;7;7
"5525";3;4;7;7;7;7;7;7;7
"5526";3;4;7;7;7;7;7;7;7
"5527";3;4;6;9;10;12;15;16;19
"5528";3;4;6;9;10;12;15;16;19
"5529";3;4;7;7;7;7;7;7;7
"5530";3;4;7;7;7;7;7;7;7
"5531";3;4;6;9;10;12;15;16;19
"5532";3;4;7;7;7;7;7;7;7
"5533";3;4;7;7;7;7;7;7;7
"5534";3;4;7;7;7;7;7;7;7
"5535";3;4;7;7;7;7;7;7;7
"5536";3;4;7;7;7;7;7;7;7
"5537";3;4;7;7;7;7;7;7;7
"5538";3;4;7;7;7;7;7;7;7
"5539";3;4;6;8;8;8;8;8;8
"5540";3;4;7;7;7;7;7;7;7
"5541";3;4;7;7;7;7;7;7;7
"5542";3;4;7;7;7;7;7;7;7
"5543";3;5;5;5;5;5;5;5;5
"5544";3;4;6;9;10;12;15;16;19
"5545";3;4;7;7;7;7;7;7;7
"5546";3;4;7;7;7;7;7;7;7
"5547";3;4;7;7;7;7;7;7;7
"5548";3;4;7;7;7;7;7;7;7
"5549";3;4;7;7;7;7;7;7;7
"5550";3;4;7;7;7;7;7;7;7
"5551";3;4;7;7;7;7;7;7;7
"5552";3;4;7;7;7;7;7;7;7
"5553";3;4;7;7;7;7;7;7;7
"5554";3;4;7;7;7;7;7;7;7
"5555";3;4;6;9;10;12;15;16;19
"5556";3;4;6;9;10;12;15;16;19
"5557";3;4;6;9;10;12;15;16;19
"5558";3;4;6;9;10;12;15;16;19
"5559";3;4;6;9;10;12;15;16;19
"5560";3;4;6;9;10;12;15;16;19
"5561";3;4;7;7;7;7;7;7;7
"5562";3;4;7;7;7;7;7;7;7
"5563";3;4;6;9;10;12;15;16;19
"5564";3;4;6;9;10;12;15;16;19
"5565";3;4;7;7;7;7;7;7;7
"5566";3;4;7;7;7;7;7;7;7
"5567";3;4;7;7;7;7;7;7;7
"5568";3;4;7;7;7;7;7;7;7
"5569";3;4;7;7;7;7;7;7;7
"5570";3;4;7;7;7;7;7;7;7
"5571";3;4;7;7;7;7;7;7;7
"5572";3;4;7;7;7;7;7;7;7
"5573";3;4;7;7;7;7;7;7;7
"5574";3;4;7;7;7;7;7;7;7
"5575";3;4;7;7;7;7;7;7;7
"5576";3;4;7;7;7;7;7;7;7
"5577";3;4;7;7;7;7;7;7;7
"5578";3;4;7;7;7;7;7;7;7
"5579";3;4;7;7;7;7;7;7;7
"5580";3;4;7;7;7;7;7;7;7
"5581";3;4;6;9;10;12;15;16;19
"5582";3;4;7;7;7;7;7;7;7
"5583";3;4;7;7;7;7;7;7;7
"5584";3;4;6;9;10;12;15;16;19
"5585";3;4;7;7;7;7;7;7;7
"5586";3;4;7;7;7;7;7;7;7
"5587";3;4;7;7;7;7;7;7;7
"5588";3;4;7;7;7;7;7;7;7
"5589";3;4;6;9;10;12;15;16;19
"5590";3;4;7;7;7;7;7;7;7
"5591";3;4;7;7;7;7;7;7;7
"5592";3;4;7;7;7;7;7;7;7
"5593";3;4;7;7;7;7;7;7;7
"5594";3;4;7;7;7;7;7;7;7
"5595";3;4;6;9;10;12;15;16;19
"5596";3;4;6;9;10;12;15;16;19
"5597";3;4;7;7;7;7;7;7;7
"5598";3;4;7;7;7;7;7;7;7
"5599";3;4;7;7;7;7;7;7;7
"5600";3;4;7;7;7;7;7;7;7
"5601";3;4;7;7;7;7;7;7;7
"5602";3;4;7;7;7;7;7;7;7
"5603";3;4;7;7;7;7;7;7;7
"5604";3;4;6;8;8;8;8;8;8
"5605";3;4;7;7;7;7;7;7;7
"5606";3;4;7;7;7;7;7;7;7
"5607";3;4;7;7;7;7;7;7;7
"5608";3;4;7;7;7;7;7;7;7
"5609";3;4;7;7;7;7;7;7;7
"5610";3;4;7;7;7;7;7;7;7
"5611";3;4;7;7;7;7;7;7;7
"5612";3;4;7;7;7;7;7;7;7
"5613";3;4;7;7;7;7;7;7;7
"5614";3;4;7;7;7;7;7;7;7
"5615";3;4;7;7;7;7;7;7;7
"5616";3;4;7;7;7;7;7;7;7
"5617";3;4;6;9;10;12;15;16;19
"5618";3;4;7;7;7;7;7;7;7
"5619";3;4;7;7;7;7;7;7;7
"5620";3;4;7;7;7;7;7;7;7
"5621";3;4;7;7;7;7;7;7;7
"5622";3;4;6;9;10;12;15;16;19
"5623";3;4;7;7;7;7;7;7;7
"5624";3;4;7;7;7;7;7;7;7
"5625";3;4;7;7;7;7;7;7;7
"5626";3;4;7;7;7;7;7;7;7
"5627";3;4;6;9;10;12;15;16;19
"5628";3;4;6;9;10;12;15;16;19
"5629";3;4;7;7;7;7;7;7;7
"5630";3;4;6;9;10;12;15;16;19
"5631";3;4;7;7;7;7;7;7;7
"5632";3;4;7;7;7;7;7;7;7
"5633";3;4;7;7;7;7;7;7;7
"5634";3;4;7;7;7;7;7;7;7
"5635";3;4;7;7;7;7;7;7;7
"5636";3;4;7;7;7;7;7;7;7
"5637";3;4;7;7;7;7;7;7;7
"5638";3;4;7;7;7;7;7;7;7
"5639";3;4;6;9;10;12;15;16;19
"5640";3;4;7;7;7;7;7;7;7
"5641";3;4;7;7;7;7;7;7;7
"5642";3;4;7;7;7;7;7;7;7
"5643";3;4;7;7;7;7;7;7;7
"5644";3;4;7;7;7;7;7;7;7
"5645";3;4;7;7;7;7;7;7;7
"5646";3;4;7;7;7;7;7;7;7
"5647";3;4;7;7;7;7;7;7;7
"5648";3;4;7;7;7;7;7;7;7
"5649";3;4;7;7;7;7;7;7;7
"5650";3;4;7;7;7;7;7;7;7
"5651";3;4;7;7;7;7;7;7;7
"5652";3;4;7;7;7;7;7;7;7
"5653";3;4;7;7;7;7;7;7;7
"5654";3;4;6;9;10;12;15;16;19
"5655";3;4;6;9;10;12;15;16;19
"5656";3;4;7;7;7;7;7;7;7
"5657";3;4;6;9;10;12;15;16;19
"5658";3;4;6;9;10;12;15;16;19
"5659";3;4;7;7;7;7;7;7;7
"5660";3;4;7;7;7;7;7;7;7
"5661";3;4;7;7;7;7;7;7;7
"5662";3;4;6;9;10;12;15;16;19
"5663";3;4;7;7;7;7;7;7;7
"5664";3;4;6;9;10;12;15;16;19
"5665";3;4;6;9;10;12;15;16;19
"5666";3;4;7;7;7;7;7;7;7
"5667";3;4;6;9;10;12;15;16;19
"5668";3;4;7;7;7;7;7;7;7
"5669";3;4;6;9;10;12;15;16;19
"5670";3;4;7;7;7;7;7;7;7
"5671";3;4;6;9;10;12;15;16;19
"5672";3;4;6;9;10;12;15;16;19
"5673";3;4;7;7;7;7;7;7;7
"5674";3;4;7;7;7;7;7;7;7
"5675";3;4;7;7;7;7;7;7;7
"5676";3;4;7;7;7;7;7;7;7
"5677";3;4;7;7;7;7;7;7;7
"5678";3;4;7;7;7;7;7;7;7
"5679";3;4;6;9;10;12;15;16;19
"5680";3;4;7;7;7;7;7;7;7
"5681";3;4;6;9;10;12;15;16;19
"5682";3;4;7;7;7;7;7;7;7
"5683";3;4;7;7;7;7;7;7;7
"5684";3;4;7;7;7;7;7;7;7
"5685";3;4;6;9;10;12;15;16;19
"5686";3;4;6;9;10;12;15;16;19
"5687";3;4;7;7;7;7;7;7;7
"5688";3;4;7;7;7;7;7;7;7
"5689";3;4;7;7;7;7;7;7;7
"5690";3;4;7;7;7;7;7;7;7
"5691";3;4;7;7;7;7;7;7;7
"5692";3;4;7;7;7;7;7;7;7
"5693";3;4;7;7;7;7;7;7;7
"5694";3;4;7;7;7;7;7;7;7
"5695";3;4;7;7;7;7;7;7;7
"5696";3;4;7;7;7;7;7;7;7
"5697";3;4;7;7;7;7;7;7;7
"5698";3;4;7;7;7;7;7;7;7
"5699";3;4;7;7;7;7;7;7;7
"5700";3;4;7;7;7;7;7;7;7
"5701";3;4;7;7;7;7;7;7;7
"5702";3;4;7;7;7;7;7;7;7
"5703";3;4;7;7;7;7;7;7;7
"5704";3;4;7;7;7;7;7;7;7
"5705";3;4;7;7;7;7;7;7;7
"5706";3;4;7;7;7;7;7;7;7
"5707";3;4;7;7;7;7;7;7;7
"5708";3;4;7;7;7;7;7;7;7
"5709";3;4;7;7;7;7;7;7;7
"5710";3;4;6;9;10;12;15;16;19
"5711";3;4;6;9;10;12;15;16;19
"5712";3;4;7;7;7;7;7;7;7
"5713";3;4;7;7;7;7;7;7;7
"5714";3;4;7;7;7;7;7;7;7
"5715";3;4;7;7;7;7;7;7;7
"5716";3;4;7;7;7;7;7;7;7
"5717";3;4;7;7;7;7;7;7;7
"5718";3;4;6;9;10;12;15;16;19
"5719";3;4;7;7;7;7;7;7;7
"5720";3;4;6;9;10;12;15;16;19
"5721";3;4;7;7;7;7;7;7;7
"5722";3;4;7;7;7;7;7;7;7
"5723";3;4;7;7;7;7;7;7;7
"5724";3;4;6;9;10;12;15;16;19
"5725";3;4;6;9;10;12;15;16;19
"5726";3;4;6;9;10;12;15;16;19
"5727";3;4;7;7;7;7;7;7;7
"5728";3;4;7;7;7;7;7;7;7
"5729";3;4;7;7;7;7;7;7;7
"5730";3;4;7;7;7;7;7;7;7
"5731";3;4;7;7;7;7;7;7;7
"5732";3;4;7;7;7;7;7;7;7
"5733";3;4;7;7;7;7;7;7;7
"5734";3;4;7;7;7;7;7;7;7
"5735";3;4;7;7;7;7;7;7;7
"5736";3;4;7;7;7;7;7;7;7
"5737";3;4;7;7;7;7;7;7;7
"5738";3;4;7;7;7;7;7;7;7
"5739";3;4;7;7;7;7;7;7;7
"5740";3;4;7;7;7;7;7;7;7
"5741";3;4;7;7;7;7;7;7;7
"5742";3;4;7;7;7;7;7;7;7
"5743";3;4;7;7;7;7;7;7;7
"5744";3;4;7;7;7;7;7;7;7
"5745";3;4;7;7;7;7;7;7;7
"5746";3;4;7;7;7;7;7;7;7
"5747";3;4;7;7;7;7;7;7;7
"5748";3;4;7;7;7;7;7;7;7
"5749";3;4;7;7;7;7;7;7;7
"5750";3;4;7;7;7;7;7;7;7
"5751";3;4;7;7;7;7;7;7;7
"5752";3;4;7;7;7;7;7;7;7
"5753";3;4;7;7;7;7;7;7;7
"5754";3;4;7;7;7;7;7;7;7
"5755";3;4;7;7;7;7;7;7;7
"5756";3;4;7;7;7;7;7;7;7
"5757";3;4;7;7;7;7;7;7;7
"5758";3;4;7;7;7;7;7;7;7
"5759";3;4;7;7;7;7;7;7;7
"5760";3;4;7;7;7;7;7;7;7
"5761";3;4;7;7;7;7;7;7;7
"5762";3;4;7;7;7;7;7;7;7
"5763";3;4;7;7;7;7;7;7;7
"5764";3;4;6;9;10;12;15;16;19
"5765";3;4;7;7;7;7;7;7;7
"5766";3;4;7;7;7;7;7;7;7
"5767";3;4;7;7;7;7;7;7;7
"5768";3;4;7;7;7;7;7;7;7
"5769";3;4;6;9;10;12;15;16;19
"5770";3;4;7;7;7;7;7;7;7
"5771";3;4;6;9;10;12;15;16;19
"5772";3;4;6;9;10;12;15;16;19
"5773";3;4;7;7;7;7;7;7;7
"5774";3;4;7;7;7;7;7;7;7
"5775";3;4;7;7;7;7;7;7;7
"5776";3;4;6;9;10;12;15;16;19
"5777";3;4;6;9;10;12;15;16;19
"5778";3;4;6;9;10;12;15;16;19
"5779";3;4;6;9;10;12;15;16;19
"5780";3;4;7;7;7;7;7;7;7
"5781";3;4;7;7;7;7;7;7;7
"5782";3;4;6;9;10;12;15;16;19
"5783";3;4;7;7;7;7;7;7;7
"5784";3;4;6;9;10;12;15;16;19
"5785";3;4;6;8;8;8;8;8;8
"5786";3;4;6;9;10;12;15;16;19
"5787";3;4;7;7;7;7;7;7;7
"5788";3;4;7;7;7;7;7;7;7
"5789";3;4;7;7;7;7;7;7;7
"5790";3;4;7;7;7;7;7;7;7
"5791";3;4;7;7;7;7;7;7;7
"5792";3;4;6;9;10;12;15;16;19
"5793";3;4;6;9;10;12;15;16;19
"5794";3;4;6;9;10;12;15;16;19
"5795";3;4;6;9;10;12;15;16;19
"5796";3;4;7;7;7;7;7;7;7
"5797";3;4;6;8;8;8;8;8;8
"5798";3;4;6;9;10;12;15;16;19
"5799";3;4;6;9;10;12;15;16;19
"5800";3;4;7;7;7;7;7;7;7
"5801";3;4;7;7;7;7;7;7;7
"5802";3;4;6;9;10;12;15;16;19
"5803";3;4;7;7;7;7;7;7;7
"5804";3;4;7;7;7;7;7;7;7
"5805";3;4;7;7;7;7;7;7;7
"5806";3;4;7;7;7;7;7;7;7
"5807";3;4;7;7;7;7;7;7;7
"5808";3;4;7;7;7;7;7;7;7
"5809";3;4;7;7;7;7;7;7;7
"5810";3;4;7;7;7;7;7;7;7
"5811";3;4;7;7;7;7;7;7;7
"5812";3;4;7;7;7;7;7;7;7
"5813";3;4;7;7;7;7;7;7;7
"5814";3;4;7;7;7;7;7;7;7
"5815";3;4;7;7;7;7;7;7;7
"5816";3;4;7;7;7;7;7;7;7
"5817";3;4;7;7;7;7;7;7;7
"5818";3;5;5;5;5;5;5;5;5
"5819";3;5;5;5;5;5;5;5;5
"5820";3;5;5;5;5;5;5;5;5
"5821";3;5;5;5;5;5;5;5;5
"5822";3;5;5;5;5;5;5;5;5
"5823";3;5;5;5;5;5;5;5;5
"5824";3;5;5;5;5;5;5;5;5
"5825";3;5;5;5;5;5;5;5;5
"5826";3;4;6;9;10;12;15;16;19
"5827";3;5;5;5;5;5;5;5;5
"5828";3;5;5;5;5;5;5;5;5
"5829";3;5;5;5;5;5;5;5;5
"5830";3;5;5;5;5;5;5;5;5
"5831";3;5;5;5;5;5;5;5;5
"5832";3;5;5;5;5;5;5;5;5
"5833";3;5;5;5;5;5;5;5;5
"5834";3;5;5;5;5;5;5;5;5
"5835";3;5;5;5;5;5;5;5;5
"5836";3;5;5;5;5;5;5;5;5
"5837";3;5;5;5;5;5;5;5;5
"5838";3;5;5;5;5;5;5;5;5
"5839";3;5;5;5;5;5;5;5;5
"5840";3;5;5;5;5;5;5;5;5
"5841";3;5;5;5;5;5;5;5;5
"5842";3;5;5;5;5;5;5;5;5
"5843";3;5;5;5;5;5;5;5;5
"5844";3;5;5;5;5;5;5;5;5
"5845";3;5;5;5;5;5;5;5;5
"5846";3;5;5;5;5;5;5;5;5
"5847";3;5;5;5;5;5;5;5;5
"5848";3;5;5;5;5;5;5;5;5
"5849";3;5;5;5;5;5;5;5;5
"5850";3;5;5;5;5;5;5;5;5
"5851";3;4;6;9;10;12;15;16;19
"5852";3;4;6;9;10;12;15;16;19
"5853";3;4;6;8;8;8;8;8;8
"5854";3;4;6;8;8;8;8;8;8
"5855";3;5;5;5;5;5;5;5;5
"5856";3;4;7;7;7;7;7;7;7
"5857";3;4;6;9;10;12;15;16;19
"5858";3;5;5;5;5;5;5;5;5
"5859";3;5;5;5;5;5;5;5;5
"5860";3;4;6;9;10;12;15;16;19
"5861";3;5;5;5;5;5;5;5;5
"5862";3;5;5;5;5;5;5;5;5
"5863";3;5;5;5;5;5;5;5;5
"5864";3;5;5;5;5;5;5;5;5
"5865";3;5;5;5;5;5;5;5;5
"5866";3;5;5;5;5;5;5;5;5
"5867";3;4;6;8;8;8;8;8;8
"5868";3;5;5;5;5;5;5;5;5
"5869";3;5;5;5;5;5;5;5;5
"5870";3;5;5;5;5;5;5;5;5
"5871";3;5;5;5;5;5;5;5;5
"5872";3;5;5;5;5;5;5;5;5
"5873";3;5;5;5;5;5;5;5;5
"5874";3;5;5;5;5;5;5;5;5
"5875";3;4;6;8;8;8;8;8;8
"5876";3;5;5;5;5;5;5;5;5
"5877";3;5;5;5;5;5;5;5;5
"5878";3;5;5;5;5;5;5;5;5
"5879";3;5;5;5;5;5;5;5;5
"5880";3;5;5;5;5;5;5;5;5
"5881";3;5;5;5;5;5;5;5;5
"5882";3;5;5;5;5;5;5;5;5
"5883";3;5;5;5;5;5;5;5;5
"5884";3;5;5;5;5;5;5;5;5
"5885";3;5;5;5;5;5;5;5;5
"5886";3;5;5;5;5;5;5;5;5
"5887";3;5;5;5;5;5;5;5;5
"5888";3;4;6;9;10;12;15;16;19
"5889";3;4;7;7;7;7;7;7;7
"5890";3;4;6;9;10;12;15;16;19
"5891";3;5;5;5;5;5;5;5;5
"5892";3;4;6;9;10;12;15;16;19
"5893";3;4;6;8;8;8;8;8;8
"5894";3;5;5;5;5;5;5;5;5
"5895";3;5;5;5;5;5;5;5;5
"5896";3;5;5;5;5;5;5;5;5
"5897";3;5;5;5;5;5;5;5;5
"5898";3;5;5;5;5;5;5;5;5
"5899";3;5;5;5;5;5;5;5;5
"5900";3;5;5;5;5;5;5;5;5
"5901";3;5;5;5;5;5;5;5;5
"5902";3;5;5;5;5;5;5;5;5
"5903";3;5;5;5;5;5;5;5;5
"5904";3;5;5;5;5;5;5;5;5
"5905";3;5;5;5;5;5;5;5;5
"5906";3;5;5;5;5;5;5;5;5
"5907";3;4;6;8;8;8;8;8;8
"5908";3;5;5;5;5;5;5;5;5
"5909";3;4;6;8;8;8;8;8;8
"5910";3;5;5;5;5;5;5;5;5
"5911";3;5;5;5;5;5;5;5;5
"5912";3;5;5;5;5;5;5;5;5
"5913";3;5;5;5;5;5;5;5;5
"5914";3;5;5;5;5;5;5;5;5
"5915";3;5;5;5;5;5;5;5;5
"5916";3;5;5;5;5;5;5;5;5
"5917";3;5;5;5;5;5;5;5;5
"5918";3;5;5;5;5;5;5;5;5
"5919";3;5;5;5;5;5;5;5;5
"5920";3;5;5;5;5;5;5;5;5
"5921";3;5;5;5;5;5;5;5;5
"5922";3;5;5;5;5;5;5;5;5
"5923";3;5;5;5;5;5;5;5;5
"5924";3;5;5;5;5;5;5;5;5
"5925";3;5;5;5;5;5;5;5;5
"5926";3;5;5;5;5;5;5;5;5
"5927";3;5;5;5;5;5;5;5;5
"5928";3;5;5;5;5;5;5;5;5
"5929";3;5;5;5;5;5;5;5;5
"5930";3;5;5;5;5;5;5;5;5
"5931";3;5;5;5;5;5;5;5;5
"5932";3;5;5;5;5;5;5;5;5
"5933";3;5;5;5;5;5;5;5;5
"5934";3;5;5;5;5;5;5;5;5
"5935";3;5;5;5;5;5;5;5;5
"5936";3;5;5;5;5;5;5;5;5
"5937";3;5;5;5;5;5;5;5;5
"5938";3;5;5;5;5;5;5;5;5
"5939";3;5;5;5;5;5;5;5;5
"5940";3;5;5;5;5;5;5;5;5
"5941";3;5;5;5;5;5;5;5;5
"5942";3;5;5;5;5;5;5;5;5
"5943";3;5;5;5;5;5;5;5;5
"5944";3;4;6;8;8;8;8;8;8
"5945";3;4;6;9;10;12;15;16;19
"5946";3;5;5;5;5;5;5;5;5
"5947";3;5;5;5;5;5;5;5;5
"5948";3;5;5;5;5;5;5;5;5
"5949";3;5;5;5;5;5;5;5;5
"5950";3;5;5;5;5;5;5;5;5
"5951";3;5;5;5;5;5;5;5;5
"5952";3;5;5;5;5;5;5;5;5
"5953";3;5;5;5;5;5;5;5;5
"5954";3;4;6;9;10;12;15;16;19
"5955";3;4;6;8;8;8;8;8;8
"5956";3;4;6;9;10;12;15;16;19
"5957";3;5;5;5;5;5;5;5;5
"5958";3;4;6;9;10;12;15;16;19
"5959";3;4;6;9;10;12;15;16;19
"5960";3;5;5;5;5;5;5;5;5
"5961";3;5;5;5;5;5;5;5;5
"5962";3;4;6;9;10;12;15;16;19
"5963";3;5;5;5;5;5;5;5;5
"5964";3;5;5;5;5;5;5;5;5
"5965";3;4;6;9;10;12;15;16;19
"5966";3;5;5;5;5;5;5;5;5
"5967";3;5;5;5;5;5;5;5;5
"5968";3;5;5;5;5;5;5;5;5
"5969";3;5;5;5;5;5;5;5;5
"5970";3;4;6;8;8;8;8;8;8
"5971";3;4;6;8;8;8;8;8;8
"5972";3;4;6;9;10;12;15;16;19
"5973";3;5;5;5;5;5;5;5;5
"5974";3;5;5;5;5;5;5;5;5
"5975";3;4;6;9;10;12;15;16;19
"5976";3;5;5;5;5;5;5;5;5
"5977";3;5;5;5;5;5;5;5;5
"5978";3;5;5;5;5;5;5;5;5
"5979";3;5;5;5;5;5;5;5;5
"5980";3;5;5;5;5;5;5;5;5
"5981";3;5;5;5;5;5;5;5;5
"5982";3;5;5;5;5;5;5;5;5
"5983";3;5;5;5;5;5;5;5;5
"5984";3;5;5;5;5;5;5;5;5
"5985";3;5;5;5;5;5;5;5;5
"5986";3;5;5;5;5;5;5;5;5
"5987";3;5;5;5;5;5;5;5;5
"5988";3;5;5;5;5;5;5;5;5
"5989";3;5;5;5;5;5;5;5;5
"5990";3;5;5;5;5;5;5;5;5
"5991";3;5;5;5;5;5;5;5;5
"5992";3;5;5;5;5;5;5;5;5
"5993";3;5;5;5;5;5;5;5;5
"5994";3;5;5;5;5;5;5;5;5
"5995";3;5;5;5;5;5;5;5;5
"5996";3;4;6;9;10;12;15;16;19
"5997";3;5;5;5;5;5;5;5;5
"5998";3;5;5;5;5;5;5;5;5
"5999";3;5;5;5;5;5;5;5;5
"6000";3;5;5;5;5;5;5;5;5
"6001";3;5;5;5;5;5;5;5;5
"6002";3;5;5;5;5;5;5;5;5
"6003";3;5;5;5;5;5;5;5;5
"6004";3;5;5;5;5;5;5;5;5
"6005";3;5;5;5;5;5;5;5;5
"6006";3;4;6;9;10;12;15;16;19
"6007";3;4;6;9;10;12;15;16;19
"6008";3;5;5;5;5;5;5;5;5
"6009";3;5;5;5;5;5;5;5;5
"6010";3;5;5;5;5;5;5;5;5
"6011";3;5;5;5;5;5;5;5;5
"6012";3;5;5;5;5;5;5;5;5
"6013";3;4;6;9;10;12;15;16;19
"6014";3;5;5;5;5;5;5;5;5
"6015";3;5;5;5;5;5;5;5;5
"6016";3;5;5;5;5;5;5;5;5
"6017";3;5;5;5;5;5;5;5;5
"6018";3;5;5;5;5;5;5;5;5
"6019";3;5;5;5;5;5;5;5;5
"6020";3;5;5;5;5;5;5;5;5
"6021";3;5;5;5;5;5;5;5;5
"6022";3;5;5;5;5;5;5;5;5
"6023";3;5;5;5;5;5;5;5;5
"6024";3;5;5;5;5;5;5;5;5
"6025";3;5;5;5;5;5;5;5;5
"6026";3;5;5;5;5;5;5;5;5
"6027";3;5;5;5;5;5;5;5;5
"6028";3;5;5;5;5;5;5;5;5
"6029";3;4;7;7;7;7;7;7;7
"6030";3;5;5;5;5;5;5;5;5
"6031";3;5;5;5;5;5;5;5;5
"6032";3;5;5;5;5;5;5;5;5
"6033";3;5;5;5;5;5;5;5;5
"6034";3;4;6;8;8;8;8;8;8
"6035";3;4;6;9;10;12;15;16;19
"6036";3;5;5;5;5;5;5;5;5
"6037";3;5;5;5;5;5;5;5;5
"6038";3;5;5;5;5;5;5;5;5
"6039";3;4;6;9;10;12;15;16;19
"6040";3;5;5;5;5;5;5;5;5
"6041";3;5;5;5;5;5;5;5;5
"6042";3;5;5;5;5;5;5;5;5
"6043";3;5;5;5;5;5;5;5;5
"6044";3;5;5;5;5;5;5;5;5
"6045";3;4;6;9;10;12;15;16;19
"6046";3;5;5;5;5;5;5;5;5
"6047";3;5;5;5;5;5;5;5;5
"6048";3;5;5;5;5;5;5;5;5
"6049";3;5;5;5;5;5;5;5;5
"6050";3;5;5;5;5;5;5;5;5
"6051";3;5;5;5;5;5;5;5;5
"6052";3;5;5;5;5;5;5;5;5
"6053";3;5;5;5;5;5;5;5;5
"6054";3;5;5;5;5;5;5;5;5
"6055";3;5;5;5;5;5;5;5;5
"6056";3;5;5;5;5;5;5;5;5
"6057";3;4;6;9;10;12;15;16;19
"6058";3;5;5;5;5;5;5;5;5
"6059";3;5;5;5;5;5;5;5;5
"6060";3;4;6;9;10;12;15;16;19
"6061";3;4;6;9;10;12;15;16;19
"6062";3;5;5;5;5;5;5;5;5
"6063";3;5;5;5;5;5;5;5;5
"6064";3;4;6;9;10;12;15;16;19
"6065";3;5;5;5;5;5;5;5;5
"6066";3;5;5;5;5;5;5;5;5
"6067";3;5;5;5;5;5;5;5;5
"6068";3;5;5;5;5;5;5;5;5
"6069";3;5;5;5;5;5;5;5;5
"6070";3;5;5;5;5;5;5;5;5
"6071";3;5;5;5;5;5;5;5;5
"6072";3;5;5;5;5;5;5;5;5
"6073";3;5;5;5;5;5;5;5;5
"6074";3;5;5;5;5;5;5;5;5
"6075";3;5;5;5;5;5;5;5;5
"6076";3;5;5;5;5;5;5;5;5
"6077";3;5;5;5;5;5;5;5;5
"6078";3;5;5;5;5;5;5;5;5
"6079";3;5;5;5;5;5;5;5;5
"6080";3;5;5;5;5;5;5;5;5
"6081";3;5;5;5;5;5;5;5;5
"6082";3;5;5;5;5;5;5;5;5
"6083";3;5;5;5;5;5;5;5;5
"6084";3;4;6;8;8;8;8;8;8
"6085";3;4;6;8;8;8;8;8;8
"6086";3;4;6;9;10;12;15;16;19
"6087";3;5;5;5;5;5;5;5;5
"6088";3;5;5;5;5;5;5;5;5
"6089";3;5;5;5;5;5;5;5;5
"6090";3;5;5;5;5;5;5;5;5
"6091";3;5;5;5;5;5;5;5;5
"6092";3;5;5;5;5;5;5;5;5
"6093";3;4;6;9;10;12;15;16;19
"6094";3;5;5;5;5;5;5;5;5
"6095";3;4;6;9;10;12;15;16;19
"6096";3;4;6;8;8;8;8;8;8
"6097";3;5;5;5;5;5;5;5;5
"6098";3;5;5;5;5;5;5;5;5
"6099";3;5;5;5;5;5;5;5;5
"6100";3;4;6;8;8;8;8;8;8
"6101";3;5;5;5;5;5;5;5;5
"6102";3;5;5;5;5;5;5;5;5
"6103";3;5;5;5;5;5;5;5;5
"6104";3;4;6;8;8;8;8;8;8
"6105";3;4;6;9;10;12;15;16;19
"6106";3;4;6;9;10;12;15;16;19
"6107";3;5;5;5;5;5;5;5;5
"6108";3;5;5;5;5;5;5;5;5
"6109";3;5;5;5;5;5;5;5;5
"6110";3;5;5;5;5;5;5;5;5
"6111";3;5;5;5;5;5;5;5;5
"6112";3;5;5;5;5;5;5;5;5
"6113";3;5;5;5;5;5;5;5;5
"6114";3;5;5;5;5;5;5;5;5
"6115";3;5;5;5;5;5;5;5;5
"6116";3;4;6;8;8;8;8;8;8
"6117";3;5;5;5;5;5;5;5;5
"6118";3;5;5;5;5;5;5;5;5
"6119";3;5;5;5;5;5;5;5;5
"6120";3;5;5;5;5;5;5;5;5
"6121";3;5;5;5;5;5;5;5;5
"6122";3;5;5;5;5;5;5;5;5
"6123";3;5;5;5;5;5;5;5;5
"6124";3;5;5;5;5;5;5;5;5
"6125";3;5;5;5;5;5;5;5;5
"6126";3;5;5;5;5;5;5;5;5
"6127";3;5;5;5;5;5;5;5;5
"6128";3;5;5;5;5;5;5;5;5
"6129";3;5;5;5;5;5;5;5;5
"6130";3;5;5;5;5;5;5;5;5
"6131";3;5;5;5;5;5;5;5;5
"6132";3;5;5;5;5;5;5;5;5
"6133";3;5;5;5;5;5;5;5;5
"6134";3;5;5;5;5;5;5;5;5
"6135";3;5;5;5;5;5;5;5;5
"6136";3;5;5;5;5;5;5;5;5
"6137";3;5;5;5;5;5;5;5;5
"6138";3;5;5;5;5;5;5;5;5
"6139";3;5;5;5;5;5;5;5;5
"6140";3;5;5;5;5;5;5;5;5
"6141";3;5;5;5;5;5;5;5;5
"6142";3;5;5;5;5;5;5;5;5
"6143";3;4;6;8;8;8;8;8;8
"6144";3;5;5;5;5;5;5;5;5
"6145";3;4;6;9;10;12;15;16;19
"6146";3;4;6;9;10;12;15;16;19
"6147";3;4;6;9;10;12;15;16;19
"6148";3;5;5;5;5;5;5;5;5
"6149";3;4;6;8;8;8;8;8;8
"6150";3;5;5;5;5;5;5;5;5
"6151";3;5;5;5;5;5;5;5;5
"6152";3;4;6;8;8;8;8;8;8
"6153";3;5;5;5;5;5;5;5;5
"6154";3;5;5;5;5;5;5;5;5
"6155";3;5;5;5;5;5;5;5;5
"6156";3;5;5;5;5;5;5;5;5
"6157";3;5;5;5;5;5;5;5;5
"6158";3;5;5;5;5;5;5;5;5
"6159";3;5;5;5;5;5;5;5;5
"6160";3;5;5;5;5;5;5;5;5
"6161";3;5;5;5;5;5;5;5;5
"6162";3;5;5;5;5;5;5;5;5
"6163";3;5;5;5;5;5;5;5;5
"6164";3;5;5;5;5;5;5;5;5
"6165";3;5;5;5;5;5;5;5;5
"6166";3;5;5;5;5;5;5;5;5
"6167";3;5;5;5;5;5;5;5;5
"6168";3;5;5;5;5;5;5;5;5
"6169";3;5;5;5;5;5;5;5;5
"6170";3;5;5;5;5;5;5;5;5
"6171";3;5;5;5;5;5;5;5;5
"6172";3;5;5;5;5;5;5;5;5
"6173";3;4;6;8;8;8;8;8;8
"6174";3;4;6;9;10;12;15;16;19
"6175";3;5;5;5;5;5;5;5;5
"6176";3;4;6;8;8;8;8;8;8
"6177";3;5;5;5;5;5;5;5;5
"6178";3;4;6;8;8;8;8;8;8
"6179";3;5;5;5;5;5;5;5;5
"6180";3;5;5;5;5;5;5;5;5
"6181";3;5;5;5;5;5;5;5;5
"6182";3;5;5;5;5;5;5;5;5
"6183";3;5;5;5;5;5;5;5;5
"6184";3;5;5;5;5;5;5;5;5
"6185";3;4;6;8;8;8;8;8;8
"6186";3;5;5;5;5;5;5;5;5
"6187";3;5;5;5;5;5;5;5;5
"6188";3;5;5;5;5;5;5;5;5
"6189";3;5;5;5;5;5;5;5;5
"6190";3;5;5;5;5;5;5;5;5
"6191";3;5;5;5;5;5;5;5;5
"6192";3;5;5;5;5;5;5;5;5
"6193";3;5;5;5;5;5;5;5;5
"6194";3;5;5;5;5;5;5;5;5
"6195";3;5;5;5;5;5;5;5;5
"6196";3;5;5;5;5;5;5;5;5
"6197";3;5;5;5;5;5;5;5;5
"6198";3;5;5;5;5;5;5;5;5
"6199";3;5;5;5;5;5;5;5;5
"6200";3;5;5;5;5;5;5;5;5
"6201";3;5;5;5;5;5;5;5;5
"6202";3;5;5;5;5;5;5;5;5
"6203";3;5;5;5;5;5;5;5;5
"6204";3;5;5;5;5;5;5;5;5
"6205";3;5;5;5;5;5;5;5;5
"6206";3;4;6;8;8;8;8;8;8
"6207";3;4;7;7;7;7;7;7;7
"6208";3;5;5;5;5;5;5;5;5
"6209";3;5;5;5;5;5;5;5;5
"6210";3;5;5;5;5;5;5;5;5
"6211";3;5;5;5;5;5;5;5;5
"6212";3;5;5;5;5;5;5;5;5
"6213";3;5;5;5;5;5;5;5;5
"6214";3;4;6;9;10;13;13;13;13
"6215";3;4;6;9;10;12;15;16;19
"6216";3;5;5;5;5;5;5;5;5
"6217";3;5;5;5;5;5;5;5;5
"6218";3;5;5;5;5;5;5;5;5
"6219";3;5;5;5;5;5;5;5;5
"6220";3;5;5;5;5;5;5;5;5
"6221";3;5;5;5;5;5;5;5;5
"6222";3;5;5;5;5;5;5;5;5
"6223";3;4;6;9;10;12;15;16;19
"6224";3;5;5;5;5;5;5;5;5
"6225";3;5;5;5;5;5;5;5;5
"6226";3;5;5;5;5;5;5;5;5
"6227";3;5;5;5;5;5;5;5;5
"6228";3;5;5;5;5;5;5;5;5
"6229";3;5;5;5;5;5;5;5;5
"6230";3;5;5;5;5;5;5;5;5
"6231";3;5;5;5;5;5;5;5;5
"6232";3;5;5;5;5;5;5;5;5
"6233";3;5;5;5;5;5;5;5;5
"6234";3;5;5;5;5;5;5;5;5
"6235";3;5;5;5;5;5;5;5;5
"6236";3;4;6;9;10;12;15;16;19
"6237";3;5;5;5;5;5;5;5;5
"6238";3;5;5;5;5;5;5;5;5
"6239";3;5;5;5;5;5;5;5;5
"6240";3;5;5;5;5;5;5;5;5
"6241";3;5;5;5;5;5;5;5;5
"6242";3;5;5;5;5;5;5;5;5
"6243";3;5;5;5;5;5;5;5;5
"6244";3;5;5;5;5;5;5;5;5
"6245";3;4;6;9;10;12;15;16;19
"6246";3;5;5;5;5;5;5;5;5
"6247";3;5;5;5;5;5;5;5;5
"6248";3;5;5;5;5;5;5;5;5
"6249";3;5;5;5;5;5;5;5;5
"6250";3;5;5;5;5;5;5;5;5
"6251";3;5;5;5;5;5;5;5;5
"6252";3;5;5;5;5;5;5;5;5
"6253";3;5;5;5;5;5;5;5;5
"6254";3;5;5;5;5;5;5;5;5
"6255";3;4;6;9;10;12;15;16;19
"6256";3;5;5;5;5;5;5;5;5
"6257";3;5;5;5;5;5;5;5;5
"6258";3;4;6;9;10;12;15;16;19
"6259";3;4;6;9;10;12;15;16;19
"6260";3;5;5;5;5;5;5;5;5
"6261";3;5;5;5;5;5;5;5;5
"6262";3;5;5;5;5;5;5;5;5
"6263";3;5;5;5;5;5;5;5;5
"6264";3;5;5;5;5;5;5;5;5
"6265";3;5;5;5;5;5;5;5;5
"6266";3;5;5;5;5;5;5;5;5
"6267";3;5;5;5;5;5;5;5;5
"6268";3;5;5;5;5;5;5;5;5
"6269";3;5;5;5;5;5;5;5;5
"6270";3;5;5;5;5;5;5;5;5
"6271";3;5;5;5;5;5;5;5;5
"6272";3;5;5;5;5;5;5;5;5
"6273";3;5;5;5;5;5;5;5;5
"6274";3;5;5;5;5;5;5;5;5
"6275";3;5;5;5;5;5;5;5;5
"6276";3;5;5;5;5;5;5;5;5
"6277";3;5;5;5;5;5;5;5;5
"6278";3;5;5;5;5;5;5;5;5
"6279";3;5;5;5;5;5;5;5;5
"6280";3;5;5;5;5;5;5;5;5
"6281";3;5;5;5;5;5;5;5;5
"6282";3;5;5;5;5;5;5;5;5
"6283";3;5;5;5;5;5;5;5;5
"6284";3;5;5;5;5;5;5;5;5
"6285";3;5;5;5;5;5;5;5;5
"6286";3;5;5;5;5;5;5;5;5
"6287";3;5;5;5;5;5;5;5;5
"6288";3;5;5;5;5;5;5;5;5
"6289";3;5;5;5;5;5;5;5;5
"6290";3;5;5;5;5;5;5;5;5
"6291";3;5;5;5;5;5;5;5;5
"6292";3;4;6;9;10;12;15;16;19
"6293";3;4;6;9;10;12;15;16;19
"6294";3;4;6;8;8;8;8;8;8
"6295";3;5;5;5;5;5;5;5;5
"6296";3;5;5;5;5;5;5;5;5
"6297";3;5;5;5;5;5;5;5;5
"6298";3;5;5;5;5;5;5;5;5
"6299";3;5;5;5;5;5;5;5;5
"6300";3;5;5;5;5;5;5;5;5
"6301";3;5;5;5;5;5;5;5;5
"6302";3;5;5;5;5;5;5;5;5
"6303";3;5;5;5;5;5;5;5;5
"6304";3;4;6;8;8;8;8;8;8
"6305";3;4;6;8;8;8;8;8;8
"6306";3;4;6;8;8;8;8;8;8
"6307";3;4;7;7;7;7;7;7;7
"6308";3;5;5;5;5;5;5;5;5
"6309";3;5;5;5;5;5;5;5;5
"6310";3;5;5;5;5;5;5;5;5
"6311";3;5;5;5;5;5;5;5;5
"6312";3;5;5;5;5;5;5;5;5
"6313";3;5;5;5;5;5;5;5;5
"6314";3;5;5;5;5;5;5;5;5
"6315";3;5;5;5;5;5;5;5;5
"6316";3;5;5;5;5;5;5;5;5
"6317";3;4;6;9;10;12;15;16;19
"6318";3;5;5;5;5;5;5;5;5
"6319";3;5;5;5;5;5;5;5;5
"6320";3;5;5;5;5;5;5;5;5
"6321";3;5;5;5;5;5;5;5;5
"6322";3;5;5;5;5;5;5;5;5
"6323";3;5;5;5;5;5;5;5;5
"6324";3;5;5;5;5;5;5;5;5
"6325";3;5;5;5;5;5;5;5;5
"6326";3;5;5;5;5;5;5;5;5
"6327";3;5;5;5;5;5;5;5;5
"6328";3;5;5;5;5;5;5;5;5
"6329";3;5;5;5;5;5;5;5;5
"6330";3;5;5;5;5;5;5;5;5
"6331";3;5;5;5;5;5;5;5;5
"6332";3;4;6;9;10;12;15;16;19
"6333";3;5;5;5;5;5;5;5;5
"6334";3;5;5;5;5;5;5;5;5
"6335";3;5;5;5;5;5;5;5;5
"6336";3;5;5;5;5;5;5;5;5
"6337";3;5;5;5;5;5;5;5;5
"6338";3;5;5;5;5;5;5;5;5
"6339";3;5;5;5;5;5;5;5;5
"6340";3;5;5;5;5;5;5;5;5
"6341";3;5;5;5;5;5;5;5;5
"6342";3;5;5;5;5;5;5;5;5
"6343";3;5;5;5;5;5;5;5;5
"6344";3;4;6;9;10;12;15;16;19
"6345";3;5;5;5;5;5;5;5;5
"6346";3;5;5;5;5;5;5;5;5
"6347";3;5;5;5;5;5;5;5;5
"6348";3;4;6;9;10;12;15;16;19
"6349";3;5;5;5;5;5;5;5;5
"6350";3;5;5;5;5;5;5;5;5
"6351";3;5;5;5;5;5;5;5;5
"6352";3;5;5;5;5;5;5;5;5
"6353";3;5;5;5;5;5;5;5;5
"6354";3;5;5;5;5;5;5;5;5
"6355";3;5;5;5;5;5;5;5;5
"6356";3;5;5;5;5;5;5;5;5
"6357";3;5;5;5;5;5;5;5;5
"6358";3;5;5;5;5;5;5;5;5
"6359";3;5;5;5;5;5;5;5;5
"6360";3;5;5;5;5;5;5;5;5
"6361";3;4;6;9;10;12;15;16;19
"6362";3;5;5;5;5;5;5;5;5
"6363";3;4;6;9;10;12;15;16;19
"6364";3;5;5;5;5;5;5;5;5
"6365";3;5;5;5;5;5;5;5;5
"6366";3;5;5;5;5;5;5;5;5
"6367";3;5;5;5;5;5;5;5;5
"6368";3;5;5;5;5;5;5;5;5
"6369";3;5;5;5;5;5;5;5;5
"6370";3;5;5;5;5;5;5;5;5
"6371";3;5;5;5;5;5;5;5;5
"6372";3;5;5;5;5;5;5;5;5
"6373";3;5;5;5;5;5;5;5;5
"6374";3;5;5;5;5;5;5;5;5
"6375";3;5;5;5;5;5;5;5;5
"6376";3;5;5;5;5;5;5;5;5
"6377";3;5;5;5;5;5;5;5;5
"6378";3;5;5;5;5;5;5;5;5
"6379";3;5;5;5;5;5;5;5;5
"6380";3;5;5;5;5;5;5;5;5
"6381";3;5;5;5;5;5;5;5;5
"6382";3;5;5;5;5;5;5;5;5
"6383";3;5;5;5;5;5;5;5;5
"6384";3;4;6;9;10;12;15;16;19
"6385";3;5;5;5;5;5;5;5;5
"6386";3;5;5;5;5;5;5;5;5
"6387";3;5;5;5;5;5;5;5;5
"6388";3;5;5;5;5;5;5;5;5
"6389";3;5;5;5;5;5;5;5;5
"6390";3;5;5;5;5;5;5;5;5
"6391";3;5;5;5;5;5;5;5;5
"6392";3;5;5;5;5;5;5;5;5
"6393";3;4;6;8;8;8;8;8;8
"6394";3;5;5;5;5;5;5;5;5
"6395";3;5;5;5;5;5;5;5;5
"6396";3;5;5;5;5;5;5;5;5
"6397";3;5;5;5;5;5;5;5;5
"6398";3;5;5;5;5;5;5;5;5
"6399";3;5;5;5;5;5;5;5;5
"6400";3;5;5;5;5;5;5;5;5
"6401";3;5;5;5;5;5;5;5;5
"6402";3;5;5;5;5;5;5;5;5
"6403";3;5;5;5;5;5;5;5;5
"6404";3;5;5;5;5;5;5;5;5
"6405";3;5;5;5;5;5;5;5;5
"6406";3;5;5;5;5;5;5;5;5
"6407";3;5;5;5;5;5;5;5;5
"6408";3;5;5;5;5;5;5;5;5
"6409";3;5;5;5;5;5;5;5;5
"6410";3;5;5;5;5;5;5;5;5
"6411";3;5;5;5;5;5;5;5;5
"6412";3;5;5;5;5;5;5;5;5
"6413";3;5;5;5;5;5;5;5;5
"6414";3;5;5;5;5;5;5;5;5
"6415";3;5;5;5;5;5;5;5;5
"6416";3;5;5;5;5;5;5;5;5
"6417";3;5;5;5;5;5;5;5;5
"6418";3;5;5;5;5;5;5;5;5
"6419";3;5;5;5;5;5;5;5;5
"6420";3;5;5;5;5;5;5;5;5
"6421";3;5;5;5;5;5;5;5;5
"6422";3;5;5;5;5;5;5;5;5
"6423";3;5;5;5;5;5;5;5;5
"6424";3;5;5;5;5;5;5;5;5
"6425";3;5;5;5;5;5;5;5;5
"6426";3;5;5;5;5;5;5;5;5
"6427";3;5;5;5;5;5;5;5;5
"6428";3;5;5;5;5;5;5;5;5
"6429";3;5;5;5;5;5;5;5;5
"6430";3;5;5;5;5;5;5;5;5
"6431";3;5;5;5;5;5;5;5;5
"6432";3;5;5;5;5;5;5;5;5
"6433";3;5;5;5;5;5;5;5;5
"6434";3;5;5;5;5;5;5;5;5
"6435";3;5;5;5;5;5;5;5;5
"6436";3;5;5;5;5;5;5;5;5
"6437";3;4;6;9;10;12;15;16;19
"6438";3;5;5;5;5;5;5;5;5
"6439";3;5;5;5;5;5;5;5;5
"6440";3;5;5;5;5;5;5;5;5
"6441";3;5;5;5;5;5;5;5;5
"6442";3;5;5;5;5;5;5;5;5
"6443";3;5;5;5;5;5;5;5;5
"6444";3;5;5;5;5;5;5;5;5
"6445";3;5;5;5;5;5;5;5;5
"6446";3;5;5;5;5;5;5;5;5
"6447";3;5;5;5;5;5;5;5;5
"6448";3;5;5;5;5;5;5;5;5
"6449";3;5;5;5;5;5;5;5;5
"6450";3;5;5;5;5;5;5;5;5
"6451";3;5;5;5;5;5;5;5;5
"6452";3;5;5;5;5;5;5;5;5
"6453";3;5;5;5;5;5;5;5;5
"6454";3;5;5;5;5;5;5;5;5
"6455";3;5;5;5;5;5;5;5;5
"6456";3;5;5;5;5;5;5;5;5
"6457";3;5;5;5;5;5;5;5;5
"6458";3;5;5;5;5;5;5;5;5
"6459";3;5;5;5;5;5;5;5;5
"6460";3;4;6;9;10;12;15;16;19
"6461";3;5;5;5;5;5;5;5;5
"6462";3;5;5;5;5;5;5;5;5
"6463";3;5;5;5;5;5;5;5;5
"6464";3;5;5;5;5;5;5;5;5
"6465";3;5;5;5;5;5;5;5;5
"6466";3;5;5;5;5;5;5;5;5
"6467";3;5;5;5;5;5;5;5;5
"6468";3;5;5;5;5;5;5;5;5
"6469";3;5;5;5;5;5;5;5;5
"6470";3;5;5;5;5;5;5;5;5
"6471";3;5;5;5;5;5;5;5;5
"6472";3;4;6;9;10;12;15;16;19
"6473";3;5;5;5;5;5;5;5;5
"6474";3;5;5;5;5;5;5;5;5
"6475";3;5;5;5;5;5;5;5;5
"6476";3;5;5;5;5;5;5;5;5
"6477";3;5;5;5;5;5;5;5;5
"6478";3;5;5;5;5;5;5;5;5
"6479";3;5;5;5;5;5;5;5;5
"6480";3;5;5;5;5;5;5;5;5
"6481";3;4;7;7;7;7;7;7;7
"6482";3;4;6;9;10;12;15;16;19
"6483";3;5;5;5;5;5;5;5;5
"6484";3;5;5;5;5;5;5;5;5
"6485";3;5;5;5;5;5;5;5;5
"6486";3;5;5;5;5;5;5;5;5
"6487";3;5;5;5;5;5;5;5;5
"6488";3;5;5;5;5;5;5;5;5
"6489";3;5;5;5;5;5;5;5;5
"6490";3;5;5;5;5;5;5;5;5
"6491";3;5;5;5;5;5;5;5;5
"6492";3;5;5;5;5;5;5;5;5
"6493";3;5;5;5;5;5;5;5;5
"6494";3;5;5;5;5;5;5;5;5
"6495";3;5;5;5;5;5;5;5;5
"6496";3;5;5;5;5;5;5;5;5
"6497";3;5;5;5;5;5;5;5;5
"6498";3;5;5;5;5;5;5;5;5
"6499";3;5;5;5;5;5;5;5;5
"6500";3;5;5;5;5;5;5;5;5
"6501";3;5;5;5;5;5;5;5;5
"6502";3;4;6;9;10;12;15;16;19
"6503";3;5;5;5;5;5;5;5;5
"6504";3;5;5;5;5;5;5;5;5
"6505";3;4;6;9;10;12;15;16;19
"6506";3;4;6;9;10;12;15;16;19
"6507";3;5;5;5;5;5;5;5;5
"6508";3;5;5;5;5;5;5;5;5
"6509";3;5;5;5;5;5;5;5;5
"6510";3;5;5;5;5;5;5;5;5
"6511";3;5;5;5;5;5;5;5;5
"6512";3;5;5;5;5;5;5;5;5
"6513";3;5;5;5;5;5;5;5;5
"6514";3;5;5;5;5;5;5;5;5
"6515";3;5;5;5;5;5;5;5;5
"6516";3;5;5;5;5;5;5;5;5
"6517";3;4;6;9;10;12;15;16;19
"6518";3;4;6;9;10;12;15;16;19
"6519";3;5;5;5;5;5;5;5;5
"6520";3;5;5;5;5;5;5;5;5
"6521";3;5;5;5;5;5;5;5;5
"6522";3;5;5;5;5;5;5;5;5
"6523";3;5;5;5;5;5;5;5;5
"6524";3;5;5;5;5;5;5;5;5
"6525";3;5;5;5;5;5;5;5;5
"6526";3;5;5;5;5;5;5;5;5
"6527";3;5;5;5;5;5;5;5;5
"6528";3;4;6;9;10;12;15;16;18
"6529";3;5;5;5;5;5;5;5;5
"6530";3;5;5;5;5;5;5;5;5
"6531";3;5;5;5;5;5;5;5;5
"6532";3;5;5;5;5;5;5;5;5
"6533";3;5;5;5;5;5;5;5;5
"6534";3;5;5;5;5;5;5;5;5
"6535";3;5;5;5;5;5;5;5;5
"6536";3;5;5;5;5;5;5;5;5
"6537";3;5;5;5;5;5;5;5;5
"6538";3;5;5;5;5;5;5;5;5
"6539";3;5;5;5;5;5;5;5;5
"6540";3;5;5;5;5;5;5;5;5
"6541";3;5;5;5;5;5;5;5;5
"6542";3;5;5;5;5;5;5;5;5
"6543";3;5;5;5;5;5;5;5;5
"6544";3;5;5;5;5;5;5;5;5
"6545";3;5;5;5;5;5;5;5;5
"6546";3;5;5;5;5;5;5;5;5
"6547";3;5;5;5;5;5;5;5;5
"6548";3;5;5;5;5;5;5;5;5
"6549";3;5;5;5;5;5;5;5;5
"6550";3;5;5;5;5;5;5;5;5
"6551";3;5;5;5;5;5;5;5;5
"6552";3;5;5;5;5;5;5;5;5
"6553";3;4;6;9;10;12;15;16;19
"6554";3;5;5;5;5;5;5;5;5
"6555";3;5;5;5;5;5;5;5;5
"6556";3;5;5;5;5;5;5;5;5
"6557";3;5;5;5;5;5;5;5;5
"6558";3;4;6;9;10;12;15;16;19
"6559";3;4;6;9;10;12;15;16;19
"6560";3;5;5;5;5;5;5;5;5
"6561";3;4;6;9;10;12;15;16;19
"6562";3;5;5;5;5;5;5;5;5
"6563";3;5;5;5;5;5;5;5;5
"6564";3;5;5;5;5;5;5;5;5
"6565";3;5;5;5;5;5;5;5;5
"6566";3;5;5;5;5;5;5;5;5
"6567";3;5;5;5;5;5;5;5;5
"6568";3;5;5;5;5;5;5;5;5
"6569";3;5;5;5;5;5;5;5;5
"6570";3;5;5;5;5;5;5;5;5
"6571";3;5;5;5;5;5;5;5;5
"6572";3;5;5;5;5;5;5;5;5
"6573";3;5;5;5;5;5;5;5;5
"6574";3;5;5;5;5;5;5;5;5
"6575";3;5;5;5;5;5;5;5;5
"6576";3;5;5;5;5;5;5;5;5
"6577";3;5;5;5;5;5;5;5;5
"6578";3;5;5;5;5;5;5;5;5
"6579";3;5;5;5;5;5;5;5;5
"6580";3;5;5;5;5;5;5;5;5
"6581";3;5;5;5;5;5;5;5;5
"6582";3;5;5;5;5;5;5;5;5
"6583";3;5;5;5;5;5;5;5;5
"6584";3;5;5;5;5;5;5;5;5
"6585";3;5;5;5;5;5;5;5;5
"6586";3;5;5;5;5;5;5;5;5
"6587";3;5;5;5;5;5;5;5;5
"6588";3;5;5;5;5;5;5;5;5
"6589";3;5;5;5;5;5;5;5;5
"6590";3;5;5;5;5;5;5;5;5
"6591";3;5;5;5;5;5;5;5;5
"6592";3;5;5;5;5;5;5;5;5
"6593";3;5;5;5;5;5;5;5;5
"6594";3;5;5;5;5;5;5;5;5
"6595";3;5;5;5;5;5;5;5;5
"6596";3;5;5;5;5;5;5;5;5
"6597";3;4;6;8;8;8;8;8;8
"6598";3;5;5;5;5;5;5;5;5
"6599";3;5;5;5;5;5;5;5;5
"6600";3;5;5;5;5;5;5;5;5
"6601";3;5;5;5;5;5;5;5;5
"6602";3;5;5;5;5;5;5;5;5
"6603";3;5;5;5;5;5;5;5;5
"6604";3;5;5;5;5;5;5;5;5
"6605";3;5;5;5;5;5;5;5;5
"6606";3;5;5;5;5;5;5;5;5
"6607";3;5;5;5;5;5;5;5;5
"6608";3;5;5;5;5;5;5;5;5
"6609";3;5;5;5;5;5;5;5;5
"6610";3;5;5;5;5;5;5;5;5
"6611";3;5;5;5;5;5;5;5;5
"6612";3;5;5;5;5;5;5;5;5
"6613";3;5;5;5;5;5;5;5;5
"6614";3;5;5;5;5;5;5;5;5
"6615";3;5;5;5;5;5;5;5;5
"6616";3;5;5;5;5;5;5;5;5
"6617";3;5;5;5;5;5;5;5;5
"6618";3;5;5;5;5;5;5;5;5
"6619";3;5;5;5;5;5;5;5;5
"6620";3;5;5;5;5;5;5;5;5
"6621";3;5;5;5;5;5;5;5;5
"6622";3;5;5;5;5;5;5;5;5
"6623";3;4;6;8;8;8;8;8;8
"6624";3;4;6;9;10;13;13;13;13
"6625";3;4;6;9;10;12;15;16;19
"6626";3;4;6;9;10;12;15;16;19
"6627";3;4;6;9;10;12;15;16;19
"6628";3;4;6;9;10;13;13;13;13
"6629";3;4;6;9;10;13;13;13;13
"6630";3;5;5;5;5;5;5;5;5
"6631";3;4;6;9;10;13;13;13;13
"6632";3;4;6;9;10;13;13;13;13
"6633";3;4;6;9;10;13;13;13;13
"6634";3;4;6;9;10;13;13;13;13
"6635";3;4;6;9;10;13;13;13;13
"6636";3;4;6;9;10;13;13;13;13
"6637";3;4;6;9;10;13;13;13;13
"6638";3;4;6;9;10;13;13;13;13
"6639";3;5;5;5;5;5;5;5;5
"6640";3;4;6;9;10;12;15;16;19
"6641";3;4;6;9;10;12;15;16;19
"6642";3;4;6;9;10;12;15;16;19
"6643";3;4;6;9;10;12;15;16;19
"6644";3;4;6;9;10;13;13;13;13
"6645";3;4;6;9;10;12;15;16;19
"6646";3;4;6;9;10;12;15;16;19
"6647";3;4;6;9;10;13;13;13;13
"6648";3;4;6;9;10;13;13;13;13
"6649";3;4;6;9;10;13;13;13;13
"6650";3;4;6;9;10;12;15;16;19
"6651";3;4;6;9;10;12;15;16;19
"6652";3;4;6;9;10;13;13;13;13
"6653";3;4;6;9;10;13;13;13;13
"6654";3;4;6;9;10;12;15;16;19
"6655";3;4;6;9;10;13;13;13;13
"6656";3;4;6;9;10;12;15;16;19
"6657";3;4;6;9;10;12;15;16;19
"6658";3;4;6;9;10;13;13;13;13
"6659";3;4;6;9;10;12;15;16;19
"6660";3;4;6;9;10;13;13;13;13
"6661";3;4;6;9;10;13;13;13;13
"6662";3;4;6;9;10;12;15;16;19
"6663";3;4;6;9;10;13;13;13;13
"6664";3;4;6;9;10;13;13;13;13
"6665";3;4;6;9;10;12;15;16;19
"6666";3;4;6;9;10;12;15;16;19
"6667";3;4;6;9;10;12;15;16;19
"6668";3;4;6;9;10;13;13;13;13
"6669";3;4;6;9;10;13;13;13;13
"6670";3;4;6;9;10;13;13;13;13
"6671";3;4;6;9;10;13;13;13;13
"6672";3;4;6;9;10;12;15;16;19
"6673";3;4;6;9;10;12;15;16;19
"6674";3;4;6;9;10;12;15;16;19
"6675";3;5;5;5;5;5;5;5;5
"6676";3;5;5;5;5;5;5;5;5
"6677";3;4;6;9;10;12;15;16;19
"6678";3;4;6;9;10;12;15;16;19
"6679";3;4;7;7;7;7;7;7;7
"6680";3;4;6;9;10;12;15;16;19
"6681";3;4;7;7;7;7;7;7;7
"6682";3;4;7;7;7;7;7;7;7
"6683";3;4;7;7;7;7;7;7;7
"6684";3;4;6;9;10;12;15;16;19
"6685";3;4;6;9;10;12;15;16;19
"6686";3;4;7;7;7;7;7;7;7
"6687";3;4;6;9;10;12;15;16;19
"6688";3;4;7;7;7;7;7;7;7
"6689";3;4;7;7;7;7;7;7;7
"6690";3;4;7;7;7;7;7;7;7
"6691";3;4;7;7;7;7;7;7;7
"6692";3;4;6;9;10;12;15;16;19
"6693";3;4;7;7;7;7;7;7;7
"6694";3;4;7;7;7;7;7;7;7
"6695";3;4;7;7;7;7;7;7;7
"6696";3;4;7;7;7;7;7;7;7
"6697";3;4;6;9;10;12;15;16;19
"6698";3;4;6;9;10;12;15;16;19
"6699";3;4;7;7;7;7;7;7;7
"6700";3;4;7;7;7;7;7;7;7
"6701";3;4;7;7;7;7;7;7;7
"6702";3;4;6;9;10;12;15;16;19
"6703";3;4;7;7;7;7;7;7;7
"6704";3;4;7;7;7;7;7;7;7
"6705";3;4;7;7;7;7;7;7;7
"6706";3;4;7;7;7;7;7;7;7
"6707";3;4;7;7;7;7;7;7;7
"6708";3;4;7;7;7;7;7;7;7
"6709";3;4;7;7;7;7;7;7;7
"6710";3;4;7;7;7;7;7;7;7
"6711";3;4;7;7;7;7;7;7;7
"6712";3;4;7;7;7;7;7;7;7
"6713";3;4;7;7;7;7;7;7;7
"6714";3;4;7;7;7;7;7;7;7
"6715";3;4;7;7;7;7;7;7;7
"6716";3;4;7;7;7;7;7;7;7
"6717";3;4;7;7;7;7;7;7;7
"6718";3;4;6;9;10;12;15;16;19
"6719";3;4;6;9;10;12;15;16;19
"6720";3;4;7;7;7;7;7;7;7
"6721";3;4;6;9;10;12;15;16;19
"6722";3;4;7;7;7;7;7;7;7
"6723";3;4;6;9;10;12;15;16;19
"6724";3;4;6;8;8;8;8;8;8
"6725";3;4;7;7;7;7;7;7;7
"6726";3;4;7;7;7;7;7;7;7
"6727";3;4;7;7;7;7;7;7;7
"6728";3;4;6;9;10;12;15;16;19
"6729";3;4;7;7;7;7;7;7;7
"6730";3;4;7;7;7;7;7;7;7
"6731";3;4;7;7;7;7;7;7;7
"6732";3;4;7;7;7;7;7;7;7
"6733";3;4;7;7;7;7;7;7;7
"6734";3;4;7;7;7;7;7;7;7
"6735";3;4;7;7;7;7;7;7;7
"6736";3;4;6;9;10;12;15;16;19
"6737";3;4;7;7;7;7;7;7;7
"6738";3;4;7;7;7;7;7;7;7
"6739";3;4;7;7;7;7;7;7;7
"6740";3;4;6;9;10;12;15;16;19
"6741";3;4;7;7;7;7;7;7;7
"6742";3;4;7;7;7;7;7;7;7
"6743";3;4;7;7;7;7;7;7;7
"6744";3;4;7;7;7;7;7;7;7
"6745";3;4;7;7;7;7;7;7;7
"6746";3;4;7;7;7;7;7;7;7
"6747";3;4;7;7;7;7;7;7;7
"6748";3;4;7;7;7;7;7;7;7
"6749";3;4;7;7;7;7;7;7;7
"6750";3;4;7;7;7;7;7;7;7
"6751";3;4;7;7;7;7;7;7;7
"6752";3;4;7;7;7;7;7;7;7
"6753";3;4;7;7;7;7;7;7;7
"6754";3;4;7;7;7;7;7;7;7
"6755";3;4;7;7;7;7;7;7;7
"6756";3;4;7;7;7;7;7;7;7
"6757";3;4;7;7;7;7;7;7;7
"6758";3;4;7;7;7;7;7;7;7
"6759";3;4;7;7;7;7;7;7;7
"6760";3;4;7;7;7;7;7;7;7
"6761";3;4;7;7;7;7;7;7;7
"6762";3;4;6;9;10;12;15;16;19
"6763";3;4;7;7;7;7;7;7;7
"6764";3;4;6;9;10;12;15;16;19
"6765";3;4;6;9;10;12;15;16;19
"6766";3;4;6;9;10;12;15;16;19
"6767";3;4;7;7;7;7;7;7;7
"6768";3;4;7;7;7;7;7;7;7
"6769";3;4;6;9;10;12;15;16;19
"6770";3;4;6;9;10;12;15;16;19
"6771";3;4;6;8;8;8;8;8;8
"6772";3;4;6;9;10;12;15;16;19
"6773";3;4;6;9;10;12;15;16;18
"6774";3;4;6;9;10;12;15;16;19
"6775";3;4;6;9;10;12;15;16;19
"6776";3;4;6;8;8;8;8;8;8
"6777";3;4;6;8;8;8;8;8;8
"6778";3;4;6;8;8;8;8;8;8
"6779";3;4;6;8;8;8;8;8;8
"6780";3;4;6;8;8;8;8;8;8
"6781";3;4;6;9;10;12;15;16;19
"6782";3;4;6;9;10;12;15;16;19
"6783";3;4;6;8;8;8;8;8;8
"6784";3;5;5;5;5;5;5;5;5
"6785";3;4;6;8;8;8;8;8;8
"6786";3;4;6;8;8;8;8;8;8
"6787";3;4;6;9;10;12;15;16;19
"6788";3;5;5;5;5;5;5;5;5
"6789";3;4;6;9;10;12;15;16;19
"6790";3;4;6;8;8;8;8;8;8
"6791";3;4;6;8;8;8;8;8;8
"6792";3;4;6;9;10;12;15;16;19
"6793";3;4;6;8;8;8;8;8;8
"6794";3;4;6;8;8;8;8;8;8
"6795";3;4;6;8;8;8;8;8;8
"6796";3;4;6;8;8;8;8;8;8
"6797";3;4;6;8;8;8;8;8;8
"6798";3;5;5;5;5;5;5;5;5
"6799";3;4;6;8;8;8;8;8;8
"6800";3;4;6;9;10;12;15;16;19
"6801";3;4;6;8;8;8;8;8;8
"6802";3;4;6;8;8;8;8;8;8
"6803";3;5;5;5;5;5;5;5;5
"6804";3;4;6;8;8;8;8;8;8
"6805";3;4;6;8;8;8;8;8;8
"6806";3;4;6;9;10;12;15;16;19
"6807";3;4;6;8;8;8;8;8;8
"6808";3;4;6;9;10;12;15;16;19
"6809";3;4;6;8;8;8;8;8;8
"6810";3;4;6;9;10;12;15;16;19
"6811";3;4;6;8;8;8;8;8;8
"6812";3;4;6;9;10;12;15;16;19
"6813";3;4;6;8;8;8;8;8;8
"6814";3;4;6;9;10;12;15;16;19
"6815";3;4;6;9;10;12;15;16;19
"6816";3;4;6;9;10;12;15;16;19
"6817";3;4;6;9;10;12;15;16;19
"6818";3;4;6;8;8;8;8;8;8
"6819";3;4;6;9;10;12;15;16;19
"6820";3;4;6;9;10;12;15;16;19
"6821";3;4;6;9;10;12;15;16;19
"6822";3;4;6;9;10;12;15;16;19
"6823";3;4;6;9;10;12;15;16;19
"6824";3;5;5;5;5;5;5;5;5
"6825";3;4;6;9;10;12;15;16;19
"6826";3;4;6;9;10;12;15;16;19
"6827";3;4;6;9;10;12;15;16;19
"6828";3;4;6;9;10;12;15;16;19
"6829";3;4;6;8;8;8;8;8;8
"6830";3;4;6;8;8;8;8;8;8
"6831";3;4;6;9;10;12;15;16;19
"6832";3;5;5;5;5;5;5;5;5
"6833";3;4;7;7;7;7;7;7;7
"6834";3;4;6;9;10;12;15;16;19
"6835";3;4;6;8;8;8;8;8;8
"6836";3;4;6;8;8;8;8;8;8
"6837";3;4;6;8;8;8;8;8;8
"6838";3;4;6;8;8;8;8;8;8
"6839";3;4;6;8;8;8;8;8;8
"6840";3;4;6;9;10;12;15;16;19
"6841";3;4;6;8;8;8;8;8;8
"6842";3;4;6;9;10;12;15;16;19
"6843";3;4;6;8;8;8;8;8;8
"6844";3;4;6;9;10;12;15;16;19
"6845";3;4;6;8;8;8;8;8;8
"6846";3;4;6;8;8;8;8;8;8
"6847";3;4;6;9;10;12;15;16;19
"6848";3;4;6;9;10;12;15;16;19
"6849";3;4;6;9;10;12;15;16;19
"6850";3;4;6;9;10;12;15;16;19
"6851";3;4;6;9;10;12;15;16;19
"6852";3;4;7;7;7;7;7;7;7
"6853";3;5;5;5;5;5;5;5;5
"6854";3;5;5;5;5;5;5;5;5
"6855";3;5;5;5;5;5;5;5;5
"6856";3;5;5;5;5;5;5;5;5
"6857";3;5;5;5;5;5;5;5;5
"6858";3;5;5;5;5;5;5;5;5
"6859";3;5;5;5;5;5;5;5;5
"6860";3;5;5;5;5;5;5;5;5
"6861";3;5;5;5;5;5;5;5;5
"6862";3;5;5;5;5;5;5;5;5
"6863";3;5;5;5;5;5;5;5;5
"6864";3;5;5;5;5;5;5;5;5
"6865";3;5;5;5;5;5;5;5;5
"6866";3;5;5;5;5;5;5;5;5
"6867";3;4;6;9;10;12;15;16;19
"6868";3;5;5;5;5;5;5;5;5
"6869";3;5;5;5;5;5;5;5;5
"6870";3;5;5;5;5;5;5;5;5
"6871";3;5;5;5;5;5;5;5;5
"6872";3;5;5;5;5;5;5;5;5
"6873";3;5;5;5;5;5;5;5;5
"6874";3;5;5;5;5;5;5;5;5
"6875";3;5;5;5;5;5;5;5;5
"6876";3;5;5;5;5;5;5;5;5
"6877";3;5;5;5;5;5;5;5;5
"6878";3;5;5;5;5;5;5;5;5
"6879";3;5;5;5;5;5;5;5;5
"6880";3;5;5;5;5;5;5;5;5
"6881";3;5;5;5;5;5;5;5;5
"6882";3;5;5;5;5;5;5;5;5
"6883";3;5;5;5;5;5;5;5;5
"6884";3;5;5;5;5;5;5;5;5
"6885";3;5;5;5;5;5;5;5;5
"6886";3;5;5;5;5;5;5;5;5
"6887";3;5;5;5;5;5;5;5;5
"6888";3;5;5;5;5;5;5;5;5
"6889";3;5;5;5;5;5;5;5;5
"6890";3;4;6;9;10;12;15;16;19
"6891";3;5;5;5;5;5;5;5;5
"6892";3;5;5;5;5;5;5;5;5
"6893";3;5;5;5;5;5;5;5;5
"6894";3;5;5;5;5;5;5;5;5
"6895";3;4;6;9;10;12;15;16;19
"6896";3;5;5;5;5;5;5;5;5
"6897";3;5;5;5;5;5;5;5;5
"6898";3;5;5;5;5;5;5;5;5
"6899";3;5;5;5;5;5;5;5;5
"6900";3;5;5;5;5;5;5;5;5
"6901";3;5;5;5;5;5;5;5;5
"6902";3;5;5;5;5;5;5;5;5
"6903";3;5;5;5;5;5;5;5;5
"6904";3;5;5;5;5;5;5;5;5
"6905";3;5;5;5;5;5;5;5;5
"6906";3;5;5;5;5;5;5;5;5
"6907";3;5;5;5;5;5;5;5;5
"6908";3;5;5;5;5;5;5;5;5
"6909";3;5;5;5;5;5;5;5;5
"6910";3;5;5;5;5;5;5;5;5
"6911";3;5;5;5;5;5;5;5;5
"6912";3;5;5;5;5;5;5;5;5
"6913";3;5;5;5;5;5;5;5;5
"6914";3;5;5;5;5;5;5;5;5
"6915";3;5;5;5;5;5;5;5;5
"6916";3;5;5;5;5;5;5;5;5
"6917";3;5;5;5;5;5;5;5;5
"6918";3;5;5;5;5;5;5;5;5
"6919";3;4;6;9;10;12;15;16;19
"6920";3;4;6;9;10;12;15;16;19
"6921";3;5;5;5;5;5;5;5;5
"6922";3;5;5;5;5;5;5;5;5
"6923";3;5;5;5;5;5;5;5;5
"6924";3;5;5;5;5;5;5;5;5
"6925";3;5;5;5;5;5;5;5;5
"6926";3;5;5;5;5;5;5;5;5
"6927";3;5;5;5;5;5;5;5;5
"6928";3;5;5;5;5;5;5;5;5
"6929";3;4;6;9;10;12;15;16;19
"6930";3;5;5;5;5;5;5;5;5
"6931";3;5;5;5;5;5;5;5;5
"6932";3;4;6;9;10;12;15;16;19
"6933";3;4;6;9;10;12;15;16;19
"6934";3;5;5;5;5;5;5;5;5
"6935";3;5;5;5;5;5;5;5;5
"6936";3;4;6;9;10;12;15;16;19
"6937";3;5;5;5;5;5;5;5;5
"6938";3;5;5;5;5;5;5;5;5
"6939";3;5;5;5;5;5;5;5;5
"6940";3;5;5;5;5;5;5;5;5
"6941";3;5;5;5;5;5;5;5;5
"6942";3;5;5;5;5;5;5;5;5
"6943";3;5;5;5;5;5;5;5;5
"6944";3;5;5;5;5;5;5;5;5
"6945";3;4;6;9;10;12;15;16;19
"6946";3;5;5;5;5;5;5;5;5
"6947";3;5;5;5;5;5;5;5;5
"6948";3;5;5;5;5;5;5;5;5
"6949";3;5;5;5;5;5;5;5;5
"6950";3;5;5;5;5;5;5;5;5
"6951";3;5;5;5;5;5;5;5;5
"6952";3;5;5;5;5;5;5;5;5
"6953";3;5;5;5;5;5;5;5;5
"6954";3;5;5;5;5;5;5;5;5
"6955";3;5;5;5;5;5;5;5;5
"6956";3;5;5;5;5;5;5;5;5
"6957";3;5;5;5;5;5;5;5;5
"6958";3;5;5;5;5;5;5;5;5
"6959";3;5;5;5;5;5;5;5;5
"6960";3;5;5;5;5;5;5;5;5
"6961";3;4;6;8;8;8;8;8;8
"6962";3;5;5;5;5;5;5;5;5
"6963";3;4;6;9;10;12;15;16;19
"6964";3;5;5;5;5;5;5;5;5
"6965";3;5;5;5;5;5;5;5;5
"6966";3;4;6;8;8;8;8;8;8
"6967";3;5;5;5;5;5;5;5;5
"6968";3;4;6;9;10;12;15;16;19
"6969";3;4;6;9;10;12;15;16;19
"6970";3;4;6;8;8;8;8;8;8
"6971";3;4;6;9;10;12;15;16;19
"6972";3;5;5;5;5;5;5;5;5
"6973";3;4;6;8;8;8;8;8;8
"6974";3;4;6;8;8;8;8;8;8
"6975";3;5;5;5;5;5;5;5;5
"6976";3;5;5;5;5;5;5;5;5
"6977";3;4;6;9;10;12;15;16;19
"6978";3;5;5;5;5;5;5;5;5
"6979";3;5;5;5;5;5;5;5;5
"6980";3;5;5;5;5;5;5;5;5
"6981";3;5;5;5;5;5;5;5;5
"6982";3;5;5;5;5;5;5;5;5
"6983";3;5;5;5;5;5;5;5;5
"6984";3;5;5;5;5;5;5;5;5
"6985";3;5;5;5;5;5;5;5;5
"6986";3;5;5;5;5;5;5;5;5
"6987";3;5;5;5;5;5;5;5;5
"6988";3;5;5;5;5;5;5;5;5
"6989";3;4;6;9;10;12;15;16;19
"6990";3;5;5;5;5;5;5;5;5
"6991";3;5;5;5;5;5;5;5;5
"6992";3;5;5;5;5;5;5;5;5
"6993";3;5;5;5;5;5;5;5;5
"6994";3;4;6;9;10;12;15;16;19
"6995";3;5;5;5;5;5;5;5;5
"6996";3;5;5;5;5;5;5;5;5
"6997";3;5;5;5;5;5;5;5;5
"6998";3;5;5;5;5;5;5;5;5
"6999";3;4;6;9;10;12;15;16;19
"7000";3;5;5;5;5;5;5;5;5
"7001";3;5;5;5;5;5;5;5;5
"7002";3;5;5;5;5;5;5;5;5
"7003";3;5;5;5;5;5;5;5;5
"7004";3;4;6;9;10;12;15;16;19
"7005";3;5;5;5;5;5;5;5;5
"7006";3;5;5;5;5;5;5;5;5
"7007";3;5;5;5;5;5;5;5;5
"7008";3;5;5;5;5;5;5;5;5
"7009";3;4;6;9;10;12;15;16;19
"7010";3;5;5;5;5;5;5;5;5
"7011";3;5;5;5;5;5;5;5;5
"7012";3;5;5;5;5;5;5;5;5
"7013";3;5;5;5;5;5;5;5;5
"7014";3;5;5;5;5;5;5;5;5
"7015";3;5;5;5;5;5;5;5;5
"7016";3;5;5;5;5;5;5;5;5
"7017";3;5;5;5;5;5;5;5;5
"7018";3;5;5;5;5;5;5;5;5
"7019";3;5;5;5;5;5;5;5;5
"7020";3;5;5;5;5;5;5;5;5
"7021";3;5;5;5;5;5;5;5;5
"7022";3;5;5;5;5;5;5;5;5
"7023";3;5;5;5;5;5;5;5;5
"7024";3;5;5;5;5;5;5;5;5
"7025";3;4;6;9;10;12;15;16;19
"7026";3;5;5;5;5;5;5;5;5
"7027";3;5;5;5;5;5;5;5;5
"7028";3;5;5;5;5;5;5;5;5
"7029";3;5;5;5;5;5;5;5;5
"7030";3;5;5;5;5;5;5;5;5
"7031";3;5;5;5;5;5;5;5;5
"7032";3;5;5;5;5;5;5;5;5
"7033";3;5;5;5;5;5;5;5;5
"7034";3;5;5;5;5;5;5;5;5
"7035";3;5;5;5;5;5;5;5;5
"7036";3;4;6;9;10;12;15;16;19
"7037";3;5;5;5;5;5;5;5;5
"7038";3;4;6;9;10;12;15;16;19
"7039";3;5;5;5;5;5;5;5;5
"7040";3;5;5;5;5;5;5;5;5
"7041";3;5;5;5;5;5;5;5;5
"7042";3;5;5;5;5;5;5;5;5
"7043";3;4;6;9;10;12;15;16;19
"7044";3;5;5;5;5;5;5;5;5
"7045";3;5;5;5;5;5;5;5;5
"7046";3;5;5;5;5;5;5;5;5
"7047";3;4;6;9;10;12;15;16;19
"7048";3;4;6;9;10;12;15;16;19
"7049";3;4;6;9;10;12;15;16;19
"7050";3;5;5;5;5;5;5;5;5
"7051";3;4;6;9;10;12;15;16;19
"7052";3;4;6;8;8;8;8;8;8
"7053";3;4;6;8;8;8;8;8;8
"7054";3;4;6;9;10;12;15;16;19
"7055";3;4;6;8;8;8;8;8;8
"7056";3;5;5;5;5;5;5;5;5
"7057";3;4;6;8;8;8;8;8;8
"7058";3;4;6;8;8;8;8;8;8
"7059";3;4;6;9;10;12;15;16;19
"7060";3;5;5;5;5;5;5;5;5
"7061";3;5;5;5;5;5;5;5;5
"7062";3;4;6;8;8;8;8;8;8
"7063";3;4;6;8;8;8;8;8;8
"7064";3;4;6;8;8;8;8;8;8
"7065";3;4;6;8;8;8;8;8;8
"7066";3;4;6;8;8;8;8;8;8
"7067";3;4;6;8;8;8;8;8;8
"7068";3;5;5;5;5;5;5;5;5
"7069";3;5;5;5;5;5;5;5;5
"7070";0;0;0;0;0;0;0;0;0
"7071";3;5;5;5;5;5;5;5;5
"7072";3;5;5;5;5;5;5;5;5
"7073";3;5;5;5;5;5;5;5;5
"7074";3;5;5;5;5;5;5;5;5
"7075";3;5;5;5;5;5;5;5;5
"7076";3;5;5;5;5;5;5;5;5
"7077";3;5;5;5;5;5;5;5;5
"7078";3;5;5;5;5;5;5;5;5
"7079";3;5;5;5;5;5;5;5;5
"7080";3;4;6;9;10;12;15;16;19
"7081";3;5;5;5;5;5;5;5;5
"7082";3;5;5;5;5;5;5;5;5
"7083";3;4;6;9;10;12;15;16;19
"7084";3;4;6;9;10;12;15;16;19
"7085";3;4;6;9;10;12;15;16;19
"7086";3;4;6;9;10;12;15;16;19
"7087";3;4;6;9;10;12;15;16;19
"7088";3;4;6;9;10;12;15;16;19
"7089";3;4;6;9;10;12;15;16;19
"7090";3;4;6;8;8;8;8;8;8
"7091";3;4;6;8;8;8;8;8;8
"7092";3;4;6;8;8;8;8;8;8
"7093";3;4;6;9;10;12;15;16;19
"7094";3;4;6;9;10;12;15;16;19
"7095";3;4;6;9;10;12;15;16;19
"7096";3;4;6;9;10;12;15;16;19
"7097";3;4;6;9;10;12;15;16;19
"7098";3;4;6;9;10;12;15;16;19
"7099";3;4;6;9;10;12;15;16;19
"7100";3;5;5;5;5;5;5;5;5
"7101";3;4;6;8;8;8;8;8;8
"7102";3;4;6;8;8;8;8;8;8
"7103";3;4;6;8;8;8;8;8;8
"7104";3;4;6;9;10;12;15;16;19
"7105";3;4;6;8;8;8;8;8;8
"7106";3;4;6;8;8;8;8;8;8
"7107";3;4;6;8;8;8;8;8;8
"7108";3;4;6;8;8;8;8;8;8
"7109";3;4;6;8;8;8;8;8;8
"7110";3;4;6;8;8;8;8;8;8
"7111";3;4;6;9;10;12;15;16;19
"7112";3;4;6;9;10;12;15;16;19
"7113";3;4;7;7;7;7;7;7;7
"7114";3;4;6;8;8;8;8;8;8
"7115";3;4;6;9;10;12;15;16;19
"7116";3;4;7;7;7;7;7;7;7
"7117";3;4;7;7;7;7;7;7;7
"7118";3;4;6;8;8;8;8;8;8
"7119";3;4;7;7;7;7;7;7;7
"7120";3;4;7;7;7;7;7;7;7
"7121";3;4;6;9;10;12;15;16;19
"7122";3;4;7;7;7;7;7;7;7
"7123";3;4;7;7;7;7;7;7;7
"7124";3;5;5;5;5;5;5;5;5
"7125";3;5;5;5;5;5;5;5;5
"7126";3;5;5;5;5;5;5;5;5
"7127";3;5;5;5;5;5;5;5;5
"7128";3;5;5;5;5;5;5;5;5
"7129";3;5;5;5;5;5;5;5;5
"7130";3;5;5;5;5;5;5;5;5
"7131";3;5;5;5;5;5;5;5;5
"7132";3;5;5;5;5;5;5;5;5
"7133";3;5;5;5;5;5;5;5;5
"7134";3;5;5;5;5;5;5;5;5
"7135";3;5;5;5;5;5;5;5;5
"7136";3;5;5;5;5;5;5;5;5
"7137";3;5;5;5;5;5;5;5;5
"7138";3;5;5;5;5;5;5;5;5
"7139";3;5;5;5;5;5;5;5;5
"7140";3;5;5;5;5;5;5;5;5
"7141";3;5;5;5;5;5;5;5;5
"7142";3;5;5;5;5;5;5;5;5
"7143";3;5;5;5;5;5;5;5;5
"7144";3;5;5;5;5;5;5;5;5
"7145";3;5;5;5;5;5;5;5;5
"7146";3;5;5;5;5;5;5;5;5
"7147";3;5;5;5;5;5;5;5;5
"7148";3;5;5;5;5;5;5;5;5
"7149";3;5;5;5;5;5;5;5;5
"7150";3;5;5;5;5;5;5;5;5
"7151";3;5;5;5;5;5;5;5;5
"7152";3;5;5;5;5;5;5;5;5
"7153";3;5;5;5;5;5;5;5;5
"7154";3;5;5;5;5;5;5;5;5
"7155";3;5;5;5;5;5;5;5;5
"7156";3;5;5;5;5;5;5;5;5
"7157";3;5;5;5;5;5;5;5;5
"7158";3;5;5;5;5;5;5;5;5
"7159";3;5;5;5;5;5;5;5;5
"7160";3;5;5;5;5;5;5;5;5
"7161";3;5;5;5;5;5;5;5;5
"7162";3;5;5;5;5;5;5;5;5
"7163";3;5;5;5;5;5;5;5;5
"7164";3;5;5;5;5;5;5;5;5
"7165";3;5;5;5;5;5;5;5;5
"7166";3;5;5;5;5;5;5;5;5
"7167";3;5;5;5;5;5;5;5;5
"7168";3;5;5;5;5;5;5;5;5
"7169";3;5;5;5;5;5;5;5;5
"7170";3;5;5;5;5;5;5;5;5
"7171";3;5;5;5;5;5;5;5;5
"7172";3;5;5;5;5;5;5;5;5
"7173";3;5;5;5;5;5;5;5;5
"7174";3;5;5;5;5;5;5;5;5
"7175";3;5;5;5;5;5;5;5;5
"7176";3;5;5;5;5;5;5;5;5
"7177";3;5;5;5;5;5;5;5;5
"7178";3;5;5;5;5;5;5;5;5
"7179";3;5;5;5;5;5;5;5;5
"7180";3;5;5;5;5;5;5;5;5
"7181";3;5;5;5;5;5;5;5;5
"7182";3;5;5;5;5;5;5;5;5
"7183";3;4;6;9;10;12;15;16;19
"7184";3;5;5;5;5;5;5;5;5
"7185";3;5;5;5;5;5;5;5;5
"7186";3;5;5;5;5;5;5;5;5
"7187";3;5;5;5;5;5;5;5;5
"7188";3;5;5;5;5;5;5;5;5
"7189";3;5;5;5;5;5;5;5;5
"7190";3;5;5;5;5;5;5;5;5
"7191";3;5;5;5;5;5;5;5;5
"7192";3;5;5;5;5;5;5;5;5
"7193";3;5;5;5;5;5;5;5;5
"7194";3;5;5;5;5;5;5;5;5
"7195";3;5;5;5;5;5;5;5;5
"7196";3;5;5;5;5;5;5;5;5
"7197";3;5;5;5;5;5;5;5;5
"7198";3;5;5;5;5;5;5;5;5
"7199";3;5;5;5;5;5;5;5;5
"7200";3;5;5;5;5;5;5;5;5
"7201";3;5;5;5;5;5;5;5;5
"7202";3;4;6;9;10;12;15;16;19
"7203";3;5;5;5;5;5;5;5;5
"7204";3;5;5;5;5;5;5;5;5
"7205";3;5;5;5;5;5;5;5;5
"7206";3;5;5;5;5;5;5;5;5
"7207";3;5;5;5;5;5;5;5;5
"7208";3;5;5;5;5;5;5;5;5
"7209";3;5;5;5;5;5;5;5;5
"7210";3;5;5;5;5;5;5;5;5
"7211";3;5;5;5;5;5;5;5;5
"7212";3;5;5;5;5;5;5;5;5
"7213";3;5;5;5;5;5;5;5;5
"7214";3;5;5;5;5;5;5;5;5
"7215";3;4;6;9;10;12;15;16;19
"7216";3;4;6;9;10;12;15;16;19
"7217";3;4;7;7;7;7;7;7;7
"7218";3;5;5;5;5;5;5;5;5
"7219";3;5;5;5;5;5;5;5;5
"7220";3;5;5;5;5;5;5;5;5
"7221";3;5;5;5;5;5;5;5;5
"7222";3;5;5;5;5;5;5;5;5
"7223";3;5;5;5;5;5;5;5;5
"7224";3;5;5;5;5;5;5;5;5
"7225";3;5;5;5;5;5;5;5;5
"7226";3;5;5;5;5;5;5;5;5
"7227";3;5;5;5;5;5;5;5;5
"7228";3;4;6;9;10;12;15;16;19
"7229";3;5;5;5;5;5;5;5;5
"7230";3;5;5;5;5;5;5;5;5
"7231";3;5;5;5;5;5;5;5;5
"7232";3;5;5;5;5;5;5;5;5
"7233";3;5;5;5;5;5;5;5;5
"7234";3;5;5;5;5;5;5;5;5
"7235";3;5;5;5;5;5;5;5;5
"7236";3;4;6;9;10;12;15;16;19
"7237";3;5;5;5;5;5;5;5;5
"7238";3;5;5;5;5;5;5;5;5
"7239";3;5;5;5;5;5;5;5;5
"7240";3;5;5;5;5;5;5;5;5
"7241";3;5;5;5;5;5;5;5;5
"7242";3;5;5;5;5;5;5;5;5
"7243";3;5;5;5;5;5;5;5;5
"7244";3;5;5;5;5;5;5;5;5
"7245";3;5;5;5;5;5;5;5;5
"7246";3;5;5;5;5;5;5;5;5
"7247";3;5;5;5;5;5;5;5;5
"7248";3;5;5;5;5;5;5;5;5
"7249";3;5;5;5;5;5;5;5;5
"7250";3;5;5;5;5;5;5;5;5
"7251";3;5;5;5;5;5;5;5;5
"7252";3;5;5;5;5;5;5;5;5
"7253";3;5;5;5;5;5;5;5;5
"7254";3;5;5;5;5;5;5;5;5
"7255";3;5;5;5;5;5;5;5;5
"7256";3;5;5;5;5;5;5;5;5
"7257";3;5;5;5;5;5;5;5;5
"7258";3;5;5;5;5;5;5;5;5
"7259";3;5;5;5;5;5;5;5;5
"7260";3;5;5;5;5;5;5;5;5
"7261";3;5;5;5;5;5;5;5;5
"7262";3;5;5;5;5;5;5;5;5
"7263";3;5;5;5;5;5;5;5;5
"7264";3;5;5;5;5;5;5;5;5
"7265";3;4;6;9;10;12;15;16;19
"7266";3;5;5;5;5;5;5;5;5
"7267";3;4;6;8;8;8;8;8;8
"7268";3;4;6;8;8;8;8;8;8
"7269";3;4;6;9;10;12;15;16;19
"7270";3;4;7;7;7;7;7;7;7
"7271";3;4;6;9;10;12;15;16;19
"7272";3;4;6;9;10;12;15;16;19
"7273";3;5;5;5;5;5;5;5;5
"7274";3;5;5;5;5;5;5;5;5
"7275";3;5;5;5;5;5;5;5;5
"7276";3;5;5;5;5;5;5;5;5
"7277";3;5;5;5;5;5;5;5;5
"7278";3;5;5;5;5;5;5;5;5
"7279";3;5;5;5;5;5;5;5;5
"7280";3;4;6;9;10;12;15;16;19
"7281";3;5;5;5;5;5;5;5;5
"7282";3;4;6;9;10;12;15;16;19
"7283";3;5;5;5;5;5;5;5;5
"7284";3;5;5;5;5;5;5;5;5
"7285";3;5;5;5;5;5;5;5;5
"7286";3;5;5;5;5;5;5;5;5
"7287";3;5;5;5;5;5;5;5;5
"7288";3;4;6;9;10;12;15;16;19
"7289";3;5;5;5;5;5;5;5;5
"7290";3;4;6;9;10;12;15;16;19
"7291";3;5;5;5;5;5;5;5;5
"7292";3;4;6;9;10;12;15;16;19
"7293";3;5;5;5;5;5;5;5;5
"7294";3;5;5;5;5;5;5;5;5
"7295";3;5;5;5;5;5;5;5;5
"7296";3;5;5;5;5;5;5;5;5
"7297";3;5;5;5;5;5;5;5;5
"7298";3;5;5;5;5;5;5;5;5
"7299";3;5;5;5;5;5;5;5;5
"7300";3;5;5;5;5;5;5;5;5
"7301";3;5;5;5;5;5;5;5;5
"7302";3;5;5;5;5;5;5;5;5
"7303";3;5;5;5;5;5;5;5;5
"7304";3;5;5;5;5;5;5;5;5
"7305";3;5;5;5;5;5;5;5;5
"7306";3;5;5;5;5;5;5;5;5
"7307";3;5;5;5;5;5;5;5;5
"7308";3;5;5;5;5;5;5;5;5
"7309";3;5;5;5;5;5;5;5;5
"7310";3;5;5;5;5;5;5;5;5
"7311";3;5;5;5;5;5;5;5;5
"7312";3;5;5;5;5;5;5;5;5
"7313";3;5;5;5;5;5;5;5;5
"7314";3;5;5;5;5;5;5;5;5
"7315";3;4;6;8;8;8;8;8;8
"7316";3;4;6;9;10;12;15;16;19
"7317";3;4;6;9;10;12;15;16;19
"7318";3;5;5;5;5;5;5;5;5
"7319";3;4;6;9;10;12;15;16;19
"7320";3;4;6;9;10;12;15;16;19
"7321";3;5;5;5;5;5;5;5;5
"7322";3;5;5;5;5;5;5;5;5
"7323";3;4;6;9;10;12;15;16;19
"7324";3;4;7;7;7;7;7;7;7
"7325";3;4;7;7;7;7;7;7;7
"7326";3;4;6;9;10;12;15;16;19
"7327";3;4;7;7;7;7;7;7;7
"7328";3;4;6;8;8;8;8;8;8
"7329";3;4;6;9;10;12;15;16;19
"7330";3;4;6;9;10;12;15;16;19
"7331";3;4;6;9;10;12;15;16;19
"7332";3;5;5;5;5;5;5;5;5
"7333";3;4;6;8;8;8;8;8;8
"7334";3;5;5;5;5;5;5;5;5
"7335";3;5;5;5;5;5;5;5;5
"7336";3;5;5;5;5;5;5;5;5
"7337";3;5;5;5;5;5;5;5;5
"7338";3;5;5;5;5;5;5;5;5
"7339";3;5;5;5;5;5;5;5;5
"7340";3;5;5;5;5;5;5;5;5
"7341";3;5;5;5;5;5;5;5;5
"7342";3;5;5;5;5;5;5;5;5
"7343";3;5;5;5;5;5;5;5;5
"7344";3;5;5;5;5;5;5;5;5
"7345";3;5;5;5;5;5;5;5;5
"7346";3;5;5;5;5;5;5;5;5
"7347";3;5;5;5;5;5;5;5;5
"7348";3;5;5;5;5;5;5;5;5
"7349";3;5;5;5;5;5;5;5;5
"7350";3;5;5;5;5;5;5;5;5
"7351";3;5;5;5;5;5;5;5;5
"7352";3;5;5;5;5;5;5;5;5
"7353";3;5;5;5;5;5;5;5;5
"7354";3;5;5;5;5;5;5;5;5
"7355";3;5;5;5;5;5;5;5;5
"7356";3;5;5;5;5;5;5;5;5
"7357";3;5;5;5;5;5;5;5;5
"7358";3;5;5;5;5;5;5;5;5
"7359";3;5;5;5;5;5;5;5;5
"7360";3;5;5;5;5;5;5;5;5
"7361";3;5;5;5;5;5;5;5;5
"7362";3;5;5;5;5;5;5;5;5
"7363";3;5;5;5;5;5;5;5;5
"7364";3;5;5;5;5;5;5;5;5
"7365";3;5;5;5;5;5;5;5;5
"7366";3;5;5;5;5;5;5;5;5
"7367";3;5;5;5;5;5;5;5;5
"7368";3;5;5;5;5;5;5;5;5
"7369";3;5;5;5;5;5;5;5;5
"7370";3;5;5;5;5;5;5;5;5
"7371";3;5;5;5;5;5;5;5;5
"7372";3;5;5;5;5;5;5;5;5
"7373";3;5;5;5;5;5;5;5;5
"7374";3;5;5;5;5;5;5;5;5
"7375";3;5;5;5;5;5;5;5;5
"7376";3;5;5;5;5;5;5;5;5
"7377";3;5;5;5;5;5;5;5;5
"7378";3;5;5;5;5;5;5;5;5
"7379";3;5;5;5;5;5;5;5;5
"7380";3;5;5;5;5;5;5;5;5
"7381";3;5;5;5;5;5;5;5;5
"7382";3;5;5;5;5;5;5;5;5
"7383";3;5;5;5;5;5;5;5;5
"7384";3;5;5;5;5;5;5;5;5
"7385";3;5;5;5;5;5;5;5;5
"7386";3;5;5;5;5;5;5;5;5
"7387";3;5;5;5;5;5;5;5;5
"7388";3;5;5;5;5;5;5;5;5
"7389";3;5;5;5;5;5;5;5;5
"7390";3;5;5;5;5;5;5;5;5
"7391";3;5;5;5;5;5;5;5;5
"7392";3;5;5;5;5;5;5;5;5
"7393";3;5;5;5;5;5;5;5;5
"7394";3;5;5;5;5;5;5;5;5
"7395";3;5;5;5;5;5;5;5;5
"7396";3;5;5;5;5;5;5;5;5
"7397";3;5;5;5;5;5;5;5;5
"7398";3;4;6;8;8;8;8;8;8
"7399";3;5;5;5;5;5;5;5;5
"7400";3;4;6;9;10;12;15;16;19
"7401";3;4;6;8;8;8;8;8;8
"7402";3;4;6;9;10;12;15;16;19
"7403";3;4;6;8;8;8;8;8;8
"7404";3;5;5;5;5;5;5;5;5
"7405";3;5;5;5;5;5;5;5;5
"7406";3;5;5;5;5;5;5;5;5
"7407";3;5;5;5;5;5;5;5;5
"7408";3;4;6;8;8;8;8;8;8
"7409";3;4;6;9;10;12;15;16;19
"7410";3;4;6;9;10;12;15;16;19
"7411";3;4;6;8;8;8;8;8;8
"7412";3;4;6;8;8;8;8;8;8
"7413";3;4;6;8;8;8;8;8;8
"7414";3;4;6;9;10;12;15;16;19
"7415";3;4;6;8;8;8;8;8;8
"7416";3;5;5;5;5;5;5;5;5
"7417";3;4;6;8;8;8;8;8;8
"7418";3;4;6;8;8;8;8;8;8
"7419";3;4;6;8;8;8;8;8;8
"7420";3;5;5;5;5;5;5;5;5
"7421";3;5;5;5;5;5;5;5;5
"7422";3;4;6;8;8;8;8;8;8
"7423";3;4;6;8;8;8;8;8;8
"7424";3;5;5;5;5;5;5;5;5
"7425";3;4;6;8;8;8;8;8;8
"7426";3;5;5;5;5;5;5;5;5
"7427";3;4;6;8;8;8;8;8;8
"7428";3;4;6;8;8;8;8;8;8
"7429";3;4;6;8;8;8;8;8;8
"7430";3;4;6;9;10;12;15;16;19
"7431";3;4;6;9;10;12;15;16;19
"7432";3;4;6;8;8;8;8;8;8
"7433";3;5;5;5;5;5;5;5;5
"7434";3;5;5;5;5;5;5;5;5
"7435";3;4;6;8;8;8;8;8;8
"7436";3;5;5;5;5;5;5;5;5
"7437";3;5;5;5;5;5;5;5;5
"7438";3;5;5;5;5;5;5;5;5
"7439";3;5;5;5;5;5;5;5;5
"7440";3;5;5;5;5;5;5;5;5
"7441";3;5;5;5;5;5;5;5;5
"7442";3;5;5;5;5;5;5;5;5
"7443";3;5;5;5;5;5;5;5;5
"7444";3;5;5;5;5;5;5;5;5
"7445";3;4;6;9;10;12;15;16;19
"7446";3;5;5;5;5;5;5;5;5
"7447";3;4;6;8;8;8;8;8;8
"7448";3;4;6;9;10;12;15;16;19
"7449";3;4;6;8;8;8;8;8;8
"7450";3;4;6;9;10;12;15;16;19
"7451";3;4;6;9;10;12;15;16;19
"7452";3;4;6;9;10;12;15;16;19
"7453";3;4;6;8;8;8;8;8;8
"7454";3;4;6;8;8;8;8;8;8
"7455";3;4;6;9;10;12;15;16;19
"7456";3;4;6;8;8;8;8;8;8
"7457";3;5;5;5;5;5;5;5;5
"7458";3;4;6;8;8;8;8;8;8
"7459";3;5;5;5;5;5;5;5;5
"7460";3;5;5;5;5;5;5;5;5
"7461";3;4;6;8;8;8;8;8;8
"7462";3;4;6;8;8;8;8;8;8
"7463";3;5;5;5;5;5;5;5;5
"7464";3;5;5;5;5;5;5;5;5
"7465";3;5;5;5;5;5;5;5;5
"7466";3;5;5;5;5;5;5;5;5
"7467";3;5;5;5;5;5;5;5;5
"7468";3;5;5;5;5;5;5;5;5
"7469";3;5;5;5;5;5;5;5;5
"7470";3;5;5;5;5;5;5;5;5
"7471";3;5;5;5;5;5;5;5;5
"7472";3;5;5;5;5;5;5;5;5
"7473";3;5;5;5;5;5;5;5;5
"7474";3;5;5;5;5;5;5;5;5
"7475";3;4;6;8;8;8;8;8;8
"7476";3;5;5;5;5;5;5;5;5
"7477";3;5;5;5;5;5;5;5;5
"7478";3;5;5;5;5;5;5;5;5
"7479";3;5;5;5;5;5;5;5;5
"7480";3;5;5;5;5;5;5;5;5
"7481";3;5;5;5;5;5;5;5;5
"7482";3;4;6;9;10;12;15;16;19
"7483";3;4;6;8;8;8;8;8;8
"7484";3;4;6;9;10;12;15;16;19
"7485";3;4;6;8;8;8;8;8;8
"7486";3;4;6;8;8;8;8;8;8
"7487";3;5;5;5;5;5;5;5;5
"7488";3;4;6;8;8;8;8;8;8
"7489";3;4;6;8;8;8;8;8;8
"7490";3;4;6;8;8;8;8;8;8
"7491";3;4;6;8;8;8;8;8;8
"7492";3;4;6;8;8;8;8;8;8
"7493";3;4;6;9;10;12;15;16;19
"7494";3;5;5;5;5;5;5;5;5
"7495";3;5;5;5;5;5;5;5;5
"7496";3;5;5;5;5;5;5;5;5
"7497";3;4;6;9;10;12;15;16;19
"7498";3;4;6;9;10;12;15;16;19
"7499";3;4;6;8;8;8;8;8;8
"7500";3;4;6;8;8;8;8;8;8
"7501";3;4;6;8;8;8;8;8;8
"7502";3;4;6;9;10;12;15;16;19
"7503";3;4;6;9;10;12;15;16;19
"7504";3;4;6;9;10;12;15;16;19
"7505";3;4;6;8;8;8;8;8;8
"7506";3;5;5;5;5;5;5;5;5
"7507";3;4;6;8;8;8;8;8;8
"7508";3;4;6;9;10;12;15;16;19
"7509";3;4;6;9;10;12;15;16;19
"7510";3;4;6;8;8;8;8;8;8
"7511";3;4;6;8;8;8;8;8;8
"7512";3;5;5;5;5;5;5;5;5
"7513";3;5;5;5;5;5;5;5;5
"7514";3;5;5;5;5;5;5;5;5
"7515";3;4;6;8;8;8;8;8;8
"7516";3;4;6;8;8;8;8;8;8
"7517";3;4;6;8;8;8;8;8;8
"7518";3;5;5;5;5;5;5;5;5
"7519";3;4;6;9;10;12;15;16;19
"7520";3;5;5;5;5;5;5;5;5
"7521";3;5;5;5;5;5;5;5;5
"7522";3;5;5;5;5;5;5;5;5
"7523";3;5;5;5;5;5;5;5;5
"7524";3;5;5;5;5;5;5;5;5
"7525";3;4;6;9;10;12;15;16;19
"7526";3;5;5;5;5;5;5;5;5
"7527";3;4;6;8;8;8;8;8;8
"7528";3;5;5;5;5;5;5;5;5
"7529";3;4;6;9;10;12;15;16;19
"7530";3;4;6;8;8;8;8;8;8
"7531";3;4;6;8;8;8;8;8;8
"7532";3;5;5;5;5;5;5;5;5
"7533";3;5;5;5;5;5;5;5;5
"7534";3;5;5;5;5;5;5;5;5
"7535";3;5;5;5;5;5;5;5;5
"7536";3;5;5;5;5;5;5;5;5
"7537";3;5;5;5;5;5;5;5;5
"7538";3;4;6;8;8;8;8;8;8
"7539";3;5;5;5;5;5;5;5;5
"7540";3;5;5;5;5;5;5;5;5
"7541";3;5;5;5;5;5;5;5;5
"7542";3;5;5;5;5;5;5;5;5
"7543";3;5;5;5;5;5;5;5;5
"7544";3;5;5;5;5;5;5;5;5
"7545";3;5;5;5;5;5;5;5;5
"7546";3;4;6;9;10;12;15;16;19
"7547";3;4;6;9;10;12;15;16;19
"7548";3;4;6;9;10;12;15;16;19
"7549";3;5;5;5;5;5;5;5;5
"7550";3;5;5;5;5;5;5;5;5
"7551";3;5;5;5;5;5;5;5;5
"7552";3;5;5;5;5;5;5;5;5
"7553";3;5;5;5;5;5;5;5;5
"7554";3;5;5;5;5;5;5;5;5
"7555";3;5;5;5;5;5;5;5;5
"7556";3;5;5;5;5;5;5;5;5
"7557";3;4;6;8;8;8;8;8;8
"7558";3;4;6;8;8;8;8;8;8
"7559";3;4;6;8;8;8;8;8;8
"7560";3;4;6;8;8;8;8;8;8
"7561";3;5;5;5;5;5;5;5;5
"7562";3;5;5;5;5;5;5;5;5
"7563";3;5;5;5;5;5;5;5;5
"7564";3;4;6;8;8;8;8;8;8
"7565";3;4;6;9;10;12;15;16;19
"7566";3;4;6;8;8;8;8;8;8
"7567";3;4;6;9;10;12;15;16;19
"7568";3;4;6;8;8;8;8;8;8
"7569";3;4;6;9;10;12;15;16;19
"7570";3;4;6;9;10;12;15;16;19
"7571";3;4;6;8;8;8;8;8;8
"7572";3;5;5;5;5;5;5;5;5
"7573";3;4;6;8;8;8;8;8;8
"7574";3;4;6;8;8;8;8;8;8
"7575";3;4;6;8;8;8;8;8;8
"7576";3;4;6;8;8;8;8;8;8
"7577";3;4;6;8;8;8;8;8;8
"7578";3;4;6;9;10;12;15;16;19
"7579";3;4;6;8;8;8;8;8;8
"7580";3;4;6;8;8;8;8;8;8
"7581";3;5;5;5;5;5;5;5;5
"7582";3;5;5;5;5;5;5;5;5
"7583";3;5;5;5;5;5;5;5;5
"7584";3;5;5;5;5;5;5;5;5
"7585";3;4;6;8;8;8;8;8;8
"7586";3;5;5;5;5;5;5;5;5
"7587";3;5;5;5;5;5;5;5;5
"7588";3;4;6;9;10;12;15;16;18
"7589";3;5;5;5;5;5;5;5;5
"7590";3;5;5;5;5;5;5;5;5
"7591";3;4;6;9;10;12;15;16;19
"7592";3;4;6;9;10;12;15;16;19
"7593";3;5;5;5;5;5;5;5;5
"7594";3;5;5;5;5;5;5;5;5
"7595";3;4;6;9;10;12;15;16;19
"7596";3;5;5;5;5;5;5;5;5
"7597";3;5;5;5;5;5;5;5;5
"7598";3;5;5;5;5;5;5;5;5
"7599";3;5;5;5;5;5;5;5;5
"7600";3;4;6;9;10;13;13;13;13
"7601";3;4;6;9;10;12;15;16;19
"7602";3;5;5;5;5;5;5;5;5
"7603";3;5;5;5;5;5;5;5;5
"7604";3;5;5;5;5;5;5;5;5
"7605";3;5;5;5;5;5;5;5;5
"7606";3;5;5;5;5;5;5;5;5
"7607";3;4;6;9;10;13;13;13;13
"7608";3;4;6;9;10;12;15;16;19
"7609";3;4;6;9;10;12;15;16;19
"7610";3;5;5;5;5;5;5;5;5
"7611";3;5;5;5;5;5;5;5;5
"7612";3;4;6;9;10;12;15;16;19
"7613";3;5;5;5;5;5;5;5;5
"7614";3;5;5;5;5;5;5;5;5
"7615";3;5;5;5;5;5;5;5;5
"7616";3;5;5;5;5;5;5;5;5
"7617";3;5;5;5;5;5;5;5;5
"7618";3;5;5;5;5;5;5;5;5
"7619";3;5;5;5;5;5;5;5;5
"7620";3;4;6;9;10;12;15;16;19
"7621";3;4;7;7;7;7;7;7;7
"7622";3;4;6;8;8;8;8;8;8
"7623";3;4;6;8;8;8;8;8;8
"7624";3;4;6;9;10;12;15;16;19
"7625";3;4;6;9;10;12;15;16;19
"7626";3;4;6;9;10;12;15;16;19
"7627";3;4;6;8;8;8;8;8;8
"7628";3;4;6;9;10;12;15;16;19
"7629";3;4;6;8;8;8;8;8;8
"7630";3;4;6;9;10;12;15;16;19
"7631";3;4;6;9;10;12;15;16;18
"7632";3;4;6;8;8;8;8;8;8
"7633";3;4;6;8;8;8;8;8;8
"7634";3;5;5;5;5;5;5;5;5
"7635";3;4;6;8;8;8;8;8;8
"7636";3;4;6;8;8;8;8;8;8
"7637";3;4;6;8;8;8;8;8;8
"7638";3;4;6;9;10;12;15;16;19
"7639";3;4;6;9;10;12;15;16;19
"7640";3;4;6;8;8;8;8;8;8
"7641";3;4;6;9;10;12;15;16;19
"7642";3;4;6;8;8;8;8;8;8
"7643";3;4;6;9;10;12;15;16;19
"7644";3;4;6;8;8;8;8;8;8
"7645";3;4;6;9;10;12;15;16;19
"7646";3;4;6;9;10;12;15;16;19
"7647";3;4;7;7;7;7;7;7;7
"7648";3;4;6;9;10;12;15;16;19
"7649";3;4;6;8;8;8;8;8;8
"7650";3;5;5;5;5;5;5;5;5
"7651";3;5;5;5;5;5;5;5;5
"7652";3;5;5;5;5;5;5;5;5
"7653";3;5;5;5;5;5;5;5;5
"7654";3;5;5;5;5;5;5;5;5
"7655";3;5;5;5;5;5;5;5;5
"7656";3;5;5;5;5;5;5;5;5
"7657";3;5;5;5;5;5;5;5;5
"7658";3;5;5;5;5;5;5;5;5
"7659";3;5;5;5;5;5;5;5;5
"7660";3;5;5;5;5;5;5;5;5
"7661";3;5;5;5;5;5;5;5;5
"7662";3;5;5;5;5;5;5;5;5
"7663";3;5;5;5;5;5;5;5;5
"7664";3;5;5;5;5;5;5;5;5
"7665";3;5;5;5;5;5;5;5;5
"7666";3;5;5;5;5;5;5;5;5
"7667";3;5;5;5;5;5;5;5;5
"7668";3;5;5;5;5;5;5;5;5
"7669";3;5;5;5;5;5;5;5;5
"7670";3;5;5;5;5;5;5;5;5
"7671";3;5;5;5;5;5;5;5;5
"7672";0;0;0;0;0;0;0;0;0
"7673";3;5;5;5;5;5;5;5;5
"7674";3;5;5;5;5;5;5;5;5
"7675";3;4;6;9;10;12;15;16;19
"7676";3;5;5;5;5;5;5;5;5
"7677";3;5;5;5;5;5;5;5;5
"7678";3;5;5;5;5;5;5;5;5
"7679";3;5;5;5;5;5;5;5;5
"7680";3;5;5;5;5;5;5;5;5
"7681";3;5;5;5;5;5;5;5;5
"7682";3;5;5;5;5;5;5;5;5
"7683";3;5;5;5;5;5;5;5;5
"7684";3;5;5;5;5;5;5;5;5
"7685";3;5;5;5;5;5;5;5;5
"7686";3;5;5;5;5;5;5;5;5
"7687";3;4;6;9;10;12;15;16;19
"7688";3;5;5;5;5;5;5;5;5
"7689";3;5;5;5;5;5;5;5;5
"7690";3;5;5;5;5;5;5;5;5
"7691";3;5;5;5;5;5;5;5;5
"7692";3;5;5;5;5;5;5;5;5
"7693";3;5;5;5;5;5;5;5;5
"7694";3;5;5;5;5;5;5;5;5
"7695";3;5;5;5;5;5;5;5;5
"7696";3;5;5;5;5;5;5;5;5
"7697";3;5;5;5;5;5;5;5;5
"7698";3;5;5;5;5;5;5;5;5
"7699";3;4;6;9;10;12;15;16;19
"7700";3;5;5;5;5;5;5;5;5
"7701";3;5;5;5;5;5;5;5;5
"7702";3;5;5;5;5;5;5;5;5
"7703";3;5;5;5;5;5;5;5;5
"7704";3;4;6;9;10;12;15;16;19
"7705";3;5;5;5;5;5;5;5;5
"7706";3;5;5;5;5;5;5;5;5
"7707";3;5;5;5;5;5;5;5;5
"7708";3;5;5;5;5;5;5;5;5
"7709";3;5;5;5;5;5;5;5;5
"7710";3;5;5;5;5;5;5;5;5
"7711";3;5;5;5;5;5;5;5;5
"7712";3;5;5;5;5;5;5;5;5
"7713";3;5;5;5;5;5;5;5;5
"7714";3;5;5;5;5;5;5;5;5
"7715";3;5;5;5;5;5;5;5;5
"7716";3;4;6;9;10;12;15;16;19
"7717";3;5;5;5;5;5;5;5;5
"7718";3;5;5;5;5;5;5;5;5
"7719";3;5;5;5;5;5;5;5;5
"7720";3;5;5;5;5;5;5;5;5
"7721";3;5;5;5;5;5;5;5;5
"7722";3;5;5;5;5;5;5;5;5
"7723";3;5;5;5;5;5;5;5;5
"7724";3;5;5;5;5;5;5;5;5
"7725";3;5;5;5;5;5;5;5;5
"7726";3;5;5;5;5;5;5;5;5
"7727";3;5;5;5;5;5;5;5;5
"7728";3;5;5;5;5;5;5;5;5
"7729";3;5;5;5;5;5;5;5;5
"7730";3;5;5;5;5;5;5;5;5
"7731";3;5;5;5;5;5;5;5;5
"7732";3;5;5;5;5;5;5;5;5
"7733";3;5;5;5;5;5;5;5;5
"7734";3;5;5;5;5;5;5;5;5
"7735";3;5;5;5;5;5;5;5;5
"7736";3;5;5;5;5;5;5;5;5
"7737";3;5;5;5;5;5;5;5;5
"7738";3;5;5;5;5;5;5;5;5
"7739";3;5;5;5;5;5;5;5;5
"7740";3;5;5;5;5;5;5;5;5
"7741";3;5;5;5;5;5;5;5;5
"7742";3;5;5;5;5;5;5;5;5
"7743";3;5;5;5;5;5;5;5;5
"7744";3;5;5;5;5;5;5;5;5
"7745";3;5;5;5;5;5;5;5;5
"7746";3;5;5;5;5;5;5;5;5
"7747";3;5;5;5;5;5;5;5;5
"7748";3;5;5;5;5;5;5;5;5
"7749";3;5;5;5;5;5;5;5;5
"7750";3;5;5;5;5;5;5;5;5
"7751";3;4;6;9;10;12;15;16;19
"7752";3;5;5;5;5;5;5;5;5
"7753";3;5;5;5;5;5;5;5;5
"7754";3;5;5;5;5;5;5;5;5
"7755";3;5;5;5;5;5;5;5;5
"7756";3;5;5;5;5;5;5;5;5
"7757";3;5;5;5;5;5;5;5;5
"7758";3;5;5;5;5;5;5;5;5
"7759";3;5;5;5;5;5;5;5;5
"7760";3;5;5;5;5;5;5;5;5
"7761";3;5;5;5;5;5;5;5;5
"7762";3;5;5;5;5;5;5;5;5
"7763";3;5;5;5;5;5;5;5;5
"7764";3;5;5;5;5;5;5;5;5
"7765";3;5;5;5;5;5;5;5;5
"7766";3;5;5;5;5;5;5;5;5
"7767";3;5;5;5;5;5;5;5;5
"7768";3;5;5;5;5;5;5;5;5
"7769";3;5;5;5;5;5;5;5;5
"7770";3;5;5;5;5;5;5;5;5
"7771";3;5;5;5;5;5;5;5;5
"7772";3;5;5;5;5;5;5;5;5
"7773";3;5;5;5;5;5;5;5;5
"7774";3;5;5;5;5;5;5;5;5
"7775";3;5;5;5;5;5;5;5;5
"7776";3;5;5;5;5;5;5;5;5
"7777";3;5;5;5;5;5;5;5;5
"7778";3;5;5;5;5;5;5;5;5
"7779";3;5;5;5;5;5;5;5;5
"7780";3;5;5;5;5;5;5;5;5
"7781";3;5;5;5;5;5;5;5;5
"7782";3;5;5;5;5;5;5;5;5
"7783";3;5;5;5;5;5;5;5;5
"7784";3;5;5;5;5;5;5;5;5
"7785";3;5;5;5;5;5;5;5;5
"7786";3;5;5;5;5;5;5;5;5
"7787";3;5;5;5;5;5;5;5;5
"7788";3;5;5;5;5;5;5;5;5
"7789";3;5;5;5;5;5;5;5;5
"7790";3;5;5;5;5;5;5;5;5
"7791";3;5;5;5;5;5;5;5;5
"7792";3;5;5;5;5;5;5;5;5
"7793";3;5;5;5;5;5;5;5;5
"7794";3;5;5;5;5;5;5;5;5
"7795";3;5;5;5;5;5;5;5;5
"7796";3;5;5;5;5;5;5;5;5
"7797";3;5;5;5;5;5;5;5;5
"7798";3;5;5;5;5;5;5;5;5
"7799";3;5;5;5;5;5;5;5;5
"7800";3;5;5;5;5;5;5;5;5
"7801";3;5;5;5;5;5;5;5;5
"7802";3;5;5;5;5;5;5;5;5
"7803";3;5;5;5;5;5;5;5;5
"7804";3;5;5;5;5;5;5;5;5
"7805";3;5;5;5;5;5;5;5;5
"7806";3;4;6;9;10;12;15;16;19
"7807";3;5;5;5;5;5;5;5;5
"7808";3;5;5;5;5;5;5;5;5
"7809";3;5;5;5;5;5;5;5;5
"7810";3;5;5;5;5;5;5;5;5
"7811";3;5;5;5;5;5;5;5;5
"7812";3;5;5;5;5;5;5;5;5
"7813";3;5;5;5;5;5;5;5;5
"7814";3;5;5;5;5;5;5;5;5
"7815";3;5;5;5;5;5;5;5;5
"7816";3;5;5;5;5;5;5;5;5
"7817";3;5;5;5;5;5;5;5;5
"7818";3;5;5;5;5;5;5;5;5
"7819";3;5;5;5;5;5;5;5;5
"7820";3;5;5;5;5;5;5;5;5
"7821";3;5;5;5;5;5;5;5;5
"7822";3;5;5;5;5;5;5;5;5
"7823";3;5;5;5;5;5;5;5;5
"7824";3;5;5;5;5;5;5;5;5
"7825";3;5;5;5;5;5;5;5;5
"7826";3;5;5;5;5;5;5;5;5
"7827";3;5;5;5;5;5;5;5;5
"7828";3;5;5;5;5;5;5;5;5
"7829";3;5;5;5;5;5;5;5;5
"7830";3;5;5;5;5;5;5;5;5
"7831";3;5;5;5;5;5;5;5;5
"7832";3;5;5;5;5;5;5;5;5
"7833";3;5;5;5;5;5;5;5;5
"7834";3;5;5;5;5;5;5;5;5
"7835";3;5;5;5;5;5;5;5;5
"7836";3;5;5;5;5;5;5;5;5
"7837";3;5;5;5;5;5;5;5;5
"7838";3;5;5;5;5;5;5;5;5
"7839";3;5;5;5;5;5;5;5;5
"7840";3;5;5;5;5;5;5;5;5
"7841";3;5;5;5;5;5;5;5;5
"7842";3;5;5;5;5;5;5;5;5
"7843";3;4;6;9;10;12;15;16;19
"7844";3;5;5;5;5;5;5;5;5
"7845";3;5;5;5;5;5;5;5;5
"7846";3;5;5;5;5;5;5;5;5
"7847";3;4;6;9;10;12;15;16;19
"7848";3;5;5;5;5;5;5;5;5
"7849";3;5;5;5;5;5;5;5;5
"7850";3;5;5;5;5;5;5;5;5
"7851";3;5;5;5;5;5;5;5;5
"7852";3;5;5;5;5;5;5;5;5
"7853";3;5;5;5;5;5;5;5;5
"7854";3;5;5;5;5;5;5;5;5
"7855";3;5;5;5;5;5;5;5;5
"7856";3;5;5;5;5;5;5;5;5
"7857";3;5;5;5;5;5;5;5;5
"7858";3;5;5;5;5;5;5;5;5
"7859";3;4;7;7;7;7;7;7;7
"7860";3;5;5;5;5;5;5;5;5
"7861";3;4;6;9;10;12;15;16;19
"7862";3;4;6;9;10;12;15;16;19
"7863";3;5;5;5;5;5;5;5;5
"7864";3;5;5;5;5;5;5;5;5
"7865";3;4;6;9;10;12;15;16;19
"7866";3;5;5;5;5;5;5;5;5
"7867";3;5;5;5;5;5;5;5;5
"7868";3;5;5;5;5;5;5;5;5
"7869";3;5;5;5;5;5;5;5;5
"7870";3;5;5;5;5;5;5;5;5
"7871";3;5;5;5;5;5;5;5;5
"7872";3;5;5;5;5;5;5;5;5
"7873";3;5;5;5;5;5;5;5;5
"7874";3;4;6;9;10;12;15;16;19
"7875";3;5;5;5;5;5;5;5;5
"7876";3;5;5;5;5;5;5;5;5
"7877";3;5;5;5;5;5;5;5;5
"7878";3;5;5;5;5;5;5;5;5
"7879";3;5;5;5;5;5;5;5;5
"7880";3;4;6;9;10;12;15;16;19
"7881";3;5;5;5;5;5;5;5;5
"7882";3;4;6;9;10;12;15;16;19
"7883";3;5;5;5;5;5;5;5;5
"7884";3;5;5;5;5;5;5;5;5
"7885";3;5;5;5;5;5;5;5;5
"7886";3;5;5;5;5;5;5;5;5
"7887";3;5;5;5;5;5;5;5;5
"7888";3;5;5;5;5;5;5;5;5
"7889";3;5;5;5;5;5;5;5;5
"7890";3;5;5;5;5;5;5;5;5
"7891";3;5;5;5;5;5;5;5;5
"7892";3;5;5;5;5;5;5;5;5
"7893";3;5;5;5;5;5;5;5;5
"7894";3;5;5;5;5;5;5;5;5
"7895";3;5;5;5;5;5;5;5;5
"7896";3;5;5;5;5;5;5;5;5
"7897";3;5;5;5;5;5;5;5;5
"7898";3;5;5;5;5;5;5;5;5
"7899";3;5;5;5;5;5;5;5;5
"7900";3;5;5;5;5;5;5;5;5
"7901";3;5;5;5;5;5;5;5;5
"7902";3;4;6;9;10;12;15;16;19
"7903";3;5;5;5;5;5;5;5;5
"7904";3;5;5;5;5;5;5;5;5
"7905";3;5;5;5;5;5;5;5;5
"7906";3;5;5;5;5;5;5;5;5
"7907";3;5;5;5;5;5;5;5;5
"7908";3;5;5;5;5;5;5;5;5
"7909";3;4;6;9;10;12;15;16;19
"7910";3;5;5;5;5;5;5;5;5
"7911";3;5;5;5;5;5;5;5;5
"7912";3;5;5;5;5;5;5;5;5
"7913";3;4;6;9;10;12;15;16;19
"7914";3;5;5;5;5;5;5;5;5
"7915";3;5;5;5;5;5;5;5;5
"7916";3;5;5;5;5;5;5;5;5
"7917";3;5;5;5;5;5;5;5;5
"7918";3;5;5;5;5;5;5;5;5
"7919";3;5;5;5;5;5;5;5;5
"7920";3;5;5;5;5;5;5;5;5
"7921";3;5;5;5;5;5;5;5;5
"7922";3;5;5;5;5;5;5;5;5
"7923";3;5;5;5;5;5;5;5;5
"7924";3;5;5;5;5;5;5;5;5
"7925";3;5;5;5;5;5;5;5;5
"7926";3;5;5;5;5;5;5;5;5
"7927";3;5;5;5;5;5;5;5;5
"7928";3;4;6;9;10;12;15;16;19
"7929";3;5;5;5;5;5;5;5;5
"7930";3;4;6;9;10;12;15;16;19
"7931";3;5;5;5;5;5;5;5;5
"7932";3;5;5;5;5;5;5;5;5
"7933";3;5;5;5;5;5;5;5;5
"7934";3;5;5;5;5;5;5;5;5
"7935";3;4;6;9;10;12;15;16;19
"7936";3;5;5;5;5;5;5;5;5
"7937";3;5;5;5;5;5;5;5;5
"7938";3;5;5;5;5;5;5;5;5
"7939";3;5;5;5;5;5;5;5;5
"7940";3;5;5;5;5;5;5;5;5
"7941";3;4;6;9;10;12;15;16;19
"7942";3;5;5;5;5;5;5;5;5
"7943";3;5;5;5;5;5;5;5;5
"7944";3;5;5;5;5;5;5;5;5
"7945";3;4;6;9;10;12;15;16;19
"7946";3;5;5;5;5;5;5;5;5
"7947";3;4;6;9;10;12;15;16;19
"7948";3;5;5;5;5;5;5;5;5
"7949";3;4;6;9;10;12;15;16;19
"7950";3;4;7;7;7;7;7;7;7
"7951";3;5;5;5;5;5;5;5;5
"7952";3;5;5;5;5;5;5;5;5
"7953";3;5;5;5;5;5;5;5;5
"7954";3;5;5;5;5;5;5;5;5
"7955";3;5;5;5;5;5;5;5;5
"7956";3;5;5;5;5;5;5;5;5
"7957";3;4;6;9;10;12;15;16;19
"7958";3;5;5;5;5;5;5;5;5
"7959";3;5;5;5;5;5;5;5;5
"7960";3;5;5;5;5;5;5;5;5
"7961";3;5;5;5;5;5;5;5;5
"7962";3;5;5;5;5;5;5;5;5
"7963";3;5;5;5;5;5;5;5;5
"7964";3;5;5;5;5;5;5;5;5
"7965";3;4;6;9;10;12;15;16;19
"7966";3;5;5;5;5;5;5;5;5
"7967";3;5;5;5;5;5;5;5;5
"7968";3;4;6;9;10;12;15;16;19
"7969";3;5;5;5;5;5;5;5;5
"7970";3;5;5;5;5;5;5;5;5
"7971";3;5;5;5;5;5;5;5;5
"7972";3;5;5;5;5;5;5;5;5
"7973";3;5;5;5;5;5;5;5;5
"7974";3;5;5;5;5;5;5;5;5
"7975";3;5;5;5;5;5;5;5;5
"7976";3;5;5;5;5;5;5;5;5
"7977";3;5;5;5;5;5;5;5;5
"7978";3;5;5;5;5;5;5;5;5
"7979";3;4;6;9;10;12;15;16;19
"7980";3;5;5;5;5;5;5;5;5
"7981";3;5;5;5;5;5;5;5;5
"7982";3;5;5;5;5;5;5;5;5
"7983";3;5;5;5;5;5;5;5;5
"7984";3;5;5;5;5;5;5;5;5
"7985";3;4;6;9;10;12;15;16;19
"7986";3;5;5;5;5;5;5;5;5
"7987";3;5;5;5;5;5;5;5;5
"7988";3;5;5;5;5;5;5;5;5
"7989";3;5;5;5;5;5;5;5;5
"7990";3;5;5;5;5;5;5;5;5
"7991";3;4;7;7;7;7;7;7;7
"7992";3;4;7;7;7;7;7;7;7
"7993";3;4;6;9;10;12;15;16;19
"7994";3;4;6;9;10;12;15;16;19
"7995";3;4;6;9;10;12;15;16;19
"7996";3;4;6;9;10;12;15;16;19
"7997";3;5;5;5;5;5;5;5;5
"7998";3;5;5;5;5;5;5;5;5
"7999";3;4;6;9;10;12;15;16;19
"8000";3;5;5;5;5;5;5;5;5
"8001";3;5;5;5;5;5;5;5;5
"8002";3;5;5;5;5;5;5;5;5
"8003";3;5;5;5;5;5;5;5;5
"8004";3;5;5;5;5;5;5;5;5
"8005";3;5;5;5;5;5;5;5;5
"8006";3;5;5;5;5;5;5;5;5
"8007";3;5;5;5;5;5;5;5;5
"8008";3;5;5;5;5;5;5;5;5
"8009";3;5;5;5;5;5;5;5;5
"8010";3;5;5;5;5;5;5;5;5
"8011";3;5;5;5;5;5;5;5;5
"8012";3;5;5;5;5;5;5;5;5
"8013";3;5;5;5;5;5;5;5;5
"8014";3;5;5;5;5;5;5;5;5
"8015";3;5;5;5;5;5;5;5;5
"8016";3;5;5;5;5;5;5;5;5
"8017";3;5;5;5;5;5;5;5;5
"8018";3;5;5;5;5;5;5;5;5
"8019";3;5;5;5;5;5;5;5;5
"8020";3;5;5;5;5;5;5;5;5
"8021";3;5;5;5;5;5;5;5;5
"8022";3;5;5;5;5;5;5;5;5
"8023";3;5;5;5;5;5;5;5;5
"8024";3;5;5;5;5;5;5;5;5
"8025";3;4;6;9;10;12;15;16;19
"8026";3;5;5;5;5;5;5;5;5
"8027";3;5;5;5;5;5;5;5;5
"8028";3;4;6;9;10;12;15;16;19
"8029";3;5;5;5;5;5;5;5;5
"8030";3;5;5;5;5;5;5;5;5
"8031";3;5;5;5;5;5;5;5;5
"8032";3;5;5;5;5;5;5;5;5
"8033";3;5;5;5;5;5;5;5;5
"8034";3;5;5;5;5;5;5;5;5
"8035";3;5;5;5;5;5;5;5;5
"8036";3;5;5;5;5;5;5;5;5
"8037";3;5;5;5;5;5;5;5;5
"8038";3;5;5;5;5;5;5;5;5
"8039";3;5;5;5;5;5;5;5;5
"8040";3;5;5;5;5;5;5;5;5
"8041";3;5;5;5;5;5;5;5;5
"8042";3;5;5;5;5;5;5;5;5
"8043";3;5;5;5;5;5;5;5;5
"8044";3;5;5;5;5;5;5;5;5
"8045";3;5;5;5;5;5;5;5;5
"8046";3;5;5;5;5;5;5;5;5
"8047";3;5;5;5;5;5;5;5;5
"8048";3;5;5;5;5;5;5;5;5
"8049";3;5;5;5;5;5;5;5;5
"8050";3;5;5;5;5;5;5;5;5
"8051";3;5;5;5;5;5;5;5;5
"8052";3;5;5;5;5;5;5;5;5
"8053";3;5;5;5;5;5;5;5;5
"8054";3;5;5;5;5;5;5;5;5
"8055";3;5;5;5;5;5;5;5;5
"8056";3;5;5;5;5;5;5;5;5
"8057";3;5;5;5;5;5;5;5;5
"8058";3;5;5;5;5;5;5;5;5
"8059";3;5;5;5;5;5;5;5;5
"8060";3;5;5;5;5;5;5;5;5
"8061";3;5;5;5;5;5;5;5;5
"8062";3;5;5;5;5;5;5;5;5
"8063";3;5;5;5;5;5;5;5;5
"8064";3;5;5;5;5;5;5;5;5
"8065";3;5;5;5;5;5;5;5;5
"8066";3;5;5;5;5;5;5;5;5
"8067";3;5;5;5;5;5;5;5;5
"8068";3;5;5;5;5;5;5;5;5
"8069";3;5;5;5;5;5;5;5;5
"8070";3;4;6;9;10;12;15;16;19
"8071";3;5;5;5;5;5;5;5;5
"8072";3;5;5;5;5;5;5;5;5
"8073";3;5;5;5;5;5;5;5;5
"8074";3;5;5;5;5;5;5;5;5
"8075";3;5;5;5;5;5;5;5;5
"8076";3;5;5;5;5;5;5;5;5
"8077";3;5;5;5;5;5;5;5;5
"8078";3;5;5;5;5;5;5;5;5
"8079";3;4;7;7;7;7;7;7;7
"8080";3;4;6;9;10;12;15;16;19
"8081";3;5;5;5;5;5;5;5;5
"8082";3;5;5;5;5;5;5;5;5
"8083";3;5;5;5;5;5;5;5;5
"8084";3;5;5;5;5;5;5;5;5
"8085";3;5;5;5;5;5;5;5;5
"8086";3;5;5;5;5;5;5;5;5
"8087";3;4;6;9;10;12;15;16;19
"8088";3;5;5;5;5;5;5;5;5
"8089";3;5;5;5;5;5;5;5;5
"8090";3;5;5;5;5;5;5;5;5
"8091";3;5;5;5;5;5;5;5;5
"8092";3;5;5;5;5;5;5;5;5
"8093";3;5;5;5;5;5;5;5;5
"8094";3;5;5;5;5;5;5;5;5
"8095";3;4;6;9;10;12;15;16;19
"8096";3;4;6;9;10;12;15;16;19
"8097";3;4;6;9;10;12;15;16;19
"8098";3;4;6;9;10;12;15;16;19
"8099";3;4;6;8;8;8;8;8;8
"8100";3;4;6;9;10;12;15;16;19
"8101";3;5;5;5;5;5;5;5;5
"8102";3;5;5;5;5;5;5;5;5
"8103";3;4;6;8;8;8;8;8;8
"8104";3;4;6;8;8;8;8;8;8
"8105";3;4;6;8;8;8;8;8;8
"8106";3;5;5;5;5;5;5;5;5
"8107";3;5;5;5;5;5;5;5;5
"8108";3;4;6;9;10;12;15;16;19
"8109";3;5;5;5;5;5;5;5;5
"8110";3;4;6;9;10;12;15;16;19
"8111";3;4;6;8;8;8;8;8;8
"8112";3;4;6;9;10;12;15;16;19
"8113";3;4;6;9;10;12;15;16;19
"8114";3;4;6;9;10;12;15;16;19
"8115";3;4;6;8;8;8;8;8;8
"8116";3;4;6;9;10;12;15;16;19
"8117";3;4;6;8;8;8;8;8;8
"8118";3;4;6;9;10;12;15;16;19
"8119";3;4;6;8;8;8;8;8;8
"8120";3;4;6;8;8;8;8;8;8
"8121";3;5;5;5;5;5;5;5;5
"8122";3;5;5;5;5;5;5;5;5
"8123";3;5;5;5;5;5;5;5;5
"8124";3;5;5;5;5;5;5;5;5
"8125";3;5;5;5;5;5;5;5;5
"8126";3;5;5;5;5;5;5;5;5
"8127";3;5;5;5;5;5;5;5;5
"8128";3;5;5;5;5;5;5;5;5
"8129";3;5;5;5;5;5;5;5;5
"8130";3;5;5;5;5;5;5;5;5
"8131";3;5;5;5;5;5;5;5;5
"8132";3;4;6;9;10;12;15;16;19
"8133";3;5;5;5;5;5;5;5;5
"8134";3;5;5;5;5;5;5;5;5
"8135";3;5;5;5;5;5;5;5;5
"8136";3;5;5;5;5;5;5;5;5
"8137";3;5;5;5;5;5;5;5;5
"8138";3;5;5;5;5;5;5;5;5
"8139";3;5;5;5;5;5;5;5;5
"8140";3;5;5;5;5;5;5;5;5
"8141";3;5;5;5;5;5;5;5;5
"8142";3;5;5;5;5;5;5;5;5
"8143";3;5;5;5;5;5;5;5;5
"8144";3;5;5;5;5;5;5;5;5
"8145";3;5;5;5;5;5;5;5;5
"8146";3;5;5;5;5;5;5;5;5
"8147";3;5;5;5;5;5;5;5;5
"8148";3;5;5;5;5;5;5;5;5
"8149";3;5;5;5;5;5;5;5;5
"8150";3;5;5;5;5;5;5;5;5
"8151";3;5;5;5;5;5;5;5;5
"8152";3;5;5;5;5;5;5;5;5
"8153";3;5;5;5;5;5;5;5;5
"8154";3;5;5;5;5;5;5;5;5
"8155";3;5;5;5;5;5;5;5;5
"8156";3;5;5;5;5;5;5;5;5
"8157";3;5;5;5;5;5;5;5;5
"8158";3;5;5;5;5;5;5;5;5
"8159";3;5;5;5;5;5;5;5;5
"8160";3;5;5;5;5;5;5;5;5
"8161";3;5;5;5;5;5;5;5;5
"8162";3;5;5;5;5;5;5;5;5
"8163";3;5;5;5;5;5;5;5;5
"8164";3;5;5;5;5;5;5;5;5
"8165";3;5;5;5;5;5;5;5;5
"8166";3;5;5;5;5;5;5;5;5
"8167";3;5;5;5;5;5;5;5;5
"8168";3;5;5;5;5;5;5;5;5
"8169";3;5;5;5;5;5;5;5;5
"8170";3;5;5;5;5;5;5;5;5
"8171";3;5;5;5;5;5;5;5;5
"8172";3;5;5;5;5;5;5;5;5
"8173";3;5;5;5;5;5;5;5;5
"8174";3;5;5;5;5;5;5;5;5
"8175";3;5;5;5;5;5;5;5;5
"8176";3;5;5;5;5;5;5;5;5
"8177";3;5;5;5;5;5;5;5;5
"8178";3;5;5;5;5;5;5;5;5
"8179";3;5;5;5;5;5;5;5;5
"8180";3;5;5;5;5;5;5;5;5
"8181";3;5;5;5;5;5;5;5;5
"8182";3;5;5;5;5;5;5;5;5
"8183";3;5;5;5;5;5;5;5;5
"8184";3;5;5;5;5;5;5;5;5
"8185";3;5;5;5;5;5;5;5;5
"8186";3;5;5;5;5;5;5;5;5
"8187";3;4;6;9;10;12;15;16;19
"8188";3;5;5;5;5;5;5;5;5
"8189";3;4;6;8;8;8;8;8;8
"8190";3;4;6;9;10;12;15;16;19
"8191";3;5;5;5;5;5;5;5;5
"8192";3;5;5;5;5;5;5;5;5
"8193";3;5;5;5;5;5;5;5;5
"8194";3;5;5;5;5;5;5;5;5
"8195";3;5;5;5;5;5;5;5;5
"8196";3;5;5;5;5;5;5;5;5
"8197";3;5;5;5;5;5;5;5;5
"8198";3;5;5;5;5;5;5;5;5
"8199";3;5;5;5;5;5;5;5;5
"8200";3;5;5;5;5;5;5;5;5
"8201";3;5;5;5;5;5;5;5;5
"8202";3;5;5;5;5;5;5;5;5
"8203";3;5;5;5;5;5;5;5;5
"8204";3;5;5;5;5;5;5;5;5
"8205";3;5;5;5;5;5;5;5;5
"8206";3;5;5;5;5;5;5;5;5
"8207";3;5;5;5;5;5;5;5;5
"8208";3;5;5;5;5;5;5;5;5
"8209";3;5;5;5;5;5;5;5;5
"8210";3;5;5;5;5;5;5;5;5
"8211";3;5;5;5;5;5;5;5;5
"8212";3;5;5;5;5;5;5;5;5
"8213";3;5;5;5;5;5;5;5;5
"8214";3;5;5;5;5;5;5;5;5
"8215";3;5;5;5;5;5;5;5;5
"8216";3;5;5;5;5;5;5;5;5
"8217";3;5;5;5;5;5;5;5;5
"8218";3;5;5;5;5;5;5;5;5
"8219";3;5;5;5;5;5;5;5;5
"8220";3;5;5;5;5;5;5;5;5
"8221";3;5;5;5;5;5;5;5;5
"8222";3;5;5;5;5;5;5;5;5
"8223";3;5;5;5;5;5;5;5;5
"8224";3;5;5;5;5;5;5;5;5
"8225";3;5;5;5;5;5;5;5;5
"8226";3;5;5;5;5;5;5;5;5
"8227";3;5;5;5;5;5;5;5;5
"8228";3;5;5;5;5;5;5;5;5
"8229";3;5;5;5;5;5;5;5;5
"8230";3;5;5;5;5;5;5;5;5
"8231";3;5;5;5;5;5;5;5;5
"8232";3;5;5;5;5;5;5;5;5
"8233";3;5;5;5;5;5;5;5;5
"8234";3;5;5;5;5;5;5;5;5
"8235";3;5;5;5;5;5;5;5;5
"8236";3;5;5;5;5;5;5;5;5
"8237";3;5;5;5;5;5;5;5;5
"8238";3;5;5;5;5;5;5;5;5
"8239";3;5;5;5;5;5;5;5;5
"8240";3;5;5;5;5;5;5;5;5
"8241";3;5;5;5;5;5;5;5;5
"8242";3;5;5;5;5;5;5;5;5
"8243";3;5;5;5;5;5;5;5;5
"8244";3;5;5;5;5;5;5;5;5
"8245";3;5;5;5;5;5;5;5;5
"8246";3;5;5;5;5;5;5;5;5
"8247";3;5;5;5;5;5;5;5;5
"8248";3;5;5;5;5;5;5;5;5
"8249";3;4;6;9;10;12;15;16;19
"8250";3;5;5;5;5;5;5;5;5
"8251";3;5;5;5;5;5;5;5;5
"8252";3;4;6;9;10;12;15;16;19
"8253";3;5;5;5;5;5;5;5;5
"8254";3;4;6;9;10;12;15;16;19
"8255";3;5;5;5;5;5;5;5;5
"8256";3;5;5;5;5;5;5;5;5
"8257";3;5;5;5;5;5;5;5;5
"8258";3;5;5;5;5;5;5;5;5
"8259";3;5;5;5;5;5;5;5;5
"8260";3;5;5;5;5;5;5;5;5
"8261";3;5;5;5;5;5;5;5;5
"8262";3;5;5;5;5;5;5;5;5
"8263";3;5;5;5;5;5;5;5;5
"8264";3;5;5;5;5;5;5;5;5
"8265";3;4;6;9;10;12;15;16;19
"8266";3;5;5;5;5;5;5;5;5
"8267";3;5;5;5;5;5;5;5;5
"8268";3;5;5;5;5;5;5;5;5
"8269";3;5;5;5;5;5;5;5;5
"8270";3;4;7;7;7;7;7;7;7
"8271";3;5;5;5;5;5;5;5;5
"8272";3;5;5;5;5;5;5;5;5
"8273";3;5;5;5;5;5;5;5;5
"8274";3;5;5;5;5;5;5;5;5
"8275";3;5;5;5;5;5;5;5;5
"8276";3;5;5;5;5;5;5;5;5
"8277";3;5;5;5;5;5;5;5;5
"8278";3;5;5;5;5;5;5;5;5
"8279";3;5;5;5;5;5;5;5;5
"8280";3;5;5;5;5;5;5;5;5
"8281";3;5;5;5;5;5;5;5;5
"8282";3;5;5;5;5;5;5;5;5
"8283";3;5;5;5;5;5;5;5;5
"8284";3;5;5;5;5;5;5;5;5
"8285";3;5;5;5;5;5;5;5;5
"8286";3;5;5;5;5;5;5;5;5
"8287";3;5;5;5;5;5;5;5;5
"8288";3;4;6;9;10;12;15;16;19
"8289";3;5;5;5;5;5;5;5;5
"8290";3;5;5;5;5;5;5;5;5
"8291";3;5;5;5;5;5;5;5;5
"8292";3;5;5;5;5;5;5;5;5
"8293";3;5;5;5;5;5;5;5;5
"8294";3;5;5;5;5;5;5;5;5
"8295";3;5;5;5;5;5;5;5;5
"8296";3;5;5;5;5;5;5;5;5
"8297";3;5;5;5;5;5;5;5;5
"8298";3;5;5;5;5;5;5;5;5
"8299";3;5;5;5;5;5;5;5;5
"8300";3;5;5;5;5;5;5;5;5
"8301";3;5;5;5;5;5;5;5;5
"8302";3;5;5;5;5;5;5;5;5
"8303";3;5;5;5;5;5;5;5;5
"8304";3;5;5;5;5;5;5;5;5
"8305";3;5;5;5;5;5;5;5;5
"8306";3;5;5;5;5;5;5;5;5
"8307";3;5;5;5;5;5;5;5;5
"8308";3;5;5;5;5;5;5;5;5
"8309";3;5;5;5;5;5;5;5;5
"8310";3;5;5;5;5;5;5;5;5
"8311";3;5;5;5;5;5;5;5;5
"8312";3;5;5;5;5;5;5;5;5
"8313";3;5;5;5;5;5;5;5;5
"8314";3;5;5;5;5;5;5;5;5
"8315";3;4;6;9;10;12;15;16;19
"8316";3;5;5;5;5;5;5;5;5
"8317";3;5;5;5;5;5;5;5;5
"8318";3;5;5;5;5;5;5;5;5
"8319";3;5;5;5;5;5;5;5;5
"8320";3;5;5;5;5;5;5;5;5
"8321";3;5;5;5;5;5;5;5;5
"8322";3;5;5;5;5;5;5;5;5
"8323";3;5;5;5;5;5;5;5;5
"8324";3;5;5;5;5;5;5;5;5
"8325";3;5;5;5;5;5;5;5;5
"8326";3;5;5;5;5;5;5;5;5
"8327";3;5;5;5;5;5;5;5;5
"8328";3;5;5;5;5;5;5;5;5
"8329";3;5;5;5;5;5;5;5;5
"8330";3;5;5;5;5;5;5;5;5
"8331";3;5;5;5;5;5;5;5;5
"8332";3;5;5;5;5;5;5;5;5
"8333";3;5;5;5;5;5;5;5;5
"8334";3;5;5;5;5;5;5;5;5
"8335";3;5;5;5;5;5;5;5;5
"8336";3;5;5;5;5;5;5;5;5
"8337";3;5;5;5;5;5;5;5;5
"8338";3;5;5;5;5;5;5;5;5
"8339";3;5;5;5;5;5;5;5;5
"8340";3;5;5;5;5;5;5;5;5
"8341";3;5;5;5;5;5;5;5;5
"8342";3;5;5;5;5;5;5;5;5
"8343";3;5;5;5;5;5;5;5;5
"8344";3;5;5;5;5;5;5;5;5
"8345";3;5;5;5;5;5;5;5;5
"8346";3;5;5;5;5;5;5;5;5
"8347";3;5;5;5;5;5;5;5;5
"8348";3;5;5;5;5;5;5;5;5
"8349";3;5;5;5;5;5;5;5;5
"8350";3;5;5;5;5;5;5;5;5
"8351";3;5;5;5;5;5;5;5;5
"8352";3;5;5;5;5;5;5;5;5
"8353";3;5;5;5;5;5;5;5;5
"8354";3;5;5;5;5;5;5;5;5
"8355";3;5;5;5;5;5;5;5;5
"8356";3;5;5;5;5;5;5;5;5
"8357";3;5;5;5;5;5;5;5;5
"8358";3;5;5;5;5;5;5;5;5
"8359";3;5;5;5;5;5;5;5;5
"8360";3;5;5;5;5;5;5;5;5
"8361";3;5;5;5;5;5;5;5;5
"8362";3;5;5;5;5;5;5;5;5
"8363";3;5;5;5;5;5;5;5;5
"8364";3;5;5;5;5;5;5;5;5
"8365";3;5;5;5;5;5;5;5;5
"8366";3;5;5;5;5;5;5;5;5
"8367";3;5;5;5;5;5;5;5;5
"8368";3;5;5;5;5;5;5;5;5
"8369";3;5;5;5;5;5;5;5;5
"8370";3;5;5;5;5;5;5;5;5
"8371";3;5;5;5;5;5;5;5;5
"8372";3;5;5;5;5;5;5;5;5
"8373";3;5;5;5;5;5;5;5;5
"8374";3;5;5;5;5;5;5;5;5
"8375";3;5;5;5;5;5;5;5;5
"8376";3;5;5;5;5;5;5;5;5
"8377";3;5;5;5;5;5;5;5;5
"8378";3;5;5;5;5;5;5;5;5
"8379";3;5;5;5;5;5;5;5;5
"8380";3;5;5;5;5;5;5;5;5
"8381";3;5;5;5;5;5;5;5;5
"8382";3;5;5;5;5;5;5;5;5
"8383";3;5;5;5;5;5;5;5;5
"8384";3;5;5;5;5;5;5;5;5
"8385";3;5;5;5;5;5;5;5;5
"8386";3;5;5;5;5;5;5;5;5
"8387";3;5;5;5;5;5;5;5;5
"8388";3;5;5;5;5;5;5;5;5
"8389";3;5;5;5;5;5;5;5;5
"8390";3;5;5;5;5;5;5;5;5
"8391";3;5;5;5;5;5;5;5;5
"8392";3;5;5;5;5;5;5;5;5
"8393";3;5;5;5;5;5;5;5;5
"8394";3;4;6;9;10;12;15;16;19
"8395";3;5;5;5;5;5;5;5;5
"8396";3;5;5;5;5;5;5;5;5
"8397";3;5;5;5;5;5;5;5;5
"8398";3;5;5;5;5;5;5;5;5
"8399";3;5;5;5;5;5;5;5;5
"8400";3;5;5;5;5;5;5;5;5
"8401";3;4;6;9;10;12;15;16;19
"8402";3;5;5;5;5;5;5;5;5
"8403";3;5;5;5;5;5;5;5;5
"8404";3;4;6;9;10;12;15;16;19
"8405";3;5;5;5;5;5;5;5;5
"8406";3;5;5;5;5;5;5;5;5
"8407";3;5;5;5;5;5;5;5;5
"8408";3;5;5;5;5;5;5;5;5
"8409";3;5;5;5;5;5;5;5;5
"8410";3;5;5;5;5;5;5;5;5
"8411";3;4;6;9;10;12;15;16;19
"8412";3;4;6;8;8;8;8;8;8
"8413";3;5;5;5;5;5;5;5;5
"8414";3;5;5;5;5;5;5;5;5
"8415";3;5;5;5;5;5;5;5;5
"8416";3;5;5;5;5;5;5;5;5
"8417";3;5;5;5;5;5;5;5;5
"8418";3;5;5;5;5;5;5;5;5
"8419";3;5;5;5;5;5;5;5;5
"8420";3;4;6;9;10;12;15;16;19
"8421";3;5;5;5;5;5;5;5;5
"8422";3;4;6;9;10;12;15;16;19
"8423";3;5;5;5;5;5;5;5;5
"8424";3;5;5;5;5;5;5;5;5
"8425";3;5;5;5;5;5;5;5;5
"8426";3;5;5;5;5;5;5;5;5
"8427";3;5;5;5;5;5;5;5;5
"8428";3;5;5;5;5;5;5;5;5
"8429";3;5;5;5;5;5;5;5;5
"8430";3;5;5;5;5;5;5;5;5
"8431";3;5;5;5;5;5;5;5;5
"8432";3;5;5;5;5;5;5;5;5
"8433";3;5;5;5;5;5;5;5;5
"8434";3;4;7;7;7;7;7;7;7
"8435";3;5;5;5;5;5;5;5;5
"8436";3;5;5;5;5;5;5;5;5
"8437";3;5;5;5;5;5;5;5;5
"8438";3;5;5;5;5;5;5;5;5
"8439";3;5;5;5;5;5;5;5;5
"8440";3;5;5;5;5;5;5;5;5
"8441";3;5;5;5;5;5;5;5;5
"8442";3;5;5;5;5;5;5;5;5
"8443";3;5;5;5;5;5;5;5;5
"8444";3;5;5;5;5;5;5;5;5
"8445";3;5;5;5;5;5;5;5;5
"8446";3;5;5;5;5;5;5;5;5
"8447";3;5;5;5;5;5;5;5;5
"8448";3;4;6;9;10;12;15;16;19
"8449";3;5;5;5;5;5;5;5;5
"8450";3;5;5;5;5;5;5;5;5
"8451";3;5;5;5;5;5;5;5;5
"8452";3;5;5;5;5;5;5;5;5
"8453";3;5;5;5;5;5;5;5;5
"8454";3;5;5;5;5;5;5;5;5
"8455";3;5;5;5;5;5;5;5;5
"8456";3;5;5;5;5;5;5;5;5
"8457";3;5;5;5;5;5;5;5;5
"8458";3;5;5;5;5;5;5;5;5
"8459";3;5;5;5;5;5;5;5;5
"8460";3;5;5;5;5;5;5;5;5
"8461";3;5;5;5;5;5;5;5;5
"8462";3;5;5;5;5;5;5;5;5
"8463";3;5;5;5;5;5;5;5;5
"8464";3;5;5;5;5;5;5;5;5
"8465";3;5;5;5;5;5;5;5;5
"8466";3;5;5;5;5;5;5;5;5
"8467";3;5;5;5;5;5;5;5;5
"8468";3;5;5;5;5;5;5;5;5
"8469";3;5;5;5;5;5;5;5;5
"8470";3;5;5;5;5;5;5;5;5
"8471";3;5;5;5;5;5;5;5;5
"8472";3;5;5;5;5;5;5;5;5
"8473";3;5;5;5;5;5;5;5;5
"8474";3;5;5;5;5;5;5;5;5
"8475";3;5;5;5;5;5;5;5;5
"8476";3;5;5;5;5;5;5;5;5
"8477";3;5;5;5;5;5;5;5;5
"8478";3;5;5;5;5;5;5;5;5
"8479";3;5;5;5;5;5;5;5;5
"8480";3;5;5;5;5;5;5;5;5
"8481";3;5;5;5;5;5;5;5;5
"8482";3;5;5;5;5;5;5;5;5
"8483";3;5;5;5;5;5;5;5;5
"8484";3;5;5;5;5;5;5;5;5
"8485";3;5;5;5;5;5;5;5;5
"8486";3;5;5;5;5;5;5;5;5
"8487";3;5;5;5;5;5;5;5;5
"8488";3;5;5;5;5;5;5;5;5
"8489";3;5;5;5;5;5;5;5;5
"8490";3;5;5;5;5;5;5;5;5
"8491";3;4;7;7;7;7;7;7;7
"8492";3;4;6;9;10;13;13;13;13
"8493";3;5;5;5;5;5;5;5;5
"8494";3;4;6;9;10;12;15;16;19
"8495";3;5;5;5;5;5;5;5;5
"8496";3;5;5;5;5;5;5;5;5
"8497";3;5;5;5;5;5;5;5;5
"8498";3;5;5;5;5;5;5;5;5
"8499";3;5;5;5;5;5;5;5;5
"8500";3;5;5;5;5;5;5;5;5
"8501";3;5;5;5;5;5;5;5;5
"8502";3;5;5;5;5;5;5;5;5
"8503";3;5;5;5;5;5;5;5;5
"8504";3;5;5;5;5;5;5;5;5
"8505";3;5;5;5;5;5;5;5;5
"8506";3;4;6;9;10;12;15;16;19
"8507";3;5;5;5;5;5;5;5;5
"8508";3;4;7;7;7;7;7;7;7
"8509";3;5;5;5;5;5;5;5;5
"8510";3;4;6;9;10;12;15;16;19
"8511";3;5;5;5;5;5;5;5;5
"8512";3;5;5;5;5;5;5;5;5
"8513";3;5;5;5;5;5;5;5;5
"8514";3;5;5;5;5;5;5;5;5
"8515";3;5;5;5;5;5;5;5;5
"8516";3;5;5;5;5;5;5;5;5
"8517";3;4;6;9;10;12;15;16;19
"8518";3;5;5;5;5;5;5;5;5
"8519";3;4;6;9;10;12;15;16;19
"8520";3;5;5;5;5;5;5;5;5
"8521";3;5;5;5;5;5;5;5;5
"8522";3;4;6;8;8;8;8;8;8
"8523";3;5;5;5;5;5;5;5;5
"8524";3;5;5;5;5;5;5;5;5
"8525";3;5;5;5;5;5;5;5;5
"8526";3;5;5;5;5;5;5;5;5
"8527";3;5;5;5;5;5;5;5;5
"8528";3;4;7;7;7;7;7;7;7
"8529";3;4;6;9;10;12;15;16;19
"8530";3;5;5;5;5;5;5;5;5
"8531";3;4;6;9;10;12;15;16;19
"8532";3;5;5;5;5;5;5;5;5
"8533";3;4;6;8;8;8;8;8;8
"8534";3;5;5;5;5;5;5;5;5
"8535";3;5;5;5;5;5;5;5;5
"8536";3;5;5;5;5;5;5;5;5
"8537";3;4;6;9;10;12;15;16;19
"8538";3;5;5;5;5;5;5;5;5
"8539";3;5;5;5;5;5;5;5;5
"8540";3;5;5;5;5;5;5;5;5
"8541";3;5;5;5;5;5;5;5;5
"8542";3;5;5;5;5;5;5;5;5
"8543";3;5;5;5;5;5;5;5;5
"8544";3;4;6;9;10;12;15;16;19
"8545";3;5;5;5;5;5;5;5;5
"8546";3;4;6;9;10;12;15;16;19
"8547";3;4;6;9;10;12;15;16;19
"8548";3;4;6;9;10;12;15;16;19
"8549";3;4;6;9;10;12;15;16;19
"8550";3;5;5;5;5;5;5;5;5
"8551";3;4;6;9;10;12;15;16;19
"8552";3;4;6;9;10;12;15;16;19
"8553";3;4;6;9;10;12;15;16;19
"8554";3;4;6;9;10;12;15;16;19
"8555";3;4;6;9;10;12;15;16;19
"8556";3;4;6;8;8;8;8;8;8
"8557";3;4;6;8;8;8;8;8;8
"8558";3;5;5;5;5;5;5;5;5
"8559";3;5;5;5;5;5;5;5;5
"8560";3;5;5;5;5;5;5;5;5
"8561";3;4;6;9;10;12;15;16;19
"8562";3;5;5;5;5;5;5;5;5
"8563";3;5;5;5;5;5;5;5;5
"8564";3;4;6;9;10;12;15;16;19
"8565";3;5;5;5;5;5;5;5;5
"8566";3;5;5;5;5;5;5;5;5
"8567";3;5;5;5;5;5;5;5;5
"8568";3;5;5;5;5;5;5;5;5
"8569";3;5;5;5;5;5;5;5;5
"8570";3;5;5;5;5;5;5;5;5
"8571";3;4;6;9;10;12;15;16;19
"8572";3;5;5;5;5;5;5;5;5
"8573";3;4;6;9;10;12;15;16;19
"8574";3;4;6;9;10;12;15;16;19
"8575";3;4;6;9;10;13;13;13;13
"8576";3;5;5;5;5;5;5;5;5
"8577";3;5;5;5;5;5;5;5;5
"8578";3;4;6;9;10;12;15;16;19
"8579";3;4;6;8;8;8;8;8;8
"8580";3;5;5;5;5;5;5;5;5
"8581";3;4;6;8;8;8;8;8;8
"8582";3;4;6;9;10;12;15;16;19
"8583";3;4;6;9;10;12;15;16;19
"8584";3;4;7;7;7;7;7;7;7
"8585";3;4;7;7;7;7;7;7;7
"8586";3;4;6;9;10;12;15;16;19
"8587";3;4;6;9;10;12;15;16;19
"8588";3;5;5;5;5;5;5;5;5
"8589";3;5;5;5;5;5;5;5;5
"8590";3;5;5;5;5;5;5;5;5
"8591";3;5;5;5;5;5;5;5;5
"8592";3;5;5;5;5;5;5;5;5
"8593";3;4;6;9;10;12;15;16;19
"8594";3;5;5;5;5;5;5;5;5
"8595";3;5;5;5;5;5;5;5;5
"8596";3;4;6;9;10;12;15;16;19
"8597";3;5;5;5;5;5;5;5;5
"8598";3;5;5;5;5;5;5;5;5
"8599";3;5;5;5;5;5;5;5;5
"8600";3;4;6;9;10;12;15;16;19
"8601";3;5;5;5;5;5;5;5;5
"8602";3;5;5;5;5;5;5;5;5
"8603";3;5;5;5;5;5;5;5;5
"8604";3;5;5;5;5;5;5;5;5
"8605";3;5;5;5;5;5;5;5;5
"8606";3;5;5;5;5;5;5;5;5
"8607";3;5;5;5;5;5;5;5;5
"8608";3;5;5;5;5;5;5;5;5
"8609";3;5;5;5;5;5;5;5;5
"8610";3;4;6;9;10;12;15;16;19
"8611";3;4;6;9;10;12;15;16;19
"8612";3;5;5;5;5;5;5;5;5
"8613";3;5;5;5;5;5;5;5;5
"8614";3;5;5;5;5;5;5;5;5
"8615";3;5;5;5;5;5;5;5;5
"8616";3;4;6;8;8;8;8;8;8
"8617";3;4;6;9;10;12;15;16;19
"8618";3;5;5;5;5;5;5;5;5
"8619";3;5;5;5;5;5;5;5;5
"8620";3;5;5;5;5;5;5;5;5
"8621";3;5;5;5;5;5;5;5;5
"8622";3;5;5;5;5;5;5;5;5
"8623";3;5;5;5;5;5;5;5;5
"8624";3;5;5;5;5;5;5;5;5
"8625";3;5;5;5;5;5;5;5;5
"8626";3;5;5;5;5;5;5;5;5
"8627";3;5;5;5;5;5;5;5;5
"8628";3;5;5;5;5;5;5;5;5
"8629";3;4;6;9;10;12;15;16;19
"8630";3;5;5;5;5;5;5;5;5
"8631";3;5;5;5;5;5;5;5;5
"8632";3;4;6;8;8;8;8;8;8
"8633";3;4;6;8;8;8;8;8;8
"8634";3;5;5;5;5;5;5;5;5
"8635";3;5;5;5;5;5;5;5;5
"8636";3;5;5;5;5;5;5;5;5
"8637";3;5;5;5;5;5;5;5;5
"8638";3;4;6;9;10;12;15;16;19
"8639";3;5;5;5;5;5;5;5;5
"8640";3;5;5;5;5;5;5;5;5
"8641";3;5;5;5;5;5;5;5;5
"8642";3;4;6;8;8;8;8;8;8
"8643";3;4;6;8;8;8;8;8;8
"8644";3;5;5;5;5;5;5;5;5
"8645";3;5;5;5;5;5;5;5;5
"8646";3;5;5;5;5;5;5;5;5
"8647";3;5;5;5;5;5;5;5;5
"8648";3;5;5;5;5;5;5;5;5
"8649";3;4;6;9;10;12;15;16;19
"8650";3;5;5;5;5;5;5;5;5
"8651";3;5;5;5;5;5;5;5;5
"8652";3;5;5;5;5;5;5;5;5
"8653";3;5;5;5;5;5;5;5;5
"8654";3;5;5;5;5;5;5;5;5
"8655";3;5;5;5;5;5;5;5;5
"8656";3;5;5;5;5;5;5;5;5
"8657";3;5;5;5;5;5;5;5;5
"8658";3;5;5;5;5;5;5;5;5
"8659";3;5;5;5;5;5;5;5;5
"8660";3;5;5;5;5;5;5;5;5
"8661";3;5;5;5;5;5;5;5;5
"8662";3;5;5;5;5;5;5;5;5
"8663";3;4;6;9;10;12;15;16;19
"8664";3;5;5;5;5;5;5;5;5
"8665";3;5;5;5;5;5;5;5;5
"8666";3;5;5;5;5;5;5;5;5
"8667";3;5;5;5;5;5;5;5;5
"8668";3;5;5;5;5;5;5;5;5
"8669";3;5;5;5;5;5;5;5;5
"8670";3;5;5;5;5;5;5;5;5
"8671";3;4;6;9;10;12;15;16;19
"8672";3;5;5;5;5;5;5;5;5
"8673";3;5;5;5;5;5;5;5;5
"8674";3;5;5;5;5;5;5;5;5
"8675";3;5;5;5;5;5;5;5;5
"8676";3;5;5;5;5;5;5;5;5
"8677";3;4;6;9;10;12;15;16;19
"8678";3;5;5;5;5;5;5;5;5
"8679";3;5;5;5;5;5;5;5;5
"8680";3;4;6;8;8;8;8;8;8
"8681";3;4;6;9;10;12;15;16;19
"8682";3;4;6;8;8;8;8;8;8
"8683";3;4;6;8;8;8;8;8;8
"8684";3;4;6;8;8;8;8;8;8
"8685";3;4;6;8;8;8;8;8;8
"8686";3;5;5;5;5;5;5;5;5
"8687";3;4;6;8;8;8;8;8;8
"8688";3;4;6;9;10;12;15;16;19
"8689";3;4;6;9;10;12;15;16;19
"8690";3;4;6;8;8;8;8;8;8
"8691";3;4;6;8;8;8;8;8;8
"8692";3;4;6;8;8;8;8;8;8
"8693";3;4;6;9;10;12;15;16;19
"8694";3;4;6;9;10;13;13;13;13
"8695";3;4;6;8;8;8;8;8;8
"8696";3;4;6;9;10;12;15;16;19
"8697";3;4;6;8;8;8;8;8;8
"8698";3;4;6;8;8;8;8;8;8
"8699";3;4;6;8;8;8;8;8;8
"8700";3;4;6;8;8;8;8;8;8
"8701";3;4;6;9;10;12;15;16;19
"8702";3;4;6;8;8;8;8;8;8
"8703";3;4;6;8;8;8;8;8;8
"8704";3;4;6;9;10;12;15;16;19
"8705";3;4;6;8;8;8;8;8;8
"8706";3;4;6;8;8;8;8;8;8
"8707";3;4;6;8;8;8;8;8;8
"8708";3;4;6;8;8;8;8;8;8
"8709";3;4;6;8;8;8;8;8;8
"8710";3;5;5;5;5;5;5;5;5
"8711";3;5;5;5;5;5;5;5;5
"8712";3;4;6;9;10;12;15;16;19
"8713";3;4;6;9;10;12;15;16;19
"8714";3;5;5;5;5;5;5;5;5
"8715";3;5;5;5;5;5;5;5;5
"8716";3;5;5;5;5;5;5;5;5
"8717";3;5;5;5;5;5;5;5;5
"8718";3;5;5;5;5;5;5;5;5
"8719";3;5;5;5;5;5;5;5;5
"8720";3;4;7;7;7;7;7;7;7
"8721";3;4;6;9;10;12;15;16;19
"8722";3;5;5;5;5;5;5;5;5
"8723";3;5;5;5;5;5;5;5;5
"8724";3;5;5;5;5;5;5;5;5
"8725";3;5;5;5;5;5;5;5;5
"8726";3;5;5;5;5;5;5;5;5
"8727";3;5;5;5;5;5;5;5;5
"8728";3;5;5;5;5;5;5;5;5
"8729";3;4;6;9;10;12;15;16;19
"8730";3;5;5;5;5;5;5;5;5
"8731";3;4;6;8;8;8;8;8;8
"8732";3;4;6;8;8;8;8;8;8
"8733";3;4;6;9;10;12;15;16;19
"8734";3;5;5;5;5;5;5;5;5
"8735";3;5;5;5;5;5;5;5;5
"8736";3;5;5;5;5;5;5;5;5
"8737";3;5;5;5;5;5;5;5;5
"8738";3;5;5;5;5;5;5;5;5
"8739";3;5;5;5;5;5;5;5;5
"8740";3;5;5;5;5;5;5;5;5
"8741";3;5;5;5;5;5;5;5;5
"8742";3;5;5;5;5;5;5;5;5
"8743";3;5;5;5;5;5;5;5;5
"8744";3;4;6;9;10;12;15;16;19
"8745";3;5;5;5;5;5;5;5;5
"8746";3;5;5;5;5;5;5;5;5
"8747";3;5;5;5;5;5;5;5;5
"8748";3;5;5;5;5;5;5;5;5
"8749";3;5;5;5;5;5;5;5;5
"8750";3;5;5;5;5;5;5;5;5
"8751";3;5;5;5;5;5;5;5;5
"8752";3;5;5;5;5;5;5;5;5
"8753";3;5;5;5;5;5;5;5;5
"8754";3;5;5;5;5;5;5;5;5
"8755";3;5;5;5;5;5;5;5;5
"8756";3;5;5;5;5;5;5;5;5
"8757";3;5;5;5;5;5;5;5;5
"8758";3;5;5;5;5;5;5;5;5
"8759";3;5;5;5;5;5;5;5;5
"8760";3;5;5;5;5;5;5;5;5
"8761";3;4;6;9;10;12;15;16;19
"8762";3;5;5;5;5;5;5;5;5
"8763";3;5;5;5;5;5;5;5;5
"8764";3;5;5;5;5;5;5;5;5
"8765";3;4;6;9;10;12;15;16;19
"8766";3;4;6;9;10;12;15;16;19
"8767";3;5;5;5;5;5;5;5;5
"8768";3;5;5;5;5;5;5;5;5
"8769";3;5;5;5;5;5;5;5;5
"8770";3;5;5;5;5;5;5;5;5
"8771";3;5;5;5;5;5;5;5;5
"8772";3;5;5;5;5;5;5;5;5
"8773";3;5;5;5;5;5;5;5;5
"8774";3;5;5;5;5;5;5;5;5
"8775";3;5;5;5;5;5;5;5;5
"8776";3;5;5;5;5;5;5;5;5
"8777";3;5;5;5;5;5;5;5;5
"8778";3;5;5;5;5;5;5;5;5
"8779";3;5;5;5;5;5;5;5;5
"8780";3;5;5;5;5;5;5;5;5
"8781";3;5;5;5;5;5;5;5;5
"8782";3;5;5;5;5;5;5;5;5
"8783";3;5;5;5;5;5;5;5;5
"8784";3;5;5;5;5;5;5;5;5
"8785";3;5;5;5;5;5;5;5;5
"8786";3;4;6;9;10;12;15;16;19
"8787";3;5;5;5;5;5;5;5;5
"8788";3;5;5;5;5;5;5;5;5
"8789";3;5;5;5;5;5;5;5;5
"8790";3;5;5;5;5;5;5;5;5
"8791";3;5;5;5;5;5;5;5;5
"8792";3;5;5;5;5;5;5;5;5
"8793";3;5;5;5;5;5;5;5;5
"8794";3;5;5;5;5;5;5;5;5
"8795";3;5;5;5;5;5;5;5;5
"8796";3;5;5;5;5;5;5;5;5
"8797";3;5;5;5;5;5;5;5;5
"8798";3;4;6;9;10;13;13;13;13
"8799";3;5;5;5;5;5;5;5;5
"8800";3;5;5;5;5;5;5;5;5
"8801";3;4;6;9;10;12;15;16;19
"8802";3;4;6;9;10;12;15;16;19
"8803";3;5;5;5;5;5;5;5;5
"8804";3;5;5;5;5;5;5;5;5
"8805";3;5;5;5;5;5;5;5;5
"8806";3;5;5;5;5;5;5;5;5
"8807";3;5;5;5;5;5;5;5;5
"8808";3;4;7;7;7;7;7;7;7
"8809";3;5;5;5;5;5;5;5;5
"8810";3;5;5;5;5;5;5;5;5
"8811";3;4;6;9;10;12;15;16;19
"8812";3;5;5;5;5;5;5;5;5
"8813";3;5;5;5;5;5;5;5;5
"8814";3;5;5;5;5;5;5;5;5
"8815";3;5;5;5;5;5;5;5;5
"8816";3;5;5;5;5;5;5;5;5
"8817";3;5;5;5;5;5;5;5;5
"8818";3;4;6;8;8;8;8;8;8
"8819";3;5;5;5;5;5;5;5;5
"8820";3;5;5;5;5;5;5;5;5
"8821";3;5;5;5;5;5;5;5;5
"8822";3;5;5;5;5;5;5;5;5
"8823";3;5;5;5;5;5;5;5;5
"8824";3;5;5;5;5;5;5;5;5
"8825";3;5;5;5;5;5;5;5;5
"8826";3;5;5;5;5;5;5;5;5
"8827";3;5;5;5;5;5;5;5;5
"8828";3;5;5;5;5;5;5;5;5
"8829";3;5;5;5;5;5;5;5;5
"8830";3;5;5;5;5;5;5;5;5
"8831";3;5;5;5;5;5;5;5;5
"8832";3;5;5;5;5;5;5;5;5
"8833";3;5;5;5;5;5;5;5;5
"8834";3;4;6;9;10;12;15;16;19
"8835";3;4;7;7;7;7;7;7;7
"8836";3;5;5;5;5;5;5;5;5
"8837";3;5;5;5;5;5;5;5;5
"8838";3;5;5;5;5;5;5;5;5
"8839";3;5;5;5;5;5;5;5;5
"8840";3;5;5;5;5;5;5;5;5
"8841";3;5;5;5;5;5;5;5;5
"8842";3;5;5;5;5;5;5;5;5
"8843";3;5;5;5;5;5;5;5;5
"8844";3;5;5;5;5;5;5;5;5
"8845";3;5;5;5;5;5;5;5;5
"8846";3;5;5;5;5;5;5;5;5
"8847";3;5;5;5;5;5;5;5;5
"8848";3;5;5;5;5;5;5;5;5
"8849";3;5;5;5;5;5;5;5;5
"8850";3;5;5;5;5;5;5;5;5
"8851";3;5;5;5;5;5;5;5;5
"8852";3;5;5;5;5;5;5;5;5
"8853";3;5;5;5;5;5;5;5;5
"8854";3;5;5;5;5;5;5;5;5
"8855";3;5;5;5;5;5;5;5;5
"8856";3;5;5;5;5;5;5;5;5
"8857";3;5;5;5;5;5;5;5;5
"8858";3;4;7;7;7;7;7;7;7
"8859";3;5;5;5;5;5;5;5;5
"8860";3;5;5;5;5;5;5;5;5
"8861";3;5;5;5;5;5;5;5;5
"8862";3;5;5;5;5;5;5;5;5
"8863";3;5;5;5;5;5;5;5;5
"8864";3;4;6;9;10;12;15;16;19
"8865";3;4;7;7;7;7;7;7;7
"8866";3;5;5;5;5;5;5;5;5
"8867";3;5;5;5;5;5;5;5;5
"8868";3;5;5;5;5;5;5;5;5
"8869";3;5;5;5;5;5;5;5;5
"8870";3;4;6;9;10;12;15;16;19
"8871";3;4;6;9;10;12;15;16;19
"8872";3;5;5;5;5;5;5;5;5
"8873";3;5;5;5;5;5;5;5;5
"8874";3;5;5;5;5;5;5;5;5
"8875";3;4;6;9;10;12;15;16;19
"8876";3;5;5;5;5;5;5;5;5
"8877";3;5;5;5;5;5;5;5;5
"8878";3;5;5;5;5;5;5;5;5
"8879";3;5;5;5;5;5;5;5;5
"8880";3;5;5;5;5;5;5;5;5
"8881";3;4;6;9;10;12;15;16;19
"8882";3;5;5;5;5;5;5;5;5
"8883";3;5;5;5;5;5;5;5;5
"8884";3;5;5;5;5;5;5;5;5
"8885";3;5;5;5;5;5;5;5;5
"8886";3;5;5;5;5;5;5;5;5
"8887";3;4;6;9;10;12;15;16;19
"8888";3;5;5;5;5;5;5;5;5
"8889";3;5;5;5;5;5;5;5;5
"8890";3;4;6;9;10;12;15;16;19
"8891";3;4;7;7;7;7;7;7;7
"8892";3;4;6;9;10;12;15;16;19
"8893";3;5;5;5;5;5;5;5;5
"8894";3;5;5;5;5;5;5;5;5
"8895";3;5;5;5;5;5;5;5;5
"8896";3;5;5;5;5;5;5;5;5
"8897";3;5;5;5;5;5;5;5;5
"8898";3;5;5;5;5;5;5;5;5
"8899";3;5;5;5;5;5;5;5;5
"8900";3;5;5;5;5;5;5;5;5
"8901";3;5;5;5;5;5;5;5;5
"8902";3;5;5;5;5;5;5;5;5
"8903";3;5;5;5;5;5;5;5;5
"8904";3;4;6;9;10;12;15;16;19
"8905";3;5;5;5;5;5;5;5;5
"8906";3;4;7;7;7;7;7;7;7
"8907";3;4;6;9;10;12;15;16;19
"8908";3;5;5;5;5;5;5;5;5
"8909";3;5;5;5;5;5;5;5;5
"8910";3;5;5;5;5;5;5;5;5
"8911";3;5;5;5;5;5;5;5;5
"8912";3;4;6;8;8;8;8;8;8
"8913";3;5;5;5;5;5;5;5;5
"8914";3;5;5;5;5;5;5;5;5
"8915";3;4;6;9;10;12;15;16;19
"8916";3;5;5;5;5;5;5;5;5
"8917";3;4;6;9;10;12;15;16;19
"8918";3;5;5;5;5;5;5;5;5
"8919";3;4;6;9;10;12;15;16;19
"8920";3;5;5;5;5;5;5;5;5
"8921";3;5;5;5;5;5;5;5;5
"8922";3;4;6;9;10;12;15;16;19
"8923";3;5;5;5;5;5;5;5;5
"8924";3;5;5;5;5;5;5;5;5
"8925";3;5;5;5;5;5;5;5;5
"8926";3;5;5;5;5;5;5;5;5
"8927";3;5;5;5;5;5;5;5;5
"8928";3;5;5;5;5;5;5;5;5
"8929";3;5;5;5;5;5;5;5;5
"8930";3;5;5;5;5;5;5;5;5
"8931";3;5;5;5;5;5;5;5;5
"8932";3;5;5;5;5;5;5;5;5
"8933";3;5;5;5;5;5;5;5;5
"8934";3;5;5;5;5;5;5;5;5
"8935";3;5;5;5;5;5;5;5;5
"8936";3;4;6;9;10;12;15;16;19
"8937";3;5;5;5;5;5;5;5;5
"8938";3;5;5;5;5;5;5;5;5
"8939";3;5;5;5;5;5;5;5;5
"8940";3;4;6;9;10;12;15;16;19
"8941";3;5;5;5;5;5;5;5;5
"8942";3;5;5;5;5;5;5;5;5
"8943";3;5;5;5;5;5;5;5;5
"8944";3;5;5;5;5;5;5;5;5
"8945";3;5;5;5;5;5;5;5;5
"8946";3;5;5;5;5;5;5;5;5
"8947";3;5;5;5;5;5;5;5;5
"8948";3;5;5;5;5;5;5;5;5
"8949";3;5;5;5;5;5;5;5;5
"8950";3;5;5;5;5;5;5;5;5
"8951";3;5;5;5;5;5;5;5;5
"8952";3;5;5;5;5;5;5;5;5
"8953";3;5;5;5;5;5;5;5;5
"8954";3;5;5;5;5;5;5;5;5
"8955";3;4;7;7;7;7;7;7;7
"8956";3;4;7;7;7;7;7;7;7
"8957";3;4;6;9;10;12;15;16;19
"8958";3;5;5;5;5;5;5;5;5
"8959";3;5;5;5;5;5;5;5;5
"8960";3;5;5;5;5;5;5;5;5
"8961";3;4;6;9;10;12;15;16;19
"8962";3;5;5;5;5;5;5;5;5
"8963";3;4;6;9;10;12;15;16;19
"8964";3;5;5;5;5;5;5;5;5
"8965";3;5;5;5;5;5;5;5;5
"8966";3;5;5;5;5;5;5;5;5
"8967";3;5;5;5;5;5;5;5;5
"8968";3;5;5;5;5;5;5;5;5
"8969";3;5;5;5;5;5;5;5;5
"8970";3;5;5;5;5;5;5;5;5
"8971";3;5;5;5;5;5;5;5;5
"8972";3;5;5;5;5;5;5;5;5
"8973";3;5;5;5;5;5;5;5;5
"8974";3;5;5;5;5;5;5;5;5
"8975";3;5;5;5;5;5;5;5;5
"8976";3;5;5;5;5;5;5;5;5
"8977";3;5;5;5;5;5;5;5;5
"8978";3;5;5;5;5;5;5;5;5
"8979";3;5;5;5;5;5;5;5;5
"8980";3;5;5;5;5;5;5;5;5
"8981";3;5;5;5;5;5;5;5;5
"8982";3;5;5;5;5;5;5;5;5
"8983";3;5;5;5;5;5;5;5;5
"8984";3;5;5;5;5;5;5;5;5
"8985";3;5;5;5;5;5;5;5;5
"8986";3;5;5;5;5;5;5;5;5
"8987";3;5;5;5;5;5;5;5;5
"8988";3;5;5;5;5;5;5;5;5
"8989";3;5;5;5;5;5;5;5;5
"8990";3;5;5;5;5;5;5;5;5
"8991";3;5;5;5;5;5;5;5;5
"8992";3;4;6;8;8;8;8;8;8
"8993";3;5;5;5;5;5;5;5;5
"8994";3;5;5;5;5;5;5;5;5
"8995";3;5;5;5;5;5;5;5;5
"8996";3;4;6;9;10;12;15;16;19
"8997";3;4;6;9;10;12;15;16;19
"8998";3;5;5;5;5;5;5;5;5
"8999";3;5;5;5;5;5;5;5;5
"9000";3;5;5;5;5;5;5;5;5
"9001";3;5;5;5;5;5;5;5;5
"9002";3;5;5;5;5;5;5;5;5
"9003";3;5;5;5;5;5;5;5;5
"9004";3;5;5;5;5;5;5;5;5
"9005";3;5;5;5;5;5;5;5;5
"9006";3;5;5;5;5;5;5;5;5
"9007";3;5;5;5;5;5;5;5;5
"9008";3;5;5;5;5;5;5;5;5
"9009";3;5;5;5;5;5;5;5;5
"9010";3;5;5;5;5;5;5;5;5
"9011";3;5;5;5;5;5;5;5;5
"9012";3;5;5;5;5;5;5;5;5
"9013";3;4;6;9;10;12;15;16;19
"9014";3;4;6;9;10;12;15;16;19
"9015";3;4;6;9;10;12;15;16;19
"9016";3;4;7;7;7;7;7;7;7
"9017";3;5;5;5;5;5;5;5;5
"9018";3;4;6;9;10;12;15;16;19
"9019";3;4;6;9;10;12;15;16;19
"9020";3;5;5;5;5;5;5;5;5
"9021";3;5;5;5;5;5;5;5;5
"9022";3;5;5;5;5;5;5;5;5
"9023";3;5;5;5;5;5;5;5;5
"9024";3;5;5;5;5;5;5;5;5
"9025";3;5;5;5;5;5;5;5;5
"9026";3;5;5;5;5;5;5;5;5
"9027";3;5;5;5;5;5;5;5;5
"9028";3;5;5;5;5;5;5;5;5
"9029";3;5;5;5;5;5;5;5;5
"9030";3;5;5;5;5;5;5;5;5
"9031";3;4;6;9;10;12;15;16;19
"9032";3;4;6;9;10;12;15;16;19
"9033";3;5;5;5;5;5;5;5;5
"9034";3;5;5;5;5;5;5;5;5
"9035";3;4;6;9;10;12;15;16;19
"9036";3;5;5;5;5;5;5;5;5
"9037";3;4;6;9;10;12;15;16;19
"9038";3;4;6;9;10;12;15;16;19
"9039";3;4;6;9;10;12;15;16;19
"9040";3;5;5;5;5;5;5;5;5
"9041";3;5;5;5;5;5;5;5;5
"9042";3;5;5;5;5;5;5;5;5
"9043";3;5;5;5;5;5;5;5;5
"9044";3;5;5;5;5;5;5;5;5
"9045";3;4;6;9;10;12;15;16;19
"9046";3;4;6;9;10;12;15;16;19
"9047";3;5;5;5;5;5;5;5;5
"9048";3;4;6;9;10;12;15;16;19
"9049";3;5;5;5;5;5;5;5;5
"9050";3;5;5;5;5;5;5;5;5
"9051";3;5;5;5;5;5;5;5;5
"9052";3;5;5;5;5;5;5;5;5
"9053";3;5;5;5;5;5;5;5;5
"9054";3;5;5;5;5;5;5;5;5
"9055";3;4;6;9;10;12;15;16;19
"9056";3;4;7;7;7;7;7;7;7
"9057";3;5;5;5;5;5;5;5;5
"9058";3;5;5;5;5;5;5;5;5
"9059";3;5;5;5;5;5;5;5;5
"9060";3;5;5;5;5;5;5;5;5
"9061";3;5;5;5;5;5;5;5;5
"9062";3;5;5;5;5;5;5;5;5
"9063";3;5;5;5;5;5;5;5;5
"9064";3;5;5;5;5;5;5;5;5
"9065";3;5;5;5;5;5;5;5;5
"9066";3;5;5;5;5;5;5;5;5
"9067";3;5;5;5;5;5;5;5;5
"9068";3;5;5;5;5;5;5;5;5
"9069";3;5;5;5;5;5;5;5;5
"9070";3;5;5;5;5;5;5;5;5
"9071";3;5;5;5;5;5;5;5;5
"9072";3;5;5;5;5;5;5;5;5
"9073";3;5;5;5;5;5;5;5;5
"9074";3;5;5;5;5;5;5;5;5
"9075";3;5;5;5;5;5;5;5;5
"9076";3;5;5;5;5;5;5;5;5
"9077";3;5;5;5;5;5;5;5;5
"9078";3;4;6;9;10;12;15;16;19
"9079";3;5;5;5;5;5;5;5;5
"9080";3;5;5;5;5;5;5;5;5
"9081";3;5;5;5;5;5;5;5;5
"9082";3;5;5;5;5;5;5;5;5
"9083";3;5;5;5;5;5;5;5;5
"9084";3;4;6;8;8;8;8;8;8
"9085";3;5;5;5;5;5;5;5;5
"9086";3;5;5;5;5;5;5;5;5
"9087";3;5;5;5;5;5;5;5;5
"9088";3;4;6;9;10;12;15;16;19
"9089";3;5;5;5;5;5;5;5;5
"9090";3;5;5;5;5;5;5;5;5
"9091";3;5;5;5;5;5;5;5;5
"9092";3;5;5;5;5;5;5;5;5
"9093";3;5;5;5;5;5;5;5;5
"9094";3;5;5;5;5;5;5;5;5
"9095";3;5;5;5;5;5;5;5;5
"9096";3;4;6;9;10;12;15;16;19
"9097";3;5;5;5;5;5;5;5;5
"9098";3;4;6;9;10;12;15;16;19
"9099";3;5;5;5;5;5;5;5;5
"9100";3;4;7;7;7;7;7;7;7
"9101";3;4;6;9;10;12;15;16;19
"9102";3;5;5;5;5;5;5;5;5
"9103";3;5;5;5;5;5;5;5;5
"9104";3;5;5;5;5;5;5;5;5
"9105";3;4;6;9;10;12;15;16;19
"9106";3;5;5;5;5;5;5;5;5
"9107";3;5;5;5;5;5;5;5;5
"9108";3;5;5;5;5;5;5;5;5
"9109";3;4;7;7;7;7;7;7;7
"9110";3;4;6;9;10;12;15;16;19
"9111";3;5;5;5;5;5;5;5;5
"9112";3;5;5;5;5;5;5;5;5
"9113";3;5;5;5;5;5;5;5;5
"9114";3;5;5;5;5;5;5;5;5
"9115";3;5;5;5;5;5;5;5;5
"9116";3;5;5;5;5;5;5;5;5
"9117";3;5;5;5;5;5;5;5;5
"9118";3;5;5;5;5;5;5;5;5
"9119";3;5;5;5;5;5;5;5;5
"9120";3;5;5;5;5;5;5;5;5
"9121";3;5;5;5;5;5;5;5;5
"9122";3;5;5;5;5;5;5;5;5
"9123";3;5;5;5;5;5;5;5;5
"9124";3;5;5;5;5;5;5;5;5
"9125";3;5;5;5;5;5;5;5;5
"9126";3;5;5;5;5;5;5;5;5
"9127";3;4;6;9;10;12;15;16;19
"9128";3;5;5;5;5;5;5;5;5
"9129";3;5;5;5;5;5;5;5;5
"9130";3;5;5;5;5;5;5;5;5
"9131";3;5;5;5;5;5;5;5;5
"9132";3;5;5;5;5;5;5;5;5
"9133";3;5;5;5;5;5;5;5;5
"9134";3;5;5;5;5;5;5;5;5
"9135";3;5;5;5;5;5;5;5;5
"9136";3;5;5;5;5;5;5;5;5
"9137";3;5;5;5;5;5;5;5;5
"9138";3;5;5;5;5;5;5;5;5
"9139";3;5;5;5;5;5;5;5;5
"9140";3;5;5;5;5;5;5;5;5
"9141";3;5;5;5;5;5;5;5;5
"9142";3;5;5;5;5;5;5;5;5
"9143";3;5;5;5;5;5;5;5;5
"9144";3;4;6;9;10;12;15;16;19
"9145";3;5;5;5;5;5;5;5;5
"9146";3;4;6;9;10;12;15;16;19
"9147";3;5;5;5;5;5;5;5;5
"9148";3;5;5;5;5;5;5;5;5
"9149";3;5;5;5;5;5;5;5;5
"9150";3;5;5;5;5;5;5;5;5
"9151";3;5;5;5;5;5;5;5;5
"9152";3;5;5;5;5;5;5;5;5
"9153";3;5;5;5;5;5;5;5;5
"9154";3;5;5;5;5;5;5;5;5
"9155";3;5;5;5;5;5;5;5;5
"9156";3;5;5;5;5;5;5;5;5
"9157";3;5;5;5;5;5;5;5;5
"9158";3;5;5;5;5;5;5;5;5
"9159";3;4;6;9;10;12;15;16;19
"9160";3;5;5;5;5;5;5;5;5
"9161";3;4;6;9;10;12;15;16;19
"9162";3;5;5;5;5;5;5;5;5
"9163";3;5;5;5;5;5;5;5;5
"9164";3;5;5;5;5;5;5;5;5
"9165";3;5;5;5;5;5;5;5;5
"9166";3;5;5;5;5;5;5;5;5
"9167";3;5;5;5;5;5;5;5;5
"9168";3;4;7;7;7;7;7;7;7
"9169";3;4;7;7;7;7;7;7;7
"9170";3;4;6;9;10;12;15;16;19
"9171";3;4;6;9;10;12;15;16;19
"9172";3;4;6;9;10;13;13;13;13
"9173";3;5;5;5;5;5;5;5;5
"9174";3;5;5;5;5;5;5;5;5
"9175";3;4;6;8;8;8;8;8;8
"9176";3;5;5;5;5;5;5;5;5
"9177";3;5;5;5;5;5;5;5;5
"9178";3;4;6;9;10;12;15;16;19
"9179";3;4;6;9;10;12;15;16;19
"9180";3;4;6;9;10;12;15;16;19
"9181";3;4;6;9;10;12;15;16;19
"9182";3;5;5;5;5;5;5;5;5
"9183";3;4;6;9;10;12;15;16;19
"9184";3;5;5;5;5;5;5;5;5
"9185";3;5;5;5;5;5;5;5;5
"9186";3;5;5;5;5;5;5;5;5
"9187";3;5;5;5;5;5;5;5;5
"9188";3;5;5;5;5;5;5;5;5
"9189";3;5;5;5;5;5;5;5;5
"9190";3;5;5;5;5;5;5;5;5
"9191";3;5;5;5;5;5;5;5;5
"9192";3;5;5;5;5;5;5;5;5
"9193";3;5;5;5;5;5;5;5;5
"9194";3;5;5;5;5;5;5;5;5
"9195";3;5;5;5;5;5;5;5;5
"9196";3;5;5;5;5;5;5;5;5
"9197";3;5;5;5;5;5;5;5;5
"9198";3;5;5;5;5;5;5;5;5
"9199";3;5;5;5;5;5;5;5;5
"9200";3;5;5;5;5;5;5;5;5
"9201";3;4;7;7;7;7;7;7;7
"9202";3;5;5;5;5;5;5;5;5
"9203";3;5;5;5;5;5;5;5;5
"9204";3;5;5;5;5;5;5;5;5
"9205";3;4;6;9;10;12;15;16;19
"9206";3;5;5;5;5;5;5;5;5
"9207";3;5;5;5;5;5;5;5;5
"9208";3;4;6;9;10;12;15;16;19
"9209";3;5;5;5;5;5;5;5;5
"9210";3;5;5;5;5;5;5;5;5
"9211";3;5;5;5;5;5;5;5;5
"9212";3;5;5;5;5;5;5;5;5
"9213";3;5;5;5;5;5;5;5;5
"9214";3;5;5;5;5;5;5;5;5
"9215";3;5;5;5;5;5;5;5;5
"9216";3;5;5;5;5;5;5;5;5
"9217";3;5;5;5;5;5;5;5;5
"9218";3;4;6;9;10;12;15;16;19
"9219";3;4;6;9;10;12;15;16;19
"9220";3;5;5;5;5;5;5;5;5
"9221";3;5;5;5;5;5;5;5;5
"9222";3;5;5;5;5;5;5;5;5
"9223";3;4;7;7;7;7;7;7;7
"9224";3;5;5;5;5;5;5;5;5
"9225";3;5;5;5;5;5;5;5;5
"9226";3;5;5;5;5;5;5;5;5
"9227";3;5;5;5;5;5;5;5;5
"9228";3;5;5;5;5;5;5;5;5
"9229";3;5;5;5;5;5;5;5;5
"9230";3;4;6;9;10;12;15;16;19
"9231";3;4;6;9;10;12;15;16;19
"9232";3;4;6;8;8;8;8;8;8
"9233";3;4;6;8;8;8;8;8;8
"9234";3;4;6;8;8;8;8;8;8
"9235";3;4;6;8;8;8;8;8;8
"9236";3;4;6;9;10;12;15;16;19
"9237";3;4;6;8;8;8;8;8;8
"9238";3;4;6;8;8;8;8;8;8
"9239";3;4;6;8;8;8;8;8;8
"9240";3;4;6;8;8;8;8;8;8
"9241";3;4;6;9;10;12;15;16;19
"9242";3;4;6;8;8;8;8;8;8
"9243";3;4;6;8;8;8;8;8;8
"9244";3;4;6;8;8;8;8;8;8
"9245";3;4;6;9;10;12;15;16;19
"9246";3;4;6;9;10;12;15;16;19
"9247";3;4;6;8;8;8;8;8;8
"9248";3;4;6;9;10;12;15;16;19
"9249";3;4;6;8;8;8;8;8;8
"9250";3;4;6;8;8;8;8;8;8
"9251";3;4;6;8;8;8;8;8;8
"9252";3;4;6;8;8;8;8;8;8
"9253";3;4;6;8;8;8;8;8;8
"9254";3;4;6;8;8;8;8;8;8
"9255";3;4;6;9;10;12;15;16;19
"9256";3;4;6;8;8;8;8;8;8
"9257";3;4;6;8;8;8;8;8;8
"9258";3;4;6;8;8;8;8;8;8
"9259";3;4;6;8;8;8;8;8;8
"9260";3;4;6;8;8;8;8;8;8
"9261";3;5;5;5;5;5;5;5;5
"9262";3;5;5;5;5;5;5;5;5
"9263";3;4;6;8;8;8;8;8;8
"9264";3;4;6;8;8;8;8;8;8
"9265";3;4;6;8;8;8;8;8;8
"9266";3;4;6;9;10;12;15;16;19
"9267";3;4;6;8;8;8;8;8;8
"9268";3;4;6;8;8;8;8;8;8
"9269";3;4;6;8;8;8;8;8;8
"9270";3;4;6;8;8;8;8;8;8
"9271";3;4;7;7;7;7;7;7;7
"9272";3;4;6;9;10;12;15;16;19
"9273";3;4;6;8;8;8;8;8;8
"9274";3;4;6;8;8;8;8;8;8
"9275";3;4;6;8;8;8;8;8;8
"9276";3;4;6;8;8;8;8;8;8
"9277";3;4;6;8;8;8;8;8;8
"9278";3;4;6;9;10;12;15;16;19
"9279";3;4;6;9;10;12;15;16;19
"9280";3;4;6;8;8;8;8;8;8
"9281";3;4;6;8;8;8;8;8;8
"9282";3;4;6;8;8;8;8;8;8
"9283";3;4;6;8;8;8;8;8;8
"9284";3;4;6;8;8;8;8;8;8
"9285";3;4;6;8;8;8;8;8;8
"9286";3;4;6;8;8;8;8;8;8
"9287";3;4;6;8;8;8;8;8;8
"9288";3;4;6;8;8;8;8;8;8
"9289";3;4;7;7;7;7;7;7;7
"9290";3;4;6;8;8;8;8;8;8
"9291";3;4;6;8;8;8;8;8;8
"9292";3;4;6;8;8;8;8;8;8
"9293";3;4;6;8;8;8;8;8;8
"9294";3;4;6;8;8;8;8;8;8
"9295";3;4;6;9;10;12;15;16;19
"9296";3;4;6;9;10;12;15;16;19
"9297";3;4;7;7;7;7;7;7;7
"9298";3;4;6;9;10;12;15;16;19
"9299";3;5;5;5;5;5;5;5;5
"9300";3;5;5;5;5;5;5;5;5
"9301";3;4;6;9;10;12;15;16;19
"9302";3;5;5;5;5;5;5;5;5
"9303";3;4;6;9;10;12;15;16;19
"9304";3;4;6;9;10;12;15;16;19
"9305";3;5;5;5;5;5;5;5;5
"9306";3;4;6;9;10;12;15;16;19
"9307";3;4;6;8;8;8;8;8;8
"9308";3;4;6;8;8;8;8;8;8
"9309";3;4;6;8;8;8;8;8;8
"9310";3;5;5;5;5;5;5;5;5
"9311";3;4;6;8;8;8;8;8;8
"9312";3;4;6;9;10;12;15;16;19
"9313";3;4;6;8;8;8;8;8;8
"9314";3;4;6;9;10;12;15;16;19
"9315";3;4;6;9;10;12;15;16;19
"9316";3;4;6;9;10;12;15;16;19
"9317";3;4;6;9;10;12;15;16;19
"9318";3;4;6;9;10;12;15;16;19
"9319";3;4;6;8;8;8;8;8;8
"9320";3;4;6;9;10;12;15;16;19
"9321";3;4;6;8;8;8;8;8;8
"9322";3;5;5;5;5;5;5;5;5
"9323";3;4;6;8;8;8;8;8;8
"9324";3;4;6;8;8;8;8;8;8
"9325";3;5;5;5;5;5;5;5;5
"9326";3;5;5;5;5;5;5;5;5
"9327";3;4;6;8;8;8;8;8;8
"9328";3;4;6;9;10;13;13;13;13
"9329";3;4;6;9;10;12;15;16;19
"9330";3;4;6;8;8;8;8;8;8
"9331";3;4;6;9;10;12;15;16;19
"9332";3;4;6;9;10;12;15;16;19
"9333";3;4;6;8;8;8;8;8;8
"9334";3;4;6;9;10;12;15;16;19
"9335";3;4;6;9;10;12;15;16;19
"9336";3;4;6;8;8;8;8;8;8
"9337";3;4;6;9;10;12;15;16;19
"9338";3;4;6;9;10;12;15;16;19
"9339";3;4;6;9;10;12;15;16;19
"9340";3;4;6;9;10;12;15;16;19
"9341";3;4;6;9;10;12;15;16;19
"9342";3;4;6;9;10;12;15;16;19
"9343";3;4;6;9;10;12;15;16;19
"9344";3;4;6;9;10;12;15;16;19
"9345";3;4;6;9;10;12;15;16;19
"9346";3;4;6;9;10;12;15;16;19
"9347";3;4;6;9;10;12;15;16;18
"9348";3;4;6;9;10;12;15;16;19
"9349";3;4;6;9;10;12;15;16;19
"9350";3;4;6;9;10;12;15;16;19
"9351";3;4;6;9;10;12;15;16;19
"9352";3;4;6;9;10;12;15;16;19
"9353";3;4;6;9;10;12;15;16;19
"9354";3;4;6;9;10;12;15;16;19
"9355";3;4;6;9;10;12;15;16;19
"9356";3;4;6;9;10;12;15;16;19
"9357";3;5;5;5;5;5;5;5;5
"9358";3;4;6;9;10;12;15;16;19
"9359";3;4;7;7;7;7;7;7;7
"9360";3;4;6;9;10;12;15;16;19
"9361";3;4;6;9;10;12;15;16;19
"9362";3;4;6;9;10;12;15;16;19
"9363";3;4;6;9;10;12;15;16;19
"9364";3;4;6;9;10;12;15;16;19
"9365";3;4;6;9;10;12;15;16;19
"9366";3;4;6;9;10;12;15;16;19
"9367";3;4;6;9;10;12;15;16;19
"9368";3;4;6;9;10;12;15;16;19
"9369";3;4;6;9;10;12;15;16;19
"9370";3;4;6;9;10;12;15;16;19
"9371";3;4;6;9;10;12;15;16;19
"9372";3;4;6;9;10;12;15;16;19
"9373";3;4;6;9;10;12;15;16;19
"9374";3;4;6;9;10;12;15;16;19
"9375";3;4;6;9;10;12;15;16;19
"9376";3;4;6;9;10;12;15;16;19
"9377";3;4;6;9;10;12;15;16;19
"9378";3;4;6;9;10;12;15;16;19
"9379";3;4;6;9;10;12;15;16;19
"9380";3;4;7;7;7;7;7;7;7
"9381";3;4;7;7;7;7;7;7;7
"9382";3;4;7;7;7;7;7;7;7
"9383";3;4;7;7;7;7;7;7;7
"9384";3;4;7;7;7;7;7;7;7
"9385";3;4;7;7;7;7;7;7;7
"9386";3;4;7;7;7;7;7;7;7
"9387";3;4;7;7;7;7;7;7;7
"9388";3;4;7;7;7;7;7;7;7
"9389";3;4;6;9;10;12;15;16;19
"9390";3;5;5;5;5;5;5;5;5
"9391";3;4;6;9;10;12;15;16;19
"9392";3;4;6;9;10;12;15;16;19
"9393";3;4;6;8;8;8;8;8;8
"9394";3;4;6;8;8;8;8;8;8
"9395";3;4;6;8;8;8;8;8;8
"9396";3;4;6;9;10;12;15;16;19
"9397";3;4;6;9;10;12;15;16;19
"9398";3;4;6;9;10;12;15;16;19
"9399";3;4;6;8;8;8;8;8;8
"9400";3;4;6;9;10;12;15;16;19
"9401";3;4;6;9;10;12;15;16;19
"9402";3;4;6;9;10;12;15;16;19
"9403";3;4;6;9;10;12;15;16;19
"9404";3;4;6;9;10;12;15;16;19
"9405";3;4;6;9;10;12;15;16;19
"9406";3;4;6;9;10;12;15;16;19
"9407";3;4;6;9;10;12;15;16;19
"9408";3;4;6;9;10;12;15;16;19
"9409";3;4;6;9;10;12;15;16;19
"9410";3;4;6;9;10;12;15;16;19
"9411";3;4;6;9;10;12;15;16;19
"9412";3;5;5;5;5;5;5;5;5
"9413";3;4;6;9;10;12;15;16;19
"9414";3;5;5;5;5;5;5;5;5
"9415";3;5;5;5;5;5;5;5;5
"9416";3;4;6;9;10;12;15;16;19
"9417";3;5;5;5;5;5;5;5;5
"9418";3;4;6;9;10;12;15;16;19
"9419";3;5;5;5;5;5;5;5;5
"9420";3;4;6;9;10;12;15;16;19
"9421";3;4;6;9;10;12;15;16;19
"9422";3;4;6;9;10;12;15;16;19
"9423";3;4;6;9;10;12;15;16;19
"9424";3;4;6;9;10;13;13;13;13
"9425";3;4;6;9;10;13;13;13;13
"9426";3;4;6;9;10;13;13;13;13
"9427";3;4;6;9;10;13;13;13;13
"9428";3;4;6;9;10;13;13;13;13
"9429";3;4;6;9;10;12;15;16;19
"9430";3;5;5;5;5;5;5;5;5
"9431";3;4;6;9;10;12;15;16;19
"9432";3;4;6;9;10;12;15;16;19
"9433";3;4;6;9;10;12;15;16;19
"9434";3;4;6;9;10;12;15;16;19
"9435";3;4;6;8;8;8;8;8;8
"9436";3;4;6;9;10;12;15;16;19
"9437";3;4;6;8;8;8;8;8;8
"9438";3;4;6;9;10;12;15;16;19
"9439";3;4;6;8;8;8;8;8;8
"9440";3;4;6;9;10;12;15;16;19
"9441";3;4;6;8;8;8;8;8;8
"9442";3;5;5;5;5;5;5;5;5
"9443";3;4;6;9;10;12;15;16;19
"9444";3;4;6;9;10;12;15;16;19
"9445";3;4;6;9;10;12;15;16;19
"9446";3;4;6;9;10;12;15;16;19
"9447";3;4;6;8;8;8;8;8;8
"9448";3;4;6;8;8;8;8;8;8
"9449";3;4;6;9;10;12;15;16;19
"9450";3;4;6;9;10;12;15;16;19
"9451";3;4;6;8;8;8;8;8;8
"9452";3;4;6;8;8;8;8;8;8
"9453";3;4;6;9;10;12;15;16;19
"9454";3;4;6;9;10;12;15;16;19
"9455";3;5;5;5;5;5;5;5;5
"9456";3;5;5;5;5;5;5;5;5
"9457";3;4;6;9;10;12;15;16;19
"9458";3;5;5;5;5;5;5;5;5
"9459";3;5;5;5;5;5;5;5;5
"9460";3;4;6;9;10;12;15;16;19
"9461";3;4;6;9;10;12;15;16;19
"9462";3;4;6;9;10;12;15;16;19
"9463";3;4;6;9;10;12;15;16;19
"9464";3;4;6;9;10;13;13;13;13
"9465";3;4;6;9;10;12;15;16;19
"9466";3;4;6;8;8;8;8;8;8
"9467";3;5;5;5;5;5;5;5;5
"9468";3;5;5;5;5;5;5;5;5
"9469";3;4;6;9;10;12;15;16;19
"9470";3;4;6;9;10;12;15;16;19
"9471";3;4;6;9;10;12;15;16;19
"9472";3;4;6;9;10;12;15;16;19
"9473";3;5;5;5;5;5;5;5;5
"9474";3;4;6;9;10;12;15;16;19
"9475";3;4;6;9;10;12;15;16;19
"9476";3;4;6;9;10;12;15;16;19
"9477";3;4;6;9;10;12;15;16;19
"9478";3;4;6;9;10;12;15;16;19
"9479";3;4;6;9;10;12;15;16;19
"9480";3;4;6;9;10;12;15;16;19
"9481";3;4;6;9;10;12;15;16;19
"9482";3;4;6;9;10;12;15;16;19
"9483";3;4;6;9;10;12;15;16;19
"9484";3;4;6;9;10;12;15;16;19
"9485";3;4;6;9;10;12;15;16;19
"9486";3;4;6;9;10;12;15;16;19
"9487";3;4;6;8;8;8;8;8;8
"9488";3;5;5;5;5;5;5;5;5
"9489";3;4;6;9;10;12;15;16;19
"9490";3;4;6;9;10;12;15;16;19
"9491";3;4;6;8;8;8;8;8;8
"9492";3;4;6;9;10;13;13;13;13
"9493";3;4;6;9;10;12;15;16;19
"9494";3;4;6;9;10;12;15;16;19
"9495";3;4;6;9;10;12;15;16;19
"9496";3;4;6;9;10;12;15;16;19
"9497";3;4;6;9;10;12;15;16;19
"9498";3;4;7;7;7;7;7;7;7
"9499";3;4;6;9;10;12;15;16;19
"9500";3;4;6;9;10;12;15;16;19
"9501";3;4;6;9;10;12;15;16;19
"9502";3;4;6;8;8;8;8;8;8
"9503";3;4;6;8;8;8;8;8;8
"9504";3;4;6;9;10;12;15;16;19
"9505";3;4;6;9;10;12;15;16;19
"9506";3;4;6;9;10;12;15;16;19
"9507";3;4;6;9;10;12;15;16;19
"9508";3;4;6;9;10;12;15;16;19
"9509";3;4;6;9;10;12;15;16;19
"9510";3;4;6;9;10;12;15;16;19
"9511";3;4;6;9;10;12;15;16;19
"9512";3;4;6;9;10;12;15;16;19
"9513";3;4;6;9;10;12;15;16;19
"9514";3;4;6;8;8;8;8;8;8
"9515";3;4;6;9;10;12;15;16;19
"9516";3;4;6;9;10;12;15;16;19
"9517";3;4;6;9;10;12;15;16;19
"9518";3;4;6;9;10;12;15;16;19
"9519";3;4;6;9;10;12;15;16;19
"9520";3;4;6;9;10;12;15;16;19
"9521";3;4;6;9;10;12;15;16;19
"9522";3;4;6;9;10;12;15;16;19
"9523";3;4;6;9;10;12;15;16;19
"9524";3;4;6;9;10;12;15;16;19
"9525";3;4;6;9;10;12;15;16;19
"9526";3;4;6;9;10;12;15;16;19
"9527";3;4;6;9;10;12;15;16;19
"9528";3;4;6;9;10;12;15;16;19
"9529";3;4;6;9;10;12;15;16;19
"9530";3;4;6;9;10;12;15;16;19
"9531";3;4;6;9;10;12;15;16;19
"9532";3;4;6;9;10;12;15;16;19
"9533";3;4;6;9;10;12;15;16;19
"9534";3;4;6;9;10;12;15;16;19
"9535";3;4;6;9;10;12;15;16;19
"9536";3;4;6;9;10;12;15;16;19
"9537";3;4;6;9;10;12;15;16;19
"9538";3;4;6;9;10;12;15;16;19
"9539";3;4;6;9;10;12;15;16;19
"9540";3;4;6;9;10;12;15;16;19
"9541";3;4;6;9;10;12;15;16;19
"9542";3;4;6;9;10;12;15;16;19
"9543";3;4;6;9;10;12;15;16;18
"9544";3;4;6;9;10;12;15;16;19
"9545";3;4;6;8;8;8;8;8;8
"9546";3;4;6;9;10;12;15;16;19
"9547";3;4;6;9;10;12;15;16;19
"9548";3;4;6;9;10;12;15;16;19
"9549";3;4;6;9;10;12;15;16;19
"9550";3;4;6;9;10;12;15;16;19
"9551";3;4;6;9;10;12;15;16;19
"9552";3;4;6;9;10;12;15;16;19
"9553";3;4;6;9;10;12;15;16;19
"9554";3;4;6;9;10;12;15;16;19
"9555";3;4;6;9;10;12;15;16;19
"9556";3;4;6;9;10;12;15;16;19
"9557";3;4;6;9;10;12;15;16;19
"9558";3;4;6;9;10;12;15;16;18
"9559";3;4;6;9;10;12;15;16;19
"9560";3;4;6;9;10;12;15;16;19
"9561";3;4;6;9;10;12;15;16;19
"9562";3;4;6;9;10;12;15;16;19
"9563";3;4;6;9;10;12;15;16;19
"9564";3;4;6;9;10;12;15;16;19
"9565";3;4;6;9;10;12;15;16;19
"9566";3;4;6;9;10;12;15;16;18
"9567";3;4;6;9;10;12;15;16;19
"9568";3;4;6;9;10;12;15;16;19
"9569";3;4;7;7;7;7;7;7;7
"9570";3;4;6;9;10;12;15;16;19
"9571";3;4;6;9;10;12;15;16;19
"9572";3;4;6;9;10;12;15;16;19
"9573";3;4;6;9;10;12;15;16;19
"9574";3;4;6;9;10;12;15;16;19
"9575";3;4;6;9;10;12;15;16;19
"9576";3;4;6;9;10;12;15;16;19
"9577";3;4;6;9;10;12;15;16;19
"9578";3;4;7;7;7;7;7;7;7
"9579";3;4;6;9;10;12;15;16;19
"9580";3;4;6;9;10;12;15;16;19
"9581";3;4;6;9;10;12;15;16;19
"9582";3;4;6;9;10;12;15;16;19
"9583";3;4;6;9;10;12;15;16;19
"9584";3;4;6;9;10;12;15;16;19
"9585";3;4;6;9;10;12;15;16;19
"9586";3;4;6;9;10;12;15;16;19
"9587";3;4;6;9;10;12;15;16;19
"9588";3;4;6;9;10;12;15;16;19
"9589";3;4;6;9;10;12;15;16;19
"9590";3;4;6;9;10;12;15;16;19
"9591";3;4;6;9;10;12;15;16;19
"9592";3;4;7;7;7;7;7;7;7
"9593";3;4;6;9;10;12;15;16;19
"9594";3;4;6;9;10;12;15;16;19
"9595";3;4;6;9;10;12;15;16;19
"9596";3;4;6;9;10;12;15;16;19
"9597";3;4;6;8;8;8;8;8;8
"9598";3;4;6;9;10;12;15;16;19
"9599";3;4;6;9;10;12;15;16;19
"9600";3;4;6;9;10;12;15;16;19
"9601";3;4;6;9;10;12;15;16;19
"9602";3;4;7;7;7;7;7;7;7
"9603";3;4;6;9;10;12;15;16;19
"9604";3;4;6;9;10;12;15;16;19
"9605";3;4;6;9;10;12;15;16;19
"9606";3;4;6;9;10;12;15;16;19
"9607";3;4;6;9;10;12;15;16;19
"9608";3;5;5;5;5;5;5;5;5
"9609";3;4;6;8;8;8;8;8;8
"9610";3;4;6;9;10;12;15;16;19
"9611";3;4;6;9;10;12;15;16;19
"9612";3;4;6;9;10;12;15;16;19
"9613";3;4;6;9;10;12;15;16;19
"9614";3;5;5;5;5;5;5;5;5
"9615";3;4;6;9;10;12;15;16;19
"9616";3;4;6;9;10;12;15;16;19
"9617";3;4;6;9;10;12;15;16;19
"9618";3;4;6;9;10;12;15;16;19
"9619";3;4;6;9;10;12;15;16;19
"9620";3;4;6;9;10;12;15;16;19
"9621";3;4;6;9;10;12;15;16;19
"9622";3;4;6;9;10;12;15;16;19
"9623";3;4;6;9;10;12;15;16;19
"9624";3;4;6;9;10;12;15;16;19
"9625";3;4;6;9;10;12;15;16;19
"9626";3;4;6;9;10;12;15;16;19
"9627";3;4;6;9;10;12;15;16;19
"9628";3;4;6;9;10;12;15;16;18
"9629";3;4;6;9;10;12;15;16;19
"9630";3;4;6;9;10;12;15;16;19
"9631";3;4;6;9;10;12;15;16;19
"9632";3;4;6;9;10;12;15;16;19
"9633";3;4;6;9;10;12;15;16;19
"9634";3;4;6;9;10;12;15;16;19
"9635";3;4;6;9;10;12;15;16;19
"9636";3;4;6;9;10;12;15;16;19
"9637";3;4;6;9;10;12;15;16;19
"9638";3;4;6;9;10;12;15;16;19
"9639";3;4;6;9;10;12;15;16;19
"9640";3;4;6;9;10;12;15;16;19
"9641";3;5;5;5;5;5;5;5;5
"9642";3;4;6;8;8;8;8;8;8
"9643";3;4;6;9;10;12;15;16;19
"9644";3;4;6;9;10;12;15;16;19
"9645";3;4;6;9;10;12;15;16;19
"9646";3;4;6;9;10;12;15;16;19
"9647";3;4;6;9;10;12;15;16;19
"9648";3;4;6;9;10;12;15;16;19
"9649";3;4;6;9;10;12;15;16;19
"9650";3;4;6;9;10;12;15;16;19
"9651";3;4;6;9;10;12;15;16;19
"9652";3;4;6;9;10;12;15;16;19
"9653";3;5;5;5;5;5;5;5;5
"9654";3;4;6;9;10;12;15;16;19
"9655";3;4;6;9;10;12;15;16;19
"9656";3;4;6;9;10;12;15;16;19
"9657";3;4;6;9;10;12;15;16;19
"9658";3;4;6;9;10;12;15;16;19
"9659";3;4;6;9;10;12;15;16;19
"9660";3;4;6;9;10;12;15;16;19
"9661";3;4;6;9;10;12;15;16;19
"9662";3;4;6;9;10;12;15;16;19
"9663";3;4;6;9;10;12;15;16;19
"9664";3;5;5;5;5;5;5;5;5
"9665";3;4;6;9;10;12;15;16;19
"9666";3;4;6;9;10;12;15;16;19
"9667";3;4;6;9;10;12;15;16;19
"9668";3;4;6;9;10;12;15;16;19
"9669";3;4;6;9;10;12;15;16;19
"9670";3;4;6;9;10;12;15;16;19
"9671";3;4;6;9;10;12;15;16;19
"9672";3;4;6;9;10;12;15;16;19
"9673";3;4;6;9;10;12;15;16;19
"9674";3;4;6;9;10;12;15;16;19
"9675";3;4;6;9;10;12;15;16;19
"9676";3;4;6;9;10;12;15;16;19
"9677";3;4;6;9;10;12;15;16;19
"9678";3;4;6;9;10;12;15;16;19
"9679";3;4;6;9;10;12;15;16;19
"9680";3;5;5;5;5;5;5;5;5
"9681";3;5;5;5;5;5;5;5;5
"9682";3;4;6;9;10;12;15;16;19
"9683";3;5;5;5;5;5;5;5;5
"9684";3;4;6;9;10;12;15;16;19
"9685";3;4;6;9;10;12;15;16;19
"9686";3;4;6;9;10;12;15;16;19
"9687";3;5;5;5;5;5;5;5;5
"9688";3;4;6;9;10;12;15;16;19
"9689";3;4;6;9;10;12;15;16;19
"9690";3;4;6;9;10;12;15;16;19
"9691";3;4;6;9;10;12;15;16;19
"9692";3;4;6;9;10;12;15;16;19
"9693";3;4;6;9;10;12;15;16;19
"9694";3;4;6;9;10;12;15;16;19
"9695";3;4;6;9;10;12;15;16;19
"9696";3;4;6;9;10;12;15;16;19
"9697";3;4;6;9;10;12;15;16;19
"9698";3;4;6;9;10;12;15;16;19
"9699";3;4;6;9;10;12;15;16;19
"9700";3;4;6;9;10;12;15;16;19
"9701";3;4;6;9;10;12;15;16;19
"9702";3;4;6;9;10;12;15;16;19
"9703";3;4;6;9;10;12;15;16;19
"9704";3;4;6;9;10;12;15;16;19
"9705";3;4;6;9;10;12;15;16;19
"9706";3;4;6;9;10;12;15;16;19
"9707";3;4;6;9;10;12;15;16;19
"9708";3;4;6;9;10;12;15;16;19
"9709";3;4;6;9;10;12;15;16;19
"9710";3;4;6;9;10;12;15;16;19
"9711";3;4;6;9;10;12;15;16;19
"9712";3;4;6;9;10;12;15;16;19
"9713";3;4;6;9;10;12;15;16;18
"9714";3;4;6;9;10;12;15;16;19
"9715";3;4;6;9;10;12;15;16;19
"9716";3;4;6;9;10;12;15;16;19
"9717";3;4;6;9;10;12;15;16;19
"9718";3;4;6;9;10;12;15;16;19
"9719";3;4;6;9;10;12;15;16;19
"9720";3;4;6;9;10;12;15;16;19
"9721";3;4;6;9;10;12;15;16;19
"9722";3;4;6;9;10;12;15;16;19
"9723";3;4;6;8;8;8;8;8;8
"9724";3;4;6;8;8;8;8;8;8
"9725";3;4;6;9;10;12;15;16;19
"9726";3;4;6;9;10;12;15;16;19
"9727";3;4;6;9;10;12;15;16;19
"9728";3;4;6;9;10;12;15;16;19
"9729";3;4;6;9;10;12;15;16;19
"9730";3;4;6;9;10;12;15;16;19
"9731";3;4;6;9;10;12;15;16;19
"9732";0;0;0;0;0;0;0;0;0
"9733";3;4;6;9;10;12;15;16;19
"9734";3;4;6;9;10;12;15;16;19
"9735";3;4;6;9;10;12;15;16;19
"9736";3;4;6;9;10;12;15;16;19
"9737";3;4;6;9;10;12;15;16;19
"9738";3;4;6;9;10;12;15;16;19
"9739";3;4;6;9;10;12;15;16;19
"9740";3;4;6;9;10;12;15;16;19
"9741";3;4;6;9;10;12;15;16;19
"9742";3;4;6;9;10;12;15;16;19
"9743";3;4;6;9;10;12;15;16;19
"9744";3;4;6;9;10;12;15;16;19
"9745";3;4;6;9;10;12;15;16;19
"9746";3;4;6;9;10;12;15;16;19
"9747";3;4;6;9;10;12;15;16;19
"9748";3;4;6;9;10;12;15;16;19
"9749";3;4;6;9;10;12;15;16;19
"9750";3;4;6;9;10;12;15;16;19
"9751";3;4;6;9;10;12;15;16;19
"9752";3;4;6;9;10;12;15;16;19
"9753";3;4;6;9;10;12;15;16;19
"9754";3;4;6;9;10;12;15;16;19
"9755";3;4;6;9;10;12;15;16;19
"9756";3;4;6;9;10;12;15;16;19
"9757";3;4;6;9;10;12;15;16;19
"9758";3;4;7;7;7;7;7;7;7
"9759";3;4;6;9;10;12;15;16;19
"9760";3;4;6;9;10;12;15;16;19
"9761";3;4;7;7;7;7;7;7;7
"9762";3;4;6;9;10;12;15;16;19
"9763";3;4;6;9;10;12;15;16;19
"9764";3;4;6;9;10;12;15;16;19
"9765";3;4;6;9;10;12;15;16;19
"9766";3;4;6;9;10;12;15;16;19
"9767";3;4;6;9;10;12;15;16;19
"9768";3;4;6;9;10;12;15;16;19
"9769";3;4;6;9;10;12;15;16;19
"9770";3;4;6;9;10;12;15;16;19
"9771";3;4;6;9;10;12;15;16;19
"9772";3;4;6;9;10;12;15;16;19
"9773";3;4;6;9;10;12;15;16;19
"9774";3;4;7;7;7;7;7;7;7
"9775";3;4;6;9;10;12;15;16;19
"9776";3;4;6;9;10;12;15;16;19
"9777";3;4;6;9;10;12;15;16;19
"9778";3;5;5;5;5;5;5;5;5
"9779";3;4;6;9;10;12;15;16;19
"9780";3;4;6;9;10;12;15;16;19
"9781";3;4;6;9;10;12;15;16;19
"9782";3;4;7;7;7;7;7;7;7
"9783";3;4;6;9;10;12;15;16;19
"9784";3;5;5;5;5;5;5;5;5
"9785";3;4;6;9;10;12;15;16;19
"9786";3;4;6;9;10;12;15;16;19
"9787";3;4;6;9;10;12;15;16;19
"9788";3;4;6;9;10;12;15;16;19
"9789";3;4;6;9;10;12;15;16;19
"9790";3;5;5;5;5;5;5;5;5
"9791";3;4;6;9;10;12;15;16;18
"9792";3;4;7;7;7;7;7;7;7
"9793";3;4;6;9;10;12;15;16;19
"9794";3;4;6;9;10;12;15;16;19
"9795";3;4;6;9;10;12;15;16;19
"9796";3;4;6;9;10;12;15;16;19
"9797";3;4;6;9;10;12;15;16;19
"9798";3;4;6;9;10;12;15;16;19
"9799";3;4;6;9;10;12;15;16;19
"9800";3;4;6;9;10;12;15;16;19
"9801";3;4;6;9;10;12;15;16;19
"9802";3;4;6;9;10;12;15;16;19
"9803";3;4;6;9;10;12;15;16;19
"9804";3;4;6;9;10;12;15;16;19
"9805";3;4;6;9;10;12;15;16;19
"9806";3;4;6;9;10;12;15;16;19
"9807";3;4;6;9;10;12;15;16;19
"9808";3;4;6;9;10;12;15;16;19
"9809";3;4;6;9;10;12;15;16;19
"9810";3;4;6;9;10;12;15;16;19
"9811";3;4;6;9;10;12;15;16;19
"9812";3;5;5;5;5;5;5;5;5
"9813";3;5;5;5;5;5;5;5;5
"9814";3;4;6;9;10;12;15;16;19
"9815";3;5;5;5;5;5;5;5;5
"9816";3;5;5;5;5;5;5;5;5
"9817";3;5;5;5;5;5;5;5;5
"9818";3;4;6;9;10;12;15;16;19
"9819";3;4;6;9;10;12;15;16;19
"9820";3;4;6;9;10;12;15;16;19
"9821";3;4;6;9;10;12;15;16;19
"9822";3;4;6;9;10;12;15;16;19
"9823";3;4;6;9;10;12;15;16;19
"9824";3;4;6;9;10;12;15;16;19
"9825";3;4;6;9;10;12;15;16;19
"9826";3;4;6;9;10;12;15;16;19
"9827";3;4;6;9;10;12;15;16;19
"9828";3;4;6;9;10;12;15;16;19
"9829";3;4;6;9;10;12;15;16;19
"9830";3;4;6;9;10;12;15;16;19
"9831";3;4;6;9;10;12;15;16;19
"9832";3;4;6;9;10;12;15;16;19
"9833";3;4;6;9;10;12;15;16;19
"9834";3;4;6;9;10;12;15;16;19
"9835";3;4;6;9;10;12;15;16;19
"9836";3;4;6;9;10;12;15;16;19
"9837";3;4;6;9;10;12;15;16;19
"9838";3;4;6;9;10;12;15;16;18
"9839";3;4;6;9;10;12;15;16;19
"9840";3;4;6;9;10;12;15;16;19
"9841";3;4;6;9;10;12;15;16;19
"9842";3;4;6;9;10;12;15;16;19
"9843";3;4;6;9;10;12;15;16;19
"9844";3;4;6;9;10;12;15;16;19
"9845";3;4;6;9;10;12;15;16;19
"9846";3;4;6;9;10;12;15;16;19
"9847";3;4;6;9;10;12;15;16;19
"9848";3;4;6;9;10;12;15;16;19
"9849";3;4;6;9;10;12;15;16;19
"9850";3;5;5;5;5;5;5;5;5
"9851";3;4;6;9;10;12;15;16;19
"9852";3;4;6;9;10;12;15;16;19
"9853";3;4;6;9;10;12;15;16;19
"9854";3;4;6;9;10;12;15;16;19
"9855";3;4;6;8;8;8;8;8;8
"9856";3;4;6;9;10;12;15;16;19
"9857";3;4;6;9;10;12;15;16;19
"9858";3;4;6;9;10;12;15;16;19
"9859";3;4;6;9;10;12;15;16;19
"9860";3;4;6;9;10;12;15;16;19
"9861";3;4;6;9;10;12;15;16;19
"9862";3;4;6;9;10;12;15;16;19
"9863";3;4;6;9;10;12;15;16;19
"9864";3;4;6;9;10;12;15;16;19
"9865";3;4;6;9;10;12;15;16;19
"9866";3;4;6;9;10;12;15;16;19
"9867";3;4;6;9;10;12;15;16;19
"9868";3;4;6;9;10;12;15;16;19
"9869";3;4;6;9;10;12;15;16;19
"9870";3;4;6;9;10;12;15;16;19
"9871";3;4;6;9;10;12;15;16;19
"9872";3;4;6;9;10;12;15;16;19
"9873";3;4;6;9;10;12;15;16;19
"9874";3;4;6;8;8;8;8;8;8
"9875";3;4;6;9;10;12;15;16;18
"9876";3;4;6;9;10;12;15;16;19
"9877";3;4;6;9;10;12;15;16;19
"9878";3;4;6;9;10;12;15;16;19
"9879";3;4;6;9;10;12;15;16;19
"9880";3;4;6;9;10;12;15;16;19
"9881";3;4;6;9;10;12;15;16;19
"9882";3;4;6;9;10;12;15;16;19
"9883";3;4;6;9;10;12;15;16;19
"9884";3;4;6;9;10;12;15;16;19
"9885";3;4;6;9;10;12;15;16;19
"9886";3;4;6;9;10;12;15;16;19
"9887";3;4;6;9;10;12;15;16;19
"9888";3;4;6;9;10;12;15;16;19
"9889";3;4;7;7;7;7;7;7;7
"9890";3;4;6;9;10;12;15;16;19
"9891";3;4;6;9;10;12;15;16;19
"9892";3;4;6;9;10;12;15;16;19
"9893";3;4;6;9;10;12;15;16;19
"9894";3;4;7;7;7;7;7;7;7
"9895";3;4;7;7;7;7;7;7;7
"9896";3;4;6;9;10;12;15;16;19
"9897";3;5;5;5;5;5;5;5;5
"9898";3;4;6;9;10;12;15;16;19
"9899";3;4;7;7;7;7;7;7;7
"9900";3;5;5;5;5;5;5;5;5
"9901";3;5;5;5;5;5;5;5;5
"9902";3;5;5;5;5;5;5;5;5
"9903";3;5;5;5;5;5;5;5;5
"9904";3;5;5;5;5;5;5;5;5
"9905";3;5;5;5;5;5;5;5;5
"9906";3;5;5;5;5;5;5;5;5
"9907";3;5;5;5;5;5;5;5;5
"9908";3;5;5;5;5;5;5;5;5
"9909";3;5;5;5;5;5;5;5;5
"9910";3;5;5;5;5;5;5;5;5
"9911";3;5;5;5;5;5;5;5;5
"9912";3;5;5;5;5;5;5;5;5
"9913";3;5;5;5;5;5;5;5;5
"9914";3;5;5;5;5;5;5;5;5
"9915";3;5;5;5;5;5;5;5;5
"9916";3;5;5;5;5;5;5;5;5
"9917";3;5;5;5;5;5;5;5;5
"9918";3;5;5;5;5;5;5;5;5
"9919";3;5;5;5;5;5;5;5;5
"9920";3;5;5;5;5;5;5;5;5
"9921";3;5;5;5;5;5;5;5;5
"9922";3;5;5;5;5;5;5;5;5
"9923";3;5;5;5;5;5;5;5;5
"9924";3;5;5;5;5;5;5;5;5
"9925";3;5;5;5;5;5;5;5;5
"9926";3;5;5;5;5;5;5;5;5
"9927";3;5;5;5;5;5;5;5;5
"9928";3;5;5;5;5;5;5;5;5
"9929";3;5;5;5;5;5;5;5;5
"9930";3;5;5;5;5;5;5;5;5
"9931";3;5;5;5;5;5;5;5;5
"9932";3;5;5;5;5;5;5;5;5
"9933";3;5;5;5;5;5;5;5;5
"9934";3;5;5;5;5;5;5;5;5
"9935";3;5;5;5;5;5;5;5;5
"9936";3;5;5;5;5;5;5;5;5
"9937";3;5;5;5;5;5;5;5;5
"9938";3;5;5;5;5;5;5;5;5
"9939";3;5;5;5;5;5;5;5;5
"9940";3;5;5;5;5;5;5;5;5
"9941";3;5;5;5;5;5;5;5;5
"9942";3;5;5;5;5;5;5;5;5
"9943";3;5;5;5;5;5;5;5;5
"9944";3;5;5;5;5;5;5;5;5
"9945";3;5;5;5;5;5;5;5;5
"9946";3;4;6;8;8;8;8;8;8
"9947";3;5;5;5;5;5;5;5;5
"9948";3;5;5;5;5;5;5;5;5
"9949";3;5;5;5;5;5;5;5;5
"9950";3;4;6;8;8;8;8;8;8
"9951";3;5;5;5;5;5;5;5;5
"9952";3;5;5;5;5;5;5;5;5
"9953";3;5;5;5;5;5;5;5;5
"9954";3;5;5;5;5;5;5;5;5
"9955";3;5;5;5;5;5;5;5;5
"9956";3;5;5;5;5;5;5;5;5
"9957";3;5;5;5;5;5;5;5;5
"9958";3;5;5;5;5;5;5;5;5
"9959";3;5;5;5;5;5;5;5;5
"9960";3;5;5;5;5;5;5;5;5
"9961";3;5;5;5;5;5;5;5;5
"9962";3;5;5;5;5;5;5;5;5
"9963";3;5;5;5;5;5;5;5;5
"9964";3;5;5;5;5;5;5;5;5
"9965";3;5;5;5;5;5;5;5;5
"9966";3;5;5;5;5;5;5;5;5
"9967";3;5;5;5;5;5;5;5;5
"9968";3;5;5;5;5;5;5;5;5
"9969";3;5;5;5;5;5;5;5;5
"9970";3;5;5;5;5;5;5;5;5
"9971";3;5;5;5;5;5;5;5;5
"9972";3;5;5;5;5;5;5;5;5
"9973";3;5;5;5;5;5;5;5;5
"9974";3;5;5;5;5;5;5;5;5
"9975";3;5;5;5;5;5;5;5;5
"9976";3;5;5;5;5;5;5;5;5
"9977";3;5;5;5;5;5;5;5;5
"9978";3;5;5;5;5;5;5;5;5
"9979";3;4;6;9;10;12;15;16;19
"9980";3;5;5;5;5;5;5;5;5
"9981";3;5;5;5;5;5;5;5;5
"9982";3;5;5;5;5;5;5;5;5
"9983";3;5;5;5;5;5;5;5;5
"9984";3;5;5;5;5;5;5;5;5
"9985";3;5;5;5;5;5;5;5;5
"9986";3;5;5;5;5;5;5;5;5
"9987";3;5;5;5;5;5;5;5;5
"9988";3;5;5;5;5;5;5;5;5
"9989";3;5;5;5;5;5;5;5;5
"9990";3;5;5;5;5;5;5;5;5
"9991";3;5;5;5;5;5;5;5;5
"9992";3;5;5;5;5;5;5;5;5
"9993";3;5;5;5;5;5;5;5;5
"9994";3;5;5;5;5;5;5;5;5
"9995";3;5;5;5;5;5;5;5;5
"9996";3;5;5;5;5;5;5;5;5
"9997";3;5;5;5;5;5;5;5;5
"9998";3;5;5;5;5;5;5;5;5
"9999";3;5;5;5;5;5;5;5;5
"10000";3;5;5;5;5;5;5;5;5
"10001";3;5;5;5;5;5;5;5;5
"10002";3;5;5;5;5;5;5;5;5
"10003";3;5;5;5;5;5;5;5;5
"10004";3;5;5;5;5;5;5;5;5
"10005";3;5;5;5;5;5;5;5;5
"10006";3;5;5;5;5;5;5;5;5
"10007";3;5;5;5;5;5;5;5;5
"10008";3;5;5;5;5;5;5;5;5
"10009";3;5;5;5;5;5;5;5;5
"10010";3;5;5;5;5;5;5;5;5
"10011";3;5;5;5;5;5;5;5;5
"10012";3;5;5;5;5;5;5;5;5
"10013";3;5;5;5;5;5;5;5;5
"10014";3;5;5;5;5;5;5;5;5
"10015";3;5;5;5;5;5;5;5;5
"10016";3;5;5;5;5;5;5;5;5
"10017";3;5;5;5;5;5;5;5;5
"10018";3;5;5;5;5;5;5;5;5
"10019";3;5;5;5;5;5;5;5;5
"10020";3;5;5;5;5;5;5;5;5
"10021";3;5;5;5;5;5;5;5;5
"10022";3;4;6;9;10;12;15;16;19
"10023";3;4;6;9;10;12;15;16;19
"10024";3;5;5;5;5;5;5;5;5
"10025";3;4;6;9;10;12;15;16;19
"10026";3;5;5;5;5;5;5;5;5
"10027";3;5;5;5;5;5;5;5;5
"10028";3;5;5;5;5;5;5;5;5
"10029";3;5;5;5;5;5;5;5;5
"10030";3;5;5;5;5;5;5;5;5
"10031";3;5;5;5;5;5;5;5;5
"10032";3;4;6;9;10;13;13;13;13
"10033";3;5;5;5;5;5;5;5;5
"10034";3;5;5;5;5;5;5;5;5
"10035";3;5;5;5;5;5;5;5;5
"10036";3;5;5;5;5;5;5;5;5
"10037";3;4;6;9;10;12;15;16;19
"10038";3;5;5;5;5;5;5;5;5
"10039";3;5;5;5;5;5;5;5;5
"10040";3;5;5;5;5;5;5;5;5
"10041";3;5;5;5;5;5;5;5;5
"10042";3;5;5;5;5;5;5;5;5
"10043";3;5;5;5;5;5;5;5;5
"10044";3;5;5;5;5;5;5;5;5
"10045";3;5;5;5;5;5;5;5;5
"10046";3;5;5;5;5;5;5;5;5
"10047";3;5;5;5;5;5;5;5;5
"10048";3;5;5;5;5;5;5;5;5
"10049";3;5;5;5;5;5;5;5;5
"10050";3;5;5;5;5;5;5;5;5
"10051";3;5;5;5;5;5;5;5;5
"10052";3;5;5;5;5;5;5;5;5
"10053";3;5;5;5;5;5;5;5;5
"10054";3;5;5;5;5;5;5;5;5
"10055";3;5;5;5;5;5;5;5;5
"10056";3;5;5;5;5;5;5;5;5
"10057";3;5;5;5;5;5;5;5;5
"10058";3;5;5;5;5;5;5;5;5
"10059";3;5;5;5;5;5;5;5;5
"10060";3;5;5;5;5;5;5;5;5
"10061";3;5;5;5;5;5;5;5;5
"10062";3;5;5;5;5;5;5;5;5
"10063";3;5;5;5;5;5;5;5;5
"10064";3;5;5;5;5;5;5;5;5
"10065";3;5;5;5;5;5;5;5;5
"10066";3;5;5;5;5;5;5;5;5
"10067";3;5;5;5;5;5;5;5;5
"10068";3;5;5;5;5;5;5;5;5
"10069";3;5;5;5;5;5;5;5;5
"10070";3;5;5;5;5;5;5;5;5
"10071";3;5;5;5;5;5;5;5;5
"10072";3;5;5;5;5;5;5;5;5
"10073";3;5;5;5;5;5;5;5;5
"10074";3;5;5;5;5;5;5;5;5
"10075";3;5;5;5;5;5;5;5;5
"10076";3;5;5;5;5;5;5;5;5
"10077";3;5;5;5;5;5;5;5;5
"10078";3;5;5;5;5;5;5;5;5
"10079";3;5;5;5;5;5;5;5;5
"10080";3;5;5;5;5;5;5;5;5
"10081";3;5;5;5;5;5;5;5;5
"10082";3;5;5;5;5;5;5;5;5
"10083";3;5;5;5;5;5;5;5;5
"10084";3;5;5;5;5;5;5;5;5
"10085";3;5;5;5;5;5;5;5;5
"10086";3;5;5;5;5;5;5;5;5
"10087";3;5;5;5;5;5;5;5;5
"10088";3;5;5;5;5;5;5;5;5
"10089";3;5;5;5;5;5;5;5;5
"10090";3;5;5;5;5;5;5;5;5
"10091";3;5;5;5;5;5;5;5;5
"10092";3;5;5;5;5;5;5;5;5
"10093";3;5;5;5;5;5;5;5;5
"10094";3;5;5;5;5;5;5;5;5
"10095";3;5;5;5;5;5;5;5;5
"10096";3;5;5;5;5;5;5;5;5
"10097";3;5;5;5;5;5;5;5;5
"10098";3;5;5;5;5;5;5;5;5
"10099";3;5;5;5;5;5;5;5;5
"10100";3;5;5;5;5;5;5;5;5
"10101";3;5;5;5;5;5;5;5;5
"10102";3;5;5;5;5;5;5;5;5
"10103";3;5;5;5;5;5;5;5;5
"10104";3;5;5;5;5;5;5;5;5
"10105";3;5;5;5;5;5;5;5;5
"10106";3;5;5;5;5;5;5;5;5
"10107";3;4;6;9;10;12;15;16;19
"10108";3;5;5;5;5;5;5;5;5
"10109";3;5;5;5;5;5;5;5;5
"10110";3;5;5;5;5;5;5;5;5
"10111";3;5;5;5;5;5;5;5;5
"10112";3;5;5;5;5;5;5;5;5
"10113";3;5;5;5;5;5;5;5;5
"10114";3;5;5;5;5;5;5;5;5
"10115";3;5;5;5;5;5;5;5;5
"10116";3;4;6;9;10;12;15;16;19
"10117";3;4;7;7;7;7;7;7;7
"10118";3;5;5;5;5;5;5;5;5
"10119";3;5;5;5;5;5;5;5;5
"10120";3;5;5;5;5;5;5;5;5
"10121";3;5;5;5;5;5;5;5;5
"10122";3;5;5;5;5;5;5;5;5
"10123";3;5;5;5;5;5;5;5;5
"10124";3;5;5;5;5;5;5;5;5
"10125";3;5;5;5;5;5;5;5;5
"10126";3;5;5;5;5;5;5;5;5
"10127";3;5;5;5;5;5;5;5;5
"10128";3;5;5;5;5;5;5;5;5
"10129";3;5;5;5;5;5;5;5;5
"10130";3;5;5;5;5;5;5;5;5
"10131";3;4;6;9;10;12;15;16;19
"10132";3;5;5;5;5;5;5;5;5
"10133";3;5;5;5;5;5;5;5;5
"10134";3;5;5;5;5;5;5;5;5
"10135";3;5;5;5;5;5;5;5;5
"10136";3;5;5;5;5;5;5;5;5
"10137";3;5;5;5;5;5;5;5;5
"10138";3;5;5;5;5;5;5;5;5
"10139";3;5;5;5;5;5;5;5;5
"10140";3;5;5;5;5;5;5;5;5
"10141";3;5;5;5;5;5;5;5;5
"10142";3;5;5;5;5;5;5;5;5
"10143";3;5;5;5;5;5;5;5;5
"10144";3;5;5;5;5;5;5;5;5
"10145";3;5;5;5;5;5;5;5;5
"10146";3;5;5;5;5;5;5;5;5
"10147";3;5;5;5;5;5;5;5;5
"10148";3;5;5;5;5;5;5;5;5
"10149";3;5;5;5;5;5;5;5;5
"10150";3;5;5;5;5;5;5;5;5
"10151";3;5;5;5;5;5;5;5;5
"10152";3;5;5;5;5;5;5;5;5
"10153";3;5;5;5;5;5;5;5;5
"10154";3;4;6;9;10;12;15;16;19
"10155";3;5;5;5;5;5;5;5;5
"10156";3;5;5;5;5;5;5;5;5
"10157";3;5;5;5;5;5;5;5;5
"10158";3;5;5;5;5;5;5;5;5
"10159";3;5;5;5;5;5;5;5;5
"10160";3;5;5;5;5;5;5;5;5
"10161";3;5;5;5;5;5;5;5;5
"10162";3;5;5;5;5;5;5;5;5
"10163";3;5;5;5;5;5;5;5;5
"10164";3;5;5;5;5;5;5;5;5
"10165";3;5;5;5;5;5;5;5;5
"10166";3;5;5;5;5;5;5;5;5
"10167";3;5;5;5;5;5;5;5;5
"10168";3;5;5;5;5;5;5;5;5
"10169";3;5;5;5;5;5;5;5;5
"10170";3;5;5;5;5;5;5;5;5
"10171";3;5;5;5;5;5;5;5;5
"10172";3;5;5;5;5;5;5;5;5
"10173";3;5;5;5;5;5;5;5;5
"10174";3;5;5;5;5;5;5;5;5
"10175";3;5;5;5;5;5;5;5;5
"10176";3;5;5;5;5;5;5;5;5
"10177";3;5;5;5;5;5;5;5;5
"10178";3;5;5;5;5;5;5;5;5
"10179";3;5;5;5;5;5;5;5;5
"10180";3;4;6;9;10;12;15;16;19
"10181";3;4;6;8;8;8;8;8;8
"10182";3;4;6;9;10;12;15;16;19
"10183";3;4;6;8;8;8;8;8;8
"10184";3;5;5;5;5;5;5;5;5
"10185";3;5;5;5;5;5;5;5;5
"10186";3;5;5;5;5;5;5;5;5
"10187";3;5;5;5;5;5;5;5;5
"10188";3;5;5;5;5;5;5;5;5
"10189";3;5;5;5;5;5;5;5;5
"10190";3;5;5;5;5;5;5;5;5
"10191";3;5;5;5;5;5;5;5;5
"10192";3;5;5;5;5;5;5;5;5
"10193";3;5;5;5;5;5;5;5;5
"10194";3;5;5;5;5;5;5;5;5
"10195";3;5;5;5;5;5;5;5;5
"10196";3;4;6;8;8;8;8;8;8
"10197";3;4;6;8;8;8;8;8;8
"10198";3;4;6;9;10;13;13;13;13
"10199";3;5;5;5;5;5;5;5;5
"10200";3;5;5;5;5;5;5;5;5
"10201";3;5;5;5;5;5;5;5;5
"10202";3;5;5;5;5;5;5;5;5
"10203";3;5;5;5;5;5;5;5;5
"10204";3;5;5;5;5;5;5;5;5
"10205";3;5;5;5;5;5;5;5;5
"10206";3;5;5;5;5;5;5;5;5
"10207";3;5;5;5;5;5;5;5;5
"10208";3;5;5;5;5;5;5;5;5
"10209";3;5;5;5;5;5;5;5;5
"10210";3;5;5;5;5;5;5;5;5
"10211";3;5;5;5;5;5;5;5;5
"10212";3;5;5;5;5;5;5;5;5
"10213";3;5;5;5;5;5;5;5;5
"10214";3;4;6;9;10;12;15;16;19
"10215";3;4;6;9;10;12;15;16;19
"10216";3;5;5;5;5;5;5;5;5
"10217";3;5;5;5;5;5;5;5;5
"10218";3;5;5;5;5;5;5;5;5
"10219";3;5;5;5;5;5;5;5;5
"10220";3;5;5;5;5;5;5;5;5
"10221";3;4;6;9;10;13;13;13;13
"10222";3;5;5;5;5;5;5;5;5
"10223";3;5;5;5;5;5;5;5;5
"10224";3;5;5;5;5;5;5;5;5
"10225";3;5;5;5;5;5;5;5;5
"10226";3;4;6;9;10;12;15;16;19
"10227";3;4;6;9;10;12;15;16;19
"10228";3;4;6;9;10;12;15;16;19
"10229";3;5;5;5;5;5;5;5;5
"10230";3;5;5;5;5;5;5;5;5
"10231";3;5;5;5;5;5;5;5;5
"10232";3;5;5;5;5;5;5;5;5
"10233";3;5;5;5;5;5;5;5;5
"10234";3;5;5;5;5;5;5;5;5
"10235";3;5;5;5;5;5;5;5;5
"10236";3;5;5;5;5;5;5;5;5
"10237";3;5;5;5;5;5;5;5;5
"10238";3;5;5;5;5;5;5;5;5
"10239";3;5;5;5;5;5;5;5;5
"10240";3;5;5;5;5;5;5;5;5
"10241";3;5;5;5;5;5;5;5;5
"10242";3;4;6;9;10;12;15;16;19
"10243";3;4;6;9;10;12;15;16;19
"10244";3;4;6;9;10;12;15;16;19
"10245";3;4;6;9;10;12;15;16;19
"10246";3;4;6;9;10;12;15;16;19
"10247";3;4;6;9;10;12;15;16;19
"10248";3;4;6;9;10;12;15;16;19
"10249";3;4;6;8;8;8;8;8;8
"10250";3;4;6;8;8;8;8;8;8
"10251";3;4;6;9;10;12;15;16;19
"10252";3;4;6;9;10;12;15;16;19
"10253";3;4;7;7;7;7;7;7;7
"10254";3;4;6;8;8;8;8;8;8
"10255";3;4;6;8;8;8;8;8;8
"10256";3;4;6;8;8;8;8;8;8
"10257";3;4;6;8;8;8;8;8;8
"10258";3;4;6;8;8;8;8;8;8
"10259";3;4;6;9;10;12;15;16;19
"10260";3;4;6;9;10;12;15;16;19
"10261";3;4;6;9;10;12;15;16;19
"10262";3;4;6;9;10;12;15;16;19
"10263";3;4;6;9;10;12;15;16;19
"10264";3;4;6;9;10;12;15;16;19
"10265";3;4;6;9;10;12;15;16;19
"10266";3;4;6;9;10;12;15;16;19
"10267";3;4;6;9;10;12;15;16;19
"10268";3;4;6;8;8;8;8;8;8
"10269";3;4;6;9;10;12;15;16;19
"10270";3;4;6;8;8;8;8;8;8
"10271";3;4;6;8;8;8;8;8;8
"10272";3;4;6;9;10;12;15;16;19
"10273";3;4;6;8;8;8;8;8;8
"10274";3;4;6;8;8;8;8;8;8
"10275";3;4;6;8;8;8;8;8;8
"10276";3;4;6;8;8;8;8;8;8
"10277";3;4;6;8;8;8;8;8;8
"10278";3;4;6;8;8;8;8;8;8
"10279";3;4;6;9;10;12;15;16;19
"10280";3;4;6;9;10;12;15;16;19
"10281";3;4;7;7;7;7;7;7;7
"10282";3;4;6;9;10;12;15;16;19
"10283";3;4;6;8;8;8;8;8;8
"10284";3;4;6;8;8;8;8;8;8
"10285";3;5;5;5;5;5;5;5;5
"10286";3;5;5;5;5;5;5;5;5
"10287";3;5;5;5;5;5;5;5;5
"10288";3;5;5;5;5;5;5;5;5
"10289";3;5;5;5;5;5;5;5;5
"10290";3;4;6;8;8;8;8;8;8
"10291";3;5;5;5;5;5;5;5;5
"10292";3;5;5;5;5;5;5;5;5
"10293";3;4;6;8;8;8;8;8;8
"10294";3;5;5;5;5;5;5;5;5
"10295";3;4;6;8;8;8;8;8;8
"10296";3;4;6;9;10;12;15;16;19
"10297";3;4;6;8;8;8;8;8;8
"10298";3;5;5;5;5;5;5;5;5
"10299";3;5;5;5;5;5;5;5;5
"10300";3;5;5;5;5;5;5;5;5
"10301";3;4;6;8;8;8;8;8;8
"10302";3;4;6;8;8;8;8;8;8
"10303";3;4;6;8;8;8;8;8;8
"10304";3;4;7;7;7;7;7;7;7
"10305";3;4;6;8;8;8;8;8;8
"10306";3;4;6;8;8;8;8;8;8
"10307";3;4;6;8;8;8;8;8;8
"10308";3;4;7;7;7;7;7;7;7
"10309";3;4;6;8;8;8;8;8;8
"10310";3;4;6;9;10;12;15;16;19
"10311";3;4;6;9;10;12;15;16;19
"10312";3;4;6;9;10;12;15;16;19
"10313";3;4;7;7;7;7;7;7;7
"10314";3;4;7;7;7;7;7;7;7
"10315";3;4;7;7;7;7;7;7;7
"10316";3;4;7;7;7;7;7;7;7
"10317";3;4;6;8;8;8;8;8;8
"10318";3;4;6;8;8;8;8;8;8
"10319";3;4;6;8;8;8;8;8;8
"10320";3;4;6;8;8;8;8;8;8
"10321";3;4;6;8;8;8;8;8;8
"10322";3;4;6;8;8;8;8;8;8
"10323";3;4;6;9;10;12;15;16;19
"10324";3;4;6;8;8;8;8;8;8
"10325";3;4;6;8;8;8;8;8;8
"10326";3;4;6;9;10;12;15;16;19
"10327";3;4;6;8;8;8;8;8;8
"10328";3;4;6;8;8;8;8;8;8
"10329";3;4;6;8;8;8;8;8;8
"10330";3;4;6;8;8;8;8;8;8
"10331";3;4;6;9;10;12;15;16;19
"10332";3;4;6;9;10;12;15;16;19
"10333";3;4;6;9;10;12;15;16;19
"10334";3;4;6;8;8;8;8;8;8
"10335";3;4;6;9;10;12;15;16;19
"10336";3;4;6;8;8;8;8;8;8
"10337";3;4;6;8;8;8;8;8;8
"10338";3;4;6;9;10;12;15;16;19
"10339";3;4;6;9;10;12;15;16;19
"10340";3;4;6;8;8;8;8;8;8
"10341";3;4;6;8;8;8;8;8;8
"10342";3;4;6;8;8;8;8;8;8
"10343";3;5;5;5;5;5;5;5;5
"10344";3;4;6;8;8;8;8;8;8
"10345";3;4;6;9;10;12;15;16;19
"10346";3;4;6;9;10;13;13;13;13
"10347";3;4;6;9;10;12;15;16;19
"10348";3;4;6;8;8;8;8;8;8
"10349";3;4;6;9;10;12;15;16;19
"10350";3;4;6;9;10;12;15;16;19
"10351";3;4;6;9;10;12;15;16;19
"10352";3;4;6;9;10;12;15;16;19
"10353";3;4;6;9;10;12;15;16;19
"10354";3;4;7;7;7;7;7;7;7
"10355";3;4;6;9;10;12;15;16;18
"10356";3;4;6;9;10;12;15;16;19
"10357";3;4;6;9;10;12;15;16;19
"10358";3;4;6;9;10;12;15;16;19
"10359";3;4;6;9;10;12;15;16;19
"10360";3;4;6;9;10;12;15;16;19
"10361";3;4;6;9;10;12;15;16;19
"10362";3;4;6;8;8;8;8;8;8
"10363";3;4;6;9;10;12;15;16;19
"10364";3;4;6;9;10;12;15;16;19
"10365";3;4;6;8;8;8;8;8;8
"10366";3;4;6;8;8;8;8;8;8
"10367";3;4;6;8;8;8;8;8;8
"10368";3;4;6;8;8;8;8;8;8
"10369";3;4;6;8;8;8;8;8;8
"10370";3;4;6;9;10;12;15;16;19
"10371";3;4;6;9;10;12;15;16;19
"10372";3;4;6;9;10;12;15;16;19
"10373";3;4;6;9;10;12;15;16;19
"10374";3;4;6;9;10;12;15;16;19
"10375";3;4;6;9;10;12;15;16;19
"10376";3;4;6;9;10;12;15;16;19
"10377";3;4;7;7;7;7;7;7;7
"10378";3;5;5;5;5;5;5;5;5
"10379";3;5;5;5;5;5;5;5;5
"10380";3;4;6;8;8;8;8;8;8
"10381";3;4;6;8;8;8;8;8;8
"10382";3;4;6;8;8;8;8;8;8
"10383";3;4;6;9;10;12;15;16;19
"10384";3;4;6;8;8;8;8;8;8
"10385";3;4;6;8;8;8;8;8;8
"10386";3;4;6;9;10;12;15;16;19
"10387";3;4;6;8;8;8;8;8;8
"10388";3;4;6;9;10;12;15;16;19
"10389";3;4;6;9;10;12;15;16;19
"10390";3;4;6;9;10;12;15;16;19
"10391";3;4;6;9;10;12;15;16;19
"10392";3;4;6;8;8;8;8;8;8
"10393";3;4;7;7;7;7;7;7;7
"10394";3;4;6;9;10;12;15;16;19
"10395";3;4;6;9;10;12;15;16;19
"10396";3;4;6;9;10;12;15;16;19
"10397";3;4;6;9;10;12;15;16;19
"10398";3;4;6;9;10;12;15;16;19
"10399";3;4;6;9;10;12;15;16;19
"10400";3;4;7;7;7;7;7;7;7
"10401";3;4;6;8;8;8;8;8;8
"10402";3;4;6;8;8;8;8;8;8
"10403";3;4;6;8;8;8;8;8;8
"10404";3;4;6;9;10;12;15;16;19
"10405";3;4;6;9;10;12;15;16;19
"10406";3;4;6;8;8;8;8;8;8
"10407";3;4;6;9;10;12;15;16;19
"10408";3;4;6;9;10;12;15;16;19
"10409";3;4;6;9;10;12;15;16;19
"10410";3;4;6;9;10;12;15;16;19
"10411";3;4;6;9;10;12;15;16;19
"10412";3;4;6;8;8;8;8;8;8
"10413";3;4;6;8;8;8;8;8;8
"10414";3;4;6;9;10;12;15;16;19
"10415";3;4;6;9;10;12;15;16;19
"10416";3;4;6;9;10;12;15;16;19
"10417";3;4;6;9;10;12;15;16;19
"10418";3;4;6;9;10;12;15;16;19
"10419";3;4;6;9;10;12;15;16;19
"10420";3;4;6;9;10;12;15;16;19
"10421";3;4;6;9;10;12;15;16;19
"10422";3;4;6;9;10;12;15;16;19
"10423";3;4;6;9;10;12;15;16;19
"10424";3;4;6;9;10;12;15;16;19
"10425";3;4;7;7;7;7;7;7;7
"10426";3;4;6;9;10;12;15;16;19
"10427";3;4;6;9;10;12;15;16;19
"10428";3;4;6;9;10;12;15;16;19
"10429";3;4;6;9;10;12;15;16;19
"10430";3;4;6;9;10;12;15;16;19
"10431";3;4;6;8;8;8;8;8;8
"10432";3;4;6;8;8;8;8;8;8
"10433";3;4;6;8;8;8;8;8;8
"10434";3;4;6;8;8;8;8;8;8
"10435";3;4;6;8;8;8;8;8;8
"10436";3;4;6;8;8;8;8;8;8
"10437";3;4;6;8;8;8;8;8;8
"10438";3;4;6;8;8;8;8;8;8
"10439";3;4;6;8;8;8;8;8;8
"10440";3;4;6;8;8;8;8;8;8
"10441";3;4;6;8;8;8;8;8;8
"10442";3;4;6;8;8;8;8;8;8
"10443";3;4;6;8;8;8;8;8;8
"10444";3;5;5;5;5;5;5;5;5
"10445";3;5;5;5;5;5;5;5;5
"10446";3;4;6;8;8;8;8;8;8
"10447";3;5;5;5;5;5;5;5;5
"10448";3;4;6;8;8;8;8;8;8
"10449";3;4;6;9;10;12;15;16;19
"10450";3;4;6;8;8;8;8;8;8
"10451";3;4;6;9;10;12;15;16;19
"10452";3;4;6;8;8;8;8;8;8
"10453";3;4;6;9;10;12;15;16;18
"10454";3;4;7;7;7;7;7;7;7
"10455";3;4;7;7;7;7;7;7;7
"10456";3;4;7;7;7;7;7;7;7
"10457";3;4;6;9;10;12;15;16;19
"10458";3;4;6;9;10;12;15;16;19
"10459";3;4;6;8;8;8;8;8;8
"10460";3;4;6;8;8;8;8;8;8
"10461";3;4;6;8;8;8;8;8;8
"10462";3;4;6;8;8;8;8;8;8
"10463";3;4;6;9;10;13;13;13;13
"10464";3;4;6;9;10;12;15;16;19
"10465";3;5;5;5;5;5;5;5;5
"10466";3;4;6;8;8;8;8;8;8
"10467";3;4;6;8;8;8;8;8;8
"10468";3;4;6;9;10;12;15;16;19
"10469";3;4;6;8;8;8;8;8;8
"10470";3;4;6;9;10;12;15;16;19
"10471";3;4;6;8;8;8;8;8;8
"10472";3;4;6;8;8;8;8;8;8
"10473";3;4;6;8;8;8;8;8;8
"10474";3;4;6;9;10;12;15;16;19
"10475";3;4;6;8;8;8;8;8;8
"10476";3;4;6;8;8;8;8;8;8
"10477";3;4;6;8;8;8;8;8;8
"10478";3;4;6;8;8;8;8;8;8
"10479";3;4;6;9;10;12;15;16;19
"10480";3;4;6;9;10;12;15;16;19
"10481";3;4;6;9;10;12;15;16;19
"10482";3;4;6;9;10;12;15;16;19
"10483";3;4;6;9;10;12;15;16;19
"10484";3;4;6;8;8;8;8;8;8
"10485";3;4;6;9;10;12;15;16;19
"10486";3;5;5;5;5;5;5;5;5
"10487";3;4;6;8;8;8;8;8;8
"10488";3;4;6;8;8;8;8;8;8
"10489";3;4;6;8;8;8;8;8;8
"10490";3;4;6;8;8;8;8;8;8
"10491";3;4;6;8;8;8;8;8;8
"10492";3;4;6;8;8;8;8;8;8
"10493";3;4;6;8;8;8;8;8;8
"10494";3;4;6;9;10;12;15;16;19
"10495";3;4;6;9;10;12;15;16;19
"10496";3;4;6;8;8;8;8;8;8
"10497";3;4;6;8;8;8;8;8;8
"10498";3;4;6;9;10;12;15;16;19
"10499";3;4;6;9;10;12;15;16;19
"10500";3;4;6;8;8;8;8;8;8
"10501";3;4;6;9;10;12;15;16;19
"10502";3;4;6;8;8;8;8;8;8
"10503";3;4;6;8;8;8;8;8;8
"10504";3;4;7;7;7;7;7;7;7
"10505";3;4;6;9;10;12;15;16;19
"10506";3;4;6;9;10;12;15;16;19
"10507";3;4;6;8;8;8;8;8;8
"10508";3;4;6;8;8;8;8;8;8
"10509";3;4;6;8;8;8;8;8;8
"10510";3;4;6;9;10;12;15;16;19
"10511";3;4;6;8;8;8;8;8;8
"10512";3;4;6;9;10;12;15;16;19
"10513";3;4;6;9;10;12;15;16;19
"10514";3;4;6;9;10;12;15;16;19
"10515";3;4;6;9;10;12;15;16;19
"10516";3;4;6;8;8;8;8;8;8
"10517";3;4;6;9;10;12;15;16;19
"10518";3;4;6;9;10;12;15;16;19
"10519";3;4;6;8;8;8;8;8;8
"10520";3;4;6;9;10;12;15;16;19
"10521";3;4;6;8;8;8;8;8;8
"10522";3;4;6;9;10;12;15;16;19
"10523";3;4;6;8;8;8;8;8;8
"10524";3;4;6;9;10;12;15;16;19
"10525";3;4;6;8;8;8;8;8;8
"10526";3;4;6;9;10;12;15;16;19
"10527";3;4;6;9;10;12;15;16;19
"10528";3;4;6;8;8;8;8;8;8
"10529";3;4;6;9;10;12;15;16;19
"10530";3;4;6;9;10;12;15;16;19
"10531";3;4;6;8;8;8;8;8;8
"10532";3;4;6;8;8;8;8;8;8
"10533";3;4;6;8;8;8;8;8;8
"10534";3;4;6;8;8;8;8;8;8
"10535";3;4;6;8;8;8;8;8;8
"10536";3;4;6;8;8;8;8;8;8
"10537";3;4;6;8;8;8;8;8;8
"10538";3;4;7;7;7;7;7;7;7
"10539";3;4;6;8;8;8;8;8;8
"10540";3;4;6;8;8;8;8;8;8
"10541";3;4;6;9;10;12;15;16;19
"10542";3;4;6;9;10;12;15;16;19
"10543";3;4;6;9;10;12;15;16;19
"10544";3;4;6;8;8;8;8;8;8
"10545";3;4;6;8;8;8;8;8;8
"10546";3;4;6;8;8;8;8;8;8
"10547";3;4;6;8;8;8;8;8;8
"10548";3;4;6;8;8;8;8;8;8
"10549";3;4;6;8;8;8;8;8;8
"10550";3;4;6;8;8;8;8;8;8
"10551";3;4;6;8;8;8;8;8;8
"10552";3;4;6;8;8;8;8;8;8
"10553";3;4;6;9;10;12;15;16;19
"10554";3;4;6;9;10;12;15;16;19
"10555";3;4;6;9;10;12;15;16;19
"10556";3;4;6;8;8;8;8;8;8
"10557";3;5;5;5;5;5;5;5;5
"10558";3;4;6;9;10;12;15;16;19
"10559";3;4;6;8;8;8;8;8;8
"10560";3;4;6;8;8;8;8;8;8
"10561";3;4;6;9;10;12;15;16;19
"10562";3;4;6;8;8;8;8;8;8
"10563";3;4;6;8;8;8;8;8;8
"10564";3;4;6;8;8;8;8;8;8
"10565";3;4;6;8;8;8;8;8;8
"10566";3;4;6;8;8;8;8;8;8
"10567";3;4;6;9;10;12;15;16;19
"10568";3;4;6;8;8;8;8;8;8
"10569";3;4;6;8;8;8;8;8;8
"10570";3;4;6;8;8;8;8;8;8
"10571";3;4;6;9;10;12;15;16;19
"10572";3;4;6;9;10;12;15;16;19
"10573";3;4;7;7;7;7;7;7;7
"10574";3;4;6;8;8;8;8;8;8
"10575";3;4;6;8;8;8;8;8;8
"10576";3;4;6;8;8;8;8;8;8
"10577";3;4;6;8;8;8;8;8;8
"10578";3;4;6;8;8;8;8;8;8
"10579";3;4;6;8;8;8;8;8;8
"10580";3;4;6;8;8;8;8;8;8
"10581";3;4;6;8;8;8;8;8;8
"10582";3;4;6;9;10;12;15;16;19
"10583";3;5;5;5;5;5;5;5;5
"10584";3;4;6;9;10;12;15;16;19
"10585";3;4;6;9;10;12;15;16;19
"10586";3;4;6;9;10;12;15;16;19
"10587";3;4;6;9;10;12;15;16;19
"10588";3;4;6;8;8;8;8;8;8
"10589";3;4;6;9;10;12;15;16;19
"10590";3;4;6;8;8;8;8;8;8
"10591";3;4;6;9;10;12;15;16;19
"10592";3;4;6;9;10;12;15;16;19
"10593";3;4;6;9;10;12;15;16;19
"10594";3;4;6;9;10;12;15;16;19
"10595";3;4;6;9;10;12;15;16;18
"10596";3;4;6;9;10;12;15;16;18
"10597";3;4;6;9;10;12;15;16;19
"10598";3;4;6;9;10;12;15;16;19
"10599";3;4;6;9;10;12;15;16;18
"10600";3;4;6;9;10;12;15;16;19
"10601";3;4;6;9;10;12;15;16;19
"10602";3;4;6;8;8;8;8;8;8
"10603";3;4;6;9;10;12;15;16;19
"10604";3;4;6;9;10;12;15;16;19
"10605";3;4;6;9;10;12;15;16;19
"10606";3;4;6;9;10;12;15;16;19
"10607";3;4;6;9;10;12;15;16;19
"10608";3;4;6;9;10;12;15;16;19
"10609";3;4;6;9;10;12;15;16;19
"10610";3;4;6;9;10;12;15;16;19
"10611";3;4;6;9;10;12;15;16;19
"10612";3;4;6;9;10;12;15;16;19
"10613";3;4;6;9;10;12;15;16;19
"10614";3;4;6;9;10;12;15;16;19
"10615";3;4;6;9;10;12;15;16;19
"10616";3;4;6;9;10;12;15;16;18
"10617";3;4;6;9;10;12;15;16;19
"10618";3;4;6;9;10;12;15;16;19
"10619";3;4;6;9;10;12;15;16;19
"10620";3;4;6;9;10;12;15;16;19
"10621";3;4;6;8;8;8;8;8;8
"10622";3;4;6;9;10;12;15;16;19
"10623";3;4;6;9;10;12;15;16;19
"10624";3;4;6;9;10;12;15;16;19
"10625";3;5;5;5;5;5;5;5;5
"10626";3;4;6;9;10;12;15;16;19
"10627";3;4;6;9;10;12;15;16;19
"10628";3;4;6;9;10;12;15;16;19
"10629";3;4;6;8;8;8;8;8;8
"10630";3;4;6;9;10;12;15;16;19
"10631";3;4;6;9;10;12;15;16;19
"10632";3;4;6;9;10;12;15;16;19
"10633";3;4;6;9;10;12;15;16;19
"10634";3;4;6;9;10;12;15;16;19
"10635";3;4;6;8;8;8;8;8;8
"10636";3;4;6;8;8;8;8;8;8
"10637";3;4;6;8;8;8;8;8;8
"10638";3;4;6;8;8;8;8;8;8
"10639";3;4;6;8;8;8;8;8;8
"10640";3;4;6;9;10;12;15;16;19
"10641";3;4;6;9;10;13;13;13;13
"10642";3;4;6;9;10;13;13;13;13
"10643";3;4;6;9;10;13;13;13;13
"10644";3;4;6;9;10;13;13;13;13
"10645";3;5;5;5;5;5;5;5;5
"10646";3;4;6;9;10;12;15;16;19
"10647";3;4;6;8;8;8;8;8;8
"10648";3;4;6;9;10;13;13;13;13
"10649";3;4;6;9;10;13;13;13;13
"10650";3;4;6;8;8;8;8;8;8
"10651";3;4;6;8;8;8;8;8;8
"10652";3;4;6;8;8;8;8;8;8
"10653";3;4;6;8;8;8;8;8;8
"10654";3;4;6;9;10;12;15;16;19
"10655";3;4;6;9;10;13;13;13;13
"10656";3;4;6;8;8;8;8;8;8
"10657";3;4;6;9;10;12;15;16;19
"10658";3;4;6;9;10;13;13;13;13
"10659";3;4;6;9;10;12;15;16;19
"10660";3;4;6;9;10;12;15;16;19
"10661";3;4;6;9;10;12;15;16;19
"10662";3;4;6;9;10;12;15;16;19
"10663";3;4;6;9;10;12;15;16;19
"10664";3;4;6;9;10;12;15;16;19
"10665";3;4;6;8;8;8;8;8;8
"10666";3;4;6;9;10;12;15;16;19
"10667";3;4;6;9;10;13;13;13;13
"10668";3;4;6;9;10;12;15;16;19
"10669";3;4;6;9;10;12;15;16;19
"10670";3;4;6;8;8;8;8;8;8
"10671";3;4;6;9;10;12;15;16;19
"10672";3;4;6;9;10;12;15;16;19
"10673";3;4;6;9;10;12;15;16;19
"10674";3;4;6;9;10;12;15;16;19
"10675";3;4;6;9;10;12;15;16;19
"10676";3;4;6;9;10;12;15;16;19
"10677";3;4;6;9;10;12;15;16;19
"10678";3;4;6;9;10;12;15;16;19
"10679";3;4;6;9;10;12;15;16;19
"10680";3;4;6;9;10;12;15;16;19
"10681";3;4;6;8;8;8;8;8;8
"10682";3;4;6;8;8;8;8;8;8
"10683";3;4;6;9;10;12;15;16;19
"10684";3;4;6;8;8;8;8;8;8
"10685";3;4;6;9;10;12;15;16;19
"10686";3;4;6;8;8;8;8;8;8
"10687";3;4;7;7;7;7;7;7;7
"10688";3;4;6;9;10;12;15;16;19
"10689";3;4;6;9;10;12;15;16;19
"10690";3;4;6;9;10;12;15;16;19
"10691";3;4;6;9;10;12;15;16;19
"10692";3;4;6;9;10;12;15;16;19
"10693";3;4;6;9;10;12;15;16;19
"10694";3;4;6;9;10;12;15;16;19
"10695";3;4;6;9;10;12;15;16;19
"10696";3;4;6;9;10;12;15;16;19
"10697";3;4;6;9;10;12;15;16;19
"10698";3;4;6;8;8;8;8;8;8
"10699";3;5;5;5;5;5;5;5;5
"10700";3;5;5;5;5;5;5;5;5
"10701";3;4;6;8;8;8;8;8;8
"10702";3;4;6;9;10;12;15;16;19
"10703";3;4;6;8;8;8;8;8;8
"10704";3;4;6;8;8;8;8;8;8
"10705";3;4;6;9;10;12;15;16;19
"10706";3;4;6;8;8;8;8;8;8
"10707";3;4;6;8;8;8;8;8;8
"10708";3;4;6;9;10;12;15;16;19
"10709";3;4;6;8;8;8;8;8;8
"10710";3;4;6;9;10;12;15;16;19
"10711";3;4;6;9;10;12;15;16;19
"10712";3;4;6;9;10;12;15;16;19
"10713";3;4;6;8;8;8;8;8;8
"10714";3;4;6;8;8;8;8;8;8
"10715";3;4;6;9;10;12;15;16;19
"10716";3;4;6;9;10;12;15;16;19
"10717";3;4;6;9;10;12;15;16;19
"10718";3;4;6;9;10;12;15;16;19
"10719";3;4;6;9;10;12;15;16;19
"10720";3;4;6;8;8;8;8;8;8
"10721";3;4;6;8;8;8;8;8;8
"10722";3;4;6;8;8;8;8;8;8
"10723";3;4;6;8;8;8;8;8;8
"10724";3;4;6;8;8;8;8;8;8
"10725";3;4;6;8;8;8;8;8;8
"10726";3;4;6;8;8;8;8;8;8
"10727";3;4;6;9;10;12;15;16;19
"10728";3;4;6;8;8;8;8;8;8
"10729";3;4;6;8;8;8;8;8;8
"10730";3;4;6;9;10;12;15;16;19
"10731";3;4;6;9;10;12;15;16;19
"10732";3;4;6;9;10;12;15;16;19
"10733";3;4;6;8;8;8;8;8;8
"10734";3;4;6;8;8;8;8;8;8
"10735";3;4;6;8;8;8;8;8;8
"10736";3;4;6;8;8;8;8;8;8
"10737";3;4;6;9;10;12;15;16;19
"10738";3;4;6;8;8;8;8;8;8
"10739";3;4;6;8;8;8;8;8;8
"10740";3;4;6;9;10;12;15;16;19
"10741";3;4;6;9;10;12;15;16;19
"10742";3;4;6;8;8;8;8;8;8
"10743";3;4;7;7;7;7;7;7;7
"10744";3;4;6;8;8;8;8;8;8
"10745";3;4;6;9;10;12;15;16;19
"10746";3;4;6;8;8;8;8;8;8
"10747";3;4;7;7;7;7;7;7;7
"10748";3;5;5;5;5;5;5;5;5
"10749";3;5;5;5;5;5;5;5;5
"10750";3;5;5;5;5;5;5;5;5
"10751";3;5;5;5;5;5;5;5;5
"10752";3;4;6;8;8;8;8;8;8
"10753";3;4;6;8;8;8;8;8;8
"10754";3;4;6;9;10;12;15;16;19
"10755";3;4;6;9;10;12;15;16;19
"10756";3;4;6;9;10;12;15;16;19
"10757";3;4;6;9;10;12;15;16;19
"10758";3;4;6;9;10;12;15;16;19
"10759";3;4;7;7;7;7;7;7;7
"10760";3;4;6;8;8;8;8;8;8
"10761";3;4;6;8;8;8;8;8;8
"10762";3;4;6;8;8;8;8;8;8
"10763";3;4;6;9;10;12;15;16;19
"10764";3;4;6;9;10;12;15;16;19
"10765";3;4;6;9;10;12;15;16;19
"10766";3;4;6;8;8;8;8;8;8
"10767";3;4;6;8;8;8;8;8;8
"10768";3;4;6;8;8;8;8;8;8
"10769";3;5;5;5;5;5;5;5;5
"10770";3;4;6;9;10;12;15;16;19
"10771";3;4;6;8;8;8;8;8;8
"10772";3;4;6;8;8;8;8;8;8
"10773";3;4;6;8;8;8;8;8;8
"10774";3;4;6;8;8;8;8;8;8
"10775";3;5;5;5;5;5;5;5;5
"10776";3;5;5;5;5;5;5;5;5
"10777";3;5;5;5;5;5;5;5;5
"10778";3;5;5;5;5;5;5;5;5
"10779";3;5;5;5;5;5;5;5;5
"10780";3;4;6;8;8;8;8;8;8
"10781";3;5;5;5;5;5;5;5;5
"10782";3;5;5;5;5;5;5;5;5
"10783";3;5;5;5;5;5;5;5;5
"10784";3;5;5;5;5;5;5;5;5
"10785";3;5;5;5;5;5;5;5;5
"10786";3;5;5;5;5;5;5;5;5
"10787";3;5;5;5;5;5;5;5;5
"10788";3;5;5;5;5;5;5;5;5
"10789";3;5;5;5;5;5;5;5;5
"10790";3;5;5;5;5;5;5;5;5
"10791";3;5;5;5;5;5;5;5;5
"10792";3;5;5;5;5;5;5;5;5
"10793";3;5;5;5;5;5;5;5;5
"10794";3;5;5;5;5;5;5;5;5
"10795";3;5;5;5;5;5;5;5;5
"10796";3;5;5;5;5;5;5;5;5
"10797";3;5;5;5;5;5;5;5;5
"10798";3;5;5;5;5;5;5;5;5
"10799";3;5;5;5;5;5;5;5;5
"10800";3;5;5;5;5;5;5;5;5
"10801";3;5;5;5;5;5;5;5;5
"10802";3;5;5;5;5;5;5;5;5
"10803";3;5;5;5;5;5;5;5;5
"10804";3;5;5;5;5;5;5;5;5
"10805";3;5;5;5;5;5;5;5;5
"10806";3;5;5;5;5;5;5;5;5
"10807";3;5;5;5;5;5;5;5;5
"10808";3;5;5;5;5;5;5;5;5
"10809";3;5;5;5;5;5;5;5;5
"10810";3;5;5;5;5;5;5;5;5
"10811";3;5;5;5;5;5;5;5;5
"10812";3;4;6;9;10;12;15;16;19
"10813";3;4;6;9;10;12;15;16;18
"10814";3;4;6;8;8;8;8;8;8
"10815";3;4;6;8;8;8;8;8;8
"10816";3;4;6;8;8;8;8;8;8
"10817";3;4;6;9;10;12;15;16;19
"10818";2;2;2;2;2;2;2;2;2
"10819";2;2;2;2;2;2;2;2;2
"10820";2;2;2;2;2;2;2;2;2
"10821";2;2;2;2;2;2;2;2;2
"10822";2;2;2;2;2;2;2;2;2
"10823";2;2;2;2;2;2;2;2;2
"10824";2;2;2;2;2;2;2;2;2
"10825";2;2;2;2;2;2;2;2;2
"10826";2;2;2;2;2;2;2;2;2
"10827";2;2;2;2;2;2;2;2;2
"10828";2;2;2;2;2;2;2;2;2
"10829";2;2;2;2;2;2;2;2;2
"10830";2;2;2;2;2;2;2;2;2
"10831";2;2;2;2;2;2;2;2;2
"10832";2;2;2;2;2;2;2;2;2
"10833";2;2;2;2;2;2;2;2;2
"10834";2;2;2;2;2;2;2;2;2
"10835";2;2;2;2;2;2;2;2;2
"10836";2;2;2;2;2;2;2;2;2
"10837";2;2;2;2;2;2;2;2;2
"10838";2;2;2;2;2;2;2;2;2
"10839";2;2;2;2;2;2;2;2;2
"10840";2;2;2;2;2;2;2;2;2
"10841";2;2;2;2;2;2;2;2;2
"10842";2;2;2;2;2;2;2;2;2
"10843";2;2;2;2;2;2;2;2;2
"10844";2;2;2;2;2;2;2;2;2
"10845";3;4;7;7;7;7;7;7;7
"10846";3;4;6;9;10;12;15;16;19
"10847";3;4;6;9;10;12;15;16;18
"10848";3;4;6;9;10;12;15;16;19
"10849";3;4;6;9;10;12;15;16;19
"10850";3;5;5;5;5;5;5;5;5
"10851";3;5;5;5;5;5;5;5;5
"10852";3;4;6;9;10;12;15;16;19
"10853";3;4;6;8;8;8;8;8;8
"10854";3;4;7;7;7;7;7;7;7
"10855";3;4;6;9;10;12;15;16;18
"10856";3;4;6;9;10;12;15;16;19
"10857";3;4;6;9;10;12;15;16;18
"10858";3;4;7;7;7;7;7;7;7
"10859";3;4;6;9;10;12;15;16;19
"10860";3;4;6;9;10;12;15;16;19
"10861";3;4;6;9;10;12;15;16;19
"10862";3;4;6;9;10;12;15;16;19
"10863";3;4;6;9;10;12;15;16;19
"10864";3;4;6;9;10;12;15;16;19
"10865";3;4;6;9;10;12;15;16;19
"10866";3;4;7;7;7;7;7;7;7
"10867";3;4;7;7;7;7;7;7;7
"10868";3;4;7;7;7;7;7;7;7
"10869";3;4;6;9;10;12;15;16;19
"10870";3;4;6;8;8;8;8;8;8
"10871";3;4;6;9;10;12;15;16;19
"10872";3;4;6;9;10;12;15;16;19
"10873";3;4;6;9;10;13;13;13;13
"10874";3;4;6;9;10;13;13;13;13
"10875";3;4;6;9;10;12;15;16;19
"10876";3;4;7;7;7;7;7;7;7
"10877";3;4;6;9;10;12;15;16;19
"10878";3;4;6;9;10;12;15;16;19
"10879";3;4;6;9;10;12;15;16;19
"10880";3;4;6;9;10;12;15;16;19
"10881";3;4;6;9;10;12;15;16;19
"10882";3;4;6;9;10;12;15;16;19
"10883";3;4;6;9;10;12;15;16;19
"10884";3;4;6;9;10;12;15;16;19
"10885";3;4;6;9;10;12;15;16;19
"10886";3;4;6;9;10;12;15;16;19
"10887";3;4;6;9;10;12;15;16;19
"10888";3;4;6;9;10;12;15;16;19
"10889";3;4;6;9;10;12;15;16;19
"10890";3;4;6;9;10;12;15;16;19
"10891";3;4;6;9;10;12;15;16;19
"10892";3;4;6;9;10;12;15;16;19
"10893";3;4;6;9;10;12;15;16;19
"10894";3;4;6;9;10;12;15;16;19
"10895";3;4;6;9;10;12;15;16;19
"10896";3;4;6;9;10;12;15;16;19
"10897";3;4;6;9;10;12;15;16;19
"10898";3;4;6;9;10;12;15;16;19
"10899";3;4;6;9;10;12;15;16;19
"10900";3;4;6;9;10;12;15;16;19
"10901";3;4;6;9;10;12;15;16;19
"10902";3;4;6;9;10;12;15;16;19
"10903";3;4;6;9;10;12;15;16;19
"10904";3;4;6;9;10;12;15;16;19
"10905";3;4;6;9;10;12;15;16;19
"10906";3;4;6;9;10;12;15;16;19
"10907";3;4;6;9;10;12;15;16;19
"10908";3;4;6;9;10;12;15;16;19
"10909";3;4;6;9;10;12;15;16;19
"10910";3;4;6;8;8;8;8;8;8
"10911";3;4;6;9;10;12;15;16;19
"10912";3;4;6;9;10;12;15;16;19
"10913";3;4;6;9;10;12;15;16;19
"10914";3;4;6;9;10;12;15;16;19
"10915";3;4;6;9;10;12;15;16;19
"10916";3;4;6;9;10;12;15;16;19
"10917";3;4;6;9;10;12;15;16;19
"10918";3;4;6;9;10;12;15;16;19
"10919";3;4;6;8;8;8;8;8;8
"10920";3;4;6;9;10;12;15;16;19
"10921";3;4;6;8;8;8;8;8;8
"10922";3;4;6;9;10;12;15;16;19
"10923";3;4;6;8;8;8;8;8;8
"10924";3;4;6;9;10;12;15;16;19
"10925";3;4;6;9;10;12;15;16;19
"10926";3;4;6;9;10;12;15;16;19
"10927";3;4;6;9;10;12;15;16;19
"10928";3;4;6;8;8;8;8;8;8
"10929";3;4;6;9;10;12;15;16;19
"10930";3;4;6;9;10;12;15;16;19
"10931";3;4;7;7;7;7;7;7;7
"10932";3;4;6;8;8;8;8;8;8
"10933";3;4;6;8;8;8;8;8;8
"10934";3;4;6;9;10;12;15;16;19
"10935";3;4;6;8;8;8;8;8;8
"10936";3;4;6;8;8;8;8;8;8
"10937";3;4;6;8;8;8;8;8;8
"10938";3;4;6;8;8;8;8;8;8
"10939";3;4;6;8;8;8;8;8;8
"10940";3;4;6;8;8;8;8;8;8
"10941";3;4;6;8;8;8;8;8;8
"10942";3;4;6;8;8;8;8;8;8
"10943";3;5;5;5;5;5;5;5;5
"10944";3;4;6;8;8;8;8;8;8
"10945";3;4;6;8;8;8;8;8;8
"10946";3;4;6;8;8;8;8;8;8
"10947";3;4;6;8;8;8;8;8;8
"10948";3;4;6;9;10;12;15;16;19
"10949";3;4;6;9;10;12;15;16;19
"10950";3;4;6;9;10;12;15;16;19
"10951";3;4;6;9;10;12;15;16;19
"10952";3;4;6;8;8;8;8;8;8
"10953";3;4;6;8;8;8;8;8;8
"10954";3;4;6;9;10;12;15;16;19
"10955";3;4;6;9;10;12;15;16;19
"10956";3;4;6;9;10;12;15;16;19
"10957";3;4;6;9;10;12;15;16;19
"10958";3;4;6;9;10;12;15;16;19
"10959";3;4;6;9;10;12;15;16;19
"10960";3;4;6;9;10;12;15;16;19
"10961";3;4;6;9;10;12;15;16;19
"10962";3;4;6;9;10;12;15;16;19
"10963";3;4;6;9;10;12;15;16;19
"10964";3;4;6;9;10;12;15;16;18
"10965";3;4;6;9;10;12;15;16;18
"10966";3;5;5;5;5;5;5;5;5
"10967";3;4;6;9;10;12;15;16;19
"10968";3;4;6;9;10;12;15;16;19
"10969";3;4;6;9;10;12;15;16;19
"10970";3;4;6;9;10;12;15;16;19
"10971";3;4;7;7;7;7;7;7;7
"10972";3;4;6;9;10;12;15;16;19
"10973";3;4;6;9;10;12;15;16;19
"10974";3;4;6;9;10;12;15;16;19
"10975";3;4;6;9;10;12;15;16;19
"10976";3;4;6;9;10;12;15;16;19
"10977";3;4;6;8;8;8;8;8;8
"10978";3;4;6;8;8;8;8;8;8
"10979";3;4;6;8;8;8;8;8;8
"10980";3;4;6;8;8;8;8;8;8
"10981";3;4;6;8;8;8;8;8;8
"10982";3;4;6;8;8;8;8;8;8
"10983";3;4;6;8;8;8;8;8;8
"10984";3;4;6;9;10;12;15;16;19
"10985";3;4;6;9;10;12;15;16;19
"10986";3;4;6;8;8;8;8;8;8
"10987";3;4;6;8;8;8;8;8;8
"10988";3;4;6;8;8;8;8;8;8
"10989";3;4;6;8;8;8;8;8;8
"10990";3;5;5;5;5;5;5;5;5
"10991";3;4;6;8;8;8;8;8;8
"10992";3;4;6;9;10;12;15;16;19
"10993";3;4;6;9;10;12;15;16;19
"10994";3;4;6;9;10;12;15;16;19
"10995";3;4;6;9;10;12;15;16;19
"10996";3;4;6;9;10;13;13;13;13
"10997";3;4;6;9;10;12;15;16;19
"10998";3;4;6;9;10;12;15;16;19
"10999";3;4;6;9;10;12;15;16;19
"11000";3;4;6;9;10;13;13;13;13
"11001";3;4;6;9;10;12;15;16;19
"11002";3;4;6;9;10;12;15;16;19
"11003";3;4;6;8;8;8;8;8;8
"11004";3;4;6;9;10;13;13;13;13
"11005";3;4;6;9;10;12;15;16;19
"11006";3;5;5;5;5;5;5;5;5
"11007";3;5;5;5;5;5;5;5;5
"11008";3;4;6;9;10;13;13;13;13
"11009";3;4;6;9;10;12;15;16;19
"11010";3;4;6;8;8;8;8;8;8
"11011";3;4;6;9;10;12;15;16;19
"11012";3;4;6;9;10;12;15;16;19
"11013";3;4;6;9;10;13;13;13;13
"11014";3;4;6;9;10;13;13;13;13
"11015";3;4;6;9;10;13;13;13;13
"11016";3;4;6;9;10;13;13;13;13
"11017";3;4;6;9;10;12;15;16;19
"11018";3;4;6;9;10;12;15;17;17
"11019";3;4;6;9;10;13;13;13;13
"11020";3;4;6;9;10;12;15;16;19
"11021";3;4;6;9;10;12;15;16;19
"11022";3;4;6;9;10;12;15;16;19
"11023";3;5;5;5;5;5;5;5;5
"11024";3;4;7;7;7;7;7;7;7
"11025";3;4;6;9;10;12;15;16;19
"11026";3;4;6;9;10;12;15;16;19
"11027";3;4;6;9;10;13;13;13;13
"11028";3;4;6;9;10;13;13;13;13
"11029";3;4;6;9;10;13;13;13;13
"11030";3;4;6;9;10;12;15;16;19
"11031";3;4;6;9;10;12;15;16;19
"11032";3;4;6;9;10;13;13;13;13
"11033";3;4;6;9;10;13;13;13;13
"11034";3;4;6;9;10;13;13;13;13
"11035";3;4;6;9;10;12;15;16;19
"11036";3;4;6;9;10;12;15;16;19
"11037";3;4;6;9;10;12;15;16;19
"11038";3;4;6;9;10;12;15;16;19
"11039";3;4;6;9;10;12;15;16;19
"11040";3;4;6;9;10;12;15;16;19
"11041";3;4;6;9;10;12;15;16;19
"11042";3;4;6;9;10;12;15;16;19
"11043";3;4;6;9;10;12;15;16;19
"11044";3;4;6;9;10;12;15;16;19
"11045";3;5;5;5;5;5;5;5;5
"11046";3;5;5;5;5;5;5;5;5
"11047";3;4;6;9;10;12;15;16;19
"11048";3;5;5;5;5;5;5;5;5
"11049";3;5;5;5;5;5;5;5;5
"11050";3;5;5;5;5;5;5;5;5
"11051";3;5;5;5;5;5;5;5;5
"11052";3;5;5;5;5;5;5;5;5
"11053";3;5;5;5;5;5;5;5;5
"11054";3;5;5;5;5;5;5;5;5
"11055";3;5;5;5;5;5;5;5;5
"11056";3;5;5;5;5;5;5;5;5
"11057";3;5;5;5;5;5;5;5;5
"11058";3;5;5;5;5;5;5;5;5
"11059";3;5;5;5;5;5;5;5;5
"11060";3;5;5;5;5;5;5;5;5
"11061";3;5;5;5;5;5;5;5;5
"11062";3;5;5;5;5;5;5;5;5
"11063";3;4;6;9;10;12;15;16;19
"11064";3;5;5;5;5;5;5;5;5
"11065";3;5;5;5;5;5;5;5;5
"11066";3;5;5;5;5;5;5;5;5
"11067";3;5;5;5;5;5;5;5;5
"11068";3;5;5;5;5;5;5;5;5
"11069";3;5;5;5;5;5;5;5;5
"11070";3;4;6;9;10;12;15;16;19
"11071";3;5;5;5;5;5;5;5;5
"11072";3;5;5;5;5;5;5;5;5
"11073";3;5;5;5;5;5;5;5;5
"11074";3;5;5;5;5;5;5;5;5
"11075";3;4;7;7;7;7;7;7;7
"11076";3;5;5;5;5;5;5;5;5
"11077";3;5;5;5;5;5;5;5;5
"11078";3;5;5;5;5;5;5;5;5
"11079";3;5;5;5;5;5;5;5;5
"11080";3;5;5;5;5;5;5;5;5
"11081";3;5;5;5;5;5;5;5;5
"11082";3;5;5;5;5;5;5;5;5
"11083";3;4;6;9;10;12;15;16;19
"11084";3;5;5;5;5;5;5;5;5
"11085";3;5;5;5;5;5;5;5;5
"11086";3;5;5;5;5;5;5;5;5
"11087";3;5;5;5;5;5;5;5;5
"11088";3;5;5;5;5;5;5;5;5
"11089";3;5;5;5;5;5;5;5;5
"11090";3;5;5;5;5;5;5;5;5
"11091";3;5;5;5;5;5;5;5;5
"11092";3;5;5;5;5;5;5;5;5
"11093";3;5;5;5;5;5;5;5;5
"11094";3;5;5;5;5;5;5;5;5
"11095";3;5;5;5;5;5;5;5;5
"11096";3;5;5;5;5;5;5;5;5
"11097";3;5;5;5;5;5;5;5;5
"11098";3;5;5;5;5;5;5;5;5
"11099";3;5;5;5;5;5;5;5;5
"11100";3;5;5;5;5;5;5;5;5
"11101";3;5;5;5;5;5;5;5;5
"11102";3;5;5;5;5;5;5;5;5
"11103";3;5;5;5;5;5;5;5;5
"11104";3;5;5;5;5;5;5;5;5
"11105";3;5;5;5;5;5;5;5;5
"11106";3;5;5;5;5;5;5;5;5
"11107";3;5;5;5;5;5;5;5;5
"11108";3;5;5;5;5;5;5;5;5
"11109";3;5;5;5;5;5;5;5;5
"11110";3;5;5;5;5;5;5;5;5
"11111";3;5;5;5;5;5;5;5;5
"11112";3;5;5;5;5;5;5;5;5
"11113";3;5;5;5;5;5;5;5;5
"11114";3;5;5;5;5;5;5;5;5
"11115";3;4;6;9;10;12;15;16;19
"11116";3;4;6;9;10;12;15;16;19
"11117";3;5;5;5;5;5;5;5;5
"11118";3;5;5;5;5;5;5;5;5
"11119";3;5;5;5;5;5;5;5;5
"11120";3;4;6;8;8;8;8;8;8
"11121";3;5;5;5;5;5;5;5;5
"11122";3;5;5;5;5;5;5;5;5
"11123";3;5;5;5;5;5;5;5;5
"11124";3;5;5;5;5;5;5;5;5
"11125";3;5;5;5;5;5;5;5;5
"11126";3;5;5;5;5;5;5;5;5
"11127";3;5;5;5;5;5;5;5;5
"11128";3;5;5;5;5;5;5;5;5
"11129";3;5;5;5;5;5;5;5;5
"11130";3;4;6;9;10;12;15;16;19
"11131";3;5;5;5;5;5;5;5;5
"11132";3;5;5;5;5;5;5;5;5
"11133";3;5;5;5;5;5;5;5;5
"11134";3;4;6;9;10;12;15;16;19
"11135";3;5;5;5;5;5;5;5;5
"11136";3;5;5;5;5;5;5;5;5
"11137";3;5;5;5;5;5;5;5;5
"11138";3;5;5;5;5;5;5;5;5
"11139";3;5;5;5;5;5;5;5;5
"11140";3;5;5;5;5;5;5;5;5
"11141";3;5;5;5;5;5;5;5;5
"11142";3;5;5;5;5;5;5;5;5
"11143";3;5;5;5;5;5;5;5;5
"11144";3;5;5;5;5;5;5;5;5
"11145";3;5;5;5;5;5;5;5;5
"11146";3;4;6;9;10;12;15;16;19
"11147";3;5;5;5;5;5;5;5;5
"11148";3;5;5;5;5;5;5;5;5
"11149";3;5;5;5;5;5;5;5;5
"11150";3;5;5;5;5;5;5;5;5
"11151";3;5;5;5;5;5;5;5;5
"11152";3;5;5;5;5;5;5;5;5
"11153";3;5;5;5;5;5;5;5;5
"11154";3;5;5;5;5;5;5;5;5
"11155";3;5;5;5;5;5;5;5;5
"11156";3;5;5;5;5;5;5;5;5
"11157";3;5;5;5;5;5;5;5;5
"11158";3;5;5;5;5;5;5;5;5
"11159";3;5;5;5;5;5;5;5;5
"11160";3;5;5;5;5;5;5;5;5
"11161";3;5;5;5;5;5;5;5;5
"11162";3;5;5;5;5;5;5;5;5
"11163";3;5;5;5;5;5;5;5;5
"11164";3;5;5;5;5;5;5;5;5
"11165";3;5;5;5;5;5;5;5;5
"11166";3;5;5;5;5;5;5;5;5
"11167";3;5;5;5;5;5;5;5;5
"11168";3;5;5;5;5;5;5;5;5
"11169";3;5;5;5;5;5;5;5;5
"11170";3;5;5;5;5;5;5;5;5
"11171";3;5;5;5;5;5;5;5;5
"11172";3;5;5;5;5;5;5;5;5
"11173";3;5;5;5;5;5;5;5;5
"11174";3;5;5;5;5;5;5;5;5
"11175";3;5;5;5;5;5;5;5;5
"11176";3;5;5;5;5;5;5;5;5
"11177";3;5;5;5;5;5;5;5;5
"11178";3;5;5;5;5;5;5;5;5
"11179";3;5;5;5;5;5;5;5;5
"11180";3;5;5;5;5;5;5;5;5
"11181";3;5;5;5;5;5;5;5;5
"11182";3;5;5;5;5;5;5;5;5
"11183";3;5;5;5;5;5;5;5;5
"11184";3;5;5;5;5;5;5;5;5
"11185";3;5;5;5;5;5;5;5;5
"11186";3;5;5;5;5;5;5;5;5
"11187";3;5;5;5;5;5;5;5;5
"11188";3;5;5;5;5;5;5;5;5
"11189";3;5;5;5;5;5;5;5;5
"11190";3;5;5;5;5;5;5;5;5
"11191";3;5;5;5;5;5;5;5;5
"11192";3;5;5;5;5;5;5;5;5
"11193";3;5;5;5;5;5;5;5;5
"11194";3;4;6;9;10;12;15;16;18
"11195";3;5;5;5;5;5;5;5;5
"11196";3;5;5;5;5;5;5;5;5
"11197";3;5;5;5;5;5;5;5;5
"11198";3;5;5;5;5;5;5;5;5
"11199";3;5;5;5;5;5;5;5;5
"11200";3;5;5;5;5;5;5;5;5
"11201";3;5;5;5;5;5;5;5;5
"11202";3;5;5;5;5;5;5;5;5
"11203";3;4;6;9;10;12;15;16;19
"11204";3;5;5;5;5;5;5;5;5
"11205";3;5;5;5;5;5;5;5;5
"11206";3;5;5;5;5;5;5;5;5
"11207";3;5;5;5;5;5;5;5;5
"11208";3;5;5;5;5;5;5;5;5
"11209";3;5;5;5;5;5;5;5;5
"11210";3;5;5;5;5;5;5;5;5
"11211";3;5;5;5;5;5;5;5;5
"11212";3;5;5;5;5;5;5;5;5
"11213";3;5;5;5;5;5;5;5;5
"11214";3;5;5;5;5;5;5;5;5
"11215";3;5;5;5;5;5;5;5;5
"11216";3;5;5;5;5;5;5;5;5
"11217";3;5;5;5;5;5;5;5;5
"11218";3;5;5;5;5;5;5;5;5
"11219";3;5;5;5;5;5;5;5;5
"11220";3;4;6;8;8;8;8;8;8
"11221";3;5;5;5;5;5;5;5;5
"11222";3;4;6;8;8;8;8;8;8
"11223";3;5;5;5;5;5;5;5;5
"11224";3;5;5;5;5;5;5;5;5
"11225";3;5;5;5;5;5;5;5;5
"11226";3;4;6;9;10;12;15;16;19
"11227";3;5;5;5;5;5;5;5;5
"11228";3;4;6;8;8;8;8;8;8
"11229";3;5;5;5;5;5;5;5;5
"11230";3;5;5;5;5;5;5;5;5
"11231";3;5;5;5;5;5;5;5;5
"11232";3;5;5;5;5;5;5;5;5
"11233";3;5;5;5;5;5;5;5;5
"11234";3;5;5;5;5;5;5;5;5
"11235";3;5;5;5;5;5;5;5;5
"11236";3;5;5;5;5;5;5;5;5
"11237";3;5;5;5;5;5;5;5;5
"11238";3;5;5;5;5;5;5;5;5
"11239";3;5;5;5;5;5;5;5;5
"11240";3;5;5;5;5;5;5;5;5
"11241";3;5;5;5;5;5;5;5;5
"11242";3;5;5;5;5;5;5;5;5
"11243";3;5;5;5;5;5;5;5;5
"11244";3;5;5;5;5;5;5;5;5
"11245";3;5;5;5;5;5;5;5;5
"11246";3;5;5;5;5;5;5;5;5
"11247";3;5;5;5;5;5;5;5;5
"11248";3;5;5;5;5;5;5;5;5
"11249";3;5;5;5;5;5;5;5;5
"11250";3;5;5;5;5;5;5;5;5
"11251";3;5;5;5;5;5;5;5;5
"11252";3;5;5;5;5;5;5;5;5
"11253";3;5;5;5;5;5;5;5;5
"11254";3;5;5;5;5;5;5;5;5
"11255";3;5;5;5;5;5;5;5;5
"11256";3;5;5;5;5;5;5;5;5
"11257";3;5;5;5;5;5;5;5;5
"11258";3;5;5;5;5;5;5;5;5
"11259";3;5;5;5;5;5;5;5;5
"11260";3;5;5;5;5;5;5;5;5
"11261";3;5;5;5;5;5;5;5;5
"11262";3;5;5;5;5;5;5;5;5
"11263";3;5;5;5;5;5;5;5;5
"11264";3;5;5;5;5;5;5;5;5
"11265";3;5;5;5;5;5;5;5;5
"11266";3;5;5;5;5;5;5;5;5
"11267";3;5;5;5;5;5;5;5;5
"11268";3;5;5;5;5;5;5;5;5
"11269";3;5;5;5;5;5;5;5;5
"11270";3;4;6;9;10;12;15;16;19
"11271";3;5;5;5;5;5;5;5;5
"11272";3;5;5;5;5;5;5;5;5
"11273";3;5;5;5;5;5;5;5;5
"11274";3;5;5;5;5;5;5;5;5
"11275";3;5;5;5;5;5;5;5;5
"11276";3;4;6;9;10;12;15;16;19
"11277";3;5;5;5;5;5;5;5;5
"11278";3;5;5;5;5;5;5;5;5
"11279";3;5;5;5;5;5;5;5;5
"11280";3;5;5;5;5;5;5;5;5
"11281";3;5;5;5;5;5;5;5;5
"11282";3;5;5;5;5;5;5;5;5
"11283";3;4;6;8;8;8;8;8;8
"11284";3;4;6;8;8;8;8;8;8
"11285";3;4;6;9;10;13;13;13;13
"11286";3;5;5;5;5;5;5;5;5
"11287";3;5;5;5;5;5;5;5;5
"11288";3;5;5;5;5;5;5;5;5
"11289";3;4;6;8;8;8;8;8;8
"11290";3;4;6;9;10;12;15;16;19
"11291";3;5;5;5;5;5;5;5;5
"11292";3;5;5;5;5;5;5;5;5
"11293";3;4;6;9;10;12;15;16;19
"11294";3;4;7;7;7;7;7;7;7
"11295";3;4;6;9;10;13;13;13;13
"11296";3;4;7;7;7;7;7;7;7
"11297";3;5;5;5;5;5;5;5;5
"11298";3;5;5;5;5;5;5;5;5
"11299";3;5;5;5;5;5;5;5;5
"11300";3;5;5;5;5;5;5;5;5
"11301";3;5;5;5;5;5;5;5;5
"11302";3;5;5;5;5;5;5;5;5
"11303";3;4;6;8;8;8;8;8;8
"11304";3;4;6;8;8;8;8;8;8
"11305";3;5;5;5;5;5;5;5;5
"11306";3;5;5;5;5;5;5;5;5
"11307";3;5;5;5;5;5;5;5;5
"11308";3;4;6;9;10;12;15;16;19
"11309";3;4;6;8;8;8;8;8;8
"11310";3;4;6;8;8;8;8;8;8
"11311";3;4;6;8;8;8;8;8;8
"11312";3;5;5;5;5;5;5;5;5
"11313";3;5;5;5;5;5;5;5;5
"11314";3;4;6;9;10;12;15;16;19
"11315";3;5;5;5;5;5;5;5;5
"11316";3;4;6;9;10;13;13;13;13
"11317";3;4;6;9;10;12;15;16;19
"11318";3;4;6;9;10;12;15;16;19
"11319";3;4;6;8;8;8;8;8;8
"11320";3;5;5;5;5;5;5;5;5
"11321";3;5;5;5;5;5;5;5;5
"11322";3;4;6;9;10;12;15;16;19
"11323";3;5;5;5;5;5;5;5;5
"11324";3;4;6;8;8;8;8;8;8
"11325";3;5;5;5;5;5;5;5;5
"11326";3;5;5;5;5;5;5;5;5
"11327";3;5;5;5;5;5;5;5;5
"11328";3;5;5;5;5;5;5;5;5
"11329";3;5;5;5;5;5;5;5;5
"11330";3;5;5;5;5;5;5;5;5
"11331";3;5;5;5;5;5;5;5;5
"11332";3;5;5;5;5;5;5;5;5
"11333";3;5;5;5;5;5;5;5;5
"11334";3;5;5;5;5;5;5;5;5
"11335";3;5;5;5;5;5;5;5;5
"11336";3;5;5;5;5;5;5;5;5
"11337";3;5;5;5;5;5;5;5;5
"11338";3;5;5;5;5;5;5;5;5
"11339";3;5;5;5;5;5;5;5;5
"11340";3;4;6;9;10;12;15;16;19
"11341";3;5;5;5;5;5;5;5;5
"11342";3;5;5;5;5;5;5;5;5
"11343";3;5;5;5;5;5;5;5;5
"11344";3;5;5;5;5;5;5;5;5
"11345";3;5;5;5;5;5;5;5;5
"11346";3;4;6;9;10;12;15;16;19
"11347";3;5;5;5;5;5;5;5;5
"11348";3;5;5;5;5;5;5;5;5
"11349";3;4;6;9;10;12;15;16;19
"11350";3;5;5;5;5;5;5;5;5
"11351";3;4;7;7;7;7;7;7;7
"11352";3;5;5;5;5;5;5;5;5
"11353";3;4;6;9;10;12;15;16;19
"11354";3;4;6;8;8;8;8;8;8
"11355";3;5;5;5;5;5;5;5;5
"11356";3;5;5;5;5;5;5;5;5
"11357";3;4;6;8;8;8;8;8;8
"11358";3;4;6;9;10;12;15;16;19
"11359";3;5;5;5;5;5;5;5;5
"11360";3;5;5;5;5;5;5;5;5
"11361";3;5;5;5;5;5;5;5;5
"11362";3;4;6;9;10;12;15;16;19
"11363";3;5;5;5;5;5;5;5;5
"11364";3;4;6;9;10;13;13;13;13
"11365";3;5;5;5;5;5;5;5;5
"11366";3;5;5;5;5;5;5;5;5
"11367";3;5;5;5;5;5;5;5;5
"11368";3;5;5;5;5;5;5;5;5
"11369";3;5;5;5;5;5;5;5;5
"11370";3;5;5;5;5;5;5;5;5
"11371";3;5;5;5;5;5;5;5;5
"11372";3;5;5;5;5;5;5;5;5
"11373";3;5;5;5;5;5;5;5;5
"11374";3;5;5;5;5;5;5;5;5
"11375";3;4;7;7;7;7;7;7;7
"11376";3;5;5;5;5;5;5;5;5
"11377";3;5;5;5;5;5;5;5;5
"11378";3;4;7;7;7;7;7;7;7
"11379";3;5;5;5;5;5;5;5;5
"11380";3;4;6;8;8;8;8;8;8
"11381";3;5;5;5;5;5;5;5;5
"11382";3;5;5;5;5;5;5;5;5
"11383";3;5;5;5;5;5;5;5;5
"11384";3;5;5;5;5;5;5;5;5
"11385";3;5;5;5;5;5;5;5;5
"11386";3;5;5;5;5;5;5;5;5
"11387";3;4;6;9;10;12;15;16;19
"11388";3;5;5;5;5;5;5;5;5
"11389";3;5;5;5;5;5;5;5;5
"11390";3;5;5;5;5;5;5;5;5
"11391";3;5;5;5;5;5;5;5;5
"11392";3;5;5;5;5;5;5;5;5
"11393";3;5;5;5;5;5;5;5;5
"11394";3;4;6;9;10;12;15;16;19
"11395";3;5;5;5;5;5;5;5;5
"11396";3;5;5;5;5;5;5;5;5
"11397";3;5;5;5;5;5;5;5;5
"11398";3;4;6;9;10;12;15;16;19
"11399";3;5;5;5;5;5;5;5;5
"11400";3;5;5;5;5;5;5;5;5
"11401";3;5;5;5;5;5;5;5;5
"11402";3;4;6;9;10;12;15;16;19
"11403";3;4;6;9;10;12;15;16;19
"11404";3;4;6;9;10;12;15;16;19
"11405";3;4;6;9;10;12;15;16;19
"11406";3;4;6;9;10;12;15;16;19
"11407";3;4;6;9;10;12;15;16;19
"11408";3;4;6;9;10;12;15;16;19
"11409";3;4;6;9;10;13;13;13;13
"11410";3;4;6;9;10;13;13;13;13
"11411";3;4;6;9;10;12;15;16;19
"11412";3;5;5;5;5;5;5;5;5
"11413";3;5;5;5;5;5;5;5;5
"11414";3;4;6;9;10;12;15;16;19
"11415";3;4;6;9;10;12;15;16;19
"11416";3;4;6;9;10;12;15;16;19
"11417";3;4;6;9;10;12;15;16;19
"11418";3;4;6;9;10;12;15;16;19
"11419";3;4;6;9;10;12;15;16;19
"11420";3;4;6;9;10;12;15;16;19
"11421";3;4;6;9;10;13;13;13;13
"11422";3;4;6;9;10;13;13;13;13
"11423";3;4;6;9;10;12;15;16;19
"11424";3;4;6;9;10;12;15;16;19
"11425";3;4;6;9;10;12;15;16;19
"11426";3;4;6;9;10;12;15;16;19
"11427";3;4;6;9;10;12;15;16;19
"11428";3;4;6;9;10;12;15;16;19
"11429";3;4;6;9;10;12;15;16;19
"11430";3;4;6;9;10;13;13;13;13
"11431";3;4;6;9;10;13;13;13;13
"11432";3;4;6;9;10;12;15;16;19
"11433";3;4;6;9;10;13;13;13;13
"11434";3;4;6;8;8;8;8;8;8
"11435";3;4;6;8;8;8;8;8;8
"11436";3;4;6;9;10;12;15;16;19
"11437";3;4;6;9;10;12;15;16;19
"11438";3;4;6;9;10;12;15;16;19
"11439";3;4;6;9;10;12;15;16;19
"11440";3;4;7;7;7;7;7;7;7
"11441";3;4;7;7;7;7;7;7;7
"11442";3;4;6;9;10;12;15;16;19
"11443";3;4;6;9;10;12;15;16;19
"11444";3;4;6;9;10;12;15;16;19
"11445";3;4;6;9;10;12;15;16;19
"11446";3;4;6;9;10;12;15;16;19
"11447";3;4;6;9;10;12;15;16;19
"11448";3;4;7;7;7;7;7;7;7
"11449";3;4;6;9;10;12;15;16;19
"11450";3;4;7;7;7;7;7;7;7
"11451";3;4;6;9;10;12;15;16;19
"11452";3;5;5;5;5;5;5;5;5
"11453";3;5;5;5;5;5;5;5;5
"11454";3;4;6;9;10;12;15;16;19
"11455";3;4;6;9;10;12;15;16;19
"11456";3;4;6;9;10;12;15;16;19
"11457";3;4;6;9;10;12;15;16;19
"11458";3;4;6;9;10;12;15;16;19
"11459";3;4;6;8;8;8;8;8;8
"11460";3;5;5;5;5;5;5;5;5
"11461";3;4;6;9;10;13;13;13;13
"11462";3;4;6;8;8;8;8;8;8
"11463";3;4;6;8;8;8;8;8;8
"11464";3;4;6;8;8;8;8;8;8
"11465";3;4;6;9;10;12;15;16;19
"11466";3;4;6;8;8;8;8;8;8
"11467";3;4;6;9;10;12;15;16;19
"11468";3;4;6;9;10;12;15;16;19
"11469";3;4;6;9;10;12;15;16;19
"11470";3;4;6;9;10;12;15;16;19
"11471";3;4;6;9;10;12;15;16;19
"11472";3;4;6;9;10;13;13;13;13
"11473";3;4;6;8;8;8;8;8;8
"11474";3;4;6;8;8;8;8;8;8
"11475";3;4;6;9;10;12;15;16;19
"11476";3;4;6;8;8;8;8;8;8
"11477";3;4;7;7;7;7;7;7;7
"11478";3;4;6;8;8;8;8;8;8
"11479";3;4;6;9;10;12;15;16;19
"11480";3;4;6;9;10;12;15;16;19
"11481";3;4;6;9;10;12;15;16;19
"11482";3;4;6;9;10;12;15;16;19
"11483";3;4;6;9;10;12;15;16;19
"11484";3;4;6;9;10;12;15;16;19
"11485";3;4;6;9;10;12;15;16;19
"11486";3;4;6;9;10;12;15;16;19
"11487";3;4;6;9;10;12;15;16;19
"11488";3;5;5;5;5;5;5;5;5
"11489";3;4;6;9;10;12;15;16;19
"11490";3;4;6;9;10;12;15;16;19
"11491";3;4;6;9;10;12;15;16;19
"11492";3;4;6;9;10;12;15;16;19
"11493";3;4;6;9;10;12;15;16;19
"11494";3;4;6;9;10;12;15;16;19
"11495";3;4;6;9;10;12;15;16;19
"11496";3;4;6;9;10;12;15;16;19
"11497";3;4;6;8;8;8;8;8;8
"11498";3;4;6;9;10;12;15;16;19
"11499";3;4;6;9;10;12;15;16;19
"11500";3;4;6;9;10;12;15;16;19
"11501";3;4;6;9;10;12;15;16;19
"11502";3;4;6;9;10;12;15;16;19
"11503";3;4;6;9;10;12;15;16;19
"11504";3;4;6;9;10;12;15;16;19
"11505";3;4;6;9;10;12;15;16;19
"11506";3;4;6;9;10;12;15;16;19
"11507";3;4;6;9;10;12;15;16;19
"11508";3;4;6;9;10;12;15;16;19
"11509";3;4;6;9;10;12;15;16;19
"11510";3;4;6;9;10;12;15;16;19
"11511";3;4;6;9;10;12;15;16;19
"11512";3;4;6;9;10;12;15;16;19
"11513";3;4;6;9;10;12;15;16;19
"11514";3;4;6;9;10;12;15;16;19
"11515";3;4;6;9;10;12;15;16;19
"11516";3;4;6;9;10;12;15;16;19
"11517";3;4;6;9;10;12;15;16;19
"11518";3;4;6;9;10;13;13;13;13
"11519";3;4;6;9;10;12;15;16;19
"11520";3;4;6;9;10;12;15;16;19
"11521";3;4;6;9;10;12;15;16;19
"11522";3;4;6;9;10;12;15;16;19
"11523";3;4;6;9;10;12;15;16;19
"11524";3;4;6;9;10;12;15;16;19
"11525";3;4;6;9;10;12;15;16;19
"11526";3;4;6;9;10;12;15;16;19
"11527";3;4;6;8;8;8;8;8;8
"11528";3;4;6;8;8;8;8;8;8
"11529";3;4;6;8;8;8;8;8;8
"11530";3;4;6;8;8;8;8;8;8
"11531";3;5;5;5;5;5;5;5;5
"11532";3;4;6;8;8;8;8;8;8
"11533";3;4;6;8;8;8;8;8;8
"11534";3;4;6;8;8;8;8;8;8
"11535";3;4;6;8;8;8;8;8;8
"11536";3;4;6;8;8;8;8;8;8
"11537";3;4;6;8;8;8;8;8;8
"11538";3;4;6;8;8;8;8;8;8
"11539";3;4;6;8;8;8;8;8;8
"11540";3;4;6;8;8;8;8;8;8
"11541";3;4;6;8;8;8;8;8;8
"11542";3;4;6;8;8;8;8;8;8
"11543";3;4;6;8;8;8;8;8;8
"11544";3;4;6;9;10;12;15;16;19
"11545";3;4;6;8;8;8;8;8;8
"11546";3;4;6;8;8;8;8;8;8
"11547";3;4;6;8;8;8;8;8;8
"11548";3;4;6;8;8;8;8;8;8
"11549";3;4;6;9;10;12;15;16;19
"11550";3;4;6;8;8;8;8;8;8
"11551";3;4;6;8;8;8;8;8;8
"11552";3;4;6;8;8;8;8;8;8
"11553";3;4;6;8;8;8;8;8;8
"11554";3;4;6;9;10;12;15;16;19
"11555";3;4;6;9;10;12;15;16;19
"11556";3;4;6;8;8;8;8;8;8
"11557";3;4;6;9;10;12;15;16;19
"11558";3;4;6;8;8;8;8;8;8
"11559";3;4;6;9;10;12;15;16;19
"11560";3;4;6;8;8;8;8;8;8
"11561";3;4;6;9;10;12;15;16;19
"11562";3;4;6;8;8;8;8;8;8
"11563";3;4;6;8;8;8;8;8;8
"11564";3;4;6;9;10;12;15;16;19
"11565";3;4;6;9;10;12;15;16;19
"11566";3;4;6;9;10;12;15;16;19
"11567";3;4;6;9;10;12;15;16;19
"11568";3;4;7;7;7;7;7;7;7
"11569";3;4;6;8;8;8;8;8;8
"11570";3;4;6;8;8;8;8;8;8
"11571";3;4;6;9;10;12;15;16;19
"11572";3;4;6;8;8;8;8;8;8
"11573";3;4;6;9;10;12;15;16;19
"11574";3;4;6;9;10;12;15;16;19
"11575";3;4;6;8;8;8;8;8;8
"11576";3;4;6;8;8;8;8;8;8
"11577";3;4;6;9;10;12;15;16;19
"11578";3;4;6;9;10;12;15;16;19
"11579";3;4;6;8;8;8;8;8;8
"11580";3;4;6;8;8;8;8;8;8
"11581";3;4;6;8;8;8;8;8;8
"11582";3;4;6;8;8;8;8;8;8
"11583";3;4;6;8;8;8;8;8;8
"11584";3;4;6;8;8;8;8;8;8
"11585";3;4;6;8;8;8;8;8;8
"11586";3;4;6;8;8;8;8;8;8
"11587";3;4;6;8;8;8;8;8;8
"11588";3;4;6;8;8;8;8;8;8
"11589";3;4;6;8;8;8;8;8;8
"11590";3;4;6;9;10;12;15;16;19
"11591";3;4;6;9;10;12;15;16;19
"11592";3;4;6;9;10;12;15;16;19
"11593";3;4;6;8;8;8;8;8;8
"11594";3;4;6;8;8;8;8;8;8
"11595";3;5;5;5;5;5;5;5;5
"11596";3;4;6;9;10;12;15;16;19
"11597";3;4;6;8;8;8;8;8;8
"11598";3;4;6;8;8;8;8;8;8
"11599";3;4;6;8;8;8;8;8;8
"11600";3;4;6;8;8;8;8;8;8
"11601";3;4;6;8;8;8;8;8;8
"11602";3;4;6;8;8;8;8;8;8
"11603";3;4;6;9;10;12;15;16;19
"11604";3;4;6;8;8;8;8;8;8
"11605";3;4;6;8;8;8;8;8;8
"11606";3;4;6;8;8;8;8;8;8
"11607";3;4;6;9;10;12;15;16;19
"11608";3;5;5;5;5;5;5;5;5
"11609";3;4;7;7;7;7;7;7;7
"11610";3;4;6;9;10;12;15;16;19
"11611";3;4;7;7;7;7;7;7;7
"11612";3;4;7;7;7;7;7;7;7
"11613";3;4;7;7;7;7;7;7;7
"11614";3;4;7;7;7;7;7;7;7
"11615";3;4;7;7;7;7;7;7;7
"11616";3;4;7;7;7;7;7;7;7
"11617";3;4;7;7;7;7;7;7;7
"11618";3;4;6;9;10;12;15;16;19
"11619";3;4;7;7;7;7;7;7;7
"11620";3;4;7;7;7;7;7;7;7
"11621";3;4;7;7;7;7;7;7;7
"11622";3;5;5;5;5;5;5;5;5
"11623";3;4;6;9;10;12;15;16;19
"11624";3;4;6;8;8;8;8;8;8
"11625";3;4;6;8;8;8;8;8;8
"11626";3;4;6;8;8;8;8;8;8
"11627";3;5;5;5;5;5;5;5;5
"11628";3;4;6;8;8;8;8;8;8
"11629";3;4;6;8;8;8;8;8;8
"11630";3;4;6;8;8;8;8;8;8
"11631";3;5;5;5;5;5;5;5;5
"11632";3;4;6;9;10;12;15;16;19
"11633";3;4;6;9;10;12;15;16;19
"11634";3;4;6;9;10;12;15;16;19
"11635";3;4;6;9;10;12;15;16;19
"11636";3;4;6;8;8;8;8;8;8
"11637";3;4;6;9;10;12;15;16;19
"11638";3;5;5;5;5;5;5;5;5
"11639";3;4;7;7;7;7;7;7;7
"11640";3;4;6;8;8;8;8;8;8
"11641";3;4;6;9;10;12;15;16;19
"11642";3;4;6;9;10;12;15;16;19
"11643";3;4;6;9;10;12;15;16;19
"11644";3;4;6;9;10;12;15;16;19
"11645";3;4;6;9;10;12;15;16;19
"11646";3;4;6;9;10;12;15;16;19
"11647";3;4;6;9;10;12;15;16;19
"11648";3;4;7;7;7;7;7;7;7
"11649";3;4;6;9;10;12;15;16;19
"11650";3;4;6;8;8;8;8;8;8
"11651";3;4;6;9;10;12;15;16;19
"11652";3;4;6;9;10;12;15;16;19
"11653";3;4;6;8;8;8;8;8;8
"11654";3;4;6;9;10;12;15;16;19
"11655";3;4;6;8;8;8;8;8;8
"11656";3;4;6;9;10;12;15;16;19
"11657";3;4;6;9;10;12;15;16;19
"11658";3;4;6;8;8;8;8;8;8
"11659";3;4;6;8;8;8;8;8;8
"11660";3;4;6;8;8;8;8;8;8
"11661";3;4;6;9;10;12;15;16;19
"11662";3;4;7;7;7;7;7;7;7
"11663";3;4;6;9;10;12;15;16;19
"11664";3;4;6;9;10;12;15;16;19
"11665";3;4;7;7;7;7;7;7;7
"11666";3;4;6;9;10;12;15;16;19
"11667";3;4;6;9;10;13;13;13;13
"11668";3;4;7;7;7;7;7;7;7
"11669";3;4;7;7;7;7;7;7;7
"11670";3;4;6;9;10;12;15;16;19
"11671";3;4;6;9;10;12;15;16;18
"11672";3;4;6;9;10;12;15;16;19
"11673";3;4;6;9;10;12;15;16;19
"11674";3;4;6;9;10;12;15;16;19
"11675";3;4;7;7;7;7;7;7;7
"11676";3;4;7;7;7;7;7;7;7
"11677";3;4;7;7;7;7;7;7;7
"11678";3;4;6;9;10;13;13;13;13
"11679";3;4;6;9;10;12;15;16;19
"11680";3;4;6;9;10;13;13;13;13
"11681";3;4;6;9;10;12;15;16;19
"11682";3;4;6;9;10;12;15;16;19
"11683";3;4;6;9;10;12;15;16;19
"11684";3;4;6;9;10;12;15;16;19
"11685";3;4;6;9;10;12;15;16;19
"11686";3;4;7;7;7;7;7;7;7
"11687";3;4;6;8;8;8;8;8;8
"11688";3;4;7;7;7;7;7;7;7
"11689";3;4;6;9;10;12;15;16;19
"11690";3;4;6;8;8;8;8;8;8
"11691";3;4;6;8;8;8;8;8;8
"11692";3;4;6;8;8;8;8;8;8
"11693";3;5;5;5;5;5;5;5;5
"11694";3;5;5;5;5;5;5;5;5
"11695";3;5;5;5;5;5;5;5;5
"11696";3;4;6;8;8;8;8;8;8
"11697";3;5;5;5;5;5;5;5;5
"11698";3;5;5;5;5;5;5;5;5
"11699";3;5;5;5;5;5;5;5;5
"11700";3;4;6;8;8;8;8;8;8
"11701";3;5;5;5;5;5;5;5;5
"11702";3;5;5;5;5;5;5;5;5
"11703";3;5;5;5;5;5;5;5;5
"11704";3;4;6;9;10;12;15;16;19
"11705";3;4;6;8;8;8;8;8;8
"11706";3;4;6;8;8;8;8;8;8
"11707";3;4;6;8;8;8;8;8;8
"11708";3;5;5;5;5;5;5;5;5
"11709";3;4;6;8;8;8;8;8;8
"11710";3;4;6;8;8;8;8;8;8
"11711";3;4;6;8;8;8;8;8;8
"11712";3;4;6;8;8;8;8;8;8
"11713";3;4;6;8;8;8;8;8;8
"11714";3;4;6;9;10;12;15;16;19
"11715";3;4;6;8;8;8;8;8;8
"11716";3;5;5;5;5;5;5;5;5
"11717";3;5;5;5;5;5;5;5;5
"11718";3;4;6;8;8;8;8;8;8
"11719";3;4;6;8;8;8;8;8;8
"11720";3;4;6;8;8;8;8;8;8
"11721";3;4;6;9;10;12;15;16;19
"11722";3;4;6;9;10;12;15;16;19
"11723";3;4;6;8;8;8;8;8;8
"11724";3;4;6;8;8;8;8;8;8
"11725";3;4;6;8;8;8;8;8;8
"11726";3;4;6;8;8;8;8;8;8
"11727";3;4;6;9;10;12;15;16;19
"11728";3;4;6;9;10;12;15;16;19
"11729";3;4;6;8;8;8;8;8;8
"11730";3;4;6;8;8;8;8;8;8
"11731";3;4;6;8;8;8;8;8;8
"11732";3;4;6;8;8;8;8;8;8
"11733";3;4;6;9;10;12;15;16;19
"11734";3;4;6;9;10;12;15;16;19
"11735";3;4;6;8;8;8;8;8;8
"11736";3;4;6;8;8;8;8;8;8
"11737";3;4;6;9;10;12;15;16;19
"11738";3;4;6;9;10;12;15;16;19
"11739";3;4;6;9;10;12;15;16;19
"11740";3;4;6;9;10;12;15;16;19
"11741";3;4;6;8;8;8;8;8;8
"11742";3;4;6;8;8;8;8;8;8
"11743";3;4;6;8;8;8;8;8;8
"11744";3;4;6;8;8;8;8;8;8
"11745";3;4;6;8;8;8;8;8;8
"11746";3;4;6;8;8;8;8;8;8
"11747";3;4;6;8;8;8;8;8;8
"11748";3;4;6;9;10;12;15;16;19
"11749";3;4;6;8;8;8;8;8;8
"11750";3;4;6;8;8;8;8;8;8
"11751";3;5;5;5;5;5;5;5;5
"11752";3;5;5;5;5;5;5;5;5
"11753";3;4;6;9;10;12;15;16;19
"11754";3;4;6;9;10;12;15;16;19
"11755";3;4;6;9;10;12;15;16;19
"11756";3;4;6;8;8;8;8;8;8
"11757";3;4;6;8;8;8;8;8;8
"11758";3;4;6;9;10;12;15;16;19
"11759";3;4;6;9;10;12;15;16;19
"11760";3;4;6;9;10;12;15;16;19
"11761";3;4;6;9;10;12;15;16;19
"11762";3;4;6;9;10;12;15;16;19
"11763";3;4;6;8;8;8;8;8;8
"11764";3;4;6;9;10;12;15;16;19
"11765";3;4;6;9;10;12;15;16;19
"11766";3;4;6;9;10;12;15;16;19
"11767";3;4;6;8;8;8;8;8;8
"11768";3;4;6;9;10;12;15;16;19
"11769";3;4;6;8;8;8;8;8;8
"11770";3;4;6;8;8;8;8;8;8
"11771";3;4;6;8;8;8;8;8;8
"11772";3;4;6;8;8;8;8;8;8
"11773";3;4;6;9;10;12;15;16;19
"11774";3;4;6;9;10;12;15;16;19
"11775";3;4;6;9;10;12;15;16;19
"11776";3;4;6;9;10;12;15;16;19
"11777";3;4;6;9;10;12;15;16;19
"11778";3;4;6;8;8;8;8;8;8
"11779";3;5;5;5;5;5;5;5;5
"11780";3;4;6;9;10;12;15;16;19
"11781";3;4;6;8;8;8;8;8;8
"11782";3;4;6;9;10;12;15;16;19
"11783";3;4;6;9;10;12;15;16;19
"11784";3;4;6;9;10;12;15;16;19
"11785";3;4;6;9;10;12;15;16;19
"11786";3;4;6;9;10;12;15;16;19
"11787";3;4;6;9;10;12;15;16;19
"11788";3;4;6;9;10;12;15;16;19
"11789";3;4;6;8;8;8;8;8;8
"11790";3;4;6;9;10;12;15;16;19
"11791";3;4;6;9;10;12;15;16;19
"11792";3;4;6;9;10;12;15;16;19
"11793";3;4;6;9;10;12;15;16;19
"11794";3;4;6;8;8;8;8;8;8
"11795";3;4;6;8;8;8;8;8;8
"11796";3;4;6;9;10;12;15;16;19
"11797";3;4;6;8;8;8;8;8;8
"11798";3;4;6;8;8;8;8;8;8
"11799";3;4;6;9;10;12;15;16;19
"11800";3;4;6;8;8;8;8;8;8
"11801";3;4;6;8;8;8;8;8;8
"11802";3;4;6;8;8;8;8;8;8
"11803";3;4;6;8;8;8;8;8;8
"11804";3;4;6;9;10;12;15;16;19
"11805";3;4;6;8;8;8;8;8;8
"11806";3;4;6;8;8;8;8;8;8
"11807";3;4;6;8;8;8;8;8;8
"11808";3;4;6;8;8;8;8;8;8
"11809";3;4;6;8;8;8;8;8;8
"11810";3;4;6;9;10;12;15;16;19
"11811";3;4;6;9;10;13;13;13;13
"11812";3;4;6;8;8;8;8;8;8
"11813";3;5;5;5;5;5;5;5;5
"11814";3;4;6;9;10;12;15;16;19
"11815";3;4;6;8;8;8;8;8;8
"11816";3;4;6;8;8;8;8;8;8
"11817";3;4;6;9;10;13;13;13;13
"11818";3;4;6;9;10;12;15;16;19
"11819";3;4;6;8;8;8;8;8;8
"11820";3;4;6;8;8;8;8;8;8
"11821";3;4;6;8;8;8;8;8;8
"11822";3;4;6;8;8;8;8;8;8
"11823";3;4;6;8;8;8;8;8;8
"11824";3;4;6;8;8;8;8;8;8
"11825";3;4;6;8;8;8;8;8;8
"11826";3;4;6;8;8;8;8;8;8
"11827";3;4;6;8;8;8;8;8;8
"11828";3;4;6;8;8;8;8;8;8
"11829";3;4;6;8;8;8;8;8;8
"11830";3;4;6;9;10;12;15;16;19
"11831";3;4;6;8;8;8;8;8;8
"11832";3;4;6;8;8;8;8;8;8
"11833";3;4;6;8;8;8;8;8;8
"11834";3;4;6;8;8;8;8;8;8
"11835";3;4;6;8;8;8;8;8;8
"11836";3;5;5;5;5;5;5;5;5
"11837";3;4;6;8;8;8;8;8;8
"11838";3;4;6;8;8;8;8;8;8
"11839";3;4;6;9;10;12;15;16;19
"11840";3;4;6;8;8;8;8;8;8
"11841";3;4;6;8;8;8;8;8;8
"11842";3;4;6;8;8;8;8;8;8
"11843";3;4;6;9;10;12;15;16;19
"11844";3;4;6;9;10;12;15;16;19
"11845";3;4;6;8;8;8;8;8;8
"11846";3;4;6;9;10;12;15;16;19
"11847";3;4;6;9;10;12;15;16;19
"11848";3;4;6;8;8;8;8;8;8
"11849";3;4;6;8;8;8;8;8;8
"11850";3;4;6;8;8;8;8;8;8
"11851";3;4;6;8;8;8;8;8;8
"11852";3;4;6;9;10;12;15;16;19
"11853";3;4;6;9;10;12;15;16;19
"11854";3;4;6;8;8;8;8;8;8
"11855";3;4;6;8;8;8;8;8;8
"11856";3;5;5;5;5;5;5;5;5
"11857";3;4;6;8;8;8;8;8;8
"11858";3;4;6;9;10;12;15;16;19
"11859";3;4;6;8;8;8;8;8;8
"11860";3;4;6;8;8;8;8;8;8
"11861";3;4;6;8;8;8;8;8;8
"11862";3;4;6;9;10;12;15;16;19
"11863";3;4;7;7;7;7;7;7;7
"11864";3;4;6;9;10;12;15;16;19
"11865";3;4;6;9;10;12;15;16;19
"11866";3;4;6;9;10;12;15;16;19
"11867";3;4;6;9;10;12;15;16;19
"11868";3;4;6;8;8;8;8;8;8
"11869";3;4;6;9;10;12;15;16;19
"11870";3;4;6;9;10;12;15;16;19
"11871";3;4;6;9;10;12;15;16;19
"11872";3;4;6;8;8;8;8;8;8
"11873";3;4;6;9;10;12;15;16;19
"11874";3;4;6;8;8;8;8;8;8
"11875";3;4;6;9;10;12;15;16;19
"11876";3;4;6;9;10;12;15;16;19
"11877";3;4;6;9;10;12;15;16;19
"11878";3;4;6;9;10;12;15;16;19
"11879";3;4;7;7;7;7;7;7;7
"11880";3;4;6;9;10;12;15;16;19
"11881";3;4;6;9;10;13;13;13;13
"11882";3;4;6;8;8;8;8;8;8
"11883";3;4;6;9;10;12;15;16;19
"11884";3;4;6;9;10;12;15;16;19
"11885";3;4;6;8;8;8;8;8;8
"11886";3;4;6;8;8;8;8;8;8
"11887";3;4;6;9;10;13;13;13;13
"11888";3;4;6;9;10;12;15;16;19
"11889";3;4;6;8;8;8;8;8;8
"11890";3;4;6;9;10;12;15;16;19
"11891";3;4;6;8;8;8;8;8;8
"11892";3;4;6;9;10;12;15;16;19
"11893";3;4;6;9;10;12;15;16;19
"11894";3;4;6;8;8;8;8;8;8
"11895";3;5;5;5;5;5;5;5;5
"11896";3;4;6;9;10;12;15;16;19
"11897";3;4;6;9;10;12;15;16;19
"11898";3;4;6;8;8;8;8;8;8
"11899";3;4;6;9;10;12;15;16;19
"11900";3;4;6;9;10;12;15;16;19
"11901";3;4;6;9;10;12;15;16;19
"11902";3;4;6;9;10;12;15;16;19
"11903";3;4;6;9;10;12;15;16;19
"11904";3;4;6;9;10;12;15;16;19
"11905";3;4;6;9;10;12;15;16;19
"11906";3;4;6;8;8;8;8;8;8
"11907";3;4;6;9;10;12;15;16;19
"11908";3;4;6;9;10;12;15;16;19
"11909";3;4;6;9;10;12;15;16;19
"11910";3;4;6;9;10;12;15;16;19
"11911";3;4;6;9;10;12;15;16;19
"11912";3;4;6;9;10;12;15;16;19
"11913";3;4;6;9;10;12;15;16;19
"11914";3;4;6;8;8;8;8;8;8
"11915";3;4;6;9;10;12;15;16;19
"11916";3;4;6;9;10;12;15;16;19
"11917";3;4;6;8;8;8;8;8;8
"11918";3;4;6;9;10;12;15;16;19
"11919";3;4;6;9;10;12;15;16;19
"11920";3;4;6;9;10;12;15;16;19
"11921";3;4;6;9;10;13;13;13;13
"11922";3;4;6;9;10;12;15;16;19
"11923";3;4;6;9;10;12;15;16;19
"11924";3;4;7;7;7;7;7;7;7
"11925";3;4;6;9;10;12;15;16;19
"11926";3;4;7;7;7;7;7;7;7
"11927";3;4;7;7;7;7;7;7;7
"11928";3;4;6;9;10;12;15;16;19
"11929";3;4;7;7;7;7;7;7;7
"11930";3;4;7;7;7;7;7;7;7
"11931";3;4;7;7;7;7;7;7;7
"11932";3;4;7;7;7;7;7;7;7
"11933";3;4;6;9;10;12;15;16;19
"11934";3;4;7;7;7;7;7;7;7
"11935";3;4;7;7;7;7;7;7;7
"11936";3;4;7;7;7;7;7;7;7
"11937";3;4;7;7;7;7;7;7;7
"11938";3;4;7;7;7;7;7;7;7
"11939";3;4;7;7;7;7;7;7;7
"11940";3;4;7;7;7;7;7;7;7
"11941";3;4;7;7;7;7;7;7;7
"11942";3;4;7;7;7;7;7;7;7
"11943";3;4;7;7;7;7;7;7;7
"11944";3;4;7;7;7;7;7;7;7
"11945";3;4;7;7;7;7;7;7;7
"11946";3;4;7;7;7;7;7;7;7
"11947";3;4;7;7;7;7;7;7;7
"11948";3;4;7;7;7;7;7;7;7
"11949";3;4;7;7;7;7;7;7;7
"11950";3;4;7;7;7;7;7;7;7
"11951";3;4;7;7;7;7;7;7;7
"11952";3;4;7;7;7;7;7;7;7
"11953";3;4;7;7;7;7;7;7;7
"11954";3;4;7;7;7;7;7;7;7
"11955";3;4;7;7;7;7;7;7;7
"11956";3;4;7;7;7;7;7;7;7
"11957";3;4;7;7;7;7;7;7;7
"11958";3;4;7;7;7;7;7;7;7
"11959";3;4;6;9;10;12;15;16;18
"11960";3;4;7;7;7;7;7;7;7
"11961";3;4;7;7;7;7;7;7;7
"11962";3;4;7;7;7;7;7;7;7
"11963";3;4;7;7;7;7;7;7;7
"11964";3;4;7;7;7;7;7;7;7
"11965";3;4;7;7;7;7;7;7;7
"11966";3;4;7;7;7;7;7;7;7
"11967";3;4;7;7;7;7;7;7;7
"11968";3;4;7;7;7;7;7;7;7
"11969";3;4;7;7;7;7;7;7;7
"11970";3;4;7;7;7;7;7;7;7
"11971";3;4;7;7;7;7;7;7;7
"11972";3;4;7;7;7;7;7;7;7
"11973";3;4;7;7;7;7;7;7;7
"11974";3;4;7;7;7;7;7;7;7
"11975";3;4;7;7;7;7;7;7;7
"11976";3;4;7;7;7;7;7;7;7
"11977";3;4;7;7;7;7;7;7;7
"11978";3;4;7;7;7;7;7;7;7
"11979";3;4;7;7;7;7;7;7;7
"11980";3;4;7;7;7;7;7;7;7
"11981";3;4;7;7;7;7;7;7;7
"11982";3;4;7;7;7;7;7;7;7
"11983";3;4;7;7;7;7;7;7;7
"11984";3;4;7;7;7;7;7;7;7
"11985";3;4;7;7;7;7;7;7;7
"11986";3;4;7;7;7;7;7;7;7
"11987";3;4;7;7;7;7;7;7;7
"11988";3;4;7;7;7;7;7;7;7
"11989";3;4;7;7;7;7;7;7;7
"11990";3;4;7;7;7;7;7;7;7
"11991";3;4;7;7;7;7;7;7;7
"11992";3;4;7;7;7;7;7;7;7
"11993";3;4;7;7;7;7;7;7;7
"11994";3;4;7;7;7;7;7;7;7
"11995";3;4;7;7;7;7;7;7;7
"11996";3;4;7;7;7;7;7;7;7
"11997";3;4;7;7;7;7;7;7;7
"11998";3;4;7;7;7;7;7;7;7
"11999";3;4;7;7;7;7;7;7;7
"12000";3;4;7;7;7;7;7;7;7
"12001";3;4;7;7;7;7;7;7;7
"12002";3;4;7;7;7;7;7;7;7
"12003";3;4;7;7;7;7;7;7;7
"12004";3;4;7;7;7;7;7;7;7
"12005";3;4;7;7;7;7;7;7;7
"12006";3;4;7;7;7;7;7;7;7
"12007";3;4;7;7;7;7;7;7;7
"12008";3;4;7;7;7;7;7;7;7
"12009";3;4;7;7;7;7;7;7;7
"12010";3;4;7;7;7;7;7;7;7
"12011";3;4;7;7;7;7;7;7;7
"12012";3;4;6;9;10;12;15;16;19
"12013";3;4;7;7;7;7;7;7;7
"12014";3;4;7;7;7;7;7;7;7
"12015";3;4;7;7;7;7;7;7;7
"12016";3;4;7;7;7;7;7;7;7
"12017";3;4;7;7;7;7;7;7;7
"12018";3;4;7;7;7;7;7;7;7
"12019";3;4;7;7;7;7;7;7;7
"12020";3;4;7;7;7;7;7;7;7
"12021";3;4;7;7;7;7;7;7;7
"12022";3;4;7;7;7;7;7;7;7
"12023";3;4;7;7;7;7;7;7;7
"12024";3;4;6;9;10;12;15;16;19
"12025";3;4;7;7;7;7;7;7;7
"12026";3;4;7;7;7;7;7;7;7
"12027";3;4;7;7;7;7;7;7;7
"12028";3;4;7;7;7;7;7;7;7
"12029";3;4;6;9;10;12;15;16;19
"12030";3;4;7;7;7;7;7;7;7
"12031";3;4;6;9;10;12;15;16;19
"12032";3;4;7;7;7;7;7;7;7
"12033";3;4;7;7;7;7;7;7;7
"12034";3;4;7;7;7;7;7;7;7
"12035";3;4;6;9;10;12;15;16;19
"12036";3;4;7;7;7;7;7;7;7
"12037";3;4;7;7;7;7;7;7;7
"12038";3;4;7;7;7;7;7;7;7
"12039";3;4;7;7;7;7;7;7;7
"12040";3;4;7;7;7;7;7;7;7
"12041";3;4;7;7;7;7;7;7;7
"12042";3;4;7;7;7;7;7;7;7
"12043";3;4;6;9;10;12;15;16;19
"12044";3;4;7;7;7;7;7;7;7
"12045";3;4;7;7;7;7;7;7;7
"12046";3;4;7;7;7;7;7;7;7
"12047";3;4;7;7;7;7;7;7;7
"12048";3;4;7;7;7;7;7;7;7
"12049";3;4;7;7;7;7;7;7;7
"12050";3;4;7;7;7;7;7;7;7
"12051";3;4;7;7;7;7;7;7;7
"12052";3;4;7;7;7;7;7;7;7
"12053";3;4;7;7;7;7;7;7;7
"12054";3;4;7;7;7;7;7;7;7
"12055";3;4;7;7;7;7;7;7;7
"12056";3;4;7;7;7;7;7;7;7
"12057";3;4;7;7;7;7;7;7;7
"12058";3;4;7;7;7;7;7;7;7
"12059";3;4;7;7;7;7;7;7;7
"12060";3;4;7;7;7;7;7;7;7
"12061";3;4;7;7;7;7;7;7;7
"12062";3;4;7;7;7;7;7;7;7
"12063";3;4;6;9;10;12;15;16;19
"12064";3;4;7;7;7;7;7;7;7
"12065";3;4;7;7;7;7;7;7;7
"12066";3;4;7;7;7;7;7;7;7
"12067";3;4;7;7;7;7;7;7;7
"12068";3;4;6;9;10;12;15;16;19
"12069";3;4;7;7;7;7;7;7;7
"12070";3;4;7;7;7;7;7;7;7
"12071";3;4;7;7;7;7;7;7;7
"12072";3;4;7;7;7;7;7;7;7
"12073";3;4;6;9;10;12;15;16;19
"12074";3;4;7;7;7;7;7;7;7
"12075";3;4;7;7;7;7;7;7;7
"12076";3;4;7;7;7;7;7;7;7
"12077";3;4;7;7;7;7;7;7;7
"12078";3;4;7;7;7;7;7;7;7
"12079";3;4;7;7;7;7;7;7;7
"12080";3;4;7;7;7;7;7;7;7
"12081";3;4;7;7;7;7;7;7;7
"12082";3;4;7;7;7;7;7;7;7
"12083";3;4;7;7;7;7;7;7;7
"12084";3;4;7;7;7;7;7;7;7
"12085";3;4;7;7;7;7;7;7;7
"12086";3;4;7;7;7;7;7;7;7
"12087";3;4;7;7;7;7;7;7;7
"12088";3;4;7;7;7;7;7;7;7
"12089";3;4;6;9;10;12;15;16;19
"12090";3;4;7;7;7;7;7;7;7
"12091";3;4;6;9;10;13;13;13;13
"12092";3;4;7;7;7;7;7;7;7
"12093";3;4;7;7;7;7;7;7;7
"12094";3;4;7;7;7;7;7;7;7
"12095";3;4;7;7;7;7;7;7;7
"12096";3;4;7;7;7;7;7;7;7
"12097";3;4;7;7;7;7;7;7;7
"12098";3;4;7;7;7;7;7;7;7
"12099";3;4;7;7;7;7;7;7;7
"12100";3;4;7;7;7;7;7;7;7
"12101";3;4;6;9;10;12;15;16;19
"12102";3;4;7;7;7;7;7;7;7
"12103";3;4;7;7;7;7;7;7;7
"12104";3;4;7;7;7;7;7;7;7
"12105";3;4;7;7;7;7;7;7;7
"12106";3;4;6;9;10;12;15;16;19
"12107";3;4;7;7;7;7;7;7;7
"12108";3;4;6;9;10;12;15;16;19
"12109";3;4;7;7;7;7;7;7;7
"12110";3;4;6;9;10;12;15;16;19
"12111";3;4;7;7;7;7;7;7;7
"12112";3;4;7;7;7;7;7;7;7
"12113";3;4;6;9;10;12;15;16;19
"12114";3;4;7;7;7;7;7;7;7
"12115";3;4;7;7;7;7;7;7;7
"12116";3;4;7;7;7;7;7;7;7
"12117";3;4;7;7;7;7;7;7;7
"12118";3;4;7;7;7;7;7;7;7
"12119";3;4;7;7;7;7;7;7;7
"12120";3;4;7;7;7;7;7;7;7
"12121";3;4;7;7;7;7;7;7;7
"12122";3;4;7;7;7;7;7;7;7
"12123";3;4;7;7;7;7;7;7;7
"12124";3;4;7;7;7;7;7;7;7
"12125";3;4;7;7;7;7;7;7;7
"12126";3;4;7;7;7;7;7;7;7
"12127";3;4;7;7;7;7;7;7;7
"12128";3;4;6;9;10;12;15;16;19
"12129";3;4;7;7;7;7;7;7;7
"12130";3;4;7;7;7;7;7;7;7
"12131";3;4;6;9;10;12;15;16;19
"12132";3;4;6;9;10;12;15;16;18
"12133";3;4;6;9;10;12;15;16;19
"12134";3;4;6;8;8;8;8;8;8
"12135";3;4;6;9;10;12;15;16;18
"12136";3;4;7;7;7;7;7;7;7
"12137";3;4;7;7;7;7;7;7;7
"12138";3;4;7;7;7;7;7;7;7
"12139";3;4;6;9;10;12;15;16;19
"12140";3;4;6;9;10;12;15;16;19
"12141";3;4;6;9;10;12;15;16;19
"12142";3;4;7;7;7;7;7;7;7
"12143";3;4;7;7;7;7;7;7;7
"12144";3;4;7;7;7;7;7;7;7
"12145";3;4;7;7;7;7;7;7;7
"12146";3;4;7;7;7;7;7;7;7
"12147";3;4;7;7;7;7;7;7;7
"12148";3;4;7;7;7;7;7;7;7
"12149";3;4;7;7;7;7;7;7;7
"12150";3;4;7;7;7;7;7;7;7
"12151";3;4;7;7;7;7;7;7;7
"12152";3;4;7;7;7;7;7;7;7
"12153";3;4;7;7;7;7;7;7;7
"12154";3;4;7;7;7;7;7;7;7
"12155";3;4;7;7;7;7;7;7;7
"12156";3;4;7;7;7;7;7;7;7
"12157";3;4;7;7;7;7;7;7;7
"12158";3;4;7;7;7;7;7;7;7
"12159";3;4;7;7;7;7;7;7;7
"12160";3;4;7;7;7;7;7;7;7
"12161";3;4;7;7;7;7;7;7;7
"12162";3;4;7;7;7;7;7;7;7
"12163";3;4;6;9;10;12;15;16;19
"12164";3;4;7;7;7;7;7;7;7
"12165";3;4;7;7;7;7;7;7;7
"12166";3;4;7;7;7;7;7;7;7
"12167";3;4;7;7;7;7;7;7;7
"12168";3;4;7;7;7;7;7;7;7
"12169";3;4;7;7;7;7;7;7;7
"12170";3;4;7;7;7;7;7;7;7
"12171";3;4;6;9;10;12;15;16;18
"12172";3;5;5;5;5;5;5;5;5
"12173";3;4;6;8;8;8;8;8;8
"12174";3;4;6;8;8;8;8;8;8
"12175";3;4;7;7;7;7;7;7;7
"12176";3;4;7;7;7;7;7;7;7
"12177";3;4;7;7;7;7;7;7;7
"12178";3;4;6;9;10;12;15;16;19
"12179";3;4;7;7;7;7;7;7;7
"12180";3;4;7;7;7;7;7;7;7
"12181";3;4;6;9;10;12;15;16;19
"12182";3;4;7;7;7;7;7;7;7
"12183";3;4;7;7;7;7;7;7;7
"12184";3;4;7;7;7;7;7;7;7
"12185";3;4;7;7;7;7;7;7;7
"12186";3;4;7;7;7;7;7;7;7
"12187";3;4;7;7;7;7;7;7;7
"12188";3;4;7;7;7;7;7;7;7
"12189";3;4;7;7;7;7;7;7;7
"12190";3;4;7;7;7;7;7;7;7
"12191";3;4;7;7;7;7;7;7;7
"12192";3;4;6;9;10;12;15;16;19
"12193";3;4;7;7;7;7;7;7;7
"12194";3;4;7;7;7;7;7;7;7
"12195";3;4;7;7;7;7;7;7;7
"12196";3;4;7;7;7;7;7;7;7
"12197";3;4;6;9;10;12;15;16;19
"12198";3;4;7;7;7;7;7;7;7
"12199";3;4;7;7;7;7;7;7;7
"12200";3;4;7;7;7;7;7;7;7
"12201";3;4;7;7;7;7;7;7;7
"12202";3;4;7;7;7;7;7;7;7
"12203";3;4;7;7;7;7;7;7;7
"12204";3;4;7;7;7;7;7;7;7
"12205";3;4;7;7;7;7;7;7;7
"12206";3;4;7;7;7;7;7;7;7
"12207";3;4;7;7;7;7;7;7;7
"12208";3;4;7;7;7;7;7;7;7
"12209";3;4;6;9;10;12;15;16;19
"12210";3;4;7;7;7;7;7;7;7
"12211";3;4;7;7;7;7;7;7;7
"12212";3;4;7;7;7;7;7;7;7
"12213";3;4;7;7;7;7;7;7;7
"12214";3;4;7;7;7;7;7;7;7
"12215";3;4;7;7;7;7;7;7;7
"12216";3;4;7;7;7;7;7;7;7
"12217";3;4;7;7;7;7;7;7;7
"12218";3;4;7;7;7;7;7;7;7
"12219";3;4;7;7;7;7;7;7;7
"12220";3;4;7;7;7;7;7;7;7
"12221";3;4;7;7;7;7;7;7;7
"12222";3;4;6;9;10;12;15;16;19
"12223";3;4;7;7;7;7;7;7;7
"12224";3;4;7;7;7;7;7;7;7
"12225";3;4;7;7;7;7;7;7;7
"12226";3;4;7;7;7;7;7;7;7
"12227";3;4;7;7;7;7;7;7;7
"12228";3;4;7;7;7;7;7;7;7
"12229";3;4;7;7;7;7;7;7;7
"12230";3;4;7;7;7;7;7;7;7
"12231";3;4;7;7;7;7;7;7;7
"12232";3;4;7;7;7;7;7;7;7
"12233";3;4;7;7;7;7;7;7;7
"12234";3;4;7;7;7;7;7;7;7
"12235";3;4;7;7;7;7;7;7;7
"12236";3;4;7;7;7;7;7;7;7
"12237";3;4;7;7;7;7;7;7;7
"12238";3;4;7;7;7;7;7;7;7
"12239";3;4;7;7;7;7;7;7;7
"12240";3;4;7;7;7;7;7;7;7
"12241";3;4;7;7;7;7;7;7;7
"12242";3;4;7;7;7;7;7;7;7
"12243";3;4;7;7;7;7;7;7;7
"12244";3;4;7;7;7;7;7;7;7
"12245";3;4;7;7;7;7;7;7;7
"12246";3;4;7;7;7;7;7;7;7
"12247";3;4;7;7;7;7;7;7;7
"12248";3;4;7;7;7;7;7;7;7
"12249";3;4;7;7;7;7;7;7;7
"12250";3;4;7;7;7;7;7;7;7
"12251";3;4;7;7;7;7;7;7;7
"12252";3;4;7;7;7;7;7;7;7
"12253";3;4;7;7;7;7;7;7;7
"12254";3;4;7;7;7;7;7;7;7
"12255";3;4;7;7;7;7;7;7;7
"12256";3;4;7;7;7;7;7;7;7
"12257";3;4;7;7;7;7;7;7;7
"12258";3;4;7;7;7;7;7;7;7
"12259";3;4;7;7;7;7;7;7;7
"12260";3;4;7;7;7;7;7;7;7
"12261";3;4;7;7;7;7;7;7;7
"12262";3;4;7;7;7;7;7;7;7
"12263";3;4;7;7;7;7;7;7;7
"12264";3;4;6;9;10;12;15;16;19
"12265";3;4;7;7;7;7;7;7;7
"12266";3;4;7;7;7;7;7;7;7
"12267";3;4;7;7;7;7;7;7;7
"12268";3;4;7;7;7;7;7;7;7
"12269";3;4;7;7;7;7;7;7;7
"12270";3;4;7;7;7;7;7;7;7
"12271";3;4;7;7;7;7;7;7;7
"12272";3;4;7;7;7;7;7;7;7
"12273";3;4;7;7;7;7;7;7;7
"12274";3;4;7;7;7;7;7;7;7
"12275";3;4;7;7;7;7;7;7;7
"12276";3;4;7;7;7;7;7;7;7
"12277";3;4;7;7;7;7;7;7;7
"12278";3;4;7;7;7;7;7;7;7
"12279";3;4;7;7;7;7;7;7;7
"12280";3;4;7;7;7;7;7;7;7
"12281";3;4;7;7;7;7;7;7;7
"12282";3;4;7;7;7;7;7;7;7
"12283";3;4;7;7;7;7;7;7;7
"12284";3;4;7;7;7;7;7;7;7
"12285";3;4;7;7;7;7;7;7;7
"12286";3;4;7;7;7;7;7;7;7
"12287";3;4;7;7;7;7;7;7;7
"12288";3;4;7;7;7;7;7;7;7
"12289";3;4;7;7;7;7;7;7;7
"12290";3;4;7;7;7;7;7;7;7
"12291";3;4;7;7;7;7;7;7;7
"12292";3;4;7;7;7;7;7;7;7
"12293";3;4;7;7;7;7;7;7;7
"12294";3;4;7;7;7;7;7;7;7
"12295";3;4;7;7;7;7;7;7;7
"12296";3;4;7;7;7;7;7;7;7
"12297";3;4;7;7;7;7;7;7;7
"12298";3;4;7;7;7;7;7;7;7
"12299";3;4;7;7;7;7;7;7;7
"12300";3;4;7;7;7;7;7;7;7
"12301";3;4;7;7;7;7;7;7;7
"12302";3;4;7;7;7;7;7;7;7
"12303";3;4;7;7;7;7;7;7;7
"12304";3;4;6;9;10;12;15;16;19
"12305";3;4;7;7;7;7;7;7;7
"12306";3;4;6;9;10;12;15;16;19
"12307";3;4;7;7;7;7;7;7;7
"12308";3;4;7;7;7;7;7;7;7
"12309";3;4;7;7;7;7;7;7;7
"12310";3;4;7;7;7;7;7;7;7
"12311";3;4;7;7;7;7;7;7;7
"12312";3;4;6;9;10;12;15;16;19
"12313";3;4;7;7;7;7;7;7;7
"12314";3;4;6;9;10;12;15;16;19
"12315";3;4;7;7;7;7;7;7;7
"12316";3;4;7;7;7;7;7;7;7
"12317";3;4;7;7;7;7;7;7;7
"12318";3;4;7;7;7;7;7;7;7
"12319";3;4;7;7;7;7;7;7;7
"12320";3;4;7;7;7;7;7;7;7
"12321";3;4;6;9;10;12;15;16;19
"12322";3;4;6;9;10;12;15;16;19
"12323";3;4;6;9;10;12;15;16;19
"12324";3;4;6;9;10;12;15;16;19
"12325";3;4;7;7;7;7;7;7;7
"12326";3;4;6;9;10;12;15;16;19
"12327";3;4;6;9;10;12;15;16;19
"12328";3;4;7;7;7;7;7;7;7
"12329";3;4;7;7;7;7;7;7;7
"12330";3;4;7;7;7;7;7;7;7
"12331";3;4;6;9;10;12;15;16;19
"12332";3;4;6;9;10;12;15;16;19
"12333";3;4;7;7;7;7;7;7;7
"12334";3;4;7;7;7;7;7;7;7
"12335";3;4;7;7;7;7;7;7;7
"12336";3;4;7;7;7;7;7;7;7
"12337";3;4;7;7;7;7;7;7;7
"12338";3;4;7;7;7;7;7;7;7
"12339";3;4;7;7;7;7;7;7;7
"12340";3;4;7;7;7;7;7;7;7
"12341";3;4;7;7;7;7;7;7;7
"12342";3;4;7;7;7;7;7;7;7
"12343";3;4;7;7;7;7;7;7;7
"12344";3;4;7;7;7;7;7;7;7
"12345";3;4;7;7;7;7;7;7;7
"12346";3;4;7;7;7;7;7;7;7
"12347";3;4;7;7;7;7;7;7;7
"12348";3;4;7;7;7;7;7;7;7
"12349";3;4;7;7;7;7;7;7;7
"12350";3;4;7;7;7;7;7;7;7
"12351";3;4;7;7;7;7;7;7;7
"12352";3;4;7;7;7;7;7;7;7
"12353";3;4;7;7;7;7;7;7;7
"12354";3;4;7;7;7;7;7;7;7
"12355";3;4;7;7;7;7;7;7;7
"12356";3;4;7;7;7;7;7;7;7
"12357";3;4;7;7;7;7;7;7;7
"12358";3;4;7;7;7;7;7;7;7
"12359";3;4;7;7;7;7;7;7;7
"12360";3;4;7;7;7;7;7;7;7
"12361";3;4;7;7;7;7;7;7;7
"12362";3;4;7;7;7;7;7;7;7
"12363";3;4;7;7;7;7;7;7;7
"12364";3;4;7;7;7;7;7;7;7
"12365";3;4;6;9;10;12;15;16;19
"12366";3;4;7;7;7;7;7;7;7
"12367";3;4;7;7;7;7;7;7;7
"12368";3;4;7;7;7;7;7;7;7
"12369";3;4;7;7;7;7;7;7;7
"12370";3;4;7;7;7;7;7;7;7
"12371";3;4;7;7;7;7;7;7;7
"12372";3;4;7;7;7;7;7;7;7
"12373";3;4;6;9;10;12;15;16;19
"12374";3;4;7;7;7;7;7;7;7
"12375";3;4;7;7;7;7;7;7;7
"12376";3;4;7;7;7;7;7;7;7
"12377";3;4;7;7;7;7;7;7;7
"12378";3;4;7;7;7;7;7;7;7
"12379";3;4;7;7;7;7;7;7;7
"12380";3;4;7;7;7;7;7;7;7
"12381";3;4;7;7;7;7;7;7;7
"12382";3;4;6;9;10;12;15;16;19
"12383";3;4;6;9;10;12;15;16;19
"12384";3;4;6;9;10;12;15;16;19
"12385";3;4;6;9;10;12;15;16;19
"12386";3;4;6;9;10;12;15;16;19
"12387";3;4;6;9;10;12;15;16;19
"12388";3;4;7;7;7;7;7;7;7
"12389";3;4;7;7;7;7;7;7;7
"12390";3;4;6;9;10;12;15;16;19
"12391";3;4;6;9;10;12;15;16;19
"12392";3;4;6;9;10;12;15;16;19
"12393";3;4;7;7;7;7;7;7;7
"12394";3;4;7;7;7;7;7;7;7
"12395";3;4;6;9;10;12;15;16;19
"12396";3;4;6;9;10;12;15;16;19
"12397";3;4;6;9;10;12;15;16;19
"12398";3;4;6;9;10;12;15;16;19
"12399";3;4;6;9;10;12;15;16;19
"12400";3;4;6;9;10;12;15;16;19
"12401";3;4;6;9;10;12;15;16;19
"12402";3;4;6;9;10;12;15;16;19
"12403";3;4;7;7;7;7;7;7;7
"12404";3;4;7;7;7;7;7;7;7
"12405";3;4;7;7;7;7;7;7;7
"12406";3;4;7;7;7;7;7;7;7
"12407";3;4;7;7;7;7;7;7;7
"12408";3;4;7;7;7;7;7;7;7
"12409";3;4;7;7;7;7;7;7;7
"12410";3;4;6;9;10;12;15;16;19
"12411";3;4;7;7;7;7;7;7;7
"12412";3;4;7;7;7;7;7;7;7
"12413";3;4;6;9;10;12;15;16;19
"12414";3;4;7;7;7;7;7;7;7
"12415";3;4;7;7;7;7;7;7;7
"12416";3;4;7;7;7;7;7;7;7
"12417";3;4;7;7;7;7;7;7;7
"12418";3;4;7;7;7;7;7;7;7
"12419";3;4;7;7;7;7;7;7;7
"12420";3;4;7;7;7;7;7;7;7
"12421";3;4;7;7;7;7;7;7;7
"12422";3;4;7;7;7;7;7;7;7
"12423";3;4;7;7;7;7;7;7;7
"12424";3;4;7;7;7;7;7;7;7
"12425";3;4;6;8;8;8;8;8;8
"12426";3;4;7;7;7;7;7;7;7
"12427";3;4;7;7;7;7;7;7;7
"12428";3;4;7;7;7;7;7;7;7
"12429";3;4;7;7;7;7;7;7;7
"12430";3;4;7;7;7;7;7;7;7
"12431";3;4;6;9;10;12;15;16;19
"12432";3;4;7;7;7;7;7;7;7
"12433";3;4;6;9;10;12;15;16;19
"12434";3;4;6;9;10;12;15;16;19
"12435";3;4;7;7;7;7;7;7;7
"12436";3;4;7;7;7;7;7;7;7
"12437";3;4;7;7;7;7;7;7;7
"12438";3;4;7;7;7;7;7;7;7
"12439";3;4;7;7;7;7;7;7;7
"12440";3;4;7;7;7;7;7;7;7
"12441";3;4;7;7;7;7;7;7;7
"12442";3;4;7;7;7;7;7;7;7
"12443";3;4;6;9;10;12;15;16;19
"12444";3;4;7;7;7;7;7;7;7
"12445";3;4;7;7;7;7;7;7;7
"12446";3;4;7;7;7;7;7;7;7
"12447";3;4;7;7;7;7;7;7;7
"12448";3;4;7;7;7;7;7;7;7
"12449";3;4;7;7;7;7;7;7;7
"12450";3;4;7;7;7;7;7;7;7
"12451";3;4;7;7;7;7;7;7;7
"12452";3;4;7;7;7;7;7;7;7
"12453";3;4;7;7;7;7;7;7;7
"12454";3;4;7;7;7;7;7;7;7
"12455";3;4;6;9;10;12;15;16;19
"12456";3;4;7;7;7;7;7;7;7
"12457";3;4;7;7;7;7;7;7;7
"12458";3;4;6;9;10;12;15;16;19
"12459";3;4;7;7;7;7;7;7;7
"12460";3;4;7;7;7;7;7;7;7
"12461";3;4;7;7;7;7;7;7;7
"12462";3;4;7;7;7;7;7;7;7
"12463";3;4;6;9;10;12;15;16;19
"12464";3;4;7;7;7;7;7;7;7
"12465";3;4;7;7;7;7;7;7;7
"12466";3;4;7;7;7;7;7;7;7
"12467";3;4;7;7;7;7;7;7;7
"12468";3;4;7;7;7;7;7;7;7
"12469";3;4;7;7;7;7;7;7;7
"12470";3;4;7;7;7;7;7;7;7
"12471";3;4;6;9;10;12;15;16;19
"12472";3;4;7;7;7;7;7;7;7
"12473";3;4;7;7;7;7;7;7;7
"12474";3;4;6;9;10;12;15;16;19
"12475";3;4;6;9;10;12;15;16;19
"12476";3;4;6;8;8;8;8;8;8
"12477";3;4;6;9;10;12;15;16;19
"12478";3;4;6;9;10;12;15;16;19
"12479";3;4;7;7;7;7;7;7;7
"12480";3;4;6;9;10;12;15;16;19
"12481";3;4;7;7;7;7;7;7;7
"12482";3;4;7;7;7;7;7;7;7
"12483";3;4;6;9;10;12;15;16;19
"12484";3;4;7;7;7;7;7;7;7
"12485";3;4;6;9;10;13;13;13;13
"12486";3;4;7;7;7;7;7;7;7
"12487";3;4;7;7;7;7;7;7;7
"12488";3;4;7;7;7;7;7;7;7
"12489";3;4;7;7;7;7;7;7;7
"12490";3;4;7;7;7;7;7;7;7
"12491";3;4;6;9;10;12;15;16;19
"12492";3;4;6;9;10;12;15;16;19
"12493";3;4;6;9;10;12;15;16;19
"12494";3;4;7;7;7;7;7;7;7
"12495";3;4;7;7;7;7;7;7;7
"12496";3;4;7;7;7;7;7;7;7
"12497";3;4;7;7;7;7;7;7;7
"12498";3;4;6;9;10;12;15;16;19
"12499";3;4;7;7;7;7;7;7;7
"12500";3;4;6;9;10;12;15;16;19
"12501";3;4;6;9;10;13;13;13;13
"12502";3;4;6;9;10;12;15;16;19
"12503";3;4;7;7;7;7;7;7;7
"12504";3;4;7;7;7;7;7;7;7
"12505";3;4;6;9;10;12;15;16;19
"12506";3;4;7;7;7;7;7;7;7
"12507";3;4;7;7;7;7;7;7;7
"12508";3;4;7;7;7;7;7;7;7
"12509";3;4;7;7;7;7;7;7;7
"12510";3;4;7;7;7;7;7;7;7
"12511";3;4;7;7;7;7;7;7;7
"12512";3;4;6;9;10;12;15;16;19
"12513";3;4;6;9;10;12;15;16;19
"12514";3;4;7;7;7;7;7;7;7
"12515";3;4;7;7;7;7;7;7;7
"12516";3;4;7;7;7;7;7;7;7
"12517";3;4;7;7;7;7;7;7;7
"12518";3;4;6;9;10;12;15;16;19
"12519";3;4;7;7;7;7;7;7;7
"12520";3;4;6;9;10;12;15;16;19
"12521";3;4;6;9;10;12;15;16;19
"12522";3;4;7;7;7;7;7;7;7
"12523";3;4;7;7;7;7;7;7;7
"12524";3;4;6;9;10;12;15;16;19
"12525";3;4;6;9;10;12;15;16;19
"12526";3;4;6;9;10;12;15;16;19
"12527";3;4;6;9;10;12;15;16;19
"12528";3;4;7;7;7;7;7;7;7
"12529";3;4;7;7;7;7;7;7;7
"12530";3;4;7;7;7;7;7;7;7
"12531";3;4;7;7;7;7;7;7;7
"12532";3;4;7;7;7;7;7;7;7
"12533";3;4;7;7;7;7;7;7;7
"12534";3;4;7;7;7;7;7;7;7
"12535";3;4;7;7;7;7;7;7;7
"12536";3;4;7;7;7;7;7;7;7
"12537";3;4;7;7;7;7;7;7;7
"12538";3;4;7;7;7;7;7;7;7
"12539";3;4;7;7;7;7;7;7;7
"12540";3;4;7;7;7;7;7;7;7
"12541";3;4;7;7;7;7;7;7;7
"12542";3;4;7;7;7;7;7;7;7
"12543";3;4;6;9;10;12;15;16;19
"12544";3;4;7;7;7;7;7;7;7
"12545";3;4;7;7;7;7;7;7;7
"12546";3;4;7;7;7;7;7;7;7
"12547";3;4;7;7;7;7;7;7;7
"12548";3;4;7;7;7;7;7;7;7
"12549";3;4;6;9;10;12;15;16;19
"12550";3;4;6;9;10;12;15;16;19
"12551";3;4;7;7;7;7;7;7;7
"12552";3;4;6;9;10;12;15;16;19
"12553";3;4;6;9;10;12;15;16;19
"12554";3;4;6;9;10;12;15;16;19
"12555";3;4;6;9;10;12;15;16;19
"12556";3;4;6;9;10;12;15;16;19
"12557";3;4;7;7;7;7;7;7;7
"12558";3;4;7;7;7;7;7;7;7
"12559";3;4;7;7;7;7;7;7;7
"12560";3;4;7;7;7;7;7;7;7
"12561";3;4;7;7;7;7;7;7;7
"12562";3;4;7;7;7;7;7;7;7
"12563";3;4;7;7;7;7;7;7;7
"12564";3;4;7;7;7;7;7;7;7
"12565";3;4;7;7;7;7;7;7;7
"12566";3;4;6;9;10;12;15;16;19
"12567";3;4;7;7;7;7;7;7;7
"12568";3;4;7;7;7;7;7;7;7
"12569";3;4;6;9;10;12;15;16;19
"12570";3;4;6;9;10;12;15;16;19
"12571";3;4;7;7;7;7;7;7;7
"12572";3;4;7;7;7;7;7;7;7
"12573";3;4;7;7;7;7;7;7;7
"12574";3;4;7;7;7;7;7;7;7
"12575";3;4;7;7;7;7;7;7;7
"12576";3;4;7;7;7;7;7;7;7
"12577";3;4;7;7;7;7;7;7;7
"12578";3;4;7;7;7;7;7;7;7
"12579";3;4;7;7;7;7;7;7;7
"12580";3;4;7;7;7;7;7;7;7
"12581";3;4;7;7;7;7;7;7;7
"12582";3;4;7;7;7;7;7;7;7
"12583";3;4;7;7;7;7;7;7;7
"12584";3;4;7;7;7;7;7;7;7
"12585";3;4;7;7;7;7;7;7;7
"12586";3;4;7;7;7;7;7;7;7
"12587";3;4;7;7;7;7;7;7;7
"12588";3;4;7;7;7;7;7;7;7
"12589";3;4;7;7;7;7;7;7;7
"12590";3;4;7;7;7;7;7;7;7
"12591";3;4;7;7;7;7;7;7;7
"12592";3;4;7;7;7;7;7;7;7
"12593";3;4;7;7;7;7;7;7;7
"12594";3;4;7;7;7;7;7;7;7
"12595";3;4;7;7;7;7;7;7;7
"12596";3;4;7;7;7;7;7;7;7
"12597";3;4;7;7;7;7;7;7;7
"12598";3;4;7;7;7;7;7;7;7
"12599";3;4;7;7;7;7;7;7;7
"12600";3;4;7;7;7;7;7;7;7
"12601";3;4;7;7;7;7;7;7;7
"12602";3;4;7;7;7;7;7;7;7
"12603";3;4;7;7;7;7;7;7;7
"12604";3;4;7;7;7;7;7;7;7
"12605";3;4;7;7;7;7;7;7;7
"12606";3;4;7;7;7;7;7;7;7
"12607";3;4;7;7;7;7;7;7;7
"12608";3;4;7;7;7;7;7;7;7
"12609";3;4;7;7;7;7;7;7;7
"12610";3;4;7;7;7;7;7;7;7
"12611";3;4;7;7;7;7;7;7;7
"12612";3;4;7;7;7;7;7;7;7
"12613";3;4;7;7;7;7;7;7;7
"12614";3;4;7;7;7;7;7;7;7
"12615";3;4;7;7;7;7;7;7;7
"12616";3;4;7;7;7;7;7;7;7
"12617";3;4;7;7;7;7;7;7;7
"12618";3;4;7;7;7;7;7;7;7
"12619";3;4;7;7;7;7;7;7;7
"12620";3;4;7;7;7;7;7;7;7
"12621";3;4;7;7;7;7;7;7;7
"12622";3;4;7;7;7;7;7;7;7
"12623";3;4;7;7;7;7;7;7;7
"12624";3;4;7;7;7;7;7;7;7
"12625";3;4;7;7;7;7;7;7;7
"12626";3;4;7;7;7;7;7;7;7
"12627";3;4;7;7;7;7;7;7;7
"12628";3;4;7;7;7;7;7;7;7
"12629";3;4;7;7;7;7;7;7;7
"12630";3;4;6;9;10;12;15;16;19
"12631";3;4;7;7;7;7;7;7;7
"12632";3;4;6;9;10;12;15;16;19
"12633";3;4;7;7;7;7;7;7;7
"12634";3;4;7;7;7;7;7;7;7
"12635";3;4;7;7;7;7;7;7;7
"12636";3;4;7;7;7;7;7;7;7
"12637";3;4;7;7;7;7;7;7;7
"12638";3;4;7;7;7;7;7;7;7
"12639";3;4;7;7;7;7;7;7;7
"12640";3;4;7;7;7;7;7;7;7
"12641";3;4;7;7;7;7;7;7;7
"12642";3;4;7;7;7;7;7;7;7
"12643";3;4;7;7;7;7;7;7;7
"12644";3;4;7;7;7;7;7;7;7
"12645";3;4;6;9;10;12;15;16;19
"12646";3;4;7;7;7;7;7;7;7
"12647";3;4;7;7;7;7;7;7;7
"12648";3;4;7;7;7;7;7;7;7
"12649";3;4;7;7;7;7;7;7;7
"12650";3;4;6;9;10;12;15;16;19
"12651";3;4;7;7;7;7;7;7;7
"12652";3;4;7;7;7;7;7;7;7
"12653";3;4;7;7;7;7;7;7;7
"12654";3;4;7;7;7;7;7;7;7
"12655";3;4;7;7;7;7;7;7;7
"12656";3;4;6;9;10;12;15;16;19
"12657";3;4;7;7;7;7;7;7;7
"12658";3;4;7;7;7;7;7;7;7
"12659";3;4;6;9;10;12;15;16;19
"12660";3;4;7;7;7;7;7;7;7
"12661";3;4;7;7;7;7;7;7;7
"12662";3;4;6;9;10;12;15;16;19
"12663";3;4;7;7;7;7;7;7;7
"12664";3;4;7;7;7;7;7;7;7
"12665";3;4;7;7;7;7;7;7;7
"12666";3;4;7;7;7;7;7;7;7
"12667";3;4;7;7;7;7;7;7;7
"12668";3;4;7;7;7;7;7;7;7
"12669";3;4;6;9;10;12;15;16;19
"12670";3;4;7;7;7;7;7;7;7
"12671";3;4;7;7;7;7;7;7;7
"12672";3;4;7;7;7;7;7;7;7
"12673";3;4;7;7;7;7;7;7;7
"12674";3;4;7;7;7;7;7;7;7
"12675";3;4;6;8;8;8;8;8;8
"12676";3;4;6;9;10;12;15;16;19
"12677";3;4;6;9;10;12;15;16;19
"12678";3;4;7;7;7;7;7;7;7
"12679";3;4;7;7;7;7;7;7;7
"12680";3;4;7;7;7;7;7;7;7
"12681";3;4;7;7;7;7;7;7;7
"12682";3;4;7;7;7;7;7;7;7
"12683";3;4;6;9;10;12;15;16;19
"12684";3;4;6;9;10;12;15;16;19
"12685";3;4;7;7;7;7;7;7;7
"12686";3;4;7;7;7;7;7;7;7
"12687";3;4;7;7;7;7;7;7;7
"12688";3;4;7;7;7;7;7;7;7
"12689";3;4;7;7;7;7;7;7;7
"12690";3;4;7;7;7;7;7;7;7
"12691";3;4;7;7;7;7;7;7;7
"12692";3;4;7;7;7;7;7;7;7
"12693";3;4;7;7;7;7;7;7;7
"12694";3;4;7;7;7;7;7;7;7
"12695";3;4;7;7;7;7;7;7;7
"12696";3;4;7;7;7;7;7;7;7
"12697";3;4;7;7;7;7;7;7;7
"12698";3;4;7;7;7;7;7;7;7
"12699";3;4;7;7;7;7;7;7;7
"12700";3;4;7;7;7;7;7;7;7
"12701";3;4;7;7;7;7;7;7;7
"12702";3;4;6;9;10;12;15;16;19
"12703";3;4;7;7;7;7;7;7;7
"12704";3;4;6;9;10;12;15;16;19
"12705";3;4;7;7;7;7;7;7;7
"12706";3;4;7;7;7;7;7;7;7
"12707";3;4;6;9;10;12;15;16;19
"12708";3;4;7;7;7;7;7;7;7
"12709";3;4;6;9;10;12;15;16;19
"12710";3;4;7;7;7;7;7;7;7
"12711";3;4;7;7;7;7;7;7;7
"12712";3;4;6;9;10;12;15;16;19
"12713";3;4;6;9;10;12;15;16;19
"12714";3;4;7;7;7;7;7;7;7
"12715";3;4;7;7;7;7;7;7;7
"12716";3;4;6;9;10;12;15;16;19
"12717";3;4;7;7;7;7;7;7;7
"12718";3;4;6;9;10;12;15;16;19
"12719";3;4;7;7;7;7;7;7;7
"12720";3;4;7;7;7;7;7;7;7
"12721";3;4;7;7;7;7;7;7;7
"12722";3;4;6;9;10;12;15;16;19
"12723";3;4;7;7;7;7;7;7;7
"12724";3;4;6;9;10;12;15;16;19
"12725";3;4;7;7;7;7;7;7;7
"12726";3;4;7;7;7;7;7;7;7
"12727";3;4;6;9;10;12;15;16;19
"12728";3;4;6;9;10;12;15;16;19
"12729";3;4;6;9;10;12;15;16;19
"12730";3;4;6;9;10;13;13;13;13
"12731";3;4;6;9;10;12;15;16;19
"12732";3;4;6;9;10;12;15;16;19
"12733";3;4;6;9;10;12;15;16;19
"12734";3;4;6;9;10;12;15;16;19
"12735";3;4;6;9;10;12;15;16;19
"12736";3;4;7;7;7;7;7;7;7
"12737";3;4;7;7;7;7;7;7;7
"12738";3;4;6;9;10;12;15;16;19
"12739";3;4;7;7;7;7;7;7;7
"12740";3;4;7;7;7;7;7;7;7
"12741";3;4;7;7;7;7;7;7;7
"12742";3;4;7;7;7;7;7;7;7
"12743";3;4;7;7;7;7;7;7;7
"12744";3;4;7;7;7;7;7;7;7
"12745";3;4;7;7;7;7;7;7;7
"12746";3;4;7;7;7;7;7;7;7
"12747";3;4;7;7;7;7;7;7;7
"12748";3;4;7;7;7;7;7;7;7
"12749";3;4;7;7;7;7;7;7;7
"12750";3;4;7;7;7;7;7;7;7
"12751";3;4;7;7;7;7;7;7;7
"12752";3;4;6;9;10;12;15;16;19
"12753";3;4;7;7;7;7;7;7;7
"12754";3;4;7;7;7;7;7;7;7
"12755";3;4;7;7;7;7;7;7;7
"12756";3;4;7;7;7;7;7;7;7
"12757";3;4;7;7;7;7;7;7;7
"12758";3;4;7;7;7;7;7;7;7
"12759";3;4;7;7;7;7;7;7;7
"12760";3;4;7;7;7;7;7;7;7
"12761";3;4;7;7;7;7;7;7;7
"12762";3;4;7;7;7;7;7;7;7
"12763";3;4;7;7;7;7;7;7;7
"12764";3;4;7;7;7;7;7;7;7
"12765";3;4;7;7;7;7;7;7;7
"12766";3;4;7;7;7;7;7;7;7
"12767";3;4;7;7;7;7;7;7;7
"12768";3;4;7;7;7;7;7;7;7
"12769";3;4;7;7;7;7;7;7;7
"12770";3;4;7;7;7;7;7;7;7
"12771";3;4;7;7;7;7;7;7;7
"12772";3;4;7;7;7;7;7;7;7
"12773";3;4;7;7;7;7;7;7;7
"12774";3;4;7;7;7;7;7;7;7
"12775";3;4;7;7;7;7;7;7;7
"12776";3;4;6;9;10;12;15;16;19
"12777";3;4;6;9;10;12;15;16;19
"12778";3;4;7;7;7;7;7;7;7
"12779";3;4;7;7;7;7;7;7;7
"12780";3;4;7;7;7;7;7;7;7
"12781";3;4;7;7;7;7;7;7;7
"12782";3;4;7;7;7;7;7;7;7
"12783";3;4;6;9;10;12;15;16;19
"12784";3;4;6;9;10;12;15;16;19
"12785";3;4;6;9;10;12;15;16;19
"12786";3;4;7;7;7;7;7;7;7
"12787";3;4;7;7;7;7;7;7;7
"12788";3;4;7;7;7;7;7;7;7
"12789";3;4;7;7;7;7;7;7;7
"12790";3;4;7;7;7;7;7;7;7
"12791";3;4;7;7;7;7;7;7;7
"12792";3;4;6;9;10;12;15;16;19
"12793";3;4;7;7;7;7;7;7;7
"12794";3;4;7;7;7;7;7;7;7
"12795";3;4;7;7;7;7;7;7;7
"12796";3;4;7;7;7;7;7;7;7
"12797";3;4;7;7;7;7;7;7;7
"12798";3;4;7;7;7;7;7;7;7
"12799";3;4;7;7;7;7;7;7;7
"12800";3;4;7;7;7;7;7;7;7
"12801";3;4;6;9;10;12;15;16;19
"12802";3;4;7;7;7;7;7;7;7
"12803";3;4;7;7;7;7;7;7;7
"12804";3;4;7;7;7;7;7;7;7
"12805";3;4;6;9;10;12;15;16;19
"12806";3;4;6;9;10;12;15;16;19
"12807";3;4;7;7;7;7;7;7;7
"12808";3;4;6;9;10;12;15;16;19
"12809";3;4;7;7;7;7;7;7;7
"12810";3;4;7;7;7;7;7;7;7
"12811";3;4;7;7;7;7;7;7;7
"12812";3;4;6;9;10;12;15;16;19
"12813";3;4;6;9;10;12;15;16;19
"12814";3;4;7;7;7;7;7;7;7
"12815";3;4;7;7;7;7;7;7;7
"12816";3;4;6;9;10;12;15;16;19
"12817";3;4;7;7;7;7;7;7;7
"12818";3;4;6;9;10;12;15;16;19
"12819";3;4;6;9;10;12;15;16;19
"12820";3;4;7;7;7;7;7;7;7
"12821";3;4;7;7;7;7;7;7;7
"12822";3;4;7;7;7;7;7;7;7
"12823";3;4;6;9;10;12;15;16;19
"12824";3;4;7;7;7;7;7;7;7
"12825";3;4;7;7;7;7;7;7;7
"12826";3;4;7;7;7;7;7;7;7
"12827";3;4;7;7;7;7;7;7;7
"12828";3;4;7;7;7;7;7;7;7
"12829";3;4;7;7;7;7;7;7;7
"12830";3;4;7;7;7;7;7;7;7
"12831";3;4;7;7;7;7;7;7;7
"12832";3;4;6;9;10;12;15;16;19
"12833";3;4;7;7;7;7;7;7;7
"12834";3;4;7;7;7;7;7;7;7
"12835";3;4;7;7;7;7;7;7;7
"12836";3;4;7;7;7;7;7;7;7
"12837";3;4;7;7;7;7;7;7;7
"12838";3;4;6;9;10;12;15;16;19
"12839";3;4;7;7;7;7;7;7;7
"12840";3;4;6;9;10;12;15;16;19
"12841";3;4;7;7;7;7;7;7;7
"12842";3;4;7;7;7;7;7;7;7
"12843";3;4;7;7;7;7;7;7;7
"12844";3;4;7;7;7;7;7;7;7
"12845";3;4;7;7;7;7;7;7;7
"12846";3;4;7;7;7;7;7;7;7
"12847";3;4;7;7;7;7;7;7;7
"12848";3;4;7;7;7;7;7;7;7
"12849";3;4;7;7;7;7;7;7;7
"12850";3;4;6;9;10;12;15;16;19
"12851";3;4;7;7;7;7;7;7;7
"12852";3;4;6;9;10;12;15;16;19
"12853";3;4;7;7;7;7;7;7;7
"12854";3;4;7;7;7;7;7;7;7
"12855";3;4;7;7;7;7;7;7;7
"12856";3;4;7;7;7;7;7;7;7
"12857";3;4;7;7;7;7;7;7;7
"12858";3;4;6;9;10;12;15;16;19
"12859";3;4;7;7;7;7;7;7;7
"12860";3;4;7;7;7;7;7;7;7
"12861";3;4;7;7;7;7;7;7;7
"12862";3;4;7;7;7;7;7;7;7
"12863";3;4;7;7;7;7;7;7;7
"12864";3;4;7;7;7;7;7;7;7
"12865";3;4;7;7;7;7;7;7;7
"12866";3;4;7;7;7;7;7;7;7
"12867";3;4;7;7;7;7;7;7;7
"12868";3;4;6;9;10;12;15;16;19
"12869";3;4;7;7;7;7;7;7;7
"12870";3;4;7;7;7;7;7;7;7
"12871";3;4;7;7;7;7;7;7;7
"12872";3;4;7;7;7;7;7;7;7
"12873";3;4;6;9;10;12;15;16;19
"12874";3;4;7;7;7;7;7;7;7
"12875";3;4;7;7;7;7;7;7;7
"12876";3;4;7;7;7;7;7;7;7
"12877";3;4;7;7;7;7;7;7;7
"12878";3;4;7;7;7;7;7;7;7
"12879";3;4;7;7;7;7;7;7;7
"12880";3;4;7;7;7;7;7;7;7
"12881";3;4;7;7;7;7;7;7;7
"12882";3;4;6;9;10;12;15;16;19
"12883";3;4;7;7;7;7;7;7;7
"12884";3;4;7;7;7;7;7;7;7
"12885";3;4;7;7;7;7;7;7;7
"12886";3;4;7;7;7;7;7;7;7
"12887";3;4;7;7;7;7;7;7;7
"12888";3;4;7;7;7;7;7;7;7
"12889";3;4;7;7;7;7;7;7;7
"12890";3;4;7;7;7;7;7;7;7
"12891";3;4;7;7;7;7;7;7;7
"12892";3;4;7;7;7;7;7;7;7
"12893";3;4;7;7;7;7;7;7;7
"12894";3;4;6;9;10;12;15;16;19
"12895";3;4;7;7;7;7;7;7;7
"12896";3;4;7;7;7;7;7;7;7
"12897";3;4;7;7;7;7;7;7;7
"12898";3;4;7;7;7;7;7;7;7
"12899";3;4;7;7;7;7;7;7;7
"12900";3;4;7;7;7;7;7;7;7
"12901";3;4;7;7;7;7;7;7;7
"12902";3;4;7;7;7;7;7;7;7
"12903";3;4;7;7;7;7;7;7;7
"12904";3;4;7;7;7;7;7;7;7
"12905";3;4;7;7;7;7;7;7;7
"12906";3;4;7;7;7;7;7;7;7
"12907";3;4;7;7;7;7;7;7;7
"12908";3;4;6;9;10;12;15;16;19
"12909";3;4;7;7;7;7;7;7;7
"12910";3;4;7;7;7;7;7;7;7
"12911";3;4;7;7;7;7;7;7;7
"12912";3;4;7;7;7;7;7;7;7
"12913";3;4;7;7;7;7;7;7;7
"12914";3;4;7;7;7;7;7;7;7
"12915";3;4;7;7;7;7;7;7;7
"12916";3;4;6;9;10;12;15;16;19
"12917";3;4;7;7;7;7;7;7;7
"12918";3;4;7;7;7;7;7;7;7
"12919";3;4;7;7;7;7;7;7;7
"12920";3;4;7;7;7;7;7;7;7
"12921";3;4;7;7;7;7;7;7;7
"12922";3;4;7;7;7;7;7;7;7
"12923";3;4;6;9;10;12;15;16;19
"12924";3;4;6;9;10;12;15;16;19
"12925";3;4;7;7;7;7;7;7;7
"12926";3;4;7;7;7;7;7;7;7
"12927";3;4;7;7;7;7;7;7;7
"12928";3;4;7;7;7;7;7;7;7
"12929";3;4;7;7;7;7;7;7;7
"12930";3;4;7;7;7;7;7;7;7
"12931";3;4;7;7;7;7;7;7;7
"12932";3;4;7;7;7;7;7;7;7
"12933";3;4;7;7;7;7;7;7;7
"12934";3;4;7;7;7;7;7;7;7
"12935";3;4;7;7;7;7;7;7;7
"12936";3;4;7;7;7;7;7;7;7
"12937";3;4;7;7;7;7;7;7;7
"12938";3;4;7;7;7;7;7;7;7
"12939";3;4;6;9;10;12;15;16;19
"12940";3;4;7;7;7;7;7;7;7
"12941";3;4;7;7;7;7;7;7;7
"12942";3;4;7;7;7;7;7;7;7
"12943";3;4;7;7;7;7;7;7;7
"12944";3;4;7;7;7;7;7;7;7
"12945";3;4;7;7;7;7;7;7;7
"12946";3;4;7;7;7;7;7;7;7
"12947";3;4;7;7;7;7;7;7;7
"12948";3;4;7;7;7;7;7;7;7
"12949";3;4;7;7;7;7;7;7;7
"12950";3;4;7;7;7;7;7;7;7
"12951";3;4;6;9;10;12;15;16;19
"12952";3;4;6;9;10;12;15;16;19
"12953";3;4;7;7;7;7;7;7;7
"12954";3;4;7;7;7;7;7;7;7
"12955";3;4;7;7;7;7;7;7;7
"12956";3;4;7;7;7;7;7;7;7
"12957";3;4;7;7;7;7;7;7;7
"12958";3;4;6;9;10;12;15;16;19
"12959";3;4;7;7;7;7;7;7;7
"12960";3;4;7;7;7;7;7;7;7
"12961";3;4;6;9;10;12;15;16;19
"12962";3;4;7;7;7;7;7;7;7
"12963";3;4;7;7;7;7;7;7;7
"12964";3;4;7;7;7;7;7;7;7
"12965";3;4;7;7;7;7;7;7;7
"12966";3;4;7;7;7;7;7;7;7
"12967";3;4;7;7;7;7;7;7;7
"12968";3;4;7;7;7;7;7;7;7
"12969";3;4;7;7;7;7;7;7;7
"12970";3;4;7;7;7;7;7;7;7
"12971";3;4;7;7;7;7;7;7;7
"12972";3;4;7;7;7;7;7;7;7
"12973";3;4;7;7;7;7;7;7;7
"12974";3;4;7;7;7;7;7;7;7
"12975";3;4;7;7;7;7;7;7;7
"12976";3;4;7;7;7;7;7;7;7
"12977";3;4;7;7;7;7;7;7;7
"12978";3;4;7;7;7;7;7;7;7
"12979";3;4;7;7;7;7;7;7;7
"12980";3;4;7;7;7;7;7;7;7
"12981";3;4;7;7;7;7;7;7;7
"12982";3;4;6;9;10;12;15;16;19
"12983";3;4;7;7;7;7;7;7;7
"12984";3;4;7;7;7;7;7;7;7
"12985";3;4;6;9;10;12;15;16;19
"12986";3;4;7;7;7;7;7;7;7
"12987";3;4;7;7;7;7;7;7;7
"12988";3;4;7;7;7;7;7;7;7
"12989";3;4;7;7;7;7;7;7;7
"12990";3;4;7;7;7;7;7;7;7
"12991";3;4;7;7;7;7;7;7;7
"12992";3;4;7;7;7;7;7;7;7
"12993";3;4;7;7;7;7;7;7;7
"12994";3;4;7;7;7;7;7;7;7
"12995";3;4;6;9;10;12;15;16;19
"12996";3;4;6;9;10;12;15;16;19
"12997";3;4;7;7;7;7;7;7;7
"12998";3;4;7;7;7;7;7;7;7
"12999";3;4;7;7;7;7;7;7;7
"13000";3;4;7;7;7;7;7;7;7
"13001";3;4;6;9;10;12;15;16;19
"13002";3;4;6;9;10;12;15;16;19
"13003";3;4;6;9;10;12;15;16;19
"13004";3;4;6;9;10;12;15;16;19
"13005";3;4;7;7;7;7;7;7;7
"13006";3;4;7;7;7;7;7;7;7
"13007";3;4;7;7;7;7;7;7;7
"13008";3;4;7;7;7;7;7;7;7
"13009";3;4;7;7;7;7;7;7;7
"13010";3;4;7;7;7;7;7;7;7
"13011";3;4;7;7;7;7;7;7;7
"13012";3;4;7;7;7;7;7;7;7
"13013";3;4;7;7;7;7;7;7;7
"13014";3;4;6;9;10;12;15;16;19
"13015";3;4;6;9;10;12;15;16;19
"13016";3;4;6;9;10;12;15;16;19
"13017";3;4;6;9;10;12;15;16;19
"13018";3;4;6;9;10;12;15;16;19
"13019";3;4;6;9;10;12;15;16;19
"13020";3;4;6;9;10;12;15;16;19
"13021";3;4;6;9;10;12;15;16;19
"13022";3;4;6;9;10;12;15;16;19
"13023";3;4;6;9;10;12;15;16;19
"13024";3;4;7;7;7;7;7;7;7
"13025";3;4;7;7;7;7;7;7;7
"13026";3;4;6;9;10;12;15;16;19
"13027";3;4;7;7;7;7;7;7;7
"13028";3;4;7;7;7;7;7;7;7
"13029";3;4;6;9;10;12;15;16;19
"13030";3;4;7;7;7;7;7;7;7
"13031";3;4;7;7;7;7;7;7;7
"13032";3;4;7;7;7;7;7;7;7
"13033";3;4;6;9;10;12;15;16;19
"13034";3;4;6;9;10;12;15;16;19
"13035";3;4;7;7;7;7;7;7;7
"13036";3;4;7;7;7;7;7;7;7
"13037";3;4;7;7;7;7;7;7;7
"13038";3;4;7;7;7;7;7;7;7
"13039";3;4;7;7;7;7;7;7;7
"13040";3;4;7;7;7;7;7;7;7
"13041";3;4;7;7;7;7;7;7;7
"13042";3;4;7;7;7;7;7;7;7
"13043";3;4;7;7;7;7;7;7;7
"13044";3;4;7;7;7;7;7;7;7
"13045";3;4;7;7;7;7;7;7;7
"13046";3;4;7;7;7;7;7;7;7
"13047";3;4;7;7;7;7;7;7;7
"13048";3;4;7;7;7;7;7;7;7
"13049";3;4;7;7;7;7;7;7;7
"13050";3;4;7;7;7;7;7;7;7
"13051";3;4;6;9;10;12;15;16;19
"13052";3;4;6;9;10;12;15;16;19
"13053";3;4;6;9;10;12;15;16;19
"13054";3;4;7;7;7;7;7;7;7
"13055";3;4;7;7;7;7;7;7;7
"13056";3;4;7;7;7;7;7;7;7
"13057";3;4;7;7;7;7;7;7;7
"13058";3;4;7;7;7;7;7;7;7
"13059";3;4;7;7;7;7;7;7;7
"13060";3;4;7;7;7;7;7;7;7
"13061";3;4;7;7;7;7;7;7;7
"13062";3;4;7;7;7;7;7;7;7
"13063";3;4;7;7;7;7;7;7;7
"13064";3;4;7;7;7;7;7;7;7
"13065";3;4;7;7;7;7;7;7;7
"13066";3;4;7;7;7;7;7;7;7
"13067";3;4;7;7;7;7;7;7;7
"13068";3;4;7;7;7;7;7;7;7
"13069";3;4;7;7;7;7;7;7;7
"13070";3;4;7;7;7;7;7;7;7
"13071";3;4;7;7;7;7;7;7;7
"13072";3;4;7;7;7;7;7;7;7
"13073";3;4;7;7;7;7;7;7;7
"13074";3;4;7;7;7;7;7;7;7
"13075";3;4;7;7;7;7;7;7;7
"13076";3;4;7;7;7;7;7;7;7
"13077";3;4;7;7;7;7;7;7;7
"13078";3;4;7;7;7;7;7;7;7
"13079";3;4;7;7;7;7;7;7;7
"13080";3;4;7;7;7;7;7;7;7
"13081";3;4;7;7;7;7;7;7;7
"13082";3;4;7;7;7;7;7;7;7
"13083";3;4;6;9;10;12;15;16;19
"13084";3;4;7;7;7;7;7;7;7
"13085";3;4;7;7;7;7;7;7;7
"13086";3;4;7;7;7;7;7;7;7
"13087";3;4;7;7;7;7;7;7;7
"13088";3;4;7;7;7;7;7;7;7
"13089";3;4;7;7;7;7;7;7;7
"13090";3;4;7;7;7;7;7;7;7
"13091";3;4;7;7;7;7;7;7;7
"13092";3;4;7;7;7;7;7;7;7
"13093";3;4;7;7;7;7;7;7;7
"13094";3;4;7;7;7;7;7;7;7
"13095";3;4;6;9;10;12;15;16;19
"13096";3;4;6;9;10;12;15;16;19
"13097";3;4;7;7;7;7;7;7;7
"13098";3;4;7;7;7;7;7;7;7
"13099";3;4;7;7;7;7;7;7;7
"13100";3;4;7;7;7;7;7;7;7
"13101";3;4;7;7;7;7;7;7;7
"13102";3;4;7;7;7;7;7;7;7
"13103";3;4;7;7;7;7;7;7;7
"13104";3;4;6;9;10;12;15;16;19
"13105";3;4;6;9;10;12;15;16;19
"13106";3;4;7;7;7;7;7;7;7
"13107";3;4;7;7;7;7;7;7;7
"13108";3;4;7;7;7;7;7;7;7
"13109";3;4;7;7;7;7;7;7;7
"13110";3;4;7;7;7;7;7;7;7
"13111";3;4;7;7;7;7;7;7;7
"13112";3;4;7;7;7;7;7;7;7
"13113";3;4;6;9;10;12;15;16;19
"13114";3;4;6;9;10;12;15;16;19
"13115";3;4;6;9;10;12;15;16;19
"13116";3;4;6;9;10;12;15;16;19
"13117";3;4;6;9;10;12;15;16;19
"13118";3;4;7;7;7;7;7;7;7
"13119";3;4;6;9;10;12;15;16;19
"13120";3;4;7;7;7;7;7;7;7
"13121";3;4;6;9;10;12;15;16;19
"13122";3;4;7;7;7;7;7;7;7
"13123";3;4;7;7;7;7;7;7;7
"13124";3;4;7;7;7;7;7;7;7
"13125";3;4;7;7;7;7;7;7;7
"13126";3;4;7;7;7;7;7;7;7
"13127";3;4;7;7;7;7;7;7;7
"13128";3;4;7;7;7;7;7;7;7
"13129";3;4;7;7;7;7;7;7;7
"13130";3;4;7;7;7;7;7;7;7
"13131";3;4;6;9;10;12;15;16;19
"13132";3;4;6;9;10;12;15;16;19
"13133";3;4;7;7;7;7;7;7;7
"13134";3;4;7;7;7;7;7;7;7
"13135";3;4;7;7;7;7;7;7;7
"13136";3;4;6;9;10;12;15;16;19
"13137";3;4;7;7;7;7;7;7;7
"13138";3;4;6;9;10;12;15;16;19
"13139";3;4;7;7;7;7;7;7;7
"13140";3;4;7;7;7;7;7;7;7
"13141";3;4;7;7;7;7;7;7;7
"13142";3;4;7;7;7;7;7;7;7
"13143";3;4;7;7;7;7;7;7;7
"13144";3;4;6;9;10;12;15;16;19
"13145";3;4;7;7;7;7;7;7;7
"13146";3;4;7;7;7;7;7;7;7
"13147";3;4;7;7;7;7;7;7;7
"13148";3;4;7;7;7;7;7;7;7
"13149";3;4;7;7;7;7;7;7;7
"13150";3;4;6;9;10;12;15;16;19
"13151";3;4;7;7;7;7;7;7;7
"13152";3;4;7;7;7;7;7;7;7
"13153";3;4;7;7;7;7;7;7;7
"13154";3;4;6;8;8;8;8;8;8
"13155";3;4;7;7;7;7;7;7;7
"13156";3;4;7;7;7;7;7;7;7
"13157";3;4;7;7;7;7;7;7;7
"13158";3;4;7;7;7;7;7;7;7
"13159";3;4;7;7;7;7;7;7;7
"13160";3;4;7;7;7;7;7;7;7
"13161";3;4;7;7;7;7;7;7;7
"13162";3;4;6;9;10;12;15;16;19
"13163";3;4;7;7;7;7;7;7;7
"13164";3;4;7;7;7;7;7;7;7
"13165";3;4;7;7;7;7;7;7;7
"13166";3;4;7;7;7;7;7;7;7
"13167";3;4;7;7;7;7;7;7;7
"13168";3;4;7;7;7;7;7;7;7
"13169";3;4;7;7;7;7;7;7;7
"13170";3;4;7;7;7;7;7;7;7
"13171";3;4;7;7;7;7;7;7;7
"13172";3;4;7;7;7;7;7;7;7
"13173";3;4;7;7;7;7;7;7;7
"13174";3;4;7;7;7;7;7;7;7
"13175";3;4;7;7;7;7;7;7;7
"13176";3;4;7;7;7;7;7;7;7
"13177";3;4;7;7;7;7;7;7;7
"13178";3;4;7;7;7;7;7;7;7
"13179";3;4;7;7;7;7;7;7;7
"13180";3;4;7;7;7;7;7;7;7
"13181";3;4;7;7;7;7;7;7;7
"13182";3;4;7;7;7;7;7;7;7
"13183";3;4;7;7;7;7;7;7;7
"13184";3;4;7;7;7;7;7;7;7
"13185";3;4;7;7;7;7;7;7;7
"13186";3;4;7;7;7;7;7;7;7
"13187";3;4;7;7;7;7;7;7;7
"13188";3;4;7;7;7;7;7;7;7
"13189";3;4;7;7;7;7;7;7;7
"13190";3;4;7;7;7;7;7;7;7
"13191";3;4;7;7;7;7;7;7;7
"13192";3;4;7;7;7;7;7;7;7
"13193";3;4;7;7;7;7;7;7;7
"13194";3;4;7;7;7;7;7;7;7
"13195";3;4;7;7;7;7;7;7;7
"13196";3;4;6;9;10;12;15;16;19
"13197";3;4;7;7;7;7;7;7;7
"13198";3;4;7;7;7;7;7;7;7
"13199";3;4;7;7;7;7;7;7;7
"13200";3;4;7;7;7;7;7;7;7
"13201";3;4;7;7;7;7;7;7;7
"13202";3;4;7;7;7;7;7;7;7
"13203";3;4;6;9;10;12;15;16;19
"13204";3;4;7;7;7;7;7;7;7
"13205";3;4;7;7;7;7;7;7;7
"13206";3;4;7;7;7;7;7;7;7
"13207";3;4;7;7;7;7;7;7;7
"13208";3;4;7;7;7;7;7;7;7
"13209";3;4;7;7;7;7;7;7;7
"13210";3;4;7;7;7;7;7;7;7
"13211";3;4;7;7;7;7;7;7;7
"13212";3;4;7;7;7;7;7;7;7
"13213";3;4;6;8;8;8;8;8;8
"13214";3;4;6;9;10;12;15;16;19
"13215";3;4;7;7;7;7;7;7;7
"13216";3;4;7;7;7;7;7;7;7
"13217";3;4;7;7;7;7;7;7;7
"13218";3;4;7;7;7;7;7;7;7
"13219";3;4;7;7;7;7;7;7;7
"13220";3;4;7;7;7;7;7;7;7
"13221";3;4;6;9;10;12;15;16;19
"13222";3;4;7;7;7;7;7;7;7
"13223";3;4;6;9;10;12;15;16;19
"13224";3;4;6;9;10;12;15;16;19
"13225";3;4;7;7;7;7;7;7;7
"13226";3;4;7;7;7;7;7;7;7
"13227";3;4;7;7;7;7;7;7;7
"13228";3;4;7;7;7;7;7;7;7
"13229";3;4;7;7;7;7;7;7;7
"13230";3;4;7;7;7;7;7;7;7
"13231";3;4;6;9;10;12;15;16;19
"13232";3;4;7;7;7;7;7;7;7
"13233";3;4;6;9;10;12;15;16;19
"13234";3;4;7;7;7;7;7;7;7
"13235";3;4;6;9;10;13;13;13;13
"13236";3;4;7;7;7;7;7;7;7
"13237";3;4;7;7;7;7;7;7;7
"13238";3;4;6;9;10;12;15;16;19
"13239";3;4;6;8;8;8;8;8;8
"13240";3;4;6;9;10;12;15;16;19
"13241";3;4;7;7;7;7;7;7;7
"13242";3;4;7;7;7;7;7;7;7
"13243";3;4;6;9;10;12;15;16;19
"13244";3;4;6;9;10;12;15;16;19
"13245";3;4;7;7;7;7;7;7;7
"13246";3;4;6;9;10;12;15;16;19
"13247";3;4;6;9;10;12;15;16;19
"13248";3;4;6;9;10;12;15;16;19
"13249";3;4;6;9;10;12;15;16;19
"13250";3;4;7;7;7;7;7;7;7
"13251";3;4;6;9;10;12;15;16;19
"13252";3;4;7;7;7;7;7;7;7
"13253";3;4;7;7;7;7;7;7;7
"13254";3;4;6;9;10;12;15;16;19
"13255";3;4;6;9;10;12;15;16;19
"13256";3;4;6;9;10;13;13;13;13
"13257";3;4;6;9;10;12;15;16;19
"13258";3;4;7;7;7;7;7;7;7
"13259";3;4;7;7;7;7;7;7;7
"13260";3;4;6;9;10;12;15;16;19
"13261";3;4;7;7;7;7;7;7;7
"13262";3;4;7;7;7;7;7;7;7
"13263";3;4;6;9;10;12;15;16;19
"13264";3;4;7;7;7;7;7;7;7
"13265";3;4;7;7;7;7;7;7;7
"13266";3;4;7;7;7;7;7;7;7
"13267";3;4;7;7;7;7;7;7;7
"13268";3;4;7;7;7;7;7;7;7
"13269";3;4;7;7;7;7;7;7;7
"13270";3;4;7;7;7;7;7;7;7
"13271";3;4;7;7;7;7;7;7;7
"13272";3;4;7;7;7;7;7;7;7
"13273";3;4;7;7;7;7;7;7;7
"13274";3;4;7;7;7;7;7;7;7
"13275";3;4;7;7;7;7;7;7;7
"13276";3;4;7;7;7;7;7;7;7
"13277";3;4;7;7;7;7;7;7;7
"13278";3;4;7;7;7;7;7;7;7
"13279";3;4;7;7;7;7;7;7;7
"13280";3;4;7;7;7;7;7;7;7
"13281";3;4;7;7;7;7;7;7;7
"13282";3;4;7;7;7;7;7;7;7
"13283";3;4;7;7;7;7;7;7;7
"13284";3;4;7;7;7;7;7;7;7
"13285";3;4;7;7;7;7;7;7;7
"13286";3;4;7;7;7;7;7;7;7
"13287";3;4;7;7;7;7;7;7;7
"13288";3;4;7;7;7;7;7;7;7
"13289";3;4;7;7;7;7;7;7;7
"13290";3;4;7;7;7;7;7;7;7
"13291";3;4;7;7;7;7;7;7;7
"13292";3;4;7;7;7;7;7;7;7
"13293";3;4;7;7;7;7;7;7;7
"13294";3;4;6;8;8;8;8;8;8
"13295";3;4;6;8;8;8;8;8;8
"13296";3;5;5;5;5;5;5;5;5
"13297";3;5;5;5;5;5;5;5;5
"13298";3;4;6;8;8;8;8;8;8
"13299";3;5;5;5;5;5;5;5;5
"13300";3;4;6;9;10;12;15;16;19
"13301";3;4;6;9;10;12;15;16;19
"13302";3;4;7;7;7;7;7;7;7
"13303";3;4;6;9;10;12;15;16;19
"13304";3;4;7;7;7;7;7;7;7
"13305";3;4;7;7;7;7;7;7;7
"13306";3;4;7;7;7;7;7;7;7
"13307";3;4;7;7;7;7;7;7;7
"13308";3;4;7;7;7;7;7;7;7
"13309";3;4;7;7;7;7;7;7;7
"13310";3;4;7;7;7;7;7;7;7
"13311";3;4;6;9;10;12;15;16;19
"13312";3;4;7;7;7;7;7;7;7
"13313";3;4;7;7;7;7;7;7;7
"13314";3;4;7;7;7;7;7;7;7
"13315";3;4;6;9;10;12;15;16;19
"13316";3;4;6;9;10;12;15;16;19
"13317";3;4;7;7;7;7;7;7;7
"13318";3;4;7;7;7;7;7;7;7
"13319";3;4;7;7;7;7;7;7;7
"13320";3;4;7;7;7;7;7;7;7
"13321";3;4;7;7;7;7;7;7;7
"13322";3;4;7;7;7;7;7;7;7
"13323";3;4;7;7;7;7;7;7;7
"13324";3;4;7;7;7;7;7;7;7
"13325";3;4;7;7;7;7;7;7;7
"13326";3;4;7;7;7;7;7;7;7
"13327";3;4;7;7;7;7;7;7;7
"13328";3;4;7;7;7;7;7;7;7
"13329";3;4;7;7;7;7;7;7;7
"13330";3;4;6;9;10;12;15;16;19
"13331";3;4;7;7;7;7;7;7;7
"13332";3;4;7;7;7;7;7;7;7
"13333";3;4;7;7;7;7;7;7;7
"13334";3;4;7;7;7;7;7;7;7
"13335";3;4;7;7;7;7;7;7;7
"13336";3;4;7;7;7;7;7;7;7
"13337";3;4;7;7;7;7;7;7;7
"13338";3;4;7;7;7;7;7;7;7
"13339";3;4;7;7;7;7;7;7;7
"13340";3;4;7;7;7;7;7;7;7
"13341";3;4;7;7;7;7;7;7;7
"13342";3;4;7;7;7;7;7;7;7
"13343";3;4;7;7;7;7;7;7;7
"13344";3;4;7;7;7;7;7;7;7
"13345";3;4;7;7;7;7;7;7;7
"13346";3;4;7;7;7;7;7;7;7
"13347";3;4;7;7;7;7;7;7;7
"13348";3;4;7;7;7;7;7;7;7
"13349";3;4;7;7;7;7;7;7;7
"13350";3;4;7;7;7;7;7;7;7
"13351";3;4;7;7;7;7;7;7;7
"13352";3;4;7;7;7;7;7;7;7
"13353";3;4;7;7;7;7;7;7;7
"13354";3;4;6;9;10;12;15;16;19
"13355";3;4;7;7;7;7;7;7;7
"13356";3;4;7;7;7;7;7;7;7
"13357";3;4;7;7;7;7;7;7;7
"13358";3;4;7;7;7;7;7;7;7
"13359";3;4;7;7;7;7;7;7;7
"13360";3;4;7;7;7;7;7;7;7
"13361";3;4;7;7;7;7;7;7;7
"13362";3;4;7;7;7;7;7;7;7
"13363";3;4;6;9;10;12;15;16;19
"13364";3;4;7;7;7;7;7;7;7
"13365";3;4;7;7;7;7;7;7;7
"13366";3;4;7;7;7;7;7;7;7
"13367";3;4;7;7;7;7;7;7;7
"13368";3;4;7;7;7;7;7;7;7
"13369";3;4;7;7;7;7;7;7;7
"13370";3;4;7;7;7;7;7;7;7
"13371";3;4;7;7;7;7;7;7;7
"13372";3;4;6;9;10;12;14;14;14
"13373";3;4;7;7;7;7;7;7;7
"13374";3;4;7;7;7;7;7;7;7
"13375";3;4;7;7;7;7;7;7;7
"13376";3;4;7;7;7;7;7;7;7
"13377";3;4;7;7;7;7;7;7;7
"13378";3;4;7;7;7;7;7;7;7
"13379";3;4;7;7;7;7;7;7;7
"13380";3;4;7;7;7;7;7;7;7
"13381";3;4;6;9;10;12;15;16;19
"13382";3;4;7;7;7;7;7;7;7
"13383";3;4;7;7;7;7;7;7;7
"13384";3;4;7;7;7;7;7;7;7
"13385";3;4;7;7;7;7;7;7;7
"13386";3;4;7;7;7;7;7;7;7
"13387";3;4;7;7;7;7;7;7;7
"13388";3;4;7;7;7;7;7;7;7
"13389";3;4;7;7;7;7;7;7;7
"13390";3;4;7;7;7;7;7;7;7
"13391";3;4;7;7;7;7;7;7;7
"13392";3;4;7;7;7;7;7;7;7
"13393";3;4;7;7;7;7;7;7;7
"13394";3;4;7;7;7;7;7;7;7
"13395";3;4;7;7;7;7;7;7;7
"13396";3;4;7;7;7;7;7;7;7
"13397";3;4;7;7;7;7;7;7;7
"13398";3;4;7;7;7;7;7;7;7
"13399";3;4;7;7;7;7;7;7;7
"13400";3;4;7;7;7;7;7;7;7
"13401";3;4;7;7;7;7;7;7;7
"13402";3;4;7;7;7;7;7;7;7
"13403";3;4;7;7;7;7;7;7;7
"13404";3;4;6;9;10;12;15;16;19
"13405";3;4;7;7;7;7;7;7;7
"13406";3;4;7;7;7;7;7;7;7
"13407";3;4;7;7;7;7;7;7;7
"13408";3;4;6;9;10;12;15;16;19
"13409";3;4;7;7;7;7;7;7;7
"13410";3;4;7;7;7;7;7;7;7
"13411";3;4;7;7;7;7;7;7;7
"13412";3;4;7;7;7;7;7;7;7
"13413";3;4;7;7;7;7;7;7;7
"13414";3;4;7;7;7;7;7;7;7
"13415";3;4;7;7;7;7;7;7;7
"13416";3;4;7;7;7;7;7;7;7
"13417";3;4;7;7;7;7;7;7;7
"13418";3;4;7;7;7;7;7;7;7
"13419";3;4;7;7;7;7;7;7;7
"13420";3;4;7;7;7;7;7;7;7
"13421";3;4;6;9;10;12;15;16;19
"13422";3;4;7;7;7;7;7;7;7
"13423";3;4;7;7;7;7;7;7;7
"13424";3;4;6;9;10;12;15;16;19
"13425";3;4;6;9;10;12;15;16;19
"13426";3;4;7;7;7;7;7;7;7
"13427";3;4;7;7;7;7;7;7;7
"13428";3;4;7;7;7;7;7;7;7
"13429";3;4;7;7;7;7;7;7;7
"13430";3;4;7;7;7;7;7;7;7
"13431";3;4;7;7;7;7;7;7;7
"13432";3;4;7;7;7;7;7;7;7
"13433";3;4;7;7;7;7;7;7;7
"13434";3;4;7;7;7;7;7;7;7
"13435";3;4;7;7;7;7;7;7;7
"13436";3;4;7;7;7;7;7;7;7
"13437";3;4;7;7;7;7;7;7;7
"13438";3;4;7;7;7;7;7;7;7
"13439";3;4;7;7;7;7;7;7;7
"13440";3;4;7;7;7;7;7;7;7
"13441";3;4;7;7;7;7;7;7;7
"13442";3;4;7;7;7;7;7;7;7
"13443";3;4;6;9;10;12;15;16;19
"13444";3;4;7;7;7;7;7;7;7
"13445";3;4;7;7;7;7;7;7;7
"13446";3;4;7;7;7;7;7;7;7
"13447";3;4;7;7;7;7;7;7;7
"13448";3;4;7;7;7;7;7;7;7
"13449";3;4;7;7;7;7;7;7;7
"13450";3;4;7;7;7;7;7;7;7
"13451";3;4;7;7;7;7;7;7;7
"13452";3;4;7;7;7;7;7;7;7
"13453";3;4;7;7;7;7;7;7;7
"13454";3;4;7;7;7;7;7;7;7
"13455";3;4;7;7;7;7;7;7;7
"13456";3;4;7;7;7;7;7;7;7
"13457";3;4;7;7;7;7;7;7;7
"13458";3;4;7;7;7;7;7;7;7
"13459";3;4;7;7;7;7;7;7;7
"13460";3;4;7;7;7;7;7;7;7
"13461";3;4;7;7;7;7;7;7;7
"13462";3;4;7;7;7;7;7;7;7
"13463";3;4;7;7;7;7;7;7;7
"13464";3;4;7;7;7;7;7;7;7
"13465";3;4;7;7;7;7;7;7;7
"13466";3;4;7;7;7;7;7;7;7
"13467";3;4;7;7;7;7;7;7;7
"13468";3;4;7;7;7;7;7;7;7
"13469";3;4;7;7;7;7;7;7;7
"13470";3;4;7;7;7;7;7;7;7
"13471";3;4;7;7;7;7;7;7;7
"13472";3;4;7;7;7;7;7;7;7
"13473";3;4;7;7;7;7;7;7;7
"13474";3;4;7;7;7;7;7;7;7
"13475";3;4;7;7;7;7;7;7;7
"13476";3;4;7;7;7;7;7;7;7
"13477";3;4;7;7;7;7;7;7;7
"13478";3;4;7;7;7;7;7;7;7
"13479";3;4;7;7;7;7;7;7;7
"13480";3;4;7;7;7;7;7;7;7
"13481";3;4;7;7;7;7;7;7;7
"13482";3;4;7;7;7;7;7;7;7
"13483";3;4;6;9;10;12;15;16;19
"13484";3;4;7;7;7;7;7;7;7
"13485";3;4;7;7;7;7;7;7;7
"13486";3;4;7;7;7;7;7;7;7
"13487";3;4;7;7;7;7;7;7;7
"13488";3;4;7;7;7;7;7;7;7
"13489";3;4;7;7;7;7;7;7;7
"13490";3;4;7;7;7;7;7;7;7
"13491";3;4;7;7;7;7;7;7;7
"13492";3;4;7;7;7;7;7;7;7
"13493";3;4;7;7;7;7;7;7;7
"13494";3;4;7;7;7;7;7;7;7
"13495";3;4;7;7;7;7;7;7;7
"13496";3;4;7;7;7;7;7;7;7
"13497";3;4;7;7;7;7;7;7;7
"13498";3;4;7;7;7;7;7;7;7
"13499";3;4;7;7;7;7;7;7;7
"13500";3;4;7;7;7;7;7;7;7
"13501";3;4;6;9;10;12;15;16;19
"13502";3;4;7;7;7;7;7;7;7
"13503";3;4;7;7;7;7;7;7;7
"13504";3;4;7;7;7;7;7;7;7
"13505";3;4;7;7;7;7;7;7;7
"13506";3;4;7;7;7;7;7;7;7
"13507";3;4;7;7;7;7;7;7;7
"13508";3;4;7;7;7;7;7;7;7
"13509";3;4;7;7;7;7;7;7;7
"13510";3;4;7;7;7;7;7;7;7
"13511";3;4;6;9;10;12;15;16;19
"13512";3;4;7;7;7;7;7;7;7
"13513";3;4;7;7;7;7;7;7;7
"13514";3;4;7;7;7;7;7;7;7
"13515";3;4;7;7;7;7;7;7;7
"13516";3;4;7;7;7;7;7;7;7
"13517";3;4;7;7;7;7;7;7;7
"13518";3;4;7;7;7;7;7;7;7
"13519";3;4;7;7;7;7;7;7;7
"13520";3;4;7;7;7;7;7;7;7
"13521";3;4;7;7;7;7;7;7;7
"13522";3;4;6;9;10;12;15;16;19
"13523";3;4;6;9;10;12;15;16;19
"13524";3;4;7;7;7;7;7;7;7
"13525";3;4;7;7;7;7;7;7;7
"13526";3;4;7;7;7;7;7;7;7
"13527";3;4;7;7;7;7;7;7;7
"13528";3;4;6;9;10;12;15;16;19
"13529";3;4;6;9;10;12;15;16;19
"13530";3;4;6;9;10;12;15;16;19
"13531";3;4;7;7;7;7;7;7;7
"13532";3;4;7;7;7;7;7;7;7
"13533";3;4;7;7;7;7;7;7;7
"13534";3;4;6;9;10;12;15;16;19
"13535";3;4;6;9;10;12;15;16;19
"13536";3;4;7;7;7;7;7;7;7
"13537";3;4;7;7;7;7;7;7;7
"13538";3;4;7;7;7;7;7;7;7
"13539";3;4;7;7;7;7;7;7;7
"13540";3;4;7;7;7;7;7;7;7
"13541";3;4;6;9;10;12;15;16;19
"13542";3;4;7;7;7;7;7;7;7
"13543";3;4;6;9;10;12;15;16;19
"13544";3;4;6;9;10;12;15;16;19
"13545";3;4;6;9;10;12;15;16;19
"13546";3;4;6;9;10;12;15;16;19
"13547";3;4;6;9;10;12;15;16;19
"13548";3;4;6;9;10;12;15;16;18
"13549";3;4;6;9;10;12;15;16;19
"13550";3;4;6;9;10;12;15;16;19
"13551";3;4;6;9;10;12;15;16;19
"13552";3;4;7;7;7;7;7;7;7
"13553";3;4;7;7;7;7;7;7;7
"13554";3;4;7;7;7;7;7;7;7
"13555";3;4;7;7;7;7;7;7;7
"13556";3;4;7;7;7;7;7;7;7
"13557";3;4;7;7;7;7;7;7;7
"13558";3;4;7;7;7;7;7;7;7
"13559";3;4;7;7;7;7;7;7;7
"13560";3;4;7;7;7;7;7;7;7
"13561";3;4;7;7;7;7;7;7;7
"13562";3;4;7;7;7;7;7;7;7
"13563";3;4;7;7;7;7;7;7;7
"13564";3;4;7;7;7;7;7;7;7
"13565";3;4;7;7;7;7;7;7;7
"13566";3;4;7;7;7;7;7;7;7
"13567";3;4;7;7;7;7;7;7;7
"13568";3;4;7;7;7;7;7;7;7
"13569";3;4;6;9;10;12;15;16;18
"13570";3;4;6;9;10;12;15;16;19
"13571";3;4;7;7;7;7;7;7;7
"13572";3;4;7;7;7;7;7;7;7
"13573";3;4;7;7;7;7;7;7;7
"13574";3;4;7;7;7;7;7;7;7
"13575";3;4;7;7;7;7;7;7;7
"13576";3;4;7;7;7;7;7;7;7
"13577";3;4;7;7;7;7;7;7;7
"13578";3;4;7;7;7;7;7;7;7
"13579";3;4;7;7;7;7;7;7;7
"13580";3;4;7;7;7;7;7;7;7
"13581";3;4;7;7;7;7;7;7;7
"13582";3;4;7;7;7;7;7;7;7
"13583";3;4;7;7;7;7;7;7;7
"13584";3;4;7;7;7;7;7;7;7
"13585";3;4;7;7;7;7;7;7;7
"13586";3;4;7;7;7;7;7;7;7
"13587";3;4;7;7;7;7;7;7;7
"13588";3;4;7;7;7;7;7;7;7
"13589";3;4;7;7;7;7;7;7;7
"13590";3;4;7;7;7;7;7;7;7
"13591";3;4;7;7;7;7;7;7;7
"13592";3;4;7;7;7;7;7;7;7
"13593";3;4;7;7;7;7;7;7;7
"13594";3;4;6;9;10;12;15;16;19
"13595";3;4;7;7;7;7;7;7;7
"13596";3;4;6;9;10;12;15;16;19
"13597";3;4;7;7;7;7;7;7;7
"13598";3;4;7;7;7;7;7;7;7
"13599";3;4;7;7;7;7;7;7;7
"13600";3;4;7;7;7;7;7;7;7
"13601";3;4;7;7;7;7;7;7;7
"13602";3;4;7;7;7;7;7;7;7
"13603";3;4;7;7;7;7;7;7;7
"13604";3;4;6;9;10;12;15;16;19
"13605";3;4;7;7;7;7;7;7;7
"13606";3;4;7;7;7;7;7;7;7
"13607";3;4;7;7;7;7;7;7;7
"13608";3;4;7;7;7;7;7;7;7
"13609";3;4;7;7;7;7;7;7;7
"13610";3;4;7;7;7;7;7;7;7
"13611";3;4;7;7;7;7;7;7;7
"13612";3;4;7;7;7;7;7;7;7
"13613";3;4;7;7;7;7;7;7;7
"13614";3;4;7;7;7;7;7;7;7
"13615";3;4;7;7;7;7;7;7;7
"13616";3;4;7;7;7;7;7;7;7
"13617";3;4;7;7;7;7;7;7;7
"13618";3;4;6;9;10;12;15;16;19
"13619";3;4;6;9;10;12;15;16;19
"13620";3;4;7;7;7;7;7;7;7
"13621";3;4;7;7;7;7;7;7;7
"13622";3;4;7;7;7;7;7;7;7
"13623";3;4;7;7;7;7;7;7;7
"13624";3;4;7;7;7;7;7;7;7
"13625";3;4;7;7;7;7;7;7;7
"13626";3;4;7;7;7;7;7;7;7
"13627";3;4;6;9;10;12;15;16;19
"13628";3;4;7;7;7;7;7;7;7
"13629";3;4;7;7;7;7;7;7;7
"13630";3;4;6;9;10;12;15;16;19
"13631";3;4;6;9;10;12;15;16;19
"13632";3;4;7;7;7;7;7;7;7
"13633";3;4;7;7;7;7;7;7;7
"13634";3;4;7;7;7;7;7;7;7
"13635";3;4;7;7;7;7;7;7;7
"13636";3;4;6;9;10;12;15;16;19
"13637";3;4;7;7;7;7;7;7;7
"13638";3;4;6;9;10;12;15;16;19
"13639";3;4;7;7;7;7;7;7;7
"13640";3;4;7;7;7;7;7;7;7
"13641";3;4;7;7;7;7;7;7;7
"13642";3;4;7;7;7;7;7;7;7
"13643";3;4;7;7;7;7;7;7;7
"13644";3;4;7;7;7;7;7;7;7
"13645";3;4;7;7;7;7;7;7;7
"13646";3;4;7;7;7;7;7;7;7
"13647";3;4;7;7;7;7;7;7;7
"13648";3;4;7;7;7;7;7;7;7
"13649";3;4;7;7;7;7;7;7;7
"13650";3;4;7;7;7;7;7;7;7
"13651";3;4;7;7;7;7;7;7;7
"13652";3;4;7;7;7;7;7;7;7
"13653";3;4;7;7;7;7;7;7;7
"13654";3;4;7;7;7;7;7;7;7
"13655";3;4;6;9;10;12;15;16;19
"13656";3;4;6;9;10;12;15;16;19
"13657";3;4;7;7;7;7;7;7;7
"13658";3;4;7;7;7;7;7;7;7
"13659";3;4;7;7;7;7;7;7;7
"13660";3;4;7;7;7;7;7;7;7
"13661";3;4;7;7;7;7;7;7;7
"13662";3;4;7;7;7;7;7;7;7
"13663";3;4;7;7;7;7;7;7;7
"13664";3;4;7;7;7;7;7;7;7
"13665";3;4;7;7;7;7;7;7;7
"13666";3;4;7;7;7;7;7;7;7
"13667";3;4;6;9;10;12;15;16;19
"13668";3;4;6;9;10;12;15;16;19
"13669";3;4;7;7;7;7;7;7;7
"13670";3;4;7;7;7;7;7;7;7
"13671";3;4;6;9;10;12;15;16;19
"13672";3;4;6;9;10;12;15;16;19
"13673";3;4;6;9;10;12;15;16;19
"13674";3;4;7;7;7;7;7;7;7
"13675";3;4;7;7;7;7;7;7;7
"13676";3;4;7;7;7;7;7;7;7
"13677";3;4;7;7;7;7;7;7;7
"13678";3;4;7;7;7;7;7;7;7
"13679";3;4;7;7;7;7;7;7;7
"13680";3;4;6;9;10;12;15;16;19
"13681";3;4;7;7;7;7;7;7;7
"13682";3;4;7;7;7;7;7;7;7
"13683";3;4;7;7;7;7;7;7;7
"13684";3;4;7;7;7;7;7;7;7
"13685";3;4;7;7;7;7;7;7;7
"13686";3;4;7;7;7;7;7;7;7
"13687";3;4;7;7;7;7;7;7;7
"13688";3;4;7;7;7;7;7;7;7
"13689";3;4;7;7;7;7;7;7;7
"13690";3;4;7;7;7;7;7;7;7
"13691";3;4;7;7;7;7;7;7;7
"13692";3;4;7;7;7;7;7;7;7
"13693";3;4;7;7;7;7;7;7;7
"13694";3;4;7;7;7;7;7;7;7
"13695";3;4;7;7;7;7;7;7;7
"13696";3;4;7;7;7;7;7;7;7
"13697";3;4;7;7;7;7;7;7;7
"13698";3;4;7;7;7;7;7;7;7
"13699";3;4;7;7;7;7;7;7;7
"13700";3;4;7;7;7;7;7;7;7
"13701";3;4;7;7;7;7;7;7;7
"13702";3;4;7;7;7;7;7;7;7
"13703";3;4;7;7;7;7;7;7;7
"13704";3;4;7;7;7;7;7;7;7
"13705";3;4;7;7;7;7;7;7;7
"13706";3;4;6;9;10;12;15;16;19
"13707";3;4;7;7;7;7;7;7;7
"13708";3;4;6;9;10;12;15;16;19
"13709";3;4;7;7;7;7;7;7;7
"13710";3;4;7;7;7;7;7;7;7
"13711";3;4;7;7;7;7;7;7;7
"13712";3;4;7;7;7;7;7;7;7
"13713";3;4;6;9;10;12;15;16;19
"13714";3;4;7;7;7;7;7;7;7
"13715";3;4;7;7;7;7;7;7;7
"13716";3;4;7;7;7;7;7;7;7
"13717";3;4;7;7;7;7;7;7;7
"13718";3;4;6;9;10;12;15;16;19
"13719";3;4;7;7;7;7;7;7;7
"13720";3;4;7;7;7;7;7;7;7
"13721";3;4;7;7;7;7;7;7;7
"13722";3;4;7;7;7;7;7;7;7
"13723";3;4;7;7;7;7;7;7;7
"13724";3;4;7;7;7;7;7;7;7
"13725";3;4;7;7;7;7;7;7;7
"13726";3;5;5;5;5;5;5;5;5
"13727";3;4;7;7;7;7;7;7;7
"13728";3;4;7;7;7;7;7;7;7
"13729";3;4;7;7;7;7;7;7;7
"13730";3;4;7;7;7;7;7;7;7
"13731";3;4;7;7;7;7;7;7;7
"13732";3;4;7;7;7;7;7;7;7
"13733";3;4;7;7;7;7;7;7;7
"13734";3;4;7;7;7;7;7;7;7
"13735";3;4;7;7;7;7;7;7;7
"13736";3;4;7;7;7;7;7;7;7
"13737";3;4;7;7;7;7;7;7;7
"13738";3;4;6;9;10;12;15;16;19
"13739";3;4;7;7;7;7;7;7;7
"13740";3;4;7;7;7;7;7;7;7
"13741";3;4;7;7;7;7;7;7;7
"13742";3;4;7;7;7;7;7;7;7
"13743";3;4;7;7;7;7;7;7;7
"13744";3;4;7;7;7;7;7;7;7
"13745";3;4;7;7;7;7;7;7;7
"13746";3;4;7;7;7;7;7;7;7
"13747";3;4;7;7;7;7;7;7;7
"13748";3;4;7;7;7;7;7;7;7
"13749";3;4;7;7;7;7;7;7;7
"13750";3;4;7;7;7;7;7;7;7
"13751";3;4;7;7;7;7;7;7;7
"13752";3;4;7;7;7;7;7;7;7
"13753";3;4;7;7;7;7;7;7;7
"13754";3;4;7;7;7;7;7;7;7
"13755";3;4;7;7;7;7;7;7;7
"13756";3;4;7;7;7;7;7;7;7
"13757";3;4;7;7;7;7;7;7;7
"13758";3;4;6;9;10;12;15;16;19
"13759";3;4;7;7;7;7;7;7;7
"13760";3;4;7;7;7;7;7;7;7
"13761";3;4;6;9;10;12;15;16;19
"13762";3;4;7;7;7;7;7;7;7
"13763";3;4;6;9;10;12;15;16;19
"13764";3;4;7;7;7;7;7;7;7
"13765";3;4;7;7;7;7;7;7;7
"13766";3;4;6;9;10;12;15;16;19
"13767";3;4;6;9;10;12;15;16;19
"13768";3;4;7;7;7;7;7;7;7
"13769";3;4;6;9;10;12;15;16;19
"13770";3;4;6;9;10;12;15;16;19
"13771";3;4;7;7;7;7;7;7;7
"13772";3;4;7;7;7;7;7;7;7
"13773";3;4;6;9;10;12;15;16;19
"13774";3;4;7;7;7;7;7;7;7
"13775";3;4;7;7;7;7;7;7;7
"13776";3;4;7;7;7;7;7;7;7
"13777";3;4;7;7;7;7;7;7;7
"13778";3;4;7;7;7;7;7;7;7
"13779";3;4;7;7;7;7;7;7;7
"13780";3;4;7;7;7;7;7;7;7
"13781";3;4;7;7;7;7;7;7;7
"13782";3;4;7;7;7;7;7;7;7
"13783";3;4;7;7;7;7;7;7;7
"13784";3;4;7;7;7;7;7;7;7
"13785";3;4;7;7;7;7;7;7;7
"13786";3;4;7;7;7;7;7;7;7
"13787";3;4;7;7;7;7;7;7;7
"13788";3;4;7;7;7;7;7;7;7
"13789";3;4;7;7;7;7;7;7;7
"13790";3;4;7;7;7;7;7;7;7
"13791";3;4;7;7;7;7;7;7;7
"13792";3;4;6;9;10;12;15;16;19
"13793";3;4;6;9;10;12;15;16;19
"13794";3;4;7;7;7;7;7;7;7
"13795";3;4;7;7;7;7;7;7;7
"13796";3;4;7;7;7;7;7;7;7
"13797";3;4;7;7;7;7;7;7;7
"13798";3;4;7;7;7;7;7;7;7
"13799";3;4;7;7;7;7;7;7;7
"13800";3;4;7;7;7;7;7;7;7
"13801";3;4;7;7;7;7;7;7;7
"13802";3;4;7;7;7;7;7;7;7
"13803";3;4;6;9;10;12;15;16;19
"13804";3;4;6;9;10;12;15;16;19
"13805";3;4;7;7;7;7;7;7;7
"13806";3;4;6;9;10;12;15;16;19
"13807";3;4;7;7;7;7;7;7;7
"13808";3;4;7;7;7;7;7;7;7
"13809";3;4;7;7;7;7;7;7;7
"13810";3;4;7;7;7;7;7;7;7
"13811";3;4;7;7;7;7;7;7;7
"13812";3;4;7;7;7;7;7;7;7
"13813";3;4;7;7;7;7;7;7;7
"13814";3;4;6;9;10;12;15;16;19
"13815";3;4;7;7;7;7;7;7;7
"13816";3;4;7;7;7;7;7;7;7
"13817";3;4;7;7;7;7;7;7;7
"13818";3;4;7;7;7;7;7;7;7
"13819";3;4;7;7;7;7;7;7;7
"13820";3;4;7;7;7;7;7;7;7
"13821";3;4;7;7;7;7;7;7;7
"13822";3;4;7;7;7;7;7;7;7
"13823";3;4;7;7;7;7;7;7;7
"13824";3;4;7;7;7;7;7;7;7
"13825";3;4;7;7;7;7;7;7;7
"13826";3;4;7;7;7;7;7;7;7
"13827";3;4;6;9;10;12;15;16;19
"13828";3;4;6;9;10;12;15;16;19
"13829";3;4;7;7;7;7;7;7;7
"13830";3;4;6;9;10;12;15;16;19
"13831";3;4;6;9;10;13;13;13;13
"13832";3;4;6;9;10;12;15;16;19
"13833";3;4;6;9;10;12;15;16;18
"13834";3;4;6;9;10;12;15;16;19
"13835";3;4;6;9;10;12;15;16;19
"13836";3;4;6;9;10;12;15;16;19
"13837";3;4;6;8;8;8;8;8;8
"13838";3;4;6;8;8;8;8;8;8
"13839";3;4;6;9;10;13;13;13;13
"13840";3;4;6;9;10;13;13;13;13
"13841";3;4;6;9;10;13;13;13;13
"13842";3;4;6;9;10;12;15;16;19
"13843";3;4;6;9;10;12;15;16;19
"13844";3;4;6;9;10;12;15;16;19
"13845";3;4;6;9;10;12;15;16;19
"13846";3;4;6;8;8;8;8;8;8
"13847";3;4;6;9;10;13;13;13;13
"13848";3;4;6;9;10;12;15;16;19
"13849";3;4;6;8;8;8;8;8;8
"13850";3;4;6;8;8;8;8;8;8
"13851";3;4;6;8;8;8;8;8;8
"13852";3;4;6;8;8;8;8;8;8
"13853";3;4;6;8;8;8;8;8;8
"13854";3;4;6;9;10;12;15;16;19
"13855";3;4;6;8;8;8;8;8;8
"13856";3;4;6;8;8;8;8;8;8
"13857";3;4;6;8;8;8;8;8;8
"13858";3;4;6;9;10;12;15;16;19
"13859";3;4;6;8;8;8;8;8;8
"13860";3;4;6;8;8;8;8;8;8
"13861";3;4;6;9;10;12;15;16;19
"13862";3;4;6;8;8;8;8;8;8
"13863";3;4;6;8;8;8;8;8;8
"13864";3;4;6;8;8;8;8;8;8
"13865";3;4;6;9;10;12;15;16;19
"13866";3;4;6;8;8;8;8;8;8
"13867";3;4;6;8;8;8;8;8;8
"13868";3;4;6;9;10;12;15;16;19
"13869";3;4;6;9;10;12;15;16;19
"13870";3;4;7;7;7;7;7;7;7
"13871";3;4;6;9;10;12;15;16;19
"13872";3;4;6;9;10;12;15;16;19
"13873";3;4;7;7;7;7;7;7;7
"13874";3;4;7;7;7;7;7;7;7
"13875";3;4;7;7;7;7;7;7;7
"13876";3;4;7;7;7;7;7;7;7
"13877";3;4;7;7;7;7;7;7;7
"13878";3;4;7;7;7;7;7;7;7
"13879";3;4;7;7;7;7;7;7;7
"13880";3;4;7;7;7;7;7;7;7
"13881";3;4;7;7;7;7;7;7;7
"13882";3;4;6;9;10;12;15;16;19
"13883";3;4;7;7;7;7;7;7;7
"13884";3;4;7;7;7;7;7;7;7
"13885";3;4;7;7;7;7;7;7;7
"13886";3;4;7;7;7;7;7;7;7
"13887";3;4;6;9;10;12;15;16;19
"13888";3;4;7;7;7;7;7;7;7
"13889";3;4;7;7;7;7;7;7;7
"13890";3;4;7;7;7;7;7;7;7
"13891";3;4;6;9;10;12;15;16;19
"13892";3;4;7;7;7;7;7;7;7
"13893";3;4;7;7;7;7;7;7;7
"13894";3;4;7;7;7;7;7;7;7
"13895";3;4;7;7;7;7;7;7;7
"13896";3;4;7;7;7;7;7;7;7
"13897";3;4;7;7;7;7;7;7;7
"13898";3;4;6;9;10;12;15;16;19
"13899";3;4;7;7;7;7;7;7;7
"13900";3;4;7;7;7;7;7;7;7
"13901";3;4;7;7;7;7;7;7;7
"13902";3;4;6;9;10;12;15;16;19
"13903";3;4;7;7;7;7;7;7;7
"13904";3;4;7;7;7;7;7;7;7
"13905";3;4;7;7;7;7;7;7;7
"13906";3;4;7;7;7;7;7;7;7
"13907";3;4;7;7;7;7;7;7;7
"13908";3;4;6;9;10;12;15;16;19
"13909";3;4;7;7;7;7;7;7;7
"13910";3;4;7;7;7;7;7;7;7
"13911";3;4;6;9;10;12;15;16;19
"13912";3;4;6;8;8;8;8;8;8
"13913";3;4;6;9;10;12;15;16;19
"13914";3;4;7;7;7;7;7;7;7
"13915";3;4;7;7;7;7;7;7;7
"13916";3;4;7;7;7;7;7;7;7
"13917";3;4;6;9;10;12;15;16;19
"13918";3;4;6;9;10;12;15;16;19
"13919";3;4;7;7;7;7;7;7;7
"13920";3;4;6;9;10;12;15;16;19
"13921";3;4;7;7;7;7;7;7;7
"13922";3;4;7;7;7;7;7;7;7
"13923";3;4;7;7;7;7;7;7;7
"13924";3;4;7;7;7;7;7;7;7
"13925";3;4;7;7;7;7;7;7;7
"13926";3;4;7;7;7;7;7;7;7
"13927";3;4;7;7;7;7;7;7;7
"13928";3;4;7;7;7;7;7;7;7
"13929";3;4;7;7;7;7;7;7;7
"13930";3;4;6;9;10;12;15;16;19
"13931";3;4;6;8;8;8;8;8;8
"13932";3;4;7;7;7;7;7;7;7
"13933";3;4;7;7;7;7;7;7;7
"13934";3;4;7;7;7;7;7;7;7
"13935";3;4;7;7;7;7;7;7;7
"13936";3;4;7;7;7;7;7;7;7
"13937";3;4;7;7;7;7;7;7;7
"13938";3;4;6;9;10;12;15;16;19
"13939";3;4;6;9;10;12;15;16;19
"13940";3;4;7;7;7;7;7;7;7
"13941";3;4;7;7;7;7;7;7;7
"13942";3;4;7;7;7;7;7;7;7
"13943";3;4;7;7;7;7;7;7;7
"13944";3;4;7;7;7;7;7;7;7
"13945";3;4;7;7;7;7;7;7;7
"13946";3;4;7;7;7;7;7;7;7
"13947";3;4;7;7;7;7;7;7;7
"13948";3;4;7;7;7;7;7;7;7
"13949";3;4;6;9;10;12;15;16;19
"13950";3;4;6;9;10;12;15;16;19
"13951";3;4;7;7;7;7;7;7;7
"13952";3;4;7;7;7;7;7;7;7
"13953";3;4;6;9;10;12;15;16;19
"13954";3;4;7;7;7;7;7;7;7
"13955";3;4;6;9;10;12;15;16;19
"13956";3;4;7;7;7;7;7;7;7
"13957";3;4;7;7;7;7;7;7;7
"13958";3;4;7;7;7;7;7;7;7
"13959";3;4;6;9;10;12;15;16;19
"13960";3;4;7;7;7;7;7;7;7
"13961";3;4;7;7;7;7;7;7;7
"13962";3;4;6;9;10;12;15;16;19
"13963";3;4;7;7;7;7;7;7;7
"13964";3;4;7;7;7;7;7;7;7
"13965";3;4;7;7;7;7;7;7;7
"13966";3;4;7;7;7;7;7;7;7
"13967";3;4;6;9;10;12;15;16;19
"13968";3;4;6;9;10;12;15;16;19
"13969";3;4;6;9;10;12;15;16;19
"13970";3;4;7;7;7;7;7;7;7
"13971";3;4;7;7;7;7;7;7;7
"13972";3;4;7;7;7;7;7;7;7
"13973";3;4;6;9;10;12;15;16;19
"13974";3;4;7;7;7;7;7;7;7
"13975";3;4;7;7;7;7;7;7;7
"13976";3;4;7;7;7;7;7;7;7
"13977";3;4;7;7;7;7;7;7;7
"13978";3;4;7;7;7;7;7;7;7
"13979";3;4;7;7;7;7;7;7;7
"13980";3;4;7;7;7;7;7;7;7
"13981";3;4;7;7;7;7;7;7;7
"13982";3;4;7;7;7;7;7;7;7
"13983";3;4;6;9;10;12;15;16;19
"13984";3;4;7;7;7;7;7;7;7
"13985";3;4;7;7;7;7;7;7;7
"13986";3;4;7;7;7;7;7;7;7
"13987";3;4;7;7;7;7;7;7;7
"13988";3;4;7;7;7;7;7;7;7
"13989";3;4;7;7;7;7;7;7;7
"13990";3;4;7;7;7;7;7;7;7
"13991";3;4;7;7;7;7;7;7;7
"13992";3;4;6;9;10;12;15;16;19
"13993";3;4;7;7;7;7;7;7;7
"13994";3;4;6;9;10;12;15;16;19
"13995";3;4;7;7;7;7;7;7;7
"13996";3;4;7;7;7;7;7;7;7
"13997";3;4;7;7;7;7;7;7;7
"13998";3;4;6;9;10;12;15;16;19
"13999";3;4;6;9;10;12;15;16;19
"14000";3;4;7;7;7;7;7;7;7
"14001";3;4;6;9;10;12;15;16;19
"14002";3;4;6;9;10;12;15;16;19
"14003";3;4;6;9;10;12;15;16;19
"14004";3;4;7;7;7;7;7;7;7
"14005";3;4;7;7;7;7;7;7;7
"14006";3;4;7;7;7;7;7;7;7
"14007";3;4;7;7;7;7;7;7;7
"14008";3;4;6;9;10;12;15;16;19
"14009";3;4;7;7;7;7;7;7;7
"14010";3;4;7;7;7;7;7;7;7
"14011";3;4;7;7;7;7;7;7;7
"14012";3;4;6;9;10;12;15;16;19
"14013";3;4;7;7;7;7;7;7;7
"14014";3;4;7;7;7;7;7;7;7
"14015";3;4;7;7;7;7;7;7;7
"14016";3;4;7;7;7;7;7;7;7
"14017";3;4;7;7;7;7;7;7;7
"14018";3;4;6;9;10;12;15;16;19
"14019";3;4;6;9;10;12;15;16;19
"14020";3;4;7;7;7;7;7;7;7
"14021";3;4;6;9;10;12;15;16;19
"14022";3;4;6;9;10;12;15;16;19
"14023";3;4;6;9;10;12;15;16;19
"14024";3;4;6;9;10;12;15;16;19
"14025";3;4;7;7;7;7;7;7;7
"14026";3;4;7;7;7;7;7;7;7
"14027";3;4;7;7;7;7;7;7;7
"14028";3;4;6;9;10;12;15;16;19
"14029";3;4;6;9;10;12;15;16;19
"14030";3;4;7;7;7;7;7;7;7
"14031";3;4;6;9;10;12;15;16;19
"14032";3;4;7;7;7;7;7;7;7
"14033";3;4;7;7;7;7;7;7;7
"14034";3;4;7;7;7;7;7;7;7
"14035";3;4;6;9;10;12;15;16;19
"14036";3;4;6;9;10;12;15;16;19
"14037";3;4;6;9;10;12;15;16;19
"14038";3;4;7;7;7;7;7;7;7
"14039";3;4;7;7;7;7;7;7;7
"14040";3;4;7;7;7;7;7;7;7
"14041";3;4;7;7;7;7;7;7;7
"14042";3;4;7;7;7;7;7;7;7
"14043";3;4;7;7;7;7;7;7;7
"14044";3;4;7;7;7;7;7;7;7
"14045";3;4;7;7;7;7;7;7;7
"14046";3;4;7;7;7;7;7;7;7
"14047";3;4;7;7;7;7;7;7;7
"14048";3;4;7;7;7;7;7;7;7
"14049";3;4;7;7;7;7;7;7;7
"14050";3;4;7;7;7;7;7;7;7
"14051";3;4;7;7;7;7;7;7;7
"14052";3;4;7;7;7;7;7;7;7
"14053";3;4;7;7;7;7;7;7;7
"14054";3;4;7;7;7;7;7;7;7
"14055";3;4;7;7;7;7;7;7;7
"14056";3;4;7;7;7;7;7;7;7
"14057";3;4;7;7;7;7;7;7;7
"14058";3;4;7;7;7;7;7;7;7
"14059";3;4;7;7;7;7;7;7;7
"14060";3;4;7;7;7;7;7;7;7
"14061";3;4;7;7;7;7;7;7;7
"14062";3;4;7;7;7;7;7;7;7
"14063";3;4;6;9;10;12;15;16;19
"14064";3;4;6;9;10;12;15;16;19
"14065";3;4;6;9;10;12;15;16;19
"14066";3;4;7;7;7;7;7;7;7
"14067";3;4;7;7;7;7;7;7;7
"14068";3;4;7;7;7;7;7;7;7
"14069";3;4;7;7;7;7;7;7;7
"14070";3;4;6;9;10;12;15;16;19
"14071";3;4;6;9;10;12;15;16;19
"14072";3;4;7;7;7;7;7;7;7
"14073";3;4;7;7;7;7;7;7;7
"14074";3;4;6;9;10;12;15;16;19
"14075";3;4;7;7;7;7;7;7;7
"14076";3;4;7;7;7;7;7;7;7
"14077";3;4;7;7;7;7;7;7;7
"14078";3;4;7;7;7;7;7;7;7
"14079";3;4;7;7;7;7;7;7;7
"14080";3;4;6;9;10;12;15;16;19
"14081";3;4;6;9;10;12;15;16;19
"14082";3;4;7;7;7;7;7;7;7
"14083";3;4;6;9;10;12;15;16;19
"14084";3;4;6;9;10;12;15;16;19
"14085";3;4;7;7;7;7;7;7;7
"14086";3;4;6;9;10;12;15;16;19
"14087";3;4;7;7;7;7;7;7;7
"14088";3;4;6;9;10;12;15;16;19
"14089";3;4;6;9;10;12;15;16;19
"14090";3;4;6;9;10;12;15;16;19
"14091";3;4;7;7;7;7;7;7;7
"14092";3;4;7;7;7;7;7;7;7
"14093";3;4;7;7;7;7;7;7;7
"14094";3;4;7;7;7;7;7;7;7
"14095";3;4;7;7;7;7;7;7;7
"14096";3;4;7;7;7;7;7;7;7
"14097";3;4;7;7;7;7;7;7;7
"14098";3;4;7;7;7;7;7;7;7
"14099";3;4;7;7;7;7;7;7;7
"14100";3;4;7;7;7;7;7;7;7
"14101";3;4;7;7;7;7;7;7;7
"14102";3;4;7;7;7;7;7;7;7
"14103";3;4;7;7;7;7;7;7;7
"14104";3;4;7;7;7;7;7;7;7
"14105";3;4;7;7;7;7;7;7;7
"14106";3;4;7;7;7;7;7;7;7
"14107";3;4;7;7;7;7;7;7;7
"14108";3;4;7;7;7;7;7;7;7
"14109";3;4;7;7;7;7;7;7;7
"14110";3;4;7;7;7;7;7;7;7
"14111";3;4;7;7;7;7;7;7;7
"14112";3;4;7;7;7;7;7;7;7
"14113";3;4;7;7;7;7;7;7;7
"14114";3;4;6;9;10;12;15;16;19
"14115";3;4;7;7;7;7;7;7;7
"14116";3;4;7;7;7;7;7;7;7
"14117";3;4;7;7;7;7;7;7;7
"14118";3;4;7;7;7;7;7;7;7
"14119";3;4;7;7;7;7;7;7;7
"14120";3;4;7;7;7;7;7;7;7
"14121";3;4;7;7;7;7;7;7;7
"14122";3;4;7;7;7;7;7;7;7
"14123";3;4;7;7;7;7;7;7;7
"14124";3;4;7;7;7;7;7;7;7
"14125";3;4;7;7;7;7;7;7;7
"14126";3;4;7;7;7;7;7;7;7
"14127";3;4;6;9;10;12;15;16;19
"14128";3;4;7;7;7;7;7;7;7
"14129";3;4;6;9;10;12;15;16;19
"14130";3;4;6;9;10;12;15;16;19
"14131";3;4;7;7;7;7;7;7;7
"14132";3;4;7;7;7;7;7;7;7
"14133";3;4;7;7;7;7;7;7;7
"14134";3;4;7;7;7;7;7;7;7
"14135";3;4;7;7;7;7;7;7;7
"14136";3;4;7;7;7;7;7;7;7
"14137";3;4;7;7;7;7;7;7;7
"14138";3;4;7;7;7;7;7;7;7
"14139";3;4;7;7;7;7;7;7;7
"14140";3;4;7;7;7;7;7;7;7
"14141";3;4;7;7;7;7;7;7;7
"14142";3;4;7;7;7;7;7;7;7
"14143";3;4;7;7;7;7;7;7;7
"14144";3;4;7;7;7;7;7;7;7
"14145";3;4;7;7;7;7;7;7;7
"14146";3;4;7;7;7;7;7;7;7
"14147";3;4;7;7;7;7;7;7;7
"14148";3;4;7;7;7;7;7;7;7
"14149";3;4;7;7;7;7;7;7;7
"14150";3;4;7;7;7;7;7;7;7
"14151";3;4;7;7;7;7;7;7;7
"14152";3;4;7;7;7;7;7;7;7
"14153";3;4;7;7;7;7;7;7;7
"14154";3;4;7;7;7;7;7;7;7
"14155";3;4;7;7;7;7;7;7;7
"14156";3;4;7;7;7;7;7;7;7
"14157";3;4;7;7;7;7;7;7;7
"14158";3;4;7;7;7;7;7;7;7
"14159";3;4;7;7;7;7;7;7;7
"14160";3;4;7;7;7;7;7;7;7
"14161";3;4;7;7;7;7;7;7;7
"14162";3;4;7;7;7;7;7;7;7
"14163";3;4;7;7;7;7;7;7;7
"14164";3;4;7;7;7;7;7;7;7
"14165";3;4;7;7;7;7;7;7;7
"14166";3;4;7;7;7;7;7;7;7
"14167";3;4;7;7;7;7;7;7;7
"14168";3;4;7;7;7;7;7;7;7
"14169";3;4;7;7;7;7;7;7;7
"14170";3;4;7;7;7;7;7;7;7
"14171";3;4;7;7;7;7;7;7;7
"14172";3;4;7;7;7;7;7;7;7
"14173";3;4;7;7;7;7;7;7;7
"14174";3;4;7;7;7;7;7;7;7
"14175";3;4;7;7;7;7;7;7;7
"14176";3;4;7;7;7;7;7;7;7
"14177";3;4;6;9;10;12;15;16;19
"14178";3;4;7;7;7;7;7;7;7
"14179";3;4;7;7;7;7;7;7;7
"14180";3;4;7;7;7;7;7;7;7
"14181";3;4;7;7;7;7;7;7;7
"14182";3;4;7;7;7;7;7;7;7
"14183";3;4;7;7;7;7;7;7;7
"14184";3;4;7;7;7;7;7;7;7
"14185";3;4;7;7;7;7;7;7;7
"14186";3;4;7;7;7;7;7;7;7
"14187";3;4;7;7;7;7;7;7;7
"14188";3;4;7;7;7;7;7;7;7
"14189";3;4;7;7;7;7;7;7;7
"14190";3;4;7;7;7;7;7;7;7
"14191";3;4;7;7;7;7;7;7;7
"14192";3;4;7;7;7;7;7;7;7
"14193";3;4;7;7;7;7;7;7;7
"14194";3;4;7;7;7;7;7;7;7
"14195";3;4;7;7;7;7;7;7;7
"14196";3;4;7;7;7;7;7;7;7
"14197";3;4;7;7;7;7;7;7;7
"14198";3;4;7;7;7;7;7;7;7
"14199";3;4;7;7;7;7;7;7;7
"14200";3;4;7;7;7;7;7;7;7
"14201";3;4;7;7;7;7;7;7;7
"14202";3;4;7;7;7;7;7;7;7
"14203";3;4;6;9;10;12;15;16;19
"14204";3;4;7;7;7;7;7;7;7
"14205";3;4;7;7;7;7;7;7;7
"14206";3;4;7;7;7;7;7;7;7
"14207";3;4;7;7;7;7;7;7;7
"14208";3;4;7;7;7;7;7;7;7
"14209";3;4;7;7;7;7;7;7;7
"14210";3;4;7;7;7;7;7;7;7
"14211";3;4;6;9;10;12;15;16;19
"14212";3;4;7;7;7;7;7;7;7
"14213";3;4;7;7;7;7;7;7;7
"14214";3;4;6;9;10;12;15;16;19
"14215";3;4;7;7;7;7;7;7;7
"14216";3;4;7;7;7;7;7;7;7
"14217";3;4;6;9;10;12;15;16;19
"14218";3;4;7;7;7;7;7;7;7
"14219";3;4;7;7;7;7;7;7;7
"14220";3;4;7;7;7;7;7;7;7
"14221";3;4;7;7;7;7;7;7;7
"14222";3;4;7;7;7;7;7;7;7
"14223";3;4;7;7;7;7;7;7;7
"14224";3;4;6;9;10;12;15;16;19
"14225";3;4;7;7;7;7;7;7;7
"14226";3;4;6;9;10;12;15;16;19
"14227";3;4;7;7;7;7;7;7;7
"14228";3;4;7;7;7;7;7;7;7
"14229";3;4;7;7;7;7;7;7;7
"14230";3;4;7;7;7;7;7;7;7
"14231";3;4;7;7;7;7;7;7;7
"14232";3;4;7;7;7;7;7;7;7
"14233";3;4;7;7;7;7;7;7;7
"14234";3;4;7;7;7;7;7;7;7
"14235";3;4;7;7;7;7;7;7;7
"14236";3;4;7;7;7;7;7;7;7
"14237";3;4;7;7;7;7;7;7;7
"14238";3;4;6;9;10;12;15;16;19
"14239";3;4;7;7;7;7;7;7;7
"14240";3;4;7;7;7;7;7;7;7
"14241";3;4;7;7;7;7;7;7;7
"14242";3;4;7;7;7;7;7;7;7
"14243";3;4;7;7;7;7;7;7;7
"14244";3;4;7;7;7;7;7;7;7
"14245";3;4;7;7;7;7;7;7;7
"14246";3;4;7;7;7;7;7;7;7
"14247";3;4;7;7;7;7;7;7;7
"14248";3;4;7;7;7;7;7;7;7
"14249";3;4;7;7;7;7;7;7;7
"14250";3;4;7;7;7;7;7;7;7
"14251";3;4;7;7;7;7;7;7;7
"14252";3;4;7;7;7;7;7;7;7
"14253";3;4;7;7;7;7;7;7;7
"14254";3;4;7;7;7;7;7;7;7
"14255";3;4;7;7;7;7;7;7;7
"14256";3;4;7;7;7;7;7;7;7
"14257";3;4;7;7;7;7;7;7;7
"14258";3;4;7;7;7;7;7;7;7
"14259";3;4;7;7;7;7;7;7;7
"14260";3;4;7;7;7;7;7;7;7
"14261";3;4;7;7;7;7;7;7;7
"14262";3;4;7;7;7;7;7;7;7
"14263";3;4;7;7;7;7;7;7;7
"14264";3;4;7;7;7;7;7;7;7
"14265";3;4;7;7;7;7;7;7;7
"14266";3;4;7;7;7;7;7;7;7
"14267";3;4;7;7;7;7;7;7;7
"14268";3;4;7;7;7;7;7;7;7
"14269";3;4;7;7;7;7;7;7;7
"14270";3;4;7;7;7;7;7;7;7
"14271";3;4;7;7;7;7;7;7;7
"14272";3;4;7;7;7;7;7;7;7
"14273";3;4;7;7;7;7;7;7;7
"14274";3;4;6;9;10;12;15;16;19
"14275";3;4;7;7;7;7;7;7;7
"14276";3;4;6;9;10;12;15;16;19
"14277";3;4;7;7;7;7;7;7;7
"14278";3;4;7;7;7;7;7;7;7
"14279";3;4;7;7;7;7;7;7;7
"14280";3;4;7;7;7;7;7;7;7
"14281";3;4;6;9;10;12;15;16;19
"14282";3;4;6;9;10;12;15;16;19
"14283";3;4;7;7;7;7;7;7;7
"14284";3;4;6;9;10;12;15;16;19
"14285";3;4;7;7;7;7;7;7;7
"14286";3;4;7;7;7;7;7;7;7
"14287";3;4;7;7;7;7;7;7;7
"14288";3;4;7;7;7;7;7;7;7
"14289";3;4;7;7;7;7;7;7;7
"14290";3;4;7;7;7;7;7;7;7
"14291";3;4;7;7;7;7;7;7;7
"14292";3;4;7;7;7;7;7;7;7
"14293";3;4;6;9;10;12;15;16;19
"14294";3;4;7;7;7;7;7;7;7
"14295";3;4;7;7;7;7;7;7;7
"14296";3;4;7;7;7;7;7;7;7
"14297";3;4;7;7;7;7;7;7;7
"14298";3;4;7;7;7;7;7;7;7
"14299";3;4;7;7;7;7;7;7;7
"14300";3;4;6;9;10;12;15;16;19
"14301";3;4;7;7;7;7;7;7;7
"14302";3;4;7;7;7;7;7;7;7
"14303";3;4;7;7;7;7;7;7;7
"14304";3;4;7;7;7;7;7;7;7
"14305";3;4;6;9;10;12;15;16;19
"14306";3;4;7;7;7;7;7;7;7
"14307";3;4;7;7;7;7;7;7;7
"14308";3;4;6;9;10;12;15;16;19
"14309";3;4;7;7;7;7;7;7;7
"14310";3;4;7;7;7;7;7;7;7
"14311";3;4;7;7;7;7;7;7;7
"14312";3;4;7;7;7;7;7;7;7
"14313";3;4;7;7;7;7;7;7;7
"14314";3;4;7;7;7;7;7;7;7
"14315";3;4;6;9;10;12;15;16;19
"14316";3;4;7;7;7;7;7;7;7
"14317";3;4;7;7;7;7;7;7;7
"14318";3;4;7;7;7;7;7;7;7
"14319";3;4;6;9;10;12;15;16;19
"14320";3;4;6;9;10;12;15;16;19
"14321";3;4;6;9;10;12;15;16;19
"14322";3;4;6;9;10;12;15;16;19
"14323";3;4;7;7;7;7;7;7;7
"14324";3;4;7;7;7;7;7;7;7
"14325";3;4;7;7;7;7;7;7;7
"14326";3;4;7;7;7;7;7;7;7
"14327";3;4;7;7;7;7;7;7;7
"14328";3;4;7;7;7;7;7;7;7
"14329";3;4;6;9;10;12;15;16;19
"14330";3;4;6;9;10;12;15;16;19
"14331";3;4;6;9;10;12;15;16;19
"14332";3;4;7;7;7;7;7;7;7
"14333";3;4;7;7;7;7;7;7;7
"14334";3;4;7;7;7;7;7;7;7
"14335";3;4;7;7;7;7;7;7;7
"14336";3;4;6;9;10;12;15;16;19
"14337";3;5;5;5;5;5;5;5;5
"14338";3;4;6;9;10;12;15;16;19
"14339";3;4;6;9;10;12;15;16;19
"14340";3;4;6;9;10;12;15;16;19
"14341";3;4;7;7;7;7;7;7;7
"14342";3;4;6;9;10;12;15;16;19
"14343";3;4;7;7;7;7;7;7;7
"14344";3;4;6;9;10;12;15;16;19
"14345";3;4;7;7;7;7;7;7;7
"14346";3;4;7;7;7;7;7;7;7
"14347";3;4;7;7;7;7;7;7;7
"14348";3;4;7;7;7;7;7;7;7
"14349";3;4;6;9;10;12;15;16;19
"14350";3;4;6;9;10;12;15;16;19
"14351";3;4;6;9;10;12;15;16;19
"14352";3;4;6;9;10;12;15;16;19
"14353";3;4;6;9;10;12;15;16;19
"14354";3;4;7;7;7;7;7;7;7
"14355";3;4;7;7;7;7;7;7;7
"14356";3;4;7;7;7;7;7;7;7
"14357";3;4;6;9;10;12;15;16;19
"14358";3;4;6;9;10;12;15;16;19
"14359";3;4;7;7;7;7;7;7;7
"14360";3;4;7;7;7;7;7;7;7
"14361";3;4;7;7;7;7;7;7;7
"14362";3;4;6;9;10;12;15;16;19
"14363";3;4;6;9;10;12;15;16;19
"14364";3;4;7;7;7;7;7;7;7
"14365";3;4;7;7;7;7;7;7;7
"14366";3;4;7;7;7;7;7;7;7
"14367";3;4;7;7;7;7;7;7;7
"14368";3;4;7;7;7;7;7;7;7
"14369";3;4;6;9;10;12;15;16;19
"14370";3;4;7;7;7;7;7;7;7
"14371";3;4;7;7;7;7;7;7;7
"14372";3;4;7;7;7;7;7;7;7
"14373";3;4;7;7;7;7;7;7;7
"14374";3;4;7;7;7;7;7;7;7
"14375";3;4;7;7;7;7;7;7;7
"14376";3;4;7;7;7;7;7;7;7
"14377";3;4;7;7;7;7;7;7;7
"14378";3;4;7;7;7;7;7;7;7
"14379";3;4;6;9;10;12;15;16;19
"14380";3;4;7;7;7;7;7;7;7
"14381";3;4;7;7;7;7;7;7;7
"14382";3;4;6;9;10;12;15;16;19
"14383";3;4;6;9;10;12;15;16;19
"14384";3;4;6;8;8;8;8;8;8
"14385";3;4;7;7;7;7;7;7;7
"14386";3;4;7;7;7;7;7;7;7
"14387";3;4;7;7;7;7;7;7;7
"14388";3;4;6;9;10;12;15;16;19
"14389";3;4;6;9;10;12;15;16;19
"14390";3;4;6;9;10;12;15;16;19
"14391";3;4;7;7;7;7;7;7;7
"14392";3;4;7;7;7;7;7;7;7
"14393";3;4;7;7;7;7;7;7;7
"14394";3;4;6;9;10;12;15;16;19
"14395";3;4;6;9;10;12;15;16;19
"14396";3;4;6;9;10;12;15;16;19
"14397";3;4;7;7;7;7;7;7;7
"14398";3;4;7;7;7;7;7;7;7
"14399";3;4;6;9;10;12;15;16;19
"14400";3;4;6;9;10;12;15;16;19
"14401";3;4;6;9;10;12;15;16;19
"14402";3;4;6;9;10;12;15;16;19
"14403";3;4;6;9;10;12;15;16;19
"14404";3;4;6;9;10;12;15;16;19
"14405";3;4;6;9;10;12;15;16;19
"14406";3;4;6;9;10;12;15;16;19
"14407";3;4;7;7;7;7;7;7;7
"14408";3;4;7;7;7;7;7;7;7
"14409";3;4;6;9;10;12;15;16;19
"14410";3;4;7;7;7;7;7;7;7
"14411";3;4;6;9;10;12;15;16;19
"14412";3;4;7;7;7;7;7;7;7
"14413";3;4;7;7;7;7;7;7;7
"14414";3;4;7;7;7;7;7;7;7
"14415";3;4;7;7;7;7;7;7;7
"14416";3;4;7;7;7;7;7;7;7
"14417";3;4;7;7;7;7;7;7;7
"14418";3;4;7;7;7;7;7;7;7
"14419";3;4;7;7;7;7;7;7;7
"14420";3;4;7;7;7;7;7;7;7
"14421";3;4;7;7;7;7;7;7;7
"14422";3;4;7;7;7;7;7;7;7
"14423";3;4;7;7;7;7;7;7;7
"14424";3;4;7;7;7;7;7;7;7
"14425";3;4;7;7;7;7;7;7;7
"14426";3;4;7;7;7;7;7;7;7
"14427";3;4;7;7;7;7;7;7;7
"14428";3;4;7;7;7;7;7;7;7
"14429";3;4;7;7;7;7;7;7;7
"14430";3;4;7;7;7;7;7;7;7
"14431";3;4;7;7;7;7;7;7;7
"14432";3;4;7;7;7;7;7;7;7
"14433";3;4;7;7;7;7;7;7;7
"14434";3;4;6;9;10;12;15;16;19
"14435";3;4;7;7;7;7;7;7;7
"14436";3;4;7;7;7;7;7;7;7
"14437";3;4;7;7;7;7;7;7;7
"14438";3;4;7;7;7;7;7;7;7
"14439";3;4;7;7;7;7;7;7;7
"14440";3;4;7;7;7;7;7;7;7
"14441";3;4;7;7;7;7;7;7;7
"14442";3;4;6;9;10;12;15;16;19
"14443";3;4;6;9;10;12;15;16;19
"14444";3;4;7;7;7;7;7;7;7
"14445";3;4;7;7;7;7;7;7;7
"14446";3;4;7;7;7;7;7;7;7
"14447";3;4;7;7;7;7;7;7;7
"14448";3;4;7;7;7;7;7;7;7
"14449";3;4;7;7;7;7;7;7;7
"14450";3;4;6;9;10;12;15;16;19
"14451";3;4;6;9;10;12;15;16;19
"14452";3;4;7;7;7;7;7;7;7
"14453";3;4;7;7;7;7;7;7;7
"14454";3;4;7;7;7;7;7;7;7
"14455";3;4;7;7;7;7;7;7;7
"14456";3;4;7;7;7;7;7;7;7
"14457";3;4;7;7;7;7;7;7;7
"14458";3;4;7;7;7;7;7;7;7
"14459";3;4;7;7;7;7;7;7;7
"14460";3;4;7;7;7;7;7;7;7
"14461";3;4;7;7;7;7;7;7;7
"14462";3;4;7;7;7;7;7;7;7
"14463";3;4;7;7;7;7;7;7;7
"14464";3;4;7;7;7;7;7;7;7
"14465";3;4;7;7;7;7;7;7;7
"14466";3;4;7;7;7;7;7;7;7
"14467";3;4;7;7;7;7;7;7;7
"14468";3;4;7;7;7;7;7;7;7
"14469";3;4;7;7;7;7;7;7;7
"14470";3;4;7;7;7;7;7;7;7
"14471";3;4;7;7;7;7;7;7;7
"14472";3;4;7;7;7;7;7;7;7
"14473";3;4;7;7;7;7;7;7;7
"14474";3;4;7;7;7;7;7;7;7
"14475";3;4;7;7;7;7;7;7;7
"14476";3;4;7;7;7;7;7;7;7
"14477";3;4;7;7;7;7;7;7;7
"14478";3;4;7;7;7;7;7;7;7
"14479";3;4;7;7;7;7;7;7;7
"14480";3;4;7;7;7;7;7;7;7
"14481";3;4;7;7;7;7;7;7;7
"14482";3;4;7;7;7;7;7;7;7
"14483";3;4;7;7;7;7;7;7;7
"14484";3;4;7;7;7;7;7;7;7
"14485";3;4;7;7;7;7;7;7;7
"14486";3;4;7;7;7;7;7;7;7
"14487";3;4;7;7;7;7;7;7;7
"14488";3;4;6;9;10;12;15;16;19
"14489";3;4;7;7;7;7;7;7;7
"14490";3;4;7;7;7;7;7;7;7
"14491";3;4;7;7;7;7;7;7;7
"14492";3;4;7;7;7;7;7;7;7
"14493";3;4;6;9;10;12;15;16;19
"14494";3;4;7;7;7;7;7;7;7
"14495";3;4;7;7;7;7;7;7;7
"14496";3;4;7;7;7;7;7;7;7
"14497";3;4;7;7;7;7;7;7;7
"14498";3;4;7;7;7;7;7;7;7
"14499";3;4;7;7;7;7;7;7;7
"14500";3;4;7;7;7;7;7;7;7
"14501";3;4;6;9;10;12;15;16;19
"14502";3;4;7;7;7;7;7;7;7
"14503";3;4;7;7;7;7;7;7;7
"14504";3;4;7;7;7;7;7;7;7
"14505";3;4;7;7;7;7;7;7;7
"14506";3;4;7;7;7;7;7;7;7
"14507";3;4;7;7;7;7;7;7;7
"14508";3;4;7;7;7;7;7;7;7
"14509";3;4;7;7;7;7;7;7;7
"14510";3;4;7;7;7;7;7;7;7
"14511";3;4;7;7;7;7;7;7;7
"14512";3;4;7;7;7;7;7;7;7
"14513";3;4;7;7;7;7;7;7;7
"14514";3;4;7;7;7;7;7;7;7
"14515";3;4;7;7;7;7;7;7;7
"14516";3;4;7;7;7;7;7;7;7
"14517";3;4;7;7;7;7;7;7;7
"14518";3;4;7;7;7;7;7;7;7
"14519";3;4;7;7;7;7;7;7;7
"14520";3;4;7;7;7;7;7;7;7
"14521";3;4;7;7;7;7;7;7;7
"14522";3;4;6;9;10;12;15;16;19
"14523";3;4;7;7;7;7;7;7;7
"14524";3;4;6;9;10;12;15;16;19
"14525";3;4;7;7;7;7;7;7;7
"14526";3;4;7;7;7;7;7;7;7
"14527";3;4;6;9;10;12;15;16;19
"14528";3;4;6;9;10;12;15;16;19
"14529";3;4;7;7;7;7;7;7;7
"14530";3;4;7;7;7;7;7;7;7
"14531";3;4;7;7;7;7;7;7;7
"14532";3;4;7;7;7;7;7;7;7
"14533";3;4;7;7;7;7;7;7;7
"14534";3;4;7;7;7;7;7;7;7
"14535";3;4;7;7;7;7;7;7;7
"14536";3;4;7;7;7;7;7;7;7
"14537";3;4;7;7;7;7;7;7;7
"14538";3;4;7;7;7;7;7;7;7
"14539";3;4;7;7;7;7;7;7;7
"14540";3;4;7;7;7;7;7;7;7
"14541";3;4;7;7;7;7;7;7;7
"14542";3;4;6;9;10;12;15;16;19
"14543";3;4;7;7;7;7;7;7;7
"14544";3;4;7;7;7;7;7;7;7
"14545";3;4;7;7;7;7;7;7;7
"14546";3;4;7;7;7;7;7;7;7
"14547";3;4;7;7;7;7;7;7;7
"14548";3;4;6;9;10;12;15;16;19
"14549";3;4;7;7;7;7;7;7;7
"14550";3;4;6;9;10;12;15;16;19
"14551";3;4;7;7;7;7;7;7;7
"14552";3;4;7;7;7;7;7;7;7
"14553";3;4;6;9;10;12;15;16;19
"14554";3;4;6;9;10;12;15;16;19
"14555";3;4;7;7;7;7;7;7;7
"14556";3;4;7;7;7;7;7;7;7
"14557";3;4;6;9;10;12;15;16;19
"14558";3;4;7;7;7;7;7;7;7
"14559";3;4;7;7;7;7;7;7;7
"14560";3;4;7;7;7;7;7;7;7
"14561";3;4;6;9;10;12;15;16;19
"14562";3;4;6;9;10;12;15;16;19
"14563";3;4;6;9;10;12;15;16;19
"14564";3;4;6;9;10;12;15;16;19
"14565";3;4;7;7;7;7;7;7;7
"14566";3;4;7;7;7;7;7;7;7
"14567";3;4;7;7;7;7;7;7;7
"14568";3;4;6;9;10;12;15;16;19
"14569";3;4;7;7;7;7;7;7;7
"14570";3;4;7;7;7;7;7;7;7
"14571";3;4;7;7;7;7;7;7;7
"14572";3;4;7;7;7;7;7;7;7
"14573";3;4;7;7;7;7;7;7;7
"14574";3;4;7;7;7;7;7;7;7
"14575";3;4;7;7;7;7;7;7;7
"14576";3;4;7;7;7;7;7;7;7
"14577";3;4;7;7;7;7;7;7;7
"14578";3;4;7;7;7;7;7;7;7
"14579";3;4;7;7;7;7;7;7;7
"14580";3;4;7;7;7;7;7;7;7
"14581";3;4;7;7;7;7;7;7;7
"14582";3;4;7;7;7;7;7;7;7
"14583";3;4;7;7;7;7;7;7;7
"14584";3;4;7;7;7;7;7;7;7
"14585";3;4;7;7;7;7;7;7;7
"14586";3;4;7;7;7;7;7;7;7
"14587";3;4;7;7;7;7;7;7;7
"14588";3;4;7;7;7;7;7;7;7
"14589";3;4;6;9;10;12;15;16;19
"14590";3;4;7;7;7;7;7;7;7
"14591";3;4;7;7;7;7;7;7;7
"14592";3;4;7;7;7;7;7;7;7
"14593";3;4;7;7;7;7;7;7;7
"14594";3;4;7;7;7;7;7;7;7
"14595";3;4;7;7;7;7;7;7;7
"14596";3;4;7;7;7;7;7;7;7
"14597";3;4;7;7;7;7;7;7;7
"14598";3;4;7;7;7;7;7;7;7
"14599";3;4;7;7;7;7;7;7;7
"14600";3;4;7;7;7;7;7;7;7
"14601";3;4;7;7;7;7;7;7;7
"14602";3;4;6;9;10;12;15;16;19
"14603";3;4;7;7;7;7;7;7;7
"14604";3;4;7;7;7;7;7;7;7
"14605";3;4;7;7;7;7;7;7;7
"14606";3;4;7;7;7;7;7;7;7
"14607";3;4;6;9;10;12;15;16;19
"14608";3;4;7;7;7;7;7;7;7
"14609";3;4;7;7;7;7;7;7;7
"14610";3;4;6;9;10;12;15;16;19
"14611";3;4;7;7;7;7;7;7;7
"14612";3;4;7;7;7;7;7;7;7
"14613";3;4;7;7;7;7;7;7;7
"14614";3;4;7;7;7;7;7;7;7
"14615";3;4;7;7;7;7;7;7;7
"14616";3;4;7;7;7;7;7;7;7
"14617";3;4;7;7;7;7;7;7;7
"14618";3;4;7;7;7;7;7;7;7
"14619";3;4;7;7;7;7;7;7;7
"14620";3;4;7;7;7;7;7;7;7
"14621";3;4;7;7;7;7;7;7;7
"14622";3;4;7;7;7;7;7;7;7
"14623";3;4;7;7;7;7;7;7;7
"14624";3;4;7;7;7;7;7;7;7
"14625";3;4;7;7;7;7;7;7;7
"14626";3;4;7;7;7;7;7;7;7
"14627";3;4;7;7;7;7;7;7;7
"14628";3;4;7;7;7;7;7;7;7
"14629";3;4;6;9;10;12;15;16;19
"14630";3;4;7;7;7;7;7;7;7
"14631";3;4;7;7;7;7;7;7;7
"14632";3;4;7;7;7;7;7;7;7
"14633";3;4;7;7;7;7;7;7;7
"14634";3;4;7;7;7;7;7;7;7
"14635";3;4;6;9;10;12;15;16;19
"14636";3;4;7;7;7;7;7;7;7
"14637";3;4;6;9;10;12;15;16;19
"14638";3;4;6;9;10;12;15;16;19
"14639";3;4;6;9;10;12;15;16;19
"14640";3;4;6;9;10;12;15;16;19
"14641";3;4;6;9;10;12;15;16;19
"14642";3;4;7;7;7;7;7;7;7
"14643";3;4;7;7;7;7;7;7;7
"14644";3;4;7;7;7;7;7;7;7
"14645";3;4;7;7;7;7;7;7;7
"14646";3;4;7;7;7;7;7;7;7
"14647";3;4;6;9;10;12;15;16;19
"14648";3;4;6;9;10;12;15;16;19
"14649";3;4;7;7;7;7;7;7;7
"14650";3;4;7;7;7;7;7;7;7
"14651";3;4;7;7;7;7;7;7;7
"14652";3;4;7;7;7;7;7;7;7
"14653";3;4;7;7;7;7;7;7;7
"14654";3;4;7;7;7;7;7;7;7
"14655";3;4;7;7;7;7;7;7;7
"14656";3;4;7;7;7;7;7;7;7
"14657";3;4;7;7;7;7;7;7;7
"14658";3;4;7;7;7;7;7;7;7
"14659";3;4;7;7;7;7;7;7;7
"14660";3;4;7;7;7;7;7;7;7
"14661";3;4;7;7;7;7;7;7;7
"14662";3;4;7;7;7;7;7;7;7
"14663";3;4;7;7;7;7;7;7;7
"14664";3;4;7;7;7;7;7;7;7
"14665";3;4;7;7;7;7;7;7;7
"14666";3;4;7;7;7;7;7;7;7
"14667";3;4;7;7;7;7;7;7;7
"14668";3;4;7;7;7;7;7;7;7
"14669";3;4;7;7;7;7;7;7;7
"14670";3;4;7;7;7;7;7;7;7
"14671";3;4;7;7;7;7;7;7;7
"14672";3;4;7;7;7;7;7;7;7
"14673";3;4;7;7;7;7;7;7;7
"14674";3;4;7;7;7;7;7;7;7
"14675";3;4;7;7;7;7;7;7;7
"14676";3;4;7;7;7;7;7;7;7
"14677";3;4;7;7;7;7;7;7;7
"14678";3;4;7;7;7;7;7;7;7
"14679";3;4;7;7;7;7;7;7;7
"14680";3;4;7;7;7;7;7;7;7
"14681";3;4;7;7;7;7;7;7;7
"14682";3;4;7;7;7;7;7;7;7
"14683";3;4;7;7;7;7;7;7;7
"14684";3;4;7;7;7;7;7;7;7
"14685";3;4;7;7;7;7;7;7;7
"14686";3;4;6;9;10;12;15;16;19
"14687";3;4;7;7;7;7;7;7;7
"14688";3;4;7;7;7;7;7;7;7
"14689";3;4;7;7;7;7;7;7;7
"14690";3;4;7;7;7;7;7;7;7
"14691";3;4;7;7;7;7;7;7;7
"14692";3;4;7;7;7;7;7;7;7
"14693";3;4;7;7;7;7;7;7;7
"14694";3;4;7;7;7;7;7;7;7
"14695";3;4;7;7;7;7;7;7;7
"14696";3;4;7;7;7;7;7;7;7
"14697";3;4;7;7;7;7;7;7;7
"14698";3;4;7;7;7;7;7;7;7
"14699";3;4;7;7;7;7;7;7;7
"14700";3;4;7;7;7;7;7;7;7
"14701";3;4;7;7;7;7;7;7;7
"14702";3;4;7;7;7;7;7;7;7
"14703";3;4;7;7;7;7;7;7;7
"14704";3;4;6;9;10;12;15;16;19
"14705";3;4;6;9;10;12;15;16;19
"14706";3;4;6;9;10;12;15;16;19
"14707";3;4;7;7;7;7;7;7;7
"14708";3;4;7;7;7;7;7;7;7
"14709";3;4;7;7;7;7;7;7;7
"14710";3;4;7;7;7;7;7;7;7
"14711";3;4;7;7;7;7;7;7;7
"14712";3;4;7;7;7;7;7;7;7
"14713";3;4;6;9;10;12;15;16;19
"14714";3;4;6;9;10;12;15;16;19
"14715";3;4;6;9;10;12;15;16;19
"14716";3;4;6;9;10;12;15;16;19
"14717";3;4;7;7;7;7;7;7;7
"14718";3;4;7;7;7;7;7;7;7
"14719";3;4;7;7;7;7;7;7;7
"14720";3;4;7;7;7;7;7;7;7
"14721";3;4;7;7;7;7;7;7;7
"14722";3;4;6;9;10;12;15;16;19
"14723";3;4;6;9;10;12;15;16;19
"14724";3;4;7;7;7;7;7;7;7
"14725";3;4;7;7;7;7;7;7;7
"14726";3;4;6;8;8;8;8;8;8
"14727";3;4;6;8;8;8;8;8;8
"14728";3;4;7;7;7;7;7;7;7
"14729";3;4;7;7;7;7;7;7;7
"14730";3;4;7;7;7;7;7;7;7
"14731";3;4;7;7;7;7;7;7;7
"14732";3;4;6;9;10;12;15;16;19
"14733";3;4;7;7;7;7;7;7;7
"14734";3;4;7;7;7;7;7;7;7
"14735";3;4;7;7;7;7;7;7;7
"14736";3;4;7;7;7;7;7;7;7
"14737";3;4;7;7;7;7;7;7;7
"14738";3;4;7;7;7;7;7;7;7
"14739";3;4;7;7;7;7;7;7;7
"14740";3;4;7;7;7;7;7;7;7
"14741";3;4;7;7;7;7;7;7;7
"14742";3;4;7;7;7;7;7;7;7
"14743";3;4;7;7;7;7;7;7;7
"14744";3;4;7;7;7;7;7;7;7
"14745";3;4;7;7;7;7;7;7;7
"14746";3;4;7;7;7;7;7;7;7
"14747";3;4;7;7;7;7;7;7;7
"14748";3;4;7;7;7;7;7;7;7
"14749";3;4;7;7;7;7;7;7;7
"14750";3;4;7;7;7;7;7;7;7
"14751";3;4;7;7;7;7;7;7;7
"14752";3;4;6;9;10;12;15;16;19
"14753";3;4;7;7;7;7;7;7;7
"14754";3;4;7;7;7;7;7;7;7
"14755";3;4;6;9;10;12;15;16;19
"14756";3;4;7;7;7;7;7;7;7
"14757";3;4;7;7;7;7;7;7;7
"14758";3;4;7;7;7;7;7;7;7
"14759";3;4;7;7;7;7;7;7;7
"14760";3;4;6;9;10;12;15;16;19
"14761";3;4;6;9;10;12;15;16;19
"14762";3;4;7;7;7;7;7;7;7
"14763";3;4;7;7;7;7;7;7;7
"14764";3;4;6;9;10;12;15;16;19
"14765";3;4;6;9;10;12;15;16;19
"14766";3;4;7;7;7;7;7;7;7
"14767";3;4;7;7;7;7;7;7;7
"14768";3;4;7;7;7;7;7;7;7
"14769";3;4;7;7;7;7;7;7;7
"14770";3;4;7;7;7;7;7;7;7
"14771";3;4;7;7;7;7;7;7;7
"14772";3;4;6;9;10;12;15;16;19
"14773";3;4;6;9;10;12;15;16;19
"14774";3;4;7;7;7;7;7;7;7
"14775";3;4;7;7;7;7;7;7;7
"14776";3;4;7;7;7;7;7;7;7
"14777";3;4;7;7;7;7;7;7;7
"14778";3;4;7;7;7;7;7;7;7
"14779";3;4;7;7;7;7;7;7;7
"14780";3;4;7;7;7;7;7;7;7
"14781";3;4;6;9;10;12;15;16;19
"14782";3;4;6;9;10;12;15;16;19
"14783";3;4;6;9;10;12;15;16;19
"14784";3;4;7;7;7;7;7;7;7
"14785";3;4;7;7;7;7;7;7;7
"14786";3;4;7;7;7;7;7;7;7
"14787";3;4;7;7;7;7;7;7;7
"14788";3;4;7;7;7;7;7;7;7
"14789";3;4;7;7;7;7;7;7;7
"14790";3;4;7;7;7;7;7;7;7
"14791";3;4;7;7;7;7;7;7;7
"14792";3;4;7;7;7;7;7;7;7
"14793";3;4;6;9;10;12;15;16;19
"14794";3;4;7;7;7;7;7;7;7
"14795";3;4;7;7;7;7;7;7;7
"14796";3;4;7;7;7;7;7;7;7
"14797";3;4;7;7;7;7;7;7;7
"14798";3;4;7;7;7;7;7;7;7
"14799";3;4;7;7;7;7;7;7;7
"14800";3;4;7;7;7;7;7;7;7
"14801";3;4;7;7;7;7;7;7;7
"14802";3;4;7;7;7;7;7;7;7
"14803";3;4;7;7;7;7;7;7;7
"14804";3;4;7;7;7;7;7;7;7
"14805";3;4;7;7;7;7;7;7;7
"14806";3;4;7;7;7;7;7;7;7
"14807";3;4;7;7;7;7;7;7;7
"14808";3;4;7;7;7;7;7;7;7
"14809";3;4;7;7;7;7;7;7;7
"14810";3;4;7;7;7;7;7;7;7
"14811";3;4;7;7;7;7;7;7;7
"14812";3;4;7;7;7;7;7;7;7
"14813";3;4;7;7;7;7;7;7;7
"14814";3;4;7;7;7;7;7;7;7
"14815";3;4;7;7;7;7;7;7;7
"14816";3;4;7;7;7;7;7;7;7
"14817";3;4;7;7;7;7;7;7;7
"14818";3;4;7;7;7;7;7;7;7
"14819";3;4;7;7;7;7;7;7;7
"14820";3;4;7;7;7;7;7;7;7
"14821";3;4;7;7;7;7;7;7;7
"14822";3;4;6;9;10;12;15;16;19
"14823";3;4;7;7;7;7;7;7;7
"14824";3;4;7;7;7;7;7;7;7
"14825";3;4;7;7;7;7;7;7;7
"14826";3;4;6;9;10;12;15;16;19
"14827";3;4;7;7;7;7;7;7;7
"14828";3;4;7;7;7;7;7;7;7
"14829";3;4;6;9;10;12;15;16;19
"14830";3;4;7;7;7;7;7;7;7
"14831";3;4;7;7;7;7;7;7;7
"14832";3;4;7;7;7;7;7;7;7
"14833";3;4;7;7;7;7;7;7;7
"14834";3;4;7;7;7;7;7;7;7
"14835";3;4;7;7;7;7;7;7;7
"14836";3;4;7;7;7;7;7;7;7
"14837";3;4;6;9;10;12;15;16;19
"14838";3;4;7;7;7;7;7;7;7
"14839";3;4;6;9;10;12;15;16;19
"14840";3;4;7;7;7;7;7;7;7
"14841";3;4;7;7;7;7;7;7;7
"14842";3;4;7;7;7;7;7;7;7
"14843";3;4;7;7;7;7;7;7;7
"14844";3;4;7;7;7;7;7;7;7
"14845";3;4;7;7;7;7;7;7;7
"14846";3;4;7;7;7;7;7;7;7
"14847";3;4;7;7;7;7;7;7;7
"14848";3;4;7;7;7;7;7;7;7
"14849";3;4;7;7;7;7;7;7;7
"14850";3;4;7;7;7;7;7;7;7
"14851";3;4;7;7;7;7;7;7;7
"14852";3;4;7;7;7;7;7;7;7
"14853";3;4;7;7;7;7;7;7;7
"14854";3;4;7;7;7;7;7;7;7
"14855";3;4;7;7;7;7;7;7;7
"14856";3;4;7;7;7;7;7;7;7
"14857";3;4;7;7;7;7;7;7;7
"14858";3;4;7;7;7;7;7;7;7
"14859";3;4;7;7;7;7;7;7;7
"14860";3;4;7;7;7;7;7;7;7
"14861";3;4;7;7;7;7;7;7;7
"14862";3;4;7;7;7;7;7;7;7
"14863";3;4;7;7;7;7;7;7;7
"14864";3;4;7;7;7;7;7;7;7
"14865";3;4;7;7;7;7;7;7;7
"14866";3;4;6;9;10;12;15;16;19
"14867";3;4;7;7;7;7;7;7;7
"14868";3;4;7;7;7;7;7;7;7
"14869";3;4;7;7;7;7;7;7;7
"14870";3;4;6;9;10;12;15;16;19
"14871";3;4;7;7;7;7;7;7;7
"14872";3;5;5;5;5;5;5;5;5
"14873";3;4;6;9;10;12;15;16;19
"14874";3;4;6;9;10;12;15;16;19
"14875";3;4;7;7;7;7;7;7;7
"14876";3;4;7;7;7;7;7;7;7
"14877";3;4;7;7;7;7;7;7;7
"14878";3;4;7;7;7;7;7;7;7
"14879";3;4;6;9;10;12;15;16;18
"14880";3;4;6;9;10;12;15;16;19
"14881";3;4;7;7;7;7;7;7;7
"14882";3;4;7;7;7;7;7;7;7
"14883";3;4;7;7;7;7;7;7;7
"14884";3;4;7;7;7;7;7;7;7
"14885";3;4;7;7;7;7;7;7;7
"14886";3;4;7;7;7;7;7;7;7
"14887";3;4;7;7;7;7;7;7;7
"14888";3;4;7;7;7;7;7;7;7
"14889";3;4;7;7;7;7;7;7;7
"14890";3;4;7;7;7;7;7;7;7
"14891";3;4;7;7;7;7;7;7;7
"14892";3;4;7;7;7;7;7;7;7
"14893";3;4;7;7;7;7;7;7;7
"14894";3;4;7;7;7;7;7;7;7
"14895";3;4;7;7;7;7;7;7;7
"14896";3;4;7;7;7;7;7;7;7
"14897";3;4;7;7;7;7;7;7;7
"14898";3;4;7;7;7;7;7;7;7
"14899";3;4;7;7;7;7;7;7;7
"14900";3;4;7;7;7;7;7;7;7
"14901";3;4;7;7;7;7;7;7;7
"14902";3;4;6;9;10;12;15;16;19
"14903";3;4;7;7;7;7;7;7;7
"14904";3;4;6;9;10;12;15;16;19
"14905";3;4;7;7;7;7;7;7;7
"14906";3;4;7;7;7;7;7;7;7
"14907";3;4;7;7;7;7;7;7;7
"14908";3;4;6;9;10;12;15;16;19
"14909";3;4;6;9;10;12;15;16;19
"14910";3;4;7;7;7;7;7;7;7
"14911";3;4;7;7;7;7;7;7;7
"14912";3;4;7;7;7;7;7;7;7
"14913";3;4;7;7;7;7;7;7;7
"14914";3;4;7;7;7;7;7;7;7
"14915";3;4;7;7;7;7;7;7;7
"14916";3;4;7;7;7;7;7;7;7
"14917";3;4;7;7;7;7;7;7;7
"14918";3;4;7;7;7;7;7;7;7
"14919";3;4;7;7;7;7;7;7;7
"14920";3;4;6;9;10;12;15;16;19
"14921";3;4;7;7;7;7;7;7;7
"14922";3;4;7;7;7;7;7;7;7
"14923";3;4;7;7;7;7;7;7;7
"14924";3;4;7;7;7;7;7;7;7
"14925";3;4;6;9;10;12;15;16;19
"14926";3;4;6;9;10;12;15;16;19
"14927";3;4;7;7;7;7;7;7;7
"14928";3;4;7;7;7;7;7;7;7
"14929";3;4;7;7;7;7;7;7;7
"14930";3;4;6;9;10;12;15;16;19
"14931";3;4;7;7;7;7;7;7;7
"14932";3;4;7;7;7;7;7;7;7
"14933";3;4;7;7;7;7;7;7;7
"14934";3;4;7;7;7;7;7;7;7
"14935";3;4;7;7;7;7;7;7;7
"14936";3;4;7;7;7;7;7;7;7
"14937";3;4;7;7;7;7;7;7;7
"14938";3;4;7;7;7;7;7;7;7
"14939";3;4;7;7;7;7;7;7;7
"14940";3;4;7;7;7;7;7;7;7
"14941";3;4;7;7;7;7;7;7;7
"14942";3;4;6;9;10;12;15;16;19
"14943";3;4;6;9;10;12;15;16;19
"14944";3;4;7;7;7;7;7;7;7
"14945";3;4;7;7;7;7;7;7;7
"14946";3;4;7;7;7;7;7;7;7
"14947";3;4;7;7;7;7;7;7;7
"14948";3;4;7;7;7;7;7;7;7
"14949";3;4;7;7;7;7;7;7;7
"14950";3;4;7;7;7;7;7;7;7
"14951";3;4;6;9;10;12;15;16;19
"14952";3;4;6;9;10;12;15;16;19
"14953";3;4;7;7;7;7;7;7;7
"14954";3;4;7;7;7;7;7;7;7
"14955";3;4;7;7;7;7;7;7;7
"14956";3;4;7;7;7;7;7;7;7
"14957";3;4;7;7;7;7;7;7;7
"14958";3;4;7;7;7;7;7;7;7
"14959";3;4;7;7;7;7;7;7;7
"14960";3;4;7;7;7;7;7;7;7
"14961";3;4;7;7;7;7;7;7;7
"14962";3;4;6;9;10;12;15;16;19
"14963";3;4;6;9;10;12;15;16;19
"14964";3;4;7;7;7;7;7;7;7
"14965";3;4;7;7;7;7;7;7;7
"14966";3;4;7;7;7;7;7;7;7
"14967";3;4;7;7;7;7;7;7;7
"14968";3;4;7;7;7;7;7;7;7
"14969";3;4;7;7;7;7;7;7;7
"14970";3;4;7;7;7;7;7;7;7
"14971";3;4;7;7;7;7;7;7;7
"14972";3;4;7;7;7;7;7;7;7
"14973";3;4;7;7;7;7;7;7;7
"14974";3;4;7;7;7;7;7;7;7
"14975";3;4;7;7;7;7;7;7;7
"14976";3;4;7;7;7;7;7;7;7
"14977";3;4;7;7;7;7;7;7;7
"14978";3;4;7;7;7;7;7;7;7
"14979";3;4;7;7;7;7;7;7;7
"14980";3;4;7;7;7;7;7;7;7
"14981";3;4;7;7;7;7;7;7;7
"14982";3;4;7;7;7;7;7;7;7
"14983";3;4;7;7;7;7;7;7;7
"14984";3;4;7;7;7;7;7;7;7
"14985";3;4;7;7;7;7;7;7;7
"14986";3;4;7;7;7;7;7;7;7
"14987";3;4;7;7;7;7;7;7;7
"14988";3;4;7;7;7;7;7;7;7
"14989";3;4;7;7;7;7;7;7;7
"14990";3;4;7;7;7;7;7;7;7
"14991";3;4;7;7;7;7;7;7;7
"14992";3;4;7;7;7;7;7;7;7
"14993";3;4;7;7;7;7;7;7;7
"14994";3;4;7;7;7;7;7;7;7
"14995";3;4;7;7;7;7;7;7;7
"14996";3;4;7;7;7;7;7;7;7
"14997";3;4;7;7;7;7;7;7;7
"14998";3;4;7;7;7;7;7;7;7
"14999";3;4;7;7;7;7;7;7;7
"15000";3;4;7;7;7;7;7;7;7
"15001";3;4;7;7;7;7;7;7;7
"15002";3;4;7;7;7;7;7;7;7
"15003";3;4;7;7;7;7;7;7;7
"15004";3;4;7;7;7;7;7;7;7
"15005";3;4;7;7;7;7;7;7;7
"15006";3;4;6;9;10;12;15;16;19
"15007";3;4;7;7;7;7;7;7;7
"15008";3;4;7;7;7;7;7;7;7
"15009";3;4;7;7;7;7;7;7;7
"15010";3;4;7;7;7;7;7;7;7
"15011";3;4;7;7;7;7;7;7;7
"15012";3;4;7;7;7;7;7;7;7
"15013";3;4;7;7;7;7;7;7;7
"15014";3;4;7;7;7;7;7;7;7
"15015";3;4;7;7;7;7;7;7;7
"15016";3;4;7;7;7;7;7;7;7
"15017";3;4;7;7;7;7;7;7;7
"15018";3;4;7;7;7;7;7;7;7
"15019";3;4;7;7;7;7;7;7;7
"15020";3;4;7;7;7;7;7;7;7
"15021";3;4;7;7;7;7;7;7;7
"15022";3;4;7;7;7;7;7;7;7
"15023";3;4;7;7;7;7;7;7;7
"15024";3;4;7;7;7;7;7;7;7
"15025";3;4;7;7;7;7;7;7;7
"15026";3;4;7;7;7;7;7;7;7
"15027";3;4;7;7;7;7;7;7;7
"15028";3;4;7;7;7;7;7;7;7
"15029";3;4;7;7;7;7;7;7;7
"15030";3;4;7;7;7;7;7;7;7
"15031";3;4;7;7;7;7;7;7;7
"15032";3;4;7;7;7;7;7;7;7
"15033";3;4;7;7;7;7;7;7;7
"15034";3;4;7;7;7;7;7;7;7
"15035";3;4;7;7;7;7;7;7;7
"15036";3;4;7;7;7;7;7;7;7
"15037";3;4;7;7;7;7;7;7;7
"15038";3;4;6;9;10;12;15;16;19
"15039";3;4;7;7;7;7;7;7;7
"15040";3;4;7;7;7;7;7;7;7
"15041";3;4;6;9;10;12;15;16;19
"15042";3;4;7;7;7;7;7;7;7
"15043";3;4;7;7;7;7;7;7;7
"15044";3;4;7;7;7;7;7;7;7
"15045";3;4;7;7;7;7;7;7;7
"15046";3;4;7;7;7;7;7;7;7
"15047";3;4;7;7;7;7;7;7;7
"15048";3;4;7;7;7;7;7;7;7
"15049";3;4;7;7;7;7;7;7;7
"15050";3;4;7;7;7;7;7;7;7
"15051";3;4;7;7;7;7;7;7;7
"15052";3;4;7;7;7;7;7;7;7
"15053";3;4;7;7;7;7;7;7;7
"15054";3;4;7;7;7;7;7;7;7
"15055";3;4;7;7;7;7;7;7;7
"15056";3;4;7;7;7;7;7;7;7
"15057";3;4;7;7;7;7;7;7;7
"15058";3;4;7;7;7;7;7;7;7
"15059";3;4;7;7;7;7;7;7;7
"15060";3;4;7;7;7;7;7;7;7
"15061";3;4;7;7;7;7;7;7;7
"15062";3;4;7;7;7;7;7;7;7
"15063";3;4;7;7;7;7;7;7;7
"15064";3;4;7;7;7;7;7;7;7
"15065";3;4;7;7;7;7;7;7;7
"15066";3;4;7;7;7;7;7;7;7
"15067";3;4;7;7;7;7;7;7;7
"15068";3;4;7;7;7;7;7;7;7
"15069";3;4;7;7;7;7;7;7;7
"15070";3;4;7;7;7;7;7;7;7
"15071";3;4;7;7;7;7;7;7;7
"15072";3;4;7;7;7;7;7;7;7
"15073";3;4;6;9;10;13;13;13;13
"15074";3;4;6;9;10;12;15;16;19
"15075";3;4;7;7;7;7;7;7;7
"15076";3;4;7;7;7;7;7;7;7
"15077";3;4;7;7;7;7;7;7;7
"15078";3;4;7;7;7;7;7;7;7
"15079";3;4;6;9;10;12;15;16;19
"15080";3;4;7;7;7;7;7;7;7
"15081";3;4;7;7;7;7;7;7;7
"15082";3;4;7;7;7;7;7;7;7
"15083";3;4;7;7;7;7;7;7;7
"15084";3;4;7;7;7;7;7;7;7
"15085";3;4;7;7;7;7;7;7;7
"15086";3;4;7;7;7;7;7;7;7
"15087";3;4;6;9;10;12;15;16;19
"15088";3;4;7;7;7;7;7;7;7
"15089";3;4;7;7;7;7;7;7;7
"15090";3;4;7;7;7;7;7;7;7
"15091";3;4;7;7;7;7;7;7;7
"15092";3;4;7;7;7;7;7;7;7
"15093";3;4;7;7;7;7;7;7;7
"15094";3;4;6;9;10;12;15;16;19
"15095";3;4;7;7;7;7;7;7;7
"15096";3;4;6;8;8;8;8;8;8
"15097";3;4;6;8;8;8;8;8;8
"15098";3;4;6;8;8;8;8;8;8
"15099";3;4;6;8;8;8;8;8;8
"15100";3;4;6;8;8;8;8;8;8
"15101";3;4;6;8;8;8;8;8;8
"15102";3;4;6;8;8;8;8;8;8
"15103";3;4;6;8;8;8;8;8;8
"15104";3;4;6;9;10;12;15;16;19
"15105";3;4;6;8;8;8;8;8;8
"15106";3;4;6;8;8;8;8;8;8
"15107";3;4;6;8;8;8;8;8;8
"15108";3;4;6;8;8;8;8;8;8
"15109";3;4;6;8;8;8;8;8;8
"15110";3;4;6;9;10;12;15;16;19
"15111";3;4;6;8;8;8;8;8;8
"15112";3;4;6;8;8;8;8;8;8
"15113";3;4;6;8;8;8;8;8;8
"15114";3;4;6;8;8;8;8;8;8
"15115";3;4;6;8;8;8;8;8;8
"15116";3;4;6;9;10;12;15;16;19
"15117";3;4;7;7;7;7;7;7;7
"15118";3;4;7;7;7;7;7;7;7
"15119";3;4;6;9;10;12;15;16;19
"15120";3;4;7;7;7;7;7;7;7
"15121";3;4;7;7;7;7;7;7;7
"15122";3;4;7;7;7;7;7;7;7
"15123";3;4;6;9;10;12;15;16;19
"15124";3;4;7;7;7;7;7;7;7
"15125";3;4;6;9;10;12;15;16;19
"15126";3;4;7;7;7;7;7;7;7
"15127";3;4;7;7;7;7;7;7;7
"15128";3;4;7;7;7;7;7;7;7
"15129";3;4;7;7;7;7;7;7;7
"15130";3;4;7;7;7;7;7;7;7
"15131";3;4;7;7;7;7;7;7;7
"15132";3;4;7;7;7;7;7;7;7
"15133";3;4;7;7;7;7;7;7;7
"15134";3;4;7;7;7;7;7;7;7
"15135";3;4;7;7;7;7;7;7;7
"15136";3;4;7;7;7;7;7;7;7
"15137";3;4;7;7;7;7;7;7;7
"15138";3;4;7;7;7;7;7;7;7
"15139";3;4;7;7;7;7;7;7;7
"15140";3;4;7;7;7;7;7;7;7
"15141";3;4;7;7;7;7;7;7;7
"15142";3;4;6;9;10;12;15;16;19
"15143";3;4;7;7;7;7;7;7;7
"15144";3;4;7;7;7;7;7;7;7
"15145";3;4;6;9;10;12;15;16;19
"15146";3;5;5;5;5;5;5;5;5
"15147";3;4;7;7;7;7;7;7;7
"15148";3;4;7;7;7;7;7;7;7
"15149";3;4;7;7;7;7;7;7;7
"15150";3;4;7;7;7;7;7;7;7
"15151";3;4;7;7;7;7;7;7;7
"15152";3;4;7;7;7;7;7;7;7
"15153";3;4;6;9;10;12;15;16;19
"15154";3;4;6;9;10;12;15;16;19
"15155";3;4;7;7;7;7;7;7;7
"15156";3;4;6;9;10;12;15;16;19
"15157";3;4;7;7;7;7;7;7;7
"15158";3;4;6;9;10;12;15;16;19
"15159";3;4;7;7;7;7;7;7;7
"15160";3;4;7;7;7;7;7;7;7
"15161";3;4;6;9;10;12;15;16;19
"15162";3;4;7;7;7;7;7;7;7
"15163";3;4;7;7;7;7;7;7;7
"15164";3;4;7;7;7;7;7;7;7
"15165";3;4;7;7;7;7;7;7;7
"15166";3;4;6;9;10;12;15;16;19
"15167";3;4;7;7;7;7;7;7;7
"15168";3;4;6;9;10;12;15;16;19
"15169";3;4;6;9;10;12;15;16;19
"15170";3;4;6;9;10;12;15;16;19
"15171";3;4;7;7;7;7;7;7;7
"15172";3;4;7;7;7;7;7;7;7
"15173";3;4;6;9;10;12;15;16;19
"15174";3;4;7;7;7;7;7;7;7
"15175";3;4;6;9;10;12;15;16;19
"15176";3;4;7;7;7;7;7;7;7
"15177";3;4;7;7;7;7;7;7;7
"15178";3;4;7;7;7;7;7;7;7
"15179";3;4;7;7;7;7;7;7;7
"15180";3;4;7;7;7;7;7;7;7
"15181";3;4;7;7;7;7;7;7;7
"15182";3;4;6;9;10;12;15;16;19
"15183";3;4;7;7;7;7;7;7;7
"15184";3;4;7;7;7;7;7;7;7
"15185";3;4;7;7;7;7;7;7;7
"15186";3;4;7;7;7;7;7;7;7
"15187";3;4;7;7;7;7;7;7;7
"15188";3;4;7;7;7;7;7;7;7
"15189";3;4;7;7;7;7;7;7;7
"15190";3;4;6;9;10;12;15;16;19
"15191";3;4;7;7;7;7;7;7;7
"15192";3;4;7;7;7;7;7;7;7
"15193";3;4;7;7;7;7;7;7;7
"15194";3;4;7;7;7;7;7;7;7
"15195";3;4;7;7;7;7;7;7;7
"15196";3;4;6;9;10;13;13;13;13
"15197";3;4;6;9;10;12;15;16;19
"15198";3;4;6;9;10;12;15;16;19
"15199";3;4;7;7;7;7;7;7;7
"15200";3;4;6;9;10;12;15;16;19
"15201";3;4;6;9;10;12;15;16;19
"15202";3;4;6;9;10;12;15;16;19
"15203";3;4;7;7;7;7;7;7;7
"15204";3;4;7;7;7;7;7;7;7
"15205";3;4;7;7;7;7;7;7;7
"15206";3;4;7;7;7;7;7;7;7
"15207";3;4;7;7;7;7;7;7;7
"15208";3;4;7;7;7;7;7;7;7
"15209";3;4;7;7;7;7;7;7;7
"15210";3;4;7;7;7;7;7;7;7
"15211";3;4;7;7;7;7;7;7;7
"15212";3;4;7;7;7;7;7;7;7
"15213";3;4;7;7;7;7;7;7;7
"15214";3;4;7;7;7;7;7;7;7
"15215";3;4;7;7;7;7;7;7;7
"15216";3;4;7;7;7;7;7;7;7
"15217";3;4;7;7;7;7;7;7;7
"15218";3;4;7;7;7;7;7;7;7
"15219";3;4;7;7;7;7;7;7;7
"15220";3;4;7;7;7;7;7;7;7
"15221";3;4;7;7;7;7;7;7;7
"15222";3;4;7;7;7;7;7;7;7
"15223";3;4;7;7;7;7;7;7;7
"15224";3;4;7;7;7;7;7;7;7
"15225";3;4;7;7;7;7;7;7;7
"15226";3;4;7;7;7;7;7;7;7
"15227";3;4;7;7;7;7;7;7;7
"15228";3;4;7;7;7;7;7;7;7
"15229";3;4;7;7;7;7;7;7;7
"15230";3;4;7;7;7;7;7;7;7
"15231";3;4;7;7;7;7;7;7;7
"15232";3;4;7;7;7;7;7;7;7
"15233";3;4;7;7;7;7;7;7;7
"15234";3;4;7;7;7;7;7;7;7
"15235";3;4;7;7;7;7;7;7;7
"15236";3;4;7;7;7;7;7;7;7
"15237";3;4;7;7;7;7;7;7;7
"15238";3;4;6;9;10;12;15;16;18
"15239";3;4;7;7;7;7;7;7;7
"15240";3;4;7;7;7;7;7;7;7
"15241";3;4;7;7;7;7;7;7;7
"15242";3;4;7;7;7;7;7;7;7
"15243";3;4;7;7;7;7;7;7;7
"15244";3;4;7;7;7;7;7;7;7
"15245";3;4;7;7;7;7;7;7;7
"15246";3;4;7;7;7;7;7;7;7
"15247";3;4;7;7;7;7;7;7;7
"15248";3;4;7;7;7;7;7;7;7
"15249";3;4;7;7;7;7;7;7;7
"15250";3;4;7;7;7;7;7;7;7
"15251";3;4;7;7;7;7;7;7;7
"15252";3;4;7;7;7;7;7;7;7
"15253";3;4;7;7;7;7;7;7;7
"15254";3;4;7;7;7;7;7;7;7
"15255";3;4;7;7;7;7;7;7;7
"15256";3;4;7;7;7;7;7;7;7
"15257";3;4;7;7;7;7;7;7;7
"15258";3;4;7;7;7;7;7;7;7
"15259";3;4;7;7;7;7;7;7;7
"15260";3;4;7;7;7;7;7;7;7
"15261";3;4;7;7;7;7;7;7;7
"15262";3;4;7;7;7;7;7;7;7
"15263";3;4;7;7;7;7;7;7;7
"15264";3;4;7;7;7;7;7;7;7
"15265";3;4;7;7;7;7;7;7;7
"15266";3;4;7;7;7;7;7;7;7
"15267";3;4;7;7;7;7;7;7;7
"15268";3;4;6;9;10;13;13;13;13
"15269";3;4;7;7;7;7;7;7;7
"15270";3;4;7;7;7;7;7;7;7
"15271";3;4;7;7;7;7;7;7;7
"15272";3;4;7;7;7;7;7;7;7
"15273";3;4;7;7;7;7;7;7;7
"15274";3;4;7;7;7;7;7;7;7
"15275";3;4;7;7;7;7;7;7;7
"15276";3;4;7;7;7;7;7;7;7
"15277";3;4;7;7;7;7;7;7;7
"15278";3;4;7;7;7;7;7;7;7
"15279";3;4;7;7;7;7;7;7;7
"15280";3;4;7;7;7;7;7;7;7
"15281";3;4;7;7;7;7;7;7;7
"15282";3;4;7;7;7;7;7;7;7
"15283";3;4;7;7;7;7;7;7;7
"15284";3;4;7;7;7;7;7;7;7
"15285";3;4;7;7;7;7;7;7;7
"15286";3;4;7;7;7;7;7;7;7
"15287";3;4;7;7;7;7;7;7;7
"15288";3;4;7;7;7;7;7;7;7
"15289";3;4;7;7;7;7;7;7;7
"15290";3;4;7;7;7;7;7;7;7
"15291";3;4;7;7;7;7;7;7;7
"15292";3;4;7;7;7;7;7;7;7
"15293";3;4;6;8;8;8;8;8;8
"15294";3;4;6;9;10;13;13;13;13
"15295";3;4;6;9;10;12;15;16;19
"15296";3;4;6;9;10;12;15;16;18
"15297";3;4;6;9;10;12;15;16;19
"15298";3;4;6;9;10;13;13;13;13
"15299";3;4;6;8;8;8;8;8;8
"15300";3;4;6;9;10;12;15;16;19
"15301";3;4;7;7;7;7;7;7;7
"15302";3;4;7;7;7;7;7;7;7
"15303";3;4;7;7;7;7;7;7;7
"15304";3;4;7;7;7;7;7;7;7
"15305";3;4;7;7;7;7;7;7;7
"15306";3;4;7;7;7;7;7;7;7
"15307";3;4;7;7;7;7;7;7;7
"15308";3;4;7;7;7;7;7;7;7
"15309";3;4;7;7;7;7;7;7;7
"15310";3;4;7;7;7;7;7;7;7
"15311";3;4;7;7;7;7;7;7;7
"15312";3;4;6;9;10;12;15;16;19
"15313";3;4;7;7;7;7;7;7;7
"15314";3;4;7;7;7;7;7;7;7
"15315";3;4;7;7;7;7;7;7;7
"15316";3;4;6;9;10;12;15;16;19
"15317";3;4;7;7;7;7;7;7;7
"15318";3;4;6;9;10;12;15;16;19
"15319";3;4;7;7;7;7;7;7;7
"15320";3;4;6;8;8;8;8;8;8
"15321";3;4;7;7;7;7;7;7;7
"15322";3;4;7;7;7;7;7;7;7
"15323";3;4;7;7;7;7;7;7;7
"15324";3;4;6;9;10;12;15;16;19
"15325";3;4;7;7;7;7;7;7;7
"15326";3;4;7;7;7;7;7;7;7
"15327";3;4;6;9;10;12;15;16;19
"15328";3;4;7;7;7;7;7;7;7
"15329";3;4;7;7;7;7;7;7;7
"15330";3;4;7;7;7;7;7;7;7
"15331";3;4;7;7;7;7;7;7;7
"15332";3;4;7;7;7;7;7;7;7
"15333";3;4;7;7;7;7;7;7;7
"15334";3;4;7;7;7;7;7;7;7
"15335";3;4;7;7;7;7;7;7;7
"15336";3;4;7;7;7;7;7;7;7
"15337";3;4;7;7;7;7;7;7;7
"15338";3;4;7;7;7;7;7;7;7
"15339";3;4;7;7;7;7;7;7;7
"15340";3;4;7;7;7;7;7;7;7
"15341";3;4;7;7;7;7;7;7;7
"15342";3;4;7;7;7;7;7;7;7
"15343";3;4;7;7;7;7;7;7;7
"15344";3;4;6;9;10;12;15;16;19
"15345";3;4;6;9;10;12;15;16;19
"15346";3;4;7;7;7;7;7;7;7
"15347";3;4;7;7;7;7;7;7;7
"15348";3;4;7;7;7;7;7;7;7
"15349";3;4;7;7;7;7;7;7;7
"15350";3;4;7;7;7;7;7;7;7
"15351";3;4;7;7;7;7;7;7;7
"15352";3;4;7;7;7;7;7;7;7
"15353";3;4;6;9;10;12;15;16;19
"15354";3;4;6;9;10;12;15;16;19
"15355";3;4;7;7;7;7;7;7;7
"15356";3;4;7;7;7;7;7;7;7
"15357";3;4;7;7;7;7;7;7;7
"15358";3;4;6;9;10;12;15;16;19
"15359";3;4;7;7;7;7;7;7;7
"15360";3;4;7;7;7;7;7;7;7
"15361";3;4;7;7;7;7;7;7;7
"15362";3;4;7;7;7;7;7;7;7
"15363";3;4;7;7;7;7;7;7;7
"15364";3;4;7;7;7;7;7;7;7
"15365";3;4;7;7;7;7;7;7;7
"15366";3;4;7;7;7;7;7;7;7
"15367";3;4;6;9;10;12;15;16;19
"15368";3;4;7;7;7;7;7;7;7
"15369";3;4;6;9;10;12;15;16;19
"15370";3;4;7;7;7;7;7;7;7
"15371";3;4;7;7;7;7;7;7;7
"15372";3;4;7;7;7;7;7;7;7
"15373";3;4;7;7;7;7;7;7;7
"15374";3;4;7;7;7;7;7;7;7
"15375";3;4;7;7;7;7;7;7;7
"15376";3;4;7;7;7;7;7;7;7
"15377";3;4;7;7;7;7;7;7;7
"15378";3;4;7;7;7;7;7;7;7
"15379";3;4;6;9;10;12;15;16;19
"15380";3;4;7;7;7;7;7;7;7
"15381";3;4;7;7;7;7;7;7;7
"15382";3;4;7;7;7;7;7;7;7
"15383";3;4;7;7;7;7;7;7;7
"15384";3;4;6;9;10;12;15;16;19
"15385";3;4;7;7;7;7;7;7;7
"15386";3;4;6;9;10;12;15;16;19
"15387";3;4;7;7;7;7;7;7;7
"15388";3;4;6;9;10;12;15;16;19
"15389";3;4;7;7;7;7;7;7;7
"15390";3;4;7;7;7;7;7;7;7
"15391";3;4;7;7;7;7;7;7;7
"15392";3;4;7;7;7;7;7;7;7
"15393";3;4;7;7;7;7;7;7;7
"15394";3;4;7;7;7;7;7;7;7
"15395";3;4;7;7;7;7;7;7;7
"15396";3;4;7;7;7;7;7;7;7
"15397";3;4;7;7;7;7;7;7;7
"15398";3;4;7;7;7;7;7;7;7
"15399";3;4;7;7;7;7;7;7;7
"15400";3;4;7;7;7;7;7;7;7
"15401";3;4;7;7;7;7;7;7;7
"15402";3;4;7;7;7;7;7;7;7
"15403";3;4;7;7;7;7;7;7;7
"15404";3;4;7;7;7;7;7;7;7
"15405";3;4;7;7;7;7;7;7;7
"15406";3;4;7;7;7;7;7;7;7
"15407";3;4;7;7;7;7;7;7;7
"15408";3;4;7;7;7;7;7;7;7
"15409";3;4;7;7;7;7;7;7;7
"15410";3;4;7;7;7;7;7;7;7
"15411";3;4;7;7;7;7;7;7;7
"15412";3;4;7;7;7;7;7;7;7
"15413";3;4;7;7;7;7;7;7;7
"15414";3;4;7;7;7;7;7;7;7
"15415";3;4;6;9;10;12;15;16;19
"15416";3;4;7;7;7;7;7;7;7
"15417";3;4;7;7;7;7;7;7;7
"15418";3;4;7;7;7;7;7;7;7
"15419";3;4;7;7;7;7;7;7;7
"15420";3;4;7;7;7;7;7;7;7
"15421";3;4;6;9;10;12;15;16;19
"15422";3;4;7;7;7;7;7;7;7
"15423";3;4;7;7;7;7;7;7;7
"15424";3;4;7;7;7;7;7;7;7
"15425";3;4;7;7;7;7;7;7;7
"15426";3;4;7;7;7;7;7;7;7
"15427";3;4;6;9;10;12;15;16;19
"15428";3;4;7;7;7;7;7;7;7
"15429";3;4;7;7;7;7;7;7;7
"15430";3;4;7;7;7;7;7;7;7
"15431";3;4;7;7;7;7;7;7;7
"15432";3;4;7;7;7;7;7;7;7
"15433";3;4;7;7;7;7;7;7;7
"15434";3;4;7;7;7;7;7;7;7
"15435";3;4;7;7;7;7;7;7;7
"15436";3;4;6;9;10;12;15;16;18
"15437";3;4;7;7;7;7;7;7;7
"15438";3;4;7;7;7;7;7;7;7
"15439";3;4;7;7;7;7;7;7;7
"15440";3;4;7;7;7;7;7;7;7
"15441";3;4;7;7;7;7;7;7;7
"15442";3;4;6;9;10;12;15;16;19
"15443";3;4;7;7;7;7;7;7;7
"15444";3;4;7;7;7;7;7;7;7
"15445";3;4;7;7;7;7;7;7;7
"15446";3;4;7;7;7;7;7;7;7
"15447";3;4;7;7;7;7;7;7;7
"15448";3;4;7;7;7;7;7;7;7
"15449";3;4;7;7;7;7;7;7;7
"15450";3;4;7;7;7;7;7;7;7
"15451";3;4;7;7;7;7;7;7;7
"15452";3;4;7;7;7;7;7;7;7
"15453";3;4;7;7;7;7;7;7;7
"15454";3;4;7;7;7;7;7;7;7
"15455";3;4;7;7;7;7;7;7;7
"15456";3;4;7;7;7;7;7;7;7
"15457";3;4;6;9;10;12;15;16;19
"15458";3;4;6;9;10;12;15;16;19
"15459";3;4;6;9;10;12;15;16;19
"15460";3;4;7;7;7;7;7;7;7
"15461";3;4;7;7;7;7;7;7;7
"15462";3;4;7;7;7;7;7;7;7
"15463";3;4;6;9;10;12;15;16;19
"15464";3;4;7;7;7;7;7;7;7
"15465";3;4;7;7;7;7;7;7;7
"15466";3;4;7;7;7;7;7;7;7
"15467";3;4;7;7;7;7;7;7;7
"15468";3;4;7;7;7;7;7;7;7
"15469";3;4;7;7;7;7;7;7;7
"15470";3;4;7;7;7;7;7;7;7
"15471";3;4;7;7;7;7;7;7;7
"15472";3;4;7;7;7;7;7;7;7
"15473";3;4;7;7;7;7;7;7;7
"15474";3;4;7;7;7;7;7;7;7
"15475";3;4;7;7;7;7;7;7;7
"15476";3;4;7;7;7;7;7;7;7
"15477";3;4;7;7;7;7;7;7;7
"15478";3;4;7;7;7;7;7;7;7
"15479";3;4;7;7;7;7;7;7;7
"15480";3;4;7;7;7;7;7;7;7
"15481";3;4;7;7;7;7;7;7;7
"15482";3;4;7;7;7;7;7;7;7
"15483";3;4;7;7;7;7;7;7;7
"15484";3;4;7;7;7;7;7;7;7
"15485";3;4;7;7;7;7;7;7;7
"15486";3;4;6;9;10;12;15;16;19
"15487";3;4;6;9;10;12;15;16;19
"15488";3;4;6;9;10;12;15;16;19
"15489";3;4;7;7;7;7;7;7;7
"15490";3;4;6;9;10;12;15;16;19
"15491";3;4;6;9;10;12;15;16;19
"15492";3;4;6;9;10;12;15;16;19
"15493";3;4;7;7;7;7;7;7;7
"15494";3;4;7;7;7;7;7;7;7
"15495";3;4;7;7;7;7;7;7;7
"15496";3;4;7;7;7;7;7;7;7
"15497";3;4;7;7;7;7;7;7;7
"15498";3;4;7;7;7;7;7;7;7
"15499";3;4;7;7;7;7;7;7;7
"15500";3;4;7;7;7;7;7;7;7
"15501";3;4;7;7;7;7;7;7;7
"15502";3;4;7;7;7;7;7;7;7
"15503";3;4;7;7;7;7;7;7;7
"15504";3;4;7;7;7;7;7;7;7
"15505";3;4;7;7;7;7;7;7;7
"15506";3;4;7;7;7;7;7;7;7
"15507";3;4;7;7;7;7;7;7;7
"15508";3;4;7;7;7;7;7;7;7
"15509";3;4;7;7;7;7;7;7;7
"15510";3;4;7;7;7;7;7;7;7
"15511";3;4;7;7;7;7;7;7;7
"15512";3;4;7;7;7;7;7;7;7
"15513";3;4;7;7;7;7;7;7;7
"15514";3;4;7;7;7;7;7;7;7
"15515";3;4;7;7;7;7;7;7;7
"15516";3;4;7;7;7;7;7;7;7
"15517";3;4;7;7;7;7;7;7;7
"15518";3;4;7;7;7;7;7;7;7
"15519";3;4;7;7;7;7;7;7;7
"15520";3;4;7;7;7;7;7;7;7
"15521";3;4;7;7;7;7;7;7;7
"15522";3;4;7;7;7;7;7;7;7
"15523";3;4;7;7;7;7;7;7;7
"15524";3;4;7;7;7;7;7;7;7
"15525";3;4;7;7;7;7;7;7;7
"15526";3;4;7;7;7;7;7;7;7
"15527";3;4;7;7;7;7;7;7;7
"15528";3;4;7;7;7;7;7;7;7
"15529";3;4;7;7;7;7;7;7;7
"15530";3;4;7;7;7;7;7;7;7
"15531";3;4;7;7;7;7;7;7;7
"15532";3;4;6;9;10;12;15;16;19
"15533";3;4;7;7;7;7;7;7;7
"15534";3;4;7;7;7;7;7;7;7
"15535";3;4;7;7;7;7;7;7;7
"15536";3;4;6;9;10;12;15;16;19
"15537";3;4;6;9;10;12;15;16;19
"15538";3;4;7;7;7;7;7;7;7
"15539";3;4;7;7;7;7;7;7;7
"15540";3;4;7;7;7;7;7;7;7
"15541";3;4;7;7;7;7;7;7;7
"15542";3;4;7;7;7;7;7;7;7
"15543";3;4;7;7;7;7;7;7;7
"15544";3;4;7;7;7;7;7;7;7
"15545";3;4;7;7;7;7;7;7;7
"15546";3;4;7;7;7;7;7;7;7
"15547";3;4;7;7;7;7;7;7;7
"15548";3;4;7;7;7;7;7;7;7
"15549";3;4;7;7;7;7;7;7;7
"15550";3;4;6;9;10;12;15;16;19
"15551";3;4;7;7;7;7;7;7;7
"15552";3;4;7;7;7;7;7;7;7
"15553";3;4;7;7;7;7;7;7;7
"15554";3;4;7;7;7;7;7;7;7
"15555";3;4;7;7;7;7;7;7;7
"15556";3;4;7;7;7;7;7;7;7
"15557";3;4;7;7;7;7;7;7;7
"15558";3;4;7;7;7;7;7;7;7
"15559";3;4;7;7;7;7;7;7;7
"15560";3;4;7;7;7;7;7;7;7
"15561";3;4;7;7;7;7;7;7;7
"15562";3;4;7;7;7;7;7;7;7
"15563";3;4;7;7;7;7;7;7;7
"15564";3;4;7;7;7;7;7;7;7
"15565";3;4;7;7;7;7;7;7;7
"15566";3;4;7;7;7;7;7;7;7
"15567";3;4;7;7;7;7;7;7;7
"15568";3;4;7;7;7;7;7;7;7
"15569";3;4;7;7;7;7;7;7;7
"15570";3;4;7;7;7;7;7;7;7
"15571";3;4;7;7;7;7;7;7;7
"15572";3;4;7;7;7;7;7;7;7
"15573";3;4;7;7;7;7;7;7;7
"15574";3;4;7;7;7;7;7;7;7
"15575";3;4;7;7;7;7;7;7;7
"15576";3;4;7;7;7;7;7;7;7
"15577";3;4;7;7;7;7;7;7;7
"15578";3;4;7;7;7;7;7;7;7
"15579";3;4;7;7;7;7;7;7;7
"15580";3;4;7;7;7;7;7;7;7
"15581";3;4;7;7;7;7;7;7;7
"15582";3;4;7;7;7;7;7;7;7
"15583";3;4;6;9;10;12;15;16;19
"15584";3;4;7;7;7;7;7;7;7
"15585";3;4;7;7;7;7;7;7;7
"15586";3;4;7;7;7;7;7;7;7
"15587";3;4;7;7;7;7;7;7;7
"15588";3;4;7;7;7;7;7;7;7
"15589";3;4;7;7;7;7;7;7;7
"15590";3;4;6;9;10;12;15;16;19
"15591";3;4;7;7;7;7;7;7;7
"15592";3;4;7;7;7;7;7;7;7
"15593";3;4;7;7;7;7;7;7;7
"15594";3;4;7;7;7;7;7;7;7
"15595";3;4;7;7;7;7;7;7;7
"15596";3;4;7;7;7;7;7;7;7
"15597";3;4;7;7;7;7;7;7;7
"15598";3;4;7;7;7;7;7;7;7
"15599";3;4;7;7;7;7;7;7;7
"15600";3;4;7;7;7;7;7;7;7
"15601";3;4;7;7;7;7;7;7;7
"15602";3;4;7;7;7;7;7;7;7
"15603";3;4;7;7;7;7;7;7;7
"15604";3;4;7;7;7;7;7;7;7
"15605";3;4;7;7;7;7;7;7;7
"15606";3;4;7;7;7;7;7;7;7
"15607";3;4;7;7;7;7;7;7;7
"15608";3;4;6;9;10;12;15;16;19
"15609";3;4;7;7;7;7;7;7;7
"15610";3;4;7;7;7;7;7;7;7
"15611";3;4;6;9;10;12;15;16;19
"15612";3;4;7;7;7;7;7;7;7
"15613";3;4;7;7;7;7;7;7;7
"15614";3;4;7;7;7;7;7;7;7
"15615";3;4;7;7;7;7;7;7;7
"15616";3;4;7;7;7;7;7;7;7
"15617";3;4;7;7;7;7;7;7;7
"15618";3;4;7;7;7;7;7;7;7
"15619";3;4;7;7;7;7;7;7;7
"15620";3;4;7;7;7;7;7;7;7
"15621";3;4;7;7;7;7;7;7;7
"15622";3;4;7;7;7;7;7;7;7
"15623";3;4;7;7;7;7;7;7;7
"15624";3;4;7;7;7;7;7;7;7
"15625";3;4;7;7;7;7;7;7;7
"15626";3;4;7;7;7;7;7;7;7
"15627";3;4;7;7;7;7;7;7;7
"15628";3;4;7;7;7;7;7;7;7
"15629";3;4;7;7;7;7;7;7;7
"15630";3;4;7;7;7;7;7;7;7
"15631";3;4;7;7;7;7;7;7;7
"15632";3;4;7;7;7;7;7;7;7
"15633";3;4;7;7;7;7;7;7;7
"15634";3;4;7;7;7;7;7;7;7
"15635";3;4;7;7;7;7;7;7;7
"15636";3;4;7;7;7;7;7;7;7
"15637";3;4;7;7;7;7;7;7;7
"15638";3;4;6;9;10;12;15;16;19
"15639";3;4;7;7;7;7;7;7;7
"15640";3;4;7;7;7;7;7;7;7
"15641";3;4;7;7;7;7;7;7;7
"15642";3;4;7;7;7;7;7;7;7
"15643";3;4;7;7;7;7;7;7;7
"15644";3;4;7;7;7;7;7;7;7
"15645";3;4;7;7;7;7;7;7;7
"15646";3;4;7;7;7;7;7;7;7
"15647";3;4;7;7;7;7;7;7;7
"15648";3;4;7;7;7;7;7;7;7
"15649";3;4;7;7;7;7;7;7;7
"15650";3;4;7;7;7;7;7;7;7
"15651";3;4;7;7;7;7;7;7;7
"15652";3;4;7;7;7;7;7;7;7
"15653";3;4;7;7;7;7;7;7;7
"15654";3;4;7;7;7;7;7;7;7
"15655";3;4;7;7;7;7;7;7;7
"15656";3;4;7;7;7;7;7;7;7
"15657";3;4;7;7;7;7;7;7;7
"15658";3;4;7;7;7;7;7;7;7
"15659";3;4;7;7;7;7;7;7;7
"15660";3;4;7;7;7;7;7;7;7
"15661";3;4;7;7;7;7;7;7;7
"15662";3;4;7;7;7;7;7;7;7
"15663";3;4;7;7;7;7;7;7;7
"15664";3;4;7;7;7;7;7;7;7
"15665";3;4;7;7;7;7;7;7;7
"15666";3;4;7;7;7;7;7;7;7
"15667";3;4;7;7;7;7;7;7;7
"15668";3;4;7;7;7;7;7;7;7
"15669";3;4;7;7;7;7;7;7;7
"15670";3;4;7;7;7;7;7;7;7
"15671";3;4;6;9;10;12;15;16;19
"15672";3;4;7;7;7;7;7;7;7
"15673";3;4;7;7;7;7;7;7;7
"15674";3;4;7;7;7;7;7;7;7
"15675";3;4;7;7;7;7;7;7;7
"15676";3;4;7;7;7;7;7;7;7
"15677";3;4;6;9;10;12;15;16;19
"15678";3;4;6;9;10;12;15;16;19
"15679";3;4;7;7;7;7;7;7;7
"15680";3;4;6;8;8;8;8;8;8
"15681";3;4;6;9;10;12;15;16;19
"15682";3;4;6;8;8;8;8;8;8
"15683";3;4;6;9;10;12;15;16;19
"15684";3;4;6;8;8;8;8;8;8
"15685";3;4;6;8;8;8;8;8;8
"15686";3;4;6;8;8;8;8;8;8
"15687";3;4;6;8;8;8;8;8;8
"15688";3;4;6;8;8;8;8;8;8
"15689";3;4;6;8;8;8;8;8;8
"15690";3;4;6;8;8;8;8;8;8
"15691";3;4;6;9;10;12;15;16;19
"15692";3;4;6;9;10;12;15;16;19
"15693";3;4;6;9;10;12;15;16;19
"15694";3;4;6;9;10;12;15;16;19
"15695";3;4;6;9;10;12;15;16;19
"15696";3;4;6;8;8;8;8;8;8
"15697";3;4;6;9;10;12;15;16;19
"15698";3;4;6;8;8;8;8;8;8
"15699";3;4;6;9;10;12;15;16;19
"15700";3;4;6;8;8;8;8;8;8
"15701";3;4;6;9;10;12;15;16;19
"15702";3;4;6;9;10;12;15;16;19
"15703";3;4;6;9;10;12;15;16;19
"15704";3;4;6;9;10;12;15;16;19
"15705";3;5;5;5;5;5;5;5;5
"15706";3;5;5;5;5;5;5;5;5
"15707";3;5;5;5;5;5;5;5;5
"15708";3;4;6;9;10;12;15;16;19
"15709";3;4;6;9;10;12;15;16;19
"15710";3;4;6;8;8;8;8;8;8
"15711";3;5;5;5;5;5;5;5;5
"15712";3;4;6;9;10;12;15;16;19
"15713";3;4;6;8;8;8;8;8;8
"15714";3;4;6;9;10;12;15;16;19
"15715";3;4;6;8;8;8;8;8;8
"15716";3;5;5;5;5;5;5;5;5
"15717";3;5;5;5;5;5;5;5;5
"15718";3;4;6;8;8;8;8;8;8
"15719";3;4;6;8;8;8;8;8;8
"15720";3;4;6;9;10;12;15;16;19
"15721";3;4;6;8;8;8;8;8;8
"15722";3;4;6;8;8;8;8;8;8
"15723";3;4;6;8;8;8;8;8;8
"15724";3;4;6;8;8;8;8;8;8
"15725";3;4;6;8;8;8;8;8;8
"15726";3;4;6;8;8;8;8;8;8
"15727";3;4;6;8;8;8;8;8;8
"15728";3;4;6;8;8;8;8;8;8
"15729";3;4;6;8;8;8;8;8;8
"15730";3;5;5;5;5;5;5;5;5
"15731";3;4;6;8;8;8;8;8;8
"15732";3;4;6;8;8;8;8;8;8
"15733";3;4;6;8;8;8;8;8;8
"15734";3;4;6;8;8;8;8;8;8
"15735";3;4;6;9;10;12;15;16;19
"15736";3;5;5;5;5;5;5;5;5
"15737";3;5;5;5;5;5;5;5;5
"15738";3;4;6;9;10;12;15;16;19
"15739";3;4;6;9;10;12;15;16;19
"15740";3;4;6;9;10;12;15;16;19
"15741";3;4;6;9;10;13;13;13;13
"15742";3;4;6;8;8;8;8;8;8
"15743";3;4;6;8;8;8;8;8;8
"15744";3;5;5;5;5;5;5;5;5
"15745";3;5;5;5;5;5;5;5;5
"15746";3;4;6;9;10;12;15;16;19
"15747";3;4;6;8;8;8;8;8;8
"15748";3;5;5;5;5;5;5;5;5
"15749";3;4;6;8;8;8;8;8;8
"15750";3;4;6;8;8;8;8;8;8
"15751";3;4;6;8;8;8;8;8;8
"15752";3;4;6;9;10;12;15;16;19
"15753";3;4;6;8;8;8;8;8;8
"15754";3;4;6;8;8;8;8;8;8
"15755";3;4;6;9;10;12;15;16;19
"15756";3;5;5;5;5;5;5;5;5
"15757";3;4;6;9;10;12;15;16;19
"15758";3;4;6;8;8;8;8;8;8
"15759";3;4;6;9;10;13;13;13;13
"15760";3;4;6;9;10;12;15;16;19
"15761";3;4;6;9;10;12;15;16;19
"15762";3;4;6;9;10;12;15;16;19
"15763";3;4;6;9;10;12;15;16;19
"15764";3;4;6;8;8;8;8;8;8
"15765";3;4;6;9;10;12;15;16;19
"15766";3;4;6;9;10;12;15;16;19
"15767";3;4;6;8;8;8;8;8;8
"15768";3;4;6;8;8;8;8;8;8
"15769";3;4;6;8;8;8;8;8;8
"15770";3;4;6;8;8;8;8;8;8
"15771";3;4;6;8;8;8;8;8;8
"15772";3;4;6;8;8;8;8;8;8
"15773";3;4;6;8;8;8;8;8;8
"15774";3;4;6;8;8;8;8;8;8
"15775";3;4;6;8;8;8;8;8;8
"15776";3;4;6;9;10;12;15;16;19
"15777";3;4;6;8;8;8;8;8;8
"15778";3;4;6;9;10;13;13;13;13
"15779";3;5;5;5;5;5;5;5;5
"15780";3;4;6;8;8;8;8;8;8
"15781";3;4;6;9;10;13;13;13;13
"15782";3;4;6;8;8;8;8;8;8
"15783";3;4;6;9;10;12;15;16;19
"15784";3;4;6;9;10;12;15;16;19
"15785";3;4;6;9;10;12;15;16;19
"15786";3;4;6;9;10;12;15;16;19
"15787";3;4;6;9;10;12;15;16;19
"15788";3;4;6;9;10;12;15;16;19
"15789";3;4;6;9;10;12;15;16;19
"15790";3;4;7;7;7;7;7;7;7
"15791";3;4;6;9;10;12;15;16;19
"15792";3;4;7;7;7;7;7;7;7
"15793";3;4;6;9;10;13;13;13;13
"15794";3;4;6;9;10;12;15;16;19
"15795";3;4;6;9;10;12;15;16;18
"15796";2;2;2;2;2;2;2;2;2
"15797";2;2;2;2;2;2;2;2;2
"15798";2;2;2;2;2;2;2;2;2
"15799";3;4;6;9;10;12;15;16;19
"15800";3;4;6;9;10;12;15;16;19
"15801";3;4;6;9;10;12;15;16;19
"15802";3;4;6;9;10;12;15;16;19
"15803";3;4;6;9;10;12;15;16;19
"15804";3;5;5;5;5;5;5;5;5
"15805";3;5;5;5;5;5;5;5;5
"15806";3;5;5;5;5;5;5;5;5
"15807";3;5;5;5;5;5;5;5;5
"15808";3;5;5;5;5;5;5;5;5
"15809";3;4;6;9;10;12;15;16;19
"15810";3;4;6;9;10;12;15;16;19
"15811";3;4;6;8;8;8;8;8;8
"15812";3;4;6;9;10;12;15;16;19
"15813";3;5;5;5;5;5;5;5;5
"15814";3;4;6;8;8;8;8;8;8
"15815";3;4;6;9;10;12;15;16;19
"15816";3;4;6;9;10;12;15;16;19
"15817";3;4;6;9;10;12;15;16;19
"15818";3;4;6;9;10;12;15;16;19
"15819";3;4;6;8;8;8;8;8;8
"15820";3;4;6;8;8;8;8;8;8
"15821";3;5;5;5;5;5;5;5;5
"15822";3;4;6;9;10;12;15;16;19
"15823";3;5;5;5;5;5;5;5;5
"15824";3;4;6;9;10;13;13;13;13
"15825";3;4;6;9;10;12;15;16;19
"15826";3;4;6;9;10;12;15;16;19
"15827";3;4;6;9;10;13;13;13;13
"15828";3;4;6;9;10;12;15;16;19
"15829";3;5;5;5;5;5;5;5;5
"15830";3;4;6;9;10;12;15;16;19
"15831";3;4;6;9;10;12;15;16;19
"15832";3;4;6;8;8;8;8;8;8
"15833";3;4;6;9;10;12;15;16;19
"15834";3;5;5;5;5;5;5;5;5
"15835";3;4;6;8;8;8;8;8;8
"15836";3;4;6;8;8;8;8;8;8
"15837";3;4;6;8;8;8;8;8;8
"15838";3;4;6;8;8;8;8;8;8
"15839";3;4;6;9;10;12;15;16;19
"15840";3;4;6;9;10;12;15;16;19
"15841";3;4;6;9;10;12;15;16;19
"15842";3;4;6;9;10;12;15;16;19
"15843";3;4;6;9;10;12;15;16;19
"15844";3;5;5;5;5;5;5;5;5
"15845";3;5;5;5;5;5;5;5;5
"15846";3;4;6;8;8;8;8;8;8
"15847";3;5;5;5;5;5;5;5;5
"15848";3;5;5;5;5;5;5;5;5
"15849";3;4;6;9;10;12;15;16;19
"15850";3;4;6;9;10;12;15;16;19
"15851";3;4;6;8;8;8;8;8;8
"15852";3;4;6;8;8;8;8;8;8
"15853";3;4;6;8;8;8;8;8;8
"15854";3;4;6;9;10;12;15;16;19
"15855";3;4;6;9;10;12;15;16;19
"15856";3;4;6;9;10;12;15;16;19
"15857";3;4;6;9;10;12;15;16;19
"15858";3;4;6;9;10;12;15;16;19
"15859";3;4;6;8;8;8;8;8;8
"15860";3;4;6;9;10;12;15;16;19
"15861";3;4;6;9;10;12;15;16;19
"15862";3;4;6;9;10;12;15;16;19
"15863";3;5;5;5;5;5;5;5;5
"15864";3;5;5;5;5;5;5;5;5
"15865";3;5;5;5;5;5;5;5;5
"15866";3;5;5;5;5;5;5;5;5
"15867";3;4;6;8;8;8;8;8;8
"15868";3;5;5;5;5;5;5;5;5
"15869";3;5;5;5;5;5;5;5;5
"15870";3;4;6;8;8;8;8;8;8
"15871";3;4;6;9;10;12;15;16;19
"15872";3;4;6;8;8;8;8;8;8
"15873";3;4;6;8;8;8;8;8;8
"15874";3;4;6;8;8;8;8;8;8
"15875";3;4;6;9;10;12;15;16;19
"15876";3;4;6;8;8;8;8;8;8
"15877";3;4;6;9;10;12;15;16;19
"15878";3;4;6;9;10;12;15;16;19
"15879";3;4;6;9;10;12;15;16;19
"15880";3;4;6;8;8;8;8;8;8
"15881";3;4;6;8;8;8;8;8;8
"15882";3;4;6;9;10;12;15;16;19
"15883";3;4;6;8;8;8;8;8;8
"15884";3;4;6;9;10;12;15;16;19
"15885";3;4;6;8;8;8;8;8;8
"15886";3;4;6;8;8;8;8;8;8
"15887";3;5;5;5;5;5;5;5;5
"15888";3;5;5;5;5;5;5;5;5
"15889";3;4;6;9;10;12;15;16;19
"15890";3;4;6;9;10;12;15;16;19
"15891";3;4;7;7;7;7;7;7;7
"15892";3;4;6;9;10;12;15;16;19
"15893";3;4;6;9;10;12;15;16;19
"15894";3;4;6;9;10;12;15;16;19
"15895";3;4;6;9;10;12;15;16;19
"15896";3;4;6;9;10;12;15;16;19
"15897";3;4;6;8;8;8;8;8;8
"15898";3;4;7;7;7;7;7;7;7
"15899";3;4;7;7;7;7;7;7;7
"15900";3;4;7;7;7;7;7;7;7
"15901";3;4;7;7;7;7;7;7;7
"15902";3;4;7;7;7;7;7;7;7
"15903";3;4;6;9;10;12;15;16;19
"15904";3;4;6;9;10;12;15;16;19
"15905";3;4;6;9;10;12;15;16;19
"15906";3;4;6;9;10;12;15;16;19
"15907";3;4;6;9;10;12;15;16;19
"15908";3;4;6;9;10;12;15;16;19
"15909";3;4;6;9;10;12;15;16;19
"15910";3;4;6;9;10;12;15;16;19
"15911";3;4;6;9;10;13;13;13;13
"15912";3;4;6;8;8;8;8;8;8
"15913";3;5;5;5;5;5;5;5;5
"15914";3;4;6;9;10;12;15;16;19
"15915";3;4;6;9;10;12;15;16;19
"15916";3;4;6;9;10;12;15;16;19
"15917";3;4;6;9;10;12;15;16;19
"15918";3;4;7;7;7;7;7;7;7
"15919";3;4;6;9;10;12;15;16;19
"15920";3;4;7;7;7;7;7;7;7
"15921";3;4;6;9;10;12;15;16;19
"15922";3;5;5;5;5;5;5;5;5
"15923";3;4;6;9;10;12;15;16;19
"15924";3;4;6;9;10;12;15;16;19
"15925";3;4;6;9;10;12;15;16;19
"15926";3;4;6;9;10;12;15;16;19
"15927";3;4;6;9;10;12;15;16;19
"15928";3;4;6;9;10;12;15;16;19
"15929";3;4;7;7;7;7;7;7;7
"15930";3;4;7;7;7;7;7;7;7
"15931";3;4;6;9;10;12;15;16;19
"15932";3;4;6;9;10;12;15;16;19
"15933";3;5;5;5;5;5;5;5;5
"15934";3;4;6;9;10;12;15;16;19
"15935";3;4;6;9;10;12;15;16;19
"15936";3;4;6;9;10;12;15;16;19
"15937";3;4;6;9;10;12;15;16;19
"15938";3;4;7;7;7;7;7;7;7
"15939";3;4;6;9;10;12;15;16;19
"15940";3;4;6;9;10;12;15;16;19
"15941";3;4;6;9;10;12;15;16;19
"15942";3;4;6;9;10;12;15;16;19
"15943";3;4;6;9;10;12;15;16;19
"15944";3;4;6;8;8;8;8;8;8
"15945";3;4;6;9;10;12;15;16;19
"15946";3;4;6;9;10;12;15;16;19
"15947";3;4;6;9;10;12;15;16;19
"15948";3;4;6;9;10;12;15;16;19
"15949";3;4;6;9;10;12;15;16;19
"15950";3;4;6;9;10;12;15;16;19
"15951";3;4;6;9;10;12;15;16;19
"15952";3;4;6;9;10;12;15;16;19
"15953";3;4;6;9;10;12;15;16;19
"15954";3;4;6;9;10;12;15;16;19
"15955";3;4;6;9;10;12;15;16;19
"15956";3;4;6;9;10;12;15;16;19
"15957";3;4;7;7;7;7;7;7;7
"15958";3;4;7;7;7;7;7;7;7
"15959";3;4;6;9;10;12;15;16;19
"15960";3;4;6;9;10;12;15;16;19
"15961";3;4;7;7;7;7;7;7;7
"15962";3;4;6;8;8;8;8;8;8
"15963";3;4;6;9;10;12;15;16;19
"15964";3;4;6;9;10;12;15;16;19
"15965";3;4;6;9;10;12;15;16;19
"15966";3;4;7;7;7;7;7;7;7
"15967";3;4;7;7;7;7;7;7;7
"15968";3;4;7;7;7;7;7;7;7
"15969";3;4;7;7;7;7;7;7;7
"15970";3;4;6;9;10;12;15;16;19
"15971";3;5;5;5;5;5;5;5;5
"15972";3;4;6;9;10;12;15;16;19
"15973";3;4;6;9;10;12;15;16;19
"15974";3;5;5;5;5;5;5;5;5
"15975";3;5;5;5;5;5;5;5;5
"15976";3;5;5;5;5;5;5;5;5
"15977";3;5;5;5;5;5;5;5;5
"15978";3;5;5;5;5;5;5;5;5
"15979";3;4;6;9;10;12;15;16;19
"15980";3;4;6;9;10;12;15;16;18
"15981";3;4;6;9;10;12;15;16;18
"15982";3;4;6;9;10;12;15;16;19
"15983";3;5;5;5;5;5;5;5;5
"15984";3;4;7;7;7;7;7;7;7
"15985";3;4;6;9;10;12;15;16;19
"15986";3;4;6;9;10;12;15;16;19
"15987";3;4;6;9;10;12;15;16;19
"15988";3;4;7;7;7;7;7;7;7
"15989";3;4;6;9;10;12;15;16;19
"15990";3;4;7;7;7;7;7;7;7
"15991";3;4;6;9;10;12;15;16;19
"15992";3;4;6;9;10;12;15;16;19
"15993";3;4;6;9;10;12;15;16;19
"15994";3;4;7;7;7;7;7;7;7
"15995";3;4;6;9;10;12;15;16;19
"15996";3;4;6;9;10;12;15;16;19
"15997";3;4;6;9;10;12;15;16;19
"15998";3;4;6;9;10;12;15;16;19
"15999";3;4;6;9;10;12;15;16;19
"16000";3;4;6;9;10;12;15;16;19
"16001";3;4;6;9;10;12;15;16;19
"16002";3;4;6;9;10;12;15;16;19
"16003";3;4;6;8;8;8;8;8;8
"16004";3;4;6;9;10;12;15;16;19
"16005";3;4;6;8;8;8;8;8;8
"16006";3;4;6;8;8;8;8;8;8
"16007";3;4;6;9;10;12;15;16;19
"16008";3;4;6;8;8;8;8;8;8
"16009";3;4;6;9;10;12;15;16;19
"16010";3;4;6;8;8;8;8;8;8
"16011";3;4;6;9;10;12;15;16;19
"16012";3;4;6;9;10;12;15;16;19
"16013";3;4;6;9;10;12;15;16;18
"16014";3;4;6;9;10;12;15;16;18
"16015";3;5;5;5;5;5;5;5;5
"16016";3;4;6;9;10;12;15;16;19
"16017";3;4;6;9;10;12;15;16;19
"16018";3;4;6;9;10;12;15;16;18
"16019";3;4;6;9;10;12;15;16;18
"16020";3;4;6;9;10;12;15;16;19
"16021";3;4;6;9;10;12;15;16;18
"16022";3;4;6;9;10;12;15;16;19
"16023";3;4;6;9;10;12;15;16;19
"16024";3;4;6;9;10;12;15;16;18
"16025";3;4;6;9;10;12;15;16;19
"16026";3;4;6;9;10;12;15;16;19
"16027";3;4;6;9;10;12;15;16;19
"16028";3;4;6;9;10;12;15;16;19
"16029";3;4;6;9;10;12;15;16;19
"16030";3;4;6;9;10;12;15;16;19
"16031";3;4;6;9;10;12;15;16;19
"16032";3;4;6;9;10;12;15;16;19
"16033";3;4;6;9;10;12;15;16;19
"16034";3;4;6;9;10;12;15;16;19
"16035";3;4;6;9;10;12;15;16;19
"16036";3;5;5;5;5;5;5;5;5
"16037";3;5;5;5;5;5;5;5;5
"16038";3;5;5;5;5;5;5;5;5
"16039";3;5;5;5;5;5;5;5;5
"16040";3;5;5;5;5;5;5;5;5
"16041";3;4;6;9;10;12;15;16;19
"16042";3;5;5;5;5;5;5;5;5
"16043";3;4;6;8;8;8;8;8;8
"16044";3;4;6;9;10;12;15;16;19
"16045";3;4;7;7;7;7;7;7;7
"16046";3;4;6;8;8;8;8;8;8
"16047";3;4;6;8;8;8;8;8;8
"16048";3;4;6;8;8;8;8;8;8
"16049";3;4;6;9;10;12;15;16;19
"16050";3;4;6;8;8;8;8;8;8
"16051";3;4;6;9;10;12;15;16;19
"16052";3;4;6;9;10;12;15;16;19
"16053";3;4;6;9;10;12;15;16;19
"16054";3;4;6;9;10;12;15;16;19
"16055";3;4;6;8;8;8;8;8;8
"16056";3;4;6;8;8;8;8;8;8
"16057";3;4;6;9;10;12;15;16;19
"16058";3;4;6;9;10;12;15;16;19
"16059";3;4;6;8;8;8;8;8;8
"16060";3;4;6;8;8;8;8;8;8
"16061";3;4;6;8;8;8;8;8;8
"16062";3;4;6;9;10;12;15;16;19
"16063";3;4;6;8;8;8;8;8;8
"16064";3;4;6;9;10;12;15;16;19
"16065";3;4;6;8;8;8;8;8;8
"16066";3;4;6;8;8;8;8;8;8
"16067";3;4;6;8;8;8;8;8;8
"16068";3;4;6;9;10;12;15;16;18
"16069";3;4;6;9;10;12;15;16;18
"16070";3;4;6;9;10;12;15;16;19
"16071";3;4;6;9;10;12;15;16;19
"16072";3;4;6;8;8;8;8;8;8
"16073";3;4;6;8;8;8;8;8;8
"16074";3;4;6;8;8;8;8;8;8
"16075";3;4;6;8;8;8;8;8;8
"16076";3;4;6;9;10;12;15;16;19
"16077";3;4;6;9;10;12;15;16;19
"16078";3;4;6;9;10;12;15;16;19
"16079";3;4;6;8;8;8;8;8;8
"16080";3;4;6;8;8;8;8;8;8
"16081";3;4;6;9;10;12;15;16;19
"16082";3;4;6;8;8;8;8;8;8
"16083";3;4;6;9;10;12;15;16;19
"16084";3;4;6;9;10;12;15;16;19
"16085";3;4;7;7;7;7;7;7;7
"16086";3;4;6;9;10;12;15;16;19
"16087";3;4;6;9;10;12;15;16;19
"16088";3;4;6;9;10;12;15;16;19
"16089";3;4;6;9;10;12;15;16;19
"16090";3;4;6;9;10;12;15;16;19
"16091";3;4;6;9;10;12;15;16;19
"16092";3;4;6;9;10;12;15;16;19
"16093";3;4;6;9;10;12;15;16;19
"16094";3;4;6;9;10;12;15;16;19
"16095";3;4;6;9;10;12;15;16;19
"16096";3;4;6;9;10;12;15;16;19
"16097";3;4;6;9;10;12;15;16;19
"16098";3;4;6;9;10;12;15;16;19
"16099";3;4;6;9;10;12;15;16;19
"16100";3;4;6;9;10;12;15;16;19
"16101";3;4;7;7;7;7;7;7;7
"16102";3;4;6;8;8;8;8;8;8
"16103";3;4;6;9;10;12;15;16;19
"16104";3;4;6;9;10;12;15;16;19
"16105";3;4;6;9;10;12;15;16;19
"16106";3;4;6;9;10;12;15;16;19
"16107";3;4;6;9;10;12;15;16;19
"16108";3;4;7;7;7;7;7;7;7
"16109";3;4;6;8;8;8;8;8;8
"16110";3;4;6;8;8;8;8;8;8
"16111";3;4;6;9;10;12;15;16;19
"16112";3;4;6;9;10;12;15;16;19
"16113";3;4;6;8;8;8;8;8;8
"16114";3;4;6;8;8;8;8;8;8
"16115";3;4;6;9;10;12;15;16;19
"16116";3;4;6;9;10;12;15;16;19
"16117";3;4;6;8;8;8;8;8;8
"16118";3;4;6;8;8;8;8;8;8
"16119";3;4;6;9;10;12;15;16;19
"16120";3;4;6;9;10;12;15;16;19
"16121";3;4;6;9;10;12;15;16;19
"16122";3;4;6;9;10;12;15;16;19
"16123";3;4;6;9;10;12;15;16;18
"16124";3;4;6;9;10;12;15;16;19
"16125";0;0;0;0;0;0;0;0;0
"16126";3;4;6;8;8;8;8;8;8
"16127";3;4;6;9;10;12;15;16;19
"16128";3;4;6;8;8;8;8;8;8
"16129";3;4;6;9;10;12;15;16;19
"16130";3;4;6;9;10;12;15;16;19
"16131";3;4;6;9;10;12;15;16;19
"16132";3;4;6;9;10;12;15;16;19
"16133";3;4;6;9;10;12;15;16;19
"16134";3;4;6;9;10;12;15;16;19
"16135";3;4;6;9;10;12;15;16;19
"16136";3;4;6;9;10;12;15;16;19
"16137";3;4;6;9;10;12;15;16;19
"16138";3;4;6;9;10;12;15;16;19
"16139";3;4;6;9;10;12;15;16;19
"16140";3;4;6;9;10;12;15;16;19
"16141";3;4;7;7;7;7;7;7;7
"16142";3;4;6;9;10;12;15;16;19
"16143";3;4;6;9;10;12;15;16;19
"16144";3;4;6;9;10;12;15;16;19
"16145";3;4;6;9;10;12;15;16;19
"16146";3;4;6;8;8;8;8;8;8
"16147";3;4;6;9;10;12;15;16;19
"16148";3;4;6;9;10;12;15;16;19
"16149";3;4;6;9;10;12;15;16;19
"16150";3;4;6;9;10;12;15;16;19
"16151";3;4;6;9;10;12;15;16;19
"16152";3;4;7;7;7;7;7;7;7
"16153";3;4;7;7;7;7;7;7;7
"16154";3;4;6;9;10;12;15;16;19
"16155";3;4;7;7;7;7;7;7;7
"16156";3;4;6;9;10;12;15;16;19
"16157";3;4;6;9;10;12;15;16;19
"16158";3;4;6;9;10;12;15;16;19
"16159";3;4;7;7;7;7;7;7;7
"16160";3;4;7;7;7;7;7;7;7
"16161";3;4;6;9;10;12;15;16;19
"16162";3;4;6;9;10;12;15;16;19
"16163";3;4;6;9;10;12;15;16;19
"16164";3;4;6;9;10;12;15;16;19
"16165";3;4;6;9;10;12;15;16;19
"16166";3;4;6;9;10;12;15;16;19
"16167";3;4;6;9;10;12;15;16;19
"16168";3;4;6;9;10;12;15;16;19
"16169";3;4;6;9;10;12;15;16;19
"16170";3;4;6;9;10;12;15;16;19
"16171";3;4;6;8;8;8;8;8;8
"16172";3;4;6;9;10;12;15;16;19
"16173";3;4;6;9;10;12;15;16;19
"16174";3;4;6;9;10;12;15;16;19
"16175";3;4;6;9;10;12;15;16;19
"16176";3;4;6;9;10;12;15;16;19
"16177";3;4;6;9;10;12;15;16;19
"16178";3;4;7;7;7;7;7;7;7
"16179";3;4;7;7;7;7;7;7;7
"16180";3;4;7;7;7;7;7;7;7
"16181";3;4;7;7;7;7;7;7;7
"16182";3;4;7;7;7;7;7;7;7
"16183";3;4;6;9;10;12;15;16;19
"16184";3;4;6;9;10;12;15;16;19
"16185";3;4;6;9;10;12;15;16;19
"16186";3;4;6;8;8;8;8;8;8
"16187";3;4;6;9;10;12;15;16;19
"16188";3;4;6;9;10;12;15;16;19
"16189";3;4;6;9;10;12;15;16;19
"16190";3;5;5;5;5;5;5;5;5
"16191";3;4;6;9;10;12;15;16;19
"16192";3;4;6;9;10;12;15;16;19
"16193";3;5;5;5;5;5;5;5;5
"16194";3;5;5;5;5;5;5;5;5
"16195";3;4;6;9;10;12;15;16;19
"16196";3;4;6;9;10;12;15;16;19
"16197";3;4;6;9;10;12;15;16;19
"16198";3;4;6;9;10;12;15;16;19
"16199";3;5;5;5;5;5;5;5;5
"16200";3;5;5;5;5;5;5;5;5
"16201";3;4;6;9;10;12;15;16;19
"16202";3;5;5;5;5;5;5;5;5
"16203";3;4;6;9;10;12;15;16;19
"16204";3;4;6;9;10;12;15;16;19
"16205";3;4;6;8;8;8;8;8;8
"16206";3;4;6;8;8;8;8;8;8
"16207";3;4;6;9;10;12;15;16;19
"16208";3;4;6;9;10;12;15;16;19
"16209";3;4;6;9;10;12;15;16;19
"16210";3;4;6;9;10;12;15;16;19
"16211";3;4;6;9;10;12;15;16;19
"16212";3;4;6;8;8;8;8;8;8
"16213";3;4;6;8;8;8;8;8;8
"16214";3;4;6;9;10;13;13;13;13
"16215";3;4;6;9;10;12;15;16;18
"16216";3;4;6;9;10;12;15;16;18
"16217";3;5;5;5;5;5;5;5;5
"16218";3;4;6;8;8;8;8;8;8
"16219";3;5;5;5;5;5;5;5;5
"16220";3;4;6;9;10;12;15;16;19
"16221";3;4;6;9;10;12;15;16;19
"16222";3;4;6;9;10;12;15;16;19
"16223";3;4;6;9;10;12;15;16;19
"16224";3;4;6;9;10;12;15;16;19
"16225";3;4;6;8;8;8;8;8;8
"16226";3;4;6;9;10;12;15;16;19
"16227";3;4;6;8;8;8;8;8;8
"16228";3;4;6;8;8;8;8;8;8
"16229";3;4;6;9;10;12;15;16;19
"16230";3;4;6;9;10;12;15;16;18
"16231";3;4;6;9;10;12;15;16;19
"16232";3;4;6;9;10;12;15;16;19
"16233";3;4;6;9;10;12;15;16;19
"16234";3;4;6;9;10;12;15;16;19
"16235";3;4;6;8;8;8;8;8;8
"16236";3;4;6;9;10;12;15;16;19
"16237";3;4;6;9;10;12;15;16;19
"16238";3;4;7;7;7;7;7;7;7
"16239";3;4;6;9;10;12;15;16;19
"16240";3;4;6;9;10;12;15;16;19
"16241";3;4;6;9;10;12;15;16;19
"16242";3;4;6;9;10;12;15;16;19
"16243";3;4;6;9;10;12;15;16;19
"16244";3;4;6;9;10;12;15;16;19
"16245";3;5;5;5;5;5;5;5;5
"16246";3;5;5;5;5;5;5;5;5
"16247";3;4;6;9;10;12;15;16;19
"16248";3;5;5;5;5;5;5;5;5
"16249";3;4;6;8;8;8;8;8;8
"16250";3;5;5;5;5;5;5;5;5
"16251";3;4;6;9;10;12;15;16;18
"16252";3;5;5;5;5;5;5;5;5
"16253";3;5;5;5;5;5;5;5;5
"16254";3;5;5;5;5;5;5;5;5
"16255";3;5;5;5;5;5;5;5;5
"16256";3;5;5;5;5;5;5;5;5
"16257";3;4;6;9;10;12;15;16;19
"16258";3;4;6;9;10;12;15;16;19
"16259";3;4;6;9;10;12;15;16;19
"16260";3;4;6;9;10;12;15;16;19
"16261";3;4;7;7;7;7;7;7;7
"16262";3;4;6;9;10;12;15;16;19
"16263";3;4;6;9;10;12;15;16;19
"16264";3;4;6;9;10;12;15;16;19
"16265";3;4;6;8;8;8;8;8;8
"16266";3;5;5;5;5;5;5;5;5
"16267";3;5;5;5;5;5;5;5;5
"16268";3;4;6;9;10;12;15;16;19
"16269";3;5;5;5;5;5;5;5;5
"16270";3;4;6;9;10;12;15;16;19
"16271";3;4;6;9;10;12;15;16;19
"16272";3;4;6;9;10;12;15;16;19
"16273";3;4;6;9;10;12;15;16;19
"16274";3;4;6;8;8;8;8;8;8
"16275";3;4;6;9;10;12;15;16;19
"16276";3;4;7;7;7;7;7;7;7
"16277";3;4;6;9;10;12;15;16;19
"16278";3;4;6;9;10;12;15;16;19
"16279";3;4;6;8;8;8;8;8;8
"16280";3;4;6;9;10;12;15;16;19
"16281";3;4;6;9;10;12;15;16;19
"16282";3;4;6;9;10;12;15;16;19
"16283";3;4;7;7;7;7;7;7;7
"16284";3;4;7;7;7;7;7;7;7
"16285";3;4;7;7;7;7;7;7;7
"16286";3;4;7;7;7;7;7;7;7
"16287";3;4;7;7;7;7;7;7;7
"16288";3;4;7;7;7;7;7;7;7
"16289";3;4;6;9;10;12;15;16;19
"16290";3;4;6;9;10;12;15;16;19
"16291";3;4;6;8;8;8;8;8;8
"16292";3;4;6;8;8;8;8;8;8
"16293";3;4;6;9;10;12;15;16;18
"16294";3;4;6;9;10;12;15;16;19
"16295";3;4;6;8;8;8;8;8;8
"16296";3;4;6;9;10;12;15;16;19
"16297";3;4;6;8;8;8;8;8;8
"16298";3;4;6;9;10;12;15;16;19
"16299";3;4;6;9;10;12;15;16;19
"16300";3;4;7;7;7;7;7;7;7
"16301";3;4;7;7;7;7;7;7;7
"16302";3;4;6;9;10;12;15;16;19
"16303";3;4;6;9;10;12;15;16;19
"16304";3;4;6;9;10;12;15;16;19
"16305";3;4;6;9;10;12;15;16;19
"16306";3;4;6;8;8;8;8;8;8
"16307";3;4;6;8;8;8;8;8;8
"16308";3;5;5;5;5;5;5;5;5
"16309";3;4;6;8;8;8;8;8;8
"16310";3;4;6;9;10;12;15;16;19
"16311";3;4;6;8;8;8;8;8;8
"16312";3;4;6;9;10;12;15;16;19
"16313";3;4;6;9;10;12;15;16;19
"16314";3;4;6;8;8;8;8;8;8
"16315";3;4;6;8;8;8;8;8;8
"16316";3;4;6;8;8;8;8;8;8
"16317";3;4;6;8;8;8;8;8;8
"16318";3;4;6;9;10;12;15;16;19
"16319";3;4;6;8;8;8;8;8;8
"16320";3;4;6;8;8;8;8;8;8
"16321";3;4;6;9;10;12;15;16;19
"16322";3;4;6;9;10;12;15;16;19
"16323";3;4;6;9;10;12;15;16;19
"16324";3;4;6;9;10;12;15;16;19
"16325";3;4;6;9;10;12;15;16;19
"16326";3;4;6;9;10;12;15;16;19
"16327";3;4;6;9;10;12;15;16;19
"16328";3;4;6;9;10;12;15;16;19
"16329";3;4;6;9;10;12;15;16;19
"16330";3;4;6;9;10;12;15;16;19
"16331";3;4;6;9;10;12;15;16;19
"16332";3;4;6;9;10;12;15;16;19
"16333";3;4;6;9;10;12;15;16;19
"16334";3;4;6;9;10;12;15;16;19
"16335";3;4;6;9;10;12;15;16;19
"16336";3;4;7;7;7;7;7;7;7
"16337";3;4;6;8;8;8;8;8;8
"16338";3;4;6;9;10;12;15;16;19
"16339";3;4;6;9;10;12;15;16;19
"16340";3;4;6;9;10;12;15;16;19
"16341";3;4;6;9;10;12;15;16;19
"16342";3;4;6;9;10;12;15;16;19
"16343";3;4;6;9;10;12;15;16;19
"16344";3;4;6;9;10;12;15;16;19
"16345";3;4;7;7;7;7;7;7;7
"16346";3;4;6;9;10;12;15;16;19
"16347";3;4;6;8;8;8;8;8;8
"16348";3;4;6;8;8;8;8;8;8
"16349";3;4;6;8;8;8;8;8;8
"16350";3;4;6;9;10;12;15;16;19
"16351";3;4;6;8;8;8;8;8;8
"16352";3;4;6;8;8;8;8;8;8
"16353";3;4;6;8;8;8;8;8;8
"16354";3;4;6;8;8;8;8;8;8
"16355";3;4;6;8;8;8;8;8;8
"16356";3;4;6;9;10;12;15;16;19
"16357";3;4;6;9;10;12;15;16;19
"16358";3;4;6;9;10;12;15;16;19
"16359";3;4;6;9;10;12;15;16;19
"16360";3;4;6;9;10;12;15;16;18
"16361";3;4;6;9;10;12;15;16;19
"16362";3;4;6;9;10;12;15;16;19
"16363";3;4;6;9;10;12;15;16;18
"16364";3;4;6;9;10;12;15;16;19
"16365";3;4;6;9;10;12;15;16;19
"16366";3;4;6;9;10;12;15;16;19
"16367";3;4;6;9;10;12;15;16;19
"16368";3;4;6;9;10;12;15;16;19
"16369";3;4;6;9;10;12;15;16;19
"16370";3;4;6;9;10;12;15;16;19
"16371";3;4;6;9;10;12;15;16;19
"16372";3;4;6;9;10;12;15;16;19
"16373";3;4;6;9;10;12;15;16;19
"16374";3;4;6;9;10;12;15;16;19
"16375";3;4;6;9;10;12;15;16;19
"16376";3;4;6;9;10;12;15;16;19
"16377";3;4;6;9;10;12;15;16;19
"16378";3;4;6;9;10;12;15;16;18
"16379";3;4;6;9;10;12;15;16;19
"16380";3;4;6;9;10;12;15;16;19
"16381";3;4;7;7;7;7;7;7;7
"16382";3;4;6;9;10;12;15;16;19
"16383";3;4;6;9;10;12;15;16;19
"16384";3;4;6;9;10;12;15;16;19
"16385";3;4;6;9;10;12;15;16;19
"16386";3;4;7;7;7;7;7;7;7
"16387";3;4;7;7;7;7;7;7;7
"16388";3;4;6;9;10;12;15;16;19
"16389";3;4;6;9;10;12;15;16;19
"16390";3;4;6;9;10;12;15;16;19
"16391";3;4;7;7;7;7;7;7;7
"16392";3;4;6;9;10;12;15;16;19
"16393";3;4;6;9;10;12;15;16;19
"16394";3;5;5;5;5;5;5;5;5
"16395";3;4;7;7;7;7;7;7;7
"16396";3;4;6;9;10;12;15;16;19
"16397";3;4;6;9;10;12;15;16;19
"16398";3;4;6;9;10;12;15;16;19
"16399";3;4;6;9;10;12;15;16;19
"16400";3;4;6;9;10;12;15;16;19
"16401";3;4;6;9;10;12;15;16;19
"16402";3;4;6;9;10;12;15;16;19
"16403";3;4;6;9;10;12;15;16;19
"16404";3;4;6;9;10;12;15;16;19
"16405";3;4;6;9;10;12;15;16;19
"16406";3;4;6;9;10;12;15;16;19
"16407";3;4;6;9;10;12;15;16;19
"16408";3;4;6;9;10;12;15;16;19
"16409";3;5;5;5;5;5;5;5;5
"16410";3;4;7;7;7;7;7;7;7
"16411";3;4;6;9;10;12;15;16;19
"16412";3;4;6;9;10;12;15;16;19
"16413";3;4;6;9;10;12;15;16;19
"16414";3;4;6;9;10;12;15;16;19
"16415";3;4;6;9;10;12;15;16;19
"16416";3;4;6;9;10;12;15;16;19
"16417";3;4;6;9;10;12;15;16;19
"16418";3;4;7;7;7;7;7;7;7
"16419";3;4;6;9;10;12;15;16;19
"16420";3;4;6;9;10;12;15;16;19
"16421";3;4;6;9;10;12;15;16;19
"16422";3;4;6;9;10;12;15;16;19
"16423";3;4;6;9;10;12;15;16;19
"16424";3;4;6;9;10;12;15;16;19
"16425";3;4;6;9;10;12;15;16;19
"16426";3;4;6;9;10;12;15;16;19
"16427";3;4;6;9;10;12;15;16;19
"16428";3;4;7;7;7;7;7;7;7
"16429";3;4;6;9;10;12;15;16;19
"16430";3;4;6;9;10;12;15;16;19
"16431";3;4;6;9;10;12;15;16;19
"16432";3;4;6;9;10;12;15;16;19
"16433";3;4;6;9;10;12;15;16;19
"16434";3;4;6;9;10;12;15;16;19
"16435";3;4;6;9;10;12;15;16;19
"16436";3;4;6;9;10;12;15;16;19
"16437";3;4;6;9;10;12;15;16;19
"16438";3;4;6;9;10;12;15;16;19
"16439";3;4;6;9;10;12;15;16;19
"16440";3;4;6;9;10;12;15;16;19
"16441";3;4;6;9;10;12;15;16;19
"16442";3;4;6;8;8;8;8;8;8
"16443";3;4;6;8;8;8;8;8;8
"16444";3;4;6;8;8;8;8;8;8
"16445";3;4;6;9;10;12;15;16;19
"16446";3;4;6;9;10;12;15;16;19
"16447";3;4;6;9;10;12;15;16;19
"16448";3;4;6;9;10;12;15;16;19
"16449";3;4;6;9;10;12;15;16;19
"16450";3;4;7;7;7;7;7;7;7
"16451";3;4;6;9;10;12;15;16;19
"16452";3;4;6;9;10;12;15;16;19
"16453";3;4;6;9;10;12;15;16;19
"16454";3;4;6;9;10;12;15;16;19
"16455";3;4;6;9;10;12;15;16;19
"16456";3;4;6;9;10;12;15;16;19
"16457";3;4;6;9;10;12;15;16;19
"16458";3;4;6;9;10;12;15;16;19
"16459";3;4;6;9;10;12;15;16;19
"16460";3;4;6;9;10;12;15;16;19
"16461";3;4;7;7;7;7;7;7;7
"16462";3;4;7;7;7;7;7;7;7
"16463";3;4;7;7;7;7;7;7;7
"16464";3;4;6;9;10;12;15;16;19
"16465";3;4;6;9;10;12;15;16;19
"16466";3;4;7;7;7;7;7;7;7
"16467";3;4;7;7;7;7;7;7;7
"16468";3;4;7;7;7;7;7;7;7
"16469";3;4;6;9;10;12;15;16;19
"16470";3;4;6;9;10;12;15;16;19
"16471";3;4;6;9;10;12;15;16;19
"16472";3;4;6;9;10;12;15;16;19
"16473";3;4;6;9;10;12;15;16;19
"16474";3;4;6;9;10;12;15;16;19
"16475";3;4;7;7;7;7;7;7;7
"16476";3;4;6;9;10;12;15;16;19
"16477";3;4;6;9;10;12;15;16;19
"16478";3;4;6;9;10;12;15;16;19
"16479";3;4;7;7;7;7;7;7;7
"16480";3;4;7;7;7;7;7;7;7
"16481";3;4;6;9;10;12;15;16;19
"16482";3;4;6;9;10;12;15;16;19
"16483";3;4;6;9;10;12;15;16;19
"16484";3;4;6;9;10;12;15;16;19
"16485";3;4;6;9;10;12;15;16;19
"16486";3;4;6;9;10;12;15;16;19
"16487";3;4;6;9;10;12;15;16;19
"16488";3;4;6;9;10;12;15;16;19
"16489";3;4;6;9;10;12;15;16;19
"16490";3;4;6;9;10;12;15;16;19
"16491";3;4;6;9;10;12;15;16;19
"16492";3;4;6;9;10;12;15;16;19
"16493";3;4;6;9;10;12;15;16;19
"16494";3;4;6;9;10;12;15;16;19
"16495";3;4;6;9;10;12;15;16;19
"16496";3;4;6;9;10;12;15;16;19
"16497";3;4;6;9;10;12;15;16;19
"16498";3;4;7;7;7;7;7;7;7
"16499";3;4;6;9;10;12;15;16;19
"16500";3;4;6;9;10;12;15;16;19
"16501";3;4;6;9;10;12;15;16;19
"16502";3;4;6;9;10;12;15;16;19
"16503";3;4;6;9;10;12;15;16;19
"16504";3;4;7;7;7;7;7;7;7
"16505";3;4;6;9;10;12;15;16;19
"16506";3;4;6;9;10;12;15;16;19
"16507";3;4;6;9;10;12;15;16;19
"16508";3;4;6;9;10;12;15;16;19
"16509";3;4;6;9;10;12;15;16;19
"16510";3;4;6;9;10;12;15;16;19
"16511";3;4;6;9;10;12;15;16;19
"16512";3;4;6;9;10;12;15;16;19
"16513";3;4;6;9;10;12;15;16;19
"16514";3;4;6;9;10;12;15;16;19
"16515";3;4;6;9;10;12;15;16;19
"16516";3;4;6;9;10;12;15;16;19
"16517";3;4;6;9;10;12;15;16;19
"16518";3;4;6;9;10;12;15;16;19
"16519";3;4;6;9;10;12;15;16;19
"16520";3;4;6;9;10;12;15;16;19
"16521";3;4;6;9;10;12;15;16;19
"16522";3;4;6;9;10;12;15;16;19
"16523";3;4;6;9;10;12;15;16;19
"16524";3;4;6;9;10;12;15;16;19
"16525";3;4;6;9;10;12;15;16;19
"16526";3;4;6;9;10;12;15;16;19
"16527";3;4;6;9;10;12;15;16;19
"16528";3;4;6;9;10;12;15;16;19
"16529";3;4;6;9;10;12;15;16;19
"16530";3;5;5;5;5;5;5;5;5
"16531";3;4;6;9;10;12;15;16;19
"16532";3;4;6;9;10;12;15;16;19
"16533";3;4;6;9;10;12;15;16;19
"16534";3;4;6;9;10;12;15;16;19
"16535";3;4;6;9;10;12;15;16;19
"16536";3;4;6;9;10;12;15;16;19
"16537";3;4;6;9;10;12;15;16;19
"16538";3;4;6;9;10;12;15;16;19
"16539";3;4;6;9;10;12;15;16;19
"16540";3;4;6;9;10;12;15;16;19
"16541";3;4;6;9;10;12;15;16;19
"16542";3;4;6;9;10;12;15;16;19
"16543";3;4;6;9;10;12;15;16;19
"16544";3;4;6;9;10;12;15;16;19
"16545";3;4;6;8;8;8;8;8;8
"16546";3;4;6;9;10;12;15;16;19
"16547";3;4;6;8;8;8;8;8;8
"16548";3;4;6;8;8;8;8;8;8
"16549";3;4;6;9;10;12;15;16;19
"16550";3;5;5;5;5;5;5;5;5
"16551";3;4;6;9;10;12;15;16;19
"16552";3;4;6;9;10;12;15;16;19
"16553";3;4;6;9;10;12;15;16;19
"16554";3;4;6;8;8;8;8;8;8
"16555";3;4;6;9;10;12;15;16;19
"16556";3;4;6;9;10;12;15;16;19
"16557";3;4;6;9;10;12;15;16;19
"16558";3;4;6;9;10;12;15;16;19
"16559";3;4;6;9;10;12;15;16;19
"16560";3;4;6;9;10;12;15;16;19
"16561";3;4;6;9;10;12;15;16;19
"16562";3;4;6;9;10;12;15;16;19
"16563";3;4;6;9;10;12;15;16;19
"16564";3;4;6;9;10;12;15;16;19
"16565";3;4;6;9;10;12;15;16;19
"16566";3;4;6;9;10;12;15;16;19
"16567";3;4;6;8;8;8;8;8;8
"16568";3;4;6;9;10;12;15;16;19
"16569";3;4;6;9;10;12;15;16;19
"16570";3;4;6;9;10;12;15;16;19
"16571";3;4;6;9;10;12;15;16;19
"16572";3;4;6;9;10;12;15;16;19
"16573";3;4;6;9;10;12;15;16;19
"16574";3;4;6;9;10;12;15;16;19
"16575";3;4;6;9;10;12;15;16;19
"16576";3;5;5;5;5;5;5;5;5
"16577";3;5;5;5;5;5;5;5;5
"16578";3;4;6;9;10;12;15;16;19
"16579";3;4;6;9;10;12;15;16;19
"16580";3;4;6;9;10;12;15;16;19
"16581";3;5;5;5;5;5;5;5;5
"16582";3;4;6;9;10;12;15;16;19
"16583";3;4;6;9;10;12;15;16;19
"16584";3;4;6;9;10;12;15;16;19
"16585";3;4;6;8;8;8;8;8;8
"16586";3;4;6;8;8;8;8;8;8
"16587";3;4;6;8;8;8;8;8;8
"16588";3;4;6;9;10;12;15;16;19
"16589";3;4;6;9;10;12;15;16;19
"16590";3;4;6;9;10;12;15;16;19
"16591";3;4;6;9;10;12;15;16;19
"16592";3;4;6;9;10;12;15;16;19
"16593";3;4;6;9;10;12;15;16;18
"16594";3;4;6;9;10;12;15;16;19
"16595";3;4;6;9;10;12;15;16;19
"16596";3;4;6;8;8;8;8;8;8
"16597";3;4;6;9;10;12;15;16;19
"16598";3;4;6;9;10;12;15;16;19
"16599";3;4;6;9;10;12;15;16;19
"16600";3;4;6;9;10;12;15;16;19
"16601";3;4;6;9;10;12;15;16;19
"16602";3;4;6;9;10;12;15;16;19
"16603";3;4;6;8;8;8;8;8;8
"16604";3;4;6;9;10;12;15;16;19
"16605";3;4;6;9;10;12;15;16;19
"16606";3;4;6;9;10;12;15;16;19
"16607";3;4;6;9;10;12;15;16;19
"16608";3;4;6;8;8;8;8;8;8
"16609";3;4;6;9;10;12;15;16;19
"16610";3;4;6;9;10;12;15;16;19
"16611";3;4;6;9;10;12;15;16;19
"16612";3;4;6;9;10;12;15;16;19
"16613";3;4;6;9;10;12;15;16;19
"16614";3;4;6;8;8;8;8;8;8
"16615";3;4;6;9;10;13;13;13;13
"16616";3;4;6;9;10;13;13;13;13
"16617";3;4;6;9;10;12;15;16;19
"16618";3;4;6;9;10;12;15;16;19
"16619";3;4;6;9;10;12;15;16;19
"16620";3;4;6;9;10;12;15;16;19
"16621";3;4;6;8;8;8;8;8;8
"16622";3;4;6;8;8;8;8;8;8
"16623";3;4;6;9;10;12;15;16;19
"16624";3;4;6;8;8;8;8;8;8
"16625";3;4;6;9;10;12;15;16;19
"16626";3;4;6;9;10;12;15;16;19
"16627";3;4;6;8;8;8;8;8;8
"16628";3;4;6;9;10;13;13;13;13
"16629";3;4;6;9;10;12;15;16;19
"16630";3;4;6;9;10;12;15;16;19
"16631";3;4;6;9;10;12;15;16;19
"16632";3;4;6;9;10;12;15;16;19
"16633";3;4;6;9;10;12;15;16;19
"16634";3;4;6;9;10;12;15;16;19
"16635";3;4;6;9;10;12;15;16;19
"16636";3;4;6;9;10;12;15;16;19
"16637";3;4;6;9;10;12;15;16;19
"16638";3;4;6;9;10;12;15;16;19
"16639";3;4;6;9;10;12;15;16;19
"16640";3;4;6;9;10;12;15;16;19
"16641";3;4;6;9;10;12;15;16;19
"16642";3;4;6;9;10;12;15;16;19
"16643";3;4;6;9;10;12;15;16;19
"16644";3;4;6;9;10;12;15;16;19
"16645";3;4;6;9;10;12;15;16;19
"16646";3;4;6;9;10;12;15;16;19
"16647";3;4;6;8;8;8;8;8;8
"16648";3;4;6;9;10;12;15;16;19
"16649";3;4;6;9;10;12;15;16;19
"16650";3;4;6;9;10;12;15;16;19
"16651";3;4;6;9;10;12;15;16;19
"16652";3;4;6;9;10;12;15;16;19
"16653";3;4;6;9;10;12;15;16;19
"16654";3;4;6;9;10;12;15;16;19
"16655";3;4;6;9;10;12;15;16;19
"16656";3;4;6;9;10;12;15;16;18
"16657";3;5;5;5;5;5;5;5;5
"16658";3;4;6;9;10;12;15;16;19
"16659";3;4;6;9;10;12;15;16;19
"16660";3;4;6;9;10;12;15;16;19
"16661";3;4;6;9;10;12;15;16;19
"16662";3;4;6;9;10;12;15;16;19
"16663";3;4;6;9;10;12;15;16;19
"16664";3;4;6;9;10;12;15;16;19
"16665";3;4;6;9;10;12;15;16;19
"16666";3;4;6;9;10;12;15;16;19
"16667";3;4;6;9;10;12;15;16;19
"16668";3;4;6;9;10;12;15;16;19
"16669";3;4;6;9;10;12;15;16;19
"16670";3;4;6;9;10;12;15;16;19
"16671";3;4;6;9;10;12;15;16;19
"16672";3;4;6;9;10;12;15;16;19
"16673";3;4;6;9;10;12;15;16;19
"16674";3;4;6;9;10;12;15;16;19
"16675";3;4;6;9;10;12;15;16;19
"16676";3;4;6;8;8;8;8;8;8
"16677";3;4;6;8;8;8;8;8;8
"16678";3;4;6;9;10;12;15;16;19
"16679";3;4;6;8;8;8;8;8;8
"16680";3;4;6;9;10;12;15;16;19
"16681";3;4;6;9;10;12;15;16;19
"16682";3;4;6;9;10;12;15;16;19
"16683";3;4;6;9;10;12;15;16;19
"16684";3;4;6;9;10;12;15;16;19
"16685";3;4;6;9;10;12;15;16;19
"16686";3;4;6;9;10;12;15;16;19
"16687";3;4;6;9;10;12;15;16;19
"16688";3;4;6;9;10;12;15;16;19
"16689";3;4;6;9;10;12;15;16;19
"16690";3;4;6;9;10;12;15;16;19
"16691";3;4;6;9;10;12;15;16;19
"16692";3;4;6;9;10;12;15;16;19
"16693";3;4;6;9;10;12;15;16;19
"16694";3;4;6;9;10;12;15;16;19
"16695";3;4;6;9;10;12;15;16;19
"16696";3;4;6;9;10;12;15;16;19
"16697";3;4;6;9;10;12;15;16;19
"16698";3;4;6;9;10;12;15;16;19
"16699";3;4;6;9;10;12;15;16;19
"16700";3;4;6;9;10;12;15;16;19
"16701";3;4;7;7;7;7;7;7;7
"16702";3;4;7;7;7;7;7;7;7
"16703";3;4;6;9;10;12;15;16;19
"16704";3;4;6;9;10;12;15;16;19
"16705";3;4;7;7;7;7;7;7;7
"16706";3;4;6;9;10;12;15;16;19
"16707";3;4;6;9;10;12;15;16;19
"16708";3;4;7;7;7;7;7;7;7
"16709";3;4;6;9;10;12;15;16;19
"16710";3;4;6;9;10;12;15;16;19
"16711";3;4;6;9;10;12;15;16;19
"16712";3;4;7;7;7;7;7;7;7
"16713";3;4;7;7;7;7;7;7;7
"16714";3;4;7;7;7;7;7;7;7
"16715";3;4;6;9;10;12;15;16;19
"16716";3;4;6;9;10;12;15;16;19
"16717";3;4;6;9;10;12;15;16;19
"16718";3;4;6;9;10;12;15;16;19
"16719";3;4;6;9;10;12;15;16;19
"16720";3;4;6;9;10;12;15;16;19
"16721";3;4;6;9;10;12;15;16;19
"16722";3;4;6;9;10;12;15;16;19
"16723";3;4;6;8;8;8;8;8;8
"16724";3;4;6;9;10;13;13;13;13
"16725";3;4;6;9;10;12;15;16;19
"16726";3;4;6;9;10;12;15;16;19
"16727";3;4;6;9;10;12;15;16;19
"16728";3;4;6;9;10;12;15;16;19
"16729";3;4;6;9;10;12;15;16;19
"16730";3;4;6;9;10;12;15;16;19
"16731";3;4;6;9;10;12;15;16;19
"16732";3;4;6;9;10;12;15;16;19
"16733";3;4;6;9;10;12;15;16;19
"16734";3;4;6;9;10;12;15;16;19
"16735";3;4;7;7;7;7;7;7;7
"16736";3;4;6;9;10;12;15;16;19
"16737";3;4;6;9;10;12;15;16;19
"16738";3;4;7;7;7;7;7;7;7
"16739";3;4;6;9;10;12;15;16;19
"16740";3;4;6;9;10;12;15;16;19
"16741";3;4;6;9;10;12;15;16;19
"16742";3;4;6;9;10;12;15;16;19
"16743";3;4;6;9;10;12;15;16;19
"16744";3;4;6;9;10;12;15;16;19
"16745";3;4;6;9;10;12;15;16;19
"16746";3;4;7;7;7;7;7;7;7
"16747";3;4;7;7;7;7;7;7;7
"16748";3;4;7;7;7;7;7;7;7
"16749";3;4;6;9;10;12;15;16;19
"16750";3;4;7;7;7;7;7;7;7
"16751";3;4;7;7;7;7;7;7;7
"16752";3;4;7;7;7;7;7;7;7
"16753";3;4;6;9;10;12;15;16;18
"16754";3;4;6;9;10;12;15;16;19
"16755";3;4;6;9;10;12;15;16;19
"16756";3;4;6;9;10;12;15;16;19
"16757";3;4;6;9;10;12;15;16;19
"16758";3;4;6;9;10;12;15;16;19
"16759";3;4;6;9;10;12;15;16;19
"16760";3;4;6;9;10;12;15;16;19
"16761";3;4;6;9;10;12;15;16;19
"16762";3;4;6;9;10;12;15;16;19
"16763";3;4;6;9;10;12;15;16;19
"16764";3;4;6;9;10;12;15;16;19
"16765";3;4;6;8;8;8;8;8;8
"16766";3;4;6;9;10;12;15;16;19
"16767";3;4;6;9;10;12;15;16;19
"16768";3;4;6;9;10;12;15;16;19
"16769";3;4;6;9;10;12;15;16;19
"16770";3;4;6;9;10;12;15;16;19
"16771";3;4;6;9;10;12;15;16;19
"16772";3;4;6;9;10;12;15;16;19
"16773";3;4;6;9;10;12;15;16;19
"16774";3;4;6;9;10;12;15;16;19
"16775";3;4;6;9;10;12;15;16;19
"16776";3;4;6;9;10;12;15;16;18
"16777";3;4;6;9;10;12;15;16;19
"16778";3;4;6;9;10;12;15;16;19
"16779";3;4;6;9;10;12;15;16;19
"16780";3;4;6;9;10;12;15;16;19
"16781";3;4;6;9;10;12;15;16;19
"16782";3;4;6;9;10;12;15;16;19
"16783";3;4;6;8;8;8;8;8;8
"16784";3;4;6;9;10;12;15;16;19
"16785";3;4;6;9;10;12;15;16;19
"16786";3;4;6;9;10;12;15;16;19
"16787";3;4;6;9;10;12;15;16;19
"16788";3;4;6;9;10;12;15;16;19
"16789";3;4;6;9;10;12;15;16;19
"16790";3;4;6;9;10;12;15;16;19
"16791";3;4;6;9;10;12;15;16;19
"16792";3;4;6;9;10;12;15;16;19
"16793";3;4;6;9;10;12;15;16;19
"16794";3;4;6;9;10;12;15;16;19
"16795";3;4;6;9;10;12;15;16;19
"16796";3;4;6;9;10;12;15;16;19
"16797";3;4;6;9;10;12;15;16;19
"16798";3;4;6;9;10;12;15;16;19
"16799";3;4;6;9;10;12;15;16;19
"16800";3;4;6;9;10;12;15;16;19
"16801";3;4;6;9;10;12;15;16;19
"16802";3;4;6;9;10;12;15;16;19
"16803";3;4;6;9;10;12;15;16;19
"16804";3;4;6;9;10;12;15;16;19
"16805";3;4;6;8;8;8;8;8;8
"16806";3;4;6;9;10;12;15;16;19
"16807";3;4;6;9;10;12;15;16;19
"16808";3;4;6;9;10;12;15;16;19
"16809";3;4;6;9;10;12;15;16;19
"16810";3;4;6;9;10;12;15;16;19
"16811";3;4;6;9;10;12;15;16;19
"16812";3;4;6;9;10;12;15;16;19
"16813";3;4;6;9;10;12;15;16;18
"16814";3;4;6;9;10;13;13;13;13
"16815";3;4;6;9;10;12;15;16;19
"16816";3;4;6;9;10;12;15;16;19
"16817";3;4;6;9;10;12;15;16;19
"16818";3;4;6;9;10;12;15;16;19
"16819";3;4;7;7;7;7;7;7;7
"16820";3;4;6;9;10;12;15;16;19
"16821";3;4;6;9;10;12;15;16;19
"16822";3;4;6;9;10;12;15;16;19
"16823";3;4;6;8;8;8;8;8;8
"16824";3;4;7;7;7;7;7;7;7
"16825";3;4;6;9;10;12;15;16;19
"16826";3;4;6;9;10;12;15;16;19
"16827";3;4;7;7;7;7;7;7;7
"16828";3;4;6;9;10;12;15;16;19
"16829";3;4;7;7;7;7;7;7;7
"16830";3;4;6;9;10;12;15;16;19
"16831";3;4;6;9;10;12;15;16;19
"16832";3;4;6;9;10;12;15;16;19
"16833";3;4;6;9;10;12;15;16;19
"16834";3;4;7;7;7;7;7;7;7
"16835";3;4;6;9;10;12;15;16;19
"16836";3;4;7;7;7;7;7;7;7
"16837";3;4;6;9;10;12;15;16;19
"16838";3;4;6;9;10;12;15;16;19
"16839";3;4;7;7;7;7;7;7;7
"16840";3;4;7;7;7;7;7;7;7
"16841";3;4;6;9;10;12;15;16;19
"16842";3;4;7;7;7;7;7;7;7
"16843";3;4;7;7;7;7;7;7;7
"16844";3;4;7;7;7;7;7;7;7
"16845";3;4;7;7;7;7;7;7;7
"16846";3;4;6;9;10;12;15;16;19
"16847";3;4;6;9;10;12;15;16;19
"16848";3;4;7;7;7;7;7;7;7
"16849";3;4;7;7;7;7;7;7;7
"16850";3;4;7;7;7;7;7;7;7
"16851";3;4;6;9;10;12;15;16;19
"16852";3;4;6;9;10;12;15;16;19
"16853";3;4;7;7;7;7;7;7;7
"16854";3;4;6;9;10;12;15;16;19
"16855";3;4;7;7;7;7;7;7;7
"16856";3;4;7;7;7;7;7;7;7
"16857";3;4;7;7;7;7;7;7;7
"16858";3;4;6;9;10;12;15;16;18
"16859";3;4;6;8;8;8;8;8;8
"16860";3;4;6;9;10;12;15;16;19
"16861";3;4;6;9;10;13;13;13;13
"16862";3;4;6;9;10;12;15;16;19
"16863";3;4;6;9;10;13;13;13;13
"16864";3;4;6;9;10;13;13;13;13
"16865";3;4;6;9;10;13;13;13;13
"16866";3;4;6;9;10;12;15;16;19
"16867";3;4;6;9;10;12;15;16;19
"16868";3;4;6;9;10;13;13;13;13
"16869";3;4;6;9;10;13;13;13;13
"16870";3;4;6;9;10;12;15;16;19
"16871";3;4;6;8;8;8;8;8;8
"16872";3;4;6;9;10;13;13;13;13
"16873";3;4;6;9;10;12;15;16;19
"16874";3;4;6;9;10;13;13;13;13
"16875";3;4;6;9;10;12;15;16;19
"16876";3;4;6;9;10;13;13;13;13
"16877";3;5;5;5;5;5;5;5;5
"16878";3;4;6;9;10;12;15;16;19
"16879";3;4;6;9;10;13;13;13;13
"16880";3;4;6;9;10;12;15;16;19
"16881";3;4;6;9;10;12;15;16;19
"16882";3;4;6;9;10;12;15;16;19
"16883";3;4;6;9;10;12;15;16;19
"16884";3;4;6;9;10;12;15;16;19
"16885";3;4;6;9;10;12;15;16;19
"16886";3;4;6;9;10;13;13;13;13
"16887";3;4;6;9;10;12;15;16;19
"16888";3;4;7;7;7;7;7;7;7
"16889";3;4;6;9;10;13;13;13;13
"16890";3;4;6;9;10;12;15;16;19
"16891";3;4;6;9;10;12;15;16;19
"16892";3;4;6;8;8;8;8;8;8
"16893";3;4;6;9;10;13;13;13;13
"16894";3;4;6;9;10;12;15;16;19
"16895";3;4;6;9;10;12;15;16;19
"16896";3;4;6;9;10;12;15;16;19
"16897";3;4;6;9;10;13;13;13;13
"16898";3;4;6;9;10;13;13;13;13
"16899";3;4;6;9;10;12;15;16;19
"16900";3;4;6;9;10;13;13;13;13
"16901";3;4;6;9;10;13;13;13;13
"16902";3;4;6;9;10;13;13;13;13
"16903";3;4;6;9;10;13;13;13;13
"16904";3;4;6;9;10;13;13;13;13
"16905";3;4;6;9;10;12;15;16;19
"16906";3;4;6;9;10;12;15;16;19
"16907";3;4;6;9;10;13;13;13;13
"16908";3;4;6;9;10;13;13;13;13
"16909";3;4;6;9;10;12;15;16;19
"16910";3;4;6;9;10;13;13;13;13
"16911";3;4;6;8;8;8;8;8;8
"16912";3;4;6;8;8;8;8;8;8
"16913";3;4;7;7;7;7;7;7;7
"16914";3;4;7;7;7;7;7;7;7
"16915";3;4;6;9;10;12;15;16;19
"16916";3;4;6;9;10;12;15;16;19
"16917";3;4;6;9;10;12;15;16;19
"16918";3;4;6;9;10;13;13;13;13
"16919";3;4;6;9;10;12;15;16;19
"16920";3;4;6;9;10;12;15;16;19
"16921";3;4;6;8;8;8;8;8;8
"16922";3;4;6;9;10;12;15;16;19
"16923";3;4;6;9;10;12;15;16;18
"16924";3;4;6;9;10;12;15;16;19
"16925";3;4;6;9;10;12;15;16;19
"16926";3;4;7;7;7;7;7;7;7
"16927";3;4;6;9;10;12;15;16;19
"16928";3;4;6;9;10;12;15;16;19
"16929";3;4;6;9;10;12;15;16;19
"16930";3;4;6;9;10;12;15;16;19
"16931";3;4;7;7;7;7;7;7;7
"16932";3;4;6;9;10;12;15;16;19
"16933";3;5;5;5;5;5;5;5;5
"16934";3;5;5;5;5;5;5;5;5
"16935";3;5;5;5;5;5;5;5;5
"16936";3;4;6;9;10;12;15;16;19
"16937";3;4;6;9;10;12;15;16;19
"16938";3;4;6;9;10;12;15;16;19
"16939";3;5;5;5;5;5;5;5;5
"16940";3;4;6;9;10;13;13;13;13
"16941";3;4;6;9;10;12;15;16;19
"16942";3;5;5;5;5;5;5;5;5
"16943";3;4;6;9;10;12;15;16;19
"16944";3;4;6;9;10;12;15;16;19
"16945";3;4;6;9;10;13;13;13;13
"16946";3;4;6;9;10;12;15;16;19
"16947";3;4;6;9;10;12;15;16;19
"16948";3;4;6;9;10;13;13;13;13
"16949";3;4;6;9;10;12;15;16;18
"16950";3;4;6;9;10;12;15;16;19
"16951";3;4;6;9;10;12;15;16;19
"16952";3;4;6;9;10;12;15;16;19
"16953";3;5;5;5;5;5;5;5;5
"16954";3;5;5;5;5;5;5;5;5
"16955";3;4;6;9;10;12;15;16;19
"16956";3;4;6;9;10;12;15;16;18
"16957";3;5;5;5;5;5;5;5;5
"16958";3;4;6;9;10;12;15;16;19
"16959";3;4;6;9;10;12;15;16;19
"16960";3;4;6;9;10;12;15;16;19
"16961";3;4;6;9;10;13;13;13;13
"16962";3;4;6;9;10;13;13;13;13
"16963";3;4;6;9;10;13;13;13;13
"16964";3;4;6;9;10;12;15;16;19
"16965";3;4;6;9;10;13;13;13;13
"16966";3;4;6;9;10;13;13;13;13
"16967";3;4;6;9;10;12;15;16;19
"16968";3;4;6;9;10;12;15;16;19
"16969";3;4;6;9;10;13;13;13;13
"16970";3;4;6;9;10;13;13;13;13
"16971";3;4;6;9;10;12;15;16;19
"16972";3;4;6;8;8;8;8;8;8
"16973";3;4;6;9;10;13;13;13;13
"16974";3;4;6;9;10;12;15;16;19
"16975";3;4;6;9;10;12;15;16;19
"16976";3;4;6;8;8;8;8;8;8
"16977";3;4;6;9;10;12;15;16;19
"16978";3;4;6;9;10;13;13;13;13
"16979";3;4;6;9;10;13;13;13;13
"16980";3;4;6;9;10;12;15;16;19
"16981";3;4;6;9;10;12;15;16;19
"16982";3;4;6;9;10;12;15;16;19
"16983";3;4;6;9;10;13;13;13;13
"16984";3;4;6;9;10;13;13;13;13
"16985";3;4;6;9;10;12;15;16;19
"16986";3;4;6;9;10;13;13;13;13
"16987";3;4;6;9;10;12;15;16;19
"16988";3;4;6;9;10;12;15;16;19
"16989";3;4;6;9;10;12;15;16;19
"16990";3;4;6;9;10;12;15;16;19
"16991";3;5;5;5;5;5;5;5;5
"16992";3;5;5;5;5;5;5;5;5
"16993";3;4;6;9;10;12;15;16;18
"16994";3;4;6;9;10;12;15;16;19
"16995";3;4;6;9;10;12;15;16;19
"16996";3;4;6;9;10;12;15;16;19
"16997";3;4;6;9;10;12;15;16;19
"16998";3;4;6;9;10;12;15;16;19
"16999";3;4;7;7;7;7;7;7;7
"17000";3;4;6;9;10;12;15;16;18
"17001";3;4;6;9;10;12;15;16;19
"17002";3;4;6;9;10;12;15;16;19
"17003";3;4;6;9;10;12;15;16;19
"17004";3;4;6;9;10;12;15;16;19
"17005";3;4;6;9;10;12;15;16;19
"17006";3;4;6;9;10;12;15;16;19
"17007";3;4;6;9;10;12;15;16;19
"17008";3;4;6;9;10;12;15;16;19
"17009";3;4;6;9;10;12;15;16;19
"17010";3;4;6;9;10;12;15;16;19
"17011";3;4;6;9;10;12;15;16;19
"17012";3;5;5;5;5;5;5;5;5
"17013";3;5;5;5;5;5;5;5;5
"17014";3;5;5;5;5;5;5;5;5
"17015";3;5;5;5;5;5;5;5;5
"17016";3;5;5;5;5;5;5;5;5
"17017";3;5;5;5;5;5;5;5;5
"17018";3;5;5;5;5;5;5;5;5
"17019";3;4;6;9;10;12;15;16;18
"17020";3;4;6;9;10;12;15;16;19
"17021";3;4;6;9;10;12;15;16;19
"17022";3;4;6;9;10;12;15;16;19
"17023";3;4;6;9;10;12;15;16;19
"17024";3;4;6;9;10;12;15;16;18
"17025";3;4;6;9;10;12;15;16;19
"17026";3;4;6;9;10;12;15;16;19
"17027";3;4;6;9;10;12;15;16;18
"17028";3;4;6;9;10;12;15;16;18
"17029";3;4;6;9;10;12;15;16;18
"17030";3;4;6;9;10;12;15;16;18
"17031";3;4;6;9;10;12;15;16;18
"17032";3;4;6;9;10;12;15;16;19
"17033";3;4;6;9;10;12;15;16;19
"17034";3;4;6;9;10;12;15;16;19
"17035";3;4;6;9;10;12;15;16;19
"17036";3;4;6;9;10;12;15;16;19
"17037";3;4;6;9;10;12;15;16;19
"17038";3;4;6;9;10;12;15;16;19
"17039";3;4;6;9;10;12;15;16;19
"17040";3;4;6;9;10;12;15;16;19
"17041";3;4;6;9;10;12;15;16;19
"17042";3;4;6;9;10;12;15;16;19
"17043";3;4;6;9;10;12;15;16;19
"17044";3;4;6;9;10;12;15;16;19
"17045";3;4;6;9;10;12;15;16;19
"17046";3;4;6;9;10;12;15;16;19
"17047";3;4;6;9;10;12;15;16;19
"17048";3;4;7;7;7;7;7;7;7
"17049";3;4;7;7;7;7;7;7;7
"17050";3;4;6;9;10;12;15;16;19
"17051";3;4;6;9;10;12;15;16;19
"17052";3;4;6;9;10;12;15;16;19
"17053";3;4;7;7;7;7;7;7;7
"17054";3;4;7;7;7;7;7;7;7
"17055";3;4;7;7;7;7;7;7;7
"17056";3;4;6;9;10;12;15;16;19
"17057";3;4;7;7;7;7;7;7;7
"17058";3;4;6;9;10;12;15;16;18
"17059";3;4;6;9;10;12;15;16;19
"17060";3;4;6;8;8;8;8;8;8
"17061";3;5;5;5;5;5;5;5;5
"17062";3;4;6;9;10;12;15;16;19
"17063";3;4;6;9;10;12;15;16;19
"17064";3;4;6;9;10;12;15;16;19
"17065";3;4;6;9;10;12;15;16;19
"17066";3;4;7;7;7;7;7;7;7
"17067";3;4;6;9;10;12;15;16;19
"17068";3;4;6;9;10;12;15;16;19
"17069";3;4;6;9;10;12;15;16;19
"17070";3;4;6;9;10;12;15;16;19
"17071";3;4;6;9;10;12;15;16;19
"17072";3;4;6;9;10;12;15;16;19
"17073";3;4;6;9;10;12;15;16;19
"17074";3;4;6;9;10;12;15;16;19
"17075";3;4;6;9;10;12;15;16;19
"17076";3;4;6;9;10;12;15;16;19
"17077";3;4;6;9;10;12;15;16;19
"17078";3;4;6;9;10;12;15;16;19
"17079";3;4;6;9;10;12;15;16;19
"17080";3;4;6;9;10;12;15;16;19
"17081";3;4;6;9;10;12;15;16;19
"17082";3;4;6;9;10;12;15;16;19
"17083";3;4;6;9;10;12;15;16;19
"17084";3;4;6;9;10;12;15;16;19
"17085";3;4;6;9;10;12;15;16;19
"17086";3;4;6;9;10;12;15;16;19
"17087";3;4;6;8;8;8;8;8;8
"17088";3;5;5;5;5;5;5;5;5
"17089";3;4;6;9;10;13;13;13;13
"17090";3;4;6;8;8;8;8;8;8
"17091";3;4;6;9;10;12;15;16;19
"17092";3;4;6;9;10;12;15;16;19
"17093";3;4;6;9;10;12;15;16;19
"17094";3;4;6;9;10;12;15;16;19
"17095";3;4;6;9;10;12;15;16;19
"17096";3;4;6;9;10;12;15;16;19
"17097";3;4;6;9;10;12;15;16;19
"17098";3;4;6;9;10;13;13;13;13
"17099";3;4;6;9;10;12;15;16;19
"17100";3;4;6;9;10;12;15;16;19
"17101";3;4;6;9;10;12;15;16;19
"17102";3;4;6;9;10;12;15;16;19
"17103";3;4;6;9;10;13;13;13;13
"17104";3;4;6;9;10;12;15;16;19
"17105";3;4;6;9;10;12;15;16;19
"17106";3;4;6;9;10;12;15;16;19
"17107";3;4;6;9;10;12;15;16;19
"17108";3;4;6;9;10;12;15;16;19
"17109";3;4;6;9;10;12;15;16;19
"17110";3;4;6;9;10;12;15;16;19
"17111";3;4;6;9;10;12;15;16;19
"17112";3;4;6;9;10;12;15;16;19
"17113";3;4;6;9;10;12;15;16;19
"17114";3;4;6;9;10;12;15;16;19
"17115";3;4;6;9;10;12;15;16;19
"17116";3;4;6;8;8;8;8;8;8
"17117";3;4;6;9;10;12;15;16;19
"17118";3;4;6;9;10;12;15;16;19
"17119";3;4;6;9;10;12;15;16;19
"17120";3;4;6;9;10;12;15;16;19
"17121";3;4;6;8;8;8;8;8;8
"17122";3;4;6;9;10;12;15;16;19
"17123";3;4;6;9;10;12;15;16;19
"17124";3;4;6;9;10;12;15;16;19
"17125";3;4;6;9;10;12;15;16;18
"17126";3;4;6;9;10;12;15;16;19
"17127";3;4;6;9;10;12;15;16;19
"17128";3;4;6;9;10;12;15;16;19
"17129";3;4;6;9;10;12;15;16;19
"17130";3;4;6;9;10;12;15;16;19
"17131";3;4;6;9;10;12;15;16;19
"17132";3;4;6;8;8;8;8;8;8
"17133";3;4;6;9;10;12;15;16;19
"17134";3;4;6;9;10;12;15;16;19
"17135";3;4;6;9;10;12;15;16;19
"17136";3;4;6;9;10;12;15;16;19
"17137";3;4;6;9;10;12;15;16;19
"17138";3;4;6;9;10;12;15;16;19
"17139";3;4;6;8;8;8;8;8;8
"17140";3;4;6;9;10;12;15;16;19
"17141";3;4;6;9;10;12;15;16;19
"17142";3;4;6;9;10;12;15;16;19
"17143";3;4;6;9;10;12;15;16;19
"17144";3;4;6;9;10;12;15;16;19
"17145";3;4;6;8;8;8;8;8;8
"17146";3;4;6;9;10;12;15;16;19
"17147";3;4;6;9;10;12;15;16;19
"17148";3;4;6;9;10;12;15;16;19
"17149";3;5;5;5;5;5;5;5;5
"17150";3;4;6;9;10;12;15;16;19
"17151";3;4;6;9;10;12;15;16;19
"17152";3;5;5;5;5;5;5;5;5
"17153";3;5;5;5;5;5;5;5;5
"17154";3;4;6;9;10;12;15;16;19
"17155";3;4;6;9;10;12;15;16;19
"17156";3;5;5;5;5;5;5;5;5
"17157";3;4;6;9;10;12;15;16;19
"17158";3;4;6;9;10;12;15;16;19
"17159";3;5;5;5;5;5;5;5;5
"17160";3;5;5;5;5;5;5;5;5
"17161";3;4;6;9;10;12;15;16;19
"17162";3;4;6;9;10;12;15;16;19
"17163";3;4;6;9;10;12;15;16;19
"17164";3;4;6;9;10;12;15;16;19
"17165";3;4;6;9;10;12;15;16;19
"17166";3;4;6;9;10;12;15;16;19
"17167";3;5;5;5;5;5;5;5;5
"17168";3;5;5;5;5;5;5;5;5
"17169";3;5;5;5;5;5;5;5;5
"17170";3;5;5;5;5;5;5;5;5
"17171";3;5;5;5;5;5;5;5;5
"17172";3;5;5;5;5;5;5;5;5
"17173";3;5;5;5;5;5;5;5;5
"17174";3;5;5;5;5;5;5;5;5
"17175";3;4;6;9;10;13;13;13;13
"17176";3;4;6;9;10;12;15;16;19
"17177";3;5;5;5;5;5;5;5;5
"17178";3;5;5;5;5;5;5;5;5
"17179";3;5;5;5;5;5;5;5;5
"17180";3;4;6;9;10;12;15;16;19
"17181";3;5;5;5;5;5;5;5;5
"17182";3;5;5;5;5;5;5;5;5
"17183";3;5;5;5;5;5;5;5;5
"17184";3;4;6;9;10;12;15;16;19
"17185";3;4;6;9;10;12;15;16;19
"17186";3;5;5;5;5;5;5;5;5
"17187";3;5;5;5;5;5;5;5;5
"17188";3;5;5;5;5;5;5;5;5
"17189";3;4;6;9;10;12;15;16;19
"17190";3;5;5;5;5;5;5;5;5
"17191";3;5;5;5;5;5;5;5;5
"17192";3;5;5;5;5;5;5;5;5
"17193";3;5;5;5;5;5;5;5;5
"17194";3;5;5;5;5;5;5;5;5
"17195";3;4;6;9;10;12;15;16;19
"17196";3;4;7;7;7;7;7;7;7
"17197";3;5;5;5;5;5;5;5;5
"17198";3;4;6;9;10;12;15;16;18
"17199";3;5;5;5;5;5;5;5;5
"17200";3;4;6;9;10;12;15;16;18
"17201";3;5;5;5;5;5;5;5;5
"17202";3;4;6;9;10;12;15;16;19
"17203";3;5;5;5;5;5;5;5;5
"17204";3;5;5;5;5;5;5;5;5
"17205";3;5;5;5;5;5;5;5;5
"17206";3;5;5;5;5;5;5;5;5
"17207";3;4;6;9;10;12;15;16;19
"17208";3;4;6;9;10;12;15;16;19
"17209";3;4;6;9;10;12;15;16;19
"17210";3;4;6;9;10;12;15;16;19
"17211";3;4;6;9;10;12;15;16;19
"17212";3;4;6;9;10;12;15;16;19
"17213";3;4;6;9;10;13;13;13;13
"17214";3;4;6;9;10;12;15;16;19
"17215";3;4;6;9;10;12;15;16;19
"17216";3;4;6;9;10;12;15;16;18
"17217";3;4;6;9;10;12;15;16;19
"17218";3;4;6;9;10;12;15;16;19
"17219";3;4;6;9;10;12;15;16;19
"17220";3;4;6;9;10;12;15;16;19
"17221";3;4;6;9;10;13;13;13;13
"17222";3;4;6;9;10;12;15;16;18
"17223";3;4;6;9;10;12;15;16;19
"17224";3;4;6;9;10;12;15;16;19
"17225";3;4;6;9;10;13;13;13;13
"17226";3;5;5;5;5;5;5;5;5
"17227";3;5;5;5;5;5;5;5;5
"17228";3;4;6;9;10;12;15;16;19
"17229";3;4;6;9;10;12;15;16;19
"17230";3;4;6;9;10;12;15;16;19
"17231";3;4;6;9;10;12;15;16;19
"17232";3;4;6;9;10;12;15;16;19
"17233";3;4;6;9;10;12;15;16;19
"17234";3;4;6;9;10;12;15;16;19
"17235";3;4;6;9;10;12;15;16;19
"17236";3;4;6;9;10;12;15;16;19
"17237";3;4;6;9;10;12;15;16;19
"17238";3;4;6;9;10;12;15;16;18
"17239";3;4;6;9;10;12;15;16;19
"17240";3;4;6;9;10;12;15;16;19
"17241";3;4;6;8;8;8;8;8;8
"17242";3;4;6;9;10;12;15;16;19
"17243";3;4;6;9;10;12;15;16;19
"17244";3;4;6;9;10;12;15;16;19
"17245";3;4;6;9;10;12;15;16;19
"17246";3;4;6;9;10;12;15;16;19
"17247";3;4;6;9;10;12;15;16;19
"17248";3;4;6;9;10;12;15;16;19
"17249";3;4;6;9;10;12;15;16;18
"17250";3;4;6;9;10;12;15;16;19
"17251";3;4;6;9;10;12;15;16;19
"17252";3;4;6;9;10;12;15;16;18
"17253";3;4;6;9;10;12;15;16;19
"17254";3;4;6;9;10;12;15;16;19
"17255";3;4;6;9;10;12;15;16;18
"17256";3;4;6;9;10;12;15;16;19
"17257";3;4;6;9;10;12;15;16;19
"17258";3;4;6;9;10;12;15;16;19
"17259";3;4;6;9;10;12;15;16;18
"17260";3;4;6;9;10;12;15;16;19
"17261";3;4;6;9;10;12;15;16;18
"17262";3;4;6;9;10;12;15;16;19
"17263";3;4;6;9;10;12;15;16;19
"17264";3;4;6;9;10;12;15;16;19
"17265";3;4;6;9;10;12;15;16;19
"17266";3;4;6;9;10;12;15;16;19
"17267";3;4;6;9;10;12;15;16;19
"17268";3;4;7;7;7;7;7;7;7
"17269";3;4;6;9;10;12;15;16;19
"17270";3;4;6;9;10;12;15;16;18
"17271";3;4;6;9;10;12;15;16;18
"17272";3;4;6;9;10;12;15;16;19
"17273";3;4;6;9;10;12;15;16;19
"17274";3;4;6;9;10;12;15;16;19
"17275";3;4;6;9;10;12;15;16;19
"17276";3;4;6;9;10;12;15;16;19
"17277";3;4;6;9;10;13;13;13;13
"17278";3;4;6;9;10;12;15;16;19
"17279";3;4;6;9;10;12;15;16;19
"17280";3;4;6;9;10;13;13;13;13
"17281";3;4;6;9;10;12;15;16;19
"17282";3;4;6;9;10;13;13;13;13
"17283";3;4;6;9;10;13;13;13;13
"17284";3;5;5;5;5;5;5;5;5
"17285";3;4;6;9;10;12;15;16;19
"17286";3;4;6;9;10;13;13;13;13
"17287";3;4;6;9;10;13;13;13;13
"17288";3;4;6;9;10;13;13;13;13
"17289";3;4;6;9;10;13;13;13;13
"17290";3;4;6;9;10;12;15;16;19
"17291";3;4;6;9;10;12;15;16;19
"17292";3;4;6;9;10;12;15;16;19
"17293";3;4;6;9;10;13;13;13;13
"17294";3;4;6;9;10;12;15;16;19
"17295";3;4;6;9;10;12;15;16;19
"17296";3;4;6;9;10;13;13;13;13
"17297";3;4;6;9;10;12;15;16;19
"17298";3;4;6;9;10;12;15;16;19
"17299";3;4;6;9;10;12;15;16;19
"17300";3;4;6;9;10;12;15;16;19
"17301";3;4;6;9;10;12;15;16;19
"17302";3;4;6;9;10;13;13;13;13
"17303";3;4;6;9;10;12;15;16;19
"17304";3;4;6;9;10;12;15;16;19
"17305";3;4;6;9;10;12;15;16;19
"17306";3;4;6;9;10;12;15;16;19
"17307";3;4;6;9;10;12;15;16;19
"17308";3;4;6;9;10;12;15;16;19
"17309";3;4;7;7;7;7;7;7;7
"17310";3;4;6;9;10;12;15;16;19
"17311";3;4;6;9;10;12;15;16;19
"17312";3;4;6;9;10;12;15;16;19
"17313";3;4;6;9;10;12;15;16;19
"17314";3;4;6;9;10;12;15;16;19
"17315";3;4;7;7;7;7;7;7;7
"17316";3;4;7;7;7;7;7;7;7
"17317";3;4;6;9;10;12;15;16;19
"17318";3;4;6;9;10;12;15;16;19
"17319";3;4;6;9;10;12;15;16;19
"17320";3;4;6;9;10;12;15;16;19
"17321";3;4;6;9;10;12;15;16;19
"17322";3;4;6;9;10;12;15;16;19
"17323";3;4;6;9;10;12;15;16;19
"17324";3;4;6;9;10;12;15;16;19
"17325";3;4;6;9;10;12;15;16;19
"17326";3;4;6;9;10;12;15;16;19
"17327";3;4;6;9;10;12;15;16;19
"17328";3;4;6;9;10;12;15;16;19
"17329";3;4;6;9;10;12;15;16;19
"17330";3;4;6;9;10;12;15;16;19
"17331";3;4;6;9;10;12;15;16;19
"17332";3;4;6;9;10;12;15;16;19
"17333";3;4;6;9;10;12;15;16;19
"17334";3;5;5;5;5;5;5;5;5
"17335";3;4;6;9;10;12;15;16;19
"17336";3;4;6;9;10;12;15;16;19
"17337";3;4;6;9;10;12;15;16;19
"17338";3;4;6;9;10;12;15;16;19
"17339";3;4;6;9;10;12;15;16;19
"17340";3;4;6;9;10;12;15;16;19
"17341";3;4;6;9;10;12;15;16;19
"17342";3;4;6;9;10;12;15;16;19
"17343";3;4;6;9;10;12;15;16;19
"17344";3;4;6;9;10;12;15;16;19
"17345";3;4;6;9;10;12;15;16;19
"17346";3;4;6;9;10;12;15;16;19
"17347";3;4;6;9;10;12;15;16;19
"17348";3;4;6;9;10;12;15;16;19
"17349";3;4;6;9;10;12;15;16;19
"17350";3;4;6;9;10;12;15;16;19
"17351";3;4;7;7;7;7;7;7;7
"17352";3;4;7;7;7;7;7;7;7
"17353";3;4;6;9;10;12;15;16;19
"17354";3;4;7;7;7;7;7;7;7
"17355";3;4;6;9;10;12;15;16;19
"17356";3;4;6;9;10;12;15;16;19
"17357";3;4;6;9;10;12;15;16;19
"17358";3;4;6;9;10;12;15;16;19
"17359";3;4;6;9;10;12;15;16;19
"17360";3;4;6;9;10;12;15;16;19
"17361";3;4;6;9;10;12;15;16;19
"17362";3;4;6;9;10;12;15;16;19
"17363";3;4;6;9;10;12;15;16;19
"17364";3;4;6;9;10;12;15;16;19
"17365";3;4;6;9;10;12;15;16;19
"17366";3;4;6;9;10;12;15;16;19
"17367";3;4;6;9;10;12;15;16;19
"17368";3;4;6;9;10;12;15;16;19
"17369";3;4;6;9;10;12;15;16;19
"17370";3;4;6;9;10;12;15;16;19
"17371";3;4;6;9;10;12;15;16;19
"17372";3;4;6;9;10;12;15;16;19
"17373";3;4;6;9;10;12;15;16;19
"17374";3;4;6;9;10;12;15;16;19
"17375";3;4;6;9;10;12;15;16;19
"17376";3;4;6;9;10;12;15;16;19
"17377";3;4;6;9;10;12;15;16;19
"17378";3;4;6;9;10;12;15;16;19
"17379";3;4;6;9;10;12;15;16;19
"17380";3;4;6;9;10;12;15;16;19
"17381";3;4;6;9;10;12;15;16;19
"17382";3;4;6;9;10;12;15;16;19
"17383";3;4;6;9;10;12;15;16;19
"17384";3;4;6;9;10;12;15;16;19
"17385";3;4;6;9;10;12;15;16;19
"17386";3;4;6;9;10;12;15;16;19
"17387";3;4;6;9;10;12;15;16;19
"17388";3;4;6;9;10;12;15;16;19
"17389";3;4;6;9;10;12;15;16;19
"17390";3;4;6;9;10;12;15;16;19
"17391";3;4;6;9;10;12;15;16;19
"17392";3;4;6;9;10;12;15;16;19
"17393";3;4;6;9;10;12;15;16;19
"17394";3;4;6;9;10;12;15;16;19
"17395";3;4;6;9;10;12;15;16;19
"17396";3;4;6;9;10;12;15;16;19
"17397";3;4;6;9;10;12;15;16;19
"17398";3;4;6;9;10;12;15;16;19
"17399";3;4;6;9;10;12;15;16;19
"17400";3;4;6;9;10;12;15;16;19
"17401";3;4;6;9;10;12;15;16;19
"17402";3;4;6;9;10;12;15;16;19
"17403";3;4;6;9;10;12;15;16;19
"17404";3;4;6;9;10;12;15;16;19
"17405";3;4;6;9;10;12;15;16;19
"17406";3;4;6;9;10;12;15;16;19
"17407";3;4;6;9;10;12;15;16;19
"17408";3;4;6;9;10;12;15;16;19
"17409";3;4;6;9;10;12;15;16;19
"17410";3;4;6;9;10;12;15;16;19
"17411";3;4;6;9;10;12;15;16;19
"17412";3;4;6;9;10;12;15;16;19
"17413";3;4;6;9;10;12;15;16;19
"17414";3;4;6;8;8;8;8;8;8
"17415";3;4;6;9;10;12;15;16;19
"17416";3;4;6;9;10;12;15;16;19
"17417";3;4;6;9;10;12;15;16;19
"17418";3;4;6;9;10;12;15;16;19
"17419";3;4;6;9;10;12;15;16;19
"17420";3;4;6;9;10;12;15;16;19
"17421";3;4;6;9;10;12;15;16;19
"17422";3;4;6;9;10;12;15;16;19
"17423";3;4;6;9;10;12;15;16;19
"17424";3;4;6;9;10;12;15;16;18
"17425";3;4;6;9;10;12;15;16;19
"17426";3;4;6;9;10;12;15;16;19
"17427";3;4;6;9;10;12;15;16;19
"17428";3;4;6;9;10;12;15;16;19
"17429";3;4;6;9;10;12;15;16;19
"17430";3;4;6;9;10;12;15;16;19
"17431";3;4;6;9;10;12;15;16;19
"17432";3;4;6;9;10;12;15;16;19
"17433";3;4;6;9;10;12;15;16;19
"17434";3;4;6;9;10;12;15;16;19
"17435";3;4;6;9;10;12;15;16;19
"17436";3;4;6;9;10;12;15;16;19
"17437";3;4;6;9;10;12;15;16;19
"17438";3;4;6;8;8;8;8;8;8
"17439";3;4;6;9;10;12;15;16;19
"17440";3;4;6;9;10;12;15;16;19
"17441";3;4;6;9;10;12;15;16;19
"17442";3;4;6;9;10;12;15;16;19
"17443";3;4;6;9;10;12;15;16;19
"17444";3;4;6;9;10;12;15;16;19
"17445";3;4;7;7;7;7;7;7;7
"17446";3;4;6;9;10;12;15;16;19
"17447";3;4;6;9;10;12;15;16;19
"17448";3;4;6;9;10;12;15;16;19
"17449";3;4;6;9;10;12;15;16;19
"17450";3;4;6;9;10;12;15;16;19
"17451";3;4;6;9;10;12;15;16;19
"17452";3;4;6;9;10;12;15;16;19
"17453";3;4;6;9;10;12;15;16;19
"17454";3;4;6;9;10;12;15;16;19
"17455";3;4;6;9;10;12;15;16;19
"17456";3;4;7;7;7;7;7;7;7
"17457";3;4;6;9;10;12;15;16;19
"17458";3;4;6;9;10;12;15;16;19
"17459";3;4;6;9;10;12;15;16;19
"17460";3;4;6;9;10;12;15;16;19
"17461";3;4;6;9;10;12;15;16;19
"17462";3;4;6;9;10;12;15;16;19
"17463";3;4;6;9;10;12;15;16;19
"17464";3;4;6;9;10;12;15;16;19
"17465";3;4;6;9;10;12;15;16;19
"17466";3;4;6;9;10;12;15;16;19
"17467";3;4;6;9;10;12;15;16;19
"17468";3;4;6;9;10;12;15;16;19
"17469";3;4;6;9;10;12;15;16;19
"17470";3;4;6;9;10;12;15;16;19
"17471";3;4;6;9;10;12;15;16;19
"17472";3;4;6;9;10;12;15;16;19
"17473";3;4;6;9;10;12;15;16;19
"17474";3;4;6;9;10;12;15;16;19
"17475";3;4;6;9;10;12;15;16;19
"17476";3;4;6;9;10;12;15;16;19
"17477";3;4;6;9;10;12;15;16;19
"17478";3;5;5;5;5;5;5;5;5
"17479";3;4;6;9;10;12;15;16;19
"17480";3;4;6;9;10;12;15;16;19
"17481";3;4;6;9;10;12;15;16;19
"17482";3;4;6;9;10;12;15;16;19
"17483";3;4;6;9;10;12;15;16;19
"17484";3;4;6;9;10;12;15;16;19
"17485";3;4;6;9;10;12;15;16;19
"17486";3;4;6;9;10;12;15;16;19
"17487";3;4;6;9;10;12;15;16;19
"17488";3;4;6;9;10;12;15;16;19
"17489";3;4;6;9;10;12;15;16;19
"17490";3;4;6;9;10;12;15;16;19
"17491";3;4;6;9;10;12;15;16;19
"17492";3;4;6;9;10;12;15;16;19
"17493";3;4;6;9;10;12;15;16;19
"17494";3;4;6;9;10;12;15;16;19
"17495";3;4;6;9;10;12;15;16;19
"17496";3;4;6;9;10;12;15;16;19
"17497";3;4;6;9;10;12;15;16;19
"17498";3;4;6;9;10;12;15;16;19
"17499";3;4;6;9;10;12;15;16;19
"17500";3;4;6;9;10;12;15;16;19
"17501";3;4;6;9;10;12;15;16;19
"17502";3;4;6;9;10;12;15;16;19
"17503";3;4;6;9;10;12;15;16;18
"17504";3;4;6;9;10;12;15;16;19
"17505";3;4;6;9;10;12;15;16;19
"17506";3;4;6;9;10;12;15;16;19
"17507";3;4;6;9;10;12;15;16;19
"17508";3;4;6;9;10;12;15;16;19
"17509";3;4;6;9;10;12;15;16;19
"17510";3;4;6;9;10;12;15;16;19
"17511";3;4;6;9;10;12;15;16;19
"17512";3;4;6;9;10;12;15;16;19
"17513";3;4;6;9;10;12;15;16;19
"17514";3;4;6;9;10;12;15;16;19
"17515";3;4;6;9;10;12;15;16;19
"17516";3;4;6;9;10;12;15;16;19
"17517";3;4;6;9;10;12;15;16;19
"17518";3;4;6;9;10;12;15;16;19
"17519";3;4;6;9;10;12;15;16;19
"17520";3;4;6;9;10;12;15;16;19
"17521";3;4;6;9;10;12;15;16;19
"17522";3;4;6;9;10;12;15;16;19
"17523";3;4;6;9;10;12;15;16;19
"17524";3;4;6;9;10;12;15;16;19
"17525";3;4;6;9;10;12;15;16;19
"17526";3;4;6;9;10;12;15;16;19
"17527";3;4;7;7;7;7;7;7;7
"17528";3;4;6;9;10;12;15;16;19
"17529";3;4;6;9;10;12;15;16;19
"17530";3;4;6;9;10;12;15;16;19
"17531";3;4;6;9;10;12;15;16;19
"17532";3;4;6;9;10;12;15;16;19
"17533";3;4;6;9;10;12;15;16;19
"17534";3;4;6;9;10;12;15;16;19
"17535";3;4;6;9;10;12;15;16;19
"17536";3;4;6;9;10;12;15;16;19
"17537";3;4;6;9;10;12;15;16;19
"17538";3;4;6;9;10;12;15;16;19
"17539";3;4;6;9;10;12;15;16;19
"17540";3;4;6;9;10;12;15;16;19
"17541";3;4;6;9;10;12;15;16;19
"17542";3;4;6;9;10;12;15;16;19
"17543";3;4;6;9;10;12;15;16;19
"17544";3;4;6;9;10;12;15;16;19
"17545";3;4;6;9;10;12;15;16;19
"17546";3;4;6;9;10;12;15;16;19
"17547";3;4;6;9;10;12;15;16;19
"17548";3;4;7;7;7;7;7;7;7
"17549";3;4;6;9;10;12;15;16;19
"17550";3;4;6;9;10;12;15;16;19
"17551";3;4;6;9;10;12;15;16;19
"17552";3;4;6;9;10;12;15;16;19
"17553";3;4;6;9;10;12;15;16;19
"17554";3;4;6;9;10;12;15;16;19
"17555";3;4;6;9;10;12;15;16;19
"17556";3;4;6;9;10;12;15;16;19
"17557";3;4;6;9;10;12;15;16;19
"17558";3;4;6;9;10;12;15;16;19
"17559";3;4;6;9;10;12;15;16;19
"17560";3;4;6;9;10;12;15;16;19
"17561";3;5;5;5;5;5;5;5;5
"17562";3;4;6;9;10;12;15;16;19
"17563";3;4;6;9;10;12;15;16;19
"17564";3;4;7;7;7;7;7;7;7
"17565";3;4;6;9;10;12;15;16;19
"17566";3;4;6;9;10;12;15;16;19
"17567";3;4;6;9;10;12;15;16;19
"17568";3;4;6;9;10;12;15;16;19
"17569";3;4;6;9;10;12;15;16;19
"17570";3;4;6;9;10;12;15;16;19
"17571";3;4;6;9;10;12;15;16;19
"17572";3;4;6;9;10;12;15;16;19
"17573";3;4;6;9;10;12;15;16;19
"17574";3;4;6;9;10;12;15;16;19
"17575";3;4;6;9;10;12;15;16;19
"17576";3;4;6;9;10;12;15;16;19
"17577";3;4;6;9;10;12;15;16;19
"17578";3;4;6;9;10;12;15;16;19
"17579";3;4;6;9;10;12;15;16;19
"17580";3;4;6;9;10;12;15;16;19
"17581";3;4;6;9;10;12;15;16;19
"17582";3;4;6;9;10;12;15;16;19
"17583";3;4;6;9;10;12;15;16;19
"17584";3;4;6;9;10;12;15;16;19
"17585";3;4;6;9;10;12;15;16;19
"17586";3;4;6;9;10;12;15;16;19
"17587";3;4;6;9;10;12;15;16;19
"17588";3;4;6;9;10;12;15;16;19
"17589";3;4;6;9;10;12;15;16;19
"17590";3;4;6;9;10;12;15;16;19
"17591";3;4;6;9;10;12;15;16;19
"17592";3;4;6;9;10;12;15;16;19
"17593";3;4;6;9;10;12;15;16;19
"17594";3;4;6;9;10;12;15;16;19
"17595";3;4;6;9;10;12;15;16;19
"17596";3;4;7;7;7;7;7;7;7
"17597";3;4;6;9;10;12;15;16;19
"17598";3;4;6;9;10;12;15;16;19
"17599";3;4;7;7;7;7;7;7;7
"17600";3;4;6;9;10;12;15;16;19
"17601";3;4;6;8;8;8;8;8;8
"17602";3;4;7;7;7;7;7;7;7
"17603";3;4;6;9;10;12;15;16;19
"17604";3;4;6;9;10;12;15;16;19
"17605";3;4;7;7;7;7;7;7;7
"17606";3;4;6;9;10;12;15;16;19
"17607";3;4;7;7;7;7;7;7;7
"17608";3;4;7;7;7;7;7;7;7
"17609";3;4;7;7;7;7;7;7;7
"17610";3;4;6;9;10;12;15;16;19
"17611";3;4;6;9;10;12;15;16;19
"17612";3;4;7;7;7;7;7;7;7
"17613";3;4;6;9;10;12;15;16;19
"17614";3;4;7;7;7;7;7;7;7
"17615";3;4;7;7;7;7;7;7;7
"17616";3;4;6;9;10;12;15;16;19
"17617";3;4;6;9;10;12;15;16;19
"17618";3;4;6;8;8;8;8;8;8
"17619";3;4;6;9;10;12;15;16;19
"17620";3;4;6;9;10;12;15;16;19
"17621";3;4;6;9;10;12;15;16;19
"17622";3;4;6;9;10;12;15;16;19
"17623";3;4;6;9;10;12;15;16;18
"17624";3;4;6;9;10;12;15;16;19
"17625";3;4;7;7;7;7;7;7;7
"17626";3;4;6;9;10;12;15;16;19
"17627";3;4;6;9;10;12;15;16;19
"17628";3;4;6;9;10;12;15;16;19
"17629";3;4;6;9;10;12;15;16;19
"17630";3;4;6;9;10;12;15;16;19
"17631";3;4;6;9;10;12;15;16;19
"17632";3;4;6;9;10;12;15;16;19
"17633";3;4;6;9;10;12;15;16;19
"17634";3;4;6;9;10;12;15;16;19
"17635";3;4;7;7;7;7;7;7;7
"17636";3;4;6;9;10;12;15;16;19
"17637";3;4;6;9;10;12;15;16;19
"17638";3;4;6;9;10;12;15;16;19
"17639";3;4;7;7;7;7;7;7;7
"17640";3;4;6;9;10;12;15;16;19
"17641";3;4;6;9;10;12;15;16;19
"17642";3;4;6;9;10;13;13;13;13
"17643";3;4;6;9;10;12;15;16;19
"17644";3;4;6;9;10;12;15;16;19
"17645";3;4;7;7;7;7;7;7;7
"17646";3;4;6;9;10;12;15;16;19
"17647";3;4;6;9;10;12;15;16;19
"17648";3;4;7;7;7;7;7;7;7
"17649";3;4;6;9;10;12;15;16;19
"17650";3;4;6;9;10;12;15;16;19
"17651";3;4;6;9;10;12;15;16;19
"17652";3;4;6;9;10;12;15;16;19
"17653";3;4;6;9;10;12;15;16;19
"17654";3;4;6;9;10;12;15;16;19
"17655";3;4;6;9;10;12;15;16;19
"17656";3;4;6;9;10;12;15;16;19
"17657";3;4;7;7;7;7;7;7;7
"17658";3;4;7;7;7;7;7;7;7
"17659";3;4;6;9;10;12;15;16;19
"17660";3;4;6;9;10;12;15;16;19
"17661";3;4;6;9;10;12;15;16;19
"17662";3;4;7;7;7;7;7;7;7
"17663";3;4;6;9;10;12;15;16;19
"17664";3;4;6;9;10;12;15;16;19
"17665";3;4;6;9;10;12;15;16;19
"17666";3;4;6;9;10;12;15;16;19
"17667";3;4;6;9;10;12;15;16;19
"17668";3;4;6;9;10;12;15;16;19
"17669";3;4;6;9;10;12;15;16;19
"17670";3;4;6;9;10;12;15;16;19
"17671";3;4;6;9;10;12;15;16;19
"17672";3;4;6;9;10;12;15;16;19
"17673";3;4;6;9;10;12;15;16;19
"17674";3;4;6;9;10;12;15;16;19
"17675";3;4;6;9;10;12;15;16;19
"17676";3;4;6;9;10;12;15;16;19
"17677";3;4;6;9;10;12;15;16;19
"17678";3;4;6;9;10;12;15;16;19
"17679";3;4;6;9;10;12;15;16;19
"17680";3;4;6;9;10;12;15;16;19
"17681";3;4;6;9;10;12;15;16;19
"17682";3;4;7;7;7;7;7;7;7
"17683";3;4;6;9;10;12;15;16;19
"17684";3;4;7;7;7;7;7;7;7
"17685";3;4;6;9;10;12;15;16;19
"17686";3;4;6;9;10;12;15;16;19
"17687";3;4;7;7;7;7;7;7;7
"17688";3;4;6;9;10;12;15;16;19
"17689";3;4;7;7;7;7;7;7;7
"17690";3;4;7;7;7;7;7;7;7
"17691";3;4;7;7;7;7;7;7;7
"17692";3;4;7;7;7;7;7;7;7
"17693";3;4;6;9;10;12;15;16;19
"17694";3;4;6;9;10;12;15;16;19
"17695";3;4;6;9;10;12;15;16;19
"17696";3;4;6;9;10;12;15;16;19
"17697";3;4;7;7;7;7;7;7;7
"17698";3;4;7;7;7;7;7;7;7
"17699";3;4;7;7;7;7;7;7;7
"17700";3;4;6;9;10;12;15;16;19
"17701";3;4;6;9;10;12;15;16;19
"17702";3;4;6;9;10;12;15;16;19
"17703";3;4;6;9;10;12;15;16;19
"17704";3;4;6;9;10;12;15;16;19
"17705";3;4;6;9;10;12;15;16;19
"17706";3;4;6;9;10;12;15;16;19
"17707";3;4;6;9;10;12;15;16;19
"17708";3;4;7;7;7;7;7;7;7
"17709";3;4;6;9;10;12;15;16;19
"17710";3;4;7;7;7;7;7;7;7
"17711";3;4;7;7;7;7;7;7;7
"17712";3;4;7;7;7;7;7;7;7
"17713";3;4;7;7;7;7;7;7;7
"17714";3;4;6;9;10;12;15;16;19
"17715";3;4;7;7;7;7;7;7;7
"17716";3;4;6;9;10;12;15;16;19
"17717";3;4;7;7;7;7;7;7;7
"17718";3;4;7;7;7;7;7;7;7
"17719";3;4;7;7;7;7;7;7;7
"17720";3;4;6;9;10;12;15;16;19
"17721";3;4;7;7;7;7;7;7;7
"17722";3;4;6;9;10;12;15;16;19
"17723";3;4;6;9;10;12;15;16;19
"17724";3;4;6;9;10;12;15;16;19
"17725";3;4;6;9;10;12;15;16;19
"17726";3;4;6;9;10;12;15;16;19
"17727";3;4;6;9;10;12;15;16;19
"17728";3;4;7;7;7;7;7;7;7
"17729";3;4;7;7;7;7;7;7;7
"17730";3;4;6;9;10;12;15;16;19
"17731";3;4;7;7;7;7;7;7;7
"17732";3;4;6;9;10;12;15;16;19
"17733";3;4;6;9;10;12;15;16;19
"17734";3;4;6;9;10;13;13;13;13
"17735";3;4;6;9;10;12;15;16;19
"17736";3;4;6;9;10;12;15;16;19
"17737";3;4;6;9;10;12;15;16;19
"17738";3;4;7;7;7;7;7;7;7
"17739";3;4;6;9;10;12;15;16;19
"17740";3;4;7;7;7;7;7;7;7
"17741";3;4;7;7;7;7;7;7;7
"17742";3;4;7;7;7;7;7;7;7
"17743";3;4;7;7;7;7;7;7;7
"17744";3;4;7;7;7;7;7;7;7
"17745";3;4;7;7;7;7;7;7;7
"17746";3;4;6;9;10;12;15;16;19
"17747";3;4;7;7;7;7;7;7;7
"17748";3;4;7;7;7;7;7;7;7
"17749";3;4;7;7;7;7;7;7;7
"17750";3;4;7;7;7;7;7;7;7
"17751";3;4;7;7;7;7;7;7;7
"17752";3;4;7;7;7;7;7;7;7
"17753";3;4;6;9;10;12;15;16;19
"17754";3;4;7;7;7;7;7;7;7
"17755";3;4;7;7;7;7;7;7;7
"17756";3;4;7;7;7;7;7;7;7
"17757";3;4;6;9;10;12;15;16;19
"17758";3;4;6;9;10;12;15;16;19
"17759";3;4;6;9;10;12;15;16;19
"17760";3;4;7;7;7;7;7;7;7
"17761";3;4;6;9;10;12;15;16;19
"17762";3;4;7;7;7;7;7;7;7
"17763";3;4;7;7;7;7;7;7;7
"17764";3;4;6;9;10;12;15;16;19
"17765";3;4;6;9;10;12;15;16;19
"17766";3;4;7;7;7;7;7;7;7
"17767";3;4;7;7;7;7;7;7;7
"17768";3;4;7;7;7;7;7;7;7
"17769";3;4;6;9;10;12;15;16;19
"17770";3;4;7;7;7;7;7;7;7
"17771";3;4;6;9;10;12;15;16;19
"17772";3;4;7;7;7;7;7;7;7
"17773";3;4;7;7;7;7;7;7;7
"17774";3;4;6;9;10;12;15;16;19
"17775";3;4;6;9;10;12;15;16;19
"17776";3;4;7;7;7;7;7;7;7
"17777";3;4;7;7;7;7;7;7;7
"17778";3;4;7;7;7;7;7;7;7
"17779";3;4;7;7;7;7;7;7;7
"17780";3;4;7;7;7;7;7;7;7
"17781";3;4;7;7;7;7;7;7;7
"17782";3;4;6;9;10;12;15;16;19
"17783";3;4;6;9;10;12;15;16;19
"17784";3;4;7;7;7;7;7;7;7
"17785";3;4;7;7;7;7;7;7;7
"17786";3;4;7;7;7;7;7;7;7
"17787";3;4;7;7;7;7;7;7;7
"17788";3;4;7;7;7;7;7;7;7
"17789";3;4;7;7;7;7;7;7;7
"17790";3;4;7;7;7;7;7;7;7
"17791";3;4;7;7;7;7;7;7;7
"17792";3;4;7;7;7;7;7;7;7
"17793";3;4;7;7;7;7;7;7;7
"17794";3;4;7;7;7;7;7;7;7
"17795";3;4;7;7;7;7;7;7;7
"17796";3;4;7;7;7;7;7;7;7
"17797";3;4;7;7;7;7;7;7;7
"17798";3;4;7;7;7;7;7;7;7
"17799";3;4;7;7;7;7;7;7;7
"17800";3;4;7;7;7;7;7;7;7
"17801";3;4;6;9;10;12;15;16;19
"17802";3;4;7;7;7;7;7;7;7
"17803";3;4;6;8;8;8;8;8;8
"17804";3;4;7;7;7;7;7;7;7
"17805";3;4;6;9;10;13;13;13;13
"17806";3;4;6;9;10;12;15;16;19
"17807";3;4;6;8;8;8;8;8;8
"17808";3;4;6;8;8;8;8;8;8
"17809";3;4;6;9;10;13;13;13;13
"17810";3;4;6;9;10;12;15;16;19
"17811";3;4;6;9;10;12;15;16;19
"17812";3;4;6;9;10;12;15;16;19
"17813";3;4;6;9;10;12;15;16;19
"17814";3;4;6;9;10;13;13;13;13
"17815";3;4;6;9;10;13;13;13;13
"17816";3;4;6;8;8;8;8;8;8
"17817";3;4;6;9;10;12;15;16;19
"17818";3;4;6;8;8;8;8;8;8
"17819";3;4;6;9;10;12;15;16;19
"17820";3;4;6;9;10;12;15;16;19
"17821";3;4;6;9;10;12;15;16;19
"17822";3;4;6;9;10;12;15;16;19
"17823";3;4;6;9;10;12;15;16;19
"17824";3;4;6;9;10;12;15;16;19
"17825";3;4;7;7;7;7;7;7;7
"17826";3;4;7;7;7;7;7;7;7
"17827";3;4;7;7;7;7;7;7;7
"17828";3;4;6;8;8;8;8;8;8
"17829";3;4;7;7;7;7;7;7;7
"17830";3;4;6;9;10;12;15;16;19
"17831";3;4;6;9;10;12;15;16;19
"17832";3;4;6;9;10;12;15;16;19
"17833";3;4;7;7;7;7;7;7;7
"17834";3;4;6;9;10;12;15;16;19
"17835";3;4;7;7;7;7;7;7;7
"17836";3;4;6;9;10;12;15;16;19
"17837";3;4;6;9;10;12;15;16;19
"17838";3;4;6;9;10;12;15;16;19
"17839";3;4;6;9;10;12;15;16;19
"17840";3;4;6;9;10;12;15;16;19
"17841";3;4;6;9;10;12;15;16;19
"17842";3;4;6;9;10;12;15;16;19
"17843";3;4;6;9;10;12;15;16;19
"17844";3;4;6;9;10;12;15;16;19
"17845";3;4;6;9;10;12;15;16;19
"17846";3;4;6;9;10;12;15;16;19
"17847";3;4;6;9;10;12;15;16;19
"17848";3;4;6;9;10;12;15;16;19
"17849";3;4;6;9;10;12;15;16;19
"17850";3;4;6;9;10;12;15;16;19
"17851";3;4;6;9;10;12;15;16;19
"17852";3;4;6;9;10;12;15;16;19
"17853";3;4;6;9;10;12;15;16;19
"17854";3;4;6;9;10;12;15;16;19
"17855";3;4;6;9;10;12;15;16;19
"17856";3;4;6;9;10;12;15;16;19
"17857";3;4;6;9;10;12;15;16;19
"17858";3;4;6;9;10;12;15;16;19
"17859";3;4;6;9;10;12;15;16;19
"17860";3;4;6;9;10;12;15;16;19
"17861";3;4;6;9;10;12;15;16;19
"17862";3;4;6;9;10;12;15;16;19
"17863";3;4;6;9;10;12;15;16;19
"17864";3;4;6;9;10;12;15;16;18
"17865";3;4;6;9;10;12;15;16;19
"17866";3;4;6;9;10;12;15;16;19
"17867";3;4;6;9;10;12;15;16;19
"17868";3;4;6;9;10;12;15;16;19
"17869";3;4;6;9;10;12;15;16;18
"17870";3;4;6;9;10;12;15;16;19
"17871";3;4;6;9;10;12;15;16;19
"17872";3;4;6;9;10;12;15;16;18
"17873";3;4;6;9;10;12;15;16;19
"17874";3;4;6;9;10;12;15;16;19
"17875";3;4;6;9;10;12;15;16;19
"17876";3;4;6;9;10;12;15;16;19
"17877";3;4;6;9;10;12;15;16;19
"17878";3;4;6;9;10;12;15;16;19
"17879";3;4;6;9;10;12;15;16;19
"17880";3;4;6;9;10;12;15;16;19
"17881";3;4;6;9;10;12;15;16;19
"17882";3;4;6;9;10;12;15;16;19
"17883";3;4;6;9;10;12;15;16;19
"17884";3;4;6;9;10;12;15;16;19
"17885";3;4;6;8;8;8;8;8;8
"17886";3;4;6;9;10;12;15;16;19
"17887";3;4;6;8;8;8;8;8;8
"17888";3;4;6;9;10;12;15;16;19
"17889";3;4;6;9;10;12;15;16;19
"17890";3;4;6;9;10;12;15;16;19
"17891";3;4;6;9;10;12;15;16;19
"17892";3;4;6;9;10;12;15;16;19
"17893";3;4;6;9;10;12;15;16;19
"17894";3;4;6;9;10;12;15;16;19
"17895";3;4;6;9;10;12;15;16;19
"17896";3;4;6;9;10;12;15;16;19
"17897";3;4;6;9;10;12;15;16;19
"17898";3;4;6;9;10;12;15;16;19
"17899";3;4;6;9;10;12;15;16;19
"17900";3;4;6;9;10;12;15;16;19
"17901";3;4;6;9;10;12;15;16;19
"17902";3;4;6;9;10;12;15;16;19
"17903";3;4;6;9;10;12;15;16;19
"17904";3;4;6;9;10;12;15;16;19
"17905";3;4;6;9;10;12;15;16;19
"17906";3;4;7;7;7;7;7;7;7
"17907";3;4;7;7;7;7;7;7;7
"17908";3;4;7;7;7;7;7;7;7
"17909";3;4;7;7;7;7;7;7;7
"17910";3;4;6;9;10;12;15;16;19
"17911";3;4;6;9;10;12;15;16;19
"17912";3;4;7;7;7;7;7;7;7
"17913";3;4;7;7;7;7;7;7;7
"17914";3;4;7;7;7;7;7;7;7
"17915";3;4;7;7;7;7;7;7;7
"17916";3;4;7;7;7;7;7;7;7
"17917";3;4;6;9;10;12;15;16;19
"17918";3;4;7;7;7;7;7;7;7
"17919";3;4;7;7;7;7;7;7;7
"17920";3;4;7;7;7;7;7;7;7
"17921";3;4;7;7;7;7;7;7;7
"17922";3;4;6;9;10;12;15;16;19
"17923";3;4;6;9;10;12;15;16;19
"17924";3;4;6;9;10;12;15;16;19
"17925";3;4;6;9;10;12;15;16;19
"17926";3;4;6;9;10;12;15;16;19
"17927";3;4;6;9;10;12;15;16;19
"17928";3;4;6;9;10;12;15;16;19
"17929";3;4;6;9;10;12;15;16;19
"17930";3;4;6;9;10;12;15;16;19
"17931";3;4;6;9;10;12;15;16;19
"17932";3;4;6;9;10;12;15;16;19
"17933";3;4;6;9;10;12;15;16;19
"17934";3;4;6;8;8;8;8;8;8
"17935";3;4;6;9;10;12;15;16;19
"17936";3;4;6;9;10;12;15;16;19
"17937";3;4;6;9;10;12;15;16;19
"17938";3;4;6;9;10;12;15;16;19
"17939";3;4;6;9;10;12;15;16;19
"17940";3;4;6;9;10;12;15;16;19
"17941";3;4;7;7;7;7;7;7;7
"17942";3;4;7;7;7;7;7;7;7
"17943";3;4;7;7;7;7;7;7;7
"17944";3;4;7;7;7;7;7;7;7
"17945";3;4;7;7;7;7;7;7;7
"17946";3;4;7;7;7;7;7;7;7
"17947";3;4;7;7;7;7;7;7;7
"17948";3;4;7;7;7;7;7;7;7
"17949";3;4;6;9;10;12;15;16;18
"17950";3;4;6;9;10;12;15;16;19
"17951";3;4;6;9;10;12;15;16;19
"17952";3;4;6;9;10;12;15;16;19
"17953";3;4;6;9;10;12;15;16;19
"17954";3;4;6;9;10;12;15;16;19
"17955";3;4;6;9;10;12;15;16;19
"17956";3;4;6;9;10;12;15;16;19
"17957";3;4;6;8;8;8;8;8;8
"17958";3;4;6;8;8;8;8;8;8
"17959";3;4;6;9;10;12;15;16;19
"17960";3;4;6;9;10;12;15;16;19
"17961";3;4;6;9;10;12;15;16;19
"17962";3;4;6;9;10;12;15;16;19
"17963";3;4;6;9;10;12;15;16;19
"17964";3;4;6;9;10;12;15;16;19
"17965";3;4;6;8;8;8;8;8;8
"17966";3;4;6;9;10;12;15;16;19
"17967";3;4;6;8;8;8;8;8;8
"17968";3;4;6;9;10;12;15;16;19
"17969";3;4;6;9;10;12;15;16;19
"17970";3;4;6;8;8;8;8;8;8
"17971";3;4;6;9;10;12;15;16;18
"17972";3;4;6;9;10;12;15;16;19
"17973";3;4;6;9;10;12;15;16;19
"17974";3;4;6;9;10;12;15;16;19
"17975";3;4;6;9;10;12;15;16;19
"17976";3;4;6;9;10;12;15;16;19
"17977";3;4;6;9;10;12;15;16;19
"17978";3;4;6;9;10;12;15;16;19
"17979";3;4;6;9;10;12;15;16;19
"17980";3;4;6;9;10;12;15;16;19
"17981";3;5;5;5;5;5;5;5;5
"17982";3;4;6;9;10;12;15;16;19
"17983";3;4;6;8;8;8;8;8;8
"17984";3;4;6;9;10;12;15;16;19
"17985";3;4;6;9;10;12;15;16;19
"17986";3;4;6;9;10;12;15;16;19
"17987";3;4;6;8;8;8;8;8;8
"17988";3;4;6;9;10;12;15;16;19
"17989";3;4;6;9;10;12;15;16;19
"17990";3;4;6;9;10;12;15;16;19
"17991";3;4;6;8;8;8;8;8;8
"17992";3;4;6;9;10;12;15;16;19
"17993";3;4;6;9;10;12;15;16;19
"17994";3;4;6;9;10;12;15;16;19
"17995";3;4;6;9;10;12;15;16;19
"17996";3;4;6;9;10;12;15;16;19
"17997";3;4;7;7;7;7;7;7;7
"17998";2;2;2;2;2;2;2;2;2
"17999";3;4;6;9;10;12;15;16;19
"18000";3;4;6;9;10;12;15;16;18
"18001";3;4;6;9;10;12;15;16;19
"18002";3;4;6;9;10;12;15;16;19
"18003";3;4;6;9;10;12;15;16;19
"18004";3;4;6;9;10;12;15;16;19
"18005";3;5;5;5;5;5;5;5;5
"18006";3;4;6;9;10;12;15;16;19
"18007";3;4;6;9;10;12;15;16;19
"18008";3;4;6;9;10;12;15;16;19
"18009";3;4;6;9;10;12;15;16;19
"18010";3;4;6;9;10;12;15;16;19
"18011";3;4;6;9;10;12;15;16;19
"18012";3;4;6;9;10;12;15;16;19
"18013";3;4;6;9;10;12;15;16;19
"18014";3;4;6;9;10;12;15;16;19
"18015";3;4;6;9;10;12;15;16;19
"18016";3;4;6;9;10;12;15;16;19
"18017";3;4;6;8;8;8;8;8;8
"18018";3;4;6;9;10;12;15;16;19
"18019";3;4;6;9;10;12;15;16;19
"18020";3;4;6;9;10;12;15;16;19
"18021";3;4;6;9;10;12;15;16;19
"18022";3;4;6;9;10;12;15;16;19
"18023";3;4;6;9;10;12;15;16;19
"18024";3;4;6;9;10;12;15;16;19
"18025";3;4;6;9;10;12;15;16;19
"18026";3;4;6;9;10;12;15;16;19
"18027";3;4;6;9;10;12;15;16;19
"18028";3;4;6;9;10;12;15;16;19
"18029";3;4;6;9;10;12;15;16;19
"18030";3;4;6;9;10;12;15;16;18
"18031";3;4;6;9;10;12;15;16;19
"18032";3;4;6;9;10;12;15;16;19
"18033";3;4;6;9;10;12;15;16;19
"18034";3;4;6;9;10;12;15;16;19
"18035";3;4;6;9;10;12;15;16;19
"18036";3;4;6;9;10;12;15;16;19
"18037";3;4;6;9;10;12;15;16;19
"18038";3;4;6;9;10;12;15;16;19
"18039";3;4;6;9;10;12;15;16;19
"18040";3;4;6;9;10;12;15;16;19
"18041";3;4;6;9;10;12;15;16;19
"18042";3;4;6;9;10;12;15;16;19
"18043";3;4;6;9;10;12;15;16;19
"18044";3;4;6;8;8;8;8;8;8
"18045";3;4;6;9;10;12;15;16;19
"18046";3;4;7;7;7;7;7;7;7
"18047";3;4;6;9;10;12;15;16;19
"18048";3;4;6;9;10;12;15;16;19
"18049";3;4;6;9;10;12;15;16;19
"18050";3;4;6;9;10;12;15;16;19
"18051";3;4;6;9;10;12;15;16;19
"18052";3;4;6;9;10;12;15;16;19
"18053";3;4;6;9;10;12;15;16;19
"18054";3;4;6;9;10;12;15;16;19
"18055";3;4;6;9;10;12;15;16;19
"18056";3;4;6;9;10;12;15;16;19
"18057";3;4;6;8;8;8;8;8;8
"18058";3;4;6;9;10;12;15;16;19
"18059";3;4;6;9;10;12;15;16;19
"18060";3;4;6;9;10;12;15;16;19
"18061";3;4;6;9;10;12;15;16;19
"18062";3;4;6;9;10;12;15;16;19
"18063";3;4;6;9;10;12;15;16;19
"18064";3;4;6;9;10;12;15;16;19
"18065";3;4;6;9;10;12;15;16;19
"18066";3;4;6;9;10;12;15;16;19
"18067";3;4;6;9;10;12;15;16;19
"18068";3;4;6;9;10;12;15;16;19
"18069";3;4;6;9;10;12;15;16;19
"18070";3;4;6;9;10;12;15;16;19
"18071";3;4;6;9;10;12;15;16;19
"18072";3;4;6;9;10;12;15;16;19
"18073";3;4;7;7;7;7;7;7;7
"18074";3;4;6;9;10;12;15;16;19
"18075";3;4;6;9;10;12;15;16;19
"18076";3;4;6;9;10;12;15;16;19
"18077";3;4;6;9;10;12;15;16;19
"18078";3;4;6;9;10;12;15;16;19
"18079";3;4;6;9;10;12;15;16;19
"18080";3;4;6;9;10;12;15;16;19
"18081";3;4;6;9;10;12;15;16;19
"18082";3;4;6;9;10;12;15;16;19
"18083";3;4;6;9;10;12;15;16;19
"18084";3;4;6;9;10;12;15;16;19
"18085";3;4;6;9;10;12;15;16;19
"18086";3;4;6;9;10;12;15;16;19
"18087";3;4;6;9;10;12;15;16;19
"18088";3;4;6;9;10;12;15;16;19
"18089";3;4;6;9;10;12;15;16;19
"18090";3;4;6;9;10;12;15;16;19
"18091";3;4;6;9;10;12;15;16;19
"18092";3;4;6;9;10;12;15;16;19
"18093";3;4;6;9;10;12;15;16;19
"18094";3;4;6;9;10;12;15;16;19
"18095";3;4;6;9;10;13;13;13;13
"18096";3;4;6;9;10;13;13;13;13
"18097";3;4;6;9;10;13;13;13;13
"18098";3;4;6;9;10;12;15;16;19
"18099";3;4;6;9;10;12;15;16;19
"18100";3;4;6;9;10;12;15;16;19
"18101";3;4;6;9;10;12;15;16;19
"18102";3;5;5;5;5;5;5;5;5
"18103";3;4;6;9;10;12;15;16;19
"18104";3;4;6;9;10;12;15;16;19
"18105";3;4;6;9;10;12;15;16;19
"18106";3;4;6;9;10;12;15;16;19
"18107";3;4;6;9;10;12;15;16;19
"18108";3;4;6;9;10;12;15;16;19
"18109";3;4;6;9;10;12;15;16;19
"18110";3;4;6;9;10;12;15;16;19
"18111";3;4;6;9;10;12;15;16;19
"18112";3;4;7;7;7;7;7;7;7
"18113";3;4;6;8;8;8;8;8;8
"18114";3;4;6;8;8;8;8;8;8
"18115";3;4;6;9;10;12;15;16;19
"18116";3;4;6;9;10;12;15;16;19
"18117";3;4;6;9;10;12;15;16;19
"18118";3;4;6;9;10;12;15;16;19
"18119";3;4;7;7;7;7;7;7;7
"18120";3;4;6;9;10;12;15;16;19
"18121";3;4;6;9;10;12;15;16;19
"18122";3;4;6;9;10;12;15;16;19
"18123";3;4;6;9;10;12;15;16;19
"18124";3;4;6;9;10;12;15;16;19
"18125";3;4;6;9;10;12;15;16;19
"18126";3;4;6;9;10;12;15;16;19
"18127";3;4;6;9;10;12;15;16;18
"18128";3;4;6;9;10;12;15;16;19
"18129";3;4;6;9;10;12;15;16;18
"18130";3;5;5;5;5;5;5;5;5
"18131";3;4;6;9;10;12;15;16;19
"18132";3;4;6;9;10;12;15;16;18
"18133";3;4;6;9;10;12;15;16;19
"18134";3;4;6;9;10;12;15;16;19
"18135";3;4;6;9;10;12;15;16;18
"18136";3;4;6;9;10;12;15;16;19
"18137";3;4;6;9;10;12;15;16;19
"18138";3;4;6;9;10;12;15;16;19
"18139";3;4;6;9;10;12;15;16;19
"18140";3;4;6;9;10;12;15;16;19
"18141";3;4;6;9;10;12;15;16;19
"18142";3;4;6;9;10;12;15;16;19
"18143";3;4;6;9;10;12;15;16;19
"18144";3;4;6;9;10;12;15;16;19
"18145";3;4;6;9;10;12;15;16;19
"18146";3;4;6;9;10;12;15;16;19
"18147";3;4;6;9;10;12;15;16;19
"18148";3;4;6;9;10;12;15;16;19
"18149";3;4;6;9;10;12;15;16;19
"18150";3;4;6;9;10;12;15;16;19
"18151";3;4;6;9;10;12;15;16;19
"18152";3;4;6;9;10;12;15;16;19
"18153";3;4;6;9;10;12;15;16;19
"18154";3;4;6;9;10;12;15;16;19
"18155";3;4;6;9;10;12;15;16;19
"18156";3;4;6;9;10;12;15;16;19
"18157";3;4;6;9;10;12;15;16;19
"18158";3;4;6;9;10;13;13;13;13
"18159";3;4;6;9;10;12;15;16;19
"18160";3;4;6;9;10;12;15;16;18
"18161";3;4;6;9;10;12;15;16;18
"18162";3;4;6;9;10;12;15;16;18
"18163";3;4;6;9;10;12;15;16;19
"18164";3;4;6;9;10;12;15;16;19
"18165";3;4;6;9;10;12;15;16;19
"18166";3;4;6;9;10;12;15;16;19
"18167";3;4;6;9;10;12;15;16;19
"18168";3;4;6;9;10;12;15;16;19
"18169";3;4;6;9;10;12;15;16;19
"18170";3;4;6;9;10;12;15;16;19
"18171";3;4;6;9;10;12;15;16;19
"18172";3;4;6;9;10;12;15;16;19
"18173";3;4;6;9;10;12;15;16;19
"18174";3;4;6;9;10;12;15;16;19
"18175";3;4;6;9;10;12;15;16;19
"18176";3;4;6;9;10;12;15;16;19
"18177";3;4;6;9;10;12;15;16;19
"18178";3;5;5;5;5;5;5;5;5
"18179";3;4;6;9;10;12;15;16;19
"18180";3;4;6;9;10;12;15;16;19
"18181";3;4;6;9;10;12;15;16;19
"18182";3;4;6;9;10;12;15;16;18
"18183";3;4;6;9;10;12;15;16;19
"18184";3;4;6;9;10;12;15;16;19
"18185";3;4;6;9;10;12;15;16;18
"18186";3;4;6;9;10;12;15;16;19
"18187";3;4;6;9;10;12;15;16;19
"18188";3;4;6;9;10;12;15;16;19
"18189";3;4;6;9;10;12;15;16;19
"18190";3;4;6;9;10;12;15;16;19
"18191";3;4;6;9;10;12;15;16;19
"18192";3;4;6;9;10;12;15;16;19
"18193";3;4;6;9;10;12;15;16;19
"18194";3;4;6;9;10;12;15;16;19
"18195";3;4;6;9;10;12;15;16;19
"18196";3;4;6;9;10;12;15;16;19
"18197";3;4;6;9;10;12;15;16;18
"18198";3;4;6;9;10;12;15;16;19
"18199";3;4;6;9;10;12;15;16;19
"18200";3;4;6;9;10;12;15;16;19
"18201";3;4;6;9;10;12;15;16;19
"18202";3;4;6;9;10;12;15;16;19
"18203";3;4;6;8;8;8;8;8;8
"18204";3;4;6;9;10;12;15;16;19
"18205";3;4;6;9;10;12;15;16;19
"18206";3;4;6;9;10;12;15;16;19
"18207";3;4;6;9;10;12;15;16;19
"18208";3;4;6;9;10;12;15;16;19
"18209";3;4;6;9;10;12;15;16;19
"18210";3;4;6;8;8;8;8;8;8
"18211";3;4;7;7;7;7;7;7;7
"18212";3;4;6;9;10;12;15;16;19
"18213";3;4;6;9;10;12;15;16;19
"18214";3;4;6;8;8;8;8;8;8
"18215";3;4;6;9;10;12;15;16;19
"18216";3;4;6;9;10;13;13;13;13
"18217";3;4;6;9;10;12;15;16;19
"18218";3;4;6;9;10;12;15;16;19
"18219";3;4;6;9;10;12;15;16;19
"18220";3;4;6;9;10;12;15;16;19
"18221";3;4;6;9;10;12;15;16;19
"18222";3;4;6;9;10;12;15;16;19
"18223";3;4;6;8;8;8;8;8;8
"18224";3;4;6;9;10;12;15;16;19
"18225";3;4;6;9;10;12;15;16;19
"18226";3;4;6;9;10;12;15;16;19
"18227";3;4;6;9;10;12;15;16;19
"18228";3;4;7;7;7;7;7;7;7
"18229";3;4;6;9;10;12;15;16;19
"18230";3;4;6;9;10;12;15;16;19
"18231";3;4;6;9;10;12;15;16;18
"18232";3;4;6;9;10;12;15;16;19
"18233";3;4;6;9;10;12;15;16;19
"18234";3;4;6;9;10;12;15;16;19
"18235";3;4;6;9;10;12;15;16;19
"18236";3;4;6;9;10;12;15;16;19
"18237";3;4;6;9;10;12;15;16;19
"18238";3;4;6;9;10;12;15;16;19
"18239";3;4;6;8;8;8;8;8;8
"18240";3;4;6;9;10;12;15;16;18
"18241";3;4;6;9;10;12;15;16;19
"18242";3;4;6;9;10;12;15;16;19
"18243";3;4;6;9;10;12;15;16;19
"18244";3;4;6;9;10;12;15;16;19
"18245";3;4;6;9;10;12;15;16;19
"18246";3;4;6;9;10;12;15;16;19
"18247";3;4;7;7;7;7;7;7;7
"18248";3;4;6;9;10;12;15;16;19
"18249";3;4;6;9;10;12;15;16;19
"18250";3;4;6;9;10;12;15;16;18
"18251";3;4;6;9;10;12;15;16;19
"18252";3;4;6;9;10;12;15;16;19
"18253";3;4;6;9;10;12;15;16;19
"18254";3;4;6;9;10;12;15;16;19
"18255";3;4;6;9;10;12;15;16;19
"18256";3;4;6;9;10;12;15;16;19
"18257";3;4;6;9;10;12;15;16;19
"18258";3;4;6;9;10;12;15;16;19
"18259";3;4;6;9;10;12;15;16;19
"18260";3;4;6;9;10;12;15;16;19
"18261";3;4;6;9;10;12;15;16;19
"18262";3;4;6;9;10;12;15;16;19
"18263";3;4;6;9;10;12;15;16;19
"18264";3;4;6;9;10;12;15;16;19
"18265";3;4;6;9;10;12;15;16;19
"18266";3;4;6;9;10;12;15;16;19
"18267";3;5;5;5;5;5;5;5;5
"18268";3;4;6;9;10;12;15;16;19
"18269";3;4;6;9;10;12;15;16;19
"18270";3;4;6;9;10;12;15;16;19
"18271";3;4;6;9;10;12;15;16;19
"18272";3;4;6;9;10;12;15;16;19
"18273";3;4;6;8;8;8;8;8;8
"18274";3;4;6;9;10;12;15;16;19
"18275";3;4;6;8;8;8;8;8;8
"18276";3;4;6;9;10;12;15;16;19
"18277";3;4;6;9;10;12;15;16;19
"18278";3;4;6;8;8;8;8;8;8
"18279";3;4;6;9;10;12;15;16;19
"18280";3;4;6;9;10;12;15;16;19
"18281";3;4;6;9;10;12;15;16;19
"18282";3;4;6;9;10;12;15;16;19
"18283";3;4;6;9;10;12;15;16;19
"18284";3;4;6;9;10;12;15;16;19
"18285";3;4;6;9;10;12;15;16;19
"18286";3;4;6;9;10;12;15;16;19
"18287";3;4;6;9;10;12;15;16;19
"18288";3;4;6;9;10;12;15;16;19
"18289";3;4;6;9;10;12;15;16;19
"18290";3;4;6;9;10;12;15;16;19
"18291";3;5;5;5;5;5;5;5;5
"18292";3;4;6;9;10;12;15;16;19
"18293";3;4;6;9;10;12;15;16;19
"18294";3;4;6;9;10;12;15;16;19
"18295";3;4;6;9;10;12;15;16;19
"18296";3;4;6;8;8;8;8;8;8
"18297";3;4;6;9;10;12;15;16;19
"18298";3;4;6;9;10;12;15;16;19
"18299";3;4;6;8;8;8;8;8;8
"18300";3;4;6;9;10;12;15;16;19
"18301";3;4;6;9;10;12;15;16;19
"18302";3;4;6;9;10;12;15;16;19
"18303";3;4;6;9;10;12;15;16;19
"18304";3;4;6;9;10;12;15;16;19
"18305";3;4;6;9;10;12;15;16;19
"18306";3;4;6;9;10;12;15;16;19
"18307";3;4;6;9;10;12;15;16;19
"18308";3;4;6;8;8;8;8;8;8
"18309";3;4;6;9;10;12;15;16;19
"18310";3;4;6;9;10;12;15;16;19
"18311";3;4;6;8;8;8;8;8;8
"18312";3;4;6;9;10;12;15;16;19
"18313";3;4;6;9;10;12;15;16;19
"18314";3;4;6;9;10;12;15;16;19
"18315";3;4;6;9;10;12;15;16;19
"18316";3;4;6;9;10;12;15;16;19
"18317";3;4;6;9;10;12;15;16;19
"18318";3;4;6;9;10;12;15;16;19
"18319";3;4;6;9;10;12;15;16;19
"18320";3;4;6;9;10;12;15;16;19
"18321";3;4;6;9;10;12;15;16;19
"18322";3;4;6;9;10;12;15;16;19
"18323";3;4;6;9;10;12;15;16;19
"18324";3;4;6;9;10;12;15;16;19
"18325";3;4;6;9;10;12;15;16;19
"18326";3;4;6;9;10;12;15;16;19
"18327";3;4;6;9;10;12;15;16;19
"18328";3;4;6;9;10;12;15;16;19
"18329";3;4;6;9;10;12;15;16;19
"18330";3;4;6;9;10;12;15;16;19
"18331";3;4;6;9;10;12;15;16;19
"18332";3;4;6;9;10;12;15;16;19
"18333";3;4;6;9;10;12;15;16;19
"18334";3;4;6;9;10;12;15;16;19
"18335";3;4;6;9;10;12;15;16;19
"18336";3;4;6;9;10;12;15;16;19
"18337";3;4;6;9;10;12;15;16;19
"18338";3;4;6;9;10;12;15;16;19
"18339";3;4;6;9;10;12;15;16;19
"18340";3;4;6;8;8;8;8;8;8
"18341";3;4;6;9;10;12;15;16;19
"18342";3;4;6;8;8;8;8;8;8
"18343";3;4;6;9;10;12;15;16;19
"18344";3;4;6;8;8;8;8;8;8
"18345";3;4;6;9;10;12;15;16;19
"18346";3;4;6;8;8;8;8;8;8
"18347";3;4;6;9;10;12;15;16;19
"18348";3;5;5;5;5;5;5;5;5
"18349";3;4;6;8;8;8;8;8;8
"18350";3;4;6;9;10;12;15;16;19
"18351";3;4;6;9;10;12;15;16;19
"18352";3;4;6;8;8;8;8;8;8
"18353";3;4;6;9;10;12;15;16;19
"18354";3;4;6;9;10;12;15;16;19
"18355";3;4;6;9;10;12;15;16;19
"18356";3;4;6;9;10;12;15;16;19
"18357";3;4;6;9;10;12;15;16;19
"18358";3;4;6;9;10;12;15;16;19
"18359";3;4;6;9;10;12;15;16;19
"18360";3;4;6;9;10;12;15;16;19
"18361";3;4;6;9;10;12;15;16;19
"18362";3;4;6;9;10;12;15;16;19
"18363";3;4;6;9;10;12;15;16;19
"18364";3;4;6;9;10;12;15;16;19
"18365";3;5;5;5;5;5;5;5;5
"18366";3;5;5;5;5;5;5;5;5
"18367";3;4;6;9;10;12;15;16;19
"18368";3;4;6;9;10;12;15;16;19
"18369";3;4;6;9;10;12;15;16;19
"18370";3;4;6;9;10;12;15;16;19
"18371";3;4;6;9;10;12;15;16;19
"18372";3;4;6;9;10;12;15;16;18
"18373";3;5;5;5;5;5;5;5;5
"18374";3;4;6;9;10;12;15;16;19
"18375";3;4;6;9;10;12;15;16;19
"18376";3;4;6;9;10;12;15;16;19
"18377";3;4;6;9;10;12;15;16;19
"18378";3;4;6;9;10;12;15;16;19
"18379";3;4;6;9;10;12;15;16;19
"18380";3;4;6;9;10;12;15;16;19
"18381";3;4;6;9;10;12;15;16;19
"18382";3;4;6;9;10;12;15;16;19
"18383";3;4;6;9;10;12;15;16;19
"18384";3;4;6;9;10;12;15;16;19
"18385";3;4;6;9;10;12;15;16;19
"18386";3;4;6;9;10;12;15;16;19
"18387";3;4;6;9;10;12;15;16;19
"18388";3;4;6;9;10;12;15;16;19
"18389";3;4;6;9;10;12;15;16;19
"18390";3;4;6;9;10;12;15;16;19
"18391";3;4;6;9;10;12;15;16;19
"18392";3;4;6;9;10;12;15;16;19
"18393";3;4;6;9;10;12;15;16;19
"18394";3;4;6;9;10;12;15;16;19
"18395";3;4;6;9;10;12;15;16;19
"18396";3;4;6;9;10;12;15;16;19
"18397";3;4;6;9;10;12;15;16;19
"18398";3;4;6;9;10;12;15;16;19
"18399";3;4;6;9;10;12;15;16;19
"18400";3;4;6;9;10;12;15;16;19
"18401";3;4;6;9;10;12;15;16;19
"18402";3;4;6;9;10;12;15;16;19
"18403";3;4;6;9;10;12;15;16;19
"18404";3;4;6;9;10;12;15;16;19
"18405";3;4;6;9;10;12;15;16;19
"18406";3;4;6;9;10;12;15;16;19
"18407";3;4;6;9;10;12;15;16;19
"18408";3;4;6;9;10;12;15;16;19
"18409";3;4;6;9;10;12;15;16;19
"18410";3;4;6;8;8;8;8;8;8
"18411";3;4;6;9;10;12;15;16;19
"18412";3;4;6;9;10;12;15;16;19
"18413";3;4;6;9;10;12;15;16;19
"18414";3;4;6;9;10;12;15;16;19
"18415";3;4;6;9;10;12;15;16;19
"18416";3;4;6;8;8;8;8;8;8
"18417";3;4;6;8;8;8;8;8;8
"18418";3;4;6;9;10;12;15;16;19
"18419";3;4;6;8;8;8;8;8;8
"18420";3;4;6;9;10;12;15;16;19
"18421";3;4;6;8;8;8;8;8;8
"18422";3;4;6;8;8;8;8;8;8
"18423";3;4;6;8;8;8;8;8;8
"18424";3;5;5;5;5;5;5;5;5
"18425";3;4;6;8;8;8;8;8;8
"18426";3;4;6;8;8;8;8;8;8
"18427";3;4;6;9;10;12;15;16;19
"18428";3;4;6;9;10;12;15;16;19
"18429";3;4;6;9;10;12;15;16;19
"18430";3;4;6;8;8;8;8;8;8
"18431";3;4;6;9;10;12;15;16;19
"18432";3;4;6;8;8;8;8;8;8
"18433";3;4;6;9;10;12;15;16;19
"18434";3;4;6;9;10;12;15;16;19
"18435";3;4;6;9;10;12;15;16;19
"18436";3;4;6;8;8;8;8;8;8
"18437";3;4;6;9;10;12;15;16;19
"18438";3;4;6;8;8;8;8;8;8
"18439";3;4;6;9;10;12;15;16;19
"18440";3;4;6;9;10;12;15;16;19
"18441";3;4;6;9;10;12;15;16;19
"18442";3;4;6;9;10;12;15;16;19
"18443";3;4;6;9;10;12;15;16;19
"18444";3;4;6;8;8;8;8;8;8
"18445";3;4;6;9;10;12;15;16;19
"18446";3;4;6;9;10;12;15;16;19
"18447";3;4;6;9;10;12;15;16;19
"18448";3;4;6;9;10;12;15;16;19
"18449";3;4;6;9;10;12;15;16;19
"18450";3;4;7;7;7;7;7;7;7
"18451";3;4;6;9;10;12;15;16;19
"18452";3;4;6;9;10;12;15;16;19
"18453";3;4;6;9;10;12;15;16;19
"18454";3;4;6;9;10;12;15;16;19
"18455";3;4;6;9;10;12;15;16;19
"18456";3;4;6;9;10;12;15;16;19
"18457";3;4;6;9;10;12;15;16;19
"18458";3;4;6;9;10;12;15;16;19
"18459";3;4;6;9;10;12;15;16;19
"18460";3;4;6;9;10;12;15;16;19
"18461";3;4;6;9;10;12;15;16;19
"18462";3;4;6;9;10;12;15;16;19
"18463";3;4;6;9;10;12;15;16;19
"18464";3;4;6;9;10;12;15;16;19
"18465";3;4;6;9;10;12;15;16;19
"18466";3;4;6;9;10;12;15;16;19
"18467";3;4;7;7;7;7;7;7;7
"18468";3;4;6;9;10;12;15;16;19
"18469";3;4;6;9;10;12;15;16;19
"18470";3;4;6;9;10;12;15;16;19
"18471";3;4;6;9;10;12;15;16;19
"18472";3;4;7;7;7;7;7;7;7
"18473";3;4;6;9;10;12;15;16;19
"18474";3;4;6;9;10;12;15;16;19
"18475";3;4;6;9;10;12;15;16;19
"18476";3;4;6;9;10;12;15;16;19
"18477";3;4;7;7;7;7;7;7;7
"18478";3;4;6;9;10;12;15;16;18
"18479";3;4;7;7;7;7;7;7;7
"18480";3;4;7;7;7;7;7;7;7
"18481";3;4;6;9;10;12;15;16;19
"18482";3;4;6;9;10;12;15;16;19
"18483";3;4;6;9;10;12;15;16;19
"18484";3;4;6;9;10;12;15;16;19
"18485";3;4;6;9;10;12;15;16;19
"18486";3;4;6;9;10;12;15;16;19
"18487";3;4;6;9;10;12;15;16;19
"18488";3;4;6;8;8;8;8;8;8
"18489";3;5;5;5;5;5;5;5;5
"18490";3;4;6;9;10;12;15;16;19
"18491";3;4;6;9;10;12;15;16;19
"18492";3;4;6;9;10;12;15;16;18
"18493";3;5;5;5;5;5;5;5;5
"18494";3;4;6;9;10;12;15;16;18
"18495";3;4;6;9;10;12;15;16;19
"18496";3;4;6;9;10;12;15;16;19
"18497";3;4;6;9;10;12;15;16;19
"18498";3;4;6;9;10;12;15;16;19
"18499";3;4;6;9;10;12;15;16;19
"18500";3;4;6;9;10;12;15;16;19
"18501";3;4;6;9;10;12;15;16;19
"18502";3;4;6;9;10;12;15;16;19
"18503";3;4;6;8;8;8;8;8;8
"18504";3;4;6;9;10;12;15;16;19
"18505";3;4;6;9;10;12;15;16;19
"18506";3;4;6;9;10;12;15;16;19
"18507";3;4;6;9;10;12;15;16;19
"18508";3;4;6;9;10;12;15;16;19
"18509";3;4;6;9;10;12;15;16;19
"18510";3;4;7;7;7;7;7;7;7
"18511";3;4;6;9;10;12;15;16;19
"18512";3;4;6;9;10;12;15;16;19
"18513";3;4;6;9;10;12;15;16;19
"18514";3;4;6;9;10;12;15;16;19
"18515";3;4;6;9;10;12;15;16;19
"18516";3;4;6;9;10;12;15;16;19
"18517";3;4;6;9;10;12;15;16;19
"18518";3;4;6;9;10;12;15;16;19
"18519";3;4;6;9;10;12;15;16;19
"18520";3;4;6;9;10;12;15;16;19
"18521";3;4;6;9;10;12;15;16;19
"18522";3;4;6;9;10;12;15;16;19
"18523";3;4;6;8;8;8;8;8;8
"18524";3;5;5;5;5;5;5;5;5
"18525";3;4;6;9;10;12;15;16;18
"18526";3;4;6;9;10;12;15;16;19
"18527";3;4;6;9;10;12;15;16;19
"18528";3;4;6;9;10;13;13;13;13
"18529";3;4;6;9;10;12;15;16;19
"18530";3;4;6;9;10;12;15;16;19
"18531";3;4;6;9;10;13;13;13;13
"18532";3;4;6;8;8;8;8;8;8
"18533";3;4;6;9;10;12;15;16;19
"18534";3;4;6;9;10;13;13;13;13
"18535";3;4;6;9;10;12;15;16;19
"18536";3;4;6;9;10;12;15;16;19
"18537";3;4;6;9;10;12;15;16;19
"18538";3;4;6;9;10;13;13;13;13
"18539";3;4;6;9;10;12;15;16;19
"18540";3;4;6;9;10;12;15;16;19
"18541";3;4;6;9;10;12;15;16;19
"18542";3;4;6;9;10;12;15;16;19
"18543";3;4;6;9;10;12;15;16;19
"18544";3;4;6;9;10;12;15;16;19
"18545";3;4;6;9;10;12;15;16;19
"18546";3;4;6;9;10;13;13;13;13
"18547";3;4;6;9;10;13;13;13;13
"18548";3;4;6;9;10;12;15;16;19
"18549";3;4;6;9;10;12;15;16;19
"18550";3;4;6;9;10;12;15;16;19
"18551";3;4;6;9;10;12;15;16;19
"18552";3;4;6;9;10;12;15;16;19
"18553";3;4;6;9;10;12;15;16;19
"18554";3;4;6;9;10;12;15;16;19
"18555";3;4;6;9;10;13;13;13;13
"18556";3;4;6;9;10;12;15;16;19
"18557";3;4;6;9;10;12;15;16;19
"18558";3;4;6;9;10;12;15;16;19
"18559";3;4;6;9;10;12;15;16;19
"18560";3;4;6;9;10;12;15;16;19
"18561";3;4;6;9;10;12;15;16;19
"18562";3;4;7;7;7;7;7;7;7
"18563";3;4;6;9;10;12;15;16;19
"18564";3;4;6;9;10;12;15;16;19
"18565";3;4;7;7;7;7;7;7;7
"18566";3;4;6;9;10;12;15;16;19
"18567";3;4;6;9;10;12;15;16;19
"18568";3;4;6;9;10;12;15;16;19
"18569";3;4;6;9;10;12;15;16;19
"18570";3;4;6;9;10;12;15;16;19
"18571";3;4;6;9;10;12;15;16;19
"18572";3;4;6;9;10;12;15;16;19
"18573";3;4;6;9;10;12;15;16;19
"18574";3;4;6;9;10;12;15;16;19
"18575";3;4;6;9;10;12;15;16;19
"18576";3;4;6;9;10;12;15;16;19
"18577";3;4;7;7;7;7;7;7;7
"18578";3;4;6;9;10;12;15;16;19
"18579";3;4;6;9;10;12;15;16;19
"18580";3;4;6;9;10;12;15;16;19
"18581";3;4;6;9;10;12;15;16;19
"18582";3;4;6;9;10;12;15;16;19
"18583";3;4;6;9;10;12;15;16;19
"18584";3;4;6;9;10;12;15;16;19
"18585";3;4;6;9;10;12;15;16;19
"18586";3;4;6;9;10;12;15;16;19
"18587";3;4;6;9;10;12;15;16;19
"18588";3;4;6;9;10;12;15;16;19
"18589";3;4;6;9;10;12;15;16;19
"18590";3;4;6;9;10;12;15;16;19
"18591";3;4;6;9;10;12;15;16;19
"18592";3;4;6;9;10;12;15;16;19
"18593";3;4;6;9;10;12;15;16;19
"18594";3;4;6;9;10;12;15;16;19
"18595";3;4;6;9;10;12;15;16;19
"18596";3;4;6;9;10;12;15;16;19
"18597";3;4;6;9;10;12;15;16;19
"18598";3;4;6;9;10;12;15;16;19
"18599";3;4;6;9;10;12;15;16;19
"18600";3;4;6;9;10;12;15;16;19
"18601";3;4;6;9;10;12;15;16;19
"18602";3;4;6;9;10;12;15;16;19
"18603";3;4;6;9;10;12;15;16;19
"18604";3;4;6;9;10;12;15;16;19
"18605";3;4;6;9;10;12;15;16;19
"18606";3;4;6;9;10;12;15;16;19
"18607";3;4;6;9;10;12;15;16;19
"18608";3;4;6;9;10;12;15;16;19
"18609";3;4;6;9;10;12;15;16;19
"18610";3;4;6;9;10;12;15;16;19
"18611";3;4;6;9;10;12;15;16;18
"18612";3;4;6;9;10;12;15;16;19
"18613";3;4;6;9;10;12;15;16;19
"18614";3;4;6;9;10;12;15;16;19
"18615";3;4;6;9;10;13;13;13;13
"18616";3;4;6;9;10;12;15;16;19
"18617";3;4;6;9;10;12;15;16;19
"18618";3;4;6;9;10;12;15;16;19
"18619";3;4;6;9;10;12;15;16;19
"18620";3;4;6;9;10;12;15;16;19
"18621";3;4;6;9;10;12;15;16;19
"18622";3;4;6;9;10;12;15;16;19
"18623";3;4;6;9;10;12;15;16;19
"18624";3;4;6;9;10;12;15;16;19
"18625";3;4;6;9;10;12;15;16;19
"18626";3;4;7;7;7;7;7;7;7
"18627";3;4;6;9;10;12;15;16;19
"18628";3;4;6;9;10;12;15;16;19
"18629";3;4;6;9;10;12;15;16;19
"18630";3;4;6;9;10;12;15;16;19
"18631";3;4;7;7;7;7;7;7;7
"18632";3;4;6;9;10;12;15;16;19
"18633";3;4;6;9;10;12;15;16;19
"18634";3;4;6;9;10;12;15;16;19
"18635";3;4;7;7;7;7;7;7;7
"18636";3;4;6;9;10;12;15;16;19
"18637";3;4;6;9;10;12;15;16;19
"18638";3;4;6;9;10;12;15;16;19
"18639";3;4;6;9;10;12;15;16;19
"18640";3;4;6;9;10;12;15;16;19
"18641";3;4;6;9;10;12;15;16;19
"18642";3;4;6;9;10;12;15;16;18
"18643";3;4;6;9;10;12;15;16;18
"18644";3;4;6;9;10;12;15;16;18
"18645";3;4;6;9;10;12;15;16;18
"18646";3;4;6;9;10;12;15;16;18
"18647";3;4;6;9;10;12;15;16;18
"18648";3;4;6;9;10;12;15;16;18
"18649";3;4;6;9;10;12;15;16;19
"18650";3;4;6;9;10;12;15;16;18
"18651";3;4;6;9;10;12;15;16;18
"18652";3;4;6;9;10;12;15;16;18
"18653";3;5;5;5;5;5;5;5;5
"18654";3;4;6;9;10;12;15;16;19
"18655";3;4;6;9;10;12;15;16;19
"18656";3;4;6;9;10;12;15;16;19
"18657";3;4;6;9;10;12;15;16;19
"18658";3;4;6;9;10;12;15;16;19
"18659";3;4;6;9;10;12;15;16;19
"18660";3;4;6;9;10;12;15;16;19
"18661";3;4;6;9;10;12;15;16;19
"18662";3;4;6;9;10;12;15;16;19
"18663";3;4;6;9;10;12;15;16;19
"18664";3;4;6;9;10;12;15;16;19
"18665";3;4;6;9;10;12;15;16;19
"18666";3;4;6;9;10;12;15;16;19
"18667";3;4;6;9;10;12;15;16;19
"18668";3;4;6;9;10;12;15;16;19
"18669";3;4;6;9;10;12;15;16;19
"18670";3;4;6;9;10;12;15;16;19
"18671";3;4;7;7;7;7;7;7;7
"18672";3;4;6;9;10;12;15;16;19
"18673";3;4;6;9;10;12;15;16;19
"18674";3;4;6;9;10;12;15;16;19
"18675";3;4;6;9;10;12;15;16;19
"18676";3;4;6;9;10;12;15;16;19
"18677";3;4;6;9;10;12;15;16;19
"18678";3;4;6;9;10;12;15;16;19
"18679";3;4;6;9;10;12;15;16;19
"18680";3;4;6;9;10;12;15;16;19
"18681";3;4;6;9;10;12;15;16;19
"18682";3;4;6;9;10;12;15;16;19
"18683";3;4;6;9;10;12;15;16;19
"18684";3;4;6;9;10;12;15;16;19
"18685";3;4;6;9;10;12;15;16;19
"18686";3;4;6;9;10;12;15;16;19
"18687";3;4;6;9;10;12;15;16;19
"18688";3;4;6;9;10;12;15;16;19
"18689";3;4;6;9;10;12;15;16;19
"18690";3;4;6;9;10;12;15;16;19
"18691";3;4;6;9;10;12;15;16;19
"18692";3;4;6;8;8;8;8;8;8
"18693";3;4;6;9;10;12;15;16;19
"18694";3;4;6;9;10;12;15;16;19
"18695";3;4;6;9;10;12;15;16;19
"18696";3;4;6;9;10;12;15;16;19
"18697";3;4;6;9;10;12;15;16;19
"18698";3;4;6;9;10;12;15;16;19
"18699";3;4;6;9;10;12;15;16;19
"18700";3;4;6;9;10;12;15;16;19
"18701";3;4;6;8;8;8;8;8;8
"18702";3;4;6;9;10;12;15;16;19
"18703";3;4;6;8;8;8;8;8;8
"18704";3;4;6;9;10;12;15;16;19
"18705";3;4;6;9;10;12;15;16;19
"18706";3;4;6;9;10;12;15;16;19
"18707";3;4;6;9;10;12;15;16;19
"18708";3;4;6;9;10;12;15;16;19
"18709";3;4;6;9;10;12;15;16;19
"18710";3;4;6;9;10;12;15;16;19
"18711";3;4;6;9;10;12;15;16;19
"18712";3;4;6;9;10;12;15;16;19
"18713";3;5;5;5;5;5;5;5;5
"18714";3;4;6;9;10;12;15;16;19
"18715";3;4;6;9;10;12;15;16;19
"18716";3;4;6;9;10;12;15;16;19
"18717";3;4;6;9;10;12;15;16;19
"18718";3;4;6;8;8;8;8;8;8
"18719";3;4;6;8;8;8;8;8;8
"18720";3;4;6;9;10;12;15;16;19
"18721";3;4;7;7;7;7;7;7;7
"18722";3;4;6;9;10;12;15;16;18
"18723";3;4;6;9;10;12;15;16;19
"18724";3;4;6;8;8;8;8;8;8
"18725";3;4;6;9;10;12;15;16;19
"18726";3;4;6;8;8;8;8;8;8
"18727";3;4;6;9;10;12;15;16;19
"18728";3;4;6;9;10;12;15;16;19
"18729";3;4;6;9;10;12;15;16;19
"18730";3;4;6;9;10;12;15;16;19
"18731";3;4;6;9;10;12;15;16;19
"18732";3;4;6;9;10;12;15;16;19
"18733";3;4;6;9;10;12;15;16;19
"18734";3;4;6;9;10;12;15;16;19
"18735";3;4;6;9;10;12;15;16;19
"18736";3;4;6;9;10;12;15;16;19
"18737";3;4;6;9;10;12;15;16;19
"18738";3;4;6;9;10;12;15;16;19
"18739";3;4;6;9;10;12;15;16;19
"18740";3;5;5;5;5;5;5;5;5
"18741";3;4;6;9;10;12;15;16;19
"18742";3;4;6;9;10;12;15;16;19
"18743";3;4;6;9;10;12;15;16;19
"18744";3;4;6;9;10;12;15;16;19
"18745";3;4;6;9;10;12;15;16;19
"18746";3;4;6;9;10;12;15;16;19
"18747";3;4;6;9;10;12;15;16;19
"18748";3;4;6;9;10;12;15;16;19
"18749";3;4;6;9;10;12;15;16;19
"18750";3;4;6;9;10;12;15;16;19
"18751";3;4;6;9;10;12;15;16;19
"18752";3;4;6;8;8;8;8;8;8
"18753";3;4;6;9;10;12;15;16;19
"18754";3;4;6;9;10;12;15;16;19
"18755";3;4;6;9;10;12;15;16;19
"18756";3;4;6;8;8;8;8;8;8
"18757";3;4;6;9;10;12;15;16;19
"18758";3;4;6;9;10;12;15;16;19
"18759";3;4;6;9;10;12;15;16;19
"18760";3;4;6;9;10;12;15;16;19
"18761";3;4;6;9;10;12;15;16;19
"18762";3;4;6;9;10;12;15;16;19
"18763";3;4;6;9;10;12;15;16;19
"18764";3;4;6;8;8;8;8;8;8
"18765";3;4;6;9;10;12;15;16;19
"18766";3;4;6;9;10;12;15;16;19
"18767";3;4;6;9;10;12;15;16;19
"18768";3;4;6;9;10;12;15;16;19
"18769";3;4;6;9;10;12;15;16;19
"18770";3;4;6;9;10;12;15;16;19
"18771";3;4;6;9;10;12;15;16;19
"18772";3;4;6;9;10;12;15;16;19
"18773";3;4;6;9;10;12;15;16;18
"18774";3;4;6;9;10;12;15;16;18
"18775";3;4;6;9;10;12;15;16;19
"18776";3;4;6;9;10;12;15;16;18
"18777";3;4;6;9;10;12;15;16;18
"18778";3;4;6;9;10;12;15;16;18
"18779";3;4;6;9;10;12;15;16;18
"18780";3;4;6;9;10;12;15;16;18
"18781";3;4;6;8;8;8;8;8;8
"18782";3;4;6;9;10;12;15;16;19
"18783";3;4;6;9;10;12;15;16;19
"18784";3;4;6;9;10;12;15;16;18
"18785";3;4;6;9;10;12;15;16;18
"18786";3;4;6;9;10;12;15;16;19
"18787";3;4;6;9;10;12;15;16;19
"18788";3;4;6;9;10;12;15;16;18
"18789";3;4;6;9;10;12;15;16;19
"18790";3;4;6;9;10;12;15;16;19
"18791";3;4;6;9;10;12;15;16;18
"18792";3;4;6;9;10;12;15;16;19
"18793";3;4;6;9;10;12;15;16;18
"18794";3;4;6;9;10;12;15;16;19
"18795";3;4;6;9;10;12;15;16;18
"18796";3;4;6;9;10;12;15;16;18
"18797";3;4;6;9;10;12;15;16;18
"18798";3;4;6;9;10;12;15;16;19
"18799";3;4;6;9;10;12;15;16;18
"18800";3;5;5;5;5;5;5;5;5
"18801";3;4;6;9;10;12;15;16;19
"18802";3;4;6;9;10;12;15;16;19
"18803";3;4;6;9;10;12;15;16;19
"18804";3;4;6;9;10;12;15;16;19
"18805";3;4;6;9;10;12;15;16;18
"18806";3;4;6;9;10;12;15;16;19
"18807";3;4;6;9;10;12;15;16;18
"18808";3;4;6;9;10;12;15;16;19
"18809";3;4;6;9;10;12;15;16;19
"18810";3;4;6;9;10;12;15;16;19
"18811";3;4;6;9;10;12;15;16;19
"18812";3;4;6;9;10;12;15;16;19
"18813";3;4;7;7;7;7;7;7;7
"18814";3;4;6;9;10;12;15;16;19
"18815";3;4;6;9;10;12;15;16;19
"18816";3;4;6;9;10;12;15;16;19
"18817";3;4;6;9;10;12;15;16;18
"18818";3;4;6;9;10;12;15;16;19
"18819";3;4;6;9;10;12;15;16;19
"18820";3;5;5;5;5;5;5;5;5
"18821";3;4;6;9;10;12;15;16;19
"18822";3;4;6;9;10;12;15;16;19
"18823";3;4;6;9;10;12;15;16;19
"18824";3;4;6;9;10;12;15;16;19
"18825";3;4;6;9;10;12;15;16;19
"18826";3;4;6;9;10;12;15;16;18
"18827";3;4;6;9;10;12;15;16;19
"18828";3;4;6;9;10;12;15;16;18
"18829";3;4;6;9;10;12;15;16;19
"18830";3;4;6;9;10;12;15;16;19
"18831";3;4;6;9;10;12;15;16;19
"18832";3;5;5;5;5;5;5;5;5
"18833";3;5;5;5;5;5;5;5;5
"18834";3;4;6;9;10;12;15;16;19
"18835";3;4;6;9;10;12;15;16;19
"18836";3;4;6;9;10;12;15;16;19
"18837";3;4;6;9;10;12;15;16;19
"18838";3;4;6;9;10;12;15;16;19
"18839";3;4;6;8;8;8;8;8;8
"18840";3;4;6;9;10;12;15;16;19
"18841";3;4;6;9;10;12;15;16;19
"18842";3;4;6;9;10;12;15;16;19
"18843";3;4;6;9;10;12;15;16;19
"18844";3;4;6;8;8;8;8;8;8
"18845";3;4;6;9;10;12;15;16;19
"18846";3;4;6;9;10;12;15;16;19
"18847";3;4;6;9;10;13;13;13;13
"18848";3;4;6;9;10;12;15;16;19
"18849";3;4;6;9;10;12;15;16;19
"18850";3;4;6;9;10;12;15;16;19
"18851";3;4;6;9;10;12;15;16;19
"18852";3;4;6;8;8;8;8;8;8
"18853";3;4;6;9;10;13;13;13;13
"18854";3;4;6;9;10;12;15;16;19
"18855";3;4;6;9;10;12;15;16;19
"18856";3;4;6;9;10;12;15;16;19
"18857";3;4;6;9;10;12;15;16;19
"18858";3;4;6;9;10;13;13;13;13
"18859";3;4;6;9;10;12;15;16;19
"18860";3;4;6;9;10;12;15;16;19
"18861";3;4;6;9;10;12;15;16;19
"18862";3;4;6;9;10;12;15;16;19
"18863";3;4;6;9;10;12;15;16;19
"18864";3;4;6;9;10;12;15;16;18
"18865";3;4;6;9;10;12;15;16;19
"18866";3;4;6;9;10;12;15;16;19
"18867";3;4;6;9;10;12;15;16;19
"18868";3;4;6;9;10;12;15;16;19
"18869";3;4;6;9;10;12;15;16;19
"18870";3;4;6;9;10;12;15;16;19
"18871";3;4;6;9;10;12;15;16;19
"18872";3;4;6;9;10;12;15;16;19
"18873";3;4;6;9;10;12;15;16;19
"18874";3;4;6;9;10;12;15;16;19
"18875";3;4;6;9;10;12;15;16;19
"18876";3;4;6;9;10;12;15;16;19
"18877";3;4;6;9;10;12;15;16;19
"18878";3;4;6;9;10;12;15;16;19
"18879";3;4;6;9;10;12;15;16;19
"18880";3;4;6;9;10;12;15;16;19
"18881";3;4;6;9;10;12;15;16;19
"18882";3;4;6;9;10;12;15;16;19
"18883";3;4;6;9;10;12;15;16;19
"18884";3;4;6;9;10;12;15;16;19
"18885";3;4;6;9;10;12;15;16;19
"18886";3;4;6;9;10;12;15;16;18
"18887";3;4;6;9;10;12;15;16;19
"18888";3;4;6;8;8;8;8;8;8
"18889";3;4;6;9;10;12;15;16;18
"18890";3;4;6;9;10;12;15;16;18
"18891";3;4;6;9;10;12;15;16;19
"18892";3;4;6;9;10;12;15;16;18
"18893";3;4;6;9;10;12;15;16;18
"18894";3;4;6;8;8;8;8;8;8
"18895";3;4;6;9;10;12;15;16;19
"18896";3;4;6;8;8;8;8;8;8
"18897";3;4;6;8;8;8;8;8;8
"18898";3;4;6;9;10;12;15;16;19
"18899";3;4;6;9;10;12;15;16;19
"18900";3;4;6;8;8;8;8;8;8
"18901";3;4;6;9;10;12;15;16;19
"18902";3;4;6;8;8;8;8;8;8
"18903";3;4;6;8;8;8;8;8;8
"18904";3;4;6;9;10;12;15;16;19
"18905";3;4;6;9;10;12;15;16;19
"18906";3;4;6;9;10;12;15;16;18
"18907";3;4;6;9;10;12;15;16;18
"18908";3;4;6;8;8;8;8;8;8
"18909";3;4;6;8;8;8;8;8;8
"18910";3;4;6;9;10;12;15;16;18
"18911";3;4;6;9;10;12;15;16;18
"18912";3;4;6;9;10;12;15;16;18
"18913";3;4;6;9;10;12;15;16;18
"18914";3;4;6;9;10;12;15;16;19
"18915";3;4;6;9;10;12;15;16;18
"18916";3;5;5;5;5;5;5;5;5
"18917";3;4;6;9;10;12;15;16;18
"18918";3;4;7;7;7;7;7;7;7
"18919";3;4;6;9;10;12;15;16;19
"18920";3;4;6;9;10;12;15;16;18
"18921";3;5;5;5;5;5;5;5;5
"18922";3;4;6;8;8;8;8;8;8
"18923";3;4;6;9;10;12;15;16;19
"18924";3;4;6;9;10;12;15;16;19
"18925";3;4;6;9;10;12;15;16;19
"18926";3;4;6;9;10;12;15;16;19
"18927";3;4;6;9;10;12;15;16;19
"18928";3;4;6;9;10;12;15;16;19
"18929";3;4;6;9;10;12;15;16;19
"18930";3;4;6;9;10;12;15;16;19
"18931";3;4;6;9;10;12;15;16;19
"18932";3;4;6;9;10;12;15;16;19
"18933";3;4;6;9;10;12;15;16;19
"18934";3;4;6;9;10;12;15;16;19
"18935";3;4;6;9;10;12;15;16;18
"18936";3;4;6;9;10;12;15;16;18
"18937";3;4;6;9;10;12;15;16;18
"18938";3;4;6;9;10;12;15;16;18
"18939";3;4;6;9;10;12;15;16;19
"18940";3;4;6;9;10;12;15;16;19
"18941";3;4;6;8;8;8;8;8;8
"18942";3;4;6;8;8;8;8;8;8
"18943";3;4;6;8;8;8;8;8;8
"18944";3;4;6;8;8;8;8;8;8
"18945";3;4;6;8;8;8;8;8;8
"18946";3;4;6;8;8;8;8;8;8
"18947";3;4;6;9;10;12;15;16;18
"18948";3;4;6;9;10;12;15;16;19
"18949";3;4;6;9;10;12;15;16;19
"18950";3;4;6;9;10;12;15;16;19
"18951";3;4;6;9;10;12;15;16;19
"18952";3;4;6;9;10;12;15;16;19
"18953";3;4;6;9;10;12;15;16;19
"18954";3;4;6;9;10;12;15;16;19
"18955";3;4;6;9;10;12;15;16;19
"18956";3;4;6;9;10;12;15;16;19
"18957";3;4;6;9;10;12;15;16;19
"18958";3;4;6;9;10;12;15;16;19
"18959";3;4;6;9;10;12;15;16;19
"18960";3;4;6;9;10;12;15;16;19
"18961";3;4;6;9;10;12;15;16;19
"18962";3;4;6;9;10;12;15;16;19
"18963";3;4;6;9;10;12;15;16;19
"18964";3;4;6;9;10;12;15;16;19
"18965";3;4;6;9;10;12;15;16;19
"18966";3;4;6;9;10;12;15;16;19
"18967";3;4;6;9;10;12;15;16;19
"18968";3;4;6;9;10;12;15;16;19
"18969";3;4;6;9;10;12;15;16;19
"18970";3;4;7;7;7;7;7;7;7
"18971";3;4;6;9;10;12;15;16;19
"18972";3;4;6;9;10;12;15;16;19
"18973";3;4;6;9;10;12;15;16;19
"18974";3;4;6;8;8;8;8;8;8
"18975";3;4;6;9;10;12;15;16;19
"18976";3;4;6;9;10;12;15;16;19
"18977";3;4;6;9;10;12;15;16;19
"18978";3;4;6;9;10;12;15;16;19
"18979";3;4;6;9;10;12;15;16;19
"18980";3;4;6;9;10;12;15;16;19
"18981";3;4;6;9;10;12;15;16;19
"18982";3;4;6;9;10;12;15;16;19
"18983";3;4;6;9;10;12;15;16;19
"18984";3;4;6;9;10;12;15;16;19
"18985";3;4;6;9;10;12;15;16;19
"18986";3;4;6;9;10;12;15;16;19
"18987";3;4;6;9;10;12;15;16;19
"18988";3;4;6;9;10;12;15;16;19
"18989";3;4;6;9;10;12;15;16;19
"18990";3;4;6;9;10;12;15;16;19
"18991";3;4;6;9;10;12;15;16;19
"18992";3;4;6;9;10;12;15;16;19
"18993";3;4;6;9;10;12;15;16;19
"18994";3;4;6;9;10;12;15;16;19
"18995";3;4;6;9;10;12;15;16;19
"18996";3;4;6;9;10;12;15;16;19
"18997";3;4;6;9;10;12;15;16;19
"18998";3;4;6;9;10;12;15;16;19
"18999";3;4;6;9;10;12;15;16;19
"19000";3;4;6;9;10;12;15;16;19
"19001";3;4;6;9;10;12;15;16;19
"19002";3;4;6;9;10;12;15;16;19
"19003";3;4;6;9;10;12;15;16;19
"19004";3;4;6;9;10;12;15;16;18
"19005";3;4;6;9;10;12;15;16;19
"19006";3;4;6;9;10;12;15;16;19
"19007";3;4;6;9;10;12;15;16;19
"19008";3;4;6;9;10;12;15;16;19
"19009";3;4;6;9;10;12;15;16;19
"19010";3;4;6;8;8;8;8;8;8
"19011";3;4;7;7;7;7;7;7;7
"19012";3;4;6;9;10;12;15;16;19
"19013";3;4;6;9;10;12;15;16;19
"19014";3;4;6;9;10;12;15;16;19
"19015";3;4;6;9;10;12;15;16;19
"19016";3;4;6;9;10;12;15;16;19
"19017";3;4;6;9;10;12;15;16;19
"19018";3;4;6;9;10;12;15;16;18
"19019";3;4;6;9;10;12;15;16;19
"19020";3;4;6;9;10;12;15;16;19
"19021";3;5;5;5;5;5;5;5;5
"19022";3;4;6;9;10;12;15;16;19
"19023";3;4;6;9;10;12;15;16;19
"19024";3;4;6;9;10;12;15;16;19
"19025";3;4;6;9;10;12;15;16;18
"19026";3;4;6;9;10;12;15;16;18
"19027";3;4;6;9;10;12;15;16;18
"19028";3;4;6;9;10;12;15;16;19
"19029";3;4;6;9;10;12;15;16;18
"19030";3;4;6;9;10;12;15;16;19
"19031";3;4;7;7;7;7;7;7;7
"19032";3;4;6;9;10;12;15;16;19
"19033";3;4;7;7;7;7;7;7;7
"19034";3;4;6;9;10;12;15;16;19
"19035";3;4;6;9;10;12;15;16;18
"19036";3;4;6;9;10;12;15;16;18
"19037";3;4;6;9;10;12;15;16;19
"19038";3;4;6;9;10;12;15;16;19
"19039";3;4;6;9;10;12;15;16;19
"19040";3;4;6;9;10;12;15;16;19
"19041";3;4;6;9;10;12;15;16;19
"19042";3;4;6;9;10;12;15;16;19
"19043";3;4;6;9;10;12;15;16;19
"19044";3;4;6;9;10;12;15;16;18
"19045";3;4;6;9;10;12;15;16;18
"19046";3;4;6;9;10;12;15;16;18
"19047";3;5;5;5;5;5;5;5;5
"19048";3;4;6;9;10;12;15;16;19
"19049";3;4;6;9;10;12;15;16;19
"19050";3;4;6;9;10;12;15;16;19
"19051";3;4;6;9;10;13;13;13;13
"19052";3;4;6;9;10;12;15;16;19
"19053";3;4;6;9;10;12;15;16;19
"19054";3;4;6;9;10;13;13;13;13
"19055";3;4;6;9;10;13;13;13;13
"19056";3;4;6;9;10;12;15;16;19
"19057";3;4;6;9;10;13;13;13;13
"19058";3;4;6;9;10;13;13;13;13
"19059";3;5;5;5;5;5;5;5;5
"19060";3;4;6;9;10;12;15;16;19
"19061";3;4;6;9;10;13;13;13;13
"19062";3;5;5;5;5;5;5;5;5
"19063";3;4;6;9;10;12;15;16;19
"19064";3;4;6;8;8;8;8;8;8
"19065";3;4;6;9;10;13;13;13;13
"19066";3;4;6;8;8;8;8;8;8
"19067";3;4;6;8;8;8;8;8;8
"19068";3;4;6;9;10;12;15;16;19
"19069";3;4;6;9;10;13;13;13;13
"19070";3;4;6;9;10;13;13;13;13
"19071";3;4;6;9;10;12;15;16;19
"19072";3;4;6;8;8;8;8;8;8
"19073";3;4;6;9;10;12;15;16;19
"19074";3;4;6;9;10;12;15;16;19
"19075";3;4;6;9;10;12;15;16;19
"19076";3;4;6;9;10;12;15;16;19
"19077";3;4;6;9;10;12;15;16;19
"19078";3;4;6;9;10;12;15;16;19
"19079";3;4;6;9;10;12;15;16;18
"19080";3;4;6;9;10;12;15;16;19
"19081";3;5;5;5;5;5;5;5;5
"19082";3;4;6;9;10;12;15;16;19
"19083";3;4;6;9;10;12;15;16;18
"19084";3;4;6;9;10;12;15;16;19
"19085";3;5;5;5;5;5;5;5;5
"19086";3;5;5;5;5;5;5;5;5
"19087";3;5;5;5;5;5;5;5;5
"19088";3;4;6;9;10;12;15;16;19
"19089";3;4;6;9;10;12;15;16;19
"19090";3;5;5;5;5;5;5;5;5
"19091";3;4;6;9;10;12;15;16;19
"19092";3;4;6;9;10;12;15;16;19
"19093";3;4;6;9;10;12;15;16;19
"19094";3;4;6;9;10;12;15;16;19
"19095";3;4;6;9;10;12;15;16;19
"19096";3;4;6;9;10;12;15;16;19
"19097";3;4;6;9;10;12;15;16;19
"19098";3;4;6;9;10;12;15;16;19
"19099";3;4;6;9;10;12;15;16;19
"19100";3;4;6;9;10;12;15;16;19
"19101";3;4;6;9;10;12;15;16;19
"19102";3;4;6;9;10;12;15;16;19
"19103";3;4;6;9;10;12;15;16;19
"19104";3;4;6;9;10;12;15;16;19
"19105";3;5;5;5;5;5;5;5;5
"19106";3;4;6;9;10;12;15;16;19
"19107";3;4;6;9;10;12;15;16;18
"19108";3;4;6;9;10;12;15;16;19
"19109";3;5;5;5;5;5;5;5;5
"19110";3;4;6;9;10;12;15;16;19
"19111";3;4;6;8;8;8;8;8;8
"19112";3;4;6;9;10;12;15;16;19
"19113";3;4;6;9;10;12;15;16;19
"19114";3;4;6;9;10;12;15;16;19
"19115";3;4;6;9;10;12;15;16;19
"19116";3;4;6;8;8;8;8;8;8
"19117";3;4;6;9;10;12;15;16;19
"19118";3;4;6;9;10;12;15;16;19
"19119";3;4;6;9;10;12;15;16;19
"19120";3;4;6;9;10;12;15;16;19
"19121";3;4;6;9;10;12;15;16;18
"19122";3;4;6;9;10;12;15;16;19
"19123";3;4;6;9;10;12;15;16;19
"19124";3;4;6;9;10;12;15;16;19
"19125";3;4;6;9;10;12;15;16;19
"19126";3;4;6;9;10;12;15;16;19
"19127";3;4;6;9;10;12;15;16;19
"19128";3;4;6;9;10;12;15;16;19
"19129";3;4;6;9;10;12;15;16;19
"19130";3;4;6;9;10;12;15;16;19
"19131";3;4;6;9;10;12;15;16;19
"19132";3;5;5;5;5;5;5;5;5
"19133";3;4;6;9;10;12;15;16;19
"19134";3;4;6;9;10;12;15;16;19
"19135";3;4;6;9;10;12;15;16;18
"19136";3;4;6;9;10;12;15;16;19
"19137";3;4;6;9;10;12;15;16;19
"19138";3;4;6;9;10;12;15;16;19
"19139";3;4;6;9;10;12;15;16;19
"19140";3;4;6;9;10;12;15;16;19
"19141";3;4;6;9;10;12;15;16;19
"19142";3;4;6;9;10;12;15;16;19
"19143";3;4;6;9;10;13;13;13;13
"19144";3;4;6;9;10;12;15;16;19
"19145";3;4;6;9;10;12;15;16;19
"19146";3;4;6;9;10;12;15;16;19
"19147";3;4;6;9;10;12;15;16;19
"19148";3;4;6;9;10;12;15;16;19
"19149";3;4;6;9;10;12;15;16;19
"19150";3;4;6;9;10;12;15;16;19
"19151";3;4;6;9;10;12;15;16;19
"19152";3;4;6;9;10;12;15;16;19
"19153";3;4;6;9;10;12;15;16;19
"19154";3;4;6;9;10;12;15;16;19
"19155";3;4;6;9;10;12;15;16;19
"19156";3;4;6;9;10;12;15;16;19
"19157";3;4;6;9;10;12;15;16;19
"19158";3;4;6;9;10;12;15;16;19
"19159";3;4;6;9;10;12;15;16;19
"19160";3;4;6;9;10;12;15;16;19
"19161";3;4;6;9;10;12;15;16;19
"19162";3;4;6;9;10;12;15;16;19
"19163";3;4;6;9;10;12;15;16;19
"19164";3;4;6;9;10;12;15;16;19
"19165";3;4;6;9;10;12;15;16;19
"19166";3;4;6;9;10;12;15;16;19
"19167";3;4;6;9;10;12;15;16;19
"19168";3;4;6;9;10;12;15;16;19
"19169";3;4;6;9;10;12;15;16;19
"19170";3;4;6;9;10;12;15;16;19
"19171";3;4;6;9;10;12;15;16;19
"19172";3;4;6;9;10;12;15;16;19
"19173";3;4;6;9;10;12;15;16;19
"19174";3;4;6;9;10;12;15;16;19
"19175";3;4;6;9;10;12;15;16;19
"19176";3;4;6;9;10;12;15;16;19
"19177";3;4;7;7;7;7;7;7;7
"19178";3;4;6;9;10;12;15;16;19
"19179";3;4;6;9;10;12;15;16;19
"19180";3;4;6;9;10;12;15;16;18
"19181";3;4;6;9;10;12;15;16;19
"19182";3;4;6;9;10;12;15;16;19
"19183";3;4;6;9;10;12;15;16;19
"19184";3;4;6;9;10;12;15;16;19
"19185";3;4;6;9;10;12;15;16;19
"19186";3;4;6;9;10;12;15;16;19
"19187";3;4;6;9;10;12;15;16;19
"19188";3;4;6;8;8;8;8;8;8
"19189";3;4;6;8;8;8;8;8;8
"19190";3;4;6;9;10;12;15;16;19
"19191";3;4;6;9;10;12;15;16;19
"19192";3;4;6;9;10;12;15;16;19
"19193";3;4;6;9;10;12;15;16;19
"19194";3;4;6;9;10;12;15;16;19
"19195";3;4;6;9;10;12;15;16;19
"19196";3;4;6;9;10;12;15;16;19
"19197";3;4;6;9;10;12;15;16;19
"19198";3;4;6;8;8;8;8;8;8
"19199";3;4;6;9;10;12;15;16;19
"19200";3;4;6;9;10;12;15;16;19
"19201";3;4;6;9;10;12;15;16;19
"19202";3;5;5;5;5;5;5;5;5
"19203";3;4;6;9;10;12;15;16;19
"19204";3;5;5;5;5;5;5;5;5
"19205";3;4;6;9;10;12;15;16;19
"19206";3;4;6;8;8;8;8;8;8
"19207";3;4;6;8;8;8;8;8;8
"19208";3;4;6;9;10;12;15;16;19
"19209";3;4;6;8;8;8;8;8;8
"19210";3;4;6;9;10;12;15;16;19
"19211";3;4;6;9;10;12;15;16;18
"19212";3;4;6;9;10;12;15;16;19
"19213";3;4;6;9;10;12;15;16;19
"19214";3;4;6;9;10;12;15;16;19
"19215";3;4;6;9;10;12;15;16;19
"19216";3;4;6;9;10;12;15;16;19
"19217";3;4;6;9;10;12;15;16;19
"19218";3;4;6;9;10;12;15;16;19
"19219";3;4;6;9;10;12;15;16;19
"19220";3;4;6;9;10;12;15;16;19
"19221";3;4;6;9;10;12;15;16;19
"19222";3;4;6;9;10;12;15;16;19
"19223";3;4;6;9;10;12;15;16;19
"19224";3;4;6;9;10;12;15;16;18
"19225";3;4;6;9;10;12;15;16;19
"19226";3;5;5;5;5;5;5;5;5
"19227";3;4;6;9;10;12;15;16;19
"19228";3;4;6;9;10;12;15;16;19
"19229";3;4;6;9;10;12;15;16;19
"19230";3;4;6;9;10;12;15;16;18
"19231";3;4;6;9;10;12;15;16;18
"19232";3;4;6;9;10;12;15;16;18
"19233";3;4;6;9;10;12;15;16;18
"19234";3;4;6;9;10;12;15;16;19
"19235";3;4;6;9;10;12;15;16;19
"19236";3;4;6;9;10;12;15;16;19
"19237";3;4;6;9;10;12;15;16;18
"19238";3;4;6;9;10;12;15;16;19
"19239";3;4;6;9;10;12;15;16;18
"19240";3;4;6;9;10;12;15;16;18
"19241";3;4;6;9;10;12;15;16;19
"19242";3;4;6;9;10;12;15;16;19
"19243";3;4;6;9;10;12;15;16;19
"19244";3;4;6;9;10;12;15;16;19
"19245";3;4;6;9;10;12;15;16;19
"19246";3;4;6;9;10;12;15;16;19
"19247";3;4;6;9;10;12;15;16;19
"19248";3;4;6;9;10;12;15;16;19
"19249";3;4;6;9;10;12;15;16;19
"19250";3;4;6;9;10;12;15;16;19
"19251";3;4;6;9;10;12;15;16;19
"19252";3;4;6;9;10;12;15;16;19
"19253";3;4;6;9;10;12;15;16;19
"19254";3;4;6;9;10;12;15;16;19
"19255";3;4;6;9;10;12;15;16;18
"19256";3;4;6;9;10;12;15;16;18
"19257";3;4;6;9;10;12;15;16;19
"19258";3;4;6;8;8;8;8;8;8
"19259";3;4;6;9;10;12;15;16;19
"19260";3;4;6;9;10;12;15;16;18
"19261";3;4;6;9;10;12;15;16;19
"19262";3;4;6;9;10;12;15;16;19
"19263";3;4;6;9;10;12;15;16;19
"19264";3;4;6;9;10;12;15;16;19
"19265";3;4;6;9;10;12;15;16;19
"19266";3;4;6;9;10;12;15;16;19
"19267";3;4;6;9;10;12;15;16;19
"19268";3;4;6;9;10;12;15;16;19
"19269";3;4;6;9;10;12;15;16;19
"19270";3;4;6;9;10;12;15;16;18
"19271";3;4;6;9;10;12;15;16;18
"19272";3;5;5;5;5;5;5;5;5
"19273";3;5;5;5;5;5;5;5;5
"19274";3;5;5;5;5;5;5;5;5
"19275";3;5;5;5;5;5;5;5;5
"19276";3;4;6;9;10;12;15;16;18
"19277";3;4;6;9;10;12;15;16;19
"19278";3;4;6;9;10;12;15;16;19
"19279";3;4;6;9;10;12;15;16;19
"19280";3;4;6;9;10;12;15;16;19
"19281";3;4;6;9;10;12;15;16;19
"19282";3;4;6;9;10;12;15;16;19
"19283";3;4;6;9;10;12;15;16;19
"19284";3;4;6;9;10;12;15;16;19
"19285";3;4;7;7;7;7;7;7;7
"19286";3;4;6;9;10;12;15;16;19
"19287";3;4;6;9;10;12;15;16;19
"19288";3;4;6;9;10;12;15;16;19
"19289";3;4;6;9;10;12;15;16;19
"19290";3;4;7;7;7;7;7;7;7
"19291";3;4;6;9;10;12;15;16;19
"19292";3;4;6;9;10;12;15;16;19
"19293";3;4;6;9;10;12;15;16;19
"19294";3;4;6;9;10;13;13;13;13
"19295";3;4;6;9;10;13;13;13;13
"19296";3;4;6;9;10;12;15;16;19
"19297";3;4;6;9;10;12;15;16;19
"19298";3;4;6;9;10;12;15;16;19
"19299";3;4;6;9;10;12;15;16;19
"19300";3;4;6;9;10;12;15;16;19
"19301";3;4;6;9;10;12;15;16;19
"19302";3;4;7;7;7;7;7;7;7
"19303";3;4;6;9;10;12;15;16;19
"19304";3;4;7;7;7;7;7;7;7
"19305";3;4;6;9;10;12;15;16;19
"19306";3;4;6;9;10;12;15;16;19
"19307";3;4;6;9;10;12;15;16;19
"19308";3;4;6;9;10;12;15;16;19
"19309";3;4;6;9;10;12;15;16;19
"19310";3;4;6;9;10;12;15;16;19
"19311";3;4;6;9;10;12;15;16;19
"19312";3;4;6;9;10;12;15;16;19
"19313";3;4;6;9;10;12;15;16;19
"19314";3;4;7;7;7;7;7;7;7
"19315";3;4;6;9;10;12;15;16;19
"19316";3;4;6;9;10;12;15;16;19
"19317";3;4;7;7;7;7;7;7;7
"19318";3;4;6;9;10;12;15;16;19
"19319";3;4;6;9;10;12;15;16;19
"19320";3;4;6;9;10;12;15;16;19
"19321";3;4;7;7;7;7;7;7;7
"19322";3;4;7;7;7;7;7;7;7
"19323";3;4;6;9;10;12;15;16;19
"19324";3;4;6;9;10;12;15;16;19
"19325";3;4;7;7;7;7;7;7;7
"19326";3;4;6;9;10;13;13;13;13
"19327";3;4;6;9;10;12;15;16;19
"19328";3;4;6;9;10;12;15;16;19
"19329";3;4;6;9;10;12;15;16;19
"19330";3;4;6;9;10;12;15;16;19
"19331";3;4;6;9;10;12;15;16;19
"19332";3;4;6;9;10;12;15;16;19
"19333";3;4;7;7;7;7;7;7;7
"19334";3;4;7;7;7;7;7;7;7
"19335";3;4;7;7;7;7;7;7;7
"19336";3;4;7;7;7;7;7;7;7
"19337";3;4;6;9;10;12;15;16;19
"19338";3;4;6;9;10;12;15;16;19
"19339";3;4;7;7;7;7;7;7;7
"19340";3;4;7;7;7;7;7;7;7
"19341";3;4;6;9;10;12;15;16;19
"19342";3;4;7;7;7;7;7;7;7
"19343";3;4;6;9;10;12;15;16;19
"19344";3;4;6;9;10;12;15;16;19
"19345";3;4;6;9;10;12;15;16;19
"19346";3;4;6;9;10;12;15;16;19
"19347";3;4;6;8;8;8;8;8;8
"19348";3;4;7;7;7;7;7;7;7
"19349";3;4;6;9;10;12;15;16;19
"19350";3;4;6;9;10;12;15;16;19
"19351";3;4;6;9;10;12;15;16;19
"19352";3;4;6;9;10;12;15;16;19
"19353";3;4;6;9;10;12;15;16;19
"19354";3;4;6;9;10;12;15;16;18
"19355";3;4;6;9;10;12;15;16;19
"19356";3;4;6;8;8;8;8;8;8
"19357";3;4;6;8;8;8;8;8;8
"19358";3;4;6;8;8;8;8;8;8
"19359";3;4;6;8;8;8;8;8;8
"19360";3;4;6;8;8;8;8;8;8
"19361";3;4;6;8;8;8;8;8;8
"19362";3;4;6;8;8;8;8;8;8
"19363";3;4;6;8;8;8;8;8;8
"19364";3;4;6;8;8;8;8;8;8
"19365";3;4;6;9;10;12;15;16;19
"19366";3;4;6;8;8;8;8;8;8
"19367";3;4;6;8;8;8;8;8;8
"19368";3;4;6;8;8;8;8;8;8
"19369";3;4;6;9;10;12;15;16;19
"19370";3;4;6;9;10;13;13;13;13
"19371";3;4;6;9;10;12;15;16;19
"19372";3;4;6;9;10;12;15;16;19
"19373";3;4;6;8;8;8;8;8;8
"19374";3;4;6;9;10;12;15;16;19
"19375";3;4;6;9;10;12;15;16;19
"19376";3;4;6;9;10;12;15;16;19
"19377";3;4;6;9;10;12;15;16;19
"19378";3;4;6;9;10;12;15;16;19
"19379";3;4;6;9;10;12;15;16;19
"19380";3;4;6;9;10;12;15;16;19
"19381";3;4;6;9;10;12;15;16;19
"19382";3;4;6;9;10;12;15;16;19
"19383";3;4;6;9;10;12;15;16;19
"19384";3;4;6;9;10;12;15;16;19
"19385";3;4;6;9;10;12;15;16;18
"19386";3;4;6;9;10;12;15;16;19
"19387";3;4;6;9;10;12;15;16;19
"19388";3;4;6;8;8;8;8;8;8
"19389";3;4;6;9;10;12;15;16;19
"19390";3;4;6;9;10;12;15;16;19
"19391";3;4;6;9;10;12;15;16;19
"19392";3;4;6;9;10;12;15;16;19
"19393";3;4;6;9;10;12;15;16;19
"19394";3;4;6;9;10;12;15;16;19
"19395";3;4;6;9;10;12;15;16;19
"19396";3;4;6;9;10;12;15;16;19
"19397";3;4;6;9;10;12;15;16;19
"19398";3;4;6;9;10;12;15;16;19
"19399";3;4;6;9;10;12;15;16;19
"19400";3;4;6;9;10;12;15;16;19
"19401";3;4;6;9;10;12;15;16;19
"19402";3;4;6;9;10;12;15;16;19
"19403";3;4;6;8;8;8;8;8;8
"19404";3;4;6;9;10;12;15;16;19
"19405";3;4;6;9;10;12;15;16;19
"19406";3;4;6;9;10;12;15;16;19
"19407";3;4;6;9;10;12;15;16;19
"19408";3;4;6;9;10;12;15;16;18
"19409";3;4;6;9;10;12;15;16;19
"19410";3;4;6;9;10;12;15;16;19
"19411";3;4;6;9;10;12;15;16;19
"19412";3;4;6;9;10;12;15;16;18
"19413";3;4;6;9;10;12;15;16;19
"19414";3;4;6;9;10;12;15;16;19
"19415";3;4;6;9;10;12;15;16;19
"19416";3;4;6;9;10;12;15;16;19
"19417";3;4;6;9;10;12;15;16;19
"19418";3;4;6;9;10;12;15;16;19
"19419";3;4;6;9;10;12;15;16;19
"19420";3;4;6;9;10;12;15;16;19
"19421";3;4;6;9;10;12;15;16;19
"19422";3;4;6;9;10;12;15;16;19
"19423";3;4;6;9;10;12;15;16;19
"19424";3;4;6;9;10;12;15;16;19
"19425";3;4;6;9;10;12;15;16;19
"19426";3;4;6;9;10;12;15;16;19
"19427";3;4;6;9;10;12;15;16;19
"19428";3;4;6;9;10;12;15;16;19
"19429";3;4;6;9;10;12;15;16;19
"19430";3;4;6;9;10;12;15;16;19
"19431";3;4;6;9;10;12;15;16;19
"19432";3;4;6;9;10;12;15;16;19
"19433";3;4;6;9;10;12;15;16;19
"19434";3;4;6;9;10;12;15;16;19
"19435";3;4;6;9;10;12;15;16;19
"19436";3;4;6;9;10;12;15;16;19
"19437";3;4;6;9;10;12;15;16;19
"19438";3;4;6;9;10;12;15;16;19
"19439";3;4;6;9;10;12;15;16;19
"19440";3;4;6;9;10;12;15;16;19
"19441";3;4;6;9;10;12;15;16;19
"19442";3;4;6;9;10;12;15;16;19
"19443";3;4;6;9;10;12;15;16;19
"19444";3;4;6;9;10;12;15;16;19
"19445";3;4;6;9;10;12;15;16;19
"19446";3;4;6;9;10;12;15;16;19
"19447";3;4;6;9;10;12;15;16;19
"19448";3;4;6;9;10;12;15;16;19
"19449";3;4;6;9;10;12;15;16;19
"19450";3;4;6;9;10;12;15;16;19
"19451";3;4;6;9;10;12;15;16;19
"19452";3;4;6;8;8;8;8;8;8
"19453";3;4;6;9;10;12;15;16;19
"19454";3;4;6;9;10;12;15;16;19
"19455";3;4;6;9;10;12;15;16;19
"19456";3;4;6;9;10;12;15;16;19
"19457";3;4;6;9;10;12;15;16;19
"19458";3;4;6;9;10;12;15;16;19
"19459";3;4;6;9;10;12;15;16;19
"19460";3;4;6;9;10;12;15;16;19
"19461";3;4;6;9;10;12;15;16;19
"19462";3;4;6;9;10;12;15;16;19
"19463";3;4;6;9;10;12;15;16;19
"19464";3;4;6;9;10;12;15;16;19
"19465";3;4;6;9;10;12;15;16;19
"19466";3;4;6;9;10;12;15;16;19
"19467";3;4;6;9;10;12;15;16;19
"19468";3;4;6;9;10;12;15;16;19
"19469";3;4;6;9;10;12;15;16;19
"19470";3;4;6;9;10;12;15;16;19
"19471";3;4;6;9;10;12;15;16;19
"19472";3;4;6;9;10;12;15;16;19
"19473";3;4;6;9;10;12;15;16;19
"19474";3;4;6;9;10;12;15;16;19
"19475";3;4;6;9;10;12;15;16;19
"19476";3;4;6;9;10;12;15;16;19
"19477";3;4;6;9;10;12;15;16;19
"19478";3;4;6;9;10;12;15;16;19
"19479";3;4;6;9;10;12;15;16;19
"19480";3;4;6;9;10;12;15;16;19
"19481";3;4;6;9;10;12;15;16;19
"19482";3;4;6;9;10;12;15;16;19
"19483";3;4;6;9;10;12;15;16;19
"19484";3;4;6;9;10;12;15;16;19
"19485";3;4;7;7;7;7;7;7;7
"19486";3;4;6;9;10;12;15;16;19
"19487";3;4;6;9;10;12;15;16;19
"19488";3;4;6;9;10;12;15;16;19
"19489";3;4;6;9;10;12;15;16;19
"19490";3;4;6;9;10;12;15;16;19
"19491";3;4;6;9;10;12;15;16;18
"19492";3;4;6;9;10;12;15;16;19
"19493";3;4;6;9;10;12;15;16;19
"19494";3;4;6;9;10;12;15;16;19
"19495";3;4;6;9;10;12;15;16;19
"19496";3;4;6;9;10;12;15;16;19
"19497";3;4;6;9;10;12;15;16;19
"19498";3;4;6;9;10;12;15;16;19
"19499";3;4;6;9;10;12;15;16;19
"19500";3;4;6;9;10;12;15;16;19
"19501";3;4;6;9;10;12;15;16;19
"19502";3;4;6;9;10;12;15;16;19
"19503";3;4;6;9;10;12;15;16;19
"19504";3;4;6;9;10;12;15;16;19
"19505";3;4;6;9;10;12;15;16;19
"19506";3;4;6;9;10;12;15;16;19
"19507";3;4;6;9;10;12;15;16;19
"19508";3;4;6;9;10;12;15;16;19
"19509";3;4;6;9;10;12;15;16;19
"19510";3;4;6;9;10;12;15;16;19
"19511";3;4;6;9;10;12;15;16;19
"19512";3;4;6;9;10;12;15;16;19
"19513";3;4;6;9;10;12;15;16;19
"19514";3;4;6;9;10;12;15;16;19
"19515";3;4;6;9;10;12;15;16;19
"19516";3;4;6;9;10;13;13;13;13
"19517";3;4;6;9;10;12;15;16;19
"19518";3;4;6;9;10;12;15;16;19
"19519";3;4;6;9;10;12;15;16;19
"19520";3;4;6;9;10;12;15;16;19
"19521";3;4;6;9;10;12;15;16;19
"19522";3;4;6;9;10;12;15;16;19
"19523";3;4;6;9;10;12;15;16;19
"19524";3;4;6;9;10;12;15;16;19
"19525";3;4;6;9;10;12;15;16;19
"19526";3;4;6;9;10;12;15;16;19
"19527";3;4;6;9;10;12;15;16;19
"19528";3;4;6;9;10;12;15;16;19
"19529";3;4;6;9;10;12;15;16;19
"19530";3;4;6;9;10;12;15;16;19
"19531";3;4;6;9;10;12;15;16;19
"19532";3;4;6;9;10;12;15;16;19
"19533";3;4;6;9;10;12;15;16;19
"19534";3;4;6;9;10;12;15;16;19
"19535";3;4;6;9;10;12;15;16;19
"19536";3;4;6;9;10;12;15;16;19
"19537";3;4;6;9;10;12;15;16;19
"19538";3;4;6;9;10;12;15;16;19
"19539";3;4;6;9;10;12;15;16;19
"19540";3;4;6;9;10;12;15;16;19
"19541";3;4;6;9;10;12;15;16;19
"19542";3;4;6;9;10;12;15;16;19
"19543";3;4;6;9;10;12;15;16;19
"19544";3;4;6;9;10;12;15;16;19
"19545";3;4;6;9;10;12;15;16;19
"19546";3;4;6;9;10;12;15;16;19
"19547";3;4;6;9;10;12;15;16;19
"19548";3;4;6;9;10;12;15;16;19
"19549";3;4;6;9;10;12;15;16;19
"19550";3;4;6;9;10;12;15;16;19
"19551";3;4;6;9;10;12;15;16;19
"19552";3;4;6;9;10;12;15;16;19
"19553";3;4;6;9;10;12;15;16;19
"19554";3;5;5;5;5;5;5;5;5
"19555";3;4;6;9;10;12;15;16;19
"19556";3;4;6;9;10;12;15;16;19
"19557";3;5;5;5;5;5;5;5;5
"19558";3;4;6;9;10;12;15;16;19
"19559";3;4;6;9;10;12;15;16;19
"19560";3;4;6;9;10;12;15;16;19
"19561";3;4;6;9;10;12;15;16;19
"19562";3;4;6;9;10;12;15;16;19
"19563";3;4;6;9;10;12;15;16;19
"19564";3;4;6;9;10;12;15;16;19
"19565";3;4;6;9;10;12;15;16;19
"19566";3;4;6;9;10;12;15;16;19
"19567";3;4;6;9;10;12;15;16;19
"19568";3;4;6;9;10;12;15;16;19
"19569";3;4;6;9;10;12;15;16;19
"19570";3;4;6;9;10;12;15;16;19
"19571";3;4;6;9;10;12;15;16;19
"19572";3;4;6;9;10;12;15;16;19
"19573";3;4;6;9;10;12;15;16;19
"19574";3;4;6;9;10;12;15;16;19
"19575";3;4;6;9;10;12;15;16;19
"19576";3;4;7;7;7;7;7;7;7
"19577";3;4;7;7;7;7;7;7;7
"19578";3;4;6;9;10;12;15;16;19
"19579";3;4;6;9;10;12;15;16;19
"19580";3;4;6;9;10;12;15;16;19
"19581";3;4;6;9;10;12;15;16;19
"19582";3;4;6;9;10;12;15;16;19
"19583";3;4;6;9;10;12;15;16;19
"19584";3;4;6;9;10;12;15;16;19
"19585";3;4;7;7;7;7;7;7;7
"19586";3;4;6;9;10;12;15;16;19
"19587";3;4;6;9;10;12;15;16;19
"19588";3;4;6;9;10;12;15;16;19
"19589";3;4;6;9;10;12;15;16;19
"19590";3;4;6;9;10;12;15;16;19
"19591";3;4;6;9;10;12;15;16;19
"19592";3;4;7;7;7;7;7;7;7
"19593";3;4;7;7;7;7;7;7;7
"19594";3;4;7;7;7;7;7;7;7
"19595";3;4;7;7;7;7;7;7;7
"19596";3;4;7;7;7;7;7;7;7
"19597";3;4;6;9;10;12;15;16;19
"19598";3;4;6;9;10;12;15;16;19
"19599";3;4;6;9;10;12;15;16;19
"19600";3;4;6;9;10;12;15;16;19
"19601";3;4;6;9;10;12;15;16;19
"19602";3;4;6;9;10;12;15;16;19
"19603";3;4;6;9;10;12;15;16;19
"19604";3;4;6;9;10;12;15;16;19
"19605";3;4;6;9;10;12;15;16;19
"19606";3;4;6;9;10;12;15;16;19
"19607";3;4;6;9;10;12;15;16;19
"19608";3;4;6;9;10;12;15;16;19
"19609";3;4;6;9;10;12;15;16;19
"19610";3;4;6;9;10;12;15;16;19
"19611";3;4;6;9;10;12;15;16;19
"19612";3;4;7;7;7;7;7;7;7
"19613";3;4;6;9;10;12;15;16;19
"19614";3;4;6;9;10;12;15;16;19
"19615";3;4;6;9;10;12;15;16;19
"19616";3;4;6;9;10;12;15;16;19
"19617";3;4;6;9;10;12;15;16;19
"19618";3;4;6;9;10;12;15;16;19
"19619";3;4;6;9;10;12;15;16;19
"19620";3;4;6;9;10;12;15;16;19
"19621";3;4;6;9;10;12;15;16;19
"19622";3;4;6;9;10;12;15;16;19
"19623";3;4;6;8;8;8;8;8;8
"19624";3;4;6;9;10;12;15;16;19
"19625";3;4;6;9;10;12;15;16;19
"19626";3;4;7;7;7;7;7;7;7
"19627";3;4;6;9;10;12;15;16;19
"19628";3;4;6;9;10;12;15;16;19
"19629";3;4;6;9;10;12;15;16;19
"19630";3;4;6;9;10;12;15;16;19
"19631";3;4;6;9;10;12;15;16;19
"19632";3;4;7;7;7;7;7;7;7
"19633";3;4;7;7;7;7;7;7;7
"19634";3;4;6;9;10;12;15;16;19
"19635";3;4;6;9;10;12;15;16;19
"19636";3;4;6;9;10;12;15;16;19
"19637";3;4;7;7;7;7;7;7;7
"19638";3;4;6;9;10;12;15;16;19
"19639";3;4;6;9;10;12;15;16;19
"19640";3;4;6;9;10;12;15;16;19
"19641";3;4;6;9;10;12;15;16;19
"19642";3;4;6;9;10;12;15;16;19
"19643";3;4;6;9;10;12;15;16;19
"19644";3;4;6;9;10;12;15;16;19
"19645";3;4;6;9;10;12;15;16;19
"19646";3;4;6;9;10;12;15;16;19
"19647";3;4;6;9;10;12;15;16;19
"19648";3;4;7;7;7;7;7;7;7
"19649";3;4;7;7;7;7;7;7;7
"19650";3;4;6;8;8;8;8;8;8
"19651";3;4;7;7;7;7;7;7;7
"19652";3;4;6;8;8;8;8;8;8
"19653";3;4;6;8;8;8;8;8;8
"19654";3;4;6;8;8;8;8;8;8
"19655";3;4;7;7;7;7;7;7;7
"19656";3;4;6;9;10;12;15;16;19
"19657";3;4;6;9;10;12;15;16;19
"19658";3;4;6;9;10;12;15;16;19
"19659";3;4;7;7;7;7;7;7;7
"19660";3;4;6;9;10;12;15;16;19
"19661";3;4;6;9;10;12;15;16;19
"19662";3;4;6;9;10;12;15;16;19
"19663";3;4;6;9;10;12;15;16;19
"19664";3;4;6;9;10;12;15;16;19
"19665";3;4;6;9;10;12;15;16;19
"19666";3;4;6;9;10;12;15;16;19
"19667";3;4;6;9;10;12;15;16;19
"19668";3;4;6;9;10;12;15;16;19
"19669";3;4;6;9;10;12;15;16;19
"19670";3;4;6;9;10;12;15;16;19
"19671";3;4;6;9;10;12;15;16;19
"19672";3;4;6;9;10;12;15;16;19
"19673";3;4;6;9;10;13;13;13;13
"19674";3;4;6;9;10;12;15;16;19
"19675";3;4;6;9;10;12;15;16;19
"19676";3;4;6;9;10;12;15;16;19
"19677";3;4;6;9;10;12;15;16;19
"19678";3;4;6;9;10;12;15;16;19
"19679";3;4;6;9;10;12;15;16;19
"19680";3;4;6;9;10;12;15;16;19
"19681";3;4;6;9;10;12;15;16;19
"19682";3;4;6;9;10;12;15;16;19
"19683";3;4;6;9;10;12;15;16;19
"19684";3;4;7;7;7;7;7;7;7
"19685";3;4;6;9;10;12;15;16;19
"19686";3;4;6;9;10;12;15;16;19
"19687";3;4;6;9;10;12;15;16;19
"19688";3;4;6;9;10;12;15;16;19
"19689";3;4;6;9;10;12;15;16;19
"19690";3;4;6;9;10;12;15;16;19
"19691";3;4;6;9;10;12;15;16;19
"19692";3;5;5;5;5;5;5;5;5
"19693";3;4;6;9;10;12;15;16;19
"19694";3;4;6;9;10;12;15;16;19
"19695";3;4;6;9;10;12;15;16;19
"19696";3;4;6;9;10;12;15;16;19
"19697";3;4;6;9;10;12;15;16;19
"19698";3;4;6;9;10;12;15;16;19
"19699";3;4;6;9;10;12;15;16;19
"19700";3;4;6;9;10;12;15;16;19
"19701";3;5;5;5;5;5;5;5;5
"19702";3;4;6;9;10;12;15;16;19
"19703";3;4;6;9;10;12;15;16;19
"19704";3;4;6;9;10;12;15;16;19
"19705";3;4;6;9;10;12;15;16;19
"19706";3;4;6;9;10;12;15;16;19
"19707";3;4;6;9;10;12;15;16;19
"19708";3;4;6;9;10;12;15;16;19
"19709";3;4;6;9;10;12;15;16;19
"19710";3;4;6;9;10;12;15;16;19
"19711";3;4;6;9;10;12;15;16;19
"19712";3;4;6;9;10;12;15;16;19
"19713";3;4;6;9;10;12;15;16;19
"19714";3;4;6;9;10;12;15;16;19
"19715";3;4;6;9;10;12;15;16;19
"19716";3;4;6;9;10;12;15;16;19
"19717";3;4;6;9;10;12;15;16;19
"19718";3;4;6;9;10;13;13;13;13
"19719";3;4;6;9;10;12;15;16;19
"19720";3;4;6;9;10;12;15;16;19
"19721";3;4;6;9;10;12;15;16;19
"19722";3;4;6;9;10;12;15;16;19
"19723";3;4;6;9;10;12;15;16;19
"19724";3;4;6;9;10;12;15;16;19
"19725";3;4;6;9;10;12;15;16;19
"19726";3;4;6;9;10;12;15;16;19
"19727";3;4;6;9;10;12;15;16;19
"19728";3;4;6;9;10;12;15;16;19
"19729";3;4;6;9;10;12;15;16;19
"19730";3;4;6;9;10;12;15;16;19
"19731";3;4;6;9;10;12;15;16;19
"19732";3;4;6;9;10;12;15;16;19
"19733";3;4;6;9;10;12;15;16;19
"19734";3;4;6;9;10;12;15;16;19
"19735";3;4;6;9;10;12;15;16;19
"19736";3;4;6;9;10;12;15;16;19
"19737";3;4;6;9;10;12;15;16;19
"19738";3;4;6;8;8;8;8;8;8
"19739";3;4;7;7;7;7;7;7;7
"19740";3;4;6;8;8;8;8;8;8
"19741";3;4;6;9;10;12;15;16;19
"19742";3;4;6;9;10;12;15;16;19
"19743";3;4;7;7;7;7;7;7;7
"19744";3;4;7;7;7;7;7;7;7
"19745";3;4;6;8;8;8;8;8;8
"19746";3;4;6;9;10;12;15;16;19
"19747";3;4;6;9;10;12;15;16;19
"19748";3;4;6;9;10;12;15;16;19
"19749";3;4;7;7;7;7;7;7;7
"19750";3;4;6;9;10;12;15;16;19
"19751";3;4;6;9;10;12;15;16;19
"19752";3;4;6;9;10;12;15;16;19
"19753";3;4;6;9;10;12;15;16;19
"19754";3;4;6;9;10;12;15;16;19
"19755";3;4;6;8;8;8;8;8;8
"19756";3;4;6;9;10;12;15;16;19
"19757";3;4;6;9;10;12;15;16;19
"19758";3;4;6;9;10;12;15;16;19
"19759";3;4;6;9;10;12;15;16;19
"19760";3;4;6;9;10;12;15;16;19
"19761";3;4;6;9;10;12;15;16;19
"19762";3;4;6;9;10;12;15;16;19
"19763";3;4;6;9;10;12;15;16;19
"19764";3;4;6;9;10;12;15;16;19
"19765";3;4;6;9;10;12;15;16;19
"19766";3;4;6;9;10;12;15;16;19
"19767";3;4;6;9;10;12;15;16;19
"19768";3;4;6;9;10;12;15;16;19
"19769";3;4;6;9;10;13;13;13;13
"19770";3;4;6;9;10;12;15;16;19
"19771";3;4;6;8;8;8;8;8;8
"19772";3;4;6;8;8;8;8;8;8
"19773";3;4;6;9;10;12;15;16;19
"19774";3;4;6;9;10;12;15;16;19
"19775";3;4;7;7;7;7;7;7;7
"19776";3;4;6;8;8;8;8;8;8
"19777";3;4;6;9;10;13;13;13;13
"19778";3;4;6;9;10;12;15;16;19
"19779";3;4;6;8;8;8;8;8;8
"19780";3;4;6;8;8;8;8;8;8
"19781";3;4;6;9;10;12;15;16;19
"19782";3;4;6;8;8;8;8;8;8
"19783";3;4;6;8;8;8;8;8;8
"19784";3;4;6;9;10;12;15;16;19
"19785";3;4;6;8;8;8;8;8;8
"19786";3;4;7;7;7;7;7;7;7
"19787";3;4;6;9;10;12;15;16;19
"19788";3;4;6;9;10;12;15;16;19
"19789";3;4;6;9;10;12;15;16;19
"19790";3;4;7;7;7;7;7;7;7
"19791";3;4;6;9;10;12;15;16;19
"19792";3;4;6;9;10;12;15;16;19
"19793";3;4;6;9;10;12;15;16;19
"19794";3;4;6;9;10;12;15;16;19
"19795";3;4;6;9;10;12;15;16;19
"19796";3;4;6;9;10;12;15;16;19
"19797";3;4;7;7;7;7;7;7;7
"19798";3;4;7;7;7;7;7;7;7
"19799";3;4;7;7;7;7;7;7;7
"19800";3;4;6;9;10;12;15;16;19
"19801";3;4;6;9;10;12;15;16;19
"19802";3;4;6;9;10;12;15;16;19
"19803";3;4;6;9;10;12;15;16;19
"19804";3;4;6;9;10;12;15;16;19
"19805";3;4;6;9;10;12;15;16;19
"19806";3;4;6;9;10;12;15;16;19
"19807";3;4;6;9;10;12;15;16;19
"19808";3;4;6;9;10;12;15;16;19
"19809";3;4;6;9;10;12;15;16;19
"19810";3;4;7;7;7;7;7;7;7
"19811";3;4;6;9;10;12;15;16;19
"19812";3;4;6;9;10;12;15;16;19
"19813";3;4;6;9;10;12;15;16;19
"19814";3;4;6;9;10;12;15;16;19
"19815";3;4;6;9;10;12;15;16;19
"19816";3;4;6;9;10;12;15;16;19
"19817";3;5;5;5;5;5;5;5;5
"19818";3;4;6;9;10;12;15;16;19
"19819";3;4;6;9;10;12;15;16;19
"19820";3;4;6;9;10;12;15;16;19
"19821";3;4;6;9;10;12;15;16;19
"19822";3;4;7;7;7;7;7;7;7
"19823";3;4;6;9;10;12;15;16;19
"19824";3;4;7;7;7;7;7;7;7
"19825";3;4;7;7;7;7;7;7;7
"19826";3;4;6;9;10;12;15;16;19
"19827";3;4;7;7;7;7;7;7;7
"19828";3;4;6;9;10;12;15;16;19
"19829";3;4;6;9;10;12;15;16;19
"19830";3;4;7;7;7;7;7;7;7
"19831";3;4;6;9;10;12;15;16;19
"19832";3;4;6;9;10;12;15;16;19
"19833";3;4;6;8;8;8;8;8;8
"19834";3;4;6;9;10;12;15;16;19
"19835";3;4;6;9;10;12;15;16;19
"19836";3;4;6;9;10;12;15;16;19
"19837";3;4;6;9;10;12;15;16;19
"19838";3;4;7;7;7;7;7;7;7
"19839";3;4;6;9;10;12;15;16;19
"19840";3;4;6;9;10;12;15;16;19
"19841";3;4;7;7;7;7;7;7;7
"19842";3;4;6;9;10;12;15;16;19
"19843";3;4;6;9;10;12;15;16;19
"19844";3;4;6;8;8;8;8;8;8
"19845";3;4;6;8;8;8;8;8;8
"19846";3;4;7;7;7;7;7;7;7
"19847";3;4;6;9;10;12;15;16;19
"19848";3;4;6;9;10;12;15;16;19
"19849";3;4;6;9;10;12;15;16;19
"19850";3;4;6;9;10;12;15;16;19
"19851";3;4;6;9;10;12;15;16;19
"19852";3;4;6;9;10;12;15;16;19
"19853";3;4;7;7;7;7;7;7;7
"19854";3;4;6;9;10;12;15;16;19
"19855";3;4;6;9;10;12;15;16;19
"19856";3;4;7;7;7;7;7;7;7
"19857";3;4;6;9;10;12;15;16;19
"19858";3;4;6;9;10;12;15;16;19
"19859";3;4;6;9;10;12;15;16;19
"19860";3;4;6;9;10;12;15;16;19
"19861";3;4;7;7;7;7;7;7;7
"19862";3;4;7;7;7;7;7;7;7
"19863";3;4;6;9;10;12;15;16;19
"19864";3;4;6;9;10;12;15;16;19
"19865";3;4;7;7;7;7;7;7;7
"19866";3;4;6;9;10;12;15;16;19
"19867";3;4;6;9;10;12;15;16;19
"19868";3;4;6;9;10;12;15;16;19
"19869";3;4;6;9;10;12;15;16;19
"19870";3;4;7;7;7;7;7;7;7
"19871";3;4;6;9;10;12;15;16;19
"19872";3;4;6;9;10;12;15;16;19
"19873";3;4;6;9;10;12;15;16;19
"19874";3;4;6;9;10;12;15;16;19
"19875";3;4;6;9;10;12;15;16;19
"19876";3;4;6;9;10;12;15;16;19
"19877";3;4;6;9;10;12;15;16;19
"19878";3;4;7;7;7;7;7;7;7
"19879";3;4;6;9;10;12;15;16;19
"19880";3;4;7;7;7;7;7;7;7
"19881";3;4;6;9;10;12;15;16;19
"19882";3;4;6;9;10;12;15;16;19
"19883";3;4;6;9;10;12;15;16;19
"19884";3;4;7;7;7;7;7;7;7
"19885";3;4;7;7;7;7;7;7;7
"19886";3;4;7;7;7;7;7;7;7
"19887";3;4;7;7;7;7;7;7;7
"19888";3;4;7;7;7;7;7;7;7
"19889";3;4;6;9;10;12;15;16;19
"19890";3;4;6;9;10;12;15;16;19
"19891";3;4;6;9;10;12;15;16;19
"19892";3;4;6;9;10;12;15;16;19
"19893";3;4;7;7;7;7;7;7;7
"19894";3;4;7;7;7;7;7;7;7
"19895";3;4;6;9;10;12;15;16;19
"19896";3;4;6;9;10;12;15;16;19
"19897";3;4;7;7;7;7;7;7;7
"19898";3;4;7;7;7;7;7;7;7
"19899";3;4;7;7;7;7;7;7;7
"19900";3;4;7;7;7;7;7;7;7
"19901";3;4;6;9;10;12;15;16;19
"19902";3;4;6;9;10;12;15;16;19
"19903";3;4;6;9;10;12;15;16;19
"19904";3;4;6;9;10;12;15;16;19
"19905";3;4;6;9;10;12;15;16;19
"19906";3;4;6;9;10;12;15;16;19
"19907";3;4;6;9;10;12;15;16;19
"19908";3;4;6;9;10;12;15;16;19
"19909";3;4;6;9;10;12;15;16;19
"19910";3;4;6;9;10;12;15;16;19
"19911";3;4;6;9;10;12;15;16;19
"19912";3;4;6;9;10;12;15;16;19
"19913";3;4;6;9;10;12;15;16;19
"19914";3;4;6;9;10;12;15;16;19
"19915";3;4;6;9;10;12;15;16;19
"19916";3;4;6;9;10;12;15;16;19
"19917";3;4;6;9;10;12;15;16;19
"19918";3;4;6;9;10;12;15;16;19
"19919";3;4;6;9;10;12;15;16;19
"19920";3;4;6;9;10;13;13;13;13
"19921";3;4;6;9;10;13;13;13;13
"19922";3;4;6;9;10;12;15;16;19
"19923";3;4;6;9;10;13;13;13;13
"19924";3;4;7;7;7;7;7;7;7
"19925";3;4;6;9;10;12;15;16;19
"19926";3;4;6;9;10;13;13;13;13
"19927";3;4;6;9;10;12;15;16;19
"19928";3;4;6;9;10;12;15;16;19
"19929";3;4;6;9;10;12;15;16;19
"19930";3;4;6;9;10;12;15;16;19
"19931";3;4;6;9;10;12;15;16;19
"19932";3;4;6;9;10;13;13;13;13
"19933";3;4;7;7;7;7;7;7;7
"19934";3;4;6;9;10;12;15;16;19
"19935";3;4;6;9;10;12;15;16;19
"19936";3;4;6;9;10;12;15;16;19
"19937";3;4;6;9;10;12;15;16;19
"19938";3;4;6;9;10;12;15;16;19
"19939";3;4;6;9;10;12;15;16;19
"19940";3;4;6;9;10;12;15;16;19
"19941";3;4;6;9;10;12;15;16;19
"19942";3;4;6;9;10;12;15;16;19
"19943";3;4;6;9;10;13;13;13;13
"19944";3;4;6;9;10;13;13;13;13
"19945";3;4;6;9;10;13;13;13;13
"19946";3;4;6;9;10;13;13;13;13
"19947";3;4;6;9;10;13;13;13;13
"19948";3;4;6;9;10;12;15;16;19
"19949";3;4;6;9;10;12;15;16;19
"19950";3;4;6;9;10;13;13;13;13
"19951";3;4;6;9;10;12;15;16;19
"19952";3;4;6;9;10;12;15;16;19
"19953";3;4;6;9;10;13;13;13;13
"19954";3;4;6;9;10;12;15;16;19
"19955";3;4;6;9;10;12;15;16;19
"19956";3;4;6;9;10;12;15;16;19
"19957";3;4;6;9;10;12;15;16;18
"19958";3;4;6;9;10;12;15;16;19
"19959";3;4;6;9;10;12;15;16;19
"19960";3;4;6;9;10;12;15;16;19
"19961";3;4;6;9;10;12;15;16;19
"19962";3;4;7;7;7;7;7;7;7
"19963";3;4;6;9;10;13;13;13;13
"19964";3;4;6;9;10;12;15;16;19
"19965";3;4;6;9;10;13;13;13;13
"19966";3;4;6;9;10;12;15;16;19
"19967";3;4;6;9;10;13;13;13;13
"19968";3;4;7;7;7;7;7;7;7
"19969";3;4;6;9;10;12;15;16;19
"19970";3;4;6;9;10;12;15;16;19
"19971";3;4;6;9;10;13;13;13;13
"19972";3;4;6;9;10;13;13;13;13
"19973";3;4;6;8;8;8;8;8;8
"19974";3;4;6;8;8;8;8;8;8
"19975";3;4;6;9;10;13;13;13;13
"19976";3;4;6;9;10;12;15;16;19
"19977";3;4;6;9;10;12;15;16;19
"19978";3;4;6;9;10;13;13;13;13
"19979";3;4;6;9;10;12;15;16;19
"19980";3;4;6;9;10;12;15;16;19
"19981";3;4;6;9;10;13;13;13;13
"19982";3;4;6;9;10;13;13;13;13
"19983";3;4;6;9;10;12;15;16;19
"19984";3;4;6;9;10;12;15;16;19
"19985";3;4;6;9;10;12;15;16;19
"19986";3;4;6;9;10;12;15;16;19
"19987";3;4;6;9;10;12;15;16;19
"19988";3;4;6;9;10;12;15;16;19
"19989";3;4;6;9;10;12;15;16;19
"19990";3;4;6;9;10;12;15;16;19
"19991";3;4;6;9;10;12;15;16;19
"19992";3;4;6;9;10;13;13;13;13
"19993";3;4;6;9;10;12;15;16;19
"19994";3;4;6;9;10;12;15;16;19
"19995";3;4;6;9;10;12;15;16;19
"19996";3;4;6;8;8;8;8;8;8
"19997";3;4;6;8;8;8;8;8;8
"19998";3;4;6;9;10;12;15;16;19
"19999";3;5;5;5;5;5;5;5;5
"20000";3;4;6;8;8;8;8;8;8
"20001";3;4;6;8;8;8;8;8;8
"20002";3;4;6;8;8;8;8;8;8
"20003";3;4;6;9;10;12;15;16;19
"20004";3;4;6;9;10;12;15;16;19
"20005";3;4;6;9;10;12;15;16;19
"20006";3;4;6;9;10;12;15;16;19
"20007";3;4;6;8;8;8;8;8;8
"20008";3;4;6;9;10;12;15;16;19
"20009";3;4;6;9;10;12;15;16;19
"20010";3;4;6;9;10;12;15;16;19
"20011";3;4;6;9;10;12;15;16;19
"20012";3;4;6;9;10;12;15;16;19
"20013";3;4;6;8;8;8;8;8;8
"20014";3;4;6;8;8;8;8;8;8
"20015";3;4;6;9;10;12;15;16;19
"20016";3;4;6;8;8;8;8;8;8
"20017";3;4;6;9;10;12;15;16;19
"20018";3;4;6;9;10;12;15;16;19
"20019";3;4;6;9;10;12;15;16;19
"20020";3;4;6;9;10;12;15;16;19
"20021";3;4;6;9;10;12;15;16;19
"20022";3;4;6;9;10;12;15;16;19
"20023";3;4;6;9;10;12;15;16;19
"20024";3;4;6;9;10;12;15;16;19
"20025";3;4;6;9;10;12;15;16;19
"20026";3;4;6;9;10;12;15;16;19
"20027";3;4;6;9;10;12;15;16;19
"20028";3;4;6;8;8;8;8;8;8
"20029";3;4;6;9;10;12;15;16;19
"20030";3;4;6;9;10;12;15;16;19
"20031";3;4;6;9;10;12;15;16;19
"20032";3;4;6;9;10;12;15;16;19
"20033";3;4;6;9;10;12;15;16;19
"20034";3;4;6;9;10;12;15;16;19
"20035";3;4;6;9;10;12;15;16;19
"20036";3;4;6;9;10;12;15;16;19
"20037";3;4;6;9;10;12;15;16;19
"20038";3;4;6;8;8;8;8;8;8
"20039";3;4;6;9;10;12;15;16;19
"20040";3;4;6;9;10;12;15;16;19
"20041";3;4;6;9;10;12;15;16;19
"20042";3;4;6;9;10;13;13;13;13
"20043";3;4;6;9;10;12;15;16;19
"20044";3;4;6;9;10;12;15;16;19
"20045";3;4;6;9;10;12;15;16;19
"20046";3;4;6;9;10;12;15;16;19
"20047";3;4;6;9;10;12;15;16;19
"20048";3;4;6;8;8;8;8;8;8
"20049";3;4;6;9;10;12;15;16;19
"20050";3;4;6;9;10;12;15;16;19
"20051";3;4;6;8;8;8;8;8;8
"20052";3;4;6;9;10;12;15;16;19
"20053";3;4;6;8;8;8;8;8;8
"20054";3;4;6;9;10;12;15;16;19
"20055";3;4;6;9;10;12;15;16;19
"20056";3;4;6;9;10;12;15;16;19
"20057";3;4;6;9;10;12;15;16;19
"20058";3;4;7;7;7;7;7;7;7
"20059";3;4;7;7;7;7;7;7;7
"20060";3;4;6;8;8;8;8;8;8
"20061";3;4;6;9;10;12;15;16;19
"20062";3;4;6;9;10;12;15;16;19
"20063";3;4;6;8;8;8;8;8;8
"20064";3;4;6;9;10;12;15;16;19
"20065";3;4;6;9;10;12;15;16;19
"20066";3;4;6;9;10;12;15;16;19
"20067";3;4;6;9;10;12;15;16;19
"20068";3;4;6;9;10;13;13;13;13
"20069";3;4;6;9;10;12;15;16;19
"20070";3;4;7;7;7;7;7;7;7
"20071";3;4;6;9;10;12;15;16;19
"20072";3;4;6;9;10;12;15;16;19
"20073";3;4;6;9;10;12;15;16;19
"20074";3;4;6;9;10;12;15;16;19
"20075";3;4;6;9;10;12;15;16;19
"20076";3;4;6;9;10;12;15;16;19
"20077";3;4;6;9;10;12;15;16;19
"20078";3;4;6;9;10;12;15;16;19
"20079";3;4;6;9;10;12;15;16;19
"20080";3;4;6;9;10;12;15;16;19
"20081";3;4;6;9;10;12;15;16;19
"20082";3;4;6;9;10;12;15;16;19
"20083";3;4;7;7;7;7;7;7;7
"20084";3;4;6;9;10;12;15;16;19
"20085";3;4;6;9;10;12;15;16;19
"20086";3;4;6;9;10;12;15;16;19
"20087";3;4;6;9;10;13;13;13;13
"20088";3;4;6;9;10;12;15;16;19
"20089";3;4;6;9;10;12;15;16;19
"20090";3;4;6;9;10;12;15;16;19
"20091";3;4;7;7;7;7;7;7;7
"20092";3;4;7;7;7;7;7;7;7
"20093";3;4;6;9;10;12;15;16;19
"20094";3;4;6;9;10;12;15;16;19
"20095";3;4;6;9;10;12;15;16;19
"20096";3;4;7;7;7;7;7;7;7
"20097";3;4;7;7;7;7;7;7;7
"20098";3;4;6;9;10;12;15;16;19
"20099";3;4;7;7;7;7;7;7;7
"20100";3;4;6;9;10;12;15;16;19
"20101";3;4;6;9;10;12;15;16;19
"20102";3;4;6;9;10;12;15;16;19
"20103";3;4;6;9;10;12;15;16;19
"20104";3;4;6;9;10;12;15;16;19
"20105";3;4;6;9;10;12;15;16;19
"20106";3;4;7;7;7;7;7;7;7
"20107";3;4;6;9;10;12;15;16;19
"20108";3;4;7;7;7;7;7;7;7
"20109";3;4;6;9;10;12;15;16;19
"20110";3;4;6;9;10;12;15;16;19
"20111";3;4;7;7;7;7;7;7;7
"20112";3;4;7;7;7;7;7;7;7
"20113";3;4;6;9;10;12;15;16;19
"20114";3;4;7;7;7;7;7;7;7
"20115";3;4;7;7;7;7;7;7;7
"20116";3;4;6;9;10;12;15;16;19
"20117";3;4;6;9;10;12;15;16;19
"20118";3;4;6;9;10;12;15;16;19
"20119";3;4;6;9;10;12;15;16;19
"20120";3;4;6;9;10;13;13;13;13
"20121";3;4;7;7;7;7;7;7;7
"20122";3;4;6;9;10;12;15;16;19
"20123";3;4;6;9;10;12;15;16;19
"20124";3;4;6;9;10;12;15;16;19
"20125";3;4;7;7;7;7;7;7;7
"20126";3;4;6;9;10;12;15;16;19
"20127";3;4;6;9;10;12;15;16;19
"20128";3;4;6;9;10;12;15;16;19
"20129";3;4;6;9;10;12;15;16;19
"20130";3;4;6;9;10;12;15;16;19
"20131";3;4;6;9;10;12;15;16;19
"20132";3;4;7;7;7;7;7;7;7
"20133";3;4;7;7;7;7;7;7;7
"20134";3;4;6;9;10;12;15;16;19
"20135";3;4;7;7;7;7;7;7;7
"20136";3;4;7;7;7;7;7;7;7
"20137";3;4;6;9;10;12;15;16;19
"20138";3;4;6;9;10;12;15;16;19
"20139";3;4;6;9;10;12;15;16;19
"20140";3;4;6;9;10;12;15;16;19
"20141";3;4;6;9;10;12;15;16;19
"20142";3;4;6;9;10;12;15;16;19
"20143";3;4;6;9;10;12;15;16;19
"20144";3;4;6;9;10;13;13;13;13
"20145";3;4;6;9;10;12;15;16;19
"20146";3;4;7;7;7;7;7;7;7
"20147";3;4;7;7;7;7;7;7;7
"20148";3;4;6;9;10;12;15;16;19
"20149";3;4;6;9;10;12;15;16;19
"20150";3;4;7;7;7;7;7;7;7
"20151";3;4;6;9;10;13;13;13;13
"20152";3;4;6;9;10;12;15;16;19
"20153";3;4;6;9;10;12;15;16;19
"20154";3;4;6;9;10;12;15;16;19
"20155";3;4;6;9;10;12;15;16;19
"20156";3;4;6;9;10;12;15;16;19
"20157";3;4;6;9;10;12;15;16;19
"20158";3;4;7;7;7;7;7;7;7
"20159";3;4;6;9;10;12;15;16;19
"20160";3;4;6;9;10;13;13;13;13
"20161";3;5;5;5;5;5;5;5;5
"20162";3;5;5;5;5;5;5;5;5
"20163";3;4;6;9;10;12;15;16;19
"20164";3;4;6;9;10;13;13;13;13
"20165";3;4;6;9;10;13;13;13;13
"20166";3;4;6;9;10;13;13;13;13
"20167";3;4;6;9;10;12;15;16;19
"20168";3;4;6;9;10;12;15;16;19
"20169";3;4;6;9;10;12;15;16;19
"20170";3;4;6;9;10;12;15;16;19
"20171";3;4;7;7;7;7;7;7;7
"20172";3;4;6;9;10;12;15;16;19
"20173";3;4;6;9;10;12;15;16;19
"20174";3;4;6;9;10;12;15;16;19
"20175";3;4;6;9;10;12;15;16;19
"20176";3;4;6;9;10;12;15;16;19
"20177";3;4;6;9;10;12;15;16;19
"20178";3;4;6;9;10;12;15;16;19
"20179";3;4;6;9;10;12;15;16;19
"20180";3;4;6;9;10;12;15;16;19
"20181";3;4;6;9;10;12;15;16;19
"20182";3;4;6;9;10;12;15;16;19
"20183";3;4;6;9;10;12;15;16;19
"20184";3;4;6;9;10;12;15;16;19
"20185";3;4;6;9;10;12;15;16;19
"20186";3;4;6;9;10;12;15;16;19
"20187";3;4;6;9;10;12;15;16;19
"20188";3;4;6;9;10;13;13;13;13
"20189";3;4;6;9;10;12;15;16;19
"20190";3;4;6;9;10;12;15;16;19
"20191";3;4;6;9;10;12;15;16;19
"20192";3;4;6;9;10;12;15;16;19
"20193";3;4;6;9;10;12;15;16;19
"20194";3;4;6;9;10;12;15;16;19
"20195";3;4;6;9;10;12;15;16;19
"20196";3;4;6;9;10;12;15;16;19
"20197";3;4;6;9;10;12;15;16;19
"20198";3;4;6;9;10;12;15;16;19
"20199";3;4;6;9;10;12;15;16;19
"20200";3;4;6;9;10;12;15;16;18
"20201";3;4;6;9;10;12;15;16;19
"20202";3;4;6;9;10;12;15;16;19
"20203";3;5;5;5;5;5;5;5;5
"20204";3;4;6;9;10;12;15;16;18
"20205";3;4;6;9;10;12;15;16;19
"20206";3;4;6;9;10;12;15;16;19
"20207";3;4;6;9;10;12;15;16;19
"20208";3;4;6;9;10;12;15;16;19
"20209";3;4;6;9;10;12;15;16;19
"20210";3;4;6;9;10;12;15;16;19
"20211";3;4;6;9;10;12;15;16;19
"20212";3;4;6;9;10;12;15;16;19
"20213";3;4;6;9;10;12;15;16;19
"20214";3;4;6;9;10;12;15;16;19
"20215";3;4;6;9;10;12;15;16;19
"20216";3;4;6;9;10;12;15;16;19
"20217";3;4;6;9;10;12;15;16;19
"20218";3;4;6;9;10;12;15;16;19
"20219";3;4;6;9;10;12;15;16;19
"20220";3;4;6;8;8;8;8;8;8
"20221";3;4;6;9;10;12;15;16;19
"20222";3;4;6;9;10;12;15;16;19
"20223";3;4;6;9;10;12;15;16;19
"20224";3;4;6;9;10;12;15;16;19
"20225";3;4;6;9;10;12;15;16;19
"20226";3;4;6;9;10;12;15;16;19
"20227";3;4;6;9;10;12;15;16;19
"20228";3;4;6;9;10;12;15;16;19
"20229";3;4;6;9;10;12;15;16;19
"20230";3;4;6;9;10;12;15;16;19
"20231";3;4;6;9;10;12;15;16;19
"20232";3;4;6;9;10;12;15;16;19
"20233";3;4;6;9;10;12;15;16;19
"20234";3;4;6;9;10;12;15;16;19
"20235";3;4;6;9;10;12;15;16;19
"20236";3;4;6;9;10;12;15;16;19
"20237";3;4;6;9;10;12;15;16;19
"20238";3;4;6;9;10;12;15;16;19
"20239";3;4;6;9;10;12;15;16;19
"20240";3;4;6;9;10;12;15;16;19
"20241";3;4;6;9;10;12;15;16;19
"20242";3;4;6;9;10;12;15;16;19
"20243";3;4;6;9;10;12;15;16;19
"20244";3;4;6;9;10;12;15;16;19
"20245";3;4;6;9;10;12;15;16;19
"20246";3;4;6;9;10;12;15;16;19
"20247";3;4;6;9;10;12;15;16;19
"20248";3;4;6;9;10;12;15;16;19
"20249";3;4;6;9;10;12;15;16;19
"20250";3;4;6;9;10;12;15;16;19
"20251";3;4;6;9;10;12;15;16;19
"20252";3;4;6;9;10;12;15;16;19
"20253";3;4;6;9;10;12;15;16;19
"20254";3;4;6;9;10;12;15;16;19
"20255";3;4;6;9;10;12;15;16;19
"20256";3;4;6;9;10;12;15;16;19
"20257";3;4;6;9;10;12;15;16;19
"20258";3;4;6;9;10;12;15;16;19
"20259";3;4;6;9;10;12;15;16;19
"20260";3;4;6;8;8;8;8;8;8
"20261";3;4;6;9;10;12;15;16;19
"20262";3;4;6;9;10;12;15;16;19
"20263";3;4;6;9;10;12;15;16;19
"20264";3;4;6;9;10;12;15;16;19
"20265";3;4;6;9;10;12;15;16;19
"20266";3;4;6;9;10;12;15;16;19
"20267";3;4;6;9;10;12;15;16;19
"20268";3;4;6;9;10;12;15;16;19
"20269";3;4;6;9;10;12;15;16;19
"20270";3;4;6;9;10;12;15;16;19
"20271";3;4;6;9;10;12;15;16;18
"20272";3;4;6;9;10;12;15;16;18
"20273";3;4;6;9;10;12;15;16;19
"20274";3;4;6;9;10;12;15;16;18
"20275";3;4;6;9;10;12;15;16;18
"20276";3;4;6;9;10;12;15;16;19
"20277";3;4;6;9;10;12;15;16;18
"20278";3;4;6;9;10;12;15;16;19
"20279";3;4;6;9;10;12;15;16;19
"20280";3;4;6;9;10;12;15;16;19
"20281";3;4;6;9;10;12;15;16;19
"20282";3;4;6;9;10;12;15;16;19
"20283";3;4;6;9;10;12;15;16;18
"20284";3;4;6;9;10;12;15;16;19
"20285";3;4;6;9;10;12;15;16;18
"20286";3;4;6;9;10;12;15;16;19
"20287";3;4;6;9;10;12;15;16;19
"20288";3;4;6;9;10;12;15;16;19
"20289";3;4;6;9;10;12;15;16;19
"20290";3;4;6;9;10;12;15;16;19
"20291";3;4;6;9;10;12;15;16;19
"20292";3;4;6;9;10;12;15;16;19
"20293";3;4;6;9;10;12;15;16;19
"20294";3;4;6;9;10;12;15;16;19
"20295";3;4;6;9;10;12;15;16;19
"20296";3;4;6;9;10;12;15;16;19
"20297";3;4;6;8;8;8;8;8;8
"20298";3;4;6;9;10;12;15;16;19
"20299";3;4;6;9;10;12;15;16;19
"20300";3;4;6;9;10;12;15;16;19
"20301";3;4;6;9;10;12;15;16;19
"20302";3;5;5;5;5;5;5;5;5
"20303";3;4;6;8;8;8;8;8;8
"20304";3;4;6;8;8;8;8;8;8
"20305";3;4;6;9;10;12;15;16;19
"20306";3;4;6;9;10;12;15;16;19
"20307";3;4;6;9;10;12;15;16;19
"20308";3;4;6;8;8;8;8;8;8
"20309";3;4;6;8;8;8;8;8;8
"20310";3;4;6;9;10;12;15;16;19
"20311";3;5;5;5;5;5;5;5;5
"20312";3;5;5;5;5;5;5;5;5
"20313";3;4;6;9;10;12;15;16;19
"20314";3;4;6;9;10;12;15;16;19
"20315";3;4;6;9;10;12;15;16;19
"20316";3;4;6;9;10;12;15;16;19
"20317";3;4;6;9;10;12;15;16;19
"20318";3;4;6;9;10;12;15;16;19
"20319";3;4;6;9;10;12;15;16;19
"20320";2;2;2;2;2;2;2;2;2
"20321";3;4;6;8;8;8;8;8;8
"20322";3;4;6;8;8;8;8;8;8
"20323";3;4;6;9;10;12;15;16;19
"20324";3;4;6;9;10;12;15;16;19
"20325";3;4;6;9;10;12;15;16;19
"20326";3;4;6;8;8;8;8;8;8
"20327";3;4;6;9;10;12;15;16;19
"20328";3;4;6;9;10;12;15;16;19
"20329";3;4;6;9;10;12;15;16;19
"20330";3;4;6;8;8;8;8;8;8
"20331";3;4;6;8;8;8;8;8;8
"20332";3;4;6;9;10;12;15;16;19
"20333";3;4;6;9;10;12;15;16;19
"20334";3;4;7;7;7;7;7;7;7
"20335";3;4;7;7;7;7;7;7;7
"20336";3;4;6;9;10;12;15;16;19
"20337";3;4;6;9;10;12;15;16;19
"20338";3;4;7;7;7;7;7;7;7
"20339";3;4;6;9;10;12;15;16;19
"20340";3;4;6;9;10;12;15;16;19
"20341";3;4;6;9;10;12;15;16;19
"20342";3;4;6;9;10;12;15;16;19
"20343";3;4;6;9;10;13;13;13;13
"20344";3;4;6;9;10;12;15;16;19
"20345";3;4;6;9;10;13;13;13;13
"20346";3;4;6;9;10;12;15;16;19
"20347";3;4;6;9;10;13;13;13;13
"20348";3;4;6;9;10;12;15;16;19
"20349";3;4;6;9;10;12;15;16;19
"20350";3;5;5;5;5;5;5;5;5
"20351";3;4;6;9;10;12;15;16;19
"20352";3;4;6;9;10;12;15;16;19
"20353";3;4;6;9;10;12;15;16;19
"20354";3;4;6;9;10;12;15;16;19
"20355";3;4;6;9;10;12;15;16;18
"20356";3;5;5;5;5;5;5;5;5
"20357";3;4;6;9;10;12;15;16;19
"20358";3;4;6;9;10;12;15;16;19
"20359";3;4;6;9;10;12;15;16;19
"20360";3;5;5;5;5;5;5;5;5
"20361";3;4;6;9;10;12;15;16;19
"20362";3;5;5;5;5;5;5;5;5
"20363";3;4;6;9;10;12;15;16;19
"20364";3;5;5;5;5;5;5;5;5
"20365";3;4;6;9;10;12;15;16;19
"20366";3;5;5;5;5;5;5;5;5
"20367";3;5;5;5;5;5;5;5;5
"20368";3;5;5;5;5;5;5;5;5
"20369";3;4;6;9;10;12;15;16;19
"20370";3;4;6;9;10;12;15;16;19
"20371";3;4;6;9;10;12;15;16;19
"20372";3;4;6;9;10;13;13;13;13
"20373";3;4;6;9;10;12;15;16;19
"20374";3;4;6;9;10;12;15;16;19
"20375";3;4;6;9;10;12;15;16;19
"20376";3;4;6;9;10;12;15;16;19
"20377";3;4;6;9;10;12;15;16;19
"20378";3;4;6;9;10;12;15;16;19
"20379";3;4;7;7;7;7;7;7;7
"20380";3;4;7;7;7;7;7;7;7
"20381";3;4;7;7;7;7;7;7;7
"20382";3;4;6;9;10;12;15;16;19
"20383";3;4;6;9;10;12;15;16;19
"20384";3;4;7;7;7;7;7;7;7
"20385";3;4;6;9;10;12;15;16;19
"20386";3;4;7;7;7;7;7;7;7
"20387";3;4;6;9;10;12;15;16;19
"20388";3;4;6;9;10;12;15;16;19
"20389";3;4;6;9;10;12;15;16;19
"20390";3;4;6;9;10;12;15;16;19
"20391";3;4;6;9;10;12;15;16;19
"20392";3;4;6;9;10;12;15;16;19
"20393";3;4;6;9;10;13;13;13;13
"20394";3;4;6;9;10;12;15;16;19
"20395";3;4;6;9;10;12;15;16;19
"20396";3;4;6;9;10;12;15;16;19
"20397";3;4;6;9;10;12;15;16;19
"20398";3;4;6;9;10;12;15;16;19
"20399";3;4;6;9;10;12;15;16;19
"20400";3;4;7;7;7;7;7;7;7
"20401";3;4;7;7;7;7;7;7;7
"20402";3;4;6;9;10;12;15;16;19
"20403";3;4;7;7;7;7;7;7;7
"20404";3;4;6;8;8;8;8;8;8
"20405";3;4;6;8;8;8;8;8;8
"20406";3;4;6;9;10;12;15;16;19
"20407";3;4;6;9;10;12;15;16;19
"20408";3;4;6;9;10;12;15;16;19
"20409";3;4;7;7;7;7;7;7;7
"20410";3;4;6;9;10;12;15;16;18
"20411";3;5;5;5;5;5;5;5;5
"20412";3;4;6;9;10;12;15;16;18
"20413";3;4;6;8;8;8;8;8;8
"20414";3;4;6;9;10;12;15;16;19
"20415";3;4;6;9;10;12;15;16;19
"20416";3;4;6;9;10;12;15;16;19
"20417";3;4;6;9;10;12;15;16;19
"20418";3;4;6;9;10;12;15;16;19
"20419";3;4;6;9;10;12;15;16;19
"20420";3;4;6;9;10;12;15;16;19
"20421";3;4;6;9;10;12;15;16;19
"20422";3;4;6;9;10;12;15;16;19
"20423";3;4;6;9;10;12;15;16;19
"20424";3;4;7;7;7;7;7;7;7
"20425";3;4;6;9;10;12;15;16;19
"20426";3;4;6;9;10;12;15;16;19
"20427";3;4;6;9;10;12;15;16;19
"20428";3;4;6;8;8;8;8;8;8
"20429";3;4;7;7;7;7;7;7;7
"20430";3;4;6;9;10;12;15;16;19
"20431";3;4;6;9;10;12;15;16;19
"20432";3;4;6;9;10;12;15;16;19
"20433";3;4;7;7;7;7;7;7;7
"20434";3;4;6;9;10;12;15;16;19
"20435";3;4;6;9;10;12;15;16;19
"20436";3;4;6;9;10;12;15;16;19
"20437";3;4;6;9;10;12;15;16;19
"20438";3;4;6;9;10;12;15;16;18
"20439";3;4;6;9;10;12;15;16;19
"20440";3;4;6;9;10;12;15;16;19
"20441";3;4;6;9;10;12;15;16;19
"20442";3;4;6;9;10;12;15;16;19
"20443";3;4;6;9;10;12;15;16;19
"20444";3;4;6;9;10;12;15;16;19
"20445";3;4;6;9;10;12;15;16;19
"20446";3;4;6;9;10;12;15;16;19
"20447";3;4;6;9;10;12;15;16;19
"20448";3;4;6;9;10;12;15;16;19
"20449";3;4;6;9;10;12;15;16;19
"20450";3;4;6;9;10;12;15;16;19
"20451";3;4;6;9;10;12;15;16;19
"20452";3;4;6;9;10;12;15;16;19
"20453";3;4;6;9;10;12;15;16;19
"20454";3;4;6;9;10;12;15;16;19
"20455";3;4;6;9;10;12;15;16;19
"20456";3;4;6;9;10;12;15;16;19
"20457";3;4;6;9;10;12;15;16;19
"20458";3;4;6;9;10;12;15;16;19
"20459";3;4;6;9;10;12;15;16;19
"20460";3;4;6;9;10;12;15;16;19
"20461";3;4;6;9;10;12;15;16;19
"20462";3;4;6;9;10;12;15;16;19
"20463";3;4;6;9;10;12;15;16;19
"20464";3;4;6;9;10;12;15;16;19
"20465";3;4;6;9;10;12;15;16;19
"20466";3;4;6;9;10;12;15;16;19
"20467";3;4;6;9;10;12;15;16;19
"20468";3;4;6;9;10;12;15;16;19
"20469";3;4;6;9;10;12;15;16;19
"20470";3;4;6;8;8;8;8;8;8
"20471";3;4;6;9;10;12;15;16;19
"20472";3;4;6;9;10;12;15;16;19
"20473";3;4;6;9;10;12;15;16;19
"20474";3;4;6;9;10;12;15;16;19
"20475";3;4;6;9;10;12;15;16;19
"20476";3;5;5;5;5;5;5;5;5
"20477";3;4;6;8;8;8;8;8;8
"20478";3;4;6;8;8;8;8;8;8
"20479";3;4;6;9;10;12;15;16;19
"20480";3;4;6;9;10;12;15;16;19
"20481";3;4;6;9;10;12;15;16;19
"20482";3;4;6;9;10;12;15;16;19
"20483";3;4;6;9;10;12;15;16;19
"20484";3;4;6;9;10;12;15;16;19
"20485";3;4;6;9;10;12;15;16;19
"20486";3;4;6;9;10;12;15;16;19
"20487";3;4;6;9;10;12;15;16;19
"20488";3;4;6;9;10;12;15;16;19
"20489";3;4;6;8;8;8;8;8;8
"20490";3;4;6;9;10;12;15;16;19
"20491";3;4;6;9;10;12;15;16;19
"20492";3;4;6;9;10;12;15;16;19
"20493";3;4;6;9;10;12;15;16;19
"20494";3;4;6;9;10;12;15;16;19
"20495";3;4;6;9;10;12;15;16;19
"20496";3;4;6;9;10;12;15;16;19
"20497";3;4;7;7;7;7;7;7;7
"20498";3;4;6;9;10;12;15;16;19
"20499";3;4;6;9;10;12;15;16;19
"20500";3;4;6;9;10;12;15;16;19
"20501";3;5;5;5;5;5;5;5;5
"20502";3;5;5;5;5;5;5;5;5
"20503";3;5;5;5;5;5;5;5;5
"20504";3;5;5;5;5;5;5;5;5
"20505";3;4;6;9;10;12;15;16;19
"20506";3;4;6;9;10;12;15;16;19
"20507";3;4;6;9;10;12;15;16;19
"20508";3;4;7;7;7;7;7;7;7
"20509";3;4;6;9;10;12;15;16;19
"20510";3;5;5;5;5;5;5;5;5
"20511";3;4;6;9;10;12;15;16;19
"20512";3;4;6;8;8;8;8;8;8
"20513";3;4;6;9;10;12;15;16;19
"20514";3;4;6;8;8;8;8;8;8
"20515";3;4;6;9;10;12;15;16;19
"20516";3;4;7;7;7;7;7;7;7
"20517";3;4;6;9;10;12;15;16;19
"20518";3;4;6;9;10;12;15;16;19
"20519";3;4;7;7;7;7;7;7;7
"20520";3;4;6;9;10;12;15;16;19
"20521";3;4;6;9;10;12;15;16;19
"20522";3;4;6;9;10;12;15;16;19
"20523";3;4;7;7;7;7;7;7;7
"20524";3;4;6;9;10;12;15;16;19
"20525";3;4;7;7;7;7;7;7;7
"20526";3;4;6;9;10;12;15;16;19
"20527";3;4;6;9;10;12;15;16;19
"20528";3;4;6;9;10;12;15;16;19
"20529";3;4;6;9;10;12;15;16;19
"20530";3;4;6;9;10;12;15;16;19
"20531";3;4;6;9;10;12;15;16;19
"20532";3;4;6;9;10;12;15;16;19
"20533";3;4;6;9;10;12;15;16;19
"20534";3;4;6;9;10;12;15;16;19
"20535";3;4;6;9;10;12;15;16;19
"20536";3;4;6;9;10;12;15;16;19
"20537";3;4;6;9;10;12;15;16;19
"20538";3;4;6;9;10;12;15;16;19
"20539";3;4;6;9;10;12;15;16;19
"20540";3;4;6;9;10;12;15;16;19
"20541";3;4;7;7;7;7;7;7;7
"20542";3;4;7;7;7;7;7;7;7
"20543";3;4;6;9;10;12;15;16;19
"20544";3;4;6;9;10;12;15;16;19
"20545";3;4;6;9;10;12;15;16;19
"20546";3;4;7;7;7;7;7;7;7
"20547";3;4;6;8;8;8;8;8;8
"20548";3;4;6;9;10;12;15;16;19
"20549";3;4;6;9;10;12;15;16;19
"20550";3;4;6;9;10;12;15;16;19
"20551";3;4;6;8;8;8;8;8;8
"20552";3;5;5;5;5;5;5;5;5
"20553";3;4;6;9;10;12;15;16;19
"20554";3;4;6;8;8;8;8;8;8
"20555";3;4;6;8;8;8;8;8;8
"20556";3;4;6;9;10;12;15;16;19
"20557";3;4;6;9;10;12;15;16;19
"20558";3;4;6;9;10;12;15;16;19
"20559";3;4;6;8;8;8;8;8;8
"20560";3;4;6;9;10;12;15;16;19
"20561";3;4;6;9;10;12;15;16;19
"20562";3;4;6;9;10;12;15;16;19
"20563";3;4;6;9;10;12;15;16;19
"20564";3;4;6;9;10;12;15;16;18
"20565";3;4;6;9;10;12;15;16;18
"20566";3;4;6;9;10;12;15;16;19
"20567";3;4;6;9;10;12;15;16;19
"20568";3;4;6;9;10;12;15;16;19
"20569";3;4;6;9;10;12;15;16;19
"20570";3;4;7;7;7;7;7;7;7
"20571";3;4;6;9;10;12;15;16;19
"20572";3;4;6;9;10;12;15;16;18
"20573";3;4;6;9;10;13;13;13;13
"20574";3;4;6;9;10;12;15;16;18
"20575";3;4;6;9;10;12;15;16;19
"20576";3;4;6;9;10;13;13;13;13
"20577";3;4;6;9;10;12;15;16;18
"20578";3;5;5;5;5;5;5;5;5
"20579";3;4;6;9;10;12;15;16;19
"20580";3;4;6;9;10;12;15;16;19
"20581";3;4;6;9;10;12;15;16;19
"20582";3;4;6;9;10;12;15;16;19
"20583";3;4;6;9;10;12;15;16;19
"20584";3;4;6;9;10;12;15;16;19
"20585";3;4;6;9;10;12;15;16;19
"20586";3;4;6;9;10;12;15;16;19
"20587";3;4;6;9;10;12;15;16;19
"20588";3;4;6;9;10;12;15;16;19
"20589";3;4;6;9;10;12;15;16;19
"20590";3;4;6;9;10;12;15;16;19
"20591";3;4;6;8;8;8;8;8;8
"20592";3;4;6;9;10;12;15;16;19
"20593";3;4;6;9;10;12;15;16;19
"20594";3;4;6;9;10;12;15;16;19
"20595";3;4;7;7;7;7;7;7;7
"20596";3;4;6;9;10;12;15;16;19
"20597";3;4;7;7;7;7;7;7;7
"20598";3;4;6;9;10;12;15;16;19
"20599";3;4;6;9;10;12;15;16;19
"20600";3;4;6;9;10;12;15;16;19
"20601";3;4;6;9;10;12;15;16;19
"20602";3;4;6;9;10;12;15;16;19
"20603";3;4;6;9;10;12;15;16;19
"20604";3;4;7;7;7;7;7;7;7
"20605";3;4;6;9;10;12;15;16;19
"20606";3;4;6;8;8;8;8;8;8
"20607";3;5;5;5;5;5;5;5;5
"20608";3;5;5;5;5;5;5;5;5
"20609";3;4;6;8;8;8;8;8;8
"20610";3;4;6;8;8;8;8;8;8
"20611";3;4;6;8;8;8;8;8;8
"20612";3;4;6;8;8;8;8;8;8
"20613";3;4;6;9;10;12;15;16;19
"20614";3;4;6;9;10;12;15;16;18
"20615";3;4;6;9;10;12;15;16;19
"20616";3;5;5;5;5;5;5;5;5
"20617";3;4;6;9;10;12;15;16;19
"20618";3;5;5;5;5;5;5;5;5
"20619";3;4;6;8;8;8;8;8;8
"20620";3;4;6;8;8;8;8;8;8
"20621";3;5;5;5;5;5;5;5;5
"20622";3;5;5;5;5;5;5;5;5
"20623";3;5;5;5;5;5;5;5;5
"20624";3;4;6;9;10;12;15;16;19
"20625";3;4;6;9;10;12;15;16;19
"20626";3;4;6;9;10;13;13;13;13
"20627";3;4;6;9;10;12;15;16;19
"20628";3;4;6;9;10;12;15;16;19
"20629";3;4;6;9;10;12;15;16;19
"20630";3;4;6;9;10;12;15;16;19
"20631";3;4;6;9;10;12;15;16;19
"20632";3;4;6;8;8;8;8;8;8
"20633";3;4;6;9;10;13;13;13;13
"20634";3;4;6;9;10;13;13;13;13
"20635";3;4;6;9;10;12;15;16;19
"20636";3;4;6;9;10;12;15;16;19
"20637";3;4;6;9;10;12;15;16;19
"20638";3;4;6;9;10;12;15;16;19
"20639";3;4;6;9;10;12;15;16;19
"20640";3;4;6;9;10;12;15;16;19
"20641";3;4;6;9;10;12;15;16;19
"20642";3;4;6;9;10;12;15;16;19
"20643";3;4;6;9;10;12;15;16;19
"20644";3;4;6;9;10;13;13;13;13
"20645";3;4;6;9;10;13;13;13;13
"20646";3;4;6;9;10;13;13;13;13
"20647";3;4;7;7;7;7;7;7;7
"20648";3;4;6;9;10;12;15;16;19
"20649";3;4;6;8;8;8;8;8;8
"20650";3;5;5;5;5;5;5;5;5
"20651";3;5;5;5;5;5;5;5;5
"20652";3;4;6;9;10;12;15;16;19
"20653";3;5;5;5;5;5;5;5;5
"20654";3;4;6;9;10;12;15;16;19
"20655";3;5;5;5;5;5;5;5;5
"20656";3;5;5;5;5;5;5;5;5
"20657";3;4;6;8;8;8;8;8;8
"20658";3;4;6;9;10;12;15;16;19
"20659";3;5;5;5;5;5;5;5;5
"20660";3;5;5;5;5;5;5;5;5
"20661";3;4;6;8;8;8;8;8;8
"20662";3;5;5;5;5;5;5;5;5
"20663";3;4;6;8;8;8;8;8;8
"20664";3;4;6;8;8;8;8;8;8
"20665";3;4;6;8;8;8;8;8;8
"20666";3;4;6;8;8;8;8;8;8
"20667";3;4;6;9;10;12;15;16;19
"20668";3;4;6;9;10;12;15;16;19
"20669";3;4;6;8;8;8;8;8;8
"20670";3;4;6;9;10;12;15;16;19
"20671";3;4;6;9;10;12;15;16;19
"20672";3;4;6;9;10;12;15;16;19
"20673";3;4;6;8;8;8;8;8;8
"20674";3;4;6;8;8;8;8;8;8
"20675";3;4;6;9;10;13;13;13;13
"20676";3;4;6;9;10;12;15;16;19
"20677";3;4;6;9;10;12;15;16;19
"20678";3;4;6;8;8;8;8;8;8
"20679";3;4;6;8;8;8;8;8;8
"20680";3;4;6;9;10;12;15;16;19
"20681";3;4;6;8;8;8;8;8;8
"20682";3;5;5;5;5;5;5;5;5
"20683";3;5;5;5;5;5;5;5;5
"20684";3;5;5;5;5;5;5;5;5
"20685";3;5;5;5;5;5;5;5;5
"20686";3;5;5;5;5;5;5;5;5
"20687";3;4;6;8;8;8;8;8;8
"20688";3;5;5;5;5;5;5;5;5
"20689";3;5;5;5;5;5;5;5;5
"20690";3;5;5;5;5;5;5;5;5
"20691";3;5;5;5;5;5;5;5;5
"20692";3;5;5;5;5;5;5;5;5
"20693";3;5;5;5;5;5;5;5;5
"20694";3;5;5;5;5;5;5;5;5
"20695";3;5;5;5;5;5;5;5;5
"20696";3;5;5;5;5;5;5;5;5
"20697";3;4;7;7;7;7;7;7;7
"20698";3;5;5;5;5;5;5;5;5
"20699";3;4;6;9;10;12;15;16;19
"20700";3;5;5;5;5;5;5;5;5
"20701";3;5;5;5;5;5;5;5;5
"20702";3;5;5;5;5;5;5;5;5
"20703";3;5;5;5;5;5;5;5;5
"20704";3;5;5;5;5;5;5;5;5
"20705";3;4;7;7;7;7;7;7;7
"20706";3;4;7;7;7;7;7;7;7
"20707";3;4;7;7;7;7;7;7;7
"20708";3;4;7;7;7;7;7;7;7
"20709";3;4;7;7;7;7;7;7;7
"20710";3;4;7;7;7;7;7;7;7
"20711";3;4;7;7;7;7;7;7;7
"20712";3;4;7;7;7;7;7;7;7
"20713";3;4;7;7;7;7;7;7;7
"20714";3;4;7;7;7;7;7;7;7
"20715";3;4;6;9;10;12;15;16;19
"20716";3;4;7;7;7;7;7;7;7
"20717";3;4;6;9;10;12;15;16;19
"20718";3;4;7;7;7;7;7;7;7
"20719";3;4;7;7;7;7;7;7;7
"20720";3;4;7;7;7;7;7;7;7
"20721";3;4;6;9;10;12;15;16;19
"20722";3;4;6;9;10;12;15;16;19
"20723";3;4;7;7;7;7;7;7;7
"20724";3;4;7;7;7;7;7;7;7
"20725";3;4;7;7;7;7;7;7;7
"20726";3;4;7;7;7;7;7;7;7
"20727";3;4;7;7;7;7;7;7;7
"20728";3;4;7;7;7;7;7;7;7
"20729";3;4;7;7;7;7;7;7;7
"20730";3;4;7;7;7;7;7;7;7
"20731";3;4;7;7;7;7;7;7;7
"20732";3;4;7;7;7;7;7;7;7
"20733";3;4;7;7;7;7;7;7;7
"20734";3;4;7;7;7;7;7;7;7
"20735";3;4;7;7;7;7;7;7;7
"20736";3;4;7;7;7;7;7;7;7
"20737";3;4;7;7;7;7;7;7;7
"20738";3;4;7;7;7;7;7;7;7
"20739";3;4;6;9;10;12;15;16;19
"20740";3;4;7;7;7;7;7;7;7
"20741";3;4;7;7;7;7;7;7;7
"20742";3;4;7;7;7;7;7;7;7
"20743";3;4;7;7;7;7;7;7;7
"20744";3;4;7;7;7;7;7;7;7
"20745";3;4;7;7;7;7;7;7;7
"20746";3;4;7;7;7;7;7;7;7
"20747";3;4;7;7;7;7;7;7;7
"20748";3;4;7;7;7;7;7;7;7
"20749";3;4;7;7;7;7;7;7;7
"20750";3;4;7;7;7;7;7;7;7
"20751";3;4;7;7;7;7;7;7;7
"20752";3;4;7;7;7;7;7;7;7
"20753";3;4;7;7;7;7;7;7;7
"20754";3;4;7;7;7;7;7;7;7
"20755";3;4;7;7;7;7;7;7;7
"20756";3;4;6;9;10;12;15;16;19
"20757";3;4;7;7;7;7;7;7;7
"20758";3;4;7;7;7;7;7;7;7
"20759";3;4;7;7;7;7;7;7;7
"20760";3;4;7;7;7;7;7;7;7
"20761";3;4;7;7;7;7;7;7;7
"20762";3;4;6;9;10;12;15;16;19
"20763";3;4;6;9;10;12;15;16;19
"20764";3;4;7;7;7;7;7;7;7
"20765";3;4;7;7;7;7;7;7;7
"20766";3;4;7;7;7;7;7;7;7
"20767";3;4;7;7;7;7;7;7;7
"20768";3;4;7;7;7;7;7;7;7
"20769";3;4;7;7;7;7;7;7;7
"20770";3;4;7;7;7;7;7;7;7
"20771";3;4;7;7;7;7;7;7;7
"20772";3;4;7;7;7;7;7;7;7
"20773";3;4;7;7;7;7;7;7;7
"20774";3;4;7;7;7;7;7;7;7
"20775";3;4;6;9;10;12;15;16;19
"20776";3;4;7;7;7;7;7;7;7
"20777";3;4;6;9;10;12;15;16;19
"20778";3;4;7;7;7;7;7;7;7
"20779";3;4;7;7;7;7;7;7;7
"20780";3;4;7;7;7;7;7;7;7
"20781";3;4;7;7;7;7;7;7;7
"20782";3;4;7;7;7;7;7;7;7
"20783";3;4;7;7;7;7;7;7;7
"20784";3;4;7;7;7;7;7;7;7
"20785";3;4;7;7;7;7;7;7;7
"20786";3;4;7;7;7;7;7;7;7
"20787";3;4;7;7;7;7;7;7;7
"20788";3;5;5;5;5;5;5;5;5
"20789";3;4;6;9;10;12;15;16;19
"20790";3;4;6;9;10;12;15;16;19
"20791";3;4;6;9;10;12;15;16;19
"20792";3;4;6;9;10;12;15;16;19
"20793";3;4;6;8;8;8;8;8;8
"20794";3;4;6;8;8;8;8;8;8
"20795";3;4;6;8;8;8;8;8;8
"20796";3;4;6;8;8;8;8;8;8
"20797";3;4;6;8;8;8;8;8;8
"20798";3;4;6;9;10;12;15;16;19
"20799";3;4;6;8;8;8;8;8;8
"20800";3;4;6;8;8;8;8;8;8
"20801";3;4;6;8;8;8;8;8;8
"20802";3;4;6;8;8;8;8;8;8
"20803";3;4;6;9;10;12;15;16;19
"20804";3;4;6;8;8;8;8;8;8
"20805";3;5;5;5;5;5;5;5;5
"20806";3;4;6;8;8;8;8;8;8
"20807";3;4;6;8;8;8;8;8;8
"20808";3;4;6;9;10;12;15;16;19
"20809";3;4;6;9;10;12;15;16;19
"20810";3;4;6;8;8;8;8;8;8
"20811";3;4;6;8;8;8;8;8;8
"20812";3;5;5;5;5;5;5;5;5
"20813";3;4;6;8;8;8;8;8;8
"20814";3;4;6;9;10;12;15;16;19
"20815";3;4;6;8;8;8;8;8;8
"20816";3;4;6;9;10;12;15;16;19
"20817";3;4;6;9;10;12;15;16;19
"20818";3;4;6;8;8;8;8;8;8
"20819";3;4;6;8;8;8;8;8;8
"20820";3;4;6;8;8;8;8;8;8
"20821";3;4;6;8;8;8;8;8;8
"20822";3;4;6;8;8;8;8;8;8
"20823";3;4;6;8;8;8;8;8;8
"20824";3;4;6;8;8;8;8;8;8
"20825";3;4;6;8;8;8;8;8;8
"20826";3;4;6;9;10;12;15;16;19
"20827";3;5;5;5;5;5;5;5;5
"20828";3;5;5;5;5;5;5;5;5
"20829";3;4;6;8;8;8;8;8;8
"20830";3;4;6;8;8;8;8;8;8
"20831";3;4;6;8;8;8;8;8;8
"20832";3;4;6;8;8;8;8;8;8
"20833";3;4;6;9;10;12;15;16;19
"20834";3;4;6;9;10;12;15;16;19
"20835";3;5;5;5;5;5;5;5;5
"20836";3;5;5;5;5;5;5;5;5
"20837";3;5;5;5;5;5;5;5;5
"20838";3;4;6;9;10;12;15;16;19
"20839";3;4;6;8;8;8;8;8;8
"20840";3;4;6;8;8;8;8;8;8
"20841";3;4;6;9;10;12;15;16;19
"20842";3;4;6;9;10;12;15;16;19
"20843";3;4;6;8;8;8;8;8;8
"20844";3;4;6;8;8;8;8;8;8
"20845";3;4;6;8;8;8;8;8;8
"20846";3;4;6;9;10;12;15;16;19
"20847";3;4;6;8;8;8;8;8;8
"20848";3;4;6;8;8;8;8;8;8
"20849";3;4;6;8;8;8;8;8;8
"20850";3;4;6;9;10;12;15;16;19
"20851";3;4;6;8;8;8;8;8;8
"20852";3;5;5;5;5;5;5;5;5
"20853";3;4;6;8;8;8;8;8;8
"20854";3;4;6;8;8;8;8;8;8
"20855";3;4;6;9;10;12;15;16;18
"20856";3;4;6;8;8;8;8;8;8
"20857";3;4;6;8;8;8;8;8;8
"20858";3;4;6;8;8;8;8;8;8
"20859";3;4;6;9;10;12;15;16;19
"20860";3;4;6;8;8;8;8;8;8
"20861";3;4;6;9;10;12;15;16;19
"20862";3;4;6;9;10;12;15;16;19
"20863";3;4;7;7;7;7;7;7;7
"20864";3;4;6;9;10;12;15;16;19
"20865";3;5;5;5;5;5;5;5;5
"20866";3;4;6;9;10;12;15;16;19
"20867";3;4;7;7;7;7;7;7;7
"20868";3;4;6;9;10;12;15;16;19
"20869";3;4;7;7;7;7;7;7;7
"20870";3;4;7;7;7;7;7;7;7
"20871";3;4;7;7;7;7;7;7;7
"20872";3;5;5;5;5;5;5;5;5
"20873";3;4;7;7;7;7;7;7;7
"20874";3;4;7;7;7;7;7;7;7
"20875";3;4;7;7;7;7;7;7;7
"20876";3;4;6;9;10;12;15;16;19
"20877";3;4;6;9;10;12;15;16;19
"20878";3;4;7;7;7;7;7;7;7
"20879";3;4;7;7;7;7;7;7;7
"20880";3;4;7;7;7;7;7;7;7
"20881";3;4;6;9;10;12;15;16;19
"20882";3;4;6;9;10;12;15;16;19
"20883";3;4;6;9;10;12;15;16;19
"20884";3;4;7;7;7;7;7;7;7
"20885";3;4;7;7;7;7;7;7;7
"20886";3;4;7;7;7;7;7;7;7
"20887";3;4;6;9;10;12;15;16;19
"20888";3;4;6;9;10;12;15;16;19
"20889";3;4;6;9;10;12;15;16;19
"20890";3;4;7;7;7;7;7;7;7
"20891";3;4;6;8;8;8;8;8;8
"20892";3;4;7;7;7;7;7;7;7
"20893";3;4;7;7;7;7;7;7;7
"20894";3;4;6;9;10;12;15;16;19
"20895";3;4;6;9;10;12;15;16;19
"20896";3;4;6;8;8;8;8;8;8
"20897";3;4;6;9;10;12;15;16;19
"20898";3;4;6;9;10;12;15;16;19
"20899";3;4;6;9;10;12;15;16;19
"20900";3;4;6;9;10;12;15;16;19
"20901";3;4;6;9;10;12;15;16;19
"20902";3;4;6;8;8;8;8;8;8
"20903";3;4;6;9;10;12;15;16;19
"20904";3;4;6;9;10;12;15;16;19
"20905";3;4;6;9;10;12;15;16;19
"20906";3;4;7;7;7;7;7;7;7
"20907";3;4;6;9;10;12;15;16;19
"20908";3;4;6;9;10;12;15;16;19
"20909";3;4;6;9;10;12;15;16;19
"20910";3;4;7;7;7;7;7;7;7
"20911";3;4;7;7;7;7;7;7;7
"20912";3;4;7;7;7;7;7;7;7
"20913";3;4;7;7;7;7;7;7;7
"20914";3;4;6;9;10;12;15;16;19
"20915";3;4;6;9;10;12;15;16;19
"20916";3;4;6;9;10;12;15;16;19
"20917";3;4;6;9;10;12;15;16;19
"20918";3;4;6;9;10;12;15;16;19
"20919";3;4;6;9;10;12;15;16;19
"20920";3;4;7;7;7;7;7;7;7
"20921";3;4;6;9;10;12;15;16;19
"20922";3;4;6;9;10;12;15;16;19
"20923";3;4;6;9;10;12;15;16;19
"20924";3;4;6;9;10;12;15;16;19
"20925";3;4;6;9;10;12;15;16;19
"20926";3;4;6;9;10;12;15;16;19
"20927";3;4;6;9;10;12;15;16;19
"20928";3;4;7;7;7;7;7;7;7
"20929";3;4;7;7;7;7;7;7;7
"20930";3;4;7;7;7;7;7;7;7
"20931";3;4;7;7;7;7;7;7;7
"20932";3;4;6;9;10;12;15;16;19
"20933";3;4;7;7;7;7;7;7;7
"20934";3;4;6;9;10;12;15;16;19
"20935";3;4;7;7;7;7;7;7;7
"20936";3;4;6;9;10;12;15;16;19
"20937";3;4;6;9;10;12;15;16;19
"20938";3;4;7;7;7;7;7;7;7
"20939";3;4;6;9;10;12;15;16;19
"20940";3;4;6;9;10;12;15;16;19
"20941";3;4;7;7;7;7;7;7;7
"20942";3;4;7;7;7;7;7;7;7
"20943";3;4;7;7;7;7;7;7;7
"20944";3;4;7;7;7;7;7;7;7
"20945";3;4;6;9;10;12;15;16;19
"20946";3;4;7;7;7;7;7;7;7
"20947";3;4;7;7;7;7;7;7;7
"20948";3;4;6;9;10;12;15;16;19
"20949";3;4;6;9;10;12;15;16;18
"20950";3;4;6;9;10;12;15;16;19
"20951";3;4;6;9;10;12;15;16;19
"20952";3;4;7;7;7;7;7;7;7
"20953";3;4;7;7;7;7;7;7;7
"20954";3;4;7;7;7;7;7;7;7
"20955";3;4;7;7;7;7;7;7;7
"20956";3;4;7;7;7;7;7;7;7
"20957";3;4;7;7;7;7;7;7;7
"20958";3;4;6;9;10;12;15;16;19
"20959";3;4;7;7;7;7;7;7;7
"20960";3;4;7;7;7;7;7;7;7
"20961";3;4;7;7;7;7;7;7;7
"20962";3;4;7;7;7;7;7;7;7
"20963";3;4;7;7;7;7;7;7;7
"20964";3;4;7;7;7;7;7;7;7
"20965";3;4;7;7;7;7;7;7;7
"20966";3;4;7;7;7;7;7;7;7
"20967";3;4;7;7;7;7;7;7;7
"20968";3;4;7;7;7;7;7;7;7
"20969";3;4;7;7;7;7;7;7;7
"20970";3;4;7;7;7;7;7;7;7
"20971";3;4;7;7;7;7;7;7;7
"20972";3;4;7;7;7;7;7;7;7
"20973";3;4;7;7;7;7;7;7;7
"20974";3;4;6;8;8;8;8;8;8
"20975";3;4;7;7;7;7;7;7;7
"20976";3;4;7;7;7;7;7;7;7
"20977";3;4;7;7;7;7;7;7;7
"20978";3;4;7;7;7;7;7;7;7
"20979";3;4;7;7;7;7;7;7;7
"20980";3;4;7;7;7;7;7;7;7
"20981";3;4;7;7;7;7;7;7;7
"20982";3;4;7;7;7;7;7;7;7
"20983";3;4;7;7;7;7;7;7;7
"20984";3;4;7;7;7;7;7;7;7
"20985";3;4;7;7;7;7;7;7;7
"20986";3;4;7;7;7;7;7;7;7
"20987";3;4;7;7;7;7;7;7;7
"20988";3;4;6;9;10;12;15;16;19
"20989";3;4;6;9;10;12;15;16;19
"20990";3;4;7;7;7;7;7;7;7
"20991";3;4;6;9;10;12;15;16;19
"20992";3;4;7;7;7;7;7;7;7
"20993";3;4;6;8;8;8;8;8;8
"20994";3;4;6;8;8;8;8;8;8
"20995";3;4;6;9;10;12;15;16;19
"20996";3;4;6;8;8;8;8;8;8
"20997";3;4;6;9;10;12;15;16;19
"20998";3;4;6;9;10;13;13;13;13
"20999";3;4;6;9;10;12;15;16;19
"21000";3;4;6;9;10;12;15;16;19
"21001";3;4;6;9;10;12;15;16;19
"21002";3;4;6;8;8;8;8;8;8
"21003";3;4;6;8;8;8;8;8;8
"21004";3;4;6;9;10;12;15;16;19
"21005";3;4;6;9;10;12;15;16;19
"21006";3;4;6;9;10;12;15;16;19
"21007";3;4;6;9;10;12;15;16;19
"21008";3;4;6;9;10;12;15;16;19
"21009";3;4;6;9;10;12;15;16;19
"21010";3;4;6;9;10;12;15;16;19
"21011";3;4;6;9;10;12;15;16;19
"21012";3;4;6;9;10;12;15;16;19
"21013";3;4;6;9;10;12;15;16;19
"21014";3;4;6;9;10;12;15;16;19
"21015";3;4;6;9;10;12;15;16;19
"21016";3;4;6;9;10;12;15;16;19
"21017";3;4;6;9;10;12;15;16;19
"21018";3;4;6;9;10;12;15;16;19
"21019";3;4;6;9;10;12;15;16;19
"21020";3;4;6;9;10;12;15;16;19
"21021";3;4;6;9;10;12;15;16;19
"21022";3;4;6;9;10;12;15;16;19
"21023";3;4;6;9;10;12;15;16;19
"21024";3;4;6;9;10;12;15;16;19
"21025";3;4;6;9;10;12;15;16;19
"21026";3;4;6;9;10;12;15;16;19
"21027";3;4;6;9;10;12;15;16;19
"21028";3;4;6;9;10;12;15;16;19
"21029";3;4;6;9;10;12;15;16;19
"21030";3;4;6;9;10;12;15;16;19
"21031";3;4;6;9;10;12;15;16;19
"21032";3;4;6;8;8;8;8;8;8
"21033";3;4;6;9;10;12;15;16;19
"21034";3;4;6;9;10;12;15;16;19
"21035";3;5;5;5;5;5;5;5;5
"21036";3;4;6;9;10;12;15;16;19
"21037";3;4;6;8;8;8;8;8;8
"21038";3;4;6;8;8;8;8;8;8
"21039";3;4;6;8;8;8;8;8;8
"21040";3;4;6;8;8;8;8;8;8
"21041";3;4;6;8;8;8;8;8;8
"21042";3;4;6;9;10;12;15;16;19
"21043";3;4;6;9;10;12;15;16;18
"21044";3;4;6;8;8;8;8;8;8
"21045";3;4;6;8;8;8;8;8;8
"21046";3;4;6;8;8;8;8;8;8
"21047";3;4;6;8;8;8;8;8;8
"21048";3;4;6;9;10;12;15;16;19
"21049";3;4;6;8;8;8;8;8;8
"21050";3;4;6;9;10;12;15;16;19
"21051";3;4;6;9;10;12;15;16;19
"21052";3;4;6;9;10;12;15;16;19
"21053";3;4;6;8;8;8;8;8;8
"21054";3;4;6;9;10;12;15;16;19
"21055";3;4;7;7;7;7;7;7;7
"21056";3;4;6;9;10;12;15;16;19
"21057";3;4;6;9;10;12;15;16;19
"21058";3;4;6;8;8;8;8;8;8
"21059";3;4;6;8;8;8;8;8;8
"21060";3;4;6;8;8;8;8;8;8
"21061";3;4;6;8;8;8;8;8;8
"21062";3;4;6;9;10;12;15;16;19
"21063";3;4;6;9;10;12;15;16;19
"21064";3;4;6;9;10;12;15;16;19
"21065";3;4;6;9;10;12;15;16;19
"21066";3;4;6;9;10;12;15;16;19
"21067";3;4;6;9;10;12;15;16;18
"21068";3;4;6;9;10;12;15;16;19
"21069";3;4;6;9;10;12;15;16;19
"21070";3;4;6;8;8;8;8;8;8
"21071";3;4;6;9;10;12;15;16;19
"21072";3;4;6;9;10;12;15;16;19
"21073";3;4;6;9;10;12;15;16;19
"21074";3;4;6;8;8;8;8;8;8
"21075";3;5;5;5;5;5;5;5;5
"21076";3;4;6;8;8;8;8;8;8
"21077";3;4;6;9;10;12;15;16;19
"21078";3;4;6;9;10;12;15;16;19
"21079";3;4;6;9;10;12;15;16;19
"21080";3;4;6;9;10;12;15;16;19
"21081";3;4;6;9;10;12;15;16;19
"21082";3;4;6;8;8;8;8;8;8
"21083";3;4;6;9;10;12;15;16;19
"21084";3;4;7;7;7;7;7;7;7
"21085";3;4;6;8;8;8;8;8;8
"21086";3;4;6;9;10;12;15;16;19
"21087";3;4;6;9;10;12;15;16;19
"21088";3;4;6;9;10;12;15;16;19
"21089";3;4;6;9;10;12;15;16;19
"21090";3;4;6;9;10;12;15;16;19
"21091";3;4;6;8;8;8;8;8;8
"21092";3;4;6;9;10;12;15;16;19
"21093";3;4;6;9;10;12;15;16;19
"21094";3;5;5;5;5;5;5;5;5
"21095";3;4;6;8;8;8;8;8;8
"21096";3;4;6;8;8;8;8;8;8
"21097";3;4;6;8;8;8;8;8;8
"21098";3;4;6;9;10;12;15;16;19
"21099";3;4;6;9;10;12;15;16;19
"21100";3;4;6;9;10;12;15;16;19
"21101";3;4;6;9;10;12;15;16;19
"21102";3;4;6;8;8;8;8;8;8
"21103";3;4;6;8;8;8;8;8;8
"21104";3;4;6;9;10;12;15;16;19
"21105";3;4;7;7;7;7;7;7;7
"21106";3;4;6;9;10;12;15;16;19
"21107";3;4;6;9;10;12;15;16;19
"21108";3;4;6;9;10;12;15;16;19
"21109";3;4;6;9;10;12;15;16;19
"21110";3;4;6;9;10;12;15;16;19
"21111";3;4;6;9;10;12;15;16;19
"21112";3;5;5;5;5;5;5;5;5
"21113";3;4;6;8;8;8;8;8;8
"21114";3;4;6;8;8;8;8;8;8
"21115";3;4;6;9;10;12;15;16;19
"21116";3;4;6;9;10;12;15;16;19
"21117";3;4;6;8;8;8;8;8;8
"21118";3;4;6;9;10;12;15;16;19
"21119";3;4;6;9;10;12;15;16;19
"21120";3;4;6;8;8;8;8;8;8
"21121";3;4;6;9;10;12;15;16;19
"21122";3;4;6;9;10;12;15;16;19
"21123";3;4;6;9;10;12;15;16;19
"21124";3;4;6;9;10;12;15;16;19
"21125";3;4;6;9;10;12;15;16;19
"21126";3;4;6;9;10;12;15;16;19
"21127";3;4;6;9;10;12;15;16;19
"21128";3;4;6;9;10;12;15;16;19
"21129";3;4;6;8;8;8;8;8;8
"21130";3;4;6;9;10;12;15;16;19
"21131";3;4;6;8;8;8;8;8;8
"21132";3;4;6;9;10;12;15;16;19
"21133";3;4;6;9;10;12;15;16;19
"21134";3;4;6;9;10;12;15;16;19
"21135";3;4;6;9;10;12;15;16;19
"21136";3;4;6;9;10;12;15;16;19
"21137";3;4;6;8;8;8;8;8;8
"21138";3;4;6;8;8;8;8;8;8
"21139";3;4;6;8;8;8;8;8;8
"21140";3;4;6;9;10;12;15;16;19
"21141";3;4;6;9;10;12;15;16;19
"21142";3;4;6;8;8;8;8;8;8
"21143";3;4;6;8;8;8;8;8;8
"21144";3;4;6;9;10;12;15;16;19
"21145";3;4;6;9;10;12;15;16;19
"21146";3;4;6;8;8;8;8;8;8
"21147";3;4;6;9;10;12;15;16;19
"21148";3;4;6;9;10;12;15;16;19
"21149";3;4;6;9;10;12;15;16;19
"21150";3;4;6;9;10;12;15;16;19
"21151";3;4;6;9;10;12;15;16;19
"21152";3;4;6;8;8;8;8;8;8
"21153";3;4;6;9;10;12;15;16;19
"21154";3;4;6;9;10;12;15;16;19
"21155";3;4;6;9;10;12;15;16;19
"21156";3;4;6;9;10;12;15;16;19
"21157";3;4;6;9;10;12;15;16;19
"21158";3;4;6;9;10;12;15;16;19
"21159";3;4;6;9;10;12;15;16;19
"21160";3;4;6;9;10;12;15;16;19
"21161";3;4;6;9;10;12;15;16;19
"21162";3;4;6;9;10;12;15;16;19
"21163";3;4;6;9;10;12;15;16;19
"21164";3;4;6;9;10;12;15;16;19
"21165";3;4;6;9;10;12;15;16;19
"21166";3;4;6;9;10;12;15;16;19
"21167";3;4;6;9;10;12;15;16;19
"21168";3;4;7;7;7;7;7;7;7
"21169";3;4;7;7;7;7;7;7;7
"21170";3;4;6;9;10;12;15;16;19
"21171";3;4;6;9;10;12;15;16;19
"21172";3;4;6;9;10;12;15;16;19
"21173";3;4;6;9;10;12;15;16;19
"21174";3;4;6;9;10;12;15;16;19
"21175";3;4;6;9;10;12;15;16;19
"21176";3;4;6;9;10;12;15;16;19
"21177";3;4;7;7;7;7;7;7;7
"21178";3;4;6;8;8;8;8;8;8
"21179";3;4;6;8;8;8;8;8;8
"21180";3;4;6;9;10;12;15;16;19
"21181";3;4;6;9;10;12;15;16;19
"21182";3;4;6;8;8;8;8;8;8
"21183";3;4;6;8;8;8;8;8;8
"21184";3;4;6;8;8;8;8;8;8
"21185";3;4;6;8;8;8;8;8;8
"21186";3;4;6;9;10;12;15;16;19
"21187";3;4;6;8;8;8;8;8;8
"21188";3;4;6;8;8;8;8;8;8
"21189";3;4;6;8;8;8;8;8;8
"21190";3;4;6;8;8;8;8;8;8
"21191";3;4;6;8;8;8;8;8;8
"21192";3;4;6;8;8;8;8;8;8
"21193";3;4;6;9;10;12;15;16;19
"21194";3;4;6;8;8;8;8;8;8
"21195";3;4;6;9;10;12;15;16;19
"21196";3;4;6;8;8;8;8;8;8
"21197";3;4;6;8;8;8;8;8;8
"21198";3;4;6;8;8;8;8;8;8
"21199";3;4;6;8;8;8;8;8;8
"21200";3;4;6;9;10;12;15;16;19
"21201";3;4;6;8;8;8;8;8;8
"21202";3;4;6;8;8;8;8;8;8
"21203";3;4;6;8;8;8;8;8;8
"21204";3;4;6;8;8;8;8;8;8
"21205";3;4;6;8;8;8;8;8;8
"21206";3;4;6;8;8;8;8;8;8
"21207";3;5;5;5;5;5;5;5;5
"21208";3;4;6;9;10;12;15;16;19
"21209";3;4;6;8;8;8;8;8;8
"21210";3;5;5;5;5;5;5;5;5
"21211";3;5;5;5;5;5;5;5;5
"21212";3;4;6;9;10;12;15;16;19
"21213";3;4;6;9;10;12;15;16;19
"21214";3;4;6;9;10;12;15;16;19
"21215";3;4;6;9;10;12;15;16;19
"21216";3;4;6;9;10;12;15;16;19
"21217";3;5;5;5;5;5;5;5;5
"21218";3;5;5;5;5;5;5;5;5
"21219";3;5;5;5;5;5;5;5;5
"21220";3;4;6;8;8;8;8;8;8
"21221";3;4;6;8;8;8;8;8;8
"21222";3;4;6;9;10;12;15;16;19
"21223";3;4;6;8;8;8;8;8;8
"21224";3;4;6;8;8;8;8;8;8
"21225";3;4;6;8;8;8;8;8;8
"21226";3;4;6;9;10;12;15;16;19
"21227";3;4;6;9;10;12;15;16;19
"21228";3;4;6;8;8;8;8;8;8
"21229";3;4;6;8;8;8;8;8;8
"21230";3;4;6;8;8;8;8;8;8
"21231";3;4;6;8;8;8;8;8;8
"21232";3;4;6;8;8;8;8;8;8
"21233";3;4;6;8;8;8;8;8;8
"21234";3;4;6;8;8;8;8;8;8
"21235";3;4;6;8;8;8;8;8;8
"21236";3;4;6;8;8;8;8;8;8
"21237";3;4;6;9;10;12;15;16;19
"21238";3;4;6;8;8;8;8;8;8
"21239";3;5;5;5;5;5;5;5;5
"21240";3;4;6;8;8;8;8;8;8
"21241";3;4;7;7;7;7;7;7;7
"21242";3;4;6;9;10;12;15;16;19
"21243";3;4;6;9;10;12;15;16;19
"21244";3;4;6;9;10;12;15;16;19
"21245";3;4;6;9;10;12;15;16;19
"21246";3;4;6;9;10;12;15;16;19
"21247";3;4;6;8;8;8;8;8;8
"21248";3;4;6;9;10;12;15;16;19
"21249";3;4;7;7;7;7;7;7;7
"21250";3;4;7;7;7;7;7;7;7
"21251";3;4;7;7;7;7;7;7;7
"21252";3;4;7;7;7;7;7;7;7
"21253";3;4;7;7;7;7;7;7;7
"21254";3;4;7;7;7;7;7;7;7
"21255";3;4;6;8;8;8;8;8;8
"21256";3;4;7;7;7;7;7;7;7
"21257";3;4;7;7;7;7;7;7;7
"21258";3;4;6;9;10;12;15;16;19
"21259";3;4;7;7;7;7;7;7;7
"21260";3;4;7;7;7;7;7;7;7
"21261";3;4;7;7;7;7;7;7;7
"21262";3;4;6;9;10;12;15;16;19
"21263";3;4;7;7;7;7;7;7;7
"21264";3;4;7;7;7;7;7;7;7
"21265";3;4;7;7;7;7;7;7;7
"21266";3;4;7;7;7;7;7;7;7
"21267";3;4;6;9;10;12;15;16;19
"21268";3;4;7;7;7;7;7;7;7
"21269";3;4;7;7;7;7;7;7;7
"21270";3;4;7;7;7;7;7;7;7
"21271";3;4;7;7;7;7;7;7;7
"21272";3;4;7;7;7;7;7;7;7
"21273";3;4;7;7;7;7;7;7;7
"21274";3;4;6;9;10;12;15;16;19
"21275";3;4;6;9;10;12;15;16;19
"21276";3;4;7;7;7;7;7;7;7
"21277";3;4;7;7;7;7;7;7;7
"21278";3;4;7;7;7;7;7;7;7
"21279";3;4;7;7;7;7;7;7;7
"21280";3;4;7;7;7;7;7;7;7
"21281";3;4;7;7;7;7;7;7;7
"21282";3;4;7;7;7;7;7;7;7
"21283";3;4;7;7;7;7;7;7;7
"21284";3;4;7;7;7;7;7;7;7
"21285";3;4;7;7;7;7;7;7;7
"21286";3;4;7;7;7;7;7;7;7
"21287";3;4;7;7;7;7;7;7;7
"21288";3;4;7;7;7;7;7;7;7
"21289";3;4;7;7;7;7;7;7;7
"21290";3;4;7;7;7;7;7;7;7
"21291";3;4;7;7;7;7;7;7;7
"21292";3;4;7;7;7;7;7;7;7
"21293";3;4;7;7;7;7;7;7;7
"21294";3;4;7;7;7;7;7;7;7
"21295";3;4;6;9;10;12;15;16;19
"21296";3;4;7;7;7;7;7;7;7
"21297";3;4;6;9;10;12;15;16;19
"21298";3;4;7;7;7;7;7;7;7
"21299";3;4;7;7;7;7;7;7;7
"21300";3;4;7;7;7;7;7;7;7
"21301";3;4;7;7;7;7;7;7;7
"21302";3;4;7;7;7;7;7;7;7
"21303";3;4;7;7;7;7;7;7;7
"21304";3;4;7;7;7;7;7;7;7
"21305";3;4;7;7;7;7;7;7;7
"21306";3;4;7;7;7;7;7;7;7
"21307";3;4;7;7;7;7;7;7;7
"21308";3;4;7;7;7;7;7;7;7
"21309";3;4;7;7;7;7;7;7;7
"21310";3;4;7;7;7;7;7;7;7
"21311";3;4;7;7;7;7;7;7;7
"21312";3;4;7;7;7;7;7;7;7
"21313";3;4;7;7;7;7;7;7;7
"21314";3;4;7;7;7;7;7;7;7
"21315";3;4;7;7;7;7;7;7;7
"21316";3;4;7;7;7;7;7;7;7
"21317";3;4;7;7;7;7;7;7;7
"21318";3;4;7;7;7;7;7;7;7
"21319";3;4;7;7;7;7;7;7;7
"21320";3;4;7;7;7;7;7;7;7
"21321";3;4;7;7;7;7;7;7;7
"21322";3;4;7;7;7;7;7;7;7
"21323";3;4;7;7;7;7;7;7;7
"21324";3;4;7;7;7;7;7;7;7
"21325";3;4;7;7;7;7;7;7;7
"21326";3;4;7;7;7;7;7;7;7
"21327";3;4;7;7;7;7;7;7;7
"21328";3;4;7;7;7;7;7;7;7
"21329";3;4;6;9;10;12;15;16;19
"21330";3;4;7;7;7;7;7;7;7
"21331";3;4;7;7;7;7;7;7;7
"21332";3;4;7;7;7;7;7;7;7
"21333";3;4;7;7;7;7;7;7;7
"21334";3;4;7;7;7;7;7;7;7
"21335";3;4;7;7;7;7;7;7;7
"21336";3;4;7;7;7;7;7;7;7
"21337";3;4;6;8;8;8;8;8;8
"21338";3;4;7;7;7;7;7;7;7
"21339";3;4;7;7;7;7;7;7;7
"21340";3;4;7;7;7;7;7;7;7
"21341";3;4;7;7;7;7;7;7;7
"21342";3;4;7;7;7;7;7;7;7
"21343";3;4;7;7;7;7;7;7;7
"21344";3;4;7;7;7;7;7;7;7
"21345";3;4;7;7;7;7;7;7;7
"21346";3;4;7;7;7;7;7;7;7
"21347";3;4;7;7;7;7;7;7;7
"21348";3;4;7;7;7;7;7;7;7
"21349";3;4;7;7;7;7;7;7;7
"21350";3;4;7;7;7;7;7;7;7
"21351";3;4;7;7;7;7;7;7;7
"21352";3;4;7;7;7;7;7;7;7
"21353";3;4;7;7;7;7;7;7;7
"21354";3;4;7;7;7;7;7;7;7
"21355";3;4;6;9;10;12;15;16;19
"21356";3;4;7;7;7;7;7;7;7
"21357";3;4;7;7;7;7;7;7;7
"21358";3;4;6;9;10;12;15;16;19
"21359";3;4;6;9;10;12;15;16;19
"21360";3;4;7;7;7;7;7;7;7
"21361";3;4;7;7;7;7;7;7;7
"21362";3;4;7;7;7;7;7;7;7
"21363";3;4;7;7;7;7;7;7;7
"21364";3;4;7;7;7;7;7;7;7
"21365";3;4;7;7;7;7;7;7;7
"21366";3;4;7;7;7;7;7;7;7
"21367";3;4;7;7;7;7;7;7;7
"21368";3;4;7;7;7;7;7;7;7
"21369";3;4;7;7;7;7;7;7;7
"21370";3;4;7;7;7;7;7;7;7
"21371";3;4;7;7;7;7;7;7;7
"21372";3;4;7;7;7;7;7;7;7
"21373";3;4;7;7;7;7;7;7;7
"21374";3;4;7;7;7;7;7;7;7
"21375";3;4;7;7;7;7;7;7;7
"21376";3;4;7;7;7;7;7;7;7
"21377";3;4;7;7;7;7;7;7;7
"21378";3;4;7;7;7;7;7;7;7
"21379";3;4;7;7;7;7;7;7;7
"21380";3;4;7;7;7;7;7;7;7
"21381";3;4;7;7;7;7;7;7;7
"21382";3;4;7;7;7;7;7;7;7
"21383";3;4;7;7;7;7;7;7;7
"21384";3;4;7;7;7;7;7;7;7
"21385";3;4;7;7;7;7;7;7;7
"21386";3;4;7;7;7;7;7;7;7
"21387";3;4;7;7;7;7;7;7;7
"21388";3;4;7;7;7;7;7;7;7
"21389";3;4;7;7;7;7;7;7;7
"21390";3;4;7;7;7;7;7;7;7
"21391";3;4;7;7;7;7;7;7;7
"21392";3;4;7;7;7;7;7;7;7
"21393";3;4;7;7;7;7;7;7;7
"21394";3;4;7;7;7;7;7;7;7
"21395";3;4;7;7;7;7;7;7;7
"21396";3;4;7;7;7;7;7;7;7
"21397";3;4;7;7;7;7;7;7;7
"21398";3;4;7;7;7;7;7;7;7
"21399";3;4;7;7;7;7;7;7;7
"21400";3;4;7;7;7;7;7;7;7
"21401";3;4;7;7;7;7;7;7;7
"21402";3;4;7;7;7;7;7;7;7
"21403";3;4;7;7;7;7;7;7;7
"21404";3;4;7;7;7;7;7;7;7
"21405";3;4;7;7;7;7;7;7;7
"21406";3;4;7;7;7;7;7;7;7
"21407";3;4;7;7;7;7;7;7;7
"21408";3;4;7;7;7;7;7;7;7
"21409";3;4;7;7;7;7;7;7;7
"21410";3;4;7;7;7;7;7;7;7
"21411";3;4;7;7;7;7;7;7;7
"21412";3;4;7;7;7;7;7;7;7
"21413";3;4;7;7;7;7;7;7;7
"21414";3;4;7;7;7;7;7;7;7
"21415";3;4;7;7;7;7;7;7;7
"21416";3;4;7;7;7;7;7;7;7
"21417";3;4;7;7;7;7;7;7;7
"21418";3;4;7;7;7;7;7;7;7
"21419";3;4;7;7;7;7;7;7;7
"21420";3;4;7;7;7;7;7;7;7
"21421";3;4;7;7;7;7;7;7;7
"21422";3;4;7;7;7;7;7;7;7
"21423";3;4;7;7;7;7;7;7;7
"21424";3;4;7;7;7;7;7;7;7
"21425";3;4;7;7;7;7;7;7;7
"21426";3;4;7;7;7;7;7;7;7
"21427";3;4;7;7;7;7;7;7;7
"21428";3;4;7;7;7;7;7;7;7
"21429";3;4;7;7;7;7;7;7;7
"21430";3;4;7;7;7;7;7;7;7
"21431";3;4;7;7;7;7;7;7;7
"21432";3;4;7;7;7;7;7;7;7
"21433";3;4;7;7;7;7;7;7;7
"21434";3;4;7;7;7;7;7;7;7
"21435";3;4;7;7;7;7;7;7;7
"21436";3;4;6;9;10;12;15;16;19
"21437";3;4;6;9;10;12;15;16;19
"21438";3;4;7;7;7;7;7;7;7
"21439";3;4;6;9;10;12;15;16;19
"21440";3;4;7;7;7;7;7;7;7
"21441";3;4;7;7;7;7;7;7;7
"21442";3;4;7;7;7;7;7;7;7
"21443";3;4;7;7;7;7;7;7;7
"21444";3;4;7;7;7;7;7;7;7
"21445";3;4;7;7;7;7;7;7;7
"21446";3;4;7;7;7;7;7;7;7
"21447";3;4;7;7;7;7;7;7;7
"21448";3;4;7;7;7;7;7;7;7
"21449";3;4;7;7;7;7;7;7;7
"21450";3;4;7;7;7;7;7;7;7
"21451";3;4;7;7;7;7;7;7;7
"21452";3;4;7;7;7;7;7;7;7
"21453";3;4;7;7;7;7;7;7;7
"21454";3;4;7;7;7;7;7;7;7
"21455";3;4;7;7;7;7;7;7;7
"21456";3;4;7;7;7;7;7;7;7
"21457";3;4;7;7;7;7;7;7;7
"21458";3;4;7;7;7;7;7;7;7
"21459";3;4;7;7;7;7;7;7;7
"21460";3;4;7;7;7;7;7;7;7
"21461";3;4;7;7;7;7;7;7;7
"21462";3;4;6;8;8;8;8;8;8
"21463";3;4;6;8;8;8;8;8;8
"21464";3;4;6;8;8;8;8;8;8
"21465";3;4;6;8;8;8;8;8;8
"21466";3;4;6;9;10;12;15;16;19
"21467";3;4;6;9;10;12;15;16;19
"21468";3;4;6;8;8;8;8;8;8
"21469";3;4;6;8;8;8;8;8;8
"21470";3;4;6;8;8;8;8;8;8
"21471";3;4;6;8;8;8;8;8;8
"21472";3;5;5;5;5;5;5;5;5
"21473";3;5;5;5;5;5;5;5;5
"21474";3;4;6;8;8;8;8;8;8
"21475";3;4;6;8;8;8;8;8;8
"21476";3;4;6;8;8;8;8;8;8
"21477";3;4;6;8;8;8;8;8;8
"21478";3;4;6;8;8;8;8;8;8
"21479";3;4;6;8;8;8;8;8;8
"21480";3;4;6;8;8;8;8;8;8
"21481";3;4;6;8;8;8;8;8;8
"21482";3;4;6;9;10;12;15;16;19
"21483";3;4;6;8;8;8;8;8;8
"21484";3;4;6;8;8;8;8;8;8
"21485";3;4;6;8;8;8;8;8;8
"21486";3;4;6;8;8;8;8;8;8
"21487";3;4;6;8;8;8;8;8;8
"21488";3;5;5;5;5;5;5;5;5
"21489";3;5;5;5;5;5;5;5;5
"21490";3;5;5;5;5;5;5;5;5
"21491";3;5;5;5;5;5;5;5;5
"21492";3;4;6;9;10;12;15;16;18
"21493";3;4;6;9;10;12;15;16;19
"21494";3;4;6;9;10;12;15;16;19
"21495";3;4;7;7;7;7;7;7;7
"21496";3;4;6;8;8;8;8;8;8
"21497";3;4;6;9;10;12;15;16;19
"21498";3;4;6;9;10;13;13;13;13
"21499";3;4;6;9;10;13;13;13;13
"21500";3;5;5;5;5;5;5;5;5
"21501";3;4;6;9;10;12;15;16;19
"21502";3;5;5;5;5;5;5;5;5
"21503";3;5;5;5;5;5;5;5;5
"21504";3;5;5;5;5;5;5;5;5
"21505";3;5;5;5;5;5;5;5;5
"21506";3;4;6;9;10;13;13;13;13
"21507";3;5;5;5;5;5;5;5;5
"21508";3;5;5;5;5;5;5;5;5
"21509";3;4;6;9;10;12;15;16;19
"21510";3;4;6;9;10;12;15;16;19
"21511";3;4;7;7;7;7;7;7;7
"21512";3;4;6;9;10;12;15;16;19
"21513";3;4;6;9;10;12;15;16;19
"21514";3;4;6;9;10;12;15;16;19
"21515";3;4;6;9;10;12;15;16;19
"21516";3;4;6;8;8;8;8;8;8
"21517";3;4;6;9;10;12;15;16;19
"21518";3;4;6;9;10;12;15;16;19
"21519";3;4;6;8;8;8;8;8;8
"21520";3;4;6;8;8;8;8;8;8
"21521";3;4;6;8;8;8;8;8;8
"21522";3;5;5;5;5;5;5;5;5
"21523";3;4;6;8;8;8;8;8;8
"21524";3;4;6;8;8;8;8;8;8
"21525";3;4;6;9;10;12;15;16;19
"21526";3;4;6;8;8;8;8;8;8
"21527";3;4;6;8;8;8;8;8;8
"21528";3;5;5;5;5;5;5;5;5
"21529";3;5;5;5;5;5;5;5;5
"21530";3;5;5;5;5;5;5;5;5
"21531";3;4;6;9;10;12;15;16;19
"21532";3;4;6;8;8;8;8;8;8
"21533";3;4;6;9;10;12;15;16;19
"21534";3;4;6;8;8;8;8;8;8
"21535";3;4;6;8;8;8;8;8;8
"21536";3;4;6;9;10;12;15;16;19
"21537";3;4;6;9;10;12;15;16;19
"21538";3;4;6;9;10;12;15;16;19
"21539";3;4;6;9;10;12;15;16;19
"21540";3;4;6;9;10;12;15;16;19
"21541";3;4;6;9;10;12;15;16;19
"21542";3;4;6;9;10;12;15;16;19
"21543";3;4;6;9;10;12;15;16;19
"21544";3;4;6;8;8;8;8;8;8
"21545";3;4;6;9;10;12;15;16;19
"21546";3;4;6;9;10;12;15;16;19
"21547";3;4;6;9;10;12;15;16;19
"21548";3;4;7;7;7;7;7;7;7
"21549";3;4;6;8;8;8;8;8;8
"21550";3;4;6;8;8;8;8;8;8
"21551";3;4;6;9;10;12;15;16;19
"21552";3;4;6;8;8;8;8;8;8
"21553";3;4;6;8;8;8;8;8;8
"21554";3;4;6;8;8;8;8;8;8
"21555";3;4;6;9;10;13;13;13;13
"21556";3;4;6;8;8;8;8;8;8
"21557";3;4;6;8;8;8;8;8;8
"21558";3;4;6;8;8;8;8;8;8
"21559";3;4;6;9;10;12;15;16;19
"21560";3;5;5;5;5;5;5;5;5
"21561";3;4;6;8;8;8;8;8;8
"21562";3;4;6;8;8;8;8;8;8
"21563";3;4;6;8;8;8;8;8;8
"21564";3;4;6;8;8;8;8;8;8
"21565";3;5;5;5;5;5;5;5;5
"21566";3;4;6;9;10;12;15;16;19
"21567";3;4;7;7;7;7;7;7;7
"21568";3;4;6;9;10;12;15;16;19
"21569";3;4;6;8;8;8;8;8;8
"21570";3;4;6;9;10;12;15;16;19
"21571";3;4;6;9;10;12;15;16;19
"21572";3;4;6;9;10;12;15;16;19
"21573";3;4;6;9;10;12;15;16;19
"21574";3;4;6;9;10;12;15;16;19
"21575";3;4;6;8;8;8;8;8;8
"21576";3;4;6;8;8;8;8;8;8
"21577";3;4;6;9;10;12;15;16;19
"21578";3;4;6;8;8;8;8;8;8
"21579";3;4;6;9;10;12;15;16;19
"21580";3;4;6;9;10;12;15;16;19
"21581";3;4;6;8;8;8;8;8;8
"21582";3;4;6;9;10;12;15;16;19
"21583";3;4;7;7;7;7;7;7;7
"21584";3;4;6;9;10;12;15;16;19
"21585";3;4;6;9;10;12;15;16;19
"21586";3;4;6;9;10;12;15;16;19
"21587";3;4;6;9;10;12;15;16;19
"21588";3;5;5;5;5;5;5;5;5
"21589";3;4;6;9;10;12;15;16;19
"21590";3;4;6;8;8;8;8;8;8
"21591";3;4;6;8;8;8;8;8;8
"21592";3;4;6;8;8;8;8;8;8
"21593";3;4;6;9;10;12;15;16;19
"21594";3;4;6;9;10;12;15;16;19
"21595";3;4;6;9;10;12;15;16;19
"21596";3;4;6;8;8;8;8;8;8
"21597";3;4;6;9;10;12;15;16;19
"21598";3;4;6;8;8;8;8;8;8
"21599";3;4;6;9;10;12;15;16;19
"21600";3;4;6;9;10;12;15;16;19
"21601";3;4;6;9;10;12;15;16;19
"21602";3;4;6;9;10;12;15;16;19
"21603";3;4;6;8;8;8;8;8;8
"21604";3;4;6;9;10;12;15;16;19
"21605";3;4;6;8;8;8;8;8;8
"21606";3;4;6;9;10;12;15;16;19
"21607";3;4;6;9;10;12;15;16;19
"21608";3;4;6;9;10;12;15;16;19
"21609";3;4;7;7;7;7;7;7;7
"21610";2;2;2;2;2;2;2;2;2
"21611";2;2;2;2;2;2;2;2;2
"21612";2;2;2;2;2;2;2;2;2
"21613";2;2;2;2;2;2;2;2;2
"21614";2;2;2;2;2;2;2;2;2
"21615";2;2;2;2;2;2;2;2;2
"21616";2;2;2;2;2;2;2;2;2
"21617";2;2;2;2;2;2;2;2;2
"21618";2;2;2;2;2;2;2;2;2
"21619";2;2;2;2;2;2;2;2;2
"21620";2;2;2;2;2;2;2;2;2
"21621";2;2;2;2;2;2;2;2;2
"21622";2;2;2;2;2;2;2;2;2
"21623";2;2;2;2;2;2;2;2;2
"21624";2;2;2;2;2;2;2;2;2
"21625";2;2;2;2;2;2;2;2;2
"21626";2;2;2;2;2;2;2;2;2
"21627";2;2;2;2;2;2;2;2;2
"21628";2;2;2;2;2;2;2;2;2
"21629";2;2;2;2;2;2;2;2;2
"21630";2;2;2;2;2;2;2;2;2
"21631";2;2;2;2;2;2;2;2;2
"21632";2;2;2;2;2;2;2;2;2
"21633";2;2;2;2;2;2;2;2;2
"21634";2;2;2;2;2;2;2;2;2
"21635";2;2;2;2;2;2;2;2;2
"21636";2;2;2;2;2;2;2;2;2
"21637";2;2;2;2;2;2;2;2;2
"21638";2;2;2;2;2;2;2;2;2
"21639";2;2;2;2;2;2;2;2;2
"21640";2;2;2;2;2;2;2;2;2
"21641";2;2;2;2;2;2;2;2;2
"21642";2;2;2;2;2;2;2;2;2
"21643";2;2;2;2;2;2;2;2;2
"21644";2;2;2;2;2;2;2;2;2
"21645";2;2;2;2;2;2;2;2;2
"21646";2;2;2;2;2;2;2;2;2
"21647";3;4;7;7;7;7;7;7;7
"21648";3;4;7;7;7;7;7;7;7
"21649";3;4;6;9;10;12;15;16;19
"21650";3;4;7;7;7;7;7;7;7
"21651";3;4;6;9;10;12;15;16;19
"21652";3;4;7;7;7;7;7;7;7
"21653";3;4;7;7;7;7;7;7;7
"21654";3;4;7;7;7;7;7;7;7
"21655";3;4;7;7;7;7;7;7;7
"21656";3;4;6;9;10;12;15;16;19
"21657";3;4;7;7;7;7;7;7;7
"21658";3;4;7;7;7;7;7;7;7
"21659";3;4;6;9;10;12;15;16;19
"21660";3;4;6;9;10;12;15;16;19
"21661";3;4;7;7;7;7;7;7;7
"21662";3;4;6;9;10;12;15;16;19
"21663";3;4;7;7;7;7;7;7;7
"21664";3;4;7;7;7;7;7;7;7
"21665";3;4;7;7;7;7;7;7;7
"21666";3;4;6;9;10;12;15;16;19
"21667";3;4;7;7;7;7;7;7;7
"21668";3;4;7;7;7;7;7;7;7
"21669";3;4;6;9;10;12;15;16;19
"21670";3;4;7;7;7;7;7;7;7
"21671";3;4;6;8;8;8;8;8;8
"21672";3;4;7;7;7;7;7;7;7
"21673";3;4;6;9;10;12;15;16;19
"21674";3;4;7;7;7;7;7;7;7
"21675";3;4;7;7;7;7;7;7;7
"21676";3;4;7;7;7;7;7;7;7
"21677";3;4;7;7;7;7;7;7;7
"21678";3;4;7;7;7;7;7;7;7
"21679";3;4;7;7;7;7;7;7;7
"21680";3;4;6;9;10;12;15;16;19
"21681";3;4;7;7;7;7;7;7;7
"21682";3;4;6;9;10;12;15;16;19
"21683";3;4;7;7;7;7;7;7;7
"21684";3;4;7;7;7;7;7;7;7
"21685";3;4;6;9;10;12;15;16;19
"21686";3;4;7;7;7;7;7;7;7
"21687";3;4;7;7;7;7;7;7;7
"21688";3;4;7;7;7;7;7;7;7
"21689";3;4;7;7;7;7;7;7;7
"21690";3;4;7;7;7;7;7;7;7
"21691";3;4;7;7;7;7;7;7;7
"21692";3;4;7;7;7;7;7;7;7
"21693";3;4;7;7;7;7;7;7;7
"21694";3;4;7;7;7;7;7;7;7
"21695";3;4;7;7;7;7;7;7;7
"21696";3;4;7;7;7;7;7;7;7
"21697";3;4;6;9;10;12;15;16;19
"21698";3;4;7;7;7;7;7;7;7
"21699";3;4;6;9;10;12;15;16;19
"21700";3;4;7;7;7;7;7;7;7
"21701";3;4;7;7;7;7;7;7;7
"21702";3;4;6;9;10;12;15;16;19
"21703";3;4;7;7;7;7;7;7;7
"21704";3;4;7;7;7;7;7;7;7
"21705";3;4;7;7;7;7;7;7;7
"21706";3;4;7;7;7;7;7;7;7
"21707";3;4;7;7;7;7;7;7;7
"21708";3;4;7;7;7;7;7;7;7
"21709";3;4;7;7;7;7;7;7;7
"21710";3;4;7;7;7;7;7;7;7
"21711";3;4;7;7;7;7;7;7;7
"21712";3;4;7;7;7;7;7;7;7
"21713";3;4;7;7;7;7;7;7;7
"21714";3;4;7;7;7;7;7;7;7
"21715";3;4;7;7;7;7;7;7;7
"21716";3;4;7;7;7;7;7;7;7
"21717";3;4;6;9;10;12;15;16;19
"21718";3;4;7;7;7;7;7;7;7
"21719";3;4;6;9;10;12;15;16;19
"21720";3;4;7;7;7;7;7;7;7
"21721";3;4;6;9;10;12;15;16;19
"21722";3;4;7;7;7;7;7;7;7
"21723";3;4;7;7;7;7;7;7;7
"21724";3;4;7;7;7;7;7;7;7
"21725";3;4;6;9;10;12;15;16;19
"21726";3;4;7;7;7;7;7;7;7
"21727";3;4;6;9;10;12;15;16;19
"21728";3;4;7;7;7;7;7;7;7
"21729";3;4;7;7;7;7;7;7;7
"21730";3;4;7;7;7;7;7;7;7
"21731";3;4;6;9;10;12;15;16;19
"21732";3;4;7;7;7;7;7;7;7
"21733";3;4;7;7;7;7;7;7;7
"21734";3;4;7;7;7;7;7;7;7
"21735";3;4;7;7;7;7;7;7;7
"21736";3;4;7;7;7;7;7;7;7
"21737";3;4;7;7;7;7;7;7;7
"21738";3;4;6;9;10;12;15;16;19
"21739";3;4;7;7;7;7;7;7;7
"21740";3;4;7;7;7;7;7;7;7
"21741";3;4;7;7;7;7;7;7;7
"21742";3;4;7;7;7;7;7;7;7
"21743";3;4;7;7;7;7;7;7;7
"21744";3;4;7;7;7;7;7;7;7
"21745";3;4;7;7;7;7;7;7;7
"21746";3;4;7;7;7;7;7;7;7
"21747";3;4;7;7;7;7;7;7;7
"21748";3;4;7;7;7;7;7;7;7
"21749";3;4;7;7;7;7;7;7;7
"21750";3;4;7;7;7;7;7;7;7
"21751";3;4;7;7;7;7;7;7;7
"21752";3;4;7;7;7;7;7;7;7
"21753";3;4;7;7;7;7;7;7;7
"21754";3;4;7;7;7;7;7;7;7
"21755";3;4;7;7;7;7;7;7;7
"21756";3;4;7;7;7;7;7;7;7
"21757";3;4;7;7;7;7;7;7;7
"21758";3;4;6;9;10;12;15;16;19
"21759";3;4;7;7;7;7;7;7;7
"21760";3;4;7;7;7;7;7;7;7
"21761";3;4;6;9;10;12;15;16;19
"21762";3;4;6;9;10;12;15;16;19
"21763";3;4;7;7;7;7;7;7;7
"21764";3;4;7;7;7;7;7;7;7
"21765";3;4;6;9;10;12;15;16;19
"21766";3;4;7;7;7;7;7;7;7
"21767";3;4;7;7;7;7;7;7;7
"21768";3;4;7;7;7;7;7;7;7
"21769";3;4;7;7;7;7;7;7;7
"21770";3;4;7;7;7;7;7;7;7
"21771";3;4;7;7;7;7;7;7;7
"21772";3;4;7;7;7;7;7;7;7
"21773";3;4;7;7;7;7;7;7;7
"21774";3;4;7;7;7;7;7;7;7
"21775";3;4;7;7;7;7;7;7;7
"21776";3;4;7;7;7;7;7;7;7
"21777";3;4;7;7;7;7;7;7;7
"21778";3;4;7;7;7;7;7;7;7
"21779";3;4;7;7;7;7;7;7;7
"21780";3;4;7;7;7;7;7;7;7
"21781";3;4;7;7;7;7;7;7;7
"21782";3;4;7;7;7;7;7;7;7
"21783";3;4;7;7;7;7;7;7;7
"21784";3;4;7;7;7;7;7;7;7
"21785";3;4;7;7;7;7;7;7;7
"21786";3;4;7;7;7;7;7;7;7
"21787";3;4;7;7;7;7;7;7;7
"21788";3;4;7;7;7;7;7;7;7
"21789";3;4;7;7;7;7;7;7;7
"21790";3;4;7;7;7;7;7;7;7
"21791";3;4;7;7;7;7;7;7;7
"21792";3;4;6;9;10;12;15;16;19
"21793";3;4;7;7;7;7;7;7;7
"21794";3;4;7;7;7;7;7;7;7
"21795";3;4;7;7;7;7;7;7;7
"21796";3;4;7;7;7;7;7;7;7
"21797";3;4;7;7;7;7;7;7;7
"21798";3;4;6;9;10;12;15;16;19
"21799";3;4;6;9;10;12;15;16;19
"21800";3;4;6;9;10;12;15;16;19
"21801";3;4;6;8;8;8;8;8;8
"21802";3;4;6;9;10;12;15;16;19
"21803";3;4;7;7;7;7;7;7;7
"21804";3;4;7;7;7;7;7;7;7
"21805";3;4;7;7;7;7;7;7;7
"21806";3;4;7;7;7;7;7;7;7
"21807";3;4;6;9;10;12;15;16;19
"21808";3;4;6;9;10;12;15;16;19
"21809";3;4;7;7;7;7;7;7;7
"21810";3;4;7;7;7;7;7;7;7
"21811";3;4;7;7;7;7;7;7;7
"21812";3;4;7;7;7;7;7;7;7
"21813";3;4;7;7;7;7;7;7;7
"21814";3;4;7;7;7;7;7;7;7
"21815";3;4;6;9;10;12;15;16;19
"21816";3;4;7;7;7;7;7;7;7
"21817";3;4;7;7;7;7;7;7;7
"21818";2;2;2;2;2;2;2;2;2
"21819";2;2;2;2;2;2;2;2;2
"21820";3;4;7;7;7;7;7;7;7
"21821";3;4;6;9;10;12;15;16;19
"21822";3;4;7;7;7;7;7;7;7
"21823";3;4;6;8;8;8;8;8;8
"21824";3;4;6;8;8;8;8;8;8
"21825";3;4;6;8;8;8;8;8;8
"21826";3;4;6;8;8;8;8;8;8
"21827";3;4;6;8;8;8;8;8;8
"21828";3;5;5;5;5;5;5;5;5
"21829";3;4;6;9;10;12;15;16;19
"21830";3;4;6;8;8;8;8;8;8
"21831";3;4;6;8;8;8;8;8;8
"21832";3;4;6;9;10;12;15;16;19
"21833";3;4;6;8;8;8;8;8;8
"21834";3;4;6;8;8;8;8;8;8
"21835";3;4;6;8;8;8;8;8;8
"21836";3;4;6;9;10;12;15;16;19
"21837";3;4;6;8;8;8;8;8;8
"21838";3;4;6;9;10;12;15;16;19
"21839";3;4;6;9;10;12;15;16;18
"21840";3;4;6;9;10;12;15;16;19
"21841";3;4;6;9;10;12;15;16;19
"21842";3;4;6;9;10;12;15;16;19
"21843";3;4;6;8;8;8;8;8;8
"21844";3;4;6;8;8;8;8;8;8
"21845";3;4;6;9;10;12;15;16;19
"21846";3;4;6;8;8;8;8;8;8
"21847";3;4;6;8;8;8;8;8;8
"21848";3;4;6;8;8;8;8;8;8
"21849";3;4;6;8;8;8;8;8;8
"21850";3;4;6;8;8;8;8;8;8
"21851";3;4;6;8;8;8;8;8;8
"21852";3;4;6;8;8;8;8;8;8
"21853";3;4;6;8;8;8;8;8;8
"21854";3;4;6;8;8;8;8;8;8
"21855";3;4;6;8;8;8;8;8;8
"21856";3;4;6;8;8;8;8;8;8
"21857";3;5;5;5;5;5;5;5;5
"21858";3;4;6;8;8;8;8;8;8
"21859";3;4;6;9;10;12;15;16;19
"21860";3;4;6;8;8;8;8;8;8
"21861";3;4;6;8;8;8;8;8;8
"21862";3;4;6;8;8;8;8;8;8
"21863";3;4;6;9;10;12;15;16;19
"21864";3;4;7;7;7;7;7;7;7
"21865";3;4;6;9;10;12;15;16;19
"21866";3;4;6;9;10;12;15;16;19
"21867";3;4;6;9;10;12;15;16;19
"21868";3;4;6;9;10;12;15;16;19
"21869";3;4;6;9;10;12;15;16;19
"21870";3;4;7;7;7;7;7;7;7
"21871";3;4;6;8;8;8;8;8;8
"21872";3;4;6;8;8;8;8;8;8
"21873";3;4;6;9;10;12;15;16;19
"21874";3;4;6;9;10;12;15;16;19
"21875";3;4;6;9;10;12;15;16;19
"21876";3;4;6;8;8;8;8;8;8
"21877";3;4;6;8;8;8;8;8;8
"21878";3;4;6;8;8;8;8;8;8
"21879";3;4;6;8;8;8;8;8;8
"21880";3;4;6;8;8;8;8;8;8
"21881";3;4;6;9;10;12;15;16;19
"21882";3;4;6;8;8;8;8;8;8
"21883";3;4;6;8;8;8;8;8;8
"21884";3;4;6;9;10;13;13;13;13
"21885";3;4;6;9;10;12;15;16;19
"21886";3;4;6;8;8;8;8;8;8
"21887";3;4;6;9;10;13;13;13;13
"21888";3;4;6;9;10;13;13;13;13
"21889";3;4;6;9;10;12;15;16;19
"21890";3;4;6;9;10;12;15;16;19
"21891";3;4;6;9;10;12;15;16;19
"21892";3;4;6;9;10;12;15;16;19
"21893";3;4;6;8;8;8;8;8;8
"21894";3;4;6;9;10;12;15;16;19
"21895";3;4;6;9;10;13;13;13;13
"21896";3;4;6;9;10;12;15;16;19
"21897";3;4;6;9;10;12;15;16;19
"21898";3;4;6;8;8;8;8;8;8
"21899";3;4;6;8;8;8;8;8;8
"21900";3;4;6;8;8;8;8;8;8
"21901";3;4;6;8;8;8;8;8;8
"21902";3;4;6;9;10;12;15;16;19
"21903";3;4;6;8;8;8;8;8;8
"21904";3;4;6;8;8;8;8;8;8
"21905";3;5;5;5;5;5;5;5;5
"21906";3;4;6;8;8;8;8;8;8
"21907";3;4;6;8;8;8;8;8;8
"21908";3;4;6;8;8;8;8;8;8
"21909";3;4;6;8;8;8;8;8;8
"21910";3;4;6;8;8;8;8;8;8
"21911";3;4;6;9;10;12;15;16;19
"21912";3;4;6;8;8;8;8;8;8
"21913";3;4;6;9;10;12;15;16;19
"21914";3;4;6;8;8;8;8;8;8
"21915";3;4;6;9;10;12;15;16;19
"21916";3;4;6;9;10;12;15;16;19
"21917";3;5;5;5;5;5;5;5;5
"21918";3;4;6;8;8;8;8;8;8
"21919";3;4;6;8;8;8;8;8;8
"21920";3;5;5;5;5;5;5;5;5
"21921";3;4;6;8;8;8;8;8;8
"21922";3;4;6;8;8;8;8;8;8
"21923";3;4;6;9;10;12;15;16;19
"21924";3;4;6;9;10;12;15;16;19
"21925";3;4;6;9;10;13;13;13;13
"21926";3;5;5;5;5;5;5;5;5
"21927";3;4;6;9;10;12;15;16;19
"21928";3;4;6;9;10;12;15;16;19
"21929";3;4;6;9;10;12;15;16;19
"21930";3;4;6;9;10;12;15;16;19
"21931";3;4;6;9;10;12;15;16;19
"21932";3;4;6;9;10;12;15;16;19
"21933";3;4;6;9;10;12;15;16;19
"21934";3;4;6;9;10;12;15;16;19
"21935";3;4;6;9;10;12;15;16;19
"21936";3;4;6;8;8;8;8;8;8
"21937";3;4;6;9;10;12;15;16;19
"21938";3;4;6;9;10;12;15;16;19
"21939";3;4;6;9;10;12;15;16;19
"21940";3;4;6;8;8;8;8;8;8
"21941";3;4;6;8;8;8;8;8;8
"21942";3;4;6;8;8;8;8;8;8
"21943";3;4;6;9;10;12;15;16;19
"21944";3;4;6;9;10;12;15;16;19
"21945";3;4;6;9;10;12;15;16;19
"21946";3;4;6;9;10;12;15;16;19
"21947";3;4;7;7;7;7;7;7;7
"21948";3;4;6;9;10;12;15;16;19
"21949";3;4;6;9;10;12;15;16;19
"21950";3;4;6;9;10;12;15;16;19
"21951";3;4;6;9;10;12;15;16;19
"21952";3;4;6;8;8;8;8;8;8
"21953";3;4;6;8;8;8;8;8;8
"21954";3;4;6;9;10;12;15;16;19
"21955";3;5;5;5;5;5;5;5;5
"21956";3;4;6;8;8;8;8;8;8
"21957";3;4;6;8;8;8;8;8;8
"21958";3;4;6;8;8;8;8;8;8
"21959";3;4;6;9;10;12;15;16;19
"21960";3;4;6;9;10;12;15;16;19
"21961";3;4;6;9;10;12;15;16;19
"21962";3;4;6;8;8;8;8;8;8
"21963";3;4;6;8;8;8;8;8;8
"21964";3;4;6;8;8;8;8;8;8
"21965";3;4;6;8;8;8;8;8;8
"21966";3;4;6;8;8;8;8;8;8
"21967";3;4;6;9;10;12;15;16;19
"21968";3;4;6;8;8;8;8;8;8
"21969";3;4;6;8;8;8;8;8;8
"21970";3;4;6;8;8;8;8;8;8
"21971";3;4;6;9;10;12;15;16;19
"21972";3;4;6;9;10;12;15;16;19
"21973";3;4;6;9;10;12;15;16;19
"21974";3;4;6;9;10;12;15;16;19
"21975";3;4;6;8;8;8;8;8;8
"21976";3;4;6;8;8;8;8;8;8
"21977";3;4;6;8;8;8;8;8;8
"21978";3;4;6;8;8;8;8;8;8
"21979";3;4;6;8;8;8;8;8;8
"21980";3;4;6;9;10;12;15;16;19
"21981";3;4;6;8;8;8;8;8;8
"21982";3;4;6;8;8;8;8;8;8
"21983";3;4;6;8;8;8;8;8;8
"21984";3;4;6;8;8;8;8;8;8
"21985";3;4;6;8;8;8;8;8;8
"21986";3;4;6;8;8;8;8;8;8
"21987";3;4;6;8;8;8;8;8;8
"21988";3;4;6;8;8;8;8;8;8
"21989";3;4;6;9;10;13;13;13;13
"21990";3;4;6;8;8;8;8;8;8
"21991";3;4;6;9;10;12;15;16;19
"21992";3;4;6;9;10;12;15;16;19
"21993";3;4;6;8;8;8;8;8;8
"21994";3;4;6;9;10;13;13;13;13
"21995";3;4;6;8;8;8;8;8;8
"21996";3;4;6;9;10;12;15;16;19
"21997";3;4;6;9;10;13;13;13;13
"21998";3;4;6;9;10;12;15;16;19
"21999";3;4;6;9;10;12;15;16;19
"22000";3;4;6;8;8;8;8;8;8
"22001";3;4;6;8;8;8;8;8;8
"22002";3;5;5;5;5;5;5;5;5
"22003";3;5;5;5;5;5;5;5;5
"22004";3;4;6;8;8;8;8;8;8
"22005";3;4;6;8;8;8;8;8;8
"22006";3;4;6;8;8;8;8;8;8
"22007";3;4;6;8;8;8;8;8;8
"22008";3;4;6;8;8;8;8;8;8
"22009";3;4;6;8;8;8;8;8;8
"22010";3;4;6;8;8;8;8;8;8
"22011";3;4;6;9;10;12;15;16;19
"22012";3;4;6;8;8;8;8;8;8
"22013";3;4;6;9;10;12;15;16;19
"22014";3;4;6;9;10;12;15;16;19
"22015";3;4;6;8;8;8;8;8;8
"22016";3;4;6;9;10;12;15;16;19
"22017";3;4;6;9;10;12;15;16;19
"22018";3;4;6;8;8;8;8;8;8
"22019";3;4;6;8;8;8;8;8;8
"22020";3;4;6;9;10;12;15;16;19
"22021";3;5;5;5;5;5;5;5;5
"22022";3;4;6;9;10;12;15;16;19
"22023";3;4;6;9;10;12;15;16;19
"22024";3;4;6;8;8;8;8;8;8
"22025";3;4;6;8;8;8;8;8;8
"22026";3;4;6;8;8;8;8;8;8
"22027";3;4;6;8;8;8;8;8;8
"22028";3;4;6;8;8;8;8;8;8
"22029";3;4;6;9;10;12;15;16;19
"22030";3;4;6;8;8;8;8;8;8
"22031";3;5;5;5;5;5;5;5;5
"22032";3;4;6;9;10;12;15;16;19
"22033";3;4;6;8;8;8;8;8;8
"22034";3;4;7;7;7;7;7;7;7
"22035";3;4;6;8;8;8;8;8;8
"22036";3;4;6;9;10;12;15;16;19
"22037";3;4;6;9;10;12;15;16;19
"22038";3;4;6;8;8;8;8;8;8
"22039";3;4;6;8;8;8;8;8;8
"22040";3;4;6;9;10;12;15;16;19
"22041";3;4;6;9;10;12;15;16;19
"22042";3;5;5;5;5;5;5;5;5
"22043";3;5;5;5;5;5;5;5;5
"22044";3;4;6;8;8;8;8;8;8
"22045";3;4;6;9;10;12;15;16;19
"22046";3;4;6;8;8;8;8;8;8
"22047";3;4;6;8;8;8;8;8;8
"22048";3;4;6;8;8;8;8;8;8
"22049";3;4;6;8;8;8;8;8;8
"22050";3;4;6;9;10;12;15;16;19
"22051";3;4;6;9;10;12;15;16;19
"22052";3;4;6;9;10;12;15;16;19
"22053";3;4;6;8;8;8;8;8;8
"22054";3;4;6;8;8;8;8;8;8
"22055";3;4;6;9;10;12;15;16;19
"22056";3;4;6;8;8;8;8;8;8
"22057";3;4;6;8;8;8;8;8;8
"22058";3;4;6;8;8;8;8;8;8
"22059";3;4;6;8;8;8;8;8;8
"22060";3;4;6;9;10;12;15;16;19
"22061";3;4;6;8;8;8;8;8;8
"22062";3;4;6;8;8;8;8;8;8
"22063";3;4;6;9;10;12;15;16;19
"22064";3;4;6;8;8;8;8;8;8
"22065";3;4;6;9;10;12;15;16;19
"22066";3;4;6;8;8;8;8;8;8
"22067";3;4;6;8;8;8;8;8;8
"22068";3;4;6;8;8;8;8;8;8
"22069";3;4;6;8;8;8;8;8;8
"22070";3;4;6;8;8;8;8;8;8
"22071";3;4;7;7;7;7;7;7;7
"22072";3;4;7;7;7;7;7;7;7
"22073";3;4;7;7;7;7;7;7;7
"22074";3;4;7;7;7;7;7;7;7
"22075";3;4;7;7;7;7;7;7;7
"22076";3;4;7;7;7;7;7;7;7
"22077";3;4;7;7;7;7;7;7;7
"22078";3;4;7;7;7;7;7;7;7
"22079";3;4;7;7;7;7;7;7;7
"22080";3;4;7;7;7;7;7;7;7
"22081";3;4;7;7;7;7;7;7;7
"22082";3;4;7;7;7;7;7;7;7
"22083";3;4;7;7;7;7;7;7;7
"22084";3;4;7;7;7;7;7;7;7
"22085";3;4;7;7;7;7;7;7;7
"22086";3;4;7;7;7;7;7;7;7
"22087";3;4;7;7;7;7;7;7;7
"22088";3;4;7;7;7;7;7;7;7
"22089";3;4;7;7;7;7;7;7;7
"22090";3;4;7;7;7;7;7;7;7
"22091";3;4;7;7;7;7;7;7;7
"22092";3;4;7;7;7;7;7;7;7
"22093";3;4;7;7;7;7;7;7;7
"22094";3;4;7;7;7;7;7;7;7
"22095";3;4;7;7;7;7;7;7;7
"22096";3;4;6;9;10;12;15;16;19
"22097";3;4;7;7;7;7;7;7;7
"22098";3;5;5;5;5;5;5;5;5
"22099";3;4;6;9;10;12;15;16;19
"22100";3;4;7;7;7;7;7;7;7
"22101";3;4;7;7;7;7;7;7;7
"22102";3;4;7;7;7;7;7;7;7
"22103";3;4;6;9;10;12;15;16;19
"22104";3;4;7;7;7;7;7;7;7
"22105";3;4;7;7;7;7;7;7;7
"22106";3;4;7;7;7;7;7;7;7
"22107";3;4;7;7;7;7;7;7;7
"22108";3;4;7;7;7;7;7;7;7
"22109";3;4;7;7;7;7;7;7;7
"22110";3;4;7;7;7;7;7;7;7
"22111";3;4;7;7;7;7;7;7;7
"22112";3;4;7;7;7;7;7;7;7
"22113";3;4;7;7;7;7;7;7;7
"22114";3;4;7;7;7;7;7;7;7
"22115";3;4;7;7;7;7;7;7;7
"22116";3;4;7;7;7;7;7;7;7
"22117";3;4;7;7;7;7;7;7;7
"22118";3;4;7;7;7;7;7;7;7
"22119";3;4;7;7;7;7;7;7;7
"22120";3;4;7;7;7;7;7;7;7
"22121";3;4;7;7;7;7;7;7;7
"22122";3;4;7;7;7;7;7;7;7
"22123";3;4;7;7;7;7;7;7;7
"22124";3;4;7;7;7;7;7;7;7
"22125";3;4;7;7;7;7;7;7;7
"22126";3;4;7;7;7;7;7;7;7
"22127";3;4;7;7;7;7;7;7;7
"22128";3;4;6;9;10;12;15;16;19
"22129";3;4;7;7;7;7;7;7;7
"22130";3;4;7;7;7;7;7;7;7
"22131";3;4;7;7;7;7;7;7;7
"22132";3;4;7;7;7;7;7;7;7
"22133";3;4;7;7;7;7;7;7;7
"22134";3;4;7;7;7;7;7;7;7
"22135";3;4;6;8;8;8;8;8;8
"22136";3;4;7;7;7;7;7;7;7
"22137";3;4;7;7;7;7;7;7;7
"22138";3;4;7;7;7;7;7;7;7
"22139";3;4;7;7;7;7;7;7;7
"22140";3;4;7;7;7;7;7;7;7
"22141";3;4;7;7;7;7;7;7;7
"22142";3;4;7;7;7;7;7;7;7
"22143";3;4;7;7;7;7;7;7;7
"22144";3;4;7;7;7;7;7;7;7
"22145";3;4;7;7;7;7;7;7;7
"22146";3;4;7;7;7;7;7;7;7
"22147";3;4;7;7;7;7;7;7;7
"22148";3;4;7;7;7;7;7;7;7
"22149";3;4;7;7;7;7;7;7;7
"22150";3;4;7;7;7;7;7;7;7
"22151";3;4;7;7;7;7;7;7;7
"22152";3;4;7;7;7;7;7;7;7
"22153";3;4;7;7;7;7;7;7;7
"22154";3;4;7;7;7;7;7;7;7
"22155";3;4;7;7;7;7;7;7;7
"22156";3;4;7;7;7;7;7;7;7
"22157";3;4;7;7;7;7;7;7;7
"22158";3;4;7;7;7;7;7;7;7
"22159";3;4;7;7;7;7;7;7;7
"22160";3;4;7;7;7;7;7;7;7
"22161";3;4;7;7;7;7;7;7;7
"22162";3;4;7;7;7;7;7;7;7
"22163";3;4;7;7;7;7;7;7;7
"22164";3;4;7;7;7;7;7;7;7
"22165";3;4;7;7;7;7;7;7;7
"22166";3;4;7;7;7;7;7;7;7
"22167";3;4;7;7;7;7;7;7;7
"22168";3;4;7;7;7;7;7;7;7
"22169";3;4;7;7;7;7;7;7;7
"22170";3;4;7;7;7;7;7;7;7
"22171";3;4;7;7;7;7;7;7;7
"22172";3;4;7;7;7;7;7;7;7
"22173";3;4;7;7;7;7;7;7;7
"22174";3;4;7;7;7;7;7;7;7
"22175";3;4;7;7;7;7;7;7;7
"22176";3;4;7;7;7;7;7;7;7
"22177";3;4;7;7;7;7;7;7;7
"22178";3;4;7;7;7;7;7;7;7
"22179";3;4;7;7;7;7;7;7;7
"22180";3;4;7;7;7;7;7;7;7
"22181";3;4;7;7;7;7;7;7;7
"22182";3;4;7;7;7;7;7;7;7
"22183";3;4;7;7;7;7;7;7;7
"22184";3;4;7;7;7;7;7;7;7
"22185";3;4;7;7;7;7;7;7;7
"22186";3;4;7;7;7;7;7;7;7
"22187";3;4;6;9;10;12;15;16;18
"22188";3;4;7;7;7;7;7;7;7
"22189";3;4;7;7;7;7;7;7;7
"22190";3;4;7;7;7;7;7;7;7
"22191";3;4;7;7;7;7;7;7;7
"22192";3;4;7;7;7;7;7;7;7
"22193";3;4;7;7;7;7;7;7;7
"22194";3;4;7;7;7;7;7;7;7
"22195";3;4;7;7;7;7;7;7;7
"22196";3;4;6;9;10;12;15;16;19
"22197";3;4;7;7;7;7;7;7;7
"22198";3;4;7;7;7;7;7;7;7
"22199";3;4;7;7;7;7;7;7;7
"22200";3;4;7;7;7;7;7;7;7
"22201";3;4;7;7;7;7;7;7;7
"22202";3;4;7;7;7;7;7;7;7
"22203";3;4;7;7;7;7;7;7;7
"22204";3;4;7;7;7;7;7;7;7
"22205";3;4;7;7;7;7;7;7;7
"22206";3;4;7;7;7;7;7;7;7
"22207";3;4;6;9;10;12;15;16;19
"22208";3;4;7;7;7;7;7;7;7
"22209";3;4;7;7;7;7;7;7;7
"22210";3;4;7;7;7;7;7;7;7
"22211";3;4;7;7;7;7;7;7;7
"22212";3;4;7;7;7;7;7;7;7
"22213";3;4;7;7;7;7;7;7;7
"22214";3;4;7;7;7;7;7;7;7
"22215";3;4;7;7;7;7;7;7;7
"22216";3;4;7;7;7;7;7;7;7
"22217";3;4;7;7;7;7;7;7;7
"22218";3;4;7;7;7;7;7;7;7
"22219";3;4;7;7;7;7;7;7;7
"22220";3;4;7;7;7;7;7;7;7
"22221";3;4;7;7;7;7;7;7;7
"22222";3;4;7;7;7;7;7;7;7
"22223";3;4;7;7;7;7;7;7;7
"22224";3;4;7;7;7;7;7;7;7
"22225";3;4;7;7;7;7;7;7;7
"22226";3;4;7;7;7;7;7;7;7
"22227";3;4;7;7;7;7;7;7;7
"22228";3;4;7;7;7;7;7;7;7
"22229";3;4;7;7;7;7;7;7;7
"22230";3;4;7;7;7;7;7;7;7
"22231";3;4;7;7;7;7;7;7;7
"22232";3;4;7;7;7;7;7;7;7
"22233";3;4;7;7;7;7;7;7;7
"22234";3;4;6;9;10;12;15;16;19
"22235";3;4;6;9;10;12;15;16;19
"22236";3;4;6;9;10;12;15;16;19
"22237";3;4;7;7;7;7;7;7;7
"22238";3;4;7;7;7;7;7;7;7
"22239";3;4;7;7;7;7;7;7;7
"22240";3;4;7;7;7;7;7;7;7
"22241";3;4;6;9;10;12;15;16;19
"22242";3;4;6;9;10;12;15;16;19
"22243";3;4;7;7;7;7;7;7;7
"22244";3;4;7;7;7;7;7;7;7
"22245";3;4;7;7;7;7;7;7;7
"22246";3;4;7;7;7;7;7;7;7
"22247";3;4;7;7;7;7;7;7;7
"22248";3;4;7;7;7;7;7;7;7
"22249";3;4;6;9;10;12;15;16;19
"22250";3;4;6;9;10;12;15;16;19
"22251";3;4;6;9;10;12;15;16;19
"22252";3;4;6;9;10;12;15;16;19
"22253";3;4;6;9;10;12;15;16;19
"22254";3;4;6;9;10;12;15;16;19
"22255";3;4;7;7;7;7;7;7;7
"22256";3;4;7;7;7;7;7;7;7
"22257";3;4;7;7;7;7;7;7;7
"22258";3;4;7;7;7;7;7;7;7
"22259";3;4;7;7;7;7;7;7;7
"22260";3;4;6;9;10;12;15;16;19
"22261";3;4;7;7;7;7;7;7;7
"22262";3;4;7;7;7;7;7;7;7
"22263";3;4;7;7;7;7;7;7;7
"22264";3;4;7;7;7;7;7;7;7
"22265";3;4;7;7;7;7;7;7;7
"22266";3;4;7;7;7;7;7;7;7
"22267";3;4;7;7;7;7;7;7;7
"22268";3;4;7;7;7;7;7;7;7
"22269";3;4;7;7;7;7;7;7;7
"22270";3;4;7;7;7;7;7;7;7
"22271";3;4;7;7;7;7;7;7;7
"22272";3;4;7;7;7;7;7;7;7
"22273";3;4;7;7;7;7;7;7;7
"22274";3;4;7;7;7;7;7;7;7
"22275";3;4;7;7;7;7;7;7;7
"22276";3;5;5;5;5;5;5;5;5
"22277";3;4;7;7;7;7;7;7;7
"22278";3;4;6;9;10;12;15;16;19
"22279";3;4;6;9;10;12;15;16;19
"22280";3;4;6;9;10;12;15;16;19
"22281";3;4;7;7;7;7;7;7;7
"22282";3;4;7;7;7;7;7;7;7
"22283";3;4;7;7;7;7;7;7;7
"22284";3;4;7;7;7;7;7;7;7
"22285";3;4;7;7;7;7;7;7;7
"22286";3;4;7;7;7;7;7;7;7
"22287";3;4;7;7;7;7;7;7;7
"22288";3;4;7;7;7;7;7;7;7
"22289";3;4;7;7;7;7;7;7;7
"22290";3;4;7;7;7;7;7;7;7
"22291";3;4;7;7;7;7;7;7;7
"22292";3;4;7;7;7;7;7;7;7
"22293";3;4;7;7;7;7;7;7;7
"22294";3;4;7;7;7;7;7;7;7
"22295";3;4;7;7;7;7;7;7;7
"22296";3;4;7;7;7;7;7;7;7
"22297";3;4;7;7;7;7;7;7;7
"22298";3;4;7;7;7;7;7;7;7
"22299";3;4;7;7;7;7;7;7;7
"22300";3;4;7;7;7;7;7;7;7
"22301";3;4;7;7;7;7;7;7;7
"22302";3;4;7;7;7;7;7;7;7
"22303";3;4;7;7;7;7;7;7;7
"22304";3;4;7;7;7;7;7;7;7
"22305";3;4;7;7;7;7;7;7;7
"22306";3;4;7;7;7;7;7;7;7
"22307";3;4;7;7;7;7;7;7;7
"22308";3;4;7;7;7;7;7;7;7
"22309";3;4;7;7;7;7;7;7;7
"22310";3;4;7;7;7;7;7;7;7
"22311";3;4;7;7;7;7;7;7;7
"22312";3;4;7;7;7;7;7;7;7
"22313";3;4;7;7;7;7;7;7;7
"22314";3;4;7;7;7;7;7;7;7
"22315";3;4;7;7;7;7;7;7;7
"22316";3;4;7;7;7;7;7;7;7
"22317";3;4;7;7;7;7;7;7;7
"22318";3;4;7;7;7;7;7;7;7
"22319";3;4;7;7;7;7;7;7;7
"22320";3;4;7;7;7;7;7;7;7
"22321";3;4;7;7;7;7;7;7;7
"22322";3;4;7;7;7;7;7;7;7
"22323";3;4;7;7;7;7;7;7;7
"22324";3;4;7;7;7;7;7;7;7
"22325";3;4;7;7;7;7;7;7;7
"22326";3;4;7;7;7;7;7;7;7
"22327";3;4;7;7;7;7;7;7;7
"22328";3;4;7;7;7;7;7;7;7
"22329";3;4;7;7;7;7;7;7;7
"22330";3;4;7;7;7;7;7;7;7
"22331";3;4;7;7;7;7;7;7;7
"22332";3;4;7;7;7;7;7;7;7
"22333";3;4;7;7;7;7;7;7;7
"22334";3;4;7;7;7;7;7;7;7
"22335";3;4;7;7;7;7;7;7;7
"22336";3;4;7;7;7;7;7;7;7
"22337";3;4;7;7;7;7;7;7;7
"22338";3;4;7;7;7;7;7;7;7
"22339";3;4;7;7;7;7;7;7;7
"22340";3;4;7;7;7;7;7;7;7
"22341";3;4;7;7;7;7;7;7;7
"22342";3;4;7;7;7;7;7;7;7
"22343";3;4;7;7;7;7;7;7;7
"22344";3;4;7;7;7;7;7;7;7
"22345";3;4;7;7;7;7;7;7;7
"22346";3;4;7;7;7;7;7;7;7
"22347";3;4;7;7;7;7;7;7;7
"22348";3;4;7;7;7;7;7;7;7
"22349";3;4;7;7;7;7;7;7;7
"22350";3;4;7;7;7;7;7;7;7
"22351";3;4;7;7;7;7;7;7;7
"22352";3;4;7;7;7;7;7;7;7
"22353";3;4;7;7;7;7;7;7;7
"22354";3;4;7;7;7;7;7;7;7
"22355";3;4;7;7;7;7;7;7;7
"22356";3;4;7;7;7;7;7;7;7
"22357";3;4;7;7;7;7;7;7;7
"22358";3;4;7;7;7;7;7;7;7
"22359";3;4;7;7;7;7;7;7;7
"22360";3;4;7;7;7;7;7;7;7
"22361";3;4;7;7;7;7;7;7;7
"22362";3;4;6;9;10;12;15;16;19
"22363";3;4;6;9;10;12;15;16;19
"22364";3;4;7;7;7;7;7;7;7
"22365";3;4;7;7;7;7;7;7;7
"22366";3;4;6;8;8;8;8;8;8
"22367";3;4;6;8;8;8;8;8;8
"22368";3;4;6;8;8;8;8;8;8
"22369";3;4;6;9;10;12;15;16;19
"22370";3;4;6;9;10;12;15;16;19
"22371";3;4;6;8;8;8;8;8;8
"22372";3;4;6;8;8;8;8;8;8
"22373";3;4;7;7;7;7;7;7;7
"22374";3;4;6;8;8;8;8;8;8
"22375";3;4;7;7;7;7;7;7;7
"22376";3;4;7;7;7;7;7;7;7
"22377";3;4;6;9;10;12;15;16;19
"22378";3;4;6;8;8;8;8;8;8
"22379";3;4;7;7;7;7;7;7;7
"22380";3;4;7;7;7;7;7;7;7
"22381";3;4;7;7;7;7;7;7;7
"22382";3;4;7;7;7;7;7;7;7
"22383";3;4;7;7;7;7;7;7;7
"22384";3;4;7;7;7;7;7;7;7
"22385";3;4;7;7;7;7;7;7;7
"22386";3;4;7;7;7;7;7;7;7
"22387";3;4;7;7;7;7;7;7;7
"22388";3;4;7;7;7;7;7;7;7
"22389";3;4;7;7;7;7;7;7;7
"22390";3;4;7;7;7;7;7;7;7
"22391";3;4;7;7;7;7;7;7;7
"22392";3;4;7;7;7;7;7;7;7
"22393";3;4;7;7;7;7;7;7;7
"22394";3;4;7;7;7;7;7;7;7
"22395";3;4;7;7;7;7;7;7;7
"22396";3;4;7;7;7;7;7;7;7
"22397";3;4;7;7;7;7;7;7;7
"22398";3;4;7;7;7;7;7;7;7
"22399";3;4;7;7;7;7;7;7;7
"22400";3;4;7;7;7;7;7;7;7
"22401";3;4;7;7;7;7;7;7;7
"22402";3;4;7;7;7;7;7;7;7
"22403";3;4;6;9;10;12;15;16;19
"22404";3;4;7;7;7;7;7;7;7
"22405";3;4;6;9;10;12;15;16;19
"22406";3;4;7;7;7;7;7;7;7
"22407";3;4;6;9;10;12;15;16;19
"22408";3;4;6;9;10;12;15;16;19
"22409";3;4;7;7;7;7;7;7;7
"22410";3;4;7;7;7;7;7;7;7
"22411";3;4;6;9;10;12;15;16;19
"22412";3;4;7;7;7;7;7;7;7
"22413";3;4;7;7;7;7;7;7;7
"22414";3;4;7;7;7;7;7;7;7
"22415";3;4;6;9;10;12;15;16;19
"22416";3;4;6;9;10;12;15;16;19
"22417";3;4;6;9;10;12;15;16;19
"22418";3;4;6;9;10;12;15;16;19
"22419";3;4;6;9;10;12;15;16;19
"22420";3;4;6;9;10;12;15;16;19
"22421";3;4;6;9;10;12;15;16;18
"22422";3;4;7;7;7;7;7;7;7
"22423";3;4;6;9;10;12;15;16;19
"22424";3;4;7;7;7;7;7;7;7
"22425";3;4;6;9;10;12;15;16;19
"22426";3;4;7;7;7;7;7;7;7
"22427";3;4;7;7;7;7;7;7;7
"22428";3;4;7;7;7;7;7;7;7
"22429";3;4;7;7;7;7;7;7;7
"22430";3;4;7;7;7;7;7;7;7
"22431";3;4;7;7;7;7;7;7;7
"22432";3;4;7;7;7;7;7;7;7
"22433";3;4;7;7;7;7;7;7;7
"22434";3;4;7;7;7;7;7;7;7
"22435";3;4;7;7;7;7;7;7;7
"22436";3;4;7;7;7;7;7;7;7
"22437";3;4;7;7;7;7;7;7;7
"22438";3;4;7;7;7;7;7;7;7
"22439";3;4;7;7;7;7;7;7;7
"22440";3;4;7;7;7;7;7;7;7
"22441";3;4;6;8;8;8;8;8;8
"22442";3;4;6;9;10;12;15;16;19
"22443";3;4;6;9;10;12;15;16;19
"22444";3;4;6;9;10;12;15;16;19
"22445";3;4;7;7;7;7;7;7;7
"22446";3;4;6;9;10;12;15;16;19
"22447";3;4;7;7;7;7;7;7;7
"22448";3;4;7;7;7;7;7;7;7
"22449";3;4;7;7;7;7;7;7;7
"22450";3;4;6;9;10;12;15;16;19
"22451";3;4;7;7;7;7;7;7;7
"22452";3;4;7;7;7;7;7;7;7
"22453";3;4;7;7;7;7;7;7;7
"22454";3;4;6;9;10;12;15;16;19
"22455";3;4;7;7;7;7;7;7;7
"22456";3;4;7;7;7;7;7;7;7
"22457";3;4;7;7;7;7;7;7;7
"22458";3;4;7;7;7;7;7;7;7
"22459";3;4;7;7;7;7;7;7;7
"22460";3;4;7;7;7;7;7;7;7
"22461";3;4;7;7;7;7;7;7;7
"22462";3;4;7;7;7;7;7;7;7
"22463";3;4;7;7;7;7;7;7;7
"22464";3;4;7;7;7;7;7;7;7
"22465";3;4;7;7;7;7;7;7;7
"22466";3;4;7;7;7;7;7;7;7
"22467";3;4;7;7;7;7;7;7;7
"22468";3;4;7;7;7;7;7;7;7
"22469";3;4;7;7;7;7;7;7;7
"22470";3;4;7;7;7;7;7;7;7
"22471";3;4;6;9;10;12;15;16;19
"22472";3;4;6;9;10;12;15;16;19
"22473";3;4;6;9;10;12;15;16;19
"22474";3;4;6;9;10;12;15;16;19
"22475";3;4;7;7;7;7;7;7;7
"22476";3;4;7;7;7;7;7;7;7
"22477";3;4;7;7;7;7;7;7;7
"22478";3;4;6;9;10;12;15;16;19
"22479";3;4;7;7;7;7;7;7;7
"22480";3;4;6;9;10;12;15;16;19
"22481";3;4;6;9;10;12;15;16;19
"22482";3;4;7;7;7;7;7;7;7
"22483";3;4;7;7;7;7;7;7;7
"22484";3;4;7;7;7;7;7;7;7
"22485";3;4;7;7;7;7;7;7;7
"22486";3;4;7;7;7;7;7;7;7
"22487";3;4;7;7;7;7;7;7;7
"22488";3;4;7;7;7;7;7;7;7
"22489";3;4;7;7;7;7;7;7;7
"22490";3;4;7;7;7;7;7;7;7
"22491";3;4;7;7;7;7;7;7;7
"22492";3;4;7;7;7;7;7;7;7
"22493";3;4;7;7;7;7;7;7;7
"22494";3;4;7;7;7;7;7;7;7
"22495";3;4;7;7;7;7;7;7;7
"22496";3;4;7;7;7;7;7;7;7
"22497";3;4;7;7;7;7;7;7;7
"22498";3;4;7;7;7;7;7;7;7
"22499";3;4;7;7;7;7;7;7;7
"22500";3;4;7;7;7;7;7;7;7
"22501";3;4;7;7;7;7;7;7;7
"22502";3;4;7;7;7;7;7;7;7
"22503";3;4;7;7;7;7;7;7;7
"22504";3;4;7;7;7;7;7;7;7
"22505";3;4;7;7;7;7;7;7;7
"22506";3;4;7;7;7;7;7;7;7
"22507";3;4;7;7;7;7;7;7;7
"22508";3;4;7;7;7;7;7;7;7
"22509";3;4;7;7;7;7;7;7;7
"22510";3;4;7;7;7;7;7;7;7
"22511";3;4;7;7;7;7;7;7;7
"22512";3;4;7;7;7;7;7;7;7
"22513";3;4;6;9;10;12;15;16;19
"22514";3;4;6;9;10;12;15;16;18
"22515";3;4;7;7;7;7;7;7;7
"22516";3;4;7;7;7;7;7;7;7
"22517";3;4;7;7;7;7;7;7;7
"22518";3;4;7;7;7;7;7;7;7
"22519";3;4;7;7;7;7;7;7;7
"22520";3;4;7;7;7;7;7;7;7
"22521";3;4;7;7;7;7;7;7;7
"22522";3;4;7;7;7;7;7;7;7
"22523";3;4;7;7;7;7;7;7;7
"22524";3;4;7;7;7;7;7;7;7
"22525";3;4;6;9;10;12;15;16;19
"22526";3;4;6;9;10;12;15;16;19
"22527";3;4;7;7;7;7;7;7;7
"22528";3;4;6;8;8;8;8;8;8
"22529";3;4;6;8;8;8;8;8;8
"22530";3;4;7;7;7;7;7;7;7
"22531";3;4;7;7;7;7;7;7;7
"22532";3;4;7;7;7;7;7;7;7
"22533";3;4;7;7;7;7;7;7;7
"22534";3;4;6;9;10;12;15;16;19
"22535";3;4;7;7;7;7;7;7;7
"22536";3;4;7;7;7;7;7;7;7
"22537";3;4;7;7;7;7;7;7;7
"22538";3;4;7;7;7;7;7;7;7
"22539";3;4;7;7;7;7;7;7;7
"22540";3;4;7;7;7;7;7;7;7
"22541";3;4;7;7;7;7;7;7;7
"22542";3;4;6;9;10;12;15;16;19
"22543";3;4;7;7;7;7;7;7;7
"22544";3;4;6;9;10;12;15;16;19
"22545";3;4;6;9;10;12;15;16;19
"22546";3;4;6;9;10;12;15;16;19
"22547";3;4;7;7;7;7;7;7;7
"22548";3;4;6;9;10;12;15;16;19
"22549";3;4;6;9;10;12;15;16;19
"22550";3;4;7;7;7;7;7;7;7
"22551";3;4;7;7;7;7;7;7;7
"22552";3;4;7;7;7;7;7;7;7
"22553";3;4;7;7;7;7;7;7;7
"22554";3;4;7;7;7;7;7;7;7
"22555";3;4;7;7;7;7;7;7;7
"22556";3;4;7;7;7;7;7;7;7
"22557";3;4;7;7;7;7;7;7;7
"22558";3;4;7;7;7;7;7;7;7
"22559";3;4;6;9;10;12;15;16;19
"22560";3;4;7;7;7;7;7;7;7
"22561";3;4;7;7;7;7;7;7;7
"22562";3;4;6;9;10;12;15;16;19
"22563";3;4;6;9;10;12;15;16;19
"22564";3;4;7;7;7;7;7;7;7
"22565";3;4;7;7;7;7;7;7;7
"22566";3;4;7;7;7;7;7;7;7
"22567";3;4;7;7;7;7;7;7;7
"22568";3;4;7;7;7;7;7;7;7
"22569";3;4;7;7;7;7;7;7;7
"22570";3;4;7;7;7;7;7;7;7
"22571";3;4;7;7;7;7;7;7;7
"22572";3;4;6;9;10;12;15;16;19
"22573";3;4;6;9;10;12;15;16;19
"22574";3;4;7;7;7;7;7;7;7
"22575";3;4;7;7;7;7;7;7;7
"22576";3;4;7;7;7;7;7;7;7
"22577";3;4;7;7;7;7;7;7;7
"22578";3;4;7;7;7;7;7;7;7
"22579";3;4;7;7;7;7;7;7;7
"22580";3;4;7;7;7;7;7;7;7
"22581";3;4;7;7;7;7;7;7;7
"22582";3;4;7;7;7;7;7;7;7
"22583";3;4;7;7;7;7;7;7;7
"22584";3;4;7;7;7;7;7;7;7
"22585";3;4;7;7;7;7;7;7;7
"22586";3;4;7;7;7;7;7;7;7
"22587";3;4;7;7;7;7;7;7;7
"22588";3;4;7;7;7;7;7;7;7
"22589";3;4;7;7;7;7;7;7;7
"22590";3;4;6;9;10;12;15;16;19
"22591";3;4;7;7;7;7;7;7;7
"22592";3;4;7;7;7;7;7;7;7
"22593";3;4;7;7;7;7;7;7;7
"22594";3;4;7;7;7;7;7;7;7
"22595";3;4;7;7;7;7;7;7;7
"22596";3;4;7;7;7;7;7;7;7
"22597";3;4;6;9;10;12;15;16;19
"22598";3;4;7;7;7;7;7;7;7
"22599";3;4;7;7;7;7;7;7;7
"22600";3;4;7;7;7;7;7;7;7
"22601";3;4;6;9;10;12;15;16;19
"22602";3;4;6;9;10;12;15;16;19
"22603";3;4;7;7;7;7;7;7;7
"22604";3;4;7;7;7;7;7;7;7
"22605";3;4;7;7;7;7;7;7;7
"22606";3;4;7;7;7;7;7;7;7
"22607";3;4;6;9;10;12;15;16;19
"22608";3;4;7;7;7;7;7;7;7
"22609";3;4;7;7;7;7;7;7;7
"22610";3;4;7;7;7;7;7;7;7
"22611";3;4;7;7;7;7;7;7;7
"22612";3;4;7;7;7;7;7;7;7
"22613";3;4;7;7;7;7;7;7;7
"22614";3;4;6;9;10;12;15;16;19
"22615";3;4;7;7;7;7;7;7;7
"22616";3;4;7;7;7;7;7;7;7
"22617";3;4;6;9;10;12;15;16;19
"22618";3;4;7;7;7;7;7;7;7
"22619";3;4;7;7;7;7;7;7;7
"22620";3;4;7;7;7;7;7;7;7
"22621";3;4;7;7;7;7;7;7;7
"22622";3;4;7;7;7;7;7;7;7
"22623";3;4;7;7;7;7;7;7;7
"22624";3;4;7;7;7;7;7;7;7
"22625";3;4;7;7;7;7;7;7;7
"22626";3;4;7;7;7;7;7;7;7
"22627";3;4;7;7;7;7;7;7;7
"22628";3;4;7;7;7;7;7;7;7
"22629";3;4;7;7;7;7;7;7;7
"22630";3;4;7;7;7;7;7;7;7
"22631";3;4;7;7;7;7;7;7;7
"22632";3;4;7;7;7;7;7;7;7
"22633";3;4;7;7;7;7;7;7;7
"22634";3;4;7;7;7;7;7;7;7
"22635";3;4;6;9;10;12;15;16;19
"22636";3;4;6;8;8;8;8;8;8
"22637";3;4;7;7;7;7;7;7;7
"22638";3;4;6;9;10;12;15;16;19
"22639";3;4;7;7;7;7;7;7;7
"22640";3;4;7;7;7;7;7;7;7
"22641";3;4;7;7;7;7;7;7;7
"22642";3;4;7;7;7;7;7;7;7
"22643";3;4;7;7;7;7;7;7;7
"22644";3;4;7;7;7;7;7;7;7
"22645";3;4;7;7;7;7;7;7;7
"22646";3;4;7;7;7;7;7;7;7
"22647";3;4;7;7;7;7;7;7;7
"22648";3;4;7;7;7;7;7;7;7
"22649";3;4;7;7;7;7;7;7;7
"22650";3;4;7;7;7;7;7;7;7
"22651";3;4;7;7;7;7;7;7;7
"22652";3;4;7;7;7;7;7;7;7
"22653";3;4;7;7;7;7;7;7;7
"22654";3;4;7;7;7;7;7;7;7
"22655";3;4;7;7;7;7;7;7;7
"22656";3;4;7;7;7;7;7;7;7
"22657";3;4;7;7;7;7;7;7;7
"22658";3;4;7;7;7;7;7;7;7
"22659";3;4;7;7;7;7;7;7;7
"22660";3;4;7;7;7;7;7;7;7
"22661";3;4;7;7;7;7;7;7;7
"22662";3;4;7;7;7;7;7;7;7
"22663";3;4;7;7;7;7;7;7;7
"22664";3;4;7;7;7;7;7;7;7
"22665";3;4;7;7;7;7;7;7;7
"22666";3;4;6;9;10;12;15;16;19
"22667";3;4;7;7;7;7;7;7;7
"22668";3;4;7;7;7;7;7;7;7
"22669";3;4;7;7;7;7;7;7;7
"22670";3;4;7;7;7;7;7;7;7
"22671";3;4;7;7;7;7;7;7;7
"22672";3;4;7;7;7;7;7;7;7
"22673";3;4;7;7;7;7;7;7;7
"22674";3;4;7;7;7;7;7;7;7
"22675";3;4;7;7;7;7;7;7;7
"22676";3;4;7;7;7;7;7;7;7
"22677";3;4;7;7;7;7;7;7;7
"22678";3;4;7;7;7;7;7;7;7
"22679";3;4;7;7;7;7;7;7;7
"22680";3;4;7;7;7;7;7;7;7
"22681";3;4;6;9;10;12;15;16;19
"22682";3;4;7;7;7;7;7;7;7
"22683";3;4;7;7;7;7;7;7;7
"22684";3;4;7;7;7;7;7;7;7
"22685";3;4;7;7;7;7;7;7;7
"22686";3;4;7;7;7;7;7;7;7
"22687";3;4;7;7;7;7;7;7;7
"22688";3;4;7;7;7;7;7;7;7
"22689";3;4;7;7;7;7;7;7;7
"22690";3;4;7;7;7;7;7;7;7
"22691";3;4;7;7;7;7;7;7;7
"22692";3;4;7;7;7;7;7;7;7
"22693";3;4;6;9;10;12;15;16;19
"22694";3;4;7;7;7;7;7;7;7
"22695";3;4;7;7;7;7;7;7;7
"22696";3;4;7;7;7;7;7;7;7
"22697";3;4;7;7;7;7;7;7;7
"22698";3;4;7;7;7;7;7;7;7
"22699";3;4;7;7;7;7;7;7;7
"22700";3;4;7;7;7;7;7;7;7
"22701";3;4;7;7;7;7;7;7;7
"22702";3;4;7;7;7;7;7;7;7
"22703";3;4;7;7;7;7;7;7;7
"22704";3;4;7;7;7;7;7;7;7
"22705";3;4;7;7;7;7;7;7;7
"22706";3;4;6;9;10;12;15;16;19
"22707";3;4;6;9;10;12;15;16;19
"22708";3;4;7;7;7;7;7;7;7
"22709";3;4;7;7;7;7;7;7;7
"22710";3;4;7;7;7;7;7;7;7
"22711";3;4;7;7;7;7;7;7;7
"22712";3;4;7;7;7;7;7;7;7
"22713";3;4;7;7;7;7;7;7;7
"22714";3;4;7;7;7;7;7;7;7
"22715";3;4;7;7;7;7;7;7;7
"22716";3;4;7;7;7;7;7;7;7
"22717";3;4;6;9;10;12;15;16;19
"22718";3;4;7;7;7;7;7;7;7
"22719";3;4;7;7;7;7;7;7;7
"22720";3;4;7;7;7;7;7;7;7
"22721";3;4;7;7;7;7;7;7;7
"22722";3;4;7;7;7;7;7;7;7
"22723";3;4;7;7;7;7;7;7;7
"22724";3;4;7;7;7;7;7;7;7
"22725";3;4;7;7;7;7;7;7;7
"22726";3;4;7;7;7;7;7;7;7
"22727";3;4;7;7;7;7;7;7;7
"22728";3;4;7;7;7;7;7;7;7
"22729";3;4;7;7;7;7;7;7;7
"22730";3;4;7;7;7;7;7;7;7
"22731";3;4;7;7;7;7;7;7;7
"22732";3;4;7;7;7;7;7;7;7
"22733";3;4;7;7;7;7;7;7;7
"22734";3;4;7;7;7;7;7;7;7
"22735";3;4;7;7;7;7;7;7;7
"22736";3;4;6;9;10;12;15;16;19
"22737";3;4;7;7;7;7;7;7;7
"22738";3;4;7;7;7;7;7;7;7
"22739";3;4;7;7;7;7;7;7;7
"22740";3;4;7;7;7;7;7;7;7
"22741";3;4;7;7;7;7;7;7;7
"22742";3;4;7;7;7;7;7;7;7
"22743";3;4;7;7;7;7;7;7;7
"22744";3;4;7;7;7;7;7;7;7
"22745";3;4;7;7;7;7;7;7;7
"22746";3;4;7;7;7;7;7;7;7
"22747";3;4;7;7;7;7;7;7;7
"22748";3;4;7;7;7;7;7;7;7
"22749";3;4;7;7;7;7;7;7;7
"22750";3;4;7;7;7;7;7;7;7
"22751";3;4;7;7;7;7;7;7;7
"22752";3;4;7;7;7;7;7;7;7
"22753";3;4;7;7;7;7;7;7;7
"22754";3;4;6;9;10;12;15;16;19
"22755";3;4;7;7;7;7;7;7;7
"22756";3;4;7;7;7;7;7;7;7
"22757";3;4;7;7;7;7;7;7;7
"22758";3;4;7;7;7;7;7;7;7
"22759";3;4;6;9;10;12;15;16;19
"22760";3;4;7;7;7;7;7;7;7
"22761";3;4;7;7;7;7;7;7;7
"22762";3;4;7;7;7;7;7;7;7
"22763";3;4;7;7;7;7;7;7;7
"22764";3;4;7;7;7;7;7;7;7
"22765";3;4;7;7;7;7;7;7;7
"22766";3;4;7;7;7;7;7;7;7
"22767";3;4;7;7;7;7;7;7;7
"22768";3;4;7;7;7;7;7;7;7
"22769";3;4;7;7;7;7;7;7;7
"22770";3;4;7;7;7;7;7;7;7
"22771";3;4;7;7;7;7;7;7;7
"22772";3;4;6;9;10;12;15;16;19
"22773";3;4;7;7;7;7;7;7;7
"22774";3;4;7;7;7;7;7;7;7
"22775";3;4;7;7;7;7;7;7;7
"22776";3;4;7;7;7;7;7;7;7
"22777";3;4;7;7;7;7;7;7;7
"22778";3;4;7;7;7;7;7;7;7
"22779";3;4;6;9;10;12;15;16;19
"22780";3;4;7;7;7;7;7;7;7
"22781";3;4;6;9;10;12;15;16;19
"22782";3;4;7;7;7;7;7;7;7
"22783";3;4;7;7;7;7;7;7;7
"22784";3;4;7;7;7;7;7;7;7
"22785";3;4;7;7;7;7;7;7;7
"22786";3;4;7;7;7;7;7;7;7
"22787";3;4;7;7;7;7;7;7;7
"22788";3;4;7;7;7;7;7;7;7
"22789";3;4;6;9;10;12;15;16;19
"22790";3;4;7;7;7;7;7;7;7
"22791";3;4;7;7;7;7;7;7;7
"22792";3;4;7;7;7;7;7;7;7
"22793";3;4;7;7;7;7;7;7;7
"22794";3;4;7;7;7;7;7;7;7
"22795";3;4;7;7;7;7;7;7;7
"22796";3;4;7;7;7;7;7;7;7
"22797";3;4;7;7;7;7;7;7;7
"22798";3;4;7;7;7;7;7;7;7
"22799";3;4;7;7;7;7;7;7;7
"22800";3;4;7;7;7;7;7;7;7
"22801";3;4;7;7;7;7;7;7;7
"22802";3;4;7;7;7;7;7;7;7
"22803";3;4;7;7;7;7;7;7;7
"22804";3;4;7;7;7;7;7;7;7
"22805";3;4;7;7;7;7;7;7;7
"22806";3;4;7;7;7;7;7;7;7
"22807";3;4;7;7;7;7;7;7;7
"22808";3;4;7;7;7;7;7;7;7
"22809";3;4;7;7;7;7;7;7;7
"22810";3;4;7;7;7;7;7;7;7
"22811";3;4;7;7;7;7;7;7;7
"22812";3;4;7;7;7;7;7;7;7
"22813";3;4;7;7;7;7;7;7;7
"22814";3;4;7;7;7;7;7;7;7
"22815";3;4;7;7;7;7;7;7;7
"22816";3;4;6;9;10;12;15;16;18
"22817";3;4;7;7;7;7;7;7;7
"22818";3;4;7;7;7;7;7;7;7
"22819";3;4;7;7;7;7;7;7;7
"22820";3;4;7;7;7;7;7;7;7
"22821";3;4;7;7;7;7;7;7;7
"22822";3;4;7;7;7;7;7;7;7
"22823";3;4;6;9;10;12;15;16;19
"22824";3;4;6;9;10;12;15;16;19
"22825";3;4;6;9;10;12;15;16;19
"22826";3;4;6;9;10;12;15;16;19
"22827";3;4;6;9;10;12;15;16;19
"22828";3;4;6;9;10;12;15;16;19
"22829";3;4;7;7;7;7;7;7;7
"22830";3;4;6;9;10;12;15;16;19
"22831";3;4;6;9;10;12;15;16;19
"22832";3;4;7;7;7;7;7;7;7
"22833";3;4;6;9;10;12;15;16;19
"22834";3;4;6;9;10;12;15;16;19
"22835";3;4;7;7;7;7;7;7;7
"22836";3;4;6;9;10;12;15;16;19
"22837";3;4;7;7;7;7;7;7;7
"22838";3;4;7;7;7;7;7;7;7
"22839";3;4;7;7;7;7;7;7;7
"22840";3;4;7;7;7;7;7;7;7
"22841";3;4;7;7;7;7;7;7;7
"22842";3;4;7;7;7;7;7;7;7
"22843";3;4;7;7;7;7;7;7;7
"22844";3;4;7;7;7;7;7;7;7
"22845";3;4;7;7;7;7;7;7;7
"22846";3;4;7;7;7;7;7;7;7
"22847";3;4;7;7;7;7;7;7;7
"22848";3;4;6;9;10;12;15;16;19
"22849";3;4;7;7;7;7;7;7;7
"22850";3;4;7;7;7;7;7;7;7
"22851";3;4;7;7;7;7;7;7;7
"22852";3;4;7;7;7;7;7;7;7
"22853";3;4;6;9;10;12;15;16;19
"22854";3;4;6;9;10;12;15;16;19
"22855";3;4;7;7;7;7;7;7;7
"22856";3;4;7;7;7;7;7;7;7
"22857";3;4;7;7;7;7;7;7;7
"22858";3;4;7;7;7;7;7;7;7
"22859";3;4;7;7;7;7;7;7;7
"22860";3;4;7;7;7;7;7;7;7
"22861";3;4;7;7;7;7;7;7;7
"22862";3;4;7;7;7;7;7;7;7
"22863";3;4;7;7;7;7;7;7;7
"22864";3;4;7;7;7;7;7;7;7
"22865";3;4;7;7;7;7;7;7;7
"22866";3;4;6;9;10;12;15;16;19
"22867";3;4;7;7;7;7;7;7;7
"22868";3;4;7;7;7;7;7;7;7
"22869";3;4;7;7;7;7;7;7;7
"22870";3;4;7;7;7;7;7;7;7
"22871";3;4;7;7;7;7;7;7;7
"22872";3;4;7;7;7;7;7;7;7
"22873";3;4;7;7;7;7;7;7;7
"22874";3;4;7;7;7;7;7;7;7
"22875";3;4;7;7;7;7;7;7;7
"22876";3;4;7;7;7;7;7;7;7
"22877";3;4;7;7;7;7;7;7;7
"22878";3;4;7;7;7;7;7;7;7
"22879";3;4;7;7;7;7;7;7;7
"22880";3;4;7;7;7;7;7;7;7
"22881";3;4;7;7;7;7;7;7;7
"22882";3;4;7;7;7;7;7;7;7
"22883";3;4;7;7;7;7;7;7;7
"22884";3;4;7;7;7;7;7;7;7
"22885";3;4;7;7;7;7;7;7;7
"22886";3;4;7;7;7;7;7;7;7
"22887";3;4;7;7;7;7;7;7;7
"22888";3;4;7;7;7;7;7;7;7
"22889";3;4;7;7;7;7;7;7;7
"22890";3;4;7;7;7;7;7;7;7
"22891";3;4;7;7;7;7;7;7;7
"22892";3;4;6;9;10;12;15;16;19
"22893";3;4;6;9;10;12;15;16;19
"22894";3;4;6;9;10;12;15;16;19
"22895";3;4;7;7;7;7;7;7;7
"22896";3;4;7;7;7;7;7;7;7
"22897";3;4;7;7;7;7;7;7;7
"22898";3;4;7;7;7;7;7;7;7
"22899";3;4;7;7;7;7;7;7;7
"22900";3;5;5;5;5;5;5;5;5
"22901";3;4;6;9;10;12;15;16;19
"22902";3;4;7;7;7;7;7;7;7
"22903";3;4;7;7;7;7;7;7;7
"22904";3;4;7;7;7;7;7;7;7
"22905";3;4;6;9;10;12;15;16;19
"22906";3;4;7;7;7;7;7;7;7
"22907";3;4;7;7;7;7;7;7;7
"22908";3;4;6;9;10;12;15;16;19
"22909";3;4;7;7;7;7;7;7;7
"22910";3;4;7;7;7;7;7;7;7
"22911";3;4;7;7;7;7;7;7;7
"22912";3;4;7;7;7;7;7;7;7
"22913";3;4;7;7;7;7;7;7;7
"22914";3;4;7;7;7;7;7;7;7
"22915";3;4;6;9;10;12;15;16;19
"22916";3;4;6;8;8;8;8;8;8
"22917";3;4;6;9;10;12;15;16;19
"22918";3;4;7;7;7;7;7;7;7
"22919";3;4;7;7;7;7;7;7;7
"22920";3;4;6;9;10;12;15;16;19
"22921";3;4;7;7;7;7;7;7;7
"22922";3;4;6;9;10;12;15;16;19
"22923";3;4;7;7;7;7;7;7;7
"22924";3;4;7;7;7;7;7;7;7
"22925";3;4;7;7;7;7;7;7;7
"22926";3;4;7;7;7;7;7;7;7
"22927";3;4;7;7;7;7;7;7;7
"22928";3;4;7;7;7;7;7;7;7
"22929";3;4;7;7;7;7;7;7;7
"22930";3;4;7;7;7;7;7;7;7
"22931";3;4;7;7;7;7;7;7;7
"22932";3;4;7;7;7;7;7;7;7
"22933";3;4;7;7;7;7;7;7;7
"22934";3;4;6;9;10;12;15;16;19
"22935";3;4;6;9;10;12;15;16;19
"22936";3;4;6;9;10;12;15;16;19
"22937";3;4;6;9;10;12;15;16;19
"22938";3;4;7;7;7;7;7;7;7
"22939";3;4;7;7;7;7;7;7;7
"22940";3;4;7;7;7;7;7;7;7
"22941";3;4;7;7;7;7;7;7;7
"22942";3;4;7;7;7;7;7;7;7
"22943";3;4;7;7;7;7;7;7;7
"22944";3;4;7;7;7;7;7;7;7
"22945";3;4;7;7;7;7;7;7;7
"22946";3;4;7;7;7;7;7;7;7
"22947";3;4;7;7;7;7;7;7;7
"22948";3;4;7;7;7;7;7;7;7
"22949";3;4;7;7;7;7;7;7;7
"22950";3;4;7;7;7;7;7;7;7
"22951";3;4;7;7;7;7;7;7;7
"22952";3;4;7;7;7;7;7;7;7
"22953";3;4;7;7;7;7;7;7;7
"22954";3;4;6;9;10;12;15;16;19
"22955";3;4;6;9;10;12;15;16;19
"22956";3;4;7;7;7;7;7;7;7
"22957";3;4;7;7;7;7;7;7;7
"22958";3;4;7;7;7;7;7;7;7
"22959";3;4;6;9;10;12;15;16;19
"22960";3;4;7;7;7;7;7;7;7
"22961";3;4;7;7;7;7;7;7;7
"22962";3;4;7;7;7;7;7;7;7
"22963";3;4;7;7;7;7;7;7;7
"22964";3;4;7;7;7;7;7;7;7
"22965";3;4;7;7;7;7;7;7;7
"22966";3;4;6;9;10;12;15;16;19
"22967";3;4;6;8;8;8;8;8;8
"22968";3;4;6;9;10;12;15;16;19
"22969";3;4;6;9;10;12;15;16;19
"22970";3;4;7;7;7;7;7;7;7
"22971";3;4;6;9;10;13;13;13;13
"22972";3;4;7;7;7;7;7;7;7
"22973";3;4;6;9;10;12;15;16;19
"22974";3;4;6;9;10;12;15;16;19
"22975";3;4;7;7;7;7;7;7;7
"22976";3;4;7;7;7;7;7;7;7
"22977";3;4;7;7;7;7;7;7;7
"22978";3;4;7;7;7;7;7;7;7
"22979";3;4;7;7;7;7;7;7;7
"22980";3;4;7;7;7;7;7;7;7
"22981";3;4;6;9;10;12;15;16;19
"22982";3;4;7;7;7;7;7;7;7
"22983";3;4;7;7;7;7;7;7;7
"22984";3;4;7;7;7;7;7;7;7
"22985";3;4;6;9;10;12;15;16;19
"22986";3;5;5;5;5;5;5;5;5
"22987";3;4;7;7;7;7;7;7;7
"22988";3;4;7;7;7;7;7;7;7
"22989";3;4;7;7;7;7;7;7;7
"22990";3;4;6;9;10;12;15;16;19
"22991";3;4;7;7;7;7;7;7;7
"22992";3;4;7;7;7;7;7;7;7
"22993";3;4;7;7;7;7;7;7;7
"22994";3;4;7;7;7;7;7;7;7
"22995";3;4;6;9;10;12;15;16;19
"22996";3;4;7;7;7;7;7;7;7
"22997";3;4;7;7;7;7;7;7;7
"22998";3;4;6;9;10;12;15;16;19
"22999";3;4;7;7;7;7;7;7;7
"23000";3;4;7;7;7;7;7;7;7
"23001";3;4;7;7;7;7;7;7;7
"23002";3;4;7;7;7;7;7;7;7
"23003";3;4;7;7;7;7;7;7;7
"23004";3;4;6;9;10;12;15;16;19
"23005";3;4;6;9;10;12;15;16;19
"23006";3;4;6;9;10;12;15;16;19
"23007";3;4;6;9;10;12;15;16;19
"23008";3;4;7;7;7;7;7;7;7
"23009";3;4;7;7;7;7;7;7;7
"23010";3;4;7;7;7;7;7;7;7
"23011";3;4;7;7;7;7;7;7;7
"23012";3;4;7;7;7;7;7;7;7
"23013";3;4;7;7;7;7;7;7;7
"23014";3;4;7;7;7;7;7;7;7
"23015";3;4;7;7;7;7;7;7;7
"23016";3;4;7;7;7;7;7;7;7
"23017";3;4;7;7;7;7;7;7;7
"23018";3;4;7;7;7;7;7;7;7
"23019";3;4;7;7;7;7;7;7;7
"23020";3;4;6;8;8;8;8;8;8
"23021";3;4;7;7;7;7;7;7;7
"23022";3;4;7;7;7;7;7;7;7
"23023";3;4;7;7;7;7;7;7;7
"23024";3;4;6;8;8;8;8;8;8
"23025";3;4;6;9;10;12;14;14;14
"23026";3;4;6;9;10;12;15;16;19
"23027";3;4;6;9;10;12;15;16;19
"23028";3;4;7;7;7;7;7;7;7
"23029";3;4;6;9;10;12;15;16;19
"23030";3;4;7;7;7;7;7;7;7
"23031";3;4;6;9;10;12;15;16;19
"23032";3;4;6;9;10;12;15;16;19
"23033";3;5;5;5;5;5;5;5;5
"23034";3;4;7;7;7;7;7;7;7
"23035";3;4;7;7;7;7;7;7;7
"23036";3;4;7;7;7;7;7;7;7
"23037";3;4;6;9;10;12;15;16;19
"23038";3;4;7;7;7;7;7;7;7
"23039";3;4;7;7;7;7;7;7;7
"23040";3;4;6;9;10;12;15;16;19
"23041";3;4;6;9;10;12;15;16;19
"23042";3;4;6;8;8;8;8;8;8
"23043";3;4;7;7;7;7;7;7;7
"23044";3;4;7;7;7;7;7;7;7
"23045";3;4;7;7;7;7;7;7;7
"23046";3;4;7;7;7;7;7;7;7
"23047";3;4;6;9;10;12;15;16;19
"23048";3;4;7;7;7;7;7;7;7
"23049";3;4;7;7;7;7;7;7;7
"23050";3;4;7;7;7;7;7;7;7
"23051";3;4;7;7;7;7;7;7;7
"23052";3;4;7;7;7;7;7;7;7
"23053";3;4;7;7;7;7;7;7;7
"23054";3;4;7;7;7;7;7;7;7
"23055";3;4;7;7;7;7;7;7;7
"23056";3;4;7;7;7;7;7;7;7
"23057";3;4;7;7;7;7;7;7;7
"23058";3;4;7;7;7;7;7;7;7
"23059";3;5;5;5;5;5;5;5;5
"23060";3;4;7;7;7;7;7;7;7
"23061";3;4;7;7;7;7;7;7;7
"23062";3;4;6;9;10;12;15;16;19
"23063";3;5;5;5;5;5;5;5;5
"23064";3;4;7;7;7;7;7;7;7
"23065";3;4;7;7;7;7;7;7;7
"23066";3;4;7;7;7;7;7;7;7
"23067";3;4;7;7;7;7;7;7;7
"23068";3;4;7;7;7;7;7;7;7
"23069";3;4;7;7;7;7;7;7;7
"23070";3;4;7;7;7;7;7;7;7
"23071";3;4;7;7;7;7;7;7;7
"23072";3;4;7;7;7;7;7;7;7
"23073";3;4;7;7;7;7;7;7;7
"23074";3;4;7;7;7;7;7;7;7
"23075";3;4;7;7;7;7;7;7;7
"23076";3;4;7;7;7;7;7;7;7
"23077";3;4;6;9;10;12;15;16;19
"23078";3;5;5;5;5;5;5;5;5
"23079";3;4;7;7;7;7;7;7;7
"23080";3;4;7;7;7;7;7;7;7
"23081";3;4;7;7;7;7;7;7;7
"23082";3;4;6;9;10;12;15;16;19
"23083";3;4;7;7;7;7;7;7;7
"23084";3;4;6;9;10;12;15;16;19
"23085";3;4;7;7;7;7;7;7;7
"23086";3;4;6;9;10;12;15;16;19
"23087";3;4;7;7;7;7;7;7;7
"23088";3;4;7;7;7;7;7;7;7
"23089";3;4;7;7;7;7;7;7;7
"23090";3;4;6;9;10;12;15;16;19
"23091";3;5;5;5;5;5;5;5;5
"23092";3;5;5;5;5;5;5;5;5
"23093";3;5;5;5;5;5;5;5;5
"23094";3;4;6;9;10;12;15;16;19
"23095";3;4;6;9;10;12;15;16;19
"23096";3;4;6;9;10;12;15;16;19
"23097";3;4;6;8;8;8;8;8;8
"23098";3;4;6;9;10;12;15;16;19
"23099";3;5;5;5;5;5;5;5;5
"23100";3;5;5;5;5;5;5;5;5
"23101";3;4;6;9;10;13;13;13;13
"23102";3;4;6;9;10;12;15;16;19
"23103";3;4;6;9;10;12;15;16;19
"23104";3;4;6;8;8;8;8;8;8
"23105";3;5;5;5;5;5;5;5;5
"23106";3;4;6;8;8;8;8;8;8
"23107";3;4;7;7;7;7;7;7;7
"23108";3;4;7;7;7;7;7;7;7
"23109";3;4;6;9;10;13;13;13;13
"23110";3;4;6;9;10;12;15;16;19
"23111";3;4;7;7;7;7;7;7;7
"23112";3;5;5;5;5;5;5;5;5
"23113";3;4;7;7;7;7;7;7;7
"23114";3;4;6;9;10;12;15;16;19
"23115";3;4;6;9;10;12;15;16;19
"23116";3;4;6;9;10;12;15;16;19
"23117";3;4;6;8;8;8;8;8;8
"23118";3;4;6;9;10;13;13;13;13
"23119";3;4;6;9;10;12;15;16;18
"23120";3;4;6;9;10;12;15;16;19
"23121";3;4;6;9;10;12;15;16;19
"23122";3;4;6;9;10;12;15;16;19
"23123";3;4;6;9;10;12;15;16;19
"23124";3;4;6;9;10;12;15;16;19
"23125";3;4;6;9;10;12;15;16;19
"23126";3;4;7;7;7;7;7;7;7
"23127";3;4;7;7;7;7;7;7;7
"23128";3;4;7;7;7;7;7;7;7
"23129";3;4;7;7;7;7;7;7;7
"23130";3;4;7;7;7;7;7;7;7
"23131";3;4;7;7;7;7;7;7;7
"23132";3;4;7;7;7;7;7;7;7
"23133";3;4;6;9;10;12;15;16;19
"23134";3;4;6;8;8;8;8;8;8
"23135";3;5;5;5;5;5;5;5;5
"23136";3;4;6;8;8;8;8;8;8
"23137";3;4;6;8;8;8;8;8;8
"23138";3;4;6;8;8;8;8;8;8
"23139";3;4;6;9;10;12;15;16;19
"23140";3;4;7;7;7;7;7;7;7
"23141";3;4;6;8;8;8;8;8;8
"23142";3;4;6;8;8;8;8;8;8
"23143";3;4;6;9;10;12;15;16;19
"23144";3;4;6;8;8;8;8;8;8
"23145";3;4;6;9;10;12;15;16;19
"23146";3;4;6;8;8;8;8;8;8
"23147";3;4;6;9;10;12;15;16;19
"23148";3;4;6;9;10;12;15;16;19
"23149";3;4;6;9;10;12;15;16;19
"23150";3;4;6;9;10;12;15;16;19
"23151";3;4;6;9;10;12;15;16;19
"23152";3;4;6;9;10;12;15;16;19
"23153";3;4;6;9;10;12;15;16;19
"23154";3;4;6;9;10;12;15;16;19
"23155";3;4;6;9;10;12;15;16;19
"23156";3;4;6;8;8;8;8;8;8
"23157";3;4;6;9;10;12;15;16;19
"23158";3;4;6;9;10;12;15;16;19
"23159";3;4;6;9;10;12;15;16;19
"23160";3;4;6;9;10;12;15;16;19
"23161";3;4;6;9;10;12;15;16;19
"23162";3;4;6;9;10;12;15;16;19
"23163";3;4;6;9;10;12;15;16;19
"23164";3;4;6;9;10;12;15;16;19
"23165";3;4;6;9;10;12;15;16;19
"23166";3;4;6;9;10;12;15;16;19
"23167";3;4;6;9;10;12;15;16;19
"23168";3;4;6;9;10;12;15;16;19
"23169";3;4;6;8;8;8;8;8;8
"23170";3;4;6;8;8;8;8;8;8
"23171";3;4;6;9;10;12;15;16;19
"23172";3;5;5;5;5;5;5;5;5
"23173";3;4;6;9;10;12;15;16;19
"23174";3;4;6;9;10;12;15;16;19
"23175";3;4;6;9;10;12;15;16;19
"23176";3;4;6;9;10;12;15;16;19
"23177";3;4;6;9;10;12;15;16;19
"23178";3;4;6;9;10;12;15;16;19
"23179";3;4;6;9;10;12;15;16;19
"23180";3;4;6;9;10;12;15;16;19
"23181";3;4;6;9;10;12;15;16;19
"23182";3;4;6;9;10;12;15;16;19
"23183";3;4;6;9;10;12;15;16;19
"23184";3;4;6;9;10;12;15;16;19
"23185";3;4;6;9;10;12;15;16;19
"23186";3;4;6;9;10;12;15;16;19
"23187";3;4;6;9;10;12;15;16;19
"23188";3;4;6;9;10;12;15;16;19
"23189";3;4;6;9;10;12;15;16;19
"23190";3;4;6;9;10;12;15;16;19
"23191";3;4;7;7;7;7;7;7;7
"23192";3;4;6;9;10;12;15;16;19
"23193";3;4;6;9;10;12;15;16;19
"23194";3;4;6;9;10;12;15;16;19
"23195";3;4;6;9;10;12;15;16;19
"23196";3;4;6;9;10;12;15;16;19
"23197";3;4;6;9;10;12;15;16;19
"23198";3;4;6;9;10;12;15;16;19
"23199";3;4;6;9;10;12;15;16;19
"23200";3;4;6;9;10;12;15;16;19
"23201";3;4;6;9;10;12;15;16;19
"23202";3;4;6;9;10;12;15;16;19
"23203";3;4;6;9;10;12;15;16;18
"23204";3;4;6;9;10;12;15;16;19
"23205";3;4;6;9;10;12;15;16;19
"23206";3;4;6;9;10;12;15;16;19
"23207";3;4;6;9;10;12;15;16;19
"23208";3;4;6;9;10;12;15;16;19
"23209";3;4;6;9;10;12;15;16;19
"23210";3;4;6;9;10;12;15;16;19
"23211";3;4;6;9;10;12;15;16;19
"23212";3;4;6;9;10;12;15;16;19
"23213";3;4;6;9;10;12;15;16;19
"23214";3;4;6;9;10;12;15;16;19
"23215";3;4;6;9;10;12;15;16;19
"23216";3;4;6;9;10;12;15;16;19
"23217";3;4;6;9;10;12;15;16;19
"23218";3;4;6;9;10;12;15;16;19
"23219";3;4;6;9;10;12;15;16;19
"23220";3;4;6;9;10;12;15;16;19
"23221";3;4;6;9;10;12;15;16;19
"23222";3;4;6;9;10;12;15;16;19
"23223";3;4;6;9;10;12;15;16;19
"23224";3;4;6;9;10;12;15;16;19
"23225";3;4;6;9;10;12;15;16;19
"23226";3;4;6;9;10;12;15;16;19
"23227";3;4;6;9;10;12;15;16;19
"23228";3;4;6;9;10;12;15;16;19
"23229";3;4;6;9;10;12;15;16;19
"23230";3;4;6;9;10;12;15;16;19
"23231";3;4;6;9;10;12;15;16;19
"23232";3;4;6;9;10;12;15;16;19
"23233";3;4;6;9;10;12;15;16;19
"23234";3;4;6;9;10;12;15;16;19
"23235";3;4;6;9;10;12;15;16;19
"23236";3;4;6;9;10;12;15;16;19
"23237";3;4;6;9;10;13;13;13;13
"23238";3;5;5;5;5;5;5;5;5
"23239";3;4;6;9;10;13;13;13;13
"23240";3;4;6;9;10;13;13;13;13
"23241";3;4;6;9;10;13;13;13;13
"23242";3;4;6;9;10;13;13;13;13
"23243";3;4;6;9;10;13;13;13;13
"23244";3;4;6;9;10;13;13;13;13
"23245";3;4;6;9;10;12;15;16;19
"23246";3;4;6;9;10;13;13;13;13
"23247";3;4;6;9;10;12;15;16;19
"23248";3;4;6;9;10;12;15;16;19
"23249";3;4;6;9;10;12;15;16;19
"23250";3;4;6;9;10;12;15;16;19
"23251";3;4;6;9;10;13;13;13;13
"23252";3;4;6;9;10;13;13;13;13
"23253";3;4;6;9;10;12;15;16;19
"23254";3;4;6;9;10;13;13;13;13
"23255";3;4;6;9;10;12;15;16;19
"23256";3;4;6;9;10;13;13;13;13
"23257";3;4;6;9;10;13;13;13;13
"23258";3;4;6;9;10;13;13;13;13
"23259";3;4;6;9;10;12;15;16;19
"23260";3;4;6;9;10;13;13;13;13
"23261";3;4;6;9;10;13;13;13;13
"23262";3;4;6;9;10;12;15;16;19
"23263";3;4;6;9;10;13;13;13;13
"23264";3;4;6;9;10;13;13;13;13
"23265";3;4;6;9;10;12;15;16;19
"23266";3;4;6;9;10;13;13;13;13
"23267";3;4;7;7;7;7;7;7;7
"23268";3;4;7;7;7;7;7;7;7
"23269";3;4;6;9;10;12;15;16;19
"23270";3;5;5;5;5;5;5;5;5
"23271";3;4;6;9;10;12;15;16;19
"23272";3;4;6;9;10;12;15;16;19
"23273";3;4;6;9;10;12;15;16;19
"23274";3;4;6;9;10;12;15;16;19
"23275";3;4;6;9;10;13;13;13;13
"23276";3;4;6;8;8;8;8;8;8
"23277";3;4;6;9;10;13;13;13;13
"23278";3;4;6;9;10;12;15;16;19
"23279";3;4;6;9;10;12;15;16;19
"23280";3;4;6;9;10;12;15;16;19
"23281";3;4;6;9;10;12;15;16;19
"23282";3;4;6;8;8;8;8;8;8
"23283";3;4;6;9;10;12;15;16;19
"23284";3;4;6;9;10;12;15;16;19
"23285";3;4;6;9;10;12;15;16;19
"23286";3;4;6;9;10;12;15;16;19
"23287";3;4;6;9;10;12;15;16;19
"23288";3;4;6;9;10;12;15;16;19
"23289";3;4;6;9;10;12;15;16;19
"23290";3;4;6;9;10;12;15;16;19
"23291";3;4;7;7;7;7;7;7;7
"23292";3;4;6;9;10;12;15;16;19
"23293";3;4;6;9;10;12;15;16;19
"23294";3;4;6;9;10;12;15;16;19
"23295";3;4;6;9;10;12;15;16;19
"23296";3;4;6;9;10;12;15;16;19
"23297";3;4;6;9;10;12;15;16;19
"23298";3;4;6;9;10;12;15;16;19
"23299";3;4;6;9;10;12;15;16;19
"23300";3;4;6;9;10;12;15;16;19
"23301";3;4;6;9;10;12;15;16;19
"23302";3;4;7;7;7;7;7;7;7
"23303";3;4;7;7;7;7;7;7;7
"23304";3;4;7;7;7;7;7;7;7
"23305";3;4;7;7;7;7;7;7;7
"23306";3;4;6;9;10;12;15;16;19
"23307";3;4;7;7;7;7;7;7;7
"23308";3;4;7;7;7;7;7;7;7
"23309";3;4;7;7;7;7;7;7;7
"23310";3;4;7;7;7;7;7;7;7
"23311";3;4;7;7;7;7;7;7;7
"23312";3;4;7;7;7;7;7;7;7
"23313";3;4;7;7;7;7;7;7;7
"23314";3;4;7;7;7;7;7;7;7
"23315";3;4;7;7;7;7;7;7;7
"23316";3;4;6;9;10;12;15;16;19
"23317";3;4;7;7;7;7;7;7;7
"23318";3;4;7;7;7;7;7;7;7
"23319";3;4;7;7;7;7;7;7;7
"23320";3;4;7;7;7;7;7;7;7
"23321";3;4;7;7;7;7;7;7;7
"23322";3;4;6;9;10;12;15;16;19
"23323";3;4;6;9;10;12;15;16;19
"23324";3;4;7;7;7;7;7;7;7
"23325";3;4;7;7;7;7;7;7;7
"23326";3;4;7;7;7;7;7;7;7
"23327";3;4;7;7;7;7;7;7;7
"23328";3;4;7;7;7;7;7;7;7
"23329";3;4;7;7;7;7;7;7;7
"23330";3;4;7;7;7;7;7;7;7
"23331";3;4;7;7;7;7;7;7;7
"23332";3;4;7;7;7;7;7;7;7
"23333";3;4;7;7;7;7;7;7;7
"23334";3;4;6;9;10;12;15;16;19
"23335";3;4;7;7;7;7;7;7;7
"23336";3;4;7;7;7;7;7;7;7
"23337";3;4;6;9;10;12;15;16;19
"23338";3;4;7;7;7;7;7;7;7
"23339";3;4;7;7;7;7;7;7;7
"23340";3;4;6;9;10;12;15;16;19
"23341";3;4;7;7;7;7;7;7;7
"23342";3;4;7;7;7;7;7;7;7
"23343";3;4;7;7;7;7;7;7;7
"23344";3;4;7;7;7;7;7;7;7
"23345";3;4;7;7;7;7;7;7;7
"23346";3;4;7;7;7;7;7;7;7
"23347";3;4;7;7;7;7;7;7;7
"23348";3;4;7;7;7;7;7;7;7
"23349";3;4;7;7;7;7;7;7;7
"23350";3;4;7;7;7;7;7;7;7
"23351";3;4;7;7;7;7;7;7;7
"23352";3;4;7;7;7;7;7;7;7
"23353";3;4;7;7;7;7;7;7;7
"23354";3;4;7;7;7;7;7;7;7
"23355";3;4;7;7;7;7;7;7;7
"23356";3;4;7;7;7;7;7;7;7
"23357";3;4;7;7;7;7;7;7;7
"23358";3;4;7;7;7;7;7;7;7
"23359";3;4;7;7;7;7;7;7;7
"23360";3;4;7;7;7;7;7;7;7
"23361";3;4;7;7;7;7;7;7;7
"23362";3;4;7;7;7;7;7;7;7
"23363";3;4;7;7;7;7;7;7;7
"23364";3;4;7;7;7;7;7;7;7
"23365";3;4;7;7;7;7;7;7;7
"23366";3;4;7;7;7;7;7;7;7
"23367";3;4;7;7;7;7;7;7;7
"23368";3;4;6;9;10;12;15;16;19
"23369";3;4;6;9;10;12;15;16;19
"23370";3;4;6;9;10;12;15;16;19
"23371";3;4;6;9;10;12;15;16;19
"23372";3;4;7;7;7;7;7;7;7
"23373";3;4;7;7;7;7;7;7;7
"23374";3;4;7;7;7;7;7;7;7
"23375";3;4;7;7;7;7;7;7;7
"23376";3;4;7;7;7;7;7;7;7
"23377";3;4;7;7;7;7;7;7;7
"23378";3;4;6;9;10;12;15;16;19
"23379";3;4;6;9;10;12;15;16;19
"23380";3;4;7;7;7;7;7;7;7
"23381";3;4;6;9;10;12;15;16;19
"23382";3;4;7;7;7;7;7;7;7
"23383";3;4;7;7;7;7;7;7;7
"23384";3;4;7;7;7;7;7;7;7
"23385";3;4;6;9;10;12;15;16;19
"23386";3;4;7;7;7;7;7;7;7
"23387";3;4;7;7;7;7;7;7;7
"23388";3;4;7;7;7;7;7;7;7
"23389";3;4;7;7;7;7;7;7;7
"23390";3;4;7;7;7;7;7;7;7
"23391";3;4;6;9;10;12;15;16;19
"23392";3;4;7;7;7;7;7;7;7
"23393";3;4;7;7;7;7;7;7;7
"23394";3;4;7;7;7;7;7;7;7
"23395";3;4;7;7;7;7;7;7;7
"23396";3;4;7;7;7;7;7;7;7
"23397";3;4;7;7;7;7;7;7;7
"23398";3;4;7;7;7;7;7;7;7
"23399";3;4;7;7;7;7;7;7;7
"23400";3;4;7;7;7;7;7;7;7
"23401";3;4;7;7;7;7;7;7;7
"23402";3;4;7;7;7;7;7;7;7
"23403";3;4;7;7;7;7;7;7;7
"23404";3;4;7;7;7;7;7;7;7
"23405";3;4;7;7;7;7;7;7;7
"23406";3;4;7;7;7;7;7;7;7
"23407";3;4;7;7;7;7;7;7;7
"23408";3;4;7;7;7;7;7;7;7
"23409";3;4;7;7;7;7;7;7;7
"23410";3;4;7;7;7;7;7;7;7
"23411";3;4;7;7;7;7;7;7;7
"23412";3;4;7;7;7;7;7;7;7
"23413";3;4;7;7;7;7;7;7;7
"23414";3;4;6;9;10;12;15;16;19
"23415";3;4;6;9;10;12;15;16;19
"23416";3;4;7;7;7;7;7;7;7
"23417";3;4;6;9;10;12;15;16;19
"23418";3;4;7;7;7;7;7;7;7
"23419";3;4;7;7;7;7;7;7;7
"23420";3;4;7;7;7;7;7;7;7
"23421";3;4;7;7;7;7;7;7;7
"23422";3;4;7;7;7;7;7;7;7
"23423";3;4;6;9;10;12;15;16;19
"23424";3;4;7;7;7;7;7;7;7
"23425";3;4;7;7;7;7;7;7;7
"23426";3;4;6;9;10;12;15;16;19
"23427";3;4;6;9;10;12;15;16;19
"23428";3;4;6;9;10;12;15;16;19
"23429";3;4;6;9;10;12;15;16;19
"23430";3;4;6;9;10;12;15;16;19
"23431";3;4;6;9;10;12;15;16;19
"23432";3;4;6;9;10;12;15;16;19
"23433";3;4;6;9;10;12;15;16;19
"23434";3;4;6;9;10;12;15;16;19
"23435";3;4;6;9;10;12;15;16;19
"23436";3;4;6;9;10;12;15;16;19
"23437";3;4;6;9;10;12;15;16;19
"23438";3;4;7;7;7;7;7;7;7
"23439";3;4;6;9;10;12;15;16;19
"23440";3;4;6;9;10;12;15;16;19
"23441";3;4;6;9;10;12;15;16;19
"23442";3;4;6;9;10;12;15;16;19
"23443";3;4;6;9;10;12;15;16;19
"23444";3;4;6;9;10;12;15;16;19
"23445";3;4;6;9;10;12;15;16;19
"23446";3;4;6;9;10;12;15;16;19
"23447";3;4;6;9;10;12;15;16;19
"23448";3;4;6;8;8;8;8;8;8
"23449";3;4;6;9;10;12;15;16;19
"23450";3;4;6;9;10;12;15;16;19
"23451";3;4;6;9;10;12;15;16;19
"23452";3;5;5;5;5;5;5;5;5
"23453";3;4;6;9;10;12;15;16;19
"23454";3;4;6;9;10;12;15;16;19
"23455";3;4;6;9;10;12;15;16;19
"23456";3;4;6;9;10;12;15;16;19
"23457";3;4;6;9;10;12;15;16;19
"23458";3;4;6;9;10;12;15;16;19
"23459";3;4;6;9;10;12;15;16;19
"23460";3;4;6;9;10;12;15;16;19
"23461";3;4;6;9;10;12;15;16;19
"23462";3;4;6;9;10;12;15;16;19
"23463";3;4;6;9;10;12;15;16;19
"23464";3;4;6;9;10;12;15;16;19
"23465";3;4;6;9;10;12;15;16;19
"23466";3;4;6;9;10;12;15;16;19
"23467";3;4;6;9;10;12;15;16;19
"23468";3;4;6;9;10;12;15;16;19
"23469";3;4;6;9;10;12;15;16;19
"23470";3;4;6;9;10;12;15;16;19
"23471";3;4;6;9;10;12;15;16;19
"23472";3;4;6;9;10;12;15;16;19
"23473";3;4;6;9;10;12;15;16;19
"23474";3;4;6;9;10;12;15;16;19
"23475";3;4;6;9;10;12;15;16;19
"23476";3;4;6;9;10;12;15;16;19
"23477";3;4;6;9;10;12;15;16;19
"23478";3;4;6;9;10;12;15;16;19
"23479";3;4;6;9;10;12;15;16;19
"23480";3;4;6;9;10;12;15;16;19
"23481";3;4;6;9;10;12;15;16;19
"23482";3;4;6;8;8;8;8;8;8
"23483";3;4;6;8;8;8;8;8;8
"23484";3;4;6;9;10;12;15;16;19
"23485";3;4;6;9;10;12;15;16;19
"23486";3;4;6;9;10;12;15;16;19
"23487";3;4;6;9;10;12;15;16;19
"23488";3;4;6;9;10;12;15;16;19
"23489";3;4;6;9;10;12;15;16;19
"23490";3;4;6;8;8;8;8;8;8
"23491";3;4;6;9;10;12;15;16;19
"23492";3;4;7;7;7;7;7;7;7
"23493";3;4;6;9;10;12;15;16;19
"23494";3;4;6;9;10;12;15;16;19
"23495";3;4;6;9;10;12;15;16;19
"23496";3;4;6;8;8;8;8;8;8
"23497";3;4;6;9;10;12;15;16;19
"23498";3;4;6;9;10;12;15;16;19
"23499";3;4;6;9;10;12;15;16;19
"23500";3;4;6;9;10;12;15;16;19
"23501";3;4;6;9;10;12;15;16;19
"23502";3;4;6;9;10;12;15;16;19
"23503";3;4;6;9;10;12;15;16;19
"23504";3;4;7;7;7;7;7;7;7
"23505";3;4;6;9;10;12;15;16;19
"23506";3;4;6;9;10;12;15;16;19
"23507";3;4;6;9;10;12;15;16;19
"23508";3;4;6;9;10;12;15;16;19
"23509";3;4;6;9;10;12;15;16;19
"23510";3;4;6;9;10;12;15;16;19
"23511";3;4;7;7;7;7;7;7;7
"23512";3;4;6;9;10;12;15;16;19
"23513";3;4;6;9;10;12;15;16;19
"23514";3;4;6;9;10;12;15;16;19
"23515";3;4;6;9;10;12;15;16;19
"23516";3;4;6;9;10;12;15;16;19
"23517";3;4;6;9;10;12;15;16;19
"23518";3;4;6;9;10;12;15;16;19
"23519";3;4;6;9;10;12;15;16;19
"23520";3;4;6;9;10;12;15;16;19
"23521";3;4;6;9;10;12;15;16;19
"23522";3;4;6;9;10;12;15;16;19
"23523";3;4;6;9;10;12;15;16;19
"23524";3;4;6;8;8;8;8;8;8
"23525";3;4;6;9;10;12;15;16;19
"23526";3;4;6;9;10;12;15;16;19
"23527";3;4;6;9;10;12;15;16;19
"23528";3;4;6;9;10;12;15;16;19
"23529";3;4;7;7;7;7;7;7;7
"23530";3;4;6;9;10;12;15;16;19
"23531";3;4;6;9;10;12;15;16;19
"23532";3;4;6;9;10;12;15;16;19
"23533";3;4;6;9;10;12;15;16;19
"23534";3;4;6;9;10;12;15;16;19
"23535";3;4;6;9;10;12;15;16;19
"23536";3;4;6;9;10;12;15;16;19
"23537";3;4;7;7;7;7;7;7;7
"23538";3;4;6;9;10;12;15;16;19
"23539";3;4;6;9;10;12;15;16;19
"23540";3;4;6;9;10;12;15;16;19
"23541";3;4;7;7;7;7;7;7;7
"23542";3;4;6;9;10;12;15;16;19
"23543";3;4;6;9;10;12;15;16;19
"23544";3;4;6;9;10;12;15;16;19
"23545";3;4;6;9;10;12;15;16;19
"23546";3;4;6;9;10;12;15;16;19
"23547";3;4;6;9;10;12;15;16;19
"23548";3;4;6;9;10;12;15;16;19
"23549";3;4;6;9;10;12;15;16;19
"23550";3;4;6;9;10;12;15;16;19
"23551";3;4;6;9;10;12;15;16;19
"23552";3;4;6;9;10;12;15;16;19
"23553";3;4;6;9;10;12;15;16;19
"23554";3;4;6;9;10;12;15;16;19
"23555";3;4;6;9;10;12;15;16;19
"23556";3;4;6;8;8;8;8;8;8
"23557";3;4;6;9;10;12;15;16;19
"23558";3;4;6;9;10;12;15;16;19
"23559";3;4;6;9;10;12;15;16;19
"23560";3;4;6;8;8;8;8;8;8
"23561";3;4;6;9;10;12;15;16;19
"23562";3;4;6;9;10;12;15;16;19
"23563";3;4;6;9;10;12;15;16;19
"23564";3;4;6;9;10;12;15;16;19
"23565";3;4;6;9;10;12;15;16;19
"23566";3;4;7;7;7;7;7;7;7
"23567";3;4;6;9;10;12;15;16;19
"23568";3;4;6;9;10;12;15;16;19
"23569";3;4;6;9;10;12;15;16;19
"23570";3;4;6;9;10;12;15;16;19
"23571";3;4;6;8;8;8;8;8;8
"23572";3;4;6;8;8;8;8;8;8
"23573";3;4;6;9;10;12;15;16;19
"23574";3;4;6;9;10;12;15;16;19
"23575";3;4;6;9;10;12;15;16;19
"23576";3;4;7;7;7;7;7;7;7
"23577";3;4;7;7;7;7;7;7;7
"23578";3;4;6;9;10;12;15;16;19
"23579";3;4;6;9;10;12;15;16;19
"23580";3;4;7;7;7;7;7;7;7
"23581";3;4;6;9;10;12;15;16;19
"23582";3;4;6;9;10;12;15;16;19
"23583";3;4;6;9;10;12;15;16;19
"23584";3;4;6;9;10;12;15;16;19
"23585";3;4;6;9;10;12;15;16;19
"23586";3;4;6;9;10;12;15;16;19
"23587";3;4;6;9;10;12;15;16;19
"23588";3;4;7;7;7;7;7;7;7
"23589";3;4;6;9;10;12;15;16;19
"23590";3;4;6;9;10;12;15;16;19
"23591";3;4;6;9;10;12;15;16;19
"23592";3;4;7;7;7;7;7;7;7
"23593";3;4;6;9;10;12;15;16;19
"23594";3;4;6;9;10;12;15;16;19
"23595";3;4;6;9;10;13;13;13;13
"23596";3;4;6;9;10;12;15;16;19
"23597";3;4;6;8;8;8;8;8;8
"23598";3;4;7;7;7;7;7;7;7
"23599";3;4;6;8;8;8;8;8;8
"23600";3;4;6;9;10;12;15;16;19
"23601";3;4;6;9;10;12;15;16;19
"23602";3;4;7;7;7;7;7;7;7
"23603";3;4;6;9;10;12;15;16;19
"23604";3;4;6;9;10;12;15;16;19
"23605";3;4;7;7;7;7;7;7;7
"23606";3;4;6;9;10;12;15;16;19
"23607";3;4;6;9;10;12;15;16;19
"23608";3;4;7;7;7;7;7;7;7
"23609";3;4;7;7;7;7;7;7;7
"23610";3;4;6;9;10;12;15;16;19
"23611";3;4;6;9;10;12;15;16;19
"23612";3;4;6;9;10;12;15;16;19
"23613";3;4;6;9;10;12;15;16;19
"23614";3;4;6;9;10;12;15;16;19
"23615";3;4;6;9;10;13;13;13;13
"23616";3;4;6;9;10;12;15;16;19
"23617";3;4;6;9;10;12;15;16;19
"23618";3;4;7;7;7;7;7;7;7
"23619";3;4;6;9;10;12;15;16;19
"23620";3;4;6;9;10;12;15;16;19
"23621";3;4;6;9;10;12;15;16;19
"23622";3;4;6;9;10;12;15;16;19
"23623";3;4;7;7;7;7;7;7;7
"23624";3;4;6;9;10;12;15;16;19
"23625";3;4;7;7;7;7;7;7;7
"23626";3;4;6;9;10;12;15;16;19
"23627";3;4;6;9;10;12;15;16;19
"23628";3;4;6;8;8;8;8;8;8
"23629";3;5;5;5;5;5;5;5;5
"23630";3;5;5;5;5;5;5;5;5
"23631";3;5;5;5;5;5;5;5;5
"23632";3;4;6;9;10;12;15;16;18
"23633";3;4;6;9;10;12;15;16;19
"23634";3;4;6;9;10;12;15;16;18
"23635";3;4;6;9;10;12;15;16;19
"23636";3;4;6;9;10;12;15;16;19
"23637";3;4;6;9;10;12;15;16;19
"23638";3;4;6;9;10;12;15;16;19
"23639";3;4;6;9;10;12;15;16;19
"23640";3;4;6;9;10;12;15;16;19
"23641";3;4;6;9;10;12;15;16;19
"23642";3;4;6;9;10;12;15;16;19
"23643";3;4;6;9;10;12;15;16;19
"23644";3;4;6;9;10;12;15;16;19
"23645";3;4;6;9;10;12;15;16;19
"23646";3;4;6;9;10;12;15;16;19
"23647";3;4;6;9;10;12;15;16;19
"23648";3;4;6;9;10;12;15;16;19
"23649";3;4;6;9;10;12;15;16;19
"23650";3;5;5;5;5;5;5;5;5
"23651";3;4;6;9;10;12;15;16;19
"23652";3;5;5;5;5;5;5;5;5
"23653";3;4;6;8;8;8;8;8;8
"23654";3;4;6;9;10;12;15;16;19
"23655";3;4;6;9;10;12;15;16;19
"23656";3;4;6;9;10;12;15;16;19
"23657";3;4;6;9;10;12;15;16;19
"23658";3;4;6;9;10;12;15;16;19
"23659";3;4;6;9;10;12;15;16;19
"23660";3;4;6;9;10;12;15;16;19
"23661";3;4;6;9;10;12;15;16;19
"23662";3;4;6;9;10;12;15;16;19
"23663";3;4;6;9;10;12;15;16;19
"23664";3;5;5;5;5;5;5;5;5
"23665";3;5;5;5;5;5;5;5;5
"23666";3;4;6;9;10;12;15;16;19
"23667";3;4;6;9;10;12;15;16;19
"23668";3;4;6;9;10;12;15;16;19
"23669";3;4;6;9;10;12;15;16;19
"23670";3;5;5;5;5;5;5;5;5
"23671";3;4;6;9;10;12;15;16;19
"23672";3;4;6;9;10;12;15;16;19
"23673";3;4;6;9;10;12;15;16;19
"23674";3;4;6;9;10;12;15;16;19
"23675";3;4;6;9;10;12;15;16;19
"23676";3;4;6;9;10;12;15;16;19
"23677";3;4;6;9;10;12;15;16;19
"23678";3;4;6;9;10;12;15;16;19
"23679";3;4;6;9;10;12;15;16;19
"23680";3;4;6;9;10;12;15;16;19
"23681";3;4;6;9;10;12;15;16;19
"23682";3;4;7;7;7;7;7;7;7
"23683";3;4;6;9;10;12;15;16;19
"23684";3;4;6;9;10;12;15;16;19
"23685";3;4;6;9;10;12;15;16;19
"23686";3;4;6;9;10;12;15;16;19
"23687";3;4;6;9;10;12;15;16;19
"23688";3;4;6;9;10;12;15;16;19
"23689";3;4;6;9;10;12;15;16;19
"23690";3;4;6;9;10;12;15;16;19
"23691";3;4;6;8;8;8;8;8;8
"23692";3;4;6;8;8;8;8;8;8
"23693";3;4;6;8;8;8;8;8;8
"23694";3;4;6;9;10;12;15;16;19
"23695";3;4;6;9;10;12;15;16;19
"23696";3;4;6;9;10;12;15;16;19
"23697";3;4;6;9;10;12;15;16;19
"23698";3;4;6;9;10;12;15;16;19
"23699";3;4;6;9;10;12;15;16;19
"23700";3;4;6;9;10;12;15;16;19
"23701";3;4;6;8;8;8;8;8;8
"23702";3;4;6;9;10;12;15;16;19
"23703";3;4;6;9;10;12;15;16;19
"23704";3;5;5;5;5;5;5;5;5
"23705";3;4;6;9;10;12;15;16;19
"23706";3;4;6;9;10;12;15;16;19
"23707";3;4;6;9;10;12;15;16;19
"23708";3;4;6;9;10;12;15;16;19
"23709";3;5;5;5;5;5;5;5;5
"23710";3;4;6;9;10;12;15;16;19
"23711";3;4;6;9;10;12;15;16;19
"23712";3;4;6;9;10;12;15;16;19
"23713";3;4;6;9;10;12;15;16;19
"23714";3;4;6;9;10;12;15;16;19
"23715";3;4;7;7;7;7;7;7;7
"23716";3;4;6;9;10;12;15;16;19
"23717";3;4;6;9;10;12;15;16;19
"23718";3;4;6;9;10;12;15;16;19
"23719";3;4;6;9;10;12;15;16;19
"23720";3;4;6;9;10;12;15;16;19
"23721";3;4;6;9;10;12;15;16;19
"23722";3;4;6;9;10;12;15;16;19
"23723";3;4;6;9;10;12;15;16;19
"23724";3;4;6;9;10;12;15;16;19
"23725";3;4;6;9;10;12;15;16;19
"23726";3;4;6;9;10;12;15;16;19
"23727";3;4;7;7;7;7;7;7;7
"23728";3;4;6;9;10;12;15;16;19
"23729";3;4;6;9;10;12;15;16;19
"23730";3;4;6;9;10;12;15;16;19
"23731";3;5;5;5;5;5;5;5;5
"23732";3;4;6;9;10;12;15;16;19
"23733";3;4;6;9;10;12;15;16;18
"23734";3;4;6;9;10;12;15;16;19
"23735";3;4;6;9;10;12;15;16;19
"23736";3;4;6;9;10;12;15;16;19
"23737";3;4;6;9;10;12;15;16;19
"23738";3;4;6;9;10;12;15;16;19
"23739";3;4;6;9;10;12;15;16;19
"23740";3;4;6;8;8;8;8;8;8
"23741";3;4;6;9;10;12;15;16;19
"23742";3;4;6;9;10;12;15;16;19
"23743";3;4;6;9;10;12;15;16;19
"23744";3;4;7;7;7;7;7;7;7
"23745";3;5;5;5;5;5;5;5;5
"23746";3;4;6;9;10;12;15;16;19
"23747";3;4;7;7;7;7;7;7;7
"23748";3;4;6;9;10;12;15;16;19
"23749";3;4;6;9;10;12;15;16;19
"23750";3;4;6;9;10;12;15;16;19
"23751";3;4;7;7;7;7;7;7;7
"23752";3;4;7;7;7;7;7;7;7
"23753";3;4;7;7;7;7;7;7;7
"23754";3;4;6;9;10;12;15;16;18
"23755";3;4;6;9;10;12;15;16;18
"23756";3;4;6;9;10;12;15;16;19
"23757";3;4;6;9;10;12;15;16;18
"23758";3;4;6;9;10;12;15;16;18
"23759";3;4;6;9;10;12;15;16;19
"23760";3;4;6;9;10;12;15;16;19
"23761";3;4;6;9;10;12;15;16;18
"23762";3;4;6;9;10;12;15;16;18
"23763";3;4;6;9;10;12;15;16;18
"23764";3;4;6;9;10;12;15;16;19
"23765";3;4;6;9;10;12;15;16;18
"23766";3;4;6;9;10;12;15;16;19
"23767";3;4;6;9;10;12;15;16;18
"23768";3;4;6;9;10;12;15;16;19
"23769";3;4;6;9;10;12;15;16;19
"23770";3;4;6;9;10;12;15;16;19
"23771";3;4;6;9;10;12;15;16;19
"23772";3;4;6;9;10;12;15;16;19
"23773";3;4;6;9;10;12;15;16;18
"23774";3;4;6;9;10;12;15;16;18
"23775";3;4;6;9;10;12;15;16;18
"23776";3;4;6;9;10;12;15;16;18
"23777";3;4;6;9;10;12;15;16;19
"23778";3;4;6;9;10;12;15;16;19
"23779";3;4;6;9;10;12;15;16;19
"23780";3;4;6;9;10;12;15;16;19
"23781";3;4;6;9;10;12;15;16;19
"23782";3;4;6;9;10;12;15;16;19
"23783";3;4;6;9;10;12;15;16;19
"23784";3;4;6;9;10;12;15;16;19
"23785";3;4;6;9;10;12;15;16;18
"23786";3;4;6;9;10;12;15;16;19
"23787";3;4;6;9;10;12;15;16;19
"23788";3;4;6;9;10;12;15;16;19
"23789";3;4;6;9;10;12;15;16;19
"23790";3;5;5;5;5;5;5;5;5
"23791";3;5;5;5;5;5;5;5;5
"23792";3;4;6;9;10;12;15;16;19
"23793";3;4;6;9;10;12;15;16;19
"23794";3;4;6;9;10;12;15;16;19
"23795";3;4;6;9;10;12;15;16;19
"23796";3;4;6;9;10;12;15;16;19
"23797";3;4;6;9;10;12;15;16;19
"23798";3;4;6;9;10;12;15;16;19
"23799";3;4;6;9;10;12;15;16;19
"23800";3;4;6;9;10;12;15;16;19
"23801";3;4;6;9;10;12;15;16;19
"23802";3;4;6;9;10;12;15;16;19
"23803";3;4;6;9;10;12;15;16;19
"23804";3;4;6;9;10;12;15;16;19
"23805";3;4;6;9;10;12;15;16;19
"23806";3;4;6;9;10;12;15;16;19
"23807";3;4;6;9;10;12;15;16;19
"23808";3;4;6;9;10;12;15;16;19
"23809";3;4;6;9;10;12;15;16;19
"23810";3;4;6;9;10;12;15;16;19
"23811";3;4;6;9;10;12;15;16;19
"23812";3;4;6;8;8;8;8;8;8
"23813";3;4;6;9;10;12;15;16;19
"23814";3;4;6;9;10;12;15;16;19
"23815";3;5;5;5;5;5;5;5;5
"23816";3;4;6;9;10;12;15;16;19
"23817";3;4;6;9;10;12;15;16;19
"23818";3;4;6;9;10;12;15;16;19
"23819";3;4;6;9;10;12;15;16;19
"23820";3;4;6;9;10;12;15;16;19
"23821";3;4;6;9;10;12;15;16;19
"23822";3;4;6;9;10;12;15;16;19
"23823";3;4;6;9;10;12;15;16;19
"23824";3;4;6;9;10;12;15;16;19
"23825";3;4;6;9;10;12;15;16;19
"23826";3;4;6;9;10;12;15;16;19
"23827";3;4;6;9;10;12;15;16;19
"23828";3;4;6;9;10;12;15;16;19
"23829";3;4;6;9;10;12;15;16;19
"23830";3;4;6;9;10;12;15;16;19
"23831";3;4;6;9;10;12;15;16;19
"23832";3;4;6;9;10;12;15;16;19
"23833";3;4;6;9;10;12;15;16;19
"23834";3;4;6;9;10;12;15;16;19
"23835";3;4;6;9;10;12;15;16;19
"23836";3;4;6;9;10;12;15;16;19
"23837";3;4;6;9;10;12;15;16;19
"23838";3;4;6;9;10;12;15;16;19
"23839";3;4;6;9;10;12;15;16;19
"23840";3;4;6;9;10;12;15;16;19
"23841";3;4;6;9;10;12;15;16;19
"23842";3;4;6;9;10;12;15;16;19
"23843";3;4;6;9;10;12;15;16;19
"23844";3;4;6;9;10;12;15;16;19
"23845";3;4;6;9;10;12;15;16;19
"23846";3;4;6;9;10;12;15;16;19
"23847";3;4;6;9;10;12;15;16;19
"23848";3;4;6;9;10;12;15;16;19
"23849";3;4;6;9;10;12;15;16;19
"23850";3;4;6;9;10;12;15;16;19
"23851";3;4;6;9;10;12;15;16;19
"23852";3;4;6;9;10;12;15;16;19
"23853";3;4;6;9;10;12;15;16;19
"23854";3;4;6;9;10;12;15;16;19
"23855";3;4;6;9;10;12;15;16;19
"23856";3;4;6;9;10;12;15;16;19
"23857";3;4;7;7;7;7;7;7;7
"23858";3;4;6;9;10;12;15;16;19
"23859";3;4;6;9;10;12;15;16;19
"23860";3;4;6;9;10;12;15;16;19
"23861";3;4;6;9;10;12;15;16;19
"23862";3;4;6;9;10;12;15;16;19
"23863";3;4;6;9;10;12;15;16;19
"23864";3;4;6;9;10;12;15;16;19
"23865";3;4;6;9;10;12;15;16;19
"23866";3;4;6;9;10;12;15;16;19
"23867";3;4;6;9;10;12;15;16;19
"23868";3;4;7;7;7;7;7;7;7
"23869";3;4;6;9;10;12;15;16;19
"23870";3;4;7;7;7;7;7;7;7
"23871";3;4;7;7;7;7;7;7;7
"23872";3;4;7;7;7;7;7;7;7
"23873";3;4;6;9;10;12;15;16;18
"23874";3;4;7;7;7;7;7;7;7
"23875";3;4;6;9;10;12;15;16;19
"23876";3;4;6;9;10;12;15;16;19
"23877";3;4;6;9;10;12;15;16;19
"23878";3;4;6;9;10;13;13;13;13
"23879";3;4;6;9;10;12;15;16;19
"23880";3;4;6;9;10;12;15;16;19
"23881";3;4;6;9;10;12;15;16;19
"23882";3;4;6;9;10;12;15;16;19
"23883";3;4;6;9;10;12;15;16;19
"23884";3;4;6;9;10;12;15;16;19
"23885";3;4;6;9;10;12;15;16;19
"23886";3;4;6;9;10;12;15;16;19
"23887";3;4;6;9;10;12;15;16;19
"23888";3;4;6;9;10;12;15;16;19
"23889";3;4;7;7;7;7;7;7;7
"23890";3;4;7;7;7;7;7;7;7
"23891";3;4;7;7;7;7;7;7;7
"23892";3;5;5;5;5;5;5;5;5
"23893";3;4;6;9;10;12;15;16;19
"23894";3;4;6;9;10;12;15;16;19
"23895";3;4;6;9;10;12;15;16;19
"23896";3;4;6;9;10;12;15;16;19
"23897";3;4;6;9;10;12;15;16;19
"23898";3;4;6;9;10;12;15;16;19
"23899";3;4;7;7;7;7;7;7;7
"23900";3;4;6;9;10;12;15;16;19
"23901";3;4;7;7;7;7;7;7;7
"23902";3;4;6;9;10;12;15;16;19
"23903";3;4;6;9;10;12;15;16;19
"23904";3;4;6;9;10;12;15;16;19
"23905";3;4;6;9;10;12;15;16;19
"23906";3;4;6;9;10;12;15;16;19
"23907";3;4;6;9;10;12;15;16;19
"23908";3;4;7;7;7;7;7;7;7
"23909";3;4;6;9;10;12;15;16;19
"23910";3;4;6;9;10;12;15;16;19
"23911";3;4;6;9;10;12;15;16;19
"23912";3;4;6;9;10;12;15;16;18
"23913";3;4;7;7;7;7;7;7;7
"23914";3;4;6;9;10;12;15;16;18
"23915";3;4;6;9;10;12;15;16;19
"23916";3;4;6;9;10;12;15;16;19
"23917";3;4;6;9;10;12;15;16;19
"23918";3;4;6;9;10;12;15;16;19
"23919";3;4;6;9;10;12;15;16;19
"23920";3;4;6;9;10;12;15;16;19
"23921";3;4;6;9;10;12;15;16;19
"23922";3;4;6;9;10;12;15;16;19
"23923";3;4;6;9;10;12;15;16;19
"23924";3;4;6;9;10;12;15;16;19
"23925";3;4;6;9;10;12;15;16;19
"23926";3;4;6;9;10;12;15;16;19
"23927";3;4;6;9;10;12;15;16;19
"23928";3;4;6;9;10;12;15;16;19
"23929";3;4;6;9;10;12;15;16;19
"23930";3;4;6;9;10;12;15;16;19
"23931";3;4;6;9;10;12;15;16;19
"23932";3;4;6;9;10;12;15;16;19
"23933";3;4;6;9;10;12;15;16;19
"23934";3;4;6;9;10;12;15;16;19
"23935";3;4;6;9;10;12;15;16;19
"23936";3;4;6;9;10;12;15;16;19
"23937";3;4;6;9;10;12;15;16;19
"23938";3;4;6;9;10;12;15;16;19
"23939";3;5;5;5;5;5;5;5;5
"23940";3;4;6;9;10;12;15;16;19
"23941";3;4;6;9;10;12;15;16;19
"23942";3;4;6;9;10;12;15;16;19
"23943";3;4;6;9;10;12;15;16;19
"23944";3;4;6;9;10;12;15;16;19
"23945";3;4;6;9;10;12;15;16;19
"23946";3;4;6;9;10;12;15;16;19
"23947";3;4;6;9;10;12;15;16;19
"23948";3;4;6;9;10;12;15;16;19
"23949";3;4;7;7;7;7;7;7;7
"23950";3;4;6;9;10;12;15;16;19
"23951";3;4;6;9;10;12;15;16;19
"23952";3;4;6;9;10;12;15;16;19
"23953";3;5;5;5;5;5;5;5;5
"23954";3;4;6;9;10;12;15;16;19
"23955";3;4;6;9;10;12;15;16;19
"23956";3;4;6;9;10;12;15;16;19
"23957";3;4;7;7;7;7;7;7;7
"23958";3;4;6;9;10;12;15;16;19
"23959";3;4;6;9;10;12;15;16;19
"23960";3;4;6;9;10;12;15;16;19
"23961";3;4;6;9;10;12;15;16;19
"23962";3;4;6;9;10;12;15;16;19
"23963";3;4;6;9;10;12;15;16;19
"23964";3;4;6;9;10;12;15;16;19
"23965";3;4;6;9;10;12;15;16;19
"23966";3;4;6;9;10;12;15;16;19
"23967";3;4;6;9;10;12;15;16;19
"23968";3;4;6;9;10;12;15;16;19
"23969";3;4;6;9;10;12;15;16;19
"23970";3;4;6;9;10;12;15;16;19
"23971";3;4;6;9;10;12;15;16;19
"23972";3;4;6;9;10;12;15;16;19
"23973";3;4;6;9;10;12;15;16;19
"23974";3;4;6;9;10;12;15;16;19
"23975";3;4;6;9;10;12;15;16;19
"23976";3;4;6;9;10;12;15;16;19
"23977";3;4;6;9;10;12;15;16;19
"23978";3;4;6;9;10;13;13;13;13
"23979";3;4;6;9;10;12;15;16;19
"23980";3;4;6;9;10;12;15;16;19
"23981";3;4;6;9;10;12;15;16;19
"23982";3;4;6;9;10;12;15;16;18
"23983";3;4;6;9;10;12;15;16;19
"23984";3;4;7;7;7;7;7;7;7
"23985";3;4;6;9;10;12;15;16;19
"23986";3;4;6;9;10;12;15;16;19
"23987";3;4;6;9;10;12;15;16;19
"23988";3;4;6;9;10;12;15;16;19
"23989";3;4;6;9;10;12;15;16;19
"23990";3;4;6;9;10;12;15;16;19
"23991";3;4;6;9;10;12;15;16;19
"23992";3;4;6;9;10;12;15;16;19
"23993";3;4;6;9;10;13;13;13;13
"23994";3;4;6;9;10;12;15;16;19
"23995";3;4;6;9;10;12;15;16;19
"23996";3;4;6;9;10;12;15;16;19
"23997";3;4;6;9;10;12;15;16;19
"23998";3;4;6;9;10;12;15;16;19
"23999";3;4;6;9;10;12;15;16;19
"24000";3;4;6;9;10;12;15;16;19
"24001";3;4;6;9;10;12;15;16;19
"24002";3;4;6;9;10;12;15;16;19
"24003";3;4;6;9;10;12;15;16;19
"24004";3;4;6;9;10;12;15;16;19
"24005";3;4;6;9;10;13;13;13;13
"24006";3;4;6;9;10;12;15;16;19
"24007";3;4;6;9;10;12;15;16;19
"24008";3;4;6;9;10;12;15;16;19
"24009";3;4;6;9;10;12;15;16;19
"24010";3;4;6;9;10;12;15;16;19
"24011";3;4;6;9;10;12;15;16;19
"24012";3;4;6;9;10;12;15;16;19
"24013";3;4;6;9;10;12;15;16;19
"24014";3;4;6;9;10;12;15;16;19
"24015";3;4;6;9;10;12;15;16;19
"24016";3;4;6;9;10;12;15;16;19
"24017";3;4;6;9;10;12;15;16;19
"24018";3;4;6;9;10;12;15;16;19
"24019";3;4;6;9;10;12;15;16;19
"24020";3;4;6;9;10;13;13;13;13
"24021";3;4;6;9;10;12;15;16;19
"24022";3;4;6;9;10;12;15;16;19
"24023";3;4;6;9;10;12;15;16;19
"24024";3;4;6;9;10;12;15;16;19
"24025";3;4;6;9;10;12;15;16;19
"24026";3;4;6;9;10;13;13;13;13
"24027";3;4;6;9;10;12;15;16;19
"24028";3;4;6;9;10;12;15;16;19
"24029";3;4;6;9;10;12;15;16;19
"24030";3;4;6;9;10;12;15;16;19
"24031";3;4;6;9;10;12;15;16;19
"24032";3;4;6;9;10;12;15;16;19
"24033";3;4;6;9;10;12;15;16;19
"24034";3;4;6;9;10;12;15;16;19
"24035";3;4;6;9;10;12;15;16;19
"24036";3;4;6;9;10;12;15;16;19
"24037";3;4;6;9;10;12;15;16;19
"24038";3;4;6;9;10;12;15;16;19
"24039";3;4;6;9;10;12;15;16;19
"24040";3;4;6;8;8;8;8;8;8
"24041";3;4;6;9;10;12;15;16;19
"24042";3;4;6;9;10;12;15;16;19
"24043";3;4;6;9;10;12;15;16;19
"24044";3;4;6;9;10;12;15;16;19
"24045";3;4;6;9;10;12;15;16;19
"24046";3;4;6;9;10;12;15;16;19
"24047";3;4;6;9;10;12;15;16;19
"24048";3;4;7;7;7;7;7;7;7
"24049";3;4;6;9;10;12;15;16;19
"24050";3;4;6;9;10;12;15;16;19
"24051";3;4;6;9;10;12;15;16;19
"24052";3;4;6;9;10;12;15;16;19
"24053";3;4;7;7;7;7;7;7;7
"24054";3;4;6;9;10;12;15;16;19
"24055";3;4;6;9;10;12;15;16;19
"24056";3;4;6;9;10;12;15;16;19
"24057";3;4;6;9;10;12;15;16;19
"24058";3;4;6;9;10;12;15;16;19
"24059";3;4;6;9;10;12;15;16;19
"24060";3;4;6;9;10;12;15;16;19
"24061";3;4;6;9;10;12;15;16;19
"24062";3;4;6;9;10;12;15;16;19
"24063";3;4;6;9;10;12;15;16;19
"24064";3;4;6;9;10;12;15;16;19
"24065";3;4;6;9;10;12;15;16;19
"24066";3;4;6;9;10;12;15;16;19
"24067";3;4;7;7;7;7;7;7;7
"24068";3;4;6;9;10;12;15;16;19
"24069";3;4;6;9;10;12;15;16;19
"24070";3;4;6;9;10;12;15;16;19
"24071";3;4;6;9;10;12;15;16;19
"24072";3;4;6;9;10;12;15;16;19
"24073";3;4;7;7;7;7;7;7;7
"24074";3;4;6;9;10;12;15;16;19
"24075";3;4;6;9;10;12;15;16;19
"24076";3;4;6;9;10;12;15;16;19
"24077";3;4;6;9;10;12;15;16;19
"24078";3;4;6;9;10;12;15;16;19
"24079";3;4;6;9;10;12;15;16;19
"24080";3;4;6;9;10;12;15;16;19
"24081";3;4;6;9;10;12;15;16;19
"24082";3;4;6;9;10;12;15;16;19
"24083";3;4;7;7;7;7;7;7;7
"24084";3;4;6;9;10;12;15;16;19
"24085";3;4;6;9;10;12;15;16;19
"24086";3;4;7;7;7;7;7;7;7
"24087";3;4;7;7;7;7;7;7;7
"24088";3;4;7;7;7;7;7;7;7
"24089";3;4;7;7;7;7;7;7;7
"24090";3;4;7;7;7;7;7;7;7
"24091";3;4;6;9;10;12;15;16;19
"24092";3;4;6;9;10;12;15;16;19
"24093";3;4;6;9;10;12;15;16;19
"24094";3;4;6;9;10;12;15;16;19
"24095";3;4;7;7;7;7;7;7;7
"24096";3;4;7;7;7;7;7;7;7
"24097";3;4;7;7;7;7;7;7;7
"24098";3;4;6;9;10;12;15;16;19
"24099";3;4;6;9;10;12;15;16;19
"24100";3;4;6;9;10;12;15;16;19
"24101";3;4;6;9;10;12;15;16;19
"24102";3;4;6;9;10;12;15;16;19
"24103";3;4;6;9;10;12;15;16;19
"24104";3;4;6;9;10;12;15;16;19
"24105";3;4;7;7;7;7;7;7;7
"24106";3;4;6;9;10;12;15;16;19
"24107";3;4;6;9;10;12;15;16;19
"24108";3;4;6;9;10;12;15;16;19
"24109";3;4;6;9;10;12;15;16;19
"24110";3;5;5;5;5;5;5;5;5
"24111";3;5;5;5;5;5;5;5;5
"24112";3;4;6;9;10;12;15;16;19
"24113";3;5;5;5;5;5;5;5;5
"24114";3;4;6;9;10;12;15;16;19
"24115";3;4;6;9;10;12;15;16;19
"24116";3;4;6;9;10;12;15;16;19
"24117";3;4;6;9;10;12;15;16;19
"24118";3;4;6;9;10;12;15;16;19
"24119";3;4;6;9;10;12;15;16;19
"24120";3;4;6;9;10;12;15;16;19
"24121";3;4;6;9;10;12;15;16;19
"24122";3;5;5;5;5;5;5;5;5
"24123";3;4;6;9;10;12;15;16;19
"24124";3;4;6;9;10;12;15;16;19
"24125";3;4;6;9;10;12;15;16;19
"24126";3;4;6;9;10;12;15;16;19
"24127";3;4;6;9;10;12;15;16;19
"24128";3;4;6;9;10;12;15;16;19
"24129";3;4;6;9;10;12;15;16;19
"24130";3;4;6;9;10;12;15;16;19
"24131";3;4;6;9;10;12;15;16;19
"24132";3;5;5;5;5;5;5;5;5
"24133";3;5;5;5;5;5;5;5;5
"24134";3;4;6;9;10;12;15;16;19
"24135";3;4;6;9;10;12;15;16;19
"24136";3;4;6;9;10;12;15;16;19
"24137";3;4;6;9;10;12;15;16;19
"24138";3;4;6;9;10;12;15;16;19
"24139";3;4;6;9;10;12;15;16;19
"24140";3;4;6;9;10;12;15;16;19
"24141";3;4;6;9;10;12;15;16;19
"24142";3;4;6;9;10;12;15;16;19
"24143";3;4;6;9;10;12;15;16;19
"24144";3;4;6;9;10;12;15;16;19
"24145";3;4;6;9;10;12;15;16;19
"24146";3;4;6;9;10;12;15;16;19
"24147";3;4;6;9;10;12;15;16;19
"24148";3;4;6;9;10;12;15;16;19
"24149";3;4;6;9;10;12;15;16;19
"24150";3;4;6;9;10;12;15;16;19
"24151";3;4;6;9;10;12;15;16;19
"24152";3;4;6;9;10;12;15;16;19
"24153";3;4;6;9;10;12;15;16;19
"24154";3;4;6;9;10;12;15;16;19
"24155";3;4;6;9;10;12;15;16;19
"24156";3;4;6;9;10;12;15;16;19
"24157";3;4;6;8;8;8;8;8;8
"24158";3;4;6;9;10;12;15;16;19
"24159";3;4;6;9;10;12;15;16;19
"24160";3;4;6;9;10;12;15;16;19
"24161";3;4;6;9;10;12;15;16;19
"24162";3;4;6;9;10;12;15;16;19
"24163";3;4;6;9;10;12;15;16;19
"24164";3;4;6;9;10;12;15;16;19
"24165";3;4;6;9;10;12;15;16;19
"24166";3;4;6;9;10;12;15;16;19
"24167";3;4;6;9;10;12;15;16;19
"24168";3;4;6;9;10;12;15;16;19
"24169";3;4;6;9;10;12;15;16;19
"24170";3;4;6;9;10;12;15;16;19
"24171";3;4;6;9;10;12;15;16;19
"24172";3;4;6;9;10;12;15;16;19
"24173";3;4;6;9;10;12;15;16;19
"24174";3;4;6;9;10;12;15;16;19
"24175";3;5;5;5;5;5;5;5;5
"24176";3;4;6;9;10;12;15;16;19
"24177";3;4;6;9;10;12;15;16;19
"24178";3;4;6;9;10;12;15;16;19
"24179";3;4;6;9;10;12;15;16;19
"24180";3;4;6;9;10;12;15;16;19
"24181";3;4;6;9;10;12;15;16;19
"24182";3;4;6;9;10;12;15;16;19
"24183";3;4;6;9;10;12;15;16;19
"24184";3;4;6;9;10;12;15;16;19
"24185";3;4;6;9;10;12;15;16;19
"24186";3;4;6;9;10;12;15;16;19
"24187";3;4;6;9;10;12;15;16;19
"24188";3;4;6;9;10;12;15;16;19
"24189";3;4;6;8;8;8;8;8;8
"24190";3;4;6;9;10;12;15;16;19
"24191";3;4;6;9;10;12;15;16;19
"24192";3;4;6;9;10;12;15;16;19
"24193";3;4;6;9;10;12;15;16;19
"24194";3;4;6;9;10;12;15;16;19
"24195";3;4;6;9;10;12;15;16;19
"24196";3;4;6;9;10;12;15;16;19
"24197";3;4;6;9;10;12;15;16;19
"24198";3;4;6;9;10;12;15;16;19
"24199";3;4;6;9;10;12;15;16;19
"24200";3;4;6;9;10;12;15;16;19
"24201";3;4;6;9;10;12;15;16;19
"24202";3;4;6;9;10;12;15;16;19
"24203";3;4;6;9;10;12;15;16;19
"24204";3;4;6;9;10;12;15;16;19
"24205";3;4;6;9;10;12;15;16;19
"24206";3;4;6;9;10;12;15;16;19
"24207";3;4;6;9;10;12;15;16;19
"24208";3;4;6;9;10;12;15;16;19
"24209";3;4;6;9;10;12;15;16;19
"24210";3;4;6;9;10;12;15;16;19
"24211";3;4;6;9;10;12;15;16;19
"24212";3;4;6;9;10;12;15;16;19
"24213";3;4;6;9;10;12;15;16;19
"24214";3;4;6;9;10;12;15;16;19
"24215";3;4;6;9;10;12;15;16;19
"24216";3;4;6;9;10;12;15;16;19
"24217";3;4;6;9;10;12;15;16;19
"24218";3;4;6;9;10;12;15;16;19
"24219";3;4;6;9;10;12;15;16;19
"24220";3;4;6;9;10;12;15;16;19
"24221";3;4;6;9;10;12;15;16;19
"24222";3;4;6;9;10;12;15;16;19
"24223";3;4;6;9;10;12;15;16;19
"24224";3;4;6;9;10;12;15;16;19
"24225";3;4;6;9;10;12;15;16;19
"24226";3;4;6;9;10;12;15;16;19
"24227";3;4;6;9;10;12;15;16;19
"24228";3;4;6;9;10;12;15;16;19
"24229";3;4;6;9;10;12;15;16;19
"24230";3;4;6;9;10;12;15;16;19
"24231";3;4;6;9;10;12;15;16;19
"24232";3;4;6;9;10;12;15;16;19
"24233";3;4;6;9;10;12;15;16;19
"24234";3;4;6;9;10;12;15;16;19
"24235";3;4;6;9;10;12;15;16;19
"24236";3;4;6;9;10;12;15;16;19
"24237";3;4;6;8;8;8;8;8;8
"24238";3;4;6;9;10;12;15;16;19
"24239";3;4;6;9;10;12;15;16;19
"24240";3;4;6;9;10;12;15;16;19
"24241";3;4;6;9;10;12;15;16;19
"24242";3;4;6;9;10;12;15;16;19
"24243";3;4;6;9;10;12;15;16;19
"24244";3;4;6;9;10;12;15;16;19
"24245";3;4;6;9;10;12;15;16;19
"24246";3;4;6;9;10;12;15;16;19
"24247";3;4;6;9;10;12;15;16;19
"24248";3;4;6;9;10;12;15;16;19
"24249";3;4;6;9;10;12;15;16;19
"24250";3;4;6;9;10;12;15;16;19
"24251";3;4;6;9;10;12;15;16;19
"24252";3;4;6;9;10;12;15;16;19
"24253";3;4;6;9;10;12;15;16;19
"24254";3;4;6;9;10;12;15;16;19
"24255";3;4;6;9;10;12;15;16;19
"24256";3;4;6;9;10;12;15;16;19
"24257";3;4;6;9;10;12;15;16;19
"24258";3;4;6;9;10;12;15;16;19
"24259";3;4;6;9;10;12;15;16;19
"24260";3;4;6;9;10;12;15;16;19
"24261";3;4;6;9;10;12;15;16;19
"24262";3;4;6;9;10;12;15;16;19
"24263";3;4;6;9;10;12;15;16;19
"24264";3;4;6;9;10;12;15;16;19
"24265";3;4;6;9;10;12;15;16;19
"24266";3;4;6;9;10;12;15;16;19
"24267";3;4;6;9;10;12;15;16;19
"24268";3;4;6;9;10;12;15;16;19
"24269";3;4;6;9;10;12;15;16;19
"24270";3;4;6;9;10;12;15;16;19
"24271";3;4;6;9;10;12;15;16;19
"24272";3;4;6;9;10;12;15;16;19
"24273";3;4;6;9;10;12;15;16;19
"24274";3;4;6;9;10;12;15;16;19
"24275";3;4;6;9;10;12;15;16;19
"24276";3;4;6;9;10;12;15;16;19
"24277";3;4;6;9;10;12;15;16;19
"24278";3;4;6;9;10;12;15;16;19
"24279";3;4;6;9;10;12;15;16;19
"24280";3;4;6;9;10;12;15;16;19
"24281";3;4;6;9;10;12;15;16;19
"24282";3;4;6;9;10;12;15;16;19
"24283";3;4;6;9;10;12;15;16;19
"24284";3;4;6;9;10;12;15;16;19
"24285";3;4;6;9;10;12;15;16;19
"24286";3;4;6;9;10;12;15;16;19
"24287";3;4;6;9;10;12;15;16;19
"24288";3;4;6;9;10;12;15;16;19
"24289";3;4;6;9;10;12;15;16;19
"24290";3;4;6;9;10;12;15;16;19
"24291";3;4;6;9;10;12;15;16;19
"24292";3;4;6;9;10;12;15;16;19
"24293";3;5;5;5;5;5;5;5;5
"24294";3;4;6;9;10;12;15;16;19
"24295";3;4;6;9;10;12;15;16;19
"24296";3;4;6;9;10;12;15;16;19
"24297";3;4;6;9;10;12;15;16;19
"24298";3;4;6;9;10;12;15;16;19
"24299";3;4;6;9;10;12;15;16;19
"24300";3;4;6;9;10;12;15;16;19
"24301";3;4;6;9;10;12;15;16;19
"24302";3;4;6;9;10;12;15;16;19
"24303";3;4;6;9;10;12;15;16;19
"24304";3;4;6;9;10;12;15;16;19
"24305";3;4;6;9;10;12;15;16;19
"24306";3;4;6;9;10;12;15;16;19
"24307";3;4;6;9;10;12;15;16;19
"24308";3;4;6;9;10;12;15;16;19
"24309";3;4;6;9;10;12;15;16;19
"24310";3;4;6;9;10;12;15;16;19
"24311";3;4;6;9;10;12;15;16;19
"24312";3;4;6;9;10;12;15;16;19
"24313";3;4;6;9;10;12;15;16;19
"24314";3;4;6;9;10;12;15;16;19
"24315";3;4;6;9;10;12;15;16;19
"24316";3;4;6;9;10;12;15;16;19
"24317";3;4;6;9;10;12;15;16;19
"24318";3;4;6;9;10;12;15;16;19
"24319";3;4;6;9;10;12;15;16;19
"24320";3;4;6;9;10;12;15;16;19
"24321";3;4;6;9;10;12;15;16;19
"24322";3;4;6;9;10;12;15;16;19
"24323";3;4;6;9;10;12;15;16;19
"24324";3;4;7;7;7;7;7;7;7
"24325";3;4;6;9;10;12;15;16;19
"24326";3;4;6;9;10;12;15;16;19
"24327";3;4;7;7;7;7;7;7;7
"24328";3;4;6;9;10;12;15;16;19
"24329";3;4;6;9;10;12;15;16;19
"24330";3;4;6;9;10;12;15;16;19
"24331";3;4;6;9;10;12;15;16;19
"24332";3;4;6;9;10;12;15;16;19
"24333";3;4;6;9;10;12;15;16;19
"24334";3;4;6;9;10;12;15;16;19
"24335";3;4;6;9;10;12;15;16;19
"24336";3;4;6;9;10;12;15;16;19
"24337";3;4;6;9;10;12;15;16;19
"24338";3;4;6;9;10;12;15;16;19
"24339";3;4;6;9;10;12;15;16;19
"24340";3;4;6;9;10;12;15;16;19
"24341";3;4;6;9;10;12;15;16;19
"24342";3;4;7;7;7;7;7;7;7
"24343";3;4;6;9;10;12;15;16;19
"24344";3;4;7;7;7;7;7;7;7
"24345";3;4;6;9;10;12;15;16;19
"24346";3;4;6;9;10;12;15;16;19
"24347";3;4;6;9;10;12;15;16;19
"24348";3;4;6;9;10;12;15;16;19
"24349";3;4;6;9;10;12;15;16;19
"24350";3;4;6;9;10;12;15;16;19
"24351";3;4;6;9;10;12;15;16;19
"24352";3;4;7;7;7;7;7;7;7
"24353";3;4;6;9;10;12;15;16;19
"24354";3;4;6;9;10;12;15;16;19
"24355";3;4;6;9;10;12;15;16;19
"24356";3;4;6;9;10;12;15;16;19
"24357";3;4;6;9;10;12;15;16;19
"24358";3;4;6;9;10;12;15;16;19
"24359";3;4;6;9;10;12;15;16;19
"24360";3;4;6;9;10;12;15;16;19
"24361";3;4;6;9;10;12;15;16;19
"24362";3;4;6;9;10;12;15;16;19
"24363";3;4;6;9;10;12;15;16;19
"24364";3;4;6;9;10;12;15;16;19
"24365";3;4;6;9;10;12;15;16;19
"24366";3;4;6;9;10;12;15;16;19
"24367";3;4;7;7;7;7;7;7;7
"24368";3;4;6;9;10;12;15;16;19
"24369";3;4;6;9;10;12;15;16;19
"24370";3;4;6;9;10;12;15;16;19
"24371";3;4;6;9;10;12;15;16;19
"24372";3;4;6;9;10;12;15;16;19
"24373";3;4;6;9;10;12;15;16;19
"24374";3;4;6;9;10;12;15;16;19
"24375";3;4;6;9;10;12;15;16;19
"24376";3;4;6;9;10;12;15;16;19
"24377";3;4;6;9;10;12;15;16;19
"24378";3;4;6;9;10;12;15;16;19
"24379";3;4;6;9;10;12;15;16;19
"24380";3;4;6;9;10;12;15;16;19
"24381";3;4;6;9;10;13;13;13;13
"24382";3;4;6;9;10;12;15;16;19
"24383";3;4;6;9;10;12;15;16;19
"24384";3;4;6;9;10;12;15;16;19
"24385";3;4;6;9;10;13;13;13;13
"24386";3;4;6;8;8;8;8;8;8
"24387";3;4;6;9;10;12;15;16;19
"24388";3;4;6;9;10;12;15;16;19
"24389";3;4;6;9;10;12;15;16;19
"24390";3;4;7;7;7;7;7;7;7
"24391";3;4;6;8;8;8;8;8;8
"24392";3;4;6;9;10;12;15;16;19
"24393";3;4;6;8;8;8;8;8;8
"24394";3;4;6;8;8;8;8;8;8
"24395";3;4;6;8;8;8;8;8;8
"24396";3;4;6;8;8;8;8;8;8
"24397";3;4;6;8;8;8;8;8;8
"24398";3;4;6;9;10;12;15;16;19
"24399";3;4;6;9;10;12;15;16;19
"24400";3;4;6;9;10;12;15;16;19
"24401";3;4;6;9;10;12;15;16;19
"24402";3;4;6;8;8;8;8;8;8
"24403";3;4;6;8;8;8;8;8;8
"24404";3;4;6;8;8;8;8;8;8
"24405";3;4;6;9;10;12;15;16;19
"24406";3;4;6;9;10;12;15;16;19
"24407";3;4;6;9;10;12;15;16;19
"24408";3;4;6;9;10;12;15;16;19
"24409";3;4;6;9;10;12;15;16;19
"24410";3;4;6;9;10;12;15;16;19
"24411";3;4;6;9;10;12;15;16;19
"24412";3;4;6;9;10;12;15;16;19
"24413";3;4;6;9;10;12;15;16;19
"24414";3;4;6;9;10;12;15;16;19
"24415";3;4;6;9;10;12;15;16;19
"24416";3;4;6;9;10;12;15;16;19
"24417";3;4;7;7;7;7;7;7;7
"24418";3;4;6;9;10;12;15;16;19
"24419";3;4;6;9;10;12;15;16;19
"24420";3;4;7;7;7;7;7;7;7
"24421";3;4;6;8;8;8;8;8;8
"24422";3;4;6;9;10;12;15;16;19
"24423";3;4;6;9;10;12;15;16;19
"24424";3;4;6;9;10;12;15;16;19
"24425";3;4;6;9;10;12;15;16;19
"24426";3;4;6;9;10;12;15;16;19
"24427";3;4;6;8;8;8;8;8;8
"24428";3;4;6;9;10;12;15;16;19
"24429";3;4;6;8;8;8;8;8;8
"24430";3;4;6;9;10;13;13;13;13
"24431";3;4;6;9;10;12;15;16;19
"24432";3;4;6;9;10;12;15;16;19
"24433";3;4;6;9;10;12;15;16;19
"24434";3;4;6;9;10;12;15;16;19
"24435";3;4;6;9;10;12;15;16;19
"24436";3;4;6;9;10;12;15;16;19
"24437";3;4;6;9;10;12;15;16;19
"24438";3;4;6;9;10;12;15;16;19
"24439";3;4;6;9;10;12;15;16;19
"24440";3;4;6;9;10;12;15;16;19
"24441";3;4;6;9;10;12;15;16;19
"24442";3;4;6;9;10;12;15;16;19
"24443";3;4;6;9;10;12;15;16;19
"24444";3;4;6;9;10;12;15;16;19
"24445";3;4;7;7;7;7;7;7;7
"24446";3;4;6;9;10;12;15;16;19
"24447";3;4;6;9;10;12;15;16;19
"24448";3;4;6;9;10;12;15;16;19
"24449";3;4;6;9;10;12;15;16;19
"24450";3;4;6;9;10;12;15;16;19
"24451";3;4;6;9;10;12;15;16;19
"24452";3;4;6;9;10;12;15;16;19
"24453";3;4;6;9;10;12;15;16;19
"24454";3;4;7;7;7;7;7;7;7
"24455";3;4;6;9;10;12;15;16;19
"24456";3;4;6;9;10;12;15;16;19
"24457";3;4;6;9;10;12;15;16;19
"24458";3;4;6;9;10;12;15;16;19
"24459";3;4;6;9;10;12;15;16;19
"24460";3;4;6;9;10;12;15;16;19
"24461";3;4;6;9;10;12;15;16;19
"24462";3;4;7;7;7;7;7;7;7
"24463";3;4;7;7;7;7;7;7;7
"24464";3;4;7;7;7;7;7;7;7
"24465";3;4;6;9;10;12;15;16;19
"24466";3;4;6;9;10;12;15;16;19
"24467";3;4;6;9;10;12;15;16;19
"24468";3;4;6;9;10;12;15;16;19
"24469";3;4;6;9;10;12;15;16;19
"24470";3;4;6;9;10;12;15;16;19
"24471";3;4;7;7;7;7;7;7;7
"24472";3;4;6;9;10;12;15;16;19
"24473";3;4;6;9;10;12;15;16;19
"24474";3;4;6;8;8;8;8;8;8
"24475";3;4;6;8;8;8;8;8;8
"24476";3;5;5;5;5;5;5;5;5
"24477";3;4;6;9;10;12;15;16;19
"24478";3;4;6;9;10;12;15;16;19
"24479";3;4;6;9;10;12;15;16;19
"24480";3;4;6;9;10;12;15;16;19
"24481";3;4;6;9;10;12;15;16;19
"24482";3;4;6;9;10;12;15;16;19
"24483";3;4;6;9;10;12;15;16;19
"24484";3;4;6;9;10;12;15;16;19
"24485";3;4;6;9;10;12;15;16;19
"24486";3;4;7;7;7;7;7;7;7
"24487";3;4;6;9;10;12;15;16;19
"24488";3;4;6;9;10;12;15;16;19
"24489";3;4;6;9;10;12;15;16;19
"24490";3;4;6;9;10;12;15;16;19
"24491";3;4;6;8;8;8;8;8;8
"24492";3;4;6;8;8;8;8;8;8
"24493";3;4;6;8;8;8;8;8;8
"24494";3;4;6;8;8;8;8;8;8
"24495";3;4;6;8;8;8;8;8;8
"24496";3;4;6;8;8;8;8;8;8
"24497";3;4;6;8;8;8;8;8;8
"24498";3;4;6;8;8;8;8;8;8
"24499";3;4;6;8;8;8;8;8;8
"24500";3;4;6;8;8;8;8;8;8
"24501";3;4;6;8;8;8;8;8;8
"24502";3;4;6;8;8;8;8;8;8
"24503";3;4;6;8;8;8;8;8;8
"24504";3;4;6;8;8;8;8;8;8
"24505";3;4;6;9;10;12;15;16;19
"24506";3;4;6;8;8;8;8;8;8
"24507";3;4;6;8;8;8;8;8;8
"24508";3;4;6;8;8;8;8;8;8
"24509";3;4;6;8;8;8;8;8;8
"24510";3;4;6;9;10;12;15;16;19
"24511";3;4;6;9;10;12;15;16;19
"24512";3;4;6;8;8;8;8;8;8
"24513";3;4;6;8;8;8;8;8;8
"24514";3;4;6;9;10;12;15;16;19
"24515";3;4;6;8;8;8;8;8;8
"24516";3;4;6;8;8;8;8;8;8
"24517";3;4;6;8;8;8;8;8;8
"24518";3;4;6;8;8;8;8;8;8
"24519";3;4;6;8;8;8;8;8;8
"24520";3;4;6;9;10;12;15;16;19
"24521";3;4;6;9;10;12;15;16;19
"24522";3;4;6;9;10;12;15;16;19
"24523";3;4;6;9;10;12;15;16;19
"24524";3;4;6;9;10;12;15;16;19
"24525";3;4;6;9;10;12;15;16;19
"24526";3;4;6;9;10;12;15;16;19
"24527";3;4;6;9;10;12;15;16;19
"24528";3;4;6;9;10;12;15;16;19
"24529";3;4;6;9;10;12;15;16;19
"24530";3;4;6;8;8;8;8;8;8
"24531";3;4;6;9;10;12;15;16;19
"24532";3;4;6;8;8;8;8;8;8
"24533";3;4;6;8;8;8;8;8;8
"24534";3;4;6;8;8;8;8;8;8
"24535";3;4;6;8;8;8;8;8;8
"24536";3;4;6;8;8;8;8;8;8
"24537";3;4;6;8;8;8;8;8;8
"24538";3;4;6;8;8;8;8;8;8
"24539";3;4;6;8;8;8;8;8;8
"24540";3;4;6;8;8;8;8;8;8
"24541";3;4;6;9;10;12;15;16;19
"24542";3;4;6;8;8;8;8;8;8
"24543";3;4;6;8;8;8;8;8;8
"24544";3;4;6;9;10;12;15;16;19
"24545";3;4;6;9;10;12;15;16;19
"24546";3;4;6;8;8;8;8;8;8
"24547";3;4;6;9;10;12;15;16;19
"24548";3;4;6;8;8;8;8;8;8
"24549";3;4;7;7;7;7;7;7;7
"24550";3;4;6;9;10;12;15;16;19
"24551";3;4;6;9;10;12;15;16;19
"24552";3;4;6;9;10;12;15;16;19
"24553";3;4;6;9;10;12;15;16;19
"24554";3;4;6;9;10;12;15;16;19
"24555";3;4;6;9;10;12;15;16;19
"24556";3;4;6;9;10;13;13;13;13
"24557";3;4;6;9;10;12;15;16;19
"24558";3;4;6;9;10;12;15;16;19
"24559";3;4;6;9;10;12;15;16;19
"24560";3;4;6;9;10;12;15;16;19
"24561";3;4;6;9;10;12;15;16;19
"24562";3;5;5;5;5;5;5;5;5
"24563";3;4;6;9;10;12;15;16;19
"24564";3;4;6;9;10;12;15;16;19
"24565";3;4;6;9;10;12;15;16;19
"24566";3;4;6;9;10;12;15;16;19
"24567";3;4;6;9;10;12;15;16;19
"24568";3;4;6;9;10;12;15;16;19
"24569";3;5;5;5;5;5;5;5;5
"24570";3;4;6;9;10;12;15;16;19
"24571";3;4;6;9;10;12;15;16;19
"24572";3;5;5;5;5;5;5;5;5
"24573";3;4;6;9;10;12;15;16;19
"24574";3;4;6;9;10;12;15;16;19
"24575";3;4;6;9;10;12;15;16;19
"24576";3;4;6;8;8;8;8;8;8
"24577";3;4;6;9;10;12;15;16;19
"24578";3;4;6;9;10;12;15;16;19
"24579";3;4;6;9;10;12;15;16;19
"24580";3;4;6;9;10;12;15;16;19
"24581";3;4;6;9;10;12;15;16;19
"24582";3;4;6;8;8;8;8;8;8
"24583";3;4;6;9;10;12;15;16;18
"24584";3;4;6;9;10;12;15;16;19
"24585";3;4;6;9;10;12;15;16;19
"24586";3;4;7;7;7;7;7;7;7
"24587";3;4;6;9;10;12;15;16;19
"24588";3;4;6;9;10;12;15;16;19
"24589";3;4;6;9;10;12;15;16;19
"24590";3;4;6;9;10;12;15;16;19
"24591";3;4;6;8;8;8;8;8;8
"24592";3;4;6;8;8;8;8;8;8
"24593";3;4;6;9;10;12;15;16;19
"24594";3;4;6;9;10;12;15;16;19
"24595";3;4;6;9;10;12;15;16;19
"24596";3;4;6;9;10;12;15;16;19
"24597";3;4;6;9;10;12;15;16;19
"24598";3;4;6;9;10;12;15;16;19
"24599";3;4;6;9;10;12;15;16;19
"24600";3;5;5;5;5;5;5;5;5
"24601";3;5;5;5;5;5;5;5;5
"24602";3;4;6;9;10;12;15;16;19
"24603";3;5;5;5;5;5;5;5;5
"24604";3;5;5;5;5;5;5;5;5
"24605";3;4;6;9;10;12;15;16;19
"24606";3;4;6;9;10;12;15;16;19
"24607";3;4;6;8;8;8;8;8;8
"24608";3;4;6;8;8;8;8;8;8
"24609";3;4;6;9;10;12;15;16;19
"24610";3;4;6;9;10;12;15;16;19
"24611";3;4;6;9;10;12;15;16;19
"24612";3;5;5;5;5;5;5;5;5
"24613";3;4;6;9;10;12;15;16;19
"24614";3;4;6;9;10;12;15;16;19
"24615";3;5;5;5;5;5;5;5;5
"24616";3;4;6;8;8;8;8;8;8
"24617";3;4;6;8;8;8;8;8;8
"24618";3;4;6;9;10;12;15;16;19
"24619";3;4;6;9;10;12;15;16;19
"24620";3;4;6;9;10;12;15;16;19
"24621";3;4;6;9;10;13;13;13;13
"24622";3;4;6;9;10;12;15;16;19
"24623";3;4;6;9;10;12;15;16;19
"24624";3;4;6;9;10;12;15;16;19
"24625";3;4;6;9;10;12;15;16;19
"24626";3;4;6;9;10;12;15;16;19
"24627";3;4;6;9;10;12;15;16;19
"24628";3;4;6;9;10;12;15;16;19
"24629";3;4;6;9;10;12;15;16;19
"24630";3;4;6;9;10;12;15;16;19
"24631";3;4;6;9;10;12;15;16;19
"24632";3;4;6;9;10;12;15;16;19
"24633";3;4;6;9;10;12;15;16;19
"24634";3;4;6;9;10;12;15;16;19
"24635";3;4;6;9;10;12;15;16;19
"24636";3;4;6;9;10;12;15;16;19
"24637";3;4;6;9;10;12;15;16;19
"24638";3;4;7;7;7;7;7;7;7
"24639";3;4;6;9;10;12;15;16;19
"24640";3;4;6;9;10;12;15;16;19
"24641";3;4;7;7;7;7;7;7;7
"24642";3;4;6;9;10;12;15;16;19
"24643";3;4;7;7;7;7;7;7;7
"24644";3;4;6;9;10;12;15;16;19
"24645";3;4;6;9;10;12;15;16;19
"24646";3;4;6;8;8;8;8;8;8
"24647";3;4;6;9;10;13;13;13;13
"24648";3;4;6;9;10;12;15;16;19
"24649";3;4;6;9;10;12;15;16;19
"24650";3;4;6;9;10;12;15;16;19
"24651";3;4;6;9;10;12;15;16;19
"24652";3;4;7;7;7;7;7;7;7
"24653";3;4;6;9;10;12;15;16;19
"24654";3;4;6;9;10;12;15;16;19
"24655";3;4;6;9;10;12;15;16;19
"24656";3;4;6;9;10;12;15;16;19
"24657";3;4;6;9;10;12;15;16;19
"24658";3;4;6;9;10;12;15;16;19
"24659";3;4;6;9;10;12;15;16;19
"24660";3;4;6;9;10;12;15;16;19
"24661";3;4;6;8;8;8;8;8;8
"24662";3;4;6;8;8;8;8;8;8
"24663";3;4;6;9;10;12;15;16;19
"24664";3;4;6;9;10;12;15;16;19
"24665";3;4;6;9;10;12;15;16;19
"24666";3;4;6;8;8;8;8;8;8
"24667";3;4;6;8;8;8;8;8;8
"24668";3;4;6;9;10;12;15;16;19
"24669";3;5;5;5;5;5;5;5;5
"24670";3;5;5;5;5;5;5;5;5
"24671";3;4;6;9;10;12;15;16;19
"24672";3;4;6;8;8;8;8;8;8
"24673";3;4;6;9;10;12;15;16;19
"24674";3;4;6;9;10;12;15;16;19
"24675";3;4;6;9;10;12;15;16;19
"24676";3;4;6;9;10;12;15;16;19
"24677";3;4;6;8;8;8;8;8;8
"24678";3;4;6;8;8;8;8;8;8
"24679";3;4;6;9;10;12;15;16;19
"24680";3;4;6;9;10;12;15;16;19
"24681";3;4;6;8;8;8;8;8;8
"24682";3;4;6;8;8;8;8;8;8
"24683";3;4;6;8;8;8;8;8;8
"24684";3;4;6;8;8;8;8;8;8
"24685";3;4;6;8;8;8;8;8;8
"24686";3;4;6;8;8;8;8;8;8
"24687";3;4;6;8;8;8;8;8;8
"24688";3;4;6;8;8;8;8;8;8
"24689";3;4;6;8;8;8;8;8;8
"24690";3;4;6;8;8;8;8;8;8
"24691";3;5;5;5;5;5;5;5;5
"24692";3;4;6;8;8;8;8;8;8
"24693";3;4;6;8;8;8;8;8;8
"24694";3;4;6;8;8;8;8;8;8
"24695";3;4;6;8;8;8;8;8;8
"24696";3;4;6;8;8;8;8;8;8
"24697";3;4;6;8;8;8;8;8;8
"24698";3;4;6;9;10;12;15;16;19
"24699";2;2;2;2;2;2;2;2;2
"24700";2;2;2;2;2;2;2;2;2
"24701";2;2;2;2;2;2;2;2;2
"24702";2;2;2;2;2;2;2;2;2
"24703";2;2;2;2;2;2;2;2;2
"24704";2;2;2;2;2;2;2;2;2
"24705";2;2;2;2;2;2;2;2;2
"24706";2;2;2;2;2;2;2;2;2
"24707";2;2;2;2;2;2;2;2;2
"24708";2;2;2;2;2;2;2;2;2
"24709";2;2;2;2;2;2;2;2;2
"24710";2;2;2;2;2;2;2;2;2
"24711";2;2;2;2;2;2;2;2;2
"24712";2;2;2;2;2;2;2;2;2
"24713";2;2;2;2;2;2;2;2;2
"24714";2;2;2;2;2;2;2;2;2
"24715";2;2;2;2;2;2;2;2;2
"24716";2;2;2;2;2;2;2;2;2
"24717";2;2;2;2;2;2;2;2;2
"24718";3;4;6;9;10;12;15;16;19
"24719";3;4;6;9;10;12;15;16;19
"24720";3;4;6;9;10;12;15;16;19
"24721";3;4;6;9;10;12;15;16;19
"24722";3;5;5;5;5;5;5;5;5
"24723";3;4;6;9;10;12;15;16;19
"24724";3;4;6;9;10;12;15;16;19
"24725";3;4;6;9;10;12;15;16;19
"24726";3;4;6;8;8;8;8;8;8
"24727";3;4;6;9;10;12;15;16;19
"24728";3;4;6;9;10;12;15;16;19
"24729";3;4;6;9;10;12;15;16;19
"24730";3;4;6;9;10;12;15;16;19
"24731";3;4;6;9;10;12;15;16;19
"24732";3;4;6;9;10;12;15;16;19
"24733";3;4;6;9;10;12;15;16;19
"24734";3;4;7;7;7;7;7;7;7
"24735";3;4;6;9;10;12;15;16;19
"24736";3;4;6;9;10;12;15;16;19
"24737";3;4;6;9;10;12;15;16;19
"24738";3;4;6;9;10;12;15;16;19
"24739";3;4;6;9;10;12;15;16;19
"24740";3;4;6;9;10;12;15;16;19
"24741";3;4;6;9;10;12;15;16;19
"24742";3;4;6;9;10;12;15;16;19
"24743";3;4;6;9;10;12;15;16;19
"24744";3;4;6;9;10;12;15;16;19
"24745";3;4;6;9;10;12;15;16;19
"24746";3;4;6;9;10;12;15;16;19
"24747";3;4;6;9;10;12;15;16;19
"24748";3;4;6;9;10;12;15;16;19
"24749";3;4;6;9;10;12;15;16;19
"24750";3;4;6;9;10;12;15;16;19
"24751";3;4;7;7;7;7;7;7;7
"24752";3;4;7;7;7;7;7;7;7
"24753";3;4;6;9;10;12;15;16;19
"24754";3;4;6;9;10;12;15;16;19
"24755";3;4;6;9;10;12;15;16;19
"24756";3;4;6;9;10;12;15;16;19
"24757";3;4;6;9;10;12;15;16;19
"24758";3;4;6;9;10;12;15;16;19
"24759";3;4;6;9;10;12;15;16;19
"24760";3;4;6;9;10;12;15;16;19
"24761";3;4;6;9;10;12;15;16;19
"24762";3;4;6;9;10;12;15;16;19
"24763";3;4;6;9;10;12;15;16;19
"24764";3;4;6;9;10;12;15;16;19
"24765";3;4;6;9;10;12;15;16;19
"24766";3;4;6;9;10;12;15;16;19
"24767";3;4;6;8;8;8;8;8;8
"24768";3;4;6;9;10;12;15;16;19
"24769";3;4;6;9;10;12;15;16;19
"24770";3;4;6;9;10;12;15;16;19
"24771";3;4;6;9;10;12;15;16;19
"24772";3;4;7;7;7;7;7;7;7
"24773";3;4;6;9;10;12;15;16;19
"24774";3;4;6;9;10;12;15;16;19
"24775";3;4;6;9;10;12;15;16;19
"24776";3;4;6;9;10;12;15;16;19
"24777";3;4;6;9;10;12;15;16;19
"24778";3;4;6;9;10;12;15;16;19
"24779";3;4;6;8;8;8;8;8;8
"24780";3;4;6;8;8;8;8;8;8
"24781";3;4;6;9;10;12;15;16;19
"24782";3;4;6;9;10;12;15;16;19
"24783";3;4;6;8;8;8;8;8;8
"24784";3;4;7;7;7;7;7;7;7
"24785";3;4;6;9;10;12;15;16;19
"24786";3;4;6;9;10;12;15;16;19
"24787";3;4;6;8;8;8;8;8;8
"24788";3;4;6;8;8;8;8;8;8
"24789";3;4;6;8;8;8;8;8;8
"24790";3;4;6;8;8;8;8;8;8
"24791";3;4;6;9;10;12;15;16;19
"24792";3;4;6;9;10;12;15;16;19
"24793";3;4;6;9;10;12;15;16;19
"24794";3;4;6;9;10;12;15;16;19
"24795";3;4;6;9;10;12;15;16;19
"24796";3;4;6;8;8;8;8;8;8
"24797";3;4;6;9;10;12;15;16;19
"24798";3;4;6;9;10;12;15;16;19
"24799";3;4;6;9;10;12;15;16;19
"24800";3;4;6;9;10;12;15;16;19
"24801";3;4;6;9;10;12;15;16;19
"24802";3;4;6;9;10;12;15;16;19
"24803";3;4;6;9;10;12;15;16;19
"24804";3;4;6;9;10;12;15;16;19
"24805";3;4;6;9;10;12;15;16;19
"24806";3;4;6;9;10;12;15;16;19
"24807";3;4;6;9;10;12;15;16;19
"24808";3;4;6;8;8;8;8;8;8
"24809";3;4;6;9;10;12;15;16;19
"24810";3;4;7;7;7;7;7;7;7
"24811";3;4;6;9;10;12;15;16;19
"24812";3;4;6;9;10;12;15;16;19
"24813";3;4;6;9;10;12;15;16;18
"24814";3;4;6;9;10;12;15;16;19
"24815";3;4;6;9;10;12;15;16;19
"24816";3;4;6;9;10;12;15;16;19
"24817";3;4;6;8;8;8;8;8;8
"24818";3;4;6;9;10;12;15;16;19
"24819";3;4;6;9;10;12;15;16;19
"24820";3;4;6;9;10;12;15;16;19
"24821";3;4;6;9;10;12;15;16;19
"24822";3;4;6;9;10;12;15;16;19
"24823";3;4;6;9;10;12;15;16;19
"24824";3;4;6;8;8;8;8;8;8
"24825";3;4;6;9;10;12;15;16;19
"24826";3;4;6;9;10;12;15;16;19
"24827";3;4;6;9;10;12;15;16;19
"24828";3;4;6;9;10;12;15;16;19
"24829";3;4;6;8;8;8;8;8;8
"24830";3;4;6;8;8;8;8;8;8
"24831";3;4;6;8;8;8;8;8;8
"24832";3;4;6;8;8;8;8;8;8
"24833";3;4;6;8;8;8;8;8;8
"24834";3;4;6;8;8;8;8;8;8
"24835";3;4;6;9;10;12;15;16;19
"24836";3;4;6;9;10;12;15;16;19
"24837";3;4;6;9;10;12;15;16;19
"24838";3;4;6;9;10;12;15;16;19
"24839";3;4;6;9;10;12;15;16;19
"24840";3;4;6;8;8;8;8;8;8
"24841";3;4;6;9;10;12;15;16;19
"24842";3;4;6;9;10;12;15;16;19
"24843";3;5;5;5;5;5;5;5;5
"24844";3;4;7;7;7;7;7;7;7
"24845";3;4;7;7;7;7;7;7;7
"24846";3;4;6;9;10;12;15;16;19
"24847";3;4;6;9;10;12;15;16;19
"24848";3;4;7;7;7;7;7;7;7
"24849";3;4;6;8;8;8;8;8;8
"24850";3;4;6;9;10;12;15;16;19
"24851";3;4;6;9;10;12;15;16;19
"24852";3;4;6;9;10;12;15;16;19
"24853";3;4;6;9;10;12;15;16;18
"24854";3;4;6;9;10;12;15;16;19
"24855";3;4;6;9;10;12;15;16;19
"24856";3;4;6;9;10;12;15;16;19
"24857";3;4;6;9;10;12;15;16;19
"24858";3;4;6;9;10;12;15;16;19
"24859";3;4;6;9;10;12;15;16;19
"24860";3;4;6;9;10;12;15;16;19
"24861";3;4;6;9;10;12;15;16;19
"24862";3;4;6;9;10;12;15;16;19
"24863";3;4;7;7;7;7;7;7;7
"24864";3;4;7;7;7;7;7;7;7
"24865";3;4;7;7;7;7;7;7;7
"24866";3;4;6;9;10;12;15;16;19
"24867";3;4;6;9;10;12;15;16;19
"24868";3;4;6;8;8;8;8;8;8
"24869";3;4;6;9;10;12;15;16;19
"24870";3;4;6;9;10;12;15;16;19
"24871";3;4;6;9;10;12;15;16;19
"24872";3;4;7;7;7;7;7;7;7
"24873";3;4;6;8;8;8;8;8;8
"24874";3;4;6;9;10;12;15;16;19
"24875";3;4;6;8;8;8;8;8;8
"24876";3;4;6;8;8;8;8;8;8
"24877";3;4;7;7;7;7;7;7;7
"24878";3;4;6;9;10;12;15;16;19
"24879";3;4;6;9;10;12;15;16;19
"24880";3;4;6;9;10;12;15;16;19
"24881";3;4;6;9;10;12;15;16;19
"24882";3;4;6;9;10;12;15;16;19
"24883";3;4;6;9;10;12;15;16;19
"24884";3;4;7;7;7;7;7;7;7
"24885";3;4;6;9;10;12;15;16;19
"24886";3;4;6;9;10;12;15;16;19
"24887";3;4;7;7;7;7;7;7;7
"24888";3;4;6;9;10;12;15;16;19
"24889";3;4;6;8;8;8;8;8;8
"24890";3;4;6;9;10;12;15;16;19
"24891";3;4;6;8;8;8;8;8;8
"24892";3;4;6;8;8;8;8;8;8
"24893";3;4;6;9;10;12;15;16;19
"24894";3;4;7;7;7;7;7;7;7
"24895";3;4;6;9;10;12;15;16;19
"24896";3;4;7;7;7;7;7;7;7
"24897";3;4;6;9;10;12;15;16;19
"24898";3;4;6;9;10;12;15;16;19
"24899";3;4;6;8;8;8;8;8;8
"24900";3;4;6;9;10;12;15;16;19
"24901";3;4;6;8;8;8;8;8;8
"24902";3;4;6;9;10;12;15;16;19
"24903";3;4;6;9;10;12;15;16;19
"24904";3;4;6;8;8;8;8;8;8
"24905";3;4;6;8;8;8;8;8;8
"24906";3;4;6;9;10;12;15;16;19
"24907";3;4;6;9;10;12;15;16;19
"24908";3;5;5;5;5;5;5;5;5
"24909";3;5;5;5;5;5;5;5;5
"24910";3;4;6;8;8;8;8;8;8
"24911";3;4;6;9;10;12;15;16;19
"24912";3;4;6;9;10;12;15;16;19
"24913";3;4;6;8;8;8;8;8;8
"24914";3;5;5;5;5;5;5;5;5
"24915";3;4;6;9;10;12;15;16;19
"24916";3;4;6;8;8;8;8;8;8
"24917";3;4;6;8;8;8;8;8;8
"24918";3;5;5;5;5;5;5;5;5
"24919";3;5;5;5;5;5;5;5;5
"24920";3;4;6;9;10;12;15;16;19
"24921";3;4;6;9;10;12;15;16;19
"24922";3;5;5;5;5;5;5;5;5
"24923";3;5;5;5;5;5;5;5;5
"24924";3;5;5;5;5;5;5;5;5
"24925";3;5;5;5;5;5;5;5;5
"24926";3;4;6;9;10;12;15;16;19
"24927";3;4;6;9;10;12;15;16;19
"24928";3;4;6;9;10;12;15;16;19
"24929";3;4;6;9;10;12;15;16;19
"24930";3;4;6;9;10;12;15;16;19
"24931";3;4;6;9;10;12;15;16;19
"24932";3;4;6;9;10;12;15;16;19
"24933";3;4;6;9;10;12;15;16;19
"24934";3;4;6;8;8;8;8;8;8
"24935";3;4;6;9;10;12;15;16;19
"24936";3;5;5;5;5;5;5;5;5
"24937";3;4;6;9;10;12;15;16;19
"24938";3;4;6;9;10;12;15;16;19
"24939";3;4;6;9;10;12;15;16;19
"24940";3;4;7;7;7;7;7;7;7
"24941";3;4;6;9;10;12;15;16;19
"24942";3;4;6;9;10;12;15;16;19
"24943";3;4;6;9;10;12;15;16;19
"24944";3;4;6;9;10;12;15;16;19
"24945";3;4;6;9;10;12;15;16;19
"24946";3;4;6;9;10;12;15;16;19
"24947";3;4;6;9;10;12;15;16;19
"24948";3;4;6;9;10;12;15;16;19
"24949";3;4;6;9;10;12;15;16;19
"24950";3;4;6;9;10;12;14;14;14
"24951";3;4;7;7;7;7;7;7;7
"24952";3;4;7;7;7;7;7;7;7
"24953";3;4;6;8;8;8;8;8;8
"24954";3;5;5;5;5;5;5;5;5
"24955";3;4;6;8;8;8;8;8;8
"24956";3;4;7;7;7;7;7;7;7
"24957";3;4;6;9;10;12;14;14;14
"24958";3;4;7;7;7;7;7;7;7
"24959";3;4;6;8;8;8;8;8;8
"24960";3;4;6;9;10;12;15;16;19
"24961";3;4;6;8;8;8;8;8;8
"24962";3;4;6;9;10;12;14;14;14
"24963";3;4;7;7;7;7;7;7;7
"24964";3;4;7;7;7;7;7;7;7
"24965";3;4;7;7;7;7;7;7;7
"24966";3;4;7;7;7;7;7;7;7
"24967";3;4;7;7;7;7;7;7;7
"24968";3;4;6;9;10;12;15;16;19
"24969";3;4;6;9;10;12;15;16;19
"24970";3;4;7;7;7;7;7;7;7
"24971";3;4;7;7;7;7;7;7;7
"24972";3;4;7;7;7;7;7;7;7
"24973";3;4;7;7;7;7;7;7;7
"24974";3;4;7;7;7;7;7;7;7
"24975";3;4;7;7;7;7;7;7;7
"24976";3;4;7;7;7;7;7;7;7
"24977";3;4;7;7;7;7;7;7;7
"24978";3;4;7;7;7;7;7;7;7
"24979";3;4;7;7;7;7;7;7;7
"24980";3;4;6;9;10;12;15;16;19
"24981";3;4;7;7;7;7;7;7;7
"24982";3;4;7;7;7;7;7;7;7
"24983";3;4;7;7;7;7;7;7;7
"24984";3;4;7;7;7;7;7;7;7
"24985";3;4;7;7;7;7;7;7;7
"24986";3;4;7;7;7;7;7;7;7
"24987";3;4;7;7;7;7;7;7;7
"24988";3;4;7;7;7;7;7;7;7
"24989";3;4;7;7;7;7;7;7;7
"24990";3;4;7;7;7;7;7;7;7
"24991";3;4;6;9;10;12;15;16;19
"24992";3;4;6;9;10;12;15;16;19
"24993";3;4;7;7;7;7;7;7;7
"24994";3;4;7;7;7;7;7;7;7
"24995";3;4;7;7;7;7;7;7;7
"24996";3;4;6;9;10;12;15;16;19
"24997";3;4;7;7;7;7;7;7;7
"24998";3;4;7;7;7;7;7;7;7
"24999";3;4;6;9;10;12;15;16;19
"25000";3;4;7;7;7;7;7;7;7
"25001";3;4;7;7;7;7;7;7;7
"25002";3;4;7;7;7;7;7;7;7
"25003";3;4;7;7;7;7;7;7;7
"25004";3;4;7;7;7;7;7;7;7
"25005";3;4;7;7;7;7;7;7;7
"25006";3;4;7;7;7;7;7;7;7
"25007";3;4;7;7;7;7;7;7;7
"25008";3;4;6;9;10;12;15;16;19
"25009";3;4;6;9;10;12;15;16;19
"25010";3;4;6;9;10;12;15;16;19
"25011";3;4;6;9;10;12;15;16;19
"25012";3;4;6;9;10;12;15;16;19
"25013";3;4;6;9;10;12;15;16;19
"25014";3;4;6;9;10;12;15;16;19
"25015";3;4;6;9;10;12;15;16;19
"25016";3;4;6;9;10;12;15;16;19
"25017";3;4;7;7;7;7;7;7;7
"25018";3;4;7;7;7;7;7;7;7
"25019";3;4;7;7;7;7;7;7;7
"25020";3;4;7;7;7;7;7;7;7
"25021";3;4;6;9;10;12;15;16;19
"25022";3;4;6;9;10;12;15;16;19
"25023";3;4;7;7;7;7;7;7;7
"25024";3;4;7;7;7;7;7;7;7
"25025";3;4;6;9;10;12;15;16;19
"25026";3;4;7;7;7;7;7;7;7
"25027";3;4;6;9;10;12;15;16;19
"25028";3;4;7;7;7;7;7;7;7
"25029";3;4;7;7;7;7;7;7;7
"25030";3;4;7;7;7;7;7;7;7
"25031";3;4;6;9;10;12;15;16;19
"25032";3;4;6;9;10;12;15;16;19
"25033";3;4;7;7;7;7;7;7;7
"25034";3;4;7;7;7;7;7;7;7
"25035";3;4;7;7;7;7;7;7;7
"25036";3;4;7;7;7;7;7;7;7
"25037";3;4;7;7;7;7;7;7;7
"25038";3;4;7;7;7;7;7;7;7
"25039";3;4;7;7;7;7;7;7;7
"25040";3;4;7;7;7;7;7;7;7
"25041";3;4;6;9;10;12;15;16;19
"25042";3;4;7;7;7;7;7;7;7
"25043";3;4;7;7;7;7;7;7;7
"25044";3;4;6;9;10;12;15;16;19
"25045";3;4;7;7;7;7;7;7;7
"25046";3;4;7;7;7;7;7;7;7
"25047";3;4;7;7;7;7;7;7;7
"25048";3;4;7;7;7;7;7;7;7
"25049";3;4;6;9;10;12;15;16;19
"25050";3;4;6;9;10;12;15;16;19
"25051";3;4;6;9;10;12;15;16;19
"25052";3;4;7;7;7;7;7;7;7
"25053";3;4;7;7;7;7;7;7;7
"25054";3;4;7;7;7;7;7;7;7
"25055";3;4;7;7;7;7;7;7;7
"25056";3;4;7;7;7;7;7;7;7
"25057";3;4;7;7;7;7;7;7;7
"25058";3;4;7;7;7;7;7;7;7
"25059";3;4;7;7;7;7;7;7;7
"25060";3;4;7;7;7;7;7;7;7
"25061";3;4;7;7;7;7;7;7;7
"25062";3;4;7;7;7;7;7;7;7
"25063";3;4;7;7;7;7;7;7;7
"25064";3;4;7;7;7;7;7;7;7
"25065";3;4;7;7;7;7;7;7;7
"25066";3;4;7;7;7;7;7;7;7
"25067";3;4;7;7;7;7;7;7;7
"25068";3;4;7;7;7;7;7;7;7
"25069";3;4;7;7;7;7;7;7;7
"25070";3;4;7;7;7;7;7;7;7
"25071";3;4;7;7;7;7;7;7;7
"25072";3;4;7;7;7;7;7;7;7
"25073";3;4;6;9;10;12;15;16;19
"25074";3;4;7;7;7;7;7;7;7
"25075";3;4;7;7;7;7;7;7;7
"25076";3;4;6;9;10;12;15;16;19
"25077";3;4;6;9;10;12;15;16;19
"25078";3;4;6;9;10;12;15;16;19
"25079";3;4;6;8;8;8;8;8;8
"25080";3;4;6;8;8;8;8;8;8
"25081";3;4;6;9;10;12;15;16;19
"25082";3;4;6;9;10;12;15;16;19
"25083";3;4;6;8;8;8;8;8;8
"25084";3;4;6;8;8;8;8;8;8
"25085";3;5;5;5;5;5;5;5;5
"25086";3;4;6;9;10;12;15;16;19
"25087";3;4;6;9;10;12;15;16;19
"25088";3;4;6;8;8;8;8;8;8
"25089";3;4;6;9;10;12;15;16;19
"25090";3;4;6;9;10;12;15;16;19
"25091";3;4;6;9;10;12;15;16;19
"25092";3;4;6;9;10;12;15;16;19
"25093";3;4;6;9;10;12;15;16;19
"25094";3;4;6;9;10;12;15;16;19
"25095";3;4;6;9;10;12;15;16;19
"25096";3;4;6;9;10;12;15;16;19
"25097";3;4;6;9;10;12;15;16;19
"25098";3;4;6;9;10;12;15;16;19
"25099";3;4;6;9;10;12;15;16;19
"25100";3;4;6;9;10;12;15;16;19
"25101";3;4;6;9;10;12;15;16;19
"25102";3;4;6;9;10;12;15;16;19
"25103";3;4;6;9;10;12;15;16;19
"25104";3;4;6;9;10;12;15;16;19
"25105";3;4;6;9;10;12;15;16;19
"25106";3;4;6;9;10;12;15;16;19
"25107";3;4;6;9;10;12;15;16;19
"25108";3;4;6;9;10;12;15;16;19
"25109";3;4;6;9;10;12;15;16;19
"25110";3;4;6;9;10;12;15;16;19
"25111";3;4;6;9;10;12;15;16;19
"25112";3;4;6;9;10;12;15;16;19
"25113";3;4;6;9;10;12;15;16;19
"25114";3;4;6;9;10;12;15;16;19
"25115";3;4;6;9;10;12;15;16;19
"25116";3;5;5;5;5;5;5;5;5
"25117";3;4;6;9;10;12;15;16;19
"25118";3;4;6;9;10;12;15;16;19
"25119";3;4;6;9;10;12;15;16;19
"25120";3;4;6;9;10;12;15;16;19
"25121";3;4;6;9;10;12;15;16;19
"25122";3;4;6;8;8;8;8;8;8
"25123";3;4;6;8;8;8;8;8;8
"25124";3;4;6;9;10;12;15;16;19
"25125";3;4;6;9;10;12;15;16;19
"25126";3;5;5;5;5;5;5;5;5
"25127";3;4;6;9;10;12;15;16;18
"25128";3;4;6;9;10;12;15;16;19
"25129";3;4;6;8;8;8;8;8;8
"25130";3;4;6;9;10;12;15;16;19
"25131";3;4;6;9;10;12;15;16;19
"25132";3;4;6;8;8;8;8;8;8
"25133";3;4;7;7;7;7;7;7;7
"25134";3;4;7;7;7;7;7;7;7
"25135";3;4;7;7;7;7;7;7;7
"25136";3;4;7;7;7;7;7;7;7
"25137";3;4;7;7;7;7;7;7;7
"25138";3;4;6;9;10;12;15;16;19
"25139";3;4;7;7;7;7;7;7;7
"25140";3;4;7;7;7;7;7;7;7
"25141";3;4;7;7;7;7;7;7;7
"25142";3;4;7;7;7;7;7;7;7
"25143";3;4;7;7;7;7;7;7;7
"25144";3;4;7;7;7;7;7;7;7
"25145";3;4;7;7;7;7;7;7;7
"25146";3;4;7;7;7;7;7;7;7
"25147";3;4;7;7;7;7;7;7;7
"25148";3;4;7;7;7;7;7;7;7
"25149";3;4;6;9;10;12;15;16;19
"25150";3;4;6;9;10;12;15;16;19
"25151";3;4;6;9;10;12;15;16;19
"25152";3;4;6;9;10;12;15;16;19
"25153";3;4;6;9;10;12;15;16;19
"25154";3;4;6;9;10;12;15;16;19
"25155";3;4;6;9;10;12;15;16;19
"25156";3;4;6;8;8;8;8;8;8
"25157";3;4;6;9;10;12;15;16;19
"25158";3;5;5;5;5;5;5;5;5
"25159";3;5;5;5;5;5;5;5;5
"25160";3;4;6;9;10;12;15;16;19
"25161";3;4;6;9;10;12;15;16;19
"25162";3;4;6;9;10;12;15;16;19
"25163";3;4;6;8;8;8;8;8;8
"25164";3;4;6;9;10;12;15;16;19
"25165";3;4;6;8;8;8;8;8;8
"25166";3;4;6;9;10;12;15;16;19
"25167";3;4;6;9;10;12;15;16;19
"25168";3;4;6;8;8;8;8;8;8
"25169";3;4;6;8;8;8;8;8;8
"25170";3;4;6;9;10;12;15;16;19
"25171";3;5;5;5;5;5;5;5;5
"25172";3;4;6;9;10;12;15;16;19
"25173";3;4;6;8;8;8;8;8;8
"25174";3;4;6;9;10;12;15;16;19
"25175";3;4;6;8;8;8;8;8;8
"25176";3;4;6;9;10;12;15;16;19
"25177";3;4;6;8;8;8;8;8;8
"25178";3;4;6;9;10;12;15;16;19
"25179";3;5;5;5;5;5;5;5;5
"25180";3;4;6;9;10;12;15;16;19
"25181";3;4;6;9;10;12;15;16;19
"25182";3;5;5;5;5;5;5;5;5
"25183";3;4;6;9;10;12;15;16;19
"25184";3;4;6;8;8;8;8;8;8
"25185";3;4;6;8;8;8;8;8;8
"25186";3;4;6;9;10;12;15;16;19
"25187";3;4;6;9;10;12;15;16;19
"25188";3;4;6;9;10;12;15;16;19
"25189";3;4;6;9;10;12;15;16;19
"25190";3;4;6;9;10;12;15;16;19
"25191";3;4;6;9;10;12;15;16;19
"25192";3;4;6;8;8;8;8;8;8
"25193";3;4;6;9;10;12;15;16;18
"25194";3;4;6;8;8;8;8;8;8
"25195";3;4;6;8;8;8;8;8;8
"25196";3;4;6;9;10;12;15;16;19
"25197";3;4;6;8;8;8;8;8;8
"25198";3;4;6;9;10;12;15;16;19
"25199";3;4;6;8;8;8;8;8;8
"25200";3;4;6;9;10;12;15;16;19
"25201";3;4;6;8;8;8;8;8;8
"25202";3;4;6;9;10;12;15;16;19
"25203";3;4;6;8;8;8;8;8;8
"25204";3;4;6;8;8;8;8;8;8
"25205";3;5;5;5;5;5;5;5;5
"25206";3;4;6;8;8;8;8;8;8
"25207";3;4;6;8;8;8;8;8;8
"25208";3;5;5;5;5;5;5;5;5
"25209";3;4;6;8;8;8;8;8;8
"25210";3;4;6;9;10;12;15;16;19
"25211";3;4;6;8;8;8;8;8;8
"25212";3;4;6;9;10;12;15;16;19
"25213";3;4;6;9;10;12;15;16;19
"25214";3;4;6;9;10;12;15;16;19
"25215";3;4;6;8;8;8;8;8;8
"25216";3;4;6;8;8;8;8;8;8
"25217";3;4;6;8;8;8;8;8;8
"25218";3;4;6;8;8;8;8;8;8
"25219";3;4;6;8;8;8;8;8;8
"25220";3;4;6;8;8;8;8;8;8
"25221";3;4;6;8;8;8;8;8;8
"25222";3;4;6;9;10;12;15;16;19
"25223";3;4;6;9;10;12;15;16;19
"25224";3;4;6;9;10;12;15;16;19
"25225";3;4;6;9;10;12;15;16;19
"25226";3;4;6;9;10;12;15;16;19
"25227";3;4;6;9;10;12;15;16;19
"25228";3;4;6;9;10;12;15;16;19
"25229";3;4;6;9;10;12;15;16;19
"25230";3;4;6;9;10;12;15;16;19
"25231";3;4;6;9;10;12;15;16;19
"25232";3;4;6;9;10;12;15;16;19
"25233";3;4;6;9;10;12;15;16;19
"25234";3;4;6;9;10;12;15;16;19
"25235";3;4;6;9;10;12;15;16;19
"25236";3;4;6;9;10;12;15;16;19
"25237";3;4;6;9;10;12;15;16;19
"25238";3;4;6;9;10;12;15;16;19
"25239";3;4;6;9;10;12;15;16;19
"25240";3;4;6;9;10;12;15;16;19
"25241";3;4;6;9;10;12;15;16;19
"25242";3;4;6;9;10;12;15;16;19
"25243";3;4;6;9;10;12;15;16;19
"25244";3;4;6;9;10;12;15;16;19
"25245";3;4;6;9;10;12;15;16;19
"25246";3;4;6;9;10;12;15;16;19
"25247";3;4;6;9;10;12;15;16;19
"25248";3;4;6;9;10;12;15;16;19
"25249";3;4;6;9;10;12;15;16;19
"25250";3;4;6;9;10;12;15;16;19
"25251";3;4;6;9;10;12;15;16;19
"25252";3;4;6;9;10;12;15;16;19
"25253";3;4;6;9;10;12;15;16;19
"25254";3;4;6;9;10;12;15;16;19
"25255";3;4;6;9;10;12;15;16;19
"25256";3;4;6;9;10;12;15;16;19
"25257";3;4;6;9;10;12;15;16;19
"25258";3;4;6;9;10;12;15;16;19
"25259";3;4;6;9;10;12;15;16;19
"25260";3;4;6;9;10;12;15;16;19
"25261";3;4;6;9;10;12;15;16;19
"25262";3;4;6;9;10;12;15;16;19
"25263";3;4;6;9;10;12;15;16;19
"25264";3;4;6;9;10;12;15;16;19
"25265";3;4;6;9;10;12;15;16;19
"25266";3;4;6;9;10;12;15;16;19
"25267";3;4;6;9;10;12;15;16;19
"25268";3;4;6;9;10;12;15;16;19
"25269";3;4;6;9;10;12;15;16;19
"25270";3;4;6;9;10;12;15;16;19
"25271";3;4;6;9;10;12;15;16;19
"25272";3;4;7;7;7;7;7;7;7
"25273";3;4;6;9;10;12;15;16;19
"25274";3;4;6;8;8;8;8;8;8
"25275";3;4;6;9;10;12;15;16;19
"25276";3;4;7;7;7;7;7;7;7
"25277";3;5;5;5;5;5;5;5;5
"25278";3;4;6;8;8;8;8;8;8
"25279";3;4;6;8;8;8;8;8;8
"25280";3;4;6;8;8;8;8;8;8
"25281";3;4;7;7;7;7;7;7;7
"25282";3;4;6;8;8;8;8;8;8
"25283";3;4;6;8;8;8;8;8;8
"25284";3;4;6;8;8;8;8;8;8
"25285";3;4;6;9;10;12;15;16;19
"25286";3;4;7;7;7;7;7;7;7
"25287";3;4;6;8;8;8;8;8;8
"25288";3;4;6;8;8;8;8;8;8
"25289";3;4;6;8;8;8;8;8;8
"25290";3;4;6;8;8;8;8;8;8
"25291";3;4;6;8;8;8;8;8;8
"25292";3;4;6;8;8;8;8;8;8
"25293";3;4;6;8;8;8;8;8;8
"25294";3;4;6;9;10;12;15;16;19
"25295";3;4;6;9;10;12;15;16;19
"25296";3;4;7;7;7;7;7;7;7
"25297";3;4;6;9;10;12;15;16;19
"25298";3;4;7;7;7;7;7;7;7
"25299";3;4;7;7;7;7;7;7;7
"25300";3;4;7;7;7;7;7;7;7
"25301";3;4;7;7;7;7;7;7;7
"25302";3;4;6;9;10;13;13;13;13
"25303";3;4;6;8;8;8;8;8;8
"25304";3;4;6;9;10;12;15;16;19
"25305";3;4;6;9;10;12;15;16;19
"25306";3;4;6;9;10;12;15;16;19
"25307";3;4;6;9;10;12;15;16;19
"25308";3;4;6;9;10;12;15;16;19
"25309";3;4;6;9;10;12;15;16;19
"25310";3;4;6;9;10;12;15;16;19
"25311";3;4;6;9;10;12;15;16;19
"25312";3;4;6;9;10;12;15;16;19
"25313";3;4;6;9;10;12;15;16;19
"25314";3;4;6;9;10;12;15;16;19
"25315";3;4;6;9;10;12;15;16;19
"25316";3;4;6;9;10;12;15;16;19
"25317";3;4;6;9;10;12;15;16;19
"25318";3;4;6;9;10;12;15;16;19
"25319";3;4;6;9;10;12;15;16;19
"25320";3;4;6;9;10;12;15;16;19
"25321";3;4;7;7;7;7;7;7;7
"25322";3;4;6;9;10;13;13;13;13
"25323";3;4;6;8;8;8;8;8;8
"25324";3;4;6;9;10;13;13;13;13
"25325";3;4;6;9;10;12;15;16;19
"25326";3;4;6;9;10;13;13;13;13
"25327";3;4;6;9;10;12;15;16;19
"25328";3;4;7;7;7;7;7;7;7
"25329";3;4;6;9;10;12;15;16;19
"25330";3;4;6;9;10;13;13;13;13
"25331";3;4;6;9;10;12;15;16;19
"25332";3;4;6;9;10;13;13;13;13
"25333";3;4;6;9;10;12;15;16;19
"25334";3;4;6;9;10;12;15;16;19
"25335";3;4;6;9;10;13;13;13;13
"25336";3;4;6;9;10;13;13;13;13
"25337";3;4;6;9;10;12;15;16;19
"25338";3;4;6;9;10;12;15;16;19
"25339";3;4;6;9;10;12;15;16;19
"25340";3;4;6;9;10;13;13;13;13
"25341";3;4;6;9;10;12;15;16;19
"25342";3;4;6;9;10;13;13;13;13
"25343";3;4;6;9;10;12;15;16;19
"25344";3;4;6;9;10;13;13;13;13
"25345";3;4;6;9;10;13;13;13;13
"25346";3;4;6;9;10;12;15;16;19
"25347";3;4;6;9;10;12;15;16;19
"25348";3;4;6;9;10;13;13;13;13
"25349";3;4;6;9;10;12;15;16;19
"25350";3;4;6;9;10;12;15;16;19
"25351";3;4;6;9;10;12;15;16;19
"25352";3;4;6;9;10;12;15;16;19
"25353";3;4;6;9;10;13;13;13;13
"25354";3;4;6;9;10;13;13;13;13
"25355";3;4;6;9;10;12;15;16;19
"25356";3;4;6;9;10;12;15;16;19
"25357";3;4;6;9;10;12;15;16;19
"25358";3;4;6;9;10;12;15;16;19
"25359";3;4;6;9;10;12;15;16;19
"25360";3;4;6;9;10;12;15;16;19
"25361";3;4;6;9;10;12;15;16;19
"25362";3;4;6;9;10;12;15;16;19
"25363";3;4;6;9;10;12;15;16;19
"25364";3;4;6;9;10;12;15;16;19
"25365";3;4;7;7;7;7;7;7;7
"25366";3;4;6;9;10;12;15;16;19
"25367";3;4;6;9;10;12;15;16;19
"25368";3;4;6;9;10;12;15;16;19
"25369";3;4;6;9;10;12;15;16;19
"25370";3;4;6;9;10;12;15;16;19
"25371";3;4;6;9;10;12;15;16;19
"25372";3;4;6;9;10;12;15;16;19
"25373";3;4;6;9;10;13;13;13;13
"25374";3;4;6;9;10;13;13;13;13
"25375";3;4;6;9;10;13;13;13;13
"25376";3;4;6;9;10;12;15;16;19
"25377";3;4;6;9;10;13;13;13;13
"25378";3;4;6;9;10;12;15;16;19
"25379";3;4;6;9;10;12;15;16;19
"25380";3;4;6;9;10;12;15;16;19
"25381";3;4;6;9;10;12;15;16;19
"25382";3;4;6;9;10;12;15;16;19
"25383";3;4;6;9;10;12;15;16;19
"25384";3;4;6;9;10;12;15;16;19
"25385";3;4;6;9;10;12;15;16;19
"25386";3;4;6;9;10;13;13;13;13
"25387";3;4;6;9;10;12;15;16;19
"25388";3;4;6;8;8;8;8;8;8
"25389";3;4;6;9;10;12;15;16;19
"25390";3;4;6;9;10;12;15;16;19
"25391";3;4;6;9;10;12;15;16;19
"25392";3;4;6;9;10;12;15;16;19
"25393";3;4;6;9;10;12;15;16;19
"25394";3;4;6;9;10;12;15;16;19
"25395";3;4;6;9;10;12;15;16;19
"25396";3;4;6;9;10;12;15;16;19
"25397";3;4;6;9;10;12;15;16;19
"25398";3;4;6;9;10;12;15;16;19
"25399";3;4;6;9;10;12;15;16;19
"25400";3;4;6;9;10;12;15;16;19
"25401";3;4;6;9;10;12;15;16;19
"25402";3;4;6;9;10;12;15;16;19
"25403";3;4;6;9;10;13;13;13;13
"25404";3;4;6;9;10;12;15;16;19
"25405";3;4;6;9;10;12;15;16;19
"25406";3;4;6;9;10;12;15;16;19
"25407";3;4;6;9;10;12;15;16;19
"25408";3;4;6;9;10;12;15;16;19
"25409";3;4;6;9;10;12;15;16;19
"25410";3;4;6;9;10;12;15;16;19
"25411";3;4;6;9;10;12;15;16;19
"25412";3;4;6;9;10;12;15;16;19
"25413";3;4;6;9;10;12;15;16;19
"25414";3;4;6;9;10;12;15;16;19
"25415";3;4;6;9;10;12;15;16;19
"25416";3;4;6;9;10;12;15;16;19
"25417";3;4;6;9;10;12;15;16;19
"25418";3;4;6;9;10;12;15;16;19
"25419";3;4;6;9;10;12;15;16;19
"25420";3;4;6;9;10;12;15;16;19
"25421";3;4;6;9;10;12;15;16;19
"25422";3;4;6;9;10;12;15;16;19
"25423";3;4;6;9;10;12;15;16;19
"25424";3;4;6;9;10;12;15;16;19
"25425";3;4;6;9;10;12;15;16;19
"25426";3;4;6;9;10;12;15;16;19
"25427";3;4;6;9;10;12;15;16;19
"25428";3;4;6;9;10;12;15;16;19
"25429";3;4;6;9;10;12;15;16;19
"25430";3;4;6;9;10;12;15;16;19
"25431";3;4;6;9;10;12;15;16;19
"25432";3;4;6;9;10;12;15;16;19
"25433";3;4;6;9;10;12;15;16;19
"25434";3;4;6;9;10;12;15;16;19
"25435";3;4;6;9;10;12;15;16;19
"25436";3;4;6;9;10;12;15;16;19
"25437";3;4;6;9;10;12;15;16;19
"25438";3;4;6;9;10;12;15;16;19
"25439";3;4;6;9;10;12;15;16;19
"25440";3;4;6;9;10;12;15;16;19
"25441";3;4;6;9;10;12;15;16;19
"25442";3;4;6;9;10;12;15;16;19
"25443";3;4;6;9;10;13;13;13;13
"25444";3;4;6;9;10;13;13;13;13
"25445";3;4;6;9;10;13;13;13;13
"25446";3;4;6;9;10;12;15;16;19
"25447";3;4;6;9;10;12;15;16;19
"25448";3;4;6;9;10;12;15;16;19
"25449";3;4;6;9;10;12;15;16;19
"25450";3;4;6;9;10;12;15;16;19
"25451";3;4;6;9;10;12;15;16;19
"25452";3;4;6;9;10;12;15;16;19
"25453";3;4;6;9;10;12;15;16;19
"25454";3;4;6;9;10;13;13;13;13
"25455";3;4;6;9;10;12;15;16;19
"25456";3;4;6;9;10;13;13;13;13
"25457";3;4;6;9;10;12;15;16;19
"25458";3;4;6;9;10;12;15;16;19
"25459";3;4;6;9;10;13;13;13;13
"25460";3;4;6;9;10;12;15;16;19
"25461";3;4;6;9;10;12;15;16;19
"25462";3;4;6;9;10;12;15;16;19
"25463";3;4;6;9;10;12;15;16;19
"25464";3;4;6;9;10;12;15;16;19
"25465";3;4;6;9;10;12;15;16;19
"25466";3;4;6;9;10;12;15;16;19
"25467";3;4;6;9;10;12;15;16;19
"25468";3;4;6;8;8;8;8;8;8
"25469";3;4;6;9;10;12;15;16;19
"25470";3;4;6;9;10;12;15;16;19
"25471";3;4;6;9;10;12;15;16;19
"25472";3;4;6;9;10;12;15;16;19
"25473";3;4;6;9;10;12;15;16;19
"25474";3;4;6;9;10;12;15;16;19
"25475";3;4;6;9;10;12;15;16;19
"25476";3;4;6;9;10;12;15;16;19
"25477";3;4;6;9;10;12;15;16;19
"25478";3;4;6;9;10;12;15;16;19
"25479";3;4;6;9;10;12;15;16;19
"25480";3;4;6;9;10;12;15;16;19
"25481";3;4;6;9;10;12;15;16;19
"25482";3;4;6;9;10;12;15;16;19
"25483";3;4;6;9;10;12;15;16;19
"25484";3;4;6;9;10;12;15;16;19
"25485";3;4;6;9;10;12;15;16;19
"25486";3;4;6;9;10;12;15;16;19
"25487";3;4;6;9;10;12;15;16;19
"25488";3;4;6;9;10;12;15;16;19
"25489";3;4;6;9;10;12;15;16;18
"25490";3;4;6;9;10;12;15;16;19
"25491";3;4;6;9;10;12;15;16;19
"25492";3;4;6;9;10;12;15;16;19
"25493";3;4;6;9;10;12;15;16;19
"25494";3;4;6;9;10;12;15;16;19
"25495";3;4;6;9;10;12;15;16;19
"25496";3;4;6;9;10;12;15;16;19
"25497";3;4;6;9;10;12;15;16;19
"25498";3;4;6;9;10;12;15;16;19
"25499";3;4;6;9;10;12;15;16;19
"25500";3;4;6;9;10;12;15;16;19
"25501";3;4;6;9;10;12;15;16;19
"25502";3;4;6;9;10;12;15;16;19
"25503";3;4;6;9;10;12;15;16;19
"25504";3;4;6;9;10;12;15;16;19
"25505";3;4;6;9;10;12;15;16;19
"25506";3;4;6;9;10;12;15;16;19
"25507";3;4;6;9;10;12;15;16;19
"25508";3;4;6;9;10;12;15;16;19
"25509";3;4;7;7;7;7;7;7;7
"25510";3;4;6;9;10;12;15;16;19
"25511";3;4;6;9;10;12;15;16;19
"25512";3;4;6;9;10;12;15;16;19
"25513";3;4;6;9;10;12;15;16;19
"25514";3;4;6;9;10;12;15;16;19
"25515";3;4;6;9;10;12;15;16;19
"25516";3;4;7;7;7;7;7;7;7
"25517";3;4;6;9;10;12;15;16;19
"25518";3;4;6;9;10;12;15;16;19
"25519";3;4;7;7;7;7;7;7;7
"25520";3;4;6;9;10;12;15;16;19
"25521";3;4;7;7;7;7;7;7;7
"25522";3;4;6;9;10;12;15;16;19
"25523";3;4;6;9;10;12;15;16;19
"25524";3;4;7;7;7;7;7;7;7
"25525";3;4;7;7;7;7;7;7;7
"25526";3;4;7;7;7;7;7;7;7
"25527";3;4;7;7;7;7;7;7;7
"25528";3;4;7;7;7;7;7;7;7
"25529";3;4;7;7;7;7;7;7;7
"25530";3;4;6;9;10;12;15;16;19
"25531";3;4;6;9;10;12;15;16;19
"25532";3;4;6;9;10;12;15;16;19
"25533";3;4;6;9;10;12;15;16;19
"25534";3;4;6;9;10;12;15;16;19
"25535";3;4;6;9;10;12;15;16;19
"25536";3;4;6;9;10;12;15;16;19
"25537";3;4;6;9;10;12;15;16;19
"25538";3;4;6;9;10;12;15;16;19
"25539";3;4;7;7;7;7;7;7;7
"25540";3;4;7;7;7;7;7;7;7
"25541";3;4;6;9;10;12;15;16;19
"25542";3;4;7;7;7;7;7;7;7
"25543";3;4;6;9;10;12;15;16;19
"25544";3;4;6;9;10;13;13;13;13
"25545";3;4;6;8;8;8;8;8;8
"25546";3;4;6;8;8;8;8;8;8
"25547";3;4;6;8;8;8;8;8;8
"25548";3;4;6;8;8;8;8;8;8
"25549";3;4;6;8;8;8;8;8;8
"25550";3;4;6;9;10;12;15;16;19
"25551";3;4;6;9;10;12;15;16;19
"25552";3;4;6;9;10;12;15;16;19
"25553";3;4;6;9;10;12;15;16;19
"25554";3;4;6;9;10;12;15;16;19
"25555";3;4;6;9;10;12;15;16;19
"25556";3;4;6;9;10;12;15;16;19
"25557";3;4;6;9;10;12;15;16;19
"25558";3;4;6;8;8;8;8;8;8
"25559";3;4;6;9;10;12;15;16;19
"25560";3;4;6;8;8;8;8;8;8
"25561";3;4;6;9;10;12;15;16;19
"25562";3;4;6;9;10;12;15;16;19
"25563";3;4;6;9;10;12;15;16;19
"25564";3;4;7;7;7;7;7;7;7
"25565";3;4;7;7;7;7;7;7;7
"25566";3;4;6;9;10;12;15;16;19
"25567";3;4;6;9;10;12;15;16;19
"25568";3;4;6;9;10;12;15;16;19
"25569";3;4;6;9;10;12;15;16;19
"25570";3;4;6;9;10;12;15;16;19
"25571";3;4;6;9;10;12;15;16;19
"25572";3;4;7;7;7;7;7;7;7
"25573";3;4;6;9;10;12;15;16;19
"25574";3;4;6;9;10;12;15;16;19
"25575";3;4;6;9;10;12;15;16;19
"25576";3;4;6;9;10;12;15;16;19
"25577";3;4;6;9;10;12;15;16;19
"25578";3;4;6;9;10;12;15;16;19
"25579";3;4;6;9;10;12;15;16;19
"25580";3;4;6;9;10;12;15;16;19
"25581";3;4;6;9;10;12;15;16;19
"25582";3;4;6;9;10;12;15;16;19
"25583";3;4;6;9;10;12;15;16;19
"25584";3;4;6;9;10;12;15;16;19
"25585";3;4;6;9;10;12;15;16;19
"25586";3;4;7;7;7;7;7;7;7
"25587";3;4;6;9;10;12;15;16;19
"25588";3;4;6;9;10;12;15;16;19
"25589";3;4;7;7;7;7;7;7;7
"25590";3;4;6;9;10;12;15;16;19
"25591";3;4;6;9;10;12;15;16;19
"25592";3;4;6;9;10;12;15;16;19
"25593";3;4;6;9;10;12;15;16;19
"25594";3;4;6;9;10;12;15;16;19
"25595";3;4;6;9;10;12;15;16;19
"25596";3;4;6;9;10;12;15;16;19
"25597";3;4;6;9;10;12;15;16;19
"25598";3;4;6;9;10;12;15;16;19
"25599";3;4;6;9;10;12;15;16;19
"25600";3;4;6;9;10;12;15;16;19
"25601";3;4;6;9;10;12;15;16;19
"25602";3;4;6;9;10;12;15;16;19
"25603";3;4;6;9;10;12;15;16;19
"25604";3;4;6;9;10;12;15;16;19
"25605";3;4;6;9;10;12;15;16;19
"25606";3;4;6;9;10;12;15;16;19
"25607";3;4;6;9;10;12;15;16;19
"25608";3;4;6;9;10;12;15;16;19
"25609";3;4;6;9;10;12;15;16;19
"25610";3;4;6;9;10;12;15;16;19
"25611";3;4;6;9;10;12;15;16;19
"25612";3;4;6;9;10;12;15;16;19
"25613";3;4;6;9;10;12;15;16;19
"25614";3;4;6;9;10;12;15;16;19
"25615";3;4;6;9;10;12;15;16;19
"25616";3;4;6;9;10;12;15;16;19
"25617";3;4;6;9;10;12;15;16;19
"25618";3;4;6;9;10;12;15;16;19
"25619";3;4;6;9;10;12;15;16;19
"25620";3;4;6;9;10;12;15;16;19
"25621";3;4;6;9;10;12;15;16;19
"25622";3;4;6;9;10;12;15;16;19
"25623";3;4;6;9;10;12;15;16;19
"25624";3;4;6;9;10;12;15;16;18
"25625";3;4;6;9;10;12;15;16;19
"25626";3;4;6;9;10;12;15;16;19
"25627";3;4;6;9;10;12;15;16;19
"25628";3;4;6;9;10;12;15;16;19
"25629";3;4;6;9;10;12;15;16;19
"25630";3;4;6;9;10;12;15;16;19
"25631";3;4;6;9;10;12;15;16;19
"25632";3;4;6;9;10;12;15;16;19
"25633";3;4;6;9;10;12;15;16;19
"25634";3;4;6;9;10;12;15;16;19
"25635";3;4;6;9;10;12;15;16;19
"25636";3;4;6;9;10;12;15;16;19
"25637";3;4;6;9;10;12;15;16;19
"25638";3;4;6;9;10;12;15;16;19
"25639";3;4;6;9;10;12;15;16;19
"25640";3;4;6;9;10;12;15;16;19
"25641";3;4;6;9;10;12;15;16;19
"25642";3;4;6;9;10;12;15;16;19
"25643";3;4;6;9;10;12;15;16;19
"25644";3;4;6;9;10;12;15;16;19
"25645";3;4;6;8;8;8;8;8;8
"25646";3;4;7;7;7;7;7;7;7
"25647";3;4;6;9;10;12;15;16;19
"25648";3;4;6;9;10;12;15;16;19
"25649";3;4;6;9;10;12;15;16;19
"25650";3;4;6;9;10;12;15;16;19
"25651";3;4;6;9;10;12;15;16;19
"25652";3;4;6;9;10;12;15;16;19
"25653";3;5;5;5;5;5;5;5;5
"25654";3;4;6;9;10;12;15;16;19
"25655";3;4;6;9;10;12;15;16;19
"25656";3;4;6;9;10;12;15;16;19
"25657";3;4;6;9;10;12;15;16;19
"25658";3;4;6;9;10;12;15;16;19
"25659";3;4;6;9;10;12;15;16;19
"25660";3;4;6;9;10;12;15;16;19
"25661";3;4;6;9;10;12;15;16;19
"25662";3;4;6;9;10;12;15;16;19
"25663";3;4;6;9;10;12;15;16;19
"25664";3;4;6;9;10;12;15;16;19
"25665";3;4;6;9;10;12;15;16;19
"25666";3;4;6;9;10;12;15;16;19
"25667";3;4;6;9;10;12;15;16;19
"25668";3;4;6;9;10;12;15;16;19
"25669";3;4;6;9;10;12;15;16;19
"25670";3;4;6;9;10;12;15;16;19
"25671";3;4;6;9;10;12;15;16;19
"25672";3;4;6;9;10;12;15;16;19
"25673";3;4;6;9;10;12;15;16;19
"25674";3;4;6;9;10;12;15;16;19
"25675";3;4;6;9;10;12;15;16;19
"25676";3;4;6;9;10;12;15;16;19
"25677";3;4;6;9;10;12;15;16;19
"25678";3;4;6;9;10;12;15;16;19
"25679";3;4;6;9;10;12;15;16;19
"25680";3;4;6;9;10;12;15;16;19
"25681";3;4;6;9;10;12;15;16;19
"25682";3;4;6;9;10;12;15;16;19
"25683";3;4;6;9;10;12;15;16;19
"25684";3;4;6;9;10;12;15;16;19
"25685";3;4;6;9;10;12;15;16;19
"25686";3;4;6;9;10;12;15;16;19
"25687";3;4;6;9;10;12;15;16;19
"25688";3;4;6;9;10;12;15;16;19
"25689";3;4;6;9;10;12;15;16;19
"25690";3;4;6;9;10;12;15;16;19
"25691";3;4;7;7;7;7;7;7;7
"25692";3;4;6;9;10;12;15;16;19
"25693";3;4;6;9;10;12;15;16;19
"25694";3;4;6;9;10;12;15;16;19
"25695";3;4;6;9;10;12;15;16;19
"25696";3;4;7;7;7;7;7;7;7
"25697";3;4;6;9;10;12;15;16;19
"25698";3;4;6;9;10;12;15;16;19
"25699";3;4;6;9;10;12;15;16;19
"25700";3;4;6;9;10;12;15;16;19
"25701";3;4;6;9;10;12;15;16;19
"25702";3;4;6;9;10;12;15;16;19
"25703";3;4;6;9;10;12;15;16;19
"25704";3;4;6;9;10;12;15;16;19
"25705";3;4;6;9;10;12;15;16;19
"25706";3;4;6;9;10;12;15;16;19
"25707";3;4;6;9;10;12;15;16;19
"25708";3;4;6;9;10;12;15;16;19
"25709";3;4;6;9;10;12;15;16;19
"25710";3;4;6;9;10;12;15;16;19
"25711";3;4;6;9;10;12;15;16;19
"25712";3;4;6;9;10;12;15;16;19
"25713";3;4;6;9;10;12;15;16;19
"25714";3;4;6;9;10;12;15;16;19
"25715";3;4;6;9;10;12;15;16;19
"25716";3;4;6;9;10;12;15;16;19
"25717";3;4;6;9;10;12;15;16;19
"25718";3;4;6;9;10;12;15;16;19
"25719";3;4;6;9;10;13;13;13;13
"25720";3;4;6;9;10;12;15;16;19
"25721";3;4;6;9;10;12;15;16;19
"25722";3;4;6;9;10;12;15;16;19
"25723";3;4;6;9;10;12;15;16;19
"25724";3;4;6;9;10;12;15;16;19
"25725";3;4;6;9;10;12;15;16;19
"25726";3;4;6;9;10;12;15;16;19
"25727";3;4;6;9;10;12;15;16;19
"25728";3;4;6;9;10;12;15;16;19
"25729";3;4;6;9;10;12;15;16;19
"25730";3;4;6;9;10;12;15;16;19
"25731";3;4;6;9;10;12;15;16;19
"25732";3;4;6;9;10;12;15;16;19
"25733";3;4;7;7;7;7;7;7;7
"25734";3;4;6;9;10;12;15;16;19
"25735";3;4;6;9;10;12;15;16;19
"25736";3;4;6;9;10;12;15;16;19
"25737";3;4;6;9;10;12;15;16;19
"25738";3;4;6;9;10;12;15;16;19
"25739";3;4;6;9;10;12;15;16;19
"25740";3;4;6;9;10;12;15;16;19
"25741";3;4;7;7;7;7;7;7;7
"25742";3;4;6;9;10;12;15;16;19
"25743";3;4;6;9;10;12;15;16;19
"25744";3;4;6;9;10;12;15;16;19
"25745";3;4;6;9;10;12;15;16;19
"25746";3;4;7;7;7;7;7;7;7
"25747";3;4;6;9;10;12;15;16;19
"25748";3;4;6;9;10;12;15;16;19
"25749";3;4;6;9;10;12;15;16;19
"25750";3;4;6;9;10;12;15;16;19
"25751";3;4;6;9;10;12;15;16;19
"25752";3;4;6;9;10;12;15;16;19
"25753";3;4;6;9;10;12;15;16;19
"25754";3;4;6;9;10;12;15;16;19
"25755";3;4;6;9;10;12;15;16;19
"25756";3;4;7;7;7;7;7;7;7
"25757";3;4;6;9;10;12;15;16;19
"25758";3;4;7;7;7;7;7;7;7
"25759";3;4;7;7;7;7;7;7;7
"25760";3;4;7;7;7;7;7;7;7
"25761";3;4;6;9;10;12;15;16;19
"25762";3;4;6;9;10;12;15;16;19
"25763";3;4;6;9;10;12;15;16;19
"25764";3;4;6;9;10;12;15;16;19
"25765";3;4;6;9;10;12;15;16;19
"25766";3;4;6;9;10;12;15;16;19
"25767";3;4;6;9;10;12;15;16;19
"25768";3;4;6;9;10;12;15;16;19
"25769";3;4;6;9;10;12;15;16;19
"25770";3;4;6;9;10;12;15;16;19
"25771";3;4;6;9;10;12;15;16;19
"25772";3;4;6;9;10;12;15;16;19
"25773";3;4;6;9;10;12;15;16;19
"25774";3;4;6;9;10;12;15;16;19
"25775";3;4;6;9;10;12;15;16;19
"25776";3;4;6;9;10;12;15;16;19
"25777";3;4;6;9;10;12;15;16;19
"25778";3;4;7;7;7;7;7;7;7
"25779";3;4;6;9;10;12;15;16;19
"25780";3;4;6;9;10;12;15;16;19
"25781";3;4;6;9;10;12;15;16;19
"25782";3;4;6;9;10;12;15;16;19
"25783";3;4;6;9;10;12;15;16;19
"25784";3;4;6;9;10;12;15;16;19
"25785";3;4;6;9;10;12;15;16;19
"25786";3;4;6;9;10;12;15;16;19
"25787";3;4;6;9;10;12;15;16;19
"25788";3;4;6;9;10;12;15;16;19
"25789";3;4;6;9;10;12;15;16;19
"25790";3;4;6;9;10;12;15;16;19
"25791";3;4;6;9;10;12;15;16;19
"25792";3;4;6;9;10;13;13;13;13
"25793";3;4;6;9;10;12;15;16;19
"25794";3;4;6;9;10;12;15;16;19
"25795";3;4;6;9;10;12;15;16;19
"25796";3;4;6;9;10;12;15;16;19
"25797";3;4;6;9;10;12;15;16;19
"25798";3;4;6;9;10;12;15;16;19
"25799";3;4;6;9;10;12;15;16;19
"25800";3;4;6;9;10;12;15;16;19
"25801";3;4;6;9;10;12;15;16;19
"25802";3;4;6;9;10;12;15;16;19
"25803";3;4;6;9;10;12;15;16;19
"25804";3;4;6;9;10;12;15;16;19
"25805";3;4;6;9;10;12;15;16;19
"25806";3;4;6;9;10;12;15;16;19
"25807";3;4;6;9;10;12;15;16;19
"25808";3;4;6;9;10;12;15;16;19
"25809";3;4;6;9;10;12;15;16;19
"25810";3;4;6;9;10;12;15;16;19
"25811";3;4;6;9;10;12;15;16;19
"25812";3;4;6;9;10;12;15;16;19
"25813";3;4;6;9;10;12;15;16;19
"25814";3;4;6;9;10;12;15;16;19
"25815";3;4;6;9;10;12;15;16;19
"25816";3;4;6;9;10;12;15;16;19
"25817";3;4;6;9;10;12;15;16;19
"25818";3;4;6;9;10;12;15;16;19
"25819";3;4;6;9;10;12;15;16;19
"25820";3;4;6;9;10;12;15;16;19
"25821";3;4;6;9;10;12;15;16;19
"25822";3;4;6;9;10;12;15;16;19
"25823";3;4;6;9;10;12;15;16;19
"25824";3;4;6;9;10;12;15;16;19
"25825";3;4;6;9;10;12;15;16;19
"25826";3;4;6;9;10;12;15;16;19
"25827";3;4;6;9;10;12;15;16;19
"25828";3;4;6;9;10;12;15;16;19
"25829";3;4;6;9;10;12;15;16;18
"25830";3;4;6;9;10;12;15;16;18
"25831";3;4;6;9;10;12;15;16;19
"25832";3;4;6;9;10;12;15;16;19
"25833";3;4;6;9;10;12;15;16;19
"25834";3;4;6;9;10;12;15;16;19
"25835";3;4;6;9;10;12;15;16;18
"25836";3;4;6;9;10;12;15;16;19
"25837";3;4;6;9;10;12;15;16;18
"25838";3;4;6;9;10;12;15;16;19
"25839";3;4;6;9;10;12;15;16;19
"25840";3;4;6;9;10;12;15;16;18
"25841";3;4;6;9;10;12;15;16;19
"25842";3;4;6;9;10;12;15;16;19
"25843";3;4;6;9;10;12;15;16;19
"25844";3;4;6;9;10;12;15;16;19
"25845";3;4;6;9;10;12;15;16;19
"25846";3;4;6;9;10;12;15;16;19
"25847";3;4;6;9;10;12;15;16;19
"25848";3;4;6;9;10;12;15;16;19
"25849";3;4;6;9;10;12;15;16;19
"25850";3;4;6;9;10;12;15;16;19
"25851";3;4;6;9;10;12;15;16;19
"25852";3;4;6;9;10;12;15;16;19
"25853";3;4;6;9;10;12;15;16;19
"25854";3;4;7;7;7;7;7;7;7
"25855";3;4;6;9;10;12;15;16;19
"25856";3;4;7;7;7;7;7;7;7
"25857";3;4;6;9;10;12;15;16;19
"25858";3;4;6;9;10;12;15;16;19
"25859";3;4;6;9;10;12;15;16;19
"25860";3;4;6;9;10;12;15;16;19
"25861";3;4;6;8;8;8;8;8;8
"25862";3;4;6;8;8;8;8;8;8
"25863";3;5;5;5;5;5;5;5;5
"25864";3;5;5;5;5;5;5;5;5
"25865";3;5;5;5;5;5;5;5;5
"25866";3;5;5;5;5;5;5;5;5
"25867";3;4;6;8;8;8;8;8;8
"25868";3;5;5;5;5;5;5;5;5
"25869";3;5;5;5;5;5;5;5;5
"25870";3;5;5;5;5;5;5;5;5
"25871";3;5;5;5;5;5;5;5;5
"25872";3;4;6;8;8;8;8;8;8
"25873";3;4;6;8;8;8;8;8;8
"25874";3;5;5;5;5;5;5;5;5
"25875";3;5;5;5;5;5;5;5;5
"25876";3;4;6;9;10;12;15;16;19
"25877";3;4;6;8;8;8;8;8;8
"25878";3;4;6;8;8;8;8;8;8
"25879";3;4;6;8;8;8;8;8;8
"25880";3;4;6;8;8;8;8;8;8
"25881";3;4;6;8;8;8;8;8;8
"25882";3;4;6;8;8;8;8;8;8
"25883";3;4;6;9;10;12;15;16;19
"25884";3;4;6;9;10;12;15;16;19
"25885";3;4;6;8;8;8;8;8;8
"25886";3;4;6;8;8;8;8;8;8
"25887";3;4;6;9;10;13;13;13;13
"25888";3;4;6;9;10;12;15;16;19
"25889";3;4;6;8;8;8;8;8;8
"25890";3;4;6;8;8;8;8;8;8
"25891";3;4;6;9;10;12;15;16;19
"25892";3;4;6;8;8;8;8;8;8
"25893";3;4;6;9;10;12;15;16;19
"25894";3;4;6;8;8;8;8;8;8
"25895";3;4;6;9;10;13;13;13;13
"25896";3;4;6;9;10;13;13;13;13
"25897";3;4;6;8;8;8;8;8;8
"25898";3;5;5;5;5;5;5;5;5
"25899";3;4;6;9;10;12;15;16;19
"25900";3;4;6;8;8;8;8;8;8
"25901";3;4;6;8;8;8;8;8;8
"25902";3;4;6;9;10;12;15;16;19
"25903";3;4;6;9;10;12;15;16;19
