"";"V1"
"1";4
"2";2
"3";4
"4";4
"5";4
"6";3
"7";4
"8";3
"9";3
"10";3
"11";1
"12";3
"13";3
"14";3
"15";3
"16";3
"17";3
"18";3
"19";4
"20";3
"21";3
"22";3
"23";2
"24";3
"25";3
"26";3
"27";3
"28";3
"29";3
"30";4
"31";4
"32";4
"33";3
"34";3
"35";4
"36";3
"37";3
"38";4
"39";4
"40";3
"41";2
"42";4
"43";0
"44";4
"45";3
"46";4
"47";2
"48";4
"49";2
"50";4
"51";4
"52";4
"53";4
"54";4
"55";4
"56";3
"57";2
"58";2
"59";2
"60";4
"61";4
"62";4
"63";4
"64";3
"65";2
"66";3
"67";4
"68";3
"69";3
"70";4
"71";3
"72";3
"73";3
"74";3
"75";3
"76";4
"77";3
"78";3
"79";4
"80";3
"81";3
"82";3
"83";4
"84";3
"85";3
"86";3
"87";4
"88";4
"89";3
"90";3
"91";3
"92";3
"93";3
"94";4
"95";3
"96";4
"97";4
"98";4
"99";4
"100";3
"101";4
"102";4
"103";3
"104";3
"105";3
"106";3
"107";4
"108";4
"109";3
"110";3
"111";4
"112";4
"113";3
"114";4
"115";4
"116";3
"117";3
"118";3
"119";4
"120";4
"121";4
"122";3
"123";2
"124";4
"125";3
"126";4
"127";4
"128";4
"129";4
"130";4
"131";4
"132";2
"133";3
"134";4
"135";4
"136";4
"137";2
"138";4
"139";2
"140";2
"141";4
"142";4
"143";4
"144";4
"145";4
"146";2
"147";4
"148";4
"149";4
"150";4
"151";4
"152";4
"153";4
"154";4
"155";3
"156";3
"157";0
"158";4
"159";4
"160";4
"161";4
"162";3
"163";3
"164";3
"165";4
"166";4
"167";4
"168";4
"169";4
"170";4
"171";4
"172";3
"173";3
"174";4
"175";3
"176";3
"177";1
"178";4
"179";4
"180";4
"181";3
"182";4
"183";3
"184";4
"185";3
"186";1
"187";1
"188";4
"189";4
"190";4
"191";1
"192";4
"193";1
"194";3
"195";4
"196";4
"197";3
"198";4
"199";1
"200";3
"201";3
"202";4
"203";3
"204";3
"205";3
"206";4
"207";4
"208";4
"209";3
"210";4
"211";4
"212";2
"213";4
"214";2
"215";4
"216";3
"217";4
"218";4
"219";4
"220";4
"221";4
"222";4
"223";4
"224";4
"225";1
"226";4
"227";3
"228";4
"229";4
"230";1
"231";3
"232";3
"233";3
"234";3
"235";3
"236";3
"237";3
"238";3
"239";3
"240";1
"241";3
"242";3
"243";3
"244";1
"245";3
"246";4
"247";4
"248";1
"249";3
"250";3
"251";3
"252";4
"253";3
"254";3
"255";3
"256";3
"257";3
"258";3
"259";3
"260";3
"261";4
"262";3
"263";3
"264";3
"265";3
"266";3
"267";3
"268";3
"269";3
"270";4
"271";3
"272";3
"273";3
"274";3
"275";3
"276";3
"277";3
"278";4
"279";4
"280";3
"281";3
"282";4
"283";0
"284";1
"285";4
"286";4
"287";4
"288";4
"289";2
"290";4
"291";4
"292";4
"293";3
"294";4
"295";3
"296";3
"297";4
"298";4
"299";4
"300";1
"301";4
"302";4
"303";3
"304";2
"305";3
"306";4
"307";3
"308";4
"309";4
"310";4
"311";3
"312";3
"313";3
"314";3
"315";3
"316";0
"317";4
"318";2
"319";4
"320";4
"321";4
"322";3
"323";1
"324";3
"325";3
"326";4
"327";3
"328";4
"329";4
"330";4
"331";4
"332";3
"333";1
"334";4
"335";4
"336";3
"337";1
"338";3
"339";3
"340";4
"341";1
"342";4
"343";4
"344";4
"345";2
"346";2
"347";0
"348";0
"349";0
"350";0
"351";0
"352";0
"353";0
"354";0
"355";0
"356";0
"357";0
"358";0
"359";0
"360";0
"361";0
"362";0
"363";0
"364";0
"365";0
"366";0
"367";0
"368";0
"369";0
"370";0
"371";0
"372";0
"373";0
"374";0
"375";0
"376";0
"377";0
"378";0
"379";0
"380";0
"381";0
"382";0
"383";0
"384";0
"385";0
"386";0
"387";0
"388";0
"389";0
"390";0
"391";0
"392";0
"393";0
"394";0
"395";0
"396";0
"397";0
"398";0
"399";0
"400";0
"401";0
"402";0
"403";0
"404";4
"405";4
"406";4
"407";1
"408";4
"409";3
"410";4
"411";4
"412";4
"413";4
"414";4
"415";4
"416";4
"417";1
"418";4
"419";0
"420";4
"421";4
"422";4
"423";4
"424";4
"425";4
"426";4
"427";4
"428";4
"429";0
"430";4
"431";0
"432";0
"433";4
"434";0
"435";4
"436";3
"437";3
"438";0
"439";0
"440";3
"441";1
"442";0
"443";4
"444";3
"445";4
"446";4
"447";4
"448";0
"449";4
"450";3
"451";3
"452";3
"453";3
"454";4
"455";3
"456";4
"457";4
"458";4
"459";3
"460";3
"461";3
"462";4
"463";4
"464";4
"465";3
"466";3
"467";3
"468";2
"469";3
"470";0
"471";2
"472";2
"473";4
"474";4
"475";2
"476";2
"477";2
"478";2
"479";2
"480";3
"481";4
"482";2
"483";2
"484";4
"485";4
"486";4
"487";1
"488";2
"489";1
"490";3
"491";4
"492";2
"493";1
"494";3
"495";3
"496";4
"497";3
"498";3
"499";3
"500";3
"501";3
"502";1
"503";1
"504";3
"505";0
"506";3
"507";3
"508";3
"509";3
"510";3
"511";2
"512";3
"513";0
"514";4
"515";3
"516";3
"517";4
"518";0
"519";4
"520";4
"521";4
"522";4
"523";4
"524";4
"525";4
"526";3
"527";3
"528";4
"529";3
"530";4
"531";4
"532";4
"533";3
"534";4
"535";4
"536";4
"537";4
"538";1
"539";4
"540";3
"541";3
"542";3
"543";3
"544";3
"545";3
"546";1
"547";4
"548";3
"549";1
"550";4
"551";4
"552";3
"553";4
"554";4
"555";3
"556";4
"557";2
"558";4
"559";4
"560";4
"561";3
"562";3
"563";2
"564";4
"565";4
"566";2
"567";2
"568";2
"569";3
"570";3
"571";4
"572";4
"573";3
"574";3
"575";4
"576";2
"577";2
"578";4
"579";2
"580";2
"581";2
"582";2
"583";2
"584";2
"585";3
"586";4
"587";3
"588";1
"589";1
"590";3
"591";1
"592";4
"593";4
"594";1
"595";3
"596";4
"597";1
"598";3
"599";4
"600";4
"601";3
"602";2
"603";3
"604";4
"605";3
"606";3
"607";3
"608";4
"609";4
"610";4
"611";3
"612";3
"613";3
"614";3
"615";4
"616";3
"617";3
"618";3
"619";3
"620";3
"621";3
"622";3
"623";3
"624";3
"625";3
"626";3
"627";3
"628";3
"629";4
"630";3
"631";3
"632";3
"633";4
"634";3
"635";4
"636";3
"637";4
"638";4
"639";4
"640";4
"641";4
"642";4
"643";3
"644";4
"645";3
"646";4
"647";3
"648";4
"649";3
"650";4
"651";4
"652";4
"653";4
"654";3
"655";3
"656";3
"657";3
"658";4
"659";1
"660";4
"661";2
"662";4
"663";3
"664";1
"665";0
"666";4
"667";1
"668";1
"669";1
"670";0
"671";3
"672";1
"673";1
"674";1
"675";1
"676";1
"677";1
"678";0
"679";1
"680";4
"681";3
"682";3
"683";3
"684";3
"685";1
"686";4
"687";4
"688";3
"689";3
"690";4
"691";4
"692";3
"693";3
"694";3
"695";4
"696";3
"697";3
"698";4
"699";3
"700";4
"701";3
"702";3
"703";4
"704";4
"705";4
"706";4
"707";3
"708";3
"709";3
"710";4
"711";3
"712";4
"713";4
"714";4
"715";3
"716";3
"717";4
"718";4
"719";4
"720";4
"721";4
"722";1
"723";1
"724";4
"725";3
"726";3
"727";3
"728";3
"729";4
"730";4
"731";4
"732";4
"733";4
"734";4
"735";4
"736";4
"737";4
"738";2
"739";4
"740";4
"741";4
"742";3
"743";4
"744";4
"745";4
"746";4
"747";3
"748";3
"749";4
"750";4
"751";3
"752";4
"753";1
"754";3
"755";4
"756";4
"757";4
"758";4
"759";4
"760";4
"761";4
"762";4
"763";1
"764";4
"765";4
"766";3
"767";4
"768";4
"769";1
"770";0
"771";1
"772";4
"773";4
"774";4
"775";3
"776";4
"777";4
"778";4
"779";1
"780";1
"781";4
"782";1
"783";4
"784";4
"785";4
"786";4
"787";4
"788";4
"789";4
"790";4
"791";4
"792";3
"793";3
"794";1
"795";1
"796";3
"797";3
"798";3
"799";3
"800";3
"801";3
"802";1
"803";4
"804";3
"805";3
"806";4
"807";4
"808";3
"809";4
"810";4
"811";3
"812";3
"813";4
"814";4
"815";4
"816";1
"817";4
"818";4
"819";4
"820";4
"821";3
"822";1
"823";3
"824";3
"825";4
"826";4
"827";3
"828";3
"829";4
"830";4
"831";4
"832";4
"833";3
"834";1
"835";3
"836";3
"837";0
"838";3
"839";4
"840";0
"841";4
"842";2
"843";2
"844";4
"845";3
"846";3
"847";4
"848";4
"849";4
"850";4
"851";4
"852";4
"853";3
"854";2
"855";4
"856";4
"857";4
"858";3
"859";3
"860";3
"861";3
"862";4
"863";4
"864";4
"865";3
"866";4
"867";4
"868";4
"869";4
"870";3
"871";3
"872";4
"873";3
"874";3
"875";3
"876";1
"877";1
"878";1
"879";4
"880";4
"881";3
"882";1
"883";1
"884";1
"885";3
"886";3
"887";3
"888";4
"889";1
"890";3
"891";1
"892";3
"893";4
"894";3
"895";4
"896";3
"897";0
"898";4
"899";3
"900";4
"901";4
"902";3
"903";3
"904";3
"905";3
"906";4
"907";4
"908";2
"909";2
"910";4
"911";4
"912";4
"913";4
"914";2
"915";4
"916";2
"917";4
"918";4
"919";4
"920";4
"921";2
"922";4
"923";4
"924";4
"925";3
"926";4
"927";4
"928";1
"929";3
"930";3
"931";3
"932";4
"933";4
"934";3
"935";3
"936";4
"937";3
"938";4
"939";3
"940";3
"941";3
"942";3
"943";3
"944";3
"945";4
"946";2
"947";4
"948";3
"949";4
"950";2
"951";4
"952";4
"953";4
"954";4
"955";4
"956";4
"957";4
"958";4
"959";2
"960";4
"961";4
"962";4
"963";4
"964";4
"965";4
"966";2
"967";4
"968";4
"969";4
"970";4
"971";2
"972";4
"973";4
"974";2
"975";1
"976";3
"977";1
"978";3
"979";3
"980";4
"981";4
"982";4
"983";3
"984";3
"985";3
"986";1
"987";3
"988";4
"989";4
"990";4
"991";4
"992";4
"993";3
"994";3
"995";4
"996";4
"997";3
"998";4
"999";4
"1000";4
"1001";4
"1002";2
"1003";4
"1004";3
"1005";3
"1006";3
"1007";3
"1008";1
"1009";1
"1010";3
"1011";1
"1012";4
"1013";3
"1014";3
"1015";3
"1016";3
"1017";1
"1018";4
"1019";3
"1020";3
"1021";3
"1022";3
"1023";3
"1024";3
"1025";4
"1026";4
"1027";4
"1028";4
"1029";4
"1030";4
"1031";3
"1032";3
"1033";4
"1034";4
"1035";3
"1036";4
"1037";3
"1038";4
"1039";4
"1040";3
"1041";4
"1042";4
"1043";4
"1044";4
"1045";4
"1046";4
"1047";3
"1048";3
"1049";4
"1050";3
"1051";4
"1052";3
"1053";4
"1054";3
"1055";2
"1056";3
"1057";3
"1058";4
"1059";4
"1060";3
"1061";4
"1062";4
"1063";3
"1064";4
"1065";3
"1066";4
"1067";1
"1068";3
"1069";3
"1070";3
"1071";3
"1072";3
"1073";3
"1074";3
"1075";3
"1076";1
"1077";3
"1078";3
"1079";3
"1080";3
"1081";4
"1082";4
"1083";3
"1084";4
"1085";4
"1086";3
"1087";3
"1088";4
"1089";3
"1090";1
"1091";3
"1092";3
"1093";3
"1094";3
"1095";3
"1096";3
"1097";3
"1098";3
"1099";3
"1100";4
"1101";3
"1102";3
"1103";3
"1104";1
"1105";3
"1106";1
"1107";1
"1108";4
"1109";1
"1110";1
"1111";3
"1112";3
"1113";3
"1114";3
"1115";3
"1116";3
"1117";3
"1118";3
"1119";3
"1120";1
"1121";3
"1122";3
"1123";0
"1124";0
"1125";0
"1126";0
"1127";4
"1128";0
"1129";0
"1130";0
"1131";0
"1132";4
"1133";4
"1134";3
"1135";0
"1136";0
"1137";0
"1138";4
"1139";3
"1140";3
"1141";0
"1142";4
"1143";0
"1144";0
"1145";0
"1146";4
"1147";4
"1148";0
"1149";0
"1150";0
"1151";0
"1152";4
"1153";4
"1154";4
"1155";4
"1156";4
"1157";3
"1158";4
"1159";4
"1160";4
"1161";0
"1162";0
"1163";4
"1164";0
"1165";0
"1166";0
"1167";3
"1168";4
"1169";4
"1170";3
"1171";1
"1172";4
"1173";4
"1174";0
"1175";0
"1176";0
"1177";0
"1178";0
"1179";0
"1180";4
"1181";3
"1182";4
"1183";0
"1184";3
"1185";4
"1186";3
"1187";4
"1188";3
"1189";4
"1190";3
"1191";3
"1192";1
"1193";4
"1194";1
"1195";3
"1196";4
"1197";4
"1198";3
"1199";3
"1200";1
"1201";1
"1202";1
"1203";3
"1204";3
"1205";4
"1206";3
"1207";1
"1208";1
"1209";3
"1210";4
"1211";4
"1212";3
"1213";3
"1214";4
"1215";4
"1216";2
"1217";3
"1218";3
"1219";1
"1220";3
"1221";3
"1222";3
"1223";4
"1224";2
"1225";3
"1226";3
"1227";3
"1228";4
"1229";4
"1230";3
"1231";4
"1232";4
"1233";3
"1234";3
"1235";4
"1236";3
"1237";4
"1238";3
"1239";3
"1240";3
"1241";3
"1242";3
"1243";3
"1244";3
"1245";3
"1246";3
"1247";4
"1248";3
"1249";4
"1250";3
"1251";3
"1252";4
"1253";4
"1254";4
"1255";3
"1256";3
"1257";4
"1258";3
"1259";3
"1260";4
"1261";4
"1262";3
"1263";3
"1264";4
"1265";4
"1266";3
"1267";4
"1268";2
"1269";2
"1270";4
"1271";3
"1272";3
"1273";3
"1274";3
"1275";3
"1276";3
"1277";3
"1278";2
"1279";3
"1280";3
"1281";3
"1282";3
"1283";3
"1284";3
"1285";3
"1286";3
"1287";3
"1288";3
"1289";3
"1290";3
"1291";3
"1292";3
"1293";3
"1294";3
"1295";4
"1296";3
"1297";3
"1298";4
"1299";2
"1300";2
"1301";2
"1302";2
"1303";3
"1304";3
"1305";4
"1306";4
"1307";2
"1308";3
"1309";3
"1310";4
"1311";1
"1312";1
"1313";1
"1314";1
"1315";3
"1316";1
"1317";3
"1318";3
"1319";3
"1320";3
"1321";3
"1322";3
"1323";0
"1324";3
"1325";4
"1326";3
"1327";4
"1328";3
"1329";3
"1330";3
"1331";4
"1332";3
"1333";3
"1334";3
"1335";3
"1336";3
"1337";3
"1338";3
"1339";3
"1340";3
"1341";3
"1342";3
"1343";1
"1344";4
"1345";3
"1346";4
"1347";4
"1348";4
"1349";4
"1350";3
"1351";3
"1352";3
"1353";3
"1354";3
"1355";4
"1356";4
"1357";3
"1358";4
"1359";3
"1360";4
"1361";4
"1362";4
"1363";3
"1364";4
"1365";4
"1366";3
"1367";4
"1368";1
"1369";3
"1370";3
"1371";3
"1372";3
"1373";4
"1374";3
"1375";3
"1376";3
"1377";3
"1378";3
"1379";4
"1380";2
"1381";3
"1382";3
"1383";3
"1384";3
"1385";4
"1386";4
"1387";1
"1388";4
"1389";0
"1390";1
"1391";1
"1392";1
"1393";1
"1394";1
"1395";1
"1396";1
"1397";1
"1398";4
"1399";1
"1400";1
"1401";0
"1402";1
"1403";4
"1404";4
"1405";1
"1406";1
"1407";1
"1408";1
"1409";1
"1410";1
"1411";4
"1412";1
"1413";1
"1414";1
"1415";1
"1416";1
"1417";1
"1418";4
"1419";1
"1420";1
"1421";4
"1422";4
"1423";4
"1424";3
"1425";4
"1426";4
"1427";4
"1428";4
"1429";4
"1430";4
"1431";4
"1432";4
"1433";4
"1434";4
"1435";4
"1436";4
"1437";3
"1438";4
"1439";4
"1440";4
"1441";3
"1442";3
"1443";3
"1444";3
"1445";3
"1446";4
"1447";4
"1448";4
"1449";3
"1450";4
"1451";3
"1452";3
"1453";4
"1454";4
"1455";3
"1456";3
"1457";4
"1458";1
"1459";3
"1460";4
"1461";4
"1462";4
"1463";4
"1464";4
"1465";4
"1466";3
"1467";3
"1468";4
"1469";4
"1470";4
"1471";4
"1472";4
"1473";2
"1474";2
"1475";2
"1476";4
"1477";4
"1478";1
"1479";3
"1480";4
"1481";3
"1482";4
"1483";3
"1484";1
"1485";3
"1486";1
"1487";3
"1488";1
"1489";4
"1490";1
"1491";3
"1492";4
"1493";3
"1494";4
"1495";4
"1496";4
"1497";1
"1498";4
"1499";4
"1500";3
"1501";3
"1502";4
"1503";1
"1504";1
"1505";4
"1506";1
"1507";3
"1508";3
"1509";3
"1510";1
"1511";4
"1512";4
"1513";3
"1514";3
"1515";4
"1516";4
"1517";3
"1518";4
"1519";4
"1520";4
"1521";1
"1522";4
"1523";4
"1524";3
"1525";3
"1526";4
"1527";4
"1528";4
"1529";4
"1530";4
"1531";4
"1532";3
"1533";3
"1534";4
"1535";4
"1536";4
"1537";4
"1538";4
"1539";4
"1540";4
"1541";1
"1542";4
"1543";4
"1544";3
"1545";3
"1546";3
"1547";3
"1548";3
"1549";3
"1550";4
"1551";4
"1552";3
"1553";3
"1554";4
"1555";3
"1556";4
"1557";4
"1558";4
"1559";3
"1560";3
"1561";3
"1562";4
"1563";4
"1564";4
"1565";3
"1566";4
"1567";4
"1568";4
"1569";1
"1570";4
"1571";4
"1572";4
"1573";3
"1574";4
"1575";4
"1576";4
"1577";4
"1578";3
"1579";4
"1580";4
"1581";4
"1582";4
"1583";4
"1584";1
"1585";4
"1586";3
"1587";3
"1588";4
"1589";4
"1590";3
"1591";3
"1592";4
"1593";4
"1594";4
"1595";1
"1596";1
"1597";4
"1598";3
"1599";3
"1600";3
"1601";4
"1602";4
"1603";1
"1604";3
"1605";3
"1606";4
"1607";4
"1608";4
"1609";4
"1610";3
"1611";3
"1612";1
"1613";3
"1614";3
"1615";3
"1616";4
"1617";2
"1618";3
"1619";4
"1620";4
"1621";3
"1622";4
"1623";4
"1624";3
"1625";3
"1626";1
"1627";3
"1628";3
"1629";4
"1630";3
"1631";1
"1632";1
"1633";3
"1634";3
"1635";1
"1636";1
"1637";1
"1638";3
"1639";1
"1640";3
"1641";3
"1642";3
"1643";3
"1644";3
"1645";3
"1646";3
"1647";1
"1648";3
"1649";1
"1650";4
"1651";4
"1652";4
"1653";4
"1654";4
"1655";4
"1656";3
"1657";3
"1658";3
"1659";0
"1660";4
"1661";3
"1662";4
"1663";1
"1664";1
"1665";4
"1666";4
"1667";3
"1668";3
"1669";4
"1670";3
"1671";3
"1672";4
"1673";3
"1674";3
"1675";1
"1676";4
"1677";0
"1678";4
"1679";4
"1680";0
"1681";0
"1682";4
"1683";0
"1684";0
"1685";0
"1686";4
"1687";0
"1688";0
"1689";4
"1690";4
"1691";4
"1692";3
"1693";3
"1694";1
"1695";3
"1696";3
"1697";4
"1698";0
"1699";0
"1700";1
"1701";3
"1702";0
"1703";0
"1704";4
"1705";4
"1706";4
"1707";4
"1708";4
"1709";4
"1710";0
"1711";3
"1712";4
"1713";4
"1714";4
"1715";4
"1716";4
"1717";4
"1718";4
"1719";4
"1720";4
"1721";4
"1722";4
"1723";3
"1724";3
"1725";1
"1726";3
"1727";3
"1728";3
"1729";3
"1730";1
"1731";3
"1732";4
"1733";3
"1734";3
"1735";3
"1736";3
"1737";3
"1738";3
"1739";3
"1740";1
"1741";3
"1742";3
"1743";1
"1744";4
"1745";3
"1746";3
"1747";3
"1748";3
"1749";3
"1750";3
"1751";4
"1752";4
"1753";4
"1754";3
"1755";3
"1756";4
"1757";3
"1758";4
"1759";4
"1760";4
"1761";4
"1762";4
"1763";3
"1764";4
"1765";3
"1766";3
"1767";3
"1768";3
"1769";1
"1770";4
"1771";4
"1772";4
"1773";4
"1774";4
"1775";4
"1776";1
"1777";1
"1778";1
"1779";1
"1780";1
"1781";4
"1782";4
"1783";1
"1784";4
"1785";4
"1786";4
"1787";4
"1788";3
"1789";4
"1790";1
"1791";4
"1792";4
"1793";4
"1794";4
"1795";4
"1796";4
"1797";1
"1798";1
"1799";4
"1800";1
"1801";3
"1802";4
"1803";4
"1804";3
"1805";3
"1806";3
"1807";3
"1808";3
"1809";3
"1810";4
"1811";4
"1812";4
"1813";3
"1814";2
"1815";4
"1816";2
"1817";2
"1818";4
"1819";3
"1820";4
"1821";2
"1822";4
"1823";2
"1824";4
"1825";3
"1826";2
"1827";3
"1828";4
"1829";3
"1830";3
"1831";3
"1832";3
"1833";3
"1834";3
"1835";1
"1836";1
"1837";1
"1838";1
"1839";3
"1840";3
"1841";3
"1842";3
"1843";4
"1844";3
"1845";3
"1846";4
"1847";1
"1848";3
"1849";3
"1850";3
"1851";1
"1852";3
"1853";1
"1854";4
"1855";4
"1856";3
"1857";3
"1858";3
"1859";3
"1860";4
"1861";4
"1862";1
"1863";3
"1864";4
"1865";4
"1866";1
"1867";0
"1868";0
"1869";0
"1870";0
"1871";0
"1872";0
"1873";0
"1874";0
"1875";0
"1876";0
"1877";0
"1878";0
"1879";0
"1880";0
"1881";0
"1882";0
"1883";0
"1884";0
"1885";0
"1886";0
"1887";0
"1888";0
"1889";0
"1890";0
"1891";0
"1892";0
"1893";4
"1894";1
"1895";4
"1896";4
"1897";4
"1898";4
"1899";3
"1900";3
"1901";3
"1902";3
"1903";4
"1904";4
"1905";1
"1906";1
"1907";1
"1908";1
"1909";1
"1910";1
"1911";1
"1912";3
"1913";4
"1914";1
"1915";1
"1916";1
"1917";4
"1918";1
"1919";1
"1920";1
"1921";1
"1922";1
"1923";1
"1924";1
"1925";4
"1926";1
"1927";1
"1928";1
"1929";1
"1930";1
"1931";1
"1932";1
"1933";1
"1934";1
"1935";1
"1936";1
"1937";1
"1938";1
"1939";1
"1940";1
"1941";1
"1942";1
"1943";1
"1944";1
"1945";1
"1946";1
"1947";1
"1948";1
"1949";1
"1950";1
"1951";1
"1952";1
"1953";1
"1954";1
"1955";1
"1956";1
"1957";1
"1958";1
"1959";1
"1960";1
"1961";1
"1962";1
"1963";1
"1964";1
"1965";1
"1966";1
"1967";1
"1968";1
"1969";1
"1970";1
"1971";1
"1972";1
"1973";1
"1974";1
"1975";1
"1976";1
"1977";1
"1978";1
"1979";1
"1980";1
"1981";1
"1982";1
"1983";1
"1984";1
"1985";1
"1986";1
"1987";1
"1988";1
"1989";1
"1990";1
"1991";1
"1992";1
"1993";1
"1994";1
"1995";1
"1996";1
"1997";1
"1998";1
"1999";1
"2000";1
"2001";1
"2002";1
"2003";1
"2004";0
"2005";1
"2006";1
"2007";1
"2008";1
"2009";1
"2010";1
"2011";1
"2012";1
"2013";1
"2014";1
"2015";1
"2016";1
"2017";1
"2018";1
"2019";1
"2020";1
"2021";1
"2022";4
"2023";1
"2024";1
"2025";1
"2026";1
"2027";1
"2028";1
"2029";1
"2030";1
"2031";1
"2032";1
"2033";1
"2034";1
"2035";1
"2036";1
"2037";1
"2038";1
"2039";1
"2040";1
"2041";1
"2042";1
"2043";1
"2044";1
"2045";1
"2046";1
"2047";1
"2048";1
"2049";4
"2050";1
"2051";1
"2052";1
"2053";1
"2054";1
"2055";1
"2056";1
"2057";1
"2058";1
"2059";1
"2060";1
"2061";1
"2062";3
"2063";3
"2064";1
"2065";1
"2066";1
"2067";1
"2068";1
"2069";1
"2070";1
"2071";1
"2072";1
"2073";1
"2074";1
"2075";1
"2076";1
"2077";1
"2078";1
"2079";4
"2080";2
"2081";4
"2082";1
"2083";1
"2084";0
"2085";1
"2086";4
"2087";4
"2088";1
"2089";1
"2090";1
"2091";1
"2092";1
"2093";1
"2094";1
"2095";1
"2096";1
"2097";1
"2098";1
"2099";1
"2100";1
"2101";1
"2102";1
"2103";1
"2104";4
"2105";4
"2106";4
"2107";1
"2108";1
"2109";1
"2110";1
"2111";1
"2112";1
"2113";1
"2114";1
"2115";1
"2116";1
"2117";4
"2118";1
"2119";1
"2120";1
"2121";1
"2122";1
"2123";1
"2124";1
"2125";1
"2126";1
"2127";1
"2128";1
"2129";1
"2130";1
"2131";1
"2132";1
"2133";1
"2134";1
"2135";4
"2136";1
"2137";1
"2138";4
"2139";4
"2140";4
"2141";1
"2142";1
"2143";4
"2144";1
"2145";1
"2146";4
"2147";1
"2148";1
"2149";1
"2150";1
"2151";4
"2152";1
"2153";1
"2154";0
"2155";1
"2156";1
"2157";1
"2158";1
"2159";1
"2160";1
"2161";1
"2162";1
"2163";1
"2164";1
"2165";1
"2166";1
"2167";1
"2168";1
"2169";1
"2170";1
"2171";1
"2172";1
"2173";4
"2174";1
"2175";1
"2176";1
"2177";1
"2178";1
"2179";1
"2180";1
"2181";1
"2182";1
"2183";1
"2184";1
"2185";1
"2186";3
"2187";4
"2188";1
"2189";1
"2190";4
"2191";1
"2192";1
"2193";1
"2194";1
"2195";1
"2196";1
"2197";1
"2198";4
"2199";4
"2200";4
"2201";1
"2202";4
"2203";1
"2204";1
"2205";1
"2206";1
"2207";1
"2208";1
"2209";1
"2210";1
"2211";1
"2212";1
"2213";1
"2214";1
"2215";1
"2216";1
"2217";1
"2218";1
"2219";1
"2220";1
"2221";1
"2222";1
"2223";1
"2224";1
"2225";1
"2226";1
"2227";1
"2228";1
"2229";1
"2230";1
"2231";1
"2232";1
"2233";1
"2234";1
"2235";1
"2236";1
"2237";1
"2238";1
"2239";1
"2240";1
"2241";4
"2242";1
"2243";1
"2244";1
"2245";1
"2246";1
"2247";1
"2248";1
"2249";1
"2250";1
"2251";1
"2252";4
"2253";1
"2254";1
"2255";1
"2256";1
"2257";1
"2258";1
"2259";1
"2260";1
"2261";1
"2262";1
"2263";1
"2264";1
"2265";1
"2266";1
"2267";1
"2268";4
"2269";4
"2270";1
"2271";1
"2272";1
"2273";1
"2274";1
"2275";1
"2276";1
"2277";1
"2278";1
"2279";1
"2280";1
"2281";1
"2282";1
"2283";1
"2284";2
"2285";4
"2286";1
"2287";1
"2288";1
"2289";1
"2290";4
"2291";1
"2292";1
"2293";1
"2294";1
"2295";1
"2296";1
"2297";1
"2298";1
"2299";1
"2300";1
"2301";3
"2302";1
"2303";1
"2304";1
"2305";1
"2306";0
"2307";1
"2308";1
"2309";1
"2310";1
"2311";1
"2312";1
"2313";1
"2314";1
"2315";1
"2316";1
"2317";1
"2318";1
"2319";1
"2320";1
"2321";4
"2322";4
"2323";1
"2324";1
"2325";4
"2326";1
"2327";1
"2328";1
"2329";1
"2330";1
"2331";1
"2332";1
"2333";1
"2334";1
"2335";1
"2336";1
"2337";1
"2338";1
"2339";1
"2340";4
"2341";1
"2342";1
"2343";1
"2344";1
"2345";1
"2346";1
"2347";1
"2348";1
"2349";1
"2350";1
"2351";1
"2352";1
"2353";1
"2354";1
"2355";1
"2356";1
"2357";1
"2358";1
"2359";1
"2360";1
"2361";1
"2362";1
"2363";1
"2364";1
"2365";1
"2366";4
"2367";1
"2368";1
"2369";1
"2370";1
"2371";1
"2372";1
"2373";1
"2374";1
"2375";1
"2376";1
"2377";1
"2378";1
"2379";1
"2380";1
"2381";1
"2382";1
"2383";1
"2384";4
"2385";1
"2386";1
"2387";1
"2388";2
"2389";1
"2390";1
"2391";1
"2392";4
"2393";4
"2394";1
"2395";1
"2396";1
"2397";1
"2398";1
"2399";1
"2400";4
"2401";1
"2402";1
"2403";1
"2404";1
"2405";1
"2406";1
"2407";1
"2408";1
"2409";1
"2410";1
"2411";1
"2412";1
"2413";1
"2414";1
"2415";1
"2416";1
"2417";1
"2418";1
"2419";1
"2420";1
"2421";1
"2422";4
"2423";4
"2424";1
"2425";1
"2426";1
"2427";1
"2428";2
"2429";1
"2430";1
"2431";1
"2432";1
"2433";1
"2434";1
"2435";1
"2436";1
"2437";1
"2438";1
"2439";1
"2440";1
"2441";1
"2442";1
"2443";1
"2444";1
"2445";1
"2446";1
"2447";1
"2448";1
"2449";1
"2450";1
"2451";1
"2452";4
"2453";1
"2454";1
"2455";1
"2456";1
"2457";1
"2458";1
"2459";1
"2460";1
"2461";4
"2462";4
"2463";1
"2464";1
"2465";1
"2466";1
"2467";1
"2468";1
"2469";1
"2470";1
"2471";1
"2472";1
"2473";1
"2474";4
"2475";1
"2476";1
"2477";1
"2478";1
"2479";3
"2480";3
"2481";3
"2482";3
"2483";3
"2484";4
"2485";4
"2486";4
"2487";4
"2488";4
"2489";3
"2490";3
"2491";3
"2492";3
"2493";3
"2494";3
"2495";3
"2496";2
"2497";4
"2498";4
"2499";1
"2500";1
"2501";3
"2502";4
"2503";4
"2504";4
"2505";4
"2506";4
"2507";1
"2508";4
"2509";4
"2510";4
"2511";4
"2512";4
"2513";4
"2514";4
"2515";1
"2516";4
"2517";4
"2518";4
"2519";2
"2520";4
"2521";3
"2522";3
"2523";3
"2524";3
"2525";3
"2526";3
"2527";3
"2528";3
"2529";3
"2530";3
"2531";4
"2532";3
"2533";4
"2534";3
"2535";1
"2536";1
"2537";1
"2538";1
"2539";1
"2540";1
"2541";1
"2542";1
"2543";1
"2544";1
"2545";1
"2546";1
"2547";1
"2548";1
"2549";1
"2550";1
"2551";1
"2552";1
"2553";1
"2554";1
"2555";1
"2556";1
"2557";1
"2558";1
"2559";1
"2560";1
"2561";1
"2562";1
"2563";1
"2564";1
"2565";1
"2566";1
"2567";1
"2568";1
"2569";1
"2570";1
"2571";1
"2572";1
"2573";1
"2574";1
"2575";1
"2576";1
"2577";1
"2578";1
"2579";1
"2580";1
"2581";1
"2582";1
"2583";1
"2584";1
"2585";1
"2586";1
"2587";1
"2588";1
"2589";1
"2590";1
"2591";4
"2592";4
"2593";1
"2594";1
"2595";1
"2596";4
"2597";4
"2598";4
"2599";4
"2600";1
"2601";1
"2602";1
"2603";1
"2604";1
"2605";1
"2606";4
"2607";1
"2608";2
"2609";1
"2610";1
"2611";1
"2612";4
"2613";1
"2614";1
"2615";1
"2616";1
"2617";1
"2618";1
"2619";1
"2620";1
"2621";1
"2622";1
"2623";1
"2624";1
"2625";1
"2626";1
"2627";1
"2628";2
"2629";4
"2630";1
"2631";1
"2632";1
"2633";1
"2634";1
"2635";1
"2636";1
"2637";1
"2638";1
"2639";1
"2640";1
"2641";1
"2642";1
"2643";1
"2644";1
"2645";1
"2646";1
"2647";1
"2648";1
"2649";1
"2650";1
"2651";4
"2652";1
"2653";1
"2654";1
"2655";1
"2656";1
"2657";1
"2658";1
"2659";1
"2660";1
"2661";1
"2662";1
"2663";1
"2664";4
"2665";1
"2666";1
"2667";1
"2668";1
"2669";1
"2670";1
"2671";1
"2672";1
"2673";1
"2674";1
"2675";1
"2676";1
"2677";1
"2678";1
"2679";1
"2680";1
"2681";1
"2682";1
"2683";1
"2684";1
"2685";1
"2686";1
"2687";1
"2688";1
"2689";1
"2690";1
"2691";1
"2692";1
"2693";1
"2694";1
"2695";1
"2696";1
"2697";1
"2698";1
"2699";1
"2700";1
"2701";1
"2702";4
"2703";1
"2704";1
"2705";1
"2706";1
"2707";1
"2708";1
"2709";1
"2710";1
"2711";1
"2712";1
"2713";1
"2714";1
"2715";1
"2716";1
"2717";1
"2718";1
"2719";1
"2720";1
"2721";1
"2722";1
"2723";1
"2724";1
"2725";1
"2726";1
"2727";1
"2728";1
"2729";1
"2730";1
"2731";1
"2732";1
"2733";1
"2734";1
"2735";1
"2736";1
"2737";1
"2738";1
"2739";1
"2740";1
"2741";1
"2742";1
"2743";4
"2744";1
"2745";1
"2746";1
"2747";1
"2748";1
"2749";1
"2750";1
"2751";1
"2752";1
"2753";1
"2754";1
"2755";1
"2756";1
"2757";4
"2758";1
"2759";1
"2760";1
"2761";4
"2762";1
"2763";1
"2764";1
"2765";1
"2766";1
"2767";1
"2768";1
"2769";1
"2770";1
"2771";1
"2772";1
"2773";1
"2774";2
"2775";1
"2776";2
"2777";1
"2778";1
"2779";1
"2780";1
"2781";1
"2782";1
"2783";1
"2784";1
"2785";1
"2786";1
"2787";1
"2788";1
"2789";1
"2790";1
"2791";1
"2792";1
"2793";1
"2794";1
"2795";1
"2796";1
"2797";1
"2798";1
"2799";1
"2800";1
"2801";1
"2802";1
"2803";1
"2804";1
"2805";1
"2806";1
"2807";1
"2808";1
"2809";1
"2810";1
"2811";1
"2812";1
"2813";1
"2814";1
"2815";1
"2816";1
"2817";1
"2818";1
"2819";1
"2820";1
"2821";1
"2822";1
"2823";1
"2824";1
"2825";1
"2826";1
"2827";1
"2828";1
"2829";1
"2830";1
"2831";1
"2832";1
"2833";1
"2834";1
"2835";1
"2836";1
"2837";1
"2838";1
"2839";1
"2840";1
"2841";1
"2842";1
"2843";1
"2844";1
"2845";1
"2846";1
"2847";1
"2848";1
"2849";1
"2850";1
"2851";1
"2852";1
"2853";1
"2854";1
"2855";1
"2856";1
"2857";1
"2858";4
"2859";1
"2860";4
"2861";1
"2862";1
"2863";4
"2864";1
"2865";1
"2866";1
"2867";1
"2868";1
"2869";1
"2870";4
"2871";1
"2872";4
"2873";1
"2874";1
"2875";2
"2876";1
"2877";4
"2878";1
"2879";1
"2880";1
"2881";4
"2882";1
"2883";1
"2884";1
"2885";1
"2886";4
"2887";1
"2888";1
"2889";4
"2890";1
"2891";4
"2892";1
"2893";4
"2894";1
"2895";1
"2896";2
"2897";1
"2898";1
"2899";1
"2900";1
"2901";4
"2902";4
"2903";1
"2904";2
"2905";1
"2906";1
"2907";1
"2908";4
"2909";1
"2910";4
"2911";4
"2912";4
"2913";1
"2914";1
"2915";1
"2916";1
"2917";1
"2918";1
"2919";1
"2920";1
"2921";4
"2922";1
"2923";1
"2924";4
"2925";1
"2926";1
"2927";1
"2928";1
"2929";1
"2930";1
"2931";1
"2932";1
"2933";4
"2934";4
"2935";1
"2936";1
"2937";1
"2938";1
"2939";4
"2940";1
"2941";1
"2942";1
"2943";4
"2944";1
"2945";1
"2946";1
"2947";1
"2948";1
"2949";1
"2950";1
"2951";1
"2952";1
"2953";1
"2954";1
"2955";1
"2956";4
"2957";1
"2958";1
"2959";1
"2960";1
"2961";1
"2962";1
"2963";1
"2964";1
"2965";1
"2966";1
"2967";1
"2968";1
"2969";4
"2970";1
"2971";1
"2972";4
"2973";1
"2974";4
"2975";4
"2976";4
"2977";1
"2978";1
"2979";1
"2980";1
"2981";1
"2982";1
"2983";1
"2984";1
"2985";1
"2986";1
"2987";1
"2988";1
"2989";1
"2990";1
"2991";1
"2992";1
"2993";1
"2994";1
"2995";1
"2996";1
"2997";1
"2998";1
"2999";4
"3000";1
"3001";1
"3002";1
"3003";1
"3004";1
"3005";1
"3006";1
"3007";1
"3008";1
"3009";4
"3010";3
"3011";3
"3012";3
"3013";3
"3014";3
"3015";3
"3016";4
"3017";3
"3018";3
"3019";3
"3020";1
"3021";1
"3022";3
"3023";3
"3024";1
"3025";3
"3026";4
"3027";3
"3028";3
"3029";3
"3030";3
"3031";3
"3032";3
"3033";3
"3034";3
"3035";3
"3036";3
"3037";3
"3038";1
"3039";3
"3040";3
"3041";3
"3042";3
"3043";3
"3044";3
"3045";3
"3046";3
"3047";3
"3048";3
"3049";3
"3050";4
"3051";4
"3052";3
"3053";3
"3054";3
"3055";3
"3056";3
"3057";4
"3058";4
"3059";4
"3060";4
"3061";0
"3062";0
"3063";4
"3064";0
"3065";3
"3066";3
"3067";3
"3068";3
"3069";3
"3070";3
"3071";3
"3072";3
"3073";4
"3074";3
"3075";3
"3076";3
"3077";3
"3078";3
"3079";3
"3080";3
"3081";3
"3082";3
"3083";3
"3084";3
"3085";3
"3086";3
"3087";3
"3088";3
"3089";4
"3090";0
"3091";3
"3092";3
"3093";3
"3094";3
"3095";3
"3096";3
"3097";3
"3098";3
"3099";3
"3100";3
"3101";3
"3102";3
"3103";4
"3104";4
"3105";3
"3106";3
"3107";0
"3108";0
"3109";4
"3110";4
"3111";0
"3112";4
"3113";0
"3114";0
"3115";1
"3116";0
"3117";0
"3118";3
"3119";0
"3120";4
"3121";0
"3122";4
"3123";0
"3124";4
"3125";4
"3126";4
"3127";4
"3128";4
"3129";3
"3130";3
"3131";3
"3132";3
"3133";3
"3134";3
"3135";1
"3136";1
"3137";1
"3138";1
"3139";1
"3140";3
"3141";3
"3142";3
"3143";3
"3144";4
"3145";3
"3146";3
"3147";1
"3148";1
"3149";3
"3150";3
"3151";4
"3152";1
"3153";4
"3154";1
"3155";3
"3156";3
"3157";4
"3158";4
"3159";4
"3160";0
"3161";4
"3162";1
"3163";4
"3164";4
"3165";4
"3166";1
"3167";4
"3168";3
"3169";4
"3170";0
"3171";4
"3172";4
"3173";4
"3174";3
"3175";4
"3176";3
"3177";4
"3178";3
"3179";4
"3180";3
"3181";4
"3182";4
"3183";4
"3184";4
"3185";4
"3186";4
"3187";2
"3188";4
"3189";4
"3190";0
"3191";4
"3192";4
"3193";4
"3194";4
"3195";4
"3196";4
"3197";4
"3198";3
"3199";4
"3200";4
"3201";4
"3202";4
"3203";4
"3204";4
"3205";4
"3206";3
"3207";4
"3208";3
"3209";3
"3210";3
"3211";4
"3212";4
"3213";1
"3214";3
"3215";3
"3216";4
"3217";3
"3218";3
"3219";3
"3220";1
"3221";3
"3222";3
"3223";3
"3224";1
"3225";3
"3226";3
"3227";3
"3228";3
"3229";3
"3230";3
"3231";3
"3232";3
"3233";3
"3234";3
"3235";3
"3236";3
"3237";3
"3238";3
"3239";3
"3240";3
"3241";3
"3242";3
"3243";1
"3244";3
"3245";3
"3246";2
"3247";2
"3248";2
"3249";3
"3250";3
"3251";4
"3252";4
"3253";4
"3254";4
"3255";4
"3256";4
"3257";4
"3258";4
"3259";3
"3260";3
"3261";4
"3262";2
"3263";3
"3264";4
"3265";3
"3266";4
"3267";4
"3268";3
"3269";3
"3270";3
"3271";3
"3272";3
"3273";3
"3274";4
"3275";3
"3276";4
"3277";3
"3278";3
"3279";3
"3280";3
"3281";3
"3282";4
"3283";4
"3284";4
"3285";4
"3286";3
"3287";3
"3288";4
"3289";3
"3290";4
"3291";4
"3292";0
"3293";0
"3294";4
"3295";4
"3296";4
"3297";4
"3298";4
"3299";4
"3300";3
"3301";3
"3302";4
"3303";4
"3304";0
"3305";4
"3306";3
"3307";0
"3308";4
"3309";4
"3310";3
"3311";4
"3312";4
"3313";4
"3314";4
"3315";4
"3316";4
"3317";3
"3318";0
"3319";4
"3320";0
"3321";0
"3322";1
"3323";0
"3324";1
"3325";0
"3326";1
"3327";0
"3328";0
"3329";4
"3330";0
"3331";4
"3332";0
"3333";0
"3334";0
"3335";0
"3336";0
"3337";4
"3338";0
"3339";0
"3340";0
"3341";0
"3342";4
"3343";0
"3344";0
"3345";0
"3346";4
"3347";4
"3348";4
"3349";4
"3350";4
"3351";0
"3352";0
"3353";3
"3354";0
"3355";0
"3356";0
"3357";0
"3358";2
"3359";2
"3360";2
"3361";2
"3362";2
"3363";2
"3364";2
"3365";4
"3366";2
"3367";2
"3368";2
"3369";2
"3370";2
"3371";4
"3372";4
"3373";4
"3374";2
"3375";2
"3376";2
"3377";4
"3378";4
"3379";4
"3380";2
"3381";2
"3382";2
"3383";4
"3384";2
"3385";2
"3386";2
"3387";2
"3388";2
"3389";2
"3390";2
"3391";2
"3392";4
"3393";2
"3394";2
"3395";2
"3396";2
"3397";2
"3398";2
"3399";2
"3400";2
"3401";2
"3402";2
"3403";2
"3404";2
"3405";2
"3406";2
"3407";2
"3408";2
"3409";2
"3410";2
"3411";2
"3412";2
"3413";2
"3414";2
"3415";2
"3416";2
"3417";2
"3418";2
"3419";2
"3420";2
"3421";2
"3422";2
"3423";2
"3424";2
"3425";2
"3426";4
"3427";2
"3428";2
"3429";2
"3430";2
"3431";2
"3432";2
"3433";4
"3434";2
"3435";2
"3436";2
"3437";2
"3438";2
"3439";2
"3440";2
"3441";2
"3442";2
"3443";2
"3444";2
"3445";2
"3446";2
"3447";2
"3448";2
"3449";2
"3450";4
"3451";4
"3452";2
"3453";2
"3454";4
"3455";2
"3456";2
"3457";2
"3458";2
"3459";2
"3460";2
"3461";2
"3462";2
"3463";2
"3464";2
"3465";2
"3466";2
"3467";2
"3468";2
"3469";2
"3470";2
"3471";2
"3472";2
"3473";2
"3474";2
"3475";2
"3476";2
"3477";2
"3478";2
"3479";2
"3480";2
"3481";2
"3482";1
"3483";2
"3484";2
"3485";2
"3486";2
"3487";2
"3488";2
"3489";2
"3490";2
"3491";2
"3492";2
"3493";2
"3494";2
"3495";3
"3496";2
"3497";2
"3498";2
"3499";2
"3500";2
"3501";2
"3502";2
"3503";2
"3504";2
"3505";2
"3506";2
"3507";2
"3508";2
"3509";2
"3510";2
"3511";2
"3512";2
"3513";2
"3514";2
"3515";2
"3516";2
"3517";2
"3518";2
"3519";2
"3520";2
"3521";2
"3522";2
"3523";2
"3524";2
"3525";2
"3526";2
"3527";2
"3528";2
"3529";2
"3530";2
"3531";2
"3532";2
"3533";2
"3534";2
"3535";2
"3536";4
"3537";4
"3538";2
"3539";2
"3540";2
"3541";2
"3542";2
"3543";2
"3544";2
"3545";2
"3546";4
"3547";1
"3548";4
"3549";4
"3550";4
"3551";1
"3552";4
"3553";3
"3554";3
"3555";3
"3556";3
"3557";3
"3558";1
"3559";3
"3560";3
"3561";3
"3562";3
"3563";3
"3564";4
"3565";4
"3566";1
"3567";1
"3568";1
"3569";4
"3570";1
"3571";1
"3572";1
"3573";1
"3574";4
"3575";1
"3576";1
"3577";1
"3578";1
"3579";1
"3580";1
"3581";1
"3582";1
"3583";1
"3584";1
"3585";1
"3586";2
"3587";4
"3588";1
"3589";1
"3590";4
"3591";1
"3592";4
"3593";0
"3594";4
"3595";4
"3596";4
"3597";0
"3598";2
"3599";2
"3600";2
"3601";2
"3602";2
"3603";2
"3604";2
"3605";4
"3606";4
"3607";4
"3608";2
"3609";2
"3610";2
"3611";4
"3612";2
"3613";2
"3614";2
"3615";2
"3616";2
"3617";2
"3618";2
"3619";2
"3620";2
"3621";2
"3622";4
"3623";2
"3624";2
"3625";2
"3626";2
"3627";2
"3628";2
"3629";2
"3630";2
"3631";2
"3632";2
"3633";4
"3634";2
"3635";4
"3636";2
"3637";2
"3638";2
"3639";2
"3640";4
"3641";2
"3642";4
"3643";4
"3644";4
"3645";4
"3646";3
"3647";4
"3648";2
"3649";4
"3650";2
"3651";2
"3652";2
"3653";2
"3654";4
"3655";2
"3656";2
"3657";2
"3658";2
"3659";2
"3660";2
"3661";2
"3662";4
"3663";4
"3664";2
"3665";4
"3666";4
"3667";4
"3668";4
"3669";4
"3670";2
"3671";2
"3672";3
"3673";4
"3674";4
"3675";4
"3676";4
"3677";4
"3678";4
"3679";2
"3680";2
"3681";2
"3682";4
"3683";4
"3684";4
"3685";2
"3686";4
"3687";2
"3688";2
"3689";2
"3690";2
"3691";2
"3692";2
"3693";2
"3694";2
"3695";2
"3696";2
"3697";2
"3698";2
"3699";2
"3700";2
"3701";2
"3702";2
"3703";2
"3704";2
"3705";2
"3706";2
"3707";2
"3708";2
"3709";4
"3710";1
"3711";4
"3712";4
"3713";4
"3714";1
"3715";4
"3716";4
"3717";4
"3718";4
"3719";4
"3720";4
"3721";4
"3722";4
"3723";4
"3724";4
"3725";4
"3726";4
"3727";4
"3728";4
"3729";4
"3730";4
"3731";3
"3732";4
"3733";2
"3734";4
"3735";4
"3736";4
"3737";4
"3738";4
"3739";3
"3740";4
"3741";1
"3742";4
"3743";4
"3744";4
"3745";4
"3746";3
"3747";3
"3748";3
"3749";3
"3750";1
"3751";4
"3752";4
"3753";3
"3754";3
"3755";3
"3756";4
"3757";4
"3758";4
"3759";4
"3760";4
"3761";4
"3762";4
"3763";4
"3764";3
"3765";4
"3766";4
"3767";4
"3768";4
"3769";4
"3770";4
"3771";4
"3772";3
"3773";4
"3774";4
"3775";1
"3776";4
"3777";4
"3778";4
"3779";4
"3780";4
"3781";4
"3782";4
"3783";4
"3784";4
"3785";4
"3786";4
"3787";4
"3788";2
"3789";2
"3790";2
"3791";4
"3792";4
"3793";2
"3794";2
"3795";2
"3796";4
"3797";2
"3798";3
"3799";1
"3800";2
"3801";4
"3802";2
"3803";2
"3804";2
"3805";4
"3806";2
"3807";2
"3808";2
"3809";2
"3810";2
"3811";2
"3812";2
"3813";2
"3814";2
"3815";4
"3816";2
"3817";2
"3818";2
"3819";2
"3820";2
"3821";2
"3822";2
"3823";2
"3824";2
"3825";2
"3826";2
"3827";2
"3828";2
"3829";2
"3830";2
"3831";2
"3832";2
"3833";4
"3834";4
"3835";4
"3836";2
"3837";2
"3838";2
"3839";2
"3840";2
"3841";4
"3842";2
"3843";2
"3844";2
"3845";2
"3846";2
"3847";2
"3848";2
"3849";2
"3850";2
"3851";2
"3852";2
"3853";2
"3854";2
"3855";2
"3856";2
"3857";2
"3858";2
"3859";2
"3860";2
"3861";2
"3862";2
"3863";2
"3864";2
"3865";2
"3866";2
"3867";2
"3868";2
"3869";4
"3870";2
"3871";2
"3872";2
"3873";2
"3874";2
"3875";2
"3876";4
"3877";4
"3878";2
"3879";2
"3880";4
"3881";2
"3882";4
"3883";3
"3884";2
"3885";4
"3886";2
"3887";2
"3888";2
"3889";2
"3890";2
"3891";2
"3892";2
"3893";2
"3894";2
"3895";4
"3896";2
"3897";2
"3898";2
"3899";4
"3900";2
"3901";4
"3902";2
"3903";4
"3904";2
"3905";1
"3906";2
"3907";2
"3908";2
"3909";2
"3910";2
"3911";4
"3912";2
"3913";2
"3914";2
"3915";2
"3916";4
"3917";2
"3918";2
"3919";2
"3920";2
"3921";2
"3922";2
"3923";2
"3924";2
"3925";2
"3926";2
"3927";2
"3928";2
"3929";2
"3930";2
"3931";2
"3932";2
"3933";2
"3934";2
"3935";2
"3936";2
"3937";2
"3938";2
"3939";2
"3940";2
"3941";2
"3942";2
"3943";2
"3944";2
"3945";2
"3946";2
"3947";2
"3948";2
"3949";2
"3950";2
"3951";2
"3952";2
"3953";2
"3954";2
"3955";2
"3956";2
"3957";2
"3958";2
"3959";4
"3960";2
"3961";2
"3962";2
"3963";2
"3964";2
"3965";2
"3966";2
"3967";2
"3968";2
"3969";4
"3970";2
"3971";2
"3972";2
"3973";2
"3974";2
"3975";2
"3976";2
"3977";2
"3978";2
"3979";2
"3980";2
"3981";2
"3982";2
"3983";2
"3984";2
"3985";2
"3986";2
"3987";2
"3988";2
"3989";1
"3990";2
"3991";2
"3992";2
"3993";2
"3994";2
"3995";2
"3996";2
"3997";2
"3998";3
"3999";2
"4000";2
"4001";2
"4002";2
"4003";2
"4004";2
"4005";2
"4006";2
"4007";2
"4008";2
"4009";2
"4010";2
"4011";2
"4012";2
"4013";2
"4014";2
"4015";2
"4016";2
"4017";2
"4018";2
"4019";2
"4020";2
"4021";2
"4022";2
"4023";2
"4024";2
"4025";2
"4026";2
"4027";2
"4028";2
"4029";2
"4030";2
"4031";2
"4032";2
"4033";2
"4034";2
"4035";2
"4036";4
"4037";2
"4038";2
"4039";2
"4040";2
"4041";2
"4042";2
"4043";2
"4044";2
"4045";2
"4046";2
"4047";2
"4048";2
"4049";2
"4050";2
"4051";2
"4052";2
"4053";2
"4054";2
"4055";2
"4056";2
"4057";2
"4058";4
"4059";2
"4060";4
"4061";2
"4062";2
"4063";2
"4064";4
"4065";2
"4066";2
"4067";2
"4068";2
"4069";2
"4070";2
"4071";2
"4072";2
"4073";2
"4074";2
"4075";2
"4076";2
"4077";4
"4078";2
"4079";2
"4080";2
"4081";2
"4082";2
"4083";2
"4084";2
"4085";2
"4086";2
"4087";2
"4088";2
"4089";2
"4090";3
"4091";0
"4092";4
"4093";4
"4094";4
"4095";1
"4096";4
"4097";4
"4098";3
"4099";3
"4100";4
"4101";4
"4102";2
"4103";0
"4104";2
"4105";3
"4106";2
"4107";2
"4108";2
"4109";2
"4110";2
"4111";2
"4112";2
"4113";4
"4114";4
"4115";4
"4116";4
"4117";2
"4118";4
"4119";2
"4120";2
"4121";2
"4122";4
"4123";4
"4124";4
"4125";2
"4126";2
"4127";2
"4128";4
"4129";2
"4130";2
"4131";1
"4132";2
"4133";4
"4134";4
"4135";2
"4136";1
"4137";4
"4138";4
"4139";4
"4140";2
"4141";2
"4142";2
"4143";2
"4144";2
"4145";2
"4146";2
"4147";2
"4148";2
"4149";2
"4150";2
"4151";4
"4152";4
"4153";0
"4154";2
"4155";2
"4156";4
"4157";2
"4158";2
"4159";4
"4160";1
"4161";2
"4162";4
"4163";4
"4164";4
"4165";4
"4166";2
"4167";2
"4168";2
"4169";2
"4170";2
"4171";2
"4172";2
"4173";2
"4174";2
"4175";2
"4176";2
"4177";2
"4178";2
"4179";2
"4180";4
"4181";4
"4182";4
"4183";4
"4184";3
"4185";4
"4186";4
"4187";3
"4188";3
"4189";3
"4190";4
"4191";4
"4192";2
"4193";4
"4194";4
"4195";2
"4196";2
"4197";2
"4198";2
"4199";2
"4200";2
"4201";2
"4202";2
"4203";2
"4204";2
"4205";2
"4206";4
"4207";2
"4208";2
"4209";2
"4210";2
"4211";2
"4212";2
"4213";2
"4214";2
"4215";2
"4216";2
"4217";2
"4218";2
"4219";2
"4220";2
"4221";2
"4222";2
"4223";2
"4224";4
"4225";2
"4226";2
"4227";4
"4228";2
"4229";2
"4230";4
"4231";2
"4232";4
"4233";4
"4234";4
"4235";4
"4236";4
"4237";4
"4238";2
"4239";4
"4240";2
"4241";2
"4242";2
"4243";2
"4244";2
"4245";2
"4246";2
"4247";4
"4248";4
"4249";2
"4250";2
"4251";2
"4252";2
"4253";4
"4254";2
"4255";2
"4256";2
"4257";2
"4258";2
"4259";2
"4260";2
"4261";2
"4262";2
"4263";2
"4264";2
"4265";2
"4266";2
"4267";2
"4268";2
"4269";4
"4270";2
"4271";2
"4272";2
"4273";2
"4274";2
"4275";2
"4276";2
"4277";2
"4278";2
"4279";2
"4280";2
"4281";2
"4282";2
"4283";2
"4284";2
"4285";2
"4286";2
"4287";2
"4288";2
"4289";2
"4290";2
"4291";2
"4292";2
"4293";2
"4294";2
"4295";2
"4296";2
"4297";2
"4298";2
"4299";2
"4300";2
"4301";2
"4302";2
"4303";2
"4304";2
"4305";4
"4306";2
"4307";4
"4308";2
"4309";2
"4310";4
"4311";2
"4312";2
"4313";2
"4314";2
"4315";2
"4316";2
"4317";2
"4318";2
"4319";2
"4320";2
"4321";2
"4322";2
"4323";2
"4324";2
"4325";2
"4326";4
"4327";4
"4328";2
"4329";4
"4330";2
"4331";2
"4332";0
"4333";2
"4334";4
"4335";4
"4336";2
"4337";2
"4338";2
"4339";4
"4340";4
"4341";2
"4342";2
"4343";2
"4344";2
"4345";2
"4346";2
"4347";2
"4348";2
"4349";2
"4350";2
"4351";2
"4352";2
"4353";2
"4354";2
"4355";2
"4356";2
"4357";2
"4358";2
"4359";2
"4360";2
"4361";2
"4362";2
"4363";4
"4364";4
"4365";2
"4366";2
"4367";2
"4368";4
"4369";4
"4370";2
"4371";2
"4372";2
"4373";3
"4374";4
"4375";4
"4376";4
"4377";4
"4378";4
"4379";4
"4380";4
"4381";4
"4382";4
"4383";4
"4384";4
"4385";4
"4386";4
"4387";2
"4388";2
"4389";2
"4390";4
"4391";2
"4392";4
"4393";4
"4394";3
"4395";4
"4396";4
"4397";3
"4398";2
"4399";2
"4400";2
"4401";2
"4402";2
"4403";2
"4404";2
"4405";2
"4406";2
"4407";4
"4408";2
"4409";2
"4410";2
"4411";2
"4412";2
"4413";2
"4414";2
"4415";2
"4416";2
"4417";2
"4418";2
"4419";2
"4420";2
"4421";4
"4422";2
"4423";2
"4424";2
"4425";2
"4426";2
"4427";2
"4428";2
"4429";4
"4430";4
"4431";4
"4432";4
"4433";2
"4434";2
"4435";2
"4436";2
"4437";2
"4438";2
"4439";2
"4440";2
"4441";2
"4442";2
"4443";2
"4444";2
"4445";4
"4446";4
"4447";2
"4448";4
"4449";4
"4450";2
"4451";2
"4452";2
"4453";4
"4454";2
"4455";2
"4456";2
"4457";4
"4458";2
"4459";4
"4460";2
"4461";2
"4462";2
"4463";2
"4464";2
"4465";2
"4466";2
"4467";2
"4468";2
"4469";2
"4470";2
"4471";3
"4472";2
"4473";2
"4474";2
"4475";2
"4476";2
"4477";2
"4478";2
"4479";2
"4480";2
"4481";2
"4482";2
"4483";2
"4484";2
"4485";4
"4486";4
"4487";2
"4488";2
"4489";2
"4490";4
"4491";2
"4492";2
"4493";2
"4494";2
"4495";2
"4496";2
"4497";2
"4498";2
"4499";4
"4500";2
"4501";2
"4502";2
"4503";2
"4504";2
"4505";2
"4506";2
"4507";2
"4508";2
"4509";2
"4510";2
"4511";2
"4512";4
"4513";2
"4514";2
"4515";4
"4516";2
"4517";2
"4518";2
"4519";2
"4520";2
"4521";2
"4522";2
"4523";4
"4524";2
"4525";2
"4526";2
"4527";2
"4528";2
"4529";2
"4530";2
"4531";2
"4532";2
"4533";2
"4534";2
"4535";2
"4536";2
"4537";2
"4538";4
"4539";4
"4540";4
"4541";4
"4542";4
"4543";4
"4544";4
"4545";1
"4546";1
"4547";4
"4548";4
"4549";4
"4550";4
"4551";2
"4552";2
"4553";4
"4554";4
"4555";4
"4556";2
"4557";2
"4558";2
"4559";2
"4560";2
"4561";2
"4562";2
"4563";2
"4564";2
"4565";4
"4566";2
"4567";2
"4568";2
"4569";2
"4570";2
"4571";2
"4572";2
"4573";2
"4574";2
"4575";2
"4576";2
"4577";2
"4578";4
"4579";4
"4580";4
"4581";4
"4582";4
"4583";2
"4584";4
"4585";2
"4586";2
"4587";2
"4588";4
"4589";2
"4590";4
"4591";2
"4592";4
"4593";4
"4594";2
"4595";2
"4596";2
"4597";2
"4598";4
"4599";2
"4600";2
"4601";4
"4602";2
"4603";2
"4604";2
"4605";2
"4606";4
"4607";2
"4608";2
"4609";2
"4610";2
"4611";2
"4612";2
"4613";2
"4614";2
"4615";2
"4616";2
"4617";2
"4618";2
"4619";2
"4620";2
"4621";2
"4622";2
"4623";2
"4624";2
"4625";2
"4626";2
"4627";2
"4628";2
"4629";2
"4630";2
"4631";2
"4632";2
"4633";2
"4634";2
"4635";2
"4636";2
"4637";2
"4638";2
"4639";4
"4640";2
"4641";4
"4642";2
"4643";2
"4644";4
"4645";2
"4646";2
"4647";2
"4648";2
"4649";2
"4650";2
"4651";2
"4652";2
"4653";2
"4654";2
"4655";2
"4656";2
"4657";2
"4658";2
"4659";2
"4660";2
"4661";2
"4662";2
"4663";4
"4664";2
"4665";2
"4666";2
"4667";2
"4668";4
"4669";4
"4670";4
"4671";2
"4672";2
"4673";2
"4674";2
"4675";4
"4676";2
"4677";2
"4678";2
"4679";4
"4680";2
"4681";4
"4682";4
"4683";2
"4684";2
"4685";2
"4686";4
"4687";4
"4688";3
"4689";2
"4690";2
"4691";2
"4692";2
"4693";2
"4694";4
"4695";2
"4696";4
"4697";2
"4698";2
"4699";2
"4700";2
"4701";2
"4702";2
"4703";2
"4704";2
"4705";2
"4706";2
"4707";2
"4708";2
"4709";2
"4710";2
"4711";2
"4712";2
"4713";2
"4714";2
"4715";2
"4716";2
"4717";2
"4718";2
"4719";2
"4720";2
"4721";2
"4722";2
"4723";2
"4724";2
"4725";2
"4726";2
"4727";2
"4728";2
"4729";2
"4730";2
"4731";2
"4732";2
"4733";2
"4734";2
"4735";2
"4736";2
"4737";2
"4738";2
"4739";2
"4740";2
"4741";2
"4742";2
"4743";1
"4744";1
"4745";2
"4746";2
"4747";2
"4748";2
"4749";2
"4750";4
"4751";3
"4752";4
"4753";4
"4754";2
"4755";2
"4756";2
"4757";2
"4758";2
"4759";2
"4760";3
"4761";3
"4762";2
"4763";2
"4764";2
"4765";2
"4766";2
"4767";2
"4768";2
"4769";2
"4770";2
"4771";2
"4772";2
"4773";2
"4774";2
"4775";2
"4776";2
"4777";2
"4778";2
"4779";2
"4780";2
"4781";2
"4782";2
"4783";4
"4784";2
"4785";2
"4786";2
"4787";4
"4788";2
"4789";2
"4790";2
"4791";4
"4792";4
"4793";4
"4794";2
"4795";2
"4796";2
"4797";4
"4798";2
"4799";3
"4800";3
"4801";3
"4802";3
"4803";3
"4804";4
"4805";4
"4806";4
"4807";3
"4808";4
"4809";4
"4810";4
"4811";3
"4812";3
"4813";1
"4814";3
"4815";3
"4816";3
"4817";3
"4818";4
"4819";3
"4820";4
"4821";0
"4822";3
"4823";3
"4824";3
"4825";3
"4826";3
"4827";4
"4828";3
"4829";3
"4830";4
"4831";4
"4832";4
"4833";4
"4834";2
"4835";4
"4836";2
"4837";2
"4838";2
"4839";2
"4840";2
"4841";4
"4842";2
"4843";4
"4844";2
"4845";2
"4846";2
"4847";2
"4848";2
"4849";2
"4850";2
"4851";2
"4852";2
"4853";2
"4854";2
"4855";2
"4856";2
"4857";2
"4858";2
"4859";2
"4860";4
"4861";2
"4862";2
"4863";2
"4864";2
"4865";2
"4866";2
"4867";2
"4868";2
"4869";2
"4870";2
"4871";2
"4872";2
"4873";2
"4874";2
"4875";2
"4876";2
"4877";2
"4878";2
"4879";2
"4880";2
"4881";2
"4882";4
"4883";2
"4884";2
"4885";2
"4886";2
"4887";4
"4888";2
"4889";4
"4890";2
"4891";2
"4892";2
"4893";2
"4894";2
"4895";2
"4896";2
"4897";2
"4898";2
"4899";2
"4900";2
"4901";2
"4902";2
"4903";2
"4904";2
"4905";2
"4906";2
"4907";2
"4908";2
"4909";2
"4910";2
"4911";2
"4912";2
"4913";2
"4914";2
"4915";2
"4916";2
"4917";2
"4918";2
"4919";2
"4920";2
"4921";2
"4922";2
"4923";2
"4924";2
"4925";2
"4926";2
"4927";2
"4928";2
"4929";2
"4930";4
"4931";2
"4932";2
"4933";2
"4934";4
"4935";4
"4936";2
"4937";2
"4938";2
"4939";2
"4940";2
"4941";4
"4942";2
"4943";4
"4944";2
"4945";2
"4946";2
"4947";2
"4948";2
"4949";2
"4950";2
"4951";2
"4952";2
"4953";2
"4954";2
"4955";2
"4956";2
"4957";2
"4958";2
"4959";2
"4960";2
"4961";2
"4962";2
"4963";2
"4964";2
"4965";2
"4966";2
"4967";2
"4968";2
"4969";2
"4970";2
"4971";2
"4972";2
"4973";2
"4974";2
"4975";2
"4976";2
"4977";2
"4978";2
"4979";4
"4980";4
"4981";2
"4982";2
"4983";2
"4984";2
"4985";2
"4986";2
"4987";2
"4988";2
"4989";2
"4990";2
"4991";2
"4992";2
"4993";2
"4994";2
"4995";2
"4996";2
"4997";2
"4998";4
"4999";4
"5000";4
"5001";4
"5002";2
"5003";1
"5004";4
"5005";1
"5006";0
"5007";0
"5008";0
"5009";0
"5010";4
"5011";4
"5012";4
"5013";4
"5014";3
"5015";4
"5016";4
"5017";4
"5018";4
"5019";4
"5020";4
"5021";4
"5022";4
"5023";4
"5024";2
"5025";4
"5026";4
"5027";4
"5028";4
"5029";4
"5030";4
"5031";2
"5032";3
"5033";2
"5034";4
"5035";4
"5036";2
"5037";4
"5038";4
"5039";3
"5040";4
"5041";4
"5042";4
"5043";4
"5044";2
"5045";2
"5046";4
"5047";4
"5048";2
"5049";2
"5050";4
"5051";4
"5052";4
"5053";4
"5054";2
"5055";4
"5056";4
"5057";4
"5058";4
"5059";4
"5060";3
"5061";4
"5062";2
"5063";4
"5064";4
"5065";4
"5066";4
"5067";4
"5068";3
"5069";4
"5070";3
"5071";4
"5072";4
"5073";3
"5074";4
"5075";4
"5076";4
"5077";3
"5078";2
"5079";2
"5080";4
"5081";4
"5082";4
"5083";4
"5084";4
"5085";4
"5086";3
"5087";4
"5088";4
"5089";4
"5090";2
"5091";4
"5092";4
"5093";4
"5094";2
"5095";4
"5096";2
"5097";2
"5098";2
"5099";2
"5100";2
"5101";2
"5102";2
"5103";4
"5104";2
"5105";4
"5106";2
"5107";2
"5108";4
"5109";2
"5110";2
"5111";2
"5112";2
"5113";2
"5114";2
"5115";2
"5116";2
"5117";2
"5118";4
"5119";4
"5120";2
"5121";2
"5122";2
"5123";2
"5124";2
"5125";2
"5126";2
"5127";2
"5128";2
"5129";2
"5130";2
"5131";2
"5132";4
"5133";4
"5134";2
"5135";2
"5136";2
"5137";2
"5138";2
"5139";2
"5140";2
"5141";4
"5142";2
"5143";2
"5144";2
"5145";2
"5146";2
"5147";2
"5148";2
"5149";2
"5150";2
"5151";2
"5152";2
"5153";2
"5154";2
"5155";4
"5156";4
"5157";2
"5158";2
"5159";2
"5160";2
"5161";4
"5162";2
"5163";2
"5164";2
"5165";2
"5166";2
"5167";2
"5168";4
"5169";2
"5170";2
"5171";2
"5172";2
"5173";2
"5174";2
"5175";2
"5176";2
"5177";2
"5178";4
"5179";2
"5180";2
"5181";2
"5182";2
"5183";2
"5184";2
"5185";2
"5186";2
"5187";2
"5188";2
"5189";2
"5190";4
"5191";2
"5192";2
"5193";2
"5194";2
"5195";2
"5196";2
"5197";4
"5198";2
"5199";2
"5200";2
"5201";4
"5202";2
"5203";2
"5204";4
"5205";2
"5206";2
"5207";2
"5208";2
"5209";2
"5210";4
"5211";4
"5212";2
"5213";2
"5214";2
"5215";4
"5216";4
"5217";2
"5218";4
"5219";2
"5220";2
"5221";2
"5222";2
"5223";4
"5224";4
"5225";2
"5226";2
"5227";2
"5228";4
"5229";2
"5230";2
"5231";4
"5232";4
"5233";4
"5234";4
"5235";2
"5236";2
"5237";2
"5238";2
"5239";4
"5240";2
"5241";2
"5242";2
"5243";2
"5244";2
"5245";2
"5246";4
"5247";2
"5248";2
"5249";2
"5250";2
"5251";2
"5252";2
"5253";2
"5254";2
"5255";2
"5256";2
"5257";2
"5258";2
"5259";2
"5260";2
"5261";2
"5262";2
"5263";2
"5264";2
"5265";2
"5266";4
"5267";2
"5268";2
"5269";4
"5270";4
"5271";2
"5272";2
"5273";2
"5274";4
"5275";4
"5276";4
"5277";2
"5278";2
"5279";2
"5280";2
"5281";2
"5282";2
"5283";2
"5284";2
"5285";2
"5286";2
"5287";2
"5288";2
"5289";2
"5290";2
"5291";2
"5292";2
"5293";2
"5294";2
"5295";2
"5296";2
"5297";2
"5298";2
"5299";2
"5300";2
"5301";2
"5302";2
"5303";2
"5304";2
"5305";2
"5306";2
"5307";2
"5308";2
"5309";2
"5310";4
"5311";2
"5312";2
"5313";2
"5314";2
"5315";2
"5316";2
"5317";2
"5318";2
"5319";2
"5320";2
"5321";2
"5322";2
"5323";2
"5324";2
"5325";2
"5326";2
"5327";2
"5328";2
"5329";2
"5330";2
"5331";2
"5332";2
"5333";2
"5334";2
"5335";2
"5336";2
"5337";4
"5338";2
"5339";4
"5340";4
"5341";4
"5342";2
"5343";2
"5344";2
"5345";2
"5346";2
"5347";2
"5348";2
"5349";2
"5350";2
"5351";2
"5352";2
"5353";2
"5354";2
"5355";2
"5356";2
"5357";2
"5358";2
"5359";2
"5360";2
"5361";2
"5362";2
"5363";2
"5364";2
"5365";2
"5366";2
"5367";2
"5368";2
"5369";2
"5370";2
"5371";2
"5372";2
"5373";2
"5374";2
"5375";2
"5376";2
"5377";2
"5378";2
"5379";2
"5380";2
"5381";2
"5382";2
"5383";2
"5384";2
"5385";2
"5386";2
"5387";2
"5388";2
"5389";2
"5390";2
"5391";2
"5392";2
"5393";2
"5394";2
"5395";2
"5396";2
"5397";2
"5398";2
"5399";2
"5400";2
"5401";2
"5402";2
"5403";2
"5404";2
"5405";2
"5406";2
"5407";2
"5408";2
"5409";2
"5410";4
"5411";2
"5412";2
"5413";4
"5414";4
"5415";2
"5416";2
"5417";2
"5418";2
"5419";2
"5420";2
"5421";4
"5422";2
"5423";2
"5424";2
"5425";2
"5426";2
"5427";2
"5428";2
"5429";2
"5430";2
"5431";2
"5432";2
"5433";4
"5434";2
"5435";2
"5436";2
"5437";2
"5438";2
"5439";2
"5440";2
"5441";4
"5442";2
"5443";2
"5444";4
"5445";2
"5446";2
"5447";4
"5448";2
"5449";2
"5450";2
"5451";2
"5452";2
"5453";2
"5454";2
"5455";2
"5456";2
"5457";2
"5458";2
"5459";2
"5460";2
"5461";2
"5462";2
"5463";2
"5464";2
"5465";2
"5466";2
"5467";2
"5468";2
"5469";2
"5470";2
"5471";2
"5472";2
"5473";2
"5474";2
"5475";2
"5476";2
"5477";2
"5478";2
"5479";4
"5480";4
"5481";4
"5482";2
"5483";2
"5484";2
"5485";2
"5486";2
"5487";2
"5488";2
"5489";2
"5490";2
"5491";2
"5492";2
"5493";2
"5494";2
"5495";2
"5496";1
"5497";2
"5498";2
"5499";2
"5500";2
"5501";2
"5502";2
"5503";2
"5504";2
"5505";2
"5506";2
"5507";2
"5508";2
"5509";2
"5510";2
"5511";2
"5512";2
"5513";2
"5514";2
"5515";2
"5516";2
"5517";2
"5518";2
"5519";2
"5520";2
"5521";2
"5522";2
"5523";2
"5524";2
"5525";2
"5526";2
"5527";4
"5528";4
"5529";2
"5530";2
"5531";4
"5532";2
"5533";2
"5534";2
"5535";2
"5536";2
"5537";2
"5538";2
"5539";3
"5540";2
"5541";2
"5542";2
"5543";1
"5544";4
"5545";2
"5546";2
"5547";2
"5548";2
"5549";2
"5550";2
"5551";2
"5552";2
"5553";2
"5554";2
"5555";4
"5556";4
"5557";4
"5558";4
"5559";4
"5560";4
"5561";2
"5562";2
"5563";4
"5564";4
"5565";2
"5566";2
"5567";2
"5568";2
"5569";2
"5570";2
"5571";2
"5572";2
"5573";2
"5574";2
"5575";2
"5576";2
"5577";2
"5578";2
"5579";2
"5580";2
"5581";4
"5582";2
"5583";2
"5584";4
"5585";2
"5586";2
"5587";2
"5588";2
"5589";4
"5590";2
"5591";2
"5592";2
"5593";2
"5594";2
"5595";4
"5596";4
"5597";2
"5598";2
"5599";2
"5600";2
"5601";2
"5602";2
"5603";2
"5604";3
"5605";2
"5606";2
"5607";2
"5608";2
"5609";2
"5610";2
"5611";2
"5612";2
"5613";2
"5614";2
"5615";2
"5616";2
"5617";4
"5618";2
"5619";2
"5620";2
"5621";2
"5622";4
"5623";2
"5624";2
"5625";2
"5626";2
"5627";4
"5628";4
"5629";2
"5630";4
"5631";2
"5632";2
"5633";2
"5634";2
"5635";2
"5636";2
"5637";2
"5638";2
"5639";4
"5640";2
"5641";2
"5642";2
"5643";2
"5644";2
"5645";2
"5646";2
"5647";2
"5648";2
"5649";2
"5650";2
"5651";2
"5652";2
"5653";2
"5654";4
"5655";4
"5656";2
"5657";4
"5658";4
"5659";2
"5660";2
"5661";2
"5662";4
"5663";2
"5664";4
"5665";4
"5666";2
"5667";4
"5668";2
"5669";4
"5670";2
"5671";4
"5672";4
"5673";2
"5674";2
"5675";2
"5676";2
"5677";2
"5678";2
"5679";4
"5680";2
"5681";4
"5682";2
"5683";2
"5684";2
"5685";4
"5686";4
"5687";2
"5688";2
"5689";2
"5690";2
"5691";2
"5692";2
"5693";2
"5694";2
"5695";2
"5696";2
"5697";2
"5698";2
"5699";2
"5700";2
"5701";2
"5702";2
"5703";2
"5704";2
"5705";2
"5706";2
"5707";2
"5708";2
"5709";2
"5710";4
"5711";4
"5712";2
"5713";2
"5714";2
"5715";2
"5716";2
"5717";2
"5718";4
"5719";2
"5720";4
"5721";2
"5722";2
"5723";2
"5724";4
"5725";4
"5726";4
"5727";2
"5728";2
"5729";2
"5730";2
"5731";2
"5732";2
"5733";2
"5734";2
"5735";2
"5736";2
"5737";2
"5738";2
"5739";2
"5740";2
"5741";2
"5742";2
"5743";2
"5744";2
"5745";2
"5746";2
"5747";2
"5748";2
"5749";2
"5750";2
"5751";2
"5752";2
"5753";2
"5754";2
"5755";2
"5756";2
"5757";2
"5758";2
"5759";2
"5760";2
"5761";2
"5762";2
"5763";2
"5764";4
"5765";2
"5766";2
"5767";2
"5768";2
"5769";4
"5770";2
"5771";4
"5772";4
"5773";2
"5774";2
"5775";2
"5776";4
"5777";4
"5778";4
"5779";4
"5780";2
"5781";2
"5782";4
"5783";2
"5784";4
"5785";3
"5786";4
"5787";2
"5788";2
"5789";2
"5790";2
"5791";2
"5792";4
"5793";4
"5794";4
"5795";4
"5796";2
"5797";3
"5798";4
"5799";4
"5800";2
"5801";2
"5802";4
"5803";2
"5804";2
"5805";2
"5806";2
"5807";2
"5808";2
"5809";2
"5810";2
"5811";2
"5812";2
"5813";2
"5814";2
"5815";2
"5816";2
"5817";2
"5818";1
"5819";1
"5820";1
"5821";1
"5822";1
"5823";1
"5824";1
"5825";1
"5826";4
"5827";1
"5828";1
"5829";1
"5830";1
"5831";1
"5832";1
"5833";1
"5834";1
"5835";1
"5836";1
"5837";1
"5838";1
"5839";1
"5840";1
"5841";1
"5842";1
"5843";1
"5844";1
"5845";1
"5846";1
"5847";1
"5848";1
"5849";1
"5850";1
"5851";4
"5852";4
"5853";3
"5854";3
"5855";1
"5856";2
"5857";4
"5858";1
"5859";1
"5860";4
"5861";1
"5862";1
"5863";1
"5864";1
"5865";1
"5866";1
"5867";3
"5868";1
"5869";1
"5870";1
"5871";1
"5872";1
"5873";1
"5874";1
"5875";3
"5876";1
"5877";1
"5878";1
"5879";1
"5880";1
"5881";1
"5882";1
"5883";1
"5884";1
"5885";1
"5886";1
"5887";1
"5888";4
"5889";2
"5890";4
"5891";1
"5892";4
"5893";3
"5894";1
"5895";1
"5896";1
"5897";1
"5898";1
"5899";1
"5900";1
"5901";1
"5902";1
"5903";1
"5904";1
"5905";1
"5906";1
"5907";3
"5908";1
"5909";3
"5910";1
"5911";1
"5912";1
"5913";1
"5914";1
"5915";1
"5916";1
"5917";1
"5918";1
"5919";1
"5920";1
"5921";1
"5922";1
"5923";1
"5924";1
"5925";1
"5926";1
"5927";1
"5928";1
"5929";1
"5930";1
"5931";1
"5932";1
"5933";1
"5934";1
"5935";1
"5936";1
"5937";1
"5938";1
"5939";1
"5940";1
"5941";1
"5942";1
"5943";1
"5944";3
"5945";4
"5946";1
"5947";1
"5948";1
"5949";1
"5950";1
"5951";1
"5952";1
"5953";1
"5954";4
"5955";3
"5956";4
"5957";1
"5958";4
"5959";4
"5960";1
"5961";1
"5962";4
"5963";1
"5964";1
"5965";4
"5966";1
"5967";1
"5968";1
"5969";1
"5970";3
"5971";3
"5972";4
"5973";1
"5974";1
"5975";4
"5976";1
"5977";1
"5978";1
"5979";1
"5980";1
"5981";1
"5982";1
"5983";1
"5984";1
"5985";1
"5986";1
"5987";1
"5988";1
"5989";1
"5990";1
"5991";1
"5992";1
"5993";1
"5994";1
"5995";1
"5996";4
"5997";1
"5998";1
"5999";1
"6000";1
"6001";1
"6002";1
"6003";1
"6004";1
"6005";1
"6006";4
"6007";4
"6008";1
"6009";1
"6010";1
"6011";1
"6012";1
"6013";4
"6014";1
"6015";1
"6016";1
"6017";1
"6018";1
"6019";1
"6020";1
"6021";1
"6022";1
"6023";1
"6024";1
"6025";1
"6026";1
"6027";1
"6028";1
"6029";2
"6030";1
"6031";1
"6032";1
"6033";1
"6034";3
"6035";4
"6036";1
"6037";1
"6038";1
"6039";4
"6040";1
"6041";1
"6042";1
"6043";1
"6044";1
"6045";4
"6046";1
"6047";1
"6048";1
"6049";1
"6050";1
"6051";1
"6052";1
"6053";1
"6054";1
"6055";1
"6056";1
"6057";4
"6058";1
"6059";1
"6060";4
"6061";4
"6062";1
"6063";1
"6064";4
"6065";1
"6066";1
"6067";1
"6068";1
"6069";1
"6070";1
"6071";1
"6072";1
"6073";1
"6074";1
"6075";1
"6076";1
"6077";1
"6078";1
"6079";1
"6080";1
"6081";1
"6082";1
"6083";1
"6084";3
"6085";3
"6086";4
"6087";1
"6088";1
"6089";1
"6090";1
"6091";1
"6092";1
"6093";4
"6094";1
"6095";4
"6096";3
"6097";1
"6098";1
"6099";1
"6100";3
"6101";1
"6102";1
"6103";1
"6104";3
"6105";4
"6106";4
"6107";1
"6108";1
"6109";1
"6110";1
"6111";1
"6112";1
"6113";1
"6114";1
"6115";1
"6116";3
"6117";1
"6118";1
"6119";1
"6120";1
"6121";1
"6122";1
"6123";1
"6124";1
"6125";1
"6126";1
"6127";1
"6128";1
"6129";1
"6130";1
"6131";1
"6132";1
"6133";1
"6134";1
"6135";1
"6136";1
"6137";1
"6138";1
"6139";1
"6140";1
"6141";1
"6142";1
"6143";3
"6144";1
"6145";4
"6146";4
"6147";4
"6148";1
"6149";3
"6150";1
"6151";1
"6152";3
"6153";1
"6154";1
"6155";1
"6156";1
"6157";1
"6158";1
"6159";1
"6160";1
"6161";1
"6162";1
"6163";1
"6164";1
"6165";1
"6166";1
"6167";1
"6168";1
"6169";1
"6170";1
"6171";1
"6172";1
"6173";3
"6174";4
"6175";1
"6176";3
"6177";1
"6178";3
"6179";1
"6180";1
"6181";1
"6182";1
"6183";1
"6184";1
"6185";3
"6186";1
"6187";1
"6188";1
"6189";1
"6190";1
"6191";1
"6192";1
"6193";1
"6194";1
"6195";1
"6196";1
"6197";1
"6198";1
"6199";1
"6200";1
"6201";1
"6202";1
"6203";1
"6204";1
"6205";1
"6206";3
"6207";2
"6208";1
"6209";1
"6210";1
"6211";1
"6212";1
"6213";1
"6214";0
"6215";4
"6216";1
"6217";1
"6218";1
"6219";1
"6220";1
"6221";1
"6222";1
"6223";4
"6224";1
"6225";1
"6226";1
"6227";1
"6228";1
"6229";1
"6230";1
"6231";1
"6232";1
"6233";1
"6234";1
"6235";1
"6236";4
"6237";1
"6238";1
"6239";1
"6240";1
"6241";1
"6242";1
"6243";1
"6244";1
"6245";4
"6246";1
"6247";1
"6248";1
"6249";1
"6250";1
"6251";1
"6252";1
"6253";1
"6254";1
"6255";4
"6256";1
"6257";1
"6258";4
"6259";4
"6260";1
"6261";1
"6262";1
"6263";1
"6264";1
"6265";1
"6266";1
"6267";1
"6268";1
"6269";1
"6270";1
"6271";1
"6272";1
"6273";1
"6274";1
"6275";1
"6276";1
"6277";1
"6278";1
"6279";1
"6280";1
"6281";1
"6282";1
"6283";1
"6284";1
"6285";1
"6286";1
"6287";1
"6288";1
"6289";1
"6290";1
"6291";1
"6292";4
"6293";4
"6294";3
"6295";1
"6296";1
"6297";1
"6298";1
"6299";1
"6300";1
"6301";1
"6302";1
"6303";1
"6304";3
"6305";3
"6306";3
"6307";2
"6308";1
"6309";1
"6310";1
"6311";1
"6312";1
"6313";1
"6314";1
"6315";1
"6316";1
"6317";4
"6318";1
"6319";1
"6320";1
"6321";1
"6322";1
"6323";1
"6324";1
"6325";1
"6326";1
"6327";1
"6328";1
"6329";1
"6330";1
"6331";1
"6332";4
"6333";1
"6334";1
"6335";1
"6336";1
"6337";1
"6338";1
"6339";1
"6340";1
"6341";1
"6342";1
"6343";1
"6344";4
"6345";1
"6346";1
"6347";1
"6348";4
"6349";1
"6350";1
"6351";1
"6352";1
"6353";1
"6354";1
"6355";1
"6356";1
"6357";1
"6358";1
"6359";1
"6360";1
"6361";4
"6362";1
"6363";4
"6364";1
"6365";1
"6366";1
"6367";1
"6368";1
"6369";1
"6370";1
"6371";1
"6372";1
"6373";1
"6374";1
"6375";1
"6376";1
"6377";1
"6378";1
"6379";1
"6380";1
"6381";1
"6382";1
"6383";1
"6384";4
"6385";1
"6386";1
"6387";1
"6388";1
"6389";1
"6390";1
"6391";1
"6392";1
"6393";3
"6394";1
"6395";1
"6396";1
"6397";1
"6398";1
"6399";1
"6400";1
"6401";1
"6402";1
"6403";1
"6404";1
"6405";1
"6406";1
"6407";1
"6408";1
"6409";1
"6410";1
"6411";1
"6412";1
"6413";1
"6414";1
"6415";1
"6416";1
"6417";1
"6418";1
"6419";1
"6420";1
"6421";1
"6422";1
"6423";1
"6424";1
"6425";1
"6426";1
"6427";1
"6428";1
"6429";1
"6430";1
"6431";1
"6432";1
"6433";1
"6434";1
"6435";1
"6436";1
"6437";4
"6438";1
"6439";1
"6440";1
"6441";1
"6442";1
"6443";1
"6444";1
"6445";1
"6446";1
"6447";1
"6448";1
"6449";1
"6450";1
"6451";1
"6452";1
"6453";1
"6454";1
"6455";1
"6456";1
"6457";1
"6458";1
"6459";1
"6460";4
"6461";1
"6462";1
"6463";1
"6464";1
"6465";1
"6466";1
"6467";1
"6468";1
"6469";1
"6470";1
"6471";1
"6472";4
"6473";1
"6474";1
"6475";1
"6476";1
"6477";1
"6478";1
"6479";1
"6480";1
"6481";2
"6482";4
"6483";1
"6484";1
"6485";1
"6486";1
"6487";1
"6488";1
"6489";1
"6490";1
"6491";1
"6492";1
"6493";1
"6494";1
"6495";1
"6496";1
"6497";1
"6498";1
"6499";1
"6500";1
"6501";1
"6502";4
"6503";1
"6504";1
"6505";4
"6506";4
"6507";1
"6508";1
"6509";1
"6510";1
"6511";1
"6512";1
"6513";1
"6514";1
"6515";1
"6516";1
"6517";4
"6518";4
"6519";1
"6520";1
"6521";1
"6522";1
"6523";1
"6524";1
"6525";1
"6526";1
"6527";1
"6528";0
"6529";1
"6530";1
"6531";1
"6532";1
"6533";1
"6534";1
"6535";1
"6536";1
"6537";1
"6538";1
"6539";1
"6540";1
"6541";1
"6542";1
"6543";1
"6544";1
"6545";1
"6546";1
"6547";1
"6548";1
"6549";1
"6550";1
"6551";1
"6552";1
"6553";4
"6554";1
"6555";1
"6556";1
"6557";1
"6558";4
"6559";4
"6560";1
"6561";4
"6562";1
"6563";1
"6564";1
"6565";1
"6566";1
"6567";1
"6568";1
"6569";1
"6570";1
"6571";1
"6572";1
"6573";1
"6574";1
"6575";1
"6576";1
"6577";1
"6578";1
"6579";1
"6580";1
"6581";1
"6582";1
"6583";1
"6584";1
"6585";1
"6586";1
"6587";1
"6588";1
"6589";1
"6590";1
"6591";1
"6592";1
"6593";1
"6594";1
"6595";1
"6596";1
"6597";3
"6598";1
"6599";1
"6600";1
"6601";1
"6602";1
"6603";1
"6604";1
"6605";1
"6606";1
"6607";1
"6608";1
"6609";1
"6610";1
"6611";1
"6612";1
"6613";1
"6614";1
"6615";1
"6616";1
"6617";1
"6618";1
"6619";1
"6620";1
"6621";1
"6622";1
"6623";3
"6624";0
"6625";4
"6626";4
"6627";4
"6628";0
"6629";0
"6630";1
"6631";0
"6632";0
"6633";0
"6634";0
"6635";0
"6636";0
"6637";0
"6638";0
"6639";1
"6640";4
"6641";4
"6642";4
"6643";4
"6644";0
"6645";4
"6646";4
"6647";0
"6648";0
"6649";0
"6650";4
"6651";4
"6652";0
"6653";0
"6654";4
"6655";0
"6656";4
"6657";4
"6658";0
"6659";4
"6660";0
"6661";0
"6662";4
"6663";0
"6664";0
"6665";4
"6666";4
"6667";4
"6668";0
"6669";0
"6670";0
"6671";0
"6672";4
"6673";4
"6674";4
"6675";1
"6676";1
"6677";4
"6678";4
"6679";2
"6680";4
"6681";2
"6682";2
"6683";2
"6684";4
"6685";4
"6686";2
"6687";4
"6688";2
"6689";2
"6690";2
"6691";2
"6692";4
"6693";2
"6694";2
"6695";2
"6696";2
"6697";4
"6698";4
"6699";2
"6700";2
"6701";2
"6702";4
"6703";2
"6704";2
"6705";2
"6706";2
"6707";2
"6708";2
"6709";2
"6710";2
"6711";2
"6712";2
"6713";2
"6714";2
"6715";2
"6716";2
"6717";2
"6718";4
"6719";4
"6720";2
"6721";4
"6722";2
"6723";4
"6724";3
"6725";2
"6726";2
"6727";2
"6728";4
"6729";2
"6730";2
"6731";2
"6732";2
"6733";2
"6734";2
"6735";2
"6736";4
"6737";2
"6738";2
"6739";2
"6740";4
"6741";2
"6742";2
"6743";2
"6744";2
"6745";2
"6746";2
"6747";2
"6748";2
"6749";2
"6750";2
"6751";2
"6752";2
"6753";2
"6754";2
"6755";2
"6756";2
"6757";2
"6758";2
"6759";2
"6760";2
"6761";2
"6762";4
"6763";2
"6764";4
"6765";4
"6766";4
"6767";2
"6768";2
"6769";4
"6770";4
"6771";3
"6772";4
"6773";0
"6774";4
"6775";4
"6776";3
"6777";3
"6778";3
"6779";3
"6780";3
"6781";4
"6782";4
"6783";3
"6784";1
"6785";3
"6786";3
"6787";4
"6788";1
"6789";4
"6790";3
"6791";3
"6792";4
"6793";3
"6794";3
"6795";3
"6796";3
"6797";3
"6798";1
"6799";3
"6800";4
"6801";3
"6802";3
"6803";1
"6804";3
"6805";3
"6806";4
"6807";3
"6808";4
"6809";3
"6810";4
"6811";3
"6812";4
"6813";3
"6814";4
"6815";4
"6816";4
"6817";4
"6818";3
"6819";4
"6820";4
"6821";4
"6822";4
"6823";4
"6824";1
"6825";4
"6826";4
"6827";4
"6828";4
"6829";3
"6830";3
"6831";4
"6832";1
"6833";2
"6834";4
"6835";3
"6836";3
"6837";3
"6838";3
"6839";3
"6840";4
"6841";3
"6842";4
"6843";3
"6844";4
"6845";3
"6846";3
"6847";4
"6848";4
"6849";4
"6850";4
"6851";4
"6852";2
"6853";1
"6854";1
"6855";1
"6856";1
"6857";1
"6858";1
"6859";1
"6860";1
"6861";1
"6862";1
"6863";1
"6864";1
"6865";1
"6866";1
"6867";4
"6868";1
"6869";1
"6870";1
"6871";1
"6872";1
"6873";1
"6874";1
"6875";1
"6876";1
"6877";1
"6878";1
"6879";1
"6880";1
"6881";1
"6882";1
"6883";1
"6884";1
"6885";1
"6886";1
"6887";1
"6888";1
"6889";1
"6890";4
"6891";1
"6892";1
"6893";1
"6894";1
"6895";4
"6896";1
"6897";1
"6898";1
"6899";1
"6900";1
"6901";1
"6902";1
"6903";1
"6904";1
"6905";1
"6906";1
"6907";1
"6908";1
"6909";1
"6910";1
"6911";1
"6912";1
"6913";1
"6914";1
"6915";1
"6916";1
"6917";1
"6918";1
"6919";4
"6920";4
"6921";1
"6922";1
"6923";1
"6924";1
"6925";1
"6926";1
"6927";1
"6928";1
"6929";4
"6930";1
"6931";1
"6932";4
"6933";4
"6934";1
"6935";1
"6936";4
"6937";1
"6938";1
"6939";1
"6940";1
"6941";1
"6942";1
"6943";1
"6944";1
"6945";4
"6946";1
"6947";1
"6948";1
"6949";1
"6950";1
"6951";1
"6952";1
"6953";1
"6954";1
"6955";1
"6956";1
"6957";1
"6958";1
"6959";1
"6960";1
"6961";3
"6962";1
"6963";4
"6964";1
"6965";1
"6966";3
"6967";1
"6968";4
"6969";4
"6970";3
"6971";4
"6972";1
"6973";3
"6974";3
"6975";1
"6976";1
"6977";4
"6978";1
"6979";1
"6980";1
"6981";1
"6982";1
"6983";1
"6984";1
"6985";1
"6986";1
"6987";1
"6988";1
"6989";4
"6990";1
"6991";1
"6992";1
"6993";1
"6994";4
"6995";1
"6996";1
"6997";1
"6998";1
"6999";4
"7000";1
"7001";1
"7002";1
"7003";1
"7004";4
"7005";1
"7006";1
"7007";1
"7008";1
"7009";4
"7010";1
"7011";1
"7012";1
"7013";1
"7014";1
"7015";1
"7016";1
"7017";1
"7018";1
"7019";1
"7020";1
"7021";1
"7022";1
"7023";1
"7024";1
"7025";4
"7026";1
"7027";1
"7028";1
"7029";1
"7030";1
"7031";1
"7032";1
"7033";1
"7034";1
"7035";1
"7036";4
"7037";1
"7038";4
"7039";1
"7040";1
"7041";1
"7042";1
"7043";4
"7044";1
"7045";1
"7046";1
"7047";4
"7048";4
"7049";4
"7050";1
"7051";4
"7052";3
"7053";3
"7054";4
"7055";3
"7056";1
"7057";3
"7058";3
"7059";4
"7060";1
"7061";1
"7062";3
"7063";3
"7064";3
"7065";3
"7066";3
"7067";3
"7068";1
"7069";1
"7070";0
"7071";1
"7072";1
"7073";1
"7074";1
"7075";1
"7076";1
"7077";1
"7078";1
"7079";1
"7080";4
"7081";1
"7082";1
"7083";4
"7084";4
"7085";4
"7086";4
"7087";4
"7088";4
"7089";4
"7090";3
"7091";3
"7092";3
"7093";4
"7094";4
"7095";4
"7096";4
"7097";4
"7098";4
"7099";4
"7100";1
"7101";3
"7102";3
"7103";3
"7104";4
"7105";3
"7106";3
"7107";3
"7108";3
"7109";3
"7110";3
"7111";4
"7112";4
"7113";2
"7114";3
"7115";4
"7116";2
"7117";2
"7118";3
"7119";2
"7120";2
"7121";4
"7122";2
"7123";2
"7124";1
"7125";1
"7126";1
"7127";1
"7128";1
"7129";1
"7130";1
"7131";1
"7132";1
"7133";1
"7134";1
"7135";1
"7136";1
"7137";1
"7138";1
"7139";1
"7140";1
"7141";1
"7142";1
"7143";1
"7144";1
"7145";1
"7146";1
"7147";1
"7148";1
"7149";1
"7150";1
"7151";1
"7152";1
"7153";1
"7154";1
"7155";1
"7156";1
"7157";1
"7158";1
"7159";1
"7160";1
"7161";1
"7162";1
"7163";1
"7164";1
"7165";1
"7166";1
"7167";1
"7168";1
"7169";1
"7170";1
"7171";1
"7172";1
"7173";1
"7174";1
"7175";1
"7176";1
"7177";1
"7178";1
"7179";1
"7180";1
"7181";1
"7182";1
"7183";4
"7184";1
"7185";1
"7186";1
"7187";1
"7188";1
"7189";1
"7190";1
"7191";1
"7192";1
"7193";1
"7194";1
"7195";1
"7196";1
"7197";1
"7198";1
"7199";1
"7200";1
"7201";1
"7202";4
"7203";1
"7204";1
"7205";1
"7206";1
"7207";1
"7208";1
"7209";1
"7210";1
"7211";1
"7212";1
"7213";1
"7214";1
"7215";4
"7216";4
"7217";2
"7218";1
"7219";1
"7220";1
"7221";1
"7222";1
"7223";1
"7224";1
"7225";1
"7226";1
"7227";1
"7228";4
"7229";1
"7230";1
"7231";1
"7232";1
"7233";1
"7234";1
"7235";1
"7236";4
"7237";1
"7238";1
"7239";1
"7240";1
"7241";1
"7242";1
"7243";1
"7244";1
"7245";1
"7246";1
"7247";1
"7248";1
"7249";1
"7250";1
"7251";1
"7252";1
"7253";1
"7254";1
"7255";1
"7256";1
"7257";1
"7258";1
"7259";1
"7260";1
"7261";1
"7262";1
"7263";1
"7264";1
"7265";4
"7266";1
"7267";3
"7268";3
"7269";4
"7270";2
"7271";4
"7272";4
"7273";1
"7274";1
"7275";1
"7276";1
"7277";1
"7278";1
"7279";1
"7280";4
"7281";1
"7282";4
"7283";1
"7284";1
"7285";1
"7286";1
"7287";1
"7288";4
"7289";1
"7290";4
"7291";1
"7292";4
"7293";1
"7294";1
"7295";1
"7296";1
"7297";1
"7298";1
"7299";1
"7300";1
"7301";1
"7302";1
"7303";1
"7304";1
"7305";1
"7306";1
"7307";1
"7308";1
"7309";1
"7310";1
"7311";1
"7312";1
"7313";1
"7314";1
"7315";3
"7316";4
"7317";4
"7318";1
"7319";4
"7320";4
"7321";1
"7322";1
"7323";4
"7324";2
"7325";2
"7326";4
"7327";2
"7328";3
"7329";4
"7330";4
"7331";4
"7332";1
"7333";3
"7334";1
"7335";1
"7336";1
"7337";1
"7338";1
"7339";1
"7340";1
"7341";1
"7342";1
"7343";1
"7344";1
"7345";1
"7346";1
"7347";1
"7348";1
"7349";1
"7350";1
"7351";1
"7352";1
"7353";1
"7354";1
"7355";1
"7356";1
"7357";1
"7358";1
"7359";1
"7360";1
"7361";1
"7362";1
"7363";1
"7364";1
"7365";1
"7366";1
"7367";1
"7368";1
"7369";1
"7370";1
"7371";1
"7372";1
"7373";1
"7374";1
"7375";1
"7376";1
"7377";1
"7378";1
"7379";1
"7380";1
"7381";1
"7382";1
"7383";1
"7384";1
"7385";1
"7386";1
"7387";1
"7388";1
"7389";1
"7390";1
"7391";1
"7392";1
"7393";1
"7394";1
"7395";1
"7396";1
"7397";1
"7398";3
"7399";1
"7400";4
"7401";3
"7402";4
"7403";3
"7404";1
"7405";1
"7406";1
"7407";1
"7408";3
"7409";4
"7410";4
"7411";3
"7412";3
"7413";3
"7414";4
"7415";3
"7416";1
"7417";3
"7418";3
"7419";3
"7420";1
"7421";1
"7422";3
"7423";3
"7424";1
"7425";3
"7426";1
"7427";3
"7428";3
"7429";3
"7430";4
"7431";4
"7432";3
"7433";1
"7434";1
"7435";3
"7436";1
"7437";1
"7438";1
"7439";1
"7440";1
"7441";1
"7442";1
"7443";1
"7444";1
"7445";4
"7446";1
"7447";3
"7448";4
"7449";3
"7450";4
"7451";4
"7452";4
"7453";3
"7454";3
"7455";4
"7456";3
"7457";1
"7458";3
"7459";1
"7460";1
"7461";3
"7462";3
"7463";1
"7464";1
"7465";1
"7466";1
"7467";1
"7468";1
"7469";1
"7470";1
"7471";1
"7472";1
"7473";1
"7474";1
"7475";3
"7476";1
"7477";1
"7478";1
"7479";1
"7480";1
"7481";1
"7482";4
"7483";3
"7484";4
"7485";3
"7486";3
"7487";1
"7488";3
"7489";3
"7490";3
"7491";3
"7492";3
"7493";4
"7494";1
"7495";1
"7496";1
"7497";4
"7498";4
"7499";3
"7500";3
"7501";3
"7502";4
"7503";4
"7504";4
"7505";3
"7506";1
"7507";3
"7508";4
"7509";4
"7510";3
"7511";3
"7512";1
"7513";1
"7514";1
"7515";3
"7516";3
"7517";3
"7518";1
"7519";4
"7520";1
"7521";1
"7522";1
"7523";1
"7524";1
"7525";4
"7526";1
"7527";3
"7528";1
"7529";4
"7530";3
"7531";3
"7532";1
"7533";1
"7534";1
"7535";1
"7536";1
"7537";1
"7538";3
"7539";1
"7540";1
"7541";1
"7542";1
"7543";1
"7544";1
"7545";1
"7546";4
"7547";4
"7548";4
"7549";1
"7550";1
"7551";1
"7552";1
"7553";1
"7554";1
"7555";1
"7556";1
"7557";3
"7558";3
"7559";3
"7560";3
"7561";1
"7562";1
"7563";1
"7564";3
"7565";4
"7566";3
"7567";4
"7568";3
"7569";4
"7570";4
"7571";3
"7572";1
"7573";3
"7574";3
"7575";3
"7576";3
"7577";3
"7578";4
"7579";3
"7580";3
"7581";1
"7582";1
"7583";1
"7584";1
"7585";3
"7586";1
"7587";1
"7588";0
"7589";1
"7590";1
"7591";4
"7592";4
"7593";1
"7594";1
"7595";4
"7596";1
"7597";1
"7598";1
"7599";1
"7600";0
"7601";4
"7602";1
"7603";1
"7604";1
"7605";1
"7606";1
"7607";0
"7608";4
"7609";4
"7610";1
"7611";1
"7612";4
"7613";1
"7614";1
"7615";1
"7616";1
"7617";1
"7618";1
"7619";1
"7620";4
"7621";2
"7622";3
"7623";3
"7624";4
"7625";4
"7626";4
"7627";3
"7628";4
"7629";3
"7630";4
"7631";0
"7632";3
"7633";3
"7634";1
"7635";3
"7636";3
"7637";3
"7638";4
"7639";4
"7640";3
"7641";4
"7642";3
"7643";4
"7644";3
"7645";4
"7646";4
"7647";2
"7648";4
"7649";3
"7650";1
"7651";1
"7652";1
"7653";1
"7654";1
"7655";1
"7656";1
"7657";1
"7658";1
"7659";1
"7660";1
"7661";1
"7662";1
"7663";1
"7664";1
"7665";1
"7666";1
"7667";1
"7668";1
"7669";1
"7670";1
"7671";1
"7672";0
"7673";1
"7674";1
"7675";4
"7676";1
"7677";1
"7678";1
"7679";1
"7680";1
"7681";1
"7682";1
"7683";1
"7684";1
"7685";1
"7686";1
"7687";4
"7688";1
"7689";1
"7690";1
"7691";1
"7692";1
"7693";1
"7694";1
"7695";1
"7696";1
"7697";1
"7698";1
"7699";4
"7700";1
"7701";1
"7702";1
"7703";1
"7704";4
"7705";1
"7706";1
"7707";1
"7708";1
"7709";1
"7710";1
"7711";1
"7712";1
"7713";1
"7714";1
"7715";1
"7716";4
"7717";1
"7718";1
"7719";1
"7720";1
"7721";1
"7722";1
"7723";1
"7724";1
"7725";1
"7726";1
"7727";1
"7728";1
"7729";1
"7730";1
"7731";1
"7732";1
"7733";1
"7734";1
"7735";1
"7736";1
"7737";1
"7738";1
"7739";1
"7740";1
"7741";1
"7742";1
"7743";1
"7744";1
"7745";1
"7746";1
"7747";1
"7748";1
"7749";1
"7750";1
"7751";4
"7752";1
"7753";1
"7754";1
"7755";1
"7756";1
"7757";1
"7758";1
"7759";1
"7760";1
"7761";1
"7762";1
"7763";1
"7764";1
"7765";1
"7766";1
"7767";1
"7768";1
"7769";1
"7770";1
"7771";1
"7772";1
"7773";1
"7774";1
"7775";1
"7776";1
"7777";1
"7778";1
"7779";1
"7780";1
"7781";1
"7782";1
"7783";1
"7784";1
"7785";1
"7786";1
"7787";1
"7788";1
"7789";1
"7790";1
"7791";1
"7792";1
"7793";1
"7794";1
"7795";1
"7796";1
"7797";1
"7798";1
"7799";1
"7800";1
"7801";1
"7802";1
"7803";1
"7804";1
"7805";1
"7806";4
"7807";1
"7808";1
"7809";1
"7810";1
"7811";1
"7812";1
"7813";1
"7814";1
"7815";1
"7816";1
"7817";1
"7818";1
"7819";1
"7820";1
"7821";1
"7822";1
"7823";1
"7824";1
"7825";1
"7826";1
"7827";1
"7828";1
"7829";1
"7830";1
"7831";1
"7832";1
"7833";1
"7834";1
"7835";1
"7836";1
"7837";1
"7838";1
"7839";1
"7840";1
"7841";1
"7842";1
"7843";4
"7844";1
"7845";1
"7846";1
"7847";4
"7848";1
"7849";1
"7850";1
"7851";1
"7852";1
"7853";1
"7854";1
"7855";1
"7856";1
"7857";1
"7858";1
"7859";2
"7860";1
"7861";4
"7862";4
"7863";1
"7864";1
"7865";4
"7866";1
"7867";1
"7868";1
"7869";1
"7870";1
"7871";1
"7872";1
"7873";1
"7874";4
"7875";1
"7876";1
"7877";1
"7878";1
"7879";1
"7880";4
"7881";1
"7882";4
"7883";1
"7884";1
"7885";1
"7886";1
"7887";1
"7888";1
"7889";1
"7890";1
"7891";1
"7892";1
"7893";1
"7894";1
"7895";1
"7896";1
"7897";1
"7898";1
"7899";1
"7900";1
"7901";1
"7902";4
"7903";1
"7904";1
"7905";1
"7906";1
"7907";1
"7908";1
"7909";4
"7910";1
"7911";1
"7912";1
"7913";4
"7914";1
"7915";1
"7916";1
"7917";1
"7918";1
"7919";1
"7920";1
"7921";1
"7922";1
"7923";1
"7924";1
"7925";1
"7926";1
"7927";1
"7928";4
"7929";1
"7930";4
"7931";1
"7932";1
"7933";1
"7934";1
"7935";4
"7936";1
"7937";1
"7938";1
"7939";1
"7940";1
"7941";4
"7942";1
"7943";1
"7944";1
"7945";4
"7946";1
"7947";4
"7948";1
"7949";4
"7950";2
"7951";1
"7952";1
"7953";1
"7954";1
"7955";1
"7956";1
"7957";4
"7958";1
"7959";1
"7960";1
"7961";1
"7962";1
"7963";1
"7964";1
"7965";4
"7966";1
"7967";1
"7968";4
"7969";1
"7970";1
"7971";1
"7972";1
"7973";1
"7974";1
"7975";1
"7976";1
"7977";1
"7978";1
"7979";4
"7980";1
"7981";1
"7982";1
"7983";1
"7984";1
"7985";4
"7986";1
"7987";1
"7988";1
"7989";1
"7990";1
"7991";2
"7992";2
"7993";4
"7994";4
"7995";4
"7996";4
"7997";1
"7998";1
"7999";4
"8000";1
"8001";1
"8002";1
"8003";1
"8004";1
"8005";1
"8006";1
"8007";1
"8008";1
"8009";1
"8010";1
"8011";1
"8012";1
"8013";1
"8014";1
"8015";1
"8016";1
"8017";1
"8018";1
"8019";1
"8020";1
"8021";1
"8022";1
"8023";1
"8024";1
"8025";4
"8026";1
"8027";1
"8028";4
"8029";1
"8030";1
"8031";1
"8032";1
"8033";1
"8034";1
"8035";1
"8036";1
"8037";1
"8038";1
"8039";1
"8040";1
"8041";1
"8042";1
"8043";1
"8044";1
"8045";1
"8046";1
"8047";1
"8048";1
"8049";1
"8050";1
"8051";1
"8052";1
"8053";1
"8054";1
"8055";1
"8056";1
"8057";1
"8058";1
"8059";1
"8060";1
"8061";1
"8062";1
"8063";1
"8064";1
"8065";1
"8066";1
"8067";1
"8068";1
"8069";1
"8070";4
"8071";1
"8072";1
"8073";1
"8074";1
"8075";1
"8076";1
"8077";1
"8078";1
"8079";2
"8080";4
"8081";1
"8082";1
"8083";1
"8084";1
"8085";1
"8086";1
"8087";4
"8088";1
"8089";1
"8090";1
"8091";1
"8092";1
"8093";1
"8094";1
"8095";4
"8096";4
"8097";4
"8098";4
"8099";3
"8100";4
"8101";1
"8102";1
"8103";3
"8104";3
"8105";3
"8106";1
"8107";1
"8108";4
"8109";1
"8110";4
"8111";3
"8112";4
"8113";4
"8114";4
"8115";3
"8116";4
"8117";3
"8118";4
"8119";3
"8120";3
"8121";1
"8122";1
"8123";1
"8124";1
"8125";1
"8126";1
"8127";1
"8128";1
"8129";1
"8130";1
"8131";1
"8132";4
"8133";1
"8134";1
"8135";1
"8136";1
"8137";1
"8138";1
"8139";1
"8140";1
"8141";1
"8142";1
"8143";1
"8144";1
"8145";1
"8146";1
"8147";1
"8148";1
"8149";1
"8150";1
"8151";1
"8152";1
"8153";1
"8154";1
"8155";1
"8156";1
"8157";1
"8158";1
"8159";1
"8160";1
"8161";1
"8162";1
"8163";1
"8164";1
"8165";1
"8166";1
"8167";1
"8168";1
"8169";1
"8170";1
"8171";1
"8172";1
"8173";1
"8174";1
"8175";1
"8176";1
"8177";1
"8178";1
"8179";1
"8180";1
"8181";1
"8182";1
"8183";1
"8184";1
"8185";1
"8186";1
"8187";4
"8188";1
"8189";3
"8190";4
"8191";1
"8192";1
"8193";1
"8194";1
"8195";1
"8196";1
"8197";1
"8198";1
"8199";1
"8200";1
"8201";1
"8202";1
"8203";1
"8204";1
"8205";1
"8206";1
"8207";1
"8208";1
"8209";1
"8210";1
"8211";1
"8212";1
"8213";1
"8214";1
"8215";1
"8216";1
"8217";1
"8218";1
"8219";1
"8220";1
"8221";1
"8222";1
"8223";1
"8224";1
"8225";1
"8226";1
"8227";1
"8228";1
"8229";1
"8230";1
"8231";1
"8232";1
"8233";1
"8234";1
"8235";1
"8236";1
"8237";1
"8238";1
"8239";1
"8240";1
"8241";1
"8242";1
"8243";1
"8244";1
"8245";1
"8246";1
"8247";1
"8248";1
"8249";4
"8250";1
"8251";1
"8252";4
"8253";1
"8254";4
"8255";1
"8256";1
"8257";1
"8258";1
"8259";1
"8260";1
"8261";1
"8262";1
"8263";1
"8264";1
"8265";4
"8266";1
"8267";1
"8268";1
"8269";1
"8270";2
"8271";1
"8272";1
"8273";1
"8274";1
"8275";1
"8276";1
"8277";1
"8278";1
"8279";1
"8280";1
"8281";1
"8282";1
"8283";1
"8284";1
"8285";1
"8286";1
"8287";1
"8288";4
"8289";1
"8290";1
"8291";1
"8292";1
"8293";1
"8294";1
"8295";1
"8296";1
"8297";1
"8298";1
"8299";1
"8300";1
"8301";1
"8302";1
"8303";1
"8304";1
"8305";1
"8306";1
"8307";1
"8308";1
"8309";1
"8310";1
"8311";1
"8312";1
"8313";1
"8314";1
"8315";4
"8316";1
"8317";1
"8318";1
"8319";1
"8320";1
"8321";1
"8322";1
"8323";1
"8324";1
"8325";1
"8326";1
"8327";1
"8328";1
"8329";1
"8330";1
"8331";1
"8332";1
"8333";1
"8334";1
"8335";1
"8336";1
"8337";1
"8338";1
"8339";1
"8340";1
"8341";1
"8342";1
"8343";1
"8344";1
"8345";1
"8346";1
"8347";1
"8348";1
"8349";1
"8350";1
"8351";1
"8352";1
"8353";1
"8354";1
"8355";1
"8356";1
"8357";1
"8358";1
"8359";1
"8360";1
"8361";1
"8362";1
"8363";1
"8364";1
"8365";1
"8366";1
"8367";1
"8368";1
"8369";1
"8370";1
"8371";1
"8372";1
"8373";1
"8374";1
"8375";1
"8376";1
"8377";1
"8378";1
"8379";1
"8380";1
"8381";1
"8382";1
"8383";1
"8384";1
"8385";1
"8386";1
"8387";1
"8388";1
"8389";1
"8390";1
"8391";1
"8392";1
"8393";1
"8394";4
"8395";1
"8396";1
"8397";1
"8398";1
"8399";1
"8400";1
"8401";4
"8402";1
"8403";1
"8404";4
"8405";1
"8406";1
"8407";1
"8408";1
"8409";1
"8410";1
"8411";4
"8412";3
"8413";1
"8414";1
"8415";1
"8416";1
"8417";1
"8418";1
"8419";1
"8420";4
"8421";1
"8422";4
"8423";1
"8424";1
"8425";1
"8426";1
"8427";1
"8428";1
"8429";1
"8430";1
"8431";1
"8432";1
"8433";1
"8434";2
"8435";1
"8436";1
"8437";1
"8438";1
"8439";1
"8440";1
"8441";1
"8442";1
"8443";1
"8444";1
"8445";1
"8446";1
"8447";1
"8448";4
"8449";1
"8450";1
"8451";1
"8452";1
"8453";1
"8454";1
"8455";1
"8456";1
"8457";1
"8458";1
"8459";1
"8460";1
"8461";1
"8462";1
"8463";1
"8464";1
"8465";1
"8466";1
"8467";1
"8468";1
"8469";1
"8470";1
"8471";1
"8472";1
"8473";1
"8474";1
"8475";1
"8476";1
"8477";1
"8478";1
"8479";1
"8480";1
"8481";1
"8482";1
"8483";1
"8484";1
"8485";1
"8486";1
"8487";1
"8488";1
"8489";1
"8490";1
"8491";2
"8492";0
"8493";1
"8494";4
"8495";1
"8496";1
"8497";1
"8498";1
"8499";1
"8500";1
"8501";1
"8502";1
"8503";1
"8504";1
"8505";1
"8506";4
"8507";1
"8508";2
"8509";1
"8510";4
"8511";1
"8512";1
"8513";1
"8514";1
"8515";1
"8516";1
"8517";4
"8518";1
"8519";4
"8520";1
"8521";1
"8522";3
"8523";1
"8524";1
"8525";1
"8526";1
"8527";1
"8528";2
"8529";4
"8530";1
"8531";4
"8532";1
"8533";3
"8534";1
"8535";1
"8536";1
"8537";4
"8538";1
"8539";1
"8540";1
"8541";1
"8542";1
"8543";1
"8544";4
"8545";1
"8546";4
"8547";4
"8548";4
"8549";4
"8550";1
"8551";4
"8552";4
"8553";4
"8554";4
"8555";4
"8556";3
"8557";3
"8558";1
"8559";1
"8560";1
"8561";4
"8562";1
"8563";1
"8564";4
"8565";1
"8566";1
"8567";1
"8568";1
"8569";1
"8570";1
"8571";4
"8572";1
"8573";4
"8574";4
"8575";0
"8576";1
"8577";1
"8578";4
"8579";3
"8580";1
"8581";3
"8582";4
"8583";4
"8584";2
"8585";2
"8586";4
"8587";4
"8588";1
"8589";1
"8590";1
"8591";1
"8592";1
"8593";4
"8594";1
"8595";1
"8596";4
"8597";1
"8598";1
"8599";1
"8600";4
"8601";1
"8602";1
"8603";1
"8604";1
"8605";1
"8606";1
"8607";1
"8608";1
"8609";1
"8610";4
"8611";4
"8612";1
"8613";1
"8614";1
"8615";1
"8616";3
"8617";4
"8618";1
"8619";1
"8620";1
"8621";1
"8622";1
"8623";1
"8624";1
"8625";1
"8626";1
"8627";1
"8628";1
"8629";4
"8630";1
"8631";1
"8632";3
"8633";3
"8634";1
"8635";1
"8636";1
"8637";1
"8638";4
"8639";1
"8640";1
"8641";1
"8642";3
"8643";3
"8644";1
"8645";1
"8646";1
"8647";1
"8648";1
"8649";4
"8650";1
"8651";1
"8652";1
"8653";1
"8654";1
"8655";1
"8656";1
"8657";1
"8658";1
"8659";1
"8660";1
"8661";1
"8662";1
"8663";4
"8664";1
"8665";1
"8666";1
"8667";1
"8668";1
"8669";1
"8670";1
"8671";4
"8672";1
"8673";1
"8674";1
"8675";1
"8676";1
"8677";4
"8678";1
"8679";1
"8680";3
"8681";4
"8682";3
"8683";3
"8684";3
"8685";3
"8686";1
"8687";3
"8688";4
"8689";4
"8690";3
"8691";3
"8692";3
"8693";4
"8694";0
"8695";3
"8696";4
"8697";3
"8698";3
"8699";3
"8700";3
"8701";4
"8702";3
"8703";3
"8704";4
"8705";3
"8706";3
"8707";3
"8708";3
"8709";3
"8710";1
"8711";1
"8712";4
"8713";4
"8714";1
"8715";1
"8716";1
"8717";1
"8718";1
"8719";1
"8720";2
"8721";4
"8722";1
"8723";1
"8724";1
"8725";1
"8726";1
"8727";1
"8728";1
"8729";4
"8730";1
"8731";3
"8732";3
"8733";4
"8734";1
"8735";1
"8736";1
"8737";1
"8738";1
"8739";1
"8740";1
"8741";1
"8742";1
"8743";1
"8744";4
"8745";1
"8746";1
"8747";1
"8748";1
"8749";1
"8750";1
"8751";1
"8752";1
"8753";1
"8754";1
"8755";1
"8756";1
"8757";1
"8758";1
"8759";1
"8760";1
"8761";4
"8762";1
"8763";1
"8764";1
"8765";4
"8766";4
"8767";1
"8768";1
"8769";1
"8770";1
"8771";1
"8772";1
"8773";1
"8774";1
"8775";1
"8776";1
"8777";1
"8778";1
"8779";1
"8780";1
"8781";1
"8782";1
"8783";1
"8784";1
"8785";1
"8786";4
"8787";1
"8788";1
"8789";1
"8790";1
"8791";1
"8792";1
"8793";1
"8794";1
"8795";1
"8796";1
"8797";1
"8798";0
"8799";1
"8800";1
"8801";4
"8802";4
"8803";1
"8804";1
"8805";1
"8806";1
"8807";1
"8808";2
"8809";1
"8810";1
"8811";4
"8812";1
"8813";1
"8814";1
"8815";1
"8816";1
"8817";1
"8818";3
"8819";1
"8820";1
"8821";1
"8822";1
"8823";1
"8824";1
"8825";1
"8826";1
"8827";1
"8828";1
"8829";1
"8830";1
"8831";1
"8832";1
"8833";1
"8834";4
"8835";2
"8836";1
"8837";1
"8838";1
"8839";1
"8840";1
"8841";1
"8842";1
"8843";1
"8844";1
"8845";1
"8846";1
"8847";1
"8848";1
"8849";1
"8850";1
"8851";1
"8852";1
"8853";1
"8854";1
"8855";1
"8856";1
"8857";1
"8858";2
"8859";1
"8860";1
"8861";1
"8862";1
"8863";1
"8864";4
"8865";2
"8866";1
"8867";1
"8868";1
"8869";1
"8870";4
"8871";4
"8872";1
"8873";1
"8874";1
"8875";4
"8876";1
"8877";1
"8878";1
"8879";1
"8880";1
"8881";4
"8882";1
"8883";1
"8884";1
"8885";1
"8886";1
"8887";4
"8888";1
"8889";1
"8890";4
"8891";2
"8892";4
"8893";1
"8894";1
"8895";1
"8896";1
"8897";1
"8898";1
"8899";1
"8900";1
"8901";1
"8902";1
"8903";1
"8904";4
"8905";1
"8906";2
"8907";4
"8908";1
"8909";1
"8910";1
"8911";1
"8912";3
"8913";1
"8914";1
"8915";4
"8916";1
"8917";4
"8918";1
"8919";4
"8920";1
"8921";1
"8922";4
"8923";1
"8924";1
"8925";1
"8926";1
"8927";1
"8928";1
"8929";1
"8930";1
"8931";1
"8932";1
"8933";1
"8934";1
"8935";1
"8936";4
"8937";1
"8938";1
"8939";1
"8940";4
"8941";1
"8942";1
"8943";1
"8944";1
"8945";1
"8946";1
"8947";1
"8948";1
"8949";1
"8950";1
"8951";1
"8952";1
"8953";1
"8954";1
"8955";2
"8956";2
"8957";4
"8958";1
"8959";1
"8960";1
"8961";4
"8962";1
"8963";4
"8964";1
"8965";1
"8966";1
"8967";1
"8968";1
"8969";1
"8970";1
"8971";1
"8972";1
"8973";1
"8974";1
"8975";1
"8976";1
"8977";1
"8978";1
"8979";1
"8980";1
"8981";1
"8982";1
"8983";1
"8984";1
"8985";1
"8986";1
"8987";1
"8988";1
"8989";1
"8990";1
"8991";1
"8992";3
"8993";1
"8994";1
"8995";1
"8996";4
"8997";4
"8998";1
"8999";1
"9000";1
"9001";1
"9002";1
"9003";1
"9004";1
"9005";1
"9006";1
"9007";1
"9008";1
"9009";1
"9010";1
"9011";1
"9012";1
"9013";4
"9014";4
"9015";4
"9016";2
"9017";1
"9018";4
"9019";4
"9020";1
"9021";1
"9022";1
"9023";1
"9024";1
"9025";1
"9026";1
"9027";1
"9028";1
"9029";1
"9030";1
"9031";4
"9032";4
"9033";1
"9034";1
"9035";4
"9036";1
"9037";4
"9038";4
"9039";4
"9040";1
"9041";1
"9042";1
"9043";1
"9044";1
"9045";4
"9046";4
"9047";1
"9048";4
"9049";1
"9050";1
"9051";1
"9052";1
"9053";1
"9054";1
"9055";4
"9056";2
"9057";1
"9058";1
"9059";1
"9060";1
"9061";1
"9062";1
"9063";1
"9064";1
"9065";1
"9066";1
"9067";1
"9068";1
"9069";1
"9070";1
"9071";1
"9072";1
"9073";1
"9074";1
"9075";1
"9076";1
"9077";1
"9078";4
"9079";1
"9080";1
"9081";1
"9082";1
"9083";1
"9084";3
"9085";1
"9086";1
"9087";1
"9088";4
"9089";1
"9090";1
"9091";1
"9092";1
"9093";1
"9094";1
"9095";1
"9096";4
"9097";1
"9098";4
"9099";1
"9100";2
"9101";4
"9102";1
"9103";1
"9104";1
"9105";4
"9106";1
"9107";1
"9108";1
"9109";2
"9110";4
"9111";1
"9112";1
"9113";1
"9114";1
"9115";1
"9116";1
"9117";1
"9118";1
"9119";1
"9120";1
"9121";1
"9122";1
"9123";1
"9124";1
"9125";1
"9126";1
"9127";4
"9128";1
"9129";1
"9130";1
"9131";1
"9132";1
"9133";1
"9134";1
"9135";1
"9136";1
"9137";1
"9138";1
"9139";1
"9140";1
"9141";1
"9142";1
"9143";1
"9144";4
"9145";1
"9146";4
"9147";1
"9148";1
"9149";1
"9150";1
"9151";1
"9152";1
"9153";1
"9154";1
"9155";1
"9156";1
"9157";1
"9158";1
"9159";4
"9160";1
"9161";4
"9162";1
"9163";1
"9164";1
"9165";1
"9166";1
"9167";1
"9168";2
"9169";2
"9170";4
"9171";4
"9172";0
"9173";1
"9174";1
"9175";3
"9176";1
"9177";1
"9178";4
"9179";4
"9180";4
"9181";4
"9182";1
"9183";4
"9184";1
"9185";1
"9186";1
"9187";1
"9188";1
"9189";1
"9190";1
"9191";1
"9192";1
"9193";1
"9194";1
"9195";1
"9196";1
"9197";1
"9198";1
"9199";1
"9200";1
"9201";2
"9202";1
"9203";1
"9204";1
"9205";4
"9206";1
"9207";1
"9208";4
"9209";1
"9210";1
"9211";1
"9212";1
"9213";1
"9214";1
"9215";1
"9216";1
"9217";1
"9218";4
"9219";4
"9220";1
"9221";1
"9222";1
"9223";2
"9224";1
"9225";1
"9226";1
"9227";1
"9228";1
"9229";1
"9230";4
"9231";4
"9232";3
"9233";3
"9234";3
"9235";3
"9236";4
"9237";3
"9238";3
"9239";3
"9240";3
"9241";4
"9242";3
"9243";3
"9244";3
"9245";4
"9246";4
"9247";3
"9248";4
"9249";3
"9250";3
"9251";3
"9252";3
"9253";3
"9254";3
"9255";4
"9256";3
"9257";3
"9258";3
"9259";3
"9260";3
"9261";1
"9262";1
"9263";3
"9264";3
"9265";3
"9266";4
"9267";3
"9268";3
"9269";3
"9270";3
"9271";2
"9272";4
"9273";3
"9274";3
"9275";3
"9276";3
"9277";3
"9278";4
"9279";4
"9280";3
"9281";3
"9282";3
"9283";3
"9284";3
"9285";3
"9286";3
"9287";3
"9288";3
"9289";2
"9290";3
"9291";3
"9292";3
"9293";3
"9294";3
"9295";4
"9296";4
"9297";2
"9298";4
"9299";1
"9300";1
"9301";4
"9302";1
"9303";4
"9304";4
"9305";1
"9306";4
"9307";3
"9308";3
"9309";3
"9310";1
"9311";3
"9312";4
"9313";3
"9314";4
"9315";4
"9316";4
"9317";4
"9318";4
"9319";3
"9320";4
"9321";3
"9322";1
"9323";3
"9324";3
"9325";1
"9326";1
"9327";3
"9328";0
"9329";4
"9330";3
"9331";4
"9332";4
"9333";3
"9334";4
"9335";4
"9336";3
"9337";4
"9338";4
"9339";4
"9340";4
"9341";4
"9342";4
"9343";4
"9344";4
"9345";4
"9346";4
"9347";0
"9348";4
"9349";4
"9350";4
"9351";4
"9352";4
"9353";4
"9354";4
"9355";4
"9356";4
"9357";1
"9358";4
"9359";2
"9360";4
"9361";4
"9362";4
"9363";4
"9364";4
"9365";4
"9366";4
"9367";4
"9368";4
"9369";4
"9370";4
"9371";4
"9372";4
"9373";4
"9374";4
"9375";4
"9376";4
"9377";4
"9378";4
"9379";4
"9380";2
"9381";2
"9382";2
"9383";2
"9384";2
"9385";2
"9386";2
"9387";2
"9388";2
"9389";4
"9390";1
"9391";4
"9392";4
"9393";3
"9394";3
"9395";3
"9396";4
"9397";4
"9398";4
"9399";3
"9400";4
"9401";4
"9402";4
"9403";4
"9404";4
"9405";4
"9406";4
"9407";4
"9408";4
"9409";4
"9410";4
"9411";4
"9412";1
"9413";4
"9414";1
"9415";1
"9416";4
"9417";1
"9418";4
"9419";1
"9420";4
"9421";4
"9422";4
"9423";4
"9424";0
"9425";0
"9426";0
"9427";0
"9428";0
"9429";4
"9430";1
"9431";4
"9432";4
"9433";4
"9434";4
"9435";3
"9436";4
"9437";3
"9438";4
"9439";3
"9440";4
"9441";3
"9442";1
"9443";4
"9444";4
"9445";4
"9446";4
"9447";3
"9448";3
"9449";4
"9450";4
"9451";3
"9452";3
"9453";4
"9454";4
"9455";1
"9456";1
"9457";4
"9458";1
"9459";1
"9460";4
"9461";4
"9462";4
"9463";4
"9464";0
"9465";4
"9466";3
"9467";1
"9468";1
"9469";4
"9470";4
"9471";4
"9472";4
"9473";1
"9474";4
"9475";4
"9476";4
"9477";4
"9478";4
"9479";4
"9480";4
"9481";4
"9482";4
"9483";4
"9484";4
"9485";4
"9486";4
"9487";3
"9488";1
"9489";4
"9490";4
"9491";3
"9492";0
"9493";4
"9494";4
"9495";4
"9496";4
"9497";4
"9498";2
"9499";4
"9500";4
"9501";4
"9502";3
"9503";3
"9504";4
"9505";4
"9506";4
"9507";4
"9508";4
"9509";4
"9510";4
"9511";4
"9512";4
"9513";4
"9514";3
"9515";4
"9516";4
"9517";4
"9518";4
"9519";4
"9520";4
"9521";4
"9522";4
"9523";4
"9524";4
"9525";4
"9526";4
"9527";4
"9528";4
"9529";4
"9530";4
"9531";4
"9532";4
"9533";4
"9534";4
"9535";4
"9536";4
"9537";4
"9538";4
"9539";4
"9540";4
"9541";4
"9542";4
"9543";0
"9544";4
"9545";3
"9546";4
"9547";4
"9548";4
"9549";4
"9550";4
"9551";4
"9552";4
"9553";4
"9554";4
"9555";4
"9556";4
"9557";4
"9558";0
"9559";4
"9560";4
"9561";4
"9562";4
"9563";4
"9564";4
"9565";4
"9566";0
"9567";4
"9568";4
"9569";2
"9570";4
"9571";4
"9572";4
"9573";4
"9574";4
"9575";4
"9576";4
"9577";4
"9578";2
"9579";4
"9580";4
"9581";4
"9582";4
"9583";4
"9584";4
"9585";4
"9586";4
"9587";4
"9588";4
"9589";4
"9590";4
"9591";4
"9592";2
"9593";4
"9594";4
"9595";4
"9596";4
"9597";3
"9598";4
"9599";4
"9600";4
"9601";4
"9602";2
"9603";4
"9604";4
"9605";4
"9606";4
"9607";4
"9608";1
"9609";3
"9610";4
"9611";4
"9612";4
"9613";4
"9614";1
"9615";4
"9616";4
"9617";4
"9618";4
"9619";4
"9620";4
"9621";4
"9622";4
"9623";4
"9624";4
"9625";4
"9626";4
"9627";4
"9628";0
"9629";4
"9630";4
"9631";4
"9632";4
"9633";4
"9634";4
"9635";4
"9636";4
"9637";4
"9638";4
"9639";4
"9640";4
"9641";1
"9642";3
"9643";4
"9644";4
"9645";4
"9646";4
"9647";4
"9648";4
"9649";4
"9650";4
"9651";4
"9652";4
"9653";1
"9654";4
"9655";4
"9656";4
"9657";4
"9658";4
"9659";4
"9660";4
"9661";4
"9662";4
"9663";4
"9664";1
"9665";4
"9666";4
"9667";4
"9668";4
"9669";4
"9670";4
"9671";4
"9672";4
"9673";4
"9674";4
"9675";4
"9676";4
"9677";4
"9678";4
"9679";4
"9680";1
"9681";1
"9682";4
"9683";1
"9684";4
"9685";4
"9686";4
"9687";1
"9688";4
"9689";4
"9690";4
"9691";4
"9692";4
"9693";4
"9694";4
"9695";4
"9696";4
"9697";4
"9698";4
"9699";4
"9700";4
"9701";4
"9702";4
"9703";4
"9704";4
"9705";4
"9706";4
"9707";4
"9708";4
"9709";4
"9710";4
"9711";4
"9712";4
"9713";0
"9714";4
"9715";4
"9716";4
"9717";4
"9718";4
"9719";4
"9720";4
"9721";4
"9722";4
"9723";3
"9724";3
"9725";4
"9726";4
"9727";4
"9728";4
"9729";4
"9730";4
"9731";4
"9732";0
"9733";4
"9734";4
"9735";4
"9736";4
"9737";4
"9738";4
"9739";4
"9740";4
"9741";4
"9742";4
"9743";4
"9744";4
"9745";4
"9746";4
"9747";4
"9748";4
"9749";4
"9750";4
"9751";4
"9752";4
"9753";4
"9754";4
"9755";4
"9756";4
"9757";4
"9758";2
"9759";4
"9760";4
"9761";2
"9762";4
"9763";4
"9764";4
"9765";4
"9766";4
"9767";4
"9768";4
"9769";4
"9770";4
"9771";4
"9772";4
"9773";4
"9774";2
"9775";4
"9776";4
"9777";4
"9778";1
"9779";4
"9780";4
"9781";4
"9782";2
"9783";4
"9784";1
"9785";4
"9786";4
"9787";4
"9788";4
"9789";4
"9790";1
"9791";0
"9792";2
"9793";4
"9794";4
"9795";4
"9796";4
"9797";4
"9798";4
"9799";4
"9800";4
"9801";4
"9802";4
"9803";4
"9804";4
"9805";4
"9806";4
"9807";4
"9808";4
"9809";4
"9810";4
"9811";4
"9812";1
"9813";1
"9814";4
"9815";1
"9816";1
"9817";1
"9818";4
"9819";4
"9820";4
"9821";4
"9822";4
"9823";4
"9824";4
"9825";4
"9826";4
"9827";4
"9828";4
"9829";4
"9830";4
"9831";4
"9832";4
"9833";4
"9834";4
"9835";4
"9836";4
"9837";4
"9838";0
"9839";4
"9840";4
"9841";4
"9842";4
"9843";4
"9844";4
"9845";4
"9846";4
"9847";4
"9848";4
"9849";4
"9850";1
"9851";4
"9852";4
"9853";4
"9854";4
"9855";3
"9856";4
"9857";4
"9858";4
"9859";4
"9860";4
"9861";4
"9862";4
"9863";4
"9864";4
"9865";4
"9866";4
"9867";4
"9868";4
"9869";4
"9870";4
"9871";4
"9872";4
"9873";4
"9874";3
"9875";0
"9876";4
"9877";4
"9878";4
"9879";4
"9880";4
"9881";4
"9882";4
"9883";4
"9884";4
"9885";4
"9886";4
"9887";4
"9888";4
"9889";2
"9890";4
"9891";4
"9892";4
"9893";4
"9894";2
"9895";2
"9896";4
"9897";1
"9898";4
"9899";2
"9900";1
"9901";1
"9902";1
"9903";1
"9904";1
"9905";1
"9906";1
"9907";1
"9908";1
"9909";1
"9910";1
"9911";1
"9912";1
"9913";1
"9914";1
"9915";1
"9916";1
"9917";1
"9918";1
"9919";1
"9920";1
"9921";1
"9922";1
"9923";1
"9924";1
"9925";1
"9926";1
"9927";1
"9928";1
"9929";1
"9930";1
"9931";1
"9932";1
"9933";1
"9934";1
"9935";1
"9936";1
"9937";1
"9938";1
"9939";1
"9940";1
"9941";1
"9942";1
"9943";1
"9944";1
"9945";1
"9946";3
"9947";1
"9948";1
"9949";1
"9950";3
"9951";1
"9952";1
"9953";1
"9954";1
"9955";1
"9956";1
"9957";1
"9958";1
"9959";1
"9960";1
"9961";1
"9962";1
"9963";1
"9964";1
"9965";1
"9966";1
"9967";1
"9968";1
"9969";1
"9970";1
"9971";1
"9972";1
"9973";1
"9974";1
"9975";1
"9976";1
"9977";1
"9978";1
"9979";4
"9980";1
"9981";1
"9982";1
"9983";1
"9984";1
"9985";1
"9986";1
"9987";1
"9988";1
"9989";1
"9990";1
"9991";1
"9992";1
"9993";1
"9994";1
"9995";1
"9996";1
"9997";1
"9998";1
"9999";1
"10000";1
"10001";1
"10002";1
"10003";1
"10004";1
"10005";1
"10006";1
"10007";1
"10008";1
"10009";1
"10010";1
"10011";1
"10012";1
"10013";1
"10014";1
"10015";1
"10016";1
"10017";1
"10018";1
"10019";1
"10020";1
"10021";1
"10022";4
"10023";4
"10024";1
"10025";4
"10026";1
"10027";1
"10028";1
"10029";1
"10030";1
"10031";1
"10032";0
"10033";1
"10034";1
"10035";1
"10036";1
"10037";4
"10038";1
"10039";1
"10040";1
"10041";1
"10042";1
"10043";1
"10044";1
"10045";1
"10046";1
"10047";1
"10048";1
"10049";1
"10050";1
"10051";1
"10052";1
"10053";1
"10054";1
"10055";1
"10056";1
"10057";1
"10058";1
"10059";1
"10060";1
"10061";1
"10062";1
"10063";1
"10064";1
"10065";1
"10066";1
"10067";1
"10068";1
"10069";1
"10070";1
"10071";1
"10072";1
"10073";1
"10074";1
"10075";1
"10076";1
"10077";1
"10078";1
"10079";1
"10080";1
"10081";1
"10082";1
"10083";1
"10084";1
"10085";1
"10086";1
"10087";1
"10088";1
"10089";1
"10090";1
"10091";1
"10092";1
"10093";1
"10094";1
"10095";1
"10096";1
"10097";1
"10098";1
"10099";1
"10100";1
"10101";1
"10102";1
"10103";1
"10104";1
"10105";1
"10106";1
"10107";4
"10108";1
"10109";1
"10110";1
"10111";1
"10112";1
"10113";1
"10114";1
"10115";1
"10116";4
"10117";2
"10118";1
"10119";1
"10120";1
"10121";1
"10122";1
"10123";1
"10124";1
"10125";1
"10126";1
"10127";1
"10128";1
"10129";1
"10130";1
"10131";4
"10132";1
"10133";1
"10134";1
"10135";1
"10136";1
"10137";1
"10138";1
"10139";1
"10140";1
"10141";1
"10142";1
"10143";1
"10144";1
"10145";1
"10146";1
"10147";1
"10148";1
"10149";1
"10150";1
"10151";1
"10152";1
"10153";1
"10154";4
"10155";1
"10156";1
"10157";1
"10158";1
"10159";1
"10160";1
"10161";1
"10162";1
"10163";1
"10164";1
"10165";1
"10166";1
"10167";1
"10168";1
"10169";1
"10170";1
"10171";1
"10172";1
"10173";1
"10174";1
"10175";1
"10176";1
"10177";1
"10178";1
"10179";1
"10180";4
"10181";3
"10182";4
"10183";3
"10184";1
"10185";1
"10186";1
"10187";1
"10188";1
"10189";1
"10190";1
"10191";1
"10192";1
"10193";1
"10194";1
"10195";1
"10196";3
"10197";3
"10198";0
"10199";1
"10200";1
"10201";1
"10202";1
"10203";1
"10204";1
"10205";1
"10206";1
"10207";1
"10208";1
"10209";1
"10210";1
"10211";1
"10212";1
"10213";1
"10214";4
"10215";4
"10216";1
"10217";1
"10218";1
"10219";1
"10220";1
"10221";0
"10222";1
"10223";1
"10224";1
"10225";1
"10226";4
"10227";4
"10228";4
"10229";1
"10230";1
"10231";1
"10232";1
"10233";1
"10234";1
"10235";1
"10236";1
"10237";1
"10238";1
"10239";1
"10240";1
"10241";1
"10242";4
"10243";4
"10244";4
"10245";4
"10246";4
"10247";4
"10248";4
"10249";3
"10250";3
"10251";4
"10252";4
"10253";2
"10254";3
"10255";3
"10256";3
"10257";3
"10258";3
"10259";4
"10260";4
"10261";4
"10262";4
"10263";4
"10264";4
"10265";4
"10266";4
"10267";4
"10268";3
"10269";4
"10270";3
"10271";3
"10272";4
"10273";3
"10274";3
"10275";3
"10276";3
"10277";3
"10278";3
"10279";4
"10280";4
"10281";2
"10282";4
"10283";3
"10284";3
"10285";1
"10286";1
"10287";1
"10288";1
"10289";1
"10290";3
"10291";1
"10292";1
"10293";3
"10294";1
"10295";3
"10296";4
"10297";3
"10298";1
"10299";1
"10300";1
"10301";3
"10302";3
"10303";3
"10304";2
"10305";3
"10306";3
"10307";3
"10308";2
"10309";3
"10310";4
"10311";4
"10312";4
"10313";2
"10314";2
"10315";2
"10316";2
"10317";3
"10318";3
"10319";3
"10320";3
"10321";3
"10322";3
"10323";4
"10324";3
"10325";3
"10326";4
"10327";3
"10328";3
"10329";3
"10330";3
"10331";4
"10332";4
"10333";4
"10334";3
"10335";4
"10336";3
"10337";3
"10338";4
"10339";4
"10340";3
"10341";3
"10342";3
"10343";1
"10344";3
"10345";4
"10346";0
"10347";4
"10348";3
"10349";4
"10350";4
"10351";4
"10352";4
"10353";4
"10354";2
"10355";0
"10356";4
"10357";4
"10358";4
"10359";4
"10360";4
"10361";4
"10362";3
"10363";4
"10364";4
"10365";3
"10366";3
"10367";3
"10368";3
"10369";3
"10370";4
"10371";4
"10372";4
"10373";4
"10374";4
"10375";4
"10376";4
"10377";2
"10378";1
"10379";1
"10380";3
"10381";3
"10382";3
"10383";4
"10384";3
"10385";3
"10386";4
"10387";3
"10388";4
"10389";4
"10390";4
"10391";4
"10392";3
"10393";2
"10394";4
"10395";4
"10396";4
"10397";4
"10398";4
"10399";4
"10400";2
"10401";3
"10402";3
"10403";3
"10404";4
"10405";4
"10406";3
"10407";4
"10408";4
"10409";4
"10410";4
"10411";4
"10412";3
"10413";3
"10414";4
"10415";4
"10416";4
"10417";4
"10418";4
"10419";4
"10420";4
"10421";4
"10422";4
"10423";4
"10424";4
"10425";2
"10426";4
"10427";4
"10428";4
"10429";4
"10430";4
"10431";3
"10432";3
"10433";3
"10434";3
"10435";3
"10436";3
"10437";3
"10438";3
"10439";3
"10440";3
"10441";3
"10442";3
"10443";3
"10444";1
"10445";1
"10446";3
"10447";1
"10448";3
"10449";4
"10450";3
"10451";4
"10452";3
"10453";0
"10454";2
"10455";2
"10456";2
"10457";4
"10458";4
"10459";3
"10460";3
"10461";3
"10462";3
"10463";0
"10464";4
"10465";1
"10466";3
"10467";3
"10468";4
"10469";3
"10470";4
"10471";3
"10472";3
"10473";3
"10474";4
"10475";3
"10476";3
"10477";3
"10478";3
"10479";4
"10480";4
"10481";4
"10482";4
"10483";4
"10484";3
"10485";4
"10486";1
"10487";3
"10488";3
"10489";3
"10490";3
"10491";3
"10492";3
"10493";3
"10494";4
"10495";4
"10496";3
"10497";3
"10498";4
"10499";4
"10500";3
"10501";4
"10502";3
"10503";3
"10504";2
"10505";4
"10506";4
"10507";3
"10508";3
"10509";3
"10510";4
"10511";3
"10512";4
"10513";4
"10514";4
"10515";4
"10516";3
"10517";4
"10518";4
"10519";3
"10520";4
"10521";3
"10522";4
"10523";3
"10524";4
"10525";3
"10526";4
"10527";4
"10528";3
"10529";4
"10530";4
"10531";3
"10532";3
"10533";3
"10534";3
"10535";3
"10536";3
"10537";3
"10538";2
"10539";3
"10540";3
"10541";4
"10542";4
"10543";4
"10544";3
"10545";3
"10546";3
"10547";3
"10548";3
"10549";3
"10550";3
"10551";3
"10552";3
"10553";4
"10554";4
"10555";4
"10556";3
"10557";1
"10558";4
"10559";3
"10560";3
"10561";4
"10562";3
"10563";3
"10564";3
"10565";3
"10566";3
"10567";4
"10568";3
"10569";3
"10570";3
"10571";4
"10572";4
"10573";2
"10574";3
"10575";3
"10576";3
"10577";3
"10578";3
"10579";3
"10580";3
"10581";3
"10582";4
"10583";1
"10584";4
"10585";4
"10586";4
"10587";4
"10588";3
"10589";4
"10590";3
"10591";4
"10592";4
"10593";4
"10594";4
"10595";0
"10596";0
"10597";4
"10598";4
"10599";0
"10600";4
"10601";4
"10602";3
"10603";4
"10604";4
"10605";4
"10606";4
"10607";4
"10608";4
"10609";4
"10610";4
"10611";4
"10612";4
"10613";4
"10614";4
"10615";4
"10616";0
"10617";4
"10618";4
"10619";4
"10620";4
"10621";3
"10622";4
"10623";4
"10624";4
"10625";1
"10626";4
"10627";4
"10628";4
"10629";3
"10630";4
"10631";4
"10632";4
"10633";4
"10634";4
"10635";3
"10636";3
"10637";3
"10638";3
"10639";3
"10640";4
"10641";0
"10642";0
"10643";0
"10644";0
"10645";1
"10646";4
"10647";3
"10648";0
"10649";0
"10650";3
"10651";3
"10652";3
"10653";3
"10654";4
"10655";0
"10656";3
"10657";4
"10658";0
"10659";4
"10660";4
"10661";4
"10662";4
"10663";4
"10664";4
"10665";3
"10666";4
"10667";0
"10668";4
"10669";4
"10670";3
"10671";4
"10672";4
"10673";4
"10674";4
"10675";4
"10676";4
"10677";4
"10678";4
"10679";4
"10680";4
"10681";3
"10682";3
"10683";4
"10684";3
"10685";4
"10686";3
"10687";2
"10688";4
"10689";4
"10690";4
"10691";4
"10692";4
"10693";4
"10694";4
"10695";4
"10696";4
"10697";4
"10698";3
"10699";1
"10700";1
"10701";3
"10702";4
"10703";3
"10704";3
"10705";4
"10706";3
"10707";3
"10708";4
"10709";3
"10710";4
"10711";4
"10712";4
"10713";3
"10714";3
"10715";4
"10716";4
"10717";4
"10718";4
"10719";4
"10720";3
"10721";3
"10722";3
"10723";3
"10724";3
"10725";3
"10726";3
"10727";4
"10728";3
"10729";3
"10730";4
"10731";4
"10732";4
"10733";3
"10734";3
"10735";3
"10736";3
"10737";4
"10738";3
"10739";3
"10740";4
"10741";4
"10742";3
"10743";2
"10744";3
"10745";4
"10746";3
"10747";2
"10748";1
"10749";1
"10750";1
"10751";1
"10752";3
"10753";3
"10754";4
"10755";4
"10756";4
"10757";4
"10758";4
"10759";2
"10760";3
"10761";3
"10762";3
"10763";4
"10764";4
"10765";4
"10766";3
"10767";3
"10768";3
"10769";1
"10770";4
"10771";3
"10772";3
"10773";3
"10774";3
"10775";1
"10776";1
"10777";1
"10778";1
"10779";1
"10780";3
"10781";1
"10782";1
"10783";1
"10784";1
"10785";1
"10786";1
"10787";1
"10788";1
"10789";1
"10790";1
"10791";1
"10792";1
"10793";1
"10794";1
"10795";1
"10796";1
"10797";1
"10798";1
"10799";1
"10800";1
"10801";1
"10802";1
"10803";1
"10804";1
"10805";1
"10806";1
"10807";1
"10808";1
"10809";1
"10810";1
"10811";1
"10812";4
"10813";0
"10814";3
"10815";3
"10816";3
"10817";4
"10818";0
"10819";0
"10820";0
"10821";0
"10822";0
"10823";0
"10824";0
"10825";0
"10826";0
"10827";0
"10828";0
"10829";0
"10830";0
"10831";0
"10832";0
"10833";0
"10834";0
"10835";0
"10836";0
"10837";0
"10838";0
"10839";0
"10840";0
"10841";0
"10842";0
"10843";0
"10844";0
"10845";2
"10846";4
"10847";0
"10848";4
"10849";4
"10850";1
"10851";1
"10852";4
"10853";3
"10854";2
"10855";0
"10856";4
"10857";0
"10858";2
"10859";4
"10860";4
"10861";4
"10862";4
"10863";4
"10864";4
"10865";4
"10866";2
"10867";2
"10868";2
"10869";4
"10870";3
"10871";4
"10872";4
"10873";0
"10874";0
"10875";4
"10876";2
"10877";4
"10878";4
"10879";4
"10880";4
"10881";4
"10882";4
"10883";4
"10884";4
"10885";4
"10886";4
"10887";4
"10888";4
"10889";4
"10890";4
"10891";4
"10892";4
"10893";4
"10894";4
"10895";4
"10896";4
"10897";4
"10898";4
"10899";4
"10900";4
"10901";4
"10902";4
"10903";4
"10904";4
"10905";4
"10906";4
"10907";4
"10908";4
"10909";4
"10910";3
"10911";4
"10912";4
"10913";4
"10914";4
"10915";4
"10916";4
"10917";4
"10918";4
"10919";3
"10920";4
"10921";3
"10922";4
"10923";3
"10924";4
"10925";4
"10926";4
"10927";4
"10928";3
"10929";4
"10930";4
"10931";2
"10932";3
"10933";3
"10934";4
"10935";3
"10936";3
"10937";3
"10938";3
"10939";3
"10940";3
"10941";3
"10942";3
"10943";1
"10944";3
"10945";3
"10946";3
"10947";3
"10948";4
"10949";4
"10950";4
"10951";4
"10952";3
"10953";3
"10954";4
"10955";4
"10956";4
"10957";4
"10958";4
"10959";4
"10960";4
"10961";4
"10962";4
"10963";4
"10964";0
"10965";0
"10966";1
"10967";4
"10968";4
"10969";4
"10970";4
"10971";2
"10972";4
"10973";4
"10974";4
"10975";4
"10976";4
"10977";3
"10978";3
"10979";3
"10980";3
"10981";3
"10982";3
"10983";3
"10984";4
"10985";4
"10986";3
"10987";3
"10988";3
"10989";3
"10990";1
"10991";3
"10992";4
"10993";4
"10994";4
"10995";4
"10996";0
"10997";4
"10998";4
"10999";4
"11000";0
"11001";4
"11002";4
"11003";3
"11004";0
"11005";4
"11006";1
"11007";1
"11008";0
"11009";4
"11010";3
"11011";4
"11012";4
"11013";0
"11014";0
"11015";0
"11016";0
"11017";4
"11018";0
"11019";0
"11020";4
"11021";4
"11022";4
"11023";1
"11024";2
"11025";4
"11026";4
"11027";0
"11028";0
"11029";0
"11030";4
"11031";4
"11032";0
"11033";0
"11034";0
"11035";4
"11036";4
"11037";4
"11038";4
"11039";4
"11040";4
"11041";4
"11042";4
"11043";4
"11044";4
"11045";1
"11046";1
"11047";4
"11048";1
"11049";1
"11050";1
"11051";1
"11052";1
"11053";1
"11054";1
"11055";1
"11056";1
"11057";1
"11058";1
"11059";1
"11060";1
"11061";1
"11062";1
"11063";4
"11064";1
"11065";1
"11066";1
"11067";1
"11068";1
"11069";1
"11070";4
"11071";1
"11072";1
"11073";1
"11074";1
"11075";2
"11076";1
"11077";1
"11078";1
"11079";1
"11080";1
"11081";1
"11082";1
"11083";4
"11084";1
"11085";1
"11086";1
"11087";1
"11088";1
"11089";1
"11090";1
"11091";1
"11092";1
"11093";1
"11094";1
"11095";1
"11096";1
"11097";1
"11098";1
"11099";1
"11100";1
"11101";1
"11102";1
"11103";1
"11104";1
"11105";1
"11106";1
"11107";1
"11108";1
"11109";1
"11110";1
"11111";1
"11112";1
"11113";1
"11114";1
"11115";4
"11116";4
"11117";1
"11118";1
"11119";1
"11120";3
"11121";1
"11122";1
"11123";1
"11124";1
"11125";1
"11126";1
"11127";1
"11128";1
"11129";1
"11130";4
"11131";1
"11132";1
"11133";1
"11134";4
"11135";1
"11136";1
"11137";1
"11138";1
"11139";1
"11140";1
"11141";1
"11142";1
"11143";1
"11144";1
"11145";1
"11146";4
"11147";1
"11148";1
"11149";1
"11150";1
"11151";1
"11152";1
"11153";1
"11154";1
"11155";1
"11156";1
"11157";1
"11158";1
"11159";1
"11160";1
"11161";1
"11162";1
"11163";1
"11164";1
"11165";1
"11166";1
"11167";1
"11168";1
"11169";1
"11170";1
"11171";1
"11172";1
"11173";1
"11174";1
"11175";1
"11176";1
"11177";1
"11178";1
"11179";1
"11180";1
"11181";1
"11182";1
"11183";1
"11184";1
"11185";1
"11186";1
"11187";1
"11188";1
"11189";1
"11190";1
"11191";1
"11192";1
"11193";1
"11194";0
"11195";1
"11196";1
"11197";1
"11198";1
"11199";1
"11200";1
"11201";1
"11202";1
"11203";4
"11204";1
"11205";1
"11206";1
"11207";1
"11208";1
"11209";1
"11210";1
"11211";1
"11212";1
"11213";1
"11214";1
"11215";1
"11216";1
"11217";1
"11218";1
"11219";1
"11220";3
"11221";1
"11222";3
"11223";1
"11224";1
"11225";1
"11226";4
"11227";1
"11228";3
"11229";1
"11230";1
"11231";1
"11232";1
"11233";1
"11234";1
"11235";1
"11236";1
"11237";1
"11238";1
"11239";1
"11240";1
"11241";1
"11242";1
"11243";1
"11244";1
"11245";1
"11246";1
"11247";1
"11248";1
"11249";1
"11250";1
"11251";1
"11252";1
"11253";1
"11254";1
"11255";1
"11256";1
"11257";1
"11258";1
"11259";1
"11260";1
"11261";1
"11262";1
"11263";1
"11264";1
"11265";1
"11266";1
"11267";1
"11268";1
"11269";1
"11270";4
"11271";1
"11272";1
"11273";1
"11274";1
"11275";1
"11276";4
"11277";1
"11278";1
"11279";1
"11280";1
"11281";1
"11282";1
"11283";3
"11284";3
"11285";0
"11286";1
"11287";1
"11288";1
"11289";3
"11290";4
"11291";1
"11292";1
"11293";4
"11294";2
"11295";0
"11296";2
"11297";1
"11298";1
"11299";1
"11300";1
"11301";1
"11302";1
"11303";3
"11304";3
"11305";1
"11306";1
"11307";1
"11308";4
"11309";3
"11310";3
"11311";3
"11312";1
"11313";1
"11314";4
"11315";1
"11316";0
"11317";4
"11318";4
"11319";3
"11320";1
"11321";1
"11322";4
"11323";1
"11324";3
"11325";1
"11326";1
"11327";1
"11328";1
"11329";1
"11330";1
"11331";1
"11332";1
"11333";1
"11334";1
"11335";1
"11336";1
"11337";1
"11338";1
"11339";1
"11340";4
"11341";1
"11342";1
"11343";1
"11344";1
"11345";1
"11346";4
"11347";1
"11348";1
"11349";4
"11350";1
"11351";2
"11352";1
"11353";4
"11354";3
"11355";1
"11356";1
"11357";3
"11358";4
"11359";1
"11360";1
"11361";1
"11362";4
"11363";1
"11364";0
"11365";1
"11366";1
"11367";1
"11368";1
"11369";1
"11370";1
"11371";1
"11372";1
"11373";1
"11374";1
"11375";2
"11376";1
"11377";1
"11378";2
"11379";1
"11380";3
"11381";1
"11382";1
"11383";1
"11384";1
"11385";1
"11386";1
"11387";4
"11388";1
"11389";1
"11390";1
"11391";1
"11392";1
"11393";1
"11394";4
"11395";1
"11396";1
"11397";1
"11398";4
"11399";1
"11400";1
"11401";1
"11402";4
"11403";4
"11404";4
"11405";4
"11406";4
"11407";4
"11408";4
"11409";0
"11410";0
"11411";4
"11412";1
"11413";1
"11414";4
"11415";4
"11416";4
"11417";4
"11418";4
"11419";4
"11420";4
"11421";0
"11422";0
"11423";4
"11424";4
"11425";4
"11426";4
"11427";4
"11428";4
"11429";4
"11430";0
"11431";0
"11432";4
"11433";0
"11434";3
"11435";3
"11436";4
"11437";4
"11438";4
"11439";4
"11440";2
"11441";2
"11442";4
"11443";4
"11444";4
"11445";4
"11446";4
"11447";4
"11448";2
"11449";4
"11450";2
"11451";4
"11452";1
"11453";1
"11454";4
"11455";4
"11456";4
"11457";4
"11458";4
"11459";3
"11460";1
"11461";0
"11462";3
"11463";3
"11464";3
"11465";4
"11466";3
"11467";4
"11468";4
"11469";4
"11470";4
"11471";4
"11472";0
"11473";3
"11474";3
"11475";4
"11476";3
"11477";2
"11478";3
"11479";4
"11480";4
"11481";4
"11482";4
"11483";4
"11484";4
"11485";4
"11486";4
"11487";4
"11488";1
"11489";4
"11490";4
"11491";4
"11492";4
"11493";4
"11494";4
"11495";4
"11496";4
"11497";3
"11498";4
"11499";4
"11500";4
"11501";4
"11502";4
"11503";4
"11504";4
"11505";4
"11506";4
"11507";4
"11508";4
"11509";4
"11510";4
"11511";4
"11512";4
"11513";4
"11514";4
"11515";4
"11516";4
"11517";4
"11518";0
"11519";4
"11520";4
"11521";4
"11522";4
"11523";4
"11524";4
"11525";4
"11526";4
"11527";3
"11528";3
"11529";3
"11530";3
"11531";1
"11532";3
"11533";3
"11534";3
"11535";3
"11536";3
"11537";3
"11538";3
"11539";3
"11540";3
"11541";3
"11542";3
"11543";3
"11544";4
"11545";3
"11546";3
"11547";3
"11548";3
"11549";4
"11550";3
"11551";3
"11552";3
"11553";3
"11554";4
"11555";4
"11556";3
"11557";4
"11558";3
"11559";4
"11560";3
"11561";4
"11562";3
"11563";3
"11564";4
"11565";4
"11566";4
"11567";4
"11568";2
"11569";3
"11570";3
"11571";4
"11572";3
"11573";4
"11574";4
"11575";3
"11576";3
"11577";4
"11578";4
"11579";3
"11580";3
"11581";3
"11582";3
"11583";3
"11584";3
"11585";3
"11586";3
"11587";3
"11588";3
"11589";3
"11590";4
"11591";4
"11592";4
"11593";3
"11594";3
"11595";1
"11596";4
"11597";3
"11598";3
"11599";3
"11600";3
"11601";3
"11602";3
"11603";4
"11604";3
"11605";3
"11606";3
"11607";4
"11608";1
"11609";2
"11610";4
"11611";2
"11612";2
"11613";2
"11614";2
"11615";2
"11616";2
"11617";2
"11618";4
"11619";2
"11620";2
"11621";2
"11622";1
"11623";4
"11624";3
"11625";3
"11626";3
"11627";1
"11628";3
"11629";3
"11630";3
"11631";1
"11632";4
"11633";4
"11634";4
"11635";4
"11636";3
"11637";4
"11638";1
"11639";2
"11640";3
"11641";4
"11642";4
"11643";4
"11644";4
"11645";4
"11646";4
"11647";4
"11648";2
"11649";4
"11650";3
"11651";4
"11652";4
"11653";3
"11654";4
"11655";3
"11656";4
"11657";4
"11658";3
"11659";3
"11660";3
"11661";4
"11662";2
"11663";4
"11664";4
"11665";2
"11666";4
"11667";0
"11668";2
"11669";2
"11670";4
"11671";0
"11672";4
"11673";4
"11674";4
"11675";2
"11676";2
"11677";2
"11678";0
"11679";4
"11680";0
"11681";4
"11682";4
"11683";4
"11684";4
"11685";4
"11686";2
"11687";3
"11688";2
"11689";4
"11690";3
"11691";3
"11692";3
"11693";1
"11694";1
"11695";1
"11696";3
"11697";1
"11698";1
"11699";1
"11700";3
"11701";1
"11702";1
"11703";1
"11704";4
"11705";3
"11706";3
"11707";3
"11708";1
"11709";3
"11710";3
"11711";3
"11712";3
"11713";3
"11714";4
"11715";3
"11716";1
"11717";1
"11718";3
"11719";3
"11720";3
"11721";4
"11722";4
"11723";3
"11724";3
"11725";3
"11726";3
"11727";4
"11728";4
"11729";3
"11730";3
"11731";3
"11732";3
"11733";4
"11734";4
"11735";3
"11736";3
"11737";4
"11738";4
"11739";4
"11740";4
"11741";3
"11742";3
"11743";3
"11744";3
"11745";3
"11746";3
"11747";3
"11748";4
"11749";3
"11750";3
"11751";1
"11752";1
"11753";4
"11754";4
"11755";4
"11756";3
"11757";3
"11758";4
"11759";4
"11760";4
"11761";4
"11762";4
"11763";3
"11764";4
"11765";4
"11766";4
"11767";3
"11768";4
"11769";3
"11770";3
"11771";3
"11772";3
"11773";4
"11774";4
"11775";4
"11776";4
"11777";4
"11778";3
"11779";1
"11780";4
"11781";3
"11782";4
"11783";4
"11784";4
"11785";4
"11786";4
"11787";4
"11788";4
"11789";3
"11790";4
"11791";4
"11792";4
"11793";4
"11794";3
"11795";3
"11796";4
"11797";3
"11798";3
"11799";4
"11800";3
"11801";3
"11802";3
"11803";3
"11804";4
"11805";3
"11806";3
"11807";3
"11808";3
"11809";3
"11810";4
"11811";0
"11812";3
"11813";1
"11814";4
"11815";3
"11816";3
"11817";0
"11818";4
"11819";3
"11820";3
"11821";3
"11822";3
"11823";3
"11824";3
"11825";3
"11826";3
"11827";3
"11828";3
"11829";3
"11830";4
"11831";3
"11832";3
"11833";3
"11834";3
"11835";3
"11836";1
"11837";3
"11838";3
"11839";4
"11840";3
"11841";3
"11842";3
"11843";4
"11844";4
"11845";3
"11846";4
"11847";4
"11848";3
"11849";3
"11850";3
"11851";3
"11852";4
"11853";4
"11854";3
"11855";3
"11856";1
"11857";3
"11858";4
"11859";3
"11860";3
"11861";3
"11862";4
"11863";2
"11864";4
"11865";4
"11866";4
"11867";4
"11868";3
"11869";4
"11870";4
"11871";4
"11872";3
"11873";4
"11874";3
"11875";4
"11876";4
"11877";4
"11878";4
"11879";2
"11880";4
"11881";0
"11882";3
"11883";4
"11884";4
"11885";3
"11886";3
"11887";0
"11888";4
"11889";3
"11890";4
"11891";3
"11892";4
"11893";4
"11894";3
"11895";1
"11896";4
"11897";4
"11898";3
"11899";4
"11900";4
"11901";4
"11902";4
"11903";4
"11904";4
"11905";4
"11906";3
"11907";4
"11908";4
"11909";4
"11910";4
"11911";4
"11912";4
"11913";4
"11914";3
"11915";4
"11916";4
"11917";3
"11918";4
"11919";4
"11920";4
"11921";0
"11922";4
"11923";4
"11924";2
"11925";4
"11926";2
"11927";2
"11928";4
"11929";2
"11930";2
"11931";2
"11932";2
"11933";4
"11934";2
"11935";2
"11936";2
"11937";2
"11938";2
"11939";2
"11940";2
"11941";2
"11942";2
"11943";2
"11944";2
"11945";2
"11946";2
"11947";2
"11948";2
"11949";2
"11950";2
"11951";2
"11952";2
"11953";2
"11954";2
"11955";2
"11956";2
"11957";2
"11958";2
"11959";0
"11960";2
"11961";2
"11962";2
"11963";2
"11964";2
"11965";2
"11966";2
"11967";2
"11968";2
"11969";2
"11970";2
"11971";2
"11972";2
"11973";2
"11974";2
"11975";2
"11976";2
"11977";2
"11978";2
"11979";2
"11980";2
"11981";2
"11982";2
"11983";2
"11984";2
"11985";2
"11986";2
"11987";2
"11988";2
"11989";2
"11990";2
"11991";2
"11992";2
"11993";2
"11994";2
"11995";2
"11996";2
"11997";2
"11998";2
"11999";2
"12000";2
"12001";2
"12002";2
"12003";2
"12004";2
"12005";2
"12006";2
"12007";2
"12008";2
"12009";2
"12010";2
"12011";2
"12012";4
"12013";2
"12014";2
"12015";2
"12016";2
"12017";2
"12018";2
"12019";2
"12020";2
"12021";2
"12022";2
"12023";2
"12024";4
"12025";2
"12026";2
"12027";2
"12028";2
"12029";4
"12030";2
"12031";4
"12032";2
"12033";2
"12034";2
"12035";4
"12036";2
"12037";2
"12038";2
"12039";2
"12040";2
"12041";2
"12042";2
"12043";4
"12044";2
"12045";2
"12046";2
"12047";2
"12048";2
"12049";2
"12050";2
"12051";2
"12052";2
"12053";2
"12054";2
"12055";2
"12056";2
"12057";2
"12058";2
"12059";2
"12060";2
"12061";2
"12062";2
"12063";4
"12064";2
"12065";2
"12066";2
"12067";2
"12068";4
"12069";2
"12070";2
"12071";2
"12072";2
"12073";4
"12074";2
"12075";2
"12076";2
"12077";2
"12078";2
"12079";2
"12080";2
"12081";2
"12082";2
"12083";2
"12084";2
"12085";2
"12086";2
"12087";2
"12088";2
"12089";4
"12090";2
"12091";0
"12092";2
"12093";2
"12094";2
"12095";2
"12096";2
"12097";2
"12098";2
"12099";2
"12100";2
"12101";4
"12102";2
"12103";2
"12104";2
"12105";2
"12106";4
"12107";2
"12108";4
"12109";2
"12110";4
"12111";2
"12112";2
"12113";4
"12114";2
"12115";2
"12116";2
"12117";2
"12118";2
"12119";2
"12120";2
"12121";2
"12122";2
"12123";2
"12124";2
"12125";2
"12126";2
"12127";2
"12128";4
"12129";2
"12130";2
"12131";4
"12132";0
"12133";4
"12134";3
"12135";0
"12136";2
"12137";2
"12138";2
"12139";4
"12140";4
"12141";4
"12142";2
"12143";2
"12144";2
"12145";2
"12146";2
"12147";2
"12148";2
"12149";2
"12150";2
"12151";2
"12152";2
"12153";2
"12154";2
"12155";2
"12156";2
"12157";2
"12158";2
"12159";2
"12160";2
"12161";2
"12162";2
"12163";4
"12164";2
"12165";2
"12166";2
"12167";2
"12168";2
"12169";2
"12170";2
"12171";0
"12172";1
"12173";3
"12174";3
"12175";2
"12176";2
"12177";2
"12178";4
"12179";2
"12180";2
"12181";4
"12182";2
"12183";2
"12184";2
"12185";2
"12186";2
"12187";2
"12188";2
"12189";2
"12190";2
"12191";2
"12192";4
"12193";2
"12194";2
"12195";2
"12196";2
"12197";4
"12198";2
"12199";2
"12200";2
"12201";2
"12202";2
"12203";2
"12204";2
"12205";2
"12206";2
"12207";2
"12208";2
"12209";4
"12210";2
"12211";2
"12212";2
"12213";2
"12214";2
"12215";2
"12216";2
"12217";2
"12218";2
"12219";2
"12220";2
"12221";2
"12222";4
"12223";2
"12224";2
"12225";2
"12226";2
"12227";2
"12228";2
"12229";2
"12230";2
"12231";2
"12232";2
"12233";2
"12234";2
"12235";2
"12236";2
"12237";2
"12238";2
"12239";2
"12240";2
"12241";2
"12242";2
"12243";2
"12244";2
"12245";2
"12246";2
"12247";2
"12248";2
"12249";2
"12250";2
"12251";2
"12252";2
"12253";2
"12254";2
"12255";2
"12256";2
"12257";2
"12258";2
"12259";2
"12260";2
"12261";2
"12262";2
"12263";2
"12264";4
"12265";2
"12266";2
"12267";2
"12268";2
"12269";2
"12270";2
"12271";2
"12272";2
"12273";2
"12274";2
"12275";2
"12276";2
"12277";2
"12278";2
"12279";2
"12280";2
"12281";2
"12282";2
"12283";2
"12284";2
"12285";2
"12286";2
"12287";2
"12288";2
"12289";2
"12290";2
"12291";2
"12292";2
"12293";2
"12294";2
"12295";2
"12296";2
"12297";2
"12298";2
"12299";2
"12300";2
"12301";2
"12302";2
"12303";2
"12304";4
"12305";2
"12306";4
"12307";2
"12308";2
"12309";2
"12310";2
"12311";2
"12312";4
"12313";2
"12314";4
"12315";2
"12316";2
"12317";2
"12318";2
"12319";2
"12320";2
"12321";4
"12322";4
"12323";4
"12324";4
"12325";2
"12326";4
"12327";4
"12328";2
"12329";2
"12330";2
"12331";4
"12332";4
"12333";2
"12334";2
"12335";2
"12336";2
"12337";2
"12338";2
"12339";2
"12340";2
"12341";2
"12342";2
"12343";2
"12344";2
"12345";2
"12346";2
"12347";2
"12348";2
"12349";2
"12350";2
"12351";2
"12352";2
"12353";2
"12354";2
"12355";2
"12356";2
"12357";2
"12358";2
"12359";2
"12360";2
"12361";2
"12362";2
"12363";2
"12364";2
"12365";4
"12366";2
"12367";2
"12368";2
"12369";2
"12370";2
"12371";2
"12372";2
"12373";4
"12374";2
"12375";2
"12376";2
"12377";2
"12378";2
"12379";2
"12380";2
"12381";2
"12382";4
"12383";4
"12384";4
"12385";4
"12386";4
"12387";4
"12388";2
"12389";2
"12390";4
"12391";4
"12392";4
"12393";2
"12394";2
"12395";4
"12396";4
"12397";4
"12398";4
"12399";4
"12400";4
"12401";4
"12402";4
"12403";2
"12404";2
"12405";2
"12406";2
"12407";2
"12408";2
"12409";2
"12410";4
"12411";2
"12412";2
"12413";4
"12414";2
"12415";2
"12416";2
"12417";2
"12418";2
"12419";2
"12420";2
"12421";2
"12422";2
"12423";2
"12424";2
"12425";3
"12426";2
"12427";2
"12428";2
"12429";2
"12430";2
"12431";4
"12432";2
"12433";4
"12434";4
"12435";2
"12436";2
"12437";2
"12438";2
"12439";2
"12440";2
"12441";2
"12442";2
"12443";4
"12444";2
"12445";2
"12446";2
"12447";2
"12448";2
"12449";2
"12450";2
"12451";2
"12452";2
"12453";2
"12454";2
"12455";4
"12456";2
"12457";2
"12458";4
"12459";2
"12460";2
"12461";2
"12462";2
"12463";4
"12464";2
"12465";2
"12466";2
"12467";2
"12468";2
"12469";2
"12470";2
"12471";4
"12472";2
"12473";2
"12474";4
"12475";4
"12476";3
"12477";4
"12478";4
"12479";2
"12480";4
"12481";2
"12482";2
"12483";4
"12484";2
"12485";0
"12486";2
"12487";2
"12488";2
"12489";2
"12490";2
"12491";4
"12492";4
"12493";4
"12494";2
"12495";2
"12496";2
"12497";2
"12498";4
"12499";2
"12500";4
"12501";0
"12502";4
"12503";2
"12504";2
"12505";4
"12506";2
"12507";2
"12508";2
"12509";2
"12510";2
"12511";2
"12512";4
"12513";4
"12514";2
"12515";2
"12516";2
"12517";2
"12518";4
"12519";2
"12520";4
"12521";4
"12522";2
"12523";2
"12524";4
"12525";4
"12526";4
"12527";4
"12528";2
"12529";2
"12530";2
"12531";2
"12532";2
"12533";2
"12534";2
"12535";2
"12536";2
"12537";2
"12538";2
"12539";2
"12540";2
"12541";2
"12542";2
"12543";4
"12544";2
"12545";2
"12546";2
"12547";2
"12548";2
"12549";4
"12550";4
"12551";2
"12552";4
"12553";4
"12554";4
"12555";4
"12556";4
"12557";2
"12558";2
"12559";2
"12560";2
"12561";2
"12562";2
"12563";2
"12564";2
"12565";2
"12566";4
"12567";2
"12568";2
"12569";4
"12570";4
"12571";2
"12572";2
"12573";2
"12574";2
"12575";2
"12576";2
"12577";2
"12578";2
"12579";2
"12580";2
"12581";2
"12582";2
"12583";2
"12584";2
"12585";2
"12586";2
"12587";2
"12588";2
"12589";2
"12590";2
"12591";2
"12592";2
"12593";2
"12594";2
"12595";2
"12596";2
"12597";2
"12598";2
"12599";2
"12600";2
"12601";2
"12602";2
"12603";2
"12604";2
"12605";2
"12606";2
"12607";2
"12608";2
"12609";2
"12610";2
"12611";2
"12612";2
"12613";2
"12614";2
"12615";2
"12616";2
"12617";2
"12618";2
"12619";2
"12620";2
"12621";2
"12622";2
"12623";2
"12624";2
"12625";2
"12626";2
"12627";2
"12628";2
"12629";2
"12630";4
"12631";2
"12632";4
"12633";2
"12634";2
"12635";2
"12636";2
"12637";2
"12638";2
"12639";2
"12640";2
"12641";2
"12642";2
"12643";2
"12644";2
"12645";4
"12646";2
"12647";2
"12648";2
"12649";2
"12650";4
"12651";2
"12652";2
"12653";2
"12654";2
"12655";2
"12656";4
"12657";2
"12658";2
"12659";4
"12660";2
"12661";2
"12662";4
"12663";2
"12664";2
"12665";2
"12666";2
"12667";2
"12668";2
"12669";4
"12670";2
"12671";2
"12672";2
"12673";2
"12674";2
"12675";3
"12676";4
"12677";4
"12678";2
"12679";2
"12680";2
"12681";2
"12682";2
"12683";4
"12684";4
"12685";2
"12686";2
"12687";2
"12688";2
"12689";2
"12690";2
"12691";2
"12692";2
"12693";2
"12694";2
"12695";2
"12696";2
"12697";2
"12698";2
"12699";2
"12700";2
"12701";2
"12702";4
"12703";2
"12704";4
"12705";2
"12706";2
"12707";4
"12708";2
"12709";4
"12710";2
"12711";2
"12712";4
"12713";4
"12714";2
"12715";2
"12716";4
"12717";2
"12718";4
"12719";2
"12720";2
"12721";2
"12722";4
"12723";2
"12724";4
"12725";2
"12726";2
"12727";4
"12728";4
"12729";4
"12730";0
"12731";4
"12732";4
"12733";4
"12734";4
"12735";4
"12736";2
"12737";2
"12738";4
"12739";2
"12740";2
"12741";2
"12742";2
"12743";2
"12744";2
"12745";2
"12746";2
"12747";2
"12748";2
"12749";2
"12750";2
"12751";2
"12752";4
"12753";2
"12754";2
"12755";2
"12756";2
"12757";2
"12758";2
"12759";2
"12760";2
"12761";2
"12762";2
"12763";2
"12764";2
"12765";2
"12766";2
"12767";2
"12768";2
"12769";2
"12770";2
"12771";2
"12772";2
"12773";2
"12774";2
"12775";2
"12776";4
"12777";4
"12778";2
"12779";2
"12780";2
"12781";2
"12782";2
"12783";4
"12784";4
"12785";4
"12786";2
"12787";2
"12788";2
"12789";2
"12790";2
"12791";2
"12792";4
"12793";2
"12794";2
"12795";2
"12796";2
"12797";2
"12798";2
"12799";2
"12800";2
"12801";4
"12802";2
"12803";2
"12804";2
"12805";4
"12806";4
"12807";2
"12808";4
"12809";2
"12810";2
"12811";2
"12812";4
"12813";4
"12814";2
"12815";2
"12816";4
"12817";2
"12818";4
"12819";4
"12820";2
"12821";2
"12822";2
"12823";4
"12824";2
"12825";2
"12826";2
"12827";2
"12828";2
"12829";2
"12830";2
"12831";2
"12832";4
"12833";2
"12834";2
"12835";2
"12836";2
"12837";2
"12838";4
"12839";2
"12840";4
"12841";2
"12842";2
"12843";2
"12844";2
"12845";2
"12846";2
"12847";2
"12848";2
"12849";2
"12850";4
"12851";2
"12852";4
"12853";2
"12854";2
"12855";2
"12856";2
"12857";2
"12858";4
"12859";2
"12860";2
"12861";2
"12862";2
"12863";2
"12864";2
"12865";2
"12866";2
"12867";2
"12868";4
"12869";2
"12870";2
"12871";2
"12872";2
"12873";4
"12874";2
"12875";2
"12876";2
"12877";2
"12878";2
"12879";2
"12880";2
"12881";2
"12882";4
"12883";2
"12884";2
"12885";2
"12886";2
"12887";2
"12888";2
"12889";2
"12890";2
"12891";2
"12892";2
"12893";2
"12894";4
"12895";2
"12896";2
"12897";2
"12898";2
"12899";2
"12900";2
"12901";2
"12902";2
"12903";2
"12904";2
"12905";2
"12906";2
"12907";2
"12908";4
"12909";2
"12910";2
"12911";2
"12912";2
"12913";2
"12914";2
"12915";2
"12916";4
"12917";2
"12918";2
"12919";2
"12920";2
"12921";2
"12922";2
"12923";4
"12924";4
"12925";2
"12926";2
"12927";2
"12928";2
"12929";2
"12930";2
"12931";2
"12932";2
"12933";2
"12934";2
"12935";2
"12936";2
"12937";2
"12938";2
"12939";4
"12940";2
"12941";2
"12942";2
"12943";2
"12944";2
"12945";2
"12946";2
"12947";2
"12948";2
"12949";2
"12950";2
"12951";4
"12952";4
"12953";2
"12954";2
"12955";2
"12956";2
"12957";2
"12958";4
"12959";2
"12960";2
"12961";4
"12962";2
"12963";2
"12964";2
"12965";2
"12966";2
"12967";2
"12968";2
"12969";2
"12970";2
"12971";2
"12972";2
"12973";2
"12974";2
"12975";2
"12976";2
"12977";2
"12978";2
"12979";2
"12980";2
"12981";2
"12982";4
"12983";2
"12984";2
"12985";4
"12986";2
"12987";2
"12988";2
"12989";2
"12990";2
"12991";2
"12992";2
"12993";2
"12994";2
"12995";4
"12996";4
"12997";2
"12998";2
"12999";2
"13000";2
"13001";4
"13002";4
"13003";4
"13004";4
"13005";2
"13006";2
"13007";2
"13008";2
"13009";2
"13010";2
"13011";2
"13012";2
"13013";2
"13014";4
"13015";4
"13016";4
"13017";4
"13018";4
"13019";4
"13020";4
"13021";4
"13022";4
"13023";4
"13024";2
"13025";2
"13026";4
"13027";2
"13028";2
"13029";4
"13030";2
"13031";2
"13032";2
"13033";4
"13034";4
"13035";2
"13036";2
"13037";2
"13038";2
"13039";2
"13040";2
"13041";2
"13042";2
"13043";2
"13044";2
"13045";2
"13046";2
"13047";2
"13048";2
"13049";2
"13050";2
"13051";4
"13052";4
"13053";4
"13054";2
"13055";2
"13056";2
"13057";2
"13058";2
"13059";2
"13060";2
"13061";2
"13062";2
"13063";2
"13064";2
"13065";2
"13066";2
"13067";2
"13068";2
"13069";2
"13070";2
"13071";2
"13072";2
"13073";2
"13074";2
"13075";2
"13076";2
"13077";2
"13078";2
"13079";2
"13080";2
"13081";2
"13082";2
"13083";4
"13084";2
"13085";2
"13086";2
"13087";2
"13088";2
"13089";2
"13090";2
"13091";2
"13092";2
"13093";2
"13094";2
"13095";4
"13096";4
"13097";2
"13098";2
"13099";2
"13100";2
"13101";2
"13102";2
"13103";2
"13104";4
"13105";4
"13106";2
"13107";2
"13108";2
"13109";2
"13110";2
"13111";2
"13112";2
"13113";4
"13114";4
"13115";4
"13116";4
"13117";4
"13118";2
"13119";4
"13120";2
"13121";4
"13122";2
"13123";2
"13124";2
"13125";2
"13126";2
"13127";2
"13128";2
"13129";2
"13130";2
"13131";4
"13132";4
"13133";2
"13134";2
"13135";2
"13136";4
"13137";2
"13138";4
"13139";2
"13140";2
"13141";2
"13142";2
"13143";2
"13144";4
"13145";2
"13146";2
"13147";2
"13148";2
"13149";2
"13150";4
"13151";2
"13152";2
"13153";2
"13154";3
"13155";2
"13156";2
"13157";2
"13158";2
"13159";2
"13160";2
"13161";2
"13162";4
"13163";2
"13164";2
"13165";2
"13166";2
"13167";2
"13168";2
"13169";2
"13170";2
"13171";2
"13172";2
"13173";2
"13174";2
"13175";2
"13176";2
"13177";2
"13178";2
"13179";2
"13180";2
"13181";2
"13182";2
"13183";2
"13184";2
"13185";2
"13186";2
"13187";2
"13188";2
"13189";2
"13190";2
"13191";2
"13192";2
"13193";2
"13194";2
"13195";2
"13196";4
"13197";2
"13198";2
"13199";2
"13200";2
"13201";2
"13202";2
"13203";4
"13204";2
"13205";2
"13206";2
"13207";2
"13208";2
"13209";2
"13210";2
"13211";2
"13212";2
"13213";3
"13214";4
"13215";2
"13216";2
"13217";2
"13218";2
"13219";2
"13220";2
"13221";4
"13222";2
"13223";4
"13224";4
"13225";2
"13226";2
"13227";2
"13228";2
"13229";2
"13230";2
"13231";4
"13232";2
"13233";4
"13234";2
"13235";0
"13236";2
"13237";2
"13238";4
"13239";3
"13240";4
"13241";2
"13242";2
"13243";4
"13244";4
"13245";2
"13246";4
"13247";4
"13248";4
"13249";4
"13250";2
"13251";4
"13252";2
"13253";2
"13254";4
"13255";4
"13256";0
"13257";4
"13258";2
"13259";2
"13260";4
"13261";2
"13262";2
"13263";4
"13264";2
"13265";2
"13266";2
"13267";2
"13268";2
"13269";2
"13270";2
"13271";2
"13272";2
"13273";2
"13274";2
"13275";2
"13276";2
"13277";2
"13278";2
"13279";2
"13280";2
"13281";2
"13282";2
"13283";2
"13284";2
"13285";2
"13286";2
"13287";2
"13288";2
"13289";2
"13290";2
"13291";2
"13292";2
"13293";2
"13294";3
"13295";3
"13296";1
"13297";1
"13298";3
"13299";1
"13300";4
"13301";4
"13302";2
"13303";4
"13304";2
"13305";2
"13306";2
"13307";2
"13308";2
"13309";2
"13310";2
"13311";4
"13312";2
"13313";2
"13314";2
"13315";4
"13316";4
"13317";2
"13318";2
"13319";2
"13320";2
"13321";2
"13322";2
"13323";2
"13324";2
"13325";2
"13326";2
"13327";2
"13328";2
"13329";2
"13330";4
"13331";2
"13332";2
"13333";2
"13334";2
"13335";2
"13336";2
"13337";2
"13338";2
"13339";2
"13340";2
"13341";2
"13342";2
"13343";2
"13344";2
"13345";2
"13346";2
"13347";2
"13348";2
"13349";2
"13350";2
"13351";2
"13352";2
"13353";2
"13354";4
"13355";2
"13356";2
"13357";2
"13358";2
"13359";2
"13360";2
"13361";2
"13362";2
"13363";4
"13364";2
"13365";2
"13366";2
"13367";2
"13368";2
"13369";2
"13370";2
"13371";2
"13372";0
"13373";2
"13374";2
"13375";2
"13376";2
"13377";2
"13378";2
"13379";2
"13380";2
"13381";4
"13382";2
"13383";2
"13384";2
"13385";2
"13386";2
"13387";2
"13388";2
"13389";2
"13390";2
"13391";2
"13392";2
"13393";2
"13394";2
"13395";2
"13396";2
"13397";2
"13398";2
"13399";2
"13400";2
"13401";2
"13402";2
"13403";2
"13404";4
"13405";2
"13406";2
"13407";2
"13408";4
"13409";2
"13410";2
"13411";2
"13412";2
"13413";2
"13414";2
"13415";2
"13416";2
"13417";2
"13418";2
"13419";2
"13420";2
"13421";4
"13422";2
"13423";2
"13424";4
"13425";4
"13426";2
"13427";2
"13428";2
"13429";2
"13430";2
"13431";2
"13432";2
"13433";2
"13434";2
"13435";2
"13436";2
"13437";2
"13438";2
"13439";2
"13440";2
"13441";2
"13442";2
"13443";4
"13444";2
"13445";2
"13446";2
"13447";2
"13448";2
"13449";2
"13450";2
"13451";2
"13452";2
"13453";2
"13454";2
"13455";2
"13456";2
"13457";2
"13458";2
"13459";2
"13460";2
"13461";2
"13462";2
"13463";2
"13464";2
"13465";2
"13466";2
"13467";2
"13468";2
"13469";2
"13470";2
"13471";2
"13472";2
"13473";2
"13474";2
"13475";2
"13476";2
"13477";2
"13478";2
"13479";2
"13480";2
"13481";2
"13482";2
"13483";4
"13484";2
"13485";2
"13486";2
"13487";2
"13488";2
"13489";2
"13490";2
"13491";2
"13492";2
"13493";2
"13494";2
"13495";2
"13496";2
"13497";2
"13498";2
"13499";2
"13500";2
"13501";4
"13502";2
"13503";2
"13504";2
"13505";2
"13506";2
"13507";2
"13508";2
"13509";2
"13510";2
"13511";4
"13512";2
"13513";2
"13514";2
"13515";2
"13516";2
"13517";2
"13518";2
"13519";2
"13520";2
"13521";2
"13522";4
"13523";4
"13524";2
"13525";2
"13526";2
"13527";2
"13528";4
"13529";4
"13530";4
"13531";2
"13532";2
"13533";2
"13534";4
"13535";4
"13536";2
"13537";2
"13538";2
"13539";2
"13540";2
"13541";4
"13542";2
"13543";4
"13544";4
"13545";4
"13546";4
"13547";4
"13548";0
"13549";4
"13550";4
"13551";4
"13552";2
"13553";2
"13554";2
"13555";2
"13556";2
"13557";2
"13558";2
"13559";2
"13560";2
"13561";2
"13562";2
"13563";2
"13564";2
"13565";2
"13566";2
"13567";2
"13568";2
"13569";0
"13570";4
"13571";2
"13572";2
"13573";2
"13574";2
"13575";2
"13576";2
"13577";2
"13578";2
"13579";2
"13580";2
"13581";2
"13582";2
"13583";2
"13584";2
"13585";2
"13586";2
"13587";2
"13588";2
"13589";2
"13590";2
"13591";2
"13592";2
"13593";2
"13594";4
"13595";2
"13596";4
"13597";2
"13598";2
"13599";2
"13600";2
"13601";2
"13602";2
"13603";2
"13604";4
"13605";2
"13606";2
"13607";2
"13608";2
"13609";2
"13610";2
"13611";2
"13612";2
"13613";2
"13614";2
"13615";2
"13616";2
"13617";2
"13618";4
"13619";4
"13620";2
"13621";2
"13622";2
"13623";2
"13624";2
"13625";2
"13626";2
"13627";4
"13628";2
"13629";2
"13630";4
"13631";4
"13632";2
"13633";2
"13634";2
"13635";2
"13636";4
"13637";2
"13638";4
"13639";2
"13640";2
"13641";2
"13642";2
"13643";2
"13644";2
"13645";2
"13646";2
"13647";2
"13648";2
"13649";2
"13650";2
"13651";2
"13652";2
"13653";2
"13654";2
"13655";4
"13656";4
"13657";2
"13658";2
"13659";2
"13660";2
"13661";2
"13662";2
"13663";2
"13664";2
"13665";2
"13666";2
"13667";4
"13668";4
"13669";2
"13670";2
"13671";4
"13672";4
"13673";4
"13674";2
"13675";2
"13676";2
"13677";2
"13678";2
"13679";2
"13680";4
"13681";2
"13682";2
"13683";2
"13684";2
"13685";2
"13686";2
"13687";2
"13688";2
"13689";2
"13690";2
"13691";2
"13692";2
"13693";2
"13694";2
"13695";2
"13696";2
"13697";2
"13698";2
"13699";2
"13700";2
"13701";2
"13702";2
"13703";2
"13704";2
"13705";2
"13706";4
"13707";2
"13708";4
"13709";2
"13710";2
"13711";2
"13712";2
"13713";4
"13714";2
"13715";2
"13716";2
"13717";2
"13718";4
"13719";2
"13720";2
"13721";2
"13722";2
"13723";2
"13724";2
"13725";2
"13726";1
"13727";2
"13728";2
"13729";2
"13730";2
"13731";2
"13732";2
"13733";2
"13734";2
"13735";2
"13736";2
"13737";2
"13738";4
"13739";2
"13740";2
"13741";2
"13742";2
"13743";2
"13744";2
"13745";2
"13746";2
"13747";2
"13748";2
"13749";2
"13750";2
"13751";2
"13752";2
"13753";2
"13754";2
"13755";2
"13756";2
"13757";2
"13758";4
"13759";2
"13760";2
"13761";4
"13762";2
"13763";4
"13764";2
"13765";2
"13766";4
"13767";4
"13768";2
"13769";4
"13770";4
"13771";2
"13772";2
"13773";4
"13774";2
"13775";2
"13776";2
"13777";2
"13778";2
"13779";2
"13780";2
"13781";2
"13782";2
"13783";2
"13784";2
"13785";2
"13786";2
"13787";2
"13788";2
"13789";2
"13790";2
"13791";2
"13792";4
"13793";4
"13794";2
"13795";2
"13796";2
"13797";2
"13798";2
"13799";2
"13800";2
"13801";2
"13802";2
"13803";4
"13804";4
"13805";2
"13806";4
"13807";2
"13808";2
"13809";2
"13810";2
"13811";2
"13812";2
"13813";2
"13814";4
"13815";2
"13816";2
"13817";2
"13818";2
"13819";2
"13820";2
"13821";2
"13822";2
"13823";2
"13824";2
"13825";2
"13826";2
"13827";4
"13828";4
"13829";2
"13830";4
"13831";0
"13832";4
"13833";0
"13834";4
"13835";4
"13836";4
"13837";3
"13838";3
"13839";0
"13840";0
"13841";0
"13842";4
"13843";4
"13844";4
"13845";4
"13846";3
"13847";0
"13848";4
"13849";3
"13850";3
"13851";3
"13852";3
"13853";3
"13854";4
"13855";3
"13856";3
"13857";3
"13858";4
"13859";3
"13860";3
"13861";4
"13862";3
"13863";3
"13864";3
"13865";4
"13866";3
"13867";3
"13868";4
"13869";4
"13870";2
"13871";4
"13872";4
"13873";2
"13874";2
"13875";2
"13876";2
"13877";2
"13878";2
"13879";2
"13880";2
"13881";2
"13882";4
"13883";2
"13884";2
"13885";2
"13886";2
"13887";4
"13888";2
"13889";2
"13890";2
"13891";4
"13892";2
"13893";2
"13894";2
"13895";2
"13896";2
"13897";2
"13898";4
"13899";2
"13900";2
"13901";2
"13902";4
"13903";2
"13904";2
"13905";2
"13906";2
"13907";2
"13908";4
"13909";2
"13910";2
"13911";4
"13912";3
"13913";4
"13914";2
"13915";2
"13916";2
"13917";4
"13918";4
"13919";2
"13920";4
"13921";2
"13922";2
"13923";2
"13924";2
"13925";2
"13926";2
"13927";2
"13928";2
"13929";2
"13930";4
"13931";3
"13932";2
"13933";2
"13934";2
"13935";2
"13936";2
"13937";2
"13938";4
"13939";4
"13940";2
"13941";2
"13942";2
"13943";2
"13944";2
"13945";2
"13946";2
"13947";2
"13948";2
"13949";4
"13950";4
"13951";2
"13952";2
"13953";4
"13954";2
"13955";4
"13956";2
"13957";2
"13958";2
"13959";4
"13960";2
"13961";2
"13962";4
"13963";2
"13964";2
"13965";2
"13966";2
"13967";4
"13968";4
"13969";4
"13970";2
"13971";2
"13972";2
"13973";4
"13974";2
"13975";2
"13976";2
"13977";2
"13978";2
"13979";2
"13980";2
"13981";2
"13982";2
"13983";4
"13984";2
"13985";2
"13986";2
"13987";2
"13988";2
"13989";2
"13990";2
"13991";2
"13992";4
"13993";2
"13994";4
"13995";2
"13996";2
"13997";2
"13998";4
"13999";4
"14000";2
"14001";4
"14002";4
"14003";4
"14004";2
"14005";2
"14006";2
"14007";2
"14008";4
"14009";2
"14010";2
"14011";2
"14012";4
"14013";2
"14014";2
"14015";2
"14016";2
"14017";2
"14018";4
"14019";4
"14020";2
"14021";4
"14022";4
"14023";4
"14024";4
"14025";2
"14026";2
"14027";2
"14028";4
"14029";4
"14030";2
"14031";4
"14032";2
"14033";2
"14034";2
"14035";4
"14036";4
"14037";4
"14038";2
"14039";2
"14040";2
"14041";2
"14042";2
"14043";2
"14044";2
"14045";2
"14046";2
"14047";2
"14048";2
"14049";2
"14050";2
"14051";2
"14052";2
"14053";2
"14054";2
"14055";2
"14056";2
"14057";2
"14058";2
"14059";2
"14060";2
"14061";2
"14062";2
"14063";4
"14064";4
"14065";4
"14066";2
"14067";2
"14068";2
"14069";2
"14070";4
"14071";4
"14072";2
"14073";2
"14074";4
"14075";2
"14076";2
"14077";2
"14078";2
"14079";2
"14080";4
"14081";4
"14082";2
"14083";4
"14084";4
"14085";2
"14086";4
"14087";2
"14088";4
"14089";4
"14090";4
"14091";2
"14092";2
"14093";2
"14094";2
"14095";2
"14096";2
"14097";2
"14098";2
"14099";2
"14100";2
"14101";2
"14102";2
"14103";2
"14104";2
"14105";2
"14106";2
"14107";2
"14108";2
"14109";2
"14110";2
"14111";2
"14112";2
"14113";2
"14114";4
"14115";2
"14116";2
"14117";2
"14118";2
"14119";2
"14120";2
"14121";2
"14122";2
"14123";2
"14124";2
"14125";2
"14126";2
"14127";4
"14128";2
"14129";4
"14130";4
"14131";2
"14132";2
"14133";2
"14134";2
"14135";2
"14136";2
"14137";2
"14138";2
"14139";2
"14140";2
"14141";2
"14142";2
"14143";2
"14144";2
"14145";2
"14146";2
"14147";2
"14148";2
"14149";2
"14150";2
"14151";2
"14152";2
"14153";2
"14154";2
"14155";2
"14156";2
"14157";2
"14158";2
"14159";2
"14160";2
"14161";2
"14162";2
"14163";2
"14164";2
"14165";2
"14166";2
"14167";2
"14168";2
"14169";2
"14170";2
"14171";2
"14172";2
"14173";2
"14174";2
"14175";2
"14176";2
"14177";4
"14178";2
"14179";2
"14180";2
"14181";2
"14182";2
"14183";2
"14184";2
"14185";2
"14186";2
"14187";2
"14188";2
"14189";2
"14190";2
"14191";2
"14192";2
"14193";2
"14194";2
"14195";2
"14196";2
"14197";2
"14198";2
"14199";2
"14200";2
"14201";2
"14202";2
"14203";4
"14204";2
"14205";2
"14206";2
"14207";2
"14208";2
"14209";2
"14210";2
"14211";4
"14212";2
"14213";2
"14214";4
"14215";2
"14216";2
"14217";4
"14218";2
"14219";2
"14220";2
"14221";2
"14222";2
"14223";2
"14224";4
"14225";2
"14226";4
"14227";2
"14228";2
"14229";2
"14230";2
"14231";2
"14232";2
"14233";2
"14234";2
"14235";2
"14236";2
"14237";2
"14238";4
"14239";2
"14240";2
"14241";2
"14242";2
"14243";2
"14244";2
"14245";2
"14246";2
"14247";2
"14248";2
"14249";2
"14250";2
"14251";2
"14252";2
"14253";2
"14254";2
"14255";2
"14256";2
"14257";2
"14258";2
"14259";2
"14260";2
"14261";2
"14262";2
"14263";2
"14264";2
"14265";2
"14266";2
"14267";2
"14268";2
"14269";2
"14270";2
"14271";2
"14272";2
"14273";2
"14274";4
"14275";2
"14276";4
"14277";2
"14278";2
"14279";2
"14280";2
"14281";4
"14282";4
"14283";2
"14284";4
"14285";2
"14286";2
"14287";2
"14288";2
"14289";2
"14290";2
"14291";2
"14292";2
"14293";4
"14294";2
"14295";2
"14296";2
"14297";2
"14298";2
"14299";2
"14300";4
"14301";2
"14302";2
"14303";2
"14304";2
"14305";4
"14306";2
"14307";2
"14308";4
"14309";2
"14310";2
"14311";2
"14312";2
"14313";2
"14314";2
"14315";4
"14316";2
"14317";2
"14318";2
"14319";4
"14320";4
"14321";4
"14322";4
"14323";2
"14324";2
"14325";2
"14326";2
"14327";2
"14328";2
"14329";4
"14330";4
"14331";4
"14332";2
"14333";2
"14334";2
"14335";2
"14336";4
"14337";1
"14338";4
"14339";4
"14340";4
"14341";2
"14342";4
"14343";2
"14344";4
"14345";2
"14346";2
"14347";2
"14348";2
"14349";4
"14350";4
"14351";4
"14352";4
"14353";4
"14354";2
"14355";2
"14356";2
"14357";4
"14358";4
"14359";2
"14360";2
"14361";2
"14362";4
"14363";4
"14364";2
"14365";2
"14366";2
"14367";2
"14368";2
"14369";4
"14370";2
"14371";2
"14372";2
"14373";2
"14374";2
"14375";2
"14376";2
"14377";2
"14378";2
"14379";4
"14380";2
"14381";2
"14382";4
"14383";4
"14384";3
"14385";2
"14386";2
"14387";2
"14388";4
"14389";4
"14390";4
"14391";2
"14392";2
"14393";2
"14394";4
"14395";4
"14396";4
"14397";2
"14398";2
"14399";4
"14400";4
"14401";4
"14402";4
"14403";4
"14404";4
"14405";4
"14406";4
"14407";2
"14408";2
"14409";4
"14410";2
"14411";4
"14412";2
"14413";2
"14414";2
"14415";2
"14416";2
"14417";2
"14418";2
"14419";2
"14420";2
"14421";2
"14422";2
"14423";2
"14424";2
"14425";2
"14426";2
"14427";2
"14428";2
"14429";2
"14430";2
"14431";2
"14432";2
"14433";2
"14434";4
"14435";2
"14436";2
"14437";2
"14438";2
"14439";2
"14440";2
"14441";2
"14442";4
"14443";4
"14444";2
"14445";2
"14446";2
"14447";2
"14448";2
"14449";2
"14450";4
"14451";4
"14452";2
"14453";2
"14454";2
"14455";2
"14456";2
"14457";2
"14458";2
"14459";2
"14460";2
"14461";2
"14462";2
"14463";2
"14464";2
"14465";2
"14466";2
"14467";2
"14468";2
"14469";2
"14470";2
"14471";2
"14472";2
"14473";2
"14474";2
"14475";2
"14476";2
"14477";2
"14478";2
"14479";2
"14480";2
"14481";2
"14482";2
"14483";2
"14484";2
"14485";2
"14486";2
"14487";2
"14488";4
"14489";2
"14490";2
"14491";2
"14492";2
"14493";4
"14494";2
"14495";2
"14496";2
"14497";2
"14498";2
"14499";2
"14500";2
"14501";4
"14502";2
"14503";2
"14504";2
"14505";2
"14506";2
"14507";2
"14508";2
"14509";2
"14510";2
"14511";2
"14512";2
"14513";2
"14514";2
"14515";2
"14516";2
"14517";2
"14518";2
"14519";2
"14520";2
"14521";2
"14522";4
"14523";2
"14524";4
"14525";2
"14526";2
"14527";4
"14528";4
"14529";2
"14530";2
"14531";2
"14532";2
"14533";2
"14534";2
"14535";2
"14536";2
"14537";2
"14538";2
"14539";2
"14540";2
"14541";2
"14542";4
"14543";2
"14544";2
"14545";2
"14546";2
"14547";2
"14548";4
"14549";2
"14550";4
"14551";2
"14552";2
"14553";4
"14554";4
"14555";2
"14556";2
"14557";4
"14558";2
"14559";2
"14560";2
"14561";4
"14562";4
"14563";4
"14564";4
"14565";2
"14566";2
"14567";2
"14568";4
"14569";2
"14570";2
"14571";2
"14572";2
"14573";2
"14574";2
"14575";2
"14576";2
"14577";2
"14578";2
"14579";2
"14580";2
"14581";2
"14582";2
"14583";2
"14584";2
"14585";2
"14586";2
"14587";2
"14588";2
"14589";4
"14590";2
"14591";2
"14592";2
"14593";2
"14594";2
"14595";2
"14596";2
"14597";2
"14598";2
"14599";2
"14600";2
"14601";2
"14602";4
"14603";2
"14604";2
"14605";2
"14606";2
"14607";4
"14608";2
"14609";2
"14610";4
"14611";2
"14612";2
"14613";2
"14614";2
"14615";2
"14616";2
"14617";2
"14618";2
"14619";2
"14620";2
"14621";2
"14622";2
"14623";2
"14624";2
"14625";2
"14626";2
"14627";2
"14628";2
"14629";4
"14630";2
"14631";2
"14632";2
"14633";2
"14634";2
"14635";4
"14636";2
"14637";4
"14638";4
"14639";4
"14640";4
"14641";4
"14642";2
"14643";2
"14644";2
"14645";2
"14646";2
"14647";4
"14648";4
"14649";2
"14650";2
"14651";2
"14652";2
"14653";2
"14654";2
"14655";2
"14656";2
"14657";2
"14658";2
"14659";2
"14660";2
"14661";2
"14662";2
"14663";2
"14664";2
"14665";2
"14666";2
"14667";2
"14668";2
"14669";2
"14670";2
"14671";2
"14672";2
"14673";2
"14674";2
"14675";2
"14676";2
"14677";2
"14678";2
"14679";2
"14680";2
"14681";2
"14682";2
"14683";2
"14684";2
"14685";2
"14686";4
"14687";2
"14688";2
"14689";2
"14690";2
"14691";2
"14692";2
"14693";2
"14694";2
"14695";2
"14696";2
"14697";2
"14698";2
"14699";2
"14700";2
"14701";2
"14702";2
"14703";2
"14704";4
"14705";4
"14706";4
"14707";2
"14708";2
"14709";2
"14710";2
"14711";2
"14712";2
"14713";4
"14714";4
"14715";4
"14716";4
"14717";2
"14718";2
"14719";2
"14720";2
"14721";2
"14722";4
"14723";4
"14724";2
"14725";2
"14726";3
"14727";3
"14728";2
"14729";2
"14730";2
"14731";2
"14732";4
"14733";2
"14734";2
"14735";2
"14736";2
"14737";2
"14738";2
"14739";2
"14740";2
"14741";2
"14742";2
"14743";2
"14744";2
"14745";2
"14746";2
"14747";2
"14748";2
"14749";2
"14750";2
"14751";2
"14752";4
"14753";2
"14754";2
"14755";4
"14756";2
"14757";2
"14758";2
"14759";2
"14760";4
"14761";4
"14762";2
"14763";2
"14764";4
"14765";4
"14766";2
"14767";2
"14768";2
"14769";2
"14770";2
"14771";2
"14772";4
"14773";4
"14774";2
"14775";2
"14776";2
"14777";2
"14778";2
"14779";2
"14780";2
"14781";4
"14782";4
"14783";4
"14784";2
"14785";2
"14786";2
"14787";2
"14788";2
"14789";2
"14790";2
"14791";2
"14792";2
"14793";4
"14794";2
"14795";2
"14796";2
"14797";2
"14798";2
"14799";2
"14800";2
"14801";2
"14802";2
"14803";2
"14804";2
"14805";2
"14806";2
"14807";2
"14808";2
"14809";2
"14810";2
"14811";2
"14812";2
"14813";2
"14814";2
"14815";2
"14816";2
"14817";2
"14818";2
"14819";2
"14820";2
"14821";2
"14822";4
"14823";2
"14824";2
"14825";2
"14826";4
"14827";2
"14828";2
"14829";4
"14830";2
"14831";2
"14832";2
"14833";2
"14834";2
"14835";2
"14836";2
"14837";4
"14838";2
"14839";4
"14840";2
"14841";2
"14842";2
"14843";2
"14844";2
"14845";2
"14846";2
"14847";2
"14848";2
"14849";2
"14850";2
"14851";2
"14852";2
"14853";2
"14854";2
"14855";2
"14856";2
"14857";2
"14858";2
"14859";2
"14860";2
"14861";2
"14862";2
"14863";2
"14864";2
"14865";2
"14866";4
"14867";2
"14868";2
"14869";2
"14870";4
"14871";2
"14872";1
"14873";4
"14874";4
"14875";2
"14876";2
"14877";2
"14878";2
"14879";0
"14880";4
"14881";2
"14882";2
"14883";2
"14884";2
"14885";2
"14886";2
"14887";2
"14888";2
"14889";2
"14890";2
"14891";2
"14892";2
"14893";2
"14894";2
"14895";2
"14896";2
"14897";2
"14898";2
"14899";2
"14900";2
"14901";2
"14902";4
"14903";2
"14904";4
"14905";2
"14906";2
"14907";2
"14908";4
"14909";4
"14910";2
"14911";2
"14912";2
"14913";2
"14914";2
"14915";2
"14916";2
"14917";2
"14918";2
"14919";2
"14920";4
"14921";2
"14922";2
"14923";2
"14924";2
"14925";4
"14926";4
"14927";2
"14928";2
"14929";2
"14930";4
"14931";2
"14932";2
"14933";2
"14934";2
"14935";2
"14936";2
"14937";2
"14938";2
"14939";2
"14940";2
"14941";2
"14942";4
"14943";4
"14944";2
"14945";2
"14946";2
"14947";2
"14948";2
"14949";2
"14950";2
"14951";4
"14952";4
"14953";2
"14954";2
"14955";2
"14956";2
"14957";2
"14958";2
"14959";2
"14960";2
"14961";2
"14962";4
"14963";4
"14964";2
"14965";2
"14966";2
"14967";2
"14968";2
"14969";2
"14970";2
"14971";2
"14972";2
"14973";2
"14974";2
"14975";2
"14976";2
"14977";2
"14978";2
"14979";2
"14980";2
"14981";2
"14982";2
"14983";2
"14984";2
"14985";2
"14986";2
"14987";2
"14988";2
"14989";2
"14990";2
"14991";2
"14992";2
"14993";2
"14994";2
"14995";2
"14996";2
"14997";2
"14998";2
"14999";2
"15000";2
"15001";2
"15002";2
"15003";2
"15004";2
"15005";2
"15006";4
"15007";2
"15008";2
"15009";2
"15010";2
"15011";2
"15012";2
"15013";2
"15014";2
"15015";2
"15016";2
"15017";2
"15018";2
"15019";2
"15020";2
"15021";2
"15022";2
"15023";2
"15024";2
"15025";2
"15026";2
"15027";2
"15028";2
"15029";2
"15030";2
"15031";2
"15032";2
"15033";2
"15034";2
"15035";2
"15036";2
"15037";2
"15038";4
"15039";2
"15040";2
"15041";4
"15042";2
"15043";2
"15044";2
"15045";2
"15046";2
"15047";2
"15048";2
"15049";2
"15050";2
"15051";2
"15052";2
"15053";2
"15054";2
"15055";2
"15056";2
"15057";2
"15058";2
"15059";2
"15060";2
"15061";2
"15062";2
"15063";2
"15064";2
"15065";2
"15066";2
"15067";2
"15068";2
"15069";2
"15070";2
"15071";2
"15072";2
"15073";0
"15074";4
"15075";2
"15076";2
"15077";2
"15078";2
"15079";4
"15080";2
"15081";2
"15082";2
"15083";2
"15084";2
"15085";2
"15086";2
"15087";4
"15088";2
"15089";2
"15090";2
"15091";2
"15092";2
"15093";2
"15094";4
"15095";2
"15096";3
"15097";3
"15098";3
"15099";3
"15100";3
"15101";3
"15102";3
"15103";3
"15104";4
"15105";3
"15106";3
"15107";3
"15108";3
"15109";3
"15110";4
"15111";3
"15112";3
"15113";3
"15114";3
"15115";3
"15116";4
"15117";2
"15118";2
"15119";4
"15120";2
"15121";2
"15122";2
"15123";4
"15124";2
"15125";4
"15126";2
"15127";2
"15128";2
"15129";2
"15130";2
"15131";2
"15132";2
"15133";2
"15134";2
"15135";2
"15136";2
"15137";2
"15138";2
"15139";2
"15140";2
"15141";2
"15142";4
"15143";2
"15144";2
"15145";4
"15146";1
"15147";2
"15148";2
"15149";2
"15150";2
"15151";2
"15152";2
"15153";4
"15154";4
"15155";2
"15156";4
"15157";2
"15158";4
"15159";2
"15160";2
"15161";4
"15162";2
"15163";2
"15164";2
"15165";2
"15166";4
"15167";2
"15168";4
"15169";4
"15170";4
"15171";2
"15172";2
"15173";4
"15174";2
"15175";4
"15176";2
"15177";2
"15178";2
"15179";2
"15180";2
"15181";2
"15182";4
"15183";2
"15184";2
"15185";2
"15186";2
"15187";2
"15188";2
"15189";2
"15190";4
"15191";2
"15192";2
"15193";2
"15194";2
"15195";2
"15196";0
"15197";4
"15198";4
"15199";2
"15200";4
"15201";4
"15202";4
"15203";2
"15204";2
"15205";2
"15206";2
"15207";2
"15208";2
"15209";2
"15210";2
"15211";2
"15212";2
"15213";2
"15214";2
"15215";2
"15216";2
"15217";2
"15218";2
"15219";2
"15220";2
"15221";2
"15222";2
"15223";2
"15224";2
"15225";2
"15226";2
"15227";2
"15228";2
"15229";2
"15230";2
"15231";2
"15232";2
"15233";2
"15234";2
"15235";2
"15236";2
"15237";2
"15238";0
"15239";2
"15240";2
"15241";2
"15242";2
"15243";2
"15244";2
"15245";2
"15246";2
"15247";2
"15248";2
"15249";2
"15250";2
"15251";2
"15252";2
"15253";2
"15254";2
"15255";2
"15256";2
"15257";2
"15258";2
"15259";2
"15260";2
"15261";2
"15262";2
"15263";2
"15264";2
"15265";2
"15266";2
"15267";2
"15268";0
"15269";2
"15270";2
"15271";2
"15272";2
"15273";2
"15274";2
"15275";2
"15276";2
"15277";2
"15278";2
"15279";2
"15280";2
"15281";2
"15282";2
"15283";2
"15284";2
"15285";2
"15286";2
"15287";2
"15288";2
"15289";2
"15290";2
"15291";2
"15292";2
"15293";3
"15294";0
"15295";4
"15296";0
"15297";4
"15298";0
"15299";3
"15300";4
"15301";2
"15302";2
"15303";2
"15304";2
"15305";2
"15306";2
"15307";2
"15308";2
"15309";2
"15310";2
"15311";2
"15312";4
"15313";2
"15314";2
"15315";2
"15316";4
"15317";2
"15318";4
"15319";2
"15320";3
"15321";2
"15322";2
"15323";2
"15324";4
"15325";2
"15326";2
"15327";4
"15328";2
"15329";2
"15330";2
"15331";2
"15332";2
"15333";2
"15334";2
"15335";2
"15336";2
"15337";2
"15338";2
"15339";2
"15340";2
"15341";2
"15342";2
"15343";2
"15344";4
"15345";4
"15346";2
"15347";2
"15348";2
"15349";2
"15350";2
"15351";2
"15352";2
"15353";4
"15354";4
"15355";2
"15356";2
"15357";2
"15358";4
"15359";2
"15360";2
"15361";2
"15362";2
"15363";2
"15364";2
"15365";2
"15366";2
"15367";4
"15368";2
"15369";4
"15370";2
"15371";2
"15372";2
"15373";2
"15374";2
"15375";2
"15376";2
"15377";2
"15378";2
"15379";4
"15380";2
"15381";2
"15382";2
"15383";2
"15384";4
"15385";2
"15386";4
"15387";2
"15388";4
"15389";2
"15390";2
"15391";2
"15392";2
"15393";2
"15394";2
"15395";2
"15396";2
"15397";2
"15398";2
"15399";2
"15400";2
"15401";2
"15402";2
"15403";2
"15404";2
"15405";2
"15406";2
"15407";2
"15408";2
"15409";2
"15410";2
"15411";2
"15412";2
"15413";2
"15414";2
"15415";4
"15416";2
"15417";2
"15418";2
"15419";2
"15420";2
"15421";4
"15422";2
"15423";2
"15424";2
"15425";2
"15426";2
"15427";4
"15428";2
"15429";2
"15430";2
"15431";2
"15432";2
"15433";2
"15434";2
"15435";2
"15436";0
"15437";2
"15438";2
"15439";2
"15440";2
"15441";2
"15442";4
"15443";2
"15444";2
"15445";2
"15446";2
"15447";2
"15448";2
"15449";2
"15450";2
"15451";2
"15452";2
"15453";2
"15454";2
"15455";2
"15456";2
"15457";4
"15458";4
"15459";4
"15460";2
"15461";2
"15462";2
"15463";4
"15464";2
"15465";2
"15466";2
"15467";2
"15468";2
"15469";2
"15470";2
"15471";2
"15472";2
"15473";2
"15474";2
"15475";2
"15476";2
"15477";2
"15478";2
"15479";2
"15480";2
"15481";2
"15482";2
"15483";2
"15484";2
"15485";2
"15486";4
"15487";4
"15488";4
"15489";2
"15490";4
"15491";4
"15492";4
"15493";2
"15494";2
"15495";2
"15496";2
"15497";2
"15498";2
"15499";2
"15500";2
"15501";2
"15502";2
"15503";2
"15504";2
"15505";2
"15506";2
"15507";2
"15508";2
"15509";2
"15510";2
"15511";2
"15512";2
"15513";2
"15514";2
"15515";2
"15516";2
"15517";2
"15518";2
"15519";2
"15520";2
"15521";2
"15522";2
"15523";2
"15524";2
"15525";2
"15526";2
"15527";2
"15528";2
"15529";2
"15530";2
"15531";2
"15532";4
"15533";2
"15534";2
"15535";2
"15536";4
"15537";4
"15538";2
"15539";2
"15540";2
"15541";2
"15542";2
"15543";2
"15544";2
"15545";2
"15546";2
"15547";2
"15548";2
"15549";2
"15550";4
"15551";2
"15552";2
"15553";2
"15554";2
"15555";2
"15556";2
"15557";2
"15558";2
"15559";2
"15560";2
"15561";2
"15562";2
"15563";2
"15564";2
"15565";2
"15566";2
"15567";2
"15568";2
"15569";2
"15570";2
"15571";2
"15572";2
"15573";2
"15574";2
"15575";2
"15576";2
"15577";2
"15578";2
"15579";2
"15580";2
"15581";2
"15582";2
"15583";4
"15584";2
"15585";2
"15586";2
"15587";2
"15588";2
"15589";2
"15590";4
"15591";2
"15592";2
"15593";2
"15594";2
"15595";2
"15596";2
"15597";2
"15598";2
"15599";2
"15600";2
"15601";2
"15602";2
"15603";2
"15604";2
"15605";2
"15606";2
"15607";2
"15608";4
"15609";2
"15610";2
"15611";4
"15612";2
"15613";2
"15614";2
"15615";2
"15616";2
"15617";2
"15618";2
"15619";2
"15620";2
"15621";2
"15622";2
"15623";2
"15624";2
"15625";2
"15626";2
"15627";2
"15628";2
"15629";2
"15630";2
"15631";2
"15632";2
"15633";2
"15634";2
"15635";2
"15636";2
"15637";2
"15638";4
"15639";2
"15640";2
"15641";2
"15642";2
"15643";2
"15644";2
"15645";2
"15646";2
"15647";2
"15648";2
"15649";2
"15650";2
"15651";2
"15652";2
"15653";2
"15654";2
"15655";2
"15656";2
"15657";2
"15658";2
"15659";2
"15660";2
"15661";2
"15662";2
"15663";2
"15664";2
"15665";2
"15666";2
"15667";2
"15668";2
"15669";2
"15670";2
"15671";4
"15672";2
"15673";2
"15674";2
"15675";2
"15676";2
"15677";4
"15678";4
"15679";2
"15680";3
"15681";4
"15682";3
"15683";4
"15684";3
"15685";3
"15686";3
"15687";3
"15688";3
"15689";3
"15690";3
"15691";4
"15692";4
"15693";4
"15694";4
"15695";4
"15696";3
"15697";4
"15698";3
"15699";4
"15700";3
"15701";4
"15702";4
"15703";4
"15704";4
"15705";1
"15706";1
"15707";1
"15708";4
"15709";4
"15710";3
"15711";1
"15712";4
"15713";3
"15714";4
"15715";3
"15716";1
"15717";1
"15718";3
"15719";3
"15720";4
"15721";3
"15722";3
"15723";3
"15724";3
"15725";3
"15726";3
"15727";3
"15728";3
"15729";3
"15730";1
"15731";3
"15732";3
"15733";3
"15734";3
"15735";4
"15736";1
"15737";1
"15738";4
"15739";4
"15740";4
"15741";0
"15742";3
"15743";3
"15744";1
"15745";1
"15746";4
"15747";3
"15748";1
"15749";3
"15750";3
"15751";3
"15752";4
"15753";3
"15754";3
"15755";4
"15756";1
"15757";4
"15758";3
"15759";0
"15760";4
"15761";4
"15762";4
"15763";4
"15764";3
"15765";4
"15766";4
"15767";3
"15768";3
"15769";3
"15770";3
"15771";3
"15772";3
"15773";3
"15774";3
"15775";3
"15776";4
"15777";3
"15778";0
"15779";1
"15780";3
"15781";0
"15782";3
"15783";4
"15784";4
"15785";4
"15786";4
"15787";4
"15788";4
"15789";4
"15790";2
"15791";4
"15792";2
"15793";0
"15794";4
"15795";0
"15796";0
"15797";0
"15798";0
"15799";4
"15800";4
"15801";4
"15802";4
"15803";4
"15804";1
"15805";1
"15806";1
"15807";1
"15808";1
"15809";4
"15810";4
"15811";3
"15812";4
"15813";1
"15814";3
"15815";4
"15816";4
"15817";4
"15818";4
"15819";3
"15820";3
"15821";1
"15822";4
"15823";1
"15824";0
"15825";4
"15826";4
"15827";0
"15828";4
"15829";1
"15830";4
"15831";4
"15832";3
"15833";4
"15834";1
"15835";3
"15836";3
"15837";3
"15838";3
"15839";4
"15840";4
"15841";4
"15842";4
"15843";4
"15844";1
"15845";1
"15846";3
"15847";1
"15848";1
"15849";4
"15850";4
"15851";3
"15852";3
"15853";3
"15854";4
"15855";4
"15856";4
"15857";4
"15858";4
"15859";3
"15860";4
"15861";4
"15862";4
"15863";1
"15864";1
"15865";1
"15866";1
"15867";3
"15868";1
"15869";1
"15870";3
"15871";4
"15872";3
"15873";3
"15874";3
"15875";4
"15876";3
"15877";4
"15878";4
"15879";4
"15880";3
"15881";3
"15882";4
"15883";3
"15884";4
"15885";3
"15886";3
"15887";1
"15888";1
"15889";4
"15890";4
"15891";2
"15892";4
"15893";4
"15894";4
"15895";4
"15896";4
"15897";3
"15898";2
"15899";2
"15900";2
"15901";2
"15902";2
"15903";4
"15904";4
"15905";4
"15906";4
"15907";4
"15908";4
"15909";4
"15910";4
"15911";0
"15912";3
"15913";1
"15914";4
"15915";4
"15916";4
"15917";4
"15918";2
"15919";4
"15920";2
"15921";4
"15922";1
"15923";4
"15924";4
"15925";4
"15926";4
"15927";4
"15928";4
"15929";2
"15930";2
"15931";4
"15932";4
"15933";1
"15934";4
"15935";4
"15936";4
"15937";4
"15938";2
"15939";4
"15940";4
"15941";4
"15942";4
"15943";4
"15944";3
"15945";4
"15946";4
"15947";4
"15948";4
"15949";4
"15950";4
"15951";4
"15952";4
"15953";4
"15954";4
"15955";4
"15956";4
"15957";2
"15958";2
"15959";4
"15960";4
"15961";2
"15962";3
"15963";4
"15964";4
"15965";4
"15966";2
"15967";2
"15968";2
"15969";2
"15970";4
"15971";1
"15972";4
"15973";4
"15974";1
"15975";1
"15976";1
"15977";1
"15978";1
"15979";4
"15980";0
"15981";0
"15982";4
"15983";1
"15984";2
"15985";4
"15986";4
"15987";4
"15988";2
"15989";4
"15990";2
"15991";4
"15992";4
"15993";4
"15994";2
"15995";4
"15996";4
"15997";4
"15998";4
"15999";4
"16000";4
"16001";4
"16002";4
"16003";3
"16004";4
"16005";3
"16006";3
"16007";4
"16008";3
"16009";4
"16010";3
"16011";4
"16012";4
"16013";0
"16014";0
"16015";1
"16016";4
"16017";4
"16018";0
"16019";0
"16020";4
"16021";0
"16022";4
"16023";4
"16024";0
"16025";4
"16026";4
"16027";4
"16028";4
"16029";4
"16030";4
"16031";4
"16032";4
"16033";4
"16034";4
"16035";4
"16036";1
"16037";1
"16038";1
"16039";1
"16040";1
"16041";4
"16042";1
"16043";3
"16044";4
"16045";2
"16046";3
"16047";3
"16048";3
"16049";4
"16050";3
"16051";4
"16052";4
"16053";4
"16054";4
"16055";3
"16056";3
"16057";4
"16058";4
"16059";3
"16060";3
"16061";3
"16062";4
"16063";3
"16064";4
"16065";3
"16066";3
"16067";3
"16068";0
"16069";0
"16070";4
"16071";4
"16072";3
"16073";3
"16074";3
"16075";3
"16076";4
"16077";4
"16078";4
"16079";3
"16080";3
"16081";4
"16082";3
"16083";4
"16084";4
"16085";2
"16086";4
"16087";4
"16088";4
"16089";4
"16090";4
"16091";4
"16092";4
"16093";4
"16094";4
"16095";4
"16096";4
"16097";4
"16098";4
"16099";4
"16100";4
"16101";2
"16102";3
"16103";4
"16104";4
"16105";4
"16106";4
"16107";4
"16108";2
"16109";3
"16110";3
"16111";4
"16112";4
"16113";3
"16114";3
"16115";4
"16116";4
"16117";3
"16118";3
"16119";4
"16120";4
"16121";4
"16122";4
"16123";0
"16124";4
"16125";0
"16126";3
"16127";4
"16128";3
"16129";4
"16130";4
"16131";4
"16132";4
"16133";4
"16134";4
"16135";4
"16136";4
"16137";4
"16138";4
"16139";4
"16140";4
"16141";2
"16142";4
"16143";4
"16144";4
"16145";4
"16146";3
"16147";4
"16148";4
"16149";4
"16150";4
"16151";4
"16152";2
"16153";2
"16154";4
"16155";2
"16156";4
"16157";4
"16158";4
"16159";2
"16160";2
"16161";4
"16162";4
"16163";4
"16164";4
"16165";4
"16166";4
"16167";4
"16168";4
"16169";4
"16170";4
"16171";3
"16172";4
"16173";4
"16174";4
"16175";4
"16176";4
"16177";4
"16178";2
"16179";2
"16180";2
"16181";2
"16182";2
"16183";4
"16184";4
"16185";4
"16186";3
"16187";4
"16188";4
"16189";4
"16190";1
"16191";4
"16192";4
"16193";1
"16194";1
"16195";4
"16196";4
"16197";4
"16198";4
"16199";1
"16200";1
"16201";4
"16202";1
"16203";4
"16204";4
"16205";3
"16206";3
"16207";4
"16208";4
"16209";4
"16210";4
"16211";4
"16212";3
"16213";3
"16214";0
"16215";0
"16216";0
"16217";1
"16218";3
"16219";1
"16220";4
"16221";4
"16222";4
"16223";4
"16224";4
"16225";3
"16226";4
"16227";3
"16228";3
"16229";4
"16230";0
"16231";4
"16232";4
"16233";4
"16234";4
"16235";3
"16236";4
"16237";4
"16238";2
"16239";4
"16240";4
"16241";4
"16242";4
"16243";4
"16244";4
"16245";1
"16246";1
"16247";4
"16248";1
"16249";3
"16250";1
"16251";0
"16252";1
"16253";1
"16254";1
"16255";1
"16256";1
"16257";4
"16258";4
"16259";4
"16260";4
"16261";2
"16262";4
"16263";4
"16264";4
"16265";3
"16266";1
"16267";1
"16268";4
"16269";1
"16270";4
"16271";4
"16272";4
"16273";4
"16274";3
"16275";4
"16276";2
"16277";4
"16278";4
"16279";3
"16280";4
"16281";4
"16282";4
"16283";2
"16284";2
"16285";2
"16286";2
"16287";2
"16288";2
"16289";4
"16290";4
"16291";3
"16292";3
"16293";0
"16294";4
"16295";3
"16296";4
"16297";3
"16298";4
"16299";4
"16300";2
"16301";2
"16302";4
"16303";4
"16304";4
"16305";4
"16306";3
"16307";3
"16308";1
"16309";3
"16310";4
"16311";3
"16312";4
"16313";4
"16314";3
"16315";3
"16316";3
"16317";3
"16318";4
"16319";3
"16320";3
"16321";4
"16322";4
"16323";4
"16324";4
"16325";4
"16326";4
"16327";4
"16328";4
"16329";4
"16330";4
"16331";4
"16332";4
"16333";4
"16334";4
"16335";4
"16336";2
"16337";3
"16338";4
"16339";4
"16340";4
"16341";4
"16342";4
"16343";4
"16344";4
"16345";2
"16346";4
"16347";3
"16348";3
"16349";3
"16350";4
"16351";3
"16352";3
"16353";3
"16354";3
"16355";3
"16356";4
"16357";4
"16358";4
"16359";4
"16360";0
"16361";4
"16362";4
"16363";0
"16364";4
"16365";4
"16366";4
"16367";4
"16368";4
"16369";4
"16370";4
"16371";4
"16372";4
"16373";4
"16374";4
"16375";4
"16376";4
"16377";4
"16378";0
"16379";4
"16380";4
"16381";2
"16382";4
"16383";4
"16384";4
"16385";4
"16386";2
"16387";2
"16388";4
"16389";4
"16390";4
"16391";2
"16392";4
"16393";4
"16394";1
"16395";2
"16396";4
"16397";4
"16398";4
"16399";4
"16400";4
"16401";4
"16402";4
"16403";4
"16404";4
"16405";4
"16406";4
"16407";4
"16408";4
"16409";1
"16410";2
"16411";4
"16412";4
"16413";4
"16414";4
"16415";4
"16416";4
"16417";4
"16418";2
"16419";4
"16420";4
"16421";4
"16422";4
"16423";4
"16424";4
"16425";4
"16426";4
"16427";4
"16428";2
"16429";4
"16430";4
"16431";4
"16432";4
"16433";4
"16434";4
"16435";4
"16436";4
"16437";4
"16438";4
"16439";4
"16440";4
"16441";4
"16442";3
"16443";3
"16444";3
"16445";4
"16446";4
"16447";4
"16448";4
"16449";4
"16450";2
"16451";4
"16452";4
"16453";4
"16454";4
"16455";4
"16456";4
"16457";4
"16458";4
"16459";4
"16460";4
"16461";2
"16462";2
"16463";2
"16464";4
"16465";4
"16466";2
"16467";2
"16468";2
"16469";4
"16470";4
"16471";4
"16472";4
"16473";4
"16474";4
"16475";2
"16476";4
"16477";4
"16478";4
"16479";2
"16480";2
"16481";4
"16482";4
"16483";4
"16484";4
"16485";4
"16486";4
"16487";4
"16488";4
"16489";4
"16490";4
"16491";4
"16492";4
"16493";4
"16494";4
"16495";4
"16496";4
"16497";4
"16498";2
"16499";4
"16500";4
"16501";4
"16502";4
"16503";4
"16504";2
"16505";4
"16506";4
"16507";4
"16508";4
"16509";4
"16510";4
"16511";4
"16512";4
"16513";4
"16514";4
"16515";4
"16516";4
"16517";4
"16518";4
"16519";4
"16520";4
"16521";4
"16522";4
"16523";4
"16524";4
"16525";4
"16526";4
"16527";4
"16528";4
"16529";4
"16530";1
"16531";4
"16532";4
"16533";4
"16534";4
"16535";4
"16536";4
"16537";4
"16538";4
"16539";4
"16540";4
"16541";4
"16542";4
"16543";4
"16544";4
"16545";3
"16546";4
"16547";3
"16548";3
"16549";4
"16550";1
"16551";4
"16552";4
"16553";4
"16554";3
"16555";4
"16556";4
"16557";4
"16558";4
"16559";4
"16560";4
"16561";4
"16562";4
"16563";4
"16564";4
"16565";4
"16566";4
"16567";3
"16568";4
"16569";4
"16570";4
"16571";4
"16572";4
"16573";4
"16574";4
"16575";4
"16576";1
"16577";1
"16578";4
"16579";4
"16580";4
"16581";1
"16582";4
"16583";4
"16584";4
"16585";3
"16586";3
"16587";3
"16588";4
"16589";4
"16590";4
"16591";4
"16592";4
"16593";0
"16594";4
"16595";4
"16596";3
"16597";4
"16598";4
"16599";4
"16600";4
"16601";4
"16602";4
"16603";3
"16604";4
"16605";4
"16606";4
"16607";4
"16608";3
"16609";4
"16610";4
"16611";4
"16612";4
"16613";4
"16614";3
"16615";0
"16616";0
"16617";4
"16618";4
"16619";4
"16620";4
"16621";3
"16622";3
"16623";4
"16624";3
"16625";4
"16626";4
"16627";3
"16628";0
"16629";4
"16630";4
"16631";4
"16632";4
"16633";4
"16634";4
"16635";4
"16636";4
"16637";4
"16638";4
"16639";4
"16640";4
"16641";4
"16642";4
"16643";4
"16644";4
"16645";4
"16646";4
"16647";3
"16648";4
"16649";4
"16650";4
"16651";4
"16652";4
"16653";4
"16654";4
"16655";4
"16656";0
"16657";1
"16658";4
"16659";4
"16660";4
"16661";4
"16662";4
"16663";4
"16664";4
"16665";4
"16666";4
"16667";4
"16668";4
"16669";4
"16670";4
"16671";4
"16672";4
"16673";4
"16674";4
"16675";4
"16676";3
"16677";3
"16678";4
"16679";3
"16680";4
"16681";4
"16682";4
"16683";4
"16684";4
"16685";4
"16686";4
"16687";4
"16688";4
"16689";4
"16690";4
"16691";4
"16692";4
"16693";4
"16694";4
"16695";4
"16696";4
"16697";4
"16698";4
"16699";4
"16700";4
"16701";2
"16702";2
"16703";4
"16704";4
"16705";2
"16706";4
"16707";4
"16708";2
"16709";4
"16710";4
"16711";4
"16712";2
"16713";2
"16714";2
"16715";4
"16716";4
"16717";4
"16718";4
"16719";4
"16720";4
"16721";4
"16722";4
"16723";3
"16724";0
"16725";4
"16726";4
"16727";4
"16728";4
"16729";4
"16730";4
"16731";4
"16732";4
"16733";4
"16734";4
"16735";2
"16736";4
"16737";4
"16738";2
"16739";4
"16740";4
"16741";4
"16742";4
"16743";4
"16744";4
"16745";4
"16746";2
"16747";2
"16748";2
"16749";4
"16750";2
"16751";2
"16752";2
"16753";0
"16754";4
"16755";4
"16756";4
"16757";4
"16758";4
"16759";4
"16760";4
"16761";4
"16762";4
"16763";4
"16764";4
"16765";3
"16766";4
"16767";4
"16768";4
"16769";4
"16770";4
"16771";4
"16772";4
"16773";4
"16774";4
"16775";4
"16776";0
"16777";4
"16778";4
"16779";4
"16780";4
"16781";4
"16782";4
"16783";3
"16784";4
"16785";4
"16786";4
"16787";4
"16788";4
"16789";4
"16790";4
"16791";4
"16792";4
"16793";4
"16794";4
"16795";4
"16796";4
"16797";4
"16798";4
"16799";4
"16800";4
"16801";4
"16802";4
"16803";4
"16804";4
"16805";3
"16806";4
"16807";4
"16808";4
"16809";4
"16810";4
"16811";4
"16812";4
"16813";0
"16814";0
"16815";4
"16816";4
"16817";4
"16818";4
"16819";2
"16820";4
"16821";4
"16822";4
"16823";3
"16824";2
"16825";4
"16826";4
"16827";2
"16828";4
"16829";2
"16830";4
"16831";4
"16832";4
"16833";4
"16834";2
"16835";4
"16836";2
"16837";4
"16838";4
"16839";2
"16840";2
"16841";4
"16842";2
"16843";2
"16844";2
"16845";2
"16846";4
"16847";4
"16848";2
"16849";2
"16850";2
"16851";4
"16852";4
"16853";2
"16854";4
"16855";2
"16856";2
"16857";2
"16858";0
"16859";3
"16860";4
"16861";0
"16862";4
"16863";0
"16864";0
"16865";0
"16866";4
"16867";4
"16868";0
"16869";0
"16870";4
"16871";3
"16872";0
"16873";4
"16874";0
"16875";4
"16876";0
"16877";1
"16878";4
"16879";0
"16880";4
"16881";4
"16882";4
"16883";4
"16884";4
"16885";4
"16886";0
"16887";4
"16888";2
"16889";0
"16890";4
"16891";4
"16892";3
"16893";0
"16894";4
"16895";4
"16896";4
"16897";0
"16898";0
"16899";4
"16900";0
"16901";0
"16902";0
"16903";0
"16904";0
"16905";4
"16906";4
"16907";0
"16908";0
"16909";4
"16910";0
"16911";3
"16912";3
"16913";2
"16914";2
"16915";4
"16916";4
"16917";4
"16918";0
"16919";4
"16920";4
"16921";3
"16922";4
"16923";0
"16924";4
"16925";4
"16926";2
"16927";4
"16928";4
"16929";4
"16930";4
"16931";2
"16932";4
"16933";1
"16934";1
"16935";1
"16936";4
"16937";4
"16938";4
"16939";1
"16940";0
"16941";4
"16942";1
"16943";4
"16944";4
"16945";0
"16946";4
"16947";4
"16948";0
"16949";0
"16950";4
"16951";4
"16952";4
"16953";1
"16954";1
"16955";4
"16956";0
"16957";1
"16958";4
"16959";4
"16960";4
"16961";0
"16962";0
"16963";0
"16964";4
"16965";0
"16966";0
"16967";4
"16968";4
"16969";0
"16970";0
"16971";4
"16972";3
"16973";0
"16974";4
"16975";4
"16976";3
"16977";4
"16978";0
"16979";0
"16980";4
"16981";4
"16982";4
"16983";0
"16984";0
"16985";4
"16986";0
"16987";4
"16988";4
"16989";4
"16990";4
"16991";1
"16992";1
"16993";0
"16994";4
"16995";4
"16996";4
"16997";4
"16998";4
"16999";2
"17000";0
"17001";4
"17002";4
"17003";4
"17004";4
"17005";4
"17006";4
"17007";4
"17008";4
"17009";4
"17010";4
"17011";4
"17012";1
"17013";1
"17014";1
"17015";1
"17016";1
"17017";1
"17018";1
"17019";0
"17020";4
"17021";4
"17022";4
"17023";4
"17024";0
"17025";4
"17026";4
"17027";0
"17028";0
"17029";0
"17030";0
"17031";0
"17032";4
"17033";4
"17034";4
"17035";4
"17036";4
"17037";4
"17038";4
"17039";4
"17040";4
"17041";4
"17042";4
"17043";4
"17044";4
"17045";4
"17046";4
"17047";4
"17048";2
"17049";2
"17050";4
"17051";4
"17052";4
"17053";2
"17054";2
"17055";2
"17056";4
"17057";2
"17058";0
"17059";4
"17060";3
"17061";1
"17062";4
"17063";4
"17064";4
"17065";4
"17066";2
"17067";4
"17068";4
"17069";4
"17070";4
"17071";4
"17072";4
"17073";4
"17074";4
"17075";4
"17076";4
"17077";4
"17078";4
"17079";4
"17080";4
"17081";4
"17082";4
"17083";4
"17084";4
"17085";4
"17086";4
"17087";3
"17088";1
"17089";0
"17090";3
"17091";4
"17092";4
"17093";4
"17094";4
"17095";4
"17096";4
"17097";4
"17098";0
"17099";4
"17100";4
"17101";4
"17102";4
"17103";0
"17104";4
"17105";4
"17106";4
"17107";4
"17108";4
"17109";4
"17110";4
"17111";4
"17112";4
"17113";4
"17114";4
"17115";4
"17116";3
"17117";4
"17118";4
"17119";4
"17120";4
"17121";3
"17122";4
"17123";4
"17124";4
"17125";0
"17126";4
"17127";4
"17128";4
"17129";4
"17130";4
"17131";4
"17132";3
"17133";4
"17134";4
"17135";4
"17136";4
"17137";4
"17138";4
"17139";3
"17140";4
"17141";4
"17142";4
"17143";4
"17144";4
"17145";3
"17146";4
"17147";4
"17148";4
"17149";1
"17150";4
"17151";4
"17152";1
"17153";1
"17154";4
"17155";4
"17156";1
"17157";4
"17158";4
"17159";1
"17160";1
"17161";4
"17162";4
"17163";4
"17164";4
"17165";4
"17166";4
"17167";1
"17168";1
"17169";1
"17170";1
"17171";1
"17172";1
"17173";1
"17174";1
"17175";0
"17176";4
"17177";1
"17178";1
"17179";1
"17180";4
"17181";1
"17182";1
"17183";1
"17184";4
"17185";4
"17186";1
"17187";1
"17188";1
"17189";4
"17190";1
"17191";1
"17192";1
"17193";1
"17194";1
"17195";4
"17196";2
"17197";1
"17198";0
"17199";1
"17200";0
"17201";1
"17202";4
"17203";1
"17204";1
"17205";1
"17206";1
"17207";4
"17208";4
"17209";4
"17210";4
"17211";4
"17212";4
"17213";0
"17214";4
"17215";4
"17216";0
"17217";4
"17218";4
"17219";4
"17220";4
"17221";0
"17222";0
"17223";4
"17224";4
"17225";0
"17226";1
"17227";1
"17228";4
"17229";4
"17230";4
"17231";4
"17232";4
"17233";4
"17234";4
"17235";4
"17236";4
"17237";4
"17238";0
"17239";4
"17240";4
"17241";3
"17242";4
"17243";4
"17244";4
"17245";4
"17246";4
"17247";4
"17248";4
"17249";0
"17250";4
"17251";4
"17252";0
"17253";4
"17254";4
"17255";0
"17256";4
"17257";4
"17258";4
"17259";0
"17260";4
"17261";0
"17262";4
"17263";4
"17264";4
"17265";4
"17266";4
"17267";4
"17268";2
"17269";4
"17270";0
"17271";0
"17272";4
"17273";4
"17274";4
"17275";4
"17276";4
"17277";0
"17278";4
"17279";4
"17280";0
"17281";4
"17282";0
"17283";0
"17284";1
"17285";4
"17286";0
"17287";0
"17288";0
"17289";0
"17290";4
"17291";4
"17292";4
"17293";0
"17294";4
"17295";4
"17296";0
"17297";4
"17298";4
"17299";4
"17300";4
"17301";4
"17302";0
"17303";4
"17304";4
"17305";4
"17306";4
"17307";4
"17308";4
"17309";2
"17310";4
"17311";4
"17312";4
"17313";4
"17314";4
"17315";2
"17316";2
"17317";4
"17318";4
"17319";4
"17320";4
"17321";4
"17322";4
"17323";4
"17324";4
"17325";4
"17326";4
"17327";4
"17328";4
"17329";4
"17330";4
"17331";4
"17332";4
"17333";4
"17334";1
"17335";4
"17336";4
"17337";4
"17338";4
"17339";4
"17340";4
"17341";4
"17342";4
"17343";4
"17344";4
"17345";4
"17346";4
"17347";4
"17348";4
"17349";4
"17350";4
"17351";2
"17352";2
"17353";4
"17354";2
"17355";4
"17356";4
"17357";4
"17358";4
"17359";4
"17360";4
"17361";4
"17362";4
"17363";4
"17364";4
"17365";4
"17366";4
"17367";4
"17368";4
"17369";4
"17370";4
"17371";4
"17372";4
"17373";4
"17374";4
"17375";4
"17376";4
"17377";4
"17378";4
"17379";4
"17380";4
"17381";4
"17382";4
"17383";4
"17384";4
"17385";4
"17386";4
"17387";4
"17388";4
"17389";4
"17390";4
"17391";4
"17392";4
"17393";4
"17394";4
"17395";4
"17396";4
"17397";4
"17398";4
"17399";4
"17400";4
"17401";4
"17402";4
"17403";4
"17404";4
"17405";4
"17406";4
"17407";4
"17408";4
"17409";4
"17410";4
"17411";4
"17412";4
"17413";4
"17414";3
"17415";4
"17416";4
"17417";4
"17418";4
"17419";4
"17420";4
"17421";4
"17422";4
"17423";4
"17424";0
"17425";4
"17426";4
"17427";4
"17428";4
"17429";4
"17430";4
"17431";4
"17432";4
"17433";4
"17434";4
"17435";4
"17436";4
"17437";4
"17438";3
"17439";4
"17440";4
"17441";4
"17442";4
"17443";4
"17444";4
"17445";2
"17446";4
"17447";4
"17448";4
"17449";4
"17450";4
"17451";4
"17452";4
"17453";4
"17454";4
"17455";4
"17456";2
"17457";4
"17458";4
"17459";4
"17460";4
"17461";4
"17462";4
"17463";4
"17464";4
"17465";4
"17466";4
"17467";4
"17468";4
"17469";4
"17470";4
"17471";4
"17472";4
"17473";4
"17474";4
"17475";4
"17476";4
"17477";4
"17478";1
"17479";4
"17480";4
"17481";4
"17482";4
"17483";4
"17484";4
"17485";4
"17486";4
"17487";4
"17488";4
"17489";4
"17490";4
"17491";4
"17492";4
"17493";4
"17494";4
"17495";4
"17496";4
"17497";4
"17498";4
"17499";4
"17500";4
"17501";4
"17502";4
"17503";0
"17504";4
"17505";4
"17506";4
"17507";4
"17508";4
"17509";4
"17510";4
"17511";4
"17512";4
"17513";4
"17514";4
"17515";4
"17516";4
"17517";4
"17518";4
"17519";4
"17520";4
"17521";4
"17522";4
"17523";4
"17524";4
"17525";4
"17526";4
"17527";2
"17528";4
"17529";4
"17530";4
"17531";4
"17532";4
"17533";4
"17534";4
"17535";4
"17536";4
"17537";4
"17538";4
"17539";4
"17540";4
"17541";4
"17542";4
"17543";4
"17544";4
"17545";4
"17546";4
"17547";4
"17548";2
"17549";4
"17550";4
"17551";4
"17552";4
"17553";4
"17554";4
"17555";4
"17556";4
"17557";4
"17558";4
"17559";4
"17560";4
"17561";1
"17562";4
"17563";4
"17564";2
"17565";4
"17566";4
"17567";4
"17568";4
"17569";4
"17570";4
"17571";4
"17572";4
"17573";4
"17574";4
"17575";4
"17576";4
"17577";4
"17578";4
"17579";4
"17580";4
"17581";4
"17582";4
"17583";4
"17584";4
"17585";4
"17586";4
"17587";4
"17588";4
"17589";4
"17590";4
"17591";4
"17592";4
"17593";4
"17594";4
"17595";4
"17596";2
"17597";4
"17598";4
"17599";2
"17600";4
"17601";3
"17602";2
"17603";4
"17604";4
"17605";2
"17606";4
"17607";2
"17608";2
"17609";2
"17610";4
"17611";4
"17612";2
"17613";4
"17614";2
"17615";2
"17616";4
"17617";4
"17618";3
"17619";4
"17620";4
"17621";4
"17622";4
"17623";0
"17624";4
"17625";2
"17626";4
"17627";4
"17628";4
"17629";4
"17630";4
"17631";4
"17632";4
"17633";4
"17634";4
"17635";2
"17636";4
"17637";4
"17638";4
"17639";2
"17640";4
"17641";4
"17642";0
"17643";4
"17644";4
"17645";2
"17646";4
"17647";4
"17648";2
"17649";4
"17650";4
"17651";4
"17652";4
"17653";4
"17654";4
"17655";4
"17656";4
"17657";2
"17658";2
"17659";4
"17660";4
"17661";4
"17662";2
"17663";4
"17664";4
"17665";4
"17666";4
"17667";4
"17668";4
"17669";4
"17670";4
"17671";4
"17672";4
"17673";4
"17674";4
"17675";4
"17676";4
"17677";4
"17678";4
"17679";4
"17680";4
"17681";4
"17682";2
"17683";4
"17684";2
"17685";4
"17686";4
"17687";2
"17688";4
"17689";2
"17690";2
"17691";2
"17692";2
"17693";4
"17694";4
"17695";4
"17696";4
"17697";2
"17698";2
"17699";2
"17700";4
"17701";4
"17702";4
"17703";4
"17704";4
"17705";4
"17706";4
"17707";4
"17708";2
"17709";4
"17710";2
"17711";2
"17712";2
"17713";2
"17714";4
"17715";2
"17716";4
"17717";2
"17718";2
"17719";2
"17720";4
"17721";2
"17722";4
"17723";4
"17724";4
"17725";4
"17726";4
"17727";4
"17728";2
"17729";2
"17730";4
"17731";2
"17732";4
"17733";4
"17734";0
"17735";4
"17736";4
"17737";4
"17738";2
"17739";4
"17740";2
"17741";2
"17742";2
"17743";2
"17744";2
"17745";2
"17746";4
"17747";2
"17748";2
"17749";2
"17750";2
"17751";2
"17752";2
"17753";4
"17754";2
"17755";2
"17756";2
"17757";4
"17758";4
"17759";4
"17760";2
"17761";4
"17762";2
"17763";2
"17764";4
"17765";4
"17766";2
"17767";2
"17768";2
"17769";4
"17770";2
"17771";4
"17772";2
"17773";2
"17774";4
"17775";4
"17776";2
"17777";2
"17778";2
"17779";2
"17780";2
"17781";2
"17782";4
"17783";4
"17784";2
"17785";2
"17786";2
"17787";2
"17788";2
"17789";2
"17790";2
"17791";2
"17792";2
"17793";2
"17794";2
"17795";2
"17796";2
"17797";2
"17798";2
"17799";2
"17800";2
"17801";4
"17802";2
"17803";3
"17804";2
"17805";0
"17806";4
"17807";3
"17808";3
"17809";0
"17810";4
"17811";4
"17812";4
"17813";4
"17814";0
"17815";0
"17816";3
"17817";4
"17818";3
"17819";4
"17820";4
"17821";4
"17822";4
"17823";4
"17824";4
"17825";2
"17826";2
"17827";2
"17828";3
"17829";2
"17830";4
"17831";4
"17832";4
"17833";2
"17834";4
"17835";2
"17836";4
"17837";4
"17838";4
"17839";4
"17840";4
"17841";4
"17842";4
"17843";4
"17844";4
"17845";4
"17846";4
"17847";4
"17848";4
"17849";4
"17850";4
"17851";4
"17852";4
"17853";4
"17854";4
"17855";4
"17856";4
"17857";4
"17858";4
"17859";4
"17860";4
"17861";4
"17862";4
"17863";4
"17864";0
"17865";4
"17866";4
"17867";4
"17868";4
"17869";0
"17870";4
"17871";4
"17872";0
"17873";4
"17874";4
"17875";4
"17876";4
"17877";4
"17878";4
"17879";4
"17880";4
"17881";4
"17882";4
"17883";4
"17884";4
"17885";3
"17886";4
"17887";3
"17888";4
"17889";4
"17890";4
"17891";4
"17892";4
"17893";4
"17894";4
"17895";4
"17896";4
"17897";4
"17898";4
"17899";4
"17900";4
"17901";4
"17902";4
"17903";4
"17904";4
"17905";4
"17906";2
"17907";2
"17908";2
"17909";2
"17910";4
"17911";4
"17912";2
"17913";2
"17914";2
"17915";2
"17916";2
"17917";4
"17918";2
"17919";2
"17920";2
"17921";2
"17922";4
"17923";4
"17924";4
"17925";4
"17926";4
"17927";4
"17928";4
"17929";4
"17930";4
"17931";4
"17932";4
"17933";4
"17934";3
"17935";4
"17936";4
"17937";4
"17938";4
"17939";4
"17940";4
"17941";2
"17942";2
"17943";2
"17944";2
"17945";2
"17946";2
"17947";2
"17948";2
"17949";0
"17950";4
"17951";4
"17952";4
"17953";4
"17954";4
"17955";4
"17956";4
"17957";3
"17958";3
"17959";4
"17960";4
"17961";4
"17962";4
"17963";4
"17964";4
"17965";3
"17966";4
"17967";3
"17968";4
"17969";4
"17970";3
"17971";0
"17972";4
"17973";4
"17974";4
"17975";4
"17976";4
"17977";4
"17978";4
"17979";4
"17980";4
"17981";1
"17982";4
"17983";3
"17984";4
"17985";4
"17986";4
"17987";3
"17988";4
"17989";4
"17990";4
"17991";3
"17992";4
"17993";4
"17994";4
"17995";4
"17996";4
"17997";2
"17998";0
"17999";4
"18000";0
"18001";4
"18002";4
"18003";4
"18004";4
"18005";1
"18006";4
"18007";4
"18008";4
"18009";4
"18010";4
"18011";4
"18012";4
"18013";4
"18014";4
"18015";4
"18016";4
"18017";3
"18018";4
"18019";4
"18020";4
"18021";4
"18022";4
"18023";4
"18024";4
"18025";4
"18026";4
"18027";4
"18028";4
"18029";4
"18030";0
"18031";4
"18032";4
"18033";4
"18034";4
"18035";4
"18036";4
"18037";4
"18038";4
"18039";4
"18040";4
"18041";4
"18042";4
"18043";4
"18044";3
"18045";4
"18046";2
"18047";4
"18048";4
"18049";4
"18050";4
"18051";4
"18052";4
"18053";4
"18054";4
"18055";4
"18056";4
"18057";3
"18058";4
"18059";4
"18060";4
"18061";4
"18062";4
"18063";4
"18064";4
"18065";4
"18066";4
"18067";4
"18068";4
"18069";4
"18070";4
"18071";4
"18072";4
"18073";2
"18074";4
"18075";4
"18076";4
"18077";4
"18078";4
"18079";4
"18080";4
"18081";4
"18082";4
"18083";4
"18084";4
"18085";4
"18086";4
"18087";4
"18088";4
"18089";4
"18090";4
"18091";4
"18092";4
"18093";4
"18094";4
"18095";0
"18096";0
"18097";0
"18098";4
"18099";4
"18100";4
"18101";4
"18102";1
"18103";4
"18104";4
"18105";4
"18106";4
"18107";4
"18108";4
"18109";4
"18110";4
"18111";4
"18112";2
"18113";3
"18114";3
"18115";4
"18116";4
"18117";4
"18118";4
"18119";2
"18120";4
"18121";4
"18122";4
"18123";4
"18124";4
"18125";4
"18126";4
"18127";0
"18128";4
"18129";0
"18130";1
"18131";4
"18132";0
"18133";4
"18134";4
"18135";0
"18136";4
"18137";4
"18138";4
"18139";4
"18140";4
"18141";4
"18142";4
"18143";4
"18144";4
"18145";4
"18146";4
"18147";4
"18148";4
"18149";4
"18150";4
"18151";4
"18152";4
"18153";4
"18154";4
"18155";4
"18156";4
"18157";4
"18158";0
"18159";4
"18160";0
"18161";0
"18162";0
"18163";4
"18164";4
"18165";4
"18166";4
"18167";4
"18168";4
"18169";4
"18170";4
"18171";4
"18172";4
"18173";4
"18174";4
"18175";4
"18176";4
"18177";4
"18178";1
"18179";4
"18180";4
"18181";4
"18182";0
"18183";4
"18184";4
"18185";0
"18186";4
"18187";4
"18188";4
"18189";4
"18190";4
"18191";4
"18192";4
"18193";4
"18194";4
"18195";4
"18196";4
"18197";0
"18198";4
"18199";4
"18200";4
"18201";4
"18202";4
"18203";3
"18204";4
"18205";4
"18206";4
"18207";4
"18208";4
"18209";4
"18210";3
"18211";2
"18212";4
"18213";4
"18214";3
"18215";4
"18216";0
"18217";4
"18218";4
"18219";4
"18220";4
"18221";4
"18222";4
"18223";3
"18224";4
"18225";4
"18226";4
"18227";4
"18228";2
"18229";4
"18230";4
"18231";0
"18232";4
"18233";4
"18234";4
"18235";4
"18236";4
"18237";4
"18238";4
"18239";3
"18240";0
"18241";4
"18242";4
"18243";4
"18244";4
"18245";4
"18246";4
"18247";2
"18248";4
"18249";4
"18250";0
"18251";4
"18252";4
"18253";4
"18254";4
"18255";4
"18256";4
"18257";4
"18258";4
"18259";4
"18260";4
"18261";4
"18262";4
"18263";4
"18264";4
"18265";4
"18266";4
"18267";1
"18268";4
"18269";4
"18270";4
"18271";4
"18272";4
"18273";3
"18274";4
"18275";3
"18276";4
"18277";4
"18278";3
"18279";4
"18280";4
"18281";4
"18282";4
"18283";4
"18284";4
"18285";4
"18286";4
"18287";4
"18288";4
"18289";4
"18290";4
"18291";1
"18292";4
"18293";4
"18294";4
"18295";4
"18296";3
"18297";4
"18298";4
"18299";3
"18300";4
"18301";4
"18302";4
"18303";4
"18304";4
"18305";4
"18306";4
"18307";4
"18308";3
"18309";4
"18310";4
"18311";3
"18312";4
"18313";4
"18314";4
"18315";4
"18316";4
"18317";4
"18318";4
"18319";4
"18320";4
"18321";4
"18322";4
"18323";4
"18324";4
"18325";4
"18326";4
"18327";4
"18328";4
"18329";4
"18330";4
"18331";4
"18332";4
"18333";4
"18334";4
"18335";4
"18336";4
"18337";4
"18338";4
"18339";4
"18340";3
"18341";4
"18342";3
"18343";4
"18344";3
"18345";4
"18346";3
"18347";4
"18348";1
"18349";3
"18350";4
"18351";4
"18352";3
"18353";4
"18354";4
"18355";4
"18356";4
"18357";4
"18358";4
"18359";4
"18360";4
"18361";4
"18362";4
"18363";4
"18364";4
"18365";1
"18366";1
"18367";4
"18368";4
"18369";4
"18370";4
"18371";4
"18372";0
"18373";1
"18374";4
"18375";4
"18376";4
"18377";4
"18378";4
"18379";4
"18380";4
"18381";4
"18382";4
"18383";4
"18384";4
"18385";4
"18386";4
"18387";4
"18388";4
"18389";4
"18390";4
"18391";4
"18392";4
"18393";4
"18394";4
"18395";4
"18396";4
"18397";4
"18398";4
"18399";4
"18400";4
"18401";4
"18402";4
"18403";4
"18404";4
"18405";4
"18406";4
"18407";4
"18408";4
"18409";4
"18410";3
"18411";4
"18412";4
"18413";4
"18414";4
"18415";4
"18416";3
"18417";3
"18418";4
"18419";3
"18420";4
"18421";3
"18422";3
"18423";3
"18424";1
"18425";3
"18426";3
"18427";4
"18428";4
"18429";4
"18430";3
"18431";4
"18432";3
"18433";4
"18434";4
"18435";4
"18436";3
"18437";4
"18438";3
"18439";4
"18440";4
"18441";4
"18442";4
"18443";4
"18444";3
"18445";4
"18446";4
"18447";4
"18448";4
"18449";4
"18450";2
"18451";4
"18452";4
"18453";4
"18454";4
"18455";4
"18456";4
"18457";4
"18458";4
"18459";4
"18460";4
"18461";4
"18462";4
"18463";4
"18464";4
"18465";4
"18466";4
"18467";2
"18468";4
"18469";4
"18470";4
"18471";4
"18472";2
"18473";4
"18474";4
"18475";4
"18476";4
"18477";2
"18478";0
"18479";2
"18480";2
"18481";4
"18482";4
"18483";4
"18484";4
"18485";4
"18486";4
"18487";4
"18488";3
"18489";1
"18490";4
"18491";4
"18492";0
"18493";1
"18494";0
"18495";4
"18496";4
"18497";4
"18498";4
"18499";4
"18500";4
"18501";4
"18502";4
"18503";3
"18504";4
"18505";4
"18506";4
"18507";4
"18508";4
"18509";4
"18510";2
"18511";4
"18512";4
"18513";4
"18514";4
"18515";4
"18516";4
"18517";4
"18518";4
"18519";4
"18520";4
"18521";4
"18522";4
"18523";3
"18524";1
"18525";0
"18526";4
"18527";4
"18528";0
"18529";4
"18530";4
"18531";0
"18532";3
"18533";4
"18534";0
"18535";4
"18536";4
"18537";4
"18538";0
"18539";4
"18540";4
"18541";4
"18542";4
"18543";4
"18544";4
"18545";4
"18546";0
"18547";0
"18548";4
"18549";4
"18550";4
"18551";4
"18552";4
"18553";4
"18554";4
"18555";0
"18556";4
"18557";4
"18558";4
"18559";4
"18560";4
"18561";4
"18562";2
"18563";4
"18564";4
"18565";2
"18566";4
"18567";4
"18568";4
"18569";4
"18570";4
"18571";4
"18572";4
"18573";4
"18574";4
"18575";4
"18576";4
"18577";2
"18578";4
"18579";4
"18580";4
"18581";4
"18582";4
"18583";4
"18584";4
"18585";4
"18586";4
"18587";4
"18588";4
"18589";4
"18590";4
"18591";4
"18592";4
"18593";4
"18594";4
"18595";4
"18596";4
"18597";4
"18598";4
"18599";4
"18600";4
"18601";4
"18602";4
"18603";4
"18604";4
"18605";4
"18606";4
"18607";4
"18608";4
"18609";4
"18610";4
"18611";0
"18612";4
"18613";4
"18614";4
"18615";0
"18616";4
"18617";4
"18618";4
"18619";4
"18620";4
"18621";4
"18622";4
"18623";4
"18624";4
"18625";4
"18626";2
"18627";4
"18628";4
"18629";4
"18630";4
"18631";2
"18632";4
"18633";4
"18634";4
"18635";2
"18636";4
"18637";4
"18638";4
"18639";4
"18640";4
"18641";4
"18642";0
"18643";0
"18644";0
"18645";0
"18646";0
"18647";0
"18648";0
"18649";4
"18650";0
"18651";0
"18652";0
"18653";1
"18654";4
"18655";4
"18656";4
"18657";4
"18658";4
"18659";4
"18660";4
"18661";4
"18662";4
"18663";4
"18664";4
"18665";4
"18666";4
"18667";4
"18668";4
"18669";4
"18670";4
"18671";2
"18672";4
"18673";4
"18674";4
"18675";4
"18676";4
"18677";4
"18678";4
"18679";4
"18680";4
"18681";4
"18682";4
"18683";4
"18684";4
"18685";4
"18686";4
"18687";4
"18688";4
"18689";4
"18690";4
"18691";4
"18692";3
"18693";4
"18694";4
"18695";4
"18696";4
"18697";4
"18698";4
"18699";4
"18700";4
"18701";3
"18702";4
"18703";3
"18704";4
"18705";4
"18706";4
"18707";4
"18708";4
"18709";4
"18710";4
"18711";4
"18712";4
"18713";1
"18714";4
"18715";4
"18716";4
"18717";4
"18718";3
"18719";3
"18720";4
"18721";2
"18722";0
"18723";4
"18724";3
"18725";4
"18726";3
"18727";4
"18728";4
"18729";4
"18730";4
"18731";4
"18732";4
"18733";4
"18734";4
"18735";4
"18736";4
"18737";4
"18738";4
"18739";4
"18740";1
"18741";4
"18742";4
"18743";4
"18744";4
"18745";4
"18746";4
"18747";4
"18748";4
"18749";4
"18750";4
"18751";4
"18752";3
"18753";4
"18754";4
"18755";4
"18756";3
"18757";4
"18758";4
"18759";4
"18760";4
"18761";4
"18762";4
"18763";4
"18764";3
"18765";4
"18766";4
"18767";4
"18768";4
"18769";4
"18770";4
"18771";4
"18772";4
"18773";0
"18774";0
"18775";4
"18776";0
"18777";0
"18778";0
"18779";0
"18780";0
"18781";3
"18782";4
"18783";4
"18784";0
"18785";0
"18786";4
"18787";4
"18788";0
"18789";4
"18790";4
"18791";0
"18792";4
"18793";0
"18794";4
"18795";0
"18796";0
"18797";0
"18798";4
"18799";0
"18800";1
"18801";4
"18802";4
"18803";4
"18804";4
"18805";0
"18806";4
"18807";0
"18808";4
"18809";4
"18810";4
"18811";4
"18812";4
"18813";2
"18814";4
"18815";4
"18816";4
"18817";0
"18818";4
"18819";4
"18820";1
"18821";4
"18822";4
"18823";4
"18824";4
"18825";4
"18826";0
"18827";4
"18828";0
"18829";4
"18830";4
"18831";4
"18832";1
"18833";1
"18834";4
"18835";4
"18836";4
"18837";4
"18838";4
"18839";3
"18840";4
"18841";4
"18842";4
"18843";4
"18844";3
"18845";4
"18846";4
"18847";0
"18848";4
"18849";4
"18850";4
"18851";4
"18852";3
"18853";0
"18854";4
"18855";4
"18856";4
"18857";4
"18858";0
"18859";4
"18860";4
"18861";4
"18862";4
"18863";4
"18864";0
"18865";4
"18866";4
"18867";4
"18868";4
"18869";4
"18870";4
"18871";4
"18872";4
"18873";4
"18874";4
"18875";4
"18876";4
"18877";4
"18878";4
"18879";4
"18880";4
"18881";4
"18882";4
"18883";4
"18884";4
"18885";4
"18886";0
"18887";4
"18888";3
"18889";0
"18890";0
"18891";4
"18892";0
"18893";0
"18894";3
"18895";4
"18896";3
"18897";3
"18898";4
"18899";4
"18900";3
"18901";4
"18902";3
"18903";3
"18904";4
"18905";4
"18906";0
"18907";0
"18908";3
"18909";3
"18910";0
"18911";0
"18912";0
"18913";0
"18914";4
"18915";0
"18916";1
"18917";0
"18918";2
"18919";4
"18920";0
"18921";1
"18922";3
"18923";4
"18924";4
"18925";4
"18926";4
"18927";4
"18928";4
"18929";4
"18930";4
"18931";4
"18932";4
"18933";4
"18934";4
"18935";0
"18936";0
"18937";0
"18938";0
"18939";4
"18940";4
"18941";3
"18942";3
"18943";3
"18944";3
"18945";3
"18946";3
"18947";0
"18948";4
"18949";4
"18950";4
"18951";4
"18952";4
"18953";4
"18954";4
"18955";4
"18956";4
"18957";4
"18958";4
"18959";4
"18960";4
"18961";4
"18962";4
"18963";4
"18964";4
"18965";4
"18966";4
"18967";4
"18968";4
"18969";4
"18970";2
"18971";4
"18972";4
"18973";4
"18974";3
"18975";4
"18976";4
"18977";4
"18978";4
"18979";4
"18980";4
"18981";4
"18982";4
"18983";4
"18984";4
"18985";4
"18986";4
"18987";4
"18988";4
"18989";4
"18990";4
"18991";4
"18992";4
"18993";4
"18994";4
"18995";4
"18996";4
"18997";4
"18998";4
"18999";4
"19000";4
"19001";4
"19002";4
"19003";4
"19004";0
"19005";4
"19006";4
"19007";4
"19008";4
"19009";4
"19010";3
"19011";2
"19012";4
"19013";4
"19014";4
"19015";4
"19016";4
"19017";4
"19018";0
"19019";4
"19020";4
"19021";1
"19022";4
"19023";4
"19024";4
"19025";0
"19026";0
"19027";0
"19028";4
"19029";0
"19030";4
"19031";2
"19032";4
"19033";2
"19034";4
"19035";0
"19036";0
"19037";4
"19038";4
"19039";4
"19040";4
"19041";4
"19042";4
"19043";4
"19044";0
"19045";0
"19046";0
"19047";1
"19048";4
"19049";4
"19050";4
"19051";0
"19052";4
"19053";4
"19054";0
"19055";0
"19056";4
"19057";0
"19058";0
"19059";1
"19060";4
"19061";0
"19062";1
"19063";4
"19064";3
"19065";0
"19066";3
"19067";3
"19068";4
"19069";0
"19070";0
"19071";4
"19072";3
"19073";4
"19074";4
"19075";4
"19076";4
"19077";4
"19078";4
"19079";0
"19080";4
"19081";1
"19082";4
"19083";0
"19084";4
"19085";1
"19086";1
"19087";1
"19088";4
"19089";4
"19090";1
"19091";4
"19092";4
"19093";4
"19094";4
"19095";4
"19096";4
"19097";4
"19098";4
"19099";4
"19100";4
"19101";4
"19102";4
"19103";4
"19104";4
"19105";1
"19106";4
"19107";0
"19108";4
"19109";1
"19110";4
"19111";3
"19112";4
"19113";4
"19114";4
"19115";4
"19116";3
"19117";4
"19118";4
"19119";4
"19120";4
"19121";0
"19122";4
"19123";4
"19124";4
"19125";4
"19126";4
"19127";4
"19128";4
"19129";4
"19130";4
"19131";4
"19132";1
"19133";4
"19134";4
"19135";0
"19136";4
"19137";4
"19138";4
"19139";4
"19140";4
"19141";4
"19142";4
"19143";0
"19144";4
"19145";4
"19146";4
"19147";4
"19148";4
"19149";4
"19150";4
"19151";4
"19152";4
"19153";4
"19154";4
"19155";4
"19156";4
"19157";4
"19158";4
"19159";4
"19160";4
"19161";4
"19162";4
"19163";4
"19164";4
"19165";4
"19166";4
"19167";4
"19168";4
"19169";4
"19170";4
"19171";4
"19172";4
"19173";4
"19174";4
"19175";4
"19176";4
"19177";2
"19178";4
"19179";4
"19180";0
"19181";4
"19182";4
"19183";4
"19184";4
"19185";4
"19186";4
"19187";4
"19188";3
"19189";3
"19190";4
"19191";4
"19192";4
"19193";4
"19194";4
"19195";4
"19196";4
"19197";4
"19198";3
"19199";4
"19200";4
"19201";4
"19202";1
"19203";4
"19204";1
"19205";4
"19206";3
"19207";3
"19208";4
"19209";3
"19210";4
"19211";0
"19212";4
"19213";4
"19214";4
"19215";4
"19216";4
"19217";4
"19218";4
"19219";4
"19220";4
"19221";4
"19222";4
"19223";4
"19224";0
"19225";4
"19226";1
"19227";4
"19228";4
"19229";4
"19230";0
"19231";0
"19232";0
"19233";0
"19234";4
"19235";4
"19236";4
"19237";0
"19238";4
"19239";0
"19240";0
"19241";4
"19242";4
"19243";4
"19244";4
"19245";4
"19246";4
"19247";4
"19248";4
"19249";4
"19250";4
"19251";4
"19252";4
"19253";4
"19254";4
"19255";0
"19256";0
"19257";4
"19258";3
"19259";4
"19260";0
"19261";4
"19262";4
"19263";4
"19264";4
"19265";4
"19266";4
"19267";4
"19268";4
"19269";4
"19270";0
"19271";0
"19272";1
"19273";1
"19274";1
"19275";1
"19276";0
"19277";4
"19278";4
"19279";4
"19280";4
"19281";4
"19282";4
"19283";4
"19284";4
"19285";2
"19286";4
"19287";4
"19288";4
"19289";4
"19290";2
"19291";4
"19292";4
"19293";4
"19294";0
"19295";0
"19296";4
"19297";4
"19298";4
"19299";4
"19300";4
"19301";4
"19302";2
"19303";4
"19304";2
"19305";4
"19306";4
"19307";4
"19308";4
"19309";4
"19310";4
"19311";4
"19312";4
"19313";4
"19314";2
"19315";4
"19316";4
"19317";2
"19318";4
"19319";4
"19320";4
"19321";2
"19322";2
"19323";4
"19324";4
"19325";2
"19326";0
"19327";4
"19328";4
"19329";4
"19330";4
"19331";4
"19332";4
"19333";2
"19334";2
"19335";2
"19336";2
"19337";4
"19338";4
"19339";2
"19340";2
"19341";4
"19342";2
"19343";4
"19344";4
"19345";4
"19346";4
"19347";3
"19348";2
"19349";4
"19350";4
"19351";4
"19352";4
"19353";4
"19354";0
"19355";4
"19356";3
"19357";3
"19358";3
"19359";3
"19360";3
"19361";3
"19362";3
"19363";3
"19364";3
"19365";4
"19366";3
"19367";3
"19368";3
"19369";4
"19370";0
"19371";4
"19372";4
"19373";3
"19374";4
"19375";4
"19376";4
"19377";4
"19378";4
"19379";4
"19380";4
"19381";4
"19382";4
"19383";4
"19384";4
"19385";0
"19386";4
"19387";4
"19388";3
"19389";4
"19390";4
"19391";4
"19392";4
"19393";4
"19394";4
"19395";4
"19396";4
"19397";4
"19398";4
"19399";4
"19400";4
"19401";4
"19402";4
"19403";3
"19404";4
"19405";4
"19406";4
"19407";4
"19408";0
"19409";4
"19410";4
"19411";4
"19412";0
"19413";4
"19414";4
"19415";4
"19416";4
"19417";4
"19418";4
"19419";4
"19420";4
"19421";4
"19422";4
"19423";4
"19424";4
"19425";4
"19426";4
"19427";4
"19428";4
"19429";4
"19430";4
"19431";4
"19432";4
"19433";4
"19434";4
"19435";4
"19436";4
"19437";4
"19438";4
"19439";4
"19440";4
"19441";4
"19442";4
"19443";4
"19444";4
"19445";4
"19446";4
"19447";4
"19448";4
"19449";4
"19450";4
"19451";4
"19452";3
"19453";4
"19454";4
"19455";4
"19456";4
"19457";4
"19458";4
"19459";4
"19460";4
"19461";4
"19462";4
"19463";4
"19464";4
"19465";4
"19466";4
"19467";4
"19468";4
"19469";4
"19470";4
"19471";4
"19472";4
"19473";4
"19474";4
"19475";4
"19476";4
"19477";4
"19478";4
"19479";4
"19480";4
"19481";4
"19482";4
"19483";4
"19484";4
"19485";2
"19486";4
"19487";4
"19488";4
"19489";4
"19490";4
"19491";0
"19492";4
"19493";4
"19494";4
"19495";4
"19496";4
"19497";4
"19498";4
"19499";4
"19500";4
"19501";4
"19502";4
"19503";4
"19504";4
"19505";4
"19506";4
"19507";4
"19508";4
"19509";4
"19510";4
"19511";4
"19512";4
"19513";4
"19514";4
"19515";4
"19516";0
"19517";4
"19518";4
"19519";4
"19520";4
"19521";4
"19522";4
"19523";4
"19524";4
"19525";4
"19526";4
"19527";4
"19528";4
"19529";4
"19530";4
"19531";4
"19532";4
"19533";4
"19534";4
"19535";4
"19536";4
"19537";4
"19538";4
"19539";4
"19540";4
"19541";4
"19542";4
"19543";4
"19544";4
"19545";4
"19546";4
"19547";4
"19548";4
"19549";4
"19550";4
"19551";4
"19552";4
"19553";4
"19554";1
"19555";4
"19556";4
"19557";1
"19558";4
"19559";4
"19560";4
"19561";4
"19562";4
"19563";4
"19564";4
"19565";4
"19566";4
"19567";4
"19568";4
"19569";4
"19570";4
"19571";4
"19572";4
"19573";4
"19574";4
"19575";4
"19576";2
"19577";2
"19578";4
"19579";4
"19580";4
"19581";4
"19582";4
"19583";4
"19584";4
"19585";2
"19586";4
"19587";4
"19588";4
"19589";4
"19590";4
"19591";4
"19592";2
"19593";2
"19594";2
"19595";2
"19596";2
"19597";4
"19598";4
"19599";4
"19600";4
"19601";4
"19602";4
"19603";4
"19604";4
"19605";4
"19606";4
"19607";4
"19608";4
"19609";4
"19610";4
"19611";4
"19612";2
"19613";4
"19614";4
"19615";4
"19616";4
"19617";4
"19618";4
"19619";4
"19620";4
"19621";4
"19622";4
"19623";3
"19624";4
"19625";4
"19626";2
"19627";4
"19628";4
"19629";4
"19630";4
"19631";4
"19632";2
"19633";2
"19634";4
"19635";4
"19636";4
"19637";2
"19638";4
"19639";4
"19640";4
"19641";4
"19642";4
"19643";4
"19644";4
"19645";4
"19646";4
"19647";4
"19648";2
"19649";2
"19650";3
"19651";2
"19652";3
"19653";3
"19654";3
"19655";2
"19656";4
"19657";4
"19658";4
"19659";2
"19660";4
"19661";4
"19662";4
"19663";4
"19664";4
"19665";4
"19666";4
"19667";4
"19668";4
"19669";4
"19670";4
"19671";4
"19672";4
"19673";0
"19674";4
"19675";4
"19676";4
"19677";4
"19678";4
"19679";4
"19680";4
"19681";4
"19682";4
"19683";4
"19684";2
"19685";4
"19686";4
"19687";4
"19688";4
"19689";4
"19690";4
"19691";4
"19692";1
"19693";4
"19694";4
"19695";4
"19696";4
"19697";4
"19698";4
"19699";4
"19700";4
"19701";1
"19702";4
"19703";4
"19704";4
"19705";4
"19706";4
"19707";4
"19708";4
"19709";4
"19710";4
"19711";4
"19712";4
"19713";4
"19714";4
"19715";4
"19716";4
"19717";4
"19718";0
"19719";4
"19720";4
"19721";4
"19722";4
"19723";4
"19724";4
"19725";4
"19726";4
"19727";4
"19728";4
"19729";4
"19730";4
"19731";4
"19732";4
"19733";4
"19734";4
"19735";4
"19736";4
"19737";4
"19738";3
"19739";2
"19740";3
"19741";4
"19742";4
"19743";2
"19744";2
"19745";3
"19746";4
"19747";4
"19748";4
"19749";2
"19750";4
"19751";4
"19752";4
"19753";4
"19754";4
"19755";3
"19756";4
"19757";4
"19758";4
"19759";4
"19760";4
"19761";4
"19762";4
"19763";4
"19764";4
"19765";4
"19766";4
"19767";4
"19768";4
"19769";0
"19770";4
"19771";3
"19772";3
"19773";4
"19774";4
"19775";2
"19776";3
"19777";0
"19778";4
"19779";3
"19780";3
"19781";4
"19782";3
"19783";3
"19784";4
"19785";3
"19786";2
"19787";4
"19788";4
"19789";4
"19790";2
"19791";4
"19792";4
"19793";4
"19794";4
"19795";4
"19796";4
"19797";2
"19798";2
"19799";2
"19800";4
"19801";4
"19802";4
"19803";4
"19804";4
"19805";4
"19806";4
"19807";4
"19808";4
"19809";4
"19810";2
"19811";4
"19812";4
"19813";4
"19814";4
"19815";4
"19816";4
"19817";1
"19818";4
"19819";4
"19820";4
"19821";4
"19822";2
"19823";4
"19824";2
"19825";2
"19826";4
"19827";2
"19828";4
"19829";4
"19830";2
"19831";4
"19832";4
"19833";3
"19834";4
"19835";4
"19836";4
"19837";4
"19838";2
"19839";4
"19840";4
"19841";2
"19842";4
"19843";4
"19844";3
"19845";3
"19846";2
"19847";4
"19848";4
"19849";4
"19850";4
"19851";4
"19852";4
"19853";2
"19854";4
"19855";4
"19856";2
"19857";4
"19858";4
"19859";4
"19860";4
"19861";2
"19862";2
"19863";4
"19864";4
"19865";2
"19866";4
"19867";4
"19868";4
"19869";4
"19870";2
"19871";4
"19872";4
"19873";4
"19874";4
"19875";4
"19876";4
"19877";4
"19878";2
"19879";4
"19880";2
"19881";4
"19882";4
"19883";4
"19884";2
"19885";2
"19886";2
"19887";2
"19888";2
"19889";4
"19890";4
"19891";4
"19892";4
"19893";2
"19894";2
"19895";4
"19896";4
"19897";2
"19898";2
"19899";2
"19900";2
"19901";4
"19902";4
"19903";4
"19904";4
"19905";4
"19906";4
"19907";4
"19908";4
"19909";4
"19910";4
"19911";4
"19912";4
"19913";4
"19914";4
"19915";4
"19916";4
"19917";4
"19918";4
"19919";4
"19920";0
"19921";0
"19922";4
"19923";0
"19924";2
"19925";4
"19926";0
"19927";4
"19928";4
"19929";4
"19930";4
"19931";4
"19932";0
"19933";2
"19934";4
"19935";4
"19936";4
"19937";4
"19938";4
"19939";4
"19940";4
"19941";4
"19942";4
"19943";0
"19944";0
"19945";0
"19946";0
"19947";0
"19948";4
"19949";4
"19950";0
"19951";4
"19952";4
"19953";0
"19954";4
"19955";4
"19956";4
"19957";0
"19958";4
"19959";4
"19960";4
"19961";4
"19962";2
"19963";0
"19964";4
"19965";0
"19966";4
"19967";0
"19968";2
"19969";4
"19970";4
"19971";0
"19972";0
"19973";3
"19974";3
"19975";0
"19976";4
"19977";4
"19978";0
"19979";4
"19980";4
"19981";0
"19982";0
"19983";4
"19984";4
"19985";4
"19986";4
"19987";4
"19988";4
"19989";4
"19990";4
"19991";4
"19992";0
"19993";4
"19994";4
"19995";4
"19996";3
"19997";3
"19998";4
"19999";1
"20000";3
"20001";3
"20002";3
"20003";4
"20004";4
"20005";4
"20006";4
"20007";3
"20008";4
"20009";4
"20010";4
"20011";4
"20012";4
"20013";3
"20014";3
"20015";4
"20016";3
"20017";4
"20018";4
"20019";4
"20020";4
"20021";4
"20022";4
"20023";4
"20024";4
"20025";4
"20026";4
"20027";4
"20028";3
"20029";4
"20030";4
"20031";4
"20032";4
"20033";4
"20034";4
"20035";4
"20036";4
"20037";4
"20038";3
"20039";4
"20040";4
"20041";4
"20042";0
"20043";4
"20044";4
"20045";4
"20046";4
"20047";4
"20048";3
"20049";4
"20050";4
"20051";3
"20052";4
"20053";3
"20054";4
"20055";4
"20056";4
"20057";4
"20058";2
"20059";2
"20060";3
"20061";4
"20062";4
"20063";3
"20064";4
"20065";4
"20066";4
"20067";4
"20068";0
"20069";4
"20070";2
"20071";4
"20072";4
"20073";4
"20074";4
"20075";4
"20076";4
"20077";4
"20078";4
"20079";4
"20080";4
"20081";4
"20082";4
"20083";2
"20084";4
"20085";4
"20086";4
"20087";0
"20088";4
"20089";4
"20090";4
"20091";2
"20092";2
"20093";4
"20094";4
"20095";4
"20096";2
"20097";2
"20098";4
"20099";2
"20100";4
"20101";4
"20102";4
"20103";4
"20104";4
"20105";4
"20106";2
"20107";4
"20108";2
"20109";4
"20110";4
"20111";2
"20112";2
"20113";4
"20114";2
"20115";2
"20116";4
"20117";4
"20118";4
"20119";4
"20120";0
"20121";2
"20122";4
"20123";4
"20124";4
"20125";2
"20126";4
"20127";4
"20128";4
"20129";4
"20130";4
"20131";4
"20132";2
"20133";2
"20134";4
"20135";2
"20136";2
"20137";4
"20138";4
"20139";4
"20140";4
"20141";4
"20142";4
"20143";4
"20144";0
"20145";4
"20146";2
"20147";2
"20148";4
"20149";4
"20150";2
"20151";0
"20152";4
"20153";4
"20154";4
"20155";4
"20156";4
"20157";4
"20158";2
"20159";4
"20160";0
"20161";1
"20162";1
"20163";4
"20164";0
"20165";0
"20166";0
"20167";4
"20168";4
"20169";4
"20170";4
"20171";2
"20172";4
"20173";4
"20174";4
"20175";4
"20176";4
"20177";4
"20178";4
"20179";4
"20180";4
"20181";4
"20182";4
"20183";4
"20184";4
"20185";4
"20186";4
"20187";4
"20188";0
"20189";4
"20190";4
"20191";4
"20192";4
"20193";4
"20194";4
"20195";4
"20196";4
"20197";4
"20198";4
"20199";4
"20200";0
"20201";4
"20202";4
"20203";1
"20204";0
"20205";4
"20206";4
"20207";4
"20208";4
"20209";4
"20210";4
"20211";4
"20212";4
"20213";4
"20214";4
"20215";4
"20216";4
"20217";4
"20218";4
"20219";4
"20220";3
"20221";4
"20222";4
"20223";4
"20224";4
"20225";4
"20226";4
"20227";4
"20228";4
"20229";4
"20230";4
"20231";4
"20232";4
"20233";4
"20234";4
"20235";4
"20236";4
"20237";4
"20238";4
"20239";4
"20240";4
"20241";4
"20242";4
"20243";4
"20244";4
"20245";4
"20246";4
"20247";4
"20248";4
"20249";4
"20250";4
"20251";4
"20252";4
"20253";4
"20254";4
"20255";4
"20256";4
"20257";4
"20258";4
"20259";4
"20260";3
"20261";4
"20262";4
"20263";4
"20264";4
"20265";4
"20266";4
"20267";4
"20268";4
"20269";4
"20270";4
"20271";0
"20272";0
"20273";4
"20274";0
"20275";0
"20276";4
"20277";0
"20278";4
"20279";4
"20280";4
"20281";4
"20282";4
"20283";0
"20284";4
"20285";0
"20286";4
"20287";4
"20288";4
"20289";4
"20290";4
"20291";4
"20292";4
"20293";4
"20294";4
"20295";4
"20296";4
"20297";3
"20298";4
"20299";4
"20300";4
"20301";4
"20302";1
"20303";3
"20304";3
"20305";4
"20306";4
"20307";4
"20308";3
"20309";3
"20310";4
"20311";1
"20312";1
"20313";4
"20314";4
"20315";4
"20316";4
"20317";4
"20318";4
"20319";4
"20320";0
"20321";3
"20322";3
"20323";4
"20324";4
"20325";4
"20326";3
"20327";4
"20328";4
"20329";4
"20330";3
"20331";3
"20332";4
"20333";4
"20334";2
"20335";2
"20336";4
"20337";4
"20338";2
"20339";4
"20340";4
"20341";4
"20342";4
"20343";0
"20344";4
"20345";0
"20346";4
"20347";0
"20348";4
"20349";4
"20350";1
"20351";4
"20352";4
"20353";4
"20354";4
"20355";0
"20356";1
"20357";4
"20358";4
"20359";4
"20360";1
"20361";4
"20362";1
"20363";4
"20364";1
"20365";4
"20366";1
"20367";1
"20368";1
"20369";4
"20370";4
"20371";4
"20372";0
"20373";4
"20374";4
"20375";4
"20376";4
"20377";4
"20378";4
"20379";2
"20380";2
"20381";2
"20382";4
"20383";4
"20384";2
"20385";4
"20386";2
"20387";4
"20388";4
"20389";4
"20390";4
"20391";4
"20392";4
"20393";0
"20394";4
"20395";4
"20396";4
"20397";4
"20398";4
"20399";4
"20400";2
"20401";2
"20402";4
"20403";2
"20404";3
"20405";3
"20406";4
"20407";4
"20408";4
"20409";2
"20410";0
"20411";1
"20412";0
"20413";3
"20414";4
"20415";4
"20416";4
"20417";4
"20418";4
"20419";4
"20420";4
"20421";4
"20422";4
"20423";4
"20424";2
"20425";4
"20426";4
"20427";4
"20428";3
"20429";2
"20430";4
"20431";4
"20432";4
"20433";2
"20434";4
"20435";4
"20436";4
"20437";4
"20438";0
"20439";4
"20440";4
"20441";4
"20442";4
"20443";4
"20444";4
"20445";4
"20446";4
"20447";4
"20448";4
"20449";4
"20450";4
"20451";4
"20452";4
"20453";4
"20454";4
"20455";4
"20456";4
"20457";4
"20458";4
"20459";4
"20460";4
"20461";4
"20462";4
"20463";4
"20464";4
"20465";4
"20466";4
"20467";4
"20468";4
"20469";4
"20470";3
"20471";4
"20472";4
"20473";4
"20474";4
"20475";4
"20476";1
"20477";3
"20478";3
"20479";4
"20480";4
"20481";4
"20482";4
"20483";4
"20484";4
"20485";4
"20486";4
"20487";4
"20488";4
"20489";3
"20490";4
"20491";4
"20492";4
"20493";4
"20494";4
"20495";4
"20496";4
"20497";2
"20498";4
"20499";4
"20500";4
"20501";1
"20502";1
"20503";1
"20504";1
"20505";4
"20506";4
"20507";4
"20508";2
"20509";4
"20510";1
"20511";4
"20512";3
"20513";4
"20514";3
"20515";4
"20516";2
"20517";4
"20518";4
"20519";2
"20520";4
"20521";4
"20522";4
"20523";2
"20524";4
"20525";2
"20526";4
"20527";4
"20528";4
"20529";4
"20530";4
"20531";4
"20532";4
"20533";4
"20534";4
"20535";4
"20536";4
"20537";4
"20538";4
"20539";4
"20540";4
"20541";2
"20542";2
"20543";4
"20544";4
"20545";4
"20546";2
"20547";3
"20548";4
"20549";4
"20550";4
"20551";3
"20552";1
"20553";4
"20554";3
"20555";3
"20556";4
"20557";4
"20558";4
"20559";3
"20560";4
"20561";4
"20562";4
"20563";4
"20564";0
"20565";0
"20566";4
"20567";4
"20568";4
"20569";4
"20570";2
"20571";4
"20572";0
"20573";0
"20574";0
"20575";4
"20576";0
"20577";0
"20578";1
"20579";4
"20580";4
"20581";4
"20582";4
"20583";4
"20584";4
"20585";4
"20586";4
"20587";4
"20588";4
"20589";4
"20590";4
"20591";3
"20592";4
"20593";4
"20594";4
"20595";2
"20596";4
"20597";2
"20598";4
"20599";4
"20600";4
"20601";4
"20602";4
"20603";4
"20604";2
"20605";4
"20606";3
"20607";1
"20608";1
"20609";3
"20610";3
"20611";3
"20612";3
"20613";4
"20614";0
"20615";4
"20616";1
"20617";4
"20618";1
"20619";3
"20620";3
"20621";1
"20622";1
"20623";1
"20624";4
"20625";4
"20626";0
"20627";4
"20628";4
"20629";4
"20630";4
"20631";4
"20632";3
"20633";0
"20634";0
"20635";4
"20636";4
"20637";4
"20638";4
"20639";4
"20640";4
"20641";4
"20642";4
"20643";4
"20644";0
"20645";0
"20646";0
"20647";2
"20648";4
"20649";3
"20650";1
"20651";1
"20652";4
"20653";1
"20654";4
"20655";1
"20656";1
"20657";3
"20658";4
"20659";1
"20660";1
"20661";3
"20662";1
"20663";3
"20664";3
"20665";3
"20666";3
"20667";4
"20668";4
"20669";3
"20670";4
"20671";4
"20672";4
"20673";3
"20674";3
"20675";0
"20676";4
"20677";4
"20678";3
"20679";3
"20680";4
"20681";3
"20682";1
"20683";1
"20684";1
"20685";1
"20686";1
"20687";3
"20688";1
"20689";1
"20690";1
"20691";1
"20692";1
"20693";1
"20694";1
"20695";1
"20696";1
"20697";2
"20698";1
"20699";4
"20700";1
"20701";1
"20702";1
"20703";1
"20704";1
"20705";2
"20706";2
"20707";2
"20708";2
"20709";2
"20710";2
"20711";2
"20712";2
"20713";2
"20714";2
"20715";4
"20716";2
"20717";4
"20718";2
"20719";2
"20720";2
"20721";4
"20722";4
"20723";2
"20724";2
"20725";2
"20726";2
"20727";2
"20728";2
"20729";2
"20730";2
"20731";2
"20732";2
"20733";2
"20734";2
"20735";2
"20736";2
"20737";2
"20738";2
"20739";4
"20740";2
"20741";2
"20742";2
"20743";2
"20744";2
"20745";2
"20746";2
"20747";2
"20748";2
"20749";2
"20750";2
"20751";2
"20752";2
"20753";2
"20754";2
"20755";2
"20756";4
"20757";2
"20758";2
"20759";2
"20760";2
"20761";2
"20762";4
"20763";4
"20764";2
"20765";2
"20766";2
"20767";2
"20768";2
"20769";2
"20770";2
"20771";2
"20772";2
"20773";2
"20774";2
"20775";4
"20776";2
"20777";4
"20778";2
"20779";2
"20780";2
"20781";2
"20782";2
"20783";2
"20784";2
"20785";2
"20786";2
"20787";2
"20788";1
"20789";4
"20790";4
"20791";4
"20792";4
"20793";3
"20794";3
"20795";3
"20796";3
"20797";3
"20798";4
"20799";3
"20800";3
"20801";3
"20802";3
"20803";4
"20804";3
"20805";1
"20806";3
"20807";3
"20808";4
"20809";4
"20810";3
"20811";3
"20812";1
"20813";3
"20814";4
"20815";3
"20816";4
"20817";4
"20818";3
"20819";3
"20820";3
"20821";3
"20822";3
"20823";3
"20824";3
"20825";3
"20826";4
"20827";1
"20828";1
"20829";3
"20830";3
"20831";3
"20832";3
"20833";4
"20834";4
"20835";1
"20836";1
"20837";1
"20838";4
"20839";3
"20840";3
"20841";4
"20842";4
"20843";3
"20844";3
"20845";3
"20846";4
"20847";3
"20848";3
"20849";3
"20850";4
"20851";3
"20852";1
"20853";3
"20854";3
"20855";0
"20856";3
"20857";3
"20858";3
"20859";4
"20860";3
"20861";4
"20862";4
"20863";2
"20864";4
"20865";1
"20866";4
"20867";2
"20868";4
"20869";2
"20870";2
"20871";2
"20872";1
"20873";2
"20874";2
"20875";2
"20876";4
"20877";4
"20878";2
"20879";2
"20880";2
"20881";4
"20882";4
"20883";4
"20884";2
"20885";2
"20886";2
"20887";4
"20888";4
"20889";4
"20890";2
"20891";3
"20892";2
"20893";2
"20894";4
"20895";4
"20896";3
"20897";4
"20898";4
"20899";4
"20900";4
"20901";4
"20902";3
"20903";4
"20904";4
"20905";4
"20906";2
"20907";4
"20908";4
"20909";4
"20910";2
"20911";2
"20912";2
"20913";2
"20914";4
"20915";4
"20916";4
"20917";4
"20918";4
"20919";4
"20920";2
"20921";4
"20922";4
"20923";4
"20924";4
"20925";4
"20926";4
"20927";4
"20928";2
"20929";2
"20930";2
"20931";2
"20932";4
"20933";2
"20934";4
"20935";2
"20936";4
"20937";4
"20938";2
"20939";4
"20940";4
"20941";2
"20942";2
"20943";2
"20944";2
"20945";4
"20946";2
"20947";2
"20948";4
"20949";0
"20950";4
"20951";4
"20952";2
"20953";2
"20954";2
"20955";2
"20956";2
"20957";2
"20958";4
"20959";2
"20960";2
"20961";2
"20962";2
"20963";2
"20964";2
"20965";2
"20966";2
"20967";2
"20968";2
"20969";2
"20970";2
"20971";2
"20972";2
"20973";2
"20974";3
"20975";2
"20976";2
"20977";2
"20978";2
"20979";2
"20980";2
"20981";2
"20982";2
"20983";2
"20984";2
"20985";2
"20986";2
"20987";2
"20988";4
"20989";4
"20990";2
"20991";4
"20992";2
"20993";3
"20994";3
"20995";4
"20996";3
"20997";4
"20998";0
"20999";4
"21000";4
"21001";4
"21002";3
"21003";3
"21004";4
"21005";4
"21006";4
"21007";4
"21008";4
"21009";4
"21010";4
"21011";4
"21012";4
"21013";4
"21014";4
"21015";4
"21016";4
"21017";4
"21018";4
"21019";4
"21020";4
"21021";4
"21022";4
"21023";4
"21024";4
"21025";4
"21026";4
"21027";4
"21028";4
"21029";4
"21030";4
"21031";4
"21032";3
"21033";4
"21034";4
"21035";1
"21036";4
"21037";3
"21038";3
"21039";3
"21040";3
"21041";3
"21042";4
"21043";0
"21044";3
"21045";3
"21046";3
"21047";3
"21048";4
"21049";3
"21050";4
"21051";4
"21052";4
"21053";3
"21054";4
"21055";2
"21056";4
"21057";4
"21058";3
"21059";3
"21060";3
"21061";3
"21062";4
"21063";4
"21064";4
"21065";4
"21066";4
"21067";0
"21068";4
"21069";4
"21070";3
"21071";4
"21072";4
"21073";4
"21074";3
"21075";1
"21076";3
"21077";4
"21078";4
"21079";4
"21080";4
"21081";4
"21082";3
"21083";4
"21084";2
"21085";3
"21086";4
"21087";4
"21088";4
"21089";4
"21090";4
"21091";3
"21092";4
"21093";4
"21094";1
"21095";3
"21096";3
"21097";3
"21098";4
"21099";4
"21100";4
"21101";4
"21102";3
"21103";3
"21104";4
"21105";2
"21106";4
"21107";4
"21108";4
"21109";4
"21110";4
"21111";4
"21112";1
"21113";3
"21114";3
"21115";4
"21116";4
"21117";3
"21118";4
"21119";4
"21120";3
"21121";4
"21122";4
"21123";4
"21124";4
"21125";4
"21126";4
"21127";4
"21128";4
"21129";3
"21130";4
"21131";3
"21132";4
"21133";4
"21134";4
"21135";4
"21136";4
"21137";3
"21138";3
"21139";3
"21140";4
"21141";4
"21142";3
"21143";3
"21144";4
"21145";4
"21146";3
"21147";4
"21148";4
"21149";4
"21150";4
"21151";4
"21152";3
"21153";4
"21154";4
"21155";4
"21156";4
"21157";4
"21158";4
"21159";4
"21160";4
"21161";4
"21162";4
"21163";4
"21164";4
"21165";4
"21166";4
"21167";4
"21168";2
"21169";2
"21170";4
"21171";4
"21172";4
"21173";4
"21174";4
"21175";4
"21176";4
"21177";2
"21178";3
"21179";3
"21180";4
"21181";4
"21182";3
"21183";3
"21184";3
"21185";3
"21186";4
"21187";3
"21188";3
"21189";3
"21190";3
"21191";3
"21192";3
"21193";4
"21194";3
"21195";4
"21196";3
"21197";3
"21198";3
"21199";3
"21200";4
"21201";3
"21202";3
"21203";3
"21204";3
"21205";3
"21206";3
"21207";1
"21208";4
"21209";3
"21210";1
"21211";1
"21212";4
"21213";4
"21214";4
"21215";4
"21216";4
"21217";1
"21218";1
"21219";1
"21220";3
"21221";3
"21222";4
"21223";3
"21224";3
"21225";3
"21226";4
"21227";4
"21228";3
"21229";3
"21230";3
"21231";3
"21232";3
"21233";3
"21234";3
"21235";3
"21236";3
"21237";4
"21238";3
"21239";1
"21240";3
"21241";2
"21242";4
"21243";4
"21244";4
"21245";4
"21246";4
"21247";3
"21248";4
"21249";2
"21250";2
"21251";2
"21252";2
"21253";2
"21254";2
"21255";3
"21256";2
"21257";2
"21258";4
"21259";2
"21260";2
"21261";2
"21262";4
"21263";2
"21264";2
"21265";2
"21266";2
"21267";4
"21268";2
"21269";2
"21270";2
"21271";2
"21272";2
"21273";2
"21274";4
"21275";4
"21276";2
"21277";2
"21278";2
"21279";2
"21280";2
"21281";2
"21282";2
"21283";2
"21284";2
"21285";2
"21286";2
"21287";2
"21288";2
"21289";2
"21290";2
"21291";2
"21292";2
"21293";2
"21294";2
"21295";4
"21296";2
"21297";4
"21298";2
"21299";2
"21300";2
"21301";2
"21302";2
"21303";2
"21304";2
"21305";2
"21306";2
"21307";2
"21308";2
"21309";2
"21310";2
"21311";2
"21312";2
"21313";2
"21314";2
"21315";2
"21316";2
"21317";2
"21318";2
"21319";2
"21320";2
"21321";2
"21322";2
"21323";2
"21324";2
"21325";2
"21326";2
"21327";2
"21328";2
"21329";4
"21330";2
"21331";2
"21332";2
"21333";2
"21334";2
"21335";2
"21336";2
"21337";3
"21338";2
"21339";2
"21340";2
"21341";2
"21342";2
"21343";2
"21344";2
"21345";2
"21346";2
"21347";2
"21348";2
"21349";2
"21350";2
"21351";2
"21352";2
"21353";2
"21354";2
"21355";4
"21356";2
"21357";2
"21358";4
"21359";4
"21360";2
"21361";2
"21362";2
"21363";2
"21364";2
"21365";2
"21366";2
"21367";2
"21368";2
"21369";2
"21370";2
"21371";2
"21372";2
"21373";2
"21374";2
"21375";2
"21376";2
"21377";2
"21378";2
"21379";2
"21380";2
"21381";2
"21382";2
"21383";2
"21384";2
"21385";2
"21386";2
"21387";2
"21388";2
"21389";2
"21390";2
"21391";2
"21392";2
"21393";2
"21394";2
"21395";2
"21396";2
"21397";2
"21398";2
"21399";2
"21400";2
"21401";2
"21402";2
"21403";2
"21404";2
"21405";2
"21406";2
"21407";2
"21408";2
"21409";2
"21410";2
"21411";2
"21412";2
"21413";2
"21414";2
"21415";2
"21416";2
"21417";2
"21418";2
"21419";2
"21420";2
"21421";2
"21422";2
"21423";2
"21424";2
"21425";2
"21426";2
"21427";2
"21428";2
"21429";2
"21430";2
"21431";2
"21432";2
"21433";2
"21434";2
"21435";2
"21436";4
"21437";4
"21438";2
"21439";4
"21440";2
"21441";2
"21442";2
"21443";2
"21444";2
"21445";2
"21446";2
"21447";2
"21448";2
"21449";2
"21450";2
"21451";2
"21452";2
"21453";2
"21454";2
"21455";2
"21456";2
"21457";2
"21458";2
"21459";2
"21460";2
"21461";2
"21462";3
"21463";3
"21464";3
"21465";3
"21466";4
"21467";4
"21468";3
"21469";3
"21470";3
"21471";3
"21472";1
"21473";1
"21474";3
"21475";3
"21476";3
"21477";3
"21478";3
"21479";3
"21480";3
"21481";3
"21482";4
"21483";3
"21484";3
"21485";3
"21486";3
"21487";3
"21488";1
"21489";1
"21490";1
"21491";1
"21492";0
"21493";4
"21494";4
"21495";2
"21496";3
"21497";4
"21498";0
"21499";0
"21500";1
"21501";4
"21502";1
"21503";1
"21504";1
"21505";1
"21506";0
"21507";1
"21508";1
"21509";4
"21510";4
"21511";2
"21512";4
"21513";4
"21514";4
"21515";4
"21516";3
"21517";4
"21518";4
"21519";3
"21520";3
"21521";3
"21522";1
"21523";3
"21524";3
"21525";4
"21526";3
"21527";3
"21528";1
"21529";1
"21530";1
"21531";4
"21532";3
"21533";4
"21534";3
"21535";3
"21536";4
"21537";4
"21538";4
"21539";4
"21540";4
"21541";4
"21542";4
"21543";4
"21544";3
"21545";4
"21546";4
"21547";4
"21548";2
"21549";3
"21550";3
"21551";4
"21552";3
"21553";3
"21554";3
"21555";0
"21556";3
"21557";3
"21558";3
"21559";4
"21560";1
"21561";3
"21562";3
"21563";3
"21564";3
"21565";1
"21566";4
"21567";2
"21568";4
"21569";3
"21570";4
"21571";4
"21572";4
"21573";4
"21574";4
"21575";3
"21576";3
"21577";4
"21578";3
"21579";4
"21580";4
"21581";3
"21582";4
"21583";2
"21584";4
"21585";4
"21586";4
"21587";4
"21588";1
"21589";4
"21590";3
"21591";3
"21592";3
"21593";4
"21594";4
"21595";4
"21596";3
"21597";4
"21598";3
"21599";4
"21600";4
"21601";4
"21602";4
"21603";3
"21604";4
"21605";3
"21606";4
"21607";4
"21608";4
"21609";2
"21610";0
"21611";0
"21612";0
"21613";0
"21614";0
"21615";0
"21616";0
"21617";0
"21618";0
"21619";0
"21620";0
"21621";0
"21622";0
"21623";0
"21624";0
"21625";0
"21626";0
"21627";0
"21628";0
"21629";0
"21630";0
"21631";0
"21632";0
"21633";0
"21634";0
"21635";0
"21636";0
"21637";0
"21638";0
"21639";0
"21640";0
"21641";0
"21642";0
"21643";0
"21644";0
"21645";0
"21646";0
"21647";2
"21648";2
"21649";4
"21650";2
"21651";4
"21652";2
"21653";2
"21654";2
"21655";2
"21656";4
"21657";2
"21658";2
"21659";4
"21660";4
"21661";2
"21662";4
"21663";2
"21664";2
"21665";2
"21666";4
"21667";2
"21668";2
"21669";4
"21670";2
"21671";3
"21672";2
"21673";4
"21674";2
"21675";2
"21676";2
"21677";2
"21678";2
"21679";2
"21680";4
"21681";2
"21682";4
"21683";2
"21684";2
"21685";4
"21686";2
"21687";2
"21688";2
"21689";2
"21690";2
"21691";2
"21692";2
"21693";2
"21694";2
"21695";2
"21696";2
"21697";4
"21698";2
"21699";4
"21700";2
"21701";2
"21702";4
"21703";2
"21704";2
"21705";2
"21706";2
"21707";2
"21708";2
"21709";2
"21710";2
"21711";2
"21712";2
"21713";2
"21714";2
"21715";2
"21716";2
"21717";4
"21718";2
"21719";4
"21720";2
"21721";4
"21722";2
"21723";2
"21724";2
"21725";4
"21726";2
"21727";4
"21728";2
"21729";2
"21730";2
"21731";4
"21732";2
"21733";2
"21734";2
"21735";2
"21736";2
"21737";2
"21738";4
"21739";2
"21740";2
"21741";2
"21742";2
"21743";2
"21744";2
"21745";2
"21746";2
"21747";2
"21748";2
"21749";2
"21750";2
"21751";2
"21752";2
"21753";2
"21754";2
"21755";2
"21756";2
"21757";2
"21758";4
"21759";2
"21760";2
"21761";4
"21762";4
"21763";2
"21764";2
"21765";4
"21766";2
"21767";2
"21768";2
"21769";2
"21770";2
"21771";2
"21772";2
"21773";2
"21774";2
"21775";2
"21776";2
"21777";2
"21778";2
"21779";2
"21780";2
"21781";2
"21782";2
"21783";2
"21784";2
"21785";2
"21786";2
"21787";2
"21788";2
"21789";2
"21790";2
"21791";2
"21792";4
"21793";2
"21794";2
"21795";2
"21796";2
"21797";2
"21798";4
"21799";4
"21800";4
"21801";3
"21802";4
"21803";2
"21804";2
"21805";2
"21806";2
"21807";4
"21808";4
"21809";2
"21810";2
"21811";2
"21812";2
"21813";2
"21814";2
"21815";4
"21816";2
"21817";2
"21818";0
"21819";0
"21820";2
"21821";4
"21822";2
"21823";3
"21824";3
"21825";3
"21826";3
"21827";3
"21828";1
"21829";4
"21830";3
"21831";3
"21832";4
"21833";3
"21834";3
"21835";3
"21836";4
"21837";3
"21838";4
"21839";0
"21840";4
"21841";4
"21842";4
"21843";3
"21844";3
"21845";4
"21846";3
"21847";3
"21848";3
"21849";3
"21850";3
"21851";3
"21852";3
"21853";3
"21854";3
"21855";3
"21856";3
"21857";1
"21858";3
"21859";4
"21860";3
"21861";3
"21862";3
"21863";4
"21864";2
"21865";4
"21866";4
"21867";4
"21868";4
"21869";4
"21870";2
"21871";3
"21872";3
"21873";4
"21874";4
"21875";4
"21876";3
"21877";3
"21878";3
"21879";3
"21880";3
"21881";4
"21882";3
"21883";3
"21884";0
"21885";4
"21886";3
"21887";0
"21888";0
"21889";4
"21890";4
"21891";4
"21892";4
"21893";3
"21894";4
"21895";0
"21896";4
"21897";4
"21898";3
"21899";3
"21900";3
"21901";3
"21902";4
"21903";3
"21904";3
"21905";1
"21906";3
"21907";3
"21908";3
"21909";3
"21910";3
"21911";4
"21912";3
"21913";4
"21914";3
"21915";4
"21916";4
"21917";1
"21918";3
"21919";3
"21920";1
"21921";3
"21922";3
"21923";4
"21924";4
"21925";0
"21926";1
"21927";4
"21928";4
"21929";4
"21930";4
"21931";4
"21932";4
"21933";4
"21934";4
"21935";4
"21936";3
"21937";4
"21938";4
"21939";4
"21940";3
"21941";3
"21942";3
"21943";4
"21944";4
"21945";4
"21946";4
"21947";2
"21948";4
"21949";4
"21950";4
"21951";4
"21952";3
"21953";3
"21954";4
"21955";1
"21956";3
"21957";3
"21958";3
"21959";4
"21960";4
"21961";4
"21962";3
"21963";3
"21964";3
"21965";3
"21966";3
"21967";4
"21968";3
"21969";3
"21970";3
"21971";4
"21972";4
"21973";4
"21974";4
"21975";3
"21976";3
"21977";3
"21978";3
"21979";3
"21980";4
"21981";3
"21982";3
"21983";3
"21984";3
"21985";3
"21986";3
"21987";3
"21988";3
"21989";0
"21990";3
"21991";4
"21992";4
"21993";3
"21994";0
"21995";3
"21996";4
"21997";0
"21998";4
"21999";4
"22000";3
"22001";3
"22002";1
"22003";1
"22004";3
"22005";3
"22006";3
"22007";3
"22008";3
"22009";3
"22010";3
"22011";4
"22012";3
"22013";4
"22014";4
"22015";3
"22016";4
"22017";4
"22018";3
"22019";3
"22020";4
"22021";1
"22022";4
"22023";4
"22024";3
"22025";3
"22026";3
"22027";3
"22028";3
"22029";4
"22030";3
"22031";1
"22032";4
"22033";3
"22034";2
"22035";3
"22036";4
"22037";4
"22038";3
"22039";3
"22040";4
"22041";4
"22042";1
"22043";1
"22044";3
"22045";4
"22046";3
"22047";3
"22048";3
"22049";3
"22050";4
"22051";4
"22052";4
"22053";3
"22054";3
"22055";4
"22056";3
"22057";3
"22058";3
"22059";3
"22060";4
"22061";3
"22062";3
"22063";4
"22064";3
"22065";4
"22066";3
"22067";3
"22068";3
"22069";3
"22070";3
"22071";2
"22072";2
"22073";2
"22074";2
"22075";2
"22076";2
"22077";2
"22078";2
"22079";2
"22080";2
"22081";2
"22082";2
"22083";2
"22084";2
"22085";2
"22086";2
"22087";2
"22088";2
"22089";2
"22090";2
"22091";2
"22092";2
"22093";2
"22094";2
"22095";2
"22096";4
"22097";2
"22098";1
"22099";4
"22100";2
"22101";2
"22102";2
"22103";4
"22104";2
"22105";2
"22106";2
"22107";2
"22108";2
"22109";2
"22110";2
"22111";2
"22112";2
"22113";2
"22114";2
"22115";2
"22116";2
"22117";2
"22118";2
"22119";2
"22120";2
"22121";2
"22122";2
"22123";2
"22124";2
"22125";2
"22126";2
"22127";2
"22128";4
"22129";2
"22130";2
"22131";2
"22132";2
"22133";2
"22134";2
"22135";3
"22136";2
"22137";2
"22138";2
"22139";2
"22140";2
"22141";2
"22142";2
"22143";2
"22144";2
"22145";2
"22146";2
"22147";2
"22148";2
"22149";2
"22150";2
"22151";2
"22152";2
"22153";2
"22154";2
"22155";2
"22156";2
"22157";2
"22158";2
"22159";2
"22160";2
"22161";2
"22162";2
"22163";2
"22164";2
"22165";2
"22166";2
"22167";2
"22168";2
"22169";2
"22170";2
"22171";2
"22172";2
"22173";2
"22174";2
"22175";2
"22176";2
"22177";2
"22178";2
"22179";2
"22180";2
"22181";2
"22182";2
"22183";2
"22184";2
"22185";2
"22186";2
"22187";0
"22188";2
"22189";2
"22190";2
"22191";2
"22192";2
"22193";2
"22194";2
"22195";2
"22196";4
"22197";2
"22198";2
"22199";2
"22200";2
"22201";2
"22202";2
"22203";2
"22204";2
"22205";2
"22206";2
"22207";4
"22208";2
"22209";2
"22210";2
"22211";2
"22212";2
"22213";2
"22214";2
"22215";2
"22216";2
"22217";2
"22218";2
"22219";2
"22220";2
"22221";2
"22222";2
"22223";2
"22224";2
"22225";2
"22226";2
"22227";2
"22228";2
"22229";2
"22230";2
"22231";2
"22232";2
"22233";2
"22234";4
"22235";4
"22236";4
"22237";2
"22238";2
"22239";2
"22240";2
"22241";4
"22242";4
"22243";2
"22244";2
"22245";2
"22246";2
"22247";2
"22248";2
"22249";4
"22250";4
"22251";4
"22252";4
"22253";4
"22254";4
"22255";2
"22256";2
"22257";2
"22258";2
"22259";2
"22260";4
"22261";2
"22262";2
"22263";2
"22264";2
"22265";2
"22266";2
"22267";2
"22268";2
"22269";2
"22270";2
"22271";2
"22272";2
"22273";2
"22274";2
"22275";2
"22276";1
"22277";2
"22278";4
"22279";4
"22280";4
"22281";2
"22282";2
"22283";2
"22284";2
"22285";2
"22286";2
"22287";2
"22288";2
"22289";2
"22290";2
"22291";2
"22292";2
"22293";2
"22294";2
"22295";2
"22296";2
"22297";2
"22298";2
"22299";2
"22300";2
"22301";2
"22302";2
"22303";2
"22304";2
"22305";2
"22306";2
"22307";2
"22308";2
"22309";2
"22310";2
"22311";2
"22312";2
"22313";2
"22314";2
"22315";2
"22316";2
"22317";2
"22318";2
"22319";2
"22320";2
"22321";2
"22322";2
"22323";2
"22324";2
"22325";2
"22326";2
"22327";2
"22328";2
"22329";2
"22330";2
"22331";2
"22332";2
"22333";2
"22334";2
"22335";2
"22336";2
"22337";2
"22338";2
"22339";2
"22340";2
"22341";2
"22342";2
"22343";2
"22344";2
"22345";2
"22346";2
"22347";2
"22348";2
"22349";2
"22350";2
"22351";2
"22352";2
"22353";2
"22354";2
"22355";2
"22356";2
"22357";2
"22358";2
"22359";2
"22360";2
"22361";2
"22362";4
"22363";4
"22364";2
"22365";2
"22366";3
"22367";3
"22368";3
"22369";4
"22370";4
"22371";3
"22372";3
"22373";2
"22374";3
"22375";2
"22376";2
"22377";4
"22378";3
"22379";2
"22380";2
"22381";2
"22382";2
"22383";2
"22384";2
"22385";2
"22386";2
"22387";2
"22388";2
"22389";2
"22390";2
"22391";2
"22392";2
"22393";2
"22394";2
"22395";2
"22396";2
"22397";2
"22398";2
"22399";2
"22400";2
"22401";2
"22402";2
"22403";4
"22404";2
"22405";4
"22406";2
"22407";4
"22408";4
"22409";2
"22410";2
"22411";4
"22412";2
"22413";2
"22414";2
"22415";4
"22416";4
"22417";4
"22418";4
"22419";4
"22420";4
"22421";0
"22422";2
"22423";4
"22424";2
"22425";4
"22426";2
"22427";2
"22428";2
"22429";2
"22430";2
"22431";2
"22432";2
"22433";2
"22434";2
"22435";2
"22436";2
"22437";2
"22438";2
"22439";2
"22440";2
"22441";3
"22442";4
"22443";4
"22444";4
"22445";2
"22446";4
"22447";2
"22448";2
"22449";2
"22450";4
"22451";2
"22452";2
"22453";2
"22454";4
"22455";2
"22456";2
"22457";2
"22458";2
"22459";2
"22460";2
"22461";2
"22462";2
"22463";2
"22464";2
"22465";2
"22466";2
"22467";2
"22468";2
"22469";2
"22470";2
"22471";4
"22472";4
"22473";4
"22474";4
"22475";2
"22476";2
"22477";2
"22478";4
"22479";2
"22480";4
"22481";4
"22482";2
"22483";2
"22484";2
"22485";2
"22486";2
"22487";2
"22488";2
"22489";2
"22490";2
"22491";2
"22492";2
"22493";2
"22494";2
"22495";2
"22496";2
"22497";2
"22498";2
"22499";2
"22500";2
"22501";2
"22502";2
"22503";2
"22504";2
"22505";2
"22506";2
"22507";2
"22508";2
"22509";2
"22510";2
"22511";2
"22512";2
"22513";4
"22514";0
"22515";2
"22516";2
"22517";2
"22518";2
"22519";2
"22520";2
"22521";2
"22522";2
"22523";2
"22524";2
"22525";4
"22526";4
"22527";2
"22528";3
"22529";3
"22530";2
"22531";2
"22532";2
"22533";2
"22534";4
"22535";2
"22536";2
"22537";2
"22538";2
"22539";2
"22540";2
"22541";2
"22542";4
"22543";2
"22544";4
"22545";4
"22546";4
"22547";2
"22548";4
"22549";4
"22550";2
"22551";2
"22552";2
"22553";2
"22554";2
"22555";2
"22556";2
"22557";2
"22558";2
"22559";4
"22560";2
"22561";2
"22562";4
"22563";4
"22564";2
"22565";2
"22566";2
"22567";2
"22568";2
"22569";2
"22570";2
"22571";2
"22572";4
"22573";4
"22574";2
"22575";2
"22576";2
"22577";2
"22578";2
"22579";2
"22580";2
"22581";2
"22582";2
"22583";2
"22584";2
"22585";2
"22586";2
"22587";2
"22588";2
"22589";2
"22590";4
"22591";2
"22592";2
"22593";2
"22594";2
"22595";2
"22596";2
"22597";4
"22598";2
"22599";2
"22600";2
"22601";4
"22602";4
"22603";2
"22604";2
"22605";2
"22606";2
"22607";4
"22608";2
"22609";2
"22610";2
"22611";2
"22612";2
"22613";2
"22614";4
"22615";2
"22616";2
"22617";4
"22618";2
"22619";2
"22620";2
"22621";2
"22622";2
"22623";2
"22624";2
"22625";2
"22626";2
"22627";2
"22628";2
"22629";2
"22630";2
"22631";2
"22632";2
"22633";2
"22634";2
"22635";4
"22636";3
"22637";2
"22638";4
"22639";2
"22640";2
"22641";2
"22642";2
"22643";2
"22644";2
"22645";2
"22646";2
"22647";2
"22648";2
"22649";2
"22650";2
"22651";2
"22652";2
"22653";2
"22654";2
"22655";2
"22656";2
"22657";2
"22658";2
"22659";2
"22660";2
"22661";2
"22662";2
"22663";2
"22664";2
"22665";2
"22666";4
"22667";2
"22668";2
"22669";2
"22670";2
"22671";2
"22672";2
"22673";2
"22674";2
"22675";2
"22676";2
"22677";2
"22678";2
"22679";2
"22680";2
"22681";4
"22682";2
"22683";2
"22684";2
"22685";2
"22686";2
"22687";2
"22688";2
"22689";2
"22690";2
"22691";2
"22692";2
"22693";4
"22694";2
"22695";2
"22696";2
"22697";2
"22698";2
"22699";2
"22700";2
"22701";2
"22702";2
"22703";2
"22704";2
"22705";2
"22706";4
"22707";4
"22708";2
"22709";2
"22710";2
"22711";2
"22712";2
"22713";2
"22714";2
"22715";2
"22716";2
"22717";4
"22718";2
"22719";2
"22720";2
"22721";2
"22722";2
"22723";2
"22724";2
"22725";2
"22726";2
"22727";2
"22728";2
"22729";2
"22730";2
"22731";2
"22732";2
"22733";2
"22734";2
"22735";2
"22736";4
"22737";2
"22738";2
"22739";2
"22740";2
"22741";2
"22742";2
"22743";2
"22744";2
"22745";2
"22746";2
"22747";2
"22748";2
"22749";2
"22750";2
"22751";2
"22752";2
"22753";2
"22754";4
"22755";2
"22756";2
"22757";2
"22758";2
"22759";4
"22760";2
"22761";2
"22762";2
"22763";2
"22764";2
"22765";2
"22766";2
"22767";2
"22768";2
"22769";2
"22770";2
"22771";2
"22772";4
"22773";2
"22774";2
"22775";2
"22776";2
"22777";2
"22778";2
"22779";4
"22780";2
"22781";4
"22782";2
"22783";2
"22784";2
"22785";2
"22786";2
"22787";2
"22788";2
"22789";4
"22790";2
"22791";2
"22792";2
"22793";2
"22794";2
"22795";2
"22796";2
"22797";2
"22798";2
"22799";2
"22800";2
"22801";2
"22802";2
"22803";2
"22804";2
"22805";2
"22806";2
"22807";2
"22808";2
"22809";2
"22810";2
"22811";2
"22812";2
"22813";2
"22814";2
"22815";2
"22816";0
"22817";2
"22818";2
"22819";2
"22820";2
"22821";2
"22822";2
"22823";4
"22824";4
"22825";4
"22826";4
"22827";4
"22828";4
"22829";2
"22830";4
"22831";4
"22832";2
"22833";4
"22834";4
"22835";2
"22836";4
"22837";2
"22838";2
"22839";2
"22840";2
"22841";2
"22842";2
"22843";2
"22844";2
"22845";2
"22846";2
"22847";2
"22848";4
"22849";2
"22850";2
"22851";2
"22852";2
"22853";4
"22854";4
"22855";2
"22856";2
"22857";2
"22858";2
"22859";2
"22860";2
"22861";2
"22862";2
"22863";2
"22864";2
"22865";2
"22866";4
"22867";2
"22868";2
"22869";2
"22870";2
"22871";2
"22872";2
"22873";2
"22874";2
"22875";2
"22876";2
"22877";2
"22878";2
"22879";2
"22880";2
"22881";2
"22882";2
"22883";2
"22884";2
"22885";2
"22886";2
"22887";2
"22888";2
"22889";2
"22890";2
"22891";2
"22892";4
"22893";4
"22894";4
"22895";2
"22896";2
"22897";2
"22898";2
"22899";2
"22900";1
"22901";4
"22902";2
"22903";2
"22904";2
"22905";4
"22906";2
"22907";2
"22908";4
"22909";2
"22910";2
"22911";2
"22912";2
"22913";2
"22914";2
"22915";4
"22916";3
"22917";4
"22918";2
"22919";2
"22920";4
"22921";2
"22922";4
"22923";2
"22924";2
"22925";2
"22926";2
"22927";2
"22928";2
"22929";2
"22930";2
"22931";2
"22932";2
"22933";2
"22934";4
"22935";4
"22936";4
"22937";4
"22938";2
"22939";2
"22940";2
"22941";2
"22942";2
"22943";2
"22944";2
"22945";2
"22946";2
"22947";2
"22948";2
"22949";2
"22950";2
"22951";2
"22952";2
"22953";2
"22954";4
"22955";4
"22956";2
"22957";2
"22958";2
"22959";4
"22960";2
"22961";2
"22962";2
"22963";2
"22964";2
"22965";2
"22966";4
"22967";3
"22968";4
"22969";4
"22970";2
"22971";0
"22972";2
"22973";4
"22974";4
"22975";2
"22976";2
"22977";2
"22978";2
"22979";2
"22980";2
"22981";4
"22982";2
"22983";2
"22984";2
"22985";4
"22986";1
"22987";2
"22988";2
"22989";2
"22990";4
"22991";2
"22992";2
"22993";2
"22994";2
"22995";4
"22996";2
"22997";2
"22998";4
"22999";2
"23000";2
"23001";2
"23002";2
"23003";2
"23004";4
"23005";4
"23006";4
"23007";4
"23008";2
"23009";2
"23010";2
"23011";2
"23012";2
"23013";2
"23014";2
"23015";2
"23016";2
"23017";2
"23018";2
"23019";2
"23020";3
"23021";2
"23022";2
"23023";2
"23024";3
"23025";0
"23026";4
"23027";4
"23028";2
"23029";4
"23030";2
"23031";4
"23032";4
"23033";1
"23034";2
"23035";2
"23036";2
"23037";4
"23038";2
"23039";2
"23040";4
"23041";4
"23042";3
"23043";2
"23044";2
"23045";2
"23046";2
"23047";4
"23048";2
"23049";2
"23050";2
"23051";2
"23052";2
"23053";2
"23054";2
"23055";2
"23056";2
"23057";2
"23058";2
"23059";1
"23060";2
"23061";2
"23062";4
"23063";1
"23064";2
"23065";2
"23066";2
"23067";2
"23068";2
"23069";2
"23070";2
"23071";2
"23072";2
"23073";2
"23074";2
"23075";2
"23076";2
"23077";4
"23078";1
"23079";2
"23080";2
"23081";2
"23082";4
"23083";2
"23084";4
"23085";2
"23086";4
"23087";2
"23088";2
"23089";2
"23090";4
"23091";1
"23092";1
"23093";1
"23094";4
"23095";4
"23096";4
"23097";3
"23098";4
"23099";1
"23100";1
"23101";0
"23102";4
"23103";4
"23104";3
"23105";1
"23106";3
"23107";2
"23108";2
"23109";0
"23110";4
"23111";2
"23112";1
"23113";2
"23114";4
"23115";4
"23116";4
"23117";3
"23118";0
"23119";0
"23120";4
"23121";4
"23122";4
"23123";4
"23124";4
"23125";4
"23126";2
"23127";2
"23128";2
"23129";2
"23130";2
"23131";2
"23132";2
"23133";4
"23134";3
"23135";1
"23136";3
"23137";3
"23138";3
"23139";4
"23140";2
"23141";3
"23142";3
"23143";4
"23144";3
"23145";4
"23146";3
"23147";4
"23148";4
"23149";4
"23150";4
"23151";4
"23152";4
"23153";4
"23154";4
"23155";4
"23156";3
"23157";4
"23158";4
"23159";4
"23160";4
"23161";4
"23162";4
"23163";4
"23164";4
"23165";4
"23166";4
"23167";4
"23168";4
"23169";3
"23170";3
"23171";4
"23172";1
"23173";4
"23174";4
"23175";4
"23176";4
"23177";4
"23178";4
"23179";4
"23180";4
"23181";4
"23182";4
"23183";4
"23184";4
"23185";4
"23186";4
"23187";4
"23188";4
"23189";4
"23190";4
"23191";2
"23192";4
"23193";4
"23194";4
"23195";4
"23196";4
"23197";4
"23198";4
"23199";4
"23200";4
"23201";4
"23202";4
"23203";0
"23204";4
"23205";4
"23206";4
"23207";4
"23208";4
"23209";4
"23210";4
"23211";4
"23212";4
"23213";4
"23214";4
"23215";4
"23216";4
"23217";4
"23218";4
"23219";4
"23220";4
"23221";4
"23222";4
"23223";4
"23224";4
"23225";4
"23226";4
"23227";4
"23228";4
"23229";4
"23230";4
"23231";4
"23232";4
"23233";4
"23234";4
"23235";4
"23236";4
"23237";0
"23238";1
"23239";0
"23240";0
"23241";0
"23242";0
"23243";0
"23244";0
"23245";4
"23246";0
"23247";4
"23248";4
"23249";4
"23250";4
"23251";0
"23252";0
"23253";4
"23254";0
"23255";4
"23256";0
"23257";0
"23258";0
"23259";4
"23260";0
"23261";0
"23262";4
"23263";0
"23264";0
"23265";4
"23266";0
"23267";2
"23268";2
"23269";4
"23270";1
"23271";4
"23272";4
"23273";4
"23274";4
"23275";0
"23276";3
"23277";0
"23278";4
"23279";4
"23280";4
"23281";4
"23282";3
"23283";4
"23284";4
"23285";4
"23286";4
"23287";4
"23288";4
"23289";4
"23290";4
"23291";2
"23292";4
"23293";4
"23294";4
"23295";4
"23296";4
"23297";4
"23298";4
"23299";4
"23300";4
"23301";4
"23302";2
"23303";2
"23304";2
"23305";2
"23306";4
"23307";2
"23308";2
"23309";2
"23310";2
"23311";2
"23312";2
"23313";2
"23314";2
"23315";2
"23316";4
"23317";2
"23318";2
"23319";2
"23320";2
"23321";2
"23322";4
"23323";4
"23324";2
"23325";2
"23326";2
"23327";2
"23328";2
"23329";2
"23330";2
"23331";2
"23332";2
"23333";2
"23334";4
"23335";2
"23336";2
"23337";4
"23338";2
"23339";2
"23340";4
"23341";2
"23342";2
"23343";2
"23344";2
"23345";2
"23346";2
"23347";2
"23348";2
"23349";2
"23350";2
"23351";2
"23352";2
"23353";2
"23354";2
"23355";2
"23356";2
"23357";2
"23358";2
"23359";2
"23360";2
"23361";2
"23362";2
"23363";2
"23364";2
"23365";2
"23366";2
"23367";2
"23368";4
"23369";4
"23370";4
"23371";4
"23372";2
"23373";2
"23374";2
"23375";2
"23376";2
"23377";2
"23378";4
"23379";4
"23380";2
"23381";4
"23382";2
"23383";2
"23384";2
"23385";4
"23386";2
"23387";2
"23388";2
"23389";2
"23390";2
"23391";4
"23392";2
"23393";2
"23394";2
"23395";2
"23396";2
"23397";2
"23398";2
"23399";2
"23400";2
"23401";2
"23402";2
"23403";2
"23404";2
"23405";2
"23406";2
"23407";2
"23408";2
"23409";2
"23410";2
"23411";2
"23412";2
"23413";2
"23414";4
"23415";4
"23416";2
"23417";4
"23418";2
"23419";2
"23420";2
"23421";2
"23422";2
"23423";4
"23424";2
"23425";2
"23426";4
"23427";4
"23428";4
"23429";4
"23430";4
"23431";4
"23432";4
"23433";4
"23434";4
"23435";4
"23436";4
"23437";4
"23438";2
"23439";4
"23440";4
"23441";4
"23442";4
"23443";4
"23444";4
"23445";4
"23446";4
"23447";4
"23448";3
"23449";4
"23450";4
"23451";4
"23452";1
"23453";4
"23454";4
"23455";4
"23456";4
"23457";4
"23458";4
"23459";4
"23460";4
"23461";4
"23462";4
"23463";4
"23464";4
"23465";4
"23466";4
"23467";4
"23468";4
"23469";4
"23470";4
"23471";4
"23472";4
"23473";4
"23474";4
"23475";4
"23476";4
"23477";4
"23478";4
"23479";4
"23480";4
"23481";4
"23482";3
"23483";3
"23484";4
"23485";4
"23486";4
"23487";4
"23488";4
"23489";4
"23490";3
"23491";4
"23492";2
"23493";4
"23494";4
"23495";4
"23496";3
"23497";4
"23498";4
"23499";4
"23500";4
"23501";4
"23502";4
"23503";4
"23504";2
"23505";4
"23506";4
"23507";4
"23508";4
"23509";4
"23510";4
"23511";2
"23512";4
"23513";4
"23514";4
"23515";4
"23516";4
"23517";4
"23518";4
"23519";4
"23520";4
"23521";4
"23522";4
"23523";4
"23524";3
"23525";4
"23526";4
"23527";4
"23528";4
"23529";2
"23530";4
"23531";4
"23532";4
"23533";4
"23534";4
"23535";4
"23536";4
"23537";2
"23538";4
"23539";4
"23540";4
"23541";2
"23542";4
"23543";4
"23544";4
"23545";4
"23546";4
"23547";4
"23548";4
"23549";4
"23550";4
"23551";4
"23552";4
"23553";4
"23554";4
"23555";4
"23556";3
"23557";4
"23558";4
"23559";4
"23560";3
"23561";4
"23562";4
"23563";4
"23564";4
"23565";4
"23566";2
"23567";4
"23568";4
"23569";4
"23570";4
"23571";3
"23572";3
"23573";4
"23574";4
"23575";4
"23576";2
"23577";2
"23578";4
"23579";4
"23580";2
"23581";4
"23582";4
"23583";4
"23584";4
"23585";4
"23586";4
"23587";4
"23588";2
"23589";4
"23590";4
"23591";4
"23592";2
"23593";4
"23594";4
"23595";0
"23596";4
"23597";3
"23598";2
"23599";3
"23600";4
"23601";4
"23602";2
"23603";4
"23604";4
"23605";2
"23606";4
"23607";4
"23608";2
"23609";2
"23610";4
"23611";4
"23612";4
"23613";4
"23614";4
"23615";0
"23616";4
"23617";4
"23618";2
"23619";4
"23620";4
"23621";4
"23622";4
"23623";2
"23624";4
"23625";2
"23626";4
"23627";4
"23628";3
"23629";1
"23630";1
"23631";1
"23632";0
"23633";4
"23634";0
"23635";4
"23636";4
"23637";4
"23638";4
"23639";4
"23640";4
"23641";4
"23642";4
"23643";4
"23644";4
"23645";4
"23646";4
"23647";4
"23648";4
"23649";4
"23650";1
"23651";4
"23652";1
"23653";3
"23654";4
"23655";4
"23656";4
"23657";4
"23658";4
"23659";4
"23660";4
"23661";4
"23662";4
"23663";4
"23664";1
"23665";1
"23666";4
"23667";4
"23668";4
"23669";4
"23670";1
"23671";4
"23672";4
"23673";4
"23674";4
"23675";4
"23676";4
"23677";4
"23678";4
"23679";4
"23680";4
"23681";4
"23682";2
"23683";4
"23684";4
"23685";4
"23686";4
"23687";4
"23688";4
"23689";4
"23690";4
"23691";3
"23692";3
"23693";3
"23694";4
"23695";4
"23696";4
"23697";4
"23698";4
"23699";4
"23700";4
"23701";3
"23702";4
"23703";4
"23704";1
"23705";4
"23706";4
"23707";4
"23708";4
"23709";1
"23710";4
"23711";4
"23712";4
"23713";4
"23714";4
"23715";2
"23716";4
"23717";4
"23718";4
"23719";4
"23720";4
"23721";4
"23722";4
"23723";4
"23724";4
"23725";4
"23726";4
"23727";2
"23728";4
"23729";4
"23730";4
"23731";1
"23732";4
"23733";0
"23734";4
"23735";4
"23736";4
"23737";4
"23738";4
"23739";4
"23740";3
"23741";4
"23742";4
"23743";4
"23744";2
"23745";1
"23746";4
"23747";2
"23748";4
"23749";4
"23750";4
"23751";2
"23752";2
"23753";2
"23754";0
"23755";0
"23756";4
"23757";0
"23758";0
"23759";4
"23760";4
"23761";0
"23762";0
"23763";0
"23764";4
"23765";0
"23766";4
"23767";0
"23768";4
"23769";4
"23770";4
"23771";4
"23772";4
"23773";0
"23774";0
"23775";0
"23776";0
"23777";4
"23778";4
"23779";4
"23780";4
"23781";4
"23782";4
"23783";4
"23784";4
"23785";0
"23786";4
"23787";4
"23788";4
"23789";4
"23790";1
"23791";1
"23792";4
"23793";4
"23794";4
"23795";4
"23796";4
"23797";4
"23798";4
"23799";4
"23800";4
"23801";4
"23802";4
"23803";4
"23804";4
"23805";4
"23806";4
"23807";4
"23808";4
"23809";4
"23810";4
"23811";4
"23812";3
"23813";4
"23814";4
"23815";1
"23816";4
"23817";4
"23818";4
"23819";4
"23820";4
"23821";4
"23822";4
"23823";4
"23824";4
"23825";4
"23826";4
"23827";4
"23828";4
"23829";4
"23830";4
"23831";4
"23832";4
"23833";4
"23834";4
"23835";4
"23836";4
"23837";4
"23838";4
"23839";4
"23840";4
"23841";4
"23842";4
"23843";4
"23844";4
"23845";4
"23846";4
"23847";4
"23848";4
"23849";4
"23850";4
"23851";4
"23852";4
"23853";4
"23854";4
"23855";4
"23856";4
"23857";2
"23858";4
"23859";4
"23860";4
"23861";4
"23862";4
"23863";4
"23864";4
"23865";4
"23866";4
"23867";4
"23868";2
"23869";4
"23870";2
"23871";2
"23872";2
"23873";0
"23874";2
"23875";4
"23876";4
"23877";4
"23878";0
"23879";4
"23880";4
"23881";4
"23882";4
"23883";4
"23884";4
"23885";4
"23886";4
"23887";4
"23888";4
"23889";2
"23890";2
"23891";2
"23892";1
"23893";4
"23894";4
"23895";4
"23896";4
"23897";4
"23898";4
"23899";2
"23900";4
"23901";2
"23902";4
"23903";4
"23904";4
"23905";4
"23906";4
"23907";4
"23908";2
"23909";4
"23910";4
"23911";4
"23912";0
"23913";2
"23914";0
"23915";4
"23916";4
"23917";4
"23918";4
"23919";4
"23920";4
"23921";4
"23922";4
"23923";4
"23924";4
"23925";4
"23926";4
"23927";4
"23928";4
"23929";4
"23930";4
"23931";4
"23932";4
"23933";4
"23934";4
"23935";4
"23936";4
"23937";4
"23938";4
"23939";1
"23940";4
"23941";4
"23942";4
"23943";4
"23944";4
"23945";4
"23946";4
"23947";4
"23948";4
"23949";2
"23950";4
"23951";4
"23952";4
"23953";1
"23954";4
"23955";4
"23956";4
"23957";2
"23958";4
"23959";4
"23960";4
"23961";4
"23962";4
"23963";4
"23964";4
"23965";4
"23966";4
"23967";4
"23968";4
"23969";4
"23970";4
"23971";4
"23972";4
"23973";4
"23974";4
"23975";4
"23976";4
"23977";4
"23978";0
"23979";4
"23980";4
"23981";4
"23982";0
"23983";4
"23984";2
"23985";4
"23986";4
"23987";4
"23988";4
"23989";4
"23990";4
"23991";4
"23992";4
"23993";0
"23994";4
"23995";4
"23996";4
"23997";4
"23998";4
"23999";4
"24000";4
"24001";4
"24002";4
"24003";4
"24004";4
"24005";0
"24006";4
"24007";4
"24008";4
"24009";4
"24010";4
"24011";4
"24012";4
"24013";4
"24014";4
"24015";4
"24016";4
"24017";4
"24018";4
"24019";4
"24020";0
"24021";4
"24022";4
"24023";4
"24024";4
"24025";4
"24026";0
"24027";4
"24028";4
"24029";4
"24030";4
"24031";4
"24032";4
"24033";4
"24034";4
"24035";4
"24036";4
"24037";4
"24038";4
"24039";4
"24040";3
"24041";4
"24042";4
"24043";4
"24044";4
"24045";4
"24046";4
"24047";4
"24048";2
"24049";4
"24050";4
"24051";4
"24052";4
"24053";2
"24054";4
"24055";4
"24056";4
"24057";4
"24058";4
"24059";4
"24060";4
"24061";4
"24062";4
"24063";4
"24064";4
"24065";4
"24066";4
"24067";2
"24068";4
"24069";4
"24070";4
"24071";4
"24072";4
"24073";2
"24074";4
"24075";4
"24076";4
"24077";4
"24078";4
"24079";4
"24080";4
"24081";4
"24082";4
"24083";2
"24084";4
"24085";4
"24086";2
"24087";2
"24088";2
"24089";2
"24090";2
"24091";4
"24092";4
"24093";4
"24094";4
"24095";2
"24096";2
"24097";2
"24098";4
"24099";4
"24100";4
"24101";4
"24102";4
"24103";4
"24104";4
"24105";2
"24106";4
"24107";4
"24108";4
"24109";4
"24110";1
"24111";1
"24112";4
"24113";1
"24114";4
"24115";4
"24116";4
"24117";4
"24118";4
"24119";4
"24120";4
"24121";4
"24122";1
"24123";4
"24124";4
"24125";4
"24126";4
"24127";4
"24128";4
"24129";4
"24130";4
"24131";4
"24132";1
"24133";1
"24134";4
"24135";4
"24136";4
"24137";4
"24138";4
"24139";4
"24140";4
"24141";4
"24142";4
"24143";4
"24144";4
"24145";4
"24146";4
"24147";4
"24148";4
"24149";4
"24150";4
"24151";4
"24152";4
"24153";4
"24154";4
"24155";4
"24156";4
"24157";3
"24158";4
"24159";4
"24160";4
"24161";4
"24162";4
"24163";4
"24164";4
"24165";4
"24166";4
"24167";4
"24168";4
"24169";4
"24170";4
"24171";4
"24172";4
"24173";4
"24174";4
"24175";1
"24176";4
"24177";4
"24178";4
"24179";4
"24180";4
"24181";4
"24182";4
"24183";4
"24184";4
"24185";4
"24186";4
"24187";4
"24188";4
"24189";3
"24190";4
"24191";4
"24192";4
"24193";4
"24194";4
"24195";4
"24196";4
"24197";4
"24198";4
"24199";4
"24200";4
"24201";4
"24202";4
"24203";4
"24204";4
"24205";4
"24206";4
"24207";4
"24208";4
"24209";4
"24210";4
"24211";4
"24212";4
"24213";4
"24214";4
"24215";4
"24216";4
"24217";4
"24218";4
"24219";4
"24220";4
"24221";4
"24222";4
"24223";4
"24224";4
"24225";4
"24226";4
"24227";4
"24228";4
"24229";4
"24230";4
"24231";4
"24232";4
"24233";4
"24234";4
"24235";4
"24236";4
"24237";3
"24238";4
"24239";4
"24240";4
"24241";4
"24242";4
"24243";4
"24244";4
"24245";4
"24246";4
"24247";4
"24248";4
"24249";4
"24250";4
"24251";4
"24252";4
"24253";4
"24254";4
"24255";4
"24256";4
"24257";4
"24258";4
"24259";4
"24260";4
"24261";4
"24262";4
"24263";4
"24264";4
"24265";4
"24266";4
"24267";4
"24268";4
"24269";4
"24270";4
"24271";4
"24272";4
"24273";4
"24274";4
"24275";4
"24276";4
"24277";4
"24278";4
"24279";4
"24280";4
"24281";4
"24282";4
"24283";4
"24284";4
"24285";4
"24286";4
"24287";4
"24288";4
"24289";4
"24290";4
"24291";4
"24292";4
"24293";1
"24294";4
"24295";4
"24296";4
"24297";4
"24298";4
"24299";4
"24300";4
"24301";4
"24302";4
"24303";4
"24304";4
"24305";4
"24306";4
"24307";4
"24308";4
"24309";4
"24310";4
"24311";4
"24312";4
"24313";4
"24314";4
"24315";4
"24316";4
"24317";4
"24318";4
"24319";4
"24320";4
"24321";4
"24322";4
"24323";4
"24324";2
"24325";4
"24326";4
"24327";2
"24328";4
"24329";4
"24330";4
"24331";4
"24332";4
"24333";4
"24334";4
"24335";4
"24336";4
"24337";4
"24338";4
"24339";4
"24340";4
"24341";4
"24342";2
"24343";4
"24344";2
"24345";4
"24346";4
"24347";4
"24348";4
"24349";4
"24350";4
"24351";4
"24352";2
"24353";4
"24354";4
"24355";4
"24356";4
"24357";4
"24358";4
"24359";4
"24360";4
"24361";4
"24362";4
"24363";4
"24364";4
"24365";4
"24366";4
"24367";2
"24368";4
"24369";4
"24370";4
"24371";4
"24372";4
"24373";4
"24374";4
"24375";4
"24376";4
"24377";4
"24378";4
"24379";4
"24380";4
"24381";0
"24382";4
"24383";4
"24384";4
"24385";0
"24386";3
"24387";4
"24388";4
"24389";4
"24390";2
"24391";3
"24392";4
"24393";3
"24394";3
"24395";3
"24396";3
"24397";3
"24398";4
"24399";4
"24400";4
"24401";4
"24402";3
"24403";3
"24404";3
"24405";4
"24406";4
"24407";4
"24408";4
"24409";4
"24410";4
"24411";4
"24412";4
"24413";4
"24414";4
"24415";4
"24416";4
"24417";2
"24418";4
"24419";4
"24420";2
"24421";3
"24422";4
"24423";4
"24424";4
"24425";4
"24426";4
"24427";3
"24428";4
"24429";3
"24430";0
"24431";4
"24432";4
"24433";4
"24434";4
"24435";4
"24436";4
"24437";4
"24438";4
"24439";4
"24440";4
"24441";4
"24442";4
"24443";4
"24444";4
"24445";2
"24446";4
"24447";4
"24448";4
"24449";4
"24450";4
"24451";4
"24452";4
"24453";4
"24454";2
"24455";4
"24456";4
"24457";4
"24458";4
"24459";4
"24460";4
"24461";4
"24462";2
"24463";2
"24464";2
"24465";4
"24466";4
"24467";4
"24468";4
"24469";4
"24470";4
"24471";2
"24472";4
"24473";4
"24474";3
"24475";3
"24476";1
"24477";4
"24478";4
"24479";4
"24480";4
"24481";4
"24482";4
"24483";4
"24484";4
"24485";4
"24486";2
"24487";4
"24488";4
"24489";4
"24490";4
"24491";3
"24492";3
"24493";3
"24494";3
"24495";3
"24496";3
"24497";3
"24498";3
"24499";3
"24500";3
"24501";3
"24502";3
"24503";3
"24504";3
"24505";4
"24506";3
"24507";3
"24508";3
"24509";3
"24510";4
"24511";4
"24512";3
"24513";3
"24514";4
"24515";3
"24516";3
"24517";3
"24518";3
"24519";3
"24520";4
"24521";4
"24522";4
"24523";4
"24524";4
"24525";4
"24526";4
"24527";4
"24528";4
"24529";4
"24530";3
"24531";4
"24532";3
"24533";3
"24534";3
"24535";3
"24536";3
"24537";3
"24538";3
"24539";3
"24540";3
"24541";4
"24542";3
"24543";3
"24544";4
"24545";4
"24546";3
"24547";4
"24548";3
"24549";2
"24550";4
"24551";4
"24552";4
"24553";4
"24554";4
"24555";4
"24556";0
"24557";4
"24558";4
"24559";4
"24560";4
"24561";4
"24562";1
"24563";4
"24564";4
"24565";4
"24566";4
"24567";4
"24568";4
"24569";1
"24570";4
"24571";4
"24572";1
"24573";4
"24574";4
"24575";4
"24576";3
"24577";4
"24578";4
"24579";4
"24580";4
"24581";4
"24582";3
"24583";0
"24584";4
"24585";4
"24586";2
"24587";4
"24588";4
"24589";4
"24590";4
"24591";3
"24592";3
"24593";4
"24594";4
"24595";4
"24596";4
"24597";4
"24598";4
"24599";4
"24600";1
"24601";1
"24602";4
"24603";1
"24604";1
"24605";4
"24606";4
"24607";3
"24608";3
"24609";4
"24610";4
"24611";4
"24612";1
"24613";4
"24614";4
"24615";1
"24616";3
"24617";3
"24618";4
"24619";4
"24620";4
"24621";0
"24622";4
"24623";4
"24624";4
"24625";4
"24626";4
"24627";4
"24628";4
"24629";4
"24630";4
"24631";4
"24632";4
"24633";4
"24634";4
"24635";4
"24636";4
"24637";4
"24638";2
"24639";4
"24640";4
"24641";2
"24642";4
"24643";2
"24644";4
"24645";4
"24646";3
"24647";0
"24648";4
"24649";4
"24650";4
"24651";4
"24652";2
"24653";4
"24654";4
"24655";4
"24656";4
"24657";4
"24658";4
"24659";4
"24660";4
"24661";3
"24662";3
"24663";4
"24664";4
"24665";4
"24666";3
"24667";3
"24668";4
"24669";1
"24670";1
"24671";4
"24672";3
"24673";4
"24674";4
"24675";4
"24676";4
"24677";3
"24678";3
"24679";4
"24680";4
"24681";3
"24682";3
"24683";3
"24684";3
"24685";3
"24686";3
"24687";3
"24688";3
"24689";3
"24690";3
"24691";1
"24692";3
"24693";3
"24694";3
"24695";3
"24696";3
"24697";3
"24698";4
"24699";0
"24700";0
"24701";0
"24702";0
"24703";0
"24704";0
"24705";0
"24706";0
"24707";0
"24708";0
"24709";0
"24710";0
"24711";0
"24712";0
"24713";0
"24714";0
"24715";0
"24716";0
"24717";0
"24718";4
"24719";4
"24720";4
"24721";4
"24722";1
"24723";4
"24724";4
"24725";4
"24726";3
"24727";4
"24728";4
"24729";4
"24730";4
"24731";4
"24732";4
"24733";4
"24734";2
"24735";4
"24736";4
"24737";4
"24738";4
"24739";4
"24740";4
"24741";4
"24742";4
"24743";4
"24744";4
"24745";4
"24746";4
"24747";4
"24748";4
"24749";4
"24750";4
"24751";2
"24752";2
"24753";4
"24754";4
"24755";4
"24756";4
"24757";4
"24758";4
"24759";4
"24760";4
"24761";4
"24762";4
"24763";4
"24764";4
"24765";4
"24766";4
"24767";3
"24768";4
"24769";4
"24770";4
"24771";4
"24772";2
"24773";4
"24774";4
"24775";4
"24776";4
"24777";4
"24778";4
"24779";3
"24780";3
"24781";4
"24782";4
"24783";3
"24784";2
"24785";4
"24786";4
"24787";3
"24788";3
"24789";3
"24790";3
"24791";4
"24792";4
"24793";4
"24794";4
"24795";4
"24796";3
"24797";4
"24798";4
"24799";4
"24800";4
"24801";4
"24802";4
"24803";4
"24804";4
"24805";4
"24806";4
"24807";4
"24808";3
"24809";4
"24810";2
"24811";4
"24812";4
"24813";0
"24814";4
"24815";4
"24816";4
"24817";3
"24818";4
"24819";4
"24820";4
"24821";4
"24822";4
"24823";4
"24824";3
"24825";4
"24826";4
"24827";4
"24828";4
"24829";3
"24830";3
"24831";3
"24832";3
"24833";3
"24834";3
"24835";4
"24836";4
"24837";4
"24838";4
"24839";4
"24840";3
"24841";4
"24842";4
"24843";1
"24844";2
"24845";2
"24846";4
"24847";4
"24848";2
"24849";3
"24850";4
"24851";4
"24852";4
"24853";0
"24854";4
"24855";4
"24856";4
"24857";4
"24858";4
"24859";4
"24860";4
"24861";4
"24862";4
"24863";2
"24864";2
"24865";2
"24866";4
"24867";4
"24868";3
"24869";4
"24870";4
"24871";4
"24872";2
"24873";3
"24874";4
"24875";3
"24876";3
"24877";2
"24878";4
"24879";4
"24880";4
"24881";4
"24882";4
"24883";4
"24884";2
"24885";4
"24886";4
"24887";2
"24888";4
"24889";3
"24890";4
"24891";3
"24892";3
"24893";4
"24894";2
"24895";4
"24896";2
"24897";4
"24898";4
"24899";3
"24900";4
"24901";3
"24902";4
"24903";4
"24904";3
"24905";3
"24906";4
"24907";4
"24908";1
"24909";1
"24910";3
"24911";4
"24912";4
"24913";3
"24914";1
"24915";4
"24916";3
"24917";3
"24918";1
"24919";1
"24920";4
"24921";4
"24922";1
"24923";1
"24924";1
"24925";1
"24926";4
"24927";4
"24928";4
"24929";4
"24930";4
"24931";4
"24932";4
"24933";4
"24934";3
"24935";4
"24936";1
"24937";4
"24938";4
"24939";4
"24940";2
"24941";4
"24942";4
"24943";4
"24944";4
"24945";4
"24946";4
"24947";4
"24948";4
"24949";4
"24950";0
"24951";2
"24952";2
"24953";3
"24954";1
"24955";3
"24956";2
"24957";0
"24958";2
"24959";3
"24960";4
"24961";3
"24962";0
"24963";2
"24964";2
"24965";2
"24966";2
"24967";2
"24968";4
"24969";4
"24970";2
"24971";2
"24972";2
"24973";2
"24974";2
"24975";2
"24976";2
"24977";2
"24978";2
"24979";2
"24980";4
"24981";2
"24982";2
"24983";2
"24984";2
"24985";2
"24986";2
"24987";2
"24988";2
"24989";2
"24990";2
"24991";4
"24992";4
"24993";2
"24994";2
"24995";2
"24996";4
"24997";2
"24998";2
"24999";4
"25000";2
"25001";2
"25002";2
"25003";2
"25004";2
"25005";2
"25006";2
"25007";2
"25008";4
"25009";4
"25010";4
"25011";4
"25012";4
"25013";4
"25014";4
"25015";4
"25016";4
"25017";2
"25018";2
"25019";2
"25020";2
"25021";4
"25022";4
"25023";2
"25024";2
"25025";4
"25026";2
"25027";4
"25028";2
"25029";2
"25030";2
"25031";4
"25032";4
"25033";2
"25034";2
"25035";2
"25036";2
"25037";2
"25038";2
"25039";2
"25040";2
"25041";4
"25042";2
"25043";2
"25044";4
"25045";2
"25046";2
"25047";2
"25048";2
"25049";4
"25050";4
"25051";4
"25052";2
"25053";2
"25054";2
"25055";2
"25056";2
"25057";2
"25058";2
"25059";2
"25060";2
"25061";2
"25062";2
"25063";2
"25064";2
"25065";2
"25066";2
"25067";2
"25068";2
"25069";2
"25070";2
"25071";2
"25072";2
"25073";4
"25074";2
"25075";2
"25076";4
"25077";4
"25078";4
"25079";3
"25080";3
"25081";4
"25082";4
"25083";3
"25084";3
"25085";1
"25086";4
"25087";4
"25088";3
"25089";4
"25090";4
"25091";4
"25092";4
"25093";4
"25094";4
"25095";4
"25096";4
"25097";4
"25098";4
"25099";4
"25100";4
"25101";4
"25102";4
"25103";4
"25104";4
"25105";4
"25106";4
"25107";4
"25108";4
"25109";4
"25110";4
"25111";4
"25112";4
"25113";4
"25114";4
"25115";4
"25116";1
"25117";4
"25118";4
"25119";4
"25120";4
"25121";4
"25122";3
"25123";3
"25124";4
"25125";4
"25126";1
"25127";0
"25128";4
"25129";3
"25130";4
"25131";4
"25132";3
"25133";2
"25134";2
"25135";2
"25136";2
"25137";2
"25138";4
"25139";2
"25140";2
"25141";2
"25142";2
"25143";2
"25144";2
"25145";2
"25146";2
"25147";2
"25148";2
"25149";4
"25150";4
"25151";4
"25152";4
"25153";4
"25154";4
"25155";4
"25156";3
"25157";4
"25158";1
"25159";1
"25160";4
"25161";4
"25162";4
"25163";3
"25164";4
"25165";3
"25166";4
"25167";4
"25168";3
"25169";3
"25170";4
"25171";1
"25172";4
"25173";3
"25174";4
"25175";3
"25176";4
"25177";3
"25178";4
"25179";1
"25180";4
"25181";4
"25182";1
"25183";4
"25184";3
"25185";3
"25186";4
"25187";4
"25188";4
"25189";4
"25190";4
"25191";4
"25192";3
"25193";0
"25194";3
"25195";3
"25196";4
"25197";3
"25198";4
"25199";3
"25200";4
"25201";3
"25202";4
"25203";3
"25204";3
"25205";1
"25206";3
"25207";3
"25208";1
"25209";3
"25210";4
"25211";3
"25212";4
"25213";4
"25214";4
"25215";3
"25216";3
"25217";3
"25218";3
"25219";3
"25220";3
"25221";3
"25222";4
"25223";4
"25224";4
"25225";4
"25226";4
"25227";4
"25228";4
"25229";4
"25230";4
"25231";4
"25232";4
"25233";4
"25234";4
"25235";4
"25236";4
"25237";4
"25238";4
"25239";4
"25240";4
"25241";4
"25242";4
"25243";4
"25244";4
"25245";4
"25246";4
"25247";4
"25248";4
"25249";4
"25250";4
"25251";4
"25252";4
"25253";4
"25254";4
"25255";4
"25256";4
"25257";4
"25258";4
"25259";4
"25260";4
"25261";4
"25262";4
"25263";4
"25264";4
"25265";4
"25266";4
"25267";4
"25268";4
"25269";4
"25270";4
"25271";4
"25272";2
"25273";4
"25274";3
"25275";4
"25276";2
"25277";1
"25278";3
"25279";3
"25280";3
"25281";2
"25282";3
"25283";3
"25284";3
"25285";4
"25286";2
"25287";3
"25288";3
"25289";3
"25290";3
"25291";3
"25292";3
"25293";3
"25294";4
"25295";4
"25296";2
"25297";4
"25298";2
"25299";2
"25300";2
"25301";2
"25302";0
"25303";3
"25304";4
"25305";4
"25306";4
"25307";4
"25308";4
"25309";4
"25310";4
"25311";4
"25312";4
"25313";4
"25314";4
"25315";4
"25316";4
"25317";4
"25318";4
"25319";4
"25320";4
"25321";2
"25322";0
"25323";3
"25324";0
"25325";4
"25326";0
"25327";4
"25328";2
"25329";4
"25330";0
"25331";4
"25332";0
"25333";4
"25334";4
"25335";0
"25336";0
"25337";4
"25338";4
"25339";4
"25340";0
"25341";4
"25342";0
"25343";4
"25344";0
"25345";0
"25346";4
"25347";4
"25348";0
"25349";4
"25350";4
"25351";4
"25352";4
"25353";0
"25354";0
"25355";4
"25356";4
"25357";4
"25358";4
"25359";4
"25360";4
"25361";4
"25362";4
"25363";4
"25364";4
"25365";2
"25366";4
"25367";4
"25368";4
"25369";4
"25370";4
"25371";4
"25372";4
"25373";0
"25374";0
"25375";0
"25376";4
"25377";0
"25378";4
"25379";4
"25380";4
"25381";4
"25382";4
"25383";4
"25384";4
"25385";4
"25386";0
"25387";4
"25388";3
"25389";4
"25390";4
"25391";4
"25392";4
"25393";4
"25394";4
"25395";4
"25396";4
"25397";4
"25398";4
"25399";4
"25400";4
"25401";4
"25402";4
"25403";0
"25404";4
"25405";4
"25406";4
"25407";4
"25408";4
"25409";4
"25410";4
"25411";4
"25412";4
"25413";4
"25414";4
"25415";4
"25416";4
"25417";4
"25418";4
"25419";4
"25420";4
"25421";4
"25422";4
"25423";4
"25424";4
"25425";4
"25426";4
"25427";4
"25428";4
"25429";4
"25430";4
"25431";4
"25432";4
"25433";4
"25434";4
"25435";4
"25436";4
"25437";4
"25438";4
"25439";4
"25440";4
"25441";4
"25442";4
"25443";0
"25444";0
"25445";0
"25446";4
"25447";4
"25448";4
"25449";4
"25450";4
"25451";4
"25452";4
"25453";4
"25454";0
"25455";4
"25456";0
"25457";4
"25458";4
"25459";0
"25460";4
"25461";4
"25462";4
"25463";4
"25464";4
"25465";4
"25466";4
"25467";4
"25468";3
"25469";4
"25470";4
"25471";4
"25472";4
"25473";4
"25474";4
"25475";4
"25476";4
"25477";4
"25478";4
"25479";4
"25480";4
"25481";4
"25482";4
"25483";4
"25484";4
"25485";4
"25486";4
"25487";4
"25488";4
"25489";0
"25490";4
"25491";4
"25492";4
"25493";4
"25494";4
"25495";4
"25496";4
"25497";4
"25498";4
"25499";4
"25500";4
"25501";4
"25502";4
"25503";4
"25504";4
"25505";4
"25506";4
"25507";4
"25508";4
"25509";2
"25510";4
"25511";4
"25512";4
"25513";4
"25514";4
"25515";4
"25516";2
"25517";4
"25518";4
"25519";2
"25520";4
"25521";2
"25522";4
"25523";4
"25524";2
"25525";2
"25526";2
"25527";2
"25528";2
"25529";2
"25530";4
"25531";4
"25532";4
"25533";4
"25534";4
"25535";4
"25536";4
"25537";4
"25538";4
"25539";2
"25540";2
"25541";4
"25542";2
"25543";4
"25544";0
"25545";3
"25546";3
"25547";3
"25548";3
"25549";3
"25550";4
"25551";4
"25552";4
"25553";4
"25554";4
"25555";4
"25556";4
"25557";4
"25558";3
"25559";4
"25560";3
"25561";4
"25562";4
"25563";4
"25564";2
"25565";2
"25566";4
"25567";4
"25568";4
"25569";4
"25570";4
"25571";4
"25572";2
"25573";4
"25574";4
"25575";4
"25576";4
"25577";4
"25578";4
"25579";4
"25580";4
"25581";4
"25582";4
"25583";4
"25584";4
"25585";4
"25586";2
"25587";4
"25588";4
"25589";2
"25590";4
"25591";4
"25592";4
"25593";4
"25594";4
"25595";4
"25596";4
"25597";4
"25598";4
"25599";4
"25600";4
"25601";4
"25602";4
"25603";4
"25604";4
"25605";4
"25606";4
"25607";4
"25608";4
"25609";4
"25610";4
"25611";4
"25612";4
"25613";4
"25614";4
"25615";4
"25616";4
"25617";4
"25618";4
"25619";4
"25620";4
"25621";4
"25622";4
"25623";4
"25624";0
"25625";4
"25626";4
"25627";4
"25628";4
"25629";4
"25630";4
"25631";4
"25632";4
"25633";4
"25634";4
"25635";4
"25636";4
"25637";4
"25638";4
"25639";4
"25640";4
"25641";4
"25642";4
"25643";4
"25644";4
"25645";3
"25646";2
"25647";4
"25648";4
"25649";4
"25650";4
"25651";4
"25652";4
"25653";1
"25654";4
"25655";4
"25656";4
"25657";4
"25658";4
"25659";4
"25660";4
"25661";4
"25662";4
"25663";4
"25664";4
"25665";4
"25666";4
"25667";4
"25668";4
"25669";4
"25670";4
"25671";4
"25672";4
"25673";4
"25674";4
"25675";4
"25676";4
"25677";4
"25678";4
"25679";4
"25680";4
"25681";4
"25682";4
"25683";4
"25684";4
"25685";4
"25686";4
"25687";4
"25688";4
"25689";4
"25690";4
"25691";2
"25692";4
"25693";4
"25694";4
"25695";4
"25696";2
"25697";4
"25698";4
"25699";4
"25700";4
"25701";4
"25702";4
"25703";4
"25704";4
"25705";4
"25706";4
"25707";4
"25708";4
"25709";4
"25710";4
"25711";4
"25712";4
"25713";4
"25714";4
"25715";4
"25716";4
"25717";4
"25718";4
"25719";0
"25720";4
"25721";4
"25722";4
"25723";4
"25724";4
"25725";4
"25726";4
"25727";4
"25728";4
"25729";4
"25730";4
"25731";4
"25732";4
"25733";2
"25734";4
"25735";4
"25736";4
"25737";4
"25738";4
"25739";4
"25740";4
"25741";2
"25742";4
"25743";4
"25744";4
"25745";4
"25746";2
"25747";4
"25748";4
"25749";4
"25750";4
"25751";4
"25752";4
"25753";4
"25754";4
"25755";4
"25756";2
"25757";4
"25758";2
"25759";2
"25760";2
"25761";4
"25762";4
"25763";4
"25764";4
"25765";4
"25766";4
"25767";4
"25768";4
"25769";4
"25770";4
"25771";4
"25772";4
"25773";4
"25774";4
"25775";4
"25776";4
"25777";4
"25778";2
"25779";4
"25780";4
"25781";4
"25782";4
"25783";4
"25784";4
"25785";4
"25786";4
"25787";4
"25788";4
"25789";4
"25790";4
"25791";4
"25792";0
"25793";4
"25794";4
"25795";4
"25796";4
"25797";4
"25798";4
"25799";4
"25800";4
"25801";4
"25802";4
"25803";4
"25804";4
"25805";4
"25806";4
"25807";4
"25808";4
"25809";4
"25810";4
"25811";4
"25812";4
"25813";4
"25814";4
"25815";4
"25816";4
"25817";4
"25818";4
"25819";4
"25820";4
"25821";4
"25822";4
"25823";4
"25824";4
"25825";4
"25826";4
"25827";4
"25828";4
"25829";0
"25830";0
"25831";4
"25832";4
"25833";4
"25834";4
"25835";0
"25836";4
"25837";0
"25838";4
"25839";4
"25840";0
"25841";4
"25842";4
"25843";4
"25844";4
"25845";4
"25846";4
"25847";4
"25848";4
"25849";4
"25850";4
"25851";4
"25852";4
"25853";4
"25854";2
"25855";4
"25856";2
"25857";4
"25858";4
"25859";4
"25860";4
"25861";3
"25862";3
"25863";1
"25864";1
"25865";1
"25866";1
"25867";3
"25868";1
"25869";1
"25870";1
"25871";1
"25872";3
"25873";3
"25874";1
"25875";1
"25876";4
"25877";3
"25878";3
"25879";3
"25880";3
"25881";3
"25882";3
"25883";4
"25884";4
"25885";3
"25886";3
"25887";0
"25888";4
"25889";3
"25890";3
"25891";4
"25892";3
"25893";4
"25894";3
"25895";0
"25896";0
"25897";3
"25898";1
"25899";4
"25900";3
"25901";3
"25902";4
"25903";4
