"V1";"V2";"V3";"V4";"V5";"V6"
"***";"nb classes";"4";"***";"";""
"**";"classe";"1";"**";"";""
"****";"4923";"24956";"19.73";"****";""
"1051";"1188";" 88.47";"3722.274";"educação";" 0.000000e+00"
"1212";"1600";" 75.75";"3388.502";"deputado";" 0.000000e+00"
" 627";" 661";" 94.86";"2420.223";"comissão";" 0.000000e+00"
" 740";" 968";" 76.45";"2045.955";"escola";" 0.000000e+00"
" 921";"1581";" 58.25";"1582.239";"presidente";" 0.000000e+00"
" 506";" 673";" 75.19";"1343.403";"projeto";"4.181824e-294"
" 285";" 299";" 95.32";"1091.994";"ensino";"1.815156e-239"
" 273";" 284";" 96.13";"1058.889";"requerimento";"2.846856e-232"
" 386";" 562";" 68.68";" 870.210";"professor";"2.937088e-191"
" 253";" 305";" 82.95";" 779.435";"aluno";"1.597371e-171"
" 421";" 693";" 60.75";" 757.541";"público";"9.197767e-167"
" 287";" 385";" 74.55";" 742.070";"nacional";"2.126297e-163"
" 250";" 309";" 80.91";" 739.528";"discutir";"7.594624e-163"
" 220";" 267";" 82.40";" 669.392";"aprovar";"1.354982e-147"
" 189";" 211";" 89.57";" 655.596";"discussão";"1.355401e-144"
" 149";" 150";" 99.33";" 603.924";"escolar";"2.346446e-133"
" 275";" 414";" 66.43";" 579.754";"federal";"4.242838e-128"
" 158";" 175";" 90.29";" 554.081";"artigo";"1.630258e-122"
" 165";" 191";" 86.39";" 540.112";"votação";"1.782372e-119"
" 187";" 236";" 79.24";" 532.845";"pauta";"6.792339e-118"
" 236";" 344";" 68.60";" 526.243";"debate";"1.854904e-116"
" 239";" 387";" 61.76";" 438.530";"segurança";" 2.261329e-97"
" 235";" 383";" 61.36";" 425.719";"lei";" 1.388857e-94"
" 126";" 146";" 86.30";" 411.048";"meta";" 2.167263e-91"
" 333";" 668";" 49.85";" 393.321";"questão";" 1.566490e-87"
" 151";" 203";" 74.38";" 386.115";"retirar";" 5.801949e-86"
" 137";" 174";" 78.74";" 385.298";"médio";" 8.738403e-86"
" 150";" 202";" 74.26";" 382.417";"estudante";" 3.704402e-85"
" 106";" 116";" 91.38";" 377.850";"município";" 3.656593e-84"
" 119";" 143";" 83.22";" 366.115";"fundamental";" 1.312544e-81"
" 107";" 122";" 87.70";" 357.768";"infantil";" 8.621573e-80"
" 119";" 147";" 80.95";" 350.045";"relator";" 4.142774e-78"
" 151";" 216";" 69.91";" 346.479";"acordo";" 2.477364e-77"
"  88";"  92";" 95.65";" 336.156";"item";" 4.385921e-75"
" 118";" 149";" 79.19";" 334.755";"programa";" 8.856447e-75"
"  85";"  88";" 96.59";" 329.488";"moção";" 1.242787e-73"
"  82";"  83";" 98.80";" 328.780";"pne";" 1.772030e-73"
"  95";" 107";" 88.79";" 323.635";"orientação";" 2.339033e-72"
"  92";" 104";" 88.46";" 311.584";"instituto";" 9.868139e-70"
"  79";"  82";" 96.34";" 304.959";"mec";" 2.737232e-68"
"  74";"  76";" 97.37";" 290.203";"alfabetização";" 4.490030e-65"
" 175";" 298";" 58.72";" 289.664";"universidade";" 5.884921e-65"
" 126";" 180";" 70.00";" 289.378";"gentileza";" 6.794808e-65"
" 345";" 798";" 43.23";" 287.648";"obrigar";" 1.617938e-64"
" 108";" 144";" 75.00";" 279.435";"proposta";" 9.972140e-63"
" 139";" 215";" 64.65";" 276.399";"tema";" 4.575476e-62"
" 123";" 180";" 68.33";" 270.509";"qualidade";" 8.791262e-61"
" 112";" 156";" 71.79";" 268.761";"básico";" 2.113152e-60"
"  74";"  80";" 92.50";" 268.412";"repúdio";" 2.517328e-60"
"  83";"  98";" 84.69";" 262.239";"relatório";" 5.578873e-59"
"  74";"  82";" 90.24";" 258.349";"educacional";" 3.929523e-58"
"  74";"  83";" 89.16";" 253.508";"dado";" 4.462902e-57"
" 165";" 292";" 56.51";" 252.403";"minuto";" 7.771696e-57"
" 322";" 762";" 42.26";" 251.964";"governo";" 9.690303e-57"
" 116";" 171";" 67.84";" 251.663";"reunião";" 1.127156e-56"
" 267";" 588";" 45.41";" 250.810";"importante";" 1.728941e-56"
"  88";" 111";" 79.28";" 249.709";"audiência";" 3.005456e-56"
"  88";" 114";" 77.19";" 238.832";"debater";" 7.067863e-54"
"  60";"  62";" 96.77";" 233.004";"avaliação";" 1.319141e-52"
"  73";"  86";" 84.88";" 231.363";"greve";" 3.006721e-52"
" 109";" 163";" 66.87";" 230.287";"garantir";" 5.162201e-52"
"  65";"  72";" 90.28";" 226.970";"creche";" 2.729929e-51"
"  57";"  58";" 98.28";" 226.514";"regimento";" 3.432024e-51"
" 348";" 884";" 39.37";" 223.235";"criança";" 1.781028e-50"
"  80";" 102";" 78.43";" 222.894";"pl";" 2.114387e-50"
"  54";"  54";"100.00";" 220.217";"premiação";" 8.110922e-50"
" 140";" 245";" 57.14";" 218.747";"plano";" 1.696771e-49"
"  90";" 125";" 72.00";" 216.783";"municipal";" 4.552007e-49"
"  53";"  53";"100.00";" 216.130";"aprendizagem";" 6.317312e-49"
"  51";"  51";"100.00";" 207.958";"desempenho";" 3.832422e-47"
" 106";" 165";" 64.24";" 207.857";"pedro";" 4.030219e-47"
"  71";"  88";" 80.68";" 207.210";"profissional";" 5.578962e-47"
"  87";" 122";" 71.31";" 206.018";"recurso";" 1.015497e-46"
" 181";" 369";" 49.05";" 203.394";"votar";" 3.794081e-46"
" 105";" 166";" 63.25";" 199.933";"ordem";" 2.160222e-45"
"  55";"  60";" 91.67";" 196.567";"aprovação";" 1.172144e-44"
"  68";"  86";" 79.07";" 191.916";"registrar";" 1.213647e-43"
" 263";" 653";" 40.28";" 178.806";"ministro";" 8.835485e-41"
"  70";"  94";" 74.47";" 178.555";"diretor";" 1.002113e-40"
" 105";" 179";" 58.66";" 172.575";"parlamentar";" 2.026642e-39"
"  98";" 162";" 60.49";" 171.134";"acesso";" 4.182207e-39"
"  89";" 140";" 63.57";" 170.915";"violência";" 4.670474e-39"
"  46";"  49";" 93.88";" 170.473";"integral";" 5.832314e-39"
"  71";"  99";" 71.72";" 169.661";"liderança";" 8.772894e-39"
"  96";" 158";" 60.76";" 169.064";"câmara";" 1.184643e-38"
"  57";"  70";" 81.43";" 168.767";"investimento";" 1.375287e-38"
"  58";"  72";" 80.56";" 168.725";"estadual";" 1.404627e-38"
"  67";"  92";" 72.83";" 164.416";"avançar";" 1.226983e-37"
"  40";"  40";"100.00";" 163.032";"subscrever";" 2.461699e-37"
"  40";"  40";"100.00";" 163.032";"rogério";" 2.461699e-37"
"  61";"  80";" 76.25";" 161.925";"concluir";" 4.296612e-37"
"  42";"  44";" 95.45";" 159.626";"reajuste";" 1.365590e-36"
"  42";"  44";" 95.45";" 159.626";"cívico";" 1.365590e-36"
"  39";"  39";"100.00";" 158.950";"camilo";" 1.919150e-36"
"  43";"  46";" 93.48";" 158.298";"adriana";" 2.663961e-36"
"  57";"  73";" 78.08";" 157.446";"solicitar";" 4.089143e-36"
"  52";"  63";" 82.54";" 157.366";"técnico";" 4.257637e-36"
"  54";"  67";" 80.60";" 157.191";"servidor";" 4.649915e-36"
"  45";"  50";" 90.00";" 156.241";"sugestão";" 7.498229e-36"
"  47";"  54";" 87.04";" 154.836";"procedimento";" 1.520669e-35"
"  47";"  54";" 87.04";" 154.836";"mérito";" 1.520669e-35"
"  43";"  47";" 91.49";" 153.140";"vigilância";" 3.570779e-35"
"  58";"  77";" 75.32";" 150.773";"parabenizar";" 1.174703e-34"
"  58";"  77";" 75.32";" 150.773";"legislativo";" 1.174703e-34"
"  48";"  57";" 84.21";" 150.018";"prever";" 1.718001e-34"
"  45";"  52";" 86.54";" 146.889";"secretário";" 8.298915e-34"
"  36";"  36";"100.00";" 146.705";"subcomissão";" 9.102694e-34"
"  48";"  58";" 82.76";" 145.859";"favorável";" 1.393637e-33"
"  41";"  45";" 91.11";" 145.070";"pedagógico";" 2.073494e-33"
"  64";"  92";" 69.57";" 144.842";"plenário";" 2.324918e-33"
"  43";"  49";" 87.76";" 143.484";"orientar";" 4.606442e-33"
" 187";" 444";" 42.12";" 143.112";"relação";" 5.554916e-33"
"  44";"  51";" 86.27";" 142.922";"rafael";" 6.112488e-33"
"  35";"  35";"100.00";" 142.624";"ventura";" 7.101717e-33"
"  41";"  46";" 89.13";" 140.184";"bancada";" 2.426403e-32"
"  41";"  46";" 89.13";" 140.184";"ampliar";" 2.426403e-32"
"  41";"  46";" 89.13";" 140.184";"tarcísio";" 2.426403e-32"
"  54";"  72";" 75.00";" 139.313";"técnica";" 3.762094e-32"
"  34";"  34";"100.00";" 138.544";"inciso";" 5.541894e-32"
"  55";"  75";" 73.33";" 136.515";"membro";" 1.539726e-31"
"  36";"  38";" 94.74";" 135.226";"parágrafo";" 2.946904e-31"
"  50";"  65";" 76.92";" 134.635";"vice";" 3.968712e-31"
"  49";"  63";" 77.78";" 134.410";"orçamento";" 4.443390e-31"
"  76";" 125";" 60.80";" 133.839";"privado";" 5.924125e-31"
"  59";"  85";" 69.41";" 132.962";"autor";" 9.217848e-31"
"  38";"  43";" 88.37";" 128.178";"parceria";" 1.026057e-29"
" 128";" 274";" 46.72";" 127.433";"aula";" 1.493936e-29"
"  47";"  61";" 77.05";" 126.887";"propor";" 1.966772e-29"
" 176";" 427";" 41.22";" 126.711";"gostar";" 2.149178e-29"
"  78";" 134";" 58.21";" 125.990";"presidência";" 3.089618e-29"
"  55";"  79";" 69.62";" 124.585";"leitura";" 6.272473e-29"
"  49";"  66";" 74.24";" 124.197";"formação";" 7.627819e-29"
" 114";" 235";" 48.51";" 124.123";"tratar";" 7.919690e-29"
"  53";"  75";" 70.67";" 123.271";"colega";" 1.216702e-28"
"  39";"  46";" 84.78";" 123.170";"valente";" 1.279709e-28"
"  40";"  48";" 83.33";" 122.873";"conferência";" 1.486755e-28"
"  98";" 190";" 51.58";" 122.667";"apresentar";" 1.649616e-28"
"  56";"  82";" 68.29";" 122.541";"conceder";" 1.757474e-28"
" 123";" 265";" 46.42";" 120.476";"número";" 4.976499e-28"
"  81";" 145";" 55.86";" 120.264";"resultado";" 5.536471e-28"
" 116";" 245";" 47.35";" 119.201";"rio";" 9.464731e-28"
"  29";"  29";"100.00";" 118.146";"deput";" 1.610816e-27"
"  33";"  36";" 91.67";" 117.827";"santana";" 1.892167e-27"
"  68";" 113";" 60.18";" 117.291";"mesa";" 2.478348e-27"
"  40";"  50";" 80.00";" 114.938";"negociação";" 8.118431e-27"
"  31";"  33";" 93.94";" 114.926";"critério";" 8.168305e-27"
"  31";"  33";" 93.94";" 114.926";"indicador";" 8.168305e-27"
"  28";"  28";"100.00";" 114.067";"equipamento";" 1.259506e-26"
" 314";" 945";" 33.23";" 113.055";"inclusive";" 2.098848e-26"
"  30";"  32";" 93.75";" 110.871";"brito";" 6.314876e-26"
"  27";"  27";"100.00";" 109.989";"saeb";" 9.852613e-26"
"  27";"  27";"100.00";" 109.989";"evasão";" 9.852613e-26"
"  31";"  34";" 91.18";" 109.761";"alteração";" 1.105679e-25"
"  80";" 149";" 53.69";" 109.198";"pedido";" 1.468894e-25"
" 100";" 206";" 48.54";" 108.928";"sala";" 1.683269e-25"
"  32";"  36";" 88.89";" 108.903";"coordenador";" 1.704049e-25"
"  39";"  50";" 78.00";" 107.437";"seminário";" 3.570690e-25"
"  39";"  50";" 78.00";" 107.437";"portugal";" 3.570690e-25"
"  52";"  79";" 65.82";" 106.342";"esclarecer";" 6.203908e-25"
"  26";"  26";"100.00";" 105.911";"luciene";" 7.711157e-25"
"  51";"  77";" 66.23";" 105.498";"possibilidade";" 9.499123e-25"
"  32";"  37";" 86.49";" 104.292";"entidade";" 1.746168e-24"
"  55";"  87";" 63.22";" 104.285";"realizar";" 1.752021e-24"
"  27";"  28";" 96.43";" 104.143";"regimental";" 1.881984e-24"
"  37";"  47";" 78.72";" 103.501";"sessão";" 2.602206e-24"
"  93";" 190";" 48.95";" 103.235";"grupo";" 2.976750e-24"
"  28";"  30";" 93.33";" 102.766";"matrícula";" 3.770773e-24"
"  25";"  25";"100.00";" 101.834";"substitutivo";" 6.038467e-24"
" 106";" 231";" 45.89";" 100.768";"apenas";" 1.033923e-23"
"  32";"  38";" 84.21";"  99.936";"instituir";" 1.574222e-23"
"  36";"  46";" 78.26";"  99.713";"matemática";" 1.761598e-23"
"  34";"  42";" 80.95";"  99.591";"avanço";" 1.873144e-23"
"  42";"  59";" 71.19";"  98.898";"senor";" 2.658033e-23"
"  54";"  87";" 62.07";"  98.846";"incluir";" 2.729607e-23"
"  27";"  29";" 93.10";"  98.717";"federação";" 2.912293e-23"
"  27";"  29";" 93.10";"  98.717";"proposição";" 2.912293e-23"
"  83";" 165";" 50.30";"  98.064";"ok";" 4.050959e-23"
"  28";"  31";" 90.32";"  97.686";"bilinski";" 4.901768e-23"
"  37";"  49";" 75.51";"  96.480";"superior";" 9.017262e-23"
"  31";"  37";" 83.78";"  96.018";"inclusão";" 1.138230e-22"
"  53";"  86";" 61.63";"  95.681";"anterior";" 1.349886e-22"
"  26";"  28";" 92.86";"  94.671";"orador";" 2.248355e-22"
"  23";"  23";"100.00";"  93.679";"encaminhamento";" 3.709888e-22"
"  27";"  30";" 90.00";"  93.670";"estudantil";" 3.728614e-22"
" 168";" 445";" 37.75";"  92.972";"ponto";" 5.304528e-22"
"  28";"  32";" 87.50";"  92.939";"alice";" 5.392908e-22"
"  67";" 124";" 54.03";"  92.616";"citar";" 6.348134e-22"
"  41";"  59";" 69.49";"  92.491";"desigualdade";" 6.763704e-22"
"  30";"  36";" 83.33";"  92.110";"incentivo";" 8.197821e-22"
"  31";"  38";" 81.58";"  91.945";"esclarecimento";" 8.909921e-22"
"  32";"  40";" 80.00";"  91.914";"secretaria";" 9.053820e-22"
"  25";"  27";" 92.59";"  90.627";"ivan";" 1.734996e-21"
" 225";" 656";" 34.30";"  90.342";"brasileiro";" 2.003761e-21"
"  70";" 134";" 52.24";"  89.930";"ideológico";" 2.466795e-21"
"  22";"  22";"100.00";"  89.603";"fundeb";" 2.911035e-21"
"  44";"  67";" 65.67";"  89.555";"avaliar";" 2.981791e-21"
"  36";"  49";" 73.47";"  89.549";"gustavo";" 2.990908e-21"
"  49";"  79";" 62.03";"  89.543";"encaminhar";" 3.000930e-21"
"  30";"  37";" 81.08";"  88.087";"tecnológico";" 6.264252e-21"
"  36";"  50";" 72.00";"  86.452";"demanda";" 1.431762e-20"
"  40";"  59";" 67.80";"  86.298";"modelo";" 1.547705e-20"
"  43";"  66";" 65.15";"  86.229";"armada";" 1.602479e-20"
" 103";" 236";" 43.64";"  86.067";"presente";" 1.739057e-20"
"  35";"  48";" 72.92";"  85.923";"vaga";" 1.870581e-20"
"  55";"  96";" 57.29";"  85.879";"encerrar";" 1.913313e-20"
"  25";"  28";" 89.29";"  85.650";"recomendação";" 2.147984e-20"
"  53";"  91";" 58.24";"  85.558";"vista";" 2.249571e-20"
"  32";"  42";" 76.19";"  84.702";"objetivo";" 3.468714e-20"
"  43";"  67";" 64.18";"  83.831";"melhorar";" 5.388278e-20"
"  76";" 156";" 48.72";"  83.321";"sistema";" 6.974908e-20"
"  23";"  25";" 92.00";"  82.548";"implementação";" 1.031508e-19"
"  50";"  85";" 58.82";"  82.330";"predeterminado";" 1.151684e-19"
"  34";"  47";" 72.34";"  82.317";"capitão";" 1.159327e-19"
"  33";"  45";" 73.33";"  81.810";"horizonte";" 1.498069e-19"
"  24";"  27";" 88.89";"  81.648";"registro";" 1.626212e-19"
"  20";"  20";"100.00";"  81.451";"percentual";" 1.796968e-19"
"  40";"  61";" 65.57";"  81.169";"atividade";" 2.072282e-19"
"  25";"  29";" 86.21";"  81.033";"valorização";" 2.219900e-19"
"  26";"  31";" 83.87";"  80.648";"ente";" 2.697914e-19"
"  26";"  31";" 83.87";"  80.648";"elemento";" 2.697914e-19"
"  28";"  35";" 80.00";"  80.408";"nobre";" 3.045001e-19"
"  35";"  50";" 70.00";"  79.963";"sugerir";" 3.814690e-19"
"  65";" 127";" 51.18";"  79.755";"importância";" 4.239144e-19"
"  40";"  62";" 64.52";"  78.740";"pautar";" 7.083747e-19"
"  31";"  42";" 73.81";"  77.709";"ciência";" 1.193742e-18"
"  58";" 109";" 53.21";"  77.515";"atender";" 1.317411e-18"
"  19";"  19";"100.00";"  77.375";"conai";" 1.413953e-18"
"  30";"  40";" 75.00";"  77.297";"conjunto";" 1.471075e-18"
" 128";" 330";" 38.79";"  76.730";"próximo";" 1.959574e-18"
"  28";"  36";" 77.78";"  76.723";"gaiar";" 1.967294e-18"
"  28";"  36";" 77.78";"  76.723";"interno";" 1.967294e-18"
"  27";"  34";" 79.41";"  76.591";"índice";" 2.103250e-18"
"  27";"  34";" 79.41";"  76.591";"evidência";" 2.103250e-18"
"  20";"  21";" 95.24";"  75.680";"saudar";" 3.334905e-18"
"  31";"  43";" 72.09";"  74.593";"constitucional";" 5.786151e-18"
"  44";"  74";" 59.46";"  73.993";"documento";" 7.838139e-18"
"  18";"  18";"100.00";"  73.300";"correa";" 1.113866e-17"
"  43";"  72";" 59.72";"  72.943";"definir";" 1.334475e-17"
"  66";" 135";" 48.89";"  72.896";"logo";" 1.366699e-17"
"  26";"  33";" 78.79";"  72.789";"resolução";" 1.442676e-17"
"  25";"  31";" 80.65";"  72.740";"currículo";" 1.479069e-17"
"  57";" 110";" 51.82";"  71.856";"sul";" 2.314634e-17"
"  19";"  20";" 95.00";"  71.620";"salarial";" 2.609056e-17"
"  58";" 113";" 51.33";"  71.584";"governador";" 2.656725e-17"
"  30";"  42";" 71.43";"  71.018";"desenvolvimento";" 3.540186e-17"
"  47";"  84";" 55.95";"  69.847";"assunto";" 6.407400e-17"
"  21";"  24";" 87.50";"  69.682";"realização";" 6.968111e-17"
"  21";"  24";" 87.50";"  69.682";"atendimento";" 6.968111e-17"
"  51";"  95";" 53.68";"  69.442";"necessidade";" 7.867519e-17"
"  26";"  34";" 76.47";"  69.228";"paraná";" 8.770515e-17"
"  17";"  17";"100.00";"  69.225";"alfabetizado";" 8.786125e-17"
"  17";"  17";"100.00";"  69.225";"orçamentário";" 8.786125e-17"
"  17";"  17";"100.00";"  69.225";"curricular";" 8.786125e-17"
"  17";"  17";"100.00";"  69.225";"alden";" 8.786125e-17"
"  22";"  26";" 84.62";"  69.205";"garantido";" 8.874001e-17"
"  45";"  80";" 56.25";"  67.608";"uso";" 1.994563e-16"
"  18";"  19";" 94.74";"  67.561";"premiar";" 2.042332e-16"
"  18";"  19";" 94.74";"  67.561";"autoria";" 2.042332e-16"
"  53";" 102";" 51.96";"  67.202";"estabelecer";" 2.450472e-16"
"  27";"  37";" 72.97";"  66.343";"fernando";" 3.788072e-16"
"  36";"  58";" 62.07";"  65.820";"emenda";" 4.939466e-16"
" 117";" 308";" 37.99";"  65.665";"ministério";" 5.344781e-16"
"  30";"  44";" 68.18";"  65.354";"executivo";" 6.258284e-16"
"  21";"  25";" 84.00";"  65.285";"deficiência";" 6.482790e-16"
"  21";"  25";" 84.00";"  65.285";"anteceder";" 6.482790e-16"
" 104";" 264";" 39.39";"  65.175";"voto";" 6.852465e-16"
"  16";"  16";"100.00";"  65.150";"franciane";" 6.940715e-16"
"  23";"  29";" 79.31";"  65.092";"pornografia";" 7.146359e-16"
"  23";"  29";" 79.31";"  65.092";"bloco";" 7.146359e-16"
"  35";"  56";" 62.50";"  64.846";"inscrever";" 8.098802e-16"
"  71";" 158";" 44.94";"  63.817";"paraa";" 1.365457e-15"
"  50";"  96";" 52.08";"  63.716";"desafio";" 1.437463e-15"
"  17";"  18";" 94.44";"  63.505";"analfabeto";" 1.599680e-15"
"  41";"  72";" 56.94";"  63.163";"aumento";" 1.903132e-15"
"  18";"  20";" 90.00";"  62.421";"criminalizar";" 2.773085e-15"
"  19";"  22";" 86.36";"  61.746";"didático";" 3.907220e-15"
"  19";"  22";" 86.36";"  61.746";"adequado";" 3.907220e-15"
"  23";"  30";" 76.67";"  61.497";"prêmio";" 4.434832e-15"
"  20";"  24";" 83.33";"  61.377";"administrativo";" 4.712119e-15"
"  15";"  15";"100.00";"  61.076";"reitor";" 5.492157e-15"
"  38";"  66";" 57.58";"  59.866";"união";" 1.015575e-14"
"  16";"  17";" 94.12";"  59.451";"merenda";" 1.253793e-14"
"  16";"  17";" 94.12";"  59.451";"categoria";" 1.253793e-14"
"  16";"  17";" 94.12";"  59.451";"protocolei";" 1.253793e-14"
"  16";"  17";" 94.12";"  59.451";"tarciso";" 1.253793e-14"
"  25";"  35";" 71.43";"  59.165";"destacar";" 1.449997e-14"
"  17";"  19";" 89.47";"  58.413";"assessoria";" 2.124879e-14"
"  17";"  19";" 89.47";"  58.413";"adesão";" 2.124879e-14"
"  18";"  21";" 85.71";"  57.794";"mecanismo";" 2.910463e-14"
"  18";"  21";" 85.71";"  57.794";"carol";" 2.910463e-14"
"  22";"  29";" 75.86";"  57.776";"inscrição";" 2.936824e-14"
"  32";"  52";" 61.54";"  57.528";"aliás";" 3.331886e-14"
"  21";"  27";" 77.78";"  57.521";"urgência";" 3.343478e-14"
"  19";"  23";" 82.61";"  57.485";"visar";" 3.405612e-14"
"  19";"  23";" 82.61";"  57.485";"infra-estrutura";" 3.405612e-14"
"  20";"  25";" 80.00";"  57.412";"requerer";" 3.535297e-14"
"  43";"  81";" 53.09";"  57.110";"matéria";" 4.120177e-14"
" 153";" 454";" 33.70";"  57.020";"problema";" 4.313915e-14"
"  14";"  14";"100.00";"  57.002";"federativo";" 4.354329e-14"
"  14";"  14";"100.00";"  57.002";"protocolamos";" 4.354329e-14"
"  14";"  14";"100.00";"  57.002";"bilin";" 4.354329e-14"
" 144";" 422";" 34.12";"  56.183";"respeito";" 6.601984e-14"
" 173";" 532";" 32.52";"  56.173";"novo";" 6.637313e-14"
"  30";"  48";" 62.50";"  55.564";"promover";" 9.044694e-14"
"  15";"  16";" 93.75";"  55.400";"schooling";" 9.833943e-14"
"  15";"  16";" 93.75";"  55.400";"meritocracia";" 9.833943e-14"
"  15";"  16";" 93.75";"  55.400";"lira";" 9.833943e-14"
"  15";"  16";" 93.75";"  55.400";"inicial";" 9.833943e-14"
"  27";"  41";" 65.85";"  55.180";"retomar";" 1.099846e-13"
"  27";"  41";" 65.85";"  55.180";"dialogar";" 1.099846e-13"
"  16";"  18";" 88.89";"  54.412";"enem";" 1.625410e-13"
"  16";"  18";" 88.89";"  54.412";"nominal";" 1.625410e-13"
"  16";"  18";" 88.89";"  54.412";"obrigatoriedade";" 1.625410e-13"
"  58";" 127";" 45.67";"  54.252";"prefeito";" 1.763137e-13"
"  39";"  72";" 54.17";"  54.086";"marco";" 1.918854e-13"
" 217";" 711";" 30.52";"  53.844";"dever";" 2.170863e-13"
"  20";"  26";" 76.92";"  53.770";"contribuição";" 2.254323e-13"
"  19";"  24";" 79.17";"  53.599";"habilidade";" 2.458324e-13"
"  19";"  24";" 79.17";"  53.599";"autonomia";" 2.458324e-13"
"  13";"  13";"100.00";"  52.928";"ideb";" 3.459951e-13"
"  13";"  13";"100.00";"  52.928";"relatoria";" 3.459951e-13"
"  13";"  13";"100.00";"  52.928";"presidir";" 3.459951e-13"
"  13";"  13";"100.00";"  52.928";"tarcis";" 3.459951e-13"
"  27";"  42";" 64.29";"  52.750";"cumprimentar";" 3.787472e-13"
"  27";"  42";" 64.29";"  52.750";"gestão";" 3.787472e-13"
"  26";"  40";" 65.00";"  51.858";"análise";" 5.966690e-13"
"  28";"  45";" 62.22";"  51.411";"sequer";" 7.491597e-13"
"  14";"  15";" 93.33";"  51.352";"socioeconômico";" 7.719019e-13"
"  14";"  15";" 93.33";"  51.352";"permanência";" 7.719019e-13"
"  14";"  15";" 93.33";"  51.352";"debruçar";" 7.719019e-13"
"  25";"  38";" 65.79";"  50.994";"destinar";" 9.264734e-13"
"  36";"  66";" 54.55";"  50.663";"belo";" 1.096466e-12"
"  41";"  80";" 51.25";"  50.364";"série";" 1.277070e-12"
"  16";"  19";" 84.21";"  49.930";"utilização";" 1.593460e-12"
"  17";"  21";" 80.95";"  49.754";"home";" 1.743028e-12"
"  17";"  21";" 80.95";"  49.754";"efetivamente";" 1.743028e-12"
" 231";" 780";" 29.62";"  49.720";"forma";" 1.772926e-12"
" 398";"1486";" 26.78";"  49.687";"ano";" 1.803153e-12"
"  23";"  34";" 67.65";"  49.372";"al";" 2.116951e-12"
"  12";"  12";"100.00";"  48.855";"pisa";" 2.756452e-12"
"  12";"  12";"100.00";"  48.855";"universalização";" 2.756452e-12"
"  12";"  12";"100.00";"  48.855";"fnd";" 2.756452e-12"
"  12";"  12";"100.00";"  48.855";"evidentemente";" 2.756452e-12"
"  12";"  12";"100.00";"  48.855";"analfabetismo";" 2.756452e-12"
"  75";" 188";" 39.89";"  48.651";"congresso";" 3.057696e-12"
"  54";" 120";" 45.00";"  48.638";"permitir";" 3.079123e-12"
"  25";"  39";" 64.10";"  48.575";"atuar";" 3.179245e-12"
"  25";"  39";" 64.10";"  48.575";"alimentação";" 3.179245e-12"
"  31";"  54";" 57.41";"  48.523";"direto";" 3.264630e-12"
"  29";"  49";" 59.18";"  48.269";"indicação";" 3.715259e-12"
" 107";" 301";" 35.55";"  48.162";"criar";" 3.924455e-12"
"  21";"  30";" 70.00";"  47.939";"implementar";" 4.396074e-12"
"  43";"  88";" 48.86";"  47.345";"informação";" 5.951653e-12"
"  43";"  88";" 48.86";"  47.345";"instituição";" 5.951653e-12"
"  20";"  28";" 71.43";"  47.319";"obrigatório";" 6.033689e-12"
"  13";"  14";" 92.86";"  47.309";"dartora";" 6.063899e-12"
"  33";"  60";" 55.00";"  47.257";"investir";" 6.227586e-12"
"  48";" 103";" 46.60";"  47.175";"prático";" 6.492418e-12"
"  48";" 103";" 46.60";"  47.175";"objectivo";" 6.492418e-12"
"  19";"  26";" 73.08";"  46.781";"feliciano";" 7.936689e-12"
"  19";"  26";" 73.08";"  46.781";"delegado";" 7.936689e-12"
"  14";"  16";" 87.50";"  46.440";"obstrução";" 9.448039e-12"
" 155";" 486";" 31.89";"  46.331";"caso";" 9.989462e-12"
"  17";"  22";" 77.27";"  46.048";"melhoria";" 1.153942e-11"
"  17";"  22";" 77.27";"  46.048";"acadêmico";" 1.153942e-11"
"  16";"  20";" 80.00";"  45.920";"redação";" 1.231813e-11"
"  16";"  20";" 80.00";"  45.920";"norma";" 1.231813e-11"
"  24";"  38";" 63.16";"  45.334";"socorro";" 1.661517e-11"
"  11";"  11";"100.00";"  44.782";"cefet";" 2.202749e-11"
"  11";"  11";"100.00";"  44.782";"vigência";" 2.202749e-11"
"  11";"  11";"100.00";"  44.782";"tadeu";" 2.202749e-11"
"  11";"  11";"100.00";"  44.782";"ponderação";" 2.202749e-11"
"  11";"  11";"100.00";"  44.782";"adequação";" 2.202749e-11"
"  11";"  11";"100.00";"  44.782";"universalizar";" 2.202749e-11"
"  11";"  11";"100.00";"  44.782";"ampliação";" 2.202749e-11"
"  20";"  29";" 68.97";"  44.452";"sobretudo";" 2.606614e-11"
"  23";"  36";" 63.89";"  44.402";"positivo";" 2.673880e-11"
"  50";" 112";" 44.64";"  44.107";"extremo";" 3.109144e-11"
"  19";"  27";" 70.37";"  43.778";"complementar";" 3.677764e-11"
"  19";"  27";" 70.37";"  43.778";"dispor";" 3.677764e-11"
"  19";"  27";" 70.37";"  43.778";"essencial";" 3.677764e-11"
"  35";"  68";" 51.47";"  43.390";"financeiro";" 4.485179e-11"
"  12";"  13";" 92.31";"  43.270";"psb";" 4.767792e-11"
"  12";"  13";" 92.31";"  43.270";"gt";" 4.767792e-11"
"  12";"  13";" 92.31";"  43.270";"procuradoria";" 4.767792e-11"
"  12";"  13";" 92.31";"  43.270";"modificação";" 4.767792e-11"
"  12";"  13";" 92.31";"  43.270";"docente";" 4.767792e-11"
"  69";" 175";" 39.43";"  43.200";"partir";" 4.942395e-11"
"  26";"  44";" 59.09";"  43.132";"gasto";" 5.117828e-11"
"  24";"  39";" 61.54";"  43.124";"disciplina";" 5.138998e-11"
"  17";"  23";" 73.91";"  42.686";"piso";" 6.428249e-11"
"  21";"  32";" 65.62";"  42.626";"legislação";" 6.627393e-11"
"  42";"  89";" 47.19";"  42.545";"estudo";" 6.906074e-11"
"  13";"  15";" 86.67";"  42.471";"lobby";" 7.172099e-11"
"  13";"  15";" 86.67";"  42.471";"acatar";" 7.172099e-11"
"  13";"  15";" 86.67";"  42.471";"portaria";" 7.172099e-11"
"  13";"  15";" 86.67";"  42.471";"aprofundar";" 7.172099e-11"
"  14";"  17";" 82.35";"  42.134";"funcional";" 8.523380e-11"
"  14";"  17";" 82.35";"  42.134";"aderir";" 8.523380e-11"
"  14";"  17";" 82.35";"  42.134";"reivindicação";" 8.523380e-11"
"  15";"  19";" 78.95";"  42.112";"ceará";" 8.619708e-11"
"  20";"  30";" 66.67";"  41.793";"fernanda";" 1.014689e-10"
"  32";"  61";" 52.46";"  41.373";"impacto";" 1.257658e-10"
"  26";"  45";" 57.78";"  41.220";"convocação";" 1.360503e-10"
"  19";"  28";" 67.86";"  41.007";"exposição";" 1.516771e-10"
"  10";"  10";"100.00";"  40.709";"atar";" 1.766735e-10"
"  10";"  10";"100.00";"  40.709";"prioritário";" 1.766735e-10"
"  10";"  10";"100.00";"  40.709";"ocde";" 1.766735e-10"
"  10";"  10";"100.00";"  40.709";"gaer";" 1.766735e-10"
"  10";"  10";"100.00";"  40.709";"federado";" 1.766735e-10"
"  10";"  10";"100.00";"  40.709";"defensoria";" 1.766735e-10"
"  10";"  10";"100.00";"  40.709";"cavalcante";" 1.766735e-10"
"  10";"  10";"100.00";"  40.709";"pdde";" 1.766735e-10"
"  10";"  10";"100.00";"  40.709";"mgi";" 1.766735e-10"
"  65";" 165";" 39.39";"  40.572";"militar";" 1.895159e-10"
"  27";"  48";" 56.25";"  40.513";"colégio";" 1.953435e-10"
"  18";"  26";" 69.23";"  40.279";"contemplar";" 2.201319e-10"
"  31";"  59";" 52.54";"  40.218";"parlamento";" 2.271914e-10"
"  11";"  12";" 91.67";"  39.238";"prorrogar";" 3.752083e-10"
"  11";"  12";" 91.67";"  39.238";"meritório";" 3.752083e-10"
"  11";"  12";" 91.67";"  39.238";"emergencial";" 3.752083e-10"
"  11";"  12";" 91.67";"  39.238";"bancário";" 3.752083e-10"
"  41";"  89";" 46.07";"  39.135";"termo";" 3.954008e-10"
"  24";"  41";" 58.54";"  39.062";"caber";" 4.105221e-10"
"  15";"  20";" 75.00";"  38.617";"junho";" 5.155778e-10"
"  15";"  20";" 75.00";"  38.617";"maurício";" 5.155778e-10"
"  15";"  20";" 75.00";"  38.617";"financiamento";" 5.155778e-10"
"  15";"  20";" 75.00";"  38.617";"distrito";" 5.155778e-10"
"  15";"  20";" 75.00";"  38.617";"compreensão";" 5.155778e-10"
"  12";"  14";" 85.71";"  38.519";"cátedra";" 5.423533e-10"
"  12";"  14";" 85.71";"  38.519";"etário";" 5.423533e-10"
" 232";" 823";" 28.19";"  38.492";"direito";" 5.498226e-10"
"  19";"  29";" 65.52";"  38.444";"científico";" 5.634828e-10"
"  14";"  18";" 77.78";"  38.334";"temática";" 5.962528e-10"
"  14";"  18";" 77.78";"  38.334";"ribeiro";" 5.962528e-10"
"  14";"  18";" 77.78";"  38.334";"relacionado";" 5.962528e-10"
" 105";" 313";" 33.55";"  38.229";"rede";" 6.291529e-10"
"  21";"  34";" 61.76";"  37.995";"informar";" 7.091821e-10"
"  62";" 159";" 38.99";"  37.512";"passo";" 9.083345e-10"
"  20";"  32";" 62.50";"  37.019";"mencionar";" 1.169746e-09"
"  34";"  70";" 48.57";"  36.883";"atual";" 1.254450e-09"
"   9";"   9";"100.00";"  36.637";"sobral";" 1.423331e-09"
"   9";"   9";"100.00";"  36.637";"sâmia";" 1.423331e-09"
"   9";"   9";"100.00";"  36.637";"laboratório";" 1.423331e-09"
"   9";"   9";"100.00";"  36.637";"teams";" 1.423331e-09"
"   9";"   9";"100.00";"  36.637";"repú";" 1.423331e-09"
"   9";"   9";"100.00";"  36.637";"patrimonial";" 1.423331e-09"
"   9";"   9";"100.00";"  36.637";"nieto";" 1.423331e-09"
"   9";"   9";"100.00";"  36.637";"ner";" 1.423331e-09"
"   9";"   9";"100.00";"  36.637";"kisai";" 1.423331e-09"
"   9";"   9";"100.00";"  36.637";"ismael";" 1.423331e-09"
"   9";"   9";"100.00";"  36.637";"favoravelmente";" 1.423331e-09"
"   9";"   9";"100.00";"  36.637";"equidade";" 1.423331e-09"
"   9";"   9";"100.00";"  36.637";"elaboração";" 1.423331e-09"
"   9";"   9";"100.00";"  36.637";"aprovado";" 1.423331e-09"
"   9";"   9";"100.00";"  36.637";"apreciação";" 1.423331e-09"
"  62";" 161";" 38.51";"  36.101";"base";" 1.873271e-09"
"  23";"  40";" 57.50";"  36.099";"fernandes";" 1.875029e-09"
"  19";"  30";" 63.33";"  36.068";"universitário";" 1.905468e-09"
"  19";"  30";" 63.33";"  36.068";"amplo";" 1.905468e-09"
"  59";" 151";" 39.07";"  35.907";"participar";" 2.070003e-09"
"  15";"  21";" 71.43";"  35.479";"conclusão";" 2.578167e-09"
"  15";"  21";" 71.43";"  35.479";"inclusivo";" 2.578167e-09"
"  24";"  43";" 55.81";"  35.424";"esforço";" 2.651863e-09"
"  24";"  43";" 55.81";"  35.424";"infância";" 2.651863e-09"
"  28";"  54";" 51.85";"  35.269";"prioridade";" 2.871027e-09"
"  10";"  11";" 90.91";"  35.213";"regimentalmente";" 2.955421e-09"
"  10";"  11";" 90.91";"  35.213";"poupança";" 2.955421e-09"
"  10";"  11";" 90.91";"  35.213";"consenso";" 2.955421e-09"
"  10";"  11";" 90.91";"  35.213";"incluído";" 2.955421e-09"
"  18";"  28";" 64.29";"  35.147";"estimular";" 3.057039e-09"
"  22";"  38";" 57.89";"  35.012";"ofício";" 3.276551e-09"
"  74";" 205";" 36.10";"  34.983";"janeiro";" 3.326626e-09"
"  20";"  33";" 60.61";"  34.871";"efetivo";" 3.522005e-09"
"  20";"  33";" 60.61";"  34.871";"consideração";" 3.522005e-09"
"  31";"  63";" 49.21";"  34.662";"preocupação";" 3.921674e-09"
"  13";"  17";" 76.47";"  34.591";"republicano";" 4.068865e-09"
"  13";"  17";" 76.47";"  34.591";"urgente";" 4.068865e-09"
"  13";"  17";" 76.47";"  34.591";"integrar";" 4.068865e-09"
"  13";"  17";" 76.47";"  34.591";"andamento";" 4.068865e-09"
"  11";"  13";" 84.62";"  34.584";"oton";" 4.081440e-09"
"  11";"  13";" 84.62";"  34.584";"mdb";" 4.081440e-09"
"  11";"  13";" 84.62";"  34.584";"titular";" 4.081440e-09"
"  11";"  13";" 84.62";"  34.584";"permanente";" 4.081440e-09"
"  11";"  13";" 84.62";"  34.584";"ob";" 4.081440e-09"
"  11";"  13";" 84.62";"  34.584";"estabelecimento";" 4.081440e-09"
"  26";"  49";" 53.06";"  34.452";"bahia";" 4.369407e-09"
"  12";"  15";" 80.00";"  34.433";"alagoas";" 4.411559e-09"
"  23";"  41";" 56.10";"  34.307";"competência";" 4.707615e-09"
"  17";"  26";" 65.38";"  34.264";"paula";" 4.813201e-09"
"  82";" 236";" 34.75";"  33.939";"passado";" 5.687149e-09"
"  21";"  36";" 58.33";"  33.933";"ã";" 5.703206e-09"
"  19";"  31";" 61.29";"  33.861";"órgão";" 5.918815e-09"
"  19";"  31";" 61.29";"  33.861";"sindicato";" 5.918815e-09"
"  16";"  24";" 66.67";"  33.426";"ceder";" 7.401589e-09"
"  45";" 108";" 41.67";"  32.973";"defesa";" 9.346908e-09"
"  40";"  92";" 43.48";"  32.896";"âmbito";" 9.719865e-09"
"  18";"  29";" 62.07";"  32.872";"particular";" 9.843559e-09"
"  20";"  34";" 58.82";"  32.865";"garantia";" 9.880839e-09"
"   8";"   8";"100.00";"  32.565";"empate";" 1.152974e-08"
"   8";"   8";"100.00";"  32.565";"barrar";" 1.152974e-08"
"   8";"   8";"100.00";"  32.565";"extinto";" 1.152974e-08"
"   8";"   8";"100.00";"  32.565";"exaurir";" 1.152974e-08"
"   8";"   8";"100.00";"  32.565";"estímulo";" 1.152974e-08"
"   8";"   8";"100.00";"  32.565";"colaboração";" 1.152974e-08"
"   8";"   8";"100.00";"  32.565";"zuir";" 1.152974e-08"
"   8";"   8";"100.00";"  32.565";"salaber";" 1.152974e-08"
"   8";"   8";"100.00";"  32.565";"reimond";" 1.152974e-08"
"   8";"   8";"100.00";"  32.565";"matricular";" 1.152974e-08"
"   8";"   8";"100.00";"  32.565";"dep";" 1.152974e-08"
"   8";"   8";"100.00";"  32.565";"acolhimento";" 1.152974e-08"
"  37";"  83";" 44.58";"  32.479";"oposição";" 1.204648e-08"
"  30";"  62";" 48.39";"  32.241";"ocorrer";" 1.361790e-08"
"  14";"  20";" 70.00";"  31.947";"relevância";" 1.584567e-08"
"  14";"  20";" 70.00";"  31.947";"re";" 1.584567e-08"
"  14";"  20";" 70.00";"  31.947";"condução";" 1.584567e-08"
"  14";"  20";" 70.00";"  31.947";"frequentar";" 1.584567e-08"
"  19";"  32";" 59.38";"  31.808";"rejeitar";" 1.702307e-08"
"  26";"  51";" 50.98";"  31.524";"data";" 1.970379e-08"
"  22";"  40";" 55.00";"  31.479";"carreira";" 2.015972e-08"
"  35";"  78";" 44.87";"  31.242";"constituição";" 2.278238e-08"
"   9";"  10";" 90.00";"  31.198";"magistério";" 2.329897e-08"
"   9";"  10";" 90.00";"  31.198";"incorporar";" 2.329897e-08"
"  12";"  16";" 75.00";"  30.889";"pdt";" 2.732232e-08"
"  12";"  16";" 75.00";"  30.889";"mauro";" 2.732232e-08"
"  83";" 246";" 33.74";"  30.809";"processo";" 2.846785e-08"
"  18";"  30";" 60.00";"  30.765";"aspecto";" 2.912983e-08"
"  38";"  88";" 43.18";"  30.681";"pr";" 3.041734e-08"
"  10";"  12";" 83.33";"  30.674";"pp";" 3.052455e-08"
"  11";"  14";" 78.57";"  30.631";"observação";" 3.120729e-08"
"  11";"  14";" 78.57";"  30.631";"solicitação";" 3.120729e-08"
"  21";"  38";" 55.26";"  30.351";"participação";" 3.605948e-08"
"  26";"  52";" 50.00";"  30.158";"criação";" 3.982441e-08"
"  17";"  28";" 60.71";"  29.739";"partidário";" 4.943448e-08"
"  14";"  21";" 66.67";"  29.245";"atribuir";" 6.379700e-08"
"  14";"  21";" 66.67";"  29.245";"inscrito";" 6.379700e-08"
"  14";"  21";" 66.67";"  29.245";"assistência";" 6.379700e-08"
"  97";" 303";" 32.01";"  29.240";"agradecer";" 6.394604e-08"
"  54";" 144";" 37.50";"  28.892";"opinião";" 7.650881e-08"
"  18";"  31";" 58.06";"  28.809";"doutrinação";" 7.987425e-08"
"  30";"  65";" 46.15";"  28.742";"construção";" 8.268221e-08"
"  16";"  26";" 61.54";"  28.734";"superar";" 8.303133e-08"
"  16";"  26";" 61.54";"  28.734";"tr";" 8.303133e-08"
"   7";"   7";"100.00";"  28.493";"miona";" 9.404471e-08"
"   7";"   7";"100.00";"  28.493";"híbrido";" 9.404471e-08"
"   7";"   7";"100.00";"  28.493";"vero";" 9.404471e-08"
"   7";"   7";"100.00";"  28.493";"pres";" 9.404471e-08"
"   7";"   7";"100.00";"  28.493";"penar";" 9.404471e-08"
"   7";"   7";"100.00";"  28.493";"literacia";" 9.404471e-08"
"   7";"   7";"100.00";"  28.493";"ld";" 9.404471e-08"
"   7";"   7";"100.00";"  28.493";"fluência";" 9.404471e-08"
"   7";"   7";"100.00";"  28.493";"especificar";" 9.404471e-08"
"   7";"   7";"100.00";"  28.493";"regulatório";" 9.404471e-08"
"   7";"   7";"100.00";"  28.493";"proponente";" 9.404471e-08"
"   7";"   7";"100.00";"  28.493";"ponderar";" 9.404471e-08"
"   7";"   7";"100.00";"  28.493";"pluralidade";" 9.404471e-08"
"   7";"   7";"100.00";"  28.493";"normativo";" 9.404471e-08"
"   7";"   7";"100.00";"  28.493";"infoleg";" 9.404471e-08"
"   7";"   7";"100.00";"  28.493";"inep";" 9.404471e-08"
"   7";"   7";"100.00";"  28.493";"idilvan";" 9.404471e-08"
"   7";"   7";"100.00";"  28.493";"estrutural";" 9.404471e-08"
"   7";"   7";"100.00";"  28.493";"eficiência";" 9.404471e-08"
"   7";"   7";"100.00";"  28.493";"duec";" 9.404471e-08"
"   7";"   7";"100.00";"  28.493";"deliberação";" 9.404471e-08"
"   7";"   7";"100.00";"  28.493";"consultoria";" 9.404471e-08"
"   7";"   7";"100.00";"  28.493";"buscativa";" 9.404471e-08"
"   7";"   7";"100.00";"  28.493";"atribuição";" 9.404471e-08"
"   7";"   7";"100.00";"  28.493";"alkem";" 9.404471e-08"
"  13";"  19";" 68.42";"  28.472";"sargento";" 9.507182e-08"
"  13";"  19";" 68.42";"  28.472";"prosseguir";" 9.507182e-08"
"  45";" 114";" 39.47";"  28.201";"compromisso";" 1.093348e-07"
"  19";"  34";" 55.88";"  28.106";"relevante";" 1.148567e-07"
"  12";"  17";" 70.59";"  27.791";"ressaltar";" 1.351828e-07"
"  12";"  17";" 70.59";"  27.791";"existente";" 1.351828e-07"
"  15";"  24";" 62.50";"  27.755";"tragédia";" 1.376595e-07"
"  15";"  24";" 62.50";"  27.755";"fiscal";" 1.376595e-07"
"  15";"  24";" 62.50";"  27.755";"certamente";" 1.376595e-07"
"  17";"  29";" 58.62";"  27.736";"abertura";" 1.390608e-07"
"  26";"  54";" 48.15";"  27.606";"nota";" 1.487315e-07"
"  20";"  37";" 54.05";"  27.574";"diretamente";" 1.511945e-07"
"  75";" 223";" 33.63";"  27.476";"possível";" 1.590502e-07"
"  39";"  95";" 41.05";"  27.389";"dito";" 1.664119e-07"
"  11";"  15";" 73.33";"  27.237";"mota";" 1.799579e-07"
"  11";"  15";" 73.33";"  27.237";"vincular";" 1.799579e-07"
"  11";"  15";" 73.33";"  27.237";"proposto";" 1.799579e-07"
"   8";"   9";" 88.89";"  27.196";"melhora";" 1.838060e-07"
"   8";"   9";" 88.89";"  27.196";"luci";" 1.838060e-07"
"   8";"   9";" 88.89";"  27.196";"biblioteca";" 1.838060e-07"
"   8";"   9";" 88.89";"  27.196";"vigente";" 1.838060e-07"
"   8";"   9";" 88.89";"  27.196";"soraia";" 1.838060e-07"
"   8";"   9";" 88.89";"  27.196";"senora";" 1.838060e-07"
"   8";"   9";" 88.89";"  27.196";"profissionalizante";" 1.838060e-07"
"   8";"   9";" 88.89";"  27.196";"priorizar";" 1.838060e-07"
"   8";"   9";" 88.89";"  27.196";"enfrentamento";" 1.838060e-07"
"   8";"   9";" 88.89";"  27.196";"bonfim";" 1.838060e-07"
"  21";"  40";" 52.50";"  27.175";"armado";" 1.858400e-07"
"  74";" 220";" 33.64";"  27.119";"geral";" 1.913040e-07"
"  18";"  32";" 56.25";"  26.991";"redução";" 2.043923e-07"
"  18";"  32";" 56.25";"  26.991";"sen";" 2.043923e-07"
"  18";"  32";" 56.25";"  26.991";"especialmente";" 2.043923e-07"
"  37";"  89";" 41.57";"  26.920";"diálogo";" 2.120733e-07"
"  10";"  13";" 76.92";"  26.871";"selo";" 2.175212e-07"
"  10";"  13";" 76.92";"  26.871";"comitê";" 2.175212e-07"
"  10";"  13";" 76.92";"  26.871";"competente";" 2.175212e-07"
"  10";"  13";" 76.92";"  26.871";"misto";" 2.175212e-07"
"  14";"  22";" 63.64";"  26.810";"licença";" 2.244522e-07"
"   9";"  11";" 81.82";"  26.793";"acompanhamento";" 2.264509e-07"
"   9";"  11";" 81.82";"  26.793";"paralisado";" 2.264509e-07"
"   9";"  11";" 81.82";"  26.793";"historicamente";" 2.264509e-07"
"   9";"  11";" 81.82";"  26.793";"exclusão";" 2.264509e-07"
"  20";"  38";" 52.63";"  26.022";"alterar";" 3.375600e-07"
"  13";"  20";" 65.00";"  25.908";"cidadania";" 3.580559e-07"
"  13";"  20";" 65.00";"  25.908";"apresentado";" 3.580559e-07"
"  21";"  41";" 51.22";"  25.721";"linguagem";" 3.944311e-07"
"  60";" 171";" 35.09";"  25.656";"necessário";" 4.079457e-07"
"  30";"  68";" 44.12";"  25.617";"contribuir";" 4.164009e-07"
"  18";"  33";" 54.55";"  25.298";"questionamento";" 4.911803e-07"
"  14";"  23";" 60.87";"  24.609";"racismo";" 7.022898e-07"
"   6";"   6";"100.00";"  24.421";"quintil";" 7.740120e-07"
"   6";"   6";"100.00";"  24.421";"jamila";" 7.740120e-07"
"   6";"   6";"100.00";"  24.421";"equivalente";" 7.740120e-07"
"   6";"   6";"100.00";"  24.421";"emergência";" 7.740120e-07"
"   6";"   6";"100.00";"  24.421";"cotidiano";" 7.740120e-07"
"   6";"   6";"100.00";"  24.421";"rol";" 7.740120e-07"
"   6";"   6";"100.00";"  24.421";"executor";" 7.740120e-07"
"   6";"   6";"100.00";"  24.421";"anual";" 7.740120e-07"
"   6";"   6";"100.00";"  24.421";"alfabetizar";" 7.740120e-07"
"   6";"   6";"100.00";"  24.421";"revogação";" 7.740120e-07"
"   6";"   6";"100.00";"  24.421";"reforço";" 7.740120e-07"
"   6";"   6";"100.00";"  24.421";"reestruturação";" 7.740120e-07"
"   6";"   6";"100.00";"  24.421";"qualitativo";" 7.740120e-07"
"   6";"   6";"100.00";"  24.421";"quai";" 7.740120e-07"
"   6";"   6";"100.00";"  24.421";"ped";" 7.740120e-07"
"   6";"   6";"100.00";"  24.421";"patru";" 7.740120e-07"
"   6";"   6";"100.00";"  24.421";"pactuar";" 7.740120e-07"
"   6";"   6";"100.00";"  24.421";"licenciatura";" 7.740120e-07"
"   6";"   6";"100.00";"  24.421";"exemplar";" 7.740120e-07"
"   6";"   6";"100.00";"  24.421";"deliberado";" 7.740120e-07"
"   6";"   6";"100.00";"  24.421";"cfet";" 7.740120e-07"
"   6";"   6";"100.00";"  24.421";"cecília";" 7.740120e-07"
"   6";"   6";"100.00";"  24.421";"belmonte";" 7.740120e-07"
"   6";"   6";"100.00";"  24.421";"antiracista";" 7.740120e-07"
"  11";"  16";" 68.75";"  24.298";"frequência";" 8.250827e-07"
"  11";"  16";" 68.75";"  24.298";"bullying";" 8.250827e-07"
"  11";"  16";" 68.75";"  24.298";"reafirmar";" 8.250827e-07"
"  22";"  45";" 48.89";"  24.211";"iniciativa";" 8.634426e-07"
"  17";"  31";" 54.84";"  24.165";"lima";" 8.842542e-07"
"  15";"  26";" 57.69";"  23.691";"pec";" 1.131197e-06"
"  10";"  14";" 71.43";"  23.646";"slide";" 1.157851e-06"
"  10";"  14";" 71.43";"  23.646";"constar";" 1.157851e-06"
"  10";"  14";" 71.43";"  23.646";"armamentista";" 1.157851e-06"
"  10";"  14";" 71.43";"  23.646";"prosseguimento";" 1.157851e-06"
"  10";"  14";" 71.43";"  23.646";"preparação";" 1.157851e-06"
"  10";"  14";" 71.43";"  23.646";"assegurar";" 1.157851e-06"
"  13";"  21";" 61.90";"  23.612";"potável";" 1.178533e-06"
"  13";"  21";" 61.90";"  23.612";"desculpar";" 1.178533e-06"
"   7";"   8";" 87.50";"  23.212";"privatização";" 1.450576e-06"
"   7";"   8";" 87.50";"  23.212";"recomposição";" 1.450576e-06"
"   7";"   8";" 87.50";"  23.212";"expansão";" 1.450576e-06"
"   7";"   8";" 87.50";"  23.212";"tabela";" 1.450576e-06"
"   7";"   8";" 87.50";"  23.212";"geraldo";" 1.450576e-06"
"   7";"   8";" 87.50";"  23.212";"especializado";" 1.450576e-06"
"   7";"   8";" 87.50";"  23.212";"citado";" 1.450576e-06"
"   7";"   8";" 87.50";"  23.212";"anexo";" 1.450576e-06"
"   9";"  12";" 75.00";"  23.163";"fundação";" 1.488339e-06"
"   9";"  12";" 75.00";"  23.163";"acercar";" 1.488339e-06"
"   9";"  12";" 75.00";"  23.163";"razoável";" 1.488339e-06"
"   9";"  12";" 75.00";"  23.163";"formal";" 1.488339e-06"
"   9";"  12";" 75.00";"  23.163";"cooperação";" 1.488339e-06"
"  24";"  52";" 46.15";"  22.982";"conduzir";" 1.635459e-06"
"   8";"  10";" 80.00";"  22.951";"presidenta";" 1.662009e-06"
"   8";"  10";" 80.00";"  22.951";"reimon";" 1.662009e-06"
"   8";"  10";" 80.00";"  22.951";"extra";" 1.662009e-06"
"   8";"  10";" 80.00";"  22.951";"custódia";" 1.662009e-06"
"   8";"  10";" 80.00";"  22.951";"unanimidade";" 1.662009e-06"
"   8";"  10";" 80.00";"  22.951";"governança";" 1.662009e-06"
"   8";"  10";" 80.00";"  22.951";"exclusivamente";" 1.662009e-06"
"   8";"  10";" 80.00";"  22.951";"alternativo";" 1.662009e-06"
" 576";"2467";" 23.35";"  22.674";"também";" 1.919921e-06"
"  14";"  24";" 58.33";"  22.611";"faixa";" 1.983087e-06"
"  34";"  85";" 40.00";"  22.137";"atingir";" 2.538417e-06"
"  33";"  82";" 40.24";"  21.870";"fundo";" 2.917289e-06"
"  11";"  17";" 64.71";"  21.734";"antirracista";" 3.131741e-06"
"  70";" 217";" 32.26";"  21.708";"além";" 3.174456e-06"
"  47";" 131";" 35.88";"  21.694";"parabéns";" 3.198061e-06"
"  45";" 124";" 36.29";"  21.591";"ambiente";" 3.374666e-06"
"  13";"  22";" 59.09";"  21.547";"apurar";" 3.453011e-06"
"  16";"  30";" 53.33";"  21.422";"polêmico";" 3.684494e-06"
"  49";" 139";" 35.25";"  21.276";"espaço";" 3.977576e-06"
"  17";"  33";" 51.52";"  21.086";"interferir";" 4.390496e-06"
"  17";"  33";" 51.52";"  21.086";"adotar";" 4.390496e-06"
"  17";"  33";" 51.52";"  21.086";"apelo";" 4.390496e-06"
"  10";"  15";" 66.67";"  20.884";"painel";" 4.879777e-06"
"  10";"  15";" 66.67";"  20.884";"fórum";" 4.879777e-06"
"  10";"  15";" 66.67";"  20.884";"despesa";" 4.879777e-06"
"  14";"  25";" 56.00";"  20.793";"destaque";" 5.116205e-06"
"  14";"  25";" 56.00";"  20.793";"etapa";" 5.116205e-06"
"  14";"  25";" 56.00";"  20.793";"ess";" 5.116205e-06"
"  14";"  25";" 56.00";"  20.793";"abordar";" 5.116205e-06"
"  20";"  42";" 47.62";"  20.669";"bolsa";" 5.458594e-06"
"  21";"  45";" 46.67";"  20.662";"continuidade";" 5.480414e-06"
"  12";"  20";" 60.00";"  20.502";"pesar";" 5.958351e-06"
"  12";"  20";" 60.00";"  20.502";"cumprimento";" 5.958351e-06"
"  33";"  84";" 39.29";"  20.362";"respeitar";" 6.410510e-06"
"   5";"   5";"100.00";"  20.350";"verificação";" 6.447924e-06"
"   5";"   5";"100.00";"  20.350";"school";" 6.447924e-06"
"   5";"   5";"100.00";"  20.350";"prof";" 6.447924e-06"
"   5";"   5";"100.00";"  20.350";"fund";" 6.447924e-06"
"   5";"   5";"100.00";"  20.350";"estruturação";" 6.447924e-06"
"   5";"   5";"100.00";"  20.350";"dotação";" 6.447924e-06"
"   5";"   5";"100.00";"  20.350";"abstenção";" 6.447924e-06"
"   5";"   5";"100.00";"  20.350";"xx";" 6.447924e-06"
"   5";"   5";"100.00";"  20.350";"vedado";" 6.447924e-06"
"   5";"   5";"100.00";"  20.350";"unificado";" 6.447924e-06"
"   5";"   5";"100.00";"  20.350";"transposição";" 6.447924e-06"
"   5";"   5";"100.00";"  20.350";"tramitar";" 6.447924e-06"
"   5";"   5";"100.00";"  20.350";"tero";" 6.447924e-06"
"   5";"   5";"100.00";"  20.350";"teram";" 6.447924e-06"
"   5";"   5";"100.00";"  20.350";"superdotação";" 6.447924e-06"
"   5";"   5";"100.00";"  20.350";"subscrição";" 6.447924e-06"
"   5";"   5";"100.00";"  20.350";"seriamente";" 6.447924e-06"
"   5";"   5";"100.00";"  20.350";"salab";" 6.447924e-06"
"   5";"   5";"100.00";"  20.350";"ressalva";" 6.447924e-06"
"   5";"   5";"100.00";"  20.350";"reajustar";" 6.447924e-06"
"   5";"   5";"100.00";"  20.350";"ratificar";" 6.447924e-06"
"   5";"   5";"100.00";"  20.350";"racial";" 6.447924e-06"
"   5";"   5";"100.00";"  20.350";"proselitismo";" 6.447924e-06"
"   5";"   5";"100.00";"  20.350";"pears";" 6.447924e-06"
"   5";"   5";"100.00";"  20.350";"pac";" 6.447924e-06"
"   5";"   5";"100.00";"  20.350";"ospb";" 6.447924e-06"
"   5";"   5";"100.00";"  20.350";"multifuncional";" 6.447924e-06"
"   5";"   5";"100.00";"  20.350";"lide";" 6.447924e-06"
"   5";"   5";"100.00";"  20.350";"ldb";" 6.447924e-06"
"   5";"   5";"100.00";"  20.350";"itinerário";" 6.447924e-06"
"   5";"   5";"100.00";"  20.350";"ineficiência";" 6.447924e-06"
"   5";"   5";"100.00";"  20.350";"ii";" 6.447924e-06"
"   5";"   5";"100.00";"  20.350";"iandra";" 6.447924e-06"
"   5";"   5";"100.00";"  20.350";"gregório";" 6.447924e-06"
"   5";"   5";"100.00";"  20.350";"ferreirinha";" 6.447924e-06"
"   5";"   5";"100.00";"  20.350";"exelência";" 6.447924e-06"
"   5";"   5";"100.00";"  20.350";"escol";" 6.447924e-06"
"   5";"   5";"100.00";"  20.350";"eja";" 6.447924e-06"
"   5";"   5";"100.00";"  20.350";"dula";" 6.447924e-06"
"   5";"   5";"100.00";"  20.350";"detalhamento";" 6.447924e-06"
"   5";"   5";"100.00";"  20.350";"deferir";" 6.447924e-06"
"   5";"   5";"100.00";"  20.350";"de2021";" 6.447924e-06"
"   5";"   5";"100.00";"  20.350";"dandara";" 6.447924e-06"
"   5";"   5";"100.00";"  20.350";"cívic";" 6.447924e-06"
"   5";"   5";"100.00";"  20.350";"colegiado";" 6.447924e-06"
"   5";"   5";"100.00";"  20.350";"canziani";" 6.447924e-06"
"   5";"   5";"100.00";"  20.350";"ande";" 6.447924e-06"
"   5";"   5";"100.00";"  20.350";"alarmante";" 6.447924e-06"
"   5";"   5";"100.00";"  20.350";"alar";" 6.447924e-06"
"   5";"   5";"100.00";"  20.350";"acelerar";" 6.447924e-06"
"   5";"   5";"100.00";"  20.350";"ac";" 6.447924e-06"
"   5";"   5";"100.00";"  20.350";"abílio";" 6.447924e-06"
"  15";"  28";" 53.57";"  20.277";"terrorismo";" 6.700515e-06"
"  15";"  28";" 53.57";"  20.277";"autorizar";" 6.700515e-06"
"  15";"  28";" 53.57";"  20.277";"pgr";" 6.700515e-06"
"  15";"  28";" 53.57";"  20.277";"ciclo";" 6.700515e-06"
"   9";"  13";" 69.23";"  20.129";"suspender";" 7.238537e-06"
"   9";"  13";" 69.23";"  20.129";"proferir";" 7.238537e-06"
"   9";"  13";" 69.23";"  20.129";"pcdb";" 7.238537e-06"
"   9";"  13";" 69.23";"  20.129";"oral";" 7.238537e-06"
"   9";"  13";" 69.23";"  20.129";"consultar";" 7.238537e-06"
"   9";"  13";" 69.23";"  20.129";"desconhecer";" 7.238537e-06"
"   9";"  13";" 69.23";"  20.129";"beatriz";" 7.238537e-06"
"  49";" 142";" 34.51";"  19.702";"população";" 9.051042e-06"
"  13";"  23";" 56.52";"  19.683";"execução";" 9.143437e-06"
"  35";"  92";" 38.04";"  19.564";"especial";" 9.727245e-06"
"  54";" 161";" 33.54";"  19.527";"construir";" 9.920536e-06"
"   8";"  11";" 72.73";"  19.522";"imunidade";" 9.945993e-06"
"   8";"  11";" 72.73";"  19.522";"transferir";" 9.945993e-06"
"   8";"  11";" 72.73";"  19.522";"reiterar";" 9.945993e-06"
"   8";"  11";" 72.73";"  19.522";"pontuar";" 9.945993e-06"
"   8";"  11";" 72.73";"  19.522";"indevido";" 9.945993e-06"
"   8";"  11";" 72.73";"  19.522";"estabelecido";" 9.945993e-06"
"   8";"  11";" 72.73";"  19.522";"contradizer";" 9.945993e-06"
"   8";"  11";" 72.73";"  19.522";"ananias";" 9.945993e-06"
"  20";"  43";" 46.51";"  19.515";"prazo";" 9.980501e-06"
"  11";"  18";" 61.11";"  19.482";"saneamento";" 1.015531e-05"
"  11";"  18";" 61.11";"  19.482";"repassar";" 1.015531e-05"
"  26";"  62";" 41.94";"  19.360";"qu";" 1.082772e-05"
"  29";"  72";" 40.28";"  19.259";"listar";" 1.141415e-05"
"   6";"   7";" 85.71";"  19.254";"obstruir";" 1.144377e-05"
"   6";"   7";" 85.71";"  19.254";"competição";" 1.144377e-05"
"   6";"   7";" 85.71";"  19.254";"edital";" 1.144377e-05"
"   6";"   7";" 85.71";"  19.254";"segar";" 1.144377e-05"
"   6";"   7";" 85.71";"  19.254";"robusto";" 1.144377e-05"
"   6";"   7";" 85.71";"  19.254";"reginaldo";" 1.144377e-05"
"   6";"   7";" 85.71";"  19.254";"problemático";" 1.144377e-05"
"   6";"   7";" 85.71";"  19.254";"pertinente";" 1.144377e-05"
"   6";"   7";" 85.71";"  19.254";"ofertar";" 1.144377e-05"
"   6";"   7";" 85.71";"  19.254";"melhorado";" 1.144377e-05"
"   6";"   7";" 85.71";"  19.254";"legislatura";" 1.144377e-05"
"   6";"   7";" 85.71";"  19.254";"inicialmente";" 1.144377e-05"
"   6";"   7";" 85.71";"  19.254";"indevidamente";" 1.144377e-05"
"   6";"   7";" 85.71";"  19.254";"holanda";" 1.144377e-05"
"   6";"   7";" 85.71";"  19.254";"df";" 1.144377e-05"
"   6";"   7";" 85.71";"  19.254";"desconsiderar";" 1.144377e-05"
"   6";"   7";" 85.71";"  19.254";"contraturno";" 1.144377e-05"
"   6";"   7";" 85.71";"  19.254";"assento";" 1.144377e-05"
"   7";"   9";" 77.78";"  19.160";"repor";" 1.202114e-05"
"   7";"   9";" 77.78";"  19.160";"climático";" 1.202114e-05"
"   7";"   9";" 77.78";"  19.160";"avante";" 1.202114e-05"
"   7";"   9";" 77.78";"  19.160";"letivo";" 1.202114e-05"
"   7";"   9";" 77.78";"  19.160";"adequar";" 1.202114e-05"
"   7";"   9";" 77.78";"  19.160";"recuperação";" 1.202114e-05"
"   7";"   9";" 77.78";"  19.160";"reabrir";" 1.202114e-05"
"   7";"   9";" 77.78";"  19.160";"modalidade";" 1.202114e-05"
"   7";"   9";" 77.78";"  19.160";"industrial";" 1.202114e-05"
"   7";"   9";" 77.78";"  19.160";"inconstitucional";" 1.202114e-05"
"   7";"   9";" 77.78";"  19.160";"cálculo";" 1.202114e-05"
"   7";"   9";" 77.78";"  19.160";"abandono";" 1.202114e-05"
"  14";"  26";" 53.85";"  19.134";"regulamentar";" 1.218602e-05"
"  42";" 118";" 35.59";"  18.849";"apoio";" 1.415222e-05"
"  52";" 155";" 33.55";"  18.816";"manter";" 1.439373e-05"
"  23";"  53";" 43.40";"  18.791";"proteção";" 1.458476e-05"
"  36";"  97";" 37.11";"  18.590";"início";" 1.621003e-05"
"  12";"  21";" 57.14";"  18.581";"mendonça";" 1.628067e-05"
"  12";"  21";" 57.14";"  18.581";"incentivar";" 1.628067e-05"
"  16";"  32";" 50.00";"  18.544";"central";" 1.660385e-05"
"  10";"  16";" 62.50";"  18.498";"presencial";" 1.701093e-05"
"  10";"  16";" 62.50";"  18.498";"vigilante";" 1.701093e-05"
"  10";"  16";" 62.50";"  18.498";"explicação";" 1.701093e-05"
"  17";"  35";" 48.57";"  18.416";"psicológico";" 1.776054e-05"
"  28";"  70";" 40.00";"  18.220";"anteriormente";" 1.968371e-05"
"  13";"  24";" 54.17";"  17.994";"oferta";" 2.216000e-05"
"  13";"  24";" 54.17";"  17.994";"corrigir";" 2.216000e-05"
"  13";"  24";" 54.17";"  17.994";"perspectiva";" 2.216000e-05"
"  26";"  64";" 40.62";"  17.697";"independente";" 2.590861e-05"
"  35";"  95";" 36.84";"  17.641";"sexual";" 2.667500e-05"
"  14";"  27";" 51.85";"  17.616";"psd";" 2.703590e-05"
"  14";"  27";" 51.85";"  17.616";"apresentação";" 2.703590e-05"
"   9";"  14";" 64.29";"  17.564";"útil";" 2.778380e-05"
"   9";"  14";" 64.29";"  17.564";"secretária";" 2.778380e-05"
"   9";"  14";" 64.29";"  17.564";"tortura";" 2.778380e-05"
"   9";"  14";" 64.29";"  17.564";"distribuir";" 2.778380e-05"
"  11";"  19";" 57.89";"  17.493";"concurso";" 2.884077e-05"
"  15";"  30";" 50.00";"  17.383";"reconhecimento";" 3.054693e-05"
"  45";" 132";" 34.09";"  17.291";"estratégia";" 3.207462e-05"
"  42";" 121";" 34.71";"  17.240";"desejar";" 3.294956e-05"
"  24";"  58";" 41.38";"  17.212";"reduzir";" 3.343106e-05"
"  27";"  68";" 39.71";"  17.188";"organização";" 3.385876e-05"
"  44";" 129";" 34.11";"  16.937";"específico";" 3.863701e-05"
"  12";"  22";" 54.55";"  16.858";"veto";" 4.028336e-05"
"  12";"  22";" 54.55";"  16.858";"beneficiar";" 4.028336e-05"
"  55";" 171";" 32.16";"  16.819";"saúde";" 4.112874e-05"
"  55";" 171";" 32.16";"  16.819";"condição";" 4.112874e-05"
"  45";" 133";" 33.83";"  16.806";"considerar";" 4.139809e-05"
"   8";"  12";" 66.67";"  16.705";"gestor";" 4.366313e-05"
"   8";"  12";" 66.67";"  16.705";"reproduzir";" 4.366313e-05"
"   8";"  12";" 66.67";"  16.705";"recomendar";" 4.366313e-05"
"   8";"  12";" 66.67";"  16.705";"discordância";" 4.366313e-05"
"   8";"  12";" 66.67";"  16.705";"aa";" 4.366313e-05"
"   8";"  12";" 66.67";"  16.705";"comportar";" 4.366313e-05"
"   8";"  12";" 66.67";"  16.705";"porteiro";" 4.366313e-05"
"  66";" 215";" 30.70";"  16.484";"ação";" 4.906570e-05"
"  13";"  25";" 52.00";"  16.460";"articulação";" 4.968161e-05"
"  10";"  17";" 58.82";"  16.421";"distância";" 5.071812e-05"
"  10";"  17";" 58.82";"  16.421";"retomada";" 5.071812e-05"
"  10";"  17";" 58.82";"  16.421";"funcionamento";" 5.071812e-05"
"   4";"   4";"100.00";"  16.280";"ressalvar";" 5.464695e-05"
"   4";"   4";"100.00";"  16.280";"olimpíada";" 5.464695e-05"
"   4";"   4";"100.00";"  16.280";"escrutínio";" 5.464695e-05"
"   4";"   4";"100.00";"  16.280";"tamaral";" 5.464695e-05"
"   4";"   4";"100.00";"  16.280";"recompor";" 5.464695e-05"
"   4";"   4";"100.00";"  16.280";"reajustamos";" 5.464695e-05"
"   4";"   4";"100.00";"  16.280";"ordenamento";" 5.464695e-05"
"   4";"   4";"100.00";"  16.280";"nominalmente";" 5.464695e-05"
"   4";"   4";"100.00";"  16.280";"múltiplo";" 5.464695e-05"
"   4";"   4";"100.00";"  16.280";"medíocre";" 5.464695e-05"
"   4";"   4";"100.00";"  16.280";"influir";" 5.464695e-05"
"   4";"   4";"100.00";"  16.280";"hélio";" 5.464695e-05"
"   4";"   4";"100.00";"  16.280";"formulação";" 5.464695e-05"
"   4";"   4";"100.00";"  16.280";"farto";" 5.464695e-05"
"   4";"   4";"100.00";"  16.280";"contraditar";" 5.464695e-05"
"   4";"   4";"100.00";"  16.280";"complementação";" 5.464695e-05"
"   4";"   4";"100.00";"  16.280";"alessandro";" 5.464695e-05"
"   4";"   4";"100.00";"  16.280";"acarretar";" 5.464695e-05"
"   4";"   4";"100.00";"  16.280";"zara";" 5.464695e-05"
"   4";"   4";"100.00";"  16.280";"universidad";" 5.464695e-05"
"   4";"   4";"100.00";"  16.280";"ubs";" 5.464695e-05"
"   4";"   4";"100.00";"  16.280";"tramitação";" 5.464695e-05"
"   4";"   4";"100.00";"  16.280";"temp";" 5.464695e-05"
"   4";"   4";"100.00";"  16.280";"tarcíso";" 5.464695e-05"
"   4";"   4";"100.00";"  16.280";"taciso";" 5.464695e-05"
"   4";"   4";"100.00";"  16.280";"subemenda";" 5.464695e-05"
"   4";"   4";"100.00";"  16.280";"seg";" 5.464695e-05"
"   4";"   4";"100.00";"  16.280";"reeleger";" 5.464695e-05"
"   4";"   4";"100.00";"  16.280";"quilombola";" 5.464695e-05"
"   4";"   4";"100.00";"  16.280";"prorrogação";" 5.464695e-05"
"   4";"   4";"100.00";"  16.280";"profess";" 5.464695e-05"
"   4";"   4";"100.00";"  16.280";"premir";" 5.464695e-05"
"   4";"   4";"100.00";"  16.280";"preferencialmente";" 5.464695e-05"
"   4";"   4";"100.00";"  16.280";"pactuação";" 5.464695e-05"
"   4";"   4";"100.00";"  16.280";"paa";" 5.464695e-05"
"   4";"   4";"100.00";"  16.280";"orientado";" 5.464695e-05"
"   4";"   4";"100.00";"  16.280";"ocorrido";" 5.464695e-05"
"   4";"   4";"100.00";"  16.280";"moderador";" 5.464695e-05"
"   4";"   4";"100.00";"  16.280";"miola";" 5.464695e-05"
"   4";"   4";"100.00";"  16.280";"minut";" 5.464695e-05"
"   4";"   4";"100.00";"  16.280";"militarização";" 5.464695e-05"
"   4";"   4";"100.00";"  16.280";"lob";" 5.464695e-05"
"   4";"   4";"100.00";"  16.280";"lit";" 5.464695e-05"
"   4";"   4";"100.00";"  16.280";"lid";" 5.464695e-05"
"   4";"   4";"100.00";"  16.280";"interministerial";" 5.464695e-05"
"   4";"   4";"100.00";"  16.280";"insustentável";" 5.464695e-05"
"   4";"   4";"100.00";"  16.280";"ingerência";" 5.464695e-05"
"   4";"   4";"100.00";"  16.280";"inconstitucionalidade";" 5.464695e-05"
"   4";"   4";"100.00";"  16.280";"inclus";" 5.464695e-05"
"   4";"   4";"100.00";"  16.280";"inadmissível";" 5.464695e-05"
"   4";"   4";"100.00";"  16.280";"gerente";" 5.464695e-05"
"   4";"   4";"100.00";"  16.280";"genza";" 5.464695e-05"
"   4";"   4";"100.00";"  16.280";"geer";" 5.464695e-05"
"   4";"   4";"100.00";"  16.280";"formativo";" 5.464695e-05"
"   4";"   4";"100.00";"  16.280";"fonológico";" 5.464695e-05"
"   4";"   4";"100.00";"  16.280";"findar";" 5.464695e-05"
"   4";"   4";"100.00";"  16.280";"estritamente";" 5.464695e-05"
"   4";"   4";"100.00";"  16.280";"enumerar";" 5.464695e-05"
"   4";"   4";"100.00";"  16.280";"duto";" 5.464695e-05"
"   4";"   4";"100.00";"  16.280";"despreparado";" 5.464695e-05"
"   4";"   4";"100.00";"  16.280";"deputar";" 5.464695e-05"
"   4";"   4";"100.00";"  16.280";"custeio";" 5.464695e-05"
"   4";"   4";"100.00";"  16.280";"camp";" 5.464695e-05"
"   4";"   4";"100.00";"  16.280";"calouro";" 5.464695e-05"
"   4";"   4";"100.00";"  16.280";"bqu";" 5.464695e-05"
"   4";"   4";"100.00";"  16.280";"bncc";" 5.464695e-05"
"   4";"   4";"100.00";"  16.280";"belinski";" 5.464695e-05"
"   4";"   4";"100.00";"  16.280";"bayer";" 5.464695e-05"
"   4";"   4";"100.00";"  16.280";"arbítrio";" 5.464695e-05"
"   4";"   4";"100.00";"  16.280";"apensar";" 5.464695e-05"
"   4";"   4";"100.00";"  16.280";"ajuste";" 5.464695e-05"
"   4";"   4";"100.00";"  16.280";"abrangência";" 5.464695e-05"
"  19";"  43";" 44.19";"  16.273";"impor";" 5.482581e-05"
"  18";"  40";" 45.00";"  16.160";"mineiro";" 5.819595e-05"
"  23";"  56";" 41.07";"  16.148";"determinado";" 5.858092e-05"
"  16";"  34";" 47.06";"  16.062";"exigir";" 6.131190e-05"
"  48";" 146";" 32.88";"  16.037";"medida";" 6.211285e-05"
"  37";" 105";" 35.24";"  16.021";"mínimo";" 6.263697e-05"
"   7";"  10";" 70.00";"  15.967";"suplente";" 6.445717e-05"
"   7";"  10";" 70.00";"  15.967";"refeição";" 6.445717e-05"
"   7";"  10";" 70.00";"  15.967";"prestação";" 6.445717e-05"
"   7";"  10";" 70.00";"  15.967";"pedagogia";" 6.445717e-05"
"   7";"  10";" 70.00";"  15.967";"desenvolvido";" 6.445717e-05"
"   7";"  10";" 70.00";"  15.967";"apuração";" 6.445717e-05"
"   7";"  10";" 70.00";"  15.967";"doutrinar";" 6.445717e-05"
"  90";" 315";" 28.57";"  15.760";"sentido";" 7.188991e-05"
"  11";"  20";" 55.00";"  15.727";"gonçalves";" 7.317482e-05"
"  31";"  84";" 36.90";"  15.706";"estrutura";" 7.398987e-05"
"   6";"   8";" 75.00";"  15.440";"lamentável";" 8.518794e-05"
"   6";"   8";" 75.00";"  15.440";"saudação";" 8.518794e-05"
"   6";"   8";" 75.00";"  15.440";"parâmetro";" 8.518794e-05"
"   6";"   8";" 75.00";"  15.440";"interação";" 8.518794e-05"
"   6";"   8";" 75.00";"  15.440";"colocação";" 8.518794e-05"
"   6";"   8";" 75.00";"  15.440";"restrito";" 8.518794e-05"
"   6";"   8";" 75.00";"  15.440";"indeferir";" 8.518794e-05"
"   6";"   8";" 75.00";"  15.440";"doutrinário";" 8.518794e-05"
"   6";"   8";" 75.00";"  15.440";"carla";" 8.518794e-05"
"   6";"   8";" 75.00";"  15.440";"ajustar";" 8.518794e-05"
"   6";"   8";" 75.00";"  15.440";"abordagem";" 8.518794e-05"
"   9";"  15";" 60.00";"  15.373";"levantamento";" 8.823706e-05"
"   9";"  15";" 60.00";"  15.373";"saldo";" 8.823706e-05"
"   9";"  15";" 60.00";"  15.373";"legítimo";" 8.823706e-05"
"   9";"  15";" 60.00";"  15.373";"grade";" 8.823706e-05"
"   9";"  15";" 60.00";"  15.373";"remoto";" 8.823706e-05"
"   9";"  15";" 60.00";"  15.373";"dosimetria";" 8.823706e-05"
"   9";"  15";" 60.00";"  15.373";"sanar";" 8.823706e-05"
"   9";"  15";" 60.00";"  15.373";"fal";" 8.823706e-05"
"   5";"   6";" 83.33";"  15.333";"suplementar";" 9.011611e-05"
"   5";"   6";" 83.33";"  15.333";"restringir";" 9.011611e-05"
"   5";"   6";" 83.33";"  15.333";"departamento";" 9.011611e-05"
"   5";"   6";" 83.33";"  15.333";"dce";" 9.011611e-05"
"   5";"   6";" 83.33";"  15.333";"un";" 9.011611e-05"
"   5";"   6";" 83.33";"  15.333";"rj";" 9.011611e-05"
"   5";"   6";" 83.33";"  15.333";"respectivo";" 9.011611e-05"
"   5";"   6";" 83.33";"  15.333";"reprovação";" 9.011611e-05"
"   5";"   6";" 83.33";"  15.333";"repasse";" 9.011611e-05"
"   5";"   6";" 83.33";"  15.333";"politizar";" 9.011611e-05"
"   5";"   6";" 83.33";"  15.333";"lâmina";" 9.011611e-05"
"   5";"   6";" 83.33";"  15.333";"imputar";" 9.011611e-05"
"   5";"   6";" 83.33";"  15.333";"guimarães";" 9.011611e-05"
"   5";"   6";" 83.33";"  15.333";"grevista";" 9.011611e-05"
"   5";"   6";" 83.33";"  15.333";"contratação";" 9.011611e-05"
"   5";"   6";" 83.33";"  15.333";"contestar";" 9.011611e-05"
"   5";"   6";" 83.33";"  15.333";"baiano";" 9.011611e-05"
"   5";"   6";" 83.33";"  15.333";"adiar";" 9.011611e-05"
"  53";" 167";" 31.74";"  15.314";"oportunidade";" 9.105622e-05"
"  12";"  23";" 52.17";"  15.306";"interromper";" 9.143422e-05"
"  12";"  23";" 52.17";"  15.306";"recuperar";" 9.143422e-05"
"  18";"  41";" 43.90";"  15.158";"renda";" 9.889858e-05"
"  13";"  26";" 50.00";"  15.063";"associação";" 1.039669e-04"
"  13";"  26";" 50.00";"  15.063";"absoluto";" 1.039669e-04"
" 164";" 637";" 25.75";"  14.955";"sim";" 1.101061e-04"
"  16";"  35";" 45.71";"  14.948";"unidade";" 1.105155e-04"
"  16";"  35";" 45.71";"  14.948";"divergência";" 1.105155e-04"
"  14";"  29";" 48.28";"  14.944";"transporte";" 1.107570e-04"
"  14";"  29";" 48.28";"  14.944";"contratar";" 1.107570e-04"
"  14";"  29";" 48.28";"  14.944";"previsão";" 1.107570e-04"
"  14";"  29";" 48.28";"  14.944";"observar";" 1.107570e-04"
"  10";"  18";" 55.56";"  14.602";"maio";" 1.327426e-04"
"  10";"  18";" 55.56";"  14.602";"baseado";" 1.327426e-04"
"   8";"  13";" 61.54";"  14.360";"protocolar";" 1.510132e-04"
"   8";"  13";" 61.54";"  14.360";"oo";" 1.510132e-04"
"   8";"  13";" 61.54";"  14.360";"vulnerabilidade";" 1.510132e-04"
"  11";"  21";" 52.38";"  14.153";"voluntário";" 1.685588e-04"
"  11";"  21";" 52.38";"  14.153";"prevenção";" 1.685588e-04"
"  11";"  21";" 52.38";"  14.153";"basear";" 1.685588e-04"
"  11";"  21";" 52.38";"  14.153";"estratégico";" 1.685588e-04"
"  11";"  21";" 52.38";"  14.153";"respeitado";" 1.685588e-04"
"  11";"  21";" 52.38";"  14.153";"lógica";" 1.685588e-04"
"  28";"  76";" 36.84";"  14.102";"conselho";" 1.731446e-04"
"  28";"  76";" 36.84";"  14.102";"instrumento";" 1.731446e-04"
"  59";" 194";" 30.41";"  14.098";"resposta";" 1.734992e-04"
"  12";"  24";" 50.00";"  13.903";"tm";" 1.924461e-04"
"  14";"  30";" 46.67";"  13.766";"crédito";" 2.070375e-04"
"  14";"  30";" 46.67";"  13.766";"ranking";" 2.070375e-04"
"  22";"  56";" 39.29";"  13.559";"reforma";" 2.311679e-04"
"  22";"  56";" 39.29";"  13.559";"indicar";" 2.311679e-04"
"  37";" 110";" 33.64";"  13.499";"permanecer";" 2.386282e-04"
"   9";"  16";" 56.25";"  13.487";"proceder";" 2.402345e-04"
"   9";"  16";" 56.25";"  13.487";"entanto";" 2.402345e-04"
"   7";"  11";" 63.64";"  13.399";"menção";" 2.517347e-04"
"   7";"  11";" 63.64";"  13.399";"dinâmica";" 2.517347e-04"
"   7";"  11";" 63.64";"  13.399";"manutenção";" 2.517347e-04"
"   7";"  11";" 63.64";"  13.399";"inaceitável";" 2.517347e-04"
"   7";"  11";" 63.64";"  13.399";"prévio";" 2.517347e-04"
"   7";"  11";" 63.64";"  13.399";"instrução";" 2.517347e-04"
"   7";"  11";" 63.64";"  13.399";"imenso";" 2.517347e-04"
"   7";"  11";" 63.64";"  13.399";"correção";" 2.517347e-04"
"  27";"  74";" 36.49";"  13.165";"absolutamente";" 2.851776e-04"
"  17";"  40";" 42.50";"  13.121";"anunciar";" 2.919333e-04"
"  10";"  19";" 52.63";"  13.001";"iso";" 3.113155e-04"
" 290";"1223";" 23.71";"  12.900";"país";" 3.286290e-04"
"  11";"  22";" 50.00";"  12.744";"transparência";" 3.571920e-04"
"  11";"  22";" 50.00";"  12.744";"providência";" 3.571920e-04"
"  11";"  22";" 50.00";"  12.744";"aposentado";" 3.571920e-04"
"  41";" 127";" 32.28";"  12.710";"nível";" 3.636927e-04"
"  14";"  31";" 45.16";"  12.680";"luiz";" 3.695574e-04"
"  12";"  25";" 48.00";"  12.633";"auxílio";" 3.790240e-04"
"  13";"  28";" 46.43";"  12.621";"justificativo";" 3.813855e-04"
"  27";"  75";" 36.00";"  12.580";"focar";" 3.898234e-04"
"   6";"   9";" 66.67";"  12.527";"verba";" 4.010427e-04"
"   6";"   9";" 66.67";"  12.527";"elevador";" 4.010427e-04"
"   6";"   9";" 66.67";"  12.527";"nãoé";" 4.010427e-04"
"   6";"   9";" 66.67";"  12.527";"gsi";" 4.010427e-04"
"   6";"   9";" 66.67";"  12.527";"excepcional";" 4.010427e-04"
"   6";"   9";" 66.67";"  12.527";"alencar";" 4.010427e-04"
"   6";"   9";" 66.67";"  12.527";"possibilitar";" 4.010427e-04"
"   6";"   9";" 66.67";"  12.527";"estatuto";" 4.010427e-04"
"   6";"   9";" 66.67";"  12.527";"apelar";" 4.010427e-04"
"  25";"  68";" 36.76";"  12.500";"decreto";" 4.069861e-04"
"  23";"  61";" 37.70";"  12.481";"combate";" 4.110501e-04"
"   8";"  14";" 57.14";"  12.384";"vetar";" 4.330097e-04"
"   8";"  14";" 57.14";"  12.384";"opor";" 4.330097e-04"
"   8";"  14";" 57.14";"  12.384";"doação";" 4.330097e-04"
"   8";"  14";" 57.14";"  12.384";"transferência";" 4.330097e-04"
"  20";"  51";" 39.22";"  12.258";"rapidamente";" 4.633325e-04"
"   3";"   3";"100.00";"  12.209";"procurador";" 4.755269e-04"
"   3";"   3";"100.00";"  12.209";"homologação";" 4.755269e-04"
"   3";"   3";"100.00";"  12.209";"unicamp";" 4.755269e-04"
"   3";"   3";"100.00";"  12.209";"supressiva";" 4.755269e-04"
"   3";"   3";"100.00";"  12.209";"subsidiar";" 4.755269e-04"
"   3";"   3";"100.00";"  12.209";"sanitário";" 4.755269e-04"
"   3";"   3";"100.00";"  12.209";"quórum";" 4.755269e-04"
"   3";"   3";"100.00";"  12.209";"petron";" 4.755269e-04"
"   3";"   3";"100.00";"  12.209";"pearls";" 4.755269e-04"
"   3";"   3";"100.00";"  12.209";"patrus";" 4.755269e-04"
"   3";"   3";"100.00";"  12.209";"parabenizá";" 4.755269e-04"
"   3";"   3";"100.00";"  12.209";"lacuna";" 4.755269e-04"
"   3";"   3";"100.00";"  12.209";"inacabado";" 4.755269e-04"
"   3";"   3";"100.00";"  12.209";"fundb";" 4.755269e-04"
"   3";"   3";"100.00";"  12.209";"feriado";" 4.755269e-04"
"   3";"   3";"100.00";"  12.209";"fando";" 4.755269e-04"
"   3";"   3";"100.00";"  12.209";"determinante";" 4.755269e-04"
"   3";"   3";"100.00";"  12.209";"capacho";" 4.755269e-04"
"   3";"   3";"100.00";"  12.209";"cabine";" 4.755269e-04"
"   3";"   3";"100.00";"  12.209";"birin";" 4.755269e-04"
"   3";"   3";"100.00";"  12.209";"apec";" 4.755269e-04"
"   3";"   3";"100.00";"  12.209";"absorvente";" 4.755269e-04"
"   3";"   3";"100.00";"  12.209";"étnico";" 4.755269e-04"
"   3";"   3";"100.00";"  12.209";"vinculação";" 4.755269e-04"
"   3";"   3";"100.00";"  12.209";"vicepresidente";" 4.755269e-04"
"   3";"   3";"100.00";"  12.209";"validação";" 4.755269e-04"
"   3";"   3";"100.00";"  12.209";"valadares";" 4.755269e-04"
"   3";"   3";"100.00";"  12.209";"tonieto";" 4.755269e-04"
"   3";"   3";"100.00";"  12.209";"toni";" 4.755269e-04"
"   3";"   3";"100.00";"  12.209";"teor";" 4.755269e-04"
"   3";"   3";"100.00";"  12.209";"telepresencial";" 4.755269e-04"
"   3";"   3";"100.00";"  12.209";"teixeira";" 4.755269e-04"
"   3";"   3";"100.00";"  12.209";"tdh";" 4.755269e-04"
"   3";"   3";"100.00";"  12.209";"tarc";" 4.755269e-04"
"   3";"   3";"100.00";"  12.209";"talíria";" 4.755269e-04"
"   3";"   3";"100.00";"  12.209";"tacis";" 4.755269e-04"
"   3";"   3";"100.00";"  12.209";"superação";" 4.755269e-04"
"   3";"   3";"100.00";"  12.209";"subescrever";" 4.755269e-04"
"   3";"   3";"100.00";"  12.209";"soria";" 4.755269e-04"
"   3";"   3";"100.00";"  12.209";"solicitado";" 4.755269e-04"
"   3";"   3";"100.00";"  12.209";"singapura";" 4.755269e-04"
"   3";"   3";"100.00";"  12.209";"seguridade";" 4.755269e-04"
"   3";"   3";"100.00";"  12.209";"sam";" 4.755269e-04"
"   3";"   3";"100.00";"  12.209";"repetência";" 4.755269e-04"
"   3";"   3";"100.00";"  12.209";"relat";" 4.755269e-04"
"   3";"   3";"100.00";"  12.209";"raymond";" 4.755269e-04"
"   3";"   3";"100.00";"  12.209";"quintis";" 4.755269e-04"
"   3";"   3";"100.00";"  12.209";"quim";" 4.755269e-04"
"   3";"   3";"100.00";"  12.209";"quest";" 4.755269e-04"
"   3";"   3";"100.00";"  12.209";"públ";" 4.755269e-04"
"   3";"   3";"100.00";"  12.209";"priorização";" 4.755269e-04"
"   3";"   3";"100.00";"  12.209";"prioritariamente";" 4.755269e-04"
"   3";"   3";"100.00";"  12.209";"pnld";" 4.755269e-04"
"   3";"   3";"100.00";"  12.209";"pibid";" 4.755269e-04"
"   3";"   3";"100.00";"  12.209";"paul";" 4.755269e-04"
"   3";"   3";"100.00";"  12.209";"paridade";" 4.755269e-04"
"   3";"   3";"100.00";"  12.209";"opcional";" 4.755269e-04"
"   3";"   3";"100.00";"  12.209";"numeracia";" 4.755269e-04"
"   3";"   3";"100.00";"  12.209";"nadalim";" 4.755269e-04"
"   3";"   3";"100.00";"  12.209";"métrico";" 4.755269e-04"
"   3";"   3";"100.00";"  12.209";"mqua";" 4.755269e-04"
"   3";"   3";"100.00";"  12.209";"moer";" 4.755269e-04"
"   3";"   3";"100.00";"  12.209";"mitigar";" 4.755269e-04"
"   3";"   3";"100.00";"  12.209";"metodológico";" 4.755269e-04"
"   3";"   3";"100.00";"  12.209";"merendeiro";" 4.755269e-04"
"   3";"   3";"100.00";"  12.209";"mequon";" 4.755269e-04"
"   3";"   3";"100.00";"  12.209";"meola";" 4.755269e-04"
"   3";"   3";"100.00";"  12.209";"mensurável";" 4.755269e-04"
"   3";"   3";"100.00";"  12.209";"laura";" 4.755269e-04"
"   3";"   3";"100.00";"  12.209";"laicidade";" 4.755269e-04"
"   3";"   3";"100.00";"  12.209";"kisses";" 4.755269e-04"
"   3";"   3";"100.00";"  12.209";"justicativa";" 4.755269e-04"
"   3";"   3";"100.00";"  12.209";"intento";" 4.755269e-04"
"   3";"   3";"100.00";"  12.209";"insuficiente";" 4.755269e-04"
"   3";"   3";"100.00";"  12.209";"instrumentalização";" 4.755269e-04"
"   3";"   3";"100.00";"  12.209";"instauração";" 4.755269e-04"
"   3";"   3";"100.00";"  12.209";"inspetor";" 4.755269e-04"
"   3";"   3";"100.00";"  12.209";"informático";" 4.755269e-04"
"   3";"   3";"100.00";"  12.209";"indispensável";" 4.755269e-04"
"   3";"   3";"100.00";"  12.209";"indenização";" 4.755269e-04"
"   3";"   3";"100.00";"  12.209";"implantamos";" 4.755269e-04"
"   3";"   3";"100.00";"  12.209";"gza";" 4.755269e-04"
"   3";"   3";"100.00";"  12.209";"gisele";" 4.755269e-04"
"   3";"   3";"100.00";"  12.209";"gargalo";" 4.755269e-04"
"   3";"   3";"100.00";"  12.209";"focalizar";" 4.755269e-04"
"   3";"   3";"100.00";"  12.209";"expediente";" 4.755269e-04"
"   3";"   3";"100.00";"  12.209";"especificado";" 4.755269e-04"
"   3";"   3";"100.00";"  12.209";"escrito";" 4.755269e-04"
"   3";"   3";"100.00";"  12.209";"escolarização";" 4.755269e-04"
"   3";"   3";"100.00";"  12.209";"encerraremos";" 4.755269e-04"
"   3";"   3";"100.00";"  12.209";"encerrado";" 4.755269e-04"
"   3";"   3";"100.00";"  12.209";"eli";" 4.755269e-04"
"   3";"   3";"100.00";"  12.209";"disciplinar";" 4.755269e-04"
"   3";"   3";"100.00";"  12.209";"desmontar";" 4.755269e-04"
"   3";"   3";"100.00";"  12.209";"desgoverno";" 4.755269e-04"
"   3";"   3";"100.00";"  12.209";"definitivamente";" 4.755269e-04"
"   3";"   3";"100.00";"  12.209";"debatido";" 4.755269e-04"
"   3";"   3";"100.00";"  12.209";"debatedor";" 4.755269e-04"
"   3";"   3";"100.00";"  12.209";"de2022";" 4.755269e-04"
"   3";"   3";"100.00";"  12.209";"crist";" 4.755269e-04"
"   3";"   3";"100.00";"  12.209";"correia";" 4.755269e-04"
"   3";"   3";"100.00";"  12.209";"constitucionalmente";" 4.755269e-04"
"   3";"   3";"100.00";"  12.209";"consignar";" 4.755269e-04"
"   3";"   3";"100.00";"  12.209";"conced";" 4.755269e-04"
"   3";"   3";"100.00";"  12.209";"conc";" 4.755269e-04"
"   3";"   3";"100.00";"  12.209";"centrar";" 4.755269e-04"
"   3";"   3";"100.00";"  12.209";"centralizar";" 4.755269e-04"
"   3";"   3";"100.00";"  12.209";"celeridade";" 4.755269e-04"
"   3";"   3";"100.00";"  12.209";"biênio";" 4.755269e-04"
"   3";"   3";"100.00";"  12.209";"benin";" 4.755269e-04"
"   3";"   3";"100.00";"  12.209";"avalizar";" 4.755269e-04"
"   3";"   3";"100.00";"  12.209";"atentamente";" 4.755269e-04"
"   3";"   3";"100.00";"  12.209";"aprová";" 4.755269e-04"
"   3";"   3";"100.00";"  12.209";"aprimorar";" 4.755269e-04"
"   3";"   3";"100.00";"  12.209";"analisado";" 4.755269e-04"
"   3";"   3";"100.00";"  12.209";"ambiental";" 4.755269e-04"
"   3";"   3";"100.00";"  12.209";"alides";" 4.755269e-04"
"   3";"   3";"100.00";"  12.209";"alfabético";" 4.755269e-04"
"   3";"   3";"100.00";"  12.209";"adoecimento";" 4.755269e-04"
"   3";"   3";"100.00";"  12.209";"acúmulo";" 4.755269e-04"
"   3";"   3";"100.00";"  12.209";"acord";" 4.755269e-04"
"   3";"   3";"100.00";"  12.209";"abilho";" 4.755269e-04"
"   3";"   3";"100.00";"  12.209";"5to";" 4.755269e-04"
"  24";"  65";" 36.92";"  12.170";"tribunal";" 4.856249e-04"
"  49";" 160";" 30.63";"  12.078";"finalizar";" 5.101388e-04"
"  16";"  38";" 42.11";"  12.036";"minoria";" 5.218206e-04"
"  25";"  69";" 36.23";"  11.903";"justamente";" 5.603623e-04"
"   9";"  17";" 52.94";"  11.851";"definição";" 5.761492e-04"
"   9";"  17";" 52.94";"  11.851";"po";" 5.761492e-04"
"  23";"  62";" 37.10";"  11.843";"investigação";" 5.788972e-04"
"  23";"  62";" 37.10";"  11.843";"internacional";" 5.788972e-04"
"   5";"   7";" 71.43";"  11.820";"inovação";" 5.860751e-04"
"   5";"   7";" 71.43";"  11.820";"escada";" 5.860751e-04"
"   5";"   7";" 71.43";"  11.820";"réplica";" 5.860751e-04"
"   5";"   7";" 71.43";"  11.820";"recepcionar";" 5.860751e-04"
"   5";"   7";" 71.43";"  11.820";"colaborar";" 5.860751e-04"
"   5";"   7";" 71.43";"  11.820";"voltado";" 5.860751e-04"
"   5";"   7";" 71.43";"  11.820";"ton";" 5.860751e-04"
"   5";"   7";" 71.43";"  11.820";"oliveira";" 5.860751e-04"
"   5";"   7";" 71.43";"  11.820";"ingresso";" 5.860751e-04"
"   5";"   7";" 71.43";"  11.820";"educativo";" 5.860751e-04"
"   5";"   7";" 71.43";"  11.820";"decorrer";" 5.860751e-04"
"   5";"   7";" 71.43";"  11.820";"contínuo";" 5.860751e-04"
"   5";"   7";" 71.43";"  11.820";"contundente";" 5.860751e-04"
"   5";"   7";" 71.43";"  11.820";"ccj";" 5.860751e-04"
"  18";"  45";" 40.00";"  11.701";"fala";" 6.247054e-04"
"  14";"  32";" 43.75";"  11.677";"reforçar";" 6.326404e-04"
"  38";" 118";" 32.20";"  11.655";"conhecimento";" 6.403053e-04"
"  33";"  99";" 33.33";"  11.621";"físico";" 6.521862e-04"
"  10";"  20";" 50.00";"  11.584";"educador";" 6.650954e-04"
"  10";"  20";" 50.00";"  11.584";"facilitar";" 6.650954e-04"
"  10";"  20";" 50.00";"  11.584";"trago";" 6.650954e-04"
"  24";"  66";" 36.36";"  11.567";"comunidade";" 6.713925e-04"
"  13";"  29";" 44.83";"  11.552";"determinar";" 6.767897e-04"
"  13";"  29";" 44.83";"  11.552";"paraas";" 6.767897e-04"
"  12";"  26";" 46.15";"  11.479";"extremista";" 7.039097e-04"
"  11";"  23";" 47.83";"  11.479";"pressa";" 7.039555e-04"
"  11";"  23";" 47.83";"  11.479";"submeter";" 7.039555e-04"
"  11";"  23";" 47.83";"  11.479";"pagamento";" 7.039555e-04"
"  11";"  23";" 47.83";"  11.479";"compor";" 7.039555e-04"
"   4";"   5";" 80.00";"  11.473";"permear";" 7.061076e-04"
"   4";"   5";" 80.00";"  11.473";"espantalho";" 7.061076e-04"
"   4";"   5";" 80.00";"  11.473";"término";" 7.061076e-04"
"   4";"   5";" 80.00";"  11.473";"taquigráfico";" 7.061076e-04"
"   4";"   5";" 80.00";"  11.473";"privatizar";" 7.061076e-04"
"   4";"   5";" 80.00";"  11.473";"generalizar";" 7.061076e-04"
"   4";"   5";" 80.00";"  11.473";"fileira";" 7.061076e-04"
"   4";"   5";" 80.00";"  11.473";"ead";" 7.061076e-04"
"   4";"   5";" 80.00";"  11.473";"disciplinado";" 7.061076e-04"
"   4";"   5";" 80.00";"  11.473";"arrecadação";" 7.061076e-04"
"   4";"   5";" 80.00";"  11.473";"abranger";" 7.061076e-04"
"   4";"   5";" 80.00";"  11.473";"éder";" 7.061076e-04"
"   4";"   5";" 80.00";"  11.473";"zuco";" 7.061076e-04"
"   4";"   5";" 80.00";"  11.473";"variável";" 7.061076e-04"
"   4";"   5";" 80.00";"  11.473";"temático";" 7.061076e-04"
"   4";"   5";" 80.00";"  11.473";"stj";" 7.061076e-04"
"   4";"   5";" 80.00";"  11.473";"serenidade";" 7.061076e-04"
"   4";"   5";" 80.00";"  11.473";"satisfatório";" 7.061076e-04"
"   4";"   5";" 80.00";"  11.473";"sadio";" 7.061076e-04"
"   4";"   5";" 80.00";"  11.473";"referente";" 7.061076e-04"
"   4";"   5";" 80.00";"  11.473";"ramagem";" 7.061076e-04"
"   4";"   5";" 80.00";"  11.473";"presid";" 7.061076e-04"
"   4";"   5";" 80.00";"  11.473";"pipa";" 7.061076e-04"
"   4";"   5";" 80.00";"  11.473";"objetivamente";" 7.061076e-04"
"   4";"   5";" 80.00";"  11.473";"mat";" 7.061076e-04"
"   4";"   5";" 80.00";"  11.473";"inviabilizar";" 7.061076e-04"
"   4";"   5";" 80.00";"  11.473";"eventual";" 7.061076e-04"
"   4";"   5";" 80.00";"  11.473";"emergente";" 7.061076e-04"
"   4";"   5";" 80.00";"  11.473";"dirigente";" 7.061076e-04"
"   4";"   5";" 80.00";"  11.473";"desqualificar";" 7.061076e-04"
"   4";"   5";" 80.00";"  11.473";"despreparo";" 7.061076e-04"
"   4";"   5";" 80.00";"  11.473";"criston";" 7.061076e-04"
"   4";"   5";" 80.00";"  11.473";"conclusivo";" 7.061076e-04"
"   4";"   5";" 80.00";"  11.473";"caps";" 7.061076e-04"
"   4";"   5";" 80.00";"  11.473";"aquisição";" 7.061076e-04"
"   4";"   5";" 80.00";"  11.473";"anteontem";" 7.061076e-04"
"   4";"   5";" 80.00";"  11.473";"alternativa";" 7.061076e-04"
"   4";"   5";" 80.00";"  11.473";"abarcar";" 7.061076e-04"
"   7";"  12";" 58.33";"  11.300";"monitoramento";" 7.749705e-04"
"   7";"  12";" 58.33";"  11.300";"bia";" 7.749705e-04"
"   7";"  12";" 58.33";"  11.300";"automático";" 7.749705e-04"
"  24";"  67";" 35.82";"  10.989";"razão";" 9.165950e-04"
"  15";"  36";" 41.67";"  10.959";"conceito";" 9.314524e-04"
"  15";"  36";" 41.67";"  10.959";"abril";" 9.314524e-04"
"  22";"  60";" 36.67";"  10.899";"aproveitar";" 9.620543e-04"
"  69";" 246";" 28.05";"  10.866";"partido";" 9.794108e-04"
" 182";" 744";" 24.46";"  10.861";"grande";" 9.823701e-04"
"  52";" 176";" 29.55";"  10.791";"polícia";" 1.019812e-03"
"  50";" 168";" 29.76";"  10.756";"infelizmente";" 1.039182e-03"
"  14";"  33";" 42.42";"  10.750";"identificar";" 1.042637e-03"
"  14";"  33";" 42.42";"  10.750";"aguardar";" 1.042637e-03"
"  14";"  33";" 42.42";"  10.750";"civil";" 1.042637e-03"
"  14";"  33";" 42.42";"  10.750";"desenvolver";" 1.042637e-03"
"  14";"  33";" 42.42";"  10.750";"oficial";" 1.042637e-03"
"   8";"  15";" 53.33";"  10.705";"obrigação";" 1.068615e-03"
"   8";"  15";" 53.33";"  10.705";"anúncio";" 1.068615e-03"
"  23";"  64";" 35.94";"  10.648";"banheiro";" 1.101767e-03"
"  13";"  30";" 43.33";"  10.570";"setor";" 1.149223e-03"
"  13";"  30";" 43.33";"  10.570";"saudável";" 1.149223e-03"
"  30";"  90";" 33.33";"  10.561";"principal";" 1.155279e-03"
"  30";"  90";" 33.33";"  10.561";"entendimento";" 1.155279e-03"
"   9";"  18";" 50.00";"  10.425";"medir";" 1.243162e-03"
"   9";"  18";" 50.00";"  10.425";"aplicação";" 1.243162e-03"
"  11";"  24";" 45.83";"  10.340";"covid";" 1.302052e-03"
"  11";"  24";" 45.83";"  10.340";"verificar";" 1.302052e-03"
"  10";"  21";" 47.62";"  10.326";"referir";" 1.311752e-03"
"   6";"  10";" 60.00";"  10.247";"representatividade";" 1.369325e-03"
"   6";"  10";" 60.00";"  10.247";"munição";" 1.369325e-03"
"   6";"  10";" 60.00";"  10.247";"coordenação";" 1.369325e-03"
"   6";"  10";" 60.00";"  10.247";"cadastro";" 1.369325e-03"
"   6";"  10";" 60.00";"  10.247";"acontecimento";" 1.369325e-03"
"   6";"  10";" 60.00";"  10.247";"sor";" 1.369325e-03"
"   6";"  10";" 60.00";"  10.247";"esforçar";" 1.369325e-03"
"   6";"  10";" 60.00";"  10.247";"criminalização";" 1.369325e-03"
"   6";"  10";" 60.00";"  10.247";"brutalmente";" 1.369325e-03"
"  61";" 215";" 28.37";"  10.236";"sociedade";" 1.377125e-03"
"  32";"  99";" 32.32";"   9.959";"histórico";" 1.600240e-03"
"  22";"  62";" 35.48";"   9.745";"feira";" 1.797679e-03"
"  13";"  31";" 41.94";"   9.668";"penal";" 1.875330e-03"
"   7";"  13";" 53.85";"   9.562";"desvio";" 1.986497e-03"
"   7";"  13";" 53.85";"   9.562";"simbólico";" 1.986497e-03"
"   7";"  13";" 53.85";"   9.562";"pretender";" 1.986497e-03"
"   7";"  13";" 53.85";"   9.562";"metodologia";" 1.986497e-03"
"   7";"  13";" 53.85";"   9.562";"ligado";" 1.986497e-03"
"  12";"  28";" 42.86";"   9.471";"planejamento";" 2.087678e-03"
"  21";"  59";" 35.59";"   9.402";"tentativa";" 2.167586e-03"
"   8";"  16";" 50.00";"   9.266";"limitação";" 2.334488e-03"
"   8";"  16";" 50.00";"   9.266";"retiro";" 2.334488e-03"
"   8";"  16";" 50.00";"   9.266";"armamento";" 2.334488e-03"
"  25";"  74";" 33.78";"   9.262";"função";" 2.340117e-03"
"   5";"   8";" 62.50";"   9.246";"variar";" 2.360252e-03"
"   5";"   8";" 62.50";"   9.246";"regional";" 2.360252e-03"
"   5";"   8";" 62.50";"   9.246";"especificidade";" 2.360252e-03"
"   5";"   8";" 62.50";"   9.246";"equivocar";" 2.360252e-03"
"   5";"   8";" 62.50";"   9.246";"transtorno";" 2.360252e-03"
"   5";"   8";" 62.50";"   9.246";"restante";" 2.360252e-03"
"   5";"   8";" 62.50";"   9.246";"pacto";" 2.360252e-03"
"   5";"   8";" 62.50";"   9.246";"leviano";" 2.360252e-03"
"   5";"   8";" 62.50";"   9.246";"hom";" 2.360252e-03"
"   5";"   8";" 62.50";"   9.246";"conectividade";" 2.360252e-03"
"   5";"   8";" 62.50";"   9.246";"apreender";" 2.360252e-03"
"   5";"   8";" 62.50";"   9.246";"volume";" 2.360252e-03"
"   5";"   8";" 62.50";"   9.246";"viabilizar";" 2.360252e-03"
"   5";"   8";" 62.50";"   9.246";"instalação";" 2.360252e-03"
"   5";"   8";" 62.50";"   9.246";"impossibilitar";" 2.360252e-03"
"   5";"   8";" 62.50";"   9.246";"grau";" 2.360252e-03"
"   5";"   8";" 62.50";"   9.246";"devidamente";" 2.360252e-03"
"   5";"   8";" 62.50";"   9.246";"bombeiro";" 2.360252e-03"
"   5";"   8";" 62.50";"   9.246";"artur";" 2.360252e-03"
"   5";"   8";" 62.50";"   9.246";"adicionar";" 2.360252e-03"
"   5";"   8";" 62.50";"   9.246";"acumular";" 2.360252e-03"
"   9";"  19";" 47.37";"   9.175";"profissão";" 2.453944e-03"
"   9";"  19";" 47.37";"   9.175";"indústria";" 2.453944e-03"
"  14";"  35";" 40.00";"   9.097";"atuação";" 2.560245e-03"
"  27";"  82";" 32.93";"   9.053";"correto";" 2.623242e-03"
"  23";"  67";" 34.33";"   9.045";"coronel";" 2.633809e-03"
"  97";" 376";" 25.80";"   8.886";"melhor";" 2.873941e-03"
"  67";" 246";" 27.24";"   8.847";"final";" 2.936175e-03"
"  32";" 102";" 31.37";"   8.772";"democrático";" 3.059059e-03"
"  19";"  53";" 35.85";"   8.718";"risco";" 3.150403e-03"
"  15";"  39";" 38.46";"   8.658";"enorme";" 3.256306e-03"
"  17";"  46";" 36.96";"   8.640";"representante";" 3.289330e-03"
"  29";"  91";" 31.87";"   8.502";"silêncio";" 3.546823e-03"
"  31";"  99";" 31.31";"   8.426";"campo";" 3.698455e-03"
"   6";"  11";" 54.55";"   8.425";"competir";" 3.700399e-03"
"   6";"  11";" 54.55";"   8.425";"olímpico";" 3.700399e-03"
"   6";"  11";" 54.55";"   8.425";"comparecer";" 3.700399e-03"
"  11";"  26";" 42.31";"   8.381";"gratuito";" 3.792054e-03"
"   4";"   6";" 66.67";"   8.351";"palestrante";" 3.855709e-03"
"   4";"   6";" 66.67";"   8.351";"comunicado";" 3.855709e-03"
"   4";"   6";" 66.67";"   8.351";"remanescente";" 3.855709e-03"
"   4";"   6";" 66.67";"   8.351";"laico";" 3.855709e-03"
"   4";"   6";" 66.67";"   8.351";"hadad";" 3.855709e-03"
"   4";"   6";" 66.67";"   8.351";"cris";" 3.855709e-03"
"   4";"   6";" 66.67";"   8.351";"balbúrdia";" 3.855709e-03"
"   4";"   6";" 66.67";"   8.351";"alí";" 3.855709e-03"
"   4";"   6";" 66.67";"   8.351";"ético";" 3.855709e-03"
"   4";"   6";" 66.67";"   8.351";"violar";" 3.855709e-03"
"   4";"   6";" 66.67";"   8.351";"similar";" 3.855709e-03"
"   4";"   6";" 66.67";"   8.351";"semestre";" 3.855709e-03"
"   4";"   6";" 66.67";"   8.351";"satisfeito";" 3.855709e-03"
"   4";"   6";" 66.67";"   8.351";"por1";" 3.855709e-03"
"   4";"   6";" 66.67";"   8.351";"plausível";" 3.855709e-03"
"   4";"   6";" 66.67";"   8.351";"individualmente";" 3.855709e-03"
"   4";"   6";" 66.67";"   8.351";"fornecer";" 3.855709e-03"
"   4";"   6";" 66.67";"   8.351";"fazê";" 3.855709e-03"
"   4";"   6";" 66.67";"   8.351";"dispositivo";" 3.855709e-03"
"   4";"   6";" 66.67";"   8.351";"dispensar";" 3.855709e-03"
"   4";"   6";" 66.67";"   8.351";"demandado";" 3.855709e-03"
"   4";"   6";" 66.67";"   8.351";"decorrente";" 3.855709e-03"
"   4";"   6";" 66.67";"   8.351";"contrapartida";" 3.855709e-03"
"   4";"   6";" 66.67";"   8.351";"composição";" 3.855709e-03"
"   4";"   6";" 66.67";"   8.351";"cer";" 3.855709e-03"
"   4";"   6";" 66.67";"   8.351";"censo";" 3.855709e-03"
"   4";"   6";" 66.67";"   8.351";"aliciar";" 3.855709e-03"
" 120";" 482";" 24.90";"   8.295";"próprio";" 3.976287e-03"
"  10";"  23";" 43.48";"   8.201";"companheiro";" 4.185894e-03"
"  10";"  23";" 43.48";"   8.201";"natureza";" 4.185894e-03"
"  10";"  23";" 43.48";"   8.201";"externo";" 4.185894e-03"
"  49";" 173";" 28.32";"   8.131";"falta";" 4.351957e-03"
"   7";"  14";" 50.00";"   8.107";"barbosa";" 4.409252e-03"
"   7";"  14";" 50.00";"   8.107";"tributário";" 4.409252e-03"
"   7";"  14";" 50.00";"   8.107";"localizar";" 4.409252e-03"
"   7";"  14";" 50.00";"   8.107";"limitar";" 4.409252e-03"
"   7";"  14";" 50.00";"   8.107";"consolidar";" 4.409252e-03"
"  58";" 211";" 27.49";"   8.095";"demais";" 4.438250e-03"
"   9";"  20";" 45.00";"   8.074";"obter";" 4.491096e-03"
"   9";"  20";" 45.00";"   8.074";"fator";" 4.491096e-03"
"   9";"  20";" 45.00";"   8.074";"mobilização";" 4.491096e-03"
"  13";"  33";" 39.39";"   8.071";"aspa";" 4.496944e-03"
"   8";"  17";" 47.06";"   8.025";"provisório";" 4.612657e-03"
"   8";"  17";" 47.06";"   8.025";"evidente";" 4.612657e-03"
"   8";"  17";" 47.06";"   8.025";"maturidade";" 4.612657e-03"
"  46";" 162";" 28.40";"   7.737";"líder";" 5.409150e-03"
"   3";"   4";" 75.00";"   7.719";"percepção";" 5.465708e-03"
"   3";"   4";" 75.00";"   7.719";"lidice";" 5.465708e-03"
"   3";"   4";" 75.00";"   7.719";"fobia";" 5.465708e-03"
"   3";"   4";" 75.00";"   7.719";"típico";" 5.465708e-03"
"   3";"   4";" 75.00";"   7.719";"precarização";" 5.465708e-03"
"   3";"   4";" 75.00";"   7.719";"implantação";" 5.465708e-03"
"   3";"   4";" 75.00";"   7.719";"cde";" 5.465708e-03"
"   3";"   4";" 75.00";"   7.719";"atingido";" 5.465708e-03"
"   3";"   4";" 75.00";"   7.719";"zer";" 5.465708e-03"
"   3";"   4";" 75.00";"   7.719";"tábata";" 5.465708e-03"
"   3";"   4";" 75.00";"   7.719";"trâmite";" 5.465708e-03"
"   3";"   4";" 75.00";"   7.719";"supervisão";" 5.465708e-03"
"   3";"   4";" 75.00";"   7.719";"substituição";" 5.465708e-03"
"   3";"   4";" 75.00";"   7.719";"situar";" 5.465708e-03"
"   3";"   4";" 75.00";"   7.719";"retórica";" 5.465708e-03"
"   3";"   4";" 75.00";"   7.719";"restituir";" 5.465708e-03"
"   3";"   4";" 75.00";"   7.719";"referido";" 5.465708e-03"
"   3";"   4";" 75.00";"   7.719";"radicalmente";" 5.465708e-03"
"   3";"   4";" 75.00";"   7.719";"quto";" 5.465708e-03"
"   3";"   4";" 75.00";"   7.719";"quesito";" 5.465708e-03"
"   3";"   4";" 75.00";"   7.719";"provocado";" 5.465708e-03"
"   3";"   4";" 75.00";"   7.719";"prim";" 5.465708e-03"
"   3";"   4";" 75.00";"   7.719";"preservado";" 5.465708e-03"
"   3";"   4";" 75.00";"   7.719";"precursor";" 5.465708e-03"
"   3";"   4";" 75.00";"   7.719";"pontuação";" 5.465708e-03"
"   3";"   4";" 75.00";"   7.719";"pluralismo";" 5.465708e-03"
"   3";"   4";" 75.00";"   7.719";"op";" 5.465708e-03"
"   3";"   4";" 75.00";"   7.719";"oficialmente";" 5.465708e-03"
"   3";"   4";" 75.00";"   7.719";"obrigatoriamente";" 5.465708e-03"
"   3";"   4";" 75.00";"   7.719";"obgado";" 5.465708e-03"
"   3";"   4";" 75.00";"   7.719";"nom";" 5.465708e-03"
"   3";"   4";" 75.00";"   7.719";"militarizar";" 5.465708e-03"
"   3";"   4";" 75.00";"   7.719";"lobista";" 5.465708e-03"
"   3";"   4";" 75.00";"   7.719";"jerônimo";" 5.465708e-03"
"   3";"   4";" 75.00";"   7.719";"improbidade";" 5.465708e-03"
"   3";"   4";" 75.00";"   7.719";"imprescindível";" 5.465708e-03"
"   3";"   4";" 75.00";"   7.719";"ignorância";" 5.465708e-03"
"   3";"   4";" 75.00";"   7.719";"furg";" 5.465708e-03"
"   3";"   4";" 75.00";"   7.719";"fericiano";" 5.465708e-03"
"   3";"   4";" 75.00";"   7.719";"extinguir";" 5.465708e-03"
"   3";"   4";" 75.00";"   7.719";"expressamente";" 5.465708e-03"
"   3";"   4";" 75.00";"   7.719";"esgotar";" 5.465708e-03"
"   3";"   4";" 75.00";"   7.719";"entrave";" 5.465708e-03"
"   3";"   4";" 75.00";"   7.719";"empatar";" 5.465708e-03"
"   3";"   4";" 75.00";"   7.719";"eem";" 5.465708e-03"
"   3";"   4";" 75.00";"   7.719";"distrital";" 5.465708e-03"
"   3";"   4";" 75.00";"   7.719";"dev";" 5.465708e-03"
"   3";"   4";" 75.00";"   7.719";"detalhar";" 5.465708e-03"
"   3";"   4";" 75.00";"   7.719";"convênio";" 5.465708e-03"
"   3";"   4";" 75.00";"   7.719";"condicionar";" 5.465708e-03"
"   3";"   4";" 75.00";"   7.719";"castração";" 5.465708e-03"
"   3";"   4";" 75.00";"   7.719";"calamidade";" 5.465708e-03"
"   3";"   4";" 75.00";"   7.719";"beneficiário";" 5.465708e-03"
"   3";"   4";" 75.00";"   7.719";"assimilar";" 5.465708e-03"
"   3";"   4";" 75.00";"   7.719";"apreciar";" 5.465708e-03"
"  16";"  44";" 36.36";"   7.704";"abuso";" 5.508634e-03"
"  55";" 200";" 27.50";"   7.693";"adolescente";" 5.542908e-03"
"  24";"  74";" 32.43";"   7.566";"salário";" 5.946394e-03"
"  95";" 375";" 25.33";"   7.558";"ler";" 5.975851e-03"
"  41";" 142";" 28.87";"   7.545";"papel";" 6.018074e-03"
"  11";"  27";" 40.74";"   7.537";"conduta";" 6.042839e-03"
"  11";"  27";" 40.74";"   7.537";"especialista";" 6.042839e-03"
"  11";"  27";" 40.74";"   7.537";"tecnologia";" 6.042839e-03"
"  11";"  27";" 40.74";"   7.537";"deais";" 6.042839e-03"
"  25";"  78";" 32.05";"   7.505";"interesse";" 6.151578e-03"
"  20";"  59";" 33.90";"   7.501";"região";" 6.168139e-03"
"  29";"  94";" 30.85";"   7.374";"baixo";" 6.618192e-03"
"  13";"  34";" 38.24";"   7.365";"mental";" 6.649409e-03"
"  30";"  98";" 30.61";"   7.362";"solução";" 6.660911e-03"
"  30";"  98";" 30.61";"   7.362";"convite";" 6.660911e-03"
"  32";" 106";" 30.19";"   7.358";"ferreira";" 6.676821e-03"
"  10";"  24";" 41.67";"   7.303";"conter";" 6.885691e-03"
"  10";"  24";" 41.67";"   7.303";"quadro";" 6.885691e-03"
"  10";"  24";" 41.67";"   7.303";"confusão";" 6.885691e-03"
"   5";"   9";" 55.56";"   7.299";"recorrer";" 6.900892e-03"
"   5";"   9";" 55.56";"   7.299";"expandir";" 6.900892e-03"
"   5";"   9";" 55.56";"   7.299";"renan";" 6.900892e-03"
"   5";"   9";" 55.56";"   7.299";"tese";" 6.900892e-03"
"   5";"   9";" 55.56";"   7.299";"repudiar";" 6.900892e-03"
"   5";"   9";" 55.56";"   7.299";"recorte";" 6.900892e-03"
"   5";"   9";" 55.56";"   7.299";"calendário";" 6.900892e-03"
"   5";"   9";" 55.56";"   7.299";"trabalhista";" 6.900892e-03"
"   5";"   9";" 55.56";"   7.299";"sociologia";" 6.900892e-03"
"   5";"   9";" 55.56";"   7.299";"metal";" 6.900892e-03"
"   5";"   9";" 55.56";"   7.299";"institucional";" 6.900892e-03"
"   5";"   9";" 55.56";"   7.299";"fo";" 6.900892e-03"
"   5";"   9";" 55.56";"   7.299";"déficit";" 6.900892e-03"
"   5";"   9";" 55.56";"   7.299";"acordado";" 6.900892e-03"
"  18";"  52";" 34.62";"   7.294";"grave";" 6.916643e-03"
"  16";"  45";" 35.56";"   7.133";"década";" 7.568062e-03"
" 485";"2217";" 21.88";"   7.101";"já";" 7.705796e-03"
"   9";"  21";" 42.86";"   7.101";"seleção";" 7.703625e-03"
"   9";"  21";" 42.86";"   7.101";"concepção";" 7.703625e-03"
"  12";"  31";" 38.71";"   7.063";"eficaz";" 7.868196e-03"
"  30";"  99";" 30.30";"   7.021";"conteúdo";" 8.055555e-03"
"   8";"  18";" 44.44";"   6.950";"finalidade";" 8.382509e-03"
"   8";"  18";" 44.44";"   6.950";"exame";" 8.382509e-03"
"   8";"  18";" 44.44";"   6.950";"pel";" 8.382509e-03"
"   8";"  18";" 44.44";"   6.950";"exercício";" 8.382509e-03"
"   8";"  18";" 44.44";"   6.950";"clareza";" 8.382509e-03"
"   8";"  18";" 44.44";"   6.950";"curitiba";" 8.382509e-03"
"   6";"  12";" 50.00";"   6.948";"vieira";" 8.389542e-03"
"   6";"  12";" 50.00";"   6.948";"manual";" 8.389542e-03"
"   6";"  12";" 50.00";"   6.948";"insistir";" 8.389542e-03"
"   6";"  12";" 50.00";"   6.948";"conferir";" 8.389542e-03"
"   6";"  12";" 50.00";"   6.948";"monitorar";" 8.389542e-03"
"   6";"  12";" 50.00";"   6.948";"inversão";" 8.389542e-03"
"   6";"  12";" 50.00";"   6.948";"qualificado";" 8.389542e-03"
"   7";"  15";" 46.67";"   6.879";"substituir";" 8.721845e-03"
"   7";"  15";" 46.67";"   6.879";"sensibilidade";" 8.721845e-03"
"  15";"  42";" 35.71";"   6.791";"concreto";" 9.162985e-03"
"  11";"  28";" 39.29";"   6.772";"combinar";" 9.260238e-03"
"  11";"  28";" 39.29";"   6.772";"refletir";" 9.260238e-03"
"  25";"  80";" 31.25";"   6.730";"efeito";" 9.480807e-03"
"  60";" 226";" 26.55";"   6.703";"semana";" 9.626606e-03"
"  16";"  46";" 34.78";"   6.597";"prefeitura";" 1.021511e-02"
"  17";"  50";" 34.00";"   6.446";"breve";" 1.112280e-02"
"  33";" 113";" 29.20";"   6.438";"responsabilidade";" 1.117063e-02"
"  32";" 109";" 29.36";"   6.413";"ideologia";" 1.132970e-02"
"  32";" 109";" 29.36";"   6.413";"ataque";" 1.132970e-02"
"  12";"  32";" 37.50";"   6.392";"sucesso";" 1.146550e-02"
"  24";"  77";" 31.17";"   6.386";"foco";" 1.150331e-02"
"  43";" 155";" 27.74";"   6.328";"aumentar";" 1.188700e-02"
"  37";" 130";" 28.46";"   6.296";"ex";" 1.209822e-02"
"   9";"  22";" 40.91";"   6.239";"diversidade";" 1.249528e-02"
"   9";"  22";" 40.91";"   6.239";"interessar";" 1.249528e-02"
"   4";"   7";" 57.14";"   6.190";"portal";" 1.284522e-02"
"   4";"   7";" 57.14";"   6.190";"requisito";" 1.284522e-02"
"   4";"   7";" 57.14";"   6.190";"botão";" 1.284522e-02"
"   4";"   7";" 57.14";"   6.190";"respaldo";" 1.284522e-02"
"   4";"   7";" 57.14";"   6.190";"rechaçar";" 1.284522e-02"
"   4";"   7";" 57.14";"   6.190";"diretório";" 1.284522e-02"
"   4";"   7";" 57.14";"   6.190";"dificultar";" 1.284522e-02"
"   4";"   7";" 57.14";"   6.190";"salto";" 1.284522e-02"
"   4";"   7";" 57.14";"   6.190";"restabelecer";" 1.284522e-02"
"   4";"   7";" 57.14";"   6.190";"optar";" 1.284522e-02"
"   4";"   7";" 57.14";"   6.190";"kim";" 1.284522e-02"
"   4";"   7";" 57.14";"   6.190";"intimidar";" 1.284522e-02"
"   4";"   7";" 57.14";"   6.190";"g20";" 1.284522e-02"
"   4";"   7";" 57.14";"   6.190";"extrapolar";" 1.284522e-02"
"   4";"   7";" 57.14";"   6.190";"concessão";" 1.284522e-02"
"   4";"   7";" 57.14";"   6.190";"con";" 1.284522e-02"
"   4";"   7";" 57.14";"   6.190";"biologia";" 1.284522e-02"
"   4";"   7";" 57.14";"   6.190";"ad";" 1.284522e-02"
"  11";"  29";" 37.93";"   6.076";"organizar";" 1.370220e-02"
"  11";"  29";" 37.93";"   6.076";"primeiramente";" 1.370220e-02"
"  26";"  86";" 30.23";"   6.015";"depender";" 1.418504e-02"
"   8";"  19";" 42.11";"   6.013";"revogar";" 1.419742e-02"
"   8";"  19";" 42.11";"   6.013";"ausência";" 1.419742e-02"
"  17";"  51";" 33.33";"   5.975";"devido";" 1.451065e-02"
"  17";"  51";" 33.33";"   5.975";"comunicação";" 1.451065e-02"
"   7";"  16";" 43.75";"   5.835";"integridade";" 1.571084e-02"
"   5";"  10";" 50.00";"   5.790";"feminino";" 1.611898e-02"
"   5";"  10";" 50.00";"   5.790";"atleta";" 1.611898e-02"
"   5";"  10";" 50.00";"   5.790";"intolerância";" 1.611898e-02"
"   5";"  10";" 50.00";"   5.790";"exigência";" 1.611898e-02"
"   5";"  10";" 50.00";"   5.790";"eficiente";" 1.611898e-02"
"   5";"  10";" 50.00";"   5.790";"decidido";" 1.611898e-02"
"   5";"  10";" 50.00";"   5.790";"afetado";" 1.611898e-02"
"  49";" 183";" 26.78";"   5.785";"tender";" 1.616319e-02"
"  12";"  33";" 36.36";"   5.776";"assustar";" 1.624878e-02"
"  10";"  26";" 38.46";"   5.769";"péssimo";" 1.631148e-02"
"   6";"  13";" 46.15";"   5.736";"introduzir";" 1.661629e-02"
"   6";"  13";" 46.15";"   5.736";"suspensão";" 1.661629e-02"
"   6";"  13";" 46.15";"   5.736";"fortemente";" 1.661629e-02"
"   6";"  13";" 46.15";"   5.736";"adiante";" 1.661629e-02"
"  16";"  48";" 33.33";"   5.623";"visita";" 1.772844e-02"
"   9";"  23";" 39.13";"   5.474";"ameaçar";" 1.930594e-02"
"  11";"  30";" 36.67";"   5.443";"vinda";" 1.964639e-02"
"  35";" 125";" 28.00";"   5.430";"repetir";" 1.979076e-02"
"  19";"  60";" 31.67";"   5.415";"equipa";" 1.996771e-02"
"  25";"  84";" 29.76";"   5.360";"assinar";" 2.060323e-02"
"  21";"  68";" 30.88";"   5.359";"religioso";" 2.061956e-02"
" 253";"1130";" 22.39";"   5.299";"palavra";" 2.133552e-02"
"  36";" 130";" 27.69";"   5.236";"perdão";" 2.212074e-02"
"  55";" 212";" 25.94";"   5.218";"situação";" 2.234998e-02"
"   8";"  20";" 40.00";"   5.195";"válido";" 2.264964e-02"
"   8";"  20";" 40.00";"   5.195";"solidariedade";" 2.264964e-02"
"   3";"   5";" 60.00";"   5.122";"it";" 2.362026e-02"
"   3";"   5";" 60.00";"   5.122";"travesti";" 2.362026e-02"
"   3";"   5";" 60.00";"   5.122";"preconceituoso";" 2.362026e-02"
"   3";"   5";" 60.00";"   5.122";"out";" 2.362026e-02"
"   3";"   5";" 60.00";"   5.122";"vínculo";" 2.362026e-02"
"   3";"   5";" 60.00";"   5.122";"verbal";" 2.362026e-02"
"   3";"   5";" 60.00";"   5.122";"resolvido";" 2.362026e-02"
"   3";"   5";" 60.00";"   5.122";"previdência";" 2.362026e-02"
"   3";"   5";" 60.00";"   5.122";"libertador";" 2.362026e-02"
"   3";"   5";" 60.00";"   5.122";"flexibilização";" 2.362026e-02"
"   3";"   5";" 60.00";"   5.122";"espancar";" 2.362026e-02"
"   3";"   5";" 60.00";"   5.122";"embasamento";" 2.362026e-02"
"   3";"   5";" 60.00";"   5.122";"borges";" 2.362026e-02"
"   3";"   5";" 60.00";"   5.122";"bi";" 2.362026e-02"
"   3";"   5";" 60.00";"   5.122";"tranquilamente";" 2.362026e-02"
"   3";"   5";" 60.00";"   5.122";"tod";" 2.362026e-02"
"   3";"   5";" 60.00";"   5.122";"reservar";" 2.362026e-02"
"   3";"   5";" 60.00";"   5.122";"reclamação";" 2.362026e-02"
"   3";"   5";" 60.00";"   5.122";"qualificar";" 2.362026e-02"
"   3";"   5";" 60.00";"   5.122";"priorizado";" 2.362026e-02"
"   3";"   5";" 60.00";"   5.122";"polo";" 2.362026e-02"
"   3";"   5";" 60.00";"   5.122";"pejorativo";" 2.362026e-02"
"   3";"   5";" 60.00";"   5.122";"peculiaridade";" 2.362026e-02"
"   3";"   5";" 60.00";"   5.122";"participante";" 2.362026e-02"
"   3";"   5";" 60.00";"   5.122";"oriundo";" 2.362026e-02"
"   3";"   5";" 60.00";"   5.122";"oportuno";" 2.362026e-02"
"   3";"   5";" 60.00";"   5.122";"nísia";" 2.362026e-02"
"   3";"   5";" 60.00";"   5.122";"notificação";" 2.362026e-02"
"   3";"   5";" 60.00";"   5.122";"manaus";" 2.362026e-02"
"   3";"   5";" 60.00";"   5.122";"legitimamente";" 2.362026e-02"
"   3";"   5";" 60.00";"   5.122";"juro";" 2.362026e-02"
"   3";"   5";" 60.00";"   5.122";"ind";" 2.362026e-02"
"   3";"   5";" 60.00";"   5.122";"garcia";" 2.362026e-02"
"   3";"   5";" 60.00";"   5.122";"fiar";" 2.362026e-02"
"   3";"   5";" 60.00";"   5.122";"faul";" 2.362026e-02"
"   3";"   5";" 60.00";"   5.122";"familiaridade";" 2.362026e-02"
"   3";"   5";" 60.00";"   5.122";"equipar";" 2.362026e-02"
"   3";"   5";" 60.00";"   5.122";"divergente";" 2.362026e-02"
"   3";"   5";" 60.00";"   5.122";"distorcer";" 2.362026e-02"
"   3";"   5";" 60.00";"   5.122";"democraticamente";" 2.362026e-02"
"   3";"   5";" 60.00";"   5.122";"considerável";" 2.362026e-02"
"   3";"   5";" 60.00";"   5.122";"citação";" 2.362026e-02"
"   3";"   5";" 60.00";"   5.122";"cgu";" 2.362026e-02"
"   3";"   5";" 60.00";"   5.122";"caracterizar";" 2.362026e-02"
"   3";"   5";" 60.00";"   5.122";"campus";" 2.362026e-02"
"   3";"   5";" 60.00";"   5.122";"bnds";" 2.362026e-02"
"   3";"   5";" 60.00";"   5.122";"benéfico";" 2.362026e-02"
"   3";"   5";" 60.00";"   5.122";"ater";" 2.362026e-02"
"   3";"   5";" 60.00";"   5.122";"antecipar";" 2.362026e-02"
"   3";"   5";" 60.00";"   5.122";"alocar";" 2.362026e-02"
"   3";"   5";" 60.00";"   5.122";"adaptação";" 2.362026e-02"
"   3";"   5";" 60.00";"   5.122";"5g";" 2.362026e-02"
"  10";"  27";" 37.04";"   5.115";"dignidade";" 2.372430e-02"
"  18";"  57";" 31.58";"   5.068";"custo";" 2.437059e-02"
"  37";" 135";" 27.41";"   5.057";"resolver";" 2.453145e-02"
"  13";"  38";" 34.21";"   5.042";"disponível";" 2.474287e-02"
" 129";" 549";" 23.50";"   5.040";"claro";" 2.477087e-02"
"  20";"  65";" 30.77";"   5.018";"expor";" 2.508091e-02"
"  22";"  73";" 30.14";"   5.011";"mata";" 2.519203e-02"
"   7";"  17";" 41.18";"   4.943";"psdb";" 2.620120e-02"
"   7";"  17";" 41.18";"   4.943";"prf";" 2.620120e-02"
"   7";"  17";" 41.18";"   4.943";"di";" 2.620120e-02"
"  14";"  42";" 33.33";"   4.919";"eletrônico";" 2.656667e-02"
"   9";"  24";" 37.50";"   4.792";"negociar";" 2.858825e-02"
"  58";" 228";" 25.44";"   4.741";"conversar";" 2.945517e-02"
"   6";"  14";" 42.86";"   4.733";"viés";" 2.959363e-02"
"   6";"  14";" 42.86";"   4.733";"remeter";" 2.959363e-02"
"   6";"  14";" 42.86";"   4.733";"tesouro";" 2.959363e-02"
"  17";"  54";" 31.48";"   4.722";"disposição";" 2.977714e-02"
"  18";"  58";" 31.03";"   4.694";"cargo";" 3.026373e-02"
"  12";"  35";" 34.29";"   4.692";"detalhe";" 3.031165e-02"
"  22";"  74";" 29.73";"   4.690";"guarda";" 3.034167e-02"
"  22";"  74";" 29.73";"   4.690";"serviço";" 3.034167e-02"
"  29";" 103";" 28.16";"   4.640";"posicionamento";" 3.123451e-02"
"   4";"   8";" 50.00";"   4.632";"notório";" 3.138998e-02"
"   4";"   8";" 50.00";"   4.632";"socorrer";" 3.138998e-02"
"   4";"   8";" 50.00";"   4.632";"performance";" 3.138998e-02"
"   4";"   8";" 50.00";"   4.632";"pass";" 3.138998e-02"
"   4";"   8";" 50.00";"   4.632";"distribuição";" 3.138998e-02"
"   4";"   8";" 50.00";"   4.632";"autoritário";" 3.138998e-02"
"   4";"   8";" 50.00";"   4.632";"viável";" 3.138998e-02"
"   4";"   8";" 50.00";"   4.632";"par";" 3.138998e-02"
"   4";"   8";" 50.00";"   4.632";"liv";" 3.138998e-02"
"   4";"   8";" 50.00";"   4.632";"isonomia";" 3.138998e-02"
"   4";"   8";" 50.00";"   4.632";"inserir";" 3.138998e-02"
"   4";"   8";" 50.00";"   4.632";"cap";" 3.138998e-02"
"   4";"   8";" 50.00";"   4.632";"agradecimento";" 3.138998e-02"
"   5";"  11";" 45.45";"   4.600";"reconstrução";" 3.197064e-02"
"   5";"  11";" 45.45";"   4.600";"porte";" 3.197064e-02"
"   5";"  11";" 45.45";"   4.600";"fortalecimento";" 3.197064e-02"
"   5";"  11";" 45.45";"   4.600";"brilhante";" 3.197064e-02"
"   5";"  11";" 45.45";"   4.600";"rever";" 3.197064e-02"
"   5";"  11";" 45.45";"   4.600";"prejudicado";" 3.197064e-02"
"   5";"  11";" 45.45";"   4.600";"encerramento";" 3.197064e-02"
"   5";"  11";" 45.45";"   4.600";"periferia";" 3.197064e-02"
"   5";"  11";" 45.45";"   4.600";"liberação";" 3.197064e-02"
"   5";"  11";" 45.45";"   4.600";"distorção";" 3.197064e-02"
"  13";"  39";" 33.33";"   4.567";"lamentar";" 3.259618e-02"
"  13";"  39";" 33.33";"   4.567";"praticar";" 3.259618e-02"
"  13";"  39";" 33.33";"   4.567";"título";" 3.259618e-02"
"  13";"  39";" 33.33";"   4.567";"especificamente";" 3.259618e-02"
"  10";"  28";" 35.71";"   4.525";"escala";" 3.341002e-02"
"  10";"  28";" 35.71";"   4.525";"travar";" 3.341002e-02"
"   8";"  21";" 38.10";"   4.478";"desconto";" 3.432907e-02"
"   8";"  21";" 38.10";"   4.478";"regular";" 3.432907e-02"
"  21";"  71";" 29.58";"   4.363";"etc";" 3.672263e-02"
"  21";"  71";" 29.58";"   4.363";"desejo";" 3.672263e-02"
"  45";" 173";" 26.01";"   4.345";"futuro";" 3.710899e-02"
"  18";"  59";" 30.51";"   4.341";"cobrar";" 3.719561e-02"
"  32";" 117";" 27.35";"   4.315";"proteger";" 3.778823e-02"
"  57";" 227";" 25.11";"   4.193";"diverso";" 4.060069e-02"
"   9";"  25";" 36.00";"   4.185";"relatar";" 4.078224e-02"
"   7";"  18";" 38.89";"   4.177";"dezembro";" 4.097969e-02"
"   7";"  18";" 38.89";"   4.177";"existência";" 4.097969e-02"
"   2";"   3";" 66.67";"   4.175";"if";" 4.103008e-02"
"   2";"   3";" 66.67";"   4.175";"transexual";" 4.103008e-02"
"   2";"   3";" 66.67";"   4.175";"don";" 4.103008e-02"
"   2";"   3";" 66.67";"   4.175";"men";" 4.103008e-02"
"   2";"   3";" 66.67";"   4.175";"urbano";" 4.103008e-02"
"   2";"   3";" 66.67";"   4.175";"vestiário";" 4.103008e-02"
"   2";"   3";" 66.67";"   4.175";"neoliberal";" 4.103008e-02"
"   2";"   3";" 66.67";"   4.175";"demonizar";" 4.103008e-02"
"   2";"   3";" 66.67";"   4.175";"atilar";" 4.103008e-02"
"   2";"   3";" 66.67";"   4.175";"aplicado";" 4.103008e-02"
"   2";"   3";" 66.67";"   4.175";"zerar";" 4.103008e-02"
"   2";"   3";" 66.67";"   4.175";"ufmg";" 4.103008e-02"
"   2";"   3";" 66.67";"   4.175";"tônico";" 4.103008e-02"
"   2";"   3";" 66.67";"   4.175";"trincheira";" 4.103008e-02"
"   2";"   3";" 66.67";"   4.175";"sistêmico";" 4.103008e-02"
"   2";"   3";" 66.67";"   4.175";"rankings";" 4.103008e-02"
"   2";"   3";" 66.67";"   4.175";"min";" 4.103008e-02"
"   2";"   3";" 66.67";"   4.175";"legislar";" 4.103008e-02"
"   2";"   3";" 66.67";"   4.175";"gravemente";" 4.103008e-02"
"   2";"   3";" 66.67";"   4.175";"formular";" 4.103008e-02"
"   2";"   3";" 66.67";"   4.175";"equilibrar";" 4.103008e-02"
"   2";"   3";" 66.67";"   4.175";"eng";" 4.103008e-02"
"   2";"   3";" 66.67";"   4.175";"desestímulo";" 4.103008e-02"
"   2";"   3";" 66.67";"   4.175";"dcs";" 4.103008e-02"
"   2";"   3";" 66.67";"   4.175";"conformidade";" 4.103008e-02"
"   2";"   3";" 66.67";"   4.175";"canário";" 4.103008e-02"
"   2";"   3";" 66.67";"   4.175";"caiado";" 4.103008e-02"
"   2";"   3";" 66.67";"   4.175";"ata";" 4.103008e-02"
"   2";"   3";" 66.67";"   4.175";"artifício";" 4.103008e-02"
"   2";"   3";" 66.67";"   4.175";"anuência";" 4.103008e-02"
"   2";"   3";" 66.67";"   4.175";"afirmativo";" 4.103008e-02"
"   2";"   3";" 66.67";"   4.175";"vio";" 4.103008e-02"
"   2";"   3";" 66.67";"   4.175";"valdemar";" 4.103008e-02"
"   2";"   3";" 66.67";"   4.175";"usp";" 4.103008e-02"
"   2";"   3";" 66.67";"   4.175";"unicef";" 4.103008e-02"
"   2";"   3";" 66.67";"   4.175";"tricon";" 4.103008e-02"
"   2";"   3";" 66.67";"   4.175";"travestidos";" 4.103008e-02"
"   2";"   3";" 66.67";"   4.175";"tora";" 4.103008e-02"
"   2";"   3";" 66.67";"   4.175";"tocante";" 4.103008e-02"
"   2";"   3";" 66.67";"   4.175";"terceirizado";" 4.103008e-02"
"   2";"   3";" 66.67";"   4.175";"tecnicamente";" 4.103008e-02"
"   2";"   3";" 66.67";"   4.175";"sujeitar";" 4.103008e-02"
"   2";"   3";" 66.67";"   4.175";"substituto";" 4.103008e-02"
"   2";"   3";" 66.67";"   4.175";"spray";" 4.103008e-02"
"   2";"   3";" 66.67";"   4.175";"sindicalismo";" 4.103008e-02"
"   2";"   3";" 66.67";"   4.175";"shopee";" 4.103008e-02"
"   2";"   3";" 66.67";"   4.175";"segur";" 4.103008e-02"
"   2";"   3";" 66.67";"   4.175";"rond";" 4.103008e-02"
"   2";"   3";" 66.67";"   4.175";"rojão";" 4.103008e-02"
"   2";"   3";" 66.67";"   4.175";"reunido";" 4.103008e-02"
"   2";"   3";" 66.67";"   4.175";"representativo";" 4.103008e-02"
"   2";"   3";" 66.67";"   4.175";"reposição";" 4.103008e-02"
"   2";"   3";" 66.67";"   4.175";"renato";" 4.103008e-02"
"   2";"   3";" 66.67";"   4.175";"remunerar";" 4.103008e-02"
"   2";"   3";" 66.67";"   4.175";"regulamento";" 4.103008e-02"
"   2";"   3";" 66.67";"   4.175";"ramá";" 4.103008e-02"
"   2";"   3";" 66.67";"   4.175";"quea";" 4.103008e-02"
"   2";"   3";" 66.67";"   4.175";"públic";" 4.103008e-02"
"   2";"   3";" 66.67";"   4.175";"pulseira";" 4.103008e-02"
"   2";"   3";" 66.67";"   4.175";"protegê";" 4.103008e-02"
"   2";"   3";" 66.67";"   4.175";"pronúncia";" 4.103008e-02"
"   2";"   3";" 66.67";"   4.175";"programático";" 4.103008e-02"
"   2";"   3";" 66.67";"   4.175";"premissa";" 4.103008e-02"
"   2";"   3";" 66.67";"   4.175";"pre";" 4.103008e-02"
"   2";"   3";" 66.67";"   4.175";"pimentel";" 4.103008e-02"
"   2";"   3";" 66.67";"   4.175";"perdurar";" 4.103008e-02"
"   2";"   3";" 66.67";"   4.175";"pack";" 4.103008e-02"
"   2";"   3";" 66.67";"   4.175";"otávio";" 4.103008e-02"
"   2";"   3";" 66.67";"   4.175";"ortiz";" 4.103008e-02"
"   2";"   3";" 66.67";"   4.175";"orientador";" 4.103008e-02"
"   2";"   3";" 66.67";"   4.175";"operacionalização";" 4.103008e-02"
"   2";"   3";" 66.67";"   4.175";"obg";" 4.103008e-02"
"   2";"   3";" 66.67";"   4.175";"nefasto";" 4.103008e-02"
"   2";"   3";" 66.67";"   4.175";"ne";" 4.103008e-02"
"   2";"   3";" 66.67";"   4.175";"mural";" 4.103008e-02"
"   2";"   3";" 66.67";"   4.175";"multiplicação";" 4.103008e-02"
"   2";"   3";" 66.67";"   4.175";"mozes";" 4.103008e-02"
"   2";"   3";" 66.67";"   4.175";"mensurar";" 4.103008e-02"
"   2";"   3";" 66.67";"   4.175";"mazela";" 4.103008e-02"
"   2";"   3";" 66.67";"   4.175";"marginal";" 4.103008e-02"
"   2";"   3";" 66.67";"   4.175";"maestria";" 4.103008e-02"
"   2";"   3";" 66.67";"   4.175";"licenciar";" 4.103008e-02"
"   2";"   3";" 66.67";"   4.175";"legalmente";" 4.103008e-02"
"   2";"   3";" 66.67";"   4.175";"lastro";" 4.103008e-02"
"   2";"   3";" 66.67";"   4.175";"lamentavelmente";" 4.103008e-02"
"   2";"   3";" 66.67";"   4.175";"kataguiri";" 4.103008e-02"
"   2";"   3";" 66.67";"   4.175";"juan";" 4.103008e-02"
"   2";"   3";" 66.67";"   4.175";"joinville";" 4.103008e-02"
"   2";"   3";" 66.67";"   4.175";"interditar";" 4.103008e-02"
"   2";"   3";" 66.67";"   4.175";"insatisfação";" 4.103008e-02"
"   2";"   3";" 66.67";"   4.175";"informática";" 4.103008e-02"
"   2";"   3";" 66.67";"   4.175";"inexistência";" 4.103008e-02"
"   2";"   3";" 66.67";"   4.175";"inerente";" 4.103008e-02"
"   2";"   3";" 66.67";"   4.175";"ilícito";" 4.103008e-02"
"   2";"   3";" 66.67";"   4.175";"ibg";" 4.103008e-02"
"   2";"   3";" 66.67";"   4.175";"hou";" 4.103008e-02"
"   2";"   3";" 66.67";"   4.175";"higiene";" 4.103008e-02"
"   2";"   3";" 66.67";"   4.175";"graduação";" 4.103008e-02"
"   2";"   3";" 66.67";"   4.175";"generalizado";" 4.103008e-02"
"   2";"   3";" 66.67";"   4.175";"frisar";" 4.103008e-02"
"   2";"   3";" 66.67";"   4.175";"freitas";" 4.103008e-02"
"   2";"   3";" 66.67";"   4.175";"fa";" 4.103008e-02"
"   2";"   3";" 66.67";"   4.175";"exoneração";" 4.103008e-02"
"   2";"   3";" 66.67";"   4.175";"exitosa";" 4.103008e-02"
"   2";"   3";" 66.67";"   4.175";"estatística";" 4.103008e-02"
"   2";"   3";" 66.67";"   4.175";"estad";" 4.103008e-02"
"   2";"   3";" 66.67";"   4.175";"escolta";" 4.103008e-02"
"   2";"   3";" 66.67";"   4.175";"esbarrar";" 4.103008e-02"
"   2";"   3";" 66.67";"   4.175";"erotização";" 4.103008e-02"
"   2";"   3";" 66.67";"   4.175";"engessar";" 4.103008e-02"
"   2";"   3";" 66.67";"   4.175";"edionos";" 4.103008e-02"
"   2";"   3";" 66.67";"   4.175";"doos";" 4.103008e-02"
"   2";"   3";" 66.67";"   4.175";"djamila";" 4.103008e-02"
"   2";"   3";" 66.67";"   4.175";"desvantagem";" 4.103008e-02"
"   2";"   3";" 66.67";"   4.175";"deliberar";" 4.103008e-02"
"   2";"   3";" 66.67";"   4.175";"decente";" 4.103008e-02"
"   2";"   3";" 66.67";"   4.175";"damião";" 4.103008e-02"
"   2";"   3";" 66.67";"   4.175";"cível";" 4.103008e-02"
"   2";"   3";" 66.67";"   4.175";"cé";" 4.103008e-02"
"   2";"   3";" 66.67";"   4.175";"crianas";" 4.103008e-02"
"   2";"   3";" 66.67";"   4.175";"cou";" 4.103008e-02"
"   2";"   3";" 66.67";"   4.175";"convívio";" 4.103008e-02"
"   2";"   3";" 66.67";"   4.175";"contingente";" 4.103008e-02"
"   2";"   3";" 66.67";"   4.175";"consonância";" 4.103008e-02"
"   2";"   3";" 66.67";"   4.175";"consolidação";" 4.103008e-02"
"   2";"   3";" 66.67";"   4.175";"cono";" 4.103008e-02"
"   2";"   3";" 66.67";"   4.175";"confrontação";" 4.103008e-02"
"   2";"   3";" 66.67";"   4.175";"combinado";" 4.103008e-02"
"   2";"   3";" 66.67";"   4.175";"coagir";" 4.103008e-02"
"   2";"   3";" 66.67";"   4.175";"cerebral";" 4.103008e-02"
"   2";"   3";" 66.67";"   4.175";"carecer";" 4.103008e-02"
"   2";"   3";" 66.67";"   4.175";"boato";" 4.103008e-02"
"   2";"   3";" 66.67";"   4.175";"belins";" 4.103008e-02"
"   2";"   3";" 66.67";"   4.175";"autoestima";" 4.103008e-02"
"   2";"   3";" 66.67";"   4.175";"aut";" 4.103008e-02"
"   2";"   3";" 66.67";"   4.175";"atrativo";" 4.103008e-02"
"   2";"   3";" 66.67";"   4.175";"assistente";" 4.103008e-02"
"   2";"   3";" 66.67";"   4.175";"aperfeiçoamento";" 4.103008e-02"
"   2";"   3";" 66.67";"   4.175";"alçada";" 4.103008e-02"
"   2";"   3";" 66.67";"   4.175";"alienação";" 4.103008e-02"
"   2";"   3";" 66.67";"   4.175";"alfa";" 4.103008e-02"
"   2";"   3";" 66.67";"   4.175";"afinidade";" 4.103008e-02"
"   2";"   3";" 66.67";"   4.175";"afetivo";" 4.103008e-02"
"   2";"   3";" 66.67";"   4.175";"adjunto";" 4.103008e-02"
"   2";"   3";" 66.67";"   4.175";"acessibilidade";" 4.103008e-02"
"  75";" 309";" 24.27";"   4.082";"parecer";" 4.335142e-02"
"  35";" 131";" 26.72";"   4.064";"pequeno";" 4.379789e-02"
"  16";"  52";" 30.77";"   4.013";"excelente";" 4.516314e-02"
"  10";"  29";" 34.48";"   3.992";"março";" 4.571024e-02"
"  10";"  29";" 34.48";"   3.992";"prejudicar";" 4.571024e-02"
"  54";" 215";" 25.12";"   3.978";"dúvida";" 4.609522e-02"
"   6";"  15";" 40.00";"   3.896";"tarefa";" 4.841269e-02"
"   6";"  15";" 40.00";"   3.896";"antidemocrático";" 4.841269e-02"
"   6";"  15";" 40.00";"   3.896";"limpeza";" 4.841269e-02"
"   6";"  15";" 40.00";"   3.896";"comparação";" 4.841269e-02"
"  57";" 229";" 24.89";"   3.892";"utilizar";" 4.850849e-02"
"   8";"  22";" 36.36";"   3.849";"fraude";" 4.978154e-02"
"  12";"  37";" 32.43";"   3.778";"somar";" 5.194248e-02"
"  12";"  37";" 32.43";"   3.778";"publicar";" 5.194248e-02"
"  75";" 312";" 24.04";"   3.709";"favor";" 5.410837e-02"
"  14";"  45";" 31.11";"   3.690";"julho";" 5.474972e-02"
"  17";"  57";" 29.82";"   3.679";"jurídico";" 5.511044e-02"
"   5";"  12";" 41.67";"   3.650";"original";" 5.608546e-02"
"   5";"  12";" 41.67";"   3.650";"espécie";" 5.608546e-02"
"   5";"  12";" 41.67";"   3.650";"assinatura";" 5.608546e-02"
"   5";"  12";" 41.67";"   3.650";"integrante";" 5.608546e-02"
"   5";"  12";" 41.67";"   3.650";"exploração";" 5.608546e-02"
"   9";"  26";" 34.62";"   3.643";"instalar";" 5.629049e-02"
" 164";" 729";" 22.50";"   3.638";"ainda";" 5.646698e-02"
"   7";"  19";" 36.84";"   3.517";"comportamento";" 6.072463e-02"
"   7";"  19";" 36.84";"   3.517";"convidado";" 6.072463e-02"
"   7";"  19";" 36.84";"   3.517";"instância";" 6.072463e-02"
"  10";"  30";" 33.33";"   3.512";"acrescentar";" 6.093675e-02"
"  21";"  74";" 28.38";"   3.508";"menor";" 6.106279e-02"
"  21";"  74";" 28.38";"   3.508";"pesquisa";" 6.106279e-02"
"  45";" 178";" 25.28";"   3.493";"cumprir";" 6.164553e-02"
"   4";"   9";" 44.44";"   3.474";"reserva";" 6.235230e-02"
"   4";"   9";" 44.44";"   3.474";"abandonado";" 6.235230e-02"
"   4";"   9";" 44.44";"   3.474";"reivindicar";" 6.235230e-02"
"   4";"   9";" 44.44";"   3.474";"bloqueio";" 6.235230e-02"
"   4";"   9";" 44.44";"   3.474";"perpetuar";" 6.235230e-02"
"   4";"   9";" 44.44";"   3.474";"luciana";" 6.235230e-02"
"   4";"   9";" 44.44";"   3.474";"flagrante";" 6.235230e-02"
"   4";"   9";" 44.44";"   3.474";"enquadrar";" 6.235230e-02"
"   4";"   9";" 44.44";"   3.474";"atraso";" 6.235230e-02"
"   4";"   9";" 44.44";"   3.474";"supressão";" 6.235230e-02"
"   4";"   9";" 44.44";"   3.474";"posteriormente";" 6.235230e-02"
"   4";"   9";" 44.44";"   3.474";"perfeitamente";" 6.235230e-02"
"   4";"   9";" 44.44";"   3.474";"firmar";" 6.235230e-02"
"   4";"   9";" 44.44";"   3.474";"duda";" 6.235230e-02"
"   4";"   9";" 44.44";"   3.474";"disseminar";" 6.235230e-02"
"   4";"   9";" 44.44";"   3.474";"configurar";" 6.235230e-02"
"   3";"   6";" 50.00";"   3.473";"psicologia";" 6.236482e-02"
"   3";"   6";" 50.00";"   3.473";"vocabulário";" 6.236482e-02"
"   3";"   6";" 50.00";"   3.473";"rural";" 6.236482e-02"
"   3";"   6";" 50.00";"   3.473";"retrocesso";" 6.236482e-02"
"   3";"   6";" 50.00";"   3.473";"informal";" 6.236482e-02"
"   3";"   6";" 50.00";"   3.473";"homenagem";" 6.236482e-02"
"   3";"   6";" 50.00";"   3.473";"dobro";" 6.236482e-02"
"   3";"   6";" 50.00";"   3.473";"danado";" 6.236482e-02"
"   3";"   6";" 50.00";"   3.473";"acre";" 6.236482e-02"
"   3";"   6";" 50.00";"   3.473";"variação";" 6.236482e-02"
"   3";"   6";" 50.00";"   3.473";"turismo";" 6.236482e-02"
"   3";"   6";" 50.00";"   3.473";"treinamento";" 6.236482e-02"
"   3";"   6";" 50.00";"   3.473";"síndroma";" 6.236482e-02"
"   3";"   6";" 50.00";"   3.473";"socializar";" 6.236482e-02"
"   3";"   6";" 50.00";"   3.473";"responsabilização";" 6.236482e-02"
"   3";"   6";" 50.00";"   3.473";"projetar";" 6.236482e-02"
"   3";"   6";" 50.00";"   3.473";"popularidade";" 6.236482e-02"
"   3";"   6";" 50.00";"   3.473";"noss";" 6.236482e-02"
"   3";"   6";" 50.00";"   3.473";"intuito";" 6.236482e-02"
"   3";"   6";" 50.00";"   3.473";"intencionalmente";" 6.236482e-02"
"   3";"   6";" 50.00";"   3.473";"humanitário";" 6.236482e-02"
"   3";"   6";" 50.00";"   3.473";"ga";" 6.236482e-02"
"   3";"   6";" 50.00";"   3.473";"disponibilidade";" 6.236482e-02"
"   3";"   6";" 50.00";"   3.473";"cr";" 6.236482e-02"
"   3";"   6";" 50.00";"   3.473";"coleta";" 6.236482e-02"
"   3";"   6";" 50.00";"   3.473";"catar";" 6.236482e-02"
"   3";"   6";" 50.00";"   3.473";"articular";" 6.236482e-02"
"   3";"   6";" 50.00";"   3.473";"administrar";" 6.236482e-02"
"   3";"   6";" 50.00";"   3.473";"absolver";" 6.236482e-02"
"  24";"  87";" 27.59";"   3.406";"significar";" 6.497397e-02"
"  18";"  62";" 29.03";"   3.399";"questionar";" 6.524276e-02"
"  18";"  62";" 29.03";"   3.399";"convocar";" 6.524276e-02"
"  12";"  38";" 31.58";"   3.376";"ameaça";" 6.614709e-02"
"   8";"  23";" 34.78";"   3.295";"militante";" 6.947190e-02"
"   8";"  23";" 34.78";"   3.295";"armar";" 6.947190e-02"
"   8";"  23";" 34.78";"   3.295";"prejuízo";" 6.947190e-02"
"   8";"  23";" 34.78";"   3.295";"elaborar";" 6.947190e-02"
"   8";"  23";" 34.78";"   3.295";"tratamento";" 6.947190e-02"
"  21";"  75";" 28.00";"   3.252";"imposto";" 7.135346e-02"
"   6";"  16";" 37.50";"   3.194";"indivíduo";" 7.391796e-02"
"   9";"  27";" 33.33";"   3.160";"roda";" 7.545609e-02"
"   9";"  27";" 33.33";"   3.160";"senso";" 7.545609e-02"
"   9";"  27";" 33.33";"   3.160";"opção";" 7.545609e-02"
"   9";"  27";" 33.33";"   3.160";"ultrapassar";" 7.545609e-02"
"   9";"  27";" 33.33";"   3.160";"funcionário";" 7.545609e-02"
"   9";"  27";" 33.33";"   3.160";"proibir";" 7.545609e-02"
"  27";" 101";" 26.73";"   3.143";"longo";" 7.623756e-02"
"  17";"  59";" 28.81";"   3.084";"microfone";" 7.907775e-02"
"  39";" 154";" 25.32";"   3.066";"acompanhar";" 7.992166e-02"
" 108";" 472";" 22.88";"   3.023";"político";" 8.206705e-02"
"   7";"  20";" 35.00";"   2.949";"dr";" 8.595158e-02"
"   7";"  20";" 35.00";"   2.949";"escrita";" 8.595158e-02"
"   7";"  20";" 35.00";"   2.949";"diminuir";" 8.595158e-02"
"   7";"  20";" 35.00";"   2.949";"comprometer";" 8.595158e-02"
"  23";"  85";" 27.06";"   2.896";"seguro";" 8.882409e-02"
"  29";" 111";" 26.13";"   2.883";"terminar";" 8.949404e-02"
"  29";" 111";" 26.13";"   2.883";"período";" 8.949404e-02"
"   5";"  13";" 38.46";"   2.883";"imposição";" 8.951978e-02"
"   5";"  13";" 38.46";"   2.883";"transição";" 8.951978e-02"
"   5";"  13";" 38.46";"   2.883";"parcela";" 8.951978e-02"
"   5";"  13";" 38.46";"   2.883";"espectro";" 8.951978e-02"
"   5";"  13";" 38.46";"   2.883";"protesto";" 8.951978e-02"
"   5";"  13";" 38.46";"   2.883";"naime";" 8.951978e-02"
"   5";"  13";" 38.46";"   2.883";"imparcial";" 8.951978e-02"
"   5";"  13";" 38.46";"   2.883";"goiás";" 8.951978e-02"
"   5";"  13";" 38.46";"   2.883";"embate";" 8.951978e-02"
"   5";"  13";" 38.46";"   2.883";"manobra";" 8.951978e-02"
"   5";"  13";" 38.46";"   2.883";"imediato";" 8.951978e-02"
"  38";" 151";" 25.17";"   2.838";"atenção";" 9.206337e-02"
"   8";"  24";" 33.33";"   2.809";"bolsonaristas";" 9.375507e-02"
" 770";"3715";" 20.73";"   2.757";"querer";" 9.684810e-02"
"  15";"  52";" 28.85";"   2.737";"eleito";" 9.807019e-02"
"  15";"  52";" 28.85";"   2.737";"aplicar";" 9.807019e-02"
"   9";"  28";" 32.14";"   2.729";"receita";" 9.854514e-02"
"  14";"  48";" 29.17";"   2.706";"gênero";" 9.994683e-02"
" 101";" 443";" 22.80";"   2.688";"receber";" 1.010766e-01"
"  23";"  86";" 26.74";"   2.684";"manifestar";" 1.013805e-01"
"  13";"  44";" 29.55";"   2.684";"mercado";" 1.013916e-01"
"  18";"  65";" 27.69";"   2.611";"referência";" 1.061051e-01"
"   6";"  17";" 35.29";"   2.603";"marcha";" 1.066306e-01"
"   6";"  17";" 35.29";"   2.603";"leite";" 1.066306e-01"
"   6";"  17";" 35.29";"   2.603";"introdução";" 1.066306e-01"
"   6";"  17";" 35.29";"   2.603";"independência";" 1.066306e-01"
"   4";"  10";" 40.00";"   2.597";"cota";" 1.070968e-01"
"   4";"  10";" 40.00";"   2.597";"artístico";" 1.070968e-01"
"   4";"  10";" 40.00";"   2.597";"literário";" 1.070968e-01"
"   4";"  10";" 40.00";"   2.597";"isentar";" 1.070968e-01"
"   4";"  10";" 40.00";"   2.597";"felizmente";" 1.070968e-01"
"   4";"  10";" 40.00";"   2.597";"crítico";" 1.070968e-01"
"   4";"  10";" 40.00";"   2.597";"solucionar";" 1.070968e-01"
"   4";"  10";" 40.00";"   2.597";"sequência";" 1.070968e-01"
"   4";"  10";" 40.00";"   2.597";"prerrogativa";" 1.070968e-01"
"   4";"  10";" 40.00";"   2.597";"paraos";" 1.070968e-01"
"   4";"  10";" 40.00";"   2.597";"desinformação";" 1.070968e-01"
"   4";"  10";" 40.00";"   2.597";"delicado";" 1.070968e-01"
"   4";"  10";" 40.00";"   2.597";"absorver";" 1.070968e-01"
"  34";" 135";" 25.19";"   2.554";"decidir";" 1.100220e-01"
"   7";"  21";" 33.33";"   2.457";"fiscalizar";" 1.169793e-01"
"   7";"  21";" 33.33";"   2.457";"preservar";" 1.169793e-01"
"   7";"  21";" 33.33";"   2.457";"constante";" 1.169793e-01"
"   7";"  21";" 33.33";"   2.457";"regulamentação";" 1.169793e-01"
"  22";"  83";" 26.51";"   2.417";"argumento";" 1.200277e-01"
"  36";" 145";" 24.83";"   2.396";"texto";" 1.216142e-01"
"   8";"  25";" 32.00";"   2.381";"ponta";" 1.228571e-01"
"   8";"  25";" 32.00";"   2.381";"metade";" 1.228571e-01"
"   8";"  25";" 32.00";"   2.381";"pânico";" 1.228571e-01"
"  18";"  66";" 27.27";"   2.380";"mandato";" 1.229296e-01"
"   3";"   7";" 42.86";"   2.366";"auto";" 1.240276e-01"
"   3";"   7";" 42.86";"   2.366";"diagnóstico";" 1.240276e-01"
"   3";"   7";" 42.86";"   2.366";"concorrer";" 1.240276e-01"
"   3";"   7";" 42.86";"   2.366";"fevereiro";" 1.240276e-01"
"   3";"   7";" 42.86";"   2.366";"contramão";" 1.240276e-01"
"   3";"   7";" 42.86";"   2.366";"cláudio";" 1.240276e-01"
"   3";"   7";" 42.86";"   2.366";"tópico";" 1.240276e-01"
"   3";"   7";" 42.86";"   2.366";"souza";" 1.240276e-01"
"   3";"   7";" 42.86";"   2.366";"soltura";" 1.240276e-01"
"   3";"   7";" 42.86";"   2.366";"lu";" 1.240276e-01"
"   3";"   7";" 42.86";"   2.366";"crucial";" 1.240276e-01"
"   3";"   7";" 42.86";"   2.366";"comparativo";" 1.240276e-01"
"   3";"   7";" 42.86";"   2.366";"cobra";" 1.240276e-01"
"   3";"   7";" 42.86";"   2.366";"antecessor";" 1.240276e-01"
"   3";"   7";" 42.86";"   2.366";"afirmação";" 1.240276e-01"
"   3";"   7";" 42.86";"   2.366";"sudeste";" 1.240276e-01"
"   3";"   7";" 42.86";"   2.366";"significativo";" 1.240276e-01"
"   3";"   7";" 42.86";"   2.366";"produtivo";" 1.240276e-01"
"   3";"   7";" 42.86";"   2.366";"primordial";" 1.240276e-01"
"   3";"   7";" 42.86";"   2.366";"piauí";" 1.240276e-01"
"   3";"   7";" 42.86";"   2.366";"pessol";" 1.240276e-01"
"   3";"   7";" 42.86";"   2.366";"massacre";" 1.240276e-01"
"   3";"   7";" 42.86";"   2.366";"indígena";" 1.240276e-01"
"   3";"   7";" 42.86";"   2.366";"incidente";" 1.240276e-01"
"   3";"   7";" 42.86";"   2.366";"favorecer";" 1.240276e-01"
"   3";"   7";" 42.86";"   2.366";"especializar";" 1.240276e-01"
"   3";"   7";" 42.86";"   2.366";"empenhado";" 1.240276e-01"
"   3";"   7";" 42.86";"   2.366";"divulgação";" 1.240276e-01"
"   3";"   7";" 42.86";"   2.366";"delegar";" 1.240276e-01"
"   3";"   7";" 42.86";"   2.366";"cronograma";" 1.240276e-01"
"   3";"   7";" 42.86";"   2.366";"complicar";" 1.240276e-01"
"   3";"   7";" 42.86";"   2.366";"car";" 1.240276e-01"
"   3";"   7";" 42.86";"   2.366";"capacitado";" 1.240276e-01"
"   3";"   7";" 42.86";"   2.366";"ativamente";" 1.240276e-01"
"   2";"   4";" 50.00";"   2.315";"an";" 1.280998e-01"
"   2";"   4";" 50.00";"   2.315";"lgbtqia";" 1.280998e-01"
"   2";"   4";" 50.00";"   2.315";"classificação";" 1.280998e-01"
"   2";"   4";" 50.00";"   2.315";"repensar";" 1.280998e-01"
"   2";"   4";" 50.00";"   2.315";"reagente";" 1.280998e-01"
"   2";"   4";" 50.00";"   2.315";"adicional";" 1.280998e-01"
"   2";"   4";" 50.00";"   2.315";"vasco";" 1.280998e-01"
"   2";"   4";" 50.00";"   2.315";"truculento";" 1.280998e-01"
"   2";"   4";" 50.00";"   2.315";"suspenso";" 1.280998e-01"
"   2";"   4";" 50.00";"   2.315";"sociológico";" 1.280998e-01"
"   2";"   4";" 50.00";"   2.315";"soar";" 1.280998e-01"
"   2";"   4";" 50.00";"   2.315";"sindicalista";" 1.280998e-01"
"   2";"   4";" 50.00";"   2.315";"sereno";" 1.280998e-01"
"   2";"   4";" 50.00";"   2.315";"reescrever";" 1.280998e-01"
"   2";"   4";" 50.00";"   2.315";"raul";" 1.280998e-01"
"   2";"   4";" 50.00";"   2.315";"quro";" 1.280998e-01"
"   2";"   4";" 50.00";"   2.315";"implicar";" 1.280998e-01"
"   2";"   4";" 50.00";"   2.315";"ensejo";" 1.280998e-01"
"   2";"   4";" 50.00";"   2.315";"desfile";" 1.280998e-01"
"   2";"   4";" 50.00";"   2.315";"defasagem";" 1.280998e-01"
"   2";"   4";" 50.00";"   2.315";"convivência";" 1.280998e-01"
"   2";"   4";" 50.00";"   2.315";"capim";" 1.280998e-01"
"   2";"   4";" 50.00";"   2.315";"arcar";" 1.280998e-01"
"   2";"   4";" 50.00";"   2.315";"ap";" 1.280998e-01"
"   2";"   4";" 50.00";"   2.315";"adaptar";" 1.280998e-01"
"   2";"   4";" 50.00";"   2.315";"átila";" 1.280998e-01"
"   2";"   4";" 50.00";"   2.315";"ásia";" 1.280998e-01"
"   2";"   4";" 50.00";"   2.315";"zanata";" 1.280998e-01"
"   2";"   4";" 50.00";"   2.315";"vital";" 1.280998e-01"
"   2";"   4";" 50.00";"   2.315";"vestibular";" 1.280998e-01"
"   2";"   4";" 50.00";"   2.315";"ve";" 1.280998e-01"
"   2";"   4";" 50.00";"   2.315";"vazão";" 1.280998e-01"
"   2";"   4";" 50.00";"   2.315";"vaia";" 1.280998e-01"
"   2";"   4";" 50.00";"   2.315";"urgentemente";" 1.280998e-01"
"   2";"   4";" 50.00";"   2.315";"treino";" 1.280998e-01"
"   2";"   4";" 50.00";"   2.315";"tapar";" 1.280998e-01"
"   2";"   4";" 50.00";"   2.315";"tablet";" 1.280998e-01"
"   2";"   4";" 50.00";"   2.315";"supremacista";" 1.280998e-01"
"   2";"   4";" 50.00";"   2.315";"submetido";" 1.280998e-01"
"   2";"   4";" 50.00";"   2.315";"sindical";" 1.280998e-01"
"   2";"   4";" 50.00";"   2.315";"simpático";" 1.280998e-01"
"   2";"   4";" 50.00";"   2.315";"roraima";" 1.280998e-01"
"   2";"   4";" 50.00";"   2.315";"retardar";" 1.280998e-01"
"   2";"   4";" 50.00";"   2.315";"resguardar";" 1.280998e-01"
"   2";"   4";" 50.00";"   2.315";"reitoria";" 1.280998e-01"
"   2";"   4";" 50.00";"   2.315";"proferido";" 1.280998e-01"
"   2";"   4";" 50.00";"   2.315";"preparatório";" 1.280998e-01"
"   2";"   4";" 50.00";"   2.315";"precário";" 1.280998e-01"
"   2";"   4";" 50.00";"   2.315";"preceder";" 1.280998e-01"
"   2";"   4";" 50.00";"   2.315";"pico";" 1.280998e-01"
"   2";"   4";" 50.00";"   2.315";"pcd";" 1.280998e-01"
"   2";"   4";" 50.00";"   2.315";"patrício";" 1.280998e-01"
"   2";"   4";" 50.00";"   2.315";"pal";" 1.280998e-01"
"   2";"   4";" 50.00";"   2.315";"pago";" 1.280998e-01"
"   2";"   4";" 50.00";"   2.315";"otimismo";" 1.280998e-01"
"   2";"   4";" 50.00";"   2.315";"ordenado";" 1.280998e-01"
"   2";"   4";" 50.00";"   2.315";"ness";" 1.280998e-01"
"   2";"   4";" 50.00";"   2.315";"nemum";" 1.280998e-01"
"   2";"   4";" 50.00";"   2.315";"mp";" 1.280998e-01"
"   2";"   4";" 50.00";"   2.315";"luísa";" 1.280998e-01"
"   2";"   4";" 50.00";"   2.315";"litro";" 1.280998e-01"
"   2";"   4";" 50.00";"   2.315";"lgbtq";" 1.280998e-01"
"   2";"   4";" 50.00";"   2.315";"julgador";" 1.280998e-01"
"   2";"   4";" 50.00";"   2.315";"isolar";" 1.280998e-01"
"   2";"   4";" 50.00";"   2.315";"inédito";" 1.280998e-01"
"   2";"   4";" 50.00";"   2.315";"integralmente";" 1.280998e-01"
"   2";"   4";" 50.00";"   2.315";"gráfico";" 1.280998e-01"
"   2";"   4";" 50.00";"   2.315";"gratuitamente";" 1.280998e-01"
"   2";"   4";" 50.00";"   2.315";"goelar";" 1.280998e-01"
"   2";"   4";" 50.00";"   2.315";"fiqu";" 1.280998e-01"
"   2";"   4";" 50.00";"   2.315";"fe";" 1.280998e-01"
"   2";"   4";" 50.00";"   2.315";"exemplificar";" 1.280998e-01"
"   2";"   4";" 50.00";"   2.315";"espingarda";" 1.280998e-01"
"   2";"   4";" 50.00";"   2.315";"engodo";" 1.280998e-01"
"   2";"   4";" 50.00";"   2.315";"engavetar";" 1.280998e-01"
"   2";"   4";" 50.00";"   2.315";"en";" 1.280998e-01"
"   2";"   4";" 50.00";"   2.315";"empregador";" 1.280998e-01"
"   2";"   4";" 50.00";"   2.315";"eleitorado";" 1.280998e-01"
"   2";"   4";" 50.00";"   2.315";"elegível";" 1.280998e-01"
"   2";"   4";" 50.00";"   2.315";"delimitar";" 1.280998e-01"
"   2";"   4";" 50.00";"   2.315";"deix";" 1.280998e-01"
"   2";"   4";" 50.00";"   2.315";"deceu";" 1.280998e-01"
"   2";"   4";" 50.00";"   2.315";"corroborar";" 1.280998e-01"
"   2";"   4";" 50.00";"   2.315";"contabilidade";" 1.280998e-01"
"   2";"   4";" 50.00";"   2.315";"coletar";" 1.280998e-01"
"   2";"   4";" 50.00";"   2.315";"calcular";" 1.280998e-01"
"   2";"   4";" 50.00";"   2.315";"cade";" 1.280998e-01"
"   2";"   4";" 50.00";"   2.315";"blumenau";" 1.280998e-01"
"   2";"   4";" 50.00";"   2.315";"barricada";" 1.280998e-01"
"   2";"   4";" 50.00";"   2.315";"banalizar";" 1.280998e-01"
"   2";"   4";" 50.00";"   2.315";"audição";" 1.280998e-01"
"   2";"   4";" 50.00";"   2.315";"auditório";" 1.280998e-01"
"   2";"   4";" 50.00";"   2.315";"articulado";" 1.280998e-01"
"   2";"   4";" 50.00";"   2.315";"amo";" 1.280998e-01"
"   2";"   4";" 50.00";"   2.315";"alegação";" 1.280998e-01"
"   2";"   4";" 50.00";"   2.315";"aguerrido";" 1.280998e-01"
"   2";"   4";" 50.00";"   2.315";"afastamento";" 1.280998e-01"
"   2";"   4";" 50.00";"   2.315";"abim";" 1.280998e-01"
"   2";"   4";" 50.00";"   2.315";"3s";" 1.280998e-01"
"   5";"  14";" 35.71";"   2.261";"moralidade";" 1.326639e-01"
"   5";"  14";" 35.71";"   2.261";"amarrar";" 1.326639e-01"
"  95";" 420";" 22.62";"   2.257";"paulo";" 1.330301e-01"
"  34";" 137";" 24.82";"   2.255";"representar";" 1.332233e-01"
" 243";"1133";" 21.45";"   2.219";"pedir";" 1.362904e-01"
"  29";" 115";" 25.22";"   2.200";"reconhecer";" 1.380533e-01"
"  14";"  50";" 28.00";"   2.166";"ocupar";" 1.411330e-01"
"   6";"  18";" 33.33";"   2.106";"retorno";" 1.467216e-01"
"   6";"  18";" 33.33";"   2.106";"dimensão";" 1.467216e-01"
"   6";"  18";" 33.33";"   2.106";"benefício";" 1.467216e-01"
"  56";" 239";" 23.43";"   2.091";"preciso";" 1.481708e-01"
"  12";"  42";" 28.57";"   2.078";"afirmar";" 1.494000e-01"
"  16";"  59";" 27.12";"   2.041";"português";" 1.531439e-01"
"   7";"  22";" 31.82";"   2.033";"provocar";" 1.539165e-01"
"   7";"  22";" 31.82";"   2.033";"avançado";" 1.539165e-01"
"  10";"  34";" 29.41";"   2.017";"postura";" 1.555735e-01"
"  10";"  34";" 29.41";"   2.017";"carlos";" 1.555735e-01"
"   9";"  30";" 30.00";"   2.002";"taxa";" 1.571052e-01"
"   9";"  30";" 30.00";"   2.002";"assembleia";" 1.571052e-01"
"   9";"  30";" 30.00";"   2.002";"código";" 1.571052e-01"
"   9";"  30";" 30.00";"   2.002";"evitar";" 1.571052e-01"
"*****";"*";"*";"*";"*";"*"
" 718";" 1782";" 40.29";"512.527";"eh";"1.787988e-113"
" 151";"  189";" 79.89";"435.372";"excelência";" 1.100543e-96"
" 150";"  204";" 73.53";"375.991";"vossa";" 9.287108e-84"
"4611";"21504";" 21.44";"289.023";"de";" 8.117343e-65"
" 360";" 1046";" 34.42";"148.782";"haver";" 3.199907e-34"
" 504";" 1643";" 30.68";"133.146";"ao";" 8.401017e-31"
" 367";" 1116";" 32.89";"127.740";"pro";" 1.279809e-29"
"  65";"  102";" 63.73";"125.209";"2023";" 4.581675e-29"
"3915";"18356";" 21.33";"112.412";"a";" 2.902236e-26"
"  89";"  174";" 51.15";"109.257";"após";" 1.425532e-25"
" 107";"  231";" 46.32";"104.131";"3";" 1.893743e-24"
" 185";"  510";" 36.27";" 90.031";"trabalho";" 2.344712e-21"
" 334";" 1085";" 30.78";" 87.571";"primeiro";" 8.132239e-21"
"  50";"   84";" 59.52";" 84.299";"2024";" 4.254178e-20"
"  20";"   21";" 95.24";" 75.680";"74";" 3.334905e-18"
" 203";"  607";" 33.44";" 73.916";"estado";" 8.150391e-18"
"  75";"  161";" 46.58";" 73.813";"maioria";" 8.589930e-18"
"  71";"  155";" 45.81";" 66.991";"esta";" 2.727192e-16"
"  81";"  198";" 40.91";" 56.552";"2";" 5.473189e-14"
"  58";"  127";" 45.67";" 54.252";"bilhão";" 1.763137e-13"
"  80";"  201";" 39.80";" 51.566";"5";" 6.923618e-13"
" 781";" 3205";" 24.37";" 50.027";"esse";" 1.516283e-12"
"  82";"  212";" 38.68";" 48.501";"1";" 3.301472e-12"
"  34";"   63";" 53.97";" 46.765";"h";" 8.003915e-12"
"  31";"   55";" 56.36";" 46.723";"26";" 8.175414e-12"
"  56";"  137";" 40.88";" 38.911";"terceiro";" 4.435615e-10"
"  71";"  196";" 36.22";" 33.955";"4";" 5.639854e-09"
"   8";"    8";"100.00";" 32.565";"117";" 1.152974e-08"
"  29";"   59";" 49.15";" 32.338";"sexto";" 1.295638e-08"
" 159";"  543";" 29.28";" 32.003";"segundo";" 1.539176e-08"
"  17";"   27";" 62.96";" 31.908";"ambos";" 1.616235e-08"
" 103";"  321";" 32.09";" 31.374";"entre";" 2.127773e-08"
"3064";"14654";" 20.91";" 31.333";"em";" 2.173632e-08"
" 954";" 4190";" 22.77";" 29.422";"nós";" 5.822740e-08"
"  29";"   62";" 46.77";" 28.714";"i";" 8.387827e-08"
"  35";"   81";" 43.21";" 28.300";"t";" 1.039044e-07"
"  67";"  192";" 34.90";" 28.116";"este";" 1.142709e-07"
"  28";"   61";" 45.90";" 26.457";"2022";" 2.694961e-07"
"  34";"   80";" 42.50";" 26.285";"s";" 2.945513e-07"
"  22";"   44";" 50.00";" 25.510";"25";" 4.400731e-07"
" 100";"  326";" 30.67";" 25.002";"10";" 5.725849e-07"
"  29";"   66";" 43.94";" 24.499";"19";" 7.433682e-07"
"  21";"   42";" 50.00";" 24.349";"iniciar";" 8.038533e-07"
"  17";"   31";" 54.84";" 24.165";"2021";" 8.842542e-07"
"   7";"    8";" 87.50";" 23.212";"79";" 1.450576e-06"
"   7";"    8";" 87.50";" 23.212";"56";" 1.450576e-06"
"   7";"    8";" 87.50";" 23.212";"53";" 1.450576e-06"
"  26";"   58";" 44.83";" 23.131";"l";" 1.513493e-06"
"  22";"   46";" 47.83";" 22.979";"v";" 1.638025e-06"
" 176";"  661";" 26.63";" 20.412";"qual";" 6.244239e-06"
"  95";"  321";" 29.60";" 19.998";"último";" 7.752435e-06"
"  16";"   31";" 51.61";" 19.929";"0";" 8.038111e-06"
"  56";"  168";" 33.33";" 19.775";"000";" 8.711355e-06"
"  47";"  136";" 34.56";" 18.997";"7";" 1.309038e-05"
"  12";"   21";" 57.14";" 18.581";"2025";" 1.628067e-05"
"  31";"   80";" 38.75";" 18.341";"9";" 1.846633e-05"
"   4";"    4";"100.00";" 16.280";"3385";" 5.464695e-05"
"   7";"   10";" 70.00";" 15.967";"95";" 6.445717e-05"
"   5";"    6";" 83.33";" 15.333";"54";" 9.011611e-05"
"  15";"   33";" 45.45";" 13.812";"isto";" 2.019994e-04"
"  27";"   73";" 36.99";" 13.773";"n";" 2.062753e-04"
"  14";"   30";" 46.67";" 13.766";"33";" 2.070375e-04"
"  10";"   19";" 52.63";" 13.001";"38";" 3.113155e-04"
" 133";"  513";" 25.93";" 12.711";"ah";" 3.634854e-04"
"   3";"    3";"100.00";" 12.209";"597";" 4.755269e-04"
"   3";"    3";"100.00";" 12.209";"583";" 4.755269e-04"
"   3";"    3";"100.00";" 12.209";"4458";" 4.755269e-04"
"   3";"    3";"100.00";" 12.209";"3910";" 4.755269e-04"
"   3";"    3";"100.00";" 12.209";"205";" 4.755269e-04"
"   3";"    3";"100.00";" 12.209";"154";" 4.755269e-04"
"   3";"    3";"100.00";" 12.209";"133";" 4.755269e-04"
"  14";"   32";" 43.75";" 11.677";"2026";" 6.326404e-04"
"  12";"   26";" 46.15";" 11.479";"27";" 7.039097e-04"
"  11";"   23";" 47.83";" 11.479";"500";" 7.039555e-04"
"   4";"    5";" 80.00";" 11.473";"900";" 7.061076e-04"
"   4";"    5";" 80.00";" 11.473";"210";" 7.061076e-04"
"  35";"  107";" 32.71";" 11.440";"11";" 7.189446e-04"
"  17";"   42";" 40.48";" 11.438";"90";" 7.193791e-04"
"   7";"   12";" 58.33";" 11.300";"57";" 7.749705e-04"
" 662";" 3011";" 21.99";" 11.038";"essa";" 8.927041e-04"
"  91";"  339";" 26.84";" 10.993";"fim";" 9.147675e-04"
"   8";"   15";" 53.33";" 10.705";"cuja";" 1.068615e-03"
"  19";"   50";" 38.00";" 10.564";"70";" 1.152814e-03"
" 336";" 1462";" 22.98";" 10.394";"sobre";" 1.264395e-03"
"   6";"   10";" 60.00";" 10.247";"58";" 1.369325e-03"
"  41";"  134";" 30.60";" 10.053";"100";" 1.520921e-03"
"  21";"   58";" 36.21";"  9.971";"23";" 1.590297e-03"
"  32";"   99";" 32.32";"  9.959";"50";" 1.600240e-03"
" 168";"  690";" 24.35";"  9.570";"dois";" 1.978300e-03"
"   7";"   13";" 53.85";"  9.562";"39";" 1.986497e-03"
"  71";"  260";" 27.31";"  9.536";"desde";" 2.015297e-03"
" 175";"  724";" 24.17";"  9.302";"sem";" 2.289627e-03"
"   5";"    8";" 62.50";"  9.246";"75";" 2.360252e-03"
"   6";"   11";" 54.55";"  8.425";"140";" 3.700399e-03"
" 268";" 1164";" 23.02";"  8.383";"tempo";" 3.787545e-03"
"   4";"    6";" 66.67";"  8.351";"88";" 3.855709e-03"
"   4";"    6";" 66.67";"  8.351";"332";" 3.855709e-03"
"  21";"   61";" 34.43";"  8.344";"c";" 3.869702e-03"
"  16";"   43";" 37.21";"  8.314";"zero";" 3.934367e-03"
"   3";"    4";" 75.00";"  7.719";"73";" 5.465708e-03"
"   3";"    4";" 75.00";"  7.719";"2011";" 5.465708e-03"
" 135";"  556";" 24.28";"  7.447";"algum";" 6.353537e-03"
"   8";"   18";" 44.44";"  6.950";"2014";" 8.382509e-03"
"   6";"   12";" 50.00";"  6.948";"1000";" 8.389542e-03"
"  36";"  124";" 29.03";"  6.815";"r";" 9.041413e-03"
"1458";" 7017";" 20.78";"  6.814";"por";" 9.042293e-03"
"  46";"  166";" 27.71";"  6.727";"20";" 9.495279e-03"
"   4";"    7";" 57.14";"  6.190";"180";" 1.284522e-02"
"  16";"   47";" 34.04";"  6.094";"apesar";" 1.356185e-02"
"  11";"   29";" 37.93";"  6.076";"29";" 1.370220e-02"
"  43";"  158";" 27.22";"  5.631";"6";" 1.764683e-02"
"   9";"   23";" 39.13";"  5.474";"2016";" 1.930594e-02"
"   3";"    5";" 60.00";"  5.122";"93";" 2.362026e-02"
"   3";"    5";" 60.00";"  5.122";"178";" 2.362026e-02"
" 380";" 1747";" 21.75";"  4.864";"outro";" 2.742626e-02"
"2053";"10064";" 20.40";"  4.820";"para";" 2.813240e-02"
"   5";"   11";" 45.45";"  4.600";"37";" 3.197064e-02"
"  35";"  129";" 27.13";"  4.490";"15";" 3.408835e-02"
"  19";"   63";" 30.16";"  4.341";"d";" 3.721408e-02"
"   7";"   18";" 38.89";"  4.177";"600";" 4.097969e-02"
"   2";"    3";" 66.67";"  4.175";"ante";" 4.103008e-02"
"   2";"    3";" 66.67";"  4.175";"69";" 4.103008e-02"
"   2";"    3";" 66.67";"  4.175";"360";" 4.103008e-02"
"   2";"    3";" 66.67";"  4.175";"272";" 4.103008e-02"
"   2";"    3";" 66.67";"  4.175";"2630";" 4.103008e-02"
"   2";"    3";" 66.67";"  4.175";"208";" 4.103008e-02"
"   2";"    3";" 66.67";"  4.175";"206";" 4.103008e-02"
"   2";"    3";" 66.67";"  4.175";"2001";" 4.103008e-02"
"   2";"    3";" 66.67";"  4.175";"191";" 4.103008e-02"
"   2";"    3";" 66.67";"  4.175";"106";" 4.103008e-02"
"   2";"    3";" 66.67";"  4.175";"06";" 4.103008e-02"
"3509";"17497";" 20.05";"  3.981";"o";" 4.602170e-02"
"   8";"   22";" 36.36";"  3.849";"g";" 4.978154e-02"
"  20";"   69";" 28.99";"  3.746";"60";" 5.294329e-02"
"  43";"  168";" 25.60";"  3.679";"30";" 5.511753e-02"
"   3";"    6";" 50.00";"  3.473";"2008";" 6.236482e-02"
"  16";"   54";" 29.63";"  3.351";"80";" 6.714534e-02"
"   9";"   27";" 33.33";"  3.160";"apontar";" 7.545609e-02"
"  29";"  110";" 26.36";"  3.073";"14";" 7.958320e-02"
"   5";"   13";" 38.46";"  2.883";"46";" 8.951978e-02"
"   5";"   13";" 38.46";"  2.883";"sétimo";" 8.951978e-02"
"   8";"   24";" 33.33";"  2.809";"36";" 9.375507e-02"
"   6";"   17";" 35.29";"  2.603";"59";" 1.066306e-01"
"   4";"   10";" 40.00";"  2.597";"41";" 1.070968e-01"
"   4";"   10";" 40.00";"  2.597";"66";" 1.070968e-01"
"   4";"   10";" 40.00";"  2.597";"61";" 1.070968e-01"
"  15";"   53";" 28.30";"  2.466";"oito";" 1.163061e-01"
"  95";"  418";" 22.73";"  2.417";"parte";" 1.200193e-01"
"   8";"   25";" 32.00";"  2.381";"31";" 1.228571e-01"
"   3";"    7";" 42.86";"  2.366";"in";" 1.240276e-01"
"   3";"    7";" 42.86";"  2.366";"96";" 1.240276e-01"
"   3";"    7";" 42.86";"  2.366";"2009";" 1.240276e-01"
"   2";"    4";" 50.00";"  2.315";"desligado";" 1.280998e-01"
"   2";"    4";" 50.00";"  2.315";"82";" 1.280998e-01"
"   2";"    4";" 50.00";"  2.315";"78";" 1.280998e-01"
"   2";"    4";" 50.00";"  2.315";"708";" 1.280998e-01"
"   2";"    4";" 50.00";"  2.315";"2007";" 1.280998e-01"
"   2";"    4";" 50.00";"  2.315";"160";" 1.280998e-01"
"   5";"   14";" 35.71";"  2.261";"2003";" 1.326639e-01"
"*";"*";"*";"*";"*";"*"
"513";"570";"90.00";"1819.130";"*_texto51";" 0.000000e+00"
"481";"557";"86.36";"1597.187";"*_texto105";" 0.000000e+00"
"422";"474";"89.03";"1465.488";"*_texto55";"1.235658e-320"
"399";"444";"89.86";"1404.306";"*_texto103";"2.435742e-307"
"409";"490";"83.47";"1282.457";"*_texto88";"7.339313e-281"
"421";"518";"81.27";"1265.414";"*_texto107";"3.708674e-277"
"316";"339";"93.22";"1172.071";"*_texto115";"7.163794e-257"
"290";"313";"92.65";"1064.518";"*_texto89";"1.701027e-233"
"300";"352";"85.23";" 967.333";"*_texto144";"2.264738e-212"
"179";"216";"82.87";" 548.609";"*_texto99";"2.527525e-121"
"182";"229";"79.48";" 521.049";"*_texto96";"2.502625e-115"
"146";"245";"59.59";" 248.320";"*_texto100";" 6.036577e-56"
" 27";" 35";"77.14";"  72.966";"*_texto101";" 1.319128e-17"
" 26";" 34";"76.47";"  69.228";"*_texto34";" 8.770515e-17"
" 41";" 69";"59.42";"  68.844";"*_texto137";" 1.065693e-16"
" 20";" 30";"66.67";"  41.793";"*_texto357";" 1.014689e-10"
" 37";" 81";"45.68";"  34.564";"*_texto239";" 4.124893e-09"
" 24";" 45";"53.33";"  32.153";"*_texto69";" 1.425048e-08"
" 12";" 22";"54.55";"  16.858";"*_texto15";" 4.028336e-05"
"  4";"  5";"80.00";"  11.473";"*_texto303";" 7.061076e-04"
"  8";" 15";"53.33";"  10.705";"*_texto355";" 1.068615e-03"
"  9";" 19";"47.37";"   9.175";"*_texto372";" 2.453944e-03"
"  6";" 14";"42.86";"   4.733";"*_texto388";" 2.959363e-02"
" 12";" 35";"34.29";"   4.692";"*_texto154";" 3.031165e-02"
"  5";" 11";"45.45";"   4.600";"*_texto293";" 3.197064e-02"
"  7";" 18";"38.89";"   4.177";"*_texto352";" 4.097969e-02"
" 11";" 33";"33.33";"   3.863";"*_texto45";" 4.935201e-02"
"  4";"  9";"44.44";"   3.474";"*_texto112";" 6.235230e-02"
"  3";"  6";"50.00";"   3.473";"*_texto167";" 6.236482e-02"
"  9";" 27";"33.33";"   3.160";"*_texto190";" 7.545609e-02"
" 11";" 35";"31.43";"   3.031";"*_texto119";" 8.169645e-02"
"  8";" 24";"33.33";"   2.809";"*_texto19";" 9.375507e-02"
"  6";" 18";"33.33";"   2.106";"*_texto199";" 1.467216e-01"
"  9";" 30";"30.00";"   2.002";"*_texto40";" 1.571052e-01"
"**";"classe";"2";"**";"";""
"****";"7292";"24956";"29.22";"****";""
"2843";"3297";" 86.23";"5970.066";"deus";" 0.000000e+00"
"1136";"1208";" 94.04";"2579.000";"oração";" 0.000000e+00"
"1065";"1176";" 90.56";"2245.421";"orar";" 0.000000e+00"
" 978";"1068";" 91.57";"2097.509";"jesus";" 0.000000e+00"
"1877";"3010";" 62.36";"1817.561";"senhor";" 0.000000e+00"
" 658";" 771";" 85.34";"1211.711";"coração";"1.738369e-265"
" 877";"1210";" 72.48";"1150.682";"pai";"3.188739e-252"
" 517";" 587";" 88.07";"1006.849";"nação";"5.829474e-221"
" 451";" 481";" 93.76";" 987.910";"espírito";"7.623271e-217"
" 398";" 411";" 96.84";" 923.819";"amém";"6.514836e-203"
" 306";" 313";" 97.76";" 720.080";"glória";"1.286020e-158"
" 727";"1130";" 64.34";" 705.745";"palavra";"1.684330e-155"
" 567";" 797";" 71.14";" 699.616";"igreja";"3.623571e-154"
" 884";"1564";" 56.52";" 601.392";"vida";"8.338272e-133"
" 364";" 452";" 80.53";" 586.031";"santo";"1.828689e-129"
" 353";" 446";" 79.15";" 547.367";"cristo";"4.706878e-121"
" 243";" 260";" 93.46";" 524.295";"abençoar";"4.922133e-116"
" 298";" 356";" 83.71";" 518.457";"terra";"9.166808e-115"
" 362";" 485";" 74.64";" 493.365";"bíblia";"2.639626e-109"
" 228";" 265";" 86.04";" 418.093";"céu";" 6.346028e-93"
" 241";" 293";" 82.25";" 403.186";"crer";" 1.115259e-89"
" 189";" 206";" 91.75";" 392.674";"poderoso";" 2.166259e-87"
" 333";" 483";" 68.94";" 375.811";"pastor";" 1.016077e-83"
" 156";" 160";" 97.50";" 363.013";"jejum";" 6.216859e-81"
" 155";" 160";" 96.88";" 356.398";"versículo";" 1.714011e-79"
" 233";" 306";" 76.14";" 329.830";"amar";" 1.046534e-73"
" 148";" 157";" 94.27";" 323.239";"capítulo";" 2.853524e-72"
" 138";" 141";" 97.87";" 323.156";"clamar";" 2.975105e-72"
" 269";" 386";" 69.69";" 310.478";"graça";" 1.718072e-69"
" 197";" 248";" 79.44";" 305.414";"propósito";" 2.179417e-68"
" 277";" 407";" 68.06";" 301.785";"levantar";" 1.345329e-67"
" 166";" 194";" 85.57";" 300.162";"pecado";" 3.037103e-67"
" 124";" 128";" 96.88";" 284.751";"misericórdia";" 6.924586e-64"
" 186";" 240";" 77.50";" 273.129";"fé";" 2.360844e-61"
" 159";" 191";" 83.25";" 271.644";"evangelho";" 4.972652e-61"
" 108";" 111";" 97.30";" 249.853";"louvar";" 2.795228e-56"
" 234";" 351";" 66.67";" 241.386";"live";" 1.960811e-54"
" 287";" 469";" 61.19";" 236.285";"viver";" 2.539151e-53"
" 135";" 161";" 83.85";" 233.850";"reino";" 8.624984e-53"
" 194";" 274";" 70.80";" 231.634";"vontade";" 2.624873e-52"
" 150";" 191";" 78.53";" 226.326";"declarar";" 3.771406e-51"
" 414";" 778";" 53.21";" 223.538";"momento";" 1.529865e-50"
" 387";" 719";" 53.82";" 216.719";"homem";" 4.699004e-49"
" 132";" 162";" 81.48";" 215.343";"rei";" 9.381222e-49"
" 214";" 324";" 66.05";" 215.296";"noite";" 9.602564e-49"
" 108";" 121";" 89.26";" 211.907";"louvor";" 5.270404e-48"
" 794";"1798";" 44.16";" 209.133";"dia";" 2.123258e-47"
" 236";" 376";" 62.77";" 207.726";"amor";" 4.305725e-47"
" 118";" 140";" 84.29";" 206.423";"alegria";" 8.287086e-47"
" 147";" 194";" 75.77";" 204.887";"espiritual";" 1.792203e-46"
" 436";" 858";" 50.82";" 200.382";"filho";" 1.723534e-45"
" 156";" 216";" 72.22";" 194.821";"presença";" 2.818325e-44"
"  89";"  96";" 92.71";" 187.826";"cura";" 9.483023e-43"
" 160";" 229";" 69.87";" 184.657";"geração";" 4.663743e-42"
"  92";" 102";" 90.20";" 184.128";"adorar";" 6.083136e-42"
" 251";" 428";" 58.64";" 182.313";"mão";" 1.515347e-41"
" 388";" 769";" 50.46";" 173.008";"família";" 1.629819e-39"
" 298";" 548";" 54.38";" 171.500";"música";" 3.480246e-39"
"  71";"  72";" 98.61";" 168.119";"profeta";" 1.905653e-38"
"  69";"  69";"100.00";" 167.608";"profético";" 2.464303e-38"
" 118";" 162";" 72.84";" 150.014";"cantar";" 1.721843e-34"
" 172";" 275";" 62.55";" 149.323";"olho";" 2.437645e-34"
" 543";"1221";" 44.47";" 144.407";"vir";" 2.895153e-33"
"  62";"  64";" 96.88";" 142.009";"aleluia";" 9.679747e-33"
"  61";"  64";" 95.31";" 135.526";"adoração";" 2.533814e-31"
"  55";"  55";"100.00";" 133.525";"avivamento";" 6.939583e-31"
" 268";" 515";" 52.04";" 132.399";"trazer";" 1.223480e-30"
" 104";" 143";" 72.73";" 131.638";"dor";" 1.795520e-30"
" 182";" 312";" 58.33";" 129.489";"através";" 5.300371e-30"
" 192";" 336";" 57.14";" 128.404";"irmão";" 9.157846e-30"
" 120";" 177";" 67.80";" 128.274";"diante";" 9.775333e-30"
" 108";" 153";" 70.59";" 127.386";"autoridade";" 1.529208e-29"
" 121";" 181";" 66.85";" 124.840";"tocar";" 5.515893e-29"
"  56";"  59";" 94.92";" 123.416";"servo";" 1.131005e-28"
"  78";"  97";" 80.41";" 123.395";"transformação";" 1.142771e-28"
" 129";" 199";" 64.82";" 122.959";"voz";" 1.423914e-28"
" 119";" 178";" 66.85";" 122.777";"daniel";" 1.560723e-28"
"  50";"  51";" 98.04";" 117.031";"trono";" 2.826690e-27"
" 163";" 279";" 58.42";" 116.351";"paz";" 3.981388e-27"
" 101";" 145";" 69.66";" 115.304";"amanhã";" 6.751704e-27"
"  49";"  50";" 98.00";" 114.601";"jejuar";" 9.625783e-27"
"  49";"  50";" 98.00";" 114.601";"sobrenatural";" 9.625783e-27"
"  67";"  81";" 82.72";" 112.451";"testemunho";" 2.845918e-26"
"  63";"  74";" 85.14";" 112.203";"guardar";" 3.225842e-26"
" 251";" 496";" 50.60";" 111.905";"lugar";" 3.748380e-26"
"  45";"  45";"100.00";" 109.204";"consagrar";" 1.464111e-25"
"  72";"  92";" 78.26";" 107.382";"promessa";" 3.670781e-25"
"  46";"  47";" 97.87";" 107.312";"apóstolo";" 3.803034e-25"
"  44";"  44";"100.00";" 106.773";"unção";" 4.991949e-25"
"  77";" 102";" 75.49";" 106.025";"perdoar";" 7.282640e-25"
"  65";"  80";" 81.25";" 105.055";"honra";" 1.188045e-24"
"  73";"  95";" 76.84";" 104.574";"fortalecer";" 1.514649e-24"
"  46";"  48";" 95.83";" 103.186";"salmo";" 3.050915e-24"
"  44";"  45";" 97.78";" 102.455";"clamor";" 4.413761e-24"
" 102";" 155";" 65.81";" 100.950";"esposo";" 9.433934e-24"
"  45";"  47";" 95.74";" 100.764";"josué";" 1.036412e-23"
"  97";" 145";" 66.90";" 100.108";"texto";" 1.443147e-23"
"  43";"  44";" 97.73";" 100.026";"derramar";" 1.503916e-23"
"  73";"  97";" 75.26";"  99.797";"davi";" 1.688757e-23"
" 104";" 160";" 65.00";"  99.683";"alma";" 1.788276e-23"
"  60";"  73";" 82.19";"  99.336";"maravilhoso";" 2.130689e-23"
"  42";"  43";" 97.67";"  97.598";"profetizar";" 5.124999e-23"
"  51";"  58";" 87.93";"  96.895";"canção";" 7.310854e-23"
" 129";" 218";" 59.17";"  95.415";"forte";" 1.543829e-22"
"  48";"  54";" 88.89";"  93.165";"cruz";" 4.811033e-22"
" 102";" 160";" 63.75";"  92.840";"esperança";" 5.669740e-22"
" 475";"1133";" 41.92";"  92.630";"pedir";" 6.305992e-22"
"  38";"  38";"100.00";"  92.191";"súplica";" 7.870810e-22"
"  49";"  56";" 87.50";"  92.178";"debaixo";" 7.923543e-22"
" 260";" 545";" 47.71";"  92.073";"ouvir";" 8.353256e-22"
"  41";"  43";" 95.35";"  91.080";"benção";" 1.380096e-21"
"  51";"  60";" 85.00";"  90.485";"joelho";" 1.863796e-21"
"  42";"  45";" 93.33";"  89.601";"salvação";" 2.913101e-21"
"  42";"  45";" 93.33";"  89.601";"curar";" 2.913101e-21"
"  53";"  64";" 82.81";"  89.110";"mover";" 3.734473e-21"
"  40";"  42";" 95.24";"  88.660";"ressurreição";" 4.688095e-21"
" 324";" 722";" 44.88";"  88.117";"começar";" 6.170273e-21"
"  38";"  39";" 97.44";"  87.889";"intercessor";" 6.921813e-21"
"  64";"  85";" 75.29";"  87.547";"ministrar";" 8.231331e-21"
"  36";"  36";"100.00";"  87.332";"jeremias";" 9.176601e-21"
"  41";"  44";" 93.18";"  87.193";"lágrima";" 9.842088e-21"
"  91";" 140";" 65.00";"  87.153";"chorar";" 1.004657e-20"
"  39";"  41";" 95.12";"  86.241";"intercessão";" 1.592506e-20"
"  37";"  38";" 97.37";"  85.463";"curado";" 2.360684e-20"
"  46";"  54";" 85.19";"  81.958";"milagre";" 1.389804e-19"
"  40";"  44";" 90.91";"  81.107";"arrependimento";" 2.138257e-19"
" 149";" 278";" 53.60";"  80.781";"força";" 2.521675e-19"
"  35";"  36";" 97.22";"  80.612";"discípulo";" 2.747503e-19"
"  82";" 127";" 64.57";"  77.117";"abraço";" 1.611091e-18"
"  39";"  44";" 88.64";"  75.241";"sabedoria";" 4.166521e-18"
"  69";" 101";" 68.32";"  74.954";"sofrimento";" 4.818992e-18"
"  92";" 151";" 60.93";"  73.851";"alcançar";" 8.423630e-18"
"  62";"  88";" 70.45";"  72.605";"relacionamento";" 1.583906e-17"
"  33";"  35";" 94.29";"  71.747";"moisés";" 2.446333e-17"
"  33";"  35";" 94.29";"  71.747";"gratidão";" 2.446333e-17"
"  36";"  40";" 90.00";"  71.565";"interceder";" 2.682779e-17"
"  55";"  75";" 73.33";"  70.784";"querido";" 3.986025e-17"
"  34";"  37";" 91.89";"  70.374";"abençoado";" 4.905564e-17"
"  29";"  29";"100.00";"  70.331";"restauração";" 5.014940e-17"
"  49";"  64";" 76.56";"  69.538";"entrega";" 7.495577e-17"
"  30";"  31";" 96.77";"  68.490";"neemias";" 1.275167e-16"
"  33";"  36";" 91.67";"  67.978";"sarar";" 1.653063e-16"
" 197";" 415";" 47.47";"  67.966";"abrir";" 1.663305e-16"
"  28";"  28";"100.00";"  67.903";"babilônio";" 1.717532e-16"
"  49";"  65";" 75.38";"  67.157";"inferno";" 2.507593e-16"
"  32";"  35";" 91.43";"  65.584";"dom";" 5.567897e-16"
"  40";"  49";" 81.63";"  65.215";"precioso";" 6.716575e-16"
"  49";"  66";" 74.24";"  64.860";"carne";" 8.041215e-16"
"  33";"  37";" 89.19";"  64.435";"ressuscitar";" 9.974628e-16"
"  28";"  29";" 96.55";"  63.645";"glorificar";" 1.489891e-15"
"  28";"  29";" 96.55";"  63.645";"bênção";" 1.489891e-15"
"  38";"  46";" 82.61";"  63.516";"demônio";" 1.590916e-15"
"  38";"  46";" 82.61";"  63.516";"fiel";" 1.590916e-15"
"  38";"  46";" 82.61";"  63.516";"honrar";" 1.590916e-15"
"  50";"  69";" 72.46";"  62.564";"tristeza";" 2.579284e-15"
"  85";" 144";" 59.03";"  62.225";"ensinar";" 3.063526e-15"
"  32";"  36";" 88.89";"  62.065";"libertar";" 3.322772e-15"
"  43";"  56";" 76.79";"  61.401";"carregar";" 4.655414e-15"
"  27";"  28";" 96.43";"  61.223";"abraão";" 5.095558e-15"
"  30";"  33";" 90.91";"  60.803";"orarmos";" 6.306983e-15"
"  25";"  25";"100.00";"  60.620";"comunhão";" 6.921849e-15"
"  31";"  35";" 88.57";"  59.698";"revelar";" 1.105675e-14"
"  60";"  91";" 65.93";"  59.528";"batalha";" 1.205715e-14"
"  71";" 115";" 61.74";"  59.076";"pregar";" 1.516975e-14"
"  46";"  63";" 73.02";"  58.577";"israel";" 1.954462e-14"
"  47";"  65";" 72.31";"  58.503";"arrepender";" 2.029794e-14"
"  37";"  46";" 80.43";"  58.449";"redor";" 2.086777e-14"
"  29";"  32";" 90.62";"  58.417";"libertação";" 2.120828e-14"
"  24";"  24";"100.00";"  58.193";"apaixonado";" 2.376109e-14"
"  34";"  41";" 82.93";"  57.277";"humilhar";" 3.785507e-14"
"  31";"  36";" 86.11";"  56.421";"ansiedade";" 5.850032e-14"
"  37";"  47";" 78.72";"  55.797";"livrar";" 8.035339e-14"
"  26";"  28";" 92.86";"  54.889";"habitar";" 1.275027e-13"
"  34";"  42";" 80.95";"  54.441";"semente";" 1.601497e-13"
"  34";"  42";" 80.95";"  54.441";"lar";" 1.601497e-13"
"  24";"  25";" 96.00";"  53.962";"templo";" 2.043818e-13"
" 100";" 187";" 53.48";"  53.602";"buscar";" 2.455406e-13"
" 768";"2128";" 36.09";"  53.102";"quando";" 3.167363e-13"
"  51";"  76";" 67.11";"  52.906";"diabo";" 3.498714e-13"
"  51";"  76";" 67.11";"  52.906";"confiar";" 3.498714e-13"
"  23";"  24";" 95.83";"  51.543";"fraqueza";" 7.003134e-13"
"  26";"  29";" 89.66";"  51.275";"bondade";" 8.029501e-13"
"  26";"  29";" 89.66";"  51.275";"pecador";" 8.029501e-13"
"  21";"  21";"100.00";"  50.913";"edificar";" 9.656002e-13"
" 297";" 723";" 41.08";"  50.635";"chamar";" 1.112710e-12"
"  39";"  53";" 73.58";"  50.548";"encher";" 1.162870e-12"
"  27";"  31";" 87.10";"  50.273";"eternidade";" 1.337919e-12"
"  53";"  82";" 64.63";"  49.891";"sangue";" 1.625013e-12"
"  84";" 153";" 54.90";"  49.097";"corpo";" 2.436513e-12"
"  25";"  28";" 89.29";"  48.901";"missionário";" 2.691569e-12"
"  29";"  35";" 82.86";"  48.756";"depressão";" 2.897993e-12"
"  37";"  50";" 74.00";"  48.577";"leão";" 3.175021e-12"
" 160";" 347";" 46.11";"  48.539";"chamado";" 3.238313e-12"
"  20";"  20";"100.00";"  48.486";"pregador";" 3.325753e-12"
"  20";"  20";"100.00";"  48.486";"pregação";" 3.325753e-12"
"  40";"  56";" 71.43";"  48.349";"alcance";" 3.566549e-12"
"  63";" 105";" 60.00";"  48.305";"obra";" 3.649040e-12"
"  33";"  43";" 76.74";"  47.040";"crente";" 6.953652e-12"
"  21";"  22";" 95.45";"  46.709";"atmosfera";" 8.236794e-12"
"  35";"  47";" 74.47";"  46.617";"braço";" 8.631826e-12"
"  24";"  27";" 88.89";"  46.532";"espiritualmente";" 9.013119e-12"
"  19";"  19";"100.00";"  46.060";"repreender";" 1.146687e-11"
"  19";"  19";"100.00";"  46.060";"enfermidade";" 1.146687e-11"
"  19";"  19";"100.00";"  46.060";"sacerdote";" 1.146687e-11"
" 328";" 825";" 39.76";"  45.814";"nicolas";" 1.300425e-11"
"  25";"  29";" 86.21";"  45.591";"restaurar";" 1.457342e-11"
"  62";" 105";" 59.05";"  45.362";"servir";" 1.638134e-11"
"  22";"  24";" 91.67";"  45.297";"alegrar";" 1.693047e-11"
"  22";"  24";" 91.67";"  45.297";"santidade";" 1.693047e-11"
"  22";"  24";" 91.67";"  45.297";"cova";" 1.693047e-11"
"  40";"  58";" 68.97";"  44.406";"experimentar";" 2.668688e-11"
"  20";"  21";" 95.24";"  44.293";"camila";" 2.827612e-11"
"  20";"  21";" 95.24";"  44.293";"celestial";" 2.827612e-11"
"  48";"  75";" 64.00";"  44.000";"eterno";" 3.283171e-11"
"  28";"  35";" 80.00";"  43.701";"revelação";" 3.826623e-11"
"  28";"  35";" 80.00";"  43.701";"renovar";" 3.826623e-11"
"  28";"  35";" 80.00";"  43.701";"afastar";" 3.826623e-11"
"  18";"  18";"100.00";"  43.634";"prostrar";" 3.958351e-11"
"  18";"  18";"100.00";"  43.634";"profetizamos";" 3.958351e-11"
"  18";"  18";"100.00";"  43.634";"judá";" 3.958351e-11"
"  29";"  37";" 78.38";"  43.298";"dobrar";" 4.701182e-11"
"  24";"  28";" 85.71";"  43.259";"descansar";" 4.794976e-11"
"  24";"  28";" 85.71";"  43.259";"jerusalém";" 4.794976e-11"
"  50";"  80";" 62.50";"  42.981";"conhecido";" 5.526359e-11"
"  21";"  23";" 91.30";"  42.906";"romano";" 5.744364e-11"
"  21";"  23";" 91.30";"  42.906";"maligno";" 5.744364e-11"
"  37";"  53";" 69.81";"  42.315";"anjo";" 7.770322e-11"
"  35";"  49";" 71.43";"  42.294";"abraçar";" 7.854005e-11"
"  19";"  20";" 95.00";"  41.878";"petição";" 9.714093e-11"
"  19";"  20";" 95.00";"  41.878";"filipenses";" 9.714093e-11"
"  22";"  25";" 88.00";"  41.808";"ousadia";" 1.007016e-10"
"  44";"  68";" 64.71";"  41.518";"levante";" 1.168079e-10"
"  27";"  34";" 79.41";"  41.472";"temor";" 1.195414e-10"
"  43";"  66";" 65.15";"  41.312";"casamento";" 1.297890e-10"
"  17";"  17";"100.00";"  41.209";"principado";" 1.368232e-10"
"  28";"  36";" 77.78";"  41.103";"obedecer";" 1.444283e-10"
"  29";"  38";" 76.32";"  40.816";"legado";" 1.672264e-10"
"  29";"  38";" 76.32";"  40.816";"bíblico";" 1.672264e-10"
"  52";"  86";" 60.47";"  40.737";"cheio";" 1.741324e-10"
"  39";"  58";" 67.24";"  40.637";"extraordinário";" 1.833031e-10"
" 174";" 399";" 43.61";"  40.596";"conhecer";" 1.871825e-10"
"  31";"  42";" 73.81";"  40.446";"aproximar";" 2.021613e-10"
" 849";"2444";" 34.74";"  39.898";"assim";" 2.675765e-10"
"1539";"4664";" 33.00";"  39.586";"gente";" 3.138466e-10"
"  56";"  96";" 58.33";"  39.497";"agir";" 3.286220e-10"
"  18";"  19";" 94.74";"  39.465";"príncipe";" 3.339919e-10"
"  18";"  19";" 94.74";"  39.465";"tempestade";" 3.339919e-10"
"  18";"  19";" 94.74";"  39.465";"ira";" 3.339919e-10"
"  21";"  24";" 87.50";"  39.454";"fluir";" 3.358800e-10"
"  61";" 108";" 56.48";"  38.980";"convidar";" 4.282310e-10"
"  16";"  16";"100.00";"  38.783";"testamento";" 4.736456e-10"
"  60";" 106";" 56.60";"  38.599";"exército";" 5.205169e-10"
"  30";"  41";" 73.17";"  38.358";"juízo";" 5.888677e-10"
"  32";"  45";" 71.11";"  38.253";"conectar";" 6.213944e-10"
"  59";" 104";" 56.73";"  38.219";"salvar";" 6.321809e-10"
"  19";"  21";" 90.48";"  38.134";"altar";" 6.606435e-10"
"  51";"  86";" 59.30";"  37.762";"ouvido";" 7.993683e-10"
" 133";" 293";" 45.39";"  37.497";"junto";" 9.155739e-10"
"  24";"  30";" 80.00";"  37.450";"ansioso";" 9.378145e-10"
"  17";"  18";" 94.44";"  37.053";"reinar";" 1.149357e-09"
"  17";"  18";" 94.44";"  37.053";"elias";" 1.149357e-09"
"  89";" 179";" 49.72";"  36.640";"inimigo";" 1.420953e-09"
"  77";" 149";" 51.68";"  36.556";"porta";" 1.483349e-09"
"  27";"  36";" 75.00";"  36.535";"circunstância";" 1.499687e-09"
"  15";"  15";"100.00";"  36.358";"santificar";" 1.642406e-09"
"  29";"  40";" 72.50";"  36.287";"amado";" 1.702534e-09"
"  86";" 172";" 50.00";"  36.163";"vivo";" 1.815079e-09"
"  87";" 176";" 49.43";"  35.014";"entregar";" 3.274208e-09"
"  16";"  17";" 94.12";"  34.644";"noivo";" 3.959111e-09"
"  16";"  17";" 94.12";"  34.644";"meditar";" 3.959111e-09"
"  20";"  24";" 83.33";"  34.014";"gabriela";" 5.470943e-09"
"  14";"  14";"100.00";"  33.932";"tentação";" 5.706154e-09"
"  14";"  14";"100.00";"  33.932";"cassiane";" 5.706154e-09"
"  14";"  14";"100.00";"  33.932";"hebreu";" 5.706154e-09"
"  14";"  14";"100.00";"  33.932";"cordeiro";" 5.706154e-09"
"  14";"  14";"100.00";"  33.932";"potestade";" 5.706154e-09"
" 134";" 303";" 44.22";"  33.391";"agradecer";" 7.535877e-09"
"  49";"  85";" 57.65";"  33.327";"mau";" 7.789344e-09"
"  41";"  67";" 61.19";"  33.210";"culto";" 8.273041e-09"
"  51";"  90";" 56.67";"  32.902";"entendimento";" 9.692021e-09"
"  23";"  30";" 76.67";"  32.695";"despertar";" 1.078207e-08"
"  47";"  81";" 58.02";"  32.603";"prazer";" 1.130518e-08"
"  18";"  21";" 85.71";"  32.435";"crônico";" 1.232319e-08"
"  25";"  34";" 73.53";"  32.321";"mateus";" 1.306749e-08"
"  15";"  16";" 93.75";"  32.236";"david";" 1.365235e-08"
"  15";"  16";" 93.75";"  32.236";"obediência";" 1.365235e-08"
"  15";"  16";" 93.75";"  32.236";"eis";" 1.365235e-08"
"  15";"  16";" 93.75";"  32.236";"enfermo";" 1.365235e-08"
"  15";"  16";" 93.75";"  32.236";"angústia";" 1.365235e-08"
"  45";"  77";" 58.44";"  31.891";"contexto";" 1.630544e-08"
"  19";"  23";" 82.61";"  31.729";"figueira";" 1.772950e-08"
"  19";"  23";" 82.61";"  31.729";"privilégio";" 1.772950e-08"
"  13";"  13";"100.00";"  31.507";"refrigério";" 1.986856e-08"
"  13";"  13";"100.00";"  31.507";"improvável";" 1.986856e-08"
"  16";"  18";" 88.89";"  31.010";"encorajar";" 2.566780e-08"
"  16";"  18";" 88.89";"  31.010";"isaías";" 2.566780e-08"
"  16";"  18";" 88.89";"  31.010";"intimidade";" 2.566780e-08"
" 122";" 275";" 44.36";"  30.836";"sentir";" 2.808382e-08"
"  37";"  60";" 61.67";"  30.617";"sonho";" 3.142842e-08"
"  30";"  45";" 66.67";"  30.567";"treva";" 3.225638e-08"
"  27";"  39";" 69.23";"  30.236";"expulsar";" 3.825427e-08"
"  17";"  20";" 85.00";"  30.113";"herança";" 4.075263e-08"
"  14";"  15";" 93.33";"  29.831";"pecar";" 4.713390e-08"
"  14";"  15";" 93.33";"  29.831";"exaltado";" 4.713390e-08"
"  14";"  15";" 93.33";"  29.831";"eliseu";" 4.713390e-08"
"  18";"  22";" 81.82";"  29.456";"romper";" 5.720647e-08"
"  53";"  98";" 54.08";"  29.405";"boca";" 5.871104e-08"
"  12";"  12";"100.00";"  29.083";"provir";" 6.935882e-08"
"  12";"  12";"100.00";"  29.083";"rocha";" 6.935882e-08"
"  12";"  12";"100.00";"  29.083";"bendito";" 6.935882e-08"
"  12";"  12";"100.00";"  29.083";"quebrantar";" 6.935882e-08"
"  12";"  12";"100.00";"  29.083";"prometido";" 6.935882e-08"
"  12";"  12";"100.00";"  29.083";"apocalipse";" 6.935882e-08"
"  12";"  12";"100.00";"  29.083";"escritura";" 6.935882e-08"
"  12";"  12";"100.00";"  29.083";"efésios";" 6.935882e-08"
" 200";" 499";" 40.08";"  29.041";"continuar";" 7.087875e-08"
"  15";"  17";" 88.24";"  28.648";"tribo";" 8.679653e-08"
"  15";"  17";" 88.24";"  28.648";"adorador";" 8.679653e-08"
"  20";"  26";" 76.92";"  28.638";"ministração";" 8.725054e-08"
"  35";"  57";" 61.40";"  28.613";"direcionar";" 8.838367e-08"
"  26";"  38";" 68.42";"  28.279";"lives";" 1.050160e-07"
"  23";"  32";" 71.88";"  28.189";"convicção";" 1.100526e-07"
"  33";"  53";" 62.26";"  28.043";"plantar";" 1.186763e-07"
"  13";"  14";" 92.86";"  27.429";"império";" 1.629414e-07"
"  13";"  14";" 92.86";"  27.429";"purificar";" 1.629414e-07"
"  13";"  14";" 92.86";"  27.429";"aflição";" 1.629414e-07"
"  17";"  21";" 80.95";"  27.198";"verso";" 1.836680e-07"
"  17";"  21";" 80.95";"  27.198";"inspiração";" 1.836680e-07"
"  17";"  21";" 80.95";"  27.198";"alinhado";" 1.836680e-07"
" 105";" 236";" 44.49";"  26.869";"mal";" 2.177322e-07"
"  18";"  23";" 78.26";"  26.771";"evangelista";" 2.290168e-07"
"  81";" 172";" 47.09";"  26.753";"pé";" 2.312095e-07"
"  11";"  11";"100.00";"  26.658";"eyshila";" 2.428510e-07"
"  11";"  11";"100.00";"  26.658";"coríntios";" 2.428510e-07"
"  11";"  11";"100.00";"  26.658";"pureza";" 2.428510e-07"
"  11";"  11";"100.00";"  26.658";"inesquecível";" 2.428510e-07"
"  11";"  11";"100.00";"  26.658";"cativeiro";" 2.428510e-07"
"  11";"  11";"100.00";"  26.658";"amé";" 2.428510e-07"
"  48";"  89";" 53.93";"  26.376";"mudo";" 2.809806e-07"
"  14";"  16";" 87.50";"  26.294";"ordenar";" 2.931639e-07"
"  14";"  16";" 87.50";"  26.294";"testemunhar";" 2.931639e-07"
"  75";" 157";" 47.77";"  26.291";"transformar";" 2.936991e-07"
" 131";" 309";" 42.39";"  26.261";"morrer";" 2.982539e-07"
"  23";"  33";" 69.70";"  26.178";"intervenção";" 3.114013e-07"
"  82";" 176";" 46.59";"  25.863";"causa";" 3.665791e-07"
"  49";"  92";" 53.26";"  25.806";"liberar";" 3.774384e-07"
"  41";"  73";" 56.16";"  25.702";"evangélico";" 3.984455e-07"
"  83";" 179";" 46.37";"  25.638";"escrever";" 4.118283e-07"
"  15";"  18";" 83.33";"  25.505";"exceder";" 4.413379e-07"
"  15";"  18";" 83.33";"  25.505";"sábio";" 4.413379e-07"
"  12";"  13";" 92.31";"  25.031";"jacó";" 5.641111e-07"
"  12";"  13";" 92.31";"  25.031";"profecia";" 5.641111e-07"
"  12";"  13";" 92.31";"  25.031";"lábio";" 5.641111e-07"
"  16";"  20";" 80.00";"  24.957";"multiplicar";" 5.863160e-07"
"  16";"  20";" 80.00";"  24.957";"guerreiro";" 5.863160e-07"
"  59";" 118";" 50.00";"  24.755";"fogo";" 6.508673e-07"
"  17";"  22";" 77.27";"  24.585";"cobrir";" 7.111103e-07"
"  18";"  24";" 75.00";"  24.345";"destino";" 8.054483e-07"
"  10";"  10";"100.00";"  24.234";"descanso";" 8.533423e-07"
"  10";"  10";"100.00";"  24.234";"suplicar";" 8.533423e-07"
"  10";"  10";"100.00";"  24.234";"tribulação";" 8.533423e-07"
"  10";"  10";"100.00";"  24.234";"reconciliação";" 8.533423e-07"
"  10";"  10";"100.00";"  24.234";"gênesis";" 8.533423e-07"
"  19";"  26";" 73.08";"  24.206";"guiar";" 8.654982e-07"
"  21";"  30";" 70.00";"  24.153";"salvo";" 8.899425e-07"
"  20";"  28";" 71.43";"  24.148";"terreno";" 8.923000e-07"
"  13";"  15";" 86.67";"  23.950";"rainha";" 9.887189e-07"
"  13";"  15";" 86.67";"  23.950";"visível";" 9.887189e-07"
"  13";"  15";" 86.67";"  23.950";"habacuque";" 9.887189e-07"
"  13";"  15";" 86.67";"  23.950";"violão";" 9.887189e-07"
"  13";"  15";" 86.67";"  23.950";"prosperidade";" 9.887189e-07"
"  28";"  45";" 62.22";"  23.742";"separar";" 1.101687e-06"
"  27";"  43";" 62.79";"  23.473";"falha";" 1.266841e-06"
"  14";"  17";" 82.35";"  23.222";"ovelha";" 1.443504e-06"
"  34";"  59";" 57.63";"  23.076";"microfone";" 1.556983e-06"
"  67";" 141";" 47.52";"  22.957";"nascer";" 1.656631e-06"
"  39";"  71";" 54.93";"  22.757";"desejo";" 1.838124e-06"
"  11";"  12";" 91.67";"  22.638";"piedade";" 1.956160e-06"
"  11";"  12";" 91.67";"  22.638";"celeiro";" 1.956160e-06"
"  11";"  12";" 91.67";"  22.638";"consolar";" 1.956160e-06"
"  16";"  21";" 76.19";"  22.421";"machucar";" 2.189391e-06"
"  22";"  33";" 66.67";"  22.405";"característica";" 2.208131e-06"
"  17";"  23";" 73.91";"  22.235";"rezar";" 2.412592e-06"
"  18";"  25";" 72.00";"  22.145";"ester";" 2.527662e-06"
"  99";" 229";" 43.23";"  21.941";"difícil";" 2.811769e-06"
"   9";"   9";"100.00";"  21.809";"onipotente";" 3.011383e-06"
"   9";"   9";"100.00";"  21.809";"obediente";" 3.011383e-06"
"   9";"   9";"100.00";"  21.809";"batismo";" 3.011383e-06"
"   9";"   9";"100.00";"  21.809";"ímpio";" 3.011383e-06"
"   9";"   9";"100.00";"  21.809";"revestir";" 3.011383e-06"
"   9";"   9";"100.00";"  21.809";"majestade";" 3.011383e-06"
"  12";"  14";" 85.71";"  21.617";"conforto";" 3.328155e-06"
"  12";"  14";" 85.71";"  21.617";"rasgar";" 3.328155e-06"
"  12";"  14";" 85.71";"  21.617";"maravilha";" 3.328155e-06"
"  12";"  14";" 85.71";"  21.617";"assentar";" 3.328155e-06"
"  25";"  40";" 62.50";"  21.456";"alegre";" 3.620065e-06"
" 148";" 370";" 40.00";"  21.105";"mãe";" 4.347761e-06"
"  13";"  16";" 81.25";"  20.957";"cobre";" 4.696982e-06"
"  13";"  16";" 81.25";"  20.957";"durar";" 4.696982e-06"
"  13";"  16";" 81.25";"  20.957";"cooperar";" 4.696982e-06"
"  13";"  16";" 81.25";"  20.957";"intenso";" 4.696982e-06"
"  13";"  16";" 81.25";"  20.957";"humildade";" 4.696982e-06"
"  41";"  78";" 52.56";"  20.618";"encontro";" 5.606992e-06"
"  14";"  18";" 77.78";"  20.537";"acalmar";" 5.850271e-06"
"  14";"  18";" 77.78";"  20.537";"resistir";" 5.850271e-06"
" 123";" 300";" 41.00";"  20.376";"aprender";" 6.361992e-06"
"  15";"  20";" 75.00";"  20.284";"paixão";" 6.675442e-06"
"  15";"  20";" 75.00";"  20.284";"mandamento";" 6.675442e-06"
"  15";"  20";" 75.00";"  20.284";"sábado";" 6.675442e-06"
"  10";"  11";" 90.91";"  20.250";"machucado";" 6.795647e-06"
"  10";"  11";" 90.91";"  20.250";"tiago";" 6.795647e-06"
"  10";"  11";" 90.91";"  20.250";"devoção";" 6.795647e-06"
"  10";"  11";" 90.91";"  20.250";"profetizo";" 6.795647e-06"
"  10";"  11";" 90.91";"  20.250";"glorioso";" 6.795647e-06"
"  16";"  22";" 72.73";"  20.154";"remédio";" 7.146131e-06"
"  16";"  22";" 72.73";"  20.154";"compaixão";" 7.146131e-06"
"  61";" 130";" 46.92";"  19.804";"perdão";" 8.580587e-06"
"  64";" 138";" 46.38";"  19.752";"cuidar";" 8.818479e-06"
" 177";" 459";" 38.56";"  19.735";"certeza";" 8.897101e-06"
"   8";"   8";"100.00";"  19.385";"lázaro";" 1.068284e-05"
"   8";"   8";"100.00";"  19.385";"restaurado";" 1.068284e-05"
"   8";"   8";"100.00";"  19.385";"gló";" 1.068284e-05"
"   8";"   8";"100.00";"  19.385";"redenção";" 1.068284e-05"
"   8";"   8";"100.00";"  19.385";"gomorra";" 1.068284e-05"
"   8";"   8";"100.00";"  19.385";"despertamento";" 1.068284e-05"
"   8";"   8";"100.00";"  19.385";"purificação";" 1.068284e-05"
"   8";"   8";"100.00";"  19.385";"jairo";" 1.068284e-05"
"   8";"   8";"100.00";"  19.385";"inabalável";" 1.068284e-05"
"   8";"   8";"100.00";"  19.385";"emendar";" 1.068284e-05"
"   8";"   8";"100.00";"  19.385";"edésio";" 1.068284e-05"
"   8";"   8";"100.00";"  19.385";"dobrado";" 1.068284e-05"
"   8";"   8";"100.00";"  19.385";"distrair";" 1.068284e-05"
"   8";"   8";"100.00";"  19.385";"despedir";" 1.068284e-05"
"  11";"  13";" 84.62";"  19.299";"batizar";" 1.117513e-05"
"  11";"  13";" 84.62";"  19.299";"fidelidade";" 1.117513e-05"
"  35";"  65";" 53.85";"  19.111";"vitória";" 1.233598e-05"
"  26";"  44";" 59.09";"  19.017";"prevalecer";" 1.295446e-05"
"  12";"  15";" 80.00";"  18.714";"íntimo";" 1.518799e-05"
"  12";"  15";" 80.00";"  18.714";"permissão";" 1.518799e-05"
"  12";"  15";" 80.00";"  18.714";"hino";" 1.518799e-05"
"  78";" 178";" 43.82";"  18.480";"cumprir";" 1.717188e-05"
"  13";"  17";" 76.47";"  18.365";"ferida";" 1.824052e-05"
"  13";"  17";" 76.47";"  18.365";"confortar";" 1.824052e-05"
" 147";" 375";" 39.20";"  18.337";"ler";" 1.850625e-05"
"  18";"  27";" 66.67";"  18.327";"intencional";" 1.860665e-05"
"  14";"  19";" 73.68";"  18.177";"emocional";" 2.012563e-05"
"  27";"  47";" 57.45";"  18.141";"pôr";" 2.050882e-05"
"  16";"  23";" 69.57";"  18.119";"pertencer";" 2.074987e-05"
"  15";"  21";" 71.43";"  18.106";"caiar";" 2.089890e-05"
"  74";" 168";" 44.05";"  17.982";"diferença";" 2.230257e-05"
"   9";"  10";" 90.00";"  17.870";"vencedor";" 2.365544e-05"
"   9";"  10";" 90.00";"  17.870";"perfume";" 2.365544e-05"
"   9";"  10";" 90.00";"  17.870";"inesgotável";" 2.365544e-05"
"   9";"  10";" 90.00";"  17.870";"guga";" 2.365544e-05"
"   9";"  10";" 90.00";"  17.870";"colheita";" 2.365544e-05"
"   9";"  10";" 90.00";"  17.870";"jb";" 2.365544e-05"
" 233";" 635";" 36.69";"  17.597";"entrar";" 2.730800e-05"
"  73";" 166";" 43.98";"  17.595";"preparar";" 2.733240e-05"
" 239";" 655";" 36.49";"  17.186";"sempre";" 3.389557e-05"
"  20";"  32";" 62.50";"  17.159";"aliança";" 3.436974e-05"
"  10";"  12";" 83.33";"  16.999";"egito";" 3.740046e-05"
"   7";"   7";"100.00";"  16.961";"fornalha";" 3.814711e-05"
"   7";"   7";"100.00";"  16.961";"videira";" 3.814711e-05"
"   7";"   7";"100.00";"  16.961";"sodoma";" 3.814711e-05"
"   7";"   7";"100.00";"  16.961";"rebanho";" 3.814711e-05"
"   7";"   7";"100.00";"  16.961";"forjar";" 3.814711e-05"
"   7";"   7";"100.00";"  16.961";"consolo";" 3.814711e-05"
"   7";"   7";"100.00";"  16.961";"tropeçar";" 3.814711e-05"
"   7";"   7";"100.00";"  16.961";"salmista";" 3.814711e-05"
"   7";"   7";"100.00";"  16.961";"isaque";" 3.814711e-05"
"   7";"   7";"100.00";"  16.961";"intercedemos";" 3.814711e-05"
"   7";"   7";"100.00";"  16.961";"fecho";" 3.814711e-05"
"   7";"   7";"100.00";"  16.961";"denominação";" 3.814711e-05"
"   7";"   7";"100.00";"  16.961";"cântico";" 3.814711e-05"
"   7";"   7";"100.00";"  16.961";"congregar";" 3.814711e-05"
"   7";"   7";"100.00";"  16.961";"asa";" 3.814711e-05"
"   7";"   7";"100.00";"  16.961";"angustiado";" 3.814711e-05"
"   7";"   7";"100.00";"  16.961";"alívio";" 3.814711e-05"
"  61";" 135";" 45.19";"  16.729";"luz";" 4.310560e-05"
"  23";"  39";" 58.97";"  16.722";"queimar";" 4.328695e-05"
"  29";"  53";" 54.72";"  16.696";"rapaz";" 4.387514e-05"
"  18";"  28";" 64.29";"  16.666";"operar";" 4.456552e-05"
"  11";"  14";" 78.57";"  16.497";"conversão";" 4.873633e-05"
"  54";" 117";" 46.15";"  16.300";"aplauso";" 5.407036e-05"
"  57";" 125";" 45.60";"  16.299";"joão";" 5.409005e-05"
"  12";"  16";" 75.00";"  16.225";"cessar";" 5.625746e-05"
"  44";"  91";" 48.35";"  16.165";"vencer";" 5.806010e-05"
"  13";"  18";" 72.22";"  16.106";"timóteo";" 5.988718e-05"
"  13";"  18";" 72.22";"  16.106";"repetição";" 5.988718e-05"
"  42";"  86";" 48.84";"  16.059";"manifestar";" 6.140721e-05"
"  62";" 139";" 44.60";"  15.997";"compartilhar";" 6.343676e-05"
"  32";"  61";" 52.46";"  15.968";"pão";" 6.440561e-05"
"  20";"  33";" 60.61";"  15.740";"choro";" 7.268833e-05"
"  31";"  59";" 52.54";"  15.555";"fechado";" 8.015304e-05"
"  31";"  59";" 52.54";"  15.555";"sacrifício";" 8.015304e-05"
"   8";"   9";" 88.89";"  15.499";"provérbio";" 8.252714e-05"
"   8";"   9";" 88.89";"  15.499";"armadura";" 8.252714e-05"
"   8";"   9";" 88.89";"  15.499";"recompensar";" 8.252714e-05"
"   8";"   9";" 88.89";"  15.499";"ousado";" 8.252714e-05"
"   8";"   9";" 88.89";"  15.499";"estação";" 8.252714e-05"
"   8";"   9";" 88.89";"  15.499";"maldição";" 8.252714e-05"
"   8";"   9";" 88.89";"  15.499";"entristecer";" 8.252714e-05"
"  23";"  40";" 57.50";"  15.493";"corajoso";" 8.279292e-05"
"  44";"  92";" 47.83";"  15.458";"mensagem";" 8.437559e-05"
"  19";"  31";" 61.29";"  15.436";"gigante";" 8.534175e-05"
"  40";"  82";" 48.78";"  15.221";"procurar";" 9.563563e-05"
"  18";"  29";" 62.07";"  15.149";"liberado";" 9.936597e-05"
"  57";" 127";" 44.88";"  15.141";"fechar";" 9.977408e-05"
"  25";"  45";" 55.56";"  15.119";"mar";" 1.009582e-04"
"  48";" 103";" 46.60";"  15.110";"experiência";" 1.014089e-04"
"  32";"  62";" 51.61";"  15.071";"salvador";" 1.035662e-04"
"  17";"  27";" 62.96";"  14.881";"nascido";" 1.145164e-04"
"  24";"  43";" 55.81";"  14.730";"converter";" 1.240265e-04"
"  29";"  55";" 52.73";"  14.729";"fonte";" 1.241502e-04"
"   9";"  11";" 81.82";"  14.721";"páscoa";" 1.246232e-04"
"   9";"  11";" 81.82";"  14.721";"coroa";" 1.246232e-04"
"   9";"  11";" 81.82";"  14.721";"ajoelhar";" 1.246232e-04"
"   9";"  11";" 81.82";"  14.721";"reinado";" 1.246232e-04"
"   9";"  11";" 81.82";"  14.721";"liberto";" 1.246232e-04"
"  35";"  70";" 50.00";"  14.657";"crise";" 1.289499e-04"
"  16";"  25";" 64.00";"  14.637";"casar";" 1.303050e-04"
"   6";"   6";"100.00";"  14.538";"faraó";" 1.373768e-04"
"   6";"   6";"100.00";"  14.538";"arder";" 1.373768e-04"
"   6";"   6";"100.00";"  14.538";"álvaro";" 1.373768e-04"
"   6";"   6";"100.00";"  14.538";"varanda";" 1.373768e-04"
"   6";"   6";"100.00";"  14.538";"sermão";" 1.373768e-04"
"   6";"   6";"100.00";"  14.538";"constranger";" 1.373768e-04"
"   6";"   6";"100.00";"  14.538";"avivar";" 1.373768e-04"
"   6";"   6";"100.00";"  14.538";"veste";" 1.373768e-04"
"   6";"   6";"100.00";"  14.538";"golias";" 1.373768e-04"
"   6";"   6";"100.00";"  14.538";"exercitar";" 1.373768e-04"
"   6";"   6";"100.00";"  14.538";"entronizar";" 1.373768e-04"
"   6";"   6";"100.00";"  14.538";"cristian";" 1.373768e-04"
"   6";"   6";"100.00";"  14.538";"completá";" 1.373768e-04"
"   6";"   6";"100.00";"  14.538";"brunão";" 1.373768e-04"
"   6";"   6";"100.00";"  14.538";"apostólico";" 1.373768e-04"
"   6";"   6";"100.00";"  14.538";"ajoelhado";" 1.373768e-04"
"   6";"   6";"100.00";"  14.538";"abundância";" 1.373768e-04"
"  15";"  23";" 65.22";"  14.424";"espada";" 1.458979e-04"
"  10";"  13";" 76.92";"  14.312";"vigor";" 1.549103e-04"
"  10";"  13";" 76.92";"  14.312";"ombro";" 1.549103e-04"
"  14";"  21";" 66.67";"  14.251";"invisível";" 1.599941e-04"
"  14";"  21";" 66.67";"  14.251";"anotar";" 1.599941e-04"
"  14";"  21";" 66.67";"  14.251";"janela";" 1.599941e-04"
"  13";"  19";" 68.42";"  14.129";"transformado";" 1.707056e-04"
"  11";"  15";" 73.33";"  14.123";"esfera";" 1.712647e-04"
"  11";"  15";" 73.33";"  14.123";"divino";" 1.712647e-04"
"  11";"  15";" 73.33";"  14.123";"abalar";" 1.712647e-04"
"  39";"  81";" 48.15";"  14.078";"justo";" 1.753446e-04"
"  25";"  46";" 54.35";"  14.070";"digno";" 1.761038e-04"
"  48";" 105";" 45.71";"  13.872";"fruto";" 1.957163e-04"
"  26";"  49";" 53.06";"  13.494";"face";" 2.393228e-04"
"  30";"  59";" 50.85";"  13.376";"impactar";" 2.548566e-04"
"  42";"  90";" 46.67";"  13.295";"usado";" 2.661542e-04"
"  45";"  98";" 45.92";"  13.266";"convite";" 2.703206e-04"
"   7";"   8";" 87.50";"  13.143";"comprometimento";" 2.886113e-04"
"   7";"   8";" 87.50";"  13.143";"digão";" 2.886113e-04"
"   7";"   8";" 87.50";"  13.143";"amoroso";" 2.886113e-04"
"   7";"   8";" 87.50";"  13.143";"brilhar";" 2.886113e-04"
"   7";"   8";" 87.50";"  13.143";"apaixonar";" 2.886113e-04"
"   7";"   8";" 87.50";"  13.143";"santificação";" 2.886113e-04"
"   7";"   8";" 87.50";"  13.143";"ló";" 2.886113e-04"
"   7";"   8";" 87.50";"  13.143";"cicatriz";" 2.886113e-04"
"   7";"   8";" 87.50";"  13.143";"casto";" 2.886113e-04"
"   7";"   8";" 87.50";"  13.143";"vitorioso";" 2.886113e-04"
"   7";"   8";" 87.50";"  13.143";"prego";" 2.886113e-04"
"   7";"   8";" 87.50";"  13.143";"aventurar";" 2.886113e-04"
" 171";" 465";" 36.77";"  13.076";"antes";" 2.990894e-04"
" 182";" 499";" 36.47";"  12.953";"tão";" 3.193390e-04"
"  14";"  22";" 63.64";"  12.611";"sal";" 3.833948e-04"
"  14";"  22";" 63.64";"  12.611";"evangelizar";" 3.833948e-04"
"  14";"  22";" 63.64";"  12.611";"soberano";" 3.833948e-04"
"  14";"  22";" 63.64";"  12.611";"madrugada";" 3.833948e-04"
"  14";"  22";" 63.64";"  12.611";"instante";" 3.833948e-04"
"  18";"  31";" 58.06";"  12.487";"casal";" 4.097848e-04"
"  18";"  31";" 58.06";"  12.487";"lucas";" 4.097848e-04"
"  21";"  38";" 55.26";"  12.481";"inglês";" 4.110066e-04"
"   8";"  10";" 80.00";"  12.473";"criatura";" 4.127966e-04"
"   8";"  10";" 80.00";"  12.473";"dobra";" 4.127966e-04"
"   8";"  10";" 80.00";"  12.473";"renúncia";" 4.127966e-04"
"   8";"  10";" 80.00";"  12.473";"miranda";" 4.127966e-04"
"   8";"  10";" 80.00";"  12.473";"acalentar";" 4.127966e-04"
"  43";"  94";" 45.74";"  12.459";"milhar";" 4.160200e-04"
"  13";"  20";" 65.00";"  12.390";"prosperar";" 4.315356e-04"
"  13";"  20";" 65.00";"  12.390";"semelhante";" 4.315356e-04"
"  31";"  63";" 49.21";"  12.200";"falado";" 4.780062e-04"
"   9";"  12";" 75.00";"  12.167";"vocação";" 4.865467e-04"
"   9";"  12";" 75.00";"  12.167";"render";" 4.865467e-04"
"   9";"  12";" 75.00";"  12.167";"seco";" 4.865467e-04"
"   9";"  12";" 75.00";"  12.167";"músico";" 4.865467e-04"
"  36";"  76";" 47.37";"  12.141";"busca";" 4.932301e-04"
"   5";"   5";"100.00";"  12.114";"repreendemos";" 5.003580e-04"
"   5";"   5";"100.00";"  12.114";"aborrecer";" 5.003580e-04"
"   5";"   5";"100.00";"  12.114";"imitador";" 5.003580e-04"
"   5";"   5";"100.00";"  12.114";"ungir";" 5.003580e-04"
"   5";"   5";"100.00";"  12.114";"semear";" 5.003580e-04"
"   5";"   5";"100.00";"  12.114";"plenitude";" 5.003580e-04"
"   5";"   5";"100.00";"  12.114";"joel";" 5.003580e-04"
"   5";"   5";"100.00";"  12.114";"endemoniado";" 5.003580e-04"
"   5";"   5";"100.00";"  12.114";"depósito";" 5.003580e-04"
"   5";"   5";"100.00";"  12.114";"decepção";" 5.003580e-04"
"   5";"   5";"100.00";"  12.114";"copeiro";" 5.003580e-04"
"   5";"   5";"100.00";"  12.114";"consola";" 5.003580e-04"
"   5";"   5";"100.00";"  12.114";"soprar";" 5.003580e-04"
"   5";"   5";"100.00";"  12.114";"secular";" 5.003580e-04"
"   5";"   5";"100.00";"  12.114";"salomão";" 5.003580e-04"
"   5";"   5";"100.00";"  12.114";"rendar";" 5.003580e-04"
"   5";"   5";"100.00";"  12.114";"quinlan";" 5.003580e-04"
"   5";"   5";"100.00";"  12.114";"luana";" 5.003580e-04"
"   5";"   5";"100.00";"  12.114";"livramento";" 5.003580e-04"
"   5";"   5";"100.00";"  12.114";"invocar";" 5.003580e-04"
"   5";"   5";"100.00";"  12.114";"iniquidade";" 5.003580e-04"
"   5";"   5";"100.00";"  12.114";"constantemente";" 5.003580e-04"
"   5";"   5";"100.00";"  12.114";"consagração";" 5.003580e-04"
"   5";"   5";"100.00";"  12.114";"cativo";" 5.003580e-04"
"   5";"   5";"100.00";"  12.114";"billy";" 5.003580e-04"
"   5";"   5";"100.00";"  12.114";"alelu";" 5.003580e-04"
"  11";"  16";" 68.75";"  12.097";"recompensa";" 5.050203e-04"
"  11";"  16";" 68.75";"  12.097";"verdadeiramente";" 5.050203e-04"
"  11";"  16";" 68.75";"  12.097";"proclamar";" 5.050203e-04"
"  10";"  14";" 71.43";"  12.067";"guerrear";" 5.132239e-04"
"  10";"  14";" 71.43";"  12.067";"refúgio";" 5.132239e-04"
"  68";" 164";" 41.46";"  11.967";"escutar";" 5.416545e-04"
"  16";"  27";" 59.26";"  11.794";"amizade";" 5.943750e-04"
"  24";"  46";" 52.17";"  11.741";"escravo";" 6.113514e-04"
"  35";"  74";" 47.30";"  11.728";"guarda";" 6.156113e-04"
"  61";" 145";" 42.07";"  11.644";"interessante";" 6.442307e-04"
"  15";"  25";" 60.00";"  11.464";"atrair";" 7.095058e-04"
"  15";"  25";" 60.00";"  11.464";"papai";" 7.095058e-04"
"  15";"  25";" 60.00";"  11.464";"acessar";" 7.095058e-04"
"  17";"  30";" 56.67";"  10.941";"trajetória";" 9.406165e-04"
"  24";"  47";" 51.06";"  10.865";"chave";" 9.802333e-04"
"  13";"  21";" 61.90";"  10.857";"pastorzão";" 9.842939e-04"
"   6";"   7";" 85.71";"  10.806";"josias";" 1.011893e-03"
"   6";"   7";" 85.71";"  10.806";"resgate";" 1.011893e-03"
"   6";"   7";" 85.71";"  10.806";"talita";" 1.011893e-03"
"   6";"   7";" 85.71";"  10.806";"sedento";" 1.011893e-03"
"   6";"   7";" 85.71";"  10.806";"samuel";" 1.011893e-03"
"   6";"   7";" 85.71";"  10.806";"pontualmente";" 1.011893e-03"
"   6";"   7";" 85.71";"  10.806";"marlene";" 1.011893e-03"
"   6";"   7";" 85.71";"  10.806";"estremecer";" 1.011893e-03"
"   6";"   7";" 85.71";"  10.806";"discernimento";" 1.011893e-03"
"  56";" 133";" 42.11";"  10.735";"nícolas";" 1.051142e-03"
"  19";"  35";" 54.29";"  10.648";"leve";" 1.101844e-03"
"  37";"  81";" 45.68";"  10.645";"ncolas";" 1.103641e-03"
"  12";"  19";" 63.16";"  10.590";"ativar";" 1.137203e-03"
"  12";"  19";" 63.16";"  10.590";"agradável";" 1.137203e-03"
"  32";"  68";" 47.06";"  10.492";"identidade";" 1.198765e-03"
"  11";"  17";" 64.71";"  10.358";"vigiar";" 1.289007e-03"
"  11";"  17";" 64.71";"  10.358";"confrontar";" 1.289007e-03"
"  11";"  17";" 64.71";"  10.358";"emoção";" 1.289007e-03"
"   7";"   9";" 77.78";"  10.265";"vaso";" 1.356085e-03"
"   7";"   9";" 77.78";"  10.265";"atributo";" 1.356085e-03"
"   7";"   9";" 77.78";"  10.265";"roma";" 1.356085e-03"
"   7";"   9";" 77.78";"  10.265";"paternidade";" 1.356085e-03"
"   7";"   9";" 77.78";"  10.265";"corresponder";" 1.356085e-03"
"   7";"   9";" 77.78";"  10.265";"agostinho";" 1.356085e-03"
"   7";"   9";" 77.78";"  10.265";"victor";" 1.356085e-03"
"   7";"   9";" 77.78";"  10.265";"simplicidade";" 1.356085e-03"
"   7";"   9";" 77.78";"  10.265";"ministrações";" 1.356085e-03"
"   7";"   9";" 77.78";"  10.265";"grandioso";" 1.356085e-03"
"   7";"   9";" 77.78";"  10.265";"am";" 1.356085e-03"
"   7";"   9";" 77.78";"  10.265";"afundar";" 1.356085e-03"
"  15";"  26";" 57.69";"  10.202";"sombra";" 1.402566e-03"
" 203";" 577";" 35.18";"  10.153";"cristão";" 1.440323e-03"
"   8";"  11";" 72.73";"  10.072";"significado";" 1.505057e-03"
"   9";"  13";" 69.23";"  10.068";"sucedido";" 1.508536e-03"
"   9";"  13";" 69.23";"  10.068";"perecer";" 1.508536e-03"
"  22";"  43";" 51.16";"  10.029";"agente";" 1.541325e-03"
" 156";" 433";" 36.03";"   9.876";"história";" 1.674523e-03"
"   4";"   4";"100.00";"   9.691";"cabra";" 1.851651e-03"
"   4";"   4";"100.00";"   9.691";"coroar";" 1.851651e-03"
"   4";"   4";"100.00";"   9.691";"submisso";" 1.851651e-03"
"   4";"   4";"100.00";"   9.691";"amargura";" 1.851651e-03"
"   4";"   4";"100.00";"   9.691";"renovo";" 1.851651e-03"
"   4";"   4";"100.00";"   9.691";"paralítico";" 1.851651e-03"
"   4";"   4";"100.00";"   9.691";"mordomo";" 1.851651e-03"
"   4";"   4";"100.00";"   9.691";"madre";" 1.851651e-03"
"   4";"   4";"100.00";"   9.691";"lembrança";" 1.851651e-03"
"   4";"   4";"100.00";"   9.691";"herdeiro";" 1.851651e-03"
"   4";"   4";"100.00";"   9.691";"glorifico";" 1.851651e-03"
"   4";"   4";"100.00";"   9.691";"encargo";" 1.851651e-03"
"   4";"   4";"100.00";"   9.691";"congregação";" 1.851651e-03"
"   4";"   4";"100.00";"   9.691";"aprisionar";" 1.851651e-03"
"   4";"   4";"100.00";"   9.691";"algoritmo";" 1.851651e-03"
"   4";"   4";"100.00";"   9.691";"adotivo";" 1.851651e-03"
"   4";"   4";"100.00";"   9.691";"adorá";" 1.851651e-03"
"   4";"   4";"100.00";"   9.691";"vibe";" 1.851651e-03"
"   4";"   4";"100.00";"   9.691";"verbalizar";" 1.851651e-03"
"   4";"   4";"100.00";"   9.691";"ungido";" 1.851651e-03"
"   4";"   4";"100.00";"   9.691";"terceirize";" 1.851651e-03"
"   4";"   4";"100.00";"   9.691";"sião";" 1.851651e-03"
"   4";"   4";"100.00";"   9.691";"repreendo";" 1.851651e-03"
"   4";"   4";"100.00";"   9.691";"repousar";" 1.851651e-03"
"   4";"   4";"100.00";"   9.691";"quebrantamento";" 1.851651e-03"
"   4";"   4";"100.00";"   9.691";"pulsar";" 1.851651e-03"
"   4";"   4";"100.00";"   9.691";"província";" 1.851651e-03"
"   4";"   4";"100.00";"   9.691";"porção";" 1.851651e-03"
"   4";"   4";"100.00";"   9.691";"piano";" 1.851651e-03"
"   4";"   4";"100.00";"   9.691";"perene";" 1.851651e-03"
"   4";"   4";"100.00";"   9.691";"obreiro";" 1.851651e-03"
"   4";"   4";"100.00";"   9.691";"namã";" 1.851651e-03"
"   4";"   4";"100.00";"   9.691";"mergulhar";" 1.851651e-03"
"   4";"   4";"100.00";"   9.691";"manancial";" 1.851651e-03"
"   4";"   4";"100.00";"   9.691";"leproso";" 1.851651e-03"
"   4";"   4";"100.00";"   9.691";"impetuoso";" 1.851651e-03"
"   4";"   4";"100.00";"   9.691";"imortal";" 1.851651e-03"
"   4";"   4";"100.00";"   9.691";"humilharmos";" 1.851651e-03"
"   4";"   4";"100.00";"   9.691";"grandeza";" 1.851651e-03"
"   4";"   4";"100.00";"   9.691";"gozo";" 1.851651e-03"
"   4";"   4";"100.00";"   9.691";"existencial";" 1.851651e-03"
"   4";"   4";"100.00";"   9.691";"estéril";" 1.851651e-03"
"   4";"   4";"100.00";"   9.691";"estevar";" 1.851651e-03"
"   4";"   4";"100.00";"   9.691";"esconderijo";" 1.851651e-03"
"   4";"   4";"100.00";"   9.691";"enxugará";" 1.851651e-03"
"   4";"   4";"100.00";"   9.691";"encorajamento";" 1.851651e-03"
"   4";"   4";"100.00";"   9.691";"eliel";" 1.851651e-03"
"   4";"   4";"100.00";"   9.691";"desobedecer";" 1.851651e-03"
"   4";"   4";"100.00";"   9.691";"desgastado";" 1.851651e-03"
"   4";"   4";"100.00";"   9.691";"descoberto";" 1.851651e-03"
"   4";"   4";"100.00";"   9.691";"cálice";" 1.851651e-03"
"   4";"   4";"100.00";"   9.691";"chorão";" 1.851651e-03"
"   4";"   4";"100.00";"   9.691";"chacoalhar";" 1.851651e-03"
"   4";"   4";"100.00";"   9.691";"cassiano";" 1.851651e-03"
"   4";"   4";"100.00";"   9.691";"capela";" 1.851651e-03"
"   4";"   4";"100.00";"   9.691";"brotar";" 1.851651e-03"
"   4";"   4";"100.00";"   9.691";"bronca";" 1.851651e-03"
"   4";"   4";"100.00";"   9.691";"aventura";" 1.851651e-03"
"   4";"   4";"100.00";"   9.691";"atemporal";" 1.851651e-03"
"   4";"   4";"100.00";"   9.691";"assembleiana";" 1.851651e-03"
"   4";"   4";"100.00";"   9.691";"arpar";" 1.851651e-03"
"   4";"   4";"100.00";"   9.691";"aqu";" 1.851651e-03"
"   4";"   4";"100.00";"   9.691";"amaldiçoar";" 1.851651e-03"
"   4";"   4";"100.00";"   9.691";"acuar";" 1.851651e-03"
"   4";"   4";"100.00";"   9.691";"aceso";" 1.851651e-03"
"  30";"  64";" 46.88";"   9.671";"sincero";" 1.871956e-03"
"  21";"  41";" 51.22";"   9.611";"século";" 1.934331e-03"
"  18";"  34";" 52.94";"   9.264";"abandonar";" 2.337561e-03"
" 431";"1309";" 32.93";"   9.176";"precisar";" 2.451507e-03"
"  12";"  20";" 60.00";"   9.170";"desligar";" 2.460813e-03"
"  40";"  92";" 43.48";"   9.078";"especial";" 2.587503e-03"
"  15";"  27";" 55.56";"   9.065";"aurora";" 2.605955e-03"
"  52";" 126";" 41.27";"   8.892";"controlo";" 2.864627e-03"
"  11";"  18";" 61.11";"   8.858";"sagrado";" 2.917440e-03"
"  11";"  18";" 61.11";"   8.858";"maternidade";" 2.917440e-03"
"  23";"  47";" 48.94";"   8.851";"estender";" 2.928995e-03"
" 147";" 411";" 35.77";"   8.661";"voltar";" 3.251488e-03"
"  10";"  16";" 62.50";"   8.574";"emocionar";" 3.409570e-03"
"  10";"  16";" 62.50";"   8.574";"desanimado";" 3.409570e-03"
"   5";"   6";" 83.33";"   8.497";"efraim";" 3.556481e-03"
"   5";"   6";" 83.33";"   8.497";"trindade";" 3.556481e-03"
"   5";"   6";" 83.33";"   8.497";"sírio";" 3.556481e-03"
"   5";"   6";" 83.33";"   8.497";"regar";" 3.556481e-03"
"   5";"   6";" 83.33";"   8.497";"levantado";" 3.556481e-03"
"   5";"   6";" 83.33";"   8.497";"rugir";" 3.556481e-03"
"   5";"   6";" 83.33";"   8.497";"provisão";" 3.556481e-03"
"   5";"   6";" 83.33";"   8.497";"mardoqueu";" 3.556481e-03"
"   5";"   6";" 83.33";"   8.497";"intermédio";" 3.556481e-03"
"   5";"   6";" 83.33";"   8.497";"distraído";" 3.556481e-03"
"   5";"   6";" 83.33";"   8.497";"viviane";" 3.556481e-03"
"   5";"   6";" 83.33";"   8.497";"trilhar";" 3.556481e-03"
"   5";"   6";" 83.33";"   8.497";"transportar";" 3.556481e-03"
"   5";"   6";" 83.33";"   8.497";"transbordar";" 3.556481e-03"
"   5";"   6";" 83.33";"   8.497";"separação";" 3.556481e-03"
"   5";"   6";" 83.33";"   8.497";"porventura";" 3.556481e-03"
"   5";"   6";" 83.33";"   8.497";"pernambuco";" 3.556481e-03"
"   5";"   6";" 83.33";"   8.497";"palpável";" 3.556481e-03"
"   5";"   6";" 83.33";"   8.497";"mistério";" 3.556481e-03"
"   5";"   6";" 83.33";"   8.497";"maldito";" 3.556481e-03"
"   5";"   6";" 83.33";"   8.497";"knox";" 3.556481e-03"
"   5";"   6";" 83.33";"   8.497";"hayashi";" 3.556481e-03"
"   5";"   6";" 83.33";"   8.497";"guia";" 3.556481e-03"
"   5";"   6";" 83.33";"   8.497";"flecha";" 3.556481e-03"
"   5";"   6";" 83.33";"   8.497";"desânimo";" 3.556481e-03"
"   5";"   6";" 83.33";"   8.497";"apertado";" 3.556481e-03"
"   5";"   6";" 83.33";"   8.497";"aflito";" 3.556481e-03"
"   5";"   6";" 83.33";"   8.497";"abalado";" 3.556481e-03"
"  46";" 110";" 41.82";"   8.480";"permanecer";" 3.591304e-03"
"  37";"  85";" 43.53";"   8.445";"dormir";" 3.660734e-03"
"  16";"  30";" 53.33";"   8.445";"acrescentar";" 3.660743e-03"
"  30";"  66";" 45.45";"   8.434";"reunir";" 3.683259e-03"
"  22";"  45";" 48.89";"   8.433";"julho";" 3.684190e-03"
"  20";"  40";" 50.00";"   8.365";"domingo";" 3.824355e-03"
"   9";"  14";" 64.29";"   8.328";"consumir";" 3.902837e-03"
"   9";"  14";" 64.29";"   8.328";"vivenciar";" 3.902837e-03"
"   9";"  14";" 64.29";"   8.328";"fisicamente";" 3.902837e-03"
"   9";"  14";" 64.29";"   8.328";"envergonhar";" 3.902837e-03"
"   9";"  14";" 64.29";"   8.328";"dependência";" 3.902837e-03"
"   9";"  14";" 64.29";"   8.328";"chamá";" 3.902837e-03"
"  13";"  23";" 56.52";"   8.297";"doer";" 3.970214e-03"
"  25";"  53";" 47.17";"   8.275";"descer";" 4.019763e-03"
"   8";"  12";" 66.67";"   8.140";"fernandinho";" 4.329051e-03"
"   8";"  12";" 66.67";"   8.140";"diferenciado";" 4.329051e-03"
"   8";"  12";" 66.67";"   8.140";"crucificado";" 4.329051e-03"
"   6";"   8";" 75.00";"   8.110";"luma";" 4.402850e-03"
"   6";"   8";" 75.00";"   8.110";"criterioso";" 4.402850e-03"
"   6";"   8";" 75.00";"   8.110";"perverso";" 4.402850e-03"
"   6";"   8";" 75.00";"   8.110";"jeová";" 4.402850e-03"
"   6";"   8";" 75.00";"   8.110";"praga";" 4.402850e-03"
"   6";"   8";" 75.00";"   8.110";"dis";" 4.402850e-03"
"   6";"   8";" 75.00";"   8.110";"demoníaco";" 4.402850e-03"
"   6";"   8";" 75.00";"   8.110";"confuso";" 4.402850e-03"
"   6";"   8";" 75.00";"   8.110";"biblicamente";" 4.402850e-03"
"   7";"  10";" 70.00";"   8.044";"virtuoso";" 4.564393e-03"
"   7";"  10";" 70.00";"   8.044";"desprezar";" 4.564393e-03"
"   7";"  10";" 70.00";"   8.044";"falhar";" 4.564393e-03"
"   7";"  10";" 70.00";"   8.044";"secar";" 4.564393e-03"
"  15";"  28";" 53.57";"   8.038";"felicidade";" 4.581490e-03"
"  66";" 169";" 39.05";"   7.956";"mente";" 4.792705e-03"
"  12";"  21";" 57.14";"   7.924";"psicólogo";" 4.878712e-03"
"  27";"  59";" 45.76";"   7.826";"est";" 5.150102e-03"
"  20";"  41";" 48.78";"   7.598";"satanás";" 5.843437e-03"
"  47";" 115";" 40.87";"   7.582";"reconhecer";" 5.895604e-03"
"  11";"  19";" 57.89";"   7.560";"lívia";" 5.968198e-03"
"  74";" 194";" 38.14";"   7.530";"feliz";" 6.066979e-03"
"  18";"  36";" 50.00";"   7.528";"quebrado";" 6.075950e-03"
"  49";" 121";" 40.50";"   7.476";"coragem";" 6.253563e-03"
"  21";"  44";" 47.73";"   7.300";"fraco";" 6.894028e-03"
"   3";"   3";"100.00";"   7.268";"music";" 7.019331e-03"
"   3";"   3";"100.00";"   7.268";"onipresente";" 7.019331e-03"
"   3";"   3";"100.00";"   7.268";"rebaixar";" 7.019331e-03"
"   3";"   3";"100.00";"   7.268";"tributamos";" 7.019331e-03"
"   3";"   3";"100.00";"   7.268";"simão";" 7.019331e-03"
"   3";"   3";"100.00";"   7.268";"queixa";" 7.019331e-03"
"   3";"   3";"100.00";"   7.268";"destituir";" 7.019331e-03"
"   3";"   3";"100.00";"   7.268";"transicionando";" 7.019331e-03"
"   3";"   3";"100.00";"   7.268";"tomé";" 7.019331e-03"
"   3";"   3";"100.00";"   7.268";"temporada";" 7.019331e-03"
"   3";"   3";"100.00";"   7.268";"spurgin";" 7.019331e-03"
"   3";"   3";"100.00";"   7.268";"retidão";" 7.019331e-03"
"   3";"   3";"100.00";"   7.268";"rega";" 7.019331e-03"
"   3";"   3";"100.00";"   7.268";"radassa";" 7.019331e-03"
"   3";"   3";"100.00";"   7.268";"manassés";" 7.019331e-03"
"   3";"   3";"100.00";"   7.268";"josafá";" 7.019331e-03"
"   3";"   3";"100.00";"   7.268";"holocausto";" 7.019331e-03"
"   3";"   3";"100.00";"   7.268";"estéreo";" 7.019331e-03"
"   3";"   3";"100.00";"   7.268";"escatológico";" 7.019331e-03"
"   3";"   3";"100.00";"   7.268";"derrame";" 7.019331e-03"
"   3";"   3";"100.00";"   7.268";"afiado";" 7.019331e-03"
"   3";"   3";"100.00";"   7.268";"vão";" 7.019331e-03"
"   3";"   3";"100.00";"   7.268";"vulgo";" 7.019331e-03"
"   3";"   3";"100.00";"   7.268";"tormenta";" 7.019331e-03"
"   3";"   3";"100.00";"   7.268";"sátrapas";" 7.019331e-03"
"   3";"   3";"100.00";"   7.268";"superficial";" 7.019331e-03"
"   3";"   3";"100.00";"   7.268";"sublime";" 7.019331e-03"
"   3";"   3";"100.00";"   7.268";"sepultura";" 7.019331e-03"
"   3";"   3";"100.00";"   7.268";"sarça";" 7.019331e-03"
"   3";"   3";"100.00";"   7.268";"reerguer";" 7.019331e-03"
"   3";"   3";"100.00";"   7.268";"recíproco";" 7.019331e-03"
"   3";"   3";"100.00";"   7.268";"reconstrutor";" 7.019331e-03"
"   3";"   3";"100.00";"   7.268";"pêndulo";" 7.019331e-03"
"   3";"   3";"100.00";"   7.268";"prostrado";" 7.019331e-03"
"   3";"   3";"100.00";"   7.268";"presunçoso";" 7.019331e-03"
"   3";"   3";"100.00";"   7.268";"posicionarmos";" 7.019331e-03"
"   3";"   3";"100.00";"   7.268";"podero";" 7.019331e-03"
"   3";"   3";"100.00";"   7.268";"pentecoste";" 7.019331e-03"
"   3";"   3";"100.00";"   7.268";"peleja";" 7.019331e-03"
"   3";"   3";"100.00";"   7.268";"ofensor";" 7.019331e-03"
"   3";"   3";"100.00";"   7.268";"noos";" 7.019331e-03"
"   3";"   3";"100.00";"   7.268";"narina";" 7.019331e-03"
"   3";"   3";"100.00";"   7.268";"murmuração";" 7.019331e-03"
"   3";"   3";"100.00";"   7.268";"monólogo";" 7.019331e-03"
"   3";"   3";"100.00";"   7.268";"metido";" 7.019331e-03"
"   3";"   3";"100.00";"   7.268";"megafone";" 7.019331e-03"
"   3";"   3";"100.00";"   7.268";"louvarmos";" 7.019331e-03"
"   3";"   3";"100.00";"   7.268";"jezabel";" 7.019331e-03"
"   3";"   3";"100.00";"   7.268";"jejuamos";" 7.019331e-03"
"   3";"   3";"100.00";"   7.268";"jazer";" 7.019331e-03"
"   3";"   3";"100.00";"   7.268";"inóspito";" 7.019331e-03"
"   3";"   3";"100.00";"   7.268";"insistente";" 7.019331e-03"
"   3";"   3";"100.00";"   7.268";"infalível";" 7.019331e-03"
"   3";"   3";"100.00";"   7.268";"incorruptível";" 7.019331e-03"
"   3";"   3";"100.00";"   7.268";"impuro";" 7.019331e-03"
"   3";"   3";"100.00";"   7.268";"ilhéu";" 7.019331e-03"
"   3";"   3";"100.00";"   7.268";"gloriar";" 7.019331e-03"
"   3";"   3";"100.00";"   7.268";"gemido";" 7.019331e-03"
"   3";"   3";"100.00";"   7.268";"gancho";" 7.019331e-03"
"   3";"   3";"100.00";"   7.268";"fértil";" 7.019331e-03"
"   3";"   3";"100.00";"   7.268";"formosura";" 7.019331e-03"
"   3";"   3";"100.00";"   7.268";"florescer";" 7.019331e-03"
"   3";"   3";"100.00";"   7.268";"fardo";" 7.019331e-03"
"   3";"   3";"100.00";"   7.268";"ezenete";" 7.019331e-03"
"   3";"   3";"100.00";"   7.268";"esterilidade";" 7.019331e-03"
"   3";"   3";"100.00";"   7.268";"endemoniada";" 7.019331e-03"
"   3";"   3";"100.00";"   7.268";"emocionalmente";" 7.019331e-03"
"   3";"   3";"100.00";"   7.268";"emaús";" 7.019331e-03"
"   3";"   3";"100.00";"   7.268";"egoísta";" 7.019331e-03"
"   3";"   3";"100.00";"   7.268";"eclesiástico";" 7.019331e-03"
"   3";"   3";"100.00";"   7.268";"dilúvio";" 7.019331e-03"
"   3";"   3";"100.00";"   7.268";"devorar";" 7.019331e-03"
"   3";"   3";"100.00";"   7.268";"desígnio";" 7.019331e-03"
"   3";"   3";"100.00";"   7.268";"destravar";" 7.019331e-03"
"   3";"   3";"100.00";"   7.268";"desatar";" 7.019331e-03"
"   3";"   3";"100.00";"   7.268";"derramamento";" 7.019331e-03"
"   3";"   3";"100.00";"   7.268";"dario";" 7.019331e-03"
"   3";"   3";"100.00";"   7.268";"cuiabá";" 7.019331e-03"
"   3";"   3";"100.00";"   7.268";"conturbado";" 7.019331e-03"
"   3";"   3";"100.00";"   7.268";"contrito";" 7.019331e-03"
"   3";"   3";"100.00";"   7.268";"consolador";" 7.019331e-03"
"   3";"   3";"100.00";"   7.268";"comunicolas";" 7.019331e-03"
"   3";"   3";"100.00";"   7.268";"clamarmos";" 7.019331e-03"
"   3";"   3";"100.00";"   7.268";"cetro";" 7.019331e-03"
"   3";"   3";"100.00";"   7.268";"caverna";" 7.019331e-03"
"   3";"   3";"100.00";"   7.268";"cananeia";" 7.019331e-03"
"   3";"   3";"100.00";"   7.268";"bondoso";" 7.019331e-03"
"   3";"   3";"100.00";"   7.268";"blasfemo";" 7.019331e-03"
"   3";"   3";"100.00";"   7.268";"baal";" 7.019331e-03"
"   3";"   3";"100.00";"   7.268";"assuero";" 7.019331e-03"
"   3";"   3";"100.00";"   7.268";"arcanjo";" 7.019331e-03"
"   3";"   3";"100.00";"   7.268";"apressar";" 7.019331e-03"
"   3";"   3";"100.00";"   7.268";"ananiel";" 7.019331e-03"
"   3";"   3";"100.00";"   7.268";"adverso";" 7.019331e-03"
"   3";"   3";"100.00";"   7.268";"aclamar";" 7.019331e-03"
"   3";"   3";"100.00";"   7.268";"aci";" 7.019331e-03"
"   3";"   3";"100.00";"   7.268";"abraçá";" 7.019331e-03"
"  27";"  60";" 45.00";"   7.242";"memória";" 7.121896e-03"
"  13";"  24";" 54.17";"   7.229";"agradar";" 7.172841e-03"
"  24";"  52";" 46.15";"   7.225";"conduzir";" 7.187768e-03"
"  10";"  17";" 58.82";"   7.209";"versão";" 7.254702e-03"
"  10";"  17";" 58.82";"   7.209";"osso";" 7.254702e-03"
"  10";"  17";" 58.82";"   7.209";"eternamente";" 7.254702e-03"
"  10";"  17";" 58.82";"   7.209";"abração";" 7.254702e-03"
"  15";"  29";" 51.72";"   7.110";"vento";" 7.665896e-03"
"  49";" 122";" 40.16";"   7.101";"escolher";" 7.705827e-03"
"  28";"  63";" 44.44";"   7.079";"natural";" 7.799518e-03"
"  25";"  55";" 45.45";"   7.025";"carta";" 8.037965e-03"
"   9";"  15";" 60.00";"   6.876";"lição";" 8.737312e-03"
"   9";"  15";" 60.00";"   6.876";"direcionamento";" 8.737312e-03"
"  12";"  22";" 54.55";"   6.829";"envolvimento";" 8.969183e-03"
" 105";" 291";" 36.08";"   6.706";"maneira";" 9.611265e-03"
"   8";"  13";" 61.54";"   6.569";"alcançado";" 1.037690e-02"
"   8";"  13";" 61.54";"   6.569";"ânsia";" 1.037690e-02"
"   8";"  13";" 61.54";"   6.569";"envergonhado";" 1.037690e-02"
"  11";"  20";" 55.00";"   6.432";"vingança";" 1.120528e-02"
"  11";"  20";" 55.00";"   6.432";"celebrar";" 1.120528e-02"
"  11";"  20";" 55.00";"   6.432";"sorrir";" 1.120528e-02"
"  11";"  20";" 55.00";"   6.432";"escuro";" 1.120528e-02"
"  29";"  67";" 43.28";"   6.425";"lindo";" 1.125148e-02"
"  17";"  35";" 48.57";"   6.347";"exaltar";" 1.176041e-02"
"  17";"  35";" 48.57";"   6.347";"doença";" 1.176041e-02"
"  17";"  35";" 48.57";"   6.347";"distante";" 1.176041e-02"
"   7";"  11";" 63.64";"   6.303";"convergência";" 1.205382e-02"
"   7";"  11";" 63.64";"   6.303";"aparência";" 1.205382e-02"
"   7";"  11";" 63.64";"   6.303";"paraíba";" 1.205382e-02"
"   7";"  11";" 63.64";"   6.303";"nuvem";" 1.205382e-02"
"   7";"  11";" 63.64";"   6.303";"menosprezar";" 1.205382e-02"
"   7";"  11";" 63.64";"   6.303";"derrota";" 1.205382e-02"
"   7";"  11";" 63.64";"   6.303";"poupar";" 1.205382e-02"
"   7";"  11";" 63.64";"   6.303";"lança";" 1.205382e-02"
"   7";"  11";" 63.64";"   6.303";"infinito";" 1.205382e-02"
"   7";"  11";" 63.64";"   6.303";"acolher";" 1.205382e-02"
"   4";"   5";" 80.00";"   6.235";"aço";" 1.252191e-02"
"   4";"   5";" 80.00";"   6.235";"surpreendido";" 1.252191e-02"
"   4";"   5";" 80.00";"   6.235";"sopro";" 1.252191e-02"
"   4";"   5";" 80.00";"   6.235";"semelhança";" 1.252191e-02"
"   4";"   5";" 80.00";"   6.235";"sales";" 1.252191e-02"
"   4";"   5";" 80.00";"   6.235";"revolucionar";" 1.252191e-02"
"   4";"   5";" 80.00";"   6.235";"pilatos";" 1.252191e-02"
"   4";"   5";" 80.00";"   6.235";"persuasão";" 1.252191e-02"
"   4";"   5";" 80.00";"   6.235";"parábola";" 1.252191e-02"
"   4";"   5";" 80.00";"   6.235";"noé";" 1.252191e-02"
"   4";"   5";" 80.00";"   6.235";"ministramos";" 1.252191e-02"
"   4";"   5";" 80.00";"   6.235";"lopes";" 1.252191e-02"
"   4";"   5";" 80.00";"   6.235";"erguer";" 1.252191e-02"
"   4";"   5";" 80.00";"   6.235";"encarcerar";" 1.252191e-02"
"   4";"   5";" 80.00";"   6.235";"catani";" 1.252191e-02"
"   4";"   5";" 80.00";"   6.235";"tremer";" 1.252191e-02"
"   4";"   5";" 80.00";"   6.235";"tenda";" 1.252191e-02"
"   4";"   5";" 80.00";"   6.235";"satisfazer";" 1.252191e-02"
"   4";"   5";" 80.00";"   6.235";"religiosidade";" 1.252191e-02"
"   4";"   5";" 80.00";"   6.235";"recém";" 1.252191e-02"
"   4";"   5";" 80.00";"   6.235";"pentecostal";" 1.252191e-02"
"   4";"   5";" 80.00";"   6.235";"pastorear";" 1.252191e-02"
"   4";"   5";" 80.00";"   6.235";"nicola";" 1.252191e-02"
"   4";"   5";" 80.00";"   6.235";"mortificar";" 1.252191e-02"
"   4";"   5";" 80.00";"   6.235";"misericordioso";" 1.252191e-02"
"   4";"   5";" 80.00";"   6.235";"magnífico";" 1.252191e-02"
"   4";"   5";" 80.00";"   6.235";"impactante";" 1.252191e-02"
"   4";"   5";" 80.00";"   6.235";"grita";" 1.252191e-02"
"   4";"   5";" 80.00";"   6.235";"graham";" 1.252191e-02"
"   4";"   5";" 80.00";"   6.235";"estter";" 1.252191e-02"
"   4";"   5";" 80.00";"   6.235";"deleite";" 1.252191e-02"
"   4";"   5";" 80.00";"   6.235";"creem";" 1.252191e-02"
"   4";"   5";" 80.00";"   6.235";"cegueira";" 1.252191e-02"
"   4";"   5";" 80.00";"   6.235";"caído";" 1.252191e-02"
"   4";"   5";" 80.00";"   6.235";"babilônico";" 1.252191e-02"
"   4";"   5";" 80.00";"   6.235";"abater";" 1.252191e-02"
"   6";"   9";" 66.67";"   6.105";"corrido";" 1.348349e-02"
"   6";"   9";" 66.67";"   6.105";"stevens";" 1.348349e-02"
"   6";"   9";" 66.67";"   6.105";"louvável";" 1.348349e-02"
"   6";"   9";" 66.67";"   6.105";"conquista";" 1.348349e-02"
"   6";"   9";" 66.67";"   6.105";"financeiramente";" 1.348349e-02"
"   6";"   9";" 66.67";"   6.105";"ferido";" 1.348349e-02"
"   6";"   9";" 66.67";"   6.105";"desconhecido";" 1.348349e-02"
"   6";"   9";" 66.67";"   6.105";"confissão";" 1.348349e-02"
"   6";"   9";" 66.67";"   6.105";"aperfeiçoar";" 1.348349e-02"
"  10";"  18";" 55.56";"   6.041";"gabriel";" 1.397790e-02"
"  10";"  18";" 55.56";"   6.041";"ensinamento";" 1.397790e-02"
"  33";"  79";" 41.77";"   6.038";"avô";" 1.400100e-02"
"   5";"   7";" 71.43";"   6.032";"gratificante";" 1.405037e-02"
"   5";"   7";" 71.43";"   6.032";"valioso";" 1.405037e-02"
"   5";"   7";" 71.43";"   6.032";"trovão";" 1.405037e-02"
"   5";"   7";" 71.43";"   6.032";"suelen";" 1.405037e-02"
"   5";"   7";" 71.43";"   6.032";"zelo";" 1.405037e-02"
"   5";"   7";" 71.43";"   6.032";"repartir";" 1.405037e-02"
"   5";"   7";" 71.43";"   6.032";"preparo";" 1.405037e-02"
"   5";"   7";" 71.43";"   6.032";"nabuco";" 1.405037e-02"
"   5";"   7";" 71.43";"   6.032";"estreito";" 1.405037e-02"
"   5";"   7";" 71.43";"   6.032";"espinho";" 1.405037e-02"
"   5";"   7";" 71.43";"   6.032";"ênfase";" 1.405037e-02"
"   5";"   7";" 71.43";"   6.032";"virgem";" 1.405037e-02"
"   5";"   7";" 71.43";"   6.032";"tradução";" 1.405037e-02"
"   5";"   7";" 71.43";"   6.032";"retrospectivo";" 1.405037e-02"
"   5";"   7";" 71.43";"   6.032";"rebelde";" 1.405037e-02"
"   5";"   7";" 71.43";"   6.032";"púlpito";" 1.405037e-02"
"   5";"   7";" 71.43";"   6.032";"perfeição";" 1.405037e-02"
"   5";"   7";" 71.43";"   6.032";"jogada";" 1.405037e-02"
"   5";"   7";" 71.43";"   6.032";"ecoar";" 1.405037e-02"
"   5";"   7";" 71.43";"   6.032";"acomodar";" 1.405037e-02"
"   5";"   7";" 71.43";"   6.032";"acampar";" 1.405037e-02"
"  21";"  46";" 45.65";"   6.017";"enxergar";" 1.416719e-02"
" 382";"1180";" 32.37";"   5.955";"olhar";" 1.467287e-02"
"  12";"  23";" 52.17";"   5.865";"cantor";" 1.544371e-02"
"  14";"  28";" 50.00";"   5.853";"costumar";" 1.555095e-02"
"  22";"  49";" 44.90";"   5.835";"mexer";" 1.570635e-02"
"  19";"  41";" 46.34";"   5.821";"multidão";" 1.583287e-02"
" 166";" 487";" 34.09";"   5.688";"lembrar";" 1.707720e-02"
"   9";"  16";" 56.25";"   5.656";"brecha";" 1.739396e-02"
"   9";"  16";" 56.25";"   5.656";"valadão";" 1.739396e-02"
"   9";"  16";" 56.25";"   5.656";"fortaleza";" 1.739396e-02"
"  33";"  80";" 41.25";"   5.617";"visitar";" 1.779141e-02"
"  65";" 174";" 37.36";"   5.609";"importar";" 1.786396e-02"
"  34";"  83";" 40.96";"   5.554";"fugir";" 1.843889e-02"
"  46";" 118";" 38.98";"   5.465";"acima";" 1.940293e-02"
"  11";"  21";" 52.38";"   5.452";"beijo";" 1.954908e-02"
"  11";"  21";" 52.38";"   5.452";"dívida";" 1.954908e-02"
"  11";"  21";" 52.38";"   5.452";"deitar";" 1.954908e-02"
"  11";"  21";" 52.38";"   5.452";"honrado";" 1.954908e-02"
"  25";"  58";" 43.10";"   5.419";"antigo";" 1.992386e-02"
"   8";"  14";" 57.14";"   5.281";"verbo";" 2.155825e-02"
"   8";"  14";" 57.14";"   5.281";"redentor";" 2.155825e-02"
"   8";"  14";" 57.14";"   5.281";"john";" 2.155825e-02"
"   8";"  14";" 57.14";"   5.281";"divisão";" 2.155825e-02"
"   8";"  14";" 57.14";"   5.281";"arthur";" 2.155825e-02"
"  16";"  34";" 47.06";"   5.239";"expectativa";" 2.208639e-02"
" 596";"1892";" 31.50";"   5.153";"coisa";" 2.320524e-02"
"  14";"  29";" 48.28";"   5.098";"movimentar";" 2.395333e-02"
"  14";"  29";" 48.28";"   5.098";"interior";" 2.395333e-02"
"  14";"  29";" 48.28";"   5.098";"cego";" 2.395333e-02"
"  24";"  56";" 42.86";"   5.047";"temer";" 2.466400e-02"
"  10";"  19";" 52.63";"   5.039";"maldade";" 2.477666e-02"
"  12";"  24";" 50.00";"   5.016";"morada";" 2.511397e-02"
"  17";"  37";" 45.95";"   5.013";"subestimar";" 2.516207e-02"
" 267";" 816";" 32.72";"   5.000";"algo";" 2.534790e-02"
"   7";"  12";" 58.33";"   4.920";"reconstruir";" 2.654051e-02"
"   7";"  12";" 58.33";"   4.920";"original";" 2.654051e-02"
"   7";"  12";" 58.33";"   4.920";"deserto";" 2.654051e-02"
"   7";"  12";" 58.33";"   4.920";"sono";" 2.654051e-02"
"   7";"  12";" 58.33";"   4.920";"dedicação";" 2.654051e-02"
"   7";"  12";" 58.33";"   4.920";"amante";" 2.654051e-02"
"   7";"  12";" 58.33";"   4.920";"concordância";" 2.654051e-02"
"  32";"  79";" 40.51";"   4.882";"firme";" 2.714344e-02"
"  26";"  62";" 41.94";"   4.859";"sentimento";" 2.749437e-02"
"  15";"  32";" 46.88";"   4.829";"humilde";" 2.797982e-02"
"  35";"  88";" 39.77";"   4.756";"missão";" 2.920267e-02"
"  28";"  68";" 41.18";"   4.714";"sozinho";" 2.992434e-02"
"  19";"  43";" 44.19";"   4.665";"cansado";" 3.077813e-02"
"   9";"  17";" 52.94";"   4.629";"oeste";" 3.144264e-02"
"  16";"  35";" 45.71";"   4.611";"peça";" 3.176870e-02"
"   6";"  10";" 60.00";"   4.583";"hábito";" 3.229225e-02"
"   6";"  10";" 60.00";"   4.583";"penetrar";" 3.229225e-02"
"   6";"  10";" 60.00";"   4.583";"suportar";" 3.229225e-02"
"   6";"  10";" 60.00";"   4.583";"sinceridade";" 3.229225e-02"
"   6";"  10";" 60.00";"   4.583";"estendido";" 3.229225e-02"
"   6";"  10";" 60.00";"   4.583";"distração";" 3.229225e-02"
"  25";"  60";" 41.67";"   4.506";"puxar";" 3.378314e-02"
" 159";" 473";" 33.62";"   4.505";"jovem";" 3.380288e-02"
"  14";"  30";" 46.67";"   4.421";"inspirar";" 3.550116e-02"
"  14";"  30";" 46.67";"   4.421";"sentado";" 3.550116e-02"
"  42";" 110";" 38.18";"   4.291";"visão";" 3.831133e-02"
"   5";"   8";" 62.50";"   4.286";"sujeito";" 3.843351e-02"
"   5";"   8";" 62.50";"   4.286";"wesley";" 3.843351e-02"
"   5";"   8";" 62.50";"   4.286";"renunciar";" 3.843351e-02"
"   5";"   8";" 62.50";"   4.286";"eficácia";" 3.843351e-02"
"   5";"   8";" 62.50";"   4.286";"trigo";" 3.843351e-02"
"   5";"   8";" 62.50";"   4.286";"renovação";" 3.843351e-02"
"   5";"   8";" 62.50";"   4.286";"queima";" 3.843351e-02"
"   5";"   8";" 62.50";"   4.286";"plenamente";" 3.843351e-02"
"   5";"   8";" 62.50";"   4.286";"fama";" 3.843351e-02"
"   5";"   8";" 62.50";"   4.286";"atormentar";" 3.843351e-02"
"  43";" 113";" 38.05";"   4.283";"aberto";" 3.849579e-02"
"  12";"  25";" 48.00";"   4.268";"barro";" 3.884047e-02"
"   8";"  15";" 53.33";"   4.220";"sonhar";" 3.995260e-02"
"   8";"  15";" 53.33";"   4.220";"placa";" 3.995260e-02"
"   8";"  15";" 53.33";"   4.220";"desanimar";" 3.995260e-02"
"  10";"  20";" 50.00";"   4.179";"comprometer";" 4.091968e-02"
" 194";" 588";" 32.99";"   4.147";"talvez";" 4.171689e-02"
"  34";"  87";" 39.08";"   4.105";"significar";" 4.276093e-02"
"   4";"   6";" 66.67";"   4.069";"relógio";" 4.367183e-02"
"   4";"   6";" 66.67";"   4.069";"indagação";" 4.367183e-02"
"   4";"   6";" 66.67";"   4.069";"tocantins";" 4.367183e-02"
"   4";"   6";" 66.67";"   4.069";"suave";" 4.367183e-02"
"   4";"   6";" 66.67";"   4.069";"rock";" 4.367183e-02"
"   4";"   6";" 66.67";"   4.069";"redimir";" 4.367183e-02"
"   4";"   6";" 66.67";"   4.069";"instruir";" 4.367183e-02"
"   4";"   6";" 66.67";"   4.069";"canalizar";" 4.367183e-02"
"   4";"   6";" 66.67";"   4.069";"transformador";" 4.367183e-02"
"   4";"   6";" 66.67";"   4.069";"queem";" 4.367183e-02"
"   4";"   6";" 66.67";"   4.069";"necessitado";" 4.367183e-02"
"   4";"   6";" 66.67";"   4.069";"inevitável";" 4.367183e-02"
"   4";"   6";" 66.67";"   4.069";"gabi";" 4.367183e-02"
"   4";"   6";" 66.67";"   4.069";"externa";" 4.367183e-02"
"   4";"   6";" 66.67";"   4.069";"enxugar";" 4.367183e-02"
"   4";"   6";" 66.67";"   4.069";"emocionado";" 4.367183e-02"
"   4";"   6";" 66.67";"   4.069";"desgraça";" 4.367183e-02"
"   4";"   6";" 66.67";"   4.069";"cultuar";" 4.367183e-02"
"   4";"   6";" 66.67";"   4.069";"comemoração";" 4.367183e-02"
"   4";"   6";" 66.67";"   4.069";"carregado";" 4.367183e-02"
"   4";"   6";" 66.67";"   4.069";"capacitação";" 4.367183e-02"
"   4";"   6";" 66.67";"   4.069";"abatido";" 4.367183e-02"
"   3";"   4";" 75.00";"   4.054";"cozinha";" 4.406131e-02"
"   3";"   4";" 75.00";"   4.054";"amaleque";" 4.406131e-02"
"   3";"   4";" 75.00";"   4.054";"represa";" 4.406131e-02"
"   3";"   4";" 75.00";"   4.054";"modular";" 4.406131e-02"
"   3";"   4";" 75.00";"   4.054";"apelação";" 4.406131e-02"
"   3";"   4";" 75.00";"   4.054";"sobressair";" 4.406131e-02"
"   3";"   4";" 75.00";"   4.054";"cruzada";" 4.406131e-02"
"   3";"   4";" 75.00";"   4.054";"cristal";" 4.406131e-02"
"   3";"   4";" 75.00";"   4.054";"ch";" 4.406131e-02"
"   3";"   4";" 75.00";"   4.054";"atribulado";" 4.406131e-02"
"   3";"   4";" 75.00";"   4.054";"assembleiano";" 4.406131e-02"
"   3";"   4";" 75.00";"   4.054";"acessa";" 4.406131e-02"
"   3";"   4";" 75.00";"   4.054";"variado";" 4.406131e-02"
"   3";"   4";" 75.00";"   4.054";"substância";" 4.406131e-02"
"   3";"   4";" 75.00";"   4.054";"sangrar";" 4.406131e-02"
"   3";"   4";" 75.00";"   4.054";"sacerdócio";" 4.406131e-02"
"   3";"   4";" 75.00";"   4.054";"ps";" 4.406131e-02"
"   3";"   4";" 75.00";"   4.054";"oxigênio";" 4.406131e-02"
"   3";"   4";" 75.00";"   4.054";"outdoor";" 4.406131e-02"
"   3";"   4";" 75.00";"   4.054";"metodista";" 4.406131e-02"
"   3";"   4";" 75.00";"   4.054";"manto";" 4.406131e-02"
"   3";"   4";" 75.00";"   4.054";"manga";" 4.406131e-02"
"   3";"   4";" 75.00";"   4.054";"lombo";" 4.406131e-02"
"   3";"   4";" 75.00";"   4.054";"linho";" 4.406131e-02"
"   3";"   4";" 75.00";"   4.054";"lente";" 4.406131e-02"
"   3";"   4";" 75.00";"   4.054";"inundar";" 4.406131e-02"
"   3";"   4";" 75.00";"   4.054";"intensidade";" 4.406131e-02"
"   3";"   4";" 75.00";"   4.054";"imperador";" 4.406131e-02"
"   3";"   4";" 75.00";"   4.054";"heresia";" 4.406131e-02"
"   3";"   4";" 75.00";"   4.054";"gemer";" 4.406131e-02"
"   3";"   4";" 75.00";"   4.054";"frutificar";" 4.406131e-02"
"   3";"   4";" 75.00";"   4.054";"fos";" 4.406131e-02"
"   3";"   4";" 75.00";"   4.054";"esté";" 4.406131e-02"
"   3";"   4";" 75.00";"   4.054";"escócia";" 4.406131e-02"
"   3";"   4";" 75.00";"   4.054";"escatologia";" 4.406131e-02"
"   3";"   4";" 75.00";"   4.054";"ditado";" 4.406131e-02"
"   3";"   4";" 75.00";"   4.054";"devocional";" 4.406131e-02"
"   3";"   4";" 75.00";"   4.054";"desmaiar";" 4.406131e-02"
"   3";"   4";" 75.00";"   4.054";"corretamente";" 4.406131e-02"
"   3";"   4";" 75.00";"   4.054";"confirmação";" 4.406131e-02"
"   3";"   4";" 75.00";"   4.054";"confiante";" 4.406131e-02"
"   3";"   4";" 75.00";"   4.054";"concentrar";" 4.406131e-02"
"   3";"   4";" 75.00";"   4.054";"cheia";" 4.406131e-02"
"   3";"   4";" 75.00";"   4.054";"amanhecer";" 4.406131e-02"
"   3";"   4";" 75.00";"   4.054";"aliviar";" 4.406131e-02"
"   3";"   4";" 75.00";"   4.054";"agitado";" 4.406131e-02"
"   3";"   4";" 75.00";"   4.054";"adeus";" 4.406131e-02"
"   3";"   4";" 75.00";"   4.054";"acovardar";" 4.406131e-02"
"   3";"   4";" 75.00";"   4.054";"1eo";" 4.406131e-02"
"  37";"  96";" 38.54";"   4.049";"quarto";" 4.418479e-02"
"  16";"  36";" 44.44";"   4.041";"canto";" 4.441473e-02"
"  13";"  28";" 46.43";"   4.014";"catarina";" 4.512372e-02"
"  27";"  67";" 40.30";"   3.987";"sustentar";" 4.584818e-02"
"  11";"  23";" 47.83";"   3.854";"liderar";" 4.963599e-02"
"  58";" 160";" 36.25";"   3.849";"finalizar";" 4.978586e-02"
"  89";" 256";" 34.77";"   3.847";"encontrar";" 4.983481e-02"
" 148";" 443";" 33.41";"   3.827";"receber";" 5.043573e-02"
"   7";"  13";" 53.85";"   3.814";"bruna";" 5.082151e-02"
"   7";"  13";" 53.85";"   3.814";"neve";" 5.082151e-02"
"   7";"  13";" 53.85";"   3.814";"tremendo";" 5.082151e-02"
"   7";"  13";" 53.85";"   3.814";"surdo";" 5.082151e-02"
"   7";"  13";" 53.85";"   3.814";"remover";" 5.082151e-02"
"   7";"  13";" 53.85";"   3.814";"extensão";" 5.082151e-02"
"  18";"  42";" 42.86";"   3.783";"guilherme";" 5.176442e-02"
"   9";"  18";" 50.00";"   3.761";"jornada";" 5.245798e-02"
"   9";"  18";" 50.00";"   3.761";"riqueza";" 5.245798e-02"
"   9";"  18";" 50.00";"   3.761";"clareza";" 5.245798e-02"
"1462";"4819";" 30.34";"   3.615";"então";" 5.727157e-02"
"  30";"  77";" 38.96";"   3.544";"perto";" 5.975676e-02"
"  83";" 239";" 34.73";"   3.541";"cidade";" 5.988435e-02"
" 378";"1195";" 31.63";"   3.532";"vez";" 6.020676e-02"
"  49";" 134";" 36.57";"   3.517";"posicionar";" 6.074462e-02"
"  10";"  21";" 47.62";"   3.440";"chover";" 6.361786e-02"
"  10";"  21";" 47.62";"   3.440";"raiz";" 6.361786e-02"
"  10";"  21";" 47.62";"   3.440";"gostoso";" 6.361786e-02"
"  10";"  21";" 47.62";"   3.440";"necessitar";" 6.361786e-02"
"  13";"  29";" 44.83";"   3.420";"mestre";" 6.441270e-02"
"  13";"  29";" 44.83";"   3.420";"sede";" 6.441270e-02"
"  17";"  40";" 42.50";"   3.417";"confiança";" 6.454061e-02"
"   6";"  11";" 54.55";"   3.413";"encerramento";" 6.468590e-02"
"   6";"  11";" 54.55";"   3.413";"constância";" 6.468590e-02"
"   6";"  11";" 54.55";"   3.413";"confronto";" 6.468590e-02"
"   6";"  11";" 54.55";"   3.413";"mestrado";" 6.468590e-02"
"   6";"  11";" 54.55";"   3.413";"esfriar";" 6.468590e-02"
"   6";"  11";" 54.55";"   3.413";"elevado";" 6.468590e-02"
"   6";"  11";" 54.55";"   3.413";"confortável";" 6.468590e-02"
"   8";"  16";" 50.00";"   3.343";"britânico";" 6.749415e-02"
"   8";"  16";" 50.00";"   3.343";"júlio";" 6.749415e-02"
"   8";"  16";" 50.00";"   3.343";"dupla";" 6.749415e-02"
"   8";"  16";" 50.00";"   3.343";"raquel";" 6.749415e-02"
"  18";"  43";" 41.86";"   3.328";"gritar";" 6.810525e-02"
"  41";" 111";" 36.94";"   3.211";"enviar";" 7.314894e-02"
"  41";" 111";" 36.94";"   3.211";"terminar";" 7.314894e-02"
"  15";"  35";" 42.86";"   3.152";"onda";" 7.583770e-02"
"  16";"  38";" 42.11";"   3.056";"disposto";" 8.046332e-02"
"   9";"  19";" 47.37";"   3.028";"escuridão";" 8.182199e-02"
"   9";"  19";" 47.37";"   3.028";"entretenimento";" 8.182199e-02"
"   5";"   9";" 55.56";"   3.019";"mudado";" 8.227509e-02"
"   5";"   9";" 55.56";"   3.019";"coitado";" 8.227509e-02"
"   5";"   9";" 55.56";"   3.019";"bicicleta";" 8.227509e-02"
"   5";"   9";" 55.56";"   3.019";"persistir";" 8.227509e-02"
"   5";"   9";" 55.56";"   3.019";"intervir";" 8.227509e-02"
"   5";"   9";" 55.56";"   3.019";"anticristo";" 8.227509e-02"
"   7";"  14";" 50.00";"   2.925";"tesouro";" 8.722626e-02"
"   7";"  14";" 50.00";"   2.925";"leste";" 8.722626e-02"
"   7";"  14";" 50.00";"   2.925";"estourar";" 8.722626e-02"
"   7";"  14";" 50.00";"   2.925";"vaidade";" 8.722626e-02"
"   7";"  14";" 50.00";"   2.925";"delongar";" 8.722626e-02"
"  18";"  44";" 40.91";"   2.912";"lotado";" 8.790595e-02"
"  13";"  30";" 43.33";"   2.893";"vinda";" 8.896367e-02"
"  13";"  30";" 43.33";"   2.893";"vestir";" 8.896367e-02"
"  19";"  47";" 40.43";"   2.859";"direção";" 9.085428e-02"
" 272";" 857";" 31.74";"   2.723";"casa";" 9.889346e-02"
"  15";"  36";" 41.67";"   2.701";"repente";" 1.002989e-01"
"  26";"  68";" 38.24";"   2.680";"padre";" 1.016203e-01"
"  27";"  71";" 38.03";"   2.671";"marido";" 1.021666e-01"
"  31";"  83";" 37.35";"   2.661";"capacidade";" 1.028074e-01"
"  11";"  25";" 44.00";"   2.643";"ouro";" 1.039771e-01"
"   4";"   7";" 57.14";"   2.640";"diagnóstico";" 1.042164e-01"
"   4";"   7";" 57.14";"   2.640";"desconstruir";" 1.042164e-01"
"   4";"   7";" 57.14";"   2.640";"cláudio";" 1.042164e-01"
"   4";"   7";" 57.14";"   2.640";"dna";" 1.042164e-01"
"   4";"   7";" 57.14";"   2.640";"designar";" 1.042164e-01"
"   4";"   7";" 57.14";"   2.640";"cd";" 1.042164e-01"
"   4";"   7";" 57.14";"   2.640";"canadá";" 1.042164e-01"
"   4";"   7";" 57.14";"   2.640";"arrepio";" 1.042164e-01"
"   4";"   7";" 57.14";"   2.640";"apedrejado";" 1.042164e-01"
"   4";"   7";" 57.14";"   2.640";"anônimo";" 1.042164e-01"
"   4";"   7";" 57.14";"   2.640";"saltar";" 1.042164e-01"
"   4";"   7";" 57.14";"   2.640";"laço";" 1.042164e-01"
"   4";"   7";" 57.14";"   2.640";"guedes";" 1.042164e-01"
"   4";"   7";" 57.14";"   2.640";"contaminar";" 1.042164e-01"
"   4";"   7";" 57.14";"   2.640";"beira";" 1.042164e-01"
"   4";"   7";" 57.14";"   2.640";"arrependido";" 1.042164e-01"
"  16";"  39";" 41.03";"   2.633";"lamentar";" 1.046923e-01"
"   8";"  17";" 47.06";"   2.618";"correria";" 1.056777e-01"
"   8";"  17";" 47.06";"   2.618";"capacitar";" 1.056777e-01"
"   8";"  17";" 47.06";"   2.618";"arrancar";" 1.056777e-01"
"   8";"  17";" 47.06";"   2.618";"costume";" 1.056777e-01"
"  17";"  42";" 40.48";"   2.578";"comida";" 1.083832e-01"
" 537";"1738";" 30.90";"   2.544";"hoje";" 1.107294e-01"
"  12";"  28";" 42.86";"   2.521";"puro";" 1.123516e-01"
"  12";"  28";" 42.86";"   2.521";"suficiente";" 1.123516e-01"
"  12";"  28";" 42.86";"   2.521";"segredo";" 1.123516e-01"
"   6";"  12";" 50.00";"   2.507";"cinza";" 1.133560e-01"
"   6";"  12";" 50.00";"   2.507";"apegar";" 1.133560e-01"
"   6";"  12";" 50.00";"   2.507";"anseio";" 1.133560e-01"
"   6";"  12";" 50.00";"   2.507";"alinhar";" 1.133560e-01"
"   6";"  12";" 50.00";"   2.507";"afastado";" 1.133560e-01"
"  58";" 167";" 34.73";"   2.469";"oportunidade";" 1.161100e-01"
"  23";"  60";" 38.33";"   2.416";"governar";" 1.201340e-01"
"   9";"  20";" 45.00";"   2.410";"diminuir";" 1.205534e-01"
"   9";"  20";" 45.00";"   2.410";"criador";" 1.205534e-01"
"   9";"  20";" 45.00";"   2.410";"encaixar";" 1.205534e-01"
"  98";" 295";" 33.22";"   2.311";"guerra";" 1.284971e-01"
"  15";"  37";" 40.54";"   2.296";"cercar";" 1.296782e-01"
"   3";"   5";" 60.00";"   2.291";"silencioso";" 1.301262e-01"
"   3";"   5";" 60.00";"   2.291";"coque";" 1.301262e-01"
"   3";"   5";" 60.00";"   2.291";"tropeço";" 1.301262e-01"
"   3";"   5";" 60.00";"   2.291";"virado";" 1.301262e-01"
"   3";"   5";" 60.00";"   2.291";"materno";" 1.301262e-01"
"   3";"   5";" 60.00";"   2.291";"empreitada";" 1.301262e-01"
"   3";"   5";" 60.00";"   2.291";"anel";" 1.301262e-01"
"   3";"   5";" 60.00";"   2.291";"sóbrio";" 1.301262e-01"
"   3";"   5";" 60.00";"   2.291";"recomeçar";" 1.301262e-01"
"   3";"   5";" 60.00";"   2.291";"rasgado";" 1.301262e-01"
"   3";"   5";" 60.00";"   2.291";"queer";" 1.301262e-01"
"   3";"   5";" 60.00";"   2.291";"pavimentar";" 1.301262e-01"
"   3";"   5";" 60.00";"   2.291";"mac";" 1.301262e-01"
"   3";"   5";" 60.00";"   2.291";"jorrar";" 1.301262e-01"
"   3";"   5";" 60.00";"   2.291";"emanar";" 1.301262e-01"
"   3";"   5";" 60.00";"   2.291";"desfrutar";" 1.301262e-01"
"   3";"   5";" 60.00";"   2.291";"atrasar";" 1.301262e-01"
"   3";"   5";" 60.00";"   2.291";"uhum";" 1.301262e-01"
"   3";"   5";" 60.00";"   2.291";"tímido";" 1.301262e-01"
"   3";"   5";" 60.00";"   2.291";"temido";" 1.301262e-01"
"   3";"   5";" 60.00";"   2.291";"suscitar";" 1.301262e-01"
"   3";"   5";" 60.00";"   2.291";"solo";" 1.301262e-01"
"   3";"   5";" 60.00";"   2.291";"sertanejo";" 1.301262e-01"
"   3";"   5";" 60.00";"   2.291";"reservado";" 1.301262e-01"
"   3";"   5";" 60.00";"   2.291";"pátio";" 1.301262e-01"
"   3";"   5";" 60.00";"   2.291";"provedor";" 1.301262e-01"
"   3";"   5";" 60.00";"   2.291";"priscilla";" 1.301262e-01"
"   3";"   5";" 60.00";"   2.291";"prece";" 1.301262e-01"
"   3";"   5";" 60.00";"   2.291";"ousar";" 1.301262e-01"
"   3";"   5";" 60.00";"   2.291";"oratória";" 1.301262e-01"
"   3";"   5";" 60.00";"   2.291";"momentâneo";" 1.301262e-01"
"   3";"   5";" 60.00";"   2.291";"mediador";" 1.301262e-01"
"   3";"   5";" 60.00";"   2.291";"insuportável";" 1.301262e-01"
"   3";"   5";" 60.00";"   2.291";"inibir";" 1.301262e-01"
"   3";"   5";" 60.00";"   2.291";"incessantemente";" 1.301262e-01"
"   3";"   5";" 60.00";"   2.291";"grego";" 1.301262e-01"
"   3";"   5";" 60.00";"   2.291";"grado";" 1.301262e-01"
"   3";"   5";" 60.00";"   2.291";"frutífero";" 1.301262e-01"
"   3";"   5";" 60.00";"   2.291";"frustrar";" 1.301262e-01"
"   3";"   5";" 60.00";"   2.291";"fervoroso";" 1.301262e-01"
"   3";"   5";" 60.00";"   2.291";"explosivo";" 1.301262e-01"
"   3";"   5";" 60.00";"   2.291";"encantado";" 1.301262e-01"
"   3";"   5";" 60.00";"   2.291";"edificante";" 1.301262e-01"
"   3";"   5";" 60.00";"   2.291";"desfavorável";" 1.301262e-01"
"   3";"   5";" 60.00";"   2.291";"desaparecido";" 1.301262e-01"
"   3";"   5";" 60.00";"   2.291";"cruzar";" 1.301262e-01"
"   3";"   5";" 60.00";"   2.291";"coar";" 1.301262e-01"
"   3";"   5";" 60.00";"   2.291";"brinde";" 1.301262e-01"
"   3";"   5";" 60.00";"   2.291";"biografia";" 1.301262e-01"
"   3";"   5";" 60.00";"   2.291";"amã";" 1.301262e-01"
"   3";"   5";" 60.00";"   2.291";"amada";" 1.301262e-01"
"   3";"   5";" 60.00";"   2.291";"agarrar";" 1.301262e-01"
"   3";"   5";" 60.00";"   2.291";"afeição";" 1.301262e-01"
" 133";" 408";" 32.60";"   2.289";"levar";" 1.302654e-01"
"  10";"  23";" 43.48";"   2.263";"planta";" 1.324856e-01"
"  54";" 156";" 34.62";"   2.210";"alto";" 1.371155e-01"
"   7";"  15";" 46.67";"   2.209";"vinho";" 1.371966e-01"
"  45";" 128";" 35.16";"   2.193";"comentário";" 1.386722e-01"
"  11";"  26";" 42.31";"   2.156";"casado";" 1.420343e-01"
"  11";"  26";" 42.31";"   2.156";"passageiro";" 1.420343e-01"
"  11";"  26";" 42.31";"   2.156";"parede";" 1.420343e-01"
"  11";"  26";" 42.31";"   2.156";"anderson";" 1.420343e-01"
"  28";"  76";" 36.84";"   2.142";"instrumento";" 1.433388e-01"
"  24";"  64";" 37.50";"   2.127";"horário";" 1.446947e-01"
"   5";"  10";" 50.00";"   2.089";"goiânia";" 1.483795e-01"
"   5";"  10";" 50.00";"   2.089";"blindar";" 1.483795e-01"
"   5";"  10";" 50.00";"   2.089";"amadurecer";" 1.483795e-01"
"   5";"  10";" 50.00";"   2.089";"presencialmente";" 1.483795e-01"
"   5";"  10";" 50.00";"   2.089";"oculto";" 1.483795e-01"
"   5";"  10";" 50.00";"   2.089";"balança";" 1.483795e-01"
"   5";"  10";" 50.00";"   2.089";"arco";" 1.483795e-01"
" 103";" 313";" 32.91";"   2.085";"justiça";" 1.488002e-01"
"  12";"  29";" 41.38";"   2.076";"incomodar";" 1.496559e-01"
"  12";"  29";" 41.38";"   2.076";"doente";" 1.496559e-01"
"   2";"   3";" 66.67";"   2.034";"will";" 1.537791e-01"
"   2";"   3";" 66.67";"   2.034";"humanamente";" 1.537791e-01"
"   2";"   3";" 66.67";"   2.034";"engravidar";" 1.537791e-01"
"   2";"   3";" 66.67";"   2.034";"teresa";" 1.537791e-01"
"   2";"   3";" 66.67";"   2.034";"túmulo";" 1.537791e-01"
"   2";"   3";" 66.67";"   2.034";"spur";" 1.537791e-01"
"   2";"   3";" 66.67";"   2.034";"marcela";" 1.537791e-01"
"   2";"   3";" 66.67";"   2.034";"erva";" 1.537791e-01"
"   2";"   3";" 66.67";"   2.034";"bombardear";" 1.537791e-01"
"   2";"   3";" 66.67";"   2.034";"arrogante";" 1.537791e-01"
"   2";"   3";" 66.67";"   2.034";"zombaria";" 1.537791e-01"
"   2";"   3";" 66.67";"   2.034";"martinho";" 1.537791e-01"
"   2";"   3";" 66.67";"   2.034";"liturgia";" 1.537791e-01"
"   2";"   3";" 66.67";"   2.034";"lepra";" 1.537791e-01"
"   2";"   3";" 66.67";"   2.034";"instigar";" 1.537791e-01"
"   2";"   3";" 66.67";"   2.034";"hebraico";" 1.537791e-01"
"   2";"   3";" 66.67";"   2.034";"grão";" 1.537791e-01"
"   2";"   3";" 66.67";"   2.034";"giles";" 1.537791e-01"
"   2";"   3";" 66.67";"   2.034";"desobediência";" 1.537791e-01"
"   2";"   3";" 66.67";"   2.034";"cravar";" 1.537791e-01"
"   2";"   3";" 66.67";"   2.034";"consciente";" 1.537791e-01"
"   2";"   3";" 66.67";"   2.034";"calvino";" 1.537791e-01"
"   2";"   3";" 66.67";"   2.034";"azeite";" 1.537791e-01"
"   2";"   3";" 66.67";"   2.034";"arrepiar";" 1.537791e-01"
"   2";"   3";" 66.67";"   2.034";"vidar";" 1.537791e-01"
"   2";"   3";" 66.67";"   2.034";"umaa";" 1.537791e-01"
"   2";"   3";" 66.67";"   2.034";"tronco";" 1.537791e-01"
"   2";"   3";" 66.67";"   2.034";"travado";" 1.537791e-01"
"   2";"   3";" 66.67";"   2.034";"subsistir";" 1.537791e-01"
"   2";"   3";" 66.67";"   2.034";"spurgeon";" 1.537791e-01"
"   2";"   3";" 66.67";"   2.034";"soberbo";" 1.537791e-01"
"   2";"   3";" 66.67";"   2.034";"saad";" 1.537791e-01"
"   2";"   3";" 66.67";"   2.034";"ruína";" 1.537791e-01"
"   2";"   3";" 66.67";"   2.034";"regenerar";" 1.537791e-01"
"   2";"   3";" 66.67";"   2.034";"quiabo";" 1.537791e-01"
"   2";"   3";" 66.67";"   2.034";"quantitativo";" 1.537791e-01"
"   2";"   3";" 66.67";"   2.034";"precisão";" 1.537791e-01"
"   2";"   3";" 66.67";"   2.034";"peste";" 1.537791e-01"
"   2";"   3";" 66.67";"   2.034";"perturbar";" 1.537791e-01"
"   2";"   3";" 66.67";"   2.034";"persuadir";" 1.537791e-01"
"   2";"   3";" 66.67";"   2.034";"patologia";" 1.537791e-01"
"   2";"   3";" 66.67";"   2.034";"navegar";" 1.537791e-01"
"   2";"   3";" 66.67";"   2.034";"midian";" 1.537791e-01"
"   2";"   3";" 66.67";"   2.034";"meditação";" 1.537791e-01"
"   2";"   3";" 66.67";"   2.034";"mediano";" 1.537791e-01"
"   2";"   3";" 66.67";"   2.034";"matheus";" 1.537791e-01"
"   2";"   3";" 66.67";"   2.034";"martino";" 1.537791e-01"
"   2";"   3";" 66.67";"   2.034";"majoritariamente";" 1.537791e-01"
"   2";"   3";" 66.67";"   2.034";"lembrado";" 1.537791e-01"
"   2";"   3";" 66.67";"   2.034";"jundiaí";" 1.537791e-01"
"   2";"   3";" 66.67";"   2.034";"jun";" 1.537791e-01"
"   2";"   3";" 66.67";"   2.034";"joyce";" 1.537791e-01"
"   2";"   3";" 66.67";"   2.034";"israelita";" 1.537791e-01"
"   2";"   3";" 66.67";"   2.034";"isabel";" 1.537791e-01"
"   2";"   3";" 66.67";"   2.034";"irradiar";" 1.537791e-01"
"   2";"   3";" 66.67";"   2.034";"inusitado";" 1.537791e-01"
"   2";"   3";" 66.67";"   2.034";"inteiramente";" 1.537791e-01"
"   2";"   3";" 66.67";"   2.034";"injúria";" 1.537791e-01"
"   2";"   3";" 66.67";"   2.034";"infrutífero";" 1.537791e-01"
"   2";"   3";" 66.67";"   2.034";"infringir";" 1.537791e-01"
"   2";"   3";" 66.67";"   2.034";"inconformismo";" 1.537791e-01"
"   2";"   3";" 66.67";"   2.034";"incentivador";" 1.537791e-01"
"   2";"   3";" 66.67";"   2.034";"imutável";" 1.537791e-01"
"   2";"   3";" 66.67";"   2.034";"humanista";" 1.537791e-01"
"   2";"   3";" 66.67";"   2.034";"guarulhos";" 1.537791e-01"
"   2";"   3";" 66.67";"   2.034";"grand";" 1.537791e-01"
"   2";"   3";" 66.67";"   2.034";"gales";" 1.537791e-01"
"   2";"   3";" 66.67";"   2.034";"fragilizado";" 1.537791e-01"
"   2";"   3";" 66.67";"   2.034";"fluxo";" 1.537791e-01"
"   2";"   3";" 66.67";"   2.034";"fielmente";" 1.537791e-01"
"   2";"   3";" 66.67";"   2.034";"exílio";" 1.537791e-01"
"   2";"   3";" 66.67";"   2.034";"expresso";" 1.537791e-01"
"   2";"   3";" 66.67";"   2.034";"evangelismo";" 1.537791e-01"
"   2";"   3";" 66.67";"   2.034";"escolhido";" 1.537791e-01"
"   2";"   3";" 66.67";"   2.034";"encarnado";" 1.537791e-01"
"   2";"   3";" 66.67";"   2.034";"efetividade";" 1.537791e-01"
"   2";"   3";" 66.67";"   2.034";"dócil";" 1.537791e-01"
"   2";"   3";" 66.67";"   2.034";"dolorido";" 1.537791e-01"
"   2";"   3";" 66.67";"   2.034";"divisor";" 1.537791e-01"
"   2";"   3";" 66.67";"   2.034";"divindade";" 1.537791e-01"
"   2";"   3";" 66.67";"   2.034";"discernir";" 1.537791e-01"
"   2";"   3";" 66.67";"   2.034";"deslocar";" 1.537791e-01"
"   2";"   3";" 66.67";"   2.034";"desestruturada";" 1.537791e-01"
"   2";"   3";" 66.67";"   2.034";"desesperar";" 1.537791e-01"
"   2";"   3";" 66.67";"   2.034";"desesperança";" 1.537791e-01"
"   2";"   3";" 66.67";"   2.034";"deficiente";" 1.537791e-01"
"   2";"   3";" 66.67";"   2.034";"decepcionar";" 1.537791e-01"
"   2";"   3";" 66.67";"   2.034";"cômodo";" 1.537791e-01"
"   2";"   3";" 66.67";"   2.034";"cíclico";" 1.537791e-01"
"   2";"   3";" 66.67";"   2.034";"crucificar";" 1.537791e-01"
"   2";"   3";" 66.67";"   2.034";"consumado";" 1.537791e-01"
"   2";"   3";" 66.67";"   2.034";"combustível";" 1.537791e-01"
"   2";"   3";" 66.67";"   2.034";"combativo";" 1.537791e-01"
"   2";"   3";" 66.67";"   2.034";"coma";" 1.537791e-01"
"   2";"   3";" 66.67";"   2.034";"cobrança";" 1.537791e-01"
"   2";"   3";" 66.67";"   2.034";"chorado";" 1.537791e-01"
"   2";"   3";" 66.67";"   2.034";"chique";" 1.537791e-01"
"   2";"   3";" 66.67";"   2.034";"cavar";" 1.537791e-01"
"   2";"   3";" 66.67";"   2.034";"catan";" 1.537791e-01"
"   2";"   3";" 66.67";"   2.034";"cat";" 1.537791e-01"
"   2";"   3";" 66.67";"   2.034";"castigo";" 1.537791e-01"
"   2";"   3";" 66.67";"   2.034";"calvário";" 1.537791e-01"
"   2";"   3";" 66.67";"   2.034";"bélico";" 1.537791e-01"
"   2";"   3";" 66.67";"   2.034";"bisneto";" 1.537791e-01"
"   2";"   3";" 66.67";"   2.034";"aó";" 1.537791e-01"
"   2";"   3";" 66.67";"   2.034";"aramaico";" 1.537791e-01"
"   2";"   3";" 66.67";"   2.034";"apologético";" 1.537791e-01"
"   2";"   3";" 66.67";"   2.034";"antinatural";" 1.537791e-01"
"   2";"   3";" 66.67";"   2.034";"ansiar";" 1.537791e-01"
"   2";"   3";" 66.67";"   2.034";"amargo";" 1.537791e-01"
"   2";"   3";" 66.67";"   2.034";"agitar";" 1.537791e-01"
"   2";"   3";" 66.67";"   2.034";"afinar";" 1.537791e-01"
"   2";"   3";" 66.67";"   2.034";"aba";" 1.537791e-01"
"   8";"  18";" 44.44";"   2.019";"destruição";" 1.553512e-01"
"   8";"  18";" 44.44";"   2.019";"michele";" 1.553512e-01"
"*****";"*";"*";"*";"*";"*"
" 484";"  567";" 85.36";"884.211";"teu";"2.655589e-194"
" 461";"  548";" 84.12";"816.688";"tua";"1.270286e-179"
" 584";"  861";" 67.83";"642.740";"nome";"8.472707e-142"
" 847";" 1544";" 54.86";"523.081";"nossa";"9.039846e-116"
"1823";" 4190";" 43.51";"497.107";"nós";"4.050377e-110"
" 721";" 1294";" 55.72";"463.383";"te";"8.824915e-103"
" 207";"  278";" 74.46";"278.220";"21";" 1.834278e-62"
" 829";" 1782";" 46.52";"277.751";"nosso";" 2.321418e-62"
" 126";"  134";" 94.03";"273.619";"ti";" 1.845371e-61"
" 972";" 2287";" 42.50";"214.748";"meu";" 1.265149e-48"
" 980";" 2332";" 42.02";"203.929";"sua";" 2.900139e-46"
" 443";"  884";" 50.11";"193.446";"aquele";" 5.625604e-44"
" 844";" 2106";" 40.08";"131.083";"seu";" 2.375225e-30"
"  81";"  104";" 77.88";"119.591";"connosco";" 7.775066e-28"
" 113";"  179";" 63.13";"100.236";"tu";" 1.352555e-23"
" 640";" 1596";" 40.10";" 97.605";"minha";" 5.107014e-23"
" 367";"  825";" 44.48";" 96.136";"aquilo";" 1.072634e-22"
"1213";" 3361";" 36.09";" 88.664";"saber";" 4.679028e-21"
"1183";" 3293";" 35.92";" 82.470";"dizer";" 1.073076e-19"
" 740";" 1937";" 38.20";" 81.954";"me";" 1.392926e-19"
"1247";" 3526";" 35.37";" 75.006";"todo";" 4.693322e-18"
"  44";"   53";" 83.02";" 74.331";"vos";" 6.606384e-18"
" 274";"  612";" 44.77";" 73.369";"cada";" 1.075576e-17"
"3328";"10367";" 32.10";" 71.242";"eu";" 3.159927e-17"
" 225";"  495";" 45.45";" 64.362";"povo";" 1.035231e-15"
" 560";" 1462";" 38.30";" 61.967";"sobre";" 3.492876e-15"
"  34";"   40";" 85.00";" 60.275";"contigo";" 8.249067e-15"
"3078";" 9642";" 31.92";" 55.525";"estar";" 9.225748e-14"
" 114";"  222";" 51.35";" 53.050";"caminho";" 3.251482e-13"
"  24";"   27";" 88.89";" 46.532";"vós";" 9.013119e-12"
"5573";"18356";" 30.36";" 43.708";"a";" 3.812054e-11"
" 437";" 1164";" 37.54";" 40.900";"tempo";" 1.601984e-10"
"  24";"   29";" 82.76";" 40.240";"oh";" 2.245713e-10"
"1987";" 6144";" 32.34";" 38.389";"ele";" 5.794430e-10"
"  55";"   99";" 55.56";" 33.333";"aonde";" 7.763777e-09"
" 291";"  757";" 38.44";" 32.101";"mim";" 1.463648e-08"
" 295";"  773";" 38.16";" 30.852";"ó";" 2.785002e-08"
"  16";"   19";" 84.21";" 27.802";"vosso";" 1.343543e-07"
"  13";"   18";" 72.22";" 16.106";"décimo";" 5.988718e-05"
" 114";"  287";" 39.72";" 15.483";"comigo";" 8.325963e-05"
"  21";"   38";" 55.26";" 12.481";"perante";" 4.110066e-04"
"   5";"    5";"100.00";" 12.114";"convosco";" 5.003580e-04"
"2174";" 7056";" 30.81";" 12.044";"você";" 5.196655e-04"
" 320";"  939";" 34.08";" 11.140";"muita";" 8.447097e-04"
"   6";"    7";" 85.71";" 10.806";"143";" 1.011893e-03"
"4394";"14654";" 29.98";" 10.060";"em";" 1.515512e-03"
"  17";"   31";" 54.84";"  9.850";"tchau";" 1.698036e-03"
"   4";"    4";"100.00";"  9.691";"eminência";" 1.851651e-03"
"   4";"    4";"100.00";"  9.691";"365";" 1.851651e-03"
" 148";"  420";" 35.24";"  7.482";"aquela";" 6.230810e-03"
"   8";"   13";" 61.54";"  6.569";"nono";" 1.037690e-02"
"6043";"20440";" 29.56";"  6.506";"que";" 1.074879e-02"
"   4";"    5";" 80.00";"  6.235";"vigésimo";" 1.252191e-02"
"   4";"    5";" 80.00";"  6.235";"91";" 1.252191e-02"
"   4";"    5";" 80.00";"  6.235";"2030";" 1.252191e-02"
" 520";" 1643";" 31.65";"  5.022";"ao";" 2.503345e-02"
" 208";"  633";" 32.86";"  4.161";"tanto";" 4.137094e-02"
"   4";"    6";" 66.67";"  4.069";"52";" 4.367183e-02"
"   6";"   11";" 54.55";"  3.413";"mediante";" 6.468590e-02"
" 923";" 3011";" 30.65";"  3.409";"essa";" 6.485862e-02"
"   9";"   19";" 47.37";"  3.028";"34";" 8.182199e-02"
"   7";"   14";" 50.00";"  2.925";"corrente";" 8.722626e-02"
"  38";"  104";" 36.54";"  2.705";"lhe";" 1.000334e-01"
"  55";"  158";" 34.81";"  2.403";"6";" 1.210993e-01"
"   2";"    3";" 66.67";"  2.034";"366";" 1.537791e-01"
"   2";"    3";" 66.67";"  2.034";"1992";" 1.537791e-01"
"   8";"   18";" 44.44";"  2.019";"j";" 1.553512e-01"
"*";"*";"*";"*";"*";"*"
"372";"435";" 85.52";"678.459";"*_texto384";"1.445836e-149"
"367";"468";" 78.42";"558.214";"*_texto174";"2.056216e-123"
"352";"451";" 78.05";"529.509";"*_texto164";"3.612910e-117"
"239";"265";" 90.19";"481.413";"*_texto181";"1.052436e-106"
"229";"264";" 86.74";"426.894";"*_texto168";" 7.708088e-95"
"197";"213";" 92.49";"415.811";"*_texto370";" 1.991605e-92"
"224";"265";" 84.53";"396.174";"*_texto162";" 3.747977e-88"
"222";"263";" 84.41";"391.481";"*_texto169";" 3.938973e-87"
"193";"215";" 89.77";"384.424";"*_texto73";" 1.354713e-85"
"181";"197";" 91.88";"376.952";"*_texto85";" 5.736193e-84"
"182";"200";" 91.00";"372.085";"*_texto173";" 6.578768e-83"
"183";"202";" 90.59";"370.914";"*_texto161";" 1.183661e-82"
"201";"235";" 85.53";"363.748";"*_texto385";" 4.300341e-81"
"207";"251";" 82.47";"347.639";"*_texto165";" 1.384410e-77"
"170";"189";" 89.95";"339.587";"*_texto68";" 7.849913e-76"
"150";"167";" 89.82";"298.542";"*_texto81";" 6.846105e-67"
"173";"209";" 82.78";"292.297";"*_texto79";" 1.570671e-65"
"140";"153";" 91.50";"288.753";"*_texto176";" 9.293194e-65"
"151";"178";" 84.83";"268.090";"*_texto175";" 2.959385e-60"
"147";"172";" 85.47";"264.926";"*_texto178";" 1.448038e-59"
"131";"156";" 83.97";"227.567";"*_texto386";" 2.023139e-51"
"150";"191";" 78.53";"226.326";"*_texto86";" 3.771406e-51"
"145";"184";" 78.80";"220.366";"*_texto166";" 7.524525e-50"
"131";"159";" 82.39";"218.740";"*_texto84";" 1.702759e-49"
"137";"174";" 78.74";"207.729";"*_texto376";" 4.299097e-47"
"160";"224";" 71.43";"194.711";"*_texto172";" 2.978687e-44"
"117";"144";" 81.25";"189.586";"*_texto76";" 3.913928e-43"
"104";"126";" 82.54";"174.087";"*_texto399";" 9.472924e-40"
"135";"188";" 71.81";"166.132";"*_texto387";" 5.177008e-38"
" 94";"111";" 84.68";"165.850";"*_texto180";" 5.965528e-38"
" 72";" 82";" 87.80";"136.533";"*_texto358";" 1.525722e-31"
" 74";" 91";" 81.32";"119.869";"*_texto72";" 6.759536e-28"
" 85";"113";" 75.22";"116.148";"*_texto437";" 4.410122e-27"
" 83";"110";" 75.45";"114.201";"*_texto87";" 1.177552e-26"
" 70";" 90";" 77.78";"102.980";"*_texto91";" 3.385173e-24"
" 87";"125";" 69.60";" 99.049";"*_texto77";" 2.463338e-23"
" 56";" 68";" 82.35";" 93.078";"*_texto83";" 5.028338e-22"
" 77";"115";" 66.96";" 79.553";"*_texto70";" 4.695328e-19"
" 80";"122";" 65.57";" 78.346";"*_texto75";" 8.649874e-19"
" 66";" 94";" 70.21";" 76.667";"*_texto78";" 2.023722e-18"
" 67";"117";" 57.26";" 44.706";"*_texto362";" 2.289246e-11"
" 15";" 16";" 93.75";" 32.236";"*_texto441";" 1.365235e-08"
" 89";"200";" 44.50";" 22.762";"*_texto248";" 1.833174e-06"
" 11";" 13";" 84.62";" 19.299";"*_texto151";" 1.117513e-05"
"  7";"  7";"100.00";" 16.961";"*_texto391";" 3.814711e-05"
" 15";" 28";" 53.57";"  8.038";"*_texto229";" 4.581490e-03"
" 12";" 24";" 50.00";"  5.016";"*_texto12";" 2.511397e-02"
"  4";"  6";" 66.67";"  4.069";"*_texto98";" 4.367183e-02"
"  7";" 13";" 53.85";"  3.814";"*_texto207";" 5.082151e-02"
" 17";" 41";" 41.46";"  2.977";"*_texto323";" 8.446313e-02"
"  3";"  5";" 60.00";"  2.291";"*_texto389";" 1.301262e-01"
"**";"classe";"3";"**";"";""
"****";"2831";"24956";"11.34";"****";""
"253";" 317";" 79.81";"1496.572";"crime";" 0.000000e+00"
"139";" 155";" 89.68";" 951.610";"alexandre";"5.927122e-209"
"127";" 136";" 93.38";" 915.110";"moraes";"5.095537e-201"
"362";" 825";" 43.88";" 898.002";"lula";"2.667883e-197"
"141";" 172";" 81.98";" 859.155";"condenar";"7.435481e-189"
"139";" 175";" 79.43";" 812.305";"criminoso";"1.139898e-178"
"144";" 188";" 76.60";" 801.961";"stf";"2.021345e-176"
"135";" 173";" 78.03";" 770.415";"cadeia";"1.460514e-169"
"159";" 236";" 67.37";" 743.686";"preso";"9.467674e-164"
"114";" 136";" 83.82";" 714.283";"prisão";"2.343731e-157"
" 96";" 122";" 78.69";" 552.866";"news";"2.995702e-122"
" 94";" 118";" 79.66";" 550.206";"fake";"1.135419e-121"
"290";" 783";" 37.04";" 530.597";"bolsonaro";"2.094111e-117"
" 96";" 128";" 75.00";" 518.381";"corrupção";"9.522505e-115"
" 98";" 134";" 73.13";" 511.460";"golpe";"3.052507e-113"
" 76";"  86";" 88.37";" 509.123";"dino";"9.838287e-113"
"239";" 653";" 36.60";" 425.301";"ministro";" 1.712920e-94"
" 88";" 132";" 66.67";" 403.841";"cometer";" 8.030580e-90"
" 64";"  78";" 82.05";" 388.964";"flávio";" 1.391145e-86"
" 65";"  85";" 76.47";" 359.703";"terrorista";" 3.267094e-80"
" 87";" 141";" 61.70";" 357.558";"senador";" 9.579705e-80"
" 64";"  85";" 75.29";" 346.825";"bandido";" 2.082138e-77"
" 61";"  79";" 77.22";" 341.918";"investigar";" 2.438390e-76"
" 54";"  64";" 84.38";" 340.280";"cpmi";" 5.543902e-76"
"133";" 313";" 42.49";" 305.784";"justiça";" 1.810331e-68"
" 52";"  67";" 77.61";" 293.344";"organizado";" 9.290569e-66"
"118";" 268";" 44.03";" 287.787";"pt";" 1.509228e-64"
" 75";" 130";" 57.69";" 279.130";"república";" 1.161839e-62"
"132";" 329";" 40.12";" 274.534";"conta";" 1.166337e-61"
" 47";"  59";" 79.66";" 274.451";"escândalo";" 1.215728e-61"
"108";" 242";" 44.63";" 269.184";"afinal";" 1.709375e-60"
" 35";"  37";" 94.59";" 255.357";"pcc";" 1.764375e-57"
" 45";"  59";" 76.27";" 247.891";"general";" 7.486391e-56"
" 43";"  55";" 78.18";" 244.846";"corrupto";" 3.452609e-55"
" 71";" 130";" 54.62";" 243.299";"ex";" 7.505073e-55"
" 48";"  67";" 71.64";" 242.869";"presa";" 9.313377e-55"
" 40";"  51";" 78.43";" 228.701";"maduro";" 1.144747e-51"
" 66";" 123";" 53.66";" 220.068";"roubar";" 8.739247e-50"
" 54";"  88";" 61.36";" 219.698";"acusar";" 1.052813e-49"
" 34";"  40";" 85.00";" 216.123";"condenação";" 6.341381e-49"
" 80";" 173";" 46.24";" 210.967";"democracia";" 8.449327e-48"
" 42";"  59";" 71.19";" 210.584";"supremo";" 1.024239e-47"
" 28";"  29";" 96.55";" 209.598";"fidel";" 1.680640e-47"
" 48";"  76";" 63.16";" 203.497";"dilma";" 3.603594e-46"
" 30";"  34";" 88.24";" 200.149";"sigilo";" 1.938232e-45"
" 64";" 125";" 51.20";" 198.429";"pena";" 4.598375e-45"
" 51";"  88";" 57.95";" 190.771";"jair";" 2.157822e-43"
" 34";"  44";" 77.27";" 190.500";"tráfico";" 2.472426e-43"
" 30";"  36";" 83.33";" 185.777";"castro";" 2.655087e-42"
" 26";"  28";" 92.86";" 185.194";"lavagem";" 3.559121e-42"
" 53";"  98";" 54.08";" 178.683";"vítima";" 9.396684e-41"
" 24";"  25";" 96.00";" 178.327";"nicolás";" 1.123670e-40"
" 46";"  78";" 58.97";" 176.502";"soltar";" 2.813514e-40"
" 33";"  45";" 73.33";" 172.249";"prender";" 2.387305e-39"
" 28";"  34";" 82.35";" 170.696";"golpista";" 5.212817e-39"
" 32";"  43";" 74.42";" 170.394";"opositor";" 6.069593e-39"
" 52";"  99";" 52.53";" 167.605";"policial";" 2.467088e-38"
" 37";"  57";" 64.91";" 163.009";"ladrão";" 2.490731e-37"
" 21";"  22";" 95.45";" 154.894";"nss";" 1.477144e-35"
" 60";" 138";" 43.48";" 142.479";"perseguir";" 7.639930e-33"
" 35";"  57";" 61.40";" 142.354";"venezuela";" 8.138831e-33"
" 52";" 110";" 47.27";" 141.815";"juiz";" 1.067358e-32"
" 18";"  18";"100.00";" 140.776";"papudo";" 1.800850e-32"
" 97";" 292";" 33.22";" 140.581";"matar";" 1.987150e-32"
"123";" 416";" 29.57";" 139.694";"dinheiro";" 3.106054e-32"
" 25";"  33";" 75.76";" 136.323";"inquérito";" 1.695337e-31"
" 18";"  19";" 94.74";" 131.483";"indiciar";" 1.941450e-30"
" 63";" 158";" 39.87";" 128.685";"ato";" 7.946882e-30"
" 26";"  37";" 70.27";" 127.936";"impeachment";" 1.159464e-29"
" 16";"  16";"100.00";" 125.124";"rachadinha";" 4.780267e-29"
" 31";"  51";" 60.78";" 124.208";"cuba";" 7.587202e-29"
" 20";"  24";" 83.33";" 123.792";"passivo";" 9.355338e-29"
" 17";"  18";" 94.44";" 123.686";"batom";" 9.869939e-29"
" 19";"  22";" 86.36";" 123.220";"silveira";" 1.247845e-28"
" 18";"  20";" 90.00";" 123.131";"desproporcional";" 1.305080e-28"
" 29";"  46";" 63.04";" 122.478";"comando";" 1.813976e-28"
" 27";"  41";" 65.85";" 121.331";"coincidência";" 3.233900e-28"
" 22";"  29";" 75.86";" 120.169";"injustamente";" 5.809043e-28"
" 15";"  15";"100.00";" 117.299";"tornozeleira";" 2.468453e-27"
" 15";"  15";"100.00";" 117.299";"nicarágua";" 2.468453e-27"
" 18";"  21";" 85.71";" 115.588";"aécio";" 5.851815e-27"
" 18";"  21";" 85.71";" 115.588";"magno";" 5.851815e-27"
" 27";"  43";" 62.79";" 113.360";"traficante";" 1.799496e-26"
" 64";" 176";" 36.36";" 110.326";"polícia";" 8.314748e-26"
" 24";"  36";" 66.67";" 109.714";"vagabundo";" 1.131858e-25"
" 14";"  14";"100.00";" 109.475";"inácio";" 1.277019e-25"
" 18";"  22";" 81.82";" 108.741";"estatal";" 1.849464e-25"
" 33";"  62";" 53.23";" 108.405";"investigação";" 2.190767e-25"
" 15";"  16";" 93.75";" 108.104";"master";" 2.549875e-25"
" 24";"  37";" 64.86";" 105.541";"estupro";" 9.297169e-25"
" 29";"  51";" 56.86";" 105.285";"vermelho";" 1.057721e-24"
" 29";"  51";" 56.86";" 105.285";"chefe";" 1.057721e-24"
" 36";"  74";" 48.65";" 102.701";"responsável";" 3.897357e-24"
" 13";"  13";"100.00";" 101.651";"jupira";" 6.620736e-24"
" 13";"  13";"100.00";" 101.651";"malta";" 6.620736e-24"
" 17";"  21";" 80.95";" 101.259";"jato";" 8.069429e-24"
" 36";"  75";" 48.00";" 100.505";"banco";" 1.181190e-23"
" 19";"  26";" 73.08";"  98.625";"roubo";" 3.051424e-23"
" 18";"  24";" 75.00";"  96.791";"cassação";" 7.704473e-23"
" 18";"  24";" 75.00";"  96.791";"esquema";" 7.704473e-23"
" 19";"  27";" 70.37";"  93.638";"homicídio";" 3.787934e-22"
" 41";"  97";" 42.27";"  92.594";"narrativa";" 6.419849e-22"
" 13";"  14";" 92.86";"  92.545";"indicado";" 6.580250e-22"
" 28";"  53";" 52.83";"  90.894";"ditador";" 1.516016e-21"
" 67";" 209";" 32.06";"  89.915";"morte";" 2.486597e-21"
" 35";"  77";" 45.45";"  89.359";"ditadura";" 3.293080e-21"
" 22";"  36";" 61.11";"  88.785";"messias";" 4.400447e-21"
" 45";" 115";" 39.13";"  88.695";"morto";" 4.607162e-21"
" 27";"  51";" 52.94";"  87.925";"patrimônio";" 6.797378e-21"
" 16";"  21";" 76.19";"  87.879";"lava";" 6.958478e-21"
" 18";"  26";" 69.23";"  86.719";"pedófilo";" 1.251179e-20"
" 15";"  19";" 78.95";"  86.407";"marajó";" 1.464749e-20"
" 42";" 105";" 40.00";"  86.095";"imagem";" 1.714707e-20"
" 14";"  17";" 82.35";"  85.290";"pix";" 2.576617e-20"
" 14";"  17";" 82.35";"  85.290";"suposto";" 2.576617e-20"
" 65";" 205";" 31.71";"  85.224";"janeiro";" 2.664217e-20"
" 30";"  62";" 48.39";"  84.804";"corte";" 3.295277e-20"
" 12";"  13";" 92.31";"  84.777";"criminal";" 3.340072e-20"
" 12";"  13";" 92.31";"  84.777";"bilionário";" 3.340072e-20"
" 12";"  13";" 92.31";"  84.777";"cesão";" 3.340072e-20"
" 13";"  15";" 86.67";"  84.670";"depredar";" 3.525111e-20"
" 17";"  24";" 70.83";"  84.535";"assessor";" 3.775453e-20"
" 17";"  24";" 70.83";"  84.535";"facção";" 3.775453e-20"
" 57";" 171";" 33.33";"  82.782";"moral";" 9.163334e-20"
"237";"1223";" 19.38";"  82.548";"país";" 1.031463e-19"
" 25";"  47";" 53.19";"  81.994";"gabinete";" 1.364899e-19"
" 19";"  30";" 63.33";"  80.723";"planalto";" 2.596276e-19"
" 20";"  33";" 60.61";"  79.734";"sérgio";" 4.284605e-19"
" 23";"  42";" 54.76";"  78.858";"eletrônico";" 6.673698e-19"
" 10";"  10";"100.00";"  78.184";"baderneiro";" 9.387940e-19"
" 13";"  16";" 81.25";"  77.796";"gama";" 1.142784e-18"
" 29";"  62";" 46.77";"  77.579";"denúncia";" 1.274898e-18"
" 12";"  14";" 85.71";"  77.037";"quartel";" 1.678078e-18"
" 12";"  14";" 85.71";"  77.037";"investigado";" 1.678078e-18"
" 14";"  19";" 73.68";"  73.476";"acionar";" 1.018438e-17"
" 16";"  24";" 66.67";"  73.108";"pf";" 1.227695e-17"
" 21";"  38";" 55.26";"  72.993";"homossexual";" 1.301141e-17"
"160";" 762";" 21.00";"  72.830";"governo";" 1.413092e-17"
" 13";"  17";" 76.47";"  71.745";"pacheco";" 2.449422e-17"
" 13";"  17";" 76.47";"  71.745";"misogenia";" 2.449422e-17"
" 23";"  45";" 51.11";"  70.888";"prédio";" 3.781141e-17"
" 15";"  22";" 68.18";"  70.731";"débora";" 4.094749e-17"
"  9";"   9";"100.00";"  70.363";"mentor";" 4.934386e-17"
"  9";"   9";"100.00";"  70.363";"parcialidade";" 4.934386e-17"
"  9";"   9";"100.00";"  70.363";"cabral";" 4.934386e-17"
" 19";"  33";" 57.58";"  70.226";"tse";" 5.288943e-17"
" 20";"  36";" 55.56";"  70.069";"covarde";" 5.725372e-17"
" 25";"  52";" 48.08";"  69.911";"advogado";" 6.202986e-17"
" 11";"  13";" 84.62";"  69.433";"financiador";" 7.905661e-17"
" 11";"  13";" 84.62";"  69.433";"mensalão";" 7.905661e-17"
" 11";"  13";" 84.62";"  69.433";"inelegível";" 7.905661e-17"
" 10";"  11";" 90.91";"  69.272";"perpétuo";" 8.578752e-17"
" 10";"  11";" 90.91";"  69.272";"normalizar";" 8.578752e-17"
" 62";" 214";" 28.97";"  66.694";"pagar";" 3.171004e-16"
" 17";"  29";" 58.62";"  64.524";"janones";" 9.534037e-16"
" 17";"  29";" 58.62";"  64.524";"omissão";" 9.534037e-16"
" 14";"  21";" 66.67";"  63.961";"soberania";" 1.268763e-15"
" 26";"  59";" 44.07";"  62.970";"amarelo";" 2.098579e-15"
" 11";"  14";" 78.57";"  62.949";"cpm";" 2.120795e-15"
"  8";"   8";"100.00";"  62.542";"transfobia";" 2.608060e-15"
"  8";"   8";"100.00";"  62.542";"vandalismo";" 2.608060e-15"
"  8";"   8";"100.00";"  62.542";"latrocínio";" 2.608060e-15"
" 21";"  42";" 50.00";"  62.509";"cpi";" 2.652363e-15"
" 21";"  42";" 50.00";"  62.509";"silva";" 2.652363e-15"
" 10";"  12";" 83.33";"  61.866";"oab";" 3.676000e-15"
"  9";"  10";" 90.00";"  61.541";"presidiário";" 4.336063e-15"
" 45";" 139";" 32.37";"  61.468";"apoiar";" 4.499214e-15"
" 14";"  22";" 63.64";"  59.870";"fraude";" 1.013317e-14"
" 12";"  17";" 70.59";"  59.370";"assassinato";" 1.306699e-14"
" 19";"  37";" 51.35";"  58.973";"financiar";" 1.598501e-14"
" 15";"  25";" 60.00";"  58.908";"facada";" 1.652050e-14"
" 18";"  34";" 52.94";"  58.577";"áudio";" 1.955004e-14"
" 18";"  34";" 52.94";"  58.577";"caçar";" 1.955004e-14"
" 17";"  31";" 54.84";"  58.385";"punir";" 2.155194e-14"
" 27";"  66";" 40.91";"  57.515";"verde";" 3.354307e-14"
" 13";"  20";" 65.00";"  57.298";"judicial";" 3.744688e-14"
" 76";" 304";" 25.00";"  57.065";"liberdade";" 4.215698e-14"
" 37";" 108";" 34.26";"  56.635";"combater";" 5.246938e-14"
" 19";"  38";" 50.00";"  56.547";"popular";" 5.488110e-14"
" 10";"  13";" 76.92";"  55.620";"manifestante";" 8.794447e-14"
" 10";"  13";" 76.92";"  55.620";"embaixador";" 8.794447e-14"
" 10";"  13";" 76.92";"  55.620";"apreensão";" 8.794447e-14"
" 12";"  18";" 66.67";"  54.818";"lascar";" 1.322562e-13"
"  7";"   7";"100.00";"  54.722";"vândalo";" 1.388315e-13"
"  7";"   7";"100.00";"  54.722";"8it";" 1.388315e-13"
"  9";"  11";" 81.82";"  54.346";"pagador";" 1.680783e-13"
"  9";"  11";" 81.82";"  54.346";"marcelo";" 1.680783e-13"
"  9";"  11";" 81.82";"  54.346";"mané";" 1.680783e-13"
"  9";"  11";" 81.82";"  54.346";"cofre";" 1.680783e-13"
"  8";"   9";" 88.89";"  53.831";"unissex";" 2.184943e-13"
"  8";"   9";" 88.89";"  53.831";"jorginho";" 2.184943e-13"
"  8";"   9";" 88.89";"  53.831";"cueca";" 2.184943e-13"
" 29";"  77";" 37.66";"  53.196";"cidadão";" 3.018981e-13"
"255";"1486";" 17.16";"  53.148";"ano";" 3.093660e-13"
" 38";" 116";" 32.76";"  53.141";"prova";" 3.104323e-13"
" 16";"  30";" 53.33";"  52.656";"morador";" 3.973642e-13"
" 11";"  16";" 68.75";"  52.461";"bancar";" 4.387740e-13"
" 11";"  16";" 68.75";"  52.461";"cometido";" 4.387740e-13"
" 11";"  16";" 68.75";"  52.461";"maré";" 4.387740e-13"
" 44";" 145";" 30.34";"  52.357";"manifestação";" 4.628206e-13"
" 19";"  40";" 47.50";"  52.077";"eduardo";" 5.336936e-13"
" 38";" 118";" 32.20";"  51.295";"livre";" 7.949323e-13"
" 20";"  44";" 45.45";"  50.995";"abuso";" 9.262106e-13"
" 12";"  19";" 63.16";"  50.758";"atentar";" 1.044875e-12"
" 12";"  19";" 63.16";"  50.758";"ilha";" 1.044875e-12"
" 28";"  75";" 37.33";"  50.523";"imposto";" 1.177937e-12"
" 10";"  14";" 71.43";"  50.283";"envolvido";" 1.330677e-12"
" 10";"  14";" 71.43";"  50.283";"punição";" 1.330677e-12"
" 13";"  22";" 59.09";"  49.914";"estuprador";" 1.606223e-12"
" 14";"  25";" 56.00";"  49.621";"estuprar";" 1.865404e-12"
" 14";"  25";" 56.00";"  49.621";"dama";" 1.865404e-12"
" 23";"  56";" 41.07";"  49.318";"twitter";" 2.176472e-12"
" 40";" 130";" 30.77";"  49.031";"quebrar";" 2.519264e-12"
" 11";"  17";" 64.71";"  48.165";"pedofilia";" 3.917547e-12"
"165";" 888";" 18.58";"  47.952";"esquerdo";" 4.368057e-12"
" 35";" 108";" 32.41";"  47.851";"impedir";" 4.598269e-12"
" 25";"  65";" 38.46";"  47.651";"tribunal";" 5.091938e-12"
" 12";"  20";" 60.00";"  47.117";"atentado";" 6.687025e-12"
" 15";"  29";" 51.72";"  47.072";"julgamento";" 6.841319e-12"
" 18";"  39";" 46.15";"  47.063";"praticar";" 6.875602e-12"
"  6";"   6";"100.00";"  46.903";"clesão";" 7.459476e-12"
"  6";"   6";"100.00";"  46.903";"roubado";" 7.459476e-12"
"  6";"   6";"100.00";"  46.903";"gilmar";" 7.459476e-12"
"  6";"   6";"100.00";"  46.903";"furto";" 7.459476e-12"
"  6";"   6";"100.00";"  46.903";"delinquente";" 7.459476e-12"
"  6";"   6";"100.00";"  46.903";"defendido";" 7.459476e-12"
"  6";"   6";"100.00";"  46.903";"cardoso";" 7.459476e-12"
"  6";"   6";"100.00";"  46.903";"blocks";" 7.459476e-12"
"  8";"  10";" 80.00";"  46.888";"mariele";" 7.517565e-12"
"  8";"  10";" 80.00";"  46.888";"primário";" 7.517565e-12"
" 13";"  23";" 56.52";"  46.720";"demitir";" 8.188045e-12"
"  7";"   8";" 87.50";"  46.149";"sentença";" 1.095788e-11"
"  7";"   8";" 87.50";"  46.149";"rombo";" 1.095788e-11"
"  7";"   8";" 87.50";"  46.149";"colmeia";" 1.095788e-11"
" 89";" 406";" 21.92";"  45.911";"milhão";" 1.237332e-11"
" 10";"  15";" 66.67";"  45.676";"estátua";" 1.395378e-11"
" 29";"  84";" 34.52";"  45.029";"assinar";" 1.941475e-11"
" 19";"  44";" 43.18";"  44.426";"censura";" 2.642081e-11"
" 11";"  18";" 61.11";"  44.361";"vigília";" 2.731188e-11"
" 11";"  18";" 61.11";"  44.361";"depoimento";" 2.731188e-11"
" 29";"  85";" 34.12";"  43.984";"envolver";" 3.310843e-11"
" 31";"  94";" 32.98";"  43.913";"derrubar";" 3.432204e-11"
" 12";"  21";" 57.14";"  43.835";"processar";" 3.572471e-11"
" 12";"  21";" 57.14";"  43.835";"pacífico";" 3.572471e-11"
" 25";"  68";" 36.76";"  43.812";"organização";" 3.614071e-11"
" 13";"  24";" 54.17";"  43.803";"episódio";" 3.631448e-11"
" 23";"  60";" 38.33";"  43.562";"inocente";" 4.107152e-11"
"  9";"  13";" 69.23";"  43.337";"mala";" 4.608639e-11"
"  9";"  13";" 69.23";"  43.337";"domiciliar";" 4.608639e-11"
" 16";"  34";" 47.06";"  43.181";"desviar";" 4.989540e-11"
" 15";"  31";" 48.39";"  42.349";"tratado";" 7.635333e-11"
" 17";"  38";" 44.74";"  42.197";"ameaça";" 8.253353e-11"
" 22";"  57";" 38.60";"  42.190";"jurídico";" 8.282768e-11"
" 27";"  78";" 34.62";"  42.133";"eleitoral";" 8.525392e-11"
" 93";" 443";" 20.99";"  41.754";"defender";" 1.035143e-10"
"275";"1707";" 16.11";"  41.388";"brasil";" 1.248485e-10"
" 16";"  35";" 45.71";"  41.169";"gás";" 1.396113e-10"
" 16";"  35";" 45.71";"  41.169";"comandar";" 1.396113e-10"
" 13";"  25";" 52.00";"  41.129";"rodrigo";" 1.424787e-10"
" 13";"  25";" 52.00";"  41.129";"queimado";" 1.424787e-10"
" 11";"  19";" 57.89";"  40.970";"foro";" 1.545916e-10"
" 11";"  19";" 57.89";"  40.970";"instância";" 1.545916e-10"
" 56";" 226";" 24.78";"  40.931";"sofrer";" 1.577310e-10"
" 12";"  22";" 54.55";"  40.863";"responsabilizar";" 1.632859e-10"
" 17";"  39";" 43.59";"  40.385";"taxar";" 2.085730e-10"
" 17";"  39";" 43.59";"  40.385";"contrato";" 2.085730e-10"
" 24";"  67";" 35.82";"  40.021";"coronel";" 2.513053e-10"
"  7";"   9";" 77.78";"  39.510";"pimenta";" 3.264250e-10"
"  7";"   9";" 77.78";"  39.510";"vazar";" 3.264250e-10"
"  7";"   9";" 77.78";"  39.510";"ortega";" 3.264250e-10"
"  7";"   9";" 77.78";"  39.510";"gilberto";" 3.264250e-10"
"  5";"   5";"100.00";"  39.084";"telemático";" 4.059306e-10"
"  5";"   5";"100.00";"  39.084";"tesoureiro";" 4.059306e-10"
"  5";"   5";"100.00";"  39.084";"barroso";" 4.059306e-10"
"  5";"   5";"100.00";"  39.084";"violentado";" 4.059306e-10"
"  5";"   5";"100.00";"  39.084";"pipoqueiro";" 4.059306e-10"
"  5";"   5";"100.00";"  39.084";"monarque";" 4.059306e-10"
"  5";"   5";"100.00";"  39.084";"impune";" 4.059306e-10"
"  5";"   5";"100.00";"  39.084";"esquartejar";" 4.059306e-10"
"  5";"   5";"100.00";"  39.084";"cristalino";" 4.059306e-10"
"  5";"   5";"100.00";"  39.084";"criminalmente";" 4.059306e-10"
"  5";"   5";"100.00";"  39.084";"contrapeso";" 4.059306e-10"
"  5";"   5";"100.00";"  39.084";"cleitinho";" 4.059306e-10"
"  5";"   5";"100.00";"  39.084";"cabulosos";" 4.059306e-10"
"  5";"   5";"100.00";"  39.084";"absolvido";" 4.059306e-10"
" 13";"  26";" 50.00";"  38.671";"recorde";" 5.015597e-10"
"  6";"   7";" 85.71";"  38.508";"ramaz";" 5.454204e-10"
"  6";"   7";" 85.71";"  38.508";"tpm";" 5.454204e-10"
"  6";"   7";" 85.71";"  38.508";"iof";" 5.454204e-10"
"  6";"   7";" 85.71";"  38.508";"refrescar";" 5.454204e-10"
"  6";"   7";" 85.71";"  38.508";"maia";" 5.454204e-10"
"  6";"   7";" 85.71";"  38.508";"braga";" 5.454204e-10"
" 15";"  33";" 45.45";"  38.229";"admitir";" 6.290856e-10"
"347";"2274";" 15.26";"  38.140";"agora";" 6.583953e-10"
" 10";"  17";" 58.82";"  38.132";"prf";" 6.613017e-10"
" 20";"  52";" 38.46";"  38.101";"grave";" 6.717182e-10"
" 22";"  61";" 36.07";"  37.160";"mentir";" 1.088365e-09"
" 22";"  61";" 36.07";"  37.160";"senado";" 1.088365e-09"
"  8";"  12";" 66.67";"  36.536";"petrobras";" 1.498552e-09"
"  8";"  12";" 66.67";"  36.536";"abolição";" 1.498552e-09"
"  8";"  12";" 66.67";"  36.536";"tanque";" 1.498552e-09"
"  8";"  12";" 66.67";"  36.536";"solto";" 1.498552e-09"
"  8";"  12";" 66.67";"  36.536";"impunidade";" 1.498552e-09"
"165";" 945";" 17.46";"  36.535";"inclusive";" 1.499547e-09"
" 13";"  27";" 48.15";"  36.404";"deais";" 1.603328e-09"
" 13";"  27";" 48.15";"  36.404";"proibir";" 1.603328e-09"
" 23";"  66";" 34.85";"  36.352";"operação";" 1.647436e-09"
" 27";"  84";" 32.14";"  36.254";"comum";" 1.732426e-09"
" 21";"  58";" 36.21";"  35.733";"câmera";" 2.262934e-09"
" 24";"  71";" 33.80";"  35.711";"marido";" 2.289109e-09"
" 12";"  24";" 50.00";"  35.694";"mst";" 2.309199e-09"
" 12";"  24";" 50.00";"  35.694";"multa";" 2.309199e-09"
"  9";"  15";" 60.00";"  35.331";"sequestrar";" 2.782077e-09"
"  9";"  15";" 60.00";"  35.331";"guevara";" 2.782077e-09"
" 23";"  67";" 34.33";"  35.289";"julgar";" 2.842820e-09"
" 11";"  21";" 52.38";"  35.194";"sanção";" 2.985160e-09"
" 47";" 188";" 25.00";"  35.125";"congresso";" 3.091853e-09"
" 35";" 125";" 28.00";"  34.655";"gastar";" 3.937084e-09"
" 15";"  35";" 42.86";"  34.609";"violento";" 4.030435e-09"
" 23";"  68";" 33.82";"  34.261";"tiro";" 4.820134e-09"
"  7";"  10";" 70.00";"  34.224";"minuta";" 4.912839e-09"
"  7";"  10";" 70.00";"  34.224";"fotógrafo";" 4.912839e-09"
"  7";"  10";" 70.00";"  34.224";"desgastar";" 4.912839e-09"
"  7";"  10";" 70.00";"  34.224";"demissão";" 4.912839e-09"
"  7";"  10";" 70.00";"  34.224";"toga";" 4.912839e-09"
"  7";"  10";" 70.00";"  34.224";"cocaína";" 4.912839e-09"
" 12";"  25";" 48.00";"  33.434";"amazônia";" 7.371002e-09"
" 95";" 486";" 19.55";"  33.166";"caso";" 8.463551e-09"
" 19";"  52";" 36.54";"  32.889";"recentemente";" 9.758634e-09"
" 42";" 165";" 25.45";"  32.884";"mídia";" 9.783737e-09"
" 16";"  40";" 40.00";"  32.713";"sacanagem";" 1.068400e-08"
"  8";"  13";" 61.54";"  32.584";"silvio";" 1.141319e-08"
"  8";"  13";" 61.54";"  32.584";"naime";" 1.141319e-08"
"  8";"  13";" 61.54";"  32.584";"imparcial";" 1.141319e-08"
"  8";"  13";" 61.54";"  32.584";"dezena";" 1.141319e-08"
"  8";"  13";" 61.54";"  32.584";"resultar";" 1.141319e-08"
"  6";"   8";" 75.00";"  32.243";"árabe";" 1.360476e-08"
"  6";"   8";" 75.00";"  32.243";"magro";" 1.360476e-08"
"  6";"   8";" 75.00";"  32.243";"interferência";" 1.360476e-08"
"  6";"   8";" 75.00";"  32.243";"fraudar";" 1.360476e-08"
"  6";"   8";" 75.00";"  32.243";"baleia";" 1.360476e-08"
"  6";"   8";" 75.00";"  32.243";"sancionar";" 1.360476e-08"
"  6";"   8";" 75.00";"  32.243";"rampa";" 1.360476e-08"
"  6";"   8";" 75.00";"  32.243";"depredação";" 1.360476e-08"
"  6";"   8";" 75.00";"  32.243";"coordenar";" 1.360476e-08"
"  6";"   8";" 75.00";"  32.243";"aposentadoria";" 1.360476e-08"
" 10";"  19";" 52.63";"  32.229";"derrubado";" 1.370097e-08"
" 10";"  19";" 52.63";"  32.229";"criminalidade";" 1.370097e-08"
"  9";"  16";" 56.25";"  32.102";"maranhão";" 1.462720e-08"
"  9";"  16";" 56.25";"  32.102";"autorização";" 1.462720e-08"
" 36";" 135";" 26.67";"  31.687";"decidir";" 1.810910e-08"
" 12";"  26";" 46.15";"  31.359";"bomba";" 2.144964e-08"
" 16";"  41";" 39.02";"  31.287";"herói";" 2.225127e-08"
"  4";"   4";"100.00";"  31.266";"síndico";" 2.249798e-08"
"  4";"   4";"100.00";"  31.266";"ong";" 2.249798e-08"
"  4";"   4";"100.00";"  31.266";"miliciano";" 2.249798e-08"
"  4";"   4";"100.00";"  31.266";"traficar";" 2.249798e-08"
"  4";"   4";"100.00";"  31.266";"teorista";" 2.249798e-08"
"  4";"   4";"100.00";"  31.266";"revanchismo";" 2.249798e-08"
"  4";"   4";"100.00";"  31.266";"pensão";" 2.249798e-08"
"  4";"   4";"100.00";"  31.266";"pensionista";" 2.249798e-08"
"  4";"   4";"100.00";"  31.266";"insulina";" 2.249798e-08"
"  4";"   4";"100.00";"  31.266";"impit";" 2.249798e-08"
"  4";"   4";"100.00";"  31.266";"ideologicamente";" 2.249798e-08"
"  4";"   4";"100.00";"  31.266";"humberto";" 2.249798e-08"
"  4";"   4";"100.00";"  31.266";"fajuto";" 2.249798e-08"
"  4";"   4";"100.00";"  31.266";"estelionatário";" 2.249798e-08"
"  4";"   4";"100.00";"  31.266";"eliziane";" 2.249798e-08"
"  4";"   4";"100.00";"  31.266";"distribuidor";" 2.249798e-08"
"  4";"   4";"100.00";"  31.266";"desgaste";" 2.249798e-08"
"  4";"   4";"100.00";"  31.266";"cv";" 2.249798e-08"
"  4";"   4";"100.00";"  31.266";"corporativo";" 2.249798e-08"
"  4";"   4";"100.00";"  31.266";"columbri";" 2.249798e-08"
"  4";"   4";"100.00";"  31.266";"borracha";" 2.249798e-08"
"  5";"   6";" 83.33";"  30.926";"estacionamento";" 2.681012e-08"
"  5";"   6";" 83.33";"  30.926";"trama";" 2.681012e-08"
"  5";"   6";" 83.33";"  30.926";"weber";" 2.681012e-08"
"  5";"   6";" 83.33";"  30.926";"sebastião";" 2.681012e-08"
"  5";"   6";" 83.33";"  30.926";"repressão";" 2.681012e-08"
"  5";"   6";" 83.33";"  30.926";"odebrecht";" 2.681012e-08"
"  5";"   6";" 83.33";"  30.926";"narcotraficante";" 2.681012e-08"
"  5";"   6";" 83.33";"  30.926";"monocrático";" 2.681012e-08"
"  5";"   6";" 83.33";"  30.926";"lancelote";" 2.681012e-08"
"  5";"   6";" 83.33";"  30.926";"assalto";" 2.681012e-08"
"  5";"   6";" 83.33";"  30.926";"abrigar";" 2.681012e-08"
" 76";" 374";" 20.32";"  30.423";"fossar";" 3.473101e-08"
" 17";"  46";" 36.96";"  30.060";"judiciário";" 4.188415e-08"
" 15";"  38";" 39.47";"  29.944";"costa";" 4.448139e-08"
" 16";"  42";" 38.10";"  29.936";"declaração";" 4.465010e-08"
"  7";"  11";" 63.64";"  29.922";"mendes";" 4.498209e-08"
"109";" 595";" 18.32";"  29.489";"contar";" 5.624061e-08"
"  9";"  17";" 52.94";"  29.268";"legalizar";" 6.301255e-08"
"  9";"  17";" 52.94";"  29.268";"escudo";" 6.301255e-08"
"  9";"  17";" 52.94";"  29.268";"provisório";" 6.301255e-08"
"  9";"  17";" 52.94";"  29.268";"luís";" 6.301255e-08"
"  9";"  17";" 52.94";"  29.268";"hugo";" 6.301255e-08"
"  8";"  14";" 57.14";"  29.215";"torre";" 6.476996e-08"
" 13";"  31";" 41.94";"  28.882";"anistia";" 7.691623e-08"
" 50";" 222";" 22.52";"  27.831";"mês";" 1.323742e-07"
" 54";" 246";" 21.95";"  27.795";"processo";" 1.348590e-07"
" 12";"  28";" 42.86";"  27.679";"pgr";" 1.431789e-07"
" 10";"  21";" 47.62";"  27.500";"curioso";" 1.571160e-07"
"  6";"   9";" 66.67";"  27.399";"violação";" 1.655276e-07"
"  6";"   9";" 66.67";"  27.399";"alegar";" 1.655276e-07"
"  6";"   9";" 66.67";"  27.399";"atirar";" 1.655276e-07"
" 13";"  32";" 40.62";"  27.315";"cartão";" 1.728334e-07"
" 14";"  36";" 38.89";"  27.198";"devolver";" 1.836342e-07"
"116";" 656";" 17.68";"  26.918";"brasileiro";" 2.123218e-07"
"  7";"  12";" 58.33";"  26.358";"damares";" 2.836088e-07"
"  7";"  12";" 58.33";"  26.358";"suspeito";" 2.836088e-07"
"  7";"  12";" 58.33";"  26.358";"joias";" 2.836088e-07"
"  7";"  12";" 58.33";"  26.358";"fichar";" 2.836088e-07"
"  7";"  12";" 58.33";"  26.358";"jordi";" 2.836088e-07"
"  8";"  15";" 53.33";"  26.312";"antidemocrático";" 2.904418e-07"
" 16";"  45";" 35.56";"  26.277";"quebra";" 2.958462e-07"
" 20";"  63";" 31.75";"  26.140";"comemorar";" 3.174599e-07"
" 21";"  68";" 30.88";"  25.882";"denunciar";" 3.629343e-07"
" 21";"  68";" 30.88";"  25.882";"padre";" 3.629343e-07"
" 19";"  59";" 32.20";"  25.587";"tentativa";" 4.229815e-07"
" 10";"  22";" 45.45";"  25.475";"vergonhoso";" 4.481999e-07"
"  5";"   7";" 71.43";"  25.135";"elisiane";" 5.346308e-07"
"  5";"   7";" 71.43";"  25.135";"terror";" 5.346308e-07"
"  5";"   7";" 71.43";"  25.135";"desarmamento";" 5.346308e-07"
"  5";"   7";" 71.43";"  25.135";"desmentir";" 5.346308e-07"
"  5";"   7";" 71.43";"  25.135";"trágico";" 5.346308e-07"
"  5";"   7";" 71.43";"  25.135";"torturador";" 5.346308e-07"
"  5";"   7";" 71.43";"  25.135";"solidarizar";" 5.346308e-07"
"  5";"   7";" 71.43";"  25.135";"pantanal";" 5.346308e-07"
"  5";"   7";" 71.43";"  25.135";"imparcialidade";" 5.346308e-07"
"  5";"   7";" 71.43";"  25.135";"democrata";" 5.346308e-07"
"  5";"   7";" 71.43";"  25.135";"debochado";" 5.346308e-07"
"  5";"   7";" 71.43";"  25.135";"calote";" 5.346308e-07"
"  5";"   7";" 71.43";"  25.135";"bandidagem";" 5.346308e-07"
"  5";"   7";" 71.43";"  25.135";"amedrontar";" 5.346308e-07"
"  5";"   7";" 71.43";"  25.135";"adélio";" 5.346308e-07"
"138";" 823";" 16.77";"  24.896";"direito";" 6.052011e-07"
" 28";" 105";" 26.67";"  24.616";"brasília";" 6.996756e-07"
"  9";"  19";" 47.37";"  24.536";"colômbia";" 7.292948e-07"
"  9";"  19";" 47.37";"  24.536";"revogar";" 7.292948e-07"
" 13";"  34";" 38.24";"  24.481";"carlos";" 7.506123e-07"
" 18";"  56";" 32.14";"  24.142";"ônibus";" 8.949332e-07"
"192";"1225";" 15.67";"  24.010";"acontecer";" 9.582025e-07"
" 27";" 101";" 26.73";"  23.879";"confessar";" 1.025919e-06"
" 32";" 128";" 25.00";"  23.857";"botar";" 1.037538e-06"
"  8";"  16";" 50.00";"  23.788";"honestidade";" 1.075448e-06"
"  8";"  16";" 50.00";"  23.788";"reportagem";" 1.075448e-06"
" 20";"  66";" 30.30";"  23.651";"mandato";" 1.154691e-06"
" 10";"  23";" 43.48";"  23.637";"saída";" 1.163282e-06"
"  6";"  10";" 60.00";"  23.549";"instaurar";" 1.217665e-06"
"  6";"  10";" 60.00";"  23.549";"comandante";" 1.217665e-06"
"  6";"  10";" 60.00";"  23.549";"prerrogativa";" 1.217665e-06"
"  6";"  10";" 60.00";"  23.549";"negligência";" 1.217665e-06"
"  6";"  10";" 60.00";"  23.549";"musk";" 1.217665e-06"
"  6";"  10";" 60.00";"  23.549";"apartamento";" 1.217665e-06"
"  3";"   3";"100.00";"  23.449";"indenizar";" 1.282962e-06"
"  3";"   3";"100.00";"  23.449";"honduras";" 1.282962e-06"
"  3";"   3";"100.00";"  23.449";"xandão";" 1.282962e-06"
"  3";"   3";"100.00";"  23.449";"indiciamento";" 1.282962e-06"
"  3";"   3";"100.00";"  23.449";"faquinha";" 1.282962e-06"
"  3";"   3";"100.00";"  23.449";"reprimir";" 1.282962e-06"
"  3";"   3";"100.00";"  23.449";"reclusão";" 1.282962e-06"
"  3";"   3";"100.00";"  23.449";"preira";" 1.282962e-06"
"  3";"   3";"100.00";"  23.449";"pesca";" 1.282962e-06"
"  3";"   3";"100.00";"  23.449";"patrick";" 1.282962e-06"
"  3";"   3";"100.00";"  23.449";"naim";" 1.282962e-06"
"  3";"   3";"100.00";"  23.449";"marcel";" 1.282962e-06"
"  3";"   3";"100.00";"  23.449";"mandante";" 1.282962e-06"
"  3";"   3";"100.00";"  23.449";"lúcia";" 1.282962e-06"
"  3";"   3";"100.00";"  23.449";"luna";" 1.282962e-06"
"  3";"   3";"100.00";"  23.449";"leira";" 1.282962e-06"
"  3";"   3";"100.00";"  23.449";"incorrer";" 1.282962e-06"
"  3";"   3";"100.00";"  23.449";"impitma";" 1.282962e-06"
"  3";"   3";"100.00";"  23.449";"grampo";" 1.282962e-06"
"  3";"   3";"100.00";"  23.449";"gees";" 1.282962e-06"
"  3";"   3";"100.00";"  23.449";"faxina";" 1.282962e-06"
"  3";"   3";"100.00";"  23.449";"descriminalizar";" 1.282962e-06"
"  3";"   3";"100.00";"  23.449";"deponte";" 1.282962e-06"
"  3";"   3";"100.00";"  23.449";"chávez";" 1.282962e-06"
"  3";"   3";"100.00";"  23.449";"barberagem";" 1.282962e-06"
"  4";"   5";" 80.00";"  23.439";"pulso";" 1.289300e-06"
"  4";"   5";" 80.00";"  23.439";"desembargador";" 1.289300e-06"
"  4";"   5";" 80.00";"  23.439";"safar";" 1.289300e-06"
"  4";"   5";" 80.00";"  23.439";"requisitar";" 1.289300e-06"
"  4";"   5";" 80.00";"  23.439";"gordola";" 1.289300e-06"
"  4";"   5";" 80.00";"  23.439";"desmoralizado";" 1.289300e-06"
"  4";"   5";" 80.00";"  23.439";"supostamente";" 1.289300e-06"
"  4";"   5";" 80.00";"  23.439";"rap";" 1.289300e-06"
"  4";"   5";" 80.00";"  23.439";"patente";" 1.289300e-06"
"  4";"   5";" 80.00";"  23.439";"palhaço";" 1.289300e-06"
"  4";"   5";" 80.00";"  23.439";"norda";" 1.289300e-06"
"  4";"   5";" 80.00";"  23.439";"monstro";" 1.289300e-06"
"  4";"   5";" 80.00";"  23.439";"misoginia";" 1.289300e-06"
"  4";"   5";" 80.00";"  23.439";"condicional";" 1.289300e-06"
"  4";"   5";" 80.00";"  23.439";"carolina";" 1.289300e-06"
"  4";"   5";" 80.00";"  23.439";"assaltar";" 1.289300e-06"
" 14";"  39";" 35.90";"  23.415";"favela";" 1.305483e-06"
" 38";" 163";" 23.31";"  23.371";"decisão";" 1.336041e-06"
"  7";"  13";" 53.85";"  23.362";"proporcionalidade";" 1.341698e-06"
" 27";" 102";" 26.47";"  23.302";"democrático";" 1.384698e-06"
" 11";"  27";" 40.74";"  23.225";"argentino";" 1.440942e-06"
" 11";"  27";" 40.74";"  23.225";"funcionário";" 1.440942e-06"
" 12";"  31";" 38.71";"  23.112";"acusação";" 1.528158e-06"
"  9";"  20";" 45.00";"  22.544";"dr";" 2.053855e-06"
" 34";" 142";" 23.94";"  22.543";"população";" 2.054819e-06"
" 61";" 308";" 19.81";"  22.199";"ministério";" 2.457734e-06"
" 10";"  24";" 41.67";"  21.963";"kalil";" 2.779576e-06"
" 10";"  24";" 41.67";"  21.963";"martelo";" 2.779576e-06"
"  8";"  17";" 47.06";"  21.576";"frustrado";" 3.400933e-06"
" 21";"  74";" 28.38";"  21.414";"falso";" 3.700139e-06"
" 30";" 123";" 24.39";"  20.919";"culpa";" 4.789973e-06"
"  5";"   8";" 62.50";"  20.823";"milícia";" 5.036620e-06"
"  5";"   8";" 62.50";"  20.823";"mor";" 5.036620e-06"
"  5";"   8";" 62.50";"  20.823";"arquivar";" 5.036620e-06"
"  5";"   8";" 62.50";"  20.823";"propina";" 5.036620e-06"
"  5";"   8";" 62.50";"  20.823";"glauber";" 5.036620e-06"
"  5";"   8";" 62.50";"  20.823";"caça";" 5.036620e-06"
"  7";"  14";" 50.00";"  20.813";"cabo";" 5.064002e-06"
"  9";"  21";" 42.86";"  20.754";"colher";" 5.222984e-06"
" 15";"  46";" 32.61";"  20.721";"claramente";" 5.313683e-06"
"  6";"  11";" 54.55";"  20.422";"ditatorial";" 6.209621e-06"
"  6";"  11";" 54.55";"  20.422";"cnn";" 6.209621e-06"
"  6";"  11";" 54.55";"  20.422";"amazona";" 6.209621e-06"
" 11";"  29";" 37.93";"  20.407";"desrespeitar";" 6.261342e-06"
" 27";" 108";" 25.00";"  20.113";"defesa";" 7.298738e-06"
"  8";"  18";" 44.44";"  19.624";"agredir";" 9.429155e-06"
"  8";"  18";" 44.44";"  19.624";"reverter";" 9.429155e-06"
"  9";"  22";" 40.91";"  19.138";"símbolo";" 1.216125e-05"
"  9";"  22";" 40.91";"  19.138";"transparência";" 1.216125e-05"
" 10";"  26";" 38.46";"  19.031";"casado";" 1.286330e-05"
" 51";" 256";" 19.92";"  18.924";"basicamente";" 1.360467e-05"
" 53";" 269";" 19.70";"  18.891";"eleição";" 1.383987e-05"
"  7";"  15";" 46.67";"  18.620";"pm";" 1.595118e-05"
"  4";"   6";" 66.67";"  18.264";"marielle";" 1.923356e-05"
"  4";"   6";" 66.67";"  18.264";"lírio";" 1.923356e-05"
"  4";"   6";" 66.67";"  18.264";"emissor";" 1.923356e-05"
"  4";"   6";" 66.67";"  18.264";"vangloriar";" 1.923356e-05"
"  4";"   6";" 66.67";"  18.264";"trauma";" 1.923356e-05"
"  4";"   6";" 66.67";"  18.264";"tcu";" 1.923356e-05"
"  4";"   6";" 66.67";"  18.264";"secundário";" 1.923356e-05"
"  4";"   6";" 66.67";"  18.264";"ressarcir";" 1.923356e-05"
"  4";"   6";" 66.67";"  18.264";"portar";" 1.923356e-05"
"  4";"   6";" 66.67";"  18.264";"narcotráfico";" 1.923356e-05"
"  4";"   6";" 66.67";"  18.264";"investigador";" 1.923356e-05"
"  4";"   6";" 66.67";"  18.264";"fuzilar";" 1.923356e-05"
"  4";"   6";" 66.67";"  18.264";"bárbaro";" 1.923356e-05"
" 25";" 101";" 24.75";"  18.129";"notícia";" 2.064489e-05"
" 48";" 240";" 20.00";"  18.054";"humano";" 2.147300e-05"
"  6";"  12";" 50.00";"  17.838";"recuar";" 2.405034e-05"
"  6";"  12";" 50.00";"  17.838";"informe";" 2.405034e-05"
"  6";"  12";" 50.00";"  17.838";"fundar";" 2.405034e-05"
"  6";"  12";" 50.00";"  17.838";"gomes";" 2.405034e-05"
"  6";"  12";" 50.00";"  17.838";"assinatura";" 2.405034e-05"
"  6";"  12";" 50.00";"  17.838";"gasolina";" 2.405034e-05"
"  6";"  12";" 50.00";"  17.838";"cela";" 2.405034e-05"
" 10";"  27";" 37.04";"  17.742";"dignidade";" 2.530325e-05"
" 10";"  27";" 37.04";"  17.742";"coerência";" 2.530325e-05"
"  9";"  23";" 39.13";"  17.673";"palácio";" 2.622591e-05"
" 82";" 471";" 17.41";"  17.563";"simplesmente";" 2.779428e-05"
"  5";"   9";" 55.56";"  17.498";"baderna";" 2.875502e-05"
"  5";"   9";" 55.56";"  17.498";"videozinho";" 2.875502e-05"
"  5";"   9";" 55.56";"  17.498";"incompetente";" 2.875502e-05"
"  5";"   9";" 55.56";"  17.498";"correio";" 2.875502e-05"
"  5";"   9";" 55.56";"  17.498";"thiago";" 2.875502e-05"
"  5";"   9";" 55.56";"  17.498";"configurar";" 2.875502e-05"
" 76";" 432";" 17.59";"  17.067";"amigo";" 3.607922e-05"
" 32";" 144";" 22.22";"  17.042";"opinião";" 3.656166e-05"
" 26";" 109";" 23.85";"  17.034";"ataque";" 3.671651e-05"
" 11";"  32";" 34.38";"  16.899";"bolso";" 3.942242e-05"
" 11";"  32";" 34.38";"  16.899";"idoso";" 3.942242e-05"
"  7";"  16";" 43.75";"  16.718";"assassino";" 4.337393e-05"
" 15";"  51";" 29.41";"  16.588";"devido";" 4.644218e-05"
" 16";"  56";" 28.57";"  16.563";"temer";" 4.706583e-05"
" 10";"  28";" 35.71";"  16.554";"terrorismo";" 4.729184e-05"
" 12";"  37";" 32.43";"  16.386";"dedo";" 5.167575e-05"
"  9";"  24";" 37.50";"  16.342";"inúmero";" 5.288467e-05"
" 58";" 313";" 18.53";"  16.277";"rede";" 5.472498e-05"
" 59";" 320";" 18.44";"  16.218";"perguntar";" 5.644440e-05"
"  3";"   4";" 75.00";"  16.119";"ferro";" 5.948720e-05"
"  3";"   4";" 75.00";"  16.119";"rotular";" 5.948720e-05"
"  3";"   4";" 75.00";"  16.119";"revoltante";" 5.948720e-05"
"  3";"   4";" 75.00";"  16.119";"reeleição";" 5.948720e-05"
"  3";"   4";" 75.00";"  16.119";"desastre";" 5.948720e-05"
"  3";"   4";" 75.00";"  16.119";"consistir";" 5.948720e-05"
"  3";"   4";" 75.00";"  16.119";"capitólio";" 5.948720e-05"
"  3";"   4";" 75.00";"  16.119";"varrer";" 5.948720e-05"
"  3";"   4";" 75.00";"  16.119";"tweets";" 5.948720e-05"
"  3";"   4";" 75.00";"  16.119";"rubens";" 5.948720e-05"
"  3";"   4";" 75.00";"  16.119";"rachador";" 5.948720e-05"
"  3";"   4";" 75.00";"  16.119";"quadrilha";" 5.948720e-05"
"  3";"   4";" 75.00";"  16.119";"peru";" 5.948720e-05"
"  3";"   4";" 75.00";"  16.119";"pavor";" 5.948720e-05"
"  3";"   4";" 75.00";"  16.119";"pacificamente";" 5.948720e-05"
"  3";"   4";" 75.00";"  16.119";"morder";" 5.948720e-05"
"  3";"   4";" 75.00";"  16.119";"maltar";" 5.948720e-05"
"  3";"   4";" 75.00";"  16.119";"lewandowski";" 5.948720e-05"
"  3";"   4";" 75.00";"  16.119";"jan";" 5.948720e-05"
"  3";"   4";" 75.00";"  16.119";"indício";" 5.948720e-05"
"  3";"   4";" 75.00";"  16.119";"impeach";" 5.948720e-05"
"  3";"   4";" 75.00";"  16.119";"heleno";" 5.948720e-05"
"  3";"   4";" 75.00";"  16.119";"fhc";" 5.948720e-05"
"  3";"   4";" 75.00";"  16.119";"fetal";" 5.948720e-05"
"  3";"   4";" 75.00";"  16.119";"farda";" 5.948720e-05"
"  3";"   4";" 75.00";"  16.119";"detonar";" 5.948720e-05"
"  3";"   4";" 75.00";"  16.119";"delito";" 5.948720e-05"
"  3";"   4";" 75.00";"  16.119";"columb";" 5.948720e-05"
"  3";"   4";" 75.00";"  16.119";"clemência";" 5.948720e-05"
"  3";"   4";" 75.00";"  16.119";"caricatura";" 5.948720e-05"
"  3";"   4";" 75.00";"  16.119";"betim";" 5.948720e-05"
"  3";"   4";" 75.00";"  16.119";"azevedo";" 5.948720e-05"
" 24";" 100";" 24.00";"  15.991";"andré";" 6.365642e-05"
" 14";"  47";" 29.79";"  15.926";"peso";" 6.585181e-05"
" 11";"  33";" 33.33";"  15.887";"soldado";" 6.724029e-05"
" 11";"  33";" 33.33";"  15.887";"aspa";" 6.724029e-05"
" 82";" 482";" 17.01";"  15.703";"próprio";" 7.411377e-05"
"  6";"  13";" 46.15";"  15.671";"cansar";" 7.536409e-05"
"  6";"  13";" 46.15";"  15.671";"cpf";" 7.536409e-05"
"  7";"  17";" 41.18";"  15.054";"refém";" 1.044801e-04"
"  7";"  17";" 41.18";"  15.054";"psdb";" 1.044801e-04"
"  7";"  17";" 41.18";"  15.054";"caneta";" 1.044801e-04"
" 80";" 472";" 16.95";"  15.029";"político";" 1.058493e-04"
"  8";"  21";" 38.10";"  14.955";"regular";" 1.100774e-04"
" 11";"  34";" 32.35";"  14.942";"torcer";" 1.108695e-04"
" 11";"  34";" 32.35";"  14.942";"ativo";" 1.108695e-04"
"  5";"  10";" 50.00";"  14.864";"odiado";" 1.155477e-04"
"  5";"  10";" 50.00";"  14.864";"deter";" 1.155477e-04"
"  5";"  10";" 50.00";"  14.864";"decretar";" 1.155477e-04"
"  4";"   7";" 57.14";"  14.603";"auto";" 1.326687e-04"
"  4";"   7";" 57.14";"  14.603";"fundado";" 1.326687e-04"
"  4";"   7";" 57.14";"  14.603";"imóvel";" 1.326687e-04"
"  4";"   7";" 57.14";"  14.603";"infeliz";" 1.326687e-04"
"  4";"   7";" 57.14";"  14.603";"soltura";" 1.326687e-04"
"  4";"   7";" 57.14";"  14.603";"parcial";" 1.326687e-04"
"  4";"   7";" 57.14";"  14.603";"machismo";" 1.326687e-04"
"  4";"   7";" 57.14";"  14.603";"cabuloso";" 1.326687e-04"
"  4";"   7";" 57.14";"  14.603";"tirânico";" 1.326687e-04"
"  4";"   7";" 57.14";"  14.603";"severo";" 1.326687e-04"
"  4";"   7";" 57.14";"  14.603";"saquear";" 1.326687e-04"
"  4";"   7";" 57.14";"  14.603";"roteiro";" 1.326687e-04"
"  4";"   7";" 57.14";"  14.603";"massacre";" 1.326687e-04"
"  4";"   7";" 57.14";"  14.603";"indígena";" 1.326687e-04"
"  4";"   7";" 57.14";"  14.603";"acampamento";" 1.326687e-04"
" 14";"  49";" 28.57";"  14.488";"juntamente";" 1.410286e-04"
" 10";"  30";" 33.33";"  14.441";"folha";" 1.446227e-04"
" 10";"  30";" 33.33";"  14.441";"código";" 1.446227e-04"
" 10";"  30";" 33.33";"  14.441";"comprovar";" 1.446227e-04"
" 18";"  70";" 25.71";"  14.414";"ódio";" 1.467254e-04"
" 31";" 146";" 21.23";"  14.280";"medida";" 1.575391e-04"
"  9";"  26";" 34.62";"  14.015";"extremista";" 1.813410e-04"
" 18";"  71";" 25.35";"  13.893";"descobrir";" 1.935579e-04"
" 12";"  40";" 30.00";"  13.865";"narrativo";" 1.964151e-04"
" 12";"  40";" 30.00";"  13.865";"armado";" 1.964151e-04"
" 12";"  40";" 30.00";"  13.865";"janja";" 1.964151e-04"
" 25";" 111";" 22.52";"  13.853";"aborto";" 1.976358e-04"
" 39";" 198";" 19.70";"  13.846";"quase";" 1.983766e-04"
"  6";"  14";" 42.86";"  13.832";"sandra";" 1.999094e-04"
"  6";"  14";" 42.86";"  13.832";"post";" 1.999094e-04"
" 21";"  88";" 23.86";"  13.764";"vergonha";" 2.073236e-04"
"  8";"  22";" 36.36";"  13.706";"beneficiar";" 2.138244e-04"
"  8";"  22";" 36.36";"  13.706";"aposentado";" 2.138244e-04"
"  8";"  22";" 36.36";"  13.706";"adversário";" 2.138244e-04"
"  7";"  18";" 38.89";"  13.589";"tribuna";" 2.274833e-04"
"  7";"  18";" 38.89";"  13.589";"silenciar";" 2.274833e-04"
"  7";"  18";" 38.89";"  13.589";"dano";" 2.274833e-04"
"  7";"  18";" 38.89";"  13.589";"aliado";" 2.274833e-04"
" 10";"  31";" 32.26";"  13.499";"penal";" 2.386707e-04"
"111";" 711";" 15.61";"  13.255";"dever";" 2.719089e-04"
" 12";"  41";" 29.27";"  13.119";"genocida";" 2.922701e-04"
"270";"1952";" 13.83";"  13.034";"mesmo";" 3.058771e-04"
"  9";"  27";" 33.33";"  12.995";"psd";" 3.122745e-04"
"  9";"  27";" 33.33";"  12.995";"colar";" 3.122745e-04"
" 70";" 414";" 16.91";"  12.960";"federal";" 3.182172e-04"
" 22";"  96";" 22.92";"  12.833";"literalmente";" 3.404884e-04"
"  5";"  11";" 45.45";"  12.732";"estrela";" 3.594940e-04"
"  5";"  11";" 45.45";"  12.732";"legitimidade";" 3.594940e-04"
"  5";"  11";" 45.45";"  12.732";"privilegiado";" 3.594940e-04"
"  5";"  11";" 45.45";"  12.732";"insegurança";" 3.594940e-04"
"  5";"  11";" 45.45";"  12.732";"explanar";" 3.594940e-04"
"  5";"  11";" 45.45";"  12.732";"escopo";" 3.594940e-04"
"  5";"  11";" 45.45";"  12.732";"cunha";" 3.594940e-04"
"  8";"  23";" 34.78";"  12.575";"ameaçar";" 3.908684e-04"
"  8";"  23";" 34.78";"  12.575";"convir";" 3.908684e-04"
"  8";"  23";" 34.78";"  12.575";"prejuízo";" 3.908684e-04"
" 12";"  42";" 28.57";"  12.415";"bolo";" 4.258759e-04"
" 33";" 165";" 20.00";"  12.375";"militar";" 4.352241e-04"
"  7";"  19";" 36.84";"  12.292";"urna";" 4.548652e-04"
"  7";"  19";" 36.84";"  12.292";"aplaudir";" 4.548652e-04"
"  6";"  15";" 40.00";"  12.255";"fuzil";" 4.640268e-04"
"  6";"  15";" 40.00";"  12.255";"culpado";" 4.640268e-04"
"  6";"  15";" 40.00";"  12.255";"milionário";" 4.640268e-04"
"  6";"  15";" 40.00";"  12.255";"black";" 4.640268e-04"
"  6";"  15";" 40.00";"  12.255";"credibilidade";" 4.640268e-04"
" 28";" 134";" 20.90";"  12.221";"presidência";" 4.724646e-04"
"  4";"   8";" 50.00";"  11.890";"adentrar";" 5.642884e-04"
"  4";"   8";" 50.00";"  11.890";"grandão";" 5.642884e-04"
"  4";"   8";" 50.00";"  11.890";"fechamento";" 5.642884e-04"
"  4";"   8";" 50.00";"  11.890";"condomínio";" 5.642884e-04"
"  4";"   8";" 50.00";"  11.890";"luí";" 5.642884e-04"
"  4";"   8";" 50.00";"  11.890";"cobertura";" 5.642884e-04"
"  4";"   8";" 50.00";"  11.890";"apologia";" 5.642884e-04"
"  3";"   5";" 60.00";"  11.772";"amaral";" 6.012221e-04"
"  3";"   5";" 60.00";"  11.772";"gestação";" 6.012221e-04"
"  3";"   5";" 60.00";"  11.772";"xuxa";" 6.012221e-04"
"  3";"   5";" 60.00";"  11.772";"ilegal";" 6.012221e-04"
"  3";"   5";" 60.00";"  11.772";"almeida";" 6.012221e-04"
"  3";"   5";" 60.00";"  11.772";"pum";" 6.012221e-04"
"  3";"   5";" 60.00";"  11.772";"tensão";" 6.012221e-04"
"  3";"   5";" 60.00";"  11.772";"prematuro";" 6.012221e-04"
"  3";"   5";" 60.00";"  11.772";"lúcio";" 6.012221e-04"
"  3";"   5";" 60.00";"  11.772";"injustiçado";" 6.012221e-04"
"  3";"   5";" 60.00";"  11.772";"gu";" 6.012221e-04"
"  3";"   5";" 60.00";"  11.772";"ginástica";" 6.012221e-04"
"  3";"   5";" 60.00";"  11.772";"escárnio";" 6.012221e-04"
"  3";"   5";" 60.00";"  11.772";"clezão";" 6.012221e-04"
"  3";"   5";" 60.00";"  11.772";"cleriston";" 6.012221e-04"
"  3";"   5";" 60.00";"  11.772";"capelli";" 6.012221e-04"
"  3";"   5";" 60.00";"  11.772";"canibal";" 6.012221e-04"
"  3";"   5";" 60.00";"  11.772";"aterrorizar";" 6.012221e-04"
"  3";"   5";" 60.00";"  11.772";"aparato";" 6.012221e-04"
"  3";"   5";" 60.00";"  11.772";"alkim";" 6.012221e-04"
" 85";" 531";" 16.01";"  11.733";"nunca";" 6.141115e-04"
" 31";" 155";" 20.00";"  11.620";"aumentar";" 6.525003e-04"
"  8";"  24";" 33.33";"  11.550";"setembro";" 6.774982e-04"
"  8";"  24";" 33.33";"  11.550";"covid";" 6.774982e-04"
"  8";"  24";" 33.33";"  11.550";"bolsonaristas";" 6.774982e-04"
" 27";" 130";" 20.77";"  11.543";"trabalhador";" 6.799814e-04"
" 45";" 248";" 18.15";"  11.521";"mentira";" 6.881803e-04"
" 56";" 325";" 17.23";"  11.347";"social";" 7.558996e-04"
" 13";"  49";" 26.53";"  11.259";"trump";" 7.923743e-04"
"  9";"  29";" 31.03";"  11.193";"publicamente";" 8.210932e-04"
"  7";"  20";" 35.00";"  11.138";"vingança";" 8.459847e-04"
"  7";"  20";" 35.00";"  11.138";"féria";" 8.459847e-04"
" 38";" 203";" 18.72";"  11.069";"arma";" 8.776532e-04"
" 38";" 203";" 18.72";"  11.069";"unido";" 8.776532e-04"
" 19";"  83";" 22.89";"  11.042";"perseguição";" 8.908600e-04"
" 20";"  89";" 22.47";"  10.998";"assumir";" 9.122945e-04"
"  5";"  12";" 41.67";"  10.976";"ciro";" 9.228860e-04"
"  5";"  12";" 41.67";"  10.976";"impressão";" 9.228860e-04"
"  5";"  12";" 41.67";"  10.976";"atrelar";" 9.228860e-04"
"  5";"  12";" 41.67";"  10.976";"monitorar";" 9.228860e-04"
"  5";"  12";" 41.67";"  10.976";"mel";" 9.228860e-04"
"  5";"  12";" 41.67";"  10.976";"qualificado";" 9.228860e-04"
"  5";"  12";" 41.67";"  10.976";"bolsonarismo";" 9.228860e-04"
"  6";"  16";" 37.50";"  10.891";"júlio";" 9.663086e-04"
"  6";"  16";" 37.50";"  10.891";"emitir";" 9.663086e-04"
" 17";"  72";" 23.61";"  10.804";"aumento";" 1.012585e-03"
" 17";"  72";" 23.61";"  10.804";"mentiroso";" 1.012585e-03"
" 15";"  61";" 24.59";"  10.668";"cadeira";" 1.089774e-03"
"  8";"  25";" 32.00";"  10.617";"relatar";" 1.120613e-03"
" 44";" 246";" 17.89";"  10.573";"partido";" 1.147282e-03"
" 53";" 309";" 17.15";"  10.495";"morrer";" 1.197174e-03"
" 14";"  56";" 25.00";"  10.407";"indicar";" 1.255155e-03"
" 41";" 227";" 18.06";"  10.279";"diverso";" 1.345312e-03"
"  7";"  21";" 33.33";"  10.105";"testemunha";" 1.478660e-03"
"218";"1581";" 13.79";"  10.031";"presidente";" 1.538967e-03"
" 12";"  46";" 26.09";"   9.960";"jornalista";" 1.599825e-03"
" 18";"  80";" 22.50";"   9.932";"invadir";" 1.624416e-03"
" 25";" 123";" 20.33";"   9.914";"pior";" 1.640238e-03"
" 31";" 162";" 19.14";"   9.844";"líder";" 1.704321e-03"
" 27";" 136";" 19.85";"   9.844";"morar";" 1.703406e-03"
" 46";" 264";" 17.42";"   9.808";"voto";" 1.737208e-03"
"  4";"   9";" 44.44";"   9.808";"coincidentemente";" 1.737244e-03"
"  4";"   9";" 44.44";"   9.808";"repudiar";" 1.737244e-03"
"  4";"   9";" 44.44";"   9.808";"pasta";" 1.737244e-03"
"  4";"   9";" 44.44";"   9.808";"cagar";" 1.737244e-03"
"  4";"   9";" 44.44";"   9.808";"velório";" 1.737244e-03"
"  4";"   9";" 44.44";"   9.808";"déficit";" 1.737244e-03"
"  4";"   9";" 44.44";"   9.808";"dirceu";" 1.737244e-03"
"  4";"   9";" 44.44";"   9.808";"companhia";" 1.737244e-03"
" 23";" 111";" 20.72";"   9.747";"empresa";" 1.795718e-03"
"  6";"  17";" 35.29";"   9.703";"trans";" 1.840073e-03"
"  6";"  17";" 35.29";"   9.703";"franco";" 1.840073e-03"
"  6";"  17";" 35.29";"   9.703";"blusa";" 1.840073e-03"
"  6";"  17";" 35.29";"   9.703";"evidente";" 1.840073e-03"
"  6";"  17";" 35.29";"   9.703";"normalidade";" 1.840073e-03"
" 10";"  36";" 27.78";"   9.681";"petista";" 1.861546e-03"
"  9";"  31";" 29.03";"   9.656";"luiz";" 1.887275e-03"
"  9";"  31";" 29.03";"   9.656";"rosa";" 1.887275e-03"
" 16";"  69";" 23.19";"   9.652";"calar";" 1.891682e-03"
"  5";"  13";" 38.46";"   9.510";"precedente";" 2.043123e-03"
"  5";"  13";" 38.46";"   9.510";"suspensão";" 2.043123e-03"
"  5";"  13";" 38.46";"   9.510";"pisar";" 2.043123e-03"
"  5";"  13";" 38.46";"   9.510";"contraditório";" 2.043123e-03"
" 15";"  64";" 23.44";"   9.331";"banheiro";" 2.253086e-03"
" 33";" 178";" 18.54";"   9.229";"campanha";" 2.381951e-03"
"107";" 719";" 14.88";"   9.213";"homem";" 2.402443e-03"
"  7";"  22";" 31.82";"   9.178";"envolvimento";" 2.449443e-03"
"  7";"  22";" 31.82";"   9.178";"veto";" 2.449443e-03"
" 31";" 165";" 18.79";"   9.152";"explicar";" 2.485085e-03"
"  2";"   3";" 66.67";"   9.131";"homofobia";" 2.513470e-03"
"  2";"   3";" 66.67";"   9.131";"genocidas";" 2.513470e-03"
"  2";"   3";" 66.67";"   9.131";"farc";" 2.513470e-03"
"  2";"   3";" 66.67";"   9.131";"conceituar";" 2.513470e-03"
"  2";"   3";" 66.67";"   9.131";"tramontina";" 2.513470e-03"
"  2";"   3";" 66.67";"   9.131";"placar";" 2.513470e-03"
"  2";"   3";" 66.67";"   9.131";"nativo";" 2.513470e-03"
"  2";"   3";" 66.67";"   9.131";"marcola";" 2.513470e-03"
"  2";"   3";" 66.67";"   9.131";"magnitsk";" 2.513470e-03"
"  2";"   3";" 66.67";"   9.131";"ku";" 2.513470e-03"
"  2";"   3";" 66.67";"   9.131";"klux";" 2.513470e-03"
"  2";"   3";" 66.67";"   9.131";"klan";" 2.513470e-03"
"  2";"   3";" 66.67";"   9.131";"furtar";" 2.513470e-03"
"  2";"   3";" 66.67";"   9.131";"fouad";" 2.513470e-03"
"  2";"   3";" 66.67";"   9.131";"exibir";" 2.513470e-03"
"  2";"   3";" 66.67";"   9.131";"cl";" 2.513470e-03"
"  2";"   3";" 66.67";"   9.131";"www";" 2.513470e-03"
"  2";"   3";" 66.67";"   9.131";"ustra";" 2.513470e-03"
"  2";"   3";" 66.67";"   9.131";"transparente";" 2.513470e-03"
"  2";"   3";" 66.67";"   9.131";"tombar";" 2.513470e-03"
"  2";"   3";" 66.67";"   9.131";"thgo";" 2.513470e-03"
"  2";"   3";" 66.67";"   9.131";"superavit";" 2.513470e-03"
"  2";"   3";" 66.67";"   9.131";"sid";" 2.513470e-03"
"  2";"   3";" 66.67";"   9.131";"script";" 2.513470e-03"
"  2";"   3";" 66.67";"   9.131";"salgado";" 2.513470e-03"
"  2";"   3";" 66.67";"   9.131";"respirador";" 2.513470e-03"
"  2";"   3";" 66.67";"   9.131";"regularmente";" 2.513470e-03"
"  2";"   3";" 66.67";"   9.131";"precatório";" 2.513470e-03"
"  2";"   3";" 66.67";"   9.131";"pousada";" 2.513470e-03"
"  2";"   3";" 66.67";"   9.131";"pmdb";" 2.513470e-03"
"  2";"   3";" 66.67";"   9.131";"petrolão";" 2.513470e-03"
"  2";"   3";" 66.67";"   9.131";"perseguido";" 2.513470e-03"
"  2";"   3";" 66.67";"   9.131";"patrocínio";" 2.513470e-03"
"  2";"   3";" 66.67";"   9.131";"particularmente";" 2.513470e-03"
"  2";"   3";" 66.67";"   9.131";"ouvidoria";" 2.513470e-03"
"  2";"   3";" 66.67";"   9.131";"ordeiro";" 2.513470e-03"
"  2";"   3";" 66.67";"   9.131";"operacional";" 2.513470e-03"
"  2";"   3";" 66.67";"   9.131";"moinho";" 2.513470e-03"
"  2";"   3";" 66.67";"   9.131";"midiática";" 2.513470e-03"
"  2";"   3";" 66.67";"   9.131";"manicure";" 2.513470e-03"
"  2";"   3";" 66.67";"   9.131";"lup";" 2.513470e-03"
"  2";"   3";" 66.67";"   9.131";"laudo";" 2.513470e-03"
"  2";"   3";" 66.67";"   9.131";"inquirir";" 2.513470e-03"
"  2";"   3";" 66.67";"   9.131";"indefinido";" 2.513470e-03"
"  2";"   3";" 66.67";"   9.131";"incursão";" 2.513470e-03"
"  2";"   3";" 66.67";"   9.131";"implacar";" 2.513470e-03"
"  2";"   3";" 66.67";"   9.131";"impedimento";" 2.513470e-03"
"  2";"   3";" 66.67";"   9.131";"iml";" 2.513470e-03"
"  2";"   3";" 66.67";"   9.131";"horrendo";" 2.513470e-03"
"  2";"   3";" 66.67";"   9.131";"herdar";" 2.513470e-03"
"  2";"   3";" 66.67";"   9.131";"granada";" 2.513470e-03"
"  2";"   3";" 66.67";"   9.131";"glo";" 2.513470e-03"
"  2";"   3";" 66.67";"   9.131";"girão";" 2.513470e-03"
"  2";"   3";" 66.67";"   9.131";"filiação";" 2.513470e-03"
"  2";"   3";" 66.67";"   9.131";"farsa";" 2.513470e-03"
"  2";"   3";" 66.67";"   9.131";"expedition";" 2.513470e-03"
"  2";"   3";" 66.67";"   9.131";"expedir";" 2.513470e-03"
"  2";"   3";" 66.67";"   9.131";"estadão";" 2.513470e-03"
"  2";"   3";" 66.67";"   9.131";"estacionar";" 2.513470e-03"
"  2";"   3";" 66.67";"   9.131";"envenenar";" 2.513470e-03"
"  2";"   3";" 66.67";"   9.131";"entornar";" 2.513470e-03"
"  2";"   3";" 66.67";"   9.131";"drama";" 2.513470e-03"
"  2";"   3";" 66.67";"   9.131";"descriminalização";" 2.513470e-03"
"  2";"   3";" 66.67";"   9.131";"descredibilizar";" 2.513470e-03"
"  2";"   3";" 66.67";"   9.131";"defendê";" 2.513470e-03"
"  2";"   3";" 66.67";"   9.131";"consórcio";" 2.513470e-03"
"  2";"   3";" 66.67";"   9.131";"constrangedor";" 2.513470e-03"
"  2";"   3";" 66.67";"   9.131";"constitucionalidade";" 2.513470e-03"
"  2";"   3";" 66.67";"   9.131";"conluio";" 2.513470e-03"
"  2";"   3";" 66.67";"   9.131";"cham";" 2.513470e-03"
"  2";"   3";" 66.67";"   9.131";"cabível";" 2.513470e-03"
"  2";"   3";" 66.67";"   9.131";"armação";" 2.513470e-03"
"  2";"   3";" 66.67";"   9.131";"ameaçador";" 2.513470e-03"
"  2";"   3";" 66.67";"   9.131";"ajudante";" 2.513470e-03"
"  2";"   3";" 66.67";"   9.131";"adriano";" 2.513470e-03"
"243";"1798";" 13.52";"   9.081";"dia";" 2.582879e-03"
"  8";"  27";" 29.63";"   8.986";"opção";" 2.720073e-03"
"  8";"  27";" 29.63";"   8.986";"parente";" 2.720073e-03"
"  9";"  32";" 28.12";"   8.972";"pressionar";" 2.742035e-03"
" 20";"  95";" 21.05";"   8.938";"sexual";" 2.793437e-03"
"  3";"   6";" 50.00";"   8.917";"su";" 2.825336e-03"
"  3";"   6";" 50.00";"   8.917";"irregularidade";" 2.825336e-03"
"  3";"   6";" 50.00";"   8.917";"disfarçado";" 2.825336e-03"
"  3";"   6";" 50.00";"   8.917";"caratismo";" 2.825336e-03"
"  3";"   6";" 50.00";"   8.917";"preocupante";" 2.825336e-03"
"  3";"   6";" 50.00";"   8.917";"pequenininho";" 2.825336e-03"
"  3";"   6";" 50.00";"   8.917";"lucrar";" 2.825336e-03"
"  3";"   6";" 50.00";"   8.917";"inseguro";" 2.825336e-03"
"  3";"   6";" 50.00";"   8.917";"filiar";" 2.825336e-03"
"  3";"   6";" 50.00";"   8.917";"esdrúxulo";" 2.825336e-03"
"  3";"   6";" 50.00";"   8.917";"cid";" 2.825336e-03"
"  3";"   6";" 50.00";"   8.917";"cemitério";" 2.825336e-03"
"  3";"   6";" 50.00";"   8.917";"banca";" 2.825336e-03"
"  3";"   6";" 50.00";"   8.917";"arroz";" 2.825336e-03"
"  3";"   6";" 50.00";"   8.917";"absolver";" 2.825336e-03"
"107";" 723";" 14.80";"   8.840";"chamar";" 2.947066e-03"
" 76";" 489";" 15.54";"   8.740";"contrário";" 3.113236e-03"
" 13";"  54";" 24.07";"   8.720";"nota";" 3.147067e-03"
" 13";"  54";" 24.07";"   8.720";"alvo";" 3.147067e-03"
"  6";"  18";" 33.33";"   8.660";"dezembro";" 3.251992e-03"
"  6";"  18";" 33.33";"   8.660";"michele";" 3.251992e-03"
" 14";"  60";" 23.33";"   8.596";"dominar";" 3.368303e-03"
" 17";"  78";" 21.79";"   8.497";"constituição";" 3.556437e-03"
" 12";"  49";" 24.49";"   8.436";"latino";" 3.678019e-03"
"  7";"  23";" 30.43";"   8.343";"tratamento";" 3.872503e-03"
"  9";"  33";" 27.27";"   8.336";"interferir";" 3.885815e-03"
"  8";"  28";" 28.57";"   8.272";"paulista";" 4.025923e-03"
"  5";"  14";" 35.71";"   8.272";"fulano";" 4.025670e-03"
"  5";"  14";" 35.71";"   8.272";"moralidade";" 4.025670e-03"
"  5";"  14";" 35.71";"   8.272";"exterior";" 4.025670e-03"
"  5";"  14";" 35.71";"   8.272";"autista";" 4.025670e-03"
"  5";"  14";" 35.71";"   8.272";"rebater";" 4.025670e-03"
"  5";"  14";" 35.71";"   8.272";"tona";" 4.025670e-03"
"  5";"  14";" 35.71";"   8.272";"teatro";" 4.025670e-03"
" 19";"  91";" 20.88";"   8.257";"silêncio";" 4.060027e-03"
"  4";"  10";" 40.00";"   8.168";"feminino";" 4.262824e-03"
"  4";"  10";" 40.00";"   8.168";"jandira";" 4.262824e-03"
"  4";"  10";" 40.00";"   8.168";"digitar";" 4.262824e-03"
"  4";"  10";" 40.00";"   8.168";"recolher";" 4.262824e-03"
"  4";"  10";" 40.00";"   8.168";"intolerância";" 4.262824e-03"
"  4";"  10";" 40.00";"   8.168";"blindar";" 4.262824e-03"
"  4";"  10";" 40.00";"   8.168";"veículo";" 4.262824e-03"
"  4";"  10";" 40.00";"   8.168";"oculto";" 4.262824e-03"
"  4";"  10";" 40.00";"   8.168";"detrás";" 4.262824e-03"
" 69";" 443";" 15.58";"   8.030";"receber";" 4.600223e-03"
"447";"3510";" 12.74";"   7.859";"pessoa";" 5.056943e-03"
" 14";"  62";" 22.58";"   7.803";"discordar";" 5.215272e-03"
" 14";"  62";" 22.58";"   7.803";"questionar";" 5.215272e-03"
" 14";"  62";" 22.58";"   7.803";"aguentar";" 5.215272e-03"
" 15";"  68";" 22.06";"   7.784";"familiar";" 5.271581e-03"
"  9";"  34";" 26.47";"   7.746";"china";" 5.382937e-03"
"  6";"  19";" 31.58";"   7.741";"recusar";" 5.397037e-03"
"  6";"  19";" 31.58";"   7.741";"traduzir";" 5.397037e-03"
" 11";"  45";" 24.44";"   7.693";"el";" 5.543445e-03"
"  8";"  29";" 27.59";"   7.616";"pano";" 5.785562e-03"
" 83";" 553";" 15.01";"   7.554";"mulher";" 5.989278e-03"
" 12";"  51";" 23.53";"   7.545";"injustiça";" 6.017157e-03"
" 13";"  57";" 22.81";"   7.464";"recado";" 6.293078e-03"
"  5";"  15";" 33.33";"   7.216";"grade";" 7.225110e-03"
"  5";"  15";" 33.33";"   7.216";"palanque";" 7.225110e-03"
"  5";"  15";" 33.33";"   7.216";"lua";" 7.225110e-03"
"  5";"  15";" 33.33";"   7.216";"endereço";" 7.225110e-03"
"145";"1042";" 13.92";"   7.150";"fato";" 7.495582e-03"
" 13";"  58";" 22.41";"   7.083";"parado";" 7.779752e-03"
"  6";"  20";" 30.00";"   6.927";"novembro";" 8.490514e-03"
"  6";"  20";" 30.00";"   6.927";"bloquear";" 8.490514e-03"
"  6";"  20";" 30.00";"   6.927";"censurar";" 8.490514e-03"
"  3";"   7";" 42.86";"   6.914";"rotulado";" 8.552217e-03"
"  3";"   7";" 42.86";"   6.914";"irã";" 8.552217e-03"
"  3";"   7";" 42.86";"   6.914";"abusar";" 8.552217e-03"
"  3";"   7";" 42.86";"   6.914";"repórter";" 8.552217e-03"
"  3";"   7";" 42.86";"   6.914";"receio";" 8.552217e-03"
"  3";"   7";" 42.86";"   6.914";"despencar";" 8.552217e-03"
"  3";"   7";" 42.86";"   6.914";"chute";" 8.552217e-03"
"  3";"   7";" 42.86";"   6.914";"capacete";" 8.552217e-03"
"  3";"   7";" 42.86";"   6.914";"suspeita";" 8.552217e-03"
"  3";"   7";" 42.86";"   6.914";"seguido";" 8.552217e-03"
"  3";"   7";" 42.86";"   6.914";"patriota";" 8.552217e-03"
"  3";"   7";" 42.86";"   6.914";"emplacar";" 8.552217e-03"
"  3";"   7";" 42.86";"   6.914";"descender";" 8.552217e-03"
"  3";"   7";" 42.86";"   6.914";"ativamente";" 8.552217e-03"
"  7";"  25";" 28.00";"   6.903";"ferrar";" 8.604553e-03"
"  4";"  11";" 36.36";"   6.850";"competir";" 8.865413e-03"
"  4";"  11";" 36.36";"   6.850";"moto";" 8.865413e-03"
"  4";"  11";" 36.36";"   6.850";"revoltar";" 8.865413e-03"
"  4";"  11";" 36.36";"   6.850";"porte";" 8.865413e-03"
"  4";"  11";" 36.36";"   6.850";"preventivo";" 8.865413e-03"
"  4";"  11";" 36.36";"   6.850";"vulnerável";" 8.865413e-03"
"  4";"  11";" 36.36";"   6.850";"tropa";" 8.865413e-03"
"  4";"  11";" 36.36";"   6.850";"supermercado";" 8.865413e-03"
"  4";"  11";" 36.36";"   6.850";"hashtag";" 8.865413e-03"
"  9";"  36";" 25.00";"   6.685";"parceiro";" 9.722412e-03"
" 10";"  42";" 23.81";"   6.500";"judeu";" 1.078584e-02"
"  8";"  31";" 25.81";"   6.455";"injusto";" 1.106239e-02"
"195";"1456";" 13.39";"   6.454";"até";" 1.106988e-02"
" 14";"  66";" 21.21";"   6.408";"belo";" 1.136353e-02"
" 13";"  60";" 21.67";"   6.373";"negro";" 1.159019e-02"
" 13";"  60";" 21.67";"   6.373";"memória";" 1.159019e-02"
"  5";"  16";" 31.25";"   6.308";"proibido";" 1.201913e-02"
"  5";"  16";" 31.25";"   6.308";"avenida";" 1.201913e-02"
"  7";"  26";" 26.92";"   6.281";"invasão";" 1.220298e-02"
"  7";"  26";" 26.92";"   6.281";"mobilizar";" 1.220298e-02"
"  9";"  37";" 24.32";"   6.208";"cercar";" 1.271798e-02"
"  6";"  21";" 28.57";"   6.202";"fiscalizar";" 1.275828e-02"
"  6";"  21";" 28.57";"   6.202";"presídio";" 1.275828e-02"
"  6";"  21";" 28.57";"   6.202";"regulamentação";" 1.275828e-02"
"  6";"  21";" 28.57";"   6.202";"coreia";" 1.275828e-02"
" 10";"  43";" 23.26";"   6.077";"custar";" 1.369387e-02"
" 11";"  49";" 22.45";"   6.020";"bahia";" 1.414263e-02"
" 11";"  49";" 22.45";"   6.020";"figura";" 1.414263e-02"
" 20";" 106";" 18.87";"   5.992";"ferreira";" 1.437064e-02"
"  2";"   4";" 50.00";"   5.944";"piloto";" 1.476607e-02"
"  2";"   4";" 50.00";"   5.944";"desumanizar";" 1.476607e-02"
"  2";"   4";" 50.00";"   5.944";"bhtrans";" 1.476607e-02"
"  2";"   4";" 50.00";"   5.944";"visitá";" 1.476607e-02"
"  2";"   4";" 50.00";"   5.944";"suspenso";" 1.476607e-02"
"  2";"   4";" 50.00";"   5.944";"retido";" 1.476607e-02"
"  2";"   4";" 50.00";"   5.944";"pronunciamento";" 1.476607e-02"
"  2";"   4";" 50.00";"   5.944";"freio";" 1.476607e-02"
"  2";"   4";" 50.00";"   5.944";"desfile";" 1.476607e-02"
"  2";"   4";" 50.00";"   5.944";"cometa";" 1.476607e-02"
"  2";"   4";" 50.00";"   5.944";"bloqueado";" 1.476607e-02"
"  2";"   4";" 50.00";"   5.944";"antecedente";" 1.476607e-02"
"  2";"   4";" 50.00";"   5.944";"verme";" 1.476607e-02"
"  2";"   4";" 50.00";"   5.944";"venezuelano";" 1.476607e-02"
"  2";"   4";" 50.00";"   5.944";"usurpar";" 1.476607e-02"
"  2";"   4";" 50.00";"   5.944";"submetido";" 1.476607e-02"
"  2";"   4";" 50.00";"   5.944";"retrato";" 1.476607e-02"
"  2";"   4";" 50.00";"   5.944";"regulação";" 1.476607e-02"
"  2";"   4";" 50.00";"   5.944";"pretexto";" 1.476607e-02"
"  2";"   4";" 50.00";"   5.944";"piscar";" 1.476607e-02"
"  2";"   4";" 50.00";"   5.944";"orlar";" 1.476607e-02"
"  2";"   4";" 50.00";"   5.944";"noruega";" 1.476607e-02"
"  2";"   4";" 50.00";"   5.944";"meso";" 1.476607e-02"
"  2";"   4";" 50.00";"   5.944";"manchado";" 1.476607e-02"
"  2";"   4";" 50.00";"   5.944";"mails";" 1.476607e-02"
"  2";"   4";" 50.00";"   5.944";"lucro";" 1.476607e-02"
"  2";"   4";" 50.00";"   5.944";"lgbtq";" 1.476607e-02"
"  2";"   4";" 50.00";"   5.944";"lenha";" 1.476607e-02"
"  2";"   4";" 50.00";"   5.944";"lara";" 1.476607e-02"
"  2";"   4";" 50.00";"   5.944";"juridicamente";" 1.476607e-02"
"  2";"   4";" 50.00";"   5.944";"julgador";" 1.476607e-02"
"  2";"   4";" 50.00";"   5.944";"ingressar";" 1.476607e-02"
"  2";"   4";" 50.00";"   5.944";"imprudência";" 1.476607e-02"
"  2";"   4";" 50.00";"   5.944";"identificado";" 1.476607e-02"
"  2";"   4";" 50.00";"   5.944";"horta";" 1.476607e-02"
"  2";"   4";" 50.00";"   5.944";"guardião";" 1.476607e-02"
"  2";"   4";" 50.00";"   5.944";"gelado";" 1.476607e-02"
"  2";"   4";" 50.00";"   5.944";"feghali";" 1.476607e-02"
"  2";"   4";" 50.00";"   5.944";"estadia";" 1.476607e-02"
"  2";"   4";" 50.00";"   5.944";"escravatura";" 1.476607e-02"
"  2";"   4";" 50.00";"   5.944";"elegível";" 1.476607e-02"
"  2";"   4";" 50.00";"   5.944";"des";" 1.476607e-02"
"  2";"   4";" 50.00";"   5.944";"cut";" 1.476607e-02"
"  2";"   4";" 50.00";"   5.944";"calmo";" 1.476607e-02"
"  2";"   4";" 50.00";"   5.944";"birra";" 1.476607e-02"
"  2";"   4";" 50.00";"   5.944";"biden";" 1.476607e-02"
"  2";"   4";" 50.00";"   5.944";"articulado";" 1.476607e-02"
"  2";"   4";" 50.00";"   5.944";"alcol";" 1.476607e-02"
"  2";"   4";" 50.00";"   5.944";"agricultura";" 1.476607e-02"
"  8";"  32";" 25.00";"   5.941";"redução";" 1.478990e-02"
" 21";" 113";" 18.58";"   5.917";"responsabilidade";" 1.499960e-02"
" 15";"  74";" 20.27";"   5.880";"absolutamente";" 1.531214e-02"
"  4";"  12";" 33.33";"   5.772";"uber";" 1.628151e-02"
"  4";"  12";" 33.33";"   5.772";"vara";" 1.628151e-02"
"  4";"  12";" 33.33";"   5.772";"associar";" 1.628151e-02"
"  4";"  12";" 33.33";"   5.772";"pc";" 1.628151e-02"
"  4";"  12";" 33.33";"   5.772";"monitoramento";" 1.628151e-02"
"  4";"  12";" 33.33";"   5.772";"cão";" 1.628151e-02"
"  4";"  12";" 33.33";"   5.772";"integrante";" 1.628151e-02"
"  4";"  12";" 33.33";"   5.772";"falácia";" 1.628151e-02"
" 51";" 329";" 15.50";"   5.730";"enfim";" 1.667655e-02"
" 13";"  62";" 20.97";"   5.724";"convocar";" 1.673579e-02"
" 10";"  44";" 22.73";"   5.679";"duvidar";" 1.716775e-02"
"  6";"  22";" 27.27";"   5.555";"estranho";" 1.842629e-02"
"  6";"  22";" 27.27";"   5.555";"apurar";" 1.842629e-02"
"  5";"  17";" 29.41";"   5.522";"eternamente";" 1.878072e-02"
"  8";"  33";" 24.24";"   5.466";"seletivo";" 1.938696e-02"
"  3";"   8";" 37.50";"   5.444";"down";" 1.963823e-02"
"  3";"   8";" 37.50";"   5.444";"motorista";" 1.963823e-02"
"  3";"   8";" 37.50";"   5.444";"tráfego";" 1.963823e-02"
"  3";"   8";" 37.50";"   5.444";"restrição";" 1.963823e-02"
"  3";"   8";" 37.50";"   5.444";"adoção";" 1.963823e-02"
"  3";"   8";" 37.50";"   5.444";"tapete";" 1.963823e-02"
"  3";"   8";" 37.50";"   5.444";"institucionalizar";" 1.963823e-02"
"  3";"   8";" 37.50";"   5.444";"dengue";" 1.963823e-02"
"  3";"   8";" 37.50";"   5.444";"capturar";" 1.963823e-02"
"  3";"   8";" 37.50";"   5.444";"campino";" 1.963823e-02"
"  3";"   8";" 37.50";"   5.444";"amnésia";" 1.963823e-02"
"  3";"   8";" 37.50";"   5.444";"traidor";" 1.963823e-02"
"  3";"   8";" 37.50";"   5.444";"proporcional";" 1.963823e-02"
"  3";"   8";" 37.50";"   5.444";"posts";" 1.963823e-02"
"  3";"   8";" 37.50";"   5.444";"nelson";" 1.963823e-02"
"  3";"   8";" 37.50";"   5.444";"inss";" 1.963823e-02"
"  3";"   8";" 37.50";"   5.444";"engajar";" 1.963823e-02"
"  3";"   8";" 37.50";"   5.444";"empatia";" 1.963823e-02"
"  3";"   8";" 37.50";"   5.444";"embaixada";" 1.963823e-02"
"  3";"   8";" 37.50";"   5.444";"devidamente";" 1.963823e-02"
"  3";"   8";" 37.50";"   5.444";"daniela";" 1.963823e-02"
"  3";"   8";" 37.50";"   5.444";"cúmplice";" 1.963823e-02"
"  3";"   8";" 37.50";"   5.444";"apurado";" 1.963823e-02"
"  3";"   8";" 37.50";"   5.444";"aliar";" 1.963823e-02"
" 12";"  57";" 21.05";"   5.354";"josé";" 2.066960e-02"
"  9";"  39";" 23.08";"   5.347";"vacina";" 2.076155e-02"
"  9";"  39";" 23.08";"   5.347";"piorar";" 2.076155e-02"
"  9";"  39";" 23.08";"   5.347";"inacreditável";" 2.076155e-02"
" 79";" 547";" 14.44";"   5.339";"tomar";" 2.085820e-02"
" 14";"  70";" 20.00";"   5.230";"américa";" 2.220345e-02"
"  7";"  28";" 25.00";"   5.198";"autorizar";" 2.261518e-02"
" 29";" 173";" 16.76";"   5.087";"falta";" 2.410960e-02"
"  8";"  34";" 23.53";"   5.027";"maconha";" 2.495979e-02"
" 62";" 420";" 14.76";"   4.962";"paulo";" 2.590693e-02"
"  9";"  40";" 22.50";"   4.958";"turma";" 2.597080e-02"
" 10";"  46";" 21.74";"   4.952";"dono";" 2.606600e-02"
" 21";" 118";" 17.80";"   4.908";"apoio";" 2.672591e-02"
"  4";"  13";" 30.77";"   4.880";"peruca";" 2.716775e-02"
"  4";"  13";" 30.77";"   4.880";"governante";" 2.716775e-02"
"  4";"  13";" 30.77";"   4.880";"concentração";" 2.716775e-02"
"  4";"  13";" 30.77";"   4.880";"robô";" 2.716775e-02"
"  4";"  13";" 30.77";"   4.880";"protesto";" 2.716775e-02"
"  4";"  13";" 30.77";"   4.880";"desvio";" 2.716775e-02"
"  4";"  13";" 30.77";"   4.880";"covardia";" 2.716775e-02"
"  4";"  13";" 30.77";"   4.880";"chile";" 2.716775e-02"
"  5";"  18";" 27.78";"   4.837";"surreal";" 2.785293e-02"
"  5";"  18";" 27.78";"   4.837";"pereira";" 2.785293e-02"
" 65";" 446";" 14.57";"   4.711";"lado";" 2.997169e-02"
" 17";"  92";" 18.48";"   4.673";"senão";" 3.063556e-02"
"  9";"  41";" 21.95";"   4.594";"pesquisar";" 3.207619e-02"
" 19";" 106";" 17.92";"   4.584";"exército";" 3.227920e-02"
" 36";" 228";" 15.79";"   4.522";"atrás";" 3.346985e-02"
" 57";" 387";" 14.73";"   4.478";"segurança";" 3.433681e-02"
"  6";"  24";" 25.00";"   4.455";"verificar";" 3.480812e-02"
"  3";"   9";" 33.33";"   4.329";"biológico";" 3.747618e-02"
"  3";"   9";" 33.33";"   4.329";"postagem";" 3.747618e-02"
"  3";"   9";" 33.33";"   4.329";"sobrinho";" 3.747618e-02"
"  3";"   9";" 33.33";"   4.329";"coitado";" 3.747618e-02"
"  3";"   9";" 33.33";"   4.329";"acabado";" 3.747618e-02"
"  3";"   9";" 33.33";"   4.329";"flagrante";" 3.747618e-02"
"  3";"   9";" 33.33";"   4.329";"fiscalização";" 3.747618e-02"
"  3";"   9";" 33.33";"   4.329";"trabalhista";" 3.747618e-02"
"  3";"   9";" 33.33";"   4.329";"sobra";" 3.747618e-02"
"  3";"   9";" 33.33";"   4.329";"réu";" 3.747618e-02"
"  3";"   9";" 33.33";"   4.329";"rota";" 3.747618e-02"
"  3";"   9";" 33.33";"   4.329";"independentemente";" 3.747618e-02"
"  3";"   9";" 33.33";"   4.329";"apelar";" 3.747618e-02"
"  7";"  30";" 23.33";"   4.293";"brigar";" 3.826911e-02"
"  7";"  30";" 23.33";"   4.293";"amplo";" 3.826911e-02"
"  5";"  19";" 26.32";"   4.238";"pintar";" 3.952878e-02"
"  5";"  19";" 26.32";"   4.238";"itália";" 3.952878e-02"
" 14";"  74";" 18.92";"   4.235";"esconder";" 3.960892e-02"
" 14";"  74";" 18.92";"   4.235";"atitude";" 3.960892e-02"
" 12";"  61";" 19.67";"   4.217";"combate";" 4.001751e-02"
"  4";"  14";" 28.57";"   4.134";"onu";" 4.203681e-02"
"  4";"  14";" 28.57";"   4.134";"mussolini";" 4.203681e-02"
"  4";"  14";" 28.57";"   4.134";"frouxo";" 4.203681e-02"
"  4";"  14";" 28.57";"   4.134";"donald";" 4.203681e-02"
"  4";"  14";" 28.57";"   4.134";"envergonhar";" 4.203681e-02"
"  2";"   5";" 40.00";"   4.083";"travesti";" 4.330786e-02"
"  2";"   5";" 40.00";"   4.083";"khalil";" 4.330786e-02"
"  2";"   5";" 40.00";"   4.083";"tumulto";" 4.330786e-02"
"  2";"   5";" 40.00";"   4.083";"medicamento";" 4.330786e-02"
"  2";"   5";" 40.00";"   4.083";"lutador";" 4.330786e-02"
"  2";"   5";" 40.00";"   4.083";"tavam";" 4.330786e-02"
"  2";"   5";" 40.00";"   4.083";"sequela";" 4.330786e-02"
"  2";"   5";" 40.00";"   4.083";"incompetência";" 4.330786e-02"
"  2";"   5";" 40.00";"   4.083";"esvaziar";" 4.330786e-02"
"  2";"   5";" 40.00";"   4.083";"colateral";" 4.330786e-02"
"  2";"   5";" 40.00";"   4.083";"classificar";" 4.330786e-02"
"  2";"   5";" 40.00";"   4.083";"bujão";" 4.330786e-02"
"  2";"   5";" 40.00";"   4.083";"apavorado";" 4.330786e-02"
"  2";"   5";" 40.00";"   4.083";"óo";" 4.330786e-02"
"  2";"   5";" 40.00";"   4.083";"taxação";" 4.330786e-02"
"  2";"   5";" 40.00";"   4.083";"sítio";" 4.330786e-02"
"  2";"   5";" 40.00";"   4.083";"suscetível";" 4.330786e-02"
"  2";"   5";" 40.00";"   4.083";"sexualizar";" 4.330786e-02"
"  2";"   5";" 40.00";"   4.083";"ninja";" 4.330786e-02"
"  2";"   5";" 40.00";"   4.083";"kg";" 4.330786e-02"
"  2";"   5";" 40.00";"   4.083";"jonas";" 4.330786e-02"
"  2";"   5";" 40.00";"   4.083";"invalidar";" 4.330786e-02"
"  2";"   5";" 40.00";"   4.083";"imbuir";" 4.330786e-02"
"  2";"   5";" 40.00";"   4.083";"formalmente";" 4.330786e-02"
"  2";"   5";" 40.00";"   4.083";"fictício";" 4.330786e-02"
"  2";"   5";" 40.00";"   4.083";"elan";" 4.330786e-02"
"  2";"   5";" 40.00";"   4.083";"documentação";" 4.330786e-02"
"  2";"   5";" 40.00";"   4.083";"desarmar";" 4.330786e-02"
"  2";"   5";" 40.00";"   4.083";"desaparecido";" 4.330786e-02"
"  2";"   5";" 40.00";"   4.083";"desanimador";" 4.330786e-02"
"  2";"   5";" 40.00";"   4.083";"chocado";" 4.330786e-02"
"  2";"   5";" 40.00";"   4.083";"cgu";" 4.330786e-02"
"  2";"   5";" 40.00";"   4.083";"botijão";" 4.330786e-02"
"  2";"   5";" 40.00";"   4.083";"botafogo";" 4.330786e-02"
"  2";"   5";" 40.00";"   4.083";"bnds";" 4.330786e-02"
"  2";"   5";" 40.00";"   4.083";"aval";" 4.330786e-02"
"  2";"   5";" 40.00";"   4.083";"acostumar";" 4.330786e-02"
"310";"2467";" 12.57";"   4.064";"também";" 4.380144e-02"
" 23";" 137";" 16.79";"   4.060";"virar";" 4.390928e-02"
"  6";"  25";" 24.00";"   3.986";"dólar";" 4.588983e-02"
" 12";"  62";" 19.35";"   3.966";"internacional";" 4.642648e-02"
"  9";"  43";" 20.93";"   3.936";"regime";" 4.726604e-02"
"  7";"  31";" 22.58";"   3.897";"confirmar";" 4.837915e-02"
"  7";"  31";" 22.58";"   3.897";"terrível";" 4.837915e-02"
" 11";"  56";" 19.64";"   3.844";"faltar";" 4.993818e-02"
" 14";"  76";" 18.42";"   3.796";"linha";" 5.136233e-02"
"  5";"  20";" 25.00";"   3.712";"gay";" 5.403750e-02"
"  5";"  20";" 25.00";"   3.712";"ator";" 5.403750e-02"
"  5";"  20";" 25.00";"   3.712";"solidariedade";" 5.403750e-02"
"  5";"  20";" 25.00";"   3.712";"recordar";" 5.403750e-02"
"  5";"  20";" 25.00";"   3.712";"mobilização";" 5.403750e-02"
"  9";"  44";" 20.45";"   3.638";"porquê";" 5.648178e-02"
"  6";"  26";" 23.08";"   3.563";"associação";" 5.909488e-02"
"  6";"  26";" 23.08";"   3.563";"recente";" 5.909488e-02"
"  6";"  26";" 23.08";"   3.563";"anderson";" 5.909488e-02"
"  6";"  26";" 23.08";"   3.563";"absoluto";" 5.909488e-02"
"  7";"  32";" 21.88";"   3.533";"bebê";" 6.014927e-02"
"  4";"  15";" 26.67";"   3.504";"centavo";" 6.122504e-02"
"  4";"  15";" 26.67";"   3.504";"levantamento";" 6.122504e-02"
"  4";"  15";" 26.67";"   3.504";"pausa";" 6.122504e-02"
"  4";"  15";" 26.67";"   3.504";"fórum";" 6.122504e-02"
"  4";"  15";" 26.67";"   3.504";"medicina";" 6.122504e-02"
"  4";"  15";" 26.67";"   3.504";"comparação";" 6.122504e-02"
" 23";" 141";" 16.31";"   3.480";"preocupado";" 6.211278e-02"
" 10";"  51";" 19.61";"   3.470";"demonstrar";" 6.248416e-02"
"  3";"  10";" 30.00";"   3.462";"táxi";" 6.279054e-02"
"  3";"  10";" 30.00";"   3.462";"cadastro";" 6.279054e-02"
"  3";"  10";" 30.00";"   3.462";"arrecadar";" 6.279054e-02"
"  3";"  10";" 30.00";"   3.462";"apuração";" 6.279054e-02"
"  3";"  10";" 30.00";"   3.462";"val";" 6.279054e-02"
"  3";"  10";" 30.00";"   3.462";"proibição";" 6.279054e-02"
"  3";"  10";" 30.00";"   3.462";"papa";" 6.279054e-02"
"  3";"  10";" 30.00";"   3.462";"abrigo";" 6.279054e-02"
" 33";" 215";" 15.35";"   3.459";"ação";" 6.292360e-02"
" 53";" 369";" 14.36";"   3.395";"votar";" 6.540666e-02"
" 11";"  58";" 18.97";"   3.358";"reduzir";" 6.688822e-02"
" 11";"  58";" 18.97";"   3.358";"comparar";" 6.688822e-02"
"  8";"  39";" 20.51";"   3.265";"queimar";" 7.076729e-02"
"  5";"  21";" 23.81";"   3.247";"dívida";" 7.153705e-02"
" 13";"  72";" 18.06";"   3.234";"listar";" 7.211615e-02"
" 10";"  52";" 19.23";"   3.223";"aplicar";" 7.261775e-02"
"  7";"  33";" 21.21";"   3.200";"civil";" 7.365903e-02"
"  6";"  27";" 22.22";"   3.180";"tirania";" 7.452730e-02"
"  6";"  27";" 22.22";"   3.180";"ultrapassar";" 7.452730e-02"
" 11";"  59";" 18.64";"   3.134";"indignação";" 7.668704e-02"
" 34";" 226";" 15.04";"   3.105";"semana";" 7.805420e-02"
" 19";" 115";" 16.52";"   3.080";"felipe";" 7.927229e-02"
" 10";"  53";" 18.87";"   2.990";"risco";" 8.379882e-02"
" 10";"  53";" 18.87";"   2.990";"praça";" 8.379882e-02"
"  4";"  16";" 25.00";"   2.969";"animal";" 8.488710e-02"
"  4";"  16";" 25.00";"   2.969";"movimentação";" 8.488710e-02"
"  4";"  16";" 25.00";"   2.969";"fofoca";" 8.488710e-02"
"  4";"  16";" 25.00";"   2.969";"césar";" 8.488710e-02"
"  4";"  16";" 25.00";"   2.969";"desaparecer";" 8.488710e-02"
" 22";" 138";" 15.94";"   2.917";"sério";" 8.764061e-02"
"  2";"   6";" 33.33";"   2.885";"trator";" 8.938509e-02"
"  2";"   6";" 33.33";"   2.885";"boneco";" 8.938509e-02"
"  2";"   6";" 33.33";"   2.885";"gang";" 8.938509e-02"
"  2";"   6";" 33.33";"   2.885";"degradação";" 8.938509e-02"
"  2";"   6";" 33.33";"   2.885";"convencido";" 8.938509e-02"
"  2";"   6";" 33.33";"   2.885";"autismo";" 8.938509e-02"
"  2";"   6";" 33.33";"   2.885";"tesoura";" 8.938509e-02"
"  2";"   6";" 33.33";"   2.885";"semestre";" 8.938509e-02"
"  2";"   6";" 33.33";"   2.885";"psicologicamente";" 8.938509e-02"
"  2";"   6";" 33.33";"   2.885";"pichar";" 8.938509e-02"
"  2";"   6";" 33.33";"   2.885";"paulinho";" 8.938509e-02"
"  2";"   6";" 33.33";"   2.885";"ofensivo";" 8.938509e-02"
"  2";"   6";" 33.33";"   2.885";"moralmente";" 8.938509e-02"
"  2";"   6";" 33.33";"   2.885";"mari";" 8.938509e-02"
"  2";"   6";" 33.33";"   2.885";"lotar";" 8.938509e-02"
"  2";"   6";" 33.33";"   2.885";"lama";" 8.938509e-02"
"  2";"   6";" 33.33";"   2.885";"intuito";" 8.938509e-02"
"  2";"   6";" 33.33";"   2.885";"humanitário";" 8.938509e-02"
"  2";"   6";" 33.33";"   2.885";"homenagear";" 8.938509e-02"
"  2";"   6";" 33.33";"   2.885";"hacker";" 8.938509e-02"
"  2";"   6";" 33.33";"   2.885";"ga";" 8.938509e-02"
"  2";"   6";" 33.33";"   2.885";"fronteira";" 8.938509e-02"
"  2";"   6";" 33.33";"   2.885";"engenharia";" 8.938509e-02"
"  2";"   6";" 33.33";"   2.885";"dutra";" 8.938509e-02"
"  2";"   6";" 33.33";"   2.885";"desgraça";" 8.938509e-02"
"  2";"   6";" 33.33";"   2.885";"conformar";" 8.938509e-02"
"  2";"   6";" 33.33";"   2.885";"cardíaco";" 8.938509e-02"
" 12";"  67";" 17.91";"   2.880";"evento";" 8.967043e-02"
"178";"1397";" 12.74";"   2.874";"colocar";" 9.000789e-02"
" 28";" 183";" 15.30";"   2.870";"cabeça";" 9.026988e-02"
" 14";"  81";" 17.28";"   2.851";"pressão";" 9.131816e-02"
" 14";"  81";" 17.28";"   2.851";"novamente";" 9.131816e-02"
"  6";"  28";" 21.43";"   2.835";"neymar";" 9.225434e-02"
"  6";"  28";" 21.43";"   2.835";"site";" 9.225434e-02"
"  3";"  11";" 27.27";"   2.776";"apagar";" 9.566566e-02"
"  3";"  11";" 27.27";"   2.776";"simone";" 9.566566e-02"
"  3";"  11";" 27.27";"   2.776";"incitar";" 9.566566e-02"
"  3";"  11";" 27.27";"   2.776";"chutar";" 9.566566e-02"
"  3";"  11";" 27.27";"   2.776";"canalha";" 9.566566e-02"
"  3";"  11";" 27.27";"   2.776";"brilhante";" 9.566566e-02"
"  3";"  11";" 27.27";"   2.776";"assessorar";" 9.566566e-02"
"  3";"  11";" 27.27";"   2.776";"rato";" 9.566566e-02"
"  3";"  11";" 27.27";"   2.776";"prejudicado";" 9.566566e-02"
"  3";"  11";" 27.27";"   2.776";"menosprezar";" 9.566566e-02"
"  3";"  11";" 27.27";"   2.776";"reiterar";" 9.566566e-02"
"  3";"  11";" 27.27";"   2.776";"estruturar";" 9.566566e-02"
"  3";"  11";" 27.27";"   2.776";"determinação";" 9.566566e-02"
" 20";" 125";" 16.00";"   2.708";"repetir";" 9.984558e-02"
" 18";" 111";" 16.22";"   2.632";"enviar";" 1.047460e-01"
"  9";"  48";" 18.75";"   2.623";"jornal";" 1.053342e-01"
"  7";"  35";" 20.00";"   2.611";"merda";" 1.061106e-01"
" 17";" 104";" 16.35";"   2.598";"jamais";" 1.069766e-01"
" 28";" 186";" 15.05";"   2.564";"época";" 1.092926e-01"
"176";"1390";" 12.66";"   2.542";"ali";" 1.108447e-01"
"  6";"  29";" 20.69";"   2.521";"digital";" 1.123064e-01"
"  6";"  29";" 20.69";"   2.521";"movimentar";" 1.123064e-01"
"  6";"  29";" 20.69";"   2.521";"abertura";" 1.123064e-01"
" 12";"  69";" 17.39";"   2.516";"merecer";" 1.126977e-01"
"  4";"  17";" 23.53";"   2.512";"barriga";" 1.130094e-01"
"  4";"  17";" 23.53";"   2.512";"causar";" 1.130094e-01"
"  4";"  17";" 23.53";"   2.512";"sensação";" 1.130094e-01"
"  4";"  17";" 23.53";"   2.512";"químico";" 1.130094e-01"
"  4";"  17";" 23.53";"   2.512";"independência";" 1.130094e-01"
"  8";"  42";" 19.05";"   2.483";"concreto";" 1.151142e-01"
"  5";"  23";" 21.74";"   2.474";"companheiro";" 1.157774e-01"
"  5";"  23";" 21.74";"   2.474";"doer";" 1.157774e-01"
"  5";"  23";" 21.74";"   2.474";"aceito";" 1.157774e-01"
"  5";"  23";" 21.74";"   2.474";"pagamento";" 1.157774e-01"
"  9";"  49";" 18.37";"   2.408";"entrevista";" 1.207112e-01"
" 15";"  91";" 16.48";"   2.399";"praticamente";" 1.214236e-01"
" 23";" 150";" 15.33";"   2.388";"absurdo";" 1.222656e-01"
" 18";" 113";" 15.93";"   2.373";"governador";" 1.234486e-01"
" 10";"  56";" 17.86";"   2.367";"provar";" 1.238912e-01"
"  7";"  36";" 19.44";"   2.352";"xingar";" 1.251049e-01"
" 91";" 693";" 13.13";"   2.264";"público";" 1.323973e-01"
" 33";" 228";" 14.47";"   2.241";"real";" 1.343867e-01"
"  6";"  30";" 20.00";"   2.238";"defensor";" 1.346782e-01"
"  6";"  30";" 20.00";"   2.238";"taxa";" 1.346782e-01"
"  6";"  30";" 20.00";"   2.238";"nervoso";" 1.346782e-01"
"  3";"  12";" 25.00";"   2.226";"fracasso";" 1.356863e-01"
"  3";"  12";" 25.00";"   2.226";"vieira";" 1.356863e-01"
"  3";"  12";" 25.00";"   2.226";"preste";" 1.356863e-01"
"  3";"  12";" 25.00";"   2.226";"patamar";" 1.356863e-01"
"  3";"  12";" 25.00";"   2.226";"inversão";" 1.356863e-01"
"  3";"  12";" 25.00";"   2.226";"chegada";" 1.356863e-01"
"  3";"  12";" 25.00";"   2.226";"centrão";" 1.356863e-01"
"  3";"  12";" 25.00";"   2.226";"marino";" 1.356863e-01"
"  3";"  12";" 25.00";"   2.226";"exploração";" 1.356863e-01"
" 84";" 637";" 13.19";"   2.207";"sim";" 1.373530e-01"
"  9";"  50";" 18.00";"   2.207";"avião";" 1.373871e-01"
" 13";"  78";" 16.67";"   2.204";"subir";" 1.376379e-01"
" 25";" 167";" 14.97";"   2.198";"medo";" 1.381855e-01"
" 19";" 122";" 15.57";"   2.181";"motivo";" 1.397237e-01"
"  5";"  24";" 20.83";"   2.151";"passagem";" 1.424816e-01"
"  5";"  24";" 20.83";"   2.151";"fiscal";" 1.424816e-01"
" 73";" 549";" 13.30";"   2.129";"claro";" 1.445530e-01"
"  4";"  18";" 22.22";"   2.119";"saneamento";" 1.454350e-01"
"  4";"  18";" 22.22";"   2.119";"documentário";" 1.454350e-01"
"  4";"  18";" 22.22";"   2.119";"cola";" 1.454350e-01"
"  4";"  18";" 22.22";"   2.119";"cachorro";" 1.454350e-01"
"  4";"  18";" 22.22";"   2.119";"corredor";" 1.454350e-01"
"  7";"  37";" 18.92";"   2.114";"publicar";" 1.459444e-01"
"  7";"  37";" 18.92";"   2.114";"provavelmente";" 1.459444e-01"
" 25";" 168";" 14.88";"   2.104";"infelizmente";" 1.469187e-01"
"  2";"   7";" 28.57";"   2.066";"vacinação";" 1.505884e-01"
"  2";"   7";" 28.57";"   2.066";"slogan";" 1.505884e-01"
"  2";"   7";" 28.57";"   2.066";"pescoço";" 1.505884e-01"
"  2";"   7";" 28.57";"   2.066";"extremismo";" 1.505884e-01"
"  2";"   7";" 28.57";"   2.066";"cuspir";" 1.505884e-01"
"  2";"   7";" 28.57";"   2.066";"culpar";" 1.505884e-01"
"  2";"   7";" 28.57";"   2.066";"campeão";" 1.505884e-01"
"  2";"   7";" 28.57";"   2.066";"sobrenome";" 1.505884e-01"
"  2";"   7";" 28.57";"   2.066";"leandro";" 1.505884e-01"
"  2";"   7";" 28.57";"   2.066";"induzir";" 1.505884e-01"
"  2";"   7";" 28.57";"   2.066";"ignorante";" 1.505884e-01"
"  2";"   7";" 28.57";"   2.066";"descumprir";" 1.505884e-01"
"  2";"   7";" 28.57";"   2.066";"circo";" 1.505884e-01"
"  2";"   7";" 28.57";"   2.066";"anônimo";" 1.505884e-01"
"  2";"   7";" 28.57";"   2.066";"aline";" 1.505884e-01"
"  2";"   7";" 28.57";"   2.066";"rogar";" 1.505884e-01"
"  2";"   7";" 28.57";"   2.066";"produtividade";" 1.505884e-01"
"  2";"   7";" 28.57";"   2.066";"pms";" 1.505884e-01"
"  2";"   7";" 28.57";"   2.066";"pipocar";" 1.505884e-01"
"  2";"   7";" 28.57";"   2.066";"pessol";" 1.505884e-01"
"  2";"   7";" 28.57";"   2.066";"mira";" 1.505884e-01"
"  2";"   7";" 28.57";"   2.066";"favorecer";" 1.505884e-01"
"  2";"   7";" 28.57";"   2.066";"enfiar";" 1.505884e-01"
"  2";"   7";" 28.57";"   2.066";"economicamente";" 1.505884e-01"
"  2";"   7";" 28.57";"   2.066";"compadecer";" 1.505884e-01"
"  2";"   7";" 28.57";"   2.066";"careca";" 1.505884e-01"
"  2";"   7";" 28.57";"   2.066";"car";" 1.505884e-01"
"  2";"   7";" 28.57";"   2.066";"camboja";" 1.505884e-01"
"  2";"   7";" 28.57";"   2.066";"bruxo";" 1.505884e-01"
"  8";"  44";" 18.18";"   2.049";"alimento";" 1.522857e-01"
" 11";"  65";" 16.92";"   2.017";"expressão";" 1.555476e-01"
"*****";"*";"*";"*";"*";"*"
"  98";"  224";" 43.75";"236.016";"8";"2.906153e-53"
"  40";"   92";" 43.48";" 94.810";"17";"2.095174e-22"
" 173";"  790";" 21.90";" 90.369";"contra";"1.975955e-21"
"2580";"21504";" 12.00";" 66.076";"de";"4.338792e-16"
" 258";" 1485";" 17.37";" 57.082";"quem";"4.180353e-14"
"  40";"  127";" 31.50";" 51.545";"bilhão";"6.997363e-13"
"  17";"   35";" 48.57";" 48.298";"400";"3.660818e-12"
" 124";"  628";" 19.75";" 45.211";"nenhum";"1.769133e-11"
"  14";"   29";" 48.28";" 39.376";"2019";"3.495445e-10"
"  10";"   17";" 58.82";" 38.132";"che";"6.613017e-10"
" 924";" 7017";" 13.17";" 32.295";"por";"1.324757e-08"
"1222";" 9683";" 12.62";" 25.618";"ir";"4.160756e-07"
"   3";"    3";"100.00";" 23.449";"580";"1.282962e-06"
"   3";"    3";"100.00";" 23.449";"129";"1.282962e-06"
"  31";"  124";" 25.00";" 23.108";"r";"1.531580e-06"
"  66";"  339";" 19.47";" 22.559";"fim";"2.037887e-06"
"2088";"17497";" 11.93";" 20.229";"o";"6.871833e-06"
"  75";"  422";" 17.77";" 17.639";"tentar";"2.670697e-05"
"  59";"  322";" 18.32";" 15.798";"quê";"7.046478e-05"
"  85";"  508";" 16.73";" 14.970";"somente";"1.092205e-04"
"   8";"   21";" 38.10";" 14.955";"sob";"1.100774e-04"
"   4";"    7";" 57.14";" 14.603";"2017";"1.326687e-04"
"   4";"    7";" 57.14";" 14.603";"81";"1.326687e-04"
" 156";" 1046";" 14.91";" 13.835";"haver";"1.995520e-04"
"  16";"   61";" 26.23";" 13.473";"2022";"2.420829e-04"
"   8";"   23";" 34.78";" 12.575";"2016";"3.908684e-04"
" 160";" 1116";" 14.34";" 10.405";"pro";"1.256465e-03"
"   7";"   21";" 33.33";" 10.105";"2018";"1.478660e-03"
"  23";"  110";" 20.91";" 10.051";"14";"1.522460e-03"
"  13";"   53";" 24.53";"  9.180";"oito";"2.446744e-03"
"   2";"    3";" 66.67";"  9.131";"trilhão";"2.513470e-03"
"   2";"    3";" 66.67";"  9.131";"720";"2.513470e-03"
"   2";"    3";" 66.67";"  9.131";"68";"2.513470e-03"
"   2";"    3";" 66.67";"  9.131";"434";"2.513470e-03"
"   3";"    6";" 50.00";"  8.917";"2006";"2.825336e-03"
" 280";" 2106";" 13.30";"  8.709";"seu";"3.166780e-03"
"  31";"  168";" 18.45";"  8.498";"000";"3.555429e-03"
"  13";"   55";" 23.64";"  8.282";"hein";"4.004602e-03"
"   4";"   10";" 40.00";"  8.168";"72";"4.262824e-03"
"   4";"   10";" 40.00";"  8.168";"51";"4.262824e-03"
"  78";"  510";" 15.29";"  8.078";"alguém";"4.481140e-03"
" 101";"  690";" 14.64";"  7.655";"dois";"5.662641e-03"
"  90";"  607";" 14.83";"  7.505";"estado";"6.154049e-03"
" 754";" 6144";" 12.27";"  6.982";"ele";"8.233853e-03"
"   3";"    7";" 42.86";"  6.914";"1990";"8.552217e-03"
"  11";"   47";" 23.40";"  6.810";"b";"9.063943e-03"
"  15";"   73";" 20.55";"  6.167";"ai";"1.301559e-02"
"  10";"   43";" 23.26";"  6.077";"zero";"1.369387e-02"
"   2";"    4";" 50.00";"  5.944";"170";"1.476607e-02"
"   2";"    4";" 50.00";"  5.944";"350";"1.476607e-02"
"   2";"    4";" 50.00";"  5.944";"2007";"1.476607e-02"
"   2";"    4";" 50.00";"  5.944";"03";"1.476607e-02"
"   8";"   32";" 25.00";"  5.941";"2026";"1.478990e-02"
"  48";"  308";" 15.58";"  5.576";"durante";"1.821200e-02"
"   7";"   28";" 25.00";"  5.198";"x";"2.261518e-02"
"   4";"   13";" 30.77";"  4.880";"46";"2.716775e-02"
"  21";"  119";" 17.65";"  4.723";"22";"2.975441e-02"
" 980";" 8192";" 11.96";"  4.645";"um";"3.114322e-02"
"  31";"  193";" 16.06";"  4.305";"cima";"3.799222e-02"
"  32";"  201";" 15.92";"  4.220";"5";"3.995551e-02"
"  22";"  129";" 17.05";"  4.204";"15";"4.032366e-02"
"   4";"   14";" 28.57";"  4.134";"85";"4.203681e-02"
"   4";"   14";" 28.57";"  4.134";"2003";"4.203681e-02"
"  63";"  439";" 14.35";"  4.017";"ninguém";"4.503996e-02"
"   6";"   25";" 24.00";"  3.986";"35";"4.588983e-02"
"   6";"   25";" 24.00";"  3.986";"31";"4.588983e-02"
"   7";"   31";" 22.58";"  3.897";"2021";"4.837915e-02"
"  13";"   69";" 18.84";"  3.866";"60";"4.926159e-02"
"  48";"  326";" 14.72";"  3.752";"10";"5.274013e-02"
"   6";"   26";" 23.08";"  3.563";"27";"5.909488e-02"
"  30";"  192";" 15.62";"  3.526";"este";"6.041414e-02"
"  15";"   85";" 17.65";"  3.369";"seis";"6.642345e-02"
"  64";"  457";" 14.00";"  3.276";"usar";"7.029257e-02"
" 686";" 5712";" 12.01";"  3.265";"se";"7.075703e-02"
"   8";"   39";" 20.51";"  3.265";"quinto";"7.076729e-02"
"   5";"   21";" 23.81";"  3.247";"2013";"7.153705e-02"
" 627";" 5208";" 12.04";"  3.163";"poder";"7.533258e-02"
"  97";"  724";" 13.40";"  3.127";"sem";"7.698834e-02"
"  27";"  174";" 15.52";"  3.034";"após";"8.151806e-02"
"   2";"    6";" 33.33";"  2.885";"64";"8.938509e-02"
"   3";"   11";" 27.27";"  2.776";"700";"9.566566e-02"
"1340";"11458";" 11.69";"  2.594";"não";"1.072739e-01"
" 400";" 3293";" 12.15";"  2.432";"dizer";"1.188571e-01"
"  20";"  128";" 15.62";"  2.345";"verdadeiro";"1.257184e-01"
" 728";" 6128";" 11.88";"  2.320";"com";"1.277442e-01"
"  21";"  136";" 15.44";"  2.283";"7";"1.308387e-01"
"   3";"   12";" 25.00";"  2.226";"1000";"1.356863e-01"
"  60";"  443";" 13.54";"  2.171";"qualquer";"1.406734e-01"
"   5";"   24";" 20.83";"  2.151";"36";"1.424816e-01"
"   4";"   18";" 22.22";"  2.119";"ué";"1.454350e-01"
"   2";"    7";" 28.57";"  2.066";"lhes";"1.505884e-01"
"   2";"    7";" 28.57";"  2.066";"2002";"1.505884e-01"
"   2";"    7";" 28.57";"  2.066";"01";"1.505884e-01"
"  72";"  543";" 13.26";"  2.026";"segundo";"1.546758e-01"
"  10";"   58";" 17.24";"  2.010";"l";"1.562212e-01"
"*";"*";"*";"*";"*";"*"
"39";" 52";" 75.00";"209.950";"*_texto56";"1.408796e-47"
"26";" 29";" 89.66";"177.043";"*_texto57";"2.143806e-40"
"20";" 23";" 86.96";"130.871";"*_texto425";"2.642513e-30"
"24";" 32";" 75.00";"129.096";"*_texto26";"6.461249e-30"
"28";" 42";" 66.67";"128.031";"*_texto31";"1.105161e-29"
"27";" 40";" 67.50";"125.625";"*_texto150";"3.714272e-29"
"24";" 33";" 72.73";"123.799";"*_texto157";"9.324013e-29"
"18";" 20";" 90.00";"123.131";"*_texto177";"1.305080e-28"
"29";" 46";" 63.04";"122.478";"*_texto44";"1.813976e-28"
"26";" 39";" 66.67";"118.871";"*_texto32";"1.117440e-27"
"25";" 37";" 67.57";"116.469";"*_texto4";"3.752042e-27"
"29";" 48";" 60.42";"115.155";"*_texto381";"7.276796e-27"
"21";" 28";" 75.00";"112.941";"*_texto371";"2.222947e-26"
"28";" 47";" 59.57";"108.915";"*_texto377";"1.694131e-25"
"21";" 29";" 72.41";"107.667";"*_texto106";"3.179312e-25"
"29";" 51";" 56.86";"105.285";"*_texto149";"1.057721e-24"
"30";" 55";" 54.55";"102.293";"*_texto14";"4.789267e-24"
"24";" 38";" 63.16";"101.593";"*_texto360";"6.817399e-24"
"19";" 26";" 73.08";" 98.625";"*_texto111";"3.051424e-23"
"19";" 26";" 73.08";" 98.625";"*_texto368";"3.051424e-23"
"27";" 48";" 56.25";" 96.430";"*_texto127";"9.244094e-23"
"17";" 22";" 77.27";" 95.166";"*_texto64";"1.750612e-22"
"36";" 81";" 44.44";" 88.530";"*_texto1";"5.006042e-21"
"20";" 31";" 64.52";" 87.256";"*_texto80";"9.532938e-21"
"20";" 31";" 64.52";" 87.256";"*_texto120";"9.532938e-21"
"13";" 15";" 86.67";" 84.670";"*_texto433";"3.525111e-20"
"17";" 25";" 68.00";" 79.872";"*_texto126";"3.994719e-19"
"22";" 39";" 56.41";" 78.881";"*_texto33";"6.595485e-19"
"16";" 23";" 69.57";" 77.592";"*_texto109";"1.266683e-18"
"16";" 23";" 69.57";" 77.592";"*_texto129";"1.266683e-18"
"12";" 14";" 85.71";" 77.037";"*_texto54";"1.678078e-18"
"19";" 31";" 61.29";" 76.990";"*_texto25";"1.718007e-18"
"25";" 50";" 50.00";" 74.439";"*_texto155";"6.253101e-18"
"18";" 29";" 62.07";" 74.280";"*_texto30";"6.777515e-18"
"14";" 19";" 73.68";" 73.476";"*_texto10";"1.018438e-17"
"13";" 17";" 76.47";" 71.745";"*_texto383";"2.449422e-17"
"32";" 76";" 42.11";" 71.726";"*_texto378";"2.473008e-17"
"17";" 27";" 62.96";" 71.611";"*_texto136";"2.620897e-17"
"15";" 22";" 68.18";" 70.731";"*_texto171";"4.094749e-17"
"18";" 30";" 60.00";" 70.704";"*_texto183";"4.150540e-17"
" 9";"  9";"100.00";" 70.363";"*_texto306";"4.934386e-17"
"12";" 15";" 80.00";" 70.346";"*_texto427";"4.977508e-17"
"21";" 39";" 53.85";" 70.161";"*_texto48";"5.466781e-17"
"11";" 13";" 84.62";" 69.433";"*_texto58";"7.905661e-17"
"11";" 13";" 84.62";" 69.433";"*_texto63";"7.905661e-17"
"21";" 40";" 52.50";" 67.476";"*_texto128";"2.132478e-16"
"28";" 64";" 43.75";" 67.000";"*_texto0";"2.715296e-16"
"29";" 69";" 42.03";" 64.779";"*_texto373";"8.380696e-16"
"17";" 29";" 58.62";" 64.524";"*_texto3";"9.534037e-16"
"19";" 35";" 54.29";" 64.263";"*_texto154";"1.088481e-15"
"22";" 46";" 47.83";" 60.988";"*_texto369";"5.741693e-15"
"14";" 22";" 63.64";" 59.870";"*_texto93";"1.013317e-14"
"15";" 25";" 60.00";" 58.908";"*_texto141";"1.652050e-14"
"17";" 31";" 54.84";" 58.385";"*_texto359";"2.155194e-14"
"11";" 15";" 73.33";" 57.347";"*_texto108";"3.652492e-14"
"20";" 41";" 48.78";" 57.229";"*_texto450";"3.879197e-14"
"65";"245";" 26.53";" 56.742";"*_texto100";"4.970174e-14"
"10";" 13";" 76.92";" 55.620";"*_texto186";"8.794447e-14"
"15";" 26";" 57.69";" 55.593";"*_texto365";"8.913379e-14"
"16";" 30";" 53.33";" 52.656";"*_texto40";"3.973642e-13"
"16";" 30";" 53.33";" 52.656";"*_texto65";"3.973642e-13"
"12";" 19";" 63.16";" 50.758";"*_texto52";"1.044875e-12"
"10";" 14";" 71.43";" 50.283";"*_texto130";"1.330677e-12"
"16";" 31";" 51.61";" 50.046";"*_texto60";"1.501899e-12"
"29";" 80";" 36.25";" 49.502";"*_texto442";"1.981967e-12"
"16";" 32";" 50.00";" 47.607";"*_texto382";"5.208857e-12"
" 6";"  6";"100.00";" 46.903";"*_texto287";"7.459476e-12"
"15";" 30";" 50.00";" 44.628";"*_texto29";"2.382895e-11"
"18";" 41";" 43.90";" 43.287";"*_texto24";"4.728262e-11"
"16";" 34";" 47.06";" 43.181";"*_texto16";"4.989540e-11"
"10";" 16";" 62.50";" 41.660";"*_texto210";"1.086095e-10"
" 8";" 11";" 72.73";" 41.230";"*_texto380";"1.353413e-10"
"16";" 35";" 45.71";" 41.169";"*_texto156";"1.396113e-10"
" 9";" 14";" 64.29";" 39.039";"*_texto118";"4.154916e-10"
"10";" 17";" 58.82";" 38.132";"*_texto201";"6.613017e-10"
"37";"130";" 28.46";" 38.073";"*_texto18";"6.812930e-10"
"14";" 30";" 46.67";" 37.263";"*_texto444";"1.032226e-09"
" 9";" 15";" 60.00";" 35.331";"*_texto23";"2.782077e-09"
"12";" 25";" 48.00";" 33.434";"*_texto182";"7.371002e-09"
"13";" 29";" 44.83";" 32.366";"*_texto102";"1.276741e-08"
"13";" 29";" 44.83";" 32.366";"*_texto113";"1.276741e-08"
"10";" 19";" 52.63";" 32.229";"*_texto200";"1.370097e-08"
" 9";" 17";" 52.94";" 29.268";"*_texto283";"6.301255e-08"
" 8";" 14";" 57.14";" 29.215";"*_texto392";"6.476996e-08"
"11";" 24";" 45.83";" 28.414";"*_texto19";"9.797424e-08"
"10";" 21";" 47.62";" 27.500";"*_texto28";"1.571160e-07"
"13";" 32";" 40.62";" 27.315";"*_texto97";"1.728334e-07"
"15";" 40";" 37.50";" 27.254";"*_texto38";"1.784230e-07"
"14";" 36";" 38.89";" 27.198";"*_texto158";"1.836342e-07"
" 9";" 18";" 50.00";" 26.764";"*_texto92";"2.299077e-07"
"18";" 54";" 33.33";" 26.019";"*_texto39";"3.381136e-07"
"10";" 22";" 45.45";" 25.475";"*_texto41";"4.481999e-07"
"18";" 55";" 32.73";" 25.061";"*_texto9";"5.554657e-07"
"10";" 23";" 43.48";" 23.637";"*_texto13";"1.163282e-06"
"10";" 23";" 43.48";" 23.637";"*_texto135";"1.163282e-06"
" 3";"  3";"100.00";" 23.449";"*_texto219";"1.282962e-06"
" 4";"  5";" 80.00";" 23.439";"*_texto312";"1.289300e-06"
"14";" 39";" 35.90";" 23.415";"*_texto36";"1.305483e-06"
"13";" 35";" 37.14";" 23.196";"*_texto119";"1.463283e-06"
"13";" 36";" 36.11";" 21.989";"*_texto268";"2.741982e-06"
"10";" 24";" 41.67";" 21.963";"*_texto47";"2.779576e-06"
"17";" 54";" 31.48";" 21.821";"*_texto37";"2.993183e-06"
" 5";"  8";" 62.50";" 20.823";"*_texto379";"5.036620e-06"
" 7";" 14";" 50.00";" 20.813";"*_texto146";"5.064002e-06"
" 9";" 21";" 42.86";" 20.754";"*_texto95";"5.222984e-06"
" 9";" 21";" 42.86";" 20.754";"*_texto133";"5.222984e-06"
"15";" 46";" 32.61";" 20.721";"*_texto11";"5.313683e-06"
" 6";" 11";" 54.55";" 20.422";"*_texto356";"6.209621e-06"
"21";" 76";" 27.63";" 20.109";"*_texto2";"7.317034e-06"
"13";" 38";" 34.21";" 19.787";"*_texto6";"8.658196e-06"
"13";" 38";" 34.21";" 19.787";"*_texto152";"8.658196e-06"
"14";" 43";" 32.56";" 19.275";"*_texto142";"1.131731e-05"
" 6";" 12";" 50.00";" 17.838";"*_texto326";"2.405034e-05"
"10";" 27";" 37.04";" 17.742";"*_texto432";"2.530325e-05"
" 9";" 23";" 39.13";" 17.673";"*_texto212";"2.622591e-05"
"24";" 97";" 24.74";" 17.382";"*_texto366";"3.057739e-05"
" 8";" 20";" 40.00";" 16.343";"*_texto184";"5.284535e-05"
" 3";"  4";" 75.00";" 16.119";"*_texto110";"5.948720e-05"
"10";" 29";" 34.48";" 15.457";"*_texto22";"8.442605e-05"
" 5";" 10";" 50.00";" 14.864";"*_texto159";"1.155477e-04"
" 9";" 26";" 34.62";" 14.015";"*_texto104";"1.813410e-04"
" 7";" 18";" 38.89";" 13.589";"*_texto352";"2.274833e-04"
"11";" 36";" 30.56";" 13.231";"*_texto192";"2.754007e-04"
" 5";" 11";" 45.45";" 12.732";"*_texto191";"3.594940e-04"
" 7";" 19";" 36.84";" 12.292";"*_texto122";"4.548652e-04"
"10";" 33";" 30.30";" 11.810";"*_texto419";"5.891401e-04"
" 7";" 20";" 35.00";" 11.138";"*_texto20";"8.459847e-04"
" 7";" 21";" 33.33";" 10.105";"*_texto116";"1.478660e-03"
" 4";"  9";" 44.44";"  9.808";"*_texto307";"1.737244e-03"
" 6";" 17";" 35.29";"  9.703";"*_texto5";"1.840073e-03"
"16";" 69";" 23.19";"  9.652";"*_texto137";"1.891682e-03"
" 5";" 13";" 38.46";"  9.510";"*_texto197";"2.043123e-03"
" 7";" 22";" 31.82";"  9.178";"*_texto448";"2.449443e-03"
" 3";"  6";" 50.00";"  8.917";"*_texto167";"2.825336e-03"
" 6";" 18";" 33.33";"  8.660";"*_texto426";"3.251992e-03"
"14";" 60";" 23.33";"  8.596";"*_texto21";"3.368303e-03"
" 1";"  1";"100.00";"  7.816";"*_texto247";"5.179793e-03"
" 8";" 29";" 27.59";"  7.616";"*_texto203";"5.785562e-03"
" 5";" 15";" 33.33";"  7.216";"*_texto42";"7.225110e-03"
" 5";" 15";" 33.33";"  7.216";"*_texto336";"7.225110e-03"
" 4";" 11";" 36.36";"  6.850";"*_texto440";"8.865413e-03"
" 7";" 26";" 26.92";"  6.281";"*_texto221";"1.220298e-02"
" 2";"  4";" 50.00";"  5.944";"*_texto147";"1.476607e-02"
" 8";" 32";" 25.00";"  5.941";"*_texto27";"1.478990e-02"
" 4";" 12";" 33.33";"  5.772";"*_texto50";"1.628151e-02"
" 4";" 12";" 33.33";"  5.772";"*_texto208";"1.628151e-02"
" 4";" 12";" 33.33";"  5.772";"*_texto436";"1.628151e-02"
" 7";" 27";" 25.93";"  5.715";"*_texto374";"1.682355e-02"
" 6";" 22";" 27.27";"  5.555";"*_texto15";"1.842629e-02"
" 5";" 17";" 29.41";"  5.522";"*_texto347";"1.878072e-02"
"37";"228";" 16.23";"  5.458";"*_texto435";"1.948116e-02"
"10";" 45";" 22.22";"  5.304";"*_texto69";"2.127081e-02"
" 5";" 18";" 27.78";"  4.837";"*_texto438";"2.785293e-02"
" 6";" 24";" 25.00";"  4.455";"*_texto12";"3.480812e-02"
" 7";" 30";" 23.33";"  4.293";"*_texto62";"3.826911e-02"
" 7";" 30";" 23.33";"  4.293";"*_texto66";"3.826911e-02"
" 4";" 14";" 28.57";"  4.134";"*_texto216";"4.203681e-02"
" 2";"  5";" 40.00";"  4.083";"*_texto261";"4.330786e-02"
" 6";" 26";" 23.08";"  3.563";"*_texto124";"5.909488e-02"
" 4";" 15";" 26.67";"  3.504";"*_texto17";"6.122504e-02"
" 4";" 15";" 26.67";"  3.504";"*_texto335";"6.122504e-02"
" 4";" 15";" 26.67";"  3.504";"*_texto355";"6.122504e-02"
" 7";" 34";" 20.59";"  2.893";"*_texto193";"8.896711e-02"
" 5";" 22";" 22.73";"  2.837";"*_texto94";"9.211227e-02"
" 6";" 28";" 21.43";"  2.835";"*_texto121";"9.225434e-02"
" 3";" 11";" 27.27";"  2.776";"*_texto74";"9.566566e-02"
" 3";" 11";" 27.27";"  2.776";"*_texto343";"9.566566e-02"
"12";" 70";" 17.14";"  2.347";"*_texto319";"1.255149e-01"
" 4";" 18";" 22.22";"  2.119";"*_texto254";"1.454350e-01"
"**";"classe";"4";"**";"";""
"****";"9910";"24956";"39.71";"****";""
"2438";"4090";" 59.61";"809.046";"aí";"5.826320e-178"
"3159";"5659";" 55.82";"793.627";"né";"1.311206e-174"
"1916";"3510";" 54.59";"377.591";"pessoa";" 4.162571e-84"
" 839";"1279";" 65.60";"377.380";"cara";" 4.627744e-84"
"2387";"4560";" 52.35";"372.144";"falar";" 6.389248e-83"
"1124";"1848";" 60.82";"371.582";"lá";" 8.469205e-83"
" 412";" 516";" 79.84";"354.509";"vídeo";" 4.419162e-79"
" 304";" 351";" 86.61";"327.081";"galera";" 4.153966e-73"
"1129";"1910";" 59.11";"325.143";"ficar";" 1.098305e-72"
"1311";"2410";" 54.40";"240.397";"só";" 3.221493e-54"
" 208";" 240";" 86.67";"223.182";"beleza";" 1.829173e-50"
" 812";"1390";" 58.42";"215.172";"ali";" 1.022433e-48"
"1051";"1892";" 55.55";"214.544";"coisa";" 1.401555e-48"
" 811";"1406";" 57.68";"200.998";"achar";" 1.264762e-45"
" 385";" 565";" 68.14";"195.189";"mostrar";" 2.343219e-44"
" 552";" 888";" 62.16";"193.876";"esquerdo";" 4.532648e-44"
" 544";" 880";" 61.82";"186.225";"exemplo";" 2.119744e-42"
"1282";"2444";" 52.45";"183.825";"assim";" 7.085461e-42"
" 263";" 357";" 73.67";"174.464";"ganhar";" 7.839338e-40"
" 900";"1638";" 54.95";"169.960";"tudo";" 7.548564e-39"
"1045";"1952";" 53.53";"169.057";"mesmo";" 1.188756e-38"
" 171";" 206";" 83.01";"162.665";"olhado";" 2.960626e-37"
" 170";" 209";" 81.34";"152.568";"curso";" 4.761183e-35"
" 316";" 471";" 67.09";"150.336";"simplesmente";" 1.464050e-34"
" 613";"1062";" 57.72";"150.300";"mundo";" 1.490323e-34"
"2280";"4819";" 47.31";"144.193";"então";" 3.224600e-33"
" 553";" 947";" 58.39";"143.547";"conseguir";" 4.462949e-33"
" 575";" 995";" 57.79";"141.482";"chegar";" 1.262535e-32"
" 487";" 821";" 59.32";"136.331";"tô";" 1.689272e-31"
" 733";"1349";" 54.34";"127.436";"bom";" 1.491478e-29"
" 307";" 480";" 63.96";"120.198";"certo";" 5.723931e-28"
" 372";" 609";" 61.08";"119.115";"pessoal";" 9.881274e-28"
" 668";"1225";" 54.53";"118.192";"acontecer";" 1.573702e-27"
" 528";" 932";" 56.65";"116.079";"realmente";" 4.566946e-27"
" 107";" 123";" 86.99";"115.424";"conservador";" 6.353696e-27"
" 126";" 154";" 81.82";"114.762";"candidato";" 8.871637e-27"
"2096";"4483";" 46.75";"113.271";"porque";" 1.881834e-26"
" 574";"1042";" 55.09";"107.389";"fato";" 3.658343e-25"
" 349";" 577";" 60.49";"106.485";"cristão";" 5.773045e-25"
"  98";" 114";" 85.96";"102.345";"filme";" 4.664921e-24"
" 124";" 157";" 78.98";"101.775";"legal";" 6.221079e-24"
" 114";" 141";" 80.85";"100.251";"comprar";" 1.342621e-23"
" 139";" 184";" 75.54";" 99.419";"caro";" 2.043953e-23"
" 104";" 125";" 83.20";" 99.249";"instagram";" 2.226457e-23"
" 117";" 148";" 79.05";" 96.263";"pô";" 1.005762e-22"
"  65";"  66";" 98.48";" 95.485";"feminista";" 1.490364e-22"
" 142";" 192";" 73.96";" 94.797";"errado";" 2.109975e-22"
" 327";" 547";" 59.78";" 94.101";"tomar";" 2.998360e-22"
" 144";" 196";" 73.47";" 94.043";"igual";" 3.087047e-22"
" 177";" 256";" 69.14";" 93.578";"basicamente";" 3.904316e-22"
" 106";" 132";" 80.30";" 91.335";"foto";" 1.212901e-21"
"1093";"2238";" 48.84";" 85.567";"dar";" 2.239974e-20"
"3017";"6800";" 44.37";" 84.698";"aqui";" 3.476163e-20"
" 309";" 523";" 59.08";" 83.737";"política";" 5.650995e-20"
"1489";"3162";" 47.09";" 82.382";"muito";" 1.121556e-19"
"  84";" 100";" 84.00";" 82.265";"cultural";" 1.190406e-19"
"  84";" 100";" 84.00";" 82.265";"youtube";" 1.190406e-19"
" 618";"1184";" 52.20";" 80.941";"deixar";" 2.325971e-19"
"  92";" 115";" 80.00";" 78.335";"felipe";" 8.696679e-19"
"  65";"  72";" 90.28";" 77.124";"bacana";" 1.605167e-18"
" 127";" 178";" 71.35";" 74.957";"campanha";" 4.810157e-18"
" 453";" 838";" 54.06";" 74.555";"nada";" 5.896212e-18"
"  98";" 128";" 76.56";" 72.985";"postar";" 1.306239e-17"
" 102";" 135";" 75.56";" 72.848";"neto";" 1.400248e-17"
" 172";" 264";" 65.15";" 72.139";"parar";" 2.006031e-17"
"  51";"  53";" 96.23";" 70.861";"máscara";" 3.833622e-17"
"  62";"  70";" 88.57";" 70.002";"ea";" 5.925888e-17"
" 134";" 196";" 68.37";" 67.766";"vereador";" 1.841097e-16"
" 226";" 375";" 60.27";" 67.200";"mudar";" 2.452616e-16"
" 259";" 442";" 58.60";" 67.047";"tirar";" 2.650461e-16"
" 100";" 135";" 74.07";" 66.951";"jogar";" 2.783460e-16"
"  65";"  76";" 85.53";" 66.840";"economia";" 2.944756e-16"
" 414";" 768";" 53.91";" 66.703";"dentro";" 3.156505e-16"
"  59";"  67";" 88.06";" 65.597";"bh";" 5.530944e-16"
" 277";" 481";" 57.59";" 65.481";"acabar";" 5.868636e-16"
" 171";" 269";" 63.57";" 64.657";"eleição";" 8.914662e-16"
" 160";" 248";" 64.52";" 64.382";"mentira";" 1.024770e-15"
"  66";"  79";" 83.54";" 63.605";"cristianismo";" 1.520601e-15"
"  44";"  45";" 97.78";" 63.493";"conservadorismo";" 1.609641e-15"
"  52";"  57";" 91.23";" 63.335";"socialismo";" 1.743726e-15"
" 138";" 208";" 66.35";" 62.158";"bater";" 3.169065e-15"
" 131";" 195";" 67.18";" 61.944";"rua";" 3.533136e-15"
"  66";"  80";" 82.50";" 61.380";"super";" 4.705801e-15"
" 415";" 783";" 53.00";" 59.649";"bolsonaro";" 1.133854e-14"
" 595";"1180";" 50.42";" 59.383";"olhar";" 1.297713e-14"
"  80";" 105";" 76.19";" 58.614";"jogo";" 1.918739e-14"
"  77";" 100";" 77.00";" 58.316";"engraçado";" 2.232427e-14"
" 429";" 816";" 52.57";" 58.306";"algo";" 2.243952e-14"
"  75";"  97";" 77.32";" 57.533";"canal";" 3.323342e-14"
" 113";" 165";" 68.48";" 57.445";"mídia";" 3.476264e-14"
" 204";" 343";" 59.48";" 56.750";"vender";" 4.948242e-14"
" 104";" 149";" 69.80";" 56.683";"velho";" 5.121031e-14"
" 159";" 254";" 62.60";" 56.152";"poxa";" 6.706781e-14"
"  45";"  49";" 91.84";" 55.722";"módulo";" 8.347302e-14"
"  84";" 115";" 73.04";" 53.620";"comunista";" 2.433264e-13"
"  35";"  35";"100.00";" 53.214";"facebook";" 2.991370e-13"
"  57";"  69";" 82.61";" 53.186";"seguidor";" 3.034165e-13"
"1040";"2217";" 46.91";" 52.690";"já";" 3.904897e-13"
"  75";" 100";" 75.00";" 52.228";"faculdade";" 4.941156e-13"
" 258";" 461";" 55.97";" 51.838";"seguinte";" 6.027038e-13"
" 522";"1036";" 50.39";" 51.459";"bem";" 7.310033e-13"
"  99";" 144";" 68.75";" 51.018";"monte";" 9.150070e-13"
" 102";" 150";" 68.00";" 50.447";"fácil";" 1.224363e-12"
" 165";" 272";" 60.66";" 50.423";"obviamente";" 1.239280e-12"
"  72";"  96";" 75.00";" 50.131";"fome";" 1.438169e-12"
" 169";" 282";" 59.93";" 48.704";"lutar";" 2.976148e-12"
" 116";" 179";" 64.80";" 47.424";"concordar";" 5.719041e-12"
" 314";" 588";" 53.40";" 47.151";"talvez";" 6.573410e-12"
"  41";"  46";" 89.13";" 47.014";"comunismo";" 7.047293e-12"
" 145";" 236";" 61.44";" 46.994";"inteiro";" 7.119525e-12"
" 191";" 329";" 58.05";" 46.864";"enfim";" 7.607819e-12"
" 237";" 425";" 55.76";" 46.549";"pensar";" 8.933516e-12"
" 141";" 229";" 61.57";" 46.140";"utilizar";" 1.100800e-11"
" 151";" 249";" 60.64";" 46.032";"destruir";" 1.163408e-11"
" 425";" 834";" 50.96";" 45.608";"entender";" 1.444794e-11"
"  45";"  53";" 84.91";" 45.316";"preto";" 1.676876e-11"
" 137";" 222";" 61.71";" 45.290";"ideia";" 1.698799e-11"
"  60";"  78";" 76.92";" 45.259";"show";" 1.726424e-11"
" 179";" 307";" 58.31";" 44.898";"mandar";" 2.076206e-11"
"  41";"  47";" 87.23";" 44.422";"time";" 2.646619e-11"
" 182";" 314";" 57.96";" 44.249";"livro";" 2.892073e-11"
" 245";" 446";" 54.93";" 43.956";"lado";" 3.359227e-11"
" 424";" 836";" 50.72";" 43.779";"depois";" 3.677135e-11"
" 103";" 158";" 65.19";" 43.119";"internet";" 5.150889e-11"
"  38";"  43";" 88.37";" 42.605";"feminismo";" 6.700265e-11"
"  43";"  51";" 84.31";" 42.468";"artista";" 7.186085e-11"
"  34";"  37";" 91.89";" 42.145";"fascismo";" 8.476400e-11"
"  34";"  37";" 91.89";" 42.145";"vírus";" 8.476400e-11"
"  32";"  34";" 94.12";" 42.097";"puc";" 8.687032e-11"
"  61";"  82";" 74.39";" 41.330";"loucura";" 1.285797e-10"
" 241";" 443";" 54.40";" 40.663";"defender";" 1.809235e-10"
"  55";"  73";" 75.34";" 38.828";"bonito";" 4.628459e-10"
" 169";" 295";" 57.29";" 38.529";"guerra";" 5.393410e-10"
"  61";"  84";" 72.62";" 38.127";"ignorar";" 6.628737e-10"
" 260";" 489";" 53.17";" 37.743";"contrário";" 8.069847e-10"
"  29";"  31";" 93.55";" 37.579";"curtir";" 8.779467e-10"
" 113";" 183";" 61.75";" 37.400";"cabeça";" 9.620172e-10"
"  94";" 146";" 64.38";" 37.344";"atacar";" 9.901171e-10"
" 102";" 162";" 62.96";" 36.826";"completamente";" 1.291292e-09"
"  32";"  36";" 88.89";" 36.420";"hotel";" 1.590344e-09"
"  28";"  30";" 93.33";" 36.075";"olavo";" 1.898514e-09"
"  28";"  30";" 93.33";" 36.075";"global";" 1.898514e-09"
"  40";"  49";" 81.63";" 36.042";"famoso";" 1.931445e-09"
"  43";"  54";" 79.63";" 36.022";"perfil";" 1.951243e-09"
"  76";" 113";" 67.26";" 35.979";"comer";" 1.994878e-09"
"  33";"  38";" 86.84";" 35.313";"candidatar";" 2.807315e-09"
"  74";" 110";" 67.27";" 35.060";"pandemia";" 3.196695e-09"
"  29";"  32";" 90.62";" 34.694";"link";" 3.857957e-09"
" 112";" 184";" 60.87";" 34.666";"mina";" 3.913881e-09"
"  25";"  26";" 96.15";" 34.635";"funk";" 3.976750e-09"
" 285";" 550";" 51.82";" 34.440";"sair";" 4.396142e-09"
" 105";" 171";" 61.40";" 33.846";"compreender";" 5.966574e-09"
"  30";"  34";" 88.24";" 33.486";"hipócrita";" 7.177509e-09"
"  24";"  25";" 96.00";" 33.120";"capitalismo";" 8.662794e-09"
"  49";"  66";" 74.24";" 32.961";"quantidade";" 9.400496e-09"
"  73";" 110";" 66.36";" 32.786";"aparecer";" 1.029050e-08"
" 303";" 595";" 50.92";" 32.019";"contar";" 1.526569e-08"
"  37";"  46";" 80.43";" 31.925";"produção";" 1.602213e-08"
"  23";"  24";" 95.83";" 31.606";"publicação";" 1.888209e-08"
"  23";"  24";" 95.83";" 31.606";"anitta";" 1.888209e-08"
"  87";" 138";" 63.04";" 31.558";"sério";" 1.935993e-08"
"  65";"  96";" 67.71";" 31.555";"pronto";" 1.938710e-08"
" 124";" 212";" 58.49";" 31.501";"seguir";" 1.993800e-08"
"  32";"  38";" 84.21";" 31.480";"manchete";" 2.015174e-08"
"  79";" 123";" 64.23";" 31.036";"culpa";" 2.532706e-08"
"  33";"  40";" 82.50";" 30.641";"enganado";" 3.105111e-08"
"  36";"  45";" 80.00";" 30.567";"fascista";" 3.225839e-08"
"  47";"  64";" 73.44";" 30.487";"bicho";" 3.360279e-08"
"  20";"  20";"100.00";" 30.390";"desemprego";" 3.534102e-08"
" 128";" 222";" 57.66";" 30.138";"imaginar";" 4.024367e-08"
"  22";"  23";" 95.65";" 30.093";"pronome";" 4.118382e-08"
" 152";" 272";" 55.88";" 30.042";"perceber";" 4.226820e-08"
" 177";" 325";" 54.46";" 29.930";"social";" 4.478335e-08"
"  27";"  31";" 87.10";" 29.112";"ucrânia";" 6.831013e-08"
"  47";"  65";" 72.31";" 28.925";"viajar";" 7.522389e-08"
"  53";"  76";" 69.74";" 28.709";"influência";" 8.411798e-08"
" 193";" 362";" 53.31";" 28.399";"menos";" 9.869817e-08"
"  28";"  33";" 84.85";" 28.122";"propaganda";" 1.139276e-07"
" 400";" 823";" 48.60";" 28.112";"direito";" 1.144843e-07"
"  76";" 120";" 63.33";" 28.107";"simples";" 1.147832e-07"
"  18";"  18";"100.00";" 27.348";"podcast";" 1.698975e-07"
"  61";"  92";" 66.30";" 27.279";"tranquilo";" 1.761086e-07"
" 165";" 304";" 54.28";" 27.275";"liberdade";" 1.765191e-07"
"  29";"  35";" 82.86";" 27.255";"massa";" 1.783544e-07"
"  75";" 119";" 63.03";" 27.149";"pobre";" 1.883200e-07"
"  20";"  21";" 95.24";" 27.069";"curtido";" 1.963514e-07"
"  20";"  21";" 95.24";" 27.069";"soviético";" 1.963514e-07"
" 159";" 292";" 54.45";" 26.821";"matar";" 2.232190e-07"
"  27";"  32";" 84.38";" 26.699";"idiota";" 2.377121e-07"
" 191";" 361";" 52.91";" 26.653";"perder";" 2.434209e-07"
" 108";" 186";" 58.06";" 26.370";"época";" 2.819013e-07"
"  46";"  65";" 70.77";" 26.259";"gigantesco";" 2.984898e-07"
"  38";"  51";" 74.51";" 25.851";"tamo";" 3.688948e-07"
"  17";"  17";"100.00";" 25.828";"filósofo";" 3.732175e-07"
" 111";" 193";" 57.51";" 25.750";"estudar";" 3.886683e-07"
"  21";"  23";" 91.30";" 25.597";"livraria";" 4.206857e-07"
"  19";"  20";" 95.00";" 25.558";"netflix";" 4.292631e-07"
"  49";"  71";" 69.01";" 25.539";"bola";" 4.334430e-07"
"  35";"  46";" 76.09";" 25.472";"enganar";" 4.487594e-07"
"  39";"  53";" 73.58";" 25.457";"mundial";" 4.522679e-07"
"  44";"  62";" 70.97";" 25.366";"rico";" 4.742960e-07"
"  32";"  41";" 78.05";" 25.213";"revolução";" 5.132302e-07"
"  32";"  41";" 78.05";" 25.213";"pau";" 5.132302e-07"
"  32";"  41";" 78.05";" 25.213";"antigamente";" 5.132302e-07"
"  29";"  36";" 80.56";" 25.123";"cancelar";" 5.377918e-07"
"  29";"  36";" 80.56";" 25.123";"calado";" 5.377918e-07"
"  53";"  79";" 67.09";" 24.813";"brincar";" 6.315829e-07"
" 115";" 203";" 56.65";" 24.533";"unido";" 7.306326e-07"
"  48";"  70";" 68.57";" 24.424";"divulgar";" 7.731019e-07"
"  22";"  25";" 88.00";" 24.375";"grana";" 7.928570e-07"
"  16";"  16";"100.00";" 24.308";"marketing";" 8.210529e-07"
"  16";"  16";"100.00";" 24.308";"clica";" 8.210529e-07"
"  34";"  45";" 75.56";" 24.195";"perigo";" 8.705988e-07"
"  18";"  19";" 94.74";" 24.049";"cliente";" 9.393253e-07"
"  18";"  19";" 94.74";" 24.049";"tik";" 9.393253e-07"
"  28";"  35";" 80.00";" 23.765";"caixa";" 1.088689e-06"
"  40";"  56";" 71.43";" 23.586";"branco";" 1.194708e-06"
"  69";" 111";" 62.16";" 23.477";"aborto";" 1.264437e-06"
"  78";" 129";" 60.47";" 23.332";"ruim";" 1.363182e-06"
" 665";"1456";" 45.67";" 22.966";"até";" 1.649134e-06"
"  21";"  24";" 87.50";" 22.917";"stories";" 1.691370e-06"
"  21";"  24";" 87.50";" 22.917";"maneiro";" 1.691370e-06"
"  15";"  15";"100.00";" 22.788";"banana";" 1.809235e-06"
"  15";"  15";"100.00";" 22.788";"chinês";" 1.809235e-06"
"  19";"  21";" 90.48";" 22.625";"ridículo";" 1.968918e-06"
"  85";" 144";" 59.03";" 22.576";"discurso";" 2.019745e-06"
"  17";"  18";" 94.44";" 22.541";"visualização";" 2.057554e-06"
"  82";" 138";" 59.42";" 22.518";"assistir";" 2.081634e-06"
"  24";"  29";" 82.76";" 22.474";"rolar";" 2.130157e-06"
"  27";"  34";" 79.41";" 22.415";"roupa";" 2.195955e-06"
" 219";" 432";" 50.69";" 22.156";"amigo";" 2.513943e-06"
" 168";" 320";" 52.50";" 22.149";"perguntar";" 2.522573e-06"
"  31";"  41";" 75.61";" 22.107";"cabelo";" 2.578059e-06"
"  31";"  41";" 75.61";" 22.107";"compra";" 2.578059e-06"
" 638";"1397";" 45.67";" 21.952";"colocar";" 2.795478e-06"
"  48";"  72";" 66.67";" 21.917";"mentiroso";" 2.847204e-06"
" 287";" 585";" 49.06";" 21.874";"hora";" 2.911358e-06"
"  20";"  23";" 86.96";" 21.465";"socialista";" 3.603987e-06"
"  29";"  38";" 76.32";" 21.301";"brincadeira";" 3.924983e-06"
"  14";"  14";"100.00";" 21.268";"prezar";" 3.994193e-06"
"  18";"  20";" 90.00";" 21.145";"flor";" 4.259090e-06"
"  18";"  20";" 90.00";" 21.145";"engolir";" 4.259090e-06"
"  87";" 150";" 58.00";" 21.086";"absurdo";" 4.390891e-06"
"  16";"  17";" 94.12";" 21.034";"chato";" 4.512062e-06"
" 206";" 406";" 50.74";" 20.969";"milhão";" 4.667587e-06"
"  82";" 140";" 58.57";" 20.921";"cultura";" 4.786393e-06"
"  60";"  96";" 62.50";" 20.907";"óbvio";" 4.821117e-06"
"  47";"  71";" 66.20";" 20.865";"impressionante";" 4.927224e-06"
"  30";"  40";" 75.00";" 20.841";"louco";" 4.990395e-06"
"  75";" 126";" 59.52";" 20.767";"menina";" 5.188061e-06"
"  75";" 126";" 59.52";" 20.767";"ligar";" 5.188061e-06"
" 145";" 273";" 53.11";" 20.713";"frente";" 5.335393e-06"
" 296";" 609";" 48.60";" 20.627";"existir";" 5.580723e-06"
"  36";"  51";" 70.59";" 20.353";"intelectual";" 6.440235e-06"
"  43";"  64";" 67.19";" 20.235";"trocar";" 6.847981e-06"
" 261";" 531";" 49.15";" 20.206";"nunca";" 6.953809e-06"
"  98";" 174";" 56.32";" 20.197";"idade";" 6.986672e-06"
"  82";" 141";" 58.16";" 20.153";"preocupado";" 7.147711e-06"
"  75";" 127";" 59.06";" 19.954";"jeito";" 7.934216e-06"
"  25";"  32";" 78.12";" 19.750";"bando";" 8.826268e-06"
"  25";"  32";" 78.12";" 19.750";"beber";" 8.826268e-06"
"  13";"  13";"100.00";" 19.748";"manipulação";" 8.836687e-06"
"  13";"  13";"100.00";" 19.748";"cruzeiro";" 8.836687e-06"
"  13";"  13";"100.00";" 19.748";"cinema";" 8.836687e-06"
"  13";"  13";"100.00";" 19.748";"king";" 8.836687e-06"
"  13";"  13";"100.00";" 19.748";"irracional";" 8.836687e-06"
"  22";"  27";" 81.48";" 19.699";"william";" 9.063372e-06"
"  17";"  19";" 89.47";" 19.668";"academia";" 9.211737e-06"
"  17";"  19";" 89.47";" 19.668";"tok";" 9.211737e-06"
"  17";"  19";" 89.47";" 19.668";"desenho";" 9.211737e-06"
"  29";"  39";" 74.36";" 19.588";"hipocrisia";" 9.608769e-06"
"  15";"  16";" 93.75";" 19.529";"ativismo";" 9.906951e-06"
"  49";"  76";" 64.47";" 19.527";"gravar";" 9.920574e-06"
"  34";"  48";" 70.83";" 19.458";"lidar";" 1.028128e-05"
" 268";" 549";" 48.82";" 19.443";"claro";" 1.036628e-05"
"  52";"  82";" 63.41";" 19.309";"comentar";" 1.111572e-05"
"  76";" 130";" 58.46";" 19.193";"trabalhador";" 1.181379e-05"
"  42";"  63";" 66.67";" 19.170";"europa";" 1.195576e-05"
"  20";"  24";" 83.33";" 19.095";"cubano";" 1.243572e-05"
"  31";"  43";" 72.09";" 18.867";"regime";" 1.401323e-05"
"  37";"  54";" 68.52";" 18.760";"viagem";" 1.482369e-05"
"  27";"  36";" 75.00";" 18.754";"xingar";" 1.487219e-05"
"  18";"  21";" 85.71";" 18.580";"genocídio";" 1.629461e-05"
"  18";"  21";" 85.71";" 18.580";"google";" 1.629461e-05"
"  18";"  21";" 85.71";" 18.580";"fumar";" 1.629461e-05"
"  32";"  45";" 71.11";" 18.567";"meter";" 1.640250e-05"
"  24";"  31";" 77.42";" 18.436";"porcaria";" 1.757430e-05"
"  24";"  31";" 77.42";" 18.436";"papo";" 1.757430e-05"
"  89";" 158";" 56.33";" 18.344";"ontem";" 1.844065e-05"
"  40";"  60";" 66.67";" 18.255";"mero";" 1.931925e-05"
"  12";"  12";"100.00";" 18.228";"vaca";" 1.959829e-05"
"  12";"  12";"100.00";" 18.228";"quarentena";" 1.959829e-05"
"  12";"  12";"100.00";" 18.228";"tolerância";" 1.959829e-05"
"  16";"  18";" 88.89";" 18.197";"bizarro";" 1.991893e-05"
"  34";"  49";" 69.39";" 18.062";"entrevista";" 2.138062e-05"
"  14";"  15";" 93.33";" 18.027";"coronavírus";" 2.178246e-05"
"  14";"  15";" 93.33";" 18.027";"neurônio";" 2.178246e-05"
"  29";"  40";" 72.50";" 17.993";"humanidade";" 2.217474e-05"
"  35";"  51";" 68.63";" 17.850";"página";" 2.390246e-05"
"  36";"  53";" 67.92";" 17.661";"opar";" 2.640512e-05"
"  75";" 130";" 57.69";" 17.651";"bastante";" 2.654115e-05"
"  47";"  74";" 63.51";" 17.566";"bastar";" 2.775653e-05"
"  26";"  35";" 74.29";" 17.502";"esquerdista";" 2.870651e-05"
"  50";"  80";" 62.50";" 17.411";"globo";" 3.010226e-05"
"  52";"  84";" 61.90";" 17.342";"normal";" 3.121775e-05"
"  38";"  57";" 66.67";" 17.340";"cadê";" 3.124727e-05"
"  17";"  20";" 85.00";" 17.149";"torcido";" 3.455813e-05"
"  17";"  20";" 85.00";" 17.149";"sorriso";" 3.455813e-05"
"  17";"  20";" 85.00";" 17.149";"rússia";" 3.455813e-05"
"  23";"  30";" 76.67";" 17.135";"dica";" 3.481266e-05"
"  27";"  37";" 72.97";" 17.125";"neutro";" 3.500165e-05"
"  20";"  25";" 80.00";" 16.968";"sexualidade";" 3.801768e-05"
"  20";"  25";" 80.00";" 16.968";"frio";" 3.801768e-05"
"  33";"  48";" 68.75";" 16.941";"jornal";" 3.856755e-05"
" 187";" 374";" 50.00";" 16.793";"fossar";" 4.168985e-05"
"  34";"  50";" 68.00";" 16.748";"avião";" 4.268500e-05"
"  15";"  17";" 88.24";" 16.732";"júlia";" 4.305697e-05"
"  44";"  69";" 63.77";" 16.728";"trás";" 4.314838e-05"
"  11";"  11";"100.00";" 16.708";"vacinar";" 4.359050e-05"
"  11";"  11";"100.00";" 16.708";"luxo";" 4.359050e-05"
"  69";" 119";" 57.98";" 16.677";"carro";" 4.432018e-05"
"  45";"  71";" 63.38";" 16.663";"total";" 4.463550e-05"
"  35";"  52";" 67.31";" 16.577";"capital";" 4.670704e-05"
"  13";"  14";" 92.86";" 16.527";"tático";" 4.796741e-05"
"  13";"  14";" 92.86";" 16.527";"mbl";" 4.796741e-05"
"  52";"  85";" 61.18";" 16.417";"influenciar";" 5.083964e-05"
"  21";"  27";" 77.78";" 16.361";"defeito";" 5.235470e-05"
" 466";"1018";" 45.78";" 16.312";"passar";" 5.371408e-05"
"  18";"  22";" 81.82";" 16.308";"sobreviver";" 5.384099e-05"
"  25";"  34";" 73.53";" 16.265";"jogador";" 5.506412e-05"
"  30";"  43";" 69.77";" 16.255";"palestra";" 5.537106e-05"
"  71";" 124";" 57.26";" 16.029";"funcionar";" 6.238245e-05"
"  26";"  36";" 72.22";" 15.918";"personagem";" 6.615632e-05"
"  67";" 116";" 57.76";" 15.857";"incrível";" 6.830158e-05"
"  22";"  29";" 75.86";" 15.850";"sensacional";" 6.856930e-05"
"  42";"  66";" 63.64";" 15.824";"escolha";" 6.952801e-05"
"  16";"  19";" 84.21";" 15.728";"entrevistar";" 7.313555e-05"
"  16";"  19";" 84.21";" 15.728";"baile";" 7.313555e-05"
"  87";" 158";" 55.06";" 15.656";"esquecer";" 7.597252e-05"
"  61";" 104";" 58.65";" 15.655";"negócio";" 7.602508e-05"
" 113";" 214";" 52.80";" 15.458";"pagar";" 8.437414e-05"
" 204";" 416";" 49.04";" 15.377";"dinheiro";" 8.804085e-05"
"  35";"  53";" 66.04";" 15.377";"praça";" 8.803136e-05"
"  28";"  40";" 70.00";" 15.354";"janja";" 8.914525e-05"
"  71";" 125";" 56.80";" 15.326";"gastar";" 9.045111e-05"
"  14";"  16";" 87.50";" 15.273";"copa";" 9.302742e-05"
"  14";"  16";" 87.50";" 15.273";"barato";" 9.302742e-05"
"  90";" 165";" 54.55";" 15.270";"explicar";" 9.320340e-05"
"  90";" 165";" 54.55";" 15.270";"volta";" 9.320340e-05"
" 127";" 245";" 51.84";" 15.199";"realidade";" 9.677860e-05"
"  10";"  10";"100.00";" 15.189";"porrada";" 9.728229e-05"
"  10";"  10";"100.00";" 15.189";"justin";" 9.728229e-05"
"  10";"  10";"100.00";" 15.189";"bieber";" 9.728229e-05"
"  10";"  10";"100.00";" 15.189";"distanciamento";" 9.728229e-05"
"  10";"  10";"100.00";" 15.189";"teológico";" 9.728229e-05"
"  10";"  10";"100.00";" 15.189";"nando";" 9.728229e-05"
"  10";"  10";"100.00";" 15.189";"dório";" 9.728229e-05"
"  10";"  10";"100.00";" 15.189";"caraca";" 9.728229e-05"
"  24";"  33";" 72.73";" 15.046";"demorar";" 1.049068e-04"
"  74";" 132";" 56.06";" 14.819";"estratégia";" 1.183649e-04"
"  58";"  99";" 58.59";" 14.792";"conversa";" 1.200256e-04"
"  58";"  99";" 58.59";" 14.792";"conteúdo";" 1.200256e-04"
" 122";" 235";" 51.91";" 14.761";"exatamente";" 1.220508e-04"
"  31";"  46";" 67.39";" 14.750";"jornalista";" 1.227500e-04"
"  25";"  35";" 71.43";" 14.729";"classe";" 1.241451e-04"
"  25";"  35";" 71.43";" 14.729";"merda";" 1.241451e-04"
" 116";" 222";" 52.25";" 14.718";"mês";" 1.248515e-04"
"  52";"  87";" 59.77";" 14.674";"prestar";" 1.277644e-04"
"  96";" 179";" 53.63";" 14.595";"movimento";" 1.332772e-04"
"  21";"  28";" 75.00";" 14.582";"filmar";" 1.342147e-04"
"  21";"  28";" 75.00";" 14.582";"neymar";" 1.342147e-04"
" 263";" 553";" 47.56";" 14.552";"mulher";" 1.363319e-04"
" 228";" 473";" 48.20";" 14.526";"jovem";" 1.382136e-04"
" 177";" 358";" 49.44";" 14.367";"pergunta";" 1.504086e-04"
"  15";"  18";" 83.33";" 14.318";"carnaval";" 1.543853e-04"
"  15";"  18";" 83.33";" 14.318";"engajamento";" 1.543853e-04"
"  15";"  18";" 83.33";" 14.318";"almoçar";" 1.543853e-04"
"  15";"  18";" 83.33";" 14.318";"picanha";" 1.543853e-04"
"  15";"  18";" 83.33";" 14.318";"carvalho";" 1.543853e-04"
"1966";"4664";" 42.15";" 14.296";"gente";" 1.561575e-04"
"  27";"  39";" 69.23";" 14.219";"vacina";" 1.627515e-04"
"  22";"  30";" 73.33";" 14.183";"influenciador";" 1.658186e-04"
"  28";"  41";" 68.29";" 14.014";"genocida";" 1.814533e-04"
"  55";"  94";" 58.51";" 13.931";"médico";" 1.896771e-04"
"  40";"  64";" 62.50";" 13.920";"maria";" 1.907447e-04"
"  53";"  90";" 58.89";" 13.878";"correr";" 1.950957e-04"
"  51";"  86";" 59.30";" 13.837";"cá";" 1.994124e-04"
"  43";"  70";" 61.43";" 13.831";"produzir";" 2.000546e-04"
"  13";"  15";" 86.67";" 13.823";"borboleta";" 2.008559e-04"
"  13";"  15";" 86.67";" 13.823";"luciano";" 2.008559e-04"
"  13";"  15";" 86.67";" 13.823";"promoção";" 2.008559e-04"
"  13";"  15";" 86.67";" 13.823";"francês";" 2.008559e-04"
"  13";"  15";" 86.67";" 13.823";"balela";" 2.008559e-04"
"  19";"  25";" 76.00";" 13.766";"shopping";" 2.070520e-04"
"  19";"  25";" 76.00";" 13.766";"nazismo";" 2.070520e-04"
"  30";"  45";" 66.67";" 13.683";"ótimo";" 2.163822e-04"
"   9";"   9";"100.00";" 13.669";"adesivo";" 2.179881e-04"
"   9";"   9";"100.00";" 13.669";"sbt";" 2.179881e-04"
"   9";"   9";"100.00";" 13.669";"zap";" 2.179881e-04"
"   9";"   9";"100.00";" 13.669";"criativo";" 2.179881e-04"
"   9";"   9";"100.00";" 13.669";"indy";" 2.179881e-04"
"   9";"   9";"100.00";" 13.669";"bonner";" 2.179881e-04"
"  16";"  20";" 80.00";" 13.572";"loja";" 2.296363e-04"
"  16";"  20";" 80.00";" 13.572";"peito";" 2.296363e-04"
"  16";"  20";" 80.00";" 13.572";"presidencial";" 2.296363e-04"
"  11";"  12";" 91.67";" 13.537";"retratar";" 2.338774e-04"
"  11";"  12";" 91.67";" 13.537";"caridade";" 2.338774e-04"
"  11";"  12";" 91.67";" 13.537";"bravo";" 2.338774e-04"
"  11";"  12";" 91.67";" 13.537";"seriado";" 2.338774e-04"
"  32";"  49";" 65.31";" 13.436";"trump";" 2.468943e-04"
"  33";"  51";" 64.71";" 13.337";"mano";" 2.602353e-04"
"  20";"  27";" 74.07";" 13.332";"igualdade";" 2.608898e-04"
"  25";"  36";" 69.44";" 13.314";"batalhar";" 2.634360e-04"
"  25";"  36";" 69.44";" 13.314";"tradicional";" 2.634360e-04"
"  58";" 101";" 57.43";" 13.294";"notícia";" 2.662295e-04"
"  90";" 169";" 53.25";" 13.038";"mente";" 3.051799e-04"
"  17";"  22";" 77.27";" 12.977";"ativista";" 3.153236e-04"
"  17";"  22";" 77.27";" 12.977";"ovo";" 3.153236e-04"
"  17";"  22";" 77.27";" 12.977";"azul";" 3.153236e-04"
"  48";"  81";" 59.26";" 12.972";"pressão";" 3.161299e-04"
"  14";"  17";" 82.35";" 12.921";"gol";" 3.249135e-04"
" 120";" 235";" 51.06";" 12.774";"cair";" 3.514796e-04"
"  28";"  42";" 66.67";" 12.769";"bolo";" 3.523275e-04"
"  28";"  42";" 66.67";" 12.769";"tamanho";" 3.523275e-04"
"  29";"  44";" 65.91";" 12.637";"empresário";" 3.781486e-04"
" 153";" 309";" 49.51";" 12.563";"parecer";" 3.934744e-04"
"  18";"  24";" 75.00";" 12.497";"turno";" 4.077027e-04"
"  18";"  24";" 75.00";" 12.497";"camisa";" 4.077027e-04"
"  18";"  24";" 75.00";" 12.497";"doutor";" 4.077027e-04"
"  18";"  24";" 75.00";" 12.497";"progressista";" 4.077027e-04"
"  23";"  33";" 69.70";" 12.411";"maluco";" 4.267768e-04"
"  12";"  14";" 85.71";" 12.383";"ética";" 4.332619e-04"
"  12";"  14";" 85.71";" 12.383";"zoar";" 4.332619e-04"
"  12";"  14";" 85.71";" 12.383";"argumentar";" 4.332619e-04"
"  32";"  50";" 64.00";" 12.347";"adulto";" 4.417376e-04"
"  24";"  35";" 68.57";" 12.195";"piada";" 4.792501e-04"
"  24";"  35";" 68.57";" 12.195";"futebol";" 4.792501e-04"
"  24";"  35";" 68.57";" 12.195";"whatsapp";" 4.792501e-04"
"   8";"   8";"100.00";" 12.150";"of";" 4.908760e-04"
"   8";"   8";"100.00";" 12.150";"dubai";" 4.908760e-04"
"   8";"   8";"100.00";" 12.150";"boleto";" 4.908760e-04"
"   8";"   8";"100.00";" 12.150";"burguês";" 4.908760e-04"
"   8";"   8";"100.00";" 12.150";"burguesia";" 4.908760e-04"
"   8";"   8";"100.00";" 12.150";"km";" 4.908760e-04"
"   8";"   8";"100.00";" 12.150";"escroto";" 4.908760e-04"
"   8";"   8";"100.00";" 12.150";"descartável";" 4.908760e-04"
"   8";"   8";"100.00";" 12.150";"ávila";" 4.908760e-04"
"   8";"   8";"100.00";" 12.150";"roger";" 4.908760e-04"
"   8";"   8";"100.00";" 12.150";"luther";" 4.908760e-04"
"   8";"   8";"100.00";" 12.150";"cauterizado";" 4.908760e-04"
"  37";"  60";" 61.67";" 12.111";"ventre";" 5.011844e-04"
"  61";" 109";" 55.96";" 12.080";"ideologia";" 5.096181e-04"
"  43";"  72";" 59.72";" 12.079";"consequência";" 5.098764e-04"
"  42";"  70";" 60.00";" 12.071";"regra";" 5.121319e-04"
"  70";" 128";" 54.69";" 12.055";"botar";" 5.164111e-04"
"  10";"  11";" 90.91";" 12.049";"lacrolândia";" 5.180878e-04"
"  10";"  11";" 90.91";" 12.049";"desempregado";" 5.180878e-04"
"  10";"  11";" 90.91";" 12.049";"gradual";" 5.180878e-04"
"  10";"  11";" 90.91";" 12.049";"react";" 5.180878e-04"
"  10";"  11";" 90.91";" 12.049";"monopólio";" 5.180878e-04"
"  10";"  11";" 90.91";" 12.049";"hitler";" 5.180878e-04"
"  25";"  37";" 67.57";" 12.011";"complicado";" 5.287806e-04"
" 116";" 228";" 50.88";" 11.986";"atrás";" 5.360295e-04"
"  26";"  39";" 66.67";" 11.856";"inacreditável";" 5.747854e-04"
"  20";"  28";" 71.43";" 11.780";"televisão";" 5.988288e-04"
"  74";" 137";" 54.01";" 11.774";"virar";" 6.006330e-04"
" 237";" 503";" 47.12";" 11.765";"meio";" 6.034916e-04"
"  16";"  21";" 76.19";" 11.683";"like";" 6.306518e-04"
"  16";"  21";" 76.19";" 11.683";"namorado";" 6.306518e-04"
"  16";"  21";" 76.19";" 11.683";"burro";" 6.306518e-04"
"  63";" 114";" 55.26";" 11.572";"rápido";" 6.696827e-04"
"  51";"  89";" 57.30";" 11.548";"agenda";" 6.782836e-04"
"  13";"  16";" 81.25";" 11.540";"homossexualidade";" 6.813096e-04"
"  13";"  16";" 81.25";" 11.540";"russo";" 6.813096e-04"
"  13";"  16";" 81.25";" 11.540";"metro";" 6.813096e-04"
"  50";"  87";" 57.47";" 11.504";"droga";" 6.945109e-04"
"  48";"  83";" 57.83";" 11.423";"argumento";" 7.255569e-04"
"  47";"  81";" 58.02";" 11.386";"gosto";" 7.401493e-04"
"  22";"  32";" 68.75";" 11.286";"tela";" 7.807305e-04"
"  42";"  71";" 59.15";" 11.245";"etc";" 7.982760e-04"
"  39";"  65";" 60.00";" 11.207";"referência";" 8.151124e-04"
"  23";"  34";" 67.65";" 11.099";"china";" 8.636572e-04"
"  23";"  34";" 67.65";" 11.099";"maconha";" 8.636572e-04"
"  11";"  13";" 84.62";" 10.955";"louro";" 9.333678e-04"
"  11";"  13";" 84.62";" 10.955";"protagonista";" 9.333678e-04"
"  11";"  13";" 84.62";" 10.955";"cancelamento";" 9.333678e-04"
"  11";"  13";" 84.62";" 10.955";"rótulo";" 9.333678e-04"
"  11";"  13";" 84.62";" 10.955";"brother";" 9.333678e-04"
"  11";"  13";" 84.62";" 10.955";"tiktok";" 9.333678e-04"
"  11";"  13";" 84.62";" 10.955";"raça";" 9.333678e-04"
"  11";"  13";" 84.62";" 10.955";"fumaça";" 9.333678e-04"
"  11";"  13";" 84.62";" 10.955";"manuela";" 9.333678e-04"
"  14";"  18";" 77.78";" 10.903";"zinho";" 9.599216e-04"
"  14";"  18";" 77.78";" 10.903";"apertar";" 9.599216e-04"
"  69";" 128";" 53.91";" 10.831";"comentário";" 9.983631e-04"
"  87";" 167";" 52.10";" 10.773";"medo";" 1.029811e-03"
" 120";" 240";" 50.00";" 10.718";"humano";" 1.061130e-03"
" 292";" 635";" 45.98";" 10.714";"entrar";" 1.063136e-03"
"  26";"  40";" 65.00";" 10.703";"turma";" 1.069508e-03"
" 106";" 209";" 50.72";" 10.667";"principalmente";" 1.090439e-03"
"   7";"   7";"100.00";" 10.631";"direct";" 1.112176e-03"
"   7";"   7";"100.00";" 10.631";"agro";" 1.112176e-03"
"   7";"   7";"100.00";" 10.631";"bio";" 1.112176e-03"
"   7";"   7";"100.00";" 10.631";"alemão";" 1.112176e-03"
"   7";"   7";"100.00";" 10.631";"neném";" 1.112176e-03"
"   7";"   7";"100.00";" 10.631";"reter";" 1.112176e-03"
"   7";"   7";"100.00";" 10.631";"laranja";" 1.112176e-03"
"   7";"   7";"100.00";" 10.631";"escrúpulo";" 1.112176e-03"
"   7";"   7";"100.00";" 10.631";"dossiê";" 1.112176e-03"
"   7";"   7";"100.00";" 10.631";"artificial";" 1.112176e-03"
"   7";"   7";"100.00";" 10.631";"pudim";" 1.112176e-03"
"   7";"   7";"100.00";" 10.631";"progressivo";" 1.112176e-03"
"   7";"   7";"100.00";" 10.631";"cooptar";" 1.112176e-03"
"   7";"   7";"100.00";" 10.631";"compilar";" 1.112176e-03"
"   7";"   7";"100.00";" 10.631";"comercial";" 1.112176e-03"
"  27";"  42";" 64.29";" 10.613";"letra";" 1.122744e-03"
"  19";"  27";" 70.37";" 10.613";"tirania";" 1.122822e-03"
"   9";"  10";" 90.00";" 10.568";"útero";" 1.150596e-03"
"   9";"  10";" 90.00";" 10.568";"pichação";" 1.150596e-03"
"   9";"  10";" 90.00";" 10.568";"bosta";" 1.150596e-03"
"   9";"  10";" 90.00";" 10.568";"porcento";" 1.150596e-03"
"   9";"  10";" 90.00";" 10.568";"fã";" 1.150596e-03"
"   9";"  10";" 90.00";" 10.568";"bunda";" 1.150596e-03"
"  28";"  44";" 63.64";" 10.540";"mercado";" 1.168321e-03"
"  43";"  74";" 58.11";" 10.494";"serviço";" 1.197829e-03"
"  30";"  48";" 62.50";" 10.433";"carinho";" 1.237573e-03"
" 300";" 655";" 45.80";" 10.426";"sempre";" 1.242572e-03"
"  15";"  20";" 75.00";" 10.412";"trair";" 1.251905e-03"
"  15";"  20";" 75.00";" 10.412";"inflação";" 1.251905e-03"
"  15";"  20";" 75.00";" 10.412";"agressão";" 1.251905e-03"
"  31";"  50";" 62.00";" 10.397";"católico";" 1.261995e-03"
" 112";" 223";" 50.22";" 10.390";"ajudar";" 1.266904e-03"
"  39";"  66";" 59.09";" 10.383";"eleger";" 1.272144e-03"
"  32";"  52";" 61.54";" 10.371";"posto";" 1.280193e-03"
"  37";"  62";" 59.68";" 10.351";"discordar";" 1.294153e-03"
"  37";"  62";" 59.68";" 10.351";"aguentar";" 1.294153e-03"
"  52";"  93";" 55.91";" 10.238";"preocupar";" 1.375877e-03"
"  21";"  31";" 67.74";" 10.187";"adquirir";" 1.413982e-03"
"  12";"  15";" 80.00";" 10.177";"grávido";" 1.422309e-03"
"  12";"  15";" 80.00";" 10.177";"candidatura";" 1.422309e-03"
"  12";"  15";" 80.00";" 10.177";"índio";" 1.422309e-03"
"  12";"  15";" 80.00";" 10.177";"produto";" 1.422309e-03"
"  12";"  15";" 80.00";" 10.177";"feio";" 1.422309e-03"
"  50";"  89";" 56.18";" 10.120";"formar";" 1.466736e-03"
"  58";" 106";" 54.72";" 10.014";"celular";" 1.553641e-03"
"  44";"  77";" 57.14";"  9.805";"desistir";" 1.740742e-03"
"  44";"  77";" 57.14";"  9.805";"juventude";" 1.740742e-03"
"  24";"  37";" 64.86";"  9.794";"indignado";" 1.751058e-03"
"  24";"  37";" 64.86";"  9.794";"criticar";" 1.751058e-03"
"  17";"  24";" 70.83";"  9.720";"garoto";" 1.822882e-03"
"  39";"  67";" 58.21";"  9.603";"preço";" 1.942826e-03"
"  39";"  67";" 58.21";"  9.603";"prometer";" 1.942826e-03"
"  13";"  17";" 76.47";"  9.602";"rodar";" 1.943517e-03"
"  13";"  17";" 76.47";"  9.602";"chat";" 1.943517e-03"
"  89";" 174";" 51.15";"  9.578";"importar";" 1.969581e-03"
"  10";"  12";" 83.33";"  9.543";"anti";" 2.007126e-03"
"  10";"  12";" 83.33";"  9.543";"hegemonia";" 2.007126e-03"
"  10";"  12";" 83.33";"  9.543";"cerveja";" 2.007126e-03"
"  10";"  12";" 83.33";"  9.543";"vizinho";" 2.007126e-03"
"  10";"  12";" 83.33";"  9.543";"zoeira";" 2.007126e-03"
"  10";"  12";" 83.33";"  9.543";"formado";" 2.007126e-03"
"  10";"  12";" 83.33";"  9.543";"estúdio";" 2.007126e-03"
"  10";"  12";" 83.33";"  9.543";"chapa";" 2.007126e-03"
"  10";"  12";" 83.33";"  9.543";"martin";" 2.007126e-03"
"  29";"  47";" 61.70";"  9.513";"segurar";" 2.040380e-03"
"  66";" 124";" 53.23";"  9.509";"sentar";" 2.044754e-03"
"  31";"  51";" 60.78";"  9.480";"lgbt";" 2.076821e-03"
"  71";" 135";" 52.59";"  9.409";"resolver";" 2.158841e-03"
"  56";" 103";" 54.37";"  9.283";"caráter";" 2.312593e-03"
"  19";"  28";" 67.86";"  9.276";"conquistar";" 2.321431e-03"
"  19";"  28";" 67.86";"  9.276";"complexo";" 2.321431e-03"
"  19";"  28";" 67.86";"  9.276";"site";" 2.321431e-03"
"  19";"  28";" 67.86";"  9.276";"raiva";" 2.321431e-03"
"  14";"  19";" 73.68";"  9.167";"chocar";" 2.463785e-03"
"  14";"  19";" 73.68";"  9.167";"banho";" 2.463785e-03"
"   6";"   6";"100.00";"  9.112";"careta";" 2.539690e-03"
"   6";"   6";"100.00";"  9.112";"barbie";" 2.539690e-03"
"   6";"   6";"100.00";"  9.112";"quadrado";" 2.539690e-03"
"   6";"   6";"100.00";"  9.112";"matrix";" 2.539690e-03"
"   6";"   6";"100.00";"  9.112";"calça";" 2.539690e-03"
"   6";"   6";"100.00";"  9.112";"ronaldo";" 2.539690e-03"
"   6";"   6";"100.00";"  9.112";"gramishismo";" 2.539690e-03"
"   6";"   6";"100.00";"  9.112";"funil";" 2.539690e-03"
"   6";"   6";"100.00";"  9.112";"xadrez";" 2.539690e-03"
"   6";"   6";"100.00";"  9.112";"moderado";" 2.539690e-03"
"   6";"   6";"100.00";"  9.112";"mini";" 2.539690e-03"
"   6";"   6";"100.00";"  9.112";"gravata";" 2.539690e-03"
"   6";"   6";"100.00";"  9.112";"encosta";" 2.539690e-03"
"   6";"   6";"100.00";"  9.112";"sensual";" 2.539690e-03"
"   6";"   6";"100.00";"  9.112";"scruton";" 2.539690e-03"
"   6";"   6";"100.00";"  9.112";"rola";" 2.539690e-03"
"   6";"   6";"100.00";"  9.112";"progressismo";" 2.539690e-03"
"   6";"   6";"100.00";"  9.112";"pilha";" 2.539690e-03"
"   6";"   6";"100.00";"  9.112";"patrão";" 2.539690e-03"
"   6";"   6";"100.00";"  9.112";"orelha";" 2.539690e-03"
"   6";"   6";"100.00";"  9.112";"lote";" 2.539690e-03"
"   6";"   6";"100.00";"  9.112";"flow";" 2.539690e-03"
"   6";"   6";"100.00";"  9.112";"desmascarar";" 2.539690e-03"
"   6";"   6";"100.00";"  9.112";"danar";" 2.539690e-03"
"   6";"   6";"100.00";"  9.112";"cárcere";" 2.539690e-03"
"   6";"   6";"100.00";"  9.112";"culturalmente";" 2.539690e-03"
"   6";"   6";"100.00";"  9.112";"cal";" 2.539690e-03"
"   6";"   6";"100.00";"  9.112";"caixinha";" 2.539690e-03"
"   6";"   6";"100.00";"  9.112";"algodão";" 2.539690e-03"
"   8";"   9";" 88.89";"  9.095";"missa";" 2.562767e-03"
"   8";"   9";" 88.89";"  9.095";"poesia";" 2.562767e-03"
"   8";"   9";" 88.89";"  9.095";"stalin";" 2.562767e-03"
"   8";"   9";" 88.89";"  9.095";"pingo";" 2.562767e-03"
"   8";"   9";" 88.89";"  9.095";"japão";" 2.562767e-03"
"   8";"   9";" 88.89";"  9.095";"injetar";" 2.562767e-03"
"   8";"   9";" 88.89";"  9.095";"espanha";" 2.562767e-03"
"   8";"   9";" 88.89";"  9.095";"escalar";" 2.562767e-03"
"   8";"   9";" 88.89";"  9.095";"disputar";" 2.562767e-03"
"   8";"   9";" 88.89";"  9.095";"marxista";" 2.562767e-03"
"   8";"   9";" 88.89";"  9.095";"helicóptero";" 2.562767e-03"
" 910";"2128";" 42.76";"  9.059";"quando";" 2.614535e-03"
"  42";"  74";" 56.76";"  9.009";"hospital";" 2.686862e-03"
"  42";"  74";" 56.76";"  9.009";"esconder";" 2.686862e-03"
"  21";"  32";" 65.62";"  8.988";"nazista";" 2.717413e-03"
"  21";"  32";" 65.62";"  8.988";"cama";" 2.717413e-03"
"  21";"  32";" 65.62";"  8.988";"bolso";" 2.717413e-03"
"  40";"  70";" 57.14";"  8.911";"américa";" 2.834919e-03"
"  22";"  34";" 64.71";"  8.885";"controlar";" 2.874921e-03"
"  11";"  14";" 78.57";"  8.836";"top";" 2.953087e-03"
"  11";"  14";" 78.57";"  8.836";"apanhar";" 2.953087e-03"
"  11";"  14";" 78.57";"  8.836";"futuramente";" 2.953087e-03"
"  11";"  14";" 78.57";"  8.836";"big";" 2.953087e-03"
"  15";"  21";" 71.43";"  8.832";"adivinhar";" 2.959564e-03"
"  15";"  21";" 71.43";"  8.832";"sujo";" 2.959564e-03"
"  15";"  21";" 71.43";"  8.832";"pornográfico";" 2.959564e-03"
"  23";"  36";" 63.89";"  8.804";"parceiro";" 3.006333e-03"
"  23";"  36";" 63.89";"  8.804";"caminhada";" 3.006333e-03"
"  35";"  60";" 58.33";"  8.713";"inocente";" 3.159343e-03"
"  62";" 117";" 52.99";"  8.661";"cuidado";" 3.250489e-03"
"  33";"  56";" 58.93";"  8.659";"provar";" 3.254557e-03"
"  26";"  42";" 61.90";"  8.656";"virtude";" 3.259002e-03"
"  26";"  42";" 61.90";"  8.656";"geralmente";" 3.259002e-03"
"  27";"  44";" 61.36";"  8.633";"avisar";" 3.302043e-03"
"  27";"  44";" 61.36";"  8.633";"alimento";" 3.302043e-03"
"  31";"  52";" 59.62";"  8.624";"eleito";" 3.317564e-03"
"  29";"  48";" 60.42";"  8.613";"gênero";" 3.337606e-03"
" 305";" 676";" 45.12";"  8.489";"acreditar";" 3.572313e-03"
"  53";"  98";" 54.08";"  8.488";"solução";" 3.574826e-03"
"  71";" 137";" 51.82";"  8.445";"representar";" 3.660150e-03"
"  52";"  96";" 54.17";"  8.413";"literalmente";" 3.725775e-03"
"  42";"  75";" 56.00";"  8.338";"triste";" 3.882028e-03"
"  12";"  16";" 75.00";"  8.328";"círculo";" 3.903075e-03"
"  12";"  16";" 75.00";"  8.328";"fofoca";" 3.903075e-03"
"  12";"  16";" 75.00";"  8.328";"vidro";" 3.903075e-03"
"  12";"  16";" 75.00";"  8.328";"racional";" 3.903075e-03"
"  12";"  16";" 75.00";"  8.328";"dançar";" 3.903075e-03"
"  41";"  73";" 56.16";"  8.280";"possuir";" 4.008873e-03"
" 128";" 265";" 48.30";"  8.259";"diferente";" 4.055122e-03"
"  57";" 107";" 53.27";"  8.255";"menino";" 4.064829e-03"
"  49";"  90";" 54.44";"  8.191";"adiantar";" 4.209699e-03"
"   9";"  11";" 81.82";"  8.150";"molhado";" 4.305357e-03"
"   9";"  11";" 81.82";"  8.150";"gênio";" 4.305357e-03"
"   9";"  11";" 81.82";"  8.150";"montar";" 4.305357e-03"
"   9";"  11";" 81.82";"  8.150";"lacração";" 4.305357e-03"
"   9";"  11";" 81.82";"  8.150";"velocidade";" 4.305357e-03"
"   9";"  11";" 81.82";"  8.150";"palhaçada";" 4.305357e-03"
"   9";"  11";" 81.82";"  8.150";"máquina";" 4.305357e-03"
"   9";"  11";" 81.82";"  8.150";"coca";" 4.305357e-03"
"   9";"  11";" 81.82";"  8.150";"uai";" 4.305357e-03"
"   9";"  11";" 81.82";"  8.150";"podre";" 4.305357e-03"
"   9";"  11";" 81.82";"  8.150";"moeda";" 4.305357e-03"
" 229";" 499";" 45.89";"  8.128";"tão";" 4.359264e-03"
"  19";"  29";" 65.52";"  8.077";"digital";" 4.483290e-03"
"  19";"  29";" 65.52";"  8.077";"doido";" 4.483290e-03"
"  81";" 160";" 50.62";"  8.014";"valer";" 4.642868e-03"
"  35";"  61";" 57.38";"  7.972";"mentir";" 4.749963e-03"
"  35";"  61";" 57.38";"  7.972";"errar";" 4.749963e-03"
"  13";"  18";" 72.22";"  7.953";"quente";" 4.800463e-03"
"  13";"  18";" 72.22";"  7.953";"documentário";" 4.800463e-03"
"  13";"  18";" 72.22";"  7.953";"cola";" 4.800463e-03"
" 380";" 857";" 44.34";"  7.949";"casa";" 4.810522e-03"
"  34";"  59";" 57.63";"  7.930";"cobrar";" 4.861997e-03"
"  21";"  33";" 63.64";"  7.901";"seletivo";" 4.939794e-03"
"  33";"  57";" 57.89";"  7.891";"odiar";" 4.967617e-03"
"  33";"  57";" 57.89";"  7.891";"recado";" 4.967617e-03"
"  33";"  57";" 57.89";"  7.891";"custo";" 4.967617e-03"
"  22";"  35";" 62.86";"  7.844";"árvore";" 5.099264e-03"
"  23";"  37";" 62.16";"  7.802";"arte";" 5.218013e-03"
"  30";"  51";" 58.82";"  7.798";"cor";" 5.229504e-03"
"  28";"  47";" 59.57";"  7.761";"noção";" 5.337962e-03"
"  28";"  47";" 59.57";"  7.761";"plataforma";" 5.337962e-03"
"  25";"  41";" 60.98";"  7.757";"café";" 5.349439e-03"
"  25";"  41";" 60.98";"  7.757";"pedra";" 5.349439e-03"
"  25";"  41";" 60.98";"  7.757";"eleitor";" 5.349439e-03"
"  25";"  41";" 60.98";"  7.757";"pesquisar";" 5.349439e-03"
"  25";"  41";" 60.98";"  7.757";"doce";" 5.349439e-03"
"  25";"  41";" 60.98";"  7.757";"máximo";" 5.349439e-03"
"  27";"  45";" 60.00";"  7.752";"modificar";" 5.364957e-03"
"  27";"  45";" 60.00";"  7.752";"exato";" 5.364957e-03"
"  27";"  45";" 60.00";"  7.752";"pesado";" 5.364957e-03"
"  14";"  20";" 70.00";"  7.671";"gay";" 5.612460e-03"
"   7";"   8";" 87.50";"  7.634";"mito";" 5.727345e-03"
"   7";"   8";" 87.50";"  7.634";"nojo";" 5.727345e-03"
"   7";"   8";" 87.50";"  7.634";"mamãe";" 5.727345e-03"
"   7";"   8";" 87.50";"  7.634";"comércio";" 5.727345e-03"
"   7";"   8";" 87.50";"  7.634";"cartaz";" 5.727345e-03"
"   7";"   8";" 87.50";"  7.634";"meme";" 5.727345e-03"
"   7";"   8";" 87.50";"  7.634";"g1";" 5.727345e-03"
"   7";"   8";" 87.50";"  7.634";"fábio";" 5.727345e-03"
"   7";"   8";" 87.50";"  7.634";"clt";" 5.727345e-03"
"   7";"   8";" 87.50";"  7.634";"anão";" 5.727345e-03"
"   7";"   8";" 87.50";"  7.634";"telefone";" 5.727345e-03"
"   7";"   8";" 87.50";"  7.634";"proletariado";" 5.727345e-03"
"   7";"   8";" 87.50";"  7.634";"outono";" 5.727345e-03"
"   7";"   8";" 87.50";"  7.634";"mc";" 5.727345e-03"
"   7";"   8";" 87.50";"  7.634";"maconheiro";" 5.727345e-03"
"   7";"   8";" 87.50";"  7.634";"lata";" 5.727345e-03"
"   7";"   8";" 87.50";"  7.634";"humor";" 5.727345e-03"
"   7";"   8";" 87.50";"  7.634";"emílio";" 5.727345e-03"
"   7";"   8";" 87.50";"  7.634";"cpec";" 5.727345e-03"
"   7";"   8";" 87.50";"  7.634";"chocolate";" 5.727345e-03"
"   5";"   5";"100.00";"  7.593";"ronaldinho";" 5.860046e-03"
"   5";"   5";"100.00";"  7.593";"subsequente";" 5.860046e-03"
"   5";"   5";"100.00";"  7.593";"pomba";" 5.860046e-03"
"   5";"   5";"100.00";"  7.593";"nadar";" 5.860046e-03"
"   5";"   5";"100.00";"  7.593";"ifood";" 5.860046e-03"
"   5";"   5";"100.00";"  7.593";"genial";" 5.860046e-03"
"   5";"   5";"100.00";"  7.593";"comício";" 5.860046e-03"
"   5";"   5";"100.00";"  7.593";"caminhão";" 5.860046e-03"
"   5";"   5";"100.00";"  7.593";"aprofundado";" 5.860046e-03"
"   5";"   5";"100.00";"  7.593";"wilber";" 5.860046e-03"
"   5";"   5";"100.00";"  7.593";"suécia";" 5.860046e-03"
"   5";"   5";"100.00";"  7.593";"solitário";" 5.860046e-03"
"   5";"   5";"100.00";"  7.593";"sinalização";" 5.860046e-03"
"   5";"   5";"100.00";"  7.593";"preguiçoso";" 5.860046e-03"
"   5";"   5";"100.00";"  7.593";"paredão";" 5.860046e-03"
"   5";"   5";"100.00";"  7.593";"mcdonald";" 5.860046e-03"
"   5";"   5";"100.00";"  7.593";"light";" 5.860046e-03"
"   5";"   5";"100.00";"  7.593";"lenin";" 5.860046e-03"
"   5";"   5";"100.00";"  7.593";"jordan";" 5.860046e-03"
"   5";"   5";"100.00";"  7.593";"imprevisto";" 5.860046e-03"
"   5";"   5";"100.00";"  7.593";"girar";" 5.860046e-03"
"   5";"   5";"100.00";"  7.593";"engler";" 5.860046e-03"
"   5";"   5";"100.00";"  7.593";"decência";" 5.860046e-03"
"   5";"   5";"100.00";"  7.593";"boate";" 5.860046e-03"
"   5";"   5";"100.00";"  7.593";"abóbora";" 5.860046e-03"
"   5";"   5";"100.00";"  7.593";"vanessa";" 5.860046e-03"
"   5";"   5";"100.00";"  7.593";"ucraniano";" 5.860046e-03"
"   5";"   5";"100.00";"  7.593";"tinta";" 5.860046e-03"
"   5";"   5";"100.00";"  7.593";"semanal";" 5.860046e-03"
"   5";"   5";"100.00";"  7.593";"repercussão";" 5.860046e-03"
"   5";"   5";"100.00";"  7.593";"recapitular";" 5.860046e-03"
"   5";"   5";"100.00";"  7.593";"pulmão";" 5.860046e-03"
"   5";"   5";"100.00";"  7.593";"proveito";" 5.860046e-03"
"   5";"   5";"100.00";"  7.593";"populista";" 5.860046e-03"
"   5";"   5";"100.00";"  7.593";"molotov";" 5.860046e-03"
"   5";"   5";"100.00";"  7.593";"miami";" 5.860046e-03"
"   5";"   5";"100.00";"  7.593";"marqueteiro";" 5.860046e-03"
"   5";"   5";"100.00";"  7.593";"malefício";" 5.860046e-03"
"   5";"   5";"100.00";"  7.593";"literatura";" 5.860046e-03"
"   5";"   5";"100.00";"  7.593";"incoerente";" 5.860046e-03"
"   5";"   5";"100.00";"  7.593";"iludir";" 5.860046e-03"
"   5";"   5";"100.00";"  7.593";"feedback";" 5.860046e-03"
"   5";"   5";"100.00";"  7.593";"fada";" 5.860046e-03"
"   5";"   5";"100.00";"  7.593";"eleitoreiro";" 5.860046e-03"
"   5";"   5";"100.00";"  7.593";"duplo";" 5.860046e-03"
"   5";"   5";"100.00";"  7.593";"drogado";" 5.860046e-03"
"   5";"   5";"100.00";"  7.593";"diplomático";" 5.860046e-03"
"   5";"   5";"100.00";"  7.593";"cio";" 5.860046e-03"
"   5";"   5";"100.00";"  7.593";"checklist";" 5.860046e-03"
"   5";"   5";"100.00";"  7.593";"camiseta";" 5.860046e-03"
"   5";"   5";"100.00";"  7.593";"autocrítica";" 5.860046e-03"
"   5";"   5";"100.00";"  7.593";"alba";" 5.860046e-03"
"  10";"  13";" 76.92";"  7.523";"zona";" 6.090000e-03"
"  10";"  13";" 76.92";"  7.523";"conservar";" 6.090000e-03"
"  10";"  13";" 76.92";"  7.523";"perna";" 6.090000e-03"
"  10";"  13";" 76.92";"  7.523";"piscina";" 6.090000e-03"
"  10";"  13";" 76.92";"  7.523";"prudente";" 6.090000e-03"
"  10";"  13";" 76.92";"  7.523";"manipular";" 6.090000e-03"
"  10";"  13";" 76.92";"  7.523";"foice";" 6.090000e-03"
"  10";"  13";" 76.92";"  7.523";"consequentemente";" 6.090000e-03"
" 964";"2274";" 42.39";"  7.519";"agora";" 6.104164e-03"
"  15";"  22";" 68.18";"  7.456";"silas";" 6.323209e-03"
"  35";"  62";" 56.45";"  7.277";"contato";" 6.985926e-03"
"  34";"  60";" 56.67";"  7.223";"negro";" 7.196138e-03"
"  97";" 198";" 48.99";"  7.179";"quase";" 7.375315e-03"
"  17";"  26";" 65.38";"  7.166";"torno";" 7.428725e-03"
"  32";"  56";" 57.14";"  7.125";"twitter";" 7.603263e-03"
"  42";"  77";" 54.55";"  7.101";"pensamento";" 7.705733e-03"
"  11";"  15";" 73.33";"  7.087";"teologia";" 7.762421e-03"
"  11";"  15";" 73.33";"  7.087";"progresso";" 7.762421e-03"
"  11";"  15";" 73.33";"  7.087";"identificação";" 7.762421e-03"
"  11";"  15";" 73.33";"  7.087";"acostumado";" 7.762421e-03"
"  11";"  15";" 73.33";"  7.087";"inveja";" 7.762421e-03"
"  49";"  92";" 53.26";"  7.083";"senão";" 7.783900e-03"
"  31";"  54";" 57.41";"  7.080";"crítica";" 7.796233e-03"
"  18";"  28";" 64.29";"  7.072";"risada";" 7.831576e-03"
"  19";"  30";" 63.33";"  7.001";"defensor";" 8.144569e-03"
"  19";"  30";" 63.33";"  7.001";"resumir";" 8.144569e-03"
"  19";"  30";" 63.33";"  7.001";"primo";" 8.144569e-03"
"  19";"  30";" 63.33";"  7.001";"nervoso";" 8.144569e-03"
"  28";"  48";" 58.33";"  6.967";"rosto";" 8.302153e-03"
"  20";"  32";" 62.50";"  6.951";"briga";" 8.376637e-03"
"  47";"  88";" 53.41";"  6.922";"completo";" 8.511822e-03"
"  90";" 183";" 49.18";"  6.906";"local";" 8.589451e-03"
"  25";"  42";" 59.52";"  6.899";"surpresa";" 8.625109e-03"
"  39";"  71";" 54.93";"  6.889";"acordar";" 8.672297e-03"
"  24";"  40";" 60.00";"  6.889";"fase";" 8.670889e-03"
"  68";" 134";" 50.75";"  6.854";"posicionar";" 8.843728e-03"
"  46";"  86";" 53.49";"  6.843";"tarde";" 8.898210e-03"
" 104";" 215";" 48.37";"  6.797";"sociedade";" 9.131843e-03"
"   8";"  10";" 80.00";"  6.783";"novela";" 9.202654e-03"
"   8";"  10";" 80.00";"  6.783";"poste";" 9.202654e-03"
"   8";"  10";" 80.00";"  6.783";"forçar";" 9.202654e-03"
"   8";"  10";" 80.00";"  6.783";"telegram";" 9.202654e-03"
"   8";"  10";" 80.00";"  6.783";"moradia";" 9.202654e-03"
"   8";"  10";" 80.00";"  6.783";"maratona";" 9.202654e-03"
"   8";"  10";" 80.00";"  6.783";"irresponsável";" 9.202654e-03"
"   8";"  10";" 80.00";"  6.783";"flamengo";" 9.202654e-03"
"   8";"  10";" 80.00";"  6.783";"testar";" 9.202654e-03"
"   8";"  10";" 80.00";"  6.783";"pá";" 9.202654e-03"
"   8";"  10";" 80.00";"  6.783";"copiar";" 9.202654e-03"
"   8";"  10";" 80.00";"  6.783";"boi";" 9.202654e-03"
"   8";"  10";" 80.00";"  6.783";"bastidor";" 9.202654e-03"
"   8";"  10";" 80.00";"  6.783";"totalitário";" 9.202654e-03"
"   8";"  10";" 80.00";"  6.783";"nunes";" 9.202654e-03"
"   8";"  10";" 80.00";"  6.783";"grama";" 9.202654e-03"
"   8";"  10";" 80.00";"  6.783";"filosófico";" 9.202654e-03"
"   8";"  10";" 80.00";"  6.783";"fazenda";" 9.202654e-03"
"   8";"  10";" 80.00";"  6.783";"assustado";" 9.202654e-03"
"  12";"  17";" 70.59";"  6.775";"fórmula";" 9.244441e-03"
"  12";"  17";" 70.59";"  6.775";"abortar";" 9.244441e-03"
" 198";" 433";" 45.73";"  6.665";"história";" 9.833310e-03"
" 171";" 370";" 46.22";"  6.641";"mãe";" 9.967309e-03"
"  55";" 106";" 51.89";"  6.593";"crescer";" 1.023802e-02"
"  13";"  19";" 68.42";"  6.547";"revolucionário";" 1.050622e-02"
"  13";"  19";" 68.42";"  6.547";"assassinar";" 1.050622e-02"
"  13";"  19";" 68.42";"  6.547";"mouro";" 1.050622e-02"
"  13";"  19";" 68.42";"  6.547";"itália";" 1.050622e-02"
"  33";"  59";" 55.93";"  6.501";"português";" 1.078314e-02"
"  68";" 135";" 50.37";"  6.443";"extremamente";" 1.113809e-02"
"  32";"  57";" 56.14";"  6.442";"resto";" 1.114513e-02"
"  14";"  21";" 66.67";"  6.379";"possivelmente";" 1.154560e-02"
"  14";"  21";" 66.67";"  6.379";"bala";" 1.154560e-02"
"  57";" 111";" 51.35";"  6.311";"empresa";" 1.199606e-02"
"  15";"  23";" 65.22";"  6.256";"racista";" 1.237506e-02"
"  15";"  23";" 65.22";"  6.256";"objeto";" 1.237506e-02"
"  15";"  23";" 65.22";"  6.256";"nascimento";" 1.237506e-02"
"  15";"  23";" 65.22";"  6.256";"sol";" 1.237506e-02"
"  15";"  23";" 65.22";"  6.256";"diferentemente";" 1.237506e-02"
"  15";"  23";" 65.22";"  6.256";"conflito";" 1.237506e-02"
"  15";"  23";" 65.22";"  6.256";"saco";" 1.237506e-02"
"  15";"  23";" 65.22";"  6.256";"frança";" 1.237506e-02"
"   9";"  12";" 75.00";"  6.245";"militância";" 1.245252e-02"
"   9";"  12";" 75.00";"  6.245";"londres";" 1.245252e-02"
"   9";"  12";" 75.00";"  6.245";"sustento";" 1.245252e-02"
"   9";"  12";" 75.00";"  6.245";"trânsito";" 1.245252e-02"
"   9";"  12";" 75.00";"  6.245";"bônus";" 1.245252e-02"
"   9";"  12";" 75.00";"  6.245";"alertar";" 1.245252e-02"
"   9";"  12";" 75.00";"  6.245";"europeu";" 1.245252e-02"
"   9";"  12";" 75.00";"  6.245";"centrão";" 1.245252e-02"
"   9";"  12";" 75.00";"  6.245";"bateria";" 1.245252e-02"
"   9";"  12";" 75.00";"  6.245";"marino";" 1.245252e-02"
"   9";"  12";" 75.00";"  6.245";"henrique";" 1.245252e-02"
"   9";"  12";" 75.00";"  6.245";"conspiração";" 1.245252e-02"
"   9";"  12";" 75.00";"  6.245";"almoço";" 1.245252e-02"
"  28";"  49";" 57.14";"  6.232";"calma";" 1.254415e-02"
"  38";"  70";" 54.29";"  6.229";"ódio";" 1.256532e-02"
"   6";"   7";" 85.71";"  6.190";"madrid";" 1.284916e-02"
"   6";"   7";" 85.71";"  6.190";"dança";" 1.284916e-02"
"   6";"   7";" 85.71";"  6.190";"trilha";" 1.284916e-02"
"   6";"   7";" 85.71";"  6.190";"cristiano";" 1.284916e-02"
"   6";"   7";" 85.71";"  6.190";"arriscar";" 1.284916e-02"
"   6";"   7";" 85.71";"  6.190";"tarifa";" 1.284916e-02"
"   6";"   7";" 85.71";"  6.190";"ridicularizar";" 1.284916e-02"
"   6";"   7";" 85.71";"  6.190";"esquina";" 1.284916e-02"
"   6";"   7";" 85.71";"  6.190";"burocrático";" 1.284916e-02"
"   6";"   7";" 85.71";"  6.190";"arrotar";" 1.284916e-02"
"   6";"   7";" 85.71";"  6.190";"tutelar";" 1.284916e-02"
"   6";"   7";" 85.71";"  6.190";"taradão";" 1.284916e-02"
"   6";"   7";" 85.71";"  6.190";"tacando";" 1.284916e-02"
"   6";"   7";" 85.71";"  6.190";"rotina";" 1.284916e-02"
"   6";"   7";" 85.71";"  6.190";"quilo";" 1.284916e-02"
"   6";"   7";" 85.71";"  6.190";"pics";" 1.284916e-02"
"   6";"   7";" 85.71";"  6.190";"influente";" 1.284916e-02"
"   6";"   7";" 85.71";"  6.190";"histeria";" 1.284916e-02"
"   6";"   7";" 85.71";"  6.190";"eva";" 1.284916e-02"
"   6";"   7";" 85.71";"  6.190";"desonesto";" 1.284916e-02"
"   6";"   7";" 85.71";"  6.190";"coordenado";" 1.284916e-02"
"   6";"   7";" 85.71";"  6.190";"argumentação";" 1.284916e-02"
"   6";"   7";" 85.71";"  6.190";"alckmin";" 1.284916e-02"
"  16";"  25";" 64.00";"  6.167";"pele";" 1.301389e-02"
"  16";"  25";" 64.00";"  6.167";"ferrar";" 1.301389e-02"
"  26";"  45";" 57.78";"  6.147";"surgir";" 1.316319e-02"
"  17";"  27";" 62.96";"  6.104";"paralelo";" 1.348384e-02"
"  17";"  27";" 62.96";"  6.104";"reação";" 1.348384e-02"
"   4";"   4";"100.00";"  6.074";"sobrancelha";" 1.371835e-02"
"   4";"   4";"100.00";"  6.074";"fuad";" 1.371835e-02"
"   4";"   4";"100.00";"  6.074";"pelotão";" 1.371835e-02"
"   4";"   4";"100.00";"  6.074";"oceano";" 1.371835e-02"
"   4";"   4";"100.00";"  6.074";"james";" 1.371835e-02"
"   4";"   4";"100.00";"  6.074";"aluguel";" 1.371835e-02"
"   4";"   4";"100.00";"  6.074";"territorial";" 1.371835e-02"
"   4";"   4";"100.00";"  6.074";"subversão";" 1.371835e-02"
"   4";"   4";"100.00";"  6.074";"privacidade";" 1.371835e-02"
"   4";"   4";"100.00";"  6.074";"hackear";" 1.371835e-02"
"   4";"   4";"100.00";"  6.074";"zoom";" 1.371835e-02"
"   4";"   4";"100.00";"  6.074";"vlog";" 1.371835e-02"
"   4";"   4";"100.00";"  6.074";"transar";" 1.371835e-02"
"   4";"   4";"100.00";"  6.074";"tatuar";" 1.371835e-02"
"   4";"   4";"100.00";"  6.074";"roxo";" 1.371835e-02"
"   4";"   4";"100.00";"  6.074";"pío";" 1.371835e-02"
"   4";"   4";"100.00";"  6.074";"provocador";" 1.371835e-02"
"   4";"   4";"100.00";"  6.074";"ocidente";" 1.371835e-02"
"   4";"   4";"100.00";"  6.074";"mortadela";" 1.371835e-02"
"   4";"   4";"100.00";"  6.074";"morango";" 1.371835e-02"
"   4";"   4";"100.00";"  6.074";"miojo";" 1.371835e-02"
"   4";"   4";"100.00";"  6.074";"lockdown";" 1.371835e-02"
"   4";"   4";"100.00";"  6.074";"linhagem";" 1.371835e-02"
"   4";"   4";"100.00";"  6.074";"joseph";" 1.371835e-02"
"   4";"   4";"100.00";"  6.074";"jobs";" 1.371835e-02"
"   4";"   4";"100.00";"  6.074";"jean";" 1.371835e-02"
"   4";"   4";"100.00";"  6.074";"interlocutor";" 1.371835e-02"
"   4";"   4";"100.00";"  6.074";"greta";" 1.371835e-02"
"   4";"   4";"100.00";"  6.074";"funkeiros";" 1.371835e-02"
"   4";"   4";"100.00";"  6.074";"fofo";" 1.371835e-02"
"   4";"   4";"100.00";"  6.074";"economizar";" 1.371835e-02"
"   4";"   4";"100.00";"  6.074";"caroline";" 1.371835e-02"
"   4";"   4";"100.00";"  6.074";"campeonato";" 1.371835e-02"
"   4";"   4";"100.00";"  6.074";"antidemocracia";" 1.371835e-02"
"   4";"   4";"100.00";"  6.074";"íris";" 1.371835e-02"
"   4";"   4";"100.00";"  6.074";"vitimismo";" 1.371835e-02"
"   4";"   4";"100.00";"  6.074";"vamo";" 1.371835e-02"
"   4";"   4";"100.00";"  6.074";"tatuagem";" 1.371835e-02"
"   4";"   4";"100.00";"  6.074";"sutil";" 1.371835e-02"
"   4";"   4";"100.00";"  6.074";"simultâneo";" 1.371835e-02"
"   4";"   4";"100.00";"  6.074";"shake";" 1.371835e-02"
"   4";"   4";"100.00";"  6.074";"ressonância";" 1.371835e-02"
"   4";"   4";"100.00";"  6.074";"respirar";" 1.371835e-02"
"   4";"   4";"100.00";"  6.074";"refugiado";" 1.371835e-02"
"   4";"   4";"100.00";"  6.074";"rapidão";" 1.371835e-02"
"   4";"   4";"100.00";"  6.074";"rapaziada";" 1.371835e-02"
"   4";"   4";"100.00";"  6.074";"pretensão";" 1.371835e-02"
"   4";"   4";"100.00";"  6.074";"pneu";" 1.371835e-02"
"   4";"   4";"100.00";"  6.074";"play";" 1.371835e-02"
"   4";"   4";"100.00";"  6.074";"planetário";" 1.371835e-02"
"   4";"   4";"100.00";"  6.074";"pcr";" 1.371835e-02"
"   4";"   4";"100.00";"  6.074";"ostentar";" 1.371835e-02"
"   4";"   4";"100.00";"  6.074";"orgânico";" 1.371835e-02"
"   4";"   4";"100.00";"  6.074";"nil";" 1.371835e-02"
"   4";"   4";"100.00";"  6.074";"nicolau";" 1.371835e-02"
"   4";"   4";"100.00";"  6.074";"molho";" 1.371835e-02"
"   4";"   4";"100.00";"  6.074";"mole";" 1.371835e-02"
"   4";"   4";"100.00";"  6.074";"moda";" 1.371835e-02"
"   4";"   4";"100.00";"  6.074";"misógeno";" 1.371835e-02"
"   4";"   4";"100.00";"  6.074";"memes";" 1.371835e-02"
"   4";"   4";"100.00";"  6.074";"marques";" 1.371835e-02"
"   4";"   4";"100.00";"  6.074";"maquiavel";" 1.371835e-02"
"   4";"   4";"100.00";"  6.074";"lamaçal";" 1.371835e-02"
"   4";"   4";"100.00";"  6.074";"kit";" 1.371835e-02"
"   4";"   4";"100.00";"  6.074";"jéssica";" 1.371835e-02"
"   4";"   4";"100.00";"  6.074";"ingenuidade";" 1.371835e-02"
"   4";"   4";"100.00";"  6.074";"imaturo";" 1.371835e-02"
"   4";"   4";"100.00";"  6.074";"igualar";" 1.371835e-02"
"   4";"   4";"100.00";"  6.074";"horror";" 1.371835e-02"
"   4";"   4";"100.00";"  6.074";"histérico";" 1.371835e-02"
"   4";"   4";"100.00";"  6.074";"hierárquico";" 1.371835e-02"
"   4";"   4";"100.00";"  6.074";"helen";" 1.371835e-02"
"   4";"   4";"100.00";"  6.074";"giuseppe";" 1.371835e-02"
"   4";"   4";"100.00";"  6.074";"geopolítico";" 1.371835e-02"
"   4";"   4";"100.00";"  6.074";"geleia";" 1.371835e-02"
"   4";"   4";"100.00";"  6.074";"gel";" 1.371835e-02"
"   4";"   4";"100.00";"  6.074";"geek";" 1.371835e-02"
"   4";"   4";"100.00";"  6.074";"fotinha";" 1.371835e-02"
"   4";"   4";"100.00";"  6.074";"equação";" 1.371835e-02"
"   4";"   4";"100.00";"  6.074";"encostar";" 1.371835e-02"
"   4";"   4";"100.00";"  6.074";"egípcio";" 1.371835e-02"
"   4";"   4";"100.00";"  6.074";"descolar";" 1.371835e-02"
"   4";"   4";"100.00";"  6.074";"conotação";" 1.371835e-02"
"   4";"   4";"100.00";"  6.074";"churchill";" 1.371835e-02"
"   4";"   4";"100.00";"  6.074";"choque";" 1.371835e-02"
"   4";"   4";"100.00";"  6.074";"campagnolo";" 1.371835e-02"
"   4";"   4";"100.00";"  6.074";"bilheteria";" 1.371835e-02"
"   4";"   4";"100.00";"  6.074";"batalhão";" 1.371835e-02"
"   4";"   4";"100.00";"  6.074";"aéreo";" 1.371835e-02"
"   4";"   4";"100.00";"  6.074";"advocacia";" 1.371835e-02"
"   4";"   4";"100.00";"  6.074";"administrador";" 1.371835e-02"
"  18";"  29";" 62.07";"  6.063";"pano";" 1.380666e-02"
"  19";"  31";" 61.29";"  6.038";"chance";" 1.400291e-02"
"  19";"  31";" 61.29";"  6.038";"via";" 1.400291e-02"
"  22";"  37";" 59.46";"  6.037";"som";" 1.400957e-02"
"  21";"  35";" 60.00";"  6.027";"paciência";" 1.408861e-02"
"  20";"  33";" 60.61";"  6.027";"reagir";" 1.409131e-02"
"  10";"  14";" 71.43";"  5.887";"raciocinar";" 1.525738e-02"
"  10";"  14";" 71.43";"  5.887";"mussolini";" 1.525738e-02"
"  10";"  14";" 71.43";"  5.887";"copo";" 1.525738e-02"
"  10";"  14";" 71.43";"  5.887";"cesta";" 1.525738e-02"
"  10";"  14";" 71.43";"  5.887";"sólido";" 1.525738e-02"
"  10";"  14";" 71.43";"  5.887";"inocência";" 1.525738e-02"
"  86";" 177";" 48.59";"  5.868";"princípio";" 1.541516e-02"
"  39";"  73";" 53.42";"  5.752";"mata";" 1.646885e-02"
"  30";"  54";" 55.56";"  5.676";"econômico";" 1.720259e-02"
"  38";"  71";" 53.52";"  5.673";"tio";" 1.722754e-02"
"  11";"  16";" 68.75";"  5.640";"arca";" 1.755895e-02"
"  11";"  16";" 68.75";"  5.640";"faca";" 1.755895e-02"
"  11";"  16";" 68.75";"  5.640";"avenida";" 1.755895e-02"
" 108";" 228";" 47.37";"  5.637";"conversar";" 1.758279e-02"
"  93";" 194";" 47.94";"  5.529";"feliz";" 1.870174e-02"
"  36";"  67";" 53.73";"  5.517";"evento";" 1.883517e-02"
"  74";" 151";" 49.01";"  5.484";"atenção";" 1.918697e-02"
"  12";"  18";" 66.67";"  5.467";"freire";" 1.937496e-02"
"  12";"  18";" 66.67";"  5.467";"york";" 1.937496e-02"
"  12";"  18";" 66.67";"  5.467";"pobreza";" 1.937496e-02"
"  12";"  18";" 66.67";"  5.467";"clássico";" 1.937496e-02"
"  12";"  18";" 66.67";"  5.467";"crença";" 1.937496e-02"
"   7";"   9";" 77.78";"  5.450";"predador";" 1.957177e-02"
"   7";"   9";" 77.78";"  5.450";"ocupação";" 1.957177e-02"
"   7";"   9";" 77.78";"  5.450";"mega";" 1.957177e-02"
"   7";"   9";" 77.78";"  5.450";"lealdade";" 1.957177e-02"
"   7";"   9";" 77.78";"  5.450";"inconformado";" 1.957177e-02"
"   7";"   9";" 77.78";"  5.450";"treta";" 1.957177e-02"
"   7";"   9";" 77.78";"  5.450";"espantar";" 1.957177e-02"
"   7";"   9";" 77.78";"  5.450";"destro";" 1.957177e-02"
"   7";"   9";" 77.78";"  5.450";"bolha";" 1.957177e-02"
"   7";"   9";" 77.78";"  5.450";"queda";" 1.957177e-02"
"   7";"   9";" 77.78";"  5.450";"incrivelmente";" 1.957177e-02"
"   7";"   9";" 77.78";"  5.450";"hollywood";" 1.957177e-02"
"   7";"   9";" 77.78";"  5.450";"formato";" 1.957177e-02"
"   7";"   9";" 77.78";"  5.450";"dominical";" 1.957177e-02"
"   7";"   9";" 77.78";"  5.450";"boletim";" 1.957177e-02"
"  88";" 183";" 48.09";"  5.404";"tornar";" 2.008770e-02"
"  25";"  44";" 56.82";"  5.389";"porquê";" 2.026704e-02"
"  13";"  20";" 65.00";"  5.347";"bolsonarista";" 2.075434e-02"
"  13";"  20";" 65.00";"  5.347";"evolução";" 2.075434e-02"
"  13";"  20";" 65.00";"  5.347";"ligação";" 2.075434e-02"
"  13";"  20";" 65.00";"  5.347";"explodir";" 2.075434e-02"
"  51";" 100";" 51.00";"  5.346";"erro";" 2.077479e-02"
"  23";"  40";" 57.50";"  5.296";"atrapalhar";" 2.137128e-02"
"  14";"  22";" 63.64";"  5.265";"pancada";" 2.175539e-02"
"  14";"  22";" 63.64";"  5.265";"limpo";" 2.175539e-02"
"  14";"  22";" 63.64";"  5.265";"rir";" 2.175539e-02"
"  14";"  22";" 63.64";"  5.265";"implantar";" 2.175539e-02"
"  39";"  74";" 52.70";"  5.233";"pesquisa";" 2.215731e-02"
"  39";"  74";" 52.70";"  5.233";"atitude";" 2.215731e-02"
"  39";"  74";" 52.70";"  5.233";"falso";" 2.215731e-02"
"  21";"  36";" 58.33";"  5.223";"emprego";" 2.229243e-02"
"  15";"  24";" 62.50";"  5.212";"ganho";" 2.243573e-02"
"  16";"  26";" 61.54";"  5.180";"lixo";" 2.284798e-02"
"  16";"  26";" 61.54";"  5.180";"pátria";" 2.284798e-02"
"  16";"  26";" 61.54";"  5.180";"muro";" 2.284798e-02"
"  16";"  26";" 61.54";"  5.180";"honesto";" 2.284798e-02"
"  44";"  85";" 51.76";"  5.177";"dormir";" 2.288798e-02"
"  19";"  32";" 59.38";"  5.176";"tom";" 2.290712e-02"
"  19";"  32";" 59.38";"  5.176";"inventar";" 2.290712e-02"
"  17";"  28";" 60.71";"  5.166";"troca";" 2.303843e-02"
"  17";"  28";" 60.71";"  5.166";"meramente";" 2.303843e-02"
"   8";"  11";" 72.73";"  5.011";"aprendiz";" 2.518670e-02"
"   8";"  11";" 72.73";"  5.011";"canalha";" 2.518670e-02"
"   8";"  11";" 72.73";"  5.011";"averiguar";" 2.518670e-02"
"   8";"  11";" 72.73";"  5.011";"assessorar";" 2.518670e-02"
"   8";"  11";" 72.73";"  5.011";"trecho";" 2.518670e-02"
"   8";"  11";" 72.73";"  5.011";"sus";" 2.518670e-02"
"   8";"  11";" 72.73";"  5.011";"paraíso";" 2.518670e-02"
"   8";"  11";" 72.73";"  5.011";"inverter";" 2.518670e-02"
"   8";"  11";" 72.73";"  5.011";"fábrica";" 2.518670e-02"
"   8";"  11";" 72.73";"  5.011";"fragilidade";" 2.518670e-02"
"   8";"  11";" 72.73";"  5.011";"curiosidade";" 2.518670e-02"
"   8";"  11";" 72.73";"  5.011";"status";" 2.518670e-02"
"   8";"  11";" 72.73";"  5.011";"provocação";" 2.518670e-02"
"   8";"  11";" 72.73";"  5.011";"estruturar";" 2.518670e-02"
"   8";"  11";" 72.73";"  5.011";"atrasado";" 2.518670e-02"
"   8";"  11";" 72.73";"  5.011";"altura";" 2.518670e-02"
"   8";"  11";" 72.73";"  5.011";"alerta";" 2.518670e-02"
" 107";" 228";" 46.93";"  5.010";"real";" 2.520048e-02"
"  47";"  92";" 51.09";"  4.992";"bandeira";" 2.545916e-02"
"  68";" 139";" 48.92";"  4.953";"compartilhar";" 2.603882e-02"
"  27";"  49";" 55.10";"  4.859";"latino";" 2.751001e-02"
"  27";"  49";" 55.10";"  4.859";"desesperado";" 2.751001e-02"
"  27";"  49";" 55.10";"  4.859";"juntar";" 2.751001e-02"
"   5";"   6";" 83.33";"  4.770";"renata";" 2.895383e-02"
"   5";"   6";" 83.33";"  4.770";"trouxa";" 2.895383e-02"
"   5";"   6";" 83.33";"  4.770";"panela";" 2.895383e-02"
"   5";"   6";" 83.33";"  4.770";"marília";" 2.895383e-02"
"   5";"   6";" 83.33";"  4.770";"fotografia";" 2.895383e-02"
"   5";"   6";" 83.33";"  4.770";"cm";" 2.895383e-02"
"   5";"   6";" 83.33";"  4.770";"chá";" 2.895383e-02"
"   5";"   6";" 83.33";"  4.770";"aberração";" 2.895383e-02"
"   5";"   6";" 83.33";"  4.770";"álcool";" 2.895383e-02"
"   5";"   6";" 83.33";"  4.770";"vingar";" 2.895383e-02"
"   5";"   6";" 83.33";"  4.770";"reprovado";" 2.895383e-02"
"   5";"   6";" 83.33";"  4.770";"paris";" 2.895383e-02"
"   5";"   6";" 83.33";"  4.770";"negação";" 2.895383e-02"
"   5";"   6";" 83.33";"  4.770";"narrar";" 2.895383e-02"
"   5";"   6";" 83.33";"  4.770";"inseto";" 2.895383e-02"
"   5";"   6";" 83.33";"  4.770";"galo";" 2.895383e-02"
"   5";"   6";" 83.33";"  4.770";"explorar";" 2.895383e-02"
"   5";"   6";" 83.33";"  4.770";"ditar";" 2.895383e-02"
"   5";"   6";" 83.33";"  4.770";"demorado";" 2.895383e-02"
"   5";"   6";" 83.33";"  4.770";"cloroquina";" 2.895383e-02"
"   5";"   6";" 83.33";"  4.770";"cachaça";" 2.895383e-02"
"   5";"   6";" 83.33";"  4.770";"apor";" 2.895383e-02"
"   5";"   6";" 83.33";"  4.770";"tweet";" 2.895383e-02"
"   5";"   6";" 83.33";"  4.770";"sensibilizar";" 2.895383e-02"
"   5";"   6";" 83.33";"  4.770";"ramo";" 2.895383e-02"
"   5";"   6";" 83.33";"  4.770";"presenciar";" 2.895383e-02"
"   5";"   6";" 83.33";"  4.770";"potência";" 2.895383e-02"
"   5";"   6";" 83.33";"  4.770";"pato";" 2.895383e-02"
"   5";"   6";" 83.33";"  4.770";"pachorra";" 2.895383e-02"
"   5";"   6";" 83.33";"  4.770";"nulo";" 2.895383e-02"
"   5";"   6";" 83.33";"  4.770";"namoro";" 2.895383e-02"
"   5";"   6";" 83.33";"  4.770";"logicamente";" 2.895383e-02"
"   5";"   6";" 83.33";"  4.770";"estômago";" 2.895383e-02"
"   5";"   6";" 83.33";"  4.770";"deturpar";" 2.895383e-02"
"   5";"   6";" 83.33";"  4.770";"cadastrar";" 2.895383e-02"
"   5";"   6";" 83.33";"  4.770";"benedito";" 2.895383e-02"
"  49";"  97";" 50.52";"  4.749";"narrativa";" 2.931312e-02"
"   9";"  13";" 69.23";"  4.735";"marinho";" 2.956169e-02"
"   9";"  13";" 69.23";"  4.735";"pular";" 2.956169e-02"
"   9";"  13";" 69.23";"  4.735";"barra";" 2.956169e-02"
"  53";" 106";" 50.00";"  4.708";"ferreira";" 3.002004e-02"
"  24";"  43";" 55.81";"  4.666";"limite";" 3.076572e-02"
"  10";"  15";" 66.67";"  4.556";"ofensa";" 3.281167e-02"
"  10";"  15";" 66.67";"  4.556";"estrada";" 3.281167e-02"
"  10";"  15";" 66.67";"  4.556";"bobo";" 3.281167e-02"
"   3";"   3";"100.00";"  4.555";"life";" 3.281623e-02"
"   3";"   3";"100.00";"  4.555";"go";" 3.281623e-02"
"   3";"   3";"100.00";"  4.555";"vilão";" 3.281623e-02"
"   3";"   3";"100.00";"  4.555";"varão";" 3.281623e-02"
"   3";"   3";"100.00";"  4.555";"pan";" 3.281623e-02"
"   3";"   3";"100.00";"  4.555";"galopar";" 3.281623e-02"
"   3";"   3";"100.00";"  4.555";"goku";" 3.281623e-02"
"   3";"   3";"100.00";"  4.555";"bond";" 3.281623e-02"
"   3";"   3";"100.00";"  4.555";"érica";" 3.281623e-02"
"   3";"   3";"100.00";"  4.555";"pinto";" 3.281623e-02"
"   3";"   3";"100.00";"  4.555";"pablo";" 3.281623e-02"
"   3";"   3";"100.00";"  4.555";"npc";" 3.281623e-02"
"   3";"   3";"100.00";"  4.555";"karol";" 3.281623e-02"
"   3";"   3";"100.00";"  4.555";"kaká";" 3.281623e-02"
"   3";"   3";"100.00";"  4.555";"insatisfeito";" 3.281623e-02"
"   3";"   3";"100.00";"  4.555";"estático";" 3.281623e-02"
"   3";"   3";"100.00";"  4.555";"conká";" 3.281623e-02"
"   3";"   3";"100.00";"  4.555";"caramelo";" 3.281623e-02"
"   3";"   3";"100.00";"  4.555";"break";" 3.281623e-02"
"   3";"   3";"100.00";"  4.555";"anita";" 3.281623e-02"
"   3";"   3";"100.00";"  4.555";"vovó";" 3.281623e-02"
"   3";"   3";"100.00";"  4.555";"vorcaro";" 3.281623e-02"
"   3";"   3";"100.00";"  4.555";"trailer";" 3.281623e-02"
"   3";"   3";"100.00";"  4.555";"terno";" 3.281623e-02"
"   3";"   3";"100.00";"  4.555";"teatral";" 3.281623e-02"
"   3";"   3";"100.00";"  4.555";"tamos";" 3.281623e-02"
"   3";"   3";"100.00";"  4.555";"schwarzenegger";" 3.281623e-02"
"   3";"   3";"100.00";"  4.555";"safado";" 3.281623e-02"
"   3";"   3";"100.00";"  4.555";"reparar";" 3.281623e-02"
"   3";"   3";"100.00";"  4.555";"ranço";" 3.281623e-02"
"   3";"   3";"100.00";"  4.555";"pérola";" 3.281623e-02"
"   3";"   3";"100.00";"  4.555";"plaquinha";" 3.281623e-02"
"   3";"   3";"100.00";"  4.555";"ph";" 3.281623e-02"
"   3";"   3";"100.00";"  4.555";"parcelar";" 3.281623e-02"
"   3";"   3";"100.00";"  4.555";"obsceno";" 3.281623e-02"
"   3";"   3";"100.00";"  4.555";"metáfora";" 3.281623e-02"
"   3";"   3";"100.00";"  4.555";"mate";" 3.281623e-02"
"   3";"   3";"100.00";"  4.555";"marx";" 3.281623e-02"
"   3";"   3";"100.00";"  4.555";"legislador";" 3.281623e-02"
"   3";"   3";"100.00";"  4.555";"fumo";" 3.281623e-02"
"   3";"   3";"100.00";"  4.555";"fred";" 3.281623e-02"
"   3";"   3";"100.00";"  4.555";"eliana";" 3.281623e-02"
"   3";"   3";"100.00";"  4.555";"disco";" 3.281623e-02"
"   3";"   3";"100.00";"  4.555";"dinâmico";" 3.281623e-02"
"   3";"   3";"100.00";"  4.555";"dançarino";" 3.281623e-02"
"   3";"   3";"100.00";"  4.555";"cpack";" 3.281623e-02"
"   3";"   3";"100.00";"  4.555";"coincidente";" 3.281623e-02"
"   3";"   3";"100.00";"  4.555";"clínica";" 3.281623e-02"
"   3";"   3";"100.00";"  4.555";"bruto";" 3.281623e-02"
"   3";"   3";"100.00";"  4.555";"bigode";" 3.281623e-02"
"   3";"   3";"100.00";"  4.555";"basquete";" 3.281623e-02"
"   3";"   3";"100.00";"  4.555";"voador";" 3.281623e-02"
"   3";"   3";"100.00";"  4.555";"vietnã";" 3.281623e-02"
"   3";"   3";"100.00";"  4.555";"utilidade";" 3.281623e-02"
"   3";"   3";"100.00";"  4.555";"trepar";" 3.281623e-02"
"   3";"   3";"100.00";"  4.555";"transcendente";" 3.281623e-02"
"   3";"   3";"100.00";"  4.555";"tax";" 3.281623e-02"
"   3";"   3";"100.00";"  4.555";"swat";" 3.281623e-02"
"   3";"   3";"100.00";"  4.555";"surto";" 3.281623e-02"
"   3";"   3";"100.00";"  4.555";"steven";" 3.281623e-02"
"   3";"   3";"100.00";"  4.555";"sofisticação";" 3.281623e-02"
"   3";"   3";"100.00";"  4.555";"sindicância";" 3.281623e-02"
"   3";"   3";"100.00";"  4.555";"similaridade";" 3.281623e-02"
"   3";"   3";"100.00";"  4.555";"sereia";" 3.281623e-02"
"   3";"   3";"100.00";"  4.555";"seletividade";" 3.281623e-02"
"   3";"   3";"100.00";"  4.555";"sardinha";" 3.281623e-02"
"   3";"   3";"100.00";"  4.555";"rolo";" 3.281623e-02"
"   3";"   3";"100.00";"  4.555";"richard";" 3.281623e-02"
"   3";"   3";"100.00";"  4.555";"retenção";" 3.281623e-02"
"   3";"   3";"100.00";"  4.555";"radar";" 3.281623e-02"
"   3";"   3";"100.00";"  4.555";"putz";" 3.281623e-02"
"   3";"   3";"100.00";"  4.555";"porcentagem";" 3.281623e-02"
"   3";"   3";"100.00";"  4.555";"polônia";" 3.281623e-02"
"   3";"   3";"100.00";"  4.555";"politicagem";" 3.281623e-02"
"   3";"   3";"100.00";"  4.555";"polar";" 3.281623e-02"
"   3";"   3";"100.00";"  4.555";"pizza";" 3.281623e-02"
"   3";"   3";"100.00";"  4.555";"pitágoras";" 3.281623e-02"
"   3";"   3";"100.00";"  4.555";"pirar";" 3.281623e-02"
"   3";"   3";"100.00";"  4.555";"phd";" 3.281623e-02"
"   3";"   3";"100.00";"  4.555";"pessimista";" 3.281623e-02"
"   3";"   3";"100.00";"  4.555";"penoso";" 3.281623e-02"
"   3";"   3";"100.00";"  4.555";"parafuso";" 3.281623e-02"
"   3";"   3";"100.00";"  4.555";"palavreado";" 3.281623e-02"
"   3";"   3";"100.00";"  4.555";"palatável";" 3.281623e-02"
"   3";"   3";"100.00";"  4.555";"ostensivo";" 3.281623e-02"
"   3";"   3";"100.00";"  4.555";"origami";" 3.281623e-02"
"   3";"   3";"100.00";"  4.555";"oriente";" 3.281623e-02"
"   3";"   3";"100.00";"  4.555";"operandi";" 3.281623e-02"
"   3";"   3";"100.00";"  4.555";"objetifica";" 3.281623e-02"
"   3";"   3";"100.00";"  4.555";"norteador";" 3.281623e-02"
"   3";"   3";"100.00";"  4.555";"motociatas";" 3.281623e-02"
"   3";"   3";"100.00";"  4.555";"morato";" 3.281623e-02"
"   3";"   3";"100.00";"  4.555";"montagem";" 3.281623e-02"
"   3";"   3";"100.00";"  4.555";"montado";" 3.281623e-02"
"   3";"   3";"100.00";"  4.555";"molecagem";" 3.281623e-02"
"   3";"   3";"100.00";"  4.555";"modus";" 3.281623e-02"
"   3";"   3";"100.00";"  4.555";"mochila";" 3.281623e-02"
"   3";"   3";"100.00";"  4.555";"mexicano";" 3.281623e-02"
"   3";"   3";"100.00";"  4.555";"mastigar";" 3.281623e-02"
"   3";"   3";"100.00";"  4.555";"maquiagem";" 3.281623e-02"
"   3";"   3";"100.00";"  4.555";"maldoso";" 3.281623e-02"
"   3";"   3";"100.00";"  4.555";"luan";" 3.281623e-02"
"   3";"   3";"100.00";"  4.555";"locomotiva";" 3.281623e-02"
"   3";"   3";"100.00";"  4.555";"liberalismo";" 3.281623e-02"
"   3";"   3";"100.00";"  4.555";"leila";" 3.281623e-02"
"   3";"   3";"100.00";"  4.555";"lane";" 3.281623e-02"
"   3";"   3";"100.00";"  4.555";"lacrador";" 3.281623e-02"
"   3";"   3";"100.00";"  4.555";"junior";" 3.281623e-02"
"   3";"   3";"100.00";"  4.555";"jiu";" 3.281623e-02"
"   3";"   3";"100.00";"  4.555";"jitsu";" 3.281623e-02"
"   3";"   3";"100.00";"  4.555";"jegue";" 3.281623e-02"
"   3";"   3";"100.00";"  4.555";"japonês";" 3.281623e-02"
"   3";"   3";"100.00";"  4.555";"isca";" 3.281623e-02"
"   3";"   3";"100.00";"  4.555";"invenção";" 3.281623e-02"
"   3";"   3";"100.00";"  4.555";"introdutório";" 3.281623e-02"
"   3";"   3";"100.00";"  4.555";"interrogação";" 3.281623e-02"
"   3";"   3";"100.00";"  4.555";"incoerência";" 3.281623e-02"
"   3";"   3";"100.00";"  4.555";"implantá";" 3.281623e-02"
"   3";"   3";"100.00";"  4.555";"imperfectibilidade";" 3.281623e-02"
"   3";"   3";"100.00";"  4.555";"identitária";" 3.281623e-02"
"   3";"   3";"100.00";"  4.555";"hub";" 3.281623e-02"
"   3";"   3";"100.00";"  4.555";"hostilizar";" 3.281623e-02"
"   3";"   3";"100.00";"  4.555";"herodes";" 3.281623e-02"
"   3";"   3";"100.00";"  4.555";"gta";" 3.281623e-02"
"   3";"   3";"100.00";"  4.555";"grêmio";" 3.281623e-02"
"   3";"   3";"100.00";"  4.555";"gentili";" 3.281623e-02"
"   3";"   3";"100.00";"  4.555";"gasoso";" 3.281623e-02"
"   3";"   3";"100.00";"  4.555";"game";" 3.281623e-02"
"   3";"   3";"100.00";"  4.555";"galinha";" 3.281623e-02"
"   3";"   3";"100.00";"  4.555";"gado";" 3.281623e-02"
"   3";"   3";"100.00";"  4.555";"funks";" 3.281623e-02"
"   3";"   3";"100.00";"  4.555";"fruta";" 3.281623e-02"
"   3";"   3";"100.00";"  4.555";"finn";" 3.281623e-02"
"   3";"   3";"100.00";"  4.555";"ferver";" 3.281623e-02"
"   3";"   3";"100.00";"  4.555";"feed";" 3.281623e-02"
"   3";"   3";"100.00";"  4.555";"fabrício";" 3.281623e-02"
"   3";"   3";"100.00";"  4.555";"estresse";" 3.281623e-02"
"   3";"   3";"100.00";"  4.555";"escolaridade";" 3.281623e-02"
"   3";"   3";"100.00";"  4.555";"embarcar";" 3.281623e-02"
"   3";"   3";"100.00";"  4.555";"dori";" 3.281623e-02"
"   3";"   3";"100.00";"  4.555";"diploma";" 3.281623e-02"
"   3";"   3";"100.00";"  4.555";"difusão";" 3.281623e-02"
"   3";"   3";"100.00";"  4.555";"crispim";" 3.281623e-02"
"   3";"   3";"100.00";"  4.555";"coquetel";" 3.281623e-02"
"   3";"   3";"100.00";"  4.555";"constatar";" 3.281623e-02"
"   3";"   3";"100.00";"  4.555";"conceber";" 3.281623e-02"
"   3";"   3";"100.00";"  4.555";"clã";" 3.281623e-02"
"   3";"   3";"100.00";"  4.555";"cheiroso";" 3.281623e-02"
"   3";"   3";"100.00";"  4.555";"cheirinho";" 3.281623e-02"
"   3";"   3";"100.00";"  4.555";"chechênia";" 3.281623e-02"
"   3";"   3";"100.00";"  4.555";"caminhadinha";" 3.281623e-02"
"   3";"   3";"100.00";"  4.555";"calo";" 3.281623e-02"
"   3";"   3";"100.00";"  4.555";"cabimento";" 3.281623e-02"
"   3";"   3";"100.00";"  4.555";"bélgica";" 3.281623e-02"
"   3";"   3";"100.00";"  4.555";"buquele";" 3.281623e-02"
"   3";"   3";"100.00";"  4.555";"brun";" 3.281623e-02"
"   3";"   3";"100.00";"  4.555";"benedita";" 3.281623e-02"
"   3";"   3";"100.00";"  4.555";"bbb";" 3.281623e-02"
"   3";"   3";"100.00";"  4.555";"batedor";" 3.281623e-02"
"   3";"   3";"100.00";"  4.555";"assimétrico";" 3.281623e-02"
"   3";"   3";"100.00";"  4.555";"anticapitalista";" 3.281623e-02"
"   3";"   3";"100.00";"  4.555";"antecipado";" 3.281623e-02"
"   3";"   3";"100.00";"  4.555";"amoeba";" 3.281623e-02"
"   3";"   3";"100.00";"  4.555";"amigável";" 3.281623e-02"
"   3";"   3";"100.00";"  4.555";"air";" 3.281623e-02"
"   3";"   3";"100.00";"  4.555";"acesse";" 3.281623e-02"
"   3";"   3";"100.00";"  4.555";"abreu";" 3.281623e-02"
"  22";"  39";" 56.41";"  4.550";"favela";" 3.291075e-02"
"  22";"  39";" 56.41";"  4.550";"caos";" 3.291075e-02"
"  22";"  39";" 56.41";"  4.550";"atento";" 3.291075e-02"
"  22";"  39";" 56.41";"  4.550";"ar";" 3.291075e-02"
"  21";"  37";" 56.76";"  4.498";"lógico";" 3.394047e-02"
"  46";"  91";" 50.55";"  4.482";"praticamente";" 3.424644e-02"
"  11";"  17";" 64.71";"  4.440";"barriga";" 3.511509e-02"
"  11";"  17";" 64.71";"  4.440";"selecionar";" 3.511509e-02"
"  11";"  17";" 64.71";"  4.440";"cs";" 3.511509e-02"
"  11";"  17";" 64.71";"  4.440";"computador";" 3.511509e-02"
"  11";"  17";" 64.71";"  4.440";"reflexão";" 3.511509e-02"
"  29";"  54";" 53.70";"  4.427";"alimentar";" 3.538468e-02"
"  35";"  67";" 52.24";"  4.405";"lindo";" 3.583826e-02"
"  12";"  19";" 63.16";"  4.367";"pintar";" 3.664832e-02"
"  12";"  19";" 63.16";"  4.367";"desrespeito";" 3.664832e-02"
"  12";"  19";" 63.16";"  4.367";"educar";" 3.664832e-02"
"  17";"  29";" 58.62";"  4.337";"conexão";" 3.729507e-02"
"  13";"  21";" 61.90";"  4.325";"sinceramente";" 3.756535e-02"
"  13";"  21";" 61.90";"  4.325";"muit";" 3.756535e-02"
"  13";"  21";" 61.90";"  4.325";"coreia";" 3.756535e-02"
"  34";"  65";" 52.31";"  4.320";"religião";" 3.766536e-02"
"  16";"  27";" 59.26";"  4.315";"tapa";" 3.778354e-02"
"  16";"  27";" 59.26";"  4.315";"clima";" 3.778354e-02"
"  14";"  23";" 60.87";"  4.305";"aplicativo";" 3.799421e-02"
"  15";"  25";" 60.00";"  4.303";"dólar";" 3.803900e-02"
"  27";"  50";" 54.00";"  4.273";"ocupar";" 3.871477e-02"
"  33";"  63";" 52.38";"  4.236";"comemorar";" 3.958356e-02"
"  38";"  74";" 51.35";"  4.201";"salário";" 4.039116e-02"
"  26";"  48";" 54.17";"  4.198";"marca";" 4.046404e-02"
" 106";" 229";" 46.29";"  4.178";"difícil";" 4.096226e-02"
"   6";"   8";" 75.00";"  4.163";"new";" 4.131988e-02"
"   6";"   8";" 75.00";"  4.163";"alves";" 4.131988e-02"
"   6";"   8";" 75.00";"  4.163";"gripe";" 4.131988e-02"
"   6";"   8";" 75.00";"  4.163";"precoce";" 4.131988e-02"
"   6";"   8";" 75.00";"  4.163";"machista";" 4.131988e-02"
"   6";"   8";" 75.00";"  4.163";"indeciso";" 4.131988e-02"
"   6";"   8";" 75.00";"  4.163";"gêmeo";" 4.131988e-02"
"   6";"   8";" 75.00";"  4.163";"gil";" 4.131988e-02"
"   6";"   8";" 75.00";"  4.163";"espanhol";" 4.131988e-02"
"   6";"   8";" 75.00";"  4.163";"suicidar";" 4.131988e-02"
"   6";"   8";" 75.00";"  4.163";"ofendido";" 4.131988e-02"
"   6";"   8";" 75.00";"  4.163";"montanha";" 4.131988e-02"
"   6";"   8";" 75.00";"  4.163";"incapaz";" 4.131988e-02"
"   6";"   8";" 75.00";"  4.163";"fenômeno";" 4.131988e-02"
"   6";"   8";" 75.00";"  4.163";"certificado";" 4.131988e-02"
"   6";"   8";" 75.00";"  4.163";"alemanha";" 4.131988e-02"
"   6";"   8";" 75.00";"  4.163";"sino";" 4.131988e-02"
"   6";"   8";" 75.00";"  4.163";"revista";" 4.131988e-02"
"   6";"   8";" 75.00";"  4.163";"raciocínio";" 4.131988e-02"
"   6";"   8";" 75.00";"  4.163";"omitir";" 4.131988e-02"
"   6";"   8";" 75.00";"  4.163";"entrevistador";" 4.131988e-02"
"   6";"   8";" 75.00";"  4.163";"enchente";" 4.131988e-02"
"   6";"   8";" 75.00";"  4.163";"descrição";" 4.131988e-02"
"   6";"   8";" 75.00";"  4.163";"decepcionado";" 4.131988e-02"
"   6";"   8";" 75.00";"  4.163";"cortina";" 4.131988e-02"
"   6";"   8";" 75.00";"  4.163";"alugar";" 4.131988e-02"
"   6";"   8";" 75.00";"  4.163";"alexander";" 4.131988e-02"
"   6";"   8";" 75.00";"  4.163";"agregar";" 4.131988e-02"
"  51";" 103";" 49.51";"  4.153";"posicionamento";" 4.156248e-02"
"  73";" 153";" 47.71";"  4.118";"andar";" 4.243264e-02"
" 125";" 274";" 45.62";"  4.043";"aula";" 4.436658e-02"
"  35";"  68";" 51.47";"  3.939";"denunciar";" 4.717133e-02"
"  22";"  40";" 55.00";"  3.912";"orgulho";" 4.793370e-02"
"  22";"  40";" 55.00";"  3.912";"sacanagem";" 4.793370e-02"
"  34";"  66";" 51.52";"  3.852";"verde";" 4.968297e-02"
"   7";"  10";" 70.00";"  3.834";"imbecil";" 5.022852e-02"
"   7";"  10";" 70.00";"  3.834";"táxi";" 5.022852e-02"
"   7";"  10";" 70.00";"  3.834";"besteira";" 5.022852e-02"
"   7";"  10";" 70.00";"  3.834";"musical";" 5.022852e-02"
"   7";"  10";" 70.00";"  3.834";"imaginário";" 5.022852e-02"
"   7";"  10";" 70.00";"  3.834";"george";" 5.022852e-02"
"   7";"  10";" 70.00";"  3.834";"supor";" 5.022852e-02"
"   7";"  10";" 70.00";"  3.834";"papa";" 5.022852e-02"
"   7";"  10";" 70.00";"  3.834";"joia";" 5.022852e-02"
"   7";"  10";" 70.00";"  3.834";"clicar";" 5.022852e-02"
" 104";" 226";" 46.02";"  3.790";"semana";" 5.155091e-02"
"  20";"  36";" 55.56";"  3.781";"método";" 5.183794e-02"
"  33";"  64";" 51.56";"  3.765";"centro";" 5.233221e-02"
"  46";"  93";" 49.46";"  3.708";"frase";" 5.413847e-02"
" 182";" 411";" 44.28";"  3.649";"voltar";" 5.609896e-02"
"   8";"  12";" 66.67";"  3.644";"uber";" 5.627075e-02"
"   8";"  12";" 66.67";"  3.644";"ignorado";" 5.627075e-02"
"   8";"  12";" 66.67";"  3.644";"parto";" 5.627075e-02"
"   8";"  12";" 66.67";"  3.644";"emblemático";" 5.627075e-02"
"   8";"  12";" 66.67";"  3.644";"plateia";" 5.627075e-02"
"   8";"  12";" 66.67";"  3.644";"lance";" 5.627075e-02"
"   8";"  12";" 66.67";"  3.644";"impresso";" 5.627075e-02"
"   8";"  12";" 66.67";"  3.644";"fuga";" 5.627075e-02"
"   8";"  12";" 66.67";"  3.644";"eo";" 5.627075e-02"
"   8";"  12";" 66.67";"  3.644";"cheque";" 5.627075e-02"
"   8";"  12";" 66.67";"  3.644";"calor";" 5.627075e-02"
"   8";"  12";" 66.67";"  3.644";"manifesto";" 5.627075e-02"
"   8";"  12";" 66.67";"  3.644";"leitor";" 5.627075e-02"
"   8";"  12";" 66.67";"  3.644";"acerto";" 5.627075e-02"
"  16";"  28";" 57.14";"  3.558";"escala";" 5.924812e-02"
"  16";"  28";" 57.14";"  3.558";"imprensa";" 5.924812e-02"
"   9";"  14";" 64.29";"  3.534";"teto";" 6.012947e-02"
"   9";"  14";" 64.29";"  3.534";"prudência";" 6.012947e-02"
"   9";"  14";" 64.29";"  3.534";"cirurgia";" 6.012947e-02"
"   9";"  14";" 64.29";"  3.534";"frouxo";" 6.012947e-02"
"  15";"  26";" 57.69";"  3.515";"baixar";" 6.080017e-02"
" 109";" 239";" 45.61";"  3.505";"cidade";" 6.119044e-02"
"  24";"  45";" 53.33";"  3.495";"valorizar";" 6.156093e-02"
"  97";" 211";" 45.97";"  3.485";"demais";" 6.192633e-02"
"  14";"  24";" 58.33";"  3.480";"mentalidade";" 6.210719e-02"
"  14";"  24";" 58.33";"  3.480";"martelo";" 6.210719e-02"
"  10";"  16";" 62.50";"  3.473";"tendência";" 6.236547e-02"
"  10";"  16";" 62.50";"  3.473";"universo";" 6.236547e-02"
"  10";"  16";" 62.50";"  3.473";"respeitoso";" 6.236547e-02"
"  10";"  16";" 62.50";"  3.473";"personalidade";" 6.236547e-02"
"  10";"  16";" 62.50";"  3.473";"carga";" 6.236547e-02"
"  13";"  22";" 59.09";"  3.455";"estranho";" 6.307101e-02"
"  11";"  18";" 61.11";"  3.446";"exceção";" 6.340414e-02"
"  11";"  18";" 61.11";"  3.446";"protocolo";" 6.340414e-02"
"  11";"  18";" 61.11";"  3.446";"escritório";" 6.340414e-02"
"  11";"  18";" 61.11";"  3.446";"trancar";" 6.340414e-02"
"  11";"  18";" 61.11";"  3.446";"cachorro";" 6.340414e-02"
"  11";"  18";" 61.11";"  3.446";"benefício";" 6.340414e-02"
"  12";"  20";" 60.00";"  3.442";"ator";" 6.356134e-02"
"  12";"  20";" 60.00";"  3.442";"gravidade";" 6.356134e-02"
"  12";"  20";" 60.00";"  3.442";"censurar";" 6.356134e-02"
"  23";"  43";" 53.49";"  3.416";"convencer";" 6.458034e-02"
"   4";"   5";" 80.00";"  3.391";"intolerante";" 6.555896e-02"
"   4";"   5";" 80.00";"  3.391";"ms";" 6.555896e-02"
"   4";"   5";" 80.00";"  3.391";"lagoa";" 6.555896e-02"
"   4";"   5";" 80.00";"  3.391";"pronunciar";" 6.555896e-02"
"   4";"   5";" 80.00";"  3.391";"dose";" 6.555896e-02"
"   4";"   5";" 80.00";"  3.391";"cinto";" 6.555896e-02"
"   4";"   5";" 80.00";"  3.391";"tartaruga";" 6.555896e-02"
"   4";"   5";" 80.00";"  3.391";"surpreso";" 6.555896e-02"
"   4";"   5";" 80.00";"  3.391";"moravianos";" 6.555896e-02"
"   4";"   5";" 80.00";"  3.391";"lixar";" 6.555896e-02"
"   4";"   5";" 80.00";"  3.391";"hulk";" 6.555896e-02"
"   4";"   5";" 80.00";"  3.391";"vácuo";" 6.555896e-02"
"   4";"   5";" 80.00";"  3.391";"videozinhos";" 6.555896e-02"
"   4";"   5";" 80.00";"  3.391";"universal";" 6.555896e-02"
"   4";"   5";" 80.00";"  3.391";"sufocar";" 6.555896e-02"
"   4";"   5";" 80.00";"  3.391";"rebentar";" 6.555896e-02"
"   4";"   5";" 80.00";"  3.391";"palavrão";" 6.555896e-02"
"   4";"   5";" 80.00";"  3.391";"mário";" 6.555896e-02"
"   4";"   5";" 80.00";"  3.391";"internar";" 6.555896e-02"
"   4";"   5";" 80.00";"  3.391";"frete";" 6.555896e-02"
"   4";"   5";" 80.00";"  3.391";"coxa";" 6.555896e-02"
"   4";"   5";" 80.00";"  3.391";"cartilha";" 6.555896e-02"
"   4";"   5";" 80.00";"  3.391";"açúcar";" 6.555896e-02"
"   4";"   5";" 80.00";"  3.391";"ânus";" 6.555896e-02"
"   4";"   5";" 80.00";"  3.391";"yeah";" 6.555896e-02"
"   4";"   5";" 80.00";"  3.391";"visibilidade";" 6.555896e-02"
"   4";"   5";" 80.00";"  3.391";"viralizou";" 6.555896e-02"
"   4";"   5";" 80.00";"  3.391";"vingador";" 6.555896e-02"
"   4";"   5";" 80.00";"  3.391";"tênis";" 6.555896e-02"
"   4";"   5";" 80.00";"  3.391";"tradição";" 6.555896e-02"
"   4";"   5";" 80.00";"  3.391";"sorteio";" 6.555896e-02"
"   4";"   5";" 80.00";"  3.391";"reportar";" 6.555896e-02"
"   4";"   5";" 80.00";"  3.391";"pílula";" 6.555896e-02"
"   4";"   5";" 80.00";"  3.391";"puto";" 6.555896e-02"
"   4";"   5";" 80.00";"  3.391";"psicopata";" 6.555896e-02"
"   4";"   5";" 80.00";"  3.391";"pegada";" 6.555896e-02"
"   4";"   5";" 80.00";"  3.391";"mágico";" 6.555896e-02"
"   4";"   5";" 80.00";"  3.391";"molecular";" 6.555896e-02"
"   4";"   5";" 80.00";"  3.391";"moderação";" 6.555896e-02"
"   4";"   5";" 80.00";"  3.391";"milho";" 6.555896e-02"
"   4";"   5";" 80.00";"  3.391";"matança";" 6.555896e-02"
"   4";"   5";" 80.00";"  3.391";"marxismo";" 6.555896e-02"
"   4";"   5";" 80.00";"  3.391";"maquinário";" 6.555896e-02"
"   4";"   5";" 80.00";"  3.391";"likes";" 6.555896e-02"
"   4";"   5";" 80.00";"  3.391";"lago";" 6.555896e-02"
"   4";"   5";" 80.00";"  3.391";"karl";" 6.555896e-02"
"   4";"   5";" 80.00";"  3.391";"jornalismo";" 6.555896e-02"
"   4";"   5";" 80.00";"  3.391";"indireto";" 6.555896e-02"
"   4";"   5";" 80.00";"  3.391";"impotente";" 6.555896e-02"
"   4";"   5";" 80.00";"  3.391";"homicida";" 6.555896e-02"
"   4";"   5";" 80.00";"  3.391";"filmagem";" 6.555896e-02"
"   4";"   5";" 80.00";"  3.391";"fic";" 6.555896e-02"
"   4";"   5";" 80.00";"  3.391";"farinha";" 6.555896e-02"
"   4";"   5";" 80.00";"  3.391";"esticar";" 6.555896e-02"
"   4";"   5";" 80.00";"  3.391";"esfregar";" 6.555896e-02"
"   4";"   5";" 80.00";"  3.391";"engajado";" 6.555896e-02"
"   4";"   5";" 80.00";"  3.391";"encenar";" 6.555896e-02"
"   4";"   5";" 80.00";"  3.391";"encarecidamente";" 6.555896e-02"
"   4";"   5";" 80.00";"  3.391";"criatividade";" 6.555896e-02"
"   4";"   5";" 80.00";"  3.391";"chinelo";" 6.555896e-02"
"   4";"   5";" 80.00";"  3.391";"celebridade";" 6.555896e-02"
"   4";"   5";" 80.00";"  3.391";"boto";" 6.555896e-02"
"   4";"   5";" 80.00";"  3.391";"armadilha";" 6.555896e-02"
"   4";"   5";" 80.00";"  3.391";"animador";" 6.555896e-02"
"  46";"  94";" 48.94";"  3.355";"baixo";" 6.700661e-02"
"  22";"  41";" 53.66";"  3.337";"cedo";" 6.771866e-02"
"  92";" 200";" 46.00";"  3.332";"único";" 6.794696e-02"
"  67";" 142";" 47.18";"  3.331";"papel";" 6.796605e-02"
"  21";"  39";" 53.85";"  3.260";"reclamar";" 7.097262e-02"
"  78";" 168";" 46.43";"  3.189";"infelizmente";" 7.413146e-02"
"  19";"  35";" 54.29";"  3.110";"genuíno";" 7.779972e-02"
"  19";"  35";" 54.29";"  3.110";"onda";" 7.779972e-02"
"  39";"  79";" 49.37";"  3.087";"avô";" 7.891155e-02"
"  30";"  59";" 50.85";"  3.064";"coletivo";" 8.003495e-02"
" 111";" 246";" 45.12";"  3.040";"partido";" 8.125536e-02"
"  34";"  68";" 50.00";"  3.016";"desculpa";" 8.246146e-02"
"  56";" 118";" 47.46";"  2.973";"conhecimento";" 8.468244e-02"
"  17";"  31";" 54.84";"  2.967";"injusto";" 8.496161e-02"
"  17";"  31";" 54.84";"  2.967";"curto";" 8.496161e-02"
"   5";"   7";" 71.43";"  2.942";"célula";" 8.628112e-02"
"   5";"   7";" 71.43";"  2.942";"slogan";" 8.628112e-02"
"   5";"   7";" 71.43";"  2.942";"flora";" 8.628112e-02"
"   5";"   7";" 71.43";"  2.942";"cuspir";" 8.628112e-02"
"   5";"   7";" 71.43";"  2.942";"vantagem";" 8.628112e-02"
"   5";"   7";" 71.43";"  2.942";"patriotismo";" 8.628112e-02"
"   5";"   7";" 71.43";"  2.942";"moralista";" 8.628112e-02"
"   5";"   7";" 71.43";"  2.942";"mirabolante";" 8.628112e-02"
"   5";"   7";" 71.43";"  2.942";"lewis";" 8.628112e-02"
"   5";"   7";" 71.43";"  2.942";"ignorante";" 8.628112e-02"
"   5";"   7";" 71.43";"  2.942";"gravidez";" 8.628112e-02"
"   5";"   7";" 71.43";"  2.942";"circo";" 8.628112e-02"
"   5";"   7";" 71.43";"  2.942";"churrasco";" 8.628112e-02"
"   5";"   7";" 71.43";"  2.942";"campanholo";" 8.628112e-02"
"   5";"   7";" 71.43";"  2.942";"bernardo";" 8.628112e-02"
"   5";"   7";" 71.43";"  2.942";"asilo";" 8.628112e-02"
"   5";"   7";" 71.43";"  2.942";"usuário";" 8.628112e-02"
"   5";"   7";" 71.43";"  2.942";"soljenítsin";" 8.628112e-02"
"   5";"   7";" 71.43";"  2.942";"relativo";" 8.628112e-02"
"   5";"   7";" 71.43";"  2.942";"pipocar";" 8.628112e-02"
"   5";"   7";" 71.43";"  2.942";"oprimir";" 8.628112e-02"
"   5";"   7";" 71.43";"  2.942";"nicole";" 8.628112e-02"
"   5";"   7";" 71.43";"  2.942";"navio";" 8.628112e-02"
"   5";"   7";" 71.43";"  2.942";"martins";" 8.628112e-02"
"   5";"   7";" 71.43";"  2.942";"mando";" 8.628112e-02"
"   5";"   7";" 71.43";"  2.942";"isa";" 8.628112e-02"
"   5";"   7";" 71.43";"  2.942";"instabilidade";" 8.628112e-02"
"   5";"   7";" 71.43";"  2.942";"escravizar";" 8.628112e-02"
"   5";"   7";" 71.43";"  2.942";"economicamente";" 8.628112e-02"
"   5";"   7";" 71.43";"  2.942";"debochar";" 8.628112e-02"
"   5";"   7";" 71.43";"  2.942";"coaching";" 8.628112e-02"
"   5";"   7";" 71.43";"  2.942";"camboja";" 8.628112e-02"
"   5";"   7";" 71.43";"  2.942";"atropelar";" 8.628112e-02"
"   5";"   7";" 71.43";"  2.942";"areia";" 8.628112e-02"
" 112";" 249";" 44.98";"  2.918";"gerar";" 8.761444e-02"
"  16";"  29";" 55.17";"  2.899";"incomodar";" 8.860854e-02"
"  16";"  29";" 55.17";"  2.899";"organizar";" 8.860854e-02"
" 351";" 825";" 42.55";"  2.865";"nicolas";" 9.050215e-02"
"  58";" 123";" 47.15";"  2.861";"pior";" 9.072545e-02"
"  15";"  27";" 55.56";"  2.835";"colar";" 9.224689e-02"
"  47";"  98";" 47.96";"  2.797";"caminhar";" 9.446695e-02"
"  14";"  25";" 56.00";"  2.774";"cena";" 9.581713e-02"
"  14";"  25";" 56.00";"  2.774";"espalhar";" 9.581713e-02"
"  14";"  25";" 56.00";"  2.774";"pânico";" 9.581713e-02"
"  39";"  80";" 48.75";"  2.740";"invadir";" 9.788927e-02"
"   6";"   9";" 66.67";"  2.733";"max";" 9.831358e-02"
"   6";"   9";" 66.67";"  2.733";"relativizar";" 9.831358e-02"
"   6";"   9";" 66.67";"  2.733";"leal";" 9.831358e-02"
"   6";"   9";" 66.67";"  2.733";"iphone";" 9.831358e-02"
"   6";"   9";" 66.67";"  2.733";"epidemia";" 9.831358e-02"
"   6";"   9";" 66.67";"  2.733";"rosário";" 9.831358e-02"
"   6";"   9";" 66.67";"  2.733";"prata";" 9.831358e-02"
"   6";"   9";" 66.67";"  2.733";"lazer";" 9.831358e-02"
"   6";"   9";" 66.67";"  2.733";"lacrar";" 9.831358e-02"
"   6";"   9";" 66.67";"  2.733";"intencionado";" 9.831358e-02"
"   6";"   9";" 66.67";"  2.733";"facilidade";" 9.831358e-02"
"   6";"   9";" 66.67";"  2.733";"diferenciar";" 9.831358e-02"
"   6";"   9";" 66.67";"  2.733";"trs";" 9.831358e-02"
"   6";"   9";" 66.67";"  2.733";"subjetivo";" 9.831358e-02"
"   6";"   9";" 66.67";"  2.733";"rota";" 9.831358e-02"
"   6";"   9";" 66.67";"  2.733";"reputação";" 9.831358e-02"
"   6";"   9";" 66.67";"  2.733";"pedagogo";" 9.831358e-02"
"   6";"   9";" 66.67";"  2.733";"ocupado";" 9.831358e-02"
"   6";"   9";" 66.67";"  2.733";"naturalmente";" 9.831358e-02"
"   6";"   9";" 66.67";"  2.733";"namorar";" 9.831358e-02"
"   6";"   9";" 66.67";"  2.733";"italiano";" 9.831358e-02"
"   6";"   9";" 66.67";"  2.733";"hostil";" 9.831358e-02"
"   6";"   9";" 66.67";"  2.733";"frágil";" 9.831358e-02"
"   6";"   9";" 66.67";"  2.733";"capeta";" 9.831358e-02"
"   6";"   9";" 66.67";"  2.733";"bora";" 9.831358e-02"
"   6";"   9";" 66.67";"  2.733";"barco";" 9.831358e-02"
"   6";"   9";" 66.67";"  2.733";"absurdamente";" 9.831358e-02"
"  13";"  23";" 56.52";"  2.718";"haddad";" 9.923586e-02"
"  13";"  23";" 56.52";"  2.718";"expressar";" 9.923586e-02"
" 211";" 487";" 43.33";"  2.714";"lembrar";" 9.949704e-02"
"  12";"  21";" 57.14";"  2.668";"ponte";" 1.023858e-01"
"  12";"  21";" 57.14";"  2.668";"natal";" 1.023858e-01"
"  12";"  21";" 57.14";"  2.668";"radical";" 1.023858e-01"
"  12";"  21";" 57.14";"  2.668";"doutrina";" 1.023858e-01"
"  12";"  21";" 57.14";"  2.668";"perda";" 1.023858e-01"
"  12";"  21";" 57.14";"  2.668";"filosofia";" 1.023858e-01"
"   7";"  11";" 63.64";"  2.631";"alô";" 1.047653e-01"
"   7";"  11";" 63.64";"  2.631";"br";" 1.047653e-01"
"   7";"  11";" 63.64";"  2.631";"capa";" 1.047653e-01"
"   7";"  11";" 63.64";"  2.631";"chutar";" 1.047653e-01"
"   7";"  11";" 63.64";"  2.631";"protagonismo";" 1.047653e-01"
"   7";"  11";" 63.64";"  2.631";"liberal";" 1.047653e-01"
"   7";"  11";" 63.64";"  2.631";"hashtag";" 1.047653e-01"
"   7";"  11";" 63.64";"  2.631";"espelho";" 1.047653e-01"
"   7";"  11";" 63.64";"  2.631";"civilização";" 1.047653e-01"
"   7";"  11";" 63.64";"  2.631";"chacota";" 1.047653e-01"
"   7";"  11";" 63.64";"  2.631";"apoiador";" 1.047653e-01"
"  45";"  94";" 47.87";"  2.626";"começo";" 1.051389e-01"
"  11";"  19";" 57.89";"  2.626";"desespero";" 1.051005e-01"
"  11";"  19";" 57.89";"  2.626";"restaurante";" 1.051005e-01"
"  25";"  49";" 51.02";"  2.623";"intenção";" 1.052964e-01"
"  10";"  17";" 58.82";"  2.596";"moleque";" 1.071410e-01"
"  10";"  17";" 58.82";"  2.596";"imperfeito";" 1.071410e-01"
"  10";"  17";" 58.82";"  2.596";"óleo";" 1.071410e-01"
"  10";"  17";" 58.82";"  2.596";"estilo";" 1.071410e-01"
"  10";"  17";" 58.82";"  2.596";"buraco";" 1.071410e-01"
"   8";"  13";" 61.54";"  2.589";"cabana";" 1.076311e-01"
"   8";"  13";" 61.54";"  2.589";"peruca";" 1.076311e-01"
"   8";"  13";" 61.54";"  2.589";"zé";" 1.076311e-01"
"   8";"  13";" 61.54";"  2.589";"publicidade";" 1.076311e-01"
"   8";"  13";" 61.54";"  2.589";"concentração";" 1.076311e-01"
"   8";"  13";" 61.54";"  2.589";"revolto";" 1.076311e-01"
"   8";"  13";" 61.54";"  2.589";"peixe";" 1.076311e-01"
"   8";"  13";" 61.54";"  2.589";"barulho";" 1.076311e-01"
"   8";"  13";" 61.54";"  2.589";"colo";" 1.076311e-01"
"   8";"  13";" 61.54";"  2.589";"chile";" 1.076311e-01"
" 107";" 239";" 44.77";"  2.581";"preciso";" 1.081765e-01"
"   9";"  15";" 60.00";"  2.581";"tv";" 1.081580e-01"
"   9";"  15";" 60.00";"  2.581";"inútil";" 1.081580e-01"
"   9";"  15";" 60.00";"  2.581";"black";" 1.081580e-01"
"   9";"  15";" 60.00";"  2.581";"zombar";" 1.081580e-01"
"   9";"  15";" 60.00";"  2.581";"sacar";" 1.081580e-01"
"   9";"  15";" 60.00";"  2.581";"representação";" 1.081580e-01"
"   9";"  15";" 60.00";"  2.581";"lançamento";" 1.081580e-01"
"   9";"  15";" 60.00";"  2.581";"diariamente";" 1.081580e-01"
"   9";"  15";" 60.00";"  2.581";"pedaço";" 1.081580e-01"
"   9";"  15";" 60.00";"  2.581";"fingir";" 1.081580e-01"
"   9";"  15";" 60.00";"  2.581";"deboche";" 1.081580e-01"
"  19";"  36";" 52.78";"  2.572";"conceito";" 1.088009e-01"
"  37";"  76";" 48.68";"  2.564";"linha";" 1.092896e-01"
"  24";"  47";" 51.06";"  2.536";"moço";" 1.113110e-01"
"  18";"  34";" 52.94";"  2.490";"perigoso";" 1.146005e-01"
"  18";"  34";" 52.94";"  2.490";"torcer";" 1.146005e-01"
"  23";"  45";" 51.11";"  2.448";"festa";" 1.176988e-01"
"  17";"  32";" 53.12";"  2.409";"pressionar";" 1.206761e-01"
"  49";" 104";" 47.12";"  2.392";"jamais";" 1.219364e-01"
"  22";"  43";" 51.16";"  2.360";"custar";" 1.244858e-01"
"  22";"  43";" 51.16";"  2.360";"cansado";" 1.244858e-01"
"  16";"  30";" 53.33";"  2.328";"brigar";" 1.270258e-01"
"  48";" 102";" 47.06";"  2.310";"mudança";" 1.285129e-01"
"1517";"3715";" 40.83";"  2.306";"querer";" 1.289087e-01"
" 144";" 329";" 43.77";"  2.294";"conta";" 1.298385e-01"
" 330";" 780";" 42.31";"  2.270";"forma";" 1.319324e-01"
"  60";" 130";" 46.15";"  2.267";"quebrar";" 1.321909e-01"
"  15";"  28";" 53.57";"  2.250";"receita";" 1.336407e-01"
"  15";"  28";" 53.57";"  2.250";"essência";" 1.336407e-01"
" 128";" 291";" 43.99";"  2.249";"maneira";" 1.336998e-01"
"  37";"  77";" 48.05";"  2.245";"ditadura";" 1.340388e-01"
"  33";"  68";" 48.53";"  2.215";"tiro";" 1.366455e-01"
"  29";"  59";" 49.15";"  2.203";"indignação";" 1.377838e-01"
" 109";" 246";" 44.31";"  2.195";"final";" 1.384615e-01"
"  19";"  37";" 51.35";"  2.098";"provavelmente";" 1.475335e-01"
"  13";"  24";" 54.17";"  2.097";"afetar";" 1.475750e-01"
" 706";"1707";" 41.36";"  2.082";"brasil";" 1.490747e-01"
"   3";"   4";" 75.00";"  2.081";"question";" 1.491336e-01"
"   3";"   4";" 75.00";"  2.081";"capitalista";" 1.491336e-01"
"   3";"   4";" 75.00";"  2.081";"box";" 1.491336e-01"
"   3";"   4";" 75.00";"  2.081";"triângulo";" 1.491336e-01"
"   3";"   4";" 75.00";"  2.081";"rebeca";" 1.491336e-01"
"   3";"   4";" 75.00";"  2.081";"gordo";" 1.491336e-01"
"   3";"   4";" 75.00";"  2.081";"viração";" 1.491336e-01"
"   3";"   4";" 75.00";"  2.081";"record";" 1.491336e-01"
"   3";"   4";" 75.00";"  2.081";"lavínia";" 1.491336e-01"
"   3";"   4";" 75.00";"  2.081";"fátima";" 1.491336e-01"
"   3";"   4";" 75.00";"  2.081";"expressivo";" 1.491336e-01"
"   3";"   4";" 75.00";"  2.081";"esperto";" 1.491336e-01"
"   3";"   4";" 75.00";"  2.081";"crucifixo";" 1.491336e-01"
"   3";"   4";" 75.00";"  2.081";"validade";" 1.491336e-01"
"   3";"   4";" 75.00";"  2.081";"troco";" 1.491336e-01"
"   3";"   4";" 75.00";"  2.081";"terceirizar";" 1.491336e-01"
"   3";"   4";" 75.00";"  2.081";"processual";" 1.491336e-01"
"   3";"   4";" 75.00";"  2.081";"pichador";" 1.491336e-01"
"   3";"   4";" 75.00";"  2.081";"pensador";" 1.491336e-01"
"   3";"   4";" 75.00";"  2.081";"papagaio";" 1.491336e-01"
"   3";"   4";" 75.00";"  2.081";"oportunista";" 1.491336e-01"
"   3";"   4";" 75.00";"  2.081";"nutrição";" 1.491336e-01"
"   3";"   4";" 75.00";"  2.081";"morro";" 1.491336e-01"
"   3";"   4";" 75.00";"  2.081";"itaquera";" 1.491336e-01"
"   3";"   4";" 75.00";"  2.081";"decoração";" 1.491336e-01"
"   3";"   4";" 75.00";"  2.081";"cru";" 1.491336e-01"
"   3";"   4";" 75.00";"  2.081";"conveniente";" 1.491336e-01"
"   3";"   4";" 75.00";"  2.081";"contágio";" 1.491336e-01"
"   3";"   4";" 75.00";"  2.081";"chupar";" 1.491336e-01"
"   3";"   4";" 75.00";"  2.081";"canhão";" 1.491336e-01"
"   3";"   4";" 75.00";"  2.081";"aranha";" 1.491336e-01"
"   3";"   4";" 75.00";"  2.081";"ápice";" 1.491336e-01"
"   3";"   4";" 75.00";"  2.081";"zinha";" 1.491336e-01"
"   3";"   4";" 75.00";"  2.081";"torturado";" 1.491336e-01"
"   3";"   4";" 75.00";"  2.081";"tofre";" 1.491336e-01"
"   3";"   4";" 75.00";"  2.081";"telespectador";" 1.491336e-01"
"   3";"   4";" 75.00";"  2.081";"tacar";" 1.491336e-01"
"   3";"   4";" 75.00";"  2.081";"taca";" 1.491336e-01"
"   3";"   4";" 75.00";"  2.081";"sobrevivência";" 1.491336e-01"
"   3";"   4";" 75.00";"  2.081";"salsicha";" 1.491336e-01"
"   3";"   4";" 75.00";"  2.081";"sacudir";" 1.491336e-01"
"   3";"   4";" 75.00";"  2.081";"sabor";" 1.491336e-01"
"   3";"   4";" 75.00";"  2.081";"punho";" 1.491336e-01"
"   3";"   4";" 75.00";"  2.081";"pote";" 1.491336e-01"
"   3";"   4";" 75.00";"  2.081";"pontapé";" 1.491336e-01"
"   3";"   4";" 75.00";"  2.081";"plástico";" 1.491336e-01"
"   3";"   4";" 75.00";"  2.081";"plantio";" 1.491336e-01"
"   3";"   4";" 75.00";"  2.081";"planilha";" 1.491336e-01"
"   3";"   4";" 75.00";"  2.081";"pintura";" 1.491336e-01"
"   3";"   4";" 75.00";"  2.081";"picolé";" 1.491336e-01"
"   3";"   4";" 75.00";"  2.081";"passear";" 1.491336e-01"
"   3";"   4";" 75.00";"  2.081";"oriental";" 1.491336e-01"
"   3";"   4";" 75.00";"  2.081";"obama";" 1.491336e-01"
"   3";"   4";" 75.00";"  2.081";"nuclear";" 1.491336e-01"
"   3";"   4";" 75.00";"  2.081";"nascituro";" 1.491336e-01"
"   3";"   4";" 75.00";"  2.081";"mu";" 1.491336e-01"
"   3";"   4";" 75.00";"  2.081";"molhadinho";" 1.491336e-01"
"   3";"   4";" 75.00";"  2.081";"medicação";" 1.491336e-01"
"   3";"   4";" 75.00";"  2.081";"matemático";" 1.491336e-01"
"   3";"   4";" 75.00";"  2.081";"marta";" 1.491336e-01"
"   3";"   4";" 75.00";"  2.081";"malhar";" 1.491336e-01"
"   3";"   4";" 75.00";"  2.081";"legenda";" 1.491336e-01"
"   3";"   4";" 75.00";"  2.081";"jinping";" 1.491336e-01"
"   3";"   4";" 75.00";"  2.081";"itamarati";" 1.491336e-01"
"   3";"   4";" 75.00";"  2.081";"inocentar";" 1.491336e-01"
"   3";"   4";" 75.00";"  2.081";"ingênuo";" 1.491336e-01"
"   3";"   4";" 75.00";"  2.081";"informativo";" 1.491336e-01"
"   3";"   4";" 75.00";"  2.081";"incessante";" 1.491336e-01"
"   3";"   4";" 75.00";"  2.081";"iluminado";" 1.491336e-01"
"   3";"   4";" 75.00";"  2.081";"idéia";" 1.491336e-01"
"   3";"   4";" 75.00";"  2.081";"garçom";" 1.491336e-01"
"   3";"   4";" 75.00";"  2.081";"gana";" 1.491336e-01"
"   3";"   4";" 75.00";"  2.081";"frota";" 1.491336e-01"
"   3";"   4";" 75.00";"  2.081";"frear";" 1.491336e-01"
"   3";"   4";" 75.00";"  2.081";"foguete";" 1.491336e-01"
"   3";"   4";" 75.00";"  2.081";"finança";" 1.491336e-01"
"   3";"   4";" 75.00";"  2.081";"fakes";" 1.491336e-01"
"   3";"   4";" 75.00";"  2.081";"experimento";" 1.491336e-01"
"   3";"   4";" 75.00";"  2.081";"exorbitante";" 1.491336e-01"
"   3";"   4";" 75.00";"  2.081";"enrolar";" 1.491336e-01"
"   3";"   4";" 75.00";"  2.081";"englobar";" 1.491336e-01"
"   3";"   4";" 75.00";"  2.081";"elogio";" 1.491336e-01"
"   3";"   4";" 75.00";"  2.081";"drasticamente";" 1.491336e-01"
"   3";"   4";" 75.00";"  2.081";"desacreditar";" 1.491336e-01"
"   3";"   4";" 75.00";"  2.081";"demonizando";" 1.491336e-01"
"   3";"   4";" 75.00";"  2.081";"cozinheiro";" 1.491336e-01"
"   3";"   4";" 75.00";"  2.081";"cosmovisão";" 1.491336e-01"
"   3";"   4";" 75.00";"  2.081";"copacabana";" 1.491336e-01"
"   3";"   4";" 75.00";"  2.081";"conceituação";" 1.491336e-01"
"   3";"   4";" 75.00";"  2.081";"competitividade";" 1.491336e-01"
"   3";"   4";" 75.00";"  2.081";"colombiano";" 1.491336e-01"
"   3";"   4";" 75.00";"  2.081";"cláudia";" 1.491336e-01"
"   3";"   4";" 75.00";"  2.081";"clique";" 1.491336e-01"
"   3";"   4";" 75.00";"  2.081";"cintura";" 1.491336e-01"
"   3";"   4";" 75.00";"  2.081";"chip";" 1.491336e-01"
"   3";"   4";" 75.00";"  2.081";"cação";" 1.491336e-01"
"   3";"   4";" 75.00";"  2.081";"capuz";" 1.491336e-01"
"   3";"   4";" 75.00";"  2.081";"caminhoneiro";" 1.491336e-01"
"   3";"   4";" 75.00";"  2.081";"camargo";" 1.491336e-01"
"   3";"   4";" 75.00";"  2.081";"caluniar";" 1.491336e-01"
"   3";"   4";" 75.00";"  2.081";"bolívia";" 1.491336e-01"
"   3";"   4";" 75.00";"  2.081";"bolar";" 1.491336e-01"
"   3";"   4";" 75.00";"  2.081";"balão";" 1.491336e-01"
"   3";"   4";" 75.00";"  2.081";"babaca";" 1.491336e-01"
"   3";"   4";" 75.00";"  2.081";"assis";" 1.491336e-01"
"   3";"   4";" 75.00";"  2.081";"anexar";" 1.491336e-01"
"   3";"   4";" 75.00";"  2.081";"ambulância";" 1.491336e-01"
"   3";"   4";" 75.00";"  2.081";"altamente";" 1.491336e-01"
"   3";"   4";" 75.00";"  2.081";"alienado";" 1.491336e-01"
"   3";"   4";" 75.00";"  2.081";"afligir";" 1.491336e-01"
" 107";" 242";" 44.21";"  2.072";"afinal";" 1.500717e-01"
"  23";"  46";" 50.00";"  2.038";"prefeitura";" 1.533875e-01"
"  77";" 171";" 45.03";"  2.035";"condição";" 1.537188e-01"
"  12";"  22";" 54.55";"  2.024";"reto";" 1.548030e-01"
"  12";"  22";" 54.55";"  2.024";"limpar";" 1.548030e-01"
"  74";" 164";" 45.12";"  2.020";"escutar";" 1.552693e-01"
"*****";"*";"*";"*";"*";"*"
"3892";" 7056";" 55.16";"980.681";"você";"2.842256e-215"
"5218";"11458";" 45.54";"300.786";"não";" 2.220571e-67"
"2588";" 5406";" 47.87";"192.062";"isso";" 1.127578e-43"
"7137";"16764";" 42.57";"174.907";"ser";" 6.273983e-40"
"4594";"10367";" 44.31";"156.997";"eu";" 5.127242e-36"
"1286";" 2509";" 51.26";"155.312";"ver";" 1.196799e-35"
"4276";" 9683";" 44.16";"130.867";"ir";" 2.647057e-30"
"2816";" 6144";" 45.83";"127.655";"ele";" 1.335502e-29"
"4200";" 9694";" 43.33";" 86.566";"ter";" 1.351203e-20"
"3572";" 8192";" 43.60";" 77.224";"um";" 1.526450e-18"
"1083";" 2246";" 48.22";" 74.644";"ela";" 5.636291e-18"
"1582";" 3409";" 46.41";" 73.959";"mais";" 7.976573e-18"
"3315";" 7579";" 43.74";" 73.815";"uma";" 8.578222e-18"
"4152";" 9642";" 43.06";" 73.730";"estar";" 8.957559e-18"
"  79";"  100";" 79.00";" 64.739";"oi";" 8.550889e-16"
" 195";"  322";" 60.56";" 59.228";"quê";" 1.404272e-14"
" 522";" 1019";" 51.23";" 58.857";"verdade";" 1.695520e-14"
"1532";" 3361";" 45.58";" 55.935";"saber";" 7.489808e-14"
" 135";"  208";" 64.90";" 55.609";"tal";" 8.841145e-14"
" 301";"  562";" 53.56";" 46.058";"tipo";" 1.147750e-11"
" 276";"  515";" 53.59";" 42.330";"pegar";" 7.711695e-11"
" 394";"  773";" 50.97";" 42.248";"ó";" 8.041157e-11"
" 210";"  376";" 55.85";" 41.544";"trabalhar";" 1.152582e-10"
" 462";"  939";" 49.20";" 36.714";"muita";" 1.367647e-09"
"  59";"   82";" 71.95";" 35.721";"caramba";" 2.276892e-09"
"  39";"   49";" 79.59";" 32.618";"__";" 1.121700e-08"
" 319";"  630";" 50.63";" 32.221";"pouco";" 1.375618e-08"
" 312";"  619";" 50.40";" 30.320";"alguma";" 3.662764e-08"
"2304";" 5363";" 42.96";" 30.158";"fazer";" 3.981576e-08"
" 233";"  453";" 51.43";" 26.493";"vário";" 2.644704e-07"
" 783";" 1747";" 44.82";" 20.487";"outro";" 6.004299e-06"
"  50";"   79";" 63.29";" 18.407";"consigo";" 1.783620e-05"
"2196";" 5208";" 42.17";" 16.582";"poder";" 4.659005e-05"
"  27";"   38";" 71.05";" 15.616";"olá";" 7.758812e-05"
"  34";"   51";" 66.67";" 15.511";"cento";" 8.201105e-05"
"8233";"20440";" 40.28";" 15.274";"que";" 9.300216e-05"
" 214";"  439";" 48.75";" 15.244";"ninguém";" 9.447231e-05"
"  15";"   18";" 83.33";" 14.318";"hum";" 1.543853e-04"
" 115";"  222";" 51.80";" 13.680";"valor";" 2.167771e-04"
" 348";"  757";" 45.97";" 12.783";"mim";" 3.498384e-04"
" 203";"  422";" 48.10";" 12.634";"tentar";" 3.787332e-04"
"  12";"   14";" 85.71";" 12.383";"220";" 4.332619e-04"
"  34";"   55";" 61.82";" 11.253";"hein";" 7.947423e-04"
" 141";"  287";" 49.13";" 10.759";"comigo";" 1.037720e-03"
"  80";"  152";" 52.63";" 10.666";"mil";" 1.091386e-03"
"2374";" 5712";" 41.56";" 10.609";"se";" 1.125290e-03"
"  98";"  193";" 50.78";"  9.951";"cima";" 1.607582e-03"
"   6";"    6";"100.00";"  9.112";"2222";" 2.539690e-03"
"  15";"   21";" 71.43";"  8.832";"dez";" 2.959564e-03"
" 147";"  308";" 47.73";"  8.373";"durante";" 3.809033e-03"
" 828";" 1937";" 42.75";"  8.088";"me";" 4.455253e-03"
" 229";"  501";" 45.71";"  7.684";"quanto";" 5.569820e-03"
"   5";"    5";"100.00";"  7.593";"cinquenta";" 5.860046e-03"
"   5";"    5";"100.00";"  7.593";"800";" 5.860046e-03"
" 232";"  510";" 45.49";"  7.266";"alguém";" 7.027282e-03"
"   4";"    4";"100.00";"  6.074";"007";" 1.371835e-02"
"  67";"  134";" 50.00";"  5.959";"100";" 1.464634e-02"
"  39";"   73";" 53.42";"  5.752";"ai";" 1.646885e-02"
" 200";"  443";" 45.15";"  5.568";"qualquer";" 1.828750e-02"
" 360";"  825";" 43.64";"  5.494";"aquilo";" 1.907829e-02"
" 630";" 1485";" 42.42";"  4.859";"quem";" 2.750034e-02"
"   5";"    6";" 83.33";"  4.770";"150";" 2.895383e-02"
"  65";"  133";" 48.87";"  4.689";"12";" 3.036479e-02"
" 956";" 2287";" 41.80";"  4.601";"meu";" 3.195965e-02"
"1512";" 3660";" 41.31";"  4.595";"como";" 3.205975e-02"
"   3";"    3";"100.00";"  4.555";"sessenta";" 3.281623e-02"
"   3";"    3";"100.00";"  4.555";"00005";" 3.281623e-02"
"   3";"    3";"100.00";"  4.555";"2970";" 3.281623e-02"
"   3";"    3";"100.00";"  4.555";"216";" 3.281623e-02"
"   3";"    3";"100.00";"  4.555";"124";" 3.281623e-02"
"  11";"   17";" 64.71";"  4.440";"55";" 3.511509e-02"
"   6";"    8";" 75.00";"  4.163";"98";" 4.131988e-02"
"  23";"   42";" 54.76";"  3.981";"200";" 4.600793e-02"
"  84";"  179";" 46.93";"  3.923";"quatro";" 4.763289e-02"
" 224";"  510";" 43.92";"  3.857";"trabalho";" 4.952480e-02"
"   4";"    5";" 80.00";"  3.391";"quinze";" 6.555896e-02"
"   5";"    7";" 71.43";"  2.942";"250";" 8.628112e-02"
"   5";"    7";" 71.43";"  2.942";"vinte";" 8.628112e-02"
"  32";"   64";" 50.00";"  2.838";"sete";" 9.206693e-02"
"   6";"    9";" 66.67";"  2.733";"5000";" 9.831358e-02"
"   8";"   13";" 61.54";"  2.589";"120";" 1.076311e-01"
"   3";"    4";" 75.00";"  2.081";"22222";" 1.491336e-01"
"  12";"   22";" 54.55";"  2.024";"g";" 1.548030e-01"
"  18";"   35";" 51.43";"  2.010";"300";" 1.562204e-01"
"*";"*";"*";"*";"*";"*"
"460";"546";" 84.25";"462.530";"*_texto114";"1.353151e-102"
"267";"284";" 94.01";"353.843";"*_texto246";" 6.169097e-79"
"268";"286";" 93.71";"352.336";"*_texto449";" 1.313678e-78"
"191";"201";" 95.02";"258.970";"*_texto416";" 2.878044e-58"
"209";"229";" 91.27";"256.603";"*_texto311";" 9.442940e-58"
"157";"163";" 96.32";"219.615";"*_texto446";" 1.097480e-49"
"108";"119";" 90.76";"130.139";"*_texto271";" 3.820041e-30"
"166";"215";" 77.21";"127.380";"*_texto404";" 1.534212e-29"
" 83";" 93";" 89.25";" 95.681";"*_texto266";" 1.349585e-22"
"160";"228";" 70.18";" 89.206";"*_texto435";" 3.557672e-21"
" 95";"118";" 80.51";" 82.430";"*_texto213";" 1.094741e-19"
" 60";" 64";" 93.75";" 78.268";"*_texto288";" 8.997885e-19"
" 56";" 59";" 94.92";" 75.283";"*_texto412";" 4.078254e-18"
"104";"138";" 75.36";" 73.675";"*_texto327";" 9.209292e-18"
" 68";" 78";" 87.18";" 73.645";"*_texto274";" 9.353094e-18"
" 75";" 90";" 83.33";" 71.797";"*_texto413";" 2.385066e-17"
" 65";" 76";" 85.53";" 66.840";"*_texto267";" 2.944756e-16"
" 45";" 46";" 97.83";" 65.014";"*_texto264";" 7.435756e-16"
" 42";" 42";"100.00";" 63.875";"*_texto443";" 1.325961e-15"
" 43";" 44";" 97.73";" 61.971";"*_texto408";" 3.485005e-15"
" 37";" 37";"100.00";" 56.259";"*_texto252";" 6.352017e-14"
" 37";" 37";"100.00";" 56.259";"*_texto295";" 6.352017e-14"
" 45";" 49";" 91.84";" 55.722";"*_texto140";" 8.347302e-14"
" 38";" 39";" 97.44";" 54.368";"*_texto342";" 1.662612e-13"
" 37";" 38";" 97.37";" 52.848";"*_texto215";" 3.604025e-13"
" 40";" 44";" 90.91";" 48.261";"*_texto393";" 3.730072e-12"
" 36";" 38";" 94.74";" 48.134";"*_texto148";" 3.980728e-12"
" 41";" 46";" 89.13";" 47.014";"*_texto238";" 7.047293e-12"
" 35";" 37";" 94.59";" 46.623";"*_texto227";" 8.602653e-12"
" 34";" 36";" 94.44";" 45.114";"*_texto257";" 1.859259e-11"
" 43";" 50";" 86.00";" 44.841";"*_texto265";" 2.137303e-11"
" 58";" 75";" 77.33";" 44.478";"*_texto71";" 2.572922e-11"
" 37";" 41";" 90.24";" 43.805";"*_texto258";" 3.628317e-11"
" 33";" 35";" 94.29";" 43.605";"*_texto411";" 4.018704e-11"
" 36";" 40";" 90.00";" 42.323";"*_texto325";" 7.737480e-11"
" 36";" 40";" 90.00";" 42.323";"*_texto328";" 7.737480e-11"
" 34";" 37";" 91.89";" 42.145";"*_texto415";" 8.476400e-11"
" 66";" 91";" 72.53";" 41.086";"*_texto82";" 1.456586e-10"
" 27";" 27";"100.00";" 41.038";"*_texto395";" 1.493334e-10"
" 29";" 30";" 96.67";" 40.700";"*_texto302";" 1.775273e-10"
" 29";" 30";" 96.67";" 40.700";"*_texto318";" 1.775273e-10"
" 33";" 36";" 91.67";" 40.651";"*_texto223";" 1.820128e-10"
" 36";" 41";" 87.80";" 39.678";"*_texto294";" 2.994372e-10"
" 29";" 31";" 93.55";" 37.579";"*_texto324";" 8.779467e-10"
" 68";" 97";" 70.10";" 37.573";"*_texto366";" 8.807301e-10"
" 32";" 36";" 88.89";" 36.420";"*_texto278";" 1.590344e-09"
" 26";" 27";" 96.30";" 36.150";"*_texto439";" 1.826590e-09"
" 33";" 38";" 86.84";" 35.313";"*_texto402";" 2.807315e-09"
" 52";" 70";" 74.29";" 35.052";"*_texto305";" 3.209445e-09"
" 23";" 23";"100.00";" 34.952";"*_texto282";" 3.378832e-09"
" 36";" 43";" 83.72";" 34.849";"*_texto132";" 3.562102e-09"
" 29";" 32";" 90.62";" 34.694";"*_texto237";" 3.857957e-09"
" 27";" 29";" 93.10";" 34.573";"*_texto406";" 4.105805e-09"
" 37";" 45";" 82.22";" 34.032";"*_texto363";" 5.422627e-09"
" 37";" 45";" 82.22";" 34.032";"*_texto421";" 5.422627e-09"
" 40";" 50";" 80.00";" 33.970";"*_texto145";" 5.597378e-09"
" 30";" 34";" 88.24";" 33.486";"*_texto403";" 7.177509e-09"
" 50";" 68";" 73.53";" 32.575";"*_texto430";" 1.146820e-08"
" 23";" 24";" 95.83";" 31.606";"*_texto226";" 1.888209e-08"
" 23";" 24";" 95.83";" 31.606";"*_texto332";" 1.888209e-08"
" 23";" 24";" 95.83";" 31.606";"*_texto417";" 1.888209e-08"
" 25";" 27";" 92.59";" 31.573";"*_texto222";" 1.920777e-08"
" 25";" 27";" 92.59";" 31.573";"*_texto309";" 1.920777e-08"
" 26";" 29";" 89.66";" 30.252";"*_texto272";" 3.794943e-08"
" 22";" 23";" 95.65";" 30.093";"*_texto260";" 4.118382e-08"
" 24";" 27";" 88.89";" 27.305";"*_texto269";" 1.737258e-07"
" 24";" 27";" 88.89";" 27.305";"*_texto277";" 1.737258e-07"
" 35";" 45";" 77.78";" 27.288";"*_texto194";" 1.753105e-07"
" 22";" 24";" 91.67";" 27.087";"*_texto214";" 1.944523e-07"
" 41";" 57";" 71.93";" 24.773";"*_texto225";" 6.450625e-07"
" 37";" 50";" 74.00";" 24.606";"*_texto409";" 7.034690e-07"
" 27";" 33";" 81.82";" 24.473";"*_texto143";" 7.537638e-07"
" 48";" 70";" 68.57";" 24.424";"*_texto319";" 7.731019e-07"
" 20";" 22";" 90.91";" 24.109";"*_texto401";" 9.101252e-07"
" 21";" 24";" 87.50";" 22.917";"*_texto8";" 1.691370e-06"
" 17";" 18";" 94.44";" 22.541";"*_texto217";" 2.057554e-06"
" 17";" 18";" 94.44";" 22.541";"*_texto329";" 2.057554e-06"
" 24";" 29";" 82.76";" 22.474";"*_texto90";" 2.130157e-06"
" 45";" 66";" 68.18";" 22.407";"*_texto340";" 2.205727e-06"
" 33";" 45";" 73.33";" 21.288";"*_texto233";" 3.951866e-06"
" 14";" 14";"100.00";" 21.268";"*_texto331";" 3.994193e-06"
" 18";" 20";" 90.00";" 21.145";"*_texto398";" 4.259090e-06"
" 23";" 28";" 82.14";" 21.082";"*_texto431";" 4.400889e-06"
" 16";" 17";" 94.12";" 21.034";"*_texto43";" 4.512062e-06"
" 16";" 17";" 94.12";" 21.034";"*_texto241";" 4.512062e-06"
" 16";" 17";" 94.12";" 21.034";"*_texto316";" 4.512062e-06"
" 27";" 35";" 77.14";" 20.514";"*_texto234";" 5.920989e-06"
" 21";" 25";" 84.00";" 20.504";"*_texto202";" 5.949874e-06"
" 24";" 30";" 80.00";" 20.366";"*_texto134";" 6.397166e-06"
" 15";" 16";" 93.75";" 19.529";"*_texto330";" 9.906951e-06"
" 76";"130";" 58.46";" 19.193";"*_texto18";" 1.181379e-05"
" 20";" 24";" 83.33";" 19.095";"*_texto351";" 1.243572e-05"
" 23";" 29";" 79.31";" 19.018";"*_texto160";" 1.295098e-05"
"109";"200";" 54.50";" 18.421";"*_texto248";" 1.770585e-05"
" 12";" 12";"100.00";" 18.228";"*_texto396";" 1.959829e-05"
" 14";" 15";" 93.33";" 18.027";"*_texto211";" 2.178246e-05"
" 22";" 28";" 78.57";" 17.682";"*_texto255";" 2.610329e-05"
" 31";" 44";" 70.45";" 17.403";"*_texto447";" 3.024156e-05"
" 23";" 30";" 76.67";" 17.135";"*_texto66";" 3.481266e-05"
" 15";" 17";" 88.24";" 16.732";"*_texto281";" 4.305697e-05"
" 11";" 11";"100.00";" 16.708";"*_texto333";" 4.359050e-05"
" 11";" 11";"100.00";" 16.708";"*_texto405";" 4.359050e-05"
" 13";" 14";" 92.86";" 16.527";"*_texto35";" 4.796741e-05"
" 13";" 14";" 92.86";" 16.527";"*_texto400";" 4.796741e-05"
" 42";" 66";" 63.64";" 15.824";"*_texto253";" 6.952801e-05"
" 19";" 24";" 79.17";" 15.622";"*_texto346";" 7.736276e-05"
" 19";" 24";" 79.17";" 15.622";"*_texto397";" 7.736276e-05"
" 47";" 76";" 61.84";" 15.597";"*_texto2";" 7.837563e-05"
" 10";" 10";"100.00";" 15.189";"*_texto308";" 9.728229e-05"
" 10";" 10";"100.00";" 15.189";"*_texto314";" 9.728229e-05"
" 24";" 33";" 72.73";" 15.046";"*_texto230";" 1.049068e-04"
" 12";" 13";" 92.31";" 15.030";"*_texto320";" 1.058135e-04"
" 12";" 13";" 92.31";" 15.030";"*_texto334";" 1.058135e-04"
" 27";" 39";" 69.23";" 14.219";"*_texto321";" 1.627515e-04"
" 23";" 32";" 71.88";" 13.846";"*_texto27";" 1.983910e-04"
" 51";" 86";" 59.30";" 13.837";"*_texto206";" 1.994124e-04"
" 13";" 15";" 86.67";" 13.823";"*_texto367";" 2.008559e-04"
" 11";" 12";" 91.67";" 13.537";"*_texto220";" 2.338774e-04"
" 21";" 29";" 72.41";" 12.971";"*_texto203";" 3.164341e-04"
" 18";" 24";" 75.00";" 12.497";"*_texto205";" 4.077027e-04"
"  8";"  8";"100.00";" 12.150";"*_texto163";" 4.908760e-04"
"  8";"  8";"100.00";" 12.150";"*_texto259";" 4.908760e-04"
" 37";" 60";" 61.67";" 12.111";"*_texto21";" 5.011844e-04"
" 19";" 26";" 73.08";" 12.104";"*_texto124";" 5.032312e-04"
" 19";" 26";" 73.08";" 12.104";"*_texto221";" 5.032312e-04"
" 10";" 11";" 90.91";" 12.049";"*_texto353";" 5.180878e-04"
" 25";" 37";" 67.57";" 12.011";"*_texto345";" 5.287806e-04"
" 20";" 28";" 71.43";" 11.780";"*_texto121";" 5.988288e-04"
" 21";" 30";" 70.00";" 11.511";"*_texto62";" 6.919783e-04"
" 17";" 23";" 73.91";" 11.249";"*_texto53";" 7.966380e-04"
" 11";" 13";" 84.62";" 10.955";"*_texto291";" 9.333678e-04"
" 14";" 18";" 77.78";" 10.903";"*_texto254";" 9.599216e-04"
" 14";" 18";" 77.78";" 10.903";"*_texto300";" 9.599216e-04"
" 18";" 25";" 72.00";" 10.899";"*_texto61";" 9.623843e-04"
"  7";"  7";"100.00";" 10.631";"*_texto244";" 1.112176e-03"
"  9";" 10";" 90.00";" 10.568";"*_texto240";" 1.150596e-03"
"  9";" 10";" 90.00";" 10.568";"*_texto245";" 1.150596e-03"
"  9";" 10";" 90.00";" 10.568";"*_texto262";" 1.150596e-03"
"  9";" 10";" 90.00";" 10.568";"*_texto418";" 1.150596e-03"
" 16";" 22";" 72.73";" 10.026";"*_texto94";" 1.543100e-03"
"  6";"  6";"100.00";"  9.112";"*_texto242";" 2.539690e-03"
"  6";"  6";"100.00";"  9.112";"*_texto298";" 2.539690e-03"
"  8";"  9";" 88.89";"  9.095";"*_texto198";" 2.562767e-03"
" 16";" 23";" 69.57";"  8.571";"*_texto292";" 3.415754e-03"
" 12";" 16";" 75.00";"  8.328";"*_texto299";" 3.903075e-03"
"  9";" 11";" 81.82";"  8.150";"*_texto59";" 4.305357e-03"
" 44";" 80";" 55.00";"  7.837";"*_texto442";" 5.118183e-03"
" 26";" 43";" 60.47";"  7.750";"*_texto142";" 5.369879e-03"
"  7";"  8";" 87.50";"  7.634";"*_texto243";" 5.727345e-03"
"  7";"  8";" 87.50";"  7.634";"*_texto275";" 5.727345e-03"
"  7";"  8";" 87.50";"  7.634";"*_texto290";" 5.727345e-03"
"  5";"  5";"100.00";"  7.593";"*_texto117";" 5.860046e-03"
"  5";"  5";"100.00";"  7.593";"*_texto196";" 5.860046e-03"
"  5";"  5";"100.00";"  7.593";"*_texto285";" 5.860046e-03"
"  5";"  5";"100.00";"  7.593";"*_texto344";" 5.860046e-03"
"  5";"  5";"100.00";"  7.593";"*_texto429";" 5.860046e-03"
" 10";" 13";" 76.92";"  7.523";"*_texto170";" 6.090000e-03"
" 27";" 46";" 58.70";"  6.939";"*_texto11";" 8.435619e-03"
" 22";" 36";" 61.11";"  6.897";"*_texto268";" 8.633930e-03"
" 13";" 19";" 68.42";"  6.547";"*_texto235";" 1.050622e-02"
" 14";" 21";" 66.67";"  6.379";"*_texto204";" 1.154560e-02"
"  9";" 12";" 75.00";"  6.245";"*_texto390";" 1.245252e-02"
"  6";"  7";" 85.71";"  6.190";"*_texto301";" 1.284916e-02"
"  6";"  7";" 85.71";"  6.190";"*_texto317";" 1.284916e-02"
"  6";"  7";" 85.71";"  6.190";"*_texto354";" 1.284916e-02"
" 17";" 27";" 62.96";"  6.104";"*_texto374";" 1.348384e-02"
" 24";" 41";" 58.54";"  6.080";"*_texto323";" 1.367231e-02"
"  4";"  4";"100.00";"  6.074";"*_texto125";" 1.371835e-02"
"  4";"  4";"100.00";"  6.074";"*_texto189";" 1.371835e-02"
"  4";"  4";"100.00";"  6.074";"*_texto209";" 1.371835e-02"
"  4";"  4";"100.00";"  6.074";"*_texto231";" 1.371835e-02"
" 43";" 81";" 53.09";"  6.074";"*_texto239";" 1.372247e-02"
"  4";"  4";"100.00";"  6.074";"*_texto250";" 1.371835e-02"
"  4";"  4";"100.00";"  6.074";"*_texto251";" 1.371835e-02"
"  4";"  4";"100.00";"  6.074";"*_texto304";" 1.371835e-02"
"  4";"  4";"100.00";"  6.074";"*_texto310";" 1.371835e-02"
"  4";"  4";"100.00";"  6.074";"*_texto420";" 1.371835e-02"
"  4";"  4";"100.00";"  6.074";"*_texto424";" 1.371835e-02"
" 20";" 33";" 60.61";"  6.027";"*_texto45";" 1.409131e-02"
" 20";" 33";" 60.61";"  6.027";"*_texto419";" 1.409131e-02"
" 30";" 54";" 55.56";"  5.676";"*_texto39";" 1.720259e-02"
" 11";" 16";" 68.75";"  5.640";"*_texto67";" 1.755895e-02"
" 12";" 18";" 66.67";"  5.467";"*_texto426";" 1.937496e-02"
" 12";" 18";" 66.67";"  5.467";"*_texto438";" 1.937496e-02"
"  7";"  9";" 77.78";"  5.450";"*_texto407";" 1.957177e-02"
" 23";" 40";" 57.50";"  5.296";"*_texto38";" 2.137128e-02"
"  8";" 11";" 72.73";"  5.011";"*_texto232";" 2.518670e-02"
"  8";" 11";" 72.73";"  5.011";"*_texto341";" 2.518670e-02"
"  5";"  6";" 83.33";"  4.770";"*_texto445";" 2.895383e-02"
"  9";" 13";" 69.23";"  4.735";"*_texto187";" 2.956169e-02"
"  9";" 13";" 69.23";"  4.735";"*_texto284";" 2.956169e-02"
" 10";" 15";" 66.67";"  4.556";"*_texto336";" 3.281167e-02"
"  3";"  3";"100.00";"  4.555";"*_texto279";" 3.281623e-02"
"  3";"  3";"100.00";"  4.555";"*_texto289";" 3.281623e-02"
"  3";"  3";"100.00";"  4.555";"*_texto339";" 3.281623e-02"
" 11";" 17";" 64.71";"  4.440";"*_texto347";" 3.511509e-02"
" 13";" 21";" 61.90";"  4.325";"*_texto116";" 3.756535e-02"
" 16";" 27";" 59.26";"  4.315";"*_texto139";" 3.778354e-02"
" 16";" 27";" 59.26";"  4.315";"*_texto249";" 3.778354e-02"
" 39";" 76";" 51.32";"  4.289";"*_texto378";" 3.836083e-02"
"  6";"  8";" 75.00";"  4.163";"*_texto313";" 4.131988e-02"
"  6";"  8";" 75.00";"  4.163";"*_texto322";" 4.131988e-02"
"  7";" 10";" 70.00";"  3.834";"*_texto218";" 5.022852e-02"
"  7";" 10";" 70.00";"  3.834";"*_texto280";" 5.022852e-02"
"  7";" 10";" 70.00";"  3.834";"*_texto422";" 5.022852e-02"
"  9";" 14";" 64.29";"  3.534";"*_texto216";" 6.012947e-02"
" 15";" 26";" 57.69";"  3.515";"*_texto153";" 6.080017e-02"
" 13";" 22";" 59.09";"  3.455";"*_texto448";" 6.307101e-02"
"  4";"  5";" 80.00";"  3.391";"*_texto348";" 6.555896e-02"
"  4";"  5";" 80.00";"  3.391";"*_texto423";" 6.555896e-02"
" 22";" 41";" 53.66";"  3.337";"*_texto24";" 6.771866e-02"
" 21";" 39";" 53.85";"  3.260";"*_texto36";" 7.097262e-02"
"  2";"  2";"100.00";"  3.037";"*_texto276";" 8.139762e-02"
"  2";"  2";"100.00";"  3.037";"*_texto286";" 8.139762e-02"
"  2";"  2";"100.00";"  3.037";"*_texto296";" 8.139762e-02"
"  2";"  2";"100.00";"  3.037";"*_texto338";" 8.139762e-02"
"  2";"  2";"100.00";"  3.037";"*_texto349";" 8.139762e-02"
" 15";" 27";" 55.56";"  2.835";"*_texto432";" 9.224689e-02"
"  6";"  9";" 66.67";"  2.733";"*_texto185";" 9.831358e-02"
"  6";"  9";" 66.67";"  2.733";"*_texto414";" 9.831358e-02"
" 13";" 23";" 56.52";"  2.718";"*_texto212";" 9.923586e-02"
"  7";" 11";" 63.64";"  2.631";"*_texto74";" 1.047653e-01"
"  7";" 11";" 63.64";"  2.631";"*_texto343";" 1.047653e-01"
"  8";" 13";" 61.54";"  2.589";"*_texto197";" 1.076311e-01"
"  9";" 15";" 60.00";"  2.581";"*_texto17";" 1.081580e-01"
" 19";" 36";" 52.78";"  2.572";"*_texto158";" 1.088009e-01"
" 18";" 34";" 52.94";"  2.490";"*_texto16";" 1.146005e-01"
" 18";" 34";" 52.94";"  2.490";"*_texto193";" 1.146005e-01"
" 39";" 81";" 48.15";"  2.417";"*_texto1";" 1.200326e-01"
" 17";" 32";" 53.12";"  2.409";"*_texto97";" 1.206761e-01"
"  3";"  4";" 75.00";"  2.081";"*_texto123";" 1.491336e-01"
"  3";"  4";" 75.00";"  2.081";"*_texto263";" 1.491336e-01"
"  3";"  4";" 75.00";"  2.081";"*_texto273";" 1.491336e-01"
"  3";"  4";" 75.00";"  2.081";"*_texto297";" 1.491336e-01"
"  3";"  4";" 75.00";"  2.081";"*_texto350";" 1.491336e-01"
"  3";"  4";" 75.00";"  2.081";"*_texto394";" 1.491336e-01"
" 18";" 35";" 51.43";"  2.010";"*_texto156";" 1.562204e-01"
