"";"X";"V1"
"1";1;4
"2";2;2
"3";3;4
"4";4;4
"5";5;4
"6";6;3
"7";7;4
"8";8;3
"9";9;3
"10";10;3
"11";11;1
"12";12;3
"13";13;3
"14";14;3
"15";15;3
"16";16;3
"17";17;3
"18";18;3
"19";19;4
"20";20;3
"21";21;3
"22";22;3
"23";23;2
"24";24;3
"25";25;3
"26";26;3
"27";27;3
"28";28;3
"29";29;3
"30";30;4
"31";31;4
"32";32;4
"33";33;3
"34";34;3
"35";35;4
"36";36;3
"37";37;3
"38";38;4
"39";39;4
"40";40;3
"41";41;2
"42";42;4
"43";43;0
"44";44;4
"45";45;3
"46";46;4
"47";47;2
"48";48;4
"49";49;2
"50";50;4
"51";51;4
"52";52;4
"53";53;4
"54";54;4
"55";55;4
"56";56;3
"57";57;2
"58";58;2
"59";59;2
"60";60;4
"61";61;4
"62";62;4
"63";63;4
"64";64;3
"65";65;2
"66";66;3
"67";67;4
"68";68;3
"69";69;3
"70";70;4
"71";71;3
"72";72;3
"73";73;3
"74";74;3
"75";75;3
"76";76;4
"77";77;3
"78";78;3
"79";79;4
"80";80;3
"81";81;3
"82";82;3
"83";83;4
"84";84;3
"85";85;3
"86";86;3
"87";87;4
"88";88;4
"89";89;3
"90";90;3
"91";91;3
"92";92;3
"93";93;3
"94";94;4
"95";95;3
"96";96;4
"97";97;4
"98";98;4
"99";99;4
"100";100;3
"101";101;4
"102";102;4
"103";103;3
"104";104;3
"105";105;3
"106";106;3
"107";107;4
"108";108;4
"109";109;3
"110";110;3
"111";111;4
"112";112;4
"113";113;3
"114";114;4
"115";115;4
"116";116;3
"117";117;3
"118";118;3
"119";119;4
"120";120;4
"121";121;4
"122";122;3
"123";123;2
"124";124;4
"125";125;3
"126";126;4
"127";127;4
"128";128;4
"129";129;4
"130";130;4
"131";131;4
"132";132;2
"133";133;3
"134";134;4
"135";135;4
"136";136;4
"137";137;2
"138";138;4
"139";139;2
"140";140;2
"141";141;4
"142";142;4
"143";143;4
"144";144;4
"145";145;4
"146";146;2
"147";147;4
"148";148;4
"149";149;4
"150";150;4
"151";151;4
"152";152;4
"153";153;4
"154";154;4
"155";155;3
"156";156;3
"157";157;0
"158";158;4
"159";159;4
"160";160;4
"161";161;4
"162";162;3
"163";163;3
"164";164;3
"165";165;4
"166";166;4
"167";167;4
"168";168;4
"169";169;4
"170";170;4
"171";171;4
"172";172;3
"173";173;3
"174";174;4
"175";175;3
"176";176;3
"177";177;1
"178";178;4
"179";179;4
"180";180;4
"181";181;3
"182";182;4
"183";183;3
"184";184;4
"185";185;3
"186";186;1
"187";187;1
"188";188;4
"189";189;4
"190";190;4
"191";191;1
"192";192;4
"193";193;1
"194";194;3
"195";195;4
"196";196;4
"197";197;3
"198";198;4
"199";199;1
"200";200;3
"201";201;3
"202";202;4
"203";203;3
"204";204;3
"205";205;3
"206";206;4
"207";207;4
"208";208;4
"209";209;3
"210";210;4
"211";211;4
"212";212;2
"213";213;4
"214";214;2
"215";215;4
"216";216;3
"217";217;4
"218";218;4
"219";219;4
"220";220;4
"221";221;4
"222";222;4
"223";223;4
"224";224;4
"225";225;1
"226";226;4
"227";227;3
"228";228;4
"229";229;4
"230";230;1
"231";231;3
"232";232;3
"233";233;3
"234";234;3
"235";235;3
"236";236;3
"237";237;3
"238";238;3
"239";239;3
"240";240;1
"241";241;3
"242";242;3
"243";243;3
"244";244;1
"245";245;3
"246";246;4
"247";247;4
"248";248;1
"249";249;3
"250";250;3
"251";251;3
"252";252;4
"253";253;3
"254";254;3
"255";255;3
"256";256;3
"257";257;3
"258";258;3
"259";259;3
"260";260;3
"261";261;4
"262";262;3
"263";263;3
"264";264;3
"265";265;3
"266";266;3
"267";267;3
"268";268;3
"269";269;3
"270";270;4
"271";271;3
"272";272;3
"273";273;3
"274";274;3
"275";275;3
"276";276;3
"277";277;3
"278";278;4
"279";279;4
"280";280;3
"281";281;3
"282";282;4
"283";283;0
"284";284;1
"285";285;4
"286";286;4
"287";287;4
"288";288;4
"289";289;2
"290";290;4
"291";291;4
"292";292;4
"293";293;3
"294";294;4
"295";295;3
"296";296;3
"297";297;4
"298";298;4
"299";299;4
"300";300;1
"301";301;4
"302";302;4
"303";303;3
"304";304;2
"305";305;3
"306";306;4
"307";307;3
"308";308;4
"309";309;4
"310";310;4
"311";311;3
"312";312;3
"313";313;3
"314";314;3
"315";315;3
"316";316;0
"317";317;4
"318";318;2
"319";319;4
"320";320;4
"321";321;4
"322";322;3
"323";323;1
"324";324;3
"325";325;3
"326";326;4
"327";327;3
"328";328;4
"329";329;4
"330";330;4
"331";331;4
"332";332;3
"333";333;1
"334";334;4
"335";335;4
"336";336;3
"337";337;1
"338";338;3
"339";339;3
"340";340;4
"341";341;1
"342";342;4
"343";343;4
"344";344;4
"345";345;2
"346";346;2
"347";347;0
"348";348;0
"349";349;0
"350";350;0
"351";351;0
"352";352;0
"353";353;0
"354";354;0
"355";355;0
"356";356;0
"357";357;0
"358";358;0
"359";359;0
"360";360;0
"361";361;0
"362";362;0
"363";363;0
"364";364;0
"365";365;0
"366";366;0
"367";367;0
"368";368;0
"369";369;0
"370";370;0
"371";371;0
"372";372;0
"373";373;0
"374";374;0
"375";375;0
"376";376;0
"377";377;0
"378";378;0
"379";379;0
"380";380;0
"381";381;0
"382";382;0
"383";383;0
"384";384;0
"385";385;0
"386";386;0
"387";387;0
"388";388;0
"389";389;0
"390";390;0
"391";391;0
"392";392;0
"393";393;0
"394";394;0
"395";395;0
"396";396;0
"397";397;0
"398";398;0
"399";399;0
"400";400;0
"401";401;0
"402";402;0
"403";403;0
"404";404;4
"405";405;4
"406";406;4
"407";407;1
"408";408;4
"409";409;3
"410";410;4
"411";411;4
"412";412;4
"413";413;4
"414";414;4
"415";415;4
"416";416;4
"417";417;1
"418";418;4
"419";419;0
"420";420;4
"421";421;4
"422";422;4
"423";423;4
"424";424;4
"425";425;4
"426";426;4
"427";427;4
"428";428;4
"429";429;0
"430";430;4
"431";431;0
"432";432;0
"433";433;4
"434";434;0
"435";435;4
"436";436;3
"437";437;3
"438";438;0
"439";439;0
"440";440;3
"441";441;1
"442";442;0
"443";443;4
"444";444;3
"445";445;4
"446";446;4
"447";447;4
"448";448;0
"449";449;4
"450";450;3
"451";451;3
"452";452;3
"453";453;3
"454";454;4
"455";455;3
"456";456;4
"457";457;4
"458";458;4
"459";459;3
"460";460;3
"461";461;3
"462";462;4
"463";463;4
"464";464;4
"465";465;3
"466";466;3
"467";467;3
"468";468;2
"469";469;3
"470";470;0
"471";471;2
"472";472;2
"473";473;4
"474";474;4
"475";475;2
"476";476;2
"477";477;2
"478";478;2
"479";479;2
"480";480;3
"481";481;4
"482";482;2
"483";483;2
"484";484;4
"485";485;4
"486";486;4
"487";487;1
"488";488;2
"489";489;1
"490";490;3
"491";491;4
"492";492;2
"493";493;1
"494";494;3
"495";495;3
"496";496;4
"497";497;3
"498";498;3
"499";499;3
"500";500;3
"501";501;3
"502";502;1
"503";503;1
"504";504;3
"505";505;0
"506";506;3
"507";507;3
"508";508;3
"509";509;3
"510";510;3
"511";511;2
"512";512;3
"513";513;0
"514";514;4
"515";515;3
"516";516;3
"517";517;4
"518";518;0
"519";519;4
"520";520;4
"521";521;4
"522";522;4
"523";523;4
"524";524;4
"525";525;4
"526";526;3
"527";527;3
"528";528;4
"529";529;3
"530";530;4
"531";531;4
"532";532;4
"533";533;3
"534";534;4
"535";535;4
"536";536;4
"537";537;4
"538";538;1
"539";539;4
"540";540;3
"541";541;3
"542";542;3
"543";543;3
"544";544;3
"545";545;3
"546";546;1
"547";547;4
"548";548;3
"549";549;1
"550";550;4
"551";551;4
"552";552;3
"553";553;4
"554";554;4
"555";555;3
"556";556;4
"557";557;2
"558";558;4
"559";559;4
"560";560;4
"561";561;3
"562";562;3
"563";563;2
"564";564;4
"565";565;4
"566";566;2
"567";567;2
"568";568;2
"569";569;3
"570";570;3
"571";571;4
"572";572;4
"573";573;3
"574";574;3
"575";575;4
"576";576;2
"577";577;2
"578";578;4
"579";579;2
"580";580;2
"581";581;2
"582";582;2
"583";583;2
"584";584;2
"585";585;3
"586";586;4
"587";587;3
"588";588;1
"589";589;1
"590";590;3
"591";591;1
"592";592;4
"593";593;4
"594";594;1
"595";595;3
"596";596;4
"597";597;1
"598";598;3
"599";599;4
"600";600;4
"601";601;3
"602";602;2
"603";603;3
"604";604;4
"605";605;3
"606";606;3
"607";607;3
"608";608;4
"609";609;4
"610";610;4
"611";611;3
"612";612;3
"613";613;3
"614";614;3
"615";615;4
"616";616;3
"617";617;3
"618";618;3
"619";619;3
"620";620;3
"621";621;3
"622";622;3
"623";623;3
"624";624;3
"625";625;3
"626";626;3
"627";627;3
"628";628;3
"629";629;4
"630";630;3
"631";631;3
"632";632;3
"633";633;4
"634";634;3
"635";635;4
"636";636;3
"637";637;4
"638";638;4
"639";639;4
"640";640;4
"641";641;4
"642";642;4
"643";643;3
"644";644;4
"645";645;3
"646";646;4
"647";647;3
"648";648;4
"649";649;3
"650";650;4
"651";651;4
"652";652;4
"653";653;4
"654";654;3
"655";655;3
"656";656;3
"657";657;3
"658";658;4
"659";659;1
"660";660;4
"661";661;2
"662";662;4
"663";663;3
"664";664;1
"665";665;0
"666";666;4
"667";667;1
"668";668;1
"669";669;1
"670";670;0
"671";671;3
"672";672;1
"673";673;1
"674";674;1
"675";675;1
"676";676;1
"677";677;1
"678";678;0
"679";679;1
"680";680;4
"681";681;3
"682";682;3
"683";683;3
"684";684;3
"685";685;1
"686";686;4
"687";687;4
"688";688;3
"689";689;3
"690";690;4
"691";691;4
"692";692;3
"693";693;3
"694";694;3
"695";695;4
"696";696;3
"697";697;3
"698";698;4
"699";699;3
"700";700;4
"701";701;3
"702";702;3
"703";703;4
"704";704;4
"705";705;4
"706";706;4
"707";707;3
"708";708;3
"709";709;3
"710";710;4
"711";711;3
"712";712;4
"713";713;4
"714";714;4
"715";715;3
"716";716;3
"717";717;4
"718";718;4
"719";719;4
"720";720;4
"721";721;4
"722";722;1
"723";723;1
"724";724;4
"725";725;3
"726";726;3
"727";727;3
"728";728;3
"729";729;4
"730";730;4
"731";731;4
"732";732;4
"733";733;4
"734";734;4
"735";735;4
"736";736;4
"737";737;4
"738";738;2
"739";739;4
"740";740;4
"741";741;4
"742";742;3
"743";743;4
"744";744;4
"745";745;4
"746";746;4
"747";747;3
"748";748;3
"749";749;4
"750";750;4
"751";751;3
"752";752;4
"753";753;1
"754";754;3
"755";755;4
"756";756;4
"757";757;4
"758";758;4
"759";759;4
"760";760;4
"761";761;4
"762";762;4
"763";763;1
"764";764;4
"765";765;4
"766";766;3
"767";767;4
"768";768;4
"769";769;1
"770";770;0
"771";771;1
"772";772;4
"773";773;4
"774";774;4
"775";775;3
"776";776;4
"777";777;4
"778";778;4
"779";779;1
"780";780;1
"781";781;4
"782";782;1
"783";783;4
"784";784;4
"785";785;4
"786";786;4
"787";787;4
"788";788;4
"789";789;4
"790";790;4
"791";791;4
"792";792;3
"793";793;3
"794";794;1
"795";795;1
"796";796;3
"797";797;3
"798";798;3
"799";799;3
"800";800;3
"801";801;3
"802";802;1
"803";803;4
"804";804;3
"805";805;3
"806";806;4
"807";807;4
"808";808;3
"809";809;4
"810";810;4
"811";811;3
"812";812;3
"813";813;4
"814";814;4
"815";815;4
"816";816;1
"817";817;4
"818";818;4
"819";819;4
"820";820;4
"821";821;3
"822";822;1
"823";823;3
"824";824;3
"825";825;4
"826";826;4
"827";827;3
"828";828;3
"829";829;4
"830";830;4
"831";831;4
"832";832;4
"833";833;3
"834";834;1
"835";835;3
"836";836;3
"837";837;0
"838";838;3
"839";839;4
"840";840;0
"841";841;4
"842";842;2
"843";843;2
"844";844;4
"845";845;3
"846";846;3
"847";847;4
"848";848;4
"849";849;4
"850";850;4
"851";851;4
"852";852;4
"853";853;3
"854";854;2
"855";855;4
"856";856;4
"857";857;4
"858";858;3
"859";859;3
"860";860;3
"861";861;3
"862";862;4
"863";863;4
"864";864;4
"865";865;3
"866";866;4
"867";867;4
"868";868;4
"869";869;4
"870";870;3
"871";871;3
"872";872;4
"873";873;3
"874";874;3
"875";875;3
"876";876;1
"877";877;1
"878";878;1
"879";879;4
"880";880;4
"881";881;3
"882";882;1
"883";883;1
"884";884;1
"885";885;3
"886";886;3
"887";887;3
"888";888;4
"889";889;1
"890";890;3
"891";891;1
"892";892;3
"893";893;4
"894";894;3
"895";895;4
"896";896;3
"897";897;0
"898";898;4
"899";899;3
"900";900;4
"901";901;4
"902";902;3
"903";903;3
"904";904;3
"905";905;3
"906";906;4
"907";907;4
"908";908;2
"909";909;2
"910";910;4
"911";911;4
"912";912;4
"913";913;4
"914";914;2
"915";915;4
"916";916;2
"917";917;4
"918";918;4
"919";919;4
"920";920;4
"921";921;2
"922";922;4
"923";923;4
"924";924;4
"925";925;3
"926";926;4
"927";927;4
"928";928;1
"929";929;3
"930";930;3
"931";931;3
"932";932;4
"933";933;4
"934";934;3
"935";935;3
"936";936;4
"937";937;3
"938";938;4
"939";939;3
"940";940;3
"941";941;3
"942";942;3
"943";943;3
"944";944;3
"945";945;4
"946";946;2
"947";947;4
"948";948;3
"949";949;4
"950";950;2
"951";951;4
"952";952;4
"953";953;4
"954";954;4
"955";955;4
"956";956;4
"957";957;4
"958";958;4
"959";959;2
"960";960;4
"961";961;4
"962";962;4
"963";963;4
"964";964;4
"965";965;4
"966";966;2
"967";967;4
"968";968;4
"969";969;4
"970";970;4
"971";971;2
"972";972;4
"973";973;4
"974";974;2
"975";975;1
"976";976;3
"977";977;1
"978";978;3
"979";979;3
"980";980;4
"981";981;4
"982";982;4
"983";983;3
"984";984;3
"985";985;3
"986";986;1
"987";987;3
"988";988;4
"989";989;4
"990";990;4
"991";991;4
"992";992;4
"993";993;3
"994";994;3
"995";995;4
"996";996;4
"997";997;3
"998";998;4
"999";999;4
"1000";1000;4
"1001";1001;4
"1002";1002;2
"1003";1003;4
"1004";1004;3
"1005";1005;3
"1006";1006;3
"1007";1007;3
"1008";1008;1
"1009";1009;1
"1010";1010;3
"1011";1011;1
"1012";1012;4
"1013";1013;3
"1014";1014;3
"1015";1015;3
"1016";1016;3
"1017";1017;1
"1018";1018;4
"1019";1019;3
"1020";1020;3
"1021";1021;3
"1022";1022;3
"1023";1023;3
"1024";1024;3
"1025";1025;4
"1026";1026;4
"1027";1027;4
"1028";1028;4
"1029";1029;4
"1030";1030;4
"1031";1031;3
"1032";1032;3
"1033";1033;4
"1034";1034;4
"1035";1035;3
"1036";1036;4
"1037";1037;3
"1038";1038;4
"1039";1039;4
"1040";1040;3
"1041";1041;4
"1042";1042;4
"1043";1043;4
"1044";1044;4
"1045";1045;4
"1046";1046;4
"1047";1047;3
"1048";1048;3
"1049";1049;4
"1050";1050;3
"1051";1051;4
"1052";1052;3
"1053";1053;4
"1054";1054;3
"1055";1055;2
"1056";1056;3
"1057";1057;3
"1058";1058;4
"1059";1059;4
"1060";1060;3
"1061";1061;4
"1062";1062;4
"1063";1063;3
"1064";1064;4
"1065";1065;3
"1066";1066;4
"1067";1067;1
"1068";1068;3
"1069";1069;3
"1070";1070;3
"1071";1071;3
"1072";1072;3
"1073";1073;3
"1074";1074;3
"1075";1075;3
"1076";1076;1
"1077";1077;3
"1078";1078;3
"1079";1079;3
"1080";1080;3
"1081";1081;4
"1082";1082;4
"1083";1083;3
"1084";1084;4
"1085";1085;4
"1086";1086;3
"1087";1087;3
"1088";1088;4
"1089";1089;3
"1090";1090;1
"1091";1091;3
"1092";1092;3
"1093";1093;3
"1094";1094;3
"1095";1095;3
"1096";1096;3
"1097";1097;3
"1098";1098;3
"1099";1099;3
"1100";1100;4
"1101";1101;3
"1102";1102;3
"1103";1103;3
"1104";1104;1
"1105";1105;3
"1106";1106;1
"1107";1107;1
"1108";1108;4
"1109";1109;1
"1110";1110;1
"1111";1111;3
"1112";1112;3
"1113";1113;3
"1114";1114;3
"1115";1115;3
"1116";1116;3
"1117";1117;3
"1118";1118;3
"1119";1119;3
"1120";1120;1
"1121";1121;3
"1122";1122;3
"1123";1123;0
"1124";1124;0
"1125";1125;0
"1126";1126;0
"1127";1127;4
"1128";1128;0
"1129";1129;0
"1130";1130;0
"1131";1131;0
"1132";1132;4
"1133";1133;4
"1134";1134;3
"1135";1135;0
"1136";1136;0
"1137";1137;0
"1138";1138;4
"1139";1139;3
"1140";1140;3
"1141";1141;0
"1142";1142;4
"1143";1143;0
"1144";1144;0
"1145";1145;0
"1146";1146;4
"1147";1147;4
"1148";1148;0
"1149";1149;0
"1150";1150;0
"1151";1151;0
"1152";1152;4
"1153";1153;4
"1154";1154;4
"1155";1155;4
"1156";1156;4
"1157";1157;3
"1158";1158;4
"1159";1159;4
"1160";1160;4
"1161";1161;0
"1162";1162;0
"1163";1163;4
"1164";1164;0
"1165";1165;0
"1166";1166;0
"1167";1167;3
"1168";1168;4
"1169";1169;4
"1170";1170;3
"1171";1171;1
"1172";1172;4
"1173";1173;4
"1174";1174;0
"1175";1175;0
"1176";1176;0
"1177";1177;0
"1178";1178;0
"1179";1179;0
"1180";1180;4
"1181";1181;3
"1182";1182;4
"1183";1183;0
"1184";1184;3
"1185";1185;4
"1186";1186;3
"1187";1187;4
"1188";1188;3
"1189";1189;4
"1190";1190;3
"1191";1191;3
"1192";1192;1
"1193";1193;4
"1194";1194;1
"1195";1195;3
"1196";1196;4
"1197";1197;4
"1198";1198;3
"1199";1199;3
"1200";1200;1
"1201";1201;1
"1202";1202;1
"1203";1203;3
"1204";1204;3
"1205";1205;4
"1206";1206;3
"1207";1207;1
"1208";1208;1
"1209";1209;3
"1210";1210;4
"1211";1211;4
"1212";1212;3
"1213";1213;3
"1214";1214;4
"1215";1215;4
"1216";1216;2
"1217";1217;3
"1218";1218;3
"1219";1219;1
"1220";1220;3
"1221";1221;3
"1222";1222;3
"1223";1223;4
"1224";1224;2
"1225";1225;3
"1226";1226;3
"1227";1227;3
"1228";1228;4
"1229";1229;4
"1230";1230;3
"1231";1231;4
"1232";1232;4
"1233";1233;3
"1234";1234;3
"1235";1235;4
"1236";1236;3
"1237";1237;4
"1238";1238;3
"1239";1239;3
"1240";1240;3
"1241";1241;3
"1242";1242;3
"1243";1243;3
"1244";1244;3
"1245";1245;3
"1246";1246;3
"1247";1247;4
"1248";1248;3
"1249";1249;4
"1250";1250;3
"1251";1251;3
"1252";1252;4
"1253";1253;4
"1254";1254;4
"1255";1255;3
"1256";1256;3
"1257";1257;4
"1258";1258;3
"1259";1259;3
"1260";1260;4
"1261";1261;4
"1262";1262;3
"1263";1263;3
"1264";1264;4
"1265";1265;4
"1266";1266;3
"1267";1267;4
"1268";1268;2
"1269";1269;2
"1270";1270;4
"1271";1271;3
"1272";1272;3
"1273";1273;3
"1274";1274;3
"1275";1275;3
"1276";1276;3
"1277";1277;3
"1278";1278;2
"1279";1279;3
"1280";1280;3
"1281";1281;3
"1282";1282;3
"1283";1283;3
"1284";1284;3
"1285";1285;3
"1286";1286;3
"1287";1287;3
"1288";1288;3
"1289";1289;3
"1290";1290;3
"1291";1291;3
"1292";1292;3
"1293";1293;3
"1294";1294;3
"1295";1295;4
"1296";1296;3
"1297";1297;3
"1298";1298;4
"1299";1299;2
"1300";1300;2
"1301";1301;2
"1302";1302;2
"1303";1303;3
"1304";1304;3
"1305";1305;4
"1306";1306;4
"1307";1307;2
"1308";1308;3
"1309";1309;3
"1310";1310;4
"1311";1311;1
"1312";1312;1
"1313";1313;1
"1314";1314;1
"1315";1315;3
"1316";1316;1
"1317";1317;3
"1318";1318;3
"1319";1319;3
"1320";1320;3
"1321";1321;3
"1322";1322;3
"1323";1323;0
"1324";1324;3
"1325";1325;4
"1326";1326;3
"1327";1327;4
"1328";1328;3
"1329";1329;3
"1330";1330;3
"1331";1331;4
"1332";1332;3
"1333";1333;3
"1334";1334;3
"1335";1335;3
"1336";1336;3
"1337";1337;3
"1338";1338;3
"1339";1339;3
"1340";1340;3
"1341";1341;3
"1342";1342;3
"1343";1343;1
"1344";1344;4
"1345";1345;3
"1346";1346;4
"1347";1347;4
"1348";1348;4
"1349";1349;4
"1350";1350;3
"1351";1351;3
"1352";1352;3
"1353";1353;3
"1354";1354;3
"1355";1355;4
"1356";1356;4
"1357";1357;3
"1358";1358;4
"1359";1359;3
"1360";1360;4
"1361";1361;4
"1362";1362;4
"1363";1363;3
"1364";1364;4
"1365";1365;4
"1366";1366;3
"1367";1367;4
"1368";1368;1
"1369";1369;3
"1370";1370;3
"1371";1371;3
"1372";1372;3
"1373";1373;4
"1374";1374;3
"1375";1375;3
"1376";1376;3
"1377";1377;3
"1378";1378;3
"1379";1379;4
"1380";1380;2
"1381";1381;3
"1382";1382;3
"1383";1383;3
"1384";1384;3
"1385";1385;4
"1386";1386;4
"1387";1387;1
"1388";1388;4
"1389";1389;0
"1390";1390;1
"1391";1391;1
"1392";1392;1
"1393";1393;1
"1394";1394;1
"1395";1395;1
"1396";1396;1
"1397";1397;1
"1398";1398;4
"1399";1399;1
"1400";1400;1
"1401";1401;0
"1402";1402;1
"1403";1403;4
"1404";1404;4
"1405";1405;1
"1406";1406;1
"1407";1407;1
"1408";1408;1
"1409";1409;1
"1410";1410;1
"1411";1411;4
"1412";1412;1
"1413";1413;1
"1414";1414;1
"1415";1415;1
"1416";1416;1
"1417";1417;1
"1418";1418;4
"1419";1419;1
"1420";1420;1
"1421";1421;4
"1422";1422;4
"1423";1423;4
"1424";1424;3
"1425";1425;4
"1426";1426;4
"1427";1427;4
"1428";1428;4
"1429";1429;4
"1430";1430;4
"1431";1431;4
"1432";1432;4
"1433";1433;4
"1434";1434;4
"1435";1435;4
"1436";1436;4
"1437";1437;3
"1438";1438;4
"1439";1439;4
"1440";1440;4
"1441";1441;3
"1442";1442;3
"1443";1443;3
"1444";1444;3
"1445";1445;3
"1446";1446;4
"1447";1447;4
"1448";1448;4
"1449";1449;3
"1450";1450;4
"1451";1451;3
"1452";1452;3
"1453";1453;4
"1454";1454;4
"1455";1455;3
"1456";1456;3
"1457";1457;4
"1458";1458;1
"1459";1459;3
"1460";1460;4
"1461";1461;4
"1462";1462;4
"1463";1463;4
"1464";1464;4
"1465";1465;4
"1466";1466;3
"1467";1467;3
"1468";1468;4
"1469";1469;4
"1470";1470;4
"1471";1471;4
"1472";1472;4
"1473";1473;2
"1474";1474;2
"1475";1475;2
"1476";1476;4
"1477";1477;4
"1478";1478;1
"1479";1479;3
"1480";1480;4
"1481";1481;3
"1482";1482;4
"1483";1483;3
"1484";1484;1
"1485";1485;3
"1486";1486;1
"1487";1487;3
"1488";1488;1
"1489";1489;4
"1490";1490;1
"1491";1491;3
"1492";1492;4
"1493";1493;3
"1494";1494;4
"1495";1495;4
"1496";1496;4
"1497";1497;1
"1498";1498;4
"1499";1499;4
"1500";1500;3
"1501";1501;3
"1502";1502;4
"1503";1503;1
"1504";1504;1
"1505";1505;4
"1506";1506;1
"1507";1507;3
"1508";1508;3
"1509";1509;3
"1510";1510;1
"1511";1511;4
"1512";1512;4
"1513";1513;3
"1514";1514;3
"1515";1515;4
"1516";1516;4
"1517";1517;3
"1518";1518;4
"1519";1519;4
"1520";1520;4
"1521";1521;1
"1522";1522;4
"1523";1523;4
"1524";1524;3
"1525";1525;3
"1526";1526;4
"1527";1527;4
"1528";1528;4
"1529";1529;4
"1530";1530;4
"1531";1531;4
"1532";1532;3
"1533";1533;3
"1534";1534;4
"1535";1535;4
"1536";1536;4
"1537";1537;4
"1538";1538;4
"1539";1539;4
"1540";1540;4
"1541";1541;1
"1542";1542;4
"1543";1543;4
"1544";1544;3
"1545";1545;3
"1546";1546;3
"1547";1547;3
"1548";1548;3
"1549";1549;3
"1550";1550;4
"1551";1551;4
"1552";1552;3
"1553";1553;3
"1554";1554;4
"1555";1555;3
"1556";1556;4
"1557";1557;4
"1558";1558;4
"1559";1559;3
"1560";1560;3
"1561";1561;3
"1562";1562;4
"1563";1563;4
"1564";1564;4
"1565";1565;3
"1566";1566;4
"1567";1567;4
"1568";1568;4
"1569";1569;1
"1570";1570;4
"1571";1571;4
"1572";1572;4
"1573";1573;3
"1574";1574;4
"1575";1575;4
"1576";1576;4
"1577";1577;4
"1578";1578;3
"1579";1579;4
"1580";1580;4
"1581";1581;4
"1582";1582;4
"1583";1583;4
"1584";1584;1
"1585";1585;4
"1586";1586;3
"1587";1587;3
"1588";1588;4
"1589";1589;4
"1590";1590;3
"1591";1591;3
"1592";1592;4
"1593";1593;4
"1594";1594;4
"1595";1595;1
"1596";1596;1
"1597";1597;4
"1598";1598;3
"1599";1599;3
"1600";1600;3
"1601";1601;4
"1602";1602;4
"1603";1603;1
"1604";1604;3
"1605";1605;3
"1606";1606;4
"1607";1607;4
"1608";1608;4
"1609";1609;4
"1610";1610;3
"1611";1611;3
"1612";1612;1
"1613";1613;3
"1614";1614;3
"1615";1615;3
"1616";1616;4
"1617";1617;2
"1618";1618;3
"1619";1619;4
"1620";1620;4
"1621";1621;3
"1622";1622;4
"1623";1623;4
"1624";1624;3
"1625";1625;3
"1626";1626;1
"1627";1627;3
"1628";1628;3
"1629";1629;4
"1630";1630;3
"1631";1631;1
"1632";1632;1
"1633";1633;3
"1634";1634;3
"1635";1635;1
"1636";1636;1
"1637";1637;1
"1638";1638;3
"1639";1639;1
"1640";1640;3
"1641";1641;3
"1642";1642;3
"1643";1643;3
"1644";1644;3
"1645";1645;3
"1646";1646;3
"1647";1647;1
"1648";1648;3
"1649";1649;1
"1650";1650;4
"1651";1651;4
"1652";1652;4
"1653";1653;4
"1654";1654;4
"1655";1655;4
"1656";1656;3
"1657";1657;3
"1658";1658;3
"1659";1659;0
"1660";1660;4
"1661";1661;3
"1662";1662;4
"1663";1663;1
"1664";1664;1
"1665";1665;4
"1666";1666;4
"1667";1667;3
"1668";1668;3
"1669";1669;4
"1670";1670;3
"1671";1671;3
"1672";1672;4
"1673";1673;3
"1674";1674;3
"1675";1675;1
"1676";1676;4
"1677";1677;0
"1678";1678;4
"1679";1679;4
"1680";1680;0
"1681";1681;0
"1682";1682;4
"1683";1683;0
"1684";1684;0
"1685";1685;0
"1686";1686;4
"1687";1687;0
"1688";1688;0
"1689";1689;4
"1690";1690;4
"1691";1691;4
"1692";1692;3
"1693";1693;3
"1694";1694;1
"1695";1695;3
"1696";1696;3
"1697";1697;4
"1698";1698;0
"1699";1699;0
"1700";1700;1
"1701";1701;3
"1702";1702;0
"1703";1703;0
"1704";1704;4
"1705";1705;4
"1706";1706;4
"1707";1707;4
"1708";1708;4
"1709";1709;4
"1710";1710;0
"1711";1711;3
"1712";1712;4
"1713";1713;4
"1714";1714;4
"1715";1715;4
"1716";1716;4
"1717";1717;4
"1718";1718;4
"1719";1719;4
"1720";1720;4
"1721";1721;4
"1722";1722;4
"1723";1723;3
"1724";1724;3
"1725";1725;1
"1726";1726;3
"1727";1727;3
"1728";1728;3
"1729";1729;3
"1730";1730;1
"1731";1731;3
"1732";1732;4
"1733";1733;3
"1734";1734;3
"1735";1735;3
"1736";1736;3
"1737";1737;3
"1738";1738;3
"1739";1739;3
"1740";1740;1
"1741";1741;3
"1742";1742;3
"1743";1743;1
"1744";1744;4
"1745";1745;3
"1746";1746;3
"1747";1747;3
"1748";1748;3
"1749";1749;3
"1750";1750;3
"1751";1751;4
"1752";1752;4
"1753";1753;4
"1754";1754;3
"1755";1755;3
"1756";1756;4
"1757";1757;3
"1758";1758;4
"1759";1759;4
"1760";1760;4
"1761";1761;4
"1762";1762;4
"1763";1763;3
"1764";1764;4
"1765";1765;3
"1766";1766;3
"1767";1767;3
"1768";1768;3
"1769";1769;1
"1770";1770;4
"1771";1771;4
"1772";1772;4
"1773";1773;4
"1774";1774;4
"1775";1775;4
"1776";1776;1
"1777";1777;1
"1778";1778;1
"1779";1779;1
"1780";1780;1
"1781";1781;4
"1782";1782;4
"1783";1783;1
"1784";1784;4
"1785";1785;4
"1786";1786;4
"1787";1787;4
"1788";1788;3
"1789";1789;4
"1790";1790;1
"1791";1791;4
"1792";1792;4
"1793";1793;4
"1794";1794;4
"1795";1795;4
"1796";1796;4
"1797";1797;1
"1798";1798;1
"1799";1799;4
"1800";1800;1
"1801";1801;3
"1802";1802;4
"1803";1803;4
"1804";1804;3
"1805";1805;3
"1806";1806;3
"1807";1807;3
"1808";1808;3
"1809";1809;3
"1810";1810;4
"1811";1811;4
"1812";1812;4
"1813";1813;3
"1814";1814;2
"1815";1815;4
"1816";1816;2
"1817";1817;2
"1818";1818;4
"1819";1819;3
"1820";1820;4
"1821";1821;2
"1822";1822;4
"1823";1823;2
"1824";1824;4
"1825";1825;3
"1826";1826;2
"1827";1827;3
"1828";1828;4
"1829";1829;3
"1830";1830;3
"1831";1831;3
"1832";1832;3
"1833";1833;3
"1834";1834;3
"1835";1835;1
"1836";1836;1
"1837";1837;1
"1838";1838;1
"1839";1839;3
"1840";1840;3
"1841";1841;3
"1842";1842;3
"1843";1843;4
"1844";1844;3
"1845";1845;3
"1846";1846;4
"1847";1847;1
"1848";1848;3
"1849";1849;3
"1850";1850;3
"1851";1851;1
"1852";1852;3
"1853";1853;1
"1854";1854;4
"1855";1855;4
"1856";1856;3
"1857";1857;3
"1858";1858;3
"1859";1859;3
"1860";1860;4
"1861";1861;4
"1862";1862;1
"1863";1863;3
"1864";1864;4
"1865";1865;4
"1866";1866;1
"1867";1867;0
"1868";1868;0
"1869";1869;0
"1870";1870;0
"1871";1871;0
"1872";1872;0
"1873";1873;0
"1874";1874;0
"1875";1875;0
"1876";1876;0
"1877";1877;0
"1878";1878;0
"1879";1879;0
"1880";1880;0
"1881";1881;0
"1882";1882;0
"1883";1883;0
"1884";1884;0
"1885";1885;0
"1886";1886;0
"1887";1887;0
"1888";1888;0
"1889";1889;0
"1890";1890;0
"1891";1891;0
"1892";1892;0
"1893";1893;4
"1894";1894;1
"1895";1895;4
"1896";1896;4
"1897";1897;4
"1898";1898;4
"1899";1899;3
"1900";1900;3
"1901";1901;3
"1902";1902;3
"1903";1903;4
"1904";1904;4
"1905";1905;1
"1906";1906;1
"1907";1907;1
"1908";1908;1
"1909";1909;1
"1910";1910;1
"1911";1911;1
"1912";1912;3
"1913";1913;4
"1914";1914;1
"1915";1915;1
"1916";1916;1
"1917";1917;4
"1918";1918;1
"1919";1919;1
"1920";1920;1
"1921";1921;1
"1922";1922;1
"1923";1923;1
"1924";1924;1
"1925";1925;4
"1926";1926;1
"1927";1927;1
"1928";1928;1
"1929";1929;1
"1930";1930;1
"1931";1931;1
"1932";1932;1
"1933";1933;1
"1934";1934;1
"1935";1935;1
"1936";1936;1
"1937";1937;1
"1938";1938;1
"1939";1939;1
"1940";1940;1
"1941";1941;1
"1942";1942;1
"1943";1943;1
"1944";1944;1
"1945";1945;1
"1946";1946;1
"1947";1947;1
"1948";1948;1
"1949";1949;1
"1950";1950;1
"1951";1951;1
"1952";1952;1
"1953";1953;1
"1954";1954;1
"1955";1955;1
"1956";1956;1
"1957";1957;1
"1958";1958;1
"1959";1959;1
"1960";1960;1
"1961";1961;1
"1962";1962;1
"1963";1963;1
"1964";1964;1
"1965";1965;1
"1966";1966;1
"1967";1967;1
"1968";1968;1
"1969";1969;1
"1970";1970;1
"1971";1971;1
"1972";1972;1
"1973";1973;1
"1974";1974;1
"1975";1975;1
"1976";1976;1
"1977";1977;1
"1978";1978;1
"1979";1979;1
"1980";1980;1
"1981";1981;1
"1982";1982;1
"1983";1983;1
"1984";1984;1
"1985";1985;1
"1986";1986;1
"1987";1987;1
"1988";1988;1
"1989";1989;1
"1990";1990;1
"1991";1991;1
"1992";1992;1
"1993";1993;1
"1994";1994;1
"1995";1995;1
"1996";1996;1
"1997";1997;1
"1998";1998;1
"1999";1999;1
"2000";2000;1
"2001";2001;1
"2002";2002;1
"2003";2003;1
"2004";2004;0
"2005";2005;1
"2006";2006;1
"2007";2007;1
"2008";2008;1
"2009";2009;1
"2010";2010;1
"2011";2011;1
"2012";2012;1
"2013";2013;1
"2014";2014;1
"2015";2015;1
"2016";2016;1
"2017";2017;1
"2018";2018;1
"2019";2019;1
"2020";2020;1
"2021";2021;1
"2022";2022;4
"2023";2023;1
"2024";2024;1
"2025";2025;1
"2026";2026;1
"2027";2027;1
"2028";2028;1
"2029";2029;1
"2030";2030;1
"2031";2031;1
"2032";2032;1
"2033";2033;1
"2034";2034;1
"2035";2035;1
"2036";2036;1
"2037";2037;1
"2038";2038;1
"2039";2039;1
"2040";2040;1
"2041";2041;1
"2042";2042;1
"2043";2043;1
"2044";2044;1
"2045";2045;1
"2046";2046;1
"2047";2047;1
"2048";2048;1
"2049";2049;4
"2050";2050;1
"2051";2051;1
"2052";2052;1
"2053";2053;1
"2054";2054;1
"2055";2055;1
"2056";2056;1
"2057";2057;1
"2058";2058;1
"2059";2059;1
"2060";2060;1
"2061";2061;1
"2062";2062;3
"2063";2063;3
"2064";2064;1
"2065";2065;1
"2066";2066;1
"2067";2067;1
"2068";2068;1
"2069";2069;1
"2070";2070;1
"2071";2071;1
"2072";2072;1
"2073";2073;1
"2074";2074;1
"2075";2075;1
"2076";2076;1
"2077";2077;1
"2078";2078;1
"2079";2079;4
"2080";2080;2
"2081";2081;4
"2082";2082;1
"2083";2083;1
"2084";2084;0
"2085";2085;1
"2086";2086;4
"2087";2087;4
"2088";2088;1
"2089";2089;1
"2090";2090;1
"2091";2091;1
"2092";2092;1
"2093";2093;1
"2094";2094;1
"2095";2095;1
"2096";2096;1
"2097";2097;1
"2098";2098;1
"2099";2099;1
"2100";2100;1
"2101";2101;1
"2102";2102;1
"2103";2103;1
"2104";2104;4
"2105";2105;4
"2106";2106;4
"2107";2107;1
"2108";2108;1
"2109";2109;1
"2110";2110;1
"2111";2111;1
"2112";2112;1
"2113";2113;1
"2114";2114;1
"2115";2115;1
"2116";2116;1
"2117";2117;4
"2118";2118;1
"2119";2119;1
"2120";2120;1
"2121";2121;1
"2122";2122;1
"2123";2123;1
"2124";2124;1
"2125";2125;1
"2126";2126;1
"2127";2127;1
"2128";2128;1
"2129";2129;1
"2130";2130;1
"2131";2131;1
"2132";2132;1
"2133";2133;1
"2134";2134;1
"2135";2135;4
"2136";2136;1
"2137";2137;1
"2138";2138;4
"2139";2139;4
"2140";2140;4
"2141";2141;1
"2142";2142;1
"2143";2143;4
"2144";2144;1
"2145";2145;1
"2146";2146;4
"2147";2147;1
"2148";2148;1
"2149";2149;1
"2150";2150;1
"2151";2151;4
"2152";2152;1
"2153";2153;1
"2154";2154;0
"2155";2155;1
"2156";2156;1
"2157";2157;1
"2158";2158;1
"2159";2159;1
"2160";2160;1
"2161";2161;1
"2162";2162;1
"2163";2163;1
"2164";2164;1
"2165";2165;1
"2166";2166;1
"2167";2167;1
"2168";2168;1
"2169";2169;1
"2170";2170;1
"2171";2171;1
"2172";2172;1
"2173";2173;4
"2174";2174;1
"2175";2175;1
"2176";2176;1
"2177";2177;1
"2178";2178;1
"2179";2179;1
"2180";2180;1
"2181";2181;1
"2182";2182;1
"2183";2183;1
"2184";2184;1
"2185";2185;1
"2186";2186;3
"2187";2187;4
"2188";2188;1
"2189";2189;1
"2190";2190;4
"2191";2191;1
"2192";2192;1
"2193";2193;1
"2194";2194;1
"2195";2195;1
"2196";2196;1
"2197";2197;1
"2198";2198;4
"2199";2199;4
"2200";2200;4
"2201";2201;1
"2202";2202;4
"2203";2203;1
"2204";2204;1
"2205";2205;1
"2206";2206;1
"2207";2207;1
"2208";2208;1
"2209";2209;1
"2210";2210;1
"2211";2211;1
"2212";2212;1
"2213";2213;1
"2214";2214;1
"2215";2215;1
"2216";2216;1
"2217";2217;1
"2218";2218;1
"2219";2219;1
"2220";2220;1
"2221";2221;1
"2222";2222;1
"2223";2223;1
"2224";2224;1
"2225";2225;1
"2226";2226;1
"2227";2227;1
"2228";2228;1
"2229";2229;1
"2230";2230;1
"2231";2231;1
"2232";2232;1
"2233";2233;1
"2234";2234;1
"2235";2235;1
"2236";2236;1
"2237";2237;1
"2238";2238;1
"2239";2239;1
"2240";2240;1
"2241";2241;4
"2242";2242;1
"2243";2243;1
"2244";2244;1
"2245";2245;1
"2246";2246;1
"2247";2247;1
"2248";2248;1
"2249";2249;1
"2250";2250;1
"2251";2251;1
"2252";2252;4
"2253";2253;1
"2254";2254;1
"2255";2255;1
"2256";2256;1
"2257";2257;1
"2258";2258;1
"2259";2259;1
"2260";2260;1
"2261";2261;1
"2262";2262;1
"2263";2263;1
"2264";2264;1
"2265";2265;1
"2266";2266;1
"2267";2267;1
"2268";2268;4
"2269";2269;4
"2270";2270;1
"2271";2271;1
"2272";2272;1
"2273";2273;1
"2274";2274;1
"2275";2275;1
"2276";2276;1
"2277";2277;1
"2278";2278;1
"2279";2279;1
"2280";2280;1
"2281";2281;1
"2282";2282;1
"2283";2283;1
"2284";2284;2
"2285";2285;4
"2286";2286;1
"2287";2287;1
"2288";2288;1
"2289";2289;1
"2290";2290;4
"2291";2291;1
"2292";2292;1
"2293";2293;1
"2294";2294;1
"2295";2295;1
"2296";2296;1
"2297";2297;1
"2298";2298;1
"2299";2299;1
"2300";2300;1
"2301";2301;3
"2302";2302;1
"2303";2303;1
"2304";2304;1
"2305";2305;1
"2306";2306;0
"2307";2307;1
"2308";2308;1
"2309";2309;1
"2310";2310;1
"2311";2311;1
"2312";2312;1
"2313";2313;1
"2314";2314;1
"2315";2315;1
"2316";2316;1
"2317";2317;1
"2318";2318;1
"2319";2319;1
"2320";2320;1
"2321";2321;4
"2322";2322;4
"2323";2323;1
"2324";2324;1
"2325";2325;4
"2326";2326;1
"2327";2327;1
"2328";2328;1
"2329";2329;1
"2330";2330;1
"2331";2331;1
"2332";2332;1
"2333";2333;1
"2334";2334;1
"2335";2335;1
"2336";2336;1
"2337";2337;1
"2338";2338;1
"2339";2339;1
"2340";2340;4
"2341";2341;1
"2342";2342;1
"2343";2343;1
"2344";2344;1
"2345";2345;1
"2346";2346;1
"2347";2347;1
"2348";2348;1
"2349";2349;1
"2350";2350;1
"2351";2351;1
"2352";2352;1
"2353";2353;1
"2354";2354;1
"2355";2355;1
"2356";2356;1
"2357";2357;1
"2358";2358;1
"2359";2359;1
"2360";2360;1
"2361";2361;1
"2362";2362;1
"2363";2363;1
"2364";2364;1
"2365";2365;1
"2366";2366;4
"2367";2367;1
"2368";2368;1
"2369";2369;1
"2370";2370;1
"2371";2371;1
"2372";2372;1
"2373";2373;1
"2374";2374;1
"2375";2375;1
"2376";2376;1
"2377";2377;1
"2378";2378;1
"2379";2379;1
"2380";2380;1
"2381";2381;1
"2382";2382;1
"2383";2383;1
"2384";2384;4
"2385";2385;1
"2386";2386;1
"2387";2387;1
"2388";2388;2
"2389";2389;1
"2390";2390;1
"2391";2391;1
"2392";2392;4
"2393";2393;4
"2394";2394;1
"2395";2395;1
"2396";2396;1
"2397";2397;1
"2398";2398;1
"2399";2399;1
"2400";2400;4
"2401";2401;1
"2402";2402;1
"2403";2403;1
"2404";2404;1
"2405";2405;1
"2406";2406;1
"2407";2407;1
"2408";2408;1
"2409";2409;1
"2410";2410;1
"2411";2411;1
"2412";2412;1
"2413";2413;1
"2414";2414;1
"2415";2415;1
"2416";2416;1
"2417";2417;1
"2418";2418;1
"2419";2419;1
"2420";2420;1
"2421";2421;1
"2422";2422;4
"2423";2423;4
"2424";2424;1
"2425";2425;1
"2426";2426;1
"2427";2427;1
"2428";2428;2
"2429";2429;1
"2430";2430;1
"2431";2431;1
"2432";2432;1
"2433";2433;1
"2434";2434;1
"2435";2435;1
"2436";2436;1
"2437";2437;1
"2438";2438;1
"2439";2439;1
"2440";2440;1
"2441";2441;1
"2442";2442;1
"2443";2443;1
"2444";2444;1
"2445";2445;1
"2446";2446;1
"2447";2447;1
"2448";2448;1
"2449";2449;1
"2450";2450;1
"2451";2451;1
"2452";2452;4
"2453";2453;1
"2454";2454;1
"2455";2455;1
"2456";2456;1
"2457";2457;1
"2458";2458;1
"2459";2459;1
"2460";2460;1
"2461";2461;4
"2462";2462;4
"2463";2463;1
"2464";2464;1
"2465";2465;1
"2466";2466;1
"2467";2467;1
"2468";2468;1
"2469";2469;1
"2470";2470;1
"2471";2471;1
"2472";2472;1
"2473";2473;1
"2474";2474;4
"2475";2475;1
"2476";2476;1
"2477";2477;1
"2478";2478;1
"2479";2479;3
"2480";2480;3
"2481";2481;3
"2482";2482;3
"2483";2483;3
"2484";2484;4
"2485";2485;4
"2486";2486;4
"2487";2487;4
"2488";2488;4
"2489";2489;3
"2490";2490;3
"2491";2491;3
"2492";2492;3
"2493";2493;3
"2494";2494;3
"2495";2495;3
"2496";2496;2
"2497";2497;4
"2498";2498;4
"2499";2499;1
"2500";2500;1
"2501";2501;3
"2502";2502;4
"2503";2503;4
"2504";2504;4
"2505";2505;4
"2506";2506;4
"2507";2507;1
"2508";2508;4
"2509";2509;4
"2510";2510;4
"2511";2511;4
"2512";2512;4
"2513";2513;4
"2514";2514;4
"2515";2515;1
"2516";2516;4
"2517";2517;4
"2518";2518;4
"2519";2519;2
"2520";2520;4
"2521";2521;3
"2522";2522;3
"2523";2523;3
"2524";2524;3
"2525";2525;3
"2526";2526;3
"2527";2527;3
"2528";2528;3
"2529";2529;3
"2530";2530;3
"2531";2531;4
"2532";2532;3
"2533";2533;4
"2534";2534;3
"2535";2535;1
"2536";2536;1
"2537";2537;1
"2538";2538;1
"2539";2539;1
"2540";2540;1
"2541";2541;1
"2542";2542;1
"2543";2543;1
"2544";2544;1
"2545";2545;1
"2546";2546;1
"2547";2547;1
"2548";2548;1
"2549";2549;1
"2550";2550;1
"2551";2551;1
"2552";2552;1
"2553";2553;1
"2554";2554;1
"2555";2555;1
"2556";2556;1
"2557";2557;1
"2558";2558;1
"2559";2559;1
"2560";2560;1
"2561";2561;1
"2562";2562;1
"2563";2563;1
"2564";2564;1
"2565";2565;1
"2566";2566;1
"2567";2567;1
"2568";2568;1
"2569";2569;1
"2570";2570;1
"2571";2571;1
"2572";2572;1
"2573";2573;1
"2574";2574;1
"2575";2575;1
"2576";2576;1
"2577";2577;1
"2578";2578;1
"2579";2579;1
"2580";2580;1
"2581";2581;1
"2582";2582;1
"2583";2583;1
"2584";2584;1
"2585";2585;1
"2586";2586;1
"2587";2587;1
"2588";2588;1
"2589";2589;1
"2590";2590;1
"2591";2591;4
"2592";2592;4
"2593";2593;1
"2594";2594;1
"2595";2595;1
"2596";2596;4
"2597";2597;4
"2598";2598;4
"2599";2599;4
"2600";2600;1
"2601";2601;1
"2602";2602;1
"2603";2603;1
"2604";2604;1
"2605";2605;1
"2606";2606;4
"2607";2607;1
"2608";2608;2
"2609";2609;1
"2610";2610;1
"2611";2611;1
"2612";2612;4
"2613";2613;1
"2614";2614;1
"2615";2615;1
"2616";2616;1
"2617";2617;1
"2618";2618;1
"2619";2619;1
"2620";2620;1
"2621";2621;1
"2622";2622;1
"2623";2623;1
"2624";2624;1
"2625";2625;1
"2626";2626;1
"2627";2627;1
"2628";2628;2
"2629";2629;4
"2630";2630;1
"2631";2631;1
"2632";2632;1
"2633";2633;1
"2634";2634;1
"2635";2635;1
"2636";2636;1
"2637";2637;1
"2638";2638;1
"2639";2639;1
"2640";2640;1
"2641";2641;1
"2642";2642;1
"2643";2643;1
"2644";2644;1
"2645";2645;1
"2646";2646;1
"2647";2647;1
"2648";2648;1
"2649";2649;1
"2650";2650;1
"2651";2651;4
"2652";2652;1
"2653";2653;1
"2654";2654;1
"2655";2655;1
"2656";2656;1
"2657";2657;1
"2658";2658;1
"2659";2659;1
"2660";2660;1
"2661";2661;1
"2662";2662;1
"2663";2663;1
"2664";2664;4
"2665";2665;1
"2666";2666;1
"2667";2667;1
"2668";2668;1
"2669";2669;1
"2670";2670;1
"2671";2671;1
"2672";2672;1
"2673";2673;1
"2674";2674;1
"2675";2675;1
"2676";2676;1
"2677";2677;1
"2678";2678;1
"2679";2679;1
"2680";2680;1
"2681";2681;1
"2682";2682;1
"2683";2683;1
"2684";2684;1
"2685";2685;1
"2686";2686;1
"2687";2687;1
"2688";2688;1
"2689";2689;1
"2690";2690;1
"2691";2691;1
"2692";2692;1
"2693";2693;1
"2694";2694;1
"2695";2695;1
"2696";2696;1
"2697";2697;1
"2698";2698;1
"2699";2699;1
"2700";2700;1
"2701";2701;1
"2702";2702;4
"2703";2703;1
"2704";2704;1
"2705";2705;1
"2706";2706;1
"2707";2707;1
"2708";2708;1
"2709";2709;1
"2710";2710;1
"2711";2711;1
"2712";2712;1
"2713";2713;1
"2714";2714;1
"2715";2715;1
"2716";2716;1
"2717";2717;1
"2718";2718;1
"2719";2719;1
"2720";2720;1
"2721";2721;1
"2722";2722;1
"2723";2723;1
"2724";2724;1
"2725";2725;1
"2726";2726;1
"2727";2727;1
"2728";2728;1
"2729";2729;1
"2730";2730;1
"2731";2731;1
"2732";2732;1
"2733";2733;1
"2734";2734;1
"2735";2735;1
"2736";2736;1
"2737";2737;1
"2738";2738;1
"2739";2739;1
"2740";2740;1
"2741";2741;1
"2742";2742;1
"2743";2743;4
"2744";2744;1
"2745";2745;1
"2746";2746;1
"2747";2747;1
"2748";2748;1
"2749";2749;1
"2750";2750;1
"2751";2751;1
"2752";2752;1
"2753";2753;1
"2754";2754;1
"2755";2755;1
"2756";2756;1
"2757";2757;4
"2758";2758;1
"2759";2759;1
"2760";2760;1
"2761";2761;4
"2762";2762;1
"2763";2763;1
"2764";2764;1
"2765";2765;1
"2766";2766;1
"2767";2767;1
"2768";2768;1
"2769";2769;1
"2770";2770;1
"2771";2771;1
"2772";2772;1
"2773";2773;1
"2774";2774;2
"2775";2775;1
"2776";2776;2
"2777";2777;1
"2778";2778;1
"2779";2779;1
"2780";2780;1
"2781";2781;1
"2782";2782;1
"2783";2783;1
"2784";2784;1
"2785";2785;1
"2786";2786;1
"2787";2787;1
"2788";2788;1
"2789";2789;1
"2790";2790;1
"2791";2791;1
"2792";2792;1
"2793";2793;1
"2794";2794;1
"2795";2795;1
"2796";2796;1
"2797";2797;1
"2798";2798;1
"2799";2799;1
"2800";2800;1
"2801";2801;1
"2802";2802;1
"2803";2803;1
"2804";2804;1
"2805";2805;1
"2806";2806;1
"2807";2807;1
"2808";2808;1
"2809";2809;1
"2810";2810;1
"2811";2811;1
"2812";2812;1
"2813";2813;1
"2814";2814;1
"2815";2815;1
"2816";2816;1
"2817";2817;1
"2818";2818;1
"2819";2819;1
"2820";2820;1
"2821";2821;1
"2822";2822;1
"2823";2823;1
"2824";2824;1
"2825";2825;1
"2826";2826;1
"2827";2827;1
"2828";2828;1
"2829";2829;1
"2830";2830;1
"2831";2831;1
"2832";2832;1
"2833";2833;1
"2834";2834;1
"2835";2835;1
"2836";2836;1
"2837";2837;1
"2838";2838;1
"2839";2839;1
"2840";2840;1
"2841";2841;1
"2842";2842;1
"2843";2843;1
"2844";2844;1
"2845";2845;1
"2846";2846;1
"2847";2847;1
"2848";2848;1
"2849";2849;1
"2850";2850;1
"2851";2851;1
"2852";2852;1
"2853";2853;1
"2854";2854;1
"2855";2855;1
"2856";2856;1
"2857";2857;1
"2858";2858;4
"2859";2859;1
"2860";2860;4
"2861";2861;1
"2862";2862;1
"2863";2863;4
"2864";2864;1
"2865";2865;1
"2866";2866;1
"2867";2867;1
"2868";2868;1
"2869";2869;1
"2870";2870;4
"2871";2871;1
"2872";2872;4
"2873";2873;1
"2874";2874;1
"2875";2875;2
"2876";2876;1
"2877";2877;4
"2878";2878;1
"2879";2879;1
"2880";2880;1
"2881";2881;4
"2882";2882;1
"2883";2883;1
"2884";2884;1
"2885";2885;1
"2886";2886;4
"2887";2887;1
"2888";2888;1
"2889";2889;4
"2890";2890;1
"2891";2891;4
"2892";2892;1
"2893";2893;4
"2894";2894;1
"2895";2895;1
"2896";2896;2
"2897";2897;1
"2898";2898;1
"2899";2899;1
"2900";2900;1
"2901";2901;4
"2902";2902;4
"2903";2903;1
"2904";2904;2
"2905";2905;1
"2906";2906;1
"2907";2907;1
"2908";2908;4
"2909";2909;1
"2910";2910;4
"2911";2911;4
"2912";2912;4
"2913";2913;1
"2914";2914;1
"2915";2915;1
"2916";2916;1
"2917";2917;1
"2918";2918;1
"2919";2919;1
"2920";2920;1
"2921";2921;4
"2922";2922;1
"2923";2923;1
"2924";2924;4
"2925";2925;1
"2926";2926;1
"2927";2927;1
"2928";2928;1
"2929";2929;1
"2930";2930;1
"2931";2931;1
"2932";2932;1
"2933";2933;4
"2934";2934;4
"2935";2935;1
"2936";2936;1
"2937";2937;1
"2938";2938;1
"2939";2939;4
"2940";2940;1
"2941";2941;1
"2942";2942;1
"2943";2943;4
"2944";2944;1
"2945";2945;1
"2946";2946;1
"2947";2947;1
"2948";2948;1
"2949";2949;1
"2950";2950;1
"2951";2951;1
"2952";2952;1
"2953";2953;1
"2954";2954;1
"2955";2955;1
"2956";2956;4
"2957";2957;1
"2958";2958;1
"2959";2959;1
"2960";2960;1
"2961";2961;1
"2962";2962;1
"2963";2963;1
"2964";2964;1
"2965";2965;1
"2966";2966;1
"2967";2967;1
"2968";2968;1
"2969";2969;4
"2970";2970;1
"2971";2971;1
"2972";2972;4
"2973";2973;1
"2974";2974;4
"2975";2975;4
"2976";2976;4
"2977";2977;1
"2978";2978;1
"2979";2979;1
"2980";2980;1
"2981";2981;1
"2982";2982;1
"2983";2983;1
"2984";2984;1
"2985";2985;1
"2986";2986;1
"2987";2987;1
"2988";2988;1
"2989";2989;1
"2990";2990;1
"2991";2991;1
"2992";2992;1
"2993";2993;1
"2994";2994;1
"2995";2995;1
"2996";2996;1
"2997";2997;1
"2998";2998;1
"2999";2999;4
"3000";3000;1
"3001";3001;1
"3002";3002;1
"3003";3003;1
"3004";3004;1
"3005";3005;1
"3006";3006;1
"3007";3007;1
"3008";3008;1
"3009";3009;4
"3010";3010;3
"3011";3011;3
"3012";3012;3
"3013";3013;3
"3014";3014;3
"3015";3015;3
"3016";3016;4
"3017";3017;3
"3018";3018;3
"3019";3019;3
"3020";3020;1
"3021";3021;1
"3022";3022;3
"3023";3023;3
"3024";3024;1
"3025";3025;3
"3026";3026;4
"3027";3027;3
"3028";3028;3
"3029";3029;3
"3030";3030;3
"3031";3031;3
"3032";3032;3
"3033";3033;3
"3034";3034;3
"3035";3035;3
"3036";3036;3
"3037";3037;3
"3038";3038;1
"3039";3039;3
"3040";3040;3
"3041";3041;3
"3042";3042;3
"3043";3043;3
"3044";3044;3
"3045";3045;3
"3046";3046;3
"3047";3047;3
"3048";3048;3
"3049";3049;3
"3050";3050;4
"3051";3051;4
"3052";3052;3
"3053";3053;3
"3054";3054;3
"3055";3055;3
"3056";3056;3
"3057";3057;4
"3058";3058;4
"3059";3059;4
"3060";3060;4
"3061";3061;0
"3062";3062;0
"3063";3063;4
"3064";3064;0
"3065";3065;3
"3066";3066;3
"3067";3067;3
"3068";3068;3
"3069";3069;3
"3070";3070;3
"3071";3071;3
"3072";3072;3
"3073";3073;4
"3074";3074;3
"3075";3075;3
"3076";3076;3
"3077";3077;3
"3078";3078;3
"3079";3079;3
"3080";3080;3
"3081";3081;3
"3082";3082;3
"3083";3083;3
"3084";3084;3
"3085";3085;3
"3086";3086;3
"3087";3087;3
"3088";3088;3
"3089";3089;4
"3090";3090;0
"3091";3091;3
"3092";3092;3
"3093";3093;3
"3094";3094;3
"3095";3095;3
"3096";3096;3
"3097";3097;3
"3098";3098;3
"3099";3099;3
"3100";3100;3
"3101";3101;3
"3102";3102;3
"3103";3103;4
"3104";3104;4
"3105";3105;3
"3106";3106;3
"3107";3107;0
"3108";3108;0
"3109";3109;4
"3110";3110;4
"3111";3111;0
"3112";3112;4
"3113";3113;0
"3114";3114;0
"3115";3115;1
"3116";3116;0
"3117";3117;0
"3118";3118;3
"3119";3119;0
"3120";3120;4
"3121";3121;0
"3122";3122;4
"3123";3123;0
"3124";3124;4
"3125";3125;4
"3126";3126;4
"3127";3127;4
"3128";3128;4
"3129";3129;3
"3130";3130;3
"3131";3131;3
"3132";3132;3
"3133";3133;3
"3134";3134;3
"3135";3135;1
"3136";3136;1
"3137";3137;1
"3138";3138;1
"3139";3139;1
"3140";3140;3
"3141";3141;3
"3142";3142;3
"3143";3143;3
"3144";3144;4
"3145";3145;3
"3146";3146;3
"3147";3147;1
"3148";3148;1
"3149";3149;3
"3150";3150;3
"3151";3151;4
"3152";3152;1
"3153";3153;4
"3154";3154;1
"3155";3155;3
"3156";3156;3
"3157";3157;4
"3158";3158;4
"3159";3159;4
"3160";3160;0
"3161";3161;4
"3162";3162;1
"3163";3163;4
"3164";3164;4
"3165";3165;4
"3166";3166;1
"3167";3167;4
"3168";3168;3
"3169";3169;4
"3170";3170;0
"3171";3171;4
"3172";3172;4
"3173";3173;4
"3174";3174;3
"3175";3175;4
"3176";3176;3
"3177";3177;4
"3178";3178;3
"3179";3179;4
"3180";3180;3
"3181";3181;4
"3182";3182;4
"3183";3183;4
"3184";3184;4
"3185";3185;4
"3186";3186;4
"3187";3187;2
"3188";3188;4
"3189";3189;4
"3190";3190;0
"3191";3191;4
"3192";3192;4
"3193";3193;4
"3194";3194;4
"3195";3195;4
"3196";3196;4
"3197";3197;4
"3198";3198;3
"3199";3199;4
"3200";3200;4
"3201";3201;4
"3202";3202;4
"3203";3203;4
"3204";3204;4
"3205";3205;4
"3206";3206;3
"3207";3207;4
"3208";3208;3
"3209";3209;3
"3210";3210;3
"3211";3211;4
"3212";3212;4
"3213";3213;1
"3214";3214;3
"3215";3215;3
"3216";3216;4
"3217";3217;3
"3218";3218;3
"3219";3219;3
"3220";3220;1
"3221";3221;3
"3222";3222;3
"3223";3223;3
"3224";3224;1
"3225";3225;3
"3226";3226;3
"3227";3227;3
"3228";3228;3
"3229";3229;3
"3230";3230;3
"3231";3231;3
"3232";3232;3
"3233";3233;3
"3234";3234;3
"3235";3235;3
"3236";3236;3
"3237";3237;3
"3238";3238;3
"3239";3239;3
"3240";3240;3
"3241";3241;3
"3242";3242;3
"3243";3243;1
"3244";3244;3
"3245";3245;3
"3246";3246;2
"3247";3247;2
"3248";3248;2
"3249";3249;3
"3250";3250;3
"3251";3251;4
"3252";3252;4
"3253";3253;4
"3254";3254;4
"3255";3255;4
"3256";3256;4
"3257";3257;4
"3258";3258;4
"3259";3259;3
"3260";3260;3
"3261";3261;4
"3262";3262;2
"3263";3263;3
"3264";3264;4
"3265";3265;3
"3266";3266;4
"3267";3267;4
"3268";3268;3
"3269";3269;3
"3270";3270;3
"3271";3271;3
"3272";3272;3
"3273";3273;3
"3274";3274;4
"3275";3275;3
"3276";3276;4
"3277";3277;3
"3278";3278;3
"3279";3279;3
"3280";3280;3
"3281";3281;3
"3282";3282;4
"3283";3283;4
"3284";3284;4
"3285";3285;4
"3286";3286;3
"3287";3287;3
"3288";3288;4
"3289";3289;3
"3290";3290;4
"3291";3291;4
"3292";3292;0
"3293";3293;0
"3294";3294;4
"3295";3295;4
"3296";3296;4
"3297";3297;4
"3298";3298;4
"3299";3299;4
"3300";3300;3
"3301";3301;3
"3302";3302;4
"3303";3303;4
"3304";3304;0
"3305";3305;4
"3306";3306;3
"3307";3307;0
"3308";3308;4
"3309";3309;4
"3310";3310;3
"3311";3311;4
"3312";3312;4
"3313";3313;4
"3314";3314;4
"3315";3315;4
"3316";3316;4
"3317";3317;3
"3318";3318;0
"3319";3319;4
"3320";3320;0
"3321";3321;0
"3322";3322;1
"3323";3323;0
"3324";3324;1
"3325";3325;0
"3326";3326;1
"3327";3327;0
"3328";3328;0
"3329";3329;4
"3330";3330;0
"3331";3331;4
"3332";3332;0
"3333";3333;0
"3334";3334;0
"3335";3335;0
"3336";3336;0
"3337";3337;4
"3338";3338;0
"3339";3339;0
"3340";3340;0
"3341";3341;0
"3342";3342;4
"3343";3343;0
"3344";3344;0
"3345";3345;0
"3346";3346;4
"3347";3347;4
"3348";3348;4
"3349";3349;4
"3350";3350;4
"3351";3351;0
"3352";3352;0
"3353";3353;3
"3354";3354;0
"3355";3355;0
"3356";3356;0
"3357";3357;0
"3358";3358;2
"3359";3359;2
"3360";3360;2
"3361";3361;2
"3362";3362;2
"3363";3363;2
"3364";3364;2
"3365";3365;4
"3366";3366;2
"3367";3367;2
"3368";3368;2
"3369";3369;2
"3370";3370;2
"3371";3371;4
"3372";3372;4
"3373";3373;4
"3374";3374;2
"3375";3375;2
"3376";3376;2
"3377";3377;4
"3378";3378;4
"3379";3379;4
"3380";3380;2
"3381";3381;2
"3382";3382;2
"3383";3383;4
"3384";3384;2
"3385";3385;2
"3386";3386;2
"3387";3387;2
"3388";3388;2
"3389";3389;2
"3390";3390;2
"3391";3391;2
"3392";3392;4
"3393";3393;2
"3394";3394;2
"3395";3395;2
"3396";3396;2
"3397";3397;2
"3398";3398;2
"3399";3399;2
"3400";3400;2
"3401";3401;2
"3402";3402;2
"3403";3403;2
"3404";3404;2
"3405";3405;2
"3406";3406;2
"3407";3407;2
"3408";3408;2
"3409";3409;2
"3410";3410;2
"3411";3411;2
"3412";3412;2
"3413";3413;2
"3414";3414;2
"3415";3415;2
"3416";3416;2
"3417";3417;2
"3418";3418;2
"3419";3419;2
"3420";3420;2
"3421";3421;2
"3422";3422;2
"3423";3423;2
"3424";3424;2
"3425";3425;2
"3426";3426;4
"3427";3427;2
"3428";3428;2
"3429";3429;2
"3430";3430;2
"3431";3431;2
"3432";3432;2
"3433";3433;4
"3434";3434;2
"3435";3435;2
"3436";3436;2
"3437";3437;2
"3438";3438;2
"3439";3439;2
"3440";3440;2
"3441";3441;2
"3442";3442;2
"3443";3443;2
"3444";3444;2
"3445";3445;2
"3446";3446;2
"3447";3447;2
"3448";3448;2
"3449";3449;2
"3450";3450;4
"3451";3451;4
"3452";3452;2
"3453";3453;2
"3454";3454;4
"3455";3455;2
"3456";3456;2
"3457";3457;2
"3458";3458;2
"3459";3459;2
"3460";3460;2
"3461";3461;2
"3462";3462;2
"3463";3463;2
"3464";3464;2
"3465";3465;2
"3466";3466;2
"3467";3467;2
"3468";3468;2
"3469";3469;2
"3470";3470;2
"3471";3471;2
"3472";3472;2
"3473";3473;2
"3474";3474;2
"3475";3475;2
"3476";3476;2
"3477";3477;2
"3478";3478;2
"3479";3479;2
"3480";3480;2
"3481";3481;2
"3482";3482;1
"3483";3483;2
"3484";3484;2
"3485";3485;2
"3486";3486;2
"3487";3487;2
"3488";3488;2
"3489";3489;2
"3490";3490;2
"3491";3491;2
"3492";3492;2
"3493";3493;2
"3494";3494;2
"3495";3495;3
"3496";3496;2
"3497";3497;2
"3498";3498;2
"3499";3499;2
"3500";3500;2
"3501";3501;2
"3502";3502;2
"3503";3503;2
"3504";3504;2
"3505";3505;2
"3506";3506;2
"3507";3507;2
"3508";3508;2
"3509";3509;2
"3510";3510;2
"3511";3511;2
"3512";3512;2
"3513";3513;2
"3514";3514;2
"3515";3515;2
"3516";3516;2
"3517";3517;2
"3518";3518;2
"3519";3519;2
"3520";3520;2
"3521";3521;2
"3522";3522;2
"3523";3523;2
"3524";3524;2
"3525";3525;2
"3526";3526;2
"3527";3527;2
"3528";3528;2
"3529";3529;2
"3530";3530;2
"3531";3531;2
"3532";3532;2
"3533";3533;2
"3534";3534;2
"3535";3535;2
"3536";3536;4
"3537";3537;4
"3538";3538;2
"3539";3539;2
"3540";3540;2
"3541";3541;2
"3542";3542;2
"3543";3543;2
"3544";3544;2
"3545";3545;2
"3546";3546;4
"3547";3547;1
"3548";3548;4
"3549";3549;4
"3550";3550;4
"3551";3551;1
"3552";3552;4
"3553";3553;3
"3554";3554;3
"3555";3555;3
"3556";3556;3
"3557";3557;3
"3558";3558;1
"3559";3559;3
"3560";3560;3
"3561";3561;3
"3562";3562;3
"3563";3563;3
"3564";3564;4
"3565";3565;4
"3566";3566;1
"3567";3567;1
"3568";3568;1
"3569";3569;4
"3570";3570;1
"3571";3571;1
"3572";3572;1
"3573";3573;1
"3574";3574;4
"3575";3575;1
"3576";3576;1
"3577";3577;1
"3578";3578;1
"3579";3579;1
"3580";3580;1
"3581";3581;1
"3582";3582;1
"3583";3583;1
"3584";3584;1
"3585";3585;1
"3586";3586;2
"3587";3587;4
"3588";3588;1
"3589";3589;1
"3590";3590;4
"3591";3591;1
"3592";3592;4
"3593";3593;0
"3594";3594;4
"3595";3595;4
"3596";3596;4
"3597";3597;0
"3598";3598;2
"3599";3599;2
"3600";3600;2
"3601";3601;2
"3602";3602;2
"3603";3603;2
"3604";3604;2
"3605";3605;4
"3606";3606;4
"3607";3607;4
"3608";3608;2
"3609";3609;2
"3610";3610;2
"3611";3611;4
"3612";3612;2
"3613";3613;2
"3614";3614;2
"3615";3615;2
"3616";3616;2
"3617";3617;2
"3618";3618;2
"3619";3619;2
"3620";3620;2
"3621";3621;2
"3622";3622;4
"3623";3623;2
"3624";3624;2
"3625";3625;2
"3626";3626;2
"3627";3627;2
"3628";3628;2
"3629";3629;2
"3630";3630;2
"3631";3631;2
"3632";3632;2
"3633";3633;4
"3634";3634;2
"3635";3635;4
"3636";3636;2
"3637";3637;2
"3638";3638;2
"3639";3639;2
"3640";3640;4
"3641";3641;2
"3642";3642;4
"3643";3643;4
"3644";3644;4
"3645";3645;4
"3646";3646;3
"3647";3647;4
"3648";3648;2
"3649";3649;4
"3650";3650;2
"3651";3651;2
"3652";3652;2
"3653";3653;2
"3654";3654;4
"3655";3655;2
"3656";3656;2
"3657";3657;2
"3658";3658;2
"3659";3659;2
"3660";3660;2
"3661";3661;2
"3662";3662;4
"3663";3663;4
"3664";3664;2
"3665";3665;4
"3666";3666;4
"3667";3667;4
"3668";3668;4
"3669";3669;4
"3670";3670;2
"3671";3671;2
"3672";3672;3
"3673";3673;4
"3674";3674;4
"3675";3675;4
"3676";3676;4
"3677";3677;4
"3678";3678;4
"3679";3679;2
"3680";3680;2
"3681";3681;2
"3682";3682;4
"3683";3683;4
"3684";3684;4
"3685";3685;2
"3686";3686;4
"3687";3687;2
"3688";3688;2
"3689";3689;2
"3690";3690;2
"3691";3691;2
"3692";3692;2
"3693";3693;2
"3694";3694;2
"3695";3695;2
"3696";3696;2
"3697";3697;2
"3698";3698;2
"3699";3699;2
"3700";3700;2
"3701";3701;2
"3702";3702;2
"3703";3703;2
"3704";3704;2
"3705";3705;2
"3706";3706;2
"3707";3707;2
"3708";3708;2
"3709";3709;4
"3710";3710;1
"3711";3711;4
"3712";3712;4
"3713";3713;4
"3714";3714;1
"3715";3715;4
"3716";3716;4
"3717";3717;4
"3718";3718;4
"3719";3719;4
"3720";3720;4
"3721";3721;4
"3722";3722;4
"3723";3723;4
"3724";3724;4
"3725";3725;4
"3726";3726;4
"3727";3727;4
"3728";3728;4
"3729";3729;4
"3730";3730;4
"3731";3731;3
"3732";3732;4
"3733";3733;2
"3734";3734;4
"3735";3735;4
"3736";3736;4
"3737";3737;4
"3738";3738;4
"3739";3739;3
"3740";3740;4
"3741";3741;1
"3742";3742;4
"3743";3743;4
"3744";3744;4
"3745";3745;4
"3746";3746;3
"3747";3747;3
"3748";3748;3
"3749";3749;3
"3750";3750;1
"3751";3751;4
"3752";3752;4
"3753";3753;3
"3754";3754;3
"3755";3755;3
"3756";3756;4
"3757";3757;4
"3758";3758;4
"3759";3759;4
"3760";3760;4
"3761";3761;4
"3762";3762;4
"3763";3763;4
"3764";3764;3
"3765";3765;4
"3766";3766;4
"3767";3767;4
"3768";3768;4
"3769";3769;4
"3770";3770;4
"3771";3771;4
"3772";3772;3
"3773";3773;4
"3774";3774;4
"3775";3775;1
"3776";3776;4
"3777";3777;4
"3778";3778;4
"3779";3779;4
"3780";3780;4
"3781";3781;4
"3782";3782;4
"3783";3783;4
"3784";3784;4
"3785";3785;4
"3786";3786;4
"3787";3787;4
"3788";3788;2
"3789";3789;2
"3790";3790;2
"3791";3791;4
"3792";3792;4
"3793";3793;2
"3794";3794;2
"3795";3795;2
"3796";3796;4
"3797";3797;2
"3798";3798;3
"3799";3799;1
"3800";3800;2
"3801";3801;4
"3802";3802;2
"3803";3803;2
"3804";3804;2
"3805";3805;4
"3806";3806;2
"3807";3807;2
"3808";3808;2
"3809";3809;2
"3810";3810;2
"3811";3811;2
"3812";3812;2
"3813";3813;2
"3814";3814;2
"3815";3815;4
"3816";3816;2
"3817";3817;2
"3818";3818;2
"3819";3819;2
"3820";3820;2
"3821";3821;2
"3822";3822;2
"3823";3823;2
"3824";3824;2
"3825";3825;2
"3826";3826;2
"3827";3827;2
"3828";3828;2
"3829";3829;2
"3830";3830;2
"3831";3831;2
"3832";3832;2
"3833";3833;4
"3834";3834;4
"3835";3835;4
"3836";3836;2
"3837";3837;2
"3838";3838;2
"3839";3839;2
"3840";3840;2
"3841";3841;4
"3842";3842;2
"3843";3843;2
"3844";3844;2
"3845";3845;2
"3846";3846;2
"3847";3847;2
"3848";3848;2
"3849";3849;2
"3850";3850;2
"3851";3851;2
"3852";3852;2
"3853";3853;2
"3854";3854;2
"3855";3855;2
"3856";3856;2
"3857";3857;2
"3858";3858;2
"3859";3859;2
"3860";3860;2
"3861";3861;2
"3862";3862;2
"3863";3863;2
"3864";3864;2
"3865";3865;2
"3866";3866;2
"3867";3867;2
"3868";3868;2
"3869";3869;4
"3870";3870;2
"3871";3871;2
"3872";3872;2
"3873";3873;2
"3874";3874;2
"3875";3875;2
"3876";3876;4
"3877";3877;4
"3878";3878;2
"3879";3879;2
"3880";3880;4
"3881";3881;2
"3882";3882;4
"3883";3883;3
"3884";3884;2
"3885";3885;4
"3886";3886;2
"3887";3887;2
"3888";3888;2
"3889";3889;2
"3890";3890;2
"3891";3891;2
"3892";3892;2
"3893";3893;2
"3894";3894;2
"3895";3895;4
"3896";3896;2
"3897";3897;2
"3898";3898;2
"3899";3899;4
"3900";3900;2
"3901";3901;4
"3902";3902;2
"3903";3903;4
"3904";3904;2
"3905";3905;1
"3906";3906;2
"3907";3907;2
"3908";3908;2
"3909";3909;2
"3910";3910;2
"3911";3911;4
"3912";3912;2
"3913";3913;2
"3914";3914;2
"3915";3915;2
"3916";3916;4
"3917";3917;2
"3918";3918;2
"3919";3919;2
"3920";3920;2
"3921";3921;2
"3922";3922;2
"3923";3923;2
"3924";3924;2
"3925";3925;2
"3926";3926;2
"3927";3927;2
"3928";3928;2
"3929";3929;2
"3930";3930;2
"3931";3931;2
"3932";3932;2
"3933";3933;2
"3934";3934;2
"3935";3935;2
"3936";3936;2
"3937";3937;2
"3938";3938;2
"3939";3939;2
"3940";3940;2
"3941";3941;2
"3942";3942;2
"3943";3943;2
"3944";3944;2
"3945";3945;2
"3946";3946;2
"3947";3947;2
"3948";3948;2
"3949";3949;2
"3950";3950;2
"3951";3951;2
"3952";3952;2
"3953";3953;2
"3954";3954;2
"3955";3955;2
"3956";3956;2
"3957";3957;2
"3958";3958;2
"3959";3959;4
"3960";3960;2
"3961";3961;2
"3962";3962;2
"3963";3963;2
"3964";3964;2
"3965";3965;2
"3966";3966;2
"3967";3967;2
"3968";3968;2
"3969";3969;4
"3970";3970;2
"3971";3971;2
"3972";3972;2
"3973";3973;2
"3974";3974;2
"3975";3975;2
"3976";3976;2
"3977";3977;2
"3978";3978;2
"3979";3979;2
"3980";3980;2
"3981";3981;2
"3982";3982;2
"3983";3983;2
"3984";3984;2
"3985";3985;2
"3986";3986;2
"3987";3987;2
"3988";3988;2
"3989";3989;1
"3990";3990;2
"3991";3991;2
"3992";3992;2
"3993";3993;2
"3994";3994;2
"3995";3995;2
"3996";3996;2
"3997";3997;2
"3998";3998;3
"3999";3999;2
"4000";4000;2
"4001";4001;2
"4002";4002;2
"4003";4003;2
"4004";4004;2
"4005";4005;2
"4006";4006;2
"4007";4007;2
"4008";4008;2
"4009";4009;2
"4010";4010;2
"4011";4011;2
"4012";4012;2
"4013";4013;2
"4014";4014;2
"4015";4015;2
"4016";4016;2
"4017";4017;2
"4018";4018;2
"4019";4019;2
"4020";4020;2
"4021";4021;2
"4022";4022;2
"4023";4023;2
"4024";4024;2
"4025";4025;2
"4026";4026;2
"4027";4027;2
"4028";4028;2
"4029";4029;2
"4030";4030;2
"4031";4031;2
"4032";4032;2
"4033";4033;2
"4034";4034;2
"4035";4035;2
"4036";4036;4
"4037";4037;2
"4038";4038;2
"4039";4039;2
"4040";4040;2
"4041";4041;2
"4042";4042;2
"4043";4043;2
"4044";4044;2
"4045";4045;2
"4046";4046;2
"4047";4047;2
"4048";4048;2
"4049";4049;2
"4050";4050;2
"4051";4051;2
"4052";4052;2
"4053";4053;2
"4054";4054;2
"4055";4055;2
"4056";4056;2
"4057";4057;2
"4058";4058;4
"4059";4059;2
"4060";4060;4
"4061";4061;2
"4062";4062;2
"4063";4063;2
"4064";4064;4
"4065";4065;2
"4066";4066;2
"4067";4067;2
"4068";4068;2
"4069";4069;2
"4070";4070;2
"4071";4071;2
"4072";4072;2
"4073";4073;2
"4074";4074;2
"4075";4075;2
"4076";4076;2
"4077";4077;4
"4078";4078;2
"4079";4079;2
"4080";4080;2
"4081";4081;2
"4082";4082;2
"4083";4083;2
"4084";4084;2
"4085";4085;2
"4086";4086;2
"4087";4087;2
"4088";4088;2
"4089";4089;2
"4090";4090;3
"4091";4091;0
"4092";4092;4
"4093";4093;4
"4094";4094;4
"4095";4095;1
"4096";4096;4
"4097";4097;4
"4098";4098;3
"4099";4099;3
"4100";4100;4
"4101";4101;4
"4102";4102;2
"4103";4103;0
"4104";4104;2
"4105";4105;3
"4106";4106;2
"4107";4107;2
"4108";4108;2
"4109";4109;2
"4110";4110;2
"4111";4111;2
"4112";4112;2
"4113";4113;4
"4114";4114;4
"4115";4115;4
"4116";4116;4
"4117";4117;2
"4118";4118;4
"4119";4119;2
"4120";4120;2
"4121";4121;2
"4122";4122;4
"4123";4123;4
"4124";4124;4
"4125";4125;2
"4126";4126;2
"4127";4127;2
"4128";4128;4
"4129";4129;2
"4130";4130;2
"4131";4131;1
"4132";4132;2
"4133";4133;4
"4134";4134;4
"4135";4135;2
"4136";4136;1
"4137";4137;4
"4138";4138;4
"4139";4139;4
"4140";4140;2
"4141";4141;2
"4142";4142;2
"4143";4143;2
"4144";4144;2
"4145";4145;2
"4146";4146;2
"4147";4147;2
"4148";4148;2
"4149";4149;2
"4150";4150;2
"4151";4151;4
"4152";4152;4
"4153";4153;0
"4154";4154;2
"4155";4155;2
"4156";4156;4
"4157";4157;2
"4158";4158;2
"4159";4159;4
"4160";4160;1
"4161";4161;2
"4162";4162;4
"4163";4163;4
"4164";4164;4
"4165";4165;4
"4166";4166;2
"4167";4167;2
"4168";4168;2
"4169";4169;2
"4170";4170;2
"4171";4171;2
"4172";4172;2
"4173";4173;2
"4174";4174;2
"4175";4175;2
"4176";4176;2
"4177";4177;2
"4178";4178;2
"4179";4179;2
"4180";4180;4
"4181";4181;4
"4182";4182;4
"4183";4183;4
"4184";4184;3
"4185";4185;4
"4186";4186;4
"4187";4187;3
"4188";4188;3
"4189";4189;3
"4190";4190;4
"4191";4191;4
"4192";4192;2
"4193";4193;4
"4194";4194;4
"4195";4195;2
"4196";4196;2
"4197";4197;2
"4198";4198;2
"4199";4199;2
"4200";4200;2
"4201";4201;2
"4202";4202;2
"4203";4203;2
"4204";4204;2
"4205";4205;2
"4206";4206;4
"4207";4207;2
"4208";4208;2
"4209";4209;2
"4210";4210;2
"4211";4211;2
"4212";4212;2
"4213";4213;2
"4214";4214;2
"4215";4215;2
"4216";4216;2
"4217";4217;2
"4218";4218;2
"4219";4219;2
"4220";4220;2
"4221";4221;2
"4222";4222;2
"4223";4223;2
"4224";4224;4
"4225";4225;2
"4226";4226;2
"4227";4227;4
"4228";4228;2
"4229";4229;2
"4230";4230;4
"4231";4231;2
"4232";4232;4
"4233";4233;4
"4234";4234;4
"4235";4235;4
"4236";4236;4
"4237";4237;4
"4238";4238;2
"4239";4239;4
"4240";4240;2
"4241";4241;2
"4242";4242;2
"4243";4243;2
"4244";4244;2
"4245";4245;2
"4246";4246;2
"4247";4247;4
"4248";4248;4
"4249";4249;2
"4250";4250;2
"4251";4251;2
"4252";4252;2
"4253";4253;4
"4254";4254;2
"4255";4255;2
"4256";4256;2
"4257";4257;2
"4258";4258;2
"4259";4259;2
"4260";4260;2
"4261";4261;2
"4262";4262;2
"4263";4263;2
"4264";4264;2
"4265";4265;2
"4266";4266;2
"4267";4267;2
"4268";4268;2
"4269";4269;4
"4270";4270;2
"4271";4271;2
"4272";4272;2
"4273";4273;2
"4274";4274;2
"4275";4275;2
"4276";4276;2
"4277";4277;2
"4278";4278;2
"4279";4279;2
"4280";4280;2
"4281";4281;2
"4282";4282;2
"4283";4283;2
"4284";4284;2
"4285";4285;2
"4286";4286;2
"4287";4287;2
"4288";4288;2
"4289";4289;2
"4290";4290;2
"4291";4291;2
"4292";4292;2
"4293";4293;2
"4294";4294;2
"4295";4295;2
"4296";4296;2
"4297";4297;2
"4298";4298;2
"4299";4299;2
"4300";4300;2
"4301";4301;2
"4302";4302;2
"4303";4303;2
"4304";4304;2
"4305";4305;4
"4306";4306;2
"4307";4307;4
"4308";4308;2
"4309";4309;2
"4310";4310;4
"4311";4311;2
"4312";4312;2
"4313";4313;2
"4314";4314;2
"4315";4315;2
"4316";4316;2
"4317";4317;2
"4318";4318;2
"4319";4319;2
"4320";4320;2
"4321";4321;2
"4322";4322;2
"4323";4323;2
"4324";4324;2
"4325";4325;2
"4326";4326;4
"4327";4327;4
"4328";4328;2
"4329";4329;4
"4330";4330;2
"4331";4331;2
"4332";4332;0
"4333";4333;2
"4334";4334;4
"4335";4335;4
"4336";4336;2
"4337";4337;2
"4338";4338;2
"4339";4339;4
"4340";4340;4
"4341";4341;2
"4342";4342;2
"4343";4343;2
"4344";4344;2
"4345";4345;2
"4346";4346;2
"4347";4347;2
"4348";4348;2
"4349";4349;2
"4350";4350;2
"4351";4351;2
"4352";4352;2
"4353";4353;2
"4354";4354;2
"4355";4355;2
"4356";4356;2
"4357";4357;2
"4358";4358;2
"4359";4359;2
"4360";4360;2
"4361";4361;2
"4362";4362;2
"4363";4363;4
"4364";4364;4
"4365";4365;2
"4366";4366;2
"4367";4367;2
"4368";4368;4
"4369";4369;4
"4370";4370;2
"4371";4371;2
"4372";4372;2
"4373";4373;3
"4374";4374;4
"4375";4375;4
"4376";4376;4
"4377";4377;4
"4378";4378;4
"4379";4379;4
"4380";4380;4
"4381";4381;4
"4382";4382;4
"4383";4383;4
"4384";4384;4
"4385";4385;4
"4386";4386;4
"4387";4387;2
"4388";4388;2
"4389";4389;2
"4390";4390;4
"4391";4391;2
"4392";4392;4
"4393";4393;4
"4394";4394;3
"4395";4395;4
"4396";4396;4
"4397";4397;3
"4398";4398;2
"4399";4399;2
"4400";4400;2
"4401";4401;2
"4402";4402;2
"4403";4403;2
"4404";4404;2
"4405";4405;2
"4406";4406;2
"4407";4407;4
"4408";4408;2
"4409";4409;2
"4410";4410;2
"4411";4411;2
"4412";4412;2
"4413";4413;2
"4414";4414;2
"4415";4415;2
"4416";4416;2
"4417";4417;2
"4418";4418;2
"4419";4419;2
"4420";4420;2
"4421";4421;4
"4422";4422;2
"4423";4423;2
"4424";4424;2
"4425";4425;2
"4426";4426;2
"4427";4427;2
"4428";4428;2
"4429";4429;4
"4430";4430;4
"4431";4431;4
"4432";4432;4
"4433";4433;2
"4434";4434;2
"4435";4435;2
"4436";4436;2
"4437";4437;2
"4438";4438;2
"4439";4439;2
"4440";4440;2
"4441";4441;2
"4442";4442;2
"4443";4443;2
"4444";4444;2
"4445";4445;4
"4446";4446;4
"4447";4447;2
"4448";4448;4
"4449";4449;4
"4450";4450;2
"4451";4451;2
"4452";4452;2
"4453";4453;4
"4454";4454;2
"4455";4455;2
"4456";4456;2
"4457";4457;4
"4458";4458;2
"4459";4459;4
"4460";4460;2
"4461";4461;2
"4462";4462;2
"4463";4463;2
"4464";4464;2
"4465";4465;2
"4466";4466;2
"4467";4467;2
"4468";4468;2
"4469";4469;2
"4470";4470;2
"4471";4471;3
"4472";4472;2
"4473";4473;2
"4474";4474;2
"4475";4475;2
"4476";4476;2
"4477";4477;2
"4478";4478;2
"4479";4479;2
"4480";4480;2
"4481";4481;2
"4482";4482;2
"4483";4483;2
"4484";4484;2
"4485";4485;4
"4486";4486;4
"4487";4487;2
"4488";4488;2
"4489";4489;2
"4490";4490;4
"4491";4491;2
"4492";4492;2
"4493";4493;2
"4494";4494;2
"4495";4495;2
"4496";4496;2
"4497";4497;2
"4498";4498;2
"4499";4499;4
"4500";4500;2
"4501";4501;2
"4502";4502;2
"4503";4503;2
"4504";4504;2
"4505";4505;2
"4506";4506;2
"4507";4507;2
"4508";4508;2
"4509";4509;2
"4510";4510;2
"4511";4511;2
"4512";4512;4
"4513";4513;2
"4514";4514;2
"4515";4515;4
"4516";4516;2
"4517";4517;2
"4518";4518;2
"4519";4519;2
"4520";4520;2
"4521";4521;2
"4522";4522;2
"4523";4523;4
"4524";4524;2
"4525";4525;2
"4526";4526;2
"4527";4527;2
"4528";4528;2
"4529";4529;2
"4530";4530;2
"4531";4531;2
"4532";4532;2
"4533";4533;2
"4534";4534;2
"4535";4535;2
"4536";4536;2
"4537";4537;2
"4538";4538;4
"4539";4539;4
"4540";4540;4
"4541";4541;4
"4542";4542;4
"4543";4543;4
"4544";4544;4
"4545";4545;1
"4546";4546;1
"4547";4547;4
"4548";4548;4
"4549";4549;4
"4550";4550;4
"4551";4551;2
"4552";4552;2
"4553";4553;4
"4554";4554;4
"4555";4555;4
"4556";4556;2
"4557";4557;2
"4558";4558;2
"4559";4559;2
"4560";4560;2
"4561";4561;2
"4562";4562;2
"4563";4563;2
"4564";4564;2
"4565";4565;4
"4566";4566;2
"4567";4567;2
"4568";4568;2
"4569";4569;2
"4570";4570;2
"4571";4571;2
"4572";4572;2
"4573";4573;2
"4574";4574;2
"4575";4575;2
"4576";4576;2
"4577";4577;2
"4578";4578;4
"4579";4579;4
"4580";4580;4
"4581";4581;4
"4582";4582;4
"4583";4583;2
"4584";4584;4
"4585";4585;2
"4586";4586;2
"4587";4587;2
"4588";4588;4
"4589";4589;2
"4590";4590;4
"4591";4591;2
"4592";4592;4
"4593";4593;4
"4594";4594;2
"4595";4595;2
"4596";4596;2
"4597";4597;2
"4598";4598;4
"4599";4599;2
"4600";4600;2
"4601";4601;4
"4602";4602;2
"4603";4603;2
"4604";4604;2
"4605";4605;2
"4606";4606;4
"4607";4607;2
"4608";4608;2
"4609";4609;2
"4610";4610;2
"4611";4611;2
"4612";4612;2
"4613";4613;2
"4614";4614;2
"4615";4615;2
"4616";4616;2
"4617";4617;2
"4618";4618;2
"4619";4619;2
"4620";4620;2
"4621";4621;2
"4622";4622;2
"4623";4623;2
"4624";4624;2
"4625";4625;2
"4626";4626;2
"4627";4627;2
"4628";4628;2
"4629";4629;2
"4630";4630;2
"4631";4631;2
"4632";4632;2
"4633";4633;2
"4634";4634;2
"4635";4635;2
"4636";4636;2
"4637";4637;2
"4638";4638;2
"4639";4639;4
"4640";4640;2
"4641";4641;4
"4642";4642;2
"4643";4643;2
"4644";4644;4
"4645";4645;2
"4646";4646;2
"4647";4647;2
"4648";4648;2
"4649";4649;2
"4650";4650;2
"4651";4651;2
"4652";4652;2
"4653";4653;2
"4654";4654;2
"4655";4655;2
"4656";4656;2
"4657";4657;2
"4658";4658;2
"4659";4659;2
"4660";4660;2
"4661";4661;2
"4662";4662;2
"4663";4663;4
"4664";4664;2
"4665";4665;2
"4666";4666;2
"4667";4667;2
"4668";4668;4
"4669";4669;4
"4670";4670;4
"4671";4671;2
"4672";4672;2
"4673";4673;2
"4674";4674;2
"4675";4675;4
"4676";4676;2
"4677";4677;2
"4678";4678;2
"4679";4679;4
"4680";4680;2
"4681";4681;4
"4682";4682;4
"4683";4683;2
"4684";4684;2
"4685";4685;2
"4686";4686;4
"4687";4687;4
"4688";4688;3
"4689";4689;2
"4690";4690;2
"4691";4691;2
"4692";4692;2
"4693";4693;2
"4694";4694;4
"4695";4695;2
"4696";4696;4
"4697";4697;2
"4698";4698;2
"4699";4699;2
"4700";4700;2
"4701";4701;2
"4702";4702;2
"4703";4703;2
"4704";4704;2
"4705";4705;2
"4706";4706;2
"4707";4707;2
"4708";4708;2
"4709";4709;2
"4710";4710;2
"4711";4711;2
"4712";4712;2
"4713";4713;2
"4714";4714;2
"4715";4715;2
"4716";4716;2
"4717";4717;2
"4718";4718;2
"4719";4719;2
"4720";4720;2
"4721";4721;2
"4722";4722;2
"4723";4723;2
"4724";4724;2
"4725";4725;2
"4726";4726;2
"4727";4727;2
"4728";4728;2
"4729";4729;2
"4730";4730;2
"4731";4731;2
"4732";4732;2
"4733";4733;2
"4734";4734;2
"4735";4735;2
"4736";4736;2
"4737";4737;2
"4738";4738;2
"4739";4739;2
"4740";4740;2
"4741";4741;2
"4742";4742;2
"4743";4743;1
"4744";4744;1
"4745";4745;2
"4746";4746;2
"4747";4747;2
"4748";4748;2
"4749";4749;2
"4750";4750;4
"4751";4751;3
"4752";4752;4
"4753";4753;4
"4754";4754;2
"4755";4755;2
"4756";4756;2
"4757";4757;2
"4758";4758;2
"4759";4759;2
"4760";4760;3
"4761";4761;3
"4762";4762;2
"4763";4763;2
"4764";4764;2
"4765";4765;2
"4766";4766;2
"4767";4767;2
"4768";4768;2
"4769";4769;2
"4770";4770;2
"4771";4771;2
"4772";4772;2
"4773";4773;2
"4774";4774;2
"4775";4775;2
"4776";4776;2
"4777";4777;2
"4778";4778;2
"4779";4779;2
"4780";4780;2
"4781";4781;2
"4782";4782;2
"4783";4783;4
"4784";4784;2
"4785";4785;2
"4786";4786;2
"4787";4787;4
"4788";4788;2
"4789";4789;2
"4790";4790;2
"4791";4791;4
"4792";4792;4
"4793";4793;4
"4794";4794;2
"4795";4795;2
"4796";4796;2
"4797";4797;4
"4798";4798;2
"4799";4799;3
"4800";4800;3
"4801";4801;3
"4802";4802;3
"4803";4803;3
"4804";4804;4
"4805";4805;4
"4806";4806;4
"4807";4807;3
"4808";4808;4
"4809";4809;4
"4810";4810;4
"4811";4811;3
"4812";4812;3
"4813";4813;1
"4814";4814;3
"4815";4815;3
"4816";4816;3
"4817";4817;3
"4818";4818;4
"4819";4819;3
"4820";4820;4
"4821";4821;0
"4822";4822;3
"4823";4823;3
"4824";4824;3
"4825";4825;3
"4826";4826;3
"4827";4827;4
"4828";4828;3
"4829";4829;3
"4830";4830;4
"4831";4831;4
"4832";4832;4
"4833";4833;4
"4834";4834;2
"4835";4835;4
"4836";4836;2
"4837";4837;2
"4838";4838;2
"4839";4839;2
"4840";4840;2
"4841";4841;4
"4842";4842;2
"4843";4843;4
"4844";4844;2
"4845";4845;2
"4846";4846;2
"4847";4847;2
"4848";4848;2
"4849";4849;2
"4850";4850;2
"4851";4851;2
"4852";4852;2
"4853";4853;2
"4854";4854;2
"4855";4855;2
"4856";4856;2
"4857";4857;2
"4858";4858;2
"4859";4859;2
"4860";4860;4
"4861";4861;2
"4862";4862;2
"4863";4863;2
"4864";4864;2
"4865";4865;2
"4866";4866;2
"4867";4867;2
"4868";4868;2
"4869";4869;2
"4870";4870;2
"4871";4871;2
"4872";4872;2
"4873";4873;2
"4874";4874;2
"4875";4875;2
"4876";4876;2
"4877";4877;2
"4878";4878;2
"4879";4879;2
"4880";4880;2
"4881";4881;2
"4882";4882;4
"4883";4883;2
"4884";4884;2
"4885";4885;2
"4886";4886;2
"4887";4887;4
"4888";4888;2
"4889";4889;4
"4890";4890;2
"4891";4891;2
"4892";4892;2
"4893";4893;2
"4894";4894;2
"4895";4895;2
"4896";4896;2
"4897";4897;2
"4898";4898;2
"4899";4899;2
"4900";4900;2
"4901";4901;2
"4902";4902;2
"4903";4903;2
"4904";4904;2
"4905";4905;2
"4906";4906;2
"4907";4907;2
"4908";4908;2
"4909";4909;2
"4910";4910;2
"4911";4911;2
"4912";4912;2
"4913";4913;2
"4914";4914;2
"4915";4915;2
"4916";4916;2
"4917";4917;2
"4918";4918;2
"4919";4919;2
"4920";4920;2
"4921";4921;2
"4922";4922;2
"4923";4923;2
"4924";4924;2
"4925";4925;2
"4926";4926;2
"4927";4927;2
"4928";4928;2
"4929";4929;2
"4930";4930;4
"4931";4931;2
"4932";4932;2
"4933";4933;2
"4934";4934;4
"4935";4935;4
"4936";4936;2
"4937";4937;2
"4938";4938;2
"4939";4939;2
"4940";4940;2
"4941";4941;4
"4942";4942;2
"4943";4943;4
"4944";4944;2
"4945";4945;2
"4946";4946;2
"4947";4947;2
"4948";4948;2
"4949";4949;2
"4950";4950;2
"4951";4951;2
"4952";4952;2
"4953";4953;2
"4954";4954;2
"4955";4955;2
"4956";4956;2
"4957";4957;2
"4958";4958;2
"4959";4959;2
"4960";4960;2
"4961";4961;2
"4962";4962;2
"4963";4963;2
"4964";4964;2
"4965";4965;2
"4966";4966;2
"4967";4967;2
"4968";4968;2
"4969";4969;2
"4970";4970;2
"4971";4971;2
"4972";4972;2
"4973";4973;2
"4974";4974;2
"4975";4975;2
"4976";4976;2
"4977";4977;2
"4978";4978;2
"4979";4979;4
"4980";4980;4
"4981";4981;2
"4982";4982;2
"4983";4983;2
"4984";4984;2
"4985";4985;2
"4986";4986;2
"4987";4987;2
"4988";4988;2
"4989";4989;2
"4990";4990;2
"4991";4991;2
"4992";4992;2
"4993";4993;2
"4994";4994;2
"4995";4995;2
"4996";4996;2
"4997";4997;2
"4998";4998;4
"4999";4999;4
"5000";5000;4
"5001";5001;4
"5002";5002;2
"5003";5003;1
"5004";5004;4
"5005";5005;1
"5006";5006;0
"5007";5007;0
"5008";5008;0
"5009";5009;0
"5010";5010;4
"5011";5011;4
"5012";5012;4
"5013";5013;4
"5014";5014;3
"5015";5015;4
"5016";5016;4
"5017";5017;4
"5018";5018;4
"5019";5019;4
"5020";5020;4
"5021";5021;4
"5022";5022;4
"5023";5023;4
"5024";5024;2
"5025";5025;4
"5026";5026;4
"5027";5027;4
"5028";5028;4
"5029";5029;4
"5030";5030;4
"5031";5031;2
"5032";5032;3
"5033";5033;2
"5034";5034;4
"5035";5035;4
"5036";5036;2
"5037";5037;4
"5038";5038;4
"5039";5039;3
"5040";5040;4
"5041";5041;4
"5042";5042;4
"5043";5043;4
"5044";5044;2
"5045";5045;2
"5046";5046;4
"5047";5047;4
"5048";5048;2
"5049";5049;2
"5050";5050;4
"5051";5051;4
"5052";5052;4
"5053";5053;4
"5054";5054;2
"5055";5055;4
"5056";5056;4
"5057";5057;4
"5058";5058;4
"5059";5059;4
"5060";5060;3
"5061";5061;4
"5062";5062;2
"5063";5063;4
"5064";5064;4
"5065";5065;4
"5066";5066;4
"5067";5067;4
"5068";5068;3
"5069";5069;4
"5070";5070;3
"5071";5071;4
"5072";5072;4
"5073";5073;3
"5074";5074;4
"5075";5075;4
"5076";5076;4
"5077";5077;3
"5078";5078;2
"5079";5079;2
"5080";5080;4
"5081";5081;4
"5082";5082;4
"5083";5083;4
"5084";5084;4
"5085";5085;4
"5086";5086;3
"5087";5087;4
"5088";5088;4
"5089";5089;4
"5090";5090;2
"5091";5091;4
"5092";5092;4
"5093";5093;4
"5094";5094;2
"5095";5095;4
"5096";5096;2
"5097";5097;2
"5098";5098;2
"5099";5099;2
"5100";5100;2
"5101";5101;2
"5102";5102;2
"5103";5103;4
"5104";5104;2
"5105";5105;4
"5106";5106;2
"5107";5107;2
"5108";5108;4
"5109";5109;2
"5110";5110;2
"5111";5111;2
"5112";5112;2
"5113";5113;2
"5114";5114;2
"5115";5115;2
"5116";5116;2
"5117";5117;2
"5118";5118;4
"5119";5119;4
"5120";5120;2
"5121";5121;2
"5122";5122;2
"5123";5123;2
"5124";5124;2
"5125";5125;2
"5126";5126;2
"5127";5127;2
"5128";5128;2
"5129";5129;2
"5130";5130;2
"5131";5131;2
"5132";5132;4
"5133";5133;4
"5134";5134;2
"5135";5135;2
"5136";5136;2
"5137";5137;2
"5138";5138;2
"5139";5139;2
"5140";5140;2
"5141";5141;4
"5142";5142;2
"5143";5143;2
"5144";5144;2
"5145";5145;2
"5146";5146;2
"5147";5147;2
"5148";5148;2
"5149";5149;2
"5150";5150;2
"5151";5151;2
"5152";5152;2
"5153";5153;2
"5154";5154;2
"5155";5155;4
"5156";5156;4
"5157";5157;2
"5158";5158;2
"5159";5159;2
"5160";5160;2
"5161";5161;4
"5162";5162;2
"5163";5163;2
"5164";5164;2
"5165";5165;2
"5166";5166;2
"5167";5167;2
"5168";5168;4
"5169";5169;2
"5170";5170;2
"5171";5171;2
"5172";5172;2
"5173";5173;2
"5174";5174;2
"5175";5175;2
"5176";5176;2
"5177";5177;2
"5178";5178;4
"5179";5179;2
"5180";5180;2
"5181";5181;2
"5182";5182;2
"5183";5183;2
"5184";5184;2
"5185";5185;2
"5186";5186;2
"5187";5187;2
"5188";5188;2
"5189";5189;2
"5190";5190;4
"5191";5191;2
"5192";5192;2
"5193";5193;2
"5194";5194;2
"5195";5195;2
"5196";5196;2
"5197";5197;4
"5198";5198;2
"5199";5199;2
"5200";5200;2
"5201";5201;4
"5202";5202;2
"5203";5203;2
"5204";5204;4
"5205";5205;2
"5206";5206;2
"5207";5207;2
"5208";5208;2
"5209";5209;2
"5210";5210;4
"5211";5211;4
"5212";5212;2
"5213";5213;2
"5214";5214;2
"5215";5215;4
"5216";5216;4
"5217";5217;2
"5218";5218;4
"5219";5219;2
"5220";5220;2
"5221";5221;2
"5222";5222;2
"5223";5223;4
"5224";5224;4
"5225";5225;2
"5226";5226;2
"5227";5227;2
"5228";5228;4
"5229";5229;2
"5230";5230;2
"5231";5231;4
"5232";5232;4
"5233";5233;4
"5234";5234;4
"5235";5235;2
"5236";5236;2
"5237";5237;2
"5238";5238;2
"5239";5239;4
"5240";5240;2
"5241";5241;2
"5242";5242;2
"5243";5243;2
"5244";5244;2
"5245";5245;2
"5246";5246;4
"5247";5247;2
"5248";5248;2
"5249";5249;2
"5250";5250;2
"5251";5251;2
"5252";5252;2
"5253";5253;2
"5254";5254;2
"5255";5255;2
"5256";5256;2
"5257";5257;2
"5258";5258;2
"5259";5259;2
"5260";5260;2
"5261";5261;2
"5262";5262;2
"5263";5263;2
"5264";5264;2
"5265";5265;2
"5266";5266;4
"5267";5267;2
"5268";5268;2
"5269";5269;4
"5270";5270;4
"5271";5271;2
"5272";5272;2
"5273";5273;2
"5274";5274;4
"5275";5275;4
"5276";5276;4
"5277";5277;2
"5278";5278;2
"5279";5279;2
"5280";5280;2
"5281";5281;2
"5282";5282;2
"5283";5283;2
"5284";5284;2
"5285";5285;2
"5286";5286;2
"5287";5287;2
"5288";5288;2
"5289";5289;2
"5290";5290;2
"5291";5291;2
"5292";5292;2
"5293";5293;2
"5294";5294;2
"5295";5295;2
"5296";5296;2
"5297";5297;2
"5298";5298;2
"5299";5299;2
"5300";5300;2
"5301";5301;2
"5302";5302;2
"5303";5303;2
"5304";5304;2
"5305";5305;2
"5306";5306;2
"5307";5307;2
"5308";5308;2
"5309";5309;2
"5310";5310;4
"5311";5311;2
"5312";5312;2
"5313";5313;2
"5314";5314;2
"5315";5315;2
"5316";5316;2
"5317";5317;2
"5318";5318;2
"5319";5319;2
"5320";5320;2
"5321";5321;2
"5322";5322;2
"5323";5323;2
"5324";5324;2
"5325";5325;2
"5326";5326;2
"5327";5327;2
"5328";5328;2
"5329";5329;2
"5330";5330;2
"5331";5331;2
"5332";5332;2
"5333";5333;2
"5334";5334;2
"5335";5335;2
"5336";5336;2
"5337";5337;4
"5338";5338;2
"5339";5339;4
"5340";5340;4
"5341";5341;4
"5342";5342;2
"5343";5343;2
"5344";5344;2
"5345";5345;2
"5346";5346;2
"5347";5347;2
"5348";5348;2
"5349";5349;2
"5350";5350;2
"5351";5351;2
"5352";5352;2
"5353";5353;2
"5354";5354;2
"5355";5355;2
"5356";5356;2
"5357";5357;2
"5358";5358;2
"5359";5359;2
"5360";5360;2
"5361";5361;2
"5362";5362;2
"5363";5363;2
"5364";5364;2
"5365";5365;2
"5366";5366;2
"5367";5367;2
"5368";5368;2
"5369";5369;2
"5370";5370;2
"5371";5371;2
"5372";5372;2
"5373";5373;2
"5374";5374;2
"5375";5375;2
"5376";5376;2
"5377";5377;2
"5378";5378;2
"5379";5379;2
"5380";5380;2
"5381";5381;2
"5382";5382;2
"5383";5383;2
"5384";5384;2
"5385";5385;2
"5386";5386;2
"5387";5387;2
"5388";5388;2
"5389";5389;2
"5390";5390;2
"5391";5391;2
"5392";5392;2
"5393";5393;2
"5394";5394;2
"5395";5395;2
"5396";5396;2
"5397";5397;2
"5398";5398;2
"5399";5399;2
"5400";5400;2
"5401";5401;2
"5402";5402;2
"5403";5403;2
"5404";5404;2
"5405";5405;2
"5406";5406;2
"5407";5407;2
"5408";5408;2
"5409";5409;2
"5410";5410;4
"5411";5411;2
"5412";5412;2
"5413";5413;4
"5414";5414;4
"5415";5415;2
"5416";5416;2
"5417";5417;2
"5418";5418;2
"5419";5419;2
"5420";5420;2
"5421";5421;4
"5422";5422;2
"5423";5423;2
"5424";5424;2
"5425";5425;2
"5426";5426;2
"5427";5427;2
"5428";5428;2
"5429";5429;2
"5430";5430;2
"5431";5431;2
"5432";5432;2
"5433";5433;4
"5434";5434;2
"5435";5435;2
"5436";5436;2
"5437";5437;2
"5438";5438;2
"5439";5439;2
"5440";5440;2
"5441";5441;4
"5442";5442;2
"5443";5443;2
"5444";5444;4
"5445";5445;2
"5446";5446;2
"5447";5447;4
"5448";5448;2
"5449";5449;2
"5450";5450;2
"5451";5451;2
"5452";5452;2
"5453";5453;2
"5454";5454;2
"5455";5455;2
"5456";5456;2
"5457";5457;2
"5458";5458;2
"5459";5459;2
"5460";5460;2
"5461";5461;2
"5462";5462;2
"5463";5463;2
"5464";5464;2
"5465";5465;2
"5466";5466;2
"5467";5467;2
"5468";5468;2
"5469";5469;2
"5470";5470;2
"5471";5471;2
"5472";5472;2
"5473";5473;2
"5474";5474;2
"5475";5475;2
"5476";5476;2
"5477";5477;2
"5478";5478;2
"5479";5479;4
"5480";5480;4
"5481";5481;4
"5482";5482;2
"5483";5483;2
"5484";5484;2
"5485";5485;2
"5486";5486;2
"5487";5487;2
"5488";5488;2
"5489";5489;2
"5490";5490;2
"5491";5491;2
"5492";5492;2
"5493";5493;2
"5494";5494;2
"5495";5495;2
"5496";5496;1
"5497";5497;2
"5498";5498;2
"5499";5499;2
"5500";5500;2
"5501";5501;2
"5502";5502;2
"5503";5503;2
"5504";5504;2
"5505";5505;2
"5506";5506;2
"5507";5507;2
"5508";5508;2
"5509";5509;2
"5510";5510;2
"5511";5511;2
"5512";5512;2
"5513";5513;2
"5514";5514;2
"5515";5515;2
"5516";5516;2
"5517";5517;2
"5518";5518;2
"5519";5519;2
"5520";5520;2
"5521";5521;2
"5522";5522;2
"5523";5523;2
"5524";5524;2
"5525";5525;2
"5526";5526;2
"5527";5527;4
"5528";5528;4
"5529";5529;2
"5530";5530;2
"5531";5531;4
"5532";5532;2
"5533";5533;2
"5534";5534;2
"5535";5535;2
"5536";5536;2
"5537";5537;2
"5538";5538;2
"5539";5539;3
"5540";5540;2
"5541";5541;2
"5542";5542;2
"5543";5543;1
"5544";5544;4
"5545";5545;2
"5546";5546;2
"5547";5547;2
"5548";5548;2
"5549";5549;2
"5550";5550;2
"5551";5551;2
"5552";5552;2
"5553";5553;2
"5554";5554;2
"5555";5555;4
"5556";5556;4
"5557";5557;4
"5558";5558;4
"5559";5559;4
"5560";5560;4
"5561";5561;2
"5562";5562;2
"5563";5563;4
"5564";5564;4
"5565";5565;2
"5566";5566;2
"5567";5567;2
"5568";5568;2
"5569";5569;2
"5570";5570;2
"5571";5571;2
"5572";5572;2
"5573";5573;2
"5574";5574;2
"5575";5575;2
"5576";5576;2
"5577";5577;2
"5578";5578;2
"5579";5579;2
"5580";5580;2
"5581";5581;4
"5582";5582;2
"5583";5583;2
"5584";5584;4
"5585";5585;2
"5586";5586;2
"5587";5587;2
"5588";5588;2
"5589";5589;4
"5590";5590;2
"5591";5591;2
"5592";5592;2
"5593";5593;2
"5594";5594;2
"5595";5595;4
"5596";5596;4
"5597";5597;2
"5598";5598;2
"5599";5599;2
"5600";5600;2
"5601";5601;2
"5602";5602;2
"5603";5603;2
"5604";5604;3
"5605";5605;2
"5606";5606;2
"5607";5607;2
"5608";5608;2
"5609";5609;2
"5610";5610;2
"5611";5611;2
"5612";5612;2
"5613";5613;2
"5614";5614;2
"5615";5615;2
"5616";5616;2
"5617";5617;4
"5618";5618;2
"5619";5619;2
"5620";5620;2
"5621";5621;2
"5622";5622;4
"5623";5623;2
"5624";5624;2
"5625";5625;2
"5626";5626;2
"5627";5627;4
"5628";5628;4
"5629";5629;2
"5630";5630;4
"5631";5631;2
"5632";5632;2
"5633";5633;2
"5634";5634;2
"5635";5635;2
"5636";5636;2
"5637";5637;2
"5638";5638;2
"5639";5639;4
"5640";5640;2
"5641";5641;2
"5642";5642;2
"5643";5643;2
"5644";5644;2
"5645";5645;2
"5646";5646;2
"5647";5647;2
"5648";5648;2
"5649";5649;2
"5650";5650;2
"5651";5651;2
"5652";5652;2
"5653";5653;2
"5654";5654;4
"5655";5655;4
"5656";5656;2
"5657";5657;4
"5658";5658;4
"5659";5659;2
"5660";5660;2
"5661";5661;2
"5662";5662;4
"5663";5663;2
"5664";5664;4
"5665";5665;4
"5666";5666;2
"5667";5667;4
"5668";5668;2
"5669";5669;4
"5670";5670;2
"5671";5671;4
"5672";5672;4
"5673";5673;2
"5674";5674;2
"5675";5675;2
"5676";5676;2
"5677";5677;2
"5678";5678;2
"5679";5679;4
"5680";5680;2
"5681";5681;4
"5682";5682;2
"5683";5683;2
"5684";5684;2
"5685";5685;4
"5686";5686;4
"5687";5687;2
"5688";5688;2
"5689";5689;2
"5690";5690;2
"5691";5691;2
"5692";5692;2
"5693";5693;2
"5694";5694;2
"5695";5695;2
"5696";5696;2
"5697";5697;2
"5698";5698;2
"5699";5699;2
"5700";5700;2
"5701";5701;2
"5702";5702;2
"5703";5703;2
"5704";5704;2
"5705";5705;2
"5706";5706;2
"5707";5707;2
"5708";5708;2
"5709";5709;2
"5710";5710;4
"5711";5711;4
"5712";5712;2
"5713";5713;2
"5714";5714;2
"5715";5715;2
"5716";5716;2
"5717";5717;2
"5718";5718;4
"5719";5719;2
"5720";5720;4
"5721";5721;2
"5722";5722;2
"5723";5723;2
"5724";5724;4
"5725";5725;4
"5726";5726;4
"5727";5727;2
"5728";5728;2
"5729";5729;2
"5730";5730;2
"5731";5731;2
"5732";5732;2
"5733";5733;2
"5734";5734;2
"5735";5735;2
"5736";5736;2
"5737";5737;2
"5738";5738;2
"5739";5739;2
"5740";5740;2
"5741";5741;2
"5742";5742;2
"5743";5743;2
"5744";5744;2
"5745";5745;2
"5746";5746;2
"5747";5747;2
"5748";5748;2
"5749";5749;2
"5750";5750;2
"5751";5751;2
"5752";5752;2
"5753";5753;2
"5754";5754;2
"5755";5755;2
"5756";5756;2
"5757";5757;2
"5758";5758;2
"5759";5759;2
"5760";5760;2
"5761";5761;2
"5762";5762;2
"5763";5763;2
"5764";5764;4
"5765";5765;2
"5766";5766;2
"5767";5767;2
"5768";5768;2
"5769";5769;4
"5770";5770;2
"5771";5771;4
"5772";5772;4
"5773";5773;2
"5774";5774;2
"5775";5775;2
"5776";5776;4
"5777";5777;4
"5778";5778;4
"5779";5779;4
"5780";5780;2
"5781";5781;2
"5782";5782;4
"5783";5783;2
"5784";5784;4
"5785";5785;3
"5786";5786;4
"5787";5787;2
"5788";5788;2
"5789";5789;2
"5790";5790;2
"5791";5791;2
"5792";5792;4
"5793";5793;4
"5794";5794;4
"5795";5795;4
"5796";5796;2
"5797";5797;3
"5798";5798;4
"5799";5799;4
"5800";5800;2
"5801";5801;2
"5802";5802;4
"5803";5803;2
"5804";5804;2
"5805";5805;2
"5806";5806;2
"5807";5807;2
"5808";5808;2
"5809";5809;2
"5810";5810;2
"5811";5811;2
"5812";5812;2
"5813";5813;2
"5814";5814;2
"5815";5815;2
"5816";5816;2
"5817";5817;2
"5818";5818;1
"5819";5819;1
"5820";5820;1
"5821";5821;1
"5822";5822;1
"5823";5823;1
"5824";5824;1
"5825";5825;1
"5826";5826;4
"5827";5827;1
"5828";5828;1
"5829";5829;1
"5830";5830;1
"5831";5831;1
"5832";5832;1
"5833";5833;1
"5834";5834;1
"5835";5835;1
"5836";5836;1
"5837";5837;1
"5838";5838;1
"5839";5839;1
"5840";5840;1
"5841";5841;1
"5842";5842;1
"5843";5843;1
"5844";5844;1
"5845";5845;1
"5846";5846;1
"5847";5847;1
"5848";5848;1
"5849";5849;1
"5850";5850;1
"5851";5851;4
"5852";5852;4
"5853";5853;3
"5854";5854;3
"5855";5855;1
"5856";5856;2
"5857";5857;4
"5858";5858;1
"5859";5859;1
"5860";5860;4
"5861";5861;1
"5862";5862;1
"5863";5863;1
"5864";5864;1
"5865";5865;1
"5866";5866;1
"5867";5867;3
"5868";5868;1
"5869";5869;1
"5870";5870;1
"5871";5871;1
"5872";5872;1
"5873";5873;1
"5874";5874;1
"5875";5875;3
"5876";5876;1
"5877";5877;1
"5878";5878;1
"5879";5879;1
"5880";5880;1
"5881";5881;1
"5882";5882;1
"5883";5883;1
"5884";5884;1
"5885";5885;1
"5886";5886;1
"5887";5887;1
"5888";5888;4
"5889";5889;2
"5890";5890;4
"5891";5891;1
"5892";5892;4
"5893";5893;3
"5894";5894;1
"5895";5895;1
"5896";5896;1
"5897";5897;1
"5898";5898;1
"5899";5899;1
"5900";5900;1
"5901";5901;1
"5902";5902;1
"5903";5903;1
"5904";5904;1
"5905";5905;1
"5906";5906;1
"5907";5907;3
"5908";5908;1
"5909";5909;3
"5910";5910;1
"5911";5911;1
"5912";5912;1
"5913";5913;1
"5914";5914;1
"5915";5915;1
"5916";5916;1
"5917";5917;1
"5918";5918;1
"5919";5919;1
"5920";5920;1
"5921";5921;1
"5922";5922;1
"5923";5923;1
"5924";5924;1
"5925";5925;1
"5926";5926;1
"5927";5927;1
"5928";5928;1
"5929";5929;1
"5930";5930;1
"5931";5931;1
"5932";5932;1
"5933";5933;1
"5934";5934;1
"5935";5935;1
"5936";5936;1
"5937";5937;1
"5938";5938;1
"5939";5939;1
"5940";5940;1
"5941";5941;1
"5942";5942;1
"5943";5943;1
"5944";5944;3
"5945";5945;4
"5946";5946;1
"5947";5947;1
"5948";5948;1
"5949";5949;1
"5950";5950;1
"5951";5951;1
"5952";5952;1
"5953";5953;1
"5954";5954;4
"5955";5955;3
"5956";5956;4
"5957";5957;1
"5958";5958;4
"5959";5959;4
"5960";5960;1
"5961";5961;1
"5962";5962;4
"5963";5963;1
"5964";5964;1
"5965";5965;4
"5966";5966;1
"5967";5967;1
"5968";5968;1
"5969";5969;1
"5970";5970;3
"5971";5971;3
"5972";5972;4
"5973";5973;1
"5974";5974;1
"5975";5975;4
"5976";5976;1
"5977";5977;1
"5978";5978;1
"5979";5979;1
"5980";5980;1
"5981";5981;1
"5982";5982;1
"5983";5983;1
"5984";5984;1
"5985";5985;1
"5986";5986;1
"5987";5987;1
"5988";5988;1
"5989";5989;1
"5990";5990;1
"5991";5991;1
"5992";5992;1
"5993";5993;1
"5994";5994;1
"5995";5995;1
"5996";5996;4
"5997";5997;1
"5998";5998;1
"5999";5999;1
"6000";6000;1
"6001";6001;1
"6002";6002;1
"6003";6003;1
"6004";6004;1
"6005";6005;1
"6006";6006;4
"6007";6007;4
"6008";6008;1
"6009";6009;1
"6010";6010;1
"6011";6011;1
"6012";6012;1
"6013";6013;4
"6014";6014;1
"6015";6015;1
"6016";6016;1
"6017";6017;1
"6018";6018;1
"6019";6019;1
"6020";6020;1
"6021";6021;1
"6022";6022;1
"6023";6023;1
"6024";6024;1
"6025";6025;1
"6026";6026;1
"6027";6027;1
"6028";6028;1
"6029";6029;2
"6030";6030;1
"6031";6031;1
"6032";6032;1
"6033";6033;1
"6034";6034;3
"6035";6035;4
"6036";6036;1
"6037";6037;1
"6038";6038;1
"6039";6039;4
"6040";6040;1
"6041";6041;1
"6042";6042;1
"6043";6043;1
"6044";6044;1
"6045";6045;4
"6046";6046;1
"6047";6047;1
"6048";6048;1
"6049";6049;1
"6050";6050;1
"6051";6051;1
"6052";6052;1
"6053";6053;1
"6054";6054;1
"6055";6055;1
"6056";6056;1
"6057";6057;4
"6058";6058;1
"6059";6059;1
"6060";6060;4
"6061";6061;4
"6062";6062;1
"6063";6063;1
"6064";6064;4
"6065";6065;1
"6066";6066;1
"6067";6067;1
"6068";6068;1
"6069";6069;1
"6070";6070;1
"6071";6071;1
"6072";6072;1
"6073";6073;1
"6074";6074;1
"6075";6075;1
"6076";6076;1
"6077";6077;1
"6078";6078;1
"6079";6079;1
"6080";6080;1
"6081";6081;1
"6082";6082;1
"6083";6083;1
"6084";6084;3
"6085";6085;3
"6086";6086;4
"6087";6087;1
"6088";6088;1
"6089";6089;1
"6090";6090;1
"6091";6091;1
"6092";6092;1
"6093";6093;4
"6094";6094;1
"6095";6095;4
"6096";6096;3
"6097";6097;1
"6098";6098;1
"6099";6099;1
"6100";6100;3
"6101";6101;1
"6102";6102;1
"6103";6103;1
"6104";6104;3
"6105";6105;4
"6106";6106;4
"6107";6107;1
"6108";6108;1
"6109";6109;1
"6110";6110;1
"6111";6111;1
"6112";6112;1
"6113";6113;1
"6114";6114;1
"6115";6115;1
"6116";6116;3
"6117";6117;1
"6118";6118;1
"6119";6119;1
"6120";6120;1
"6121";6121;1
"6122";6122;1
"6123";6123;1
"6124";6124;1
"6125";6125;1
"6126";6126;1
"6127";6127;1
"6128";6128;1
"6129";6129;1
"6130";6130;1
"6131";6131;1
"6132";6132;1
"6133";6133;1
"6134";6134;1
"6135";6135;1
"6136";6136;1
"6137";6137;1
"6138";6138;1
"6139";6139;1
"6140";6140;1
"6141";6141;1
"6142";6142;1
"6143";6143;3
"6144";6144;1
"6145";6145;4
"6146";6146;4
"6147";6147;4
"6148";6148;1
"6149";6149;3
"6150";6150;1
"6151";6151;1
"6152";6152;3
"6153";6153;1
"6154";6154;1
"6155";6155;1
"6156";6156;1
"6157";6157;1
"6158";6158;1
"6159";6159;1
"6160";6160;1
"6161";6161;1
"6162";6162;1
"6163";6163;1
"6164";6164;1
"6165";6165;1
"6166";6166;1
"6167";6167;1
"6168";6168;1
"6169";6169;1
"6170";6170;1
"6171";6171;1
"6172";6172;1
"6173";6173;3
"6174";6174;4
"6175";6175;1
"6176";6176;3
"6177";6177;1
"6178";6178;3
"6179";6179;1
"6180";6180;1
"6181";6181;1
"6182";6182;1
"6183";6183;1
"6184";6184;1
"6185";6185;3
"6186";6186;1
"6187";6187;1
"6188";6188;1
"6189";6189;1
"6190";6190;1
"6191";6191;1
"6192";6192;1
"6193";6193;1
"6194";6194;1
"6195";6195;1
"6196";6196;1
"6197";6197;1
"6198";6198;1
"6199";6199;1
"6200";6200;1
"6201";6201;1
"6202";6202;1
"6203";6203;1
"6204";6204;1
"6205";6205;1
"6206";6206;3
"6207";6207;2
"6208";6208;1
"6209";6209;1
"6210";6210;1
"6211";6211;1
"6212";6212;1
"6213";6213;1
"6214";6214;0
"6215";6215;4
"6216";6216;1
"6217";6217;1
"6218";6218;1
"6219";6219;1
"6220";6220;1
"6221";6221;1
"6222";6222;1
"6223";6223;4
"6224";6224;1
"6225";6225;1
"6226";6226;1
"6227";6227;1
"6228";6228;1
"6229";6229;1
"6230";6230;1
"6231";6231;1
"6232";6232;1
"6233";6233;1
"6234";6234;1
"6235";6235;1
"6236";6236;4
"6237";6237;1
"6238";6238;1
"6239";6239;1
"6240";6240;1
"6241";6241;1
"6242";6242;1
"6243";6243;1
"6244";6244;1
"6245";6245;4
"6246";6246;1
"6247";6247;1
"6248";6248;1
"6249";6249;1
"6250";6250;1
"6251";6251;1
"6252";6252;1
"6253";6253;1
"6254";6254;1
"6255";6255;4
"6256";6256;1
"6257";6257;1
"6258";6258;4
"6259";6259;4
"6260";6260;1
"6261";6261;1
"6262";6262;1
"6263";6263;1
"6264";6264;1
"6265";6265;1
"6266";6266;1
"6267";6267;1
"6268";6268;1
"6269";6269;1
"6270";6270;1
"6271";6271;1
"6272";6272;1
"6273";6273;1
"6274";6274;1
"6275";6275;1
"6276";6276;1
"6277";6277;1
"6278";6278;1
"6279";6279;1
"6280";6280;1
"6281";6281;1
"6282";6282;1
"6283";6283;1
"6284";6284;1
"6285";6285;1
"6286";6286;1
"6287";6287;1
"6288";6288;1
"6289";6289;1
"6290";6290;1
"6291";6291;1
"6292";6292;4
"6293";6293;4
"6294";6294;3
"6295";6295;1
"6296";6296;1
"6297";6297;1
"6298";6298;1
"6299";6299;1
"6300";6300;1
"6301";6301;1
"6302";6302;1
"6303";6303;1
"6304";6304;3
"6305";6305;3
"6306";6306;3
"6307";6307;2
"6308";6308;1
"6309";6309;1
"6310";6310;1
"6311";6311;1
"6312";6312;1
"6313";6313;1
"6314";6314;1
"6315";6315;1
"6316";6316;1
"6317";6317;4
"6318";6318;1
"6319";6319;1
"6320";6320;1
"6321";6321;1
"6322";6322;1
"6323";6323;1
"6324";6324;1
"6325";6325;1
"6326";6326;1
"6327";6327;1
"6328";6328;1
"6329";6329;1
"6330";6330;1
"6331";6331;1
"6332";6332;4
"6333";6333;1
"6334";6334;1
"6335";6335;1
"6336";6336;1
"6337";6337;1
"6338";6338;1
"6339";6339;1
"6340";6340;1
"6341";6341;1
"6342";6342;1
"6343";6343;1
"6344";6344;4
"6345";6345;1
"6346";6346;1
"6347";6347;1
"6348";6348;4
"6349";6349;1
"6350";6350;1
"6351";6351;1
"6352";6352;1
"6353";6353;1
"6354";6354;1
"6355";6355;1
"6356";6356;1
"6357";6357;1
"6358";6358;1
"6359";6359;1
"6360";6360;1
"6361";6361;4
"6362";6362;1
"6363";6363;4
"6364";6364;1
"6365";6365;1
"6366";6366;1
"6367";6367;1
"6368";6368;1
"6369";6369;1
"6370";6370;1
"6371";6371;1
"6372";6372;1
"6373";6373;1
"6374";6374;1
"6375";6375;1
"6376";6376;1
"6377";6377;1
"6378";6378;1
"6379";6379;1
"6380";6380;1
"6381";6381;1
"6382";6382;1
"6383";6383;1
"6384";6384;4
"6385";6385;1
"6386";6386;1
"6387";6387;1
"6388";6388;1
"6389";6389;1
"6390";6390;1
"6391";6391;1
"6392";6392;1
"6393";6393;3
"6394";6394;1
"6395";6395;1
"6396";6396;1
"6397";6397;1
"6398";6398;1
"6399";6399;1
"6400";6400;1
"6401";6401;1
"6402";6402;1
"6403";6403;1
"6404";6404;1
"6405";6405;1
"6406";6406;1
"6407";6407;1
"6408";6408;1
"6409";6409;1
"6410";6410;1
"6411";6411;1
"6412";6412;1
"6413";6413;1
"6414";6414;1
"6415";6415;1
"6416";6416;1
"6417";6417;1
"6418";6418;1
"6419";6419;1
"6420";6420;1
"6421";6421;1
"6422";6422;1
"6423";6423;1
"6424";6424;1
"6425";6425;1
"6426";6426;1
"6427";6427;1
"6428";6428;1
"6429";6429;1
"6430";6430;1
"6431";6431;1
"6432";6432;1
"6433";6433;1
"6434";6434;1
"6435";6435;1
"6436";6436;1
"6437";6437;4
"6438";6438;1
"6439";6439;1
"6440";6440;1
"6441";6441;1
"6442";6442;1
"6443";6443;1
"6444";6444;1
"6445";6445;1
"6446";6446;1
"6447";6447;1
"6448";6448;1
"6449";6449;1
"6450";6450;1
"6451";6451;1
"6452";6452;1
"6453";6453;1
"6454";6454;1
"6455";6455;1
"6456";6456;1
"6457";6457;1
"6458";6458;1
"6459";6459;1
"6460";6460;4
"6461";6461;1
"6462";6462;1
"6463";6463;1
"6464";6464;1
"6465";6465;1
"6466";6466;1
"6467";6467;1
"6468";6468;1
"6469";6469;1
"6470";6470;1
"6471";6471;1
"6472";6472;4
"6473";6473;1
"6474";6474;1
"6475";6475;1
"6476";6476;1
"6477";6477;1
"6478";6478;1
"6479";6479;1
"6480";6480;1
"6481";6481;2
"6482";6482;4
"6483";6483;1
"6484";6484;1
"6485";6485;1
"6486";6486;1
"6487";6487;1
"6488";6488;1
"6489";6489;1
"6490";6490;1
"6491";6491;1
"6492";6492;1
"6493";6493;1
"6494";6494;1
"6495";6495;1
"6496";6496;1
"6497";6497;1
"6498";6498;1
"6499";6499;1
"6500";6500;1
"6501";6501;1
"6502";6502;4
"6503";6503;1
"6504";6504;1
"6505";6505;4
"6506";6506;4
"6507";6507;1
"6508";6508;1
"6509";6509;1
"6510";6510;1
"6511";6511;1
"6512";6512;1
"6513";6513;1
"6514";6514;1
"6515";6515;1
"6516";6516;1
"6517";6517;4
"6518";6518;4
"6519";6519;1
"6520";6520;1
"6521";6521;1
"6522";6522;1
"6523";6523;1
"6524";6524;1
"6525";6525;1
"6526";6526;1
"6527";6527;1
"6528";6528;0
"6529";6529;1
"6530";6530;1
"6531";6531;1
"6532";6532;1
"6533";6533;1
"6534";6534;1
"6535";6535;1
"6536";6536;1
"6537";6537;1
"6538";6538;1
"6539";6539;1
"6540";6540;1
"6541";6541;1
"6542";6542;1
"6543";6543;1
"6544";6544;1
"6545";6545;1
"6546";6546;1
"6547";6547;1
"6548";6548;1
"6549";6549;1
"6550";6550;1
"6551";6551;1
"6552";6552;1
"6553";6553;4
"6554";6554;1
"6555";6555;1
"6556";6556;1
"6557";6557;1
"6558";6558;4
"6559";6559;4
"6560";6560;1
"6561";6561;4
"6562";6562;1
"6563";6563;1
"6564";6564;1
"6565";6565;1
"6566";6566;1
"6567";6567;1
"6568";6568;1
"6569";6569;1
"6570";6570;1
"6571";6571;1
"6572";6572;1
"6573";6573;1
"6574";6574;1
"6575";6575;1
"6576";6576;1
"6577";6577;1
"6578";6578;1
"6579";6579;1
"6580";6580;1
"6581";6581;1
"6582";6582;1
"6583";6583;1
"6584";6584;1
"6585";6585;1
"6586";6586;1
"6587";6587;1
"6588";6588;1
"6589";6589;1
"6590";6590;1
"6591";6591;1
"6592";6592;1
"6593";6593;1
"6594";6594;1
"6595";6595;1
"6596";6596;1
"6597";6597;3
"6598";6598;1
"6599";6599;1
"6600";6600;1
"6601";6601;1
"6602";6602;1
"6603";6603;1
"6604";6604;1
"6605";6605;1
"6606";6606;1
"6607";6607;1
"6608";6608;1
"6609";6609;1
"6610";6610;1
"6611";6611;1
"6612";6612;1
"6613";6613;1
"6614";6614;1
"6615";6615;1
"6616";6616;1
"6617";6617;1
"6618";6618;1
"6619";6619;1
"6620";6620;1
"6621";6621;1
"6622";6622;1
"6623";6623;3
"6624";6624;0
"6625";6625;4
"6626";6626;4
"6627";6627;4
"6628";6628;0
"6629";6629;0
"6630";6630;1
"6631";6631;0
"6632";6632;0
"6633";6633;0
"6634";6634;0
"6635";6635;0
"6636";6636;0
"6637";6637;0
"6638";6638;0
"6639";6639;1
"6640";6640;4
"6641";6641;4
"6642";6642;4
"6643";6643;4
"6644";6644;0
"6645";6645;4
"6646";6646;4
"6647";6647;0
"6648";6648;0
"6649";6649;0
"6650";6650;4
"6651";6651;4
"6652";6652;0
"6653";6653;0
"6654";6654;4
"6655";6655;0
"6656";6656;4
"6657";6657;4
"6658";6658;0
"6659";6659;4
"6660";6660;0
"6661";6661;0
"6662";6662;4
"6663";6663;0
"6664";6664;0
"6665";6665;4
"6666";6666;4
"6667";6667;4
"6668";6668;0
"6669";6669;0
"6670";6670;0
"6671";6671;0
"6672";6672;4
"6673";6673;4
"6674";6674;4
"6675";6675;1
"6676";6676;1
"6677";6677;4
"6678";6678;4
"6679";6679;2
"6680";6680;4
"6681";6681;2
"6682";6682;2
"6683";6683;2
"6684";6684;4
"6685";6685;4
"6686";6686;2
"6687";6687;4
"6688";6688;2
"6689";6689;2
"6690";6690;2
"6691";6691;2
"6692";6692;4
"6693";6693;2
"6694";6694;2
"6695";6695;2
"6696";6696;2
"6697";6697;4
"6698";6698;4
"6699";6699;2
"6700";6700;2
"6701";6701;2
"6702";6702;4
"6703";6703;2
"6704";6704;2
"6705";6705;2
"6706";6706;2
"6707";6707;2
"6708";6708;2
"6709";6709;2
"6710";6710;2
"6711";6711;2
"6712";6712;2
"6713";6713;2
"6714";6714;2
"6715";6715;2
"6716";6716;2
"6717";6717;2
"6718";6718;4
"6719";6719;4
"6720";6720;2
"6721";6721;4
"6722";6722;2
"6723";6723;4
"6724";6724;3
"6725";6725;2
"6726";6726;2
"6727";6727;2
"6728";6728;4
"6729";6729;2
"6730";6730;2
"6731";6731;2
"6732";6732;2
"6733";6733;2
"6734";6734;2
"6735";6735;2
"6736";6736;4
"6737";6737;2
"6738";6738;2
"6739";6739;2
"6740";6740;4
"6741";6741;2
"6742";6742;2
"6743";6743;2
"6744";6744;2
"6745";6745;2
"6746";6746;2
"6747";6747;2
"6748";6748;2
"6749";6749;2
"6750";6750;2
"6751";6751;2
"6752";6752;2
"6753";6753;2
"6754";6754;2
"6755";6755;2
"6756";6756;2
"6757";6757;2
"6758";6758;2
"6759";6759;2
"6760";6760;2
"6761";6761;2
"6762";6762;4
"6763";6763;2
"6764";6764;4
"6765";6765;4
"6766";6766;4
"6767";6767;2
"6768";6768;2
"6769";6769;4
"6770";6770;4
"6771";6771;3
"6772";6772;4
"6773";6773;0
"6774";6774;4
"6775";6775;4
"6776";6776;3
"6777";6777;3
"6778";6778;3
"6779";6779;3
"6780";6780;3
"6781";6781;4
"6782";6782;4
"6783";6783;3
"6784";6784;1
"6785";6785;3
"6786";6786;3
"6787";6787;4
"6788";6788;1
"6789";6789;4
"6790";6790;3
"6791";6791;3
"6792";6792;4
"6793";6793;3
"6794";6794;3
"6795";6795;3
"6796";6796;3
"6797";6797;3
"6798";6798;1
"6799";6799;3
"6800";6800;4
"6801";6801;3
"6802";6802;3
"6803";6803;1
"6804";6804;3
"6805";6805;3
"6806";6806;4
"6807";6807;3
"6808";6808;4
"6809";6809;3
"6810";6810;4
"6811";6811;3
"6812";6812;4
"6813";6813;3
"6814";6814;4
"6815";6815;4
"6816";6816;4
"6817";6817;4
"6818";6818;3
"6819";6819;4
"6820";6820;4
"6821";6821;4
"6822";6822;4
"6823";6823;4
"6824";6824;1
"6825";6825;4
"6826";6826;4
"6827";6827;4
"6828";6828;4
"6829";6829;3
"6830";6830;3
"6831";6831;4
"6832";6832;1
"6833";6833;2
"6834";6834;4
"6835";6835;3
"6836";6836;3
"6837";6837;3
"6838";6838;3
"6839";6839;3
"6840";6840;4
"6841";6841;3
"6842";6842;4
"6843";6843;3
"6844";6844;4
"6845";6845;3
"6846";6846;3
"6847";6847;4
"6848";6848;4
"6849";6849;4
"6850";6850;4
"6851";6851;4
"6852";6852;2
"6853";6853;1
"6854";6854;1
"6855";6855;1
"6856";6856;1
"6857";6857;1
"6858";6858;1
"6859";6859;1
"6860";6860;1
"6861";6861;1
"6862";6862;1
"6863";6863;1
"6864";6864;1
"6865";6865;1
"6866";6866;1
"6867";6867;4
"6868";6868;1
"6869";6869;1
"6870";6870;1
"6871";6871;1
"6872";6872;1
"6873";6873;1
"6874";6874;1
"6875";6875;1
"6876";6876;1
"6877";6877;1
"6878";6878;1
"6879";6879;1
"6880";6880;1
"6881";6881;1
"6882";6882;1
"6883";6883;1
"6884";6884;1
"6885";6885;1
"6886";6886;1
"6887";6887;1
"6888";6888;1
"6889";6889;1
"6890";6890;4
"6891";6891;1
"6892";6892;1
"6893";6893;1
"6894";6894;1
"6895";6895;4
"6896";6896;1
"6897";6897;1
"6898";6898;1
"6899";6899;1
"6900";6900;1
"6901";6901;1
"6902";6902;1
"6903";6903;1
"6904";6904;1
"6905";6905;1
"6906";6906;1
"6907";6907;1
"6908";6908;1
"6909";6909;1
"6910";6910;1
"6911";6911;1
"6912";6912;1
"6913";6913;1
"6914";6914;1
"6915";6915;1
"6916";6916;1
"6917";6917;1
"6918";6918;1
"6919";6919;4
"6920";6920;4
"6921";6921;1
"6922";6922;1
"6923";6923;1
"6924";6924;1
"6925";6925;1
"6926";6926;1
"6927";6927;1
"6928";6928;1
"6929";6929;4
"6930";6930;1
"6931";6931;1
"6932";6932;4
"6933";6933;4
"6934";6934;1
"6935";6935;1
"6936";6936;4
"6937";6937;1
"6938";6938;1
"6939";6939;1
"6940";6940;1
"6941";6941;1
"6942";6942;1
"6943";6943;1
"6944";6944;1
"6945";6945;4
"6946";6946;1
"6947";6947;1
"6948";6948;1
"6949";6949;1
"6950";6950;1
"6951";6951;1
"6952";6952;1
"6953";6953;1
"6954";6954;1
"6955";6955;1
"6956";6956;1
"6957";6957;1
"6958";6958;1
"6959";6959;1
"6960";6960;1
"6961";6961;3
"6962";6962;1
"6963";6963;4
"6964";6964;1
"6965";6965;1
"6966";6966;3
"6967";6967;1
"6968";6968;4
"6969";6969;4
"6970";6970;3
"6971";6971;4
"6972";6972;1
"6973";6973;3
"6974";6974;3
"6975";6975;1
"6976";6976;1
"6977";6977;4
"6978";6978;1
"6979";6979;1
"6980";6980;1
"6981";6981;1
"6982";6982;1
"6983";6983;1
"6984";6984;1
"6985";6985;1
"6986";6986;1
"6987";6987;1
"6988";6988;1
"6989";6989;4
"6990";6990;1
"6991";6991;1
"6992";6992;1
"6993";6993;1
"6994";6994;4
"6995";6995;1
"6996";6996;1
"6997";6997;1
"6998";6998;1
"6999";6999;4
"7000";7000;1
"7001";7001;1
"7002";7002;1
"7003";7003;1
"7004";7004;4
"7005";7005;1
"7006";7006;1
"7007";7007;1
"7008";7008;1
"7009";7009;4
"7010";7010;1
"7011";7011;1
"7012";7012;1
"7013";7013;1
"7014";7014;1
"7015";7015;1
"7016";7016;1
"7017";7017;1
"7018";7018;1
"7019";7019;1
"7020";7020;1
"7021";7021;1
"7022";7022;1
"7023";7023;1
"7024";7024;1
"7025";7025;4
"7026";7026;1
"7027";7027;1
"7028";7028;1
"7029";7029;1
"7030";7030;1
"7031";7031;1
"7032";7032;1
"7033";7033;1
"7034";7034;1
"7035";7035;1
"7036";7036;4
"7037";7037;1
"7038";7038;4
"7039";7039;1
"7040";7040;1
"7041";7041;1
"7042";7042;1
"7043";7043;4
"7044";7044;1
"7045";7045;1
"7046";7046;1
"7047";7047;4
"7048";7048;4
"7049";7049;4
"7050";7050;1
"7051";7051;4
"7052";7052;3
"7053";7053;3
"7054";7054;4
"7055";7055;3
"7056";7056;1
"7057";7057;3
"7058";7058;3
"7059";7059;4
"7060";7060;1
"7061";7061;1
"7062";7062;3
"7063";7063;3
"7064";7064;3
"7065";7065;3
"7066";7066;3
"7067";7067;3
"7068";7068;1
"7069";7069;1
"7070";7070;0
"7071";7071;1
"7072";7072;1
"7073";7073;1
"7074";7074;1
"7075";7075;1
"7076";7076;1
"7077";7077;1
"7078";7078;1
"7079";7079;1
"7080";7080;4
"7081";7081;1
"7082";7082;1
"7083";7083;4
"7084";7084;4
"7085";7085;4
"7086";7086;4
"7087";7087;4
"7088";7088;4
"7089";7089;4
"7090";7090;3
"7091";7091;3
"7092";7092;3
"7093";7093;4
"7094";7094;4
"7095";7095;4
"7096";7096;4
"7097";7097;4
"7098";7098;4
"7099";7099;4
"7100";7100;1
"7101";7101;3
"7102";7102;3
"7103";7103;3
"7104";7104;4
"7105";7105;3
"7106";7106;3
"7107";7107;3
"7108";7108;3
"7109";7109;3
"7110";7110;3
"7111";7111;4
"7112";7112;4
"7113";7113;2
"7114";7114;3
"7115";7115;4
"7116";7116;2
"7117";7117;2
"7118";7118;3
"7119";7119;2
"7120";7120;2
"7121";7121;4
"7122";7122;2
"7123";7123;2
"7124";7124;1
"7125";7125;1
"7126";7126;1
"7127";7127;1
"7128";7128;1
"7129";7129;1
"7130";7130;1
"7131";7131;1
"7132";7132;1
"7133";7133;1
"7134";7134;1
"7135";7135;1
"7136";7136;1
"7137";7137;1
"7138";7138;1
"7139";7139;1
"7140";7140;1
"7141";7141;1
"7142";7142;1
"7143";7143;1
"7144";7144;1
"7145";7145;1
"7146";7146;1
"7147";7147;1
"7148";7148;1
"7149";7149;1
"7150";7150;1
"7151";7151;1
"7152";7152;1
"7153";7153;1
"7154";7154;1
"7155";7155;1
"7156";7156;1
"7157";7157;1
"7158";7158;1
"7159";7159;1
"7160";7160;1
"7161";7161;1
"7162";7162;1
"7163";7163;1
"7164";7164;1
"7165";7165;1
"7166";7166;1
"7167";7167;1
"7168";7168;1
"7169";7169;1
"7170";7170;1
"7171";7171;1
"7172";7172;1
"7173";7173;1
"7174";7174;1
"7175";7175;1
"7176";7176;1
"7177";7177;1
"7178";7178;1
"7179";7179;1
"7180";7180;1
"7181";7181;1
"7182";7182;1
"7183";7183;4
"7184";7184;1
"7185";7185;1
"7186";7186;1
"7187";7187;1
"7188";7188;1
"7189";7189;1
"7190";7190;1
"7191";7191;1
"7192";7192;1
"7193";7193;1
"7194";7194;1
"7195";7195;1
"7196";7196;1
"7197";7197;1
"7198";7198;1
"7199";7199;1
"7200";7200;1
"7201";7201;1
"7202";7202;4
"7203";7203;1
"7204";7204;1
"7205";7205;1
"7206";7206;1
"7207";7207;1
"7208";7208;1
"7209";7209;1
"7210";7210;1
"7211";7211;1
"7212";7212;1
"7213";7213;1
"7214";7214;1
"7215";7215;4
"7216";7216;4
"7217";7217;2
"7218";7218;1
"7219";7219;1
"7220";7220;1
"7221";7221;1
"7222";7222;1
"7223";7223;1
"7224";7224;1
"7225";7225;1
"7226";7226;1
"7227";7227;1
"7228";7228;4
"7229";7229;1
"7230";7230;1
"7231";7231;1
"7232";7232;1
"7233";7233;1
"7234";7234;1
"7235";7235;1
"7236";7236;4
"7237";7237;1
"7238";7238;1
"7239";7239;1
"7240";7240;1
"7241";7241;1
"7242";7242;1
"7243";7243;1
"7244";7244;1
"7245";7245;1
"7246";7246;1
"7247";7247;1
"7248";7248;1
"7249";7249;1
"7250";7250;1
"7251";7251;1
"7252";7252;1
"7253";7253;1
"7254";7254;1
"7255";7255;1
"7256";7256;1
"7257";7257;1
"7258";7258;1
"7259";7259;1
"7260";7260;1
"7261";7261;1
"7262";7262;1
"7263";7263;1
"7264";7264;1
"7265";7265;4
"7266";7266;1
"7267";7267;3
"7268";7268;3
"7269";7269;4
"7270";7270;2
"7271";7271;4
"7272";7272;4
"7273";7273;1
"7274";7274;1
"7275";7275;1
"7276";7276;1
"7277";7277;1
"7278";7278;1
"7279";7279;1
"7280";7280;4
"7281";7281;1
"7282";7282;4
"7283";7283;1
"7284";7284;1
"7285";7285;1
"7286";7286;1
"7287";7287;1
"7288";7288;4
"7289";7289;1
"7290";7290;4
"7291";7291;1
"7292";7292;4
"7293";7293;1
"7294";7294;1
"7295";7295;1
"7296";7296;1
"7297";7297;1
"7298";7298;1
"7299";7299;1
"7300";7300;1
"7301";7301;1
"7302";7302;1
"7303";7303;1
"7304";7304;1
"7305";7305;1
"7306";7306;1
"7307";7307;1
"7308";7308;1
"7309";7309;1
"7310";7310;1
"7311";7311;1
"7312";7312;1
"7313";7313;1
"7314";7314;1
"7315";7315;3
"7316";7316;4
"7317";7317;4
"7318";7318;1
"7319";7319;4
"7320";7320;4
"7321";7321;1
"7322";7322;1
"7323";7323;4
"7324";7324;2
"7325";7325;2
"7326";7326;4
"7327";7327;2
"7328";7328;3
"7329";7329;4
"7330";7330;4
"7331";7331;4
"7332";7332;1
"7333";7333;3
"7334";7334;1
"7335";7335;1
"7336";7336;1
"7337";7337;1
"7338";7338;1
"7339";7339;1
"7340";7340;1
"7341";7341;1
"7342";7342;1
"7343";7343;1
"7344";7344;1
"7345";7345;1
"7346";7346;1
"7347";7347;1
"7348";7348;1
"7349";7349;1
"7350";7350;1
"7351";7351;1
"7352";7352;1
"7353";7353;1
"7354";7354;1
"7355";7355;1
"7356";7356;1
"7357";7357;1
"7358";7358;1
"7359";7359;1
"7360";7360;1
"7361";7361;1
"7362";7362;1
"7363";7363;1
"7364";7364;1
"7365";7365;1
"7366";7366;1
"7367";7367;1
"7368";7368;1
"7369";7369;1
"7370";7370;1
"7371";7371;1
"7372";7372;1
"7373";7373;1
"7374";7374;1
"7375";7375;1
"7376";7376;1
"7377";7377;1
"7378";7378;1
"7379";7379;1
"7380";7380;1
"7381";7381;1
"7382";7382;1
"7383";7383;1
"7384";7384;1
"7385";7385;1
"7386";7386;1
"7387";7387;1
"7388";7388;1
"7389";7389;1
"7390";7390;1
"7391";7391;1
"7392";7392;1
"7393";7393;1
"7394";7394;1
"7395";7395;1
"7396";7396;1
"7397";7397;1
"7398";7398;3
"7399";7399;1
"7400";7400;4
"7401";7401;3
"7402";7402;4
"7403";7403;3
"7404";7404;1
"7405";7405;1
"7406";7406;1
"7407";7407;1
"7408";7408;3
"7409";7409;4
"7410";7410;4
"7411";7411;3
"7412";7412;3
"7413";7413;3
"7414";7414;4
"7415";7415;3
"7416";7416;1
"7417";7417;3
"7418";7418;3
"7419";7419;3
"7420";7420;1
"7421";7421;1
"7422";7422;3
"7423";7423;3
"7424";7424;1
"7425";7425;3
"7426";7426;1
"7427";7427;3
"7428";7428;3
"7429";7429;3
"7430";7430;4
"7431";7431;4
"7432";7432;3
"7433";7433;1
"7434";7434;1
"7435";7435;3
"7436";7436;1
"7437";7437;1
"7438";7438;1
"7439";7439;1
"7440";7440;1
"7441";7441;1
"7442";7442;1
"7443";7443;1
"7444";7444;1
"7445";7445;4
"7446";7446;1
"7447";7447;3
"7448";7448;4
"7449";7449;3
"7450";7450;4
"7451";7451;4
"7452";7452;4
"7453";7453;3
"7454";7454;3
"7455";7455;4
"7456";7456;3
"7457";7457;1
"7458";7458;3
"7459";7459;1
"7460";7460;1
"7461";7461;3
"7462";7462;3
"7463";7463;1
"7464";7464;1
"7465";7465;1
"7466";7466;1
"7467";7467;1
"7468";7468;1
"7469";7469;1
"7470";7470;1
"7471";7471;1
"7472";7472;1
"7473";7473;1
"7474";7474;1
"7475";7475;3
"7476";7476;1
"7477";7477;1
"7478";7478;1
"7479";7479;1
"7480";7480;1
"7481";7481;1
"7482";7482;4
"7483";7483;3
"7484";7484;4
"7485";7485;3
"7486";7486;3
"7487";7487;1
"7488";7488;3
"7489";7489;3
"7490";7490;3
"7491";7491;3
"7492";7492;3
"7493";7493;4
"7494";7494;1
"7495";7495;1
"7496";7496;1
"7497";7497;4
"7498";7498;4
"7499";7499;3
"7500";7500;3
"7501";7501;3
"7502";7502;4
"7503";7503;4
"7504";7504;4
"7505";7505;3
"7506";7506;1
"7507";7507;3
"7508";7508;4
"7509";7509;4
"7510";7510;3
"7511";7511;3
"7512";7512;1
"7513";7513;1
"7514";7514;1
"7515";7515;3
"7516";7516;3
"7517";7517;3
"7518";7518;1
"7519";7519;4
"7520";7520;1
"7521";7521;1
"7522";7522;1
"7523";7523;1
"7524";7524;1
"7525";7525;4
"7526";7526;1
"7527";7527;3
"7528";7528;1
"7529";7529;4
"7530";7530;3
"7531";7531;3
"7532";7532;1
"7533";7533;1
"7534";7534;1
"7535";7535;1
"7536";7536;1
"7537";7537;1
"7538";7538;3
"7539";7539;1
"7540";7540;1
"7541";7541;1
"7542";7542;1
"7543";7543;1
"7544";7544;1
"7545";7545;1
"7546";7546;4
"7547";7547;4
"7548";7548;4
"7549";7549;1
"7550";7550;1
"7551";7551;1
"7552";7552;1
"7553";7553;1
"7554";7554;1
"7555";7555;1
"7556";7556;1
"7557";7557;3
"7558";7558;3
"7559";7559;3
"7560";7560;3
"7561";7561;1
"7562";7562;1
"7563";7563;1
"7564";7564;3
"7565";7565;4
"7566";7566;3
"7567";7567;4
"7568";7568;3
"7569";7569;4
"7570";7570;4
"7571";7571;3
"7572";7572;1
"7573";7573;3
"7574";7574;3
"7575";7575;3
"7576";7576;3
"7577";7577;3
"7578";7578;4
"7579";7579;3
"7580";7580;3
"7581";7581;1
"7582";7582;1
"7583";7583;1
"7584";7584;1
"7585";7585;3
"7586";7586;1
"7587";7587;1
"7588";7588;0
"7589";7589;1
"7590";7590;1
"7591";7591;4
"7592";7592;4
"7593";7593;1
"7594";7594;1
"7595";7595;4
"7596";7596;1
"7597";7597;1
"7598";7598;1
"7599";7599;1
"7600";7600;0
"7601";7601;4
"7602";7602;1
"7603";7603;1
"7604";7604;1
"7605";7605;1
"7606";7606;1
"7607";7607;0
"7608";7608;4
"7609";7609;4
"7610";7610;1
"7611";7611;1
"7612";7612;4
"7613";7613;1
"7614";7614;1
"7615";7615;1
"7616";7616;1
"7617";7617;1
"7618";7618;1
"7619";7619;1
"7620";7620;4
"7621";7621;2
"7622";7622;3
"7623";7623;3
"7624";7624;4
"7625";7625;4
"7626";7626;4
"7627";7627;3
"7628";7628;4
"7629";7629;3
"7630";7630;4
"7631";7631;0
"7632";7632;3
"7633";7633;3
"7634";7634;1
"7635";7635;3
"7636";7636;3
"7637";7637;3
"7638";7638;4
"7639";7639;4
"7640";7640;3
"7641";7641;4
"7642";7642;3
"7643";7643;4
"7644";7644;3
"7645";7645;4
"7646";7646;4
"7647";7647;2
"7648";7648;4
"7649";7649;3
"7650";7650;1
"7651";7651;1
"7652";7652;1
"7653";7653;1
"7654";7654;1
"7655";7655;1
"7656";7656;1
"7657";7657;1
"7658";7658;1
"7659";7659;1
"7660";7660;1
"7661";7661;1
"7662";7662;1
"7663";7663;1
"7664";7664;1
"7665";7665;1
"7666";7666;1
"7667";7667;1
"7668";7668;1
"7669";7669;1
"7670";7670;1
"7671";7671;1
"7672";7672;0
"7673";7673;1
"7674";7674;1
"7675";7675;4
"7676";7676;1
"7677";7677;1
"7678";7678;1
"7679";7679;1
"7680";7680;1
"7681";7681;1
"7682";7682;1
"7683";7683;1
"7684";7684;1
"7685";7685;1
"7686";7686;1
"7687";7687;4
"7688";7688;1
"7689";7689;1
"7690";7690;1
"7691";7691;1
"7692";7692;1
"7693";7693;1
"7694";7694;1
"7695";7695;1
"7696";7696;1
"7697";7697;1
"7698";7698;1
"7699";7699;4
"7700";7700;1
"7701";7701;1
"7702";7702;1
"7703";7703;1
"7704";7704;4
"7705";7705;1
"7706";7706;1
"7707";7707;1
"7708";7708;1
"7709";7709;1
"7710";7710;1
"7711";7711;1
"7712";7712;1
"7713";7713;1
"7714";7714;1
"7715";7715;1
"7716";7716;4
"7717";7717;1
"7718";7718;1
"7719";7719;1
"7720";7720;1
"7721";7721;1
"7722";7722;1
"7723";7723;1
"7724";7724;1
"7725";7725;1
"7726";7726;1
"7727";7727;1
"7728";7728;1
"7729";7729;1
"7730";7730;1
"7731";7731;1
"7732";7732;1
"7733";7733;1
"7734";7734;1
"7735";7735;1
"7736";7736;1
"7737";7737;1
"7738";7738;1
"7739";7739;1
"7740";7740;1
"7741";7741;1
"7742";7742;1
"7743";7743;1
"7744";7744;1
"7745";7745;1
"7746";7746;1
"7747";7747;1
"7748";7748;1
"7749";7749;1
"7750";7750;1
"7751";7751;4
"7752";7752;1
"7753";7753;1
"7754";7754;1
"7755";7755;1
"7756";7756;1
"7757";7757;1
"7758";7758;1
"7759";7759;1
"7760";7760;1
"7761";7761;1
"7762";7762;1
"7763";7763;1
"7764";7764;1
"7765";7765;1
"7766";7766;1
"7767";7767;1
"7768";7768;1
"7769";7769;1
"7770";7770;1
"7771";7771;1
"7772";7772;1
"7773";7773;1
"7774";7774;1
"7775";7775;1
"7776";7776;1
"7777";7777;1
"7778";7778;1
"7779";7779;1
"7780";7780;1
"7781";7781;1
"7782";7782;1
"7783";7783;1
"7784";7784;1
"7785";7785;1
"7786";7786;1
"7787";7787;1
"7788";7788;1
"7789";7789;1
"7790";7790;1
"7791";7791;1
"7792";7792;1
"7793";7793;1
"7794";7794;1
"7795";7795;1
"7796";7796;1
"7797";7797;1
"7798";7798;1
"7799";7799;1
"7800";7800;1
"7801";7801;1
"7802";7802;1
"7803";7803;1
"7804";7804;1
"7805";7805;1
"7806";7806;4
"7807";7807;1
"7808";7808;1
"7809";7809;1
"7810";7810;1
"7811";7811;1
"7812";7812;1
"7813";7813;1
"7814";7814;1
"7815";7815;1
"7816";7816;1
"7817";7817;1
"7818";7818;1
"7819";7819;1
"7820";7820;1
"7821";7821;1
"7822";7822;1
"7823";7823;1
"7824";7824;1
"7825";7825;1
"7826";7826;1
"7827";7827;1
"7828";7828;1
"7829";7829;1
"7830";7830;1
"7831";7831;1
"7832";7832;1
"7833";7833;1
"7834";7834;1
"7835";7835;1
"7836";7836;1
"7837";7837;1
"7838";7838;1
"7839";7839;1
"7840";7840;1
"7841";7841;1
"7842";7842;1
"7843";7843;4
"7844";7844;1
"7845";7845;1
"7846";7846;1
"7847";7847;4
"7848";7848;1
"7849";7849;1
"7850";7850;1
"7851";7851;1
"7852";7852;1
"7853";7853;1
"7854";7854;1
"7855";7855;1
"7856";7856;1
"7857";7857;1
"7858";7858;1
"7859";7859;2
"7860";7860;1
"7861";7861;4
"7862";7862;4
"7863";7863;1
"7864";7864;1
"7865";7865;4
"7866";7866;1
"7867";7867;1
"7868";7868;1
"7869";7869;1
"7870";7870;1
"7871";7871;1
"7872";7872;1
"7873";7873;1
"7874";7874;4
"7875";7875;1
"7876";7876;1
"7877";7877;1
"7878";7878;1
"7879";7879;1
"7880";7880;4
"7881";7881;1
"7882";7882;4
"7883";7883;1
"7884";7884;1
"7885";7885;1
"7886";7886;1
"7887";7887;1
"7888";7888;1
"7889";7889;1
"7890";7890;1
"7891";7891;1
"7892";7892;1
"7893";7893;1
"7894";7894;1
"7895";7895;1
"7896";7896;1
"7897";7897;1
"7898";7898;1
"7899";7899;1
"7900";7900;1
"7901";7901;1
"7902";7902;4
"7903";7903;1
"7904";7904;1
"7905";7905;1
"7906";7906;1
"7907";7907;1
"7908";7908;1
"7909";7909;4
"7910";7910;1
"7911";7911;1
"7912";7912;1
"7913";7913;4
"7914";7914;1
"7915";7915;1
"7916";7916;1
"7917";7917;1
"7918";7918;1
"7919";7919;1
"7920";7920;1
"7921";7921;1
"7922";7922;1
"7923";7923;1
"7924";7924;1
"7925";7925;1
"7926";7926;1
"7927";7927;1
"7928";7928;4
"7929";7929;1
"7930";7930;4
"7931";7931;1
"7932";7932;1
"7933";7933;1
"7934";7934;1
"7935";7935;4
"7936";7936;1
"7937";7937;1
"7938";7938;1
"7939";7939;1
"7940";7940;1
"7941";7941;4
"7942";7942;1
"7943";7943;1
"7944";7944;1
"7945";7945;4
"7946";7946;1
"7947";7947;4
"7948";7948;1
"7949";7949;4
"7950";7950;2
"7951";7951;1
"7952";7952;1
"7953";7953;1
"7954";7954;1
"7955";7955;1
"7956";7956;1
"7957";7957;4
"7958";7958;1
"7959";7959;1
"7960";7960;1
"7961";7961;1
"7962";7962;1
"7963";7963;1
"7964";7964;1
"7965";7965;4
"7966";7966;1
"7967";7967;1
"7968";7968;4
"7969";7969;1
"7970";7970;1
"7971";7971;1
"7972";7972;1
"7973";7973;1
"7974";7974;1
"7975";7975;1
"7976";7976;1
"7977";7977;1
"7978";7978;1
"7979";7979;4
"7980";7980;1
"7981";7981;1
"7982";7982;1
"7983";7983;1
"7984";7984;1
"7985";7985;4
"7986";7986;1
"7987";7987;1
"7988";7988;1
"7989";7989;1
"7990";7990;1
"7991";7991;2
"7992";7992;2
"7993";7993;4
"7994";7994;4
"7995";7995;4
"7996";7996;4
"7997";7997;1
"7998";7998;1
"7999";7999;4
"8000";8000;1
"8001";8001;1
"8002";8002;1
"8003";8003;1
"8004";8004;1
"8005";8005;1
"8006";8006;1
"8007";8007;1
"8008";8008;1
"8009";8009;1
"8010";8010;1
"8011";8011;1
"8012";8012;1
"8013";8013;1
"8014";8014;1
"8015";8015;1
"8016";8016;1
"8017";8017;1
"8018";8018;1
"8019";8019;1
"8020";8020;1
"8021";8021;1
"8022";8022;1
"8023";8023;1
"8024";8024;1
"8025";8025;4
"8026";8026;1
"8027";8027;1
"8028";8028;4
"8029";8029;1
"8030";8030;1
"8031";8031;1
"8032";8032;1
"8033";8033;1
"8034";8034;1
"8035";8035;1
"8036";8036;1
"8037";8037;1
"8038";8038;1
"8039";8039;1
"8040";8040;1
"8041";8041;1
"8042";8042;1
"8043";8043;1
"8044";8044;1
"8045";8045;1
"8046";8046;1
"8047";8047;1
"8048";8048;1
"8049";8049;1
"8050";8050;1
"8051";8051;1
"8052";8052;1
"8053";8053;1
"8054";8054;1
"8055";8055;1
"8056";8056;1
"8057";8057;1
"8058";8058;1
"8059";8059;1
"8060";8060;1
"8061";8061;1
"8062";8062;1
"8063";8063;1
"8064";8064;1
"8065";8065;1
"8066";8066;1
"8067";8067;1
"8068";8068;1
"8069";8069;1
"8070";8070;4
"8071";8071;1
"8072";8072;1
"8073";8073;1
"8074";8074;1
"8075";8075;1
"8076";8076;1
"8077";8077;1
"8078";8078;1
"8079";8079;2
"8080";8080;4
"8081";8081;1
"8082";8082;1
"8083";8083;1
"8084";8084;1
"8085";8085;1
"8086";8086;1
"8087";8087;4
"8088";8088;1
"8089";8089;1
"8090";8090;1
"8091";8091;1
"8092";8092;1
"8093";8093;1
"8094";8094;1
"8095";8095;4
"8096";8096;4
"8097";8097;4
"8098";8098;4
"8099";8099;3
"8100";8100;4
"8101";8101;1
"8102";8102;1
"8103";8103;3
"8104";8104;3
"8105";8105;3
"8106";8106;1
"8107";8107;1
"8108";8108;4
"8109";8109;1
"8110";8110;4
"8111";8111;3
"8112";8112;4
"8113";8113;4
"8114";8114;4
"8115";8115;3
"8116";8116;4
"8117";8117;3
"8118";8118;4
"8119";8119;3
"8120";8120;3
"8121";8121;1
"8122";8122;1
"8123";8123;1
"8124";8124;1
"8125";8125;1
"8126";8126;1
"8127";8127;1
"8128";8128;1
"8129";8129;1
"8130";8130;1
"8131";8131;1
"8132";8132;4
"8133";8133;1
"8134";8134;1
"8135";8135;1
"8136";8136;1
"8137";8137;1
"8138";8138;1
"8139";8139;1
"8140";8140;1
"8141";8141;1
"8142";8142;1
"8143";8143;1
"8144";8144;1
"8145";8145;1
"8146";8146;1
"8147";8147;1
"8148";8148;1
"8149";8149;1
"8150";8150;1
"8151";8151;1
"8152";8152;1
"8153";8153;1
"8154";8154;1
"8155";8155;1
"8156";8156;1
"8157";8157;1
"8158";8158;1
"8159";8159;1
"8160";8160;1
"8161";8161;1
"8162";8162;1
"8163";8163;1
"8164";8164;1
"8165";8165;1
"8166";8166;1
"8167";8167;1
"8168";8168;1
"8169";8169;1
"8170";8170;1
"8171";8171;1
"8172";8172;1
"8173";8173;1
"8174";8174;1
"8175";8175;1
"8176";8176;1
"8177";8177;1
"8178";8178;1
"8179";8179;1
"8180";8180;1
"8181";8181;1
"8182";8182;1
"8183";8183;1
"8184";8184;1
"8185";8185;1
"8186";8186;1
"8187";8187;4
"8188";8188;1
"8189";8189;3
"8190";8190;4
"8191";8191;1
"8192";8192;1
"8193";8193;1
"8194";8194;1
"8195";8195;1
"8196";8196;1
"8197";8197;1
"8198";8198;1
"8199";8199;1
"8200";8200;1
"8201";8201;1
"8202";8202;1
"8203";8203;1
"8204";8204;1
"8205";8205;1
"8206";8206;1
"8207";8207;1
"8208";8208;1
"8209";8209;1
"8210";8210;1
"8211";8211;1
"8212";8212;1
"8213";8213;1
"8214";8214;1
"8215";8215;1
"8216";8216;1
"8217";8217;1
"8218";8218;1
"8219";8219;1
"8220";8220;1
"8221";8221;1
"8222";8222;1
"8223";8223;1
"8224";8224;1
"8225";8225;1
"8226";8226;1
"8227";8227;1
"8228";8228;1
"8229";8229;1
"8230";8230;1
"8231";8231;1
"8232";8232;1
"8233";8233;1
"8234";8234;1
"8235";8235;1
"8236";8236;1
"8237";8237;1
"8238";8238;1
"8239";8239;1
"8240";8240;1
"8241";8241;1
"8242";8242;1
"8243";8243;1
"8244";8244;1
"8245";8245;1
"8246";8246;1
"8247";8247;1
"8248";8248;1
"8249";8249;4
"8250";8250;1
"8251";8251;1
"8252";8252;4
"8253";8253;1
"8254";8254;4
"8255";8255;1
"8256";8256;1
"8257";8257;1
"8258";8258;1
"8259";8259;1
"8260";8260;1
"8261";8261;1
"8262";8262;1
"8263";8263;1
"8264";8264;1
"8265";8265;4
"8266";8266;1
"8267";8267;1
"8268";8268;1
"8269";8269;1
"8270";8270;2
"8271";8271;1
"8272";8272;1
"8273";8273;1
"8274";8274;1
"8275";8275;1
"8276";8276;1
"8277";8277;1
"8278";8278;1
"8279";8279;1
"8280";8280;1
"8281";8281;1
"8282";8282;1
"8283";8283;1
"8284";8284;1
"8285";8285;1
"8286";8286;1
"8287";8287;1
"8288";8288;4
"8289";8289;1
"8290";8290;1
"8291";8291;1
"8292";8292;1
"8293";8293;1
"8294";8294;1
"8295";8295;1
"8296";8296;1
"8297";8297;1
"8298";8298;1
"8299";8299;1
"8300";8300;1
"8301";8301;1
"8302";8302;1
"8303";8303;1
"8304";8304;1
"8305";8305;1
"8306";8306;1
"8307";8307;1
"8308";8308;1
"8309";8309;1
"8310";8310;1
"8311";8311;1
"8312";8312;1
"8313";8313;1
"8314";8314;1
"8315";8315;4
"8316";8316;1
"8317";8317;1
"8318";8318;1
"8319";8319;1
"8320";8320;1
"8321";8321;1
"8322";8322;1
"8323";8323;1
"8324";8324;1
"8325";8325;1
"8326";8326;1
"8327";8327;1
"8328";8328;1
"8329";8329;1
"8330";8330;1
"8331";8331;1
"8332";8332;1
"8333";8333;1
"8334";8334;1
"8335";8335;1
"8336";8336;1
"8337";8337;1
"8338";8338;1
"8339";8339;1
"8340";8340;1
"8341";8341;1
"8342";8342;1
"8343";8343;1
"8344";8344;1
"8345";8345;1
"8346";8346;1
"8347";8347;1
"8348";8348;1
"8349";8349;1
"8350";8350;1
"8351";8351;1
"8352";8352;1
"8353";8353;1
"8354";8354;1
"8355";8355;1
"8356";8356;1
"8357";8357;1
"8358";8358;1
"8359";8359;1
"8360";8360;1
"8361";8361;1
"8362";8362;1
"8363";8363;1
"8364";8364;1
"8365";8365;1
"8366";8366;1
"8367";8367;1
"8368";8368;1
"8369";8369;1
"8370";8370;1
"8371";8371;1
"8372";8372;1
"8373";8373;1
"8374";8374;1
"8375";8375;1
"8376";8376;1
"8377";8377;1
"8378";8378;1
"8379";8379;1
"8380";8380;1
"8381";8381;1
"8382";8382;1
"8383";8383;1
"8384";8384;1
"8385";8385;1
"8386";8386;1
"8387";8387;1
"8388";8388;1
"8389";8389;1
"8390";8390;1
"8391";8391;1
"8392";8392;1
"8393";8393;1
"8394";8394;4
"8395";8395;1
"8396";8396;1
"8397";8397;1
"8398";8398;1
"8399";8399;1
"8400";8400;1
"8401";8401;4
"8402";8402;1
"8403";8403;1
"8404";8404;4
"8405";8405;1
"8406";8406;1
"8407";8407;1
"8408";8408;1
"8409";8409;1
"8410";8410;1
"8411";8411;4
"8412";8412;3
"8413";8413;1
"8414";8414;1
"8415";8415;1
"8416";8416;1
"8417";8417;1
"8418";8418;1
"8419";8419;1
"8420";8420;4
"8421";8421;1
"8422";8422;4
"8423";8423;1
"8424";8424;1
"8425";8425;1
"8426";8426;1
"8427";8427;1
"8428";8428;1
"8429";8429;1
"8430";8430;1
"8431";8431;1
"8432";8432;1
"8433";8433;1
"8434";8434;2
"8435";8435;1
"8436";8436;1
"8437";8437;1
"8438";8438;1
"8439";8439;1
"8440";8440;1
"8441";8441;1
"8442";8442;1
"8443";8443;1
"8444";8444;1
"8445";8445;1
"8446";8446;1
"8447";8447;1
"8448";8448;4
"8449";8449;1
"8450";8450;1
"8451";8451;1
"8452";8452;1
"8453";8453;1
"8454";8454;1
"8455";8455;1
"8456";8456;1
"8457";8457;1
"8458";8458;1
"8459";8459;1
"8460";8460;1
"8461";8461;1
"8462";8462;1
"8463";8463;1
"8464";8464;1
"8465";8465;1
"8466";8466;1
"8467";8467;1
"8468";8468;1
"8469";8469;1
"8470";8470;1
"8471";8471;1
"8472";8472;1
"8473";8473;1
"8474";8474;1
"8475";8475;1
"8476";8476;1
"8477";8477;1
"8478";8478;1
"8479";8479;1
"8480";8480;1
"8481";8481;1
"8482";8482;1
"8483";8483;1
"8484";8484;1
"8485";8485;1
"8486";8486;1
"8487";8487;1
"8488";8488;1
"8489";8489;1
"8490";8490;1
"8491";8491;2
"8492";8492;0
"8493";8493;1
"8494";8494;4
"8495";8495;1
"8496";8496;1
"8497";8497;1
"8498";8498;1
"8499";8499;1
"8500";8500;1
"8501";8501;1
"8502";8502;1
"8503";8503;1
"8504";8504;1
"8505";8505;1
"8506";8506;4
"8507";8507;1
"8508";8508;2
"8509";8509;1
"8510";8510;4
"8511";8511;1
"8512";8512;1
"8513";8513;1
"8514";8514;1
"8515";8515;1
"8516";8516;1
"8517";8517;4
"8518";8518;1
"8519";8519;4
"8520";8520;1
"8521";8521;1
"8522";8522;3
"8523";8523;1
"8524";8524;1
"8525";8525;1
"8526";8526;1
"8527";8527;1
"8528";8528;2
"8529";8529;4
"8530";8530;1
"8531";8531;4
"8532";8532;1
"8533";8533;3
"8534";8534;1
"8535";8535;1
"8536";8536;1
"8537";8537;4
"8538";8538;1
"8539";8539;1
"8540";8540;1
"8541";8541;1
"8542";8542;1
"8543";8543;1
"8544";8544;4
"8545";8545;1
"8546";8546;4
"8547";8547;4
"8548";8548;4
"8549";8549;4
"8550";8550;1
"8551";8551;4
"8552";8552;4
"8553";8553;4
"8554";8554;4
"8555";8555;4
"8556";8556;3
"8557";8557;3
"8558";8558;1
"8559";8559;1
"8560";8560;1
"8561";8561;4
"8562";8562;1
"8563";8563;1
"8564";8564;4
"8565";8565;1
"8566";8566;1
"8567";8567;1
"8568";8568;1
"8569";8569;1
"8570";8570;1
"8571";8571;4
"8572";8572;1
"8573";8573;4
"8574";8574;4
"8575";8575;0
"8576";8576;1
"8577";8577;1
"8578";8578;4
"8579";8579;3
"8580";8580;1
"8581";8581;3
"8582";8582;4
"8583";8583;4
"8584";8584;2
"8585";8585;2
"8586";8586;4
"8587";8587;4
"8588";8588;1
"8589";8589;1
"8590";8590;1
"8591";8591;1
"8592";8592;1
"8593";8593;4
"8594";8594;1
"8595";8595;1
"8596";8596;4
"8597";8597;1
"8598";8598;1
"8599";8599;1
"8600";8600;4
"8601";8601;1
"8602";8602;1
"8603";8603;1
"8604";8604;1
"8605";8605;1
"8606";8606;1
"8607";8607;1
"8608";8608;1
"8609";8609;1
"8610";8610;4
"8611";8611;4
"8612";8612;1
"8613";8613;1
"8614";8614;1
"8615";8615;1
"8616";8616;3
"8617";8617;4
"8618";8618;1
"8619";8619;1
"8620";8620;1
"8621";8621;1
"8622";8622;1
"8623";8623;1
"8624";8624;1
"8625";8625;1
"8626";8626;1
"8627";8627;1
"8628";8628;1
"8629";8629;4
"8630";8630;1
"8631";8631;1
"8632";8632;3
"8633";8633;3
"8634";8634;1
"8635";8635;1
"8636";8636;1
"8637";8637;1
"8638";8638;4
"8639";8639;1
"8640";8640;1
"8641";8641;1
"8642";8642;3
"8643";8643;3
"8644";8644;1
"8645";8645;1
"8646";8646;1
"8647";8647;1
"8648";8648;1
"8649";8649;4
"8650";8650;1
"8651";8651;1
"8652";8652;1
"8653";8653;1
"8654";8654;1
"8655";8655;1
"8656";8656;1
"8657";8657;1
"8658";8658;1
"8659";8659;1
"8660";8660;1
"8661";8661;1
"8662";8662;1
"8663";8663;4
"8664";8664;1
"8665";8665;1
"8666";8666;1
"8667";8667;1
"8668";8668;1
"8669";8669;1
"8670";8670;1
"8671";8671;4
"8672";8672;1
"8673";8673;1
"8674";8674;1
"8675";8675;1
"8676";8676;1
"8677";8677;4
"8678";8678;1
"8679";8679;1
"8680";8680;3
"8681";8681;4
"8682";8682;3
"8683";8683;3
"8684";8684;3
"8685";8685;3
"8686";8686;1
"8687";8687;3
"8688";8688;4
"8689";8689;4
"8690";8690;3
"8691";8691;3
"8692";8692;3
"8693";8693;4
"8694";8694;0
"8695";8695;3
"8696";8696;4
"8697";8697;3
"8698";8698;3
"8699";8699;3
"8700";8700;3
"8701";8701;4
"8702";8702;3
"8703";8703;3
"8704";8704;4
"8705";8705;3
"8706";8706;3
"8707";8707;3
"8708";8708;3
"8709";8709;3
"8710";8710;1
"8711";8711;1
"8712";8712;4
"8713";8713;4
"8714";8714;1
"8715";8715;1
"8716";8716;1
"8717";8717;1
"8718";8718;1
"8719";8719;1
"8720";8720;2
"8721";8721;4
"8722";8722;1
"8723";8723;1
"8724";8724;1
"8725";8725;1
"8726";8726;1
"8727";8727;1
"8728";8728;1
"8729";8729;4
"8730";8730;1
"8731";8731;3
"8732";8732;3
"8733";8733;4
"8734";8734;1
"8735";8735;1
"8736";8736;1
"8737";8737;1
"8738";8738;1
"8739";8739;1
"8740";8740;1
"8741";8741;1
"8742";8742;1
"8743";8743;1
"8744";8744;4
"8745";8745;1
"8746";8746;1
"8747";8747;1
"8748";8748;1
"8749";8749;1
"8750";8750;1
"8751";8751;1
"8752";8752;1
"8753";8753;1
"8754";8754;1
"8755";8755;1
"8756";8756;1
"8757";8757;1
"8758";8758;1
"8759";8759;1
"8760";8760;1
"8761";8761;4
"8762";8762;1
"8763";8763;1
"8764";8764;1
"8765";8765;4
"8766";8766;4
"8767";8767;1
"8768";8768;1
"8769";8769;1
"8770";8770;1
"8771";8771;1
"8772";8772;1
"8773";8773;1
"8774";8774;1
"8775";8775;1
"8776";8776;1
"8777";8777;1
"8778";8778;1
"8779";8779;1
"8780";8780;1
"8781";8781;1
"8782";8782;1
"8783";8783;1
"8784";8784;1
"8785";8785;1
"8786";8786;4
"8787";8787;1
"8788";8788;1
"8789";8789;1
"8790";8790;1
"8791";8791;1
"8792";8792;1
"8793";8793;1
"8794";8794;1
"8795";8795;1
"8796";8796;1
"8797";8797;1
"8798";8798;0
"8799";8799;1
"8800";8800;1
"8801";8801;4
"8802";8802;4
"8803";8803;1
"8804";8804;1
"8805";8805;1
"8806";8806;1
"8807";8807;1
"8808";8808;2
"8809";8809;1
"8810";8810;1
"8811";8811;4
"8812";8812;1
"8813";8813;1
"8814";8814;1
"8815";8815;1
"8816";8816;1
"8817";8817;1
"8818";8818;3
"8819";8819;1
"8820";8820;1
"8821";8821;1
"8822";8822;1
"8823";8823;1
"8824";8824;1
"8825";8825;1
"8826";8826;1
"8827";8827;1
"8828";8828;1
"8829";8829;1
"8830";8830;1
"8831";8831;1
"8832";8832;1
"8833";8833;1
"8834";8834;4
"8835";8835;2
"8836";8836;1
"8837";8837;1
"8838";8838;1
"8839";8839;1
"8840";8840;1
"8841";8841;1
"8842";8842;1
"8843";8843;1
"8844";8844;1
"8845";8845;1
"8846";8846;1
"8847";8847;1
"8848";8848;1
"8849";8849;1
"8850";8850;1
"8851";8851;1
"8852";8852;1
"8853";8853;1
"8854";8854;1
"8855";8855;1
"8856";8856;1
"8857";8857;1
"8858";8858;2
"8859";8859;1
"8860";8860;1
"8861";8861;1
"8862";8862;1
"8863";8863;1
"8864";8864;4
"8865";8865;2
"8866";8866;1
"8867";8867;1
"8868";8868;1
"8869";8869;1
"8870";8870;4
"8871";8871;4
"8872";8872;1
"8873";8873;1
"8874";8874;1
"8875";8875;4
"8876";8876;1
"8877";8877;1
"8878";8878;1
"8879";8879;1
"8880";8880;1
"8881";8881;4
"8882";8882;1
"8883";8883;1
"8884";8884;1
"8885";8885;1
"8886";8886;1
"8887";8887;4
"8888";8888;1
"8889";8889;1
"8890";8890;4
"8891";8891;2
"8892";8892;4
"8893";8893;1
"8894";8894;1
"8895";8895;1
"8896";8896;1
"8897";8897;1
"8898";8898;1
"8899";8899;1
"8900";8900;1
"8901";8901;1
"8902";8902;1
"8903";8903;1
"8904";8904;4
"8905";8905;1
"8906";8906;2
"8907";8907;4
"8908";8908;1
"8909";8909;1
"8910";8910;1
"8911";8911;1
"8912";8912;3
"8913";8913;1
"8914";8914;1
"8915";8915;4
"8916";8916;1
"8917";8917;4
"8918";8918;1
"8919";8919;4
"8920";8920;1
"8921";8921;1
"8922";8922;4
"8923";8923;1
"8924";8924;1
"8925";8925;1
"8926";8926;1
"8927";8927;1
"8928";8928;1
"8929";8929;1
"8930";8930;1
"8931";8931;1
"8932";8932;1
"8933";8933;1
"8934";8934;1
"8935";8935;1
"8936";8936;4
"8937";8937;1
"8938";8938;1
"8939";8939;1
"8940";8940;4
"8941";8941;1
"8942";8942;1
"8943";8943;1
"8944";8944;1
"8945";8945;1
"8946";8946;1
"8947";8947;1
"8948";8948;1
"8949";8949;1
"8950";8950;1
"8951";8951;1
"8952";8952;1
"8953";8953;1
"8954";8954;1
"8955";8955;2
"8956";8956;2
"8957";8957;4
"8958";8958;1
"8959";8959;1
"8960";8960;1
"8961";8961;4
"8962";8962;1
"8963";8963;4
"8964";8964;1
"8965";8965;1
"8966";8966;1
"8967";8967;1
"8968";8968;1
"8969";8969;1
"8970";8970;1
"8971";8971;1
"8972";8972;1
"8973";8973;1
"8974";8974;1
"8975";8975;1
"8976";8976;1
"8977";8977;1
"8978";8978;1
"8979";8979;1
"8980";8980;1
"8981";8981;1
"8982";8982;1
"8983";8983;1
"8984";8984;1
"8985";8985;1
"8986";8986;1
"8987";8987;1
"8988";8988;1
"8989";8989;1
"8990";8990;1
"8991";8991;1
"8992";8992;3
"8993";8993;1
"8994";8994;1
"8995";8995;1
"8996";8996;4
"8997";8997;4
"8998";8998;1
"8999";8999;1
"9000";9000;1
"9001";9001;1
"9002";9002;1
"9003";9003;1
"9004";9004;1
"9005";9005;1
"9006";9006;1
"9007";9007;1
"9008";9008;1
"9009";9009;1
"9010";9010;1
"9011";9011;1
"9012";9012;1
"9013";9013;4
"9014";9014;4
"9015";9015;4
"9016";9016;2
"9017";9017;1
"9018";9018;4
"9019";9019;4
"9020";9020;1
"9021";9021;1
"9022";9022;1
"9023";9023;1
"9024";9024;1
"9025";9025;1
"9026";9026;1
"9027";9027;1
"9028";9028;1
"9029";9029;1
"9030";9030;1
"9031";9031;4
"9032";9032;4
"9033";9033;1
"9034";9034;1
"9035";9035;4
"9036";9036;1
"9037";9037;4
"9038";9038;4
"9039";9039;4
"9040";9040;1
"9041";9041;1
"9042";9042;1
"9043";9043;1
"9044";9044;1
"9045";9045;4
"9046";9046;4
"9047";9047;1
"9048";9048;4
"9049";9049;1
"9050";9050;1
"9051";9051;1
"9052";9052;1
"9053";9053;1
"9054";9054;1
"9055";9055;4
"9056";9056;2
"9057";9057;1
"9058";9058;1
"9059";9059;1
"9060";9060;1
"9061";9061;1
"9062";9062;1
"9063";9063;1
"9064";9064;1
"9065";9065;1
"9066";9066;1
"9067";9067;1
"9068";9068;1
"9069";9069;1
"9070";9070;1
"9071";9071;1
"9072";9072;1
"9073";9073;1
"9074";9074;1
"9075";9075;1
"9076";9076;1
"9077";9077;1
"9078";9078;4
"9079";9079;1
"9080";9080;1
"9081";9081;1
"9082";9082;1
"9083";9083;1
"9084";9084;3
"9085";9085;1
"9086";9086;1
"9087";9087;1
"9088";9088;4
"9089";9089;1
"9090";9090;1
"9091";9091;1
"9092";9092;1
"9093";9093;1
"9094";9094;1
"9095";9095;1
"9096";9096;4
"9097";9097;1
"9098";9098;4
"9099";9099;1
"9100";9100;2
"9101";9101;4
"9102";9102;1
"9103";9103;1
"9104";9104;1
"9105";9105;4
"9106";9106;1
"9107";9107;1
"9108";9108;1
"9109";9109;2
"9110";9110;4
"9111";9111;1
"9112";9112;1
"9113";9113;1
"9114";9114;1
"9115";9115;1
"9116";9116;1
"9117";9117;1
"9118";9118;1
"9119";9119;1
"9120";9120;1
"9121";9121;1
"9122";9122;1
"9123";9123;1
"9124";9124;1
"9125";9125;1
"9126";9126;1
"9127";9127;4
"9128";9128;1
"9129";9129;1
"9130";9130;1
"9131";9131;1
"9132";9132;1
"9133";9133;1
"9134";9134;1
"9135";9135;1
"9136";9136;1
"9137";9137;1
"9138";9138;1
"9139";9139;1
"9140";9140;1
"9141";9141;1
"9142";9142;1
"9143";9143;1
"9144";9144;4
"9145";9145;1
"9146";9146;4
"9147";9147;1
"9148";9148;1
"9149";9149;1
"9150";9150;1
"9151";9151;1
"9152";9152;1
"9153";9153;1
"9154";9154;1
"9155";9155;1
"9156";9156;1
"9157";9157;1
"9158";9158;1
"9159";9159;4
"9160";9160;1
"9161";9161;4
"9162";9162;1
"9163";9163;1
"9164";9164;1
"9165";9165;1
"9166";9166;1
"9167";9167;1
"9168";9168;2
"9169";9169;2
"9170";9170;4
"9171";9171;4
"9172";9172;0
"9173";9173;1
"9174";9174;1
"9175";9175;3
"9176";9176;1
"9177";9177;1
"9178";9178;4
"9179";9179;4
"9180";9180;4
"9181";9181;4
"9182";9182;1
"9183";9183;4
"9184";9184;1
"9185";9185;1
"9186";9186;1
"9187";9187;1
"9188";9188;1
"9189";9189;1
"9190";9190;1
"9191";9191;1
"9192";9192;1
"9193";9193;1
"9194";9194;1
"9195";9195;1
"9196";9196;1
"9197";9197;1
"9198";9198;1
"9199";9199;1
"9200";9200;1
"9201";9201;2
"9202";9202;1
"9203";9203;1
"9204";9204;1
"9205";9205;4
"9206";9206;1
"9207";9207;1
"9208";9208;4
"9209";9209;1
"9210";9210;1
"9211";9211;1
"9212";9212;1
"9213";9213;1
"9214";9214;1
"9215";9215;1
"9216";9216;1
"9217";9217;1
"9218";9218;4
"9219";9219;4
"9220";9220;1
"9221";9221;1
"9222";9222;1
"9223";9223;2
"9224";9224;1
"9225";9225;1
"9226";9226;1
"9227";9227;1
"9228";9228;1
"9229";9229;1
"9230";9230;4
"9231";9231;4
"9232";9232;3
"9233";9233;3
"9234";9234;3
"9235";9235;3
"9236";9236;4
"9237";9237;3
"9238";9238;3
"9239";9239;3
"9240";9240;3
"9241";9241;4
"9242";9242;3
"9243";9243;3
"9244";9244;3
"9245";9245;4
"9246";9246;4
"9247";9247;3
"9248";9248;4
"9249";9249;3
"9250";9250;3
"9251";9251;3
"9252";9252;3
"9253";9253;3
"9254";9254;3
"9255";9255;4
"9256";9256;3
"9257";9257;3
"9258";9258;3
"9259";9259;3
"9260";9260;3
"9261";9261;1
"9262";9262;1
"9263";9263;3
"9264";9264;3
"9265";9265;3
"9266";9266;4
"9267";9267;3
"9268";9268;3
"9269";9269;3
"9270";9270;3
"9271";9271;2
"9272";9272;4
"9273";9273;3
"9274";9274;3
"9275";9275;3
"9276";9276;3
"9277";9277;3
"9278";9278;4
"9279";9279;4
"9280";9280;3
"9281";9281;3
"9282";9282;3
"9283";9283;3
"9284";9284;3
"9285";9285;3
"9286";9286;3
"9287";9287;3
"9288";9288;3
"9289";9289;2
"9290";9290;3
"9291";9291;3
"9292";9292;3
"9293";9293;3
"9294";9294;3
"9295";9295;4
"9296";9296;4
"9297";9297;2
"9298";9298;4
"9299";9299;1
"9300";9300;1
"9301";9301;4
"9302";9302;1
"9303";9303;4
"9304";9304;4
"9305";9305;1
"9306";9306;4
"9307";9307;3
"9308";9308;3
"9309";9309;3
"9310";9310;1
"9311";9311;3
"9312";9312;4
"9313";9313;3
"9314";9314;4
"9315";9315;4
"9316";9316;4
"9317";9317;4
"9318";9318;4
"9319";9319;3
"9320";9320;4
"9321";9321;3
"9322";9322;1
"9323";9323;3
"9324";9324;3
"9325";9325;1
"9326";9326;1
"9327";9327;3
"9328";9328;0
"9329";9329;4
"9330";9330;3
"9331";9331;4
"9332";9332;4
"9333";9333;3
"9334";9334;4
"9335";9335;4
"9336";9336;3
"9337";9337;4
"9338";9338;4
"9339";9339;4
"9340";9340;4
"9341";9341;4
"9342";9342;4
"9343";9343;4
"9344";9344;4
"9345";9345;4
"9346";9346;4
"9347";9347;0
"9348";9348;4
"9349";9349;4
"9350";9350;4
"9351";9351;4
"9352";9352;4
"9353";9353;4
"9354";9354;4
"9355";9355;4
"9356";9356;4
"9357";9357;1
"9358";9358;4
"9359";9359;2
"9360";9360;4
"9361";9361;4
"9362";9362;4
"9363";9363;4
"9364";9364;4
"9365";9365;4
"9366";9366;4
"9367";9367;4
"9368";9368;4
"9369";9369;4
"9370";9370;4
"9371";9371;4
"9372";9372;4
"9373";9373;4
"9374";9374;4
"9375";9375;4
"9376";9376;4
"9377";9377;4
"9378";9378;4
"9379";9379;4
"9380";9380;2
"9381";9381;2
"9382";9382;2
"9383";9383;2
"9384";9384;2
"9385";9385;2
"9386";9386;2
"9387";9387;2
"9388";9388;2
"9389";9389;4
"9390";9390;1
"9391";9391;4
"9392";9392;4
"9393";9393;3
"9394";9394;3
"9395";9395;3
"9396";9396;4
"9397";9397;4
"9398";9398;4
"9399";9399;3
"9400";9400;4
"9401";9401;4
"9402";9402;4
"9403";9403;4
"9404";9404;4
"9405";9405;4
"9406";9406;4
"9407";9407;4
"9408";9408;4
"9409";9409;4
"9410";9410;4
"9411";9411;4
"9412";9412;1
"9413";9413;4
"9414";9414;1
"9415";9415;1
"9416";9416;4
"9417";9417;1
"9418";9418;4
"9419";9419;1
"9420";9420;4
"9421";9421;4
"9422";9422;4
"9423";9423;4
"9424";9424;0
"9425";9425;0
"9426";9426;0
"9427";9427;0
"9428";9428;0
"9429";9429;4
"9430";9430;1
"9431";9431;4
"9432";9432;4
"9433";9433;4
"9434";9434;4
"9435";9435;3
"9436";9436;4
"9437";9437;3
"9438";9438;4
"9439";9439;3
"9440";9440;4
"9441";9441;3
"9442";9442;1
"9443";9443;4
"9444";9444;4
"9445";9445;4
"9446";9446;4
"9447";9447;3
"9448";9448;3
"9449";9449;4
"9450";9450;4
"9451";9451;3
"9452";9452;3
"9453";9453;4
"9454";9454;4
"9455";9455;1
"9456";9456;1
"9457";9457;4
"9458";9458;1
"9459";9459;1
"9460";9460;4
"9461";9461;4
"9462";9462;4
"9463";9463;4
"9464";9464;0
"9465";9465;4
"9466";9466;3
"9467";9467;1
"9468";9468;1
"9469";9469;4
"9470";9470;4
"9471";9471;4
"9472";9472;4
"9473";9473;1
"9474";9474;4
"9475";9475;4
"9476";9476;4
"9477";9477;4
"9478";9478;4
"9479";9479;4
"9480";9480;4
"9481";9481;4
"9482";9482;4
"9483";9483;4
"9484";9484;4
"9485";9485;4
"9486";9486;4
"9487";9487;3
"9488";9488;1
"9489";9489;4
"9490";9490;4
"9491";9491;3
"9492";9492;0
"9493";9493;4
"9494";9494;4
"9495";9495;4
"9496";9496;4
"9497";9497;4
"9498";9498;2
"9499";9499;4
"9500";9500;4
"9501";9501;4
"9502";9502;3
"9503";9503;3
"9504";9504;4
"9505";9505;4
"9506";9506;4
"9507";9507;4
"9508";9508;4
"9509";9509;4
"9510";9510;4
"9511";9511;4
"9512";9512;4
"9513";9513;4
"9514";9514;3
"9515";9515;4
"9516";9516;4
"9517";9517;4
"9518";9518;4
"9519";9519;4
"9520";9520;4
"9521";9521;4
"9522";9522;4
"9523";9523;4
"9524";9524;4
"9525";9525;4
"9526";9526;4
"9527";9527;4
"9528";9528;4
"9529";9529;4
"9530";9530;4
"9531";9531;4
"9532";9532;4
"9533";9533;4
"9534";9534;4
"9535";9535;4
"9536";9536;4
"9537";9537;4
"9538";9538;4
"9539";9539;4
"9540";9540;4
"9541";9541;4
"9542";9542;4
"9543";9543;0
"9544";9544;4
"9545";9545;3
"9546";9546;4
"9547";9547;4
"9548";9548;4
"9549";9549;4
"9550";9550;4
"9551";9551;4
"9552";9552;4
"9553";9553;4
"9554";9554;4
"9555";9555;4
"9556";9556;4
"9557";9557;4
"9558";9558;0
"9559";9559;4
"9560";9560;4
"9561";9561;4
"9562";9562;4
"9563";9563;4
"9564";9564;4
"9565";9565;4
"9566";9566;0
"9567";9567;4
"9568";9568;4
"9569";9569;2
"9570";9570;4
"9571";9571;4
"9572";9572;4
"9573";9573;4
"9574";9574;4
"9575";9575;4
"9576";9576;4
"9577";9577;4
"9578";9578;2
"9579";9579;4
"9580";9580;4
"9581";9581;4
"9582";9582;4
"9583";9583;4
"9584";9584;4
"9585";9585;4
"9586";9586;4
"9587";9587;4
"9588";9588;4
"9589";9589;4
"9590";9590;4
"9591";9591;4
"9592";9592;2
"9593";9593;4
"9594";9594;4
"9595";9595;4
"9596";9596;4
"9597";9597;3
"9598";9598;4
"9599";9599;4
"9600";9600;4
"9601";9601;4
"9602";9602;2
"9603";9603;4
"9604";9604;4
"9605";9605;4
"9606";9606;4
"9607";9607;4
"9608";9608;1
"9609";9609;3
"9610";9610;4
"9611";9611;4
"9612";9612;4
"9613";9613;4
"9614";9614;1
"9615";9615;4
"9616";9616;4
"9617";9617;4
"9618";9618;4
"9619";9619;4
"9620";9620;4
"9621";9621;4
"9622";9622;4
"9623";9623;4
"9624";9624;4
"9625";9625;4
"9626";9626;4
"9627";9627;4
"9628";9628;0
"9629";9629;4
"9630";9630;4
"9631";9631;4
"9632";9632;4
"9633";9633;4
"9634";9634;4
"9635";9635;4
"9636";9636;4
"9637";9637;4
"9638";9638;4
"9639";9639;4
"9640";9640;4
"9641";9641;1
"9642";9642;3
"9643";9643;4
"9644";9644;4
"9645";9645;4
"9646";9646;4
"9647";9647;4
"9648";9648;4
"9649";9649;4
"9650";9650;4
"9651";9651;4
"9652";9652;4
"9653";9653;1
"9654";9654;4
"9655";9655;4
"9656";9656;4
"9657";9657;4
"9658";9658;4
"9659";9659;4
"9660";9660;4
"9661";9661;4
"9662";9662;4
"9663";9663;4
"9664";9664;1
"9665";9665;4
"9666";9666;4
"9667";9667;4
"9668";9668;4
"9669";9669;4
"9670";9670;4
"9671";9671;4
"9672";9672;4
"9673";9673;4
"9674";9674;4
"9675";9675;4
"9676";9676;4
"9677";9677;4
"9678";9678;4
"9679";9679;4
"9680";9680;1
"9681";9681;1
"9682";9682;4
"9683";9683;1
"9684";9684;4
"9685";9685;4
"9686";9686;4
"9687";9687;1
"9688";9688;4
"9689";9689;4
"9690";9690;4
"9691";9691;4
"9692";9692;4
"9693";9693;4
"9694";9694;4
"9695";9695;4
"9696";9696;4
"9697";9697;4
"9698";9698;4
"9699";9699;4
"9700";9700;4
"9701";9701;4
"9702";9702;4
"9703";9703;4
"9704";9704;4
"9705";9705;4
"9706";9706;4
"9707";9707;4
"9708";9708;4
"9709";9709;4
"9710";9710;4
"9711";9711;4
"9712";9712;4
"9713";9713;0
"9714";9714;4
"9715";9715;4
"9716";9716;4
"9717";9717;4
"9718";9718;4
"9719";9719;4
"9720";9720;4
"9721";9721;4
"9722";9722;4
"9723";9723;3
"9724";9724;3
"9725";9725;4
"9726";9726;4
"9727";9727;4
"9728";9728;4
"9729";9729;4
"9730";9730;4
"9731";9731;4
"9732";9732;0
"9733";9733;4
"9734";9734;4
"9735";9735;4
"9736";9736;4
"9737";9737;4
"9738";9738;4
"9739";9739;4
"9740";9740;4
"9741";9741;4
"9742";9742;4
"9743";9743;4
"9744";9744;4
"9745";9745;4
"9746";9746;4
"9747";9747;4
"9748";9748;4
"9749";9749;4
"9750";9750;4
"9751";9751;4
"9752";9752;4
"9753";9753;4
"9754";9754;4
"9755";9755;4
"9756";9756;4
"9757";9757;4
"9758";9758;2
"9759";9759;4
"9760";9760;4
"9761";9761;2
"9762";9762;4
"9763";9763;4
"9764";9764;4
"9765";9765;4
"9766";9766;4
"9767";9767;4
"9768";9768;4
"9769";9769;4
"9770";9770;4
"9771";9771;4
"9772";9772;4
"9773";9773;4
"9774";9774;2
"9775";9775;4
"9776";9776;4
"9777";9777;4
"9778";9778;1
"9779";9779;4
"9780";9780;4
"9781";9781;4
"9782";9782;2
"9783";9783;4
"9784";9784;1
"9785";9785;4
"9786";9786;4
"9787";9787;4
"9788";9788;4
"9789";9789;4
"9790";9790;1
"9791";9791;0
"9792";9792;2
"9793";9793;4
"9794";9794;4
"9795";9795;4
"9796";9796;4
"9797";9797;4
"9798";9798;4
"9799";9799;4
"9800";9800;4
"9801";9801;4
"9802";9802;4
"9803";9803;4
"9804";9804;4
"9805";9805;4
"9806";9806;4
"9807";9807;4
"9808";9808;4
"9809";9809;4
"9810";9810;4
"9811";9811;4
"9812";9812;1
"9813";9813;1
"9814";9814;4
"9815";9815;1
"9816";9816;1
"9817";9817;1
"9818";9818;4
"9819";9819;4
"9820";9820;4
"9821";9821;4
"9822";9822;4
"9823";9823;4
"9824";9824;4
"9825";9825;4
"9826";9826;4
"9827";9827;4
"9828";9828;4
"9829";9829;4
"9830";9830;4
"9831";9831;4
"9832";9832;4
"9833";9833;4
"9834";9834;4
"9835";9835;4
"9836";9836;4
"9837";9837;4
"9838";9838;0
"9839";9839;4
"9840";9840;4
"9841";9841;4
"9842";9842;4
"9843";9843;4
"9844";9844;4
"9845";9845;4
"9846";9846;4
"9847";9847;4
"9848";9848;4
"9849";9849;4
"9850";9850;1
"9851";9851;4
"9852";9852;4
"9853";9853;4
"9854";9854;4
"9855";9855;3
"9856";9856;4
"9857";9857;4
"9858";9858;4
"9859";9859;4
"9860";9860;4
"9861";9861;4
"9862";9862;4
"9863";9863;4
"9864";9864;4
"9865";9865;4
"9866";9866;4
"9867";9867;4
"9868";9868;4
"9869";9869;4
"9870";9870;4
"9871";9871;4
"9872";9872;4
"9873";9873;4
"9874";9874;3
"9875";9875;0
"9876";9876;4
"9877";9877;4
"9878";9878;4
"9879";9879;4
"9880";9880;4
"9881";9881;4
"9882";9882;4
"9883";9883;4
"9884";9884;4
"9885";9885;4
"9886";9886;4
"9887";9887;4
"9888";9888;4
"9889";9889;2
"9890";9890;4
"9891";9891;4
"9892";9892;4
"9893";9893;4
"9894";9894;2
"9895";9895;2
"9896";9896;4
"9897";9897;1
"9898";9898;4
"9899";9899;2
"9900";9900;1
"9901";9901;1
"9902";9902;1
"9903";9903;1
"9904";9904;1
"9905";9905;1
"9906";9906;1
"9907";9907;1
"9908";9908;1
"9909";9909;1
"9910";9910;1
"9911";9911;1
"9912";9912;1
"9913";9913;1
"9914";9914;1
"9915";9915;1
"9916";9916;1
"9917";9917;1
"9918";9918;1
"9919";9919;1
"9920";9920;1
"9921";9921;1
"9922";9922;1
"9923";9923;1
"9924";9924;1
"9925";9925;1
"9926";9926;1
"9927";9927;1
"9928";9928;1
"9929";9929;1
"9930";9930;1
"9931";9931;1
"9932";9932;1
"9933";9933;1
"9934";9934;1
"9935";9935;1
"9936";9936;1
"9937";9937;1
"9938";9938;1
"9939";9939;1
"9940";9940;1
"9941";9941;1
"9942";9942;1
"9943";9943;1
"9944";9944;1
"9945";9945;1
"9946";9946;3
"9947";9947;1
"9948";9948;1
"9949";9949;1
"9950";9950;3
"9951";9951;1
"9952";9952;1
"9953";9953;1
"9954";9954;1
"9955";9955;1
"9956";9956;1
"9957";9957;1
"9958";9958;1
"9959";9959;1
"9960";9960;1
"9961";9961;1
"9962";9962;1
"9963";9963;1
"9964";9964;1
"9965";9965;1
"9966";9966;1
"9967";9967;1
"9968";9968;1
"9969";9969;1
"9970";9970;1
"9971";9971;1
"9972";9972;1
"9973";9973;1
"9974";9974;1
"9975";9975;1
"9976";9976;1
"9977";9977;1
"9978";9978;1
"9979";9979;4
"9980";9980;1
"9981";9981;1
"9982";9982;1
"9983";9983;1
"9984";9984;1
"9985";9985;1
"9986";9986;1
"9987";9987;1
"9988";9988;1
"9989";9989;1
"9990";9990;1
"9991";9991;1
"9992";9992;1
"9993";9993;1
"9994";9994;1
"9995";9995;1
"9996";9996;1
"9997";9997;1
"9998";9998;1
"9999";9999;1
"10000";10000;1
"10001";10001;1
"10002";10002;1
"10003";10003;1
"10004";10004;1
"10005";10005;1
"10006";10006;1
"10007";10007;1
"10008";10008;1
"10009";10009;1
"10010";10010;1
"10011";10011;1
"10012";10012;1
"10013";10013;1
"10014";10014;1
"10015";10015;1
"10016";10016;1
"10017";10017;1
"10018";10018;1
"10019";10019;1
"10020";10020;1
"10021";10021;1
"10022";10022;4
"10023";10023;4
"10024";10024;1
"10025";10025;4
"10026";10026;1
"10027";10027;1
"10028";10028;1
"10029";10029;1
"10030";10030;1
"10031";10031;1
"10032";10032;0
"10033";10033;1
"10034";10034;1
"10035";10035;1
"10036";10036;1
"10037";10037;4
"10038";10038;1
"10039";10039;1
"10040";10040;1
"10041";10041;1
"10042";10042;1
"10043";10043;1
"10044";10044;1
"10045";10045;1
"10046";10046;1
"10047";10047;1
"10048";10048;1
"10049";10049;1
"10050";10050;1
"10051";10051;1
"10052";10052;1
"10053";10053;1
"10054";10054;1
"10055";10055;1
"10056";10056;1
"10057";10057;1
"10058";10058;1
"10059";10059;1
"10060";10060;1
"10061";10061;1
"10062";10062;1
"10063";10063;1
"10064";10064;1
"10065";10065;1
"10066";10066;1
"10067";10067;1
"10068";10068;1
"10069";10069;1
"10070";10070;1
"10071";10071;1
"10072";10072;1
"10073";10073;1
"10074";10074;1
"10075";10075;1
"10076";10076;1
"10077";10077;1
"10078";10078;1
"10079";10079;1
"10080";10080;1
"10081";10081;1
"10082";10082;1
"10083";10083;1
"10084";10084;1
"10085";10085;1
"10086";10086;1
"10087";10087;1
"10088";10088;1
"10089";10089;1
"10090";10090;1
"10091";10091;1
"10092";10092;1
"10093";10093;1
"10094";10094;1
"10095";10095;1
"10096";10096;1
"10097";10097;1
"10098";10098;1
"10099";10099;1
"10100";10100;1
"10101";10101;1
"10102";10102;1
"10103";10103;1
"10104";10104;1
"10105";10105;1
"10106";10106;1
"10107";10107;4
"10108";10108;1
"10109";10109;1
"10110";10110;1
"10111";10111;1
"10112";10112;1
"10113";10113;1
"10114";10114;1
"10115";10115;1
"10116";10116;4
"10117";10117;2
"10118";10118;1
"10119";10119;1
"10120";10120;1
"10121";10121;1
"10122";10122;1
"10123";10123;1
"10124";10124;1
"10125";10125;1
"10126";10126;1
"10127";10127;1
"10128";10128;1
"10129";10129;1
"10130";10130;1
"10131";10131;4
"10132";10132;1
"10133";10133;1
"10134";10134;1
"10135";10135;1
"10136";10136;1
"10137";10137;1
"10138";10138;1
"10139";10139;1
"10140";10140;1
"10141";10141;1
"10142";10142;1
"10143";10143;1
"10144";10144;1
"10145";10145;1
"10146";10146;1
"10147";10147;1
"10148";10148;1
"10149";10149;1
"10150";10150;1
"10151";10151;1
"10152";10152;1
"10153";10153;1
"10154";10154;4
"10155";10155;1
"10156";10156;1
"10157";10157;1
"10158";10158;1
"10159";10159;1
"10160";10160;1
"10161";10161;1
"10162";10162;1
"10163";10163;1
"10164";10164;1
"10165";10165;1
"10166";10166;1
"10167";10167;1
"10168";10168;1
"10169";10169;1
"10170";10170;1
"10171";10171;1
"10172";10172;1
"10173";10173;1
"10174";10174;1
"10175";10175;1
"10176";10176;1
"10177";10177;1
"10178";10178;1
"10179";10179;1
"10180";10180;4
"10181";10181;3
"10182";10182;4
"10183";10183;3
"10184";10184;1
"10185";10185;1
"10186";10186;1
"10187";10187;1
"10188";10188;1
"10189";10189;1
"10190";10190;1
"10191";10191;1
"10192";10192;1
"10193";10193;1
"10194";10194;1
"10195";10195;1
"10196";10196;3
"10197";10197;3
"10198";10198;0
"10199";10199;1
"10200";10200;1
"10201";10201;1
"10202";10202;1
"10203";10203;1
"10204";10204;1
"10205";10205;1
"10206";10206;1
"10207";10207;1
"10208";10208;1
"10209";10209;1
"10210";10210;1
"10211";10211;1
"10212";10212;1
"10213";10213;1
"10214";10214;4
"10215";10215;4
"10216";10216;1
"10217";10217;1
"10218";10218;1
"10219";10219;1
"10220";10220;1
"10221";10221;0
"10222";10222;1
"10223";10223;1
"10224";10224;1
"10225";10225;1
"10226";10226;4
"10227";10227;4
"10228";10228;4
"10229";10229;1
"10230";10230;1
"10231";10231;1
"10232";10232;1
"10233";10233;1
"10234";10234;1
"10235";10235;1
"10236";10236;1
"10237";10237;1
"10238";10238;1
"10239";10239;1
"10240";10240;1
"10241";10241;1
"10242";10242;4
"10243";10243;4
"10244";10244;4
"10245";10245;4
"10246";10246;4
"10247";10247;4
"10248";10248;4
"10249";10249;3
"10250";10250;3
"10251";10251;4
"10252";10252;4
"10253";10253;2
"10254";10254;3
"10255";10255;3
"10256";10256;3
"10257";10257;3
"10258";10258;3
"10259";10259;4
"10260";10260;4
"10261";10261;4
"10262";10262;4
"10263";10263;4
"10264";10264;4
"10265";10265;4
"10266";10266;4
"10267";10267;4
"10268";10268;3
"10269";10269;4
"10270";10270;3
"10271";10271;3
"10272";10272;4
"10273";10273;3
"10274";10274;3
"10275";10275;3
"10276";10276;3
"10277";10277;3
"10278";10278;3
"10279";10279;4
"10280";10280;4
"10281";10281;2
"10282";10282;4
"10283";10283;3
"10284";10284;3
"10285";10285;1
"10286";10286;1
"10287";10287;1
"10288";10288;1
"10289";10289;1
"10290";10290;3
"10291";10291;1
"10292";10292;1
"10293";10293;3
"10294";10294;1
"10295";10295;3
"10296";10296;4
"10297";10297;3
"10298";10298;1
"10299";10299;1
"10300";10300;1
"10301";10301;3
"10302";10302;3
"10303";10303;3
"10304";10304;2
"10305";10305;3
"10306";10306;3
"10307";10307;3
"10308";10308;2
"10309";10309;3
"10310";10310;4
"10311";10311;4
"10312";10312;4
"10313";10313;2
"10314";10314;2
"10315";10315;2
"10316";10316;2
"10317";10317;3
"10318";10318;3
"10319";10319;3
"10320";10320;3
"10321";10321;3
"10322";10322;3
"10323";10323;4
"10324";10324;3
"10325";10325;3
"10326";10326;4
"10327";10327;3
"10328";10328;3
"10329";10329;3
"10330";10330;3
"10331";10331;4
"10332";10332;4
"10333";10333;4
"10334";10334;3
"10335";10335;4
"10336";10336;3
"10337";10337;3
"10338";10338;4
"10339";10339;4
"10340";10340;3
"10341";10341;3
"10342";10342;3
"10343";10343;1
"10344";10344;3
"10345";10345;4
"10346";10346;0
"10347";10347;4
"10348";10348;3
"10349";10349;4
"10350";10350;4
"10351";10351;4
"10352";10352;4
"10353";10353;4
"10354";10354;2
"10355";10355;0
"10356";10356;4
"10357";10357;4
"10358";10358;4
"10359";10359;4
"10360";10360;4
"10361";10361;4
"10362";10362;3
"10363";10363;4
"10364";10364;4
"10365";10365;3
"10366";10366;3
"10367";10367;3
"10368";10368;3
"10369";10369;3
"10370";10370;4
"10371";10371;4
"10372";10372;4
"10373";10373;4
"10374";10374;4
"10375";10375;4
"10376";10376;4
"10377";10377;2
"10378";10378;1
"10379";10379;1
"10380";10380;3
"10381";10381;3
"10382";10382;3
"10383";10383;4
"10384";10384;3
"10385";10385;3
"10386";10386;4
"10387";10387;3
"10388";10388;4
"10389";10389;4
"10390";10390;4
"10391";10391;4
"10392";10392;3
"10393";10393;2
"10394";10394;4
"10395";10395;4
"10396";10396;4
"10397";10397;4
"10398";10398;4
"10399";10399;4
"10400";10400;2
"10401";10401;3
"10402";10402;3
"10403";10403;3
"10404";10404;4
"10405";10405;4
"10406";10406;3
"10407";10407;4
"10408";10408;4
"10409";10409;4
"10410";10410;4
"10411";10411;4
"10412";10412;3
"10413";10413;3
"10414";10414;4
"10415";10415;4
"10416";10416;4
"10417";10417;4
"10418";10418;4
"10419";10419;4
"10420";10420;4
"10421";10421;4
"10422";10422;4
"10423";10423;4
"10424";10424;4
"10425";10425;2
"10426";10426;4
"10427";10427;4
"10428";10428;4
"10429";10429;4
"10430";10430;4
"10431";10431;3
"10432";10432;3
"10433";10433;3
"10434";10434;3
"10435";10435;3
"10436";10436;3
"10437";10437;3
"10438";10438;3
"10439";10439;3
"10440";10440;3
"10441";10441;3
"10442";10442;3
"10443";10443;3
"10444";10444;1
"10445";10445;1
"10446";10446;3
"10447";10447;1
"10448";10448;3
"10449";10449;4
"10450";10450;3
"10451";10451;4
"10452";10452;3
"10453";10453;0
"10454";10454;2
"10455";10455;2
"10456";10456;2
"10457";10457;4
"10458";10458;4
"10459";10459;3
"10460";10460;3
"10461";10461;3
"10462";10462;3
"10463";10463;0
"10464";10464;4
"10465";10465;1
"10466";10466;3
"10467";10467;3
"10468";10468;4
"10469";10469;3
"10470";10470;4
"10471";10471;3
"10472";10472;3
"10473";10473;3
"10474";10474;4
"10475";10475;3
"10476";10476;3
"10477";10477;3
"10478";10478;3
"10479";10479;4
"10480";10480;4
"10481";10481;4
"10482";10482;4
"10483";10483;4
"10484";10484;3
"10485";10485;4
"10486";10486;1
"10487";10487;3
"10488";10488;3
"10489";10489;3
"10490";10490;3
"10491";10491;3
"10492";10492;3
"10493";10493;3
"10494";10494;4
"10495";10495;4
"10496";10496;3
"10497";10497;3
"10498";10498;4
"10499";10499;4
"10500";10500;3
"10501";10501;4
"10502";10502;3
"10503";10503;3
"10504";10504;2
"10505";10505;4
"10506";10506;4
"10507";10507;3
"10508";10508;3
"10509";10509;3
"10510";10510;4
"10511";10511;3
"10512";10512;4
"10513";10513;4
"10514";10514;4
"10515";10515;4
"10516";10516;3
"10517";10517;4
"10518";10518;4
"10519";10519;3
"10520";10520;4
"10521";10521;3
"10522";10522;4
"10523";10523;3
"10524";10524;4
"10525";10525;3
"10526";10526;4
"10527";10527;4
"10528";10528;3
"10529";10529;4
"10530";10530;4
"10531";10531;3
"10532";10532;3
"10533";10533;3
"10534";10534;3
"10535";10535;3
"10536";10536;3
"10537";10537;3
"10538";10538;2
"10539";10539;3
"10540";10540;3
"10541";10541;4
"10542";10542;4
"10543";10543;4
"10544";10544;3
"10545";10545;3
"10546";10546;3
"10547";10547;3
"10548";10548;3
"10549";10549;3
"10550";10550;3
"10551";10551;3
"10552";10552;3
"10553";10553;4
"10554";10554;4
"10555";10555;4
"10556";10556;3
"10557";10557;1
"10558";10558;4
"10559";10559;3
"10560";10560;3
"10561";10561;4
"10562";10562;3
"10563";10563;3
"10564";10564;3
"10565";10565;3
"10566";10566;3
"10567";10567;4
"10568";10568;3
"10569";10569;3
"10570";10570;3
"10571";10571;4
"10572";10572;4
"10573";10573;2
"10574";10574;3
"10575";10575;3
"10576";10576;3
"10577";10577;3
"10578";10578;3
"10579";10579;3
"10580";10580;3
"10581";10581;3
"10582";10582;4
"10583";10583;1
"10584";10584;4
"10585";10585;4
"10586";10586;4
"10587";10587;4
"10588";10588;3
"10589";10589;4
"10590";10590;3
"10591";10591;4
"10592";10592;4
"10593";10593;4
"10594";10594;4
"10595";10595;0
"10596";10596;0
"10597";10597;4
"10598";10598;4
"10599";10599;0
"10600";10600;4
"10601";10601;4
"10602";10602;3
"10603";10603;4
"10604";10604;4
"10605";10605;4
"10606";10606;4
"10607";10607;4
"10608";10608;4
"10609";10609;4
"10610";10610;4
"10611";10611;4
"10612";10612;4
"10613";10613;4
"10614";10614;4
"10615";10615;4
"10616";10616;0
"10617";10617;4
"10618";10618;4
"10619";10619;4
"10620";10620;4
"10621";10621;3
"10622";10622;4
"10623";10623;4
"10624";10624;4
"10625";10625;1
"10626";10626;4
"10627";10627;4
"10628";10628;4
"10629";10629;3
"10630";10630;4
"10631";10631;4
"10632";10632;4
"10633";10633;4
"10634";10634;4
"10635";10635;3
"10636";10636;3
"10637";10637;3
"10638";10638;3
"10639";10639;3
"10640";10640;4
"10641";10641;0
"10642";10642;0
"10643";10643;0
"10644";10644;0
"10645";10645;1
"10646";10646;4
"10647";10647;3
"10648";10648;0
"10649";10649;0
"10650";10650;3
"10651";10651;3
"10652";10652;3
"10653";10653;3
"10654";10654;4
"10655";10655;0
"10656";10656;3
"10657";10657;4
"10658";10658;0
"10659";10659;4
"10660";10660;4
"10661";10661;4
"10662";10662;4
"10663";10663;4
"10664";10664;4
"10665";10665;3
"10666";10666;4
"10667";10667;0
"10668";10668;4
"10669";10669;4
"10670";10670;3
"10671";10671;4
"10672";10672;4
"10673";10673;4
"10674";10674;4
"10675";10675;4
"10676";10676;4
"10677";10677;4
"10678";10678;4
"10679";10679;4
"10680";10680;4
"10681";10681;3
"10682";10682;3
"10683";10683;4
"10684";10684;3
"10685";10685;4
"10686";10686;3
"10687";10687;2
"10688";10688;4
"10689";10689;4
"10690";10690;4
"10691";10691;4
"10692";10692;4
"10693";10693;4
"10694";10694;4
"10695";10695;4
"10696";10696;4
"10697";10697;4
"10698";10698;3
"10699";10699;1
"10700";10700;1
"10701";10701;3
"10702";10702;4
"10703";10703;3
"10704";10704;3
"10705";10705;4
"10706";10706;3
"10707";10707;3
"10708";10708;4
"10709";10709;3
"10710";10710;4
"10711";10711;4
"10712";10712;4
"10713";10713;3
"10714";10714;3
"10715";10715;4
"10716";10716;4
"10717";10717;4
"10718";10718;4
"10719";10719;4
"10720";10720;3
"10721";10721;3
"10722";10722;3
"10723";10723;3
"10724";10724;3
"10725";10725;3
"10726";10726;3
"10727";10727;4
"10728";10728;3
"10729";10729;3
"10730";10730;4
"10731";10731;4
"10732";10732;4
"10733";10733;3
"10734";10734;3
"10735";10735;3
"10736";10736;3
"10737";10737;4
"10738";10738;3
"10739";10739;3
"10740";10740;4
"10741";10741;4
"10742";10742;3
"10743";10743;2
"10744";10744;3
"10745";10745;4
"10746";10746;3
"10747";10747;2
"10748";10748;1
"10749";10749;1
"10750";10750;1
"10751";10751;1
"10752";10752;3
"10753";10753;3
"10754";10754;4
"10755";10755;4
"10756";10756;4
"10757";10757;4
"10758";10758;4
"10759";10759;2
"10760";10760;3
"10761";10761;3
"10762";10762;3
"10763";10763;4
"10764";10764;4
"10765";10765;4
"10766";10766;3
"10767";10767;3
"10768";10768;3
"10769";10769;1
"10770";10770;4
"10771";10771;3
"10772";10772;3
"10773";10773;3
"10774";10774;3
"10775";10775;1
"10776";10776;1
"10777";10777;1
"10778";10778;1
"10779";10779;1
"10780";10780;3
"10781";10781;1
"10782";10782;1
"10783";10783;1
"10784";10784;1
"10785";10785;1
"10786";10786;1
"10787";10787;1
"10788";10788;1
"10789";10789;1
"10790";10790;1
"10791";10791;1
"10792";10792;1
"10793";10793;1
"10794";10794;1
"10795";10795;1
"10796";10796;1
"10797";10797;1
"10798";10798;1
"10799";10799;1
"10800";10800;1
"10801";10801;1
"10802";10802;1
"10803";10803;1
"10804";10804;1
"10805";10805;1
"10806";10806;1
"10807";10807;1
"10808";10808;1
"10809";10809;1
"10810";10810;1
"10811";10811;1
"10812";10812;4
"10813";10813;0
"10814";10814;3
"10815";10815;3
"10816";10816;3
"10817";10817;4
"10818";10818;0
"10819";10819;0
"10820";10820;0
"10821";10821;0
"10822";10822;0
"10823";10823;0
"10824";10824;0
"10825";10825;0
"10826";10826;0
"10827";10827;0
"10828";10828;0
"10829";10829;0
"10830";10830;0
"10831";10831;0
"10832";10832;0
"10833";10833;0
"10834";10834;0
"10835";10835;0
"10836";10836;0
"10837";10837;0
"10838";10838;0
"10839";10839;0
"10840";10840;0
"10841";10841;0
"10842";10842;0
"10843";10843;0
"10844";10844;0
"10845";10845;2
"10846";10846;4
"10847";10847;0
"10848";10848;4
"10849";10849;4
"10850";10850;1
"10851";10851;1
"10852";10852;4
"10853";10853;3
"10854";10854;2
"10855";10855;0
"10856";10856;4
"10857";10857;0
"10858";10858;2
"10859";10859;4
"10860";10860;4
"10861";10861;4
"10862";10862;4
"10863";10863;4
"10864";10864;4
"10865";10865;4
"10866";10866;2
"10867";10867;2
"10868";10868;2
"10869";10869;4
"10870";10870;3
"10871";10871;4
"10872";10872;4
"10873";10873;0
"10874";10874;0
"10875";10875;4
"10876";10876;2
"10877";10877;4
"10878";10878;4
"10879";10879;4
"10880";10880;4
"10881";10881;4
"10882";10882;4
"10883";10883;4
"10884";10884;4
"10885";10885;4
"10886";10886;4
"10887";10887;4
"10888";10888;4
"10889";10889;4
"10890";10890;4
"10891";10891;4
"10892";10892;4
"10893";10893;4
"10894";10894;4
"10895";10895;4
"10896";10896;4
"10897";10897;4
"10898";10898;4
"10899";10899;4
"10900";10900;4
"10901";10901;4
"10902";10902;4
"10903";10903;4
"10904";10904;4
"10905";10905;4
"10906";10906;4
"10907";10907;4
"10908";10908;4
"10909";10909;4
"10910";10910;3
"10911";10911;4
"10912";10912;4
"10913";10913;4
"10914";10914;4
"10915";10915;4
"10916";10916;4
"10917";10917;4
"10918";10918;4
"10919";10919;3
"10920";10920;4
"10921";10921;3
"10922";10922;4
"10923";10923;3
"10924";10924;4
"10925";10925;4
"10926";10926;4
"10927";10927;4
"10928";10928;3
"10929";10929;4
"10930";10930;4
"10931";10931;2
"10932";10932;3
"10933";10933;3
"10934";10934;4
"10935";10935;3
"10936";10936;3
"10937";10937;3
"10938";10938;3
"10939";10939;3
"10940";10940;3
"10941";10941;3
"10942";10942;3
"10943";10943;1
"10944";10944;3
"10945";10945;3
"10946";10946;3
"10947";10947;3
"10948";10948;4
"10949";10949;4
"10950";10950;4
"10951";10951;4
"10952";10952;3
"10953";10953;3
"10954";10954;4
"10955";10955;4
"10956";10956;4
"10957";10957;4
"10958";10958;4
"10959";10959;4
"10960";10960;4
"10961";10961;4
"10962";10962;4
"10963";10963;4
"10964";10964;0
"10965";10965;0
"10966";10966;1
"10967";10967;4
"10968";10968;4
"10969";10969;4
"10970";10970;4
"10971";10971;2
"10972";10972;4
"10973";10973;4
"10974";10974;4
"10975";10975;4
"10976";10976;4
"10977";10977;3
"10978";10978;3
"10979";10979;3
"10980";10980;3
"10981";10981;3
"10982";10982;3
"10983";10983;3
"10984";10984;4
"10985";10985;4
"10986";10986;3
"10987";10987;3
"10988";10988;3
"10989";10989;3
"10990";10990;1
"10991";10991;3
"10992";10992;4
"10993";10993;4
"10994";10994;4
"10995";10995;4
"10996";10996;0
"10997";10997;4
"10998";10998;4
"10999";10999;4
"11000";11000;0
"11001";11001;4
"11002";11002;4
"11003";11003;3
"11004";11004;0
"11005";11005;4
"11006";11006;1
"11007";11007;1
"11008";11008;0
"11009";11009;4
"11010";11010;3
"11011";11011;4
"11012";11012;4
"11013";11013;0
"11014";11014;0
"11015";11015;0
"11016";11016;0
"11017";11017;4
"11018";11018;0
"11019";11019;0
"11020";11020;4
"11021";11021;4
"11022";11022;4
"11023";11023;1
"11024";11024;2
"11025";11025;4
"11026";11026;4
"11027";11027;0
"11028";11028;0
"11029";11029;0
"11030";11030;4
"11031";11031;4
"11032";11032;0
"11033";11033;0
"11034";11034;0
"11035";11035;4
"11036";11036;4
"11037";11037;4
"11038";11038;4
"11039";11039;4
"11040";11040;4
"11041";11041;4
"11042";11042;4
"11043";11043;4
"11044";11044;4
"11045";11045;1
"11046";11046;1
"11047";11047;4
"11048";11048;1
"11049";11049;1
"11050";11050;1
"11051";11051;1
"11052";11052;1
"11053";11053;1
"11054";11054;1
"11055";11055;1
"11056";11056;1
"11057";11057;1
"11058";11058;1
"11059";11059;1
"11060";11060;1
"11061";11061;1
"11062";11062;1
"11063";11063;4
"11064";11064;1
"11065";11065;1
"11066";11066;1
"11067";11067;1
"11068";11068;1
"11069";11069;1
"11070";11070;4
"11071";11071;1
"11072";11072;1
"11073";11073;1
"11074";11074;1
"11075";11075;2
"11076";11076;1
"11077";11077;1
"11078";11078;1
"11079";11079;1
"11080";11080;1
"11081";11081;1
"11082";11082;1
"11083";11083;4
"11084";11084;1
"11085";11085;1
"11086";11086;1
"11087";11087;1
"11088";11088;1
"11089";11089;1
"11090";11090;1
"11091";11091;1
"11092";11092;1
"11093";11093;1
"11094";11094;1
"11095";11095;1
"11096";11096;1
"11097";11097;1
"11098";11098;1
"11099";11099;1
"11100";11100;1
"11101";11101;1
"11102";11102;1
"11103";11103;1
"11104";11104;1
"11105";11105;1
"11106";11106;1
"11107";11107;1
"11108";11108;1
"11109";11109;1
"11110";11110;1
"11111";11111;1
"11112";11112;1
"11113";11113;1
"11114";11114;1
"11115";11115;4
"11116";11116;4
"11117";11117;1
"11118";11118;1
"11119";11119;1
"11120";11120;3
"11121";11121;1
"11122";11122;1
"11123";11123;1
"11124";11124;1
"11125";11125;1
"11126";11126;1
"11127";11127;1
"11128";11128;1
"11129";11129;1
"11130";11130;4
"11131";11131;1
"11132";11132;1
"11133";11133;1
"11134";11134;4
"11135";11135;1
"11136";11136;1
"11137";11137;1
"11138";11138;1
"11139";11139;1
"11140";11140;1
"11141";11141;1
"11142";11142;1
"11143";11143;1
"11144";11144;1
"11145";11145;1
"11146";11146;4
"11147";11147;1
"11148";11148;1
"11149";11149;1
"11150";11150;1
"11151";11151;1
"11152";11152;1
"11153";11153;1
"11154";11154;1
"11155";11155;1
"11156";11156;1
"11157";11157;1
"11158";11158;1
"11159";11159;1
"11160";11160;1
"11161";11161;1
"11162";11162;1
"11163";11163;1
"11164";11164;1
"11165";11165;1
"11166";11166;1
"11167";11167;1
"11168";11168;1
"11169";11169;1
"11170";11170;1
"11171";11171;1
"11172";11172;1
"11173";11173;1
"11174";11174;1
"11175";11175;1
"11176";11176;1
"11177";11177;1
"11178";11178;1
"11179";11179;1
"11180";11180;1
"11181";11181;1
"11182";11182;1
"11183";11183;1
"11184";11184;1
"11185";11185;1
"11186";11186;1
"11187";11187;1
"11188";11188;1
"11189";11189;1
"11190";11190;1
"11191";11191;1
"11192";11192;1
"11193";11193;1
"11194";11194;0
"11195";11195;1
"11196";11196;1
"11197";11197;1
"11198";11198;1
"11199";11199;1
"11200";11200;1
"11201";11201;1
"11202";11202;1
"11203";11203;4
"11204";11204;1
"11205";11205;1
"11206";11206;1
"11207";11207;1
"11208";11208;1
"11209";11209;1
"11210";11210;1
"11211";11211;1
"11212";11212;1
"11213";11213;1
"11214";11214;1
"11215";11215;1
"11216";11216;1
"11217";11217;1
"11218";11218;1
"11219";11219;1
"11220";11220;3
"11221";11221;1
"11222";11222;3
"11223";11223;1
"11224";11224;1
"11225";11225;1
"11226";11226;4
"11227";11227;1
"11228";11228;3
"11229";11229;1
"11230";11230;1
"11231";11231;1
"11232";11232;1
"11233";11233;1
"11234";11234;1
"11235";11235;1
"11236";11236;1
"11237";11237;1
"11238";11238;1
"11239";11239;1
"11240";11240;1
"11241";11241;1
"11242";11242;1
"11243";11243;1
"11244";11244;1
"11245";11245;1
"11246";11246;1
"11247";11247;1
"11248";11248;1
"11249";11249;1
"11250";11250;1
"11251";11251;1
"11252";11252;1
"11253";11253;1
"11254";11254;1
"11255";11255;1
"11256";11256;1
"11257";11257;1
"11258";11258;1
"11259";11259;1
"11260";11260;1
"11261";11261;1
"11262";11262;1
"11263";11263;1
"11264";11264;1
"11265";11265;1
"11266";11266;1
"11267";11267;1
"11268";11268;1
"11269";11269;1
"11270";11270;4
"11271";11271;1
"11272";11272;1
"11273";11273;1
"11274";11274;1
"11275";11275;1
"11276";11276;4
"11277";11277;1
"11278";11278;1
"11279";11279;1
"11280";11280;1
"11281";11281;1
"11282";11282;1
"11283";11283;3
"11284";11284;3
"11285";11285;0
"11286";11286;1
"11287";11287;1
"11288";11288;1
"11289";11289;3
"11290";11290;4
"11291";11291;1
"11292";11292;1
"11293";11293;4
"11294";11294;2
"11295";11295;0
"11296";11296;2
"11297";11297;1
"11298";11298;1
"11299";11299;1
"11300";11300;1
"11301";11301;1
"11302";11302;1
"11303";11303;3
"11304";11304;3
"11305";11305;1
"11306";11306;1
"11307";11307;1
"11308";11308;4
"11309";11309;3
"11310";11310;3
"11311";11311;3
"11312";11312;1
"11313";11313;1
"11314";11314;4
"11315";11315;1
"11316";11316;0
"11317";11317;4
"11318";11318;4
"11319";11319;3
"11320";11320;1
"11321";11321;1
"11322";11322;4
"11323";11323;1
"11324";11324;3
"11325";11325;1
"11326";11326;1
"11327";11327;1
"11328";11328;1
"11329";11329;1
"11330";11330;1
"11331";11331;1
"11332";11332;1
"11333";11333;1
"11334";11334;1
"11335";11335;1
"11336";11336;1
"11337";11337;1
"11338";11338;1
"11339";11339;1
"11340";11340;4
"11341";11341;1
"11342";11342;1
"11343";11343;1
"11344";11344;1
"11345";11345;1
"11346";11346;4
"11347";11347;1
"11348";11348;1
"11349";11349;4
"11350";11350;1
"11351";11351;2
"11352";11352;1
"11353";11353;4
"11354";11354;3
"11355";11355;1
"11356";11356;1
"11357";11357;3
"11358";11358;4
"11359";11359;1
"11360";11360;1
"11361";11361;1
"11362";11362;4
"11363";11363;1
"11364";11364;0
"11365";11365;1
"11366";11366;1
"11367";11367;1
"11368";11368;1
"11369";11369;1
"11370";11370;1
"11371";11371;1
"11372";11372;1
"11373";11373;1
"11374";11374;1
"11375";11375;2
"11376";11376;1
"11377";11377;1
"11378";11378;2
"11379";11379;1
"11380";11380;3
"11381";11381;1
"11382";11382;1
"11383";11383;1
"11384";11384;1
"11385";11385;1
"11386";11386;1
"11387";11387;4
"11388";11388;1
"11389";11389;1
"11390";11390;1
"11391";11391;1
"11392";11392;1
"11393";11393;1
"11394";11394;4
"11395";11395;1
"11396";11396;1
"11397";11397;1
"11398";11398;4
"11399";11399;1
"11400";11400;1
"11401";11401;1
"11402";11402;4
"11403";11403;4
"11404";11404;4
"11405";11405;4
"11406";11406;4
"11407";11407;4
"11408";11408;4
"11409";11409;0
"11410";11410;0
"11411";11411;4
"11412";11412;1
"11413";11413;1
"11414";11414;4
"11415";11415;4
"11416";11416;4
"11417";11417;4
"11418";11418;4
"11419";11419;4
"11420";11420;4
"11421";11421;0
"11422";11422;0
"11423";11423;4
"11424";11424;4
"11425";11425;4
"11426";11426;4
"11427";11427;4
"11428";11428;4
"11429";11429;4
"11430";11430;0
"11431";11431;0
"11432";11432;4
"11433";11433;0
"11434";11434;3
"11435";11435;3
"11436";11436;4
"11437";11437;4
"11438";11438;4
"11439";11439;4
"11440";11440;2
"11441";11441;2
"11442";11442;4
"11443";11443;4
"11444";11444;4
"11445";11445;4
"11446";11446;4
"11447";11447;4
"11448";11448;2
"11449";11449;4
"11450";11450;2
"11451";11451;4
"11452";11452;1
"11453";11453;1
"11454";11454;4
"11455";11455;4
"11456";11456;4
"11457";11457;4
"11458";11458;4
"11459";11459;3
"11460";11460;1
"11461";11461;0
"11462";11462;3
"11463";11463;3
"11464";11464;3
"11465";11465;4
"11466";11466;3
"11467";11467;4
"11468";11468;4
"11469";11469;4
"11470";11470;4
"11471";11471;4
"11472";11472;0
"11473";11473;3
"11474";11474;3
"11475";11475;4
"11476";11476;3
"11477";11477;2
"11478";11478;3
"11479";11479;4
"11480";11480;4
"11481";11481;4
"11482";11482;4
"11483";11483;4
"11484";11484;4
"11485";11485;4
"11486";11486;4
"11487";11487;4
"11488";11488;1
"11489";11489;4
"11490";11490;4
"11491";11491;4
"11492";11492;4
"11493";11493;4
"11494";11494;4
"11495";11495;4
"11496";11496;4
"11497";11497;3
"11498";11498;4
"11499";11499;4
"11500";11500;4
"11501";11501;4
"11502";11502;4
"11503";11503;4
"11504";11504;4
"11505";11505;4
"11506";11506;4
"11507";11507;4
"11508";11508;4
"11509";11509;4
"11510";11510;4
"11511";11511;4
"11512";11512;4
"11513";11513;4
"11514";11514;4
"11515";11515;4
"11516";11516;4
"11517";11517;4
"11518";11518;0
"11519";11519;4
"11520";11520;4
"11521";11521;4
"11522";11522;4
"11523";11523;4
"11524";11524;4
"11525";11525;4
"11526";11526;4
"11527";11527;3
"11528";11528;3
"11529";11529;3
"11530";11530;3
"11531";11531;1
"11532";11532;3
"11533";11533;3
"11534";11534;3
"11535";11535;3
"11536";11536;3
"11537";11537;3
"11538";11538;3
"11539";11539;3
"11540";11540;3
"11541";11541;3
"11542";11542;3
"11543";11543;3
"11544";11544;4
"11545";11545;3
"11546";11546;3
"11547";11547;3
"11548";11548;3
"11549";11549;4
"11550";11550;3
"11551";11551;3
"11552";11552;3
"11553";11553;3
"11554";11554;4
"11555";11555;4
"11556";11556;3
"11557";11557;4
"11558";11558;3
"11559";11559;4
"11560";11560;3
"11561";11561;4
"11562";11562;3
"11563";11563;3
"11564";11564;4
"11565";11565;4
"11566";11566;4
"11567";11567;4
"11568";11568;2
"11569";11569;3
"11570";11570;3
"11571";11571;4
"11572";11572;3
"11573";11573;4
"11574";11574;4
"11575";11575;3
"11576";11576;3
"11577";11577;4
"11578";11578;4
"11579";11579;3
"11580";11580;3
"11581";11581;3
"11582";11582;3
"11583";11583;3
"11584";11584;3
"11585";11585;3
"11586";11586;3
"11587";11587;3
"11588";11588;3
"11589";11589;3
"11590";11590;4
"11591";11591;4
"11592";11592;4
"11593";11593;3
"11594";11594;3
"11595";11595;1
"11596";11596;4
"11597";11597;3
"11598";11598;3
"11599";11599;3
"11600";11600;3
"11601";11601;3
"11602";11602;3
"11603";11603;4
"11604";11604;3
"11605";11605;3
"11606";11606;3
"11607";11607;4
"11608";11608;1
"11609";11609;2
"11610";11610;4
"11611";11611;2
"11612";11612;2
"11613";11613;2
"11614";11614;2
"11615";11615;2
"11616";11616;2
"11617";11617;2
"11618";11618;4
"11619";11619;2
"11620";11620;2
"11621";11621;2
"11622";11622;1
"11623";11623;4
"11624";11624;3
"11625";11625;3
"11626";11626;3
"11627";11627;1
"11628";11628;3
"11629";11629;3
"11630";11630;3
"11631";11631;1
"11632";11632;4
"11633";11633;4
"11634";11634;4
"11635";11635;4
"11636";11636;3
"11637";11637;4
"11638";11638;1
"11639";11639;2
"11640";11640;3
"11641";11641;4
"11642";11642;4
"11643";11643;4
"11644";11644;4
"11645";11645;4
"11646";11646;4
"11647";11647;4
"11648";11648;2
"11649";11649;4
"11650";11650;3
"11651";11651;4
"11652";11652;4
"11653";11653;3
"11654";11654;4
"11655";11655;3
"11656";11656;4
"11657";11657;4
"11658";11658;3
"11659";11659;3
"11660";11660;3
"11661";11661;4
"11662";11662;2
"11663";11663;4
"11664";11664;4
"11665";11665;2
"11666";11666;4
"11667";11667;0
"11668";11668;2
"11669";11669;2
"11670";11670;4
"11671";11671;0
"11672";11672;4
"11673";11673;4
"11674";11674;4
"11675";11675;2
"11676";11676;2
"11677";11677;2
"11678";11678;0
"11679";11679;4
"11680";11680;0
"11681";11681;4
"11682";11682;4
"11683";11683;4
"11684";11684;4
"11685";11685;4
"11686";11686;2
"11687";11687;3
"11688";11688;2
"11689";11689;4
"11690";11690;3
"11691";11691;3
"11692";11692;3
"11693";11693;1
"11694";11694;1
"11695";11695;1
"11696";11696;3
"11697";11697;1
"11698";11698;1
"11699";11699;1
"11700";11700;3
"11701";11701;1
"11702";11702;1
"11703";11703;1
"11704";11704;4
"11705";11705;3
"11706";11706;3
"11707";11707;3
"11708";11708;1
"11709";11709;3
"11710";11710;3
"11711";11711;3
"11712";11712;3
"11713";11713;3
"11714";11714;4
"11715";11715;3
"11716";11716;1
"11717";11717;1
"11718";11718;3
"11719";11719;3
"11720";11720;3
"11721";11721;4
"11722";11722;4
"11723";11723;3
"11724";11724;3
"11725";11725;3
"11726";11726;3
"11727";11727;4
"11728";11728;4
"11729";11729;3
"11730";11730;3
"11731";11731;3
"11732";11732;3
"11733";11733;4
"11734";11734;4
"11735";11735;3
"11736";11736;3
"11737";11737;4
"11738";11738;4
"11739";11739;4
"11740";11740;4
"11741";11741;3
"11742";11742;3
"11743";11743;3
"11744";11744;3
"11745";11745;3
"11746";11746;3
"11747";11747;3
"11748";11748;4
"11749";11749;3
"11750";11750;3
"11751";11751;1
"11752";11752;1
"11753";11753;4
"11754";11754;4
"11755";11755;4
"11756";11756;3
"11757";11757;3
"11758";11758;4
"11759";11759;4
"11760";11760;4
"11761";11761;4
"11762";11762;4
"11763";11763;3
"11764";11764;4
"11765";11765;4
"11766";11766;4
"11767";11767;3
"11768";11768;4
"11769";11769;3
"11770";11770;3
"11771";11771;3
"11772";11772;3
"11773";11773;4
"11774";11774;4
"11775";11775;4
"11776";11776;4
"11777";11777;4
"11778";11778;3
"11779";11779;1
"11780";11780;4
"11781";11781;3
"11782";11782;4
"11783";11783;4
"11784";11784;4
"11785";11785;4
"11786";11786;4
"11787";11787;4
"11788";11788;4
"11789";11789;3
"11790";11790;4
"11791";11791;4
"11792";11792;4
"11793";11793;4
"11794";11794;3
"11795";11795;3
"11796";11796;4
"11797";11797;3
"11798";11798;3
"11799";11799;4
"11800";11800;3
"11801";11801;3
"11802";11802;3
"11803";11803;3
"11804";11804;4
"11805";11805;3
"11806";11806;3
"11807";11807;3
"11808";11808;3
"11809";11809;3
"11810";11810;4
"11811";11811;0
"11812";11812;3
"11813";11813;1
"11814";11814;4
"11815";11815;3
"11816";11816;3
"11817";11817;0
"11818";11818;4
"11819";11819;3
"11820";11820;3
"11821";11821;3
"11822";11822;3
"11823";11823;3
"11824";11824;3
"11825";11825;3
"11826";11826;3
"11827";11827;3
"11828";11828;3
"11829";11829;3
"11830";11830;4
"11831";11831;3
"11832";11832;3
"11833";11833;3
"11834";11834;3
"11835";11835;3
"11836";11836;1
"11837";11837;3
"11838";11838;3
"11839";11839;4
"11840";11840;3
"11841";11841;3
"11842";11842;3
"11843";11843;4
"11844";11844;4
"11845";11845;3
"11846";11846;4
"11847";11847;4
"11848";11848;3
"11849";11849;3
"11850";11850;3
"11851";11851;3
"11852";11852;4
"11853";11853;4
"11854";11854;3
"11855";11855;3
"11856";11856;1
"11857";11857;3
"11858";11858;4
"11859";11859;3
"11860";11860;3
"11861";11861;3
"11862";11862;4
"11863";11863;2
"11864";11864;4
"11865";11865;4
"11866";11866;4
"11867";11867;4
"11868";11868;3
"11869";11869;4
"11870";11870;4
"11871";11871;4
"11872";11872;3
"11873";11873;4
"11874";11874;3
"11875";11875;4
"11876";11876;4
"11877";11877;4
"11878";11878;4
"11879";11879;2
"11880";11880;4
"11881";11881;0
"11882";11882;3
"11883";11883;4
"11884";11884;4
"11885";11885;3
"11886";11886;3
"11887";11887;0
"11888";11888;4
"11889";11889;3
"11890";11890;4
"11891";11891;3
"11892";11892;4
"11893";11893;4
"11894";11894;3
"11895";11895;1
"11896";11896;4
"11897";11897;4
"11898";11898;3
"11899";11899;4
"11900";11900;4
"11901";11901;4
"11902";11902;4
"11903";11903;4
"11904";11904;4
"11905";11905;4
"11906";11906;3
"11907";11907;4
"11908";11908;4
"11909";11909;4
"11910";11910;4
"11911";11911;4
"11912";11912;4
"11913";11913;4
"11914";11914;3
"11915";11915;4
"11916";11916;4
"11917";11917;3
"11918";11918;4
"11919";11919;4
"11920";11920;4
"11921";11921;0
"11922";11922;4
"11923";11923;4
"11924";11924;2
"11925";11925;4
"11926";11926;2
"11927";11927;2
"11928";11928;4
"11929";11929;2
"11930";11930;2
"11931";11931;2
"11932";11932;2
"11933";11933;4
"11934";11934;2
"11935";11935;2
"11936";11936;2
"11937";11937;2
"11938";11938;2
"11939";11939;2
"11940";11940;2
"11941";11941;2
"11942";11942;2
"11943";11943;2
"11944";11944;2
"11945";11945;2
"11946";11946;2
"11947";11947;2
"11948";11948;2
"11949";11949;2
"11950";11950;2
"11951";11951;2
"11952";11952;2
"11953";11953;2
"11954";11954;2
"11955";11955;2
"11956";11956;2
"11957";11957;2
"11958";11958;2
"11959";11959;0
"11960";11960;2
"11961";11961;2
"11962";11962;2
"11963";11963;2
"11964";11964;2
"11965";11965;2
"11966";11966;2
"11967";11967;2
"11968";11968;2
"11969";11969;2
"11970";11970;2
"11971";11971;2
"11972";11972;2
"11973";11973;2
"11974";11974;2
"11975";11975;2
"11976";11976;2
"11977";11977;2
"11978";11978;2
"11979";11979;2
"11980";11980;2
"11981";11981;2
"11982";11982;2
"11983";11983;2
"11984";11984;2
"11985";11985;2
"11986";11986;2
"11987";11987;2
"11988";11988;2
"11989";11989;2
"11990";11990;2
"11991";11991;2
"11992";11992;2
"11993";11993;2
"11994";11994;2
"11995";11995;2
"11996";11996;2
"11997";11997;2
"11998";11998;2
"11999";11999;2
"12000";12000;2
"12001";12001;2
"12002";12002;2
"12003";12003;2
"12004";12004;2
"12005";12005;2
"12006";12006;2
"12007";12007;2
"12008";12008;2
"12009";12009;2
"12010";12010;2
"12011";12011;2
"12012";12012;4
"12013";12013;2
"12014";12014;2
"12015";12015;2
"12016";12016;2
"12017";12017;2
"12018";12018;2
"12019";12019;2
"12020";12020;2
"12021";12021;2
"12022";12022;2
"12023";12023;2
"12024";12024;4
"12025";12025;2
"12026";12026;2
"12027";12027;2
"12028";12028;2
"12029";12029;4
"12030";12030;2
"12031";12031;4
"12032";12032;2
"12033";12033;2
"12034";12034;2
"12035";12035;4
"12036";12036;2
"12037";12037;2
"12038";12038;2
"12039";12039;2
"12040";12040;2
"12041";12041;2
"12042";12042;2
"12043";12043;4
"12044";12044;2
"12045";12045;2
"12046";12046;2
"12047";12047;2
"12048";12048;2
"12049";12049;2
"12050";12050;2
"12051";12051;2
"12052";12052;2
"12053";12053;2
"12054";12054;2
"12055";12055;2
"12056";12056;2
"12057";12057;2
"12058";12058;2
"12059";12059;2
"12060";12060;2
"12061";12061;2
"12062";12062;2
"12063";12063;4
"12064";12064;2
"12065";12065;2
"12066";12066;2
"12067";12067;2
"12068";12068;4
"12069";12069;2
"12070";12070;2
"12071";12071;2
"12072";12072;2
"12073";12073;4
"12074";12074;2
"12075";12075;2
"12076";12076;2
"12077";12077;2
"12078";12078;2
"12079";12079;2
"12080";12080;2
"12081";12081;2
"12082";12082;2
"12083";12083;2
"12084";12084;2
"12085";12085;2
"12086";12086;2
"12087";12087;2
"12088";12088;2
"12089";12089;4
"12090";12090;2
"12091";12091;0
"12092";12092;2
"12093";12093;2
"12094";12094;2
"12095";12095;2
"12096";12096;2
"12097";12097;2
"12098";12098;2
"12099";12099;2
"12100";12100;2
"12101";12101;4
"12102";12102;2
"12103";12103;2
"12104";12104;2
"12105";12105;2
"12106";12106;4
"12107";12107;2
"12108";12108;4
"12109";12109;2
"12110";12110;4
"12111";12111;2
"12112";12112;2
"12113";12113;4
"12114";12114;2
"12115";12115;2
"12116";12116;2
"12117";12117;2
"12118";12118;2
"12119";12119;2
"12120";12120;2
"12121";12121;2
"12122";12122;2
"12123";12123;2
"12124";12124;2
"12125";12125;2
"12126";12126;2
"12127";12127;2
"12128";12128;4
"12129";12129;2
"12130";12130;2
"12131";12131;4
"12132";12132;0
"12133";12133;4
"12134";12134;3
"12135";12135;0
"12136";12136;2
"12137";12137;2
"12138";12138;2
"12139";12139;4
"12140";12140;4
"12141";12141;4
"12142";12142;2
"12143";12143;2
"12144";12144;2
"12145";12145;2
"12146";12146;2
"12147";12147;2
"12148";12148;2
"12149";12149;2
"12150";12150;2
"12151";12151;2
"12152";12152;2
"12153";12153;2
"12154";12154;2
"12155";12155;2
"12156";12156;2
"12157";12157;2
"12158";12158;2
"12159";12159;2
"12160";12160;2
"12161";12161;2
"12162";12162;2
"12163";12163;4
"12164";12164;2
"12165";12165;2
"12166";12166;2
"12167";12167;2
"12168";12168;2
"12169";12169;2
"12170";12170;2
"12171";12171;0
"12172";12172;1
"12173";12173;3
"12174";12174;3
"12175";12175;2
"12176";12176;2
"12177";12177;2
"12178";12178;4
"12179";12179;2
"12180";12180;2
"12181";12181;4
"12182";12182;2
"12183";12183;2
"12184";12184;2
"12185";12185;2
"12186";12186;2
"12187";12187;2
"12188";12188;2
"12189";12189;2
"12190";12190;2
"12191";12191;2
"12192";12192;4
"12193";12193;2
"12194";12194;2
"12195";12195;2
"12196";12196;2
"12197";12197;4
"12198";12198;2
"12199";12199;2
"12200";12200;2
"12201";12201;2
"12202";12202;2
"12203";12203;2
"12204";12204;2
"12205";12205;2
"12206";12206;2
"12207";12207;2
"12208";12208;2
"12209";12209;4
"12210";12210;2
"12211";12211;2
"12212";12212;2
"12213";12213;2
"12214";12214;2
"12215";12215;2
"12216";12216;2
"12217";12217;2
"12218";12218;2
"12219";12219;2
"12220";12220;2
"12221";12221;2
"12222";12222;4
"12223";12223;2
"12224";12224;2
"12225";12225;2
"12226";12226;2
"12227";12227;2
"12228";12228;2
"12229";12229;2
"12230";12230;2
"12231";12231;2
"12232";12232;2
"12233";12233;2
"12234";12234;2
"12235";12235;2
"12236";12236;2
"12237";12237;2
"12238";12238;2
"12239";12239;2
"12240";12240;2
"12241";12241;2
"12242";12242;2
"12243";12243;2
"12244";12244;2
"12245";12245;2
"12246";12246;2
"12247";12247;2
"12248";12248;2
"12249";12249;2
"12250";12250;2
"12251";12251;2
"12252";12252;2
"12253";12253;2
"12254";12254;2
"12255";12255;2
"12256";12256;2
"12257";12257;2
"12258";12258;2
"12259";12259;2
"12260";12260;2
"12261";12261;2
"12262";12262;2
"12263";12263;2
"12264";12264;4
"12265";12265;2
"12266";12266;2
"12267";12267;2
"12268";12268;2
"12269";12269;2
"12270";12270;2
"12271";12271;2
"12272";12272;2
"12273";12273;2
"12274";12274;2
"12275";12275;2
"12276";12276;2
"12277";12277;2
"12278";12278;2
"12279";12279;2
"12280";12280;2
"12281";12281;2
"12282";12282;2
"12283";12283;2
"12284";12284;2
"12285";12285;2
"12286";12286;2
"12287";12287;2
"12288";12288;2
"12289";12289;2
"12290";12290;2
"12291";12291;2
"12292";12292;2
"12293";12293;2
"12294";12294;2
"12295";12295;2
"12296";12296;2
"12297";12297;2
"12298";12298;2
"12299";12299;2
"12300";12300;2
"12301";12301;2
"12302";12302;2
"12303";12303;2
"12304";12304;4
"12305";12305;2
"12306";12306;4
"12307";12307;2
"12308";12308;2
"12309";12309;2
"12310";12310;2
"12311";12311;2
"12312";12312;4
"12313";12313;2
"12314";12314;4
"12315";12315;2
"12316";12316;2
"12317";12317;2
"12318";12318;2
"12319";12319;2
"12320";12320;2
"12321";12321;4
"12322";12322;4
"12323";12323;4
"12324";12324;4
"12325";12325;2
"12326";12326;4
"12327";12327;4
"12328";12328;2
"12329";12329;2
"12330";12330;2
"12331";12331;4
"12332";12332;4
"12333";12333;2
"12334";12334;2
"12335";12335;2
"12336";12336;2
"12337";12337;2
"12338";12338;2
"12339";12339;2
"12340";12340;2
"12341";12341;2
"12342";12342;2
"12343";12343;2
"12344";12344;2
"12345";12345;2
"12346";12346;2
"12347";12347;2
"12348";12348;2
"12349";12349;2
"12350";12350;2
"12351";12351;2
"12352";12352;2
"12353";12353;2
"12354";12354;2
"12355";12355;2
"12356";12356;2
"12357";12357;2
"12358";12358;2
"12359";12359;2
"12360";12360;2
"12361";12361;2
"12362";12362;2
"12363";12363;2
"12364";12364;2
"12365";12365;4
"12366";12366;2
"12367";12367;2
"12368";12368;2
"12369";12369;2
"12370";12370;2
"12371";12371;2
"12372";12372;2
"12373";12373;4
"12374";12374;2
"12375";12375;2
"12376";12376;2
"12377";12377;2
"12378";12378;2
"12379";12379;2
"12380";12380;2
"12381";12381;2
"12382";12382;4
"12383";12383;4
"12384";12384;4
"12385";12385;4
"12386";12386;4
"12387";12387;4
"12388";12388;2
"12389";12389;2
"12390";12390;4
"12391";12391;4
"12392";12392;4
"12393";12393;2
"12394";12394;2
"12395";12395;4
"12396";12396;4
"12397";12397;4
"12398";12398;4
"12399";12399;4
"12400";12400;4
"12401";12401;4
"12402";12402;4
"12403";12403;2
"12404";12404;2
"12405";12405;2
"12406";12406;2
"12407";12407;2
"12408";12408;2
"12409";12409;2
"12410";12410;4
"12411";12411;2
"12412";12412;2
"12413";12413;4
"12414";12414;2
"12415";12415;2
"12416";12416;2
"12417";12417;2
"12418";12418;2
"12419";12419;2
"12420";12420;2
"12421";12421;2
"12422";12422;2
"12423";12423;2
"12424";12424;2
"12425";12425;3
"12426";12426;2
"12427";12427;2
"12428";12428;2
"12429";12429;2
"12430";12430;2
"12431";12431;4
"12432";12432;2
"12433";12433;4
"12434";12434;4
"12435";12435;2
"12436";12436;2
"12437";12437;2
"12438";12438;2
"12439";12439;2
"12440";12440;2
"12441";12441;2
"12442";12442;2
"12443";12443;4
"12444";12444;2
"12445";12445;2
"12446";12446;2
"12447";12447;2
"12448";12448;2
"12449";12449;2
"12450";12450;2
"12451";12451;2
"12452";12452;2
"12453";12453;2
"12454";12454;2
"12455";12455;4
"12456";12456;2
"12457";12457;2
"12458";12458;4
"12459";12459;2
"12460";12460;2
"12461";12461;2
"12462";12462;2
"12463";12463;4
"12464";12464;2
"12465";12465;2
"12466";12466;2
"12467";12467;2
"12468";12468;2
"12469";12469;2
"12470";12470;2
"12471";12471;4
"12472";12472;2
"12473";12473;2
"12474";12474;4
"12475";12475;4
"12476";12476;3
"12477";12477;4
"12478";12478;4
"12479";12479;2
"12480";12480;4
"12481";12481;2
"12482";12482;2
"12483";12483;4
"12484";12484;2
"12485";12485;0
"12486";12486;2
"12487";12487;2
"12488";12488;2
"12489";12489;2
"12490";12490;2
"12491";12491;4
"12492";12492;4
"12493";12493;4
"12494";12494;2
"12495";12495;2
"12496";12496;2
"12497";12497;2
"12498";12498;4
"12499";12499;2
"12500";12500;4
"12501";12501;0
"12502";12502;4
"12503";12503;2
"12504";12504;2
"12505";12505;4
"12506";12506;2
"12507";12507;2
"12508";12508;2
"12509";12509;2
"12510";12510;2
"12511";12511;2
"12512";12512;4
"12513";12513;4
"12514";12514;2
"12515";12515;2
"12516";12516;2
"12517";12517;2
"12518";12518;4
"12519";12519;2
"12520";12520;4
"12521";12521;4
"12522";12522;2
"12523";12523;2
"12524";12524;4
"12525";12525;4
"12526";12526;4
"12527";12527;4
"12528";12528;2
"12529";12529;2
"12530";12530;2
"12531";12531;2
"12532";12532;2
"12533";12533;2
"12534";12534;2
"12535";12535;2
"12536";12536;2
"12537";12537;2
"12538";12538;2
"12539";12539;2
"12540";12540;2
"12541";12541;2
"12542";12542;2
"12543";12543;4
"12544";12544;2
"12545";12545;2
"12546";12546;2
"12547";12547;2
"12548";12548;2
"12549";12549;4
"12550";12550;4
"12551";12551;2
"12552";12552;4
"12553";12553;4
"12554";12554;4
"12555";12555;4
"12556";12556;4
"12557";12557;2
"12558";12558;2
"12559";12559;2
"12560";12560;2
"12561";12561;2
"12562";12562;2
"12563";12563;2
"12564";12564;2
"12565";12565;2
"12566";12566;4
"12567";12567;2
"12568";12568;2
"12569";12569;4
"12570";12570;4
"12571";12571;2
"12572";12572;2
"12573";12573;2
"12574";12574;2
"12575";12575;2
"12576";12576;2
"12577";12577;2
"12578";12578;2
"12579";12579;2
"12580";12580;2
"12581";12581;2
"12582";12582;2
"12583";12583;2
"12584";12584;2
"12585";12585;2
"12586";12586;2
"12587";12587;2
"12588";12588;2
"12589";12589;2
"12590";12590;2
"12591";12591;2
"12592";12592;2
"12593";12593;2
"12594";12594;2
"12595";12595;2
"12596";12596;2
"12597";12597;2
"12598";12598;2
"12599";12599;2
"12600";12600;2
"12601";12601;2
"12602";12602;2
"12603";12603;2
"12604";12604;2
"12605";12605;2
"12606";12606;2
"12607";12607;2
"12608";12608;2
"12609";12609;2
"12610";12610;2
"12611";12611;2
"12612";12612;2
"12613";12613;2
"12614";12614;2
"12615";12615;2
"12616";12616;2
"12617";12617;2
"12618";12618;2
"12619";12619;2
"12620";12620;2
"12621";12621;2
"12622";12622;2
"12623";12623;2
"12624";12624;2
"12625";12625;2
"12626";12626;2
"12627";12627;2
"12628";12628;2
"12629";12629;2
"12630";12630;4
"12631";12631;2
"12632";12632;4
"12633";12633;2
"12634";12634;2
"12635";12635;2
"12636";12636;2
"12637";12637;2
"12638";12638;2
"12639";12639;2
"12640";12640;2
"12641";12641;2
"12642";12642;2
"12643";12643;2
"12644";12644;2
"12645";12645;4
"12646";12646;2
"12647";12647;2
"12648";12648;2
"12649";12649;2
"12650";12650;4
"12651";12651;2
"12652";12652;2
"12653";12653;2
"12654";12654;2
"12655";12655;2
"12656";12656;4
"12657";12657;2
"12658";12658;2
"12659";12659;4
"12660";12660;2
"12661";12661;2
"12662";12662;4
"12663";12663;2
"12664";12664;2
"12665";12665;2
"12666";12666;2
"12667";12667;2
"12668";12668;2
"12669";12669;4
"12670";12670;2
"12671";12671;2
"12672";12672;2
"12673";12673;2
"12674";12674;2
"12675";12675;3
"12676";12676;4
"12677";12677;4
"12678";12678;2
"12679";12679;2
"12680";12680;2
"12681";12681;2
"12682";12682;2
"12683";12683;4
"12684";12684;4
"12685";12685;2
"12686";12686;2
"12687";12687;2
"12688";12688;2
"12689";12689;2
"12690";12690;2
"12691";12691;2
"12692";12692;2
"12693";12693;2
"12694";12694;2
"12695";12695;2
"12696";12696;2
"12697";12697;2
"12698";12698;2
"12699";12699;2
"12700";12700;2
"12701";12701;2
"12702";12702;4
"12703";12703;2
"12704";12704;4
"12705";12705;2
"12706";12706;2
"12707";12707;4
"12708";12708;2
"12709";12709;4
"12710";12710;2
"12711";12711;2
"12712";12712;4
"12713";12713;4
"12714";12714;2
"12715";12715;2
"12716";12716;4
"12717";12717;2
"12718";12718;4
"12719";12719;2
"12720";12720;2
"12721";12721;2
"12722";12722;4
"12723";12723;2
"12724";12724;4
"12725";12725;2
"12726";12726;2
"12727";12727;4
"12728";12728;4
"12729";12729;4
"12730";12730;0
"12731";12731;4
"12732";12732;4
"12733";12733;4
"12734";12734;4
"12735";12735;4
"12736";12736;2
"12737";12737;2
"12738";12738;4
"12739";12739;2
"12740";12740;2
"12741";12741;2
"12742";12742;2
"12743";12743;2
"12744";12744;2
"12745";12745;2
"12746";12746;2
"12747";12747;2
"12748";12748;2
"12749";12749;2
"12750";12750;2
"12751";12751;2
"12752";12752;4
"12753";12753;2
"12754";12754;2
"12755";12755;2
"12756";12756;2
"12757";12757;2
"12758";12758;2
"12759";12759;2
"12760";12760;2
"12761";12761;2
"12762";12762;2
"12763";12763;2
"12764";12764;2
"12765";12765;2
"12766";12766;2
"12767";12767;2
"12768";12768;2
"12769";12769;2
"12770";12770;2
"12771";12771;2
"12772";12772;2
"12773";12773;2
"12774";12774;2
"12775";12775;2
"12776";12776;4
"12777";12777;4
"12778";12778;2
"12779";12779;2
"12780";12780;2
"12781";12781;2
"12782";12782;2
"12783";12783;4
"12784";12784;4
"12785";12785;4
"12786";12786;2
"12787";12787;2
"12788";12788;2
"12789";12789;2
"12790";12790;2
"12791";12791;2
"12792";12792;4
"12793";12793;2
"12794";12794;2
"12795";12795;2
"12796";12796;2
"12797";12797;2
"12798";12798;2
"12799";12799;2
"12800";12800;2
"12801";12801;4
"12802";12802;2
"12803";12803;2
"12804";12804;2
"12805";12805;4
"12806";12806;4
"12807";12807;2
"12808";12808;4
"12809";12809;2
"12810";12810;2
"12811";12811;2
"12812";12812;4
"12813";12813;4
"12814";12814;2
"12815";12815;2
"12816";12816;4
"12817";12817;2
"12818";12818;4
"12819";12819;4
"12820";12820;2
"12821";12821;2
"12822";12822;2
"12823";12823;4
"12824";12824;2
"12825";12825;2
"12826";12826;2
"12827";12827;2
"12828";12828;2
"12829";12829;2
"12830";12830;2
"12831";12831;2
"12832";12832;4
"12833";12833;2
"12834";12834;2
"12835";12835;2
"12836";12836;2
"12837";12837;2
"12838";12838;4
"12839";12839;2
"12840";12840;4
"12841";12841;2
"12842";12842;2
"12843";12843;2
"12844";12844;2
"12845";12845;2
"12846";12846;2
"12847";12847;2
"12848";12848;2
"12849";12849;2
"12850";12850;4
"12851";12851;2
"12852";12852;4
"12853";12853;2
"12854";12854;2
"12855";12855;2
"12856";12856;2
"12857";12857;2
"12858";12858;4
"12859";12859;2
"12860";12860;2
"12861";12861;2
"12862";12862;2
"12863";12863;2
"12864";12864;2
"12865";12865;2
"12866";12866;2
"12867";12867;2
"12868";12868;4
"12869";12869;2
"12870";12870;2
"12871";12871;2
"12872";12872;2
"12873";12873;4
"12874";12874;2
"12875";12875;2
"12876";12876;2
"12877";12877;2
"12878";12878;2
"12879";12879;2
"12880";12880;2
"12881";12881;2
"12882";12882;4
"12883";12883;2
"12884";12884;2
"12885";12885;2
"12886";12886;2
"12887";12887;2
"12888";12888;2
"12889";12889;2
"12890";12890;2
"12891";12891;2
"12892";12892;2
"12893";12893;2
"12894";12894;4
"12895";12895;2
"12896";12896;2
"12897";12897;2
"12898";12898;2
"12899";12899;2
"12900";12900;2
"12901";12901;2
"12902";12902;2
"12903";12903;2
"12904";12904;2
"12905";12905;2
"12906";12906;2
"12907";12907;2
"12908";12908;4
"12909";12909;2
"12910";12910;2
"12911";12911;2
"12912";12912;2
"12913";12913;2
"12914";12914;2
"12915";12915;2
"12916";12916;4
"12917";12917;2
"12918";12918;2
"12919";12919;2
"12920";12920;2
"12921";12921;2
"12922";12922;2
"12923";12923;4
"12924";12924;4
"12925";12925;2
"12926";12926;2
"12927";12927;2
"12928";12928;2
"12929";12929;2
"12930";12930;2
"12931";12931;2
"12932";12932;2
"12933";12933;2
"12934";12934;2
"12935";12935;2
"12936";12936;2
"12937";12937;2
"12938";12938;2
"12939";12939;4
"12940";12940;2
"12941";12941;2
"12942";12942;2
"12943";12943;2
"12944";12944;2
"12945";12945;2
"12946";12946;2
"12947";12947;2
"12948";12948;2
"12949";12949;2
"12950";12950;2
"12951";12951;4
"12952";12952;4
"12953";12953;2
"12954";12954;2
"12955";12955;2
"12956";12956;2
"12957";12957;2
"12958";12958;4
"12959";12959;2
"12960";12960;2
"12961";12961;4
"12962";12962;2
"12963";12963;2
"12964";12964;2
"12965";12965;2
"12966";12966;2
"12967";12967;2
"12968";12968;2
"12969";12969;2
"12970";12970;2
"12971";12971;2
"12972";12972;2
"12973";12973;2
"12974";12974;2
"12975";12975;2
"12976";12976;2
"12977";12977;2
"12978";12978;2
"12979";12979;2
"12980";12980;2
"12981";12981;2
"12982";12982;4
"12983";12983;2
"12984";12984;2
"12985";12985;4
"12986";12986;2
"12987";12987;2
"12988";12988;2
"12989";12989;2
"12990";12990;2
"12991";12991;2
"12992";12992;2
"12993";12993;2
"12994";12994;2
"12995";12995;4
"12996";12996;4
"12997";12997;2
"12998";12998;2
"12999";12999;2
"13000";13000;2
"13001";13001;4
"13002";13002;4
"13003";13003;4
"13004";13004;4
"13005";13005;2
"13006";13006;2
"13007";13007;2
"13008";13008;2
"13009";13009;2
"13010";13010;2
"13011";13011;2
"13012";13012;2
"13013";13013;2
"13014";13014;4
"13015";13015;4
"13016";13016;4
"13017";13017;4
"13018";13018;4
"13019";13019;4
"13020";13020;4
"13021";13021;4
"13022";13022;4
"13023";13023;4
"13024";13024;2
"13025";13025;2
"13026";13026;4
"13027";13027;2
"13028";13028;2
"13029";13029;4
"13030";13030;2
"13031";13031;2
"13032";13032;2
"13033";13033;4
"13034";13034;4
"13035";13035;2
"13036";13036;2
"13037";13037;2
"13038";13038;2
"13039";13039;2
"13040";13040;2
"13041";13041;2
"13042";13042;2
"13043";13043;2
"13044";13044;2
"13045";13045;2
"13046";13046;2
"13047";13047;2
"13048";13048;2
"13049";13049;2
"13050";13050;2
"13051";13051;4
"13052";13052;4
"13053";13053;4
"13054";13054;2
"13055";13055;2
"13056";13056;2
"13057";13057;2
"13058";13058;2
"13059";13059;2
"13060";13060;2
"13061";13061;2
"13062";13062;2
"13063";13063;2
"13064";13064;2
"13065";13065;2
"13066";13066;2
"13067";13067;2
"13068";13068;2
"13069";13069;2
"13070";13070;2
"13071";13071;2
"13072";13072;2
"13073";13073;2
"13074";13074;2
"13075";13075;2
"13076";13076;2
"13077";13077;2
"13078";13078;2
"13079";13079;2
"13080";13080;2
"13081";13081;2
"13082";13082;2
"13083";13083;4
"13084";13084;2
"13085";13085;2
"13086";13086;2
"13087";13087;2
"13088";13088;2
"13089";13089;2
"13090";13090;2
"13091";13091;2
"13092";13092;2
"13093";13093;2
"13094";13094;2
"13095";13095;4
"13096";13096;4
"13097";13097;2
"13098";13098;2
"13099";13099;2
"13100";13100;2
"13101";13101;2
"13102";13102;2
"13103";13103;2
"13104";13104;4
"13105";13105;4
"13106";13106;2
"13107";13107;2
"13108";13108;2
"13109";13109;2
"13110";13110;2
"13111";13111;2
"13112";13112;2
"13113";13113;4
"13114";13114;4
"13115";13115;4
"13116";13116;4
"13117";13117;4
"13118";13118;2
"13119";13119;4
"13120";13120;2
"13121";13121;4
"13122";13122;2
"13123";13123;2
"13124";13124;2
"13125";13125;2
"13126";13126;2
"13127";13127;2
"13128";13128;2
"13129";13129;2
"13130";13130;2
"13131";13131;4
"13132";13132;4
"13133";13133;2
"13134";13134;2
"13135";13135;2
"13136";13136;4
"13137";13137;2
"13138";13138;4
"13139";13139;2
"13140";13140;2
"13141";13141;2
"13142";13142;2
"13143";13143;2
"13144";13144;4
"13145";13145;2
"13146";13146;2
"13147";13147;2
"13148";13148;2
"13149";13149;2
"13150";13150;4
"13151";13151;2
"13152";13152;2
"13153";13153;2
"13154";13154;3
"13155";13155;2
"13156";13156;2
"13157";13157;2
"13158";13158;2
"13159";13159;2
"13160";13160;2
"13161";13161;2
"13162";13162;4
"13163";13163;2
"13164";13164;2
"13165";13165;2
"13166";13166;2
"13167";13167;2
"13168";13168;2
"13169";13169;2
"13170";13170;2
"13171";13171;2
"13172";13172;2
"13173";13173;2
"13174";13174;2
"13175";13175;2
"13176";13176;2
"13177";13177;2
"13178";13178;2
"13179";13179;2
"13180";13180;2
"13181";13181;2
"13182";13182;2
"13183";13183;2
"13184";13184;2
"13185";13185;2
"13186";13186;2
"13187";13187;2
"13188";13188;2
"13189";13189;2
"13190";13190;2
"13191";13191;2
"13192";13192;2
"13193";13193;2
"13194";13194;2
"13195";13195;2
"13196";13196;4
"13197";13197;2
"13198";13198;2
"13199";13199;2
"13200";13200;2
"13201";13201;2
"13202";13202;2
"13203";13203;4
"13204";13204;2
"13205";13205;2
"13206";13206;2
"13207";13207;2
"13208";13208;2
"13209";13209;2
"13210";13210;2
"13211";13211;2
"13212";13212;2
"13213";13213;3
"13214";13214;4
"13215";13215;2
"13216";13216;2
"13217";13217;2
"13218";13218;2
"13219";13219;2
"13220";13220;2
"13221";13221;4
"13222";13222;2
"13223";13223;4
"13224";13224;4
"13225";13225;2
"13226";13226;2
"13227";13227;2
"13228";13228;2
"13229";13229;2
"13230";13230;2
"13231";13231;4
"13232";13232;2
"13233";13233;4
"13234";13234;2
"13235";13235;0
"13236";13236;2
"13237";13237;2
"13238";13238;4
"13239";13239;3
"13240";13240;4
"13241";13241;2
"13242";13242;2
"13243";13243;4
"13244";13244;4
"13245";13245;2
"13246";13246;4
"13247";13247;4
"13248";13248;4
"13249";13249;4
"13250";13250;2
"13251";13251;4
"13252";13252;2
"13253";13253;2
"13254";13254;4
"13255";13255;4
"13256";13256;0
"13257";13257;4
"13258";13258;2
"13259";13259;2
"13260";13260;4
"13261";13261;2
"13262";13262;2
"13263";13263;4
"13264";13264;2
"13265";13265;2
"13266";13266;2
"13267";13267;2
"13268";13268;2
"13269";13269;2
"13270";13270;2
"13271";13271;2
"13272";13272;2
"13273";13273;2
"13274";13274;2
"13275";13275;2
"13276";13276;2
"13277";13277;2
"13278";13278;2
"13279";13279;2
"13280";13280;2
"13281";13281;2
"13282";13282;2
"13283";13283;2
"13284";13284;2
"13285";13285;2
"13286";13286;2
"13287";13287;2
"13288";13288;2
"13289";13289;2
"13290";13290;2
"13291";13291;2
"13292";13292;2
"13293";13293;2
"13294";13294;3
"13295";13295;3
"13296";13296;1
"13297";13297;1
"13298";13298;3
"13299";13299;1
"13300";13300;4
"13301";13301;4
"13302";13302;2
"13303";13303;4
"13304";13304;2
"13305";13305;2
"13306";13306;2
"13307";13307;2
"13308";13308;2
"13309";13309;2
"13310";13310;2
"13311";13311;4
"13312";13312;2
"13313";13313;2
"13314";13314;2
"13315";13315;4
"13316";13316;4
"13317";13317;2
"13318";13318;2
"13319";13319;2
"13320";13320;2
"13321";13321;2
"13322";13322;2
"13323";13323;2
"13324";13324;2
"13325";13325;2
"13326";13326;2
"13327";13327;2
"13328";13328;2
"13329";13329;2
"13330";13330;4
"13331";13331;2
"13332";13332;2
"13333";13333;2
"13334";13334;2
"13335";13335;2
"13336";13336;2
"13337";13337;2
"13338";13338;2
"13339";13339;2
"13340";13340;2
"13341";13341;2
"13342";13342;2
"13343";13343;2
"13344";13344;2
"13345";13345;2
"13346";13346;2
"13347";13347;2
"13348";13348;2
"13349";13349;2
"13350";13350;2
"13351";13351;2
"13352";13352;2
"13353";13353;2
"13354";13354;4
"13355";13355;2
"13356";13356;2
"13357";13357;2
"13358";13358;2
"13359";13359;2
"13360";13360;2
"13361";13361;2
"13362";13362;2
"13363";13363;4
"13364";13364;2
"13365";13365;2
"13366";13366;2
"13367";13367;2
"13368";13368;2
"13369";13369;2
"13370";13370;2
"13371";13371;2
"13372";13372;0
"13373";13373;2
"13374";13374;2
"13375";13375;2
"13376";13376;2
"13377";13377;2
"13378";13378;2
"13379";13379;2
"13380";13380;2
"13381";13381;4
"13382";13382;2
"13383";13383;2
"13384";13384;2
"13385";13385;2
"13386";13386;2
"13387";13387;2
"13388";13388;2
"13389";13389;2
"13390";13390;2
"13391";13391;2
"13392";13392;2
"13393";13393;2
"13394";13394;2
"13395";13395;2
"13396";13396;2
"13397";13397;2
"13398";13398;2
"13399";13399;2
"13400";13400;2
"13401";13401;2
"13402";13402;2
"13403";13403;2
"13404";13404;4
"13405";13405;2
"13406";13406;2
"13407";13407;2
"13408";13408;4
"13409";13409;2
"13410";13410;2
"13411";13411;2
"13412";13412;2
"13413";13413;2
"13414";13414;2
"13415";13415;2
"13416";13416;2
"13417";13417;2
"13418";13418;2
"13419";13419;2
"13420";13420;2
"13421";13421;4
"13422";13422;2
"13423";13423;2
"13424";13424;4
"13425";13425;4
"13426";13426;2
"13427";13427;2
"13428";13428;2
"13429";13429;2
"13430";13430;2
"13431";13431;2
"13432";13432;2
"13433";13433;2
"13434";13434;2
"13435";13435;2
"13436";13436;2
"13437";13437;2
"13438";13438;2
"13439";13439;2
"13440";13440;2
"13441";13441;2
"13442";13442;2
"13443";13443;4
"13444";13444;2
"13445";13445;2
"13446";13446;2
"13447";13447;2
"13448";13448;2
"13449";13449;2
"13450";13450;2
"13451";13451;2
"13452";13452;2
"13453";13453;2
"13454";13454;2
"13455";13455;2
"13456";13456;2
"13457";13457;2
"13458";13458;2
"13459";13459;2
"13460";13460;2
"13461";13461;2
"13462";13462;2
"13463";13463;2
"13464";13464;2
"13465";13465;2
"13466";13466;2
"13467";13467;2
"13468";13468;2
"13469";13469;2
"13470";13470;2
"13471";13471;2
"13472";13472;2
"13473";13473;2
"13474";13474;2
"13475";13475;2
"13476";13476;2
"13477";13477;2
"13478";13478;2
"13479";13479;2
"13480";13480;2
"13481";13481;2
"13482";13482;2
"13483";13483;4
"13484";13484;2
"13485";13485;2
"13486";13486;2
"13487";13487;2
"13488";13488;2
"13489";13489;2
"13490";13490;2
"13491";13491;2
"13492";13492;2
"13493";13493;2
"13494";13494;2
"13495";13495;2
"13496";13496;2
"13497";13497;2
"13498";13498;2
"13499";13499;2
"13500";13500;2
"13501";13501;4
"13502";13502;2
"13503";13503;2
"13504";13504;2
"13505";13505;2
"13506";13506;2
"13507";13507;2
"13508";13508;2
"13509";13509;2
"13510";13510;2
"13511";13511;4
"13512";13512;2
"13513";13513;2
"13514";13514;2
"13515";13515;2
"13516";13516;2
"13517";13517;2
"13518";13518;2
"13519";13519;2
"13520";13520;2
"13521";13521;2
"13522";13522;4
"13523";13523;4
"13524";13524;2
"13525";13525;2
"13526";13526;2
"13527";13527;2
"13528";13528;4
"13529";13529;4
"13530";13530;4
"13531";13531;2
"13532";13532;2
"13533";13533;2
"13534";13534;4
"13535";13535;4
"13536";13536;2
"13537";13537;2
"13538";13538;2
"13539";13539;2
"13540";13540;2
"13541";13541;4
"13542";13542;2
"13543";13543;4
"13544";13544;4
"13545";13545;4
"13546";13546;4
"13547";13547;4
"13548";13548;0
"13549";13549;4
"13550";13550;4
"13551";13551;4
"13552";13552;2
"13553";13553;2
"13554";13554;2
"13555";13555;2
"13556";13556;2
"13557";13557;2
"13558";13558;2
"13559";13559;2
"13560";13560;2
"13561";13561;2
"13562";13562;2
"13563";13563;2
"13564";13564;2
"13565";13565;2
"13566";13566;2
"13567";13567;2
"13568";13568;2
"13569";13569;0
"13570";13570;4
"13571";13571;2
"13572";13572;2
"13573";13573;2
"13574";13574;2
"13575";13575;2
"13576";13576;2
"13577";13577;2
"13578";13578;2
"13579";13579;2
"13580";13580;2
"13581";13581;2
"13582";13582;2
"13583";13583;2
"13584";13584;2
"13585";13585;2
"13586";13586;2
"13587";13587;2
"13588";13588;2
"13589";13589;2
"13590";13590;2
"13591";13591;2
"13592";13592;2
"13593";13593;2
"13594";13594;4
"13595";13595;2
"13596";13596;4
"13597";13597;2
"13598";13598;2
"13599";13599;2
"13600";13600;2
"13601";13601;2
"13602";13602;2
"13603";13603;2
"13604";13604;4
"13605";13605;2
"13606";13606;2
"13607";13607;2
"13608";13608;2
"13609";13609;2
"13610";13610;2
"13611";13611;2
"13612";13612;2
"13613";13613;2
"13614";13614;2
"13615";13615;2
"13616";13616;2
"13617";13617;2
"13618";13618;4
"13619";13619;4
"13620";13620;2
"13621";13621;2
"13622";13622;2
"13623";13623;2
"13624";13624;2
"13625";13625;2
"13626";13626;2
"13627";13627;4
"13628";13628;2
"13629";13629;2
"13630";13630;4
"13631";13631;4
"13632";13632;2
"13633";13633;2
"13634";13634;2
"13635";13635;2
"13636";13636;4
"13637";13637;2
"13638";13638;4
"13639";13639;2
"13640";13640;2
"13641";13641;2
"13642";13642;2
"13643";13643;2
"13644";13644;2
"13645";13645;2
"13646";13646;2
"13647";13647;2
"13648";13648;2
"13649";13649;2
"13650";13650;2
"13651";13651;2
"13652";13652;2
"13653";13653;2
"13654";13654;2
"13655";13655;4
"13656";13656;4
"13657";13657;2
"13658";13658;2
"13659";13659;2
"13660";13660;2
"13661";13661;2
"13662";13662;2
"13663";13663;2
"13664";13664;2
"13665";13665;2
"13666";13666;2
"13667";13667;4
"13668";13668;4
"13669";13669;2
"13670";13670;2
"13671";13671;4
"13672";13672;4
"13673";13673;4
"13674";13674;2
"13675";13675;2
"13676";13676;2
"13677";13677;2
"13678";13678;2
"13679";13679;2
"13680";13680;4
"13681";13681;2
"13682";13682;2
"13683";13683;2
"13684";13684;2
"13685";13685;2
"13686";13686;2
"13687";13687;2
"13688";13688;2
"13689";13689;2
"13690";13690;2
"13691";13691;2
"13692";13692;2
"13693";13693;2
"13694";13694;2
"13695";13695;2
"13696";13696;2
"13697";13697;2
"13698";13698;2
"13699";13699;2
"13700";13700;2
"13701";13701;2
"13702";13702;2
"13703";13703;2
"13704";13704;2
"13705";13705;2
"13706";13706;4
"13707";13707;2
"13708";13708;4
"13709";13709;2
"13710";13710;2
"13711";13711;2
"13712";13712;2
"13713";13713;4
"13714";13714;2
"13715";13715;2
"13716";13716;2
"13717";13717;2
"13718";13718;4
"13719";13719;2
"13720";13720;2
"13721";13721;2
"13722";13722;2
"13723";13723;2
"13724";13724;2
"13725";13725;2
"13726";13726;1
"13727";13727;2
"13728";13728;2
"13729";13729;2
"13730";13730;2
"13731";13731;2
"13732";13732;2
"13733";13733;2
"13734";13734;2
"13735";13735;2
"13736";13736;2
"13737";13737;2
"13738";13738;4
"13739";13739;2
"13740";13740;2
"13741";13741;2
"13742";13742;2
"13743";13743;2
"13744";13744;2
"13745";13745;2
"13746";13746;2
"13747";13747;2
"13748";13748;2
"13749";13749;2
"13750";13750;2
"13751";13751;2
"13752";13752;2
"13753";13753;2
"13754";13754;2
"13755";13755;2
"13756";13756;2
"13757";13757;2
"13758";13758;4
"13759";13759;2
"13760";13760;2
"13761";13761;4
"13762";13762;2
"13763";13763;4
"13764";13764;2
"13765";13765;2
"13766";13766;4
"13767";13767;4
"13768";13768;2
"13769";13769;4
"13770";13770;4
"13771";13771;2
"13772";13772;2
"13773";13773;4
"13774";13774;2
"13775";13775;2
"13776";13776;2
"13777";13777;2
"13778";13778;2
"13779";13779;2
"13780";13780;2
"13781";13781;2
"13782";13782;2
"13783";13783;2
"13784";13784;2
"13785";13785;2
"13786";13786;2
"13787";13787;2
"13788";13788;2
"13789";13789;2
"13790";13790;2
"13791";13791;2
"13792";13792;4
"13793";13793;4
"13794";13794;2
"13795";13795;2
"13796";13796;2
"13797";13797;2
"13798";13798;2
"13799";13799;2
"13800";13800;2
"13801";13801;2
"13802";13802;2
"13803";13803;4
"13804";13804;4
"13805";13805;2
"13806";13806;4
"13807";13807;2
"13808";13808;2
"13809";13809;2
"13810";13810;2
"13811";13811;2
"13812";13812;2
"13813";13813;2
"13814";13814;4
"13815";13815;2
"13816";13816;2
"13817";13817;2
"13818";13818;2
"13819";13819;2
"13820";13820;2
"13821";13821;2
"13822";13822;2
"13823";13823;2
"13824";13824;2
"13825";13825;2
"13826";13826;2
"13827";13827;4
"13828";13828;4
"13829";13829;2
"13830";13830;4
"13831";13831;0
"13832";13832;4
"13833";13833;0
"13834";13834;4
"13835";13835;4
"13836";13836;4
"13837";13837;3
"13838";13838;3
"13839";13839;0
"13840";13840;0
"13841";13841;0
"13842";13842;4
"13843";13843;4
"13844";13844;4
"13845";13845;4
"13846";13846;3
"13847";13847;0
"13848";13848;4
"13849";13849;3
"13850";13850;3
"13851";13851;3
"13852";13852;3
"13853";13853;3
"13854";13854;4
"13855";13855;3
"13856";13856;3
"13857";13857;3
"13858";13858;4
"13859";13859;3
"13860";13860;3
"13861";13861;4
"13862";13862;3
"13863";13863;3
"13864";13864;3
"13865";13865;4
"13866";13866;3
"13867";13867;3
"13868";13868;4
"13869";13869;4
"13870";13870;2
"13871";13871;4
"13872";13872;4
"13873";13873;2
"13874";13874;2
"13875";13875;2
"13876";13876;2
"13877";13877;2
"13878";13878;2
"13879";13879;2
"13880";13880;2
"13881";13881;2
"13882";13882;4
"13883";13883;2
"13884";13884;2
"13885";13885;2
"13886";13886;2
"13887";13887;4
"13888";13888;2
"13889";13889;2
"13890";13890;2
"13891";13891;4
"13892";13892;2
"13893";13893;2
"13894";13894;2
"13895";13895;2
"13896";13896;2
"13897";13897;2
"13898";13898;4
"13899";13899;2
"13900";13900;2
"13901";13901;2
"13902";13902;4
"13903";13903;2
"13904";13904;2
"13905";13905;2
"13906";13906;2
"13907";13907;2
"13908";13908;4
"13909";13909;2
"13910";13910;2
"13911";13911;4
"13912";13912;3
"13913";13913;4
"13914";13914;2
"13915";13915;2
"13916";13916;2
"13917";13917;4
"13918";13918;4
"13919";13919;2
"13920";13920;4
"13921";13921;2
"13922";13922;2
"13923";13923;2
"13924";13924;2
"13925";13925;2
"13926";13926;2
"13927";13927;2
"13928";13928;2
"13929";13929;2
"13930";13930;4
"13931";13931;3
"13932";13932;2
"13933";13933;2
"13934";13934;2
"13935";13935;2
"13936";13936;2
"13937";13937;2
"13938";13938;4
"13939";13939;4
"13940";13940;2
"13941";13941;2
"13942";13942;2
"13943";13943;2
"13944";13944;2
"13945";13945;2
"13946";13946;2
"13947";13947;2
"13948";13948;2
"13949";13949;4
"13950";13950;4
"13951";13951;2
"13952";13952;2
"13953";13953;4
"13954";13954;2
"13955";13955;4
"13956";13956;2
"13957";13957;2
"13958";13958;2
"13959";13959;4
"13960";13960;2
"13961";13961;2
"13962";13962;4
"13963";13963;2
"13964";13964;2
"13965";13965;2
"13966";13966;2
"13967";13967;4
"13968";13968;4
"13969";13969;4
"13970";13970;2
"13971";13971;2
"13972";13972;2
"13973";13973;4
"13974";13974;2
"13975";13975;2
"13976";13976;2
"13977";13977;2
"13978";13978;2
"13979";13979;2
"13980";13980;2
"13981";13981;2
"13982";13982;2
"13983";13983;4
"13984";13984;2
"13985";13985;2
"13986";13986;2
"13987";13987;2
"13988";13988;2
"13989";13989;2
"13990";13990;2
"13991";13991;2
"13992";13992;4
"13993";13993;2
"13994";13994;4
"13995";13995;2
"13996";13996;2
"13997";13997;2
"13998";13998;4
"13999";13999;4
"14000";14000;2
"14001";14001;4
"14002";14002;4
"14003";14003;4
"14004";14004;2
"14005";14005;2
"14006";14006;2
"14007";14007;2
"14008";14008;4
"14009";14009;2
"14010";14010;2
"14011";14011;2
"14012";14012;4
"14013";14013;2
"14014";14014;2
"14015";14015;2
"14016";14016;2
"14017";14017;2
"14018";14018;4
"14019";14019;4
"14020";14020;2
"14021";14021;4
"14022";14022;4
"14023";14023;4
"14024";14024;4
"14025";14025;2
"14026";14026;2
"14027";14027;2
"14028";14028;4
"14029";14029;4
"14030";14030;2
"14031";14031;4
"14032";14032;2
"14033";14033;2
"14034";14034;2
"14035";14035;4
"14036";14036;4
"14037";14037;4
"14038";14038;2
"14039";14039;2
"14040";14040;2
"14041";14041;2
"14042";14042;2
"14043";14043;2
"14044";14044;2
"14045";14045;2
"14046";14046;2
"14047";14047;2
"14048";14048;2
"14049";14049;2
"14050";14050;2
"14051";14051;2
"14052";14052;2
"14053";14053;2
"14054";14054;2
"14055";14055;2
"14056";14056;2
"14057";14057;2
"14058";14058;2
"14059";14059;2
"14060";14060;2
"14061";14061;2
"14062";14062;2
"14063";14063;4
"14064";14064;4
"14065";14065;4
"14066";14066;2
"14067";14067;2
"14068";14068;2
"14069";14069;2
"14070";14070;4
"14071";14071;4
"14072";14072;2
"14073";14073;2
"14074";14074;4
"14075";14075;2
"14076";14076;2
"14077";14077;2
"14078";14078;2
"14079";14079;2
"14080";14080;4
"14081";14081;4
"14082";14082;2
"14083";14083;4
"14084";14084;4
"14085";14085;2
"14086";14086;4
"14087";14087;2
"14088";14088;4
"14089";14089;4
"14090";14090;4
"14091";14091;2
"14092";14092;2
"14093";14093;2
"14094";14094;2
"14095";14095;2
"14096";14096;2
"14097";14097;2
"14098";14098;2
"14099";14099;2
"14100";14100;2
"14101";14101;2
"14102";14102;2
"14103";14103;2
"14104";14104;2
"14105";14105;2
"14106";14106;2
"14107";14107;2
"14108";14108;2
"14109";14109;2
"14110";14110;2
"14111";14111;2
"14112";14112;2
"14113";14113;2
"14114";14114;4
"14115";14115;2
"14116";14116;2
"14117";14117;2
"14118";14118;2
"14119";14119;2
"14120";14120;2
"14121";14121;2
"14122";14122;2
"14123";14123;2
"14124";14124;2
"14125";14125;2
"14126";14126;2
"14127";14127;4
"14128";14128;2
"14129";14129;4
"14130";14130;4
"14131";14131;2
"14132";14132;2
"14133";14133;2
"14134";14134;2
"14135";14135;2
"14136";14136;2
"14137";14137;2
"14138";14138;2
"14139";14139;2
"14140";14140;2
"14141";14141;2
"14142";14142;2
"14143";14143;2
"14144";14144;2
"14145";14145;2
"14146";14146;2
"14147";14147;2
"14148";14148;2
"14149";14149;2
"14150";14150;2
"14151";14151;2
"14152";14152;2
"14153";14153;2
"14154";14154;2
"14155";14155;2
"14156";14156;2
"14157";14157;2
"14158";14158;2
"14159";14159;2
"14160";14160;2
"14161";14161;2
"14162";14162;2
"14163";14163;2
"14164";14164;2
"14165";14165;2
"14166";14166;2
"14167";14167;2
"14168";14168;2
"14169";14169;2
"14170";14170;2
"14171";14171;2
"14172";14172;2
"14173";14173;2
"14174";14174;2
"14175";14175;2
"14176";14176;2
"14177";14177;4
"14178";14178;2
"14179";14179;2
"14180";14180;2
"14181";14181;2
"14182";14182;2
"14183";14183;2
"14184";14184;2
"14185";14185;2
"14186";14186;2
"14187";14187;2
"14188";14188;2
"14189";14189;2
"14190";14190;2
"14191";14191;2
"14192";14192;2
"14193";14193;2
"14194";14194;2
"14195";14195;2
"14196";14196;2
"14197";14197;2
"14198";14198;2
"14199";14199;2
"14200";14200;2
"14201";14201;2
"14202";14202;2
"14203";14203;4
"14204";14204;2
"14205";14205;2
"14206";14206;2
"14207";14207;2
"14208";14208;2
"14209";14209;2
"14210";14210;2
"14211";14211;4
"14212";14212;2
"14213";14213;2
"14214";14214;4
"14215";14215;2
"14216";14216;2
"14217";14217;4
"14218";14218;2
"14219";14219;2
"14220";14220;2
"14221";14221;2
"14222";14222;2
"14223";14223;2
"14224";14224;4
"14225";14225;2
"14226";14226;4
"14227";14227;2
"14228";14228;2
"14229";14229;2
"14230";14230;2
"14231";14231;2
"14232";14232;2
"14233";14233;2
"14234";14234;2
"14235";14235;2
"14236";14236;2
"14237";14237;2
"14238";14238;4
"14239";14239;2
"14240";14240;2
"14241";14241;2
"14242";14242;2
"14243";14243;2
"14244";14244;2
"14245";14245;2
"14246";14246;2
"14247";14247;2
"14248";14248;2
"14249";14249;2
"14250";14250;2
"14251";14251;2
"14252";14252;2
"14253";14253;2
"14254";14254;2
"14255";14255;2
"14256";14256;2
"14257";14257;2
"14258";14258;2
"14259";14259;2
"14260";14260;2
"14261";14261;2
"14262";14262;2
"14263";14263;2
"14264";14264;2
"14265";14265;2
"14266";14266;2
"14267";14267;2
"14268";14268;2
"14269";14269;2
"14270";14270;2
"14271";14271;2
"14272";14272;2
"14273";14273;2
"14274";14274;4
"14275";14275;2
"14276";14276;4
"14277";14277;2
"14278";14278;2
"14279";14279;2
"14280";14280;2
"14281";14281;4
"14282";14282;4
"14283";14283;2
"14284";14284;4
"14285";14285;2
"14286";14286;2
"14287";14287;2
"14288";14288;2
"14289";14289;2
"14290";14290;2
"14291";14291;2
"14292";14292;2
"14293";14293;4
"14294";14294;2
"14295";14295;2
"14296";14296;2
"14297";14297;2
"14298";14298;2
"14299";14299;2
"14300";14300;4
"14301";14301;2
"14302";14302;2
"14303";14303;2
"14304";14304;2
"14305";14305;4
"14306";14306;2
"14307";14307;2
"14308";14308;4
"14309";14309;2
"14310";14310;2
"14311";14311;2
"14312";14312;2
"14313";14313;2
"14314";14314;2
"14315";14315;4
"14316";14316;2
"14317";14317;2
"14318";14318;2
"14319";14319;4
"14320";14320;4
"14321";14321;4
"14322";14322;4
"14323";14323;2
"14324";14324;2
"14325";14325;2
"14326";14326;2
"14327";14327;2
"14328";14328;2
"14329";14329;4
"14330";14330;4
"14331";14331;4
"14332";14332;2
"14333";14333;2
"14334";14334;2
"14335";14335;2
"14336";14336;4
"14337";14337;1
"14338";14338;4
"14339";14339;4
"14340";14340;4
"14341";14341;2
"14342";14342;4
"14343";14343;2
"14344";14344;4
"14345";14345;2
"14346";14346;2
"14347";14347;2
"14348";14348;2
"14349";14349;4
"14350";14350;4
"14351";14351;4
"14352";14352;4
"14353";14353;4
"14354";14354;2
"14355";14355;2
"14356";14356;2
"14357";14357;4
"14358";14358;4
"14359";14359;2
"14360";14360;2
"14361";14361;2
"14362";14362;4
"14363";14363;4
"14364";14364;2
"14365";14365;2
"14366";14366;2
"14367";14367;2
"14368";14368;2
"14369";14369;4
"14370";14370;2
"14371";14371;2
"14372";14372;2
"14373";14373;2
"14374";14374;2
"14375";14375;2
"14376";14376;2
"14377";14377;2
"14378";14378;2
"14379";14379;4
"14380";14380;2
"14381";14381;2
"14382";14382;4
"14383";14383;4
"14384";14384;3
"14385";14385;2
"14386";14386;2
"14387";14387;2
"14388";14388;4
"14389";14389;4
"14390";14390;4
"14391";14391;2
"14392";14392;2
"14393";14393;2
"14394";14394;4
"14395";14395;4
"14396";14396;4
"14397";14397;2
"14398";14398;2
"14399";14399;4
"14400";14400;4
"14401";14401;4
"14402";14402;4
"14403";14403;4
"14404";14404;4
"14405";14405;4
"14406";14406;4
"14407";14407;2
"14408";14408;2
"14409";14409;4
"14410";14410;2
"14411";14411;4
"14412";14412;2
"14413";14413;2
"14414";14414;2
"14415";14415;2
"14416";14416;2
"14417";14417;2
"14418";14418;2
"14419";14419;2
"14420";14420;2
"14421";14421;2
"14422";14422;2
"14423";14423;2
"14424";14424;2
"14425";14425;2
"14426";14426;2
"14427";14427;2
"14428";14428;2
"14429";14429;2
"14430";14430;2
"14431";14431;2
"14432";14432;2
"14433";14433;2
"14434";14434;4
"14435";14435;2
"14436";14436;2
"14437";14437;2
"14438";14438;2
"14439";14439;2
"14440";14440;2
"14441";14441;2
"14442";14442;4
"14443";14443;4
"14444";14444;2
"14445";14445;2
"14446";14446;2
"14447";14447;2
"14448";14448;2
"14449";14449;2
"14450";14450;4
"14451";14451;4
"14452";14452;2
"14453";14453;2
"14454";14454;2
"14455";14455;2
"14456";14456;2
"14457";14457;2
"14458";14458;2
"14459";14459;2
"14460";14460;2
"14461";14461;2
"14462";14462;2
"14463";14463;2
"14464";14464;2
"14465";14465;2
"14466";14466;2
"14467";14467;2
"14468";14468;2
"14469";14469;2
"14470";14470;2
"14471";14471;2
"14472";14472;2
"14473";14473;2
"14474";14474;2
"14475";14475;2
"14476";14476;2
"14477";14477;2
"14478";14478;2
"14479";14479;2
"14480";14480;2
"14481";14481;2
"14482";14482;2
"14483";14483;2
"14484";14484;2
"14485";14485;2
"14486";14486;2
"14487";14487;2
"14488";14488;4
"14489";14489;2
"14490";14490;2
"14491";14491;2
"14492";14492;2
"14493";14493;4
"14494";14494;2
"14495";14495;2
"14496";14496;2
"14497";14497;2
"14498";14498;2
"14499";14499;2
"14500";14500;2
"14501";14501;4
"14502";14502;2
"14503";14503;2
"14504";14504;2
"14505";14505;2
"14506";14506;2
"14507";14507;2
"14508";14508;2
"14509";14509;2
"14510";14510;2
"14511";14511;2
"14512";14512;2
"14513";14513;2
"14514";14514;2
"14515";14515;2
"14516";14516;2
"14517";14517;2
"14518";14518;2
"14519";14519;2
"14520";14520;2
"14521";14521;2
"14522";14522;4
"14523";14523;2
"14524";14524;4
"14525";14525;2
"14526";14526;2
"14527";14527;4
"14528";14528;4
"14529";14529;2
"14530";14530;2
"14531";14531;2
"14532";14532;2
"14533";14533;2
"14534";14534;2
"14535";14535;2
"14536";14536;2
"14537";14537;2
"14538";14538;2
"14539";14539;2
"14540";14540;2
"14541";14541;2
"14542";14542;4
"14543";14543;2
"14544";14544;2
"14545";14545;2
"14546";14546;2
"14547";14547;2
"14548";14548;4
"14549";14549;2
"14550";14550;4
"14551";14551;2
"14552";14552;2
"14553";14553;4
"14554";14554;4
"14555";14555;2
"14556";14556;2
"14557";14557;4
"14558";14558;2
"14559";14559;2
"14560";14560;2
"14561";14561;4
"14562";14562;4
"14563";14563;4
"14564";14564;4
"14565";14565;2
"14566";14566;2
"14567";14567;2
"14568";14568;4
"14569";14569;2
"14570";14570;2
"14571";14571;2
"14572";14572;2
"14573";14573;2
"14574";14574;2
"14575";14575;2
"14576";14576;2
"14577";14577;2
"14578";14578;2
"14579";14579;2
"14580";14580;2
"14581";14581;2
"14582";14582;2
"14583";14583;2
"14584";14584;2
"14585";14585;2
"14586";14586;2
"14587";14587;2
"14588";14588;2
"14589";14589;4
"14590";14590;2
"14591";14591;2
"14592";14592;2
"14593";14593;2
"14594";14594;2
"14595";14595;2
"14596";14596;2
"14597";14597;2
"14598";14598;2
"14599";14599;2
"14600";14600;2
"14601";14601;2
"14602";14602;4
"14603";14603;2
"14604";14604;2
"14605";14605;2
"14606";14606;2
"14607";14607;4
"14608";14608;2
"14609";14609;2
"14610";14610;4
"14611";14611;2
"14612";14612;2
"14613";14613;2
"14614";14614;2
"14615";14615;2
"14616";14616;2
"14617";14617;2
"14618";14618;2
"14619";14619;2
"14620";14620;2
"14621";14621;2
"14622";14622;2
"14623";14623;2
"14624";14624;2
"14625";14625;2
"14626";14626;2
"14627";14627;2
"14628";14628;2
"14629";14629;4
"14630";14630;2
"14631";14631;2
"14632";14632;2
"14633";14633;2
"14634";14634;2
"14635";14635;4
"14636";14636;2
"14637";14637;4
"14638";14638;4
"14639";14639;4
"14640";14640;4
"14641";14641;4
"14642";14642;2
"14643";14643;2
"14644";14644;2
"14645";14645;2
"14646";14646;2
"14647";14647;4
"14648";14648;4
"14649";14649;2
"14650";14650;2
"14651";14651;2
"14652";14652;2
"14653";14653;2
"14654";14654;2
"14655";14655;2
"14656";14656;2
"14657";14657;2
"14658";14658;2
"14659";14659;2
"14660";14660;2
"14661";14661;2
"14662";14662;2
"14663";14663;2
"14664";14664;2
"14665";14665;2
"14666";14666;2
"14667";14667;2
"14668";14668;2
"14669";14669;2
"14670";14670;2
"14671";14671;2
"14672";14672;2
"14673";14673;2
"14674";14674;2
"14675";14675;2
"14676";14676;2
"14677";14677;2
"14678";14678;2
"14679";14679;2
"14680";14680;2
"14681";14681;2
"14682";14682;2
"14683";14683;2
"14684";14684;2
"14685";14685;2
"14686";14686;4
"14687";14687;2
"14688";14688;2
"14689";14689;2
"14690";14690;2
"14691";14691;2
"14692";14692;2
"14693";14693;2
"14694";14694;2
"14695";14695;2
"14696";14696;2
"14697";14697;2
"14698";14698;2
"14699";14699;2
"14700";14700;2
"14701";14701;2
"14702";14702;2
"14703";14703;2
"14704";14704;4
"14705";14705;4
"14706";14706;4
"14707";14707;2
"14708";14708;2
"14709";14709;2
"14710";14710;2
"14711";14711;2
"14712";14712;2
"14713";14713;4
"14714";14714;4
"14715";14715;4
"14716";14716;4
"14717";14717;2
"14718";14718;2
"14719";14719;2
"14720";14720;2
"14721";14721;2
"14722";14722;4
"14723";14723;4
"14724";14724;2
"14725";14725;2
"14726";14726;3
"14727";14727;3
"14728";14728;2
"14729";14729;2
"14730";14730;2
"14731";14731;2
"14732";14732;4
"14733";14733;2
"14734";14734;2
"14735";14735;2
"14736";14736;2
"14737";14737;2
"14738";14738;2
"14739";14739;2
"14740";14740;2
"14741";14741;2
"14742";14742;2
"14743";14743;2
"14744";14744;2
"14745";14745;2
"14746";14746;2
"14747";14747;2
"14748";14748;2
"14749";14749;2
"14750";14750;2
"14751";14751;2
"14752";14752;4
"14753";14753;2
"14754";14754;2
"14755";14755;4
"14756";14756;2
"14757";14757;2
"14758";14758;2
"14759";14759;2
"14760";14760;4
"14761";14761;4
"14762";14762;2
"14763";14763;2
"14764";14764;4
"14765";14765;4
"14766";14766;2
"14767";14767;2
"14768";14768;2
"14769";14769;2
"14770";14770;2
"14771";14771;2
"14772";14772;4
"14773";14773;4
"14774";14774;2
"14775";14775;2
"14776";14776;2
"14777";14777;2
"14778";14778;2
"14779";14779;2
"14780";14780;2
"14781";14781;4
"14782";14782;4
"14783";14783;4
"14784";14784;2
"14785";14785;2
"14786";14786;2
"14787";14787;2
"14788";14788;2
"14789";14789;2
"14790";14790;2
"14791";14791;2
"14792";14792;2
"14793";14793;4
"14794";14794;2
"14795";14795;2
"14796";14796;2
"14797";14797;2
"14798";14798;2
"14799";14799;2
"14800";14800;2
"14801";14801;2
"14802";14802;2
"14803";14803;2
"14804";14804;2
"14805";14805;2
"14806";14806;2
"14807";14807;2
"14808";14808;2
"14809";14809;2
"14810";14810;2
"14811";14811;2
"14812";14812;2
"14813";14813;2
"14814";14814;2
"14815";14815;2
"14816";14816;2
"14817";14817;2
"14818";14818;2
"14819";14819;2
"14820";14820;2
"14821";14821;2
"14822";14822;4
"14823";14823;2
"14824";14824;2
"14825";14825;2
"14826";14826;4
"14827";14827;2
"14828";14828;2
"14829";14829;4
"14830";14830;2
"14831";14831;2
"14832";14832;2
"14833";14833;2
"14834";14834;2
"14835";14835;2
"14836";14836;2
"14837";14837;4
"14838";14838;2
"14839";14839;4
"14840";14840;2
"14841";14841;2
"14842";14842;2
"14843";14843;2
"14844";14844;2
"14845";14845;2
"14846";14846;2
"14847";14847;2
"14848";14848;2
"14849";14849;2
"14850";14850;2
"14851";14851;2
"14852";14852;2
"14853";14853;2
"14854";14854;2
"14855";14855;2
"14856";14856;2
"14857";14857;2
"14858";14858;2
"14859";14859;2
"14860";14860;2
"14861";14861;2
"14862";14862;2
"14863";14863;2
"14864";14864;2
"14865";14865;2
"14866";14866;4
"14867";14867;2
"14868";14868;2
"14869";14869;2
"14870";14870;4
"14871";14871;2
"14872";14872;1
"14873";14873;4
"14874";14874;4
"14875";14875;2
"14876";14876;2
"14877";14877;2
"14878";14878;2
"14879";14879;0
"14880";14880;4
"14881";14881;2
"14882";14882;2
"14883";14883;2
"14884";14884;2
"14885";14885;2
"14886";14886;2
"14887";14887;2
"14888";14888;2
"14889";14889;2
"14890";14890;2
"14891";14891;2
"14892";14892;2
"14893";14893;2
"14894";14894;2
"14895";14895;2
"14896";14896;2
"14897";14897;2
"14898";14898;2
"14899";14899;2
"14900";14900;2
"14901";14901;2
"14902";14902;4
"14903";14903;2
"14904";14904;4
"14905";14905;2
"14906";14906;2
"14907";14907;2
"14908";14908;4
"14909";14909;4
"14910";14910;2
"14911";14911;2
"14912";14912;2
"14913";14913;2
"14914";14914;2
"14915";14915;2
"14916";14916;2
"14917";14917;2
"14918";14918;2
"14919";14919;2
"14920";14920;4
"14921";14921;2
"14922";14922;2
"14923";14923;2
"14924";14924;2
"14925";14925;4
"14926";14926;4
"14927";14927;2
"14928";14928;2
"14929";14929;2
"14930";14930;4
"14931";14931;2
"14932";14932;2
"14933";14933;2
"14934";14934;2
"14935";14935;2
"14936";14936;2
"14937";14937;2
"14938";14938;2
"14939";14939;2
"14940";14940;2
"14941";14941;2
"14942";14942;4
"14943";14943;4
"14944";14944;2
"14945";14945;2
"14946";14946;2
"14947";14947;2
"14948";14948;2
"14949";14949;2
"14950";14950;2
"14951";14951;4
"14952";14952;4
"14953";14953;2
"14954";14954;2
"14955";14955;2
"14956";14956;2
"14957";14957;2
"14958";14958;2
"14959";14959;2
"14960";14960;2
"14961";14961;2
"14962";14962;4
"14963";14963;4
"14964";14964;2
"14965";14965;2
"14966";14966;2
"14967";14967;2
"14968";14968;2
"14969";14969;2
"14970";14970;2
"14971";14971;2
"14972";14972;2
"14973";14973;2
"14974";14974;2
"14975";14975;2
"14976";14976;2
"14977";14977;2
"14978";14978;2
"14979";14979;2
"14980";14980;2
"14981";14981;2
"14982";14982;2
"14983";14983;2
"14984";14984;2
"14985";14985;2
"14986";14986;2
"14987";14987;2
"14988";14988;2
"14989";14989;2
"14990";14990;2
"14991";14991;2
"14992";14992;2
"14993";14993;2
"14994";14994;2
"14995";14995;2
"14996";14996;2
"14997";14997;2
"14998";14998;2
"14999";14999;2
"15000";15000;2
"15001";15001;2
"15002";15002;2
"15003";15003;2
"15004";15004;2
"15005";15005;2
"15006";15006;4
"15007";15007;2
"15008";15008;2
"15009";15009;2
"15010";15010;2
"15011";15011;2
"15012";15012;2
"15013";15013;2
"15014";15014;2
"15015";15015;2
"15016";15016;2
"15017";15017;2
"15018";15018;2
"15019";15019;2
"15020";15020;2
"15021";15021;2
"15022";15022;2
"15023";15023;2
"15024";15024;2
"15025";15025;2
"15026";15026;2
"15027";15027;2
"15028";15028;2
"15029";15029;2
"15030";15030;2
"15031";15031;2
"15032";15032;2
"15033";15033;2
"15034";15034;2
"15035";15035;2
"15036";15036;2
"15037";15037;2
"15038";15038;4
"15039";15039;2
"15040";15040;2
"15041";15041;4
"15042";15042;2
"15043";15043;2
"15044";15044;2
"15045";15045;2
"15046";15046;2
"15047";15047;2
"15048";15048;2
"15049";15049;2
"15050";15050;2
"15051";15051;2
"15052";15052;2
"15053";15053;2
"15054";15054;2
"15055";15055;2
"15056";15056;2
"15057";15057;2
"15058";15058;2
"15059";15059;2
"15060";15060;2
"15061";15061;2
"15062";15062;2
"15063";15063;2
"15064";15064;2
"15065";15065;2
"15066";15066;2
"15067";15067;2
"15068";15068;2
"15069";15069;2
"15070";15070;2
"15071";15071;2
"15072";15072;2
"15073";15073;0
"15074";15074;4
"15075";15075;2
"15076";15076;2
"15077";15077;2
"15078";15078;2
"15079";15079;4
"15080";15080;2
"15081";15081;2
"15082";15082;2
"15083";15083;2
"15084";15084;2
"15085";15085;2
"15086";15086;2
"15087";15087;4
"15088";15088;2
"15089";15089;2
"15090";15090;2
"15091";15091;2
"15092";15092;2
"15093";15093;2
"15094";15094;4
"15095";15095;2
"15096";15096;3
"15097";15097;3
"15098";15098;3
"15099";15099;3
"15100";15100;3
"15101";15101;3
"15102";15102;3
"15103";15103;3
"15104";15104;4
"15105";15105;3
"15106";15106;3
"15107";15107;3
"15108";15108;3
"15109";15109;3
"15110";15110;4
"15111";15111;3
"15112";15112;3
"15113";15113;3
"15114";15114;3
"15115";15115;3
"15116";15116;4
"15117";15117;2
"15118";15118;2
"15119";15119;4
"15120";15120;2
"15121";15121;2
"15122";15122;2
"15123";15123;4
"15124";15124;2
"15125";15125;4
"15126";15126;2
"15127";15127;2
"15128";15128;2
"15129";15129;2
"15130";15130;2
"15131";15131;2
"15132";15132;2
"15133";15133;2
"15134";15134;2
"15135";15135;2
"15136";15136;2
"15137";15137;2
"15138";15138;2
"15139";15139;2
"15140";15140;2
"15141";15141;2
"15142";15142;4
"15143";15143;2
"15144";15144;2
"15145";15145;4
"15146";15146;1
"15147";15147;2
"15148";15148;2
"15149";15149;2
"15150";15150;2
"15151";15151;2
"15152";15152;2
"15153";15153;4
"15154";15154;4
"15155";15155;2
"15156";15156;4
"15157";15157;2
"15158";15158;4
"15159";15159;2
"15160";15160;2
"15161";15161;4
"15162";15162;2
"15163";15163;2
"15164";15164;2
"15165";15165;2
"15166";15166;4
"15167";15167;2
"15168";15168;4
"15169";15169;4
"15170";15170;4
"15171";15171;2
"15172";15172;2
"15173";15173;4
"15174";15174;2
"15175";15175;4
"15176";15176;2
"15177";15177;2
"15178";15178;2
"15179";15179;2
"15180";15180;2
"15181";15181;2
"15182";15182;4
"15183";15183;2
"15184";15184;2
"15185";15185;2
"15186";15186;2
"15187";15187;2
"15188";15188;2
"15189";15189;2
"15190";15190;4
"15191";15191;2
"15192";15192;2
"15193";15193;2
"15194";15194;2
"15195";15195;2
"15196";15196;0
"15197";15197;4
"15198";15198;4
"15199";15199;2
"15200";15200;4
"15201";15201;4
"15202";15202;4
"15203";15203;2
"15204";15204;2
"15205";15205;2
"15206";15206;2
"15207";15207;2
"15208";15208;2
"15209";15209;2
"15210";15210;2
"15211";15211;2
"15212";15212;2
"15213";15213;2
"15214";15214;2
"15215";15215;2
"15216";15216;2
"15217";15217;2
"15218";15218;2
"15219";15219;2
"15220";15220;2
"15221";15221;2
"15222";15222;2
"15223";15223;2
"15224";15224;2
"15225";15225;2
"15226";15226;2
"15227";15227;2
"15228";15228;2
"15229";15229;2
"15230";15230;2
"15231";15231;2
"15232";15232;2
"15233";15233;2
"15234";15234;2
"15235";15235;2
"15236";15236;2
"15237";15237;2
"15238";15238;0
"15239";15239;2
"15240";15240;2
"15241";15241;2
"15242";15242;2
"15243";15243;2
"15244";15244;2
"15245";15245;2
"15246";15246;2
"15247";15247;2
"15248";15248;2
"15249";15249;2
"15250";15250;2
"15251";15251;2
"15252";15252;2
"15253";15253;2
"15254";15254;2
"15255";15255;2
"15256";15256;2
"15257";15257;2
"15258";15258;2
"15259";15259;2
"15260";15260;2
"15261";15261;2
"15262";15262;2
"15263";15263;2
"15264";15264;2
"15265";15265;2
"15266";15266;2
"15267";15267;2
"15268";15268;0
"15269";15269;2
"15270";15270;2
"15271";15271;2
"15272";15272;2
"15273";15273;2
"15274";15274;2
"15275";15275;2
"15276";15276;2
"15277";15277;2
"15278";15278;2
"15279";15279;2
"15280";15280;2
"15281";15281;2
"15282";15282;2
"15283";15283;2
"15284";15284;2
"15285";15285;2
"15286";15286;2
"15287";15287;2
"15288";15288;2
"15289";15289;2
"15290";15290;2
"15291";15291;2
"15292";15292;2
"15293";15293;3
"15294";15294;0
"15295";15295;4
"15296";15296;0
"15297";15297;4
"15298";15298;0
"15299";15299;3
"15300";15300;4
"15301";15301;2
"15302";15302;2
"15303";15303;2
"15304";15304;2
"15305";15305;2
"15306";15306;2
"15307";15307;2
"15308";15308;2
"15309";15309;2
"15310";15310;2
"15311";15311;2
"15312";15312;4
"15313";15313;2
"15314";15314;2
"15315";15315;2
"15316";15316;4
"15317";15317;2
"15318";15318;4
"15319";15319;2
"15320";15320;3
"15321";15321;2
"15322";15322;2
"15323";15323;2
"15324";15324;4
"15325";15325;2
"15326";15326;2
"15327";15327;4
"15328";15328;2
"15329";15329;2
"15330";15330;2
"15331";15331;2
"15332";15332;2
"15333";15333;2
"15334";15334;2
"15335";15335;2
"15336";15336;2
"15337";15337;2
"15338";15338;2
"15339";15339;2
"15340";15340;2
"15341";15341;2
"15342";15342;2
"15343";15343;2
"15344";15344;4
"15345";15345;4
"15346";15346;2
"15347";15347;2
"15348";15348;2
"15349";15349;2
"15350";15350;2
"15351";15351;2
"15352";15352;2
"15353";15353;4
"15354";15354;4
"15355";15355;2
"15356";15356;2
"15357";15357;2
"15358";15358;4
"15359";15359;2
"15360";15360;2
"15361";15361;2
"15362";15362;2
"15363";15363;2
"15364";15364;2
"15365";15365;2
"15366";15366;2
"15367";15367;4
"15368";15368;2
"15369";15369;4
"15370";15370;2
"15371";15371;2
"15372";15372;2
"15373";15373;2
"15374";15374;2
"15375";15375;2
"15376";15376;2
"15377";15377;2
"15378";15378;2
"15379";15379;4
"15380";15380;2
"15381";15381;2
"15382";15382;2
"15383";15383;2
"15384";15384;4
"15385";15385;2
"15386";15386;4
"15387";15387;2
"15388";15388;4
"15389";15389;2
"15390";15390;2
"15391";15391;2
"15392";15392;2
"15393";15393;2
"15394";15394;2
"15395";15395;2
"15396";15396;2
"15397";15397;2
"15398";15398;2
"15399";15399;2
"15400";15400;2
"15401";15401;2
"15402";15402;2
"15403";15403;2
"15404";15404;2
"15405";15405;2
"15406";15406;2
"15407";15407;2
"15408";15408;2
"15409";15409;2
"15410";15410;2
"15411";15411;2
"15412";15412;2
"15413";15413;2
"15414";15414;2
"15415";15415;4
"15416";15416;2
"15417";15417;2
"15418";15418;2
"15419";15419;2
"15420";15420;2
"15421";15421;4
"15422";15422;2
"15423";15423;2
"15424";15424;2
"15425";15425;2
"15426";15426;2
"15427";15427;4
"15428";15428;2
"15429";15429;2
"15430";15430;2
"15431";15431;2
"15432";15432;2
"15433";15433;2
"15434";15434;2
"15435";15435;2
"15436";15436;0
"15437";15437;2
"15438";15438;2
"15439";15439;2
"15440";15440;2
"15441";15441;2
"15442";15442;4
"15443";15443;2
"15444";15444;2
"15445";15445;2
"15446";15446;2
"15447";15447;2
"15448";15448;2
"15449";15449;2
"15450";15450;2
"15451";15451;2
"15452";15452;2
"15453";15453;2
"15454";15454;2
"15455";15455;2
"15456";15456;2
"15457";15457;4
"15458";15458;4
"15459";15459;4
"15460";15460;2
"15461";15461;2
"15462";15462;2
"15463";15463;4
"15464";15464;2
"15465";15465;2
"15466";15466;2
"15467";15467;2
"15468";15468;2
"15469";15469;2
"15470";15470;2
"15471";15471;2
"15472";15472;2
"15473";15473;2
"15474";15474;2
"15475";15475;2
"15476";15476;2
"15477";15477;2
"15478";15478;2
"15479";15479;2
"15480";15480;2
"15481";15481;2
"15482";15482;2
"15483";15483;2
"15484";15484;2
"15485";15485;2
"15486";15486;4
"15487";15487;4
"15488";15488;4
"15489";15489;2
"15490";15490;4
"15491";15491;4
"15492";15492;4
"15493";15493;2
"15494";15494;2
"15495";15495;2
"15496";15496;2
"15497";15497;2
"15498";15498;2
"15499";15499;2
"15500";15500;2
"15501";15501;2
"15502";15502;2
"15503";15503;2
"15504";15504;2
"15505";15505;2
"15506";15506;2
"15507";15507;2
"15508";15508;2
"15509";15509;2
"15510";15510;2
"15511";15511;2
"15512";15512;2
"15513";15513;2
"15514";15514;2
"15515";15515;2
"15516";15516;2
"15517";15517;2
"15518";15518;2
"15519";15519;2
"15520";15520;2
"15521";15521;2
"15522";15522;2
"15523";15523;2
"15524";15524;2
"15525";15525;2
"15526";15526;2
"15527";15527;2
"15528";15528;2
"15529";15529;2
"15530";15530;2
"15531";15531;2
"15532";15532;4
"15533";15533;2
"15534";15534;2
"15535";15535;2
"15536";15536;4
"15537";15537;4
"15538";15538;2
"15539";15539;2
"15540";15540;2
"15541";15541;2
"15542";15542;2
"15543";15543;2
"15544";15544;2
"15545";15545;2
"15546";15546;2
"15547";15547;2
"15548";15548;2
"15549";15549;2
"15550";15550;4
"15551";15551;2
"15552";15552;2
"15553";15553;2
"15554";15554;2
"15555";15555;2
"15556";15556;2
"15557";15557;2
"15558";15558;2
"15559";15559;2
"15560";15560;2
"15561";15561;2
"15562";15562;2
"15563";15563;2
"15564";15564;2
"15565";15565;2
"15566";15566;2
"15567";15567;2
"15568";15568;2
"15569";15569;2
"15570";15570;2
"15571";15571;2
"15572";15572;2
"15573";15573;2
"15574";15574;2
"15575";15575;2
"15576";15576;2
"15577";15577;2
"15578";15578;2
"15579";15579;2
"15580";15580;2
"15581";15581;2
"15582";15582;2
"15583";15583;4
"15584";15584;2
"15585";15585;2
"15586";15586;2
"15587";15587;2
"15588";15588;2
"15589";15589;2
"15590";15590;4
"15591";15591;2
"15592";15592;2
"15593";15593;2
"15594";15594;2
"15595";15595;2
"15596";15596;2
"15597";15597;2
"15598";15598;2
"15599";15599;2
"15600";15600;2
"15601";15601;2
"15602";15602;2
"15603";15603;2
"15604";15604;2
"15605";15605;2
"15606";15606;2
"15607";15607;2
"15608";15608;4
"15609";15609;2
"15610";15610;2
"15611";15611;4
"15612";15612;2
"15613";15613;2
"15614";15614;2
"15615";15615;2
"15616";15616;2
"15617";15617;2
"15618";15618;2
"15619";15619;2
"15620";15620;2
"15621";15621;2
"15622";15622;2
"15623";15623;2
"15624";15624;2
"15625";15625;2
"15626";15626;2
"15627";15627;2
"15628";15628;2
"15629";15629;2
"15630";15630;2
"15631";15631;2
"15632";15632;2
"15633";15633;2
"15634";15634;2
"15635";15635;2
"15636";15636;2
"15637";15637;2
"15638";15638;4
"15639";15639;2
"15640";15640;2
"15641";15641;2
"15642";15642;2
"15643";15643;2
"15644";15644;2
"15645";15645;2
"15646";15646;2
"15647";15647;2
"15648";15648;2
"15649";15649;2
"15650";15650;2
"15651";15651;2
"15652";15652;2
"15653";15653;2
"15654";15654;2
"15655";15655;2
"15656";15656;2
"15657";15657;2
"15658";15658;2
"15659";15659;2
"15660";15660;2
"15661";15661;2
"15662";15662;2
"15663";15663;2
"15664";15664;2
"15665";15665;2
"15666";15666;2
"15667";15667;2
"15668";15668;2
"15669";15669;2
"15670";15670;2
"15671";15671;4
"15672";15672;2
"15673";15673;2
"15674";15674;2
"15675";15675;2
"15676";15676;2
"15677";15677;4
"15678";15678;4
"15679";15679;2
"15680";15680;3
"15681";15681;4
"15682";15682;3
"15683";15683;4
"15684";15684;3
"15685";15685;3
"15686";15686;3
"15687";15687;3
"15688";15688;3
"15689";15689;3
"15690";15690;3
"15691";15691;4
"15692";15692;4
"15693";15693;4
"15694";15694;4
"15695";15695;4
"15696";15696;3
"15697";15697;4
"15698";15698;3
"15699";15699;4
"15700";15700;3
"15701";15701;4
"15702";15702;4
"15703";15703;4
"15704";15704;4
"15705";15705;1
"15706";15706;1
"15707";15707;1
"15708";15708;4
"15709";15709;4
"15710";15710;3
"15711";15711;1
"15712";15712;4
"15713";15713;3
"15714";15714;4
"15715";15715;3
"15716";15716;1
"15717";15717;1
"15718";15718;3
"15719";15719;3
"15720";15720;4
"15721";15721;3
"15722";15722;3
"15723";15723;3
"15724";15724;3
"15725";15725;3
"15726";15726;3
"15727";15727;3
"15728";15728;3
"15729";15729;3
"15730";15730;1
"15731";15731;3
"15732";15732;3
"15733";15733;3
"15734";15734;3
"15735";15735;4
"15736";15736;1
"15737";15737;1
"15738";15738;4
"15739";15739;4
"15740";15740;4
"15741";15741;0
"15742";15742;3
"15743";15743;3
"15744";15744;1
"15745";15745;1
"15746";15746;4
"15747";15747;3
"15748";15748;1
"15749";15749;3
"15750";15750;3
"15751";15751;3
"15752";15752;4
"15753";15753;3
"15754";15754;3
"15755";15755;4
"15756";15756;1
"15757";15757;4
"15758";15758;3
"15759";15759;0
"15760";15760;4
"15761";15761;4
"15762";15762;4
"15763";15763;4
"15764";15764;3
"15765";15765;4
"15766";15766;4
"15767";15767;3
"15768";15768;3
"15769";15769;3
"15770";15770;3
"15771";15771;3
"15772";15772;3
"15773";15773;3
"15774";15774;3
"15775";15775;3
"15776";15776;4
"15777";15777;3
"15778";15778;0
"15779";15779;1
"15780";15780;3
"15781";15781;0
"15782";15782;3
"15783";15783;4
"15784";15784;4
"15785";15785;4
"15786";15786;4
"15787";15787;4
"15788";15788;4
"15789";15789;4
"15790";15790;2
"15791";15791;4
"15792";15792;2
"15793";15793;0
"15794";15794;4
"15795";15795;0
"15796";15796;0
"15797";15797;0
"15798";15798;0
"15799";15799;4
"15800";15800;4
"15801";15801;4
"15802";15802;4
"15803";15803;4
"15804";15804;1
"15805";15805;1
"15806";15806;1
"15807";15807;1
"15808";15808;1
"15809";15809;4
"15810";15810;4
"15811";15811;3
"15812";15812;4
"15813";15813;1
"15814";15814;3
"15815";15815;4
"15816";15816;4
"15817";15817;4
"15818";15818;4
"15819";15819;3
"15820";15820;3
"15821";15821;1
"15822";15822;4
"15823";15823;1
"15824";15824;0
"15825";15825;4
"15826";15826;4
"15827";15827;0
"15828";15828;4
"15829";15829;1
"15830";15830;4
"15831";15831;4
"15832";15832;3
"15833";15833;4
"15834";15834;1
"15835";15835;3
"15836";15836;3
"15837";15837;3
"15838";15838;3
"15839";15839;4
"15840";15840;4
"15841";15841;4
"15842";15842;4
"15843";15843;4
"15844";15844;1
"15845";15845;1
"15846";15846;3
"15847";15847;1
"15848";15848;1
"15849";15849;4
"15850";15850;4
"15851";15851;3
"15852";15852;3
"15853";15853;3
"15854";15854;4
"15855";15855;4
"15856";15856;4
"15857";15857;4
"15858";15858;4
"15859";15859;3
"15860";15860;4
"15861";15861;4
"15862";15862;4
"15863";15863;1
"15864";15864;1
"15865";15865;1
"15866";15866;1
"15867";15867;3
"15868";15868;1
"15869";15869;1
"15870";15870;3
"15871";15871;4
"15872";15872;3
"15873";15873;3
"15874";15874;3
"15875";15875;4
"15876";15876;3
"15877";15877;4
"15878";15878;4
"15879";15879;4
"15880";15880;3
"15881";15881;3
"15882";15882;4
"15883";15883;3
"15884";15884;4
"15885";15885;3
"15886";15886;3
"15887";15887;1
"15888";15888;1
"15889";15889;4
"15890";15890;4
"15891";15891;2
"15892";15892;4
"15893";15893;4
"15894";15894;4
"15895";15895;4
"15896";15896;4
"15897";15897;3
"15898";15898;2
"15899";15899;2
"15900";15900;2
"15901";15901;2
"15902";15902;2
"15903";15903;4
"15904";15904;4
"15905";15905;4
"15906";15906;4
"15907";15907;4
"15908";15908;4
"15909";15909;4
"15910";15910;4
"15911";15911;0
"15912";15912;3
"15913";15913;1
"15914";15914;4
"15915";15915;4
"15916";15916;4
"15917";15917;4
"15918";15918;2
"15919";15919;4
"15920";15920;2
"15921";15921;4
"15922";15922;1
"15923";15923;4
"15924";15924;4
"15925";15925;4
"15926";15926;4
"15927";15927;4
"15928";15928;4
"15929";15929;2
"15930";15930;2
"15931";15931;4
"15932";15932;4
"15933";15933;1
"15934";15934;4
"15935";15935;4
"15936";15936;4
"15937";15937;4
"15938";15938;2
"15939";15939;4
"15940";15940;4
"15941";15941;4
"15942";15942;4
"15943";15943;4
"15944";15944;3
"15945";15945;4
"15946";15946;4
"15947";15947;4
"15948";15948;4
"15949";15949;4
"15950";15950;4
"15951";15951;4
"15952";15952;4
"15953";15953;4
"15954";15954;4
"15955";15955;4
"15956";15956;4
"15957";15957;2
"15958";15958;2
"15959";15959;4
"15960";15960;4
"15961";15961;2
"15962";15962;3
"15963";15963;4
"15964";15964;4
"15965";15965;4
"15966";15966;2
"15967";15967;2
"15968";15968;2
"15969";15969;2
"15970";15970;4
"15971";15971;1
"15972";15972;4
"15973";15973;4
"15974";15974;1
"15975";15975;1
"15976";15976;1
"15977";15977;1
"15978";15978;1
"15979";15979;4
"15980";15980;0
"15981";15981;0
"15982";15982;4
"15983";15983;1
"15984";15984;2
"15985";15985;4
"15986";15986;4
"15987";15987;4
"15988";15988;2
"15989";15989;4
"15990";15990;2
"15991";15991;4
"15992";15992;4
"15993";15993;4
"15994";15994;2
"15995";15995;4
"15996";15996;4
"15997";15997;4
"15998";15998;4
"15999";15999;4
"16000";16000;4
"16001";16001;4
"16002";16002;4
"16003";16003;3
"16004";16004;4
"16005";16005;3
"16006";16006;3
"16007";16007;4
"16008";16008;3
"16009";16009;4
"16010";16010;3
"16011";16011;4
"16012";16012;4
"16013";16013;0
"16014";16014;0
"16015";16015;1
"16016";16016;4
"16017";16017;4
"16018";16018;0
"16019";16019;0
"16020";16020;4
"16021";16021;0
"16022";16022;4
"16023";16023;4
"16024";16024;0
"16025";16025;4
"16026";16026;4
"16027";16027;4
"16028";16028;4
"16029";16029;4
"16030";16030;4
"16031";16031;4
"16032";16032;4
"16033";16033;4
"16034";16034;4
"16035";16035;4
"16036";16036;1
"16037";16037;1
"16038";16038;1
"16039";16039;1
"16040";16040;1
"16041";16041;4
"16042";16042;1
"16043";16043;3
"16044";16044;4
"16045";16045;2
"16046";16046;3
"16047";16047;3
"16048";16048;3
"16049";16049;4
"16050";16050;3
"16051";16051;4
"16052";16052;4
"16053";16053;4
"16054";16054;4
"16055";16055;3
"16056";16056;3
"16057";16057;4
"16058";16058;4
"16059";16059;3
"16060";16060;3
"16061";16061;3
"16062";16062;4
"16063";16063;3
"16064";16064;4
"16065";16065;3
"16066";16066;3
"16067";16067;3
"16068";16068;0
"16069";16069;0
"16070";16070;4
"16071";16071;4
"16072";16072;3
"16073";16073;3
"16074";16074;3
"16075";16075;3
"16076";16076;4
"16077";16077;4
"16078";16078;4
"16079";16079;3
"16080";16080;3
"16081";16081;4
"16082";16082;3
"16083";16083;4
"16084";16084;4
"16085";16085;2
"16086";16086;4
"16087";16087;4
"16088";16088;4
"16089";16089;4
"16090";16090;4
"16091";16091;4
"16092";16092;4
"16093";16093;4
"16094";16094;4
"16095";16095;4
"16096";16096;4
"16097";16097;4
"16098";16098;4
"16099";16099;4
"16100";16100;4
"16101";16101;2
"16102";16102;3
"16103";16103;4
"16104";16104;4
"16105";16105;4
"16106";16106;4
"16107";16107;4
"16108";16108;2
"16109";16109;3
"16110";16110;3
"16111";16111;4
"16112";16112;4
"16113";16113;3
"16114";16114;3
"16115";16115;4
"16116";16116;4
"16117";16117;3
"16118";16118;3
"16119";16119;4
"16120";16120;4
"16121";16121;4
"16122";16122;4
"16123";16123;0
"16124";16124;4
"16125";16125;0
"16126";16126;3
"16127";16127;4
"16128";16128;3
"16129";16129;4
"16130";16130;4
"16131";16131;4
"16132";16132;4
"16133";16133;4
"16134";16134;4
"16135";16135;4
"16136";16136;4
"16137";16137;4
"16138";16138;4
"16139";16139;4
"16140";16140;4
"16141";16141;2
"16142";16142;4
"16143";16143;4
"16144";16144;4
"16145";16145;4
"16146";16146;3
"16147";16147;4
"16148";16148;4
"16149";16149;4
"16150";16150;4
"16151";16151;4
"16152";16152;2
"16153";16153;2
"16154";16154;4
"16155";16155;2
"16156";16156;4
"16157";16157;4
"16158";16158;4
"16159";16159;2
"16160";16160;2
"16161";16161;4
"16162";16162;4
"16163";16163;4
"16164";16164;4
"16165";16165;4
"16166";16166;4
"16167";16167;4
"16168";16168;4
"16169";16169;4
"16170";16170;4
"16171";16171;3
"16172";16172;4
"16173";16173;4
"16174";16174;4
"16175";16175;4
"16176";16176;4
"16177";16177;4
"16178";16178;2
"16179";16179;2
"16180";16180;2
"16181";16181;2
"16182";16182;2
"16183";16183;4
"16184";16184;4
"16185";16185;4
"16186";16186;3
"16187";16187;4
"16188";16188;4
"16189";16189;4
"16190";16190;1
"16191";16191;4
"16192";16192;4
"16193";16193;1
"16194";16194;1
"16195";16195;4
"16196";16196;4
"16197";16197;4
"16198";16198;4
"16199";16199;1
"16200";16200;1
"16201";16201;4
"16202";16202;1
"16203";16203;4
"16204";16204;4
"16205";16205;3
"16206";16206;3
"16207";16207;4
"16208";16208;4
"16209";16209;4
"16210";16210;4
"16211";16211;4
"16212";16212;3
"16213";16213;3
"16214";16214;0
"16215";16215;0
"16216";16216;0
"16217";16217;1
"16218";16218;3
"16219";16219;1
"16220";16220;4
"16221";16221;4
"16222";16222;4
"16223";16223;4
"16224";16224;4
"16225";16225;3
"16226";16226;4
"16227";16227;3
"16228";16228;3
"16229";16229;4
"16230";16230;0
"16231";16231;4
"16232";16232;4
"16233";16233;4
"16234";16234;4
"16235";16235;3
"16236";16236;4
"16237";16237;4
"16238";16238;2
"16239";16239;4
"16240";16240;4
"16241";16241;4
"16242";16242;4
"16243";16243;4
"16244";16244;4
"16245";16245;1
"16246";16246;1
"16247";16247;4
"16248";16248;1
"16249";16249;3
"16250";16250;1
"16251";16251;0
"16252";16252;1
"16253";16253;1
"16254";16254;1
"16255";16255;1
"16256";16256;1
"16257";16257;4
"16258";16258;4
"16259";16259;4
"16260";16260;4
"16261";16261;2
"16262";16262;4
"16263";16263;4
"16264";16264;4
"16265";16265;3
"16266";16266;1
"16267";16267;1
"16268";16268;4
"16269";16269;1
"16270";16270;4
"16271";16271;4
"16272";16272;4
"16273";16273;4
"16274";16274;3
"16275";16275;4
"16276";16276;2
"16277";16277;4
"16278";16278;4
"16279";16279;3
"16280";16280;4
"16281";16281;4
"16282";16282;4
"16283";16283;2
"16284";16284;2
"16285";16285;2
"16286";16286;2
"16287";16287;2
"16288";16288;2
"16289";16289;4
"16290";16290;4
"16291";16291;3
"16292";16292;3
"16293";16293;0
"16294";16294;4
"16295";16295;3
"16296";16296;4
"16297";16297;3
"16298";16298;4
"16299";16299;4
"16300";16300;2
"16301";16301;2
"16302";16302;4
"16303";16303;4
"16304";16304;4
"16305";16305;4
"16306";16306;3
"16307";16307;3
"16308";16308;1
"16309";16309;3
"16310";16310;4
"16311";16311;3
"16312";16312;4
"16313";16313;4
"16314";16314;3
"16315";16315;3
"16316";16316;3
"16317";16317;3
"16318";16318;4
"16319";16319;3
"16320";16320;3
"16321";16321;4
"16322";16322;4
"16323";16323;4
"16324";16324;4
"16325";16325;4
"16326";16326;4
"16327";16327;4
"16328";16328;4
"16329";16329;4
"16330";16330;4
"16331";16331;4
"16332";16332;4
"16333";16333;4
"16334";16334;4
"16335";16335;4
"16336";16336;2
"16337";16337;3
"16338";16338;4
"16339";16339;4
"16340";16340;4
"16341";16341;4
"16342";16342;4
"16343";16343;4
"16344";16344;4
"16345";16345;2
"16346";16346;4
"16347";16347;3
"16348";16348;3
"16349";16349;3
"16350";16350;4
"16351";16351;3
"16352";16352;3
"16353";16353;3
"16354";16354;3
"16355";16355;3
"16356";16356;4
"16357";16357;4
"16358";16358;4
"16359";16359;4
"16360";16360;0
"16361";16361;4
"16362";16362;4
"16363";16363;0
"16364";16364;4
"16365";16365;4
"16366";16366;4
"16367";16367;4
"16368";16368;4
"16369";16369;4
"16370";16370;4
"16371";16371;4
"16372";16372;4
"16373";16373;4
"16374";16374;4
"16375";16375;4
"16376";16376;4
"16377";16377;4
"16378";16378;0
"16379";16379;4
"16380";16380;4
"16381";16381;2
"16382";16382;4
"16383";16383;4
"16384";16384;4
"16385";16385;4
"16386";16386;2
"16387";16387;2
"16388";16388;4
"16389";16389;4
"16390";16390;4
"16391";16391;2
"16392";16392;4
"16393";16393;4
"16394";16394;1
"16395";16395;2
"16396";16396;4
"16397";16397;4
"16398";16398;4
"16399";16399;4
"16400";16400;4
"16401";16401;4
"16402";16402;4
"16403";16403;4
"16404";16404;4
"16405";16405;4
"16406";16406;4
"16407";16407;4
"16408";16408;4
"16409";16409;1
"16410";16410;2
"16411";16411;4
"16412";16412;4
"16413";16413;4
"16414";16414;4
"16415";16415;4
"16416";16416;4
"16417";16417;4
"16418";16418;2
"16419";16419;4
"16420";16420;4
"16421";16421;4
"16422";16422;4
"16423";16423;4
"16424";16424;4
"16425";16425;4
"16426";16426;4
"16427";16427;4
"16428";16428;2
"16429";16429;4
"16430";16430;4
"16431";16431;4
"16432";16432;4
"16433";16433;4
"16434";16434;4
"16435";16435;4
"16436";16436;4
"16437";16437;4
"16438";16438;4
"16439";16439;4
"16440";16440;4
"16441";16441;4
"16442";16442;3
"16443";16443;3
"16444";16444;3
"16445";16445;4
"16446";16446;4
"16447";16447;4
"16448";16448;4
"16449";16449;4
"16450";16450;2
"16451";16451;4
"16452";16452;4
"16453";16453;4
"16454";16454;4
"16455";16455;4
"16456";16456;4
"16457";16457;4
"16458";16458;4
"16459";16459;4
"16460";16460;4
"16461";16461;2
"16462";16462;2
"16463";16463;2
"16464";16464;4
"16465";16465;4
"16466";16466;2
"16467";16467;2
"16468";16468;2
"16469";16469;4
"16470";16470;4
"16471";16471;4
"16472";16472;4
"16473";16473;4
"16474";16474;4
"16475";16475;2
"16476";16476;4
"16477";16477;4
"16478";16478;4
"16479";16479;2
"16480";16480;2
"16481";16481;4
"16482";16482;4
"16483";16483;4
"16484";16484;4
"16485";16485;4
"16486";16486;4
"16487";16487;4
"16488";16488;4
"16489";16489;4
"16490";16490;4
"16491";16491;4
"16492";16492;4
"16493";16493;4
"16494";16494;4
"16495";16495;4
"16496";16496;4
"16497";16497;4
"16498";16498;2
"16499";16499;4
"16500";16500;4
"16501";16501;4
"16502";16502;4
"16503";16503;4
"16504";16504;2
"16505";16505;4
"16506";16506;4
"16507";16507;4
"16508";16508;4
"16509";16509;4
"16510";16510;4
"16511";16511;4
"16512";16512;4
"16513";16513;4
"16514";16514;4
"16515";16515;4
"16516";16516;4
"16517";16517;4
"16518";16518;4
"16519";16519;4
"16520";16520;4
"16521";16521;4
"16522";16522;4
"16523";16523;4
"16524";16524;4
"16525";16525;4
"16526";16526;4
"16527";16527;4
"16528";16528;4
"16529";16529;4
"16530";16530;1
"16531";16531;4
"16532";16532;4
"16533";16533;4
"16534";16534;4
"16535";16535;4
"16536";16536;4
"16537";16537;4
"16538";16538;4
"16539";16539;4
"16540";16540;4
"16541";16541;4
"16542";16542;4
"16543";16543;4
"16544";16544;4
"16545";16545;3
"16546";16546;4
"16547";16547;3
"16548";16548;3
"16549";16549;4
"16550";16550;1
"16551";16551;4
"16552";16552;4
"16553";16553;4
"16554";16554;3
"16555";16555;4
"16556";16556;4
"16557";16557;4
"16558";16558;4
"16559";16559;4
"16560";16560;4
"16561";16561;4
"16562";16562;4
"16563";16563;4
"16564";16564;4
"16565";16565;4
"16566";16566;4
"16567";16567;3
"16568";16568;4
"16569";16569;4
"16570";16570;4
"16571";16571;4
"16572";16572;4
"16573";16573;4
"16574";16574;4
"16575";16575;4
"16576";16576;1
"16577";16577;1
"16578";16578;4
"16579";16579;4
"16580";16580;4
"16581";16581;1
"16582";16582;4
"16583";16583;4
"16584";16584;4
"16585";16585;3
"16586";16586;3
"16587";16587;3
"16588";16588;4
"16589";16589;4
"16590";16590;4
"16591";16591;4
"16592";16592;4
"16593";16593;0
"16594";16594;4
"16595";16595;4
"16596";16596;3
"16597";16597;4
"16598";16598;4
"16599";16599;4
"16600";16600;4
"16601";16601;4
"16602";16602;4
"16603";16603;3
"16604";16604;4
"16605";16605;4
"16606";16606;4
"16607";16607;4
"16608";16608;3
"16609";16609;4
"16610";16610;4
"16611";16611;4
"16612";16612;4
"16613";16613;4
"16614";16614;3
"16615";16615;0
"16616";16616;0
"16617";16617;4
"16618";16618;4
"16619";16619;4
"16620";16620;4
"16621";16621;3
"16622";16622;3
"16623";16623;4
"16624";16624;3
"16625";16625;4
"16626";16626;4
"16627";16627;3
"16628";16628;0
"16629";16629;4
"16630";16630;4
"16631";16631;4
"16632";16632;4
"16633";16633;4
"16634";16634;4
"16635";16635;4
"16636";16636;4
"16637";16637;4
"16638";16638;4
"16639";16639;4
"16640";16640;4
"16641";16641;4
"16642";16642;4
"16643";16643;4
"16644";16644;4
"16645";16645;4
"16646";16646;4
"16647";16647;3
"16648";16648;4
"16649";16649;4
"16650";16650;4
"16651";16651;4
"16652";16652;4
"16653";16653;4
"16654";16654;4
"16655";16655;4
"16656";16656;0
"16657";16657;1
"16658";16658;4
"16659";16659;4
"16660";16660;4
"16661";16661;4
"16662";16662;4
"16663";16663;4
"16664";16664;4
"16665";16665;4
"16666";16666;4
"16667";16667;4
"16668";16668;4
"16669";16669;4
"16670";16670;4
"16671";16671;4
"16672";16672;4
"16673";16673;4
"16674";16674;4
"16675";16675;4
"16676";16676;3
"16677";16677;3
"16678";16678;4
"16679";16679;3
"16680";16680;4
"16681";16681;4
"16682";16682;4
"16683";16683;4
"16684";16684;4
"16685";16685;4
"16686";16686;4
"16687";16687;4
"16688";16688;4
"16689";16689;4
"16690";16690;4
"16691";16691;4
"16692";16692;4
"16693";16693;4
"16694";16694;4
"16695";16695;4
"16696";16696;4
"16697";16697;4
"16698";16698;4
"16699";16699;4
"16700";16700;4
"16701";16701;2
"16702";16702;2
"16703";16703;4
"16704";16704;4
"16705";16705;2
"16706";16706;4
"16707";16707;4
"16708";16708;2
"16709";16709;4
"16710";16710;4
"16711";16711;4
"16712";16712;2
"16713";16713;2
"16714";16714;2
"16715";16715;4
"16716";16716;4
"16717";16717;4
"16718";16718;4
"16719";16719;4
"16720";16720;4
"16721";16721;4
"16722";16722;4
"16723";16723;3
"16724";16724;0
"16725";16725;4
"16726";16726;4
"16727";16727;4
"16728";16728;4
"16729";16729;4
"16730";16730;4
"16731";16731;4
"16732";16732;4
"16733";16733;4
"16734";16734;4
"16735";16735;2
"16736";16736;4
"16737";16737;4
"16738";16738;2
"16739";16739;4
"16740";16740;4
"16741";16741;4
"16742";16742;4
"16743";16743;4
"16744";16744;4
"16745";16745;4
"16746";16746;2
"16747";16747;2
"16748";16748;2
"16749";16749;4
"16750";16750;2
"16751";16751;2
"16752";16752;2
"16753";16753;0
"16754";16754;4
"16755";16755;4
"16756";16756;4
"16757";16757;4
"16758";16758;4
"16759";16759;4
"16760";16760;4
"16761";16761;4
"16762";16762;4
"16763";16763;4
"16764";16764;4
"16765";16765;3
"16766";16766;4
"16767";16767;4
"16768";16768;4
"16769";16769;4
"16770";16770;4
"16771";16771;4
"16772";16772;4
"16773";16773;4
"16774";16774;4
"16775";16775;4
"16776";16776;0
"16777";16777;4
"16778";16778;4
"16779";16779;4
"16780";16780;4
"16781";16781;4
"16782";16782;4
"16783";16783;3
"16784";16784;4
"16785";16785;4
"16786";16786;4
"16787";16787;4
"16788";16788;4
"16789";16789;4
"16790";16790;4
"16791";16791;4
"16792";16792;4
"16793";16793;4
"16794";16794;4
"16795";16795;4
"16796";16796;4
"16797";16797;4
"16798";16798;4
"16799";16799;4
"16800";16800;4
"16801";16801;4
"16802";16802;4
"16803";16803;4
"16804";16804;4
"16805";16805;3
"16806";16806;4
"16807";16807;4
"16808";16808;4
"16809";16809;4
"16810";16810;4
"16811";16811;4
"16812";16812;4
"16813";16813;0
"16814";16814;0
"16815";16815;4
"16816";16816;4
"16817";16817;4
"16818";16818;4
"16819";16819;2
"16820";16820;4
"16821";16821;4
"16822";16822;4
"16823";16823;3
"16824";16824;2
"16825";16825;4
"16826";16826;4
"16827";16827;2
"16828";16828;4
"16829";16829;2
"16830";16830;4
"16831";16831;4
"16832";16832;4
"16833";16833;4
"16834";16834;2
"16835";16835;4
"16836";16836;2
"16837";16837;4
"16838";16838;4
"16839";16839;2
"16840";16840;2
"16841";16841;4
"16842";16842;2
"16843";16843;2
"16844";16844;2
"16845";16845;2
"16846";16846;4
"16847";16847;4
"16848";16848;2
"16849";16849;2
"16850";16850;2
"16851";16851;4
"16852";16852;4
"16853";16853;2
"16854";16854;4
"16855";16855;2
"16856";16856;2
"16857";16857;2
"16858";16858;0
"16859";16859;3
"16860";16860;4
"16861";16861;0
"16862";16862;4
"16863";16863;0
"16864";16864;0
"16865";16865;0
"16866";16866;4
"16867";16867;4
"16868";16868;0
"16869";16869;0
"16870";16870;4
"16871";16871;3
"16872";16872;0
"16873";16873;4
"16874";16874;0
"16875";16875;4
"16876";16876;0
"16877";16877;1
"16878";16878;4
"16879";16879;0
"16880";16880;4
"16881";16881;4
"16882";16882;4
"16883";16883;4
"16884";16884;4
"16885";16885;4
"16886";16886;0
"16887";16887;4
"16888";16888;2
"16889";16889;0
"16890";16890;4
"16891";16891;4
"16892";16892;3
"16893";16893;0
"16894";16894;4
"16895";16895;4
"16896";16896;4
"16897";16897;0
"16898";16898;0
"16899";16899;4
"16900";16900;0
"16901";16901;0
"16902";16902;0
"16903";16903;0
"16904";16904;0
"16905";16905;4
"16906";16906;4
"16907";16907;0
"16908";16908;0
"16909";16909;4
"16910";16910;0
"16911";16911;3
"16912";16912;3
"16913";16913;2
"16914";16914;2
"16915";16915;4
"16916";16916;4
"16917";16917;4
"16918";16918;0
"16919";16919;4
"16920";16920;4
"16921";16921;3
"16922";16922;4
"16923";16923;0
"16924";16924;4
"16925";16925;4
"16926";16926;2
"16927";16927;4
"16928";16928;4
"16929";16929;4
"16930";16930;4
"16931";16931;2
"16932";16932;4
"16933";16933;1
"16934";16934;1
"16935";16935;1
"16936";16936;4
"16937";16937;4
"16938";16938;4
"16939";16939;1
"16940";16940;0
"16941";16941;4
"16942";16942;1
"16943";16943;4
"16944";16944;4
"16945";16945;0
"16946";16946;4
"16947";16947;4
"16948";16948;0
"16949";16949;0
"16950";16950;4
"16951";16951;4
"16952";16952;4
"16953";16953;1
"16954";16954;1
"16955";16955;4
"16956";16956;0
"16957";16957;1
"16958";16958;4
"16959";16959;4
"16960";16960;4
"16961";16961;0
"16962";16962;0
"16963";16963;0
"16964";16964;4
"16965";16965;0
"16966";16966;0
"16967";16967;4
"16968";16968;4
"16969";16969;0
"16970";16970;0
"16971";16971;4
"16972";16972;3
"16973";16973;0
"16974";16974;4
"16975";16975;4
"16976";16976;3
"16977";16977;4
"16978";16978;0
"16979";16979;0
"16980";16980;4
"16981";16981;4
"16982";16982;4
"16983";16983;0
"16984";16984;0
"16985";16985;4
"16986";16986;0
"16987";16987;4
"16988";16988;4
"16989";16989;4
"16990";16990;4
"16991";16991;1
"16992";16992;1
"16993";16993;0
"16994";16994;4
"16995";16995;4
"16996";16996;4
"16997";16997;4
"16998";16998;4
"16999";16999;2
"17000";17000;0
"17001";17001;4
"17002";17002;4
"17003";17003;4
"17004";17004;4
"17005";17005;4
"17006";17006;4
"17007";17007;4
"17008";17008;4
"17009";17009;4
"17010";17010;4
"17011";17011;4
"17012";17012;1
"17013";17013;1
"17014";17014;1
"17015";17015;1
"17016";17016;1
"17017";17017;1
"17018";17018;1
"17019";17019;0
"17020";17020;4
"17021";17021;4
"17022";17022;4
"17023";17023;4
"17024";17024;0
"17025";17025;4
"17026";17026;4
"17027";17027;0
"17028";17028;0
"17029";17029;0
"17030";17030;0
"17031";17031;0
"17032";17032;4
"17033";17033;4
"17034";17034;4
"17035";17035;4
"17036";17036;4
"17037";17037;4
"17038";17038;4
"17039";17039;4
"17040";17040;4
"17041";17041;4
"17042";17042;4
"17043";17043;4
"17044";17044;4
"17045";17045;4
"17046";17046;4
"17047";17047;4
"17048";17048;2
"17049";17049;2
"17050";17050;4
"17051";17051;4
"17052";17052;4
"17053";17053;2
"17054";17054;2
"17055";17055;2
"17056";17056;4
"17057";17057;2
"17058";17058;0
"17059";17059;4
"17060";17060;3
"17061";17061;1
"17062";17062;4
"17063";17063;4
"17064";17064;4
"17065";17065;4
"17066";17066;2
"17067";17067;4
"17068";17068;4
"17069";17069;4
"17070";17070;4
"17071";17071;4
"17072";17072;4
"17073";17073;4
"17074";17074;4
"17075";17075;4
"17076";17076;4
"17077";17077;4
"17078";17078;4
"17079";17079;4
"17080";17080;4
"17081";17081;4
"17082";17082;4
"17083";17083;4
"17084";17084;4
"17085";17085;4
"17086";17086;4
"17087";17087;3
"17088";17088;1
"17089";17089;0
"17090";17090;3
"17091";17091;4
"17092";17092;4
"17093";17093;4
"17094";17094;4
"17095";17095;4
"17096";17096;4
"17097";17097;4
"17098";17098;0
"17099";17099;4
"17100";17100;4
"17101";17101;4
"17102";17102;4
"17103";17103;0
"17104";17104;4
"17105";17105;4
"17106";17106;4
"17107";17107;4
"17108";17108;4
"17109";17109;4
"17110";17110;4
"17111";17111;4
"17112";17112;4
"17113";17113;4
"17114";17114;4
"17115";17115;4
"17116";17116;3
"17117";17117;4
"17118";17118;4
"17119";17119;4
"17120";17120;4
"17121";17121;3
"17122";17122;4
"17123";17123;4
"17124";17124;4
"17125";17125;0
"17126";17126;4
"17127";17127;4
"17128";17128;4
"17129";17129;4
"17130";17130;4
"17131";17131;4
"17132";17132;3
"17133";17133;4
"17134";17134;4
"17135";17135;4
"17136";17136;4
"17137";17137;4
"17138";17138;4
"17139";17139;3
"17140";17140;4
"17141";17141;4
"17142";17142;4
"17143";17143;4
"17144";17144;4
"17145";17145;3
"17146";17146;4
"17147";17147;4
"17148";17148;4
"17149";17149;1
"17150";17150;4
"17151";17151;4
"17152";17152;1
"17153";17153;1
"17154";17154;4
"17155";17155;4
"17156";17156;1
"17157";17157;4
"17158";17158;4
"17159";17159;1
"17160";17160;1
"17161";17161;4
"17162";17162;4
"17163";17163;4
"17164";17164;4
"17165";17165;4
"17166";17166;4
"17167";17167;1
"17168";17168;1
"17169";17169;1
"17170";17170;1
"17171";17171;1
"17172";17172;1
"17173";17173;1
"17174";17174;1
"17175";17175;0
"17176";17176;4
"17177";17177;1
"17178";17178;1
"17179";17179;1
"17180";17180;4
"17181";17181;1
"17182";17182;1
"17183";17183;1
"17184";17184;4
"17185";17185;4
"17186";17186;1
"17187";17187;1
"17188";17188;1
"17189";17189;4
"17190";17190;1
"17191";17191;1
"17192";17192;1
"17193";17193;1
"17194";17194;1
"17195";17195;4
"17196";17196;2
"17197";17197;1
"17198";17198;0
"17199";17199;1
"17200";17200;0
"17201";17201;1
"17202";17202;4
"17203";17203;1
"17204";17204;1
"17205";17205;1
"17206";17206;1
"17207";17207;4
"17208";17208;4
"17209";17209;4
"17210";17210;4
"17211";17211;4
"17212";17212;4
"17213";17213;0
"17214";17214;4
"17215";17215;4
"17216";17216;0
"17217";17217;4
"17218";17218;4
"17219";17219;4
"17220";17220;4
"17221";17221;0
"17222";17222;0
"17223";17223;4
"17224";17224;4
"17225";17225;0
"17226";17226;1
"17227";17227;1
"17228";17228;4
"17229";17229;4
"17230";17230;4
"17231";17231;4
"17232";17232;4
"17233";17233;4
"17234";17234;4
"17235";17235;4
"17236";17236;4
"17237";17237;4
"17238";17238;0
"17239";17239;4
"17240";17240;4
"17241";17241;3
"17242";17242;4
"17243";17243;4
"17244";17244;4
"17245";17245;4
"17246";17246;4
"17247";17247;4
"17248";17248;4
"17249";17249;0
"17250";17250;4
"17251";17251;4
"17252";17252;0
"17253";17253;4
"17254";17254;4
"17255";17255;0
"17256";17256;4
"17257";17257;4
"17258";17258;4
"17259";17259;0
"17260";17260;4
"17261";17261;0
"17262";17262;4
"17263";17263;4
"17264";17264;4
"17265";17265;4
"17266";17266;4
"17267";17267;4
"17268";17268;2
"17269";17269;4
"17270";17270;0
"17271";17271;0
"17272";17272;4
"17273";17273;4
"17274";17274;4
"17275";17275;4
"17276";17276;4
"17277";17277;0
"17278";17278;4
"17279";17279;4
"17280";17280;0
"17281";17281;4
"17282";17282;0
"17283";17283;0
"17284";17284;1
"17285";17285;4
"17286";17286;0
"17287";17287;0
"17288";17288;0
"17289";17289;0
"17290";17290;4
"17291";17291;4
"17292";17292;4
"17293";17293;0
"17294";17294;4
"17295";17295;4
"17296";17296;0
"17297";17297;4
"17298";17298;4
"17299";17299;4
"17300";17300;4
"17301";17301;4
"17302";17302;0
"17303";17303;4
"17304";17304;4
"17305";17305;4
"17306";17306;4
"17307";17307;4
"17308";17308;4
"17309";17309;2
"17310";17310;4
"17311";17311;4
"17312";17312;4
"17313";17313;4
"17314";17314;4
"17315";17315;2
"17316";17316;2
"17317";17317;4
"17318";17318;4
"17319";17319;4
"17320";17320;4
"17321";17321;4
"17322";17322;4
"17323";17323;4
"17324";17324;4
"17325";17325;4
"17326";17326;4
"17327";17327;4
"17328";17328;4
"17329";17329;4
"17330";17330;4
"17331";17331;4
"17332";17332;4
"17333";17333;4
"17334";17334;1
"17335";17335;4
"17336";17336;4
"17337";17337;4
"17338";17338;4
"17339";17339;4
"17340";17340;4
"17341";17341;4
"17342";17342;4
"17343";17343;4
"17344";17344;4
"17345";17345;4
"17346";17346;4
"17347";17347;4
"17348";17348;4
"17349";17349;4
"17350";17350;4
"17351";17351;2
"17352";17352;2
"17353";17353;4
"17354";17354;2
"17355";17355;4
"17356";17356;4
"17357";17357;4
"17358";17358;4
"17359";17359;4
"17360";17360;4
"17361";17361;4
"17362";17362;4
"17363";17363;4
"17364";17364;4
"17365";17365;4
"17366";17366;4
"17367";17367;4
"17368";17368;4
"17369";17369;4
"17370";17370;4
"17371";17371;4
"17372";17372;4
"17373";17373;4
"17374";17374;4
"17375";17375;4
"17376";17376;4
"17377";17377;4
"17378";17378;4
"17379";17379;4
"17380";17380;4
"17381";17381;4
"17382";17382;4
"17383";17383;4
"17384";17384;4
"17385";17385;4
"17386";17386;4
"17387";17387;4
"17388";17388;4
"17389";17389;4
"17390";17390;4
"17391";17391;4
"17392";17392;4
"17393";17393;4
"17394";17394;4
"17395";17395;4
"17396";17396;4
"17397";17397;4
"17398";17398;4
"17399";17399;4
"17400";17400;4
"17401";17401;4
"17402";17402;4
"17403";17403;4
"17404";17404;4
"17405";17405;4
"17406";17406;4
"17407";17407;4
"17408";17408;4
"17409";17409;4
"17410";17410;4
"17411";17411;4
"17412";17412;4
"17413";17413;4
"17414";17414;3
"17415";17415;4
"17416";17416;4
"17417";17417;4
"17418";17418;4
"17419";17419;4
"17420";17420;4
"17421";17421;4
"17422";17422;4
"17423";17423;4
"17424";17424;0
"17425";17425;4
"17426";17426;4
"17427";17427;4
"17428";17428;4
"17429";17429;4
"17430";17430;4
"17431";17431;4
"17432";17432;4
"17433";17433;4
"17434";17434;4
"17435";17435;4
"17436";17436;4
"17437";17437;4
"17438";17438;3
"17439";17439;4
"17440";17440;4
"17441";17441;4
"17442";17442;4
"17443";17443;4
"17444";17444;4
"17445";17445;2
"17446";17446;4
"17447";17447;4
"17448";17448;4
"17449";17449;4
"17450";17450;4
"17451";17451;4
"17452";17452;4
"17453";17453;4
"17454";17454;4
"17455";17455;4
"17456";17456;2
"17457";17457;4
"17458";17458;4
"17459";17459;4
"17460";17460;4
"17461";17461;4
"17462";17462;4
"17463";17463;4
"17464";17464;4
"17465";17465;4
"17466";17466;4
"17467";17467;4
"17468";17468;4
"17469";17469;4
"17470";17470;4
"17471";17471;4
"17472";17472;4
"17473";17473;4
"17474";17474;4
"17475";17475;4
"17476";17476;4
"17477";17477;4
"17478";17478;1
"17479";17479;4
"17480";17480;4
"17481";17481;4
"17482";17482;4
"17483";17483;4
"17484";17484;4
"17485";17485;4
"17486";17486;4
"17487";17487;4
"17488";17488;4
"17489";17489;4
"17490";17490;4
"17491";17491;4
"17492";17492;4
"17493";17493;4
"17494";17494;4
"17495";17495;4
"17496";17496;4
"17497";17497;4
"17498";17498;4
"17499";17499;4
"17500";17500;4
"17501";17501;4
"17502";17502;4
"17503";17503;0
"17504";17504;4
"17505";17505;4
"17506";17506;4
"17507";17507;4
"17508";17508;4
"17509";17509;4
"17510";17510;4
"17511";17511;4
"17512";17512;4
"17513";17513;4
"17514";17514;4
"17515";17515;4
"17516";17516;4
"17517";17517;4
"17518";17518;4
"17519";17519;4
"17520";17520;4
"17521";17521;4
"17522";17522;4
"17523";17523;4
"17524";17524;4
"17525";17525;4
"17526";17526;4
"17527";17527;2
"17528";17528;4
"17529";17529;4
"17530";17530;4
"17531";17531;4
"17532";17532;4
"17533";17533;4
"17534";17534;4
"17535";17535;4
"17536";17536;4
"17537";17537;4
"17538";17538;4
"17539";17539;4
"17540";17540;4
"17541";17541;4
"17542";17542;4
"17543";17543;4
"17544";17544;4
"17545";17545;4
"17546";17546;4
"17547";17547;4
"17548";17548;2
"17549";17549;4
"17550";17550;4
"17551";17551;4
"17552";17552;4
"17553";17553;4
"17554";17554;4
"17555";17555;4
"17556";17556;4
"17557";17557;4
"17558";17558;4
"17559";17559;4
"17560";17560;4
"17561";17561;1
"17562";17562;4
"17563";17563;4
"17564";17564;2
"17565";17565;4
"17566";17566;4
"17567";17567;4
"17568";17568;4
"17569";17569;4
"17570";17570;4
"17571";17571;4
"17572";17572;4
"17573";17573;4
"17574";17574;4
"17575";17575;4
"17576";17576;4
"17577";17577;4
"17578";17578;4
"17579";17579;4
"17580";17580;4
"17581";17581;4
"17582";17582;4
"17583";17583;4
"17584";17584;4
"17585";17585;4
"17586";17586;4
"17587";17587;4
"17588";17588;4
"17589";17589;4
"17590";17590;4
"17591";17591;4
"17592";17592;4
"17593";17593;4
"17594";17594;4
"17595";17595;4
"17596";17596;2
"17597";17597;4
"17598";17598;4
"17599";17599;2
"17600";17600;4
"17601";17601;3
"17602";17602;2
"17603";17603;4
"17604";17604;4
"17605";17605;2
"17606";17606;4
"17607";17607;2
"17608";17608;2
"17609";17609;2
"17610";17610;4
"17611";17611;4
"17612";17612;2
"17613";17613;4
"17614";17614;2
"17615";17615;2
"17616";17616;4
"17617";17617;4
"17618";17618;3
"17619";17619;4
"17620";17620;4
"17621";17621;4
"17622";17622;4
"17623";17623;0
"17624";17624;4
"17625";17625;2
"17626";17626;4
"17627";17627;4
"17628";17628;4
"17629";17629;4
"17630";17630;4
"17631";17631;4
"17632";17632;4
"17633";17633;4
"17634";17634;4
"17635";17635;2
"17636";17636;4
"17637";17637;4
"17638";17638;4
"17639";17639;2
"17640";17640;4
"17641";17641;4
"17642";17642;0
"17643";17643;4
"17644";17644;4
"17645";17645;2
"17646";17646;4
"17647";17647;4
"17648";17648;2
"17649";17649;4
"17650";17650;4
"17651";17651;4
"17652";17652;4
"17653";17653;4
"17654";17654;4
"17655";17655;4
"17656";17656;4
"17657";17657;2
"17658";17658;2
"17659";17659;4
"17660";17660;4
"17661";17661;4
"17662";17662;2
"17663";17663;4
"17664";17664;4
"17665";17665;4
"17666";17666;4
"17667";17667;4
"17668";17668;4
"17669";17669;4
"17670";17670;4
"17671";17671;4
"17672";17672;4
"17673";17673;4
"17674";17674;4
"17675";17675;4
"17676";17676;4
"17677";17677;4
"17678";17678;4
"17679";17679;4
"17680";17680;4
"17681";17681;4
"17682";17682;2
"17683";17683;4
"17684";17684;2
"17685";17685;4
"17686";17686;4
"17687";17687;2
"17688";17688;4
"17689";17689;2
"17690";17690;2
"17691";17691;2
"17692";17692;2
"17693";17693;4
"17694";17694;4
"17695";17695;4
"17696";17696;4
"17697";17697;2
"17698";17698;2
"17699";17699;2
"17700";17700;4
"17701";17701;4
"17702";17702;4
"17703";17703;4
"17704";17704;4
"17705";17705;4
"17706";17706;4
"17707";17707;4
"17708";17708;2
"17709";17709;4
"17710";17710;2
"17711";17711;2
"17712";17712;2
"17713";17713;2
"17714";17714;4
"17715";17715;2
"17716";17716;4
"17717";17717;2
"17718";17718;2
"17719";17719;2
"17720";17720;4
"17721";17721;2
"17722";17722;4
"17723";17723;4
"17724";17724;4
"17725";17725;4
"17726";17726;4
"17727";17727;4
"17728";17728;2
"17729";17729;2
"17730";17730;4
"17731";17731;2
"17732";17732;4
"17733";17733;4
"17734";17734;0
"17735";17735;4
"17736";17736;4
"17737";17737;4
"17738";17738;2
"17739";17739;4
"17740";17740;2
"17741";17741;2
"17742";17742;2
"17743";17743;2
"17744";17744;2
"17745";17745;2
"17746";17746;4
"17747";17747;2
"17748";17748;2
"17749";17749;2
"17750";17750;2
"17751";17751;2
"17752";17752;2
"17753";17753;4
"17754";17754;2
"17755";17755;2
"17756";17756;2
"17757";17757;4
"17758";17758;4
"17759";17759;4
"17760";17760;2
"17761";17761;4
"17762";17762;2
"17763";17763;2
"17764";17764;4
"17765";17765;4
"17766";17766;2
"17767";17767;2
"17768";17768;2
"17769";17769;4
"17770";17770;2
"17771";17771;4
"17772";17772;2
"17773";17773;2
"17774";17774;4
"17775";17775;4
"17776";17776;2
"17777";17777;2
"17778";17778;2
"17779";17779;2
"17780";17780;2
"17781";17781;2
"17782";17782;4
"17783";17783;4
"17784";17784;2
"17785";17785;2
"17786";17786;2
"17787";17787;2
"17788";17788;2
"17789";17789;2
"17790";17790;2
"17791";17791;2
"17792";17792;2
"17793";17793;2
"17794";17794;2
"17795";17795;2
"17796";17796;2
"17797";17797;2
"17798";17798;2
"17799";17799;2
"17800";17800;2
"17801";17801;4
"17802";17802;2
"17803";17803;3
"17804";17804;2
"17805";17805;0
"17806";17806;4
"17807";17807;3
"17808";17808;3
"17809";17809;0
"17810";17810;4
"17811";17811;4
"17812";17812;4
"17813";17813;4
"17814";17814;0
"17815";17815;0
"17816";17816;3
"17817";17817;4
"17818";17818;3
"17819";17819;4
"17820";17820;4
"17821";17821;4
"17822";17822;4
"17823";17823;4
"17824";17824;4
"17825";17825;2
"17826";17826;2
"17827";17827;2
"17828";17828;3
"17829";17829;2
"17830";17830;4
"17831";17831;4
"17832";17832;4
"17833";17833;2
"17834";17834;4
"17835";17835;2
"17836";17836;4
"17837";17837;4
"17838";17838;4
"17839";17839;4
"17840";17840;4
"17841";17841;4
"17842";17842;4
"17843";17843;4
"17844";17844;4
"17845";17845;4
"17846";17846;4
"17847";17847;4
"17848";17848;4
"17849";17849;4
"17850";17850;4
"17851";17851;4
"17852";17852;4
"17853";17853;4
"17854";17854;4
"17855";17855;4
"17856";17856;4
"17857";17857;4
"17858";17858;4
"17859";17859;4
"17860";17860;4
"17861";17861;4
"17862";17862;4
"17863";17863;4
"17864";17864;0
"17865";17865;4
"17866";17866;4
"17867";17867;4
"17868";17868;4
"17869";17869;0
"17870";17870;4
"17871";17871;4
"17872";17872;0
"17873";17873;4
"17874";17874;4
"17875";17875;4
"17876";17876;4
"17877";17877;4
"17878";17878;4
"17879";17879;4
"17880";17880;4
"17881";17881;4
"17882";17882;4
"17883";17883;4
"17884";17884;4
"17885";17885;3
"17886";17886;4
"17887";17887;3
"17888";17888;4
"17889";17889;4
"17890";17890;4
"17891";17891;4
"17892";17892;4
"17893";17893;4
"17894";17894;4
"17895";17895;4
"17896";17896;4
"17897";17897;4
"17898";17898;4
"17899";17899;4
"17900";17900;4
"17901";17901;4
"17902";17902;4
"17903";17903;4
"17904";17904;4
"17905";17905;4
"17906";17906;2
"17907";17907;2
"17908";17908;2
"17909";17909;2
"17910";17910;4
"17911";17911;4
"17912";17912;2
"17913";17913;2
"17914";17914;2
"17915";17915;2
"17916";17916;2
"17917";17917;4
"17918";17918;2
"17919";17919;2
"17920";17920;2
"17921";17921;2
"17922";17922;4
"17923";17923;4
"17924";17924;4
"17925";17925;4
"17926";17926;4
"17927";17927;4
"17928";17928;4
"17929";17929;4
"17930";17930;4
"17931";17931;4
"17932";17932;4
"17933";17933;4
"17934";17934;3
"17935";17935;4
"17936";17936;4
"17937";17937;4
"17938";17938;4
"17939";17939;4
"17940";17940;4
"17941";17941;2
"17942";17942;2
"17943";17943;2
"17944";17944;2
"17945";17945;2
"17946";17946;2
"17947";17947;2
"17948";17948;2
"17949";17949;0
"17950";17950;4
"17951";17951;4
"17952";17952;4
"17953";17953;4
"17954";17954;4
"17955";17955;4
"17956";17956;4
"17957";17957;3
"17958";17958;3
"17959";17959;4
"17960";17960;4
"17961";17961;4
"17962";17962;4
"17963";17963;4
"17964";17964;4
"17965";17965;3
"17966";17966;4
"17967";17967;3
"17968";17968;4
"17969";17969;4
"17970";17970;3
"17971";17971;0
"17972";17972;4
"17973";17973;4
"17974";17974;4
"17975";17975;4
"17976";17976;4
"17977";17977;4
"17978";17978;4
"17979";17979;4
"17980";17980;4
"17981";17981;1
"17982";17982;4
"17983";17983;3
"17984";17984;4
"17985";17985;4
"17986";17986;4
"17987";17987;3
"17988";17988;4
"17989";17989;4
"17990";17990;4
"17991";17991;3
"17992";17992;4
"17993";17993;4
"17994";17994;4
"17995";17995;4
"17996";17996;4
"17997";17997;2
"17998";17998;0
"17999";17999;4
"18000";18000;0
"18001";18001;4
"18002";18002;4
"18003";18003;4
"18004";18004;4
"18005";18005;1
"18006";18006;4
"18007";18007;4
"18008";18008;4
"18009";18009;4
"18010";18010;4
"18011";18011;4
"18012";18012;4
"18013";18013;4
"18014";18014;4
"18015";18015;4
"18016";18016;4
"18017";18017;3
"18018";18018;4
"18019";18019;4
"18020";18020;4
"18021";18021;4
"18022";18022;4
"18023";18023;4
"18024";18024;4
"18025";18025;4
"18026";18026;4
"18027";18027;4
"18028";18028;4
"18029";18029;4
"18030";18030;0
"18031";18031;4
"18032";18032;4
"18033";18033;4
"18034";18034;4
"18035";18035;4
"18036";18036;4
"18037";18037;4
"18038";18038;4
"18039";18039;4
"18040";18040;4
"18041";18041;4
"18042";18042;4
"18043";18043;4
"18044";18044;3
"18045";18045;4
"18046";18046;2
"18047";18047;4
"18048";18048;4
"18049";18049;4
"18050";18050;4
"18051";18051;4
"18052";18052;4
"18053";18053;4
"18054";18054;4
"18055";18055;4
"18056";18056;4
"18057";18057;3
"18058";18058;4
"18059";18059;4
"18060";18060;4
"18061";18061;4
"18062";18062;4
"18063";18063;4
"18064";18064;4
"18065";18065;4
"18066";18066;4
"18067";18067;4
"18068";18068;4
"18069";18069;4
"18070";18070;4
"18071";18071;4
"18072";18072;4
"18073";18073;2
"18074";18074;4
"18075";18075;4
"18076";18076;4
"18077";18077;4
"18078";18078;4
"18079";18079;4
"18080";18080;4
"18081";18081;4
"18082";18082;4
"18083";18083;4
"18084";18084;4
"18085";18085;4
"18086";18086;4
"18087";18087;4
"18088";18088;4
"18089";18089;4
"18090";18090;4
"18091";18091;4
"18092";18092;4
"18093";18093;4
"18094";18094;4
"18095";18095;0
"18096";18096;0
"18097";18097;0
"18098";18098;4
"18099";18099;4
"18100";18100;4
"18101";18101;4
"18102";18102;1
"18103";18103;4
"18104";18104;4
"18105";18105;4
"18106";18106;4
"18107";18107;4
"18108";18108;4
"18109";18109;4
"18110";18110;4
"18111";18111;4
"18112";18112;2
"18113";18113;3
"18114";18114;3
"18115";18115;4
"18116";18116;4
"18117";18117;4
"18118";18118;4
"18119";18119;2
"18120";18120;4
"18121";18121;4
"18122";18122;4
"18123";18123;4
"18124";18124;4
"18125";18125;4
"18126";18126;4
"18127";18127;0
"18128";18128;4
"18129";18129;0
"18130";18130;1
"18131";18131;4
"18132";18132;0
"18133";18133;4
"18134";18134;4
"18135";18135;0
"18136";18136;4
"18137";18137;4
"18138";18138;4
"18139";18139;4
"18140";18140;4
"18141";18141;4
"18142";18142;4
"18143";18143;4
"18144";18144;4
"18145";18145;4
"18146";18146;4
"18147";18147;4
"18148";18148;4
"18149";18149;4
"18150";18150;4
"18151";18151;4
"18152";18152;4
"18153";18153;4
"18154";18154;4
"18155";18155;4
"18156";18156;4
"18157";18157;4
"18158";18158;0
"18159";18159;4
"18160";18160;0
"18161";18161;0
"18162";18162;0
"18163";18163;4
"18164";18164;4
"18165";18165;4
"18166";18166;4
"18167";18167;4
"18168";18168;4
"18169";18169;4
"18170";18170;4
"18171";18171;4
"18172";18172;4
"18173";18173;4
"18174";18174;4
"18175";18175;4
"18176";18176;4
"18177";18177;4
"18178";18178;1
"18179";18179;4
"18180";18180;4
"18181";18181;4
"18182";18182;0
"18183";18183;4
"18184";18184;4
"18185";18185;0
"18186";18186;4
"18187";18187;4
"18188";18188;4
"18189";18189;4
"18190";18190;4
"18191";18191;4
"18192";18192;4
"18193";18193;4
"18194";18194;4
"18195";18195;4
"18196";18196;4
"18197";18197;0
"18198";18198;4
"18199";18199;4
"18200";18200;4
"18201";18201;4
"18202";18202;4
"18203";18203;3
"18204";18204;4
"18205";18205;4
"18206";18206;4
"18207";18207;4
"18208";18208;4
"18209";18209;4
"18210";18210;3
"18211";18211;2
"18212";18212;4
"18213";18213;4
"18214";18214;3
"18215";18215;4
"18216";18216;0
"18217";18217;4
"18218";18218;4
"18219";18219;4
"18220";18220;4
"18221";18221;4
"18222";18222;4
"18223";18223;3
"18224";18224;4
"18225";18225;4
"18226";18226;4
"18227";18227;4
"18228";18228;2
"18229";18229;4
"18230";18230;4
"18231";18231;0
"18232";18232;4
"18233";18233;4
"18234";18234;4
"18235";18235;4
"18236";18236;4
"18237";18237;4
"18238";18238;4
"18239";18239;3
"18240";18240;0
"18241";18241;4
"18242";18242;4
"18243";18243;4
"18244";18244;4
"18245";18245;4
"18246";18246;4
"18247";18247;2
"18248";18248;4
"18249";18249;4
"18250";18250;0
"18251";18251;4
"18252";18252;4
"18253";18253;4
"18254";18254;4
"18255";18255;4
"18256";18256;4
"18257";18257;4
"18258";18258;4
"18259";18259;4
"18260";18260;4
"18261";18261;4
"18262";18262;4
"18263";18263;4
"18264";18264;4
"18265";18265;4
"18266";18266;4
"18267";18267;1
"18268";18268;4
"18269";18269;4
"18270";18270;4
"18271";18271;4
"18272";18272;4
"18273";18273;3
"18274";18274;4
"18275";18275;3
"18276";18276;4
"18277";18277;4
"18278";18278;3
"18279";18279;4
"18280";18280;4
"18281";18281;4
"18282";18282;4
"18283";18283;4
"18284";18284;4
"18285";18285;4
"18286";18286;4
"18287";18287;4
"18288";18288;4
"18289";18289;4
"18290";18290;4
"18291";18291;1
"18292";18292;4
"18293";18293;4
"18294";18294;4
"18295";18295;4
"18296";18296;3
"18297";18297;4
"18298";18298;4
"18299";18299;3
"18300";18300;4
"18301";18301;4
"18302";18302;4
"18303";18303;4
"18304";18304;4
"18305";18305;4
"18306";18306;4
"18307";18307;4
"18308";18308;3
"18309";18309;4
"18310";18310;4
"18311";18311;3
"18312";18312;4
"18313";18313;4
"18314";18314;4
"18315";18315;4
"18316";18316;4
"18317";18317;4
"18318";18318;4
"18319";18319;4
"18320";18320;4
"18321";18321;4
"18322";18322;4
"18323";18323;4
"18324";18324;4
"18325";18325;4
"18326";18326;4
"18327";18327;4
"18328";18328;4
"18329";18329;4
"18330";18330;4
"18331";18331;4
"18332";18332;4
"18333";18333;4
"18334";18334;4
"18335";18335;4
"18336";18336;4
"18337";18337;4
"18338";18338;4
"18339";18339;4
"18340";18340;3
"18341";18341;4
"18342";18342;3
"18343";18343;4
"18344";18344;3
"18345";18345;4
"18346";18346;3
"18347";18347;4
"18348";18348;1
"18349";18349;3
"18350";18350;4
"18351";18351;4
"18352";18352;3
"18353";18353;4
"18354";18354;4
"18355";18355;4
"18356";18356;4
"18357";18357;4
"18358";18358;4
"18359";18359;4
"18360";18360;4
"18361";18361;4
"18362";18362;4
"18363";18363;4
"18364";18364;4
"18365";18365;1
"18366";18366;1
"18367";18367;4
"18368";18368;4
"18369";18369;4
"18370";18370;4
"18371";18371;4
"18372";18372;0
"18373";18373;1
"18374";18374;4
"18375";18375;4
"18376";18376;4
"18377";18377;4
"18378";18378;4
"18379";18379;4
"18380";18380;4
"18381";18381;4
"18382";18382;4
"18383";18383;4
"18384";18384;4
"18385";18385;4
"18386";18386;4
"18387";18387;4
"18388";18388;4
"18389";18389;4
"18390";18390;4
"18391";18391;4
"18392";18392;4
"18393";18393;4
"18394";18394;4
"18395";18395;4
"18396";18396;4
"18397";18397;4
"18398";18398;4
"18399";18399;4
"18400";18400;4
"18401";18401;4
"18402";18402;4
"18403";18403;4
"18404";18404;4
"18405";18405;4
"18406";18406;4
"18407";18407;4
"18408";18408;4
"18409";18409;4
"18410";18410;3
"18411";18411;4
"18412";18412;4
"18413";18413;4
"18414";18414;4
"18415";18415;4
"18416";18416;3
"18417";18417;3
"18418";18418;4
"18419";18419;3
"18420";18420;4
"18421";18421;3
"18422";18422;3
"18423";18423;3
"18424";18424;1
"18425";18425;3
"18426";18426;3
"18427";18427;4
"18428";18428;4
"18429";18429;4
"18430";18430;3
"18431";18431;4
"18432";18432;3
"18433";18433;4
"18434";18434;4
"18435";18435;4
"18436";18436;3
"18437";18437;4
"18438";18438;3
"18439";18439;4
"18440";18440;4
"18441";18441;4
"18442";18442;4
"18443";18443;4
"18444";18444;3
"18445";18445;4
"18446";18446;4
"18447";18447;4
"18448";18448;4
"18449";18449;4
"18450";18450;2
"18451";18451;4
"18452";18452;4
"18453";18453;4
"18454";18454;4
"18455";18455;4
"18456";18456;4
"18457";18457;4
"18458";18458;4
"18459";18459;4
"18460";18460;4
"18461";18461;4
"18462";18462;4
"18463";18463;4
"18464";18464;4
"18465";18465;4
"18466";18466;4
"18467";18467;2
"18468";18468;4
"18469";18469;4
"18470";18470;4
"18471";18471;4
"18472";18472;2
"18473";18473;4
"18474";18474;4
"18475";18475;4
"18476";18476;4
"18477";18477;2
"18478";18478;0
"18479";18479;2
"18480";18480;2
"18481";18481;4
"18482";18482;4
"18483";18483;4
"18484";18484;4
"18485";18485;4
"18486";18486;4
"18487";18487;4
"18488";18488;3
"18489";18489;1
"18490";18490;4
"18491";18491;4
"18492";18492;0
"18493";18493;1
"18494";18494;0
"18495";18495;4
"18496";18496;4
"18497";18497;4
"18498";18498;4
"18499";18499;4
"18500";18500;4
"18501";18501;4
"18502";18502;4
"18503";18503;3
"18504";18504;4
"18505";18505;4
"18506";18506;4
"18507";18507;4
"18508";18508;4
"18509";18509;4
"18510";18510;2
"18511";18511;4
"18512";18512;4
"18513";18513;4
"18514";18514;4
"18515";18515;4
"18516";18516;4
"18517";18517;4
"18518";18518;4
"18519";18519;4
"18520";18520;4
"18521";18521;4
"18522";18522;4
"18523";18523;3
"18524";18524;1
"18525";18525;0
"18526";18526;4
"18527";18527;4
"18528";18528;0
"18529";18529;4
"18530";18530;4
"18531";18531;0
"18532";18532;3
"18533";18533;4
"18534";18534;0
"18535";18535;4
"18536";18536;4
"18537";18537;4
"18538";18538;0
"18539";18539;4
"18540";18540;4
"18541";18541;4
"18542";18542;4
"18543";18543;4
"18544";18544;4
"18545";18545;4
"18546";18546;0
"18547";18547;0
"18548";18548;4
"18549";18549;4
"18550";18550;4
"18551";18551;4
"18552";18552;4
"18553";18553;4
"18554";18554;4
"18555";18555;0
"18556";18556;4
"18557";18557;4
"18558";18558;4
"18559";18559;4
"18560";18560;4
"18561";18561;4
"18562";18562;2
"18563";18563;4
"18564";18564;4
"18565";18565;2
"18566";18566;4
"18567";18567;4
"18568";18568;4
"18569";18569;4
"18570";18570;4
"18571";18571;4
"18572";18572;4
"18573";18573;4
"18574";18574;4
"18575";18575;4
"18576";18576;4
"18577";18577;2
"18578";18578;4
"18579";18579;4
"18580";18580;4
"18581";18581;4
"18582";18582;4
"18583";18583;4
"18584";18584;4
"18585";18585;4
"18586";18586;4
"18587";18587;4
"18588";18588;4
"18589";18589;4
"18590";18590;4
"18591";18591;4
"18592";18592;4
"18593";18593;4
"18594";18594;4
"18595";18595;4
"18596";18596;4
"18597";18597;4
"18598";18598;4
"18599";18599;4
"18600";18600;4
"18601";18601;4
"18602";18602;4
"18603";18603;4
"18604";18604;4
"18605";18605;4
"18606";18606;4
"18607";18607;4
"18608";18608;4
"18609";18609;4
"18610";18610;4
"18611";18611;0
"18612";18612;4
"18613";18613;4
"18614";18614;4
"18615";18615;0
"18616";18616;4
"18617";18617;4
"18618";18618;4
"18619";18619;4
"18620";18620;4
"18621";18621;4
"18622";18622;4
"18623";18623;4
"18624";18624;4
"18625";18625;4
"18626";18626;2
"18627";18627;4
"18628";18628;4
"18629";18629;4
"18630";18630;4
"18631";18631;2
"18632";18632;4
"18633";18633;4
"18634";18634;4
"18635";18635;2
"18636";18636;4
"18637";18637;4
"18638";18638;4
"18639";18639;4
"18640";18640;4
"18641";18641;4
"18642";18642;0
"18643";18643;0
"18644";18644;0
"18645";18645;0
"18646";18646;0
"18647";18647;0
"18648";18648;0
"18649";18649;4
"18650";18650;0
"18651";18651;0
"18652";18652;0
"18653";18653;1
"18654";18654;4
"18655";18655;4
"18656";18656;4
"18657";18657;4
"18658";18658;4
"18659";18659;4
"18660";18660;4
"18661";18661;4
"18662";18662;4
"18663";18663;4
"18664";18664;4
"18665";18665;4
"18666";18666;4
"18667";18667;4
"18668";18668;4
"18669";18669;4
"18670";18670;4
"18671";18671;2
"18672";18672;4
"18673";18673;4
"18674";18674;4
"18675";18675;4
"18676";18676;4
"18677";18677;4
"18678";18678;4
"18679";18679;4
"18680";18680;4
"18681";18681;4
"18682";18682;4
"18683";18683;4
"18684";18684;4
"18685";18685;4
"18686";18686;4
"18687";18687;4
"18688";18688;4
"18689";18689;4
"18690";18690;4
"18691";18691;4
"18692";18692;3
"18693";18693;4
"18694";18694;4
"18695";18695;4
"18696";18696;4
"18697";18697;4
"18698";18698;4
"18699";18699;4
"18700";18700;4
"18701";18701;3
"18702";18702;4
"18703";18703;3
"18704";18704;4
"18705";18705;4
"18706";18706;4
"18707";18707;4
"18708";18708;4
"18709";18709;4
"18710";18710;4
"18711";18711;4
"18712";18712;4
"18713";18713;1
"18714";18714;4
"18715";18715;4
"18716";18716;4
"18717";18717;4
"18718";18718;3
"18719";18719;3
"18720";18720;4
"18721";18721;2
"18722";18722;0
"18723";18723;4
"18724";18724;3
"18725";18725;4
"18726";18726;3
"18727";18727;4
"18728";18728;4
"18729";18729;4
"18730";18730;4
"18731";18731;4
"18732";18732;4
"18733";18733;4
"18734";18734;4
"18735";18735;4
"18736";18736;4
"18737";18737;4
"18738";18738;4
"18739";18739;4
"18740";18740;1
"18741";18741;4
"18742";18742;4
"18743";18743;4
"18744";18744;4
"18745";18745;4
"18746";18746;4
"18747";18747;4
"18748";18748;4
"18749";18749;4
"18750";18750;4
"18751";18751;4
"18752";18752;3
"18753";18753;4
"18754";18754;4
"18755";18755;4
"18756";18756;3
"18757";18757;4
"18758";18758;4
"18759";18759;4
"18760";18760;4
"18761";18761;4
"18762";18762;4
"18763";18763;4
"18764";18764;3
"18765";18765;4
"18766";18766;4
"18767";18767;4
"18768";18768;4
"18769";18769;4
"18770";18770;4
"18771";18771;4
"18772";18772;4
"18773";18773;0
"18774";18774;0
"18775";18775;4
"18776";18776;0
"18777";18777;0
"18778";18778;0
"18779";18779;0
"18780";18780;0
"18781";18781;3
"18782";18782;4
"18783";18783;4
"18784";18784;0
"18785";18785;0
"18786";18786;4
"18787";18787;4
"18788";18788;0
"18789";18789;4
"18790";18790;4
"18791";18791;0
"18792";18792;4
"18793";18793;0
"18794";18794;4
"18795";18795;0
"18796";18796;0
"18797";18797;0
"18798";18798;4
"18799";18799;0
"18800";18800;1
"18801";18801;4
"18802";18802;4
"18803";18803;4
"18804";18804;4
"18805";18805;0
"18806";18806;4
"18807";18807;0
"18808";18808;4
"18809";18809;4
"18810";18810;4
"18811";18811;4
"18812";18812;4
"18813";18813;2
"18814";18814;4
"18815";18815;4
"18816";18816;4
"18817";18817;0
"18818";18818;4
"18819";18819;4
"18820";18820;1
"18821";18821;4
"18822";18822;4
"18823";18823;4
"18824";18824;4
"18825";18825;4
"18826";18826;0
"18827";18827;4
"18828";18828;0
"18829";18829;4
"18830";18830;4
"18831";18831;4
"18832";18832;1
"18833";18833;1
"18834";18834;4
"18835";18835;4
"18836";18836;4
"18837";18837;4
"18838";18838;4
"18839";18839;3
"18840";18840;4
"18841";18841;4
"18842";18842;4
"18843";18843;4
"18844";18844;3
"18845";18845;4
"18846";18846;4
"18847";18847;0
"18848";18848;4
"18849";18849;4
"18850";18850;4
"18851";18851;4
"18852";18852;3
"18853";18853;0
"18854";18854;4
"18855";18855;4
"18856";18856;4
"18857";18857;4
"18858";18858;0
"18859";18859;4
"18860";18860;4
"18861";18861;4
"18862";18862;4
"18863";18863;4
"18864";18864;0
"18865";18865;4
"18866";18866;4
"18867";18867;4
"18868";18868;4
"18869";18869;4
"18870";18870;4
"18871";18871;4
"18872";18872;4
"18873";18873;4
"18874";18874;4
"18875";18875;4
"18876";18876;4
"18877";18877;4
"18878";18878;4
"18879";18879;4
"18880";18880;4
"18881";18881;4
"18882";18882;4
"18883";18883;4
"18884";18884;4
"18885";18885;4
"18886";18886;0
"18887";18887;4
"18888";18888;3
"18889";18889;0
"18890";18890;0
"18891";18891;4
"18892";18892;0
"18893";18893;0
"18894";18894;3
"18895";18895;4
"18896";18896;3
"18897";18897;3
"18898";18898;4
"18899";18899;4
"18900";18900;3
"18901";18901;4
"18902";18902;3
"18903";18903;3
"18904";18904;4
"18905";18905;4
"18906";18906;0
"18907";18907;0
"18908";18908;3
"18909";18909;3
"18910";18910;0
"18911";18911;0
"18912";18912;0
"18913";18913;0
"18914";18914;4
"18915";18915;0
"18916";18916;1
"18917";18917;0
"18918";18918;2
"18919";18919;4
"18920";18920;0
"18921";18921;1
"18922";18922;3
"18923";18923;4
"18924";18924;4
"18925";18925;4
"18926";18926;4
"18927";18927;4
"18928";18928;4
"18929";18929;4
"18930";18930;4
"18931";18931;4
"18932";18932;4
"18933";18933;4
"18934";18934;4
"18935";18935;0
"18936";18936;0
"18937";18937;0
"18938";18938;0
"18939";18939;4
"18940";18940;4
"18941";18941;3
"18942";18942;3
"18943";18943;3
"18944";18944;3
"18945";18945;3
"18946";18946;3
"18947";18947;0
"18948";18948;4
"18949";18949;4
"18950";18950;4
"18951";18951;4
"18952";18952;4
"18953";18953;4
"18954";18954;4
"18955";18955;4
"18956";18956;4
"18957";18957;4
"18958";18958;4
"18959";18959;4
"18960";18960;4
"18961";18961;4
"18962";18962;4
"18963";18963;4
"18964";18964;4
"18965";18965;4
"18966";18966;4
"18967";18967;4
"18968";18968;4
"18969";18969;4
"18970";18970;2
"18971";18971;4
"18972";18972;4
"18973";18973;4
"18974";18974;3
"18975";18975;4
"18976";18976;4
"18977";18977;4
"18978";18978;4
"18979";18979;4
"18980";18980;4
"18981";18981;4
"18982";18982;4
"18983";18983;4
"18984";18984;4
"18985";18985;4
"18986";18986;4
"18987";18987;4
"18988";18988;4
"18989";18989;4
"18990";18990;4
"18991";18991;4
"18992";18992;4
"18993";18993;4
"18994";18994;4
"18995";18995;4
"18996";18996;4
"18997";18997;4
"18998";18998;4
"18999";18999;4
"19000";19000;4
"19001";19001;4
"19002";19002;4
"19003";19003;4
"19004";19004;0
"19005";19005;4
"19006";19006;4
"19007";19007;4
"19008";19008;4
"19009";19009;4
"19010";19010;3
"19011";19011;2
"19012";19012;4
"19013";19013;4
"19014";19014;4
"19015";19015;4
"19016";19016;4
"19017";19017;4
"19018";19018;0
"19019";19019;4
"19020";19020;4
"19021";19021;1
"19022";19022;4
"19023";19023;4
"19024";19024;4
"19025";19025;0
"19026";19026;0
"19027";19027;0
"19028";19028;4
"19029";19029;0
"19030";19030;4
"19031";19031;2
"19032";19032;4
"19033";19033;2
"19034";19034;4
"19035";19035;0
"19036";19036;0
"19037";19037;4
"19038";19038;4
"19039";19039;4
"19040";19040;4
"19041";19041;4
"19042";19042;4
"19043";19043;4
"19044";19044;0
"19045";19045;0
"19046";19046;0
"19047";19047;1
"19048";19048;4
"19049";19049;4
"19050";19050;4
"19051";19051;0
"19052";19052;4
"19053";19053;4
"19054";19054;0
"19055";19055;0
"19056";19056;4
"19057";19057;0
"19058";19058;0
"19059";19059;1
"19060";19060;4
"19061";19061;0
"19062";19062;1
"19063";19063;4
"19064";19064;3
"19065";19065;0
"19066";19066;3
"19067";19067;3
"19068";19068;4
"19069";19069;0
"19070";19070;0
"19071";19071;4
"19072";19072;3
"19073";19073;4
"19074";19074;4
"19075";19075;4
"19076";19076;4
"19077";19077;4
"19078";19078;4
"19079";19079;0
"19080";19080;4
"19081";19081;1
"19082";19082;4
"19083";19083;0
"19084";19084;4
"19085";19085;1
"19086";19086;1
"19087";19087;1
"19088";19088;4
"19089";19089;4
"19090";19090;1
"19091";19091;4
"19092";19092;4
"19093";19093;4
"19094";19094;4
"19095";19095;4
"19096";19096;4
"19097";19097;4
"19098";19098;4
"19099";19099;4
"19100";19100;4
"19101";19101;4
"19102";19102;4
"19103";19103;4
"19104";19104;4
"19105";19105;1
"19106";19106;4
"19107";19107;0
"19108";19108;4
"19109";19109;1
"19110";19110;4
"19111";19111;3
"19112";19112;4
"19113";19113;4
"19114";19114;4
"19115";19115;4
"19116";19116;3
"19117";19117;4
"19118";19118;4
"19119";19119;4
"19120";19120;4
"19121";19121;0
"19122";19122;4
"19123";19123;4
"19124";19124;4
"19125";19125;4
"19126";19126;4
"19127";19127;4
"19128";19128;4
"19129";19129;4
"19130";19130;4
"19131";19131;4
"19132";19132;1
"19133";19133;4
"19134";19134;4
"19135";19135;0
"19136";19136;4
"19137";19137;4
"19138";19138;4
"19139";19139;4
"19140";19140;4
"19141";19141;4
"19142";19142;4
"19143";19143;0
"19144";19144;4
"19145";19145;4
"19146";19146;4
"19147";19147;4
"19148";19148;4
"19149";19149;4
"19150";19150;4
"19151";19151;4
"19152";19152;4
"19153";19153;4
"19154";19154;4
"19155";19155;4
"19156";19156;4
"19157";19157;4
"19158";19158;4
"19159";19159;4
"19160";19160;4
"19161";19161;4
"19162";19162;4
"19163";19163;4
"19164";19164;4
"19165";19165;4
"19166";19166;4
"19167";19167;4
"19168";19168;4
"19169";19169;4
"19170";19170;4
"19171";19171;4
"19172";19172;4
"19173";19173;4
"19174";19174;4
"19175";19175;4
"19176";19176;4
"19177";19177;2
"19178";19178;4
"19179";19179;4
"19180";19180;0
"19181";19181;4
"19182";19182;4
"19183";19183;4
"19184";19184;4
"19185";19185;4
"19186";19186;4
"19187";19187;4
"19188";19188;3
"19189";19189;3
"19190";19190;4
"19191";19191;4
"19192";19192;4
"19193";19193;4
"19194";19194;4
"19195";19195;4
"19196";19196;4
"19197";19197;4
"19198";19198;3
"19199";19199;4
"19200";19200;4
"19201";19201;4
"19202";19202;1
"19203";19203;4
"19204";19204;1
"19205";19205;4
"19206";19206;3
"19207";19207;3
"19208";19208;4
"19209";19209;3
"19210";19210;4
"19211";19211;0
"19212";19212;4
"19213";19213;4
"19214";19214;4
"19215";19215;4
"19216";19216;4
"19217";19217;4
"19218";19218;4
"19219";19219;4
"19220";19220;4
"19221";19221;4
"19222";19222;4
"19223";19223;4
"19224";19224;0
"19225";19225;4
"19226";19226;1
"19227";19227;4
"19228";19228;4
"19229";19229;4
"19230";19230;0
"19231";19231;0
"19232";19232;0
"19233";19233;0
"19234";19234;4
"19235";19235;4
"19236";19236;4
"19237";19237;0
"19238";19238;4
"19239";19239;0
"19240";19240;0
"19241";19241;4
"19242";19242;4
"19243";19243;4
"19244";19244;4
"19245";19245;4
"19246";19246;4
"19247";19247;4
"19248";19248;4
"19249";19249;4
"19250";19250;4
"19251";19251;4
"19252";19252;4
"19253";19253;4
"19254";19254;4
"19255";19255;0
"19256";19256;0
"19257";19257;4
"19258";19258;3
"19259";19259;4
"19260";19260;0
"19261";19261;4
"19262";19262;4
"19263";19263;4
"19264";19264;4
"19265";19265;4
"19266";19266;4
"19267";19267;4
"19268";19268;4
"19269";19269;4
"19270";19270;0
"19271";19271;0
"19272";19272;1
"19273";19273;1
"19274";19274;1
"19275";19275;1
"19276";19276;0
"19277";19277;4
"19278";19278;4
"19279";19279;4
"19280";19280;4
"19281";19281;4
"19282";19282;4
"19283";19283;4
"19284";19284;4
"19285";19285;2
"19286";19286;4
"19287";19287;4
"19288";19288;4
"19289";19289;4
"19290";19290;2
"19291";19291;4
"19292";19292;4
"19293";19293;4
"19294";19294;0
"19295";19295;0
"19296";19296;4
"19297";19297;4
"19298";19298;4
"19299";19299;4
"19300";19300;4
"19301";19301;4
"19302";19302;2
"19303";19303;4
"19304";19304;2
"19305";19305;4
"19306";19306;4
"19307";19307;4
"19308";19308;4
"19309";19309;4
"19310";19310;4
"19311";19311;4
"19312";19312;4
"19313";19313;4
"19314";19314;2
"19315";19315;4
"19316";19316;4
"19317";19317;2
"19318";19318;4
"19319";19319;4
"19320";19320;4
"19321";19321;2
"19322";19322;2
"19323";19323;4
"19324";19324;4
"19325";19325;2
"19326";19326;0
"19327";19327;4
"19328";19328;4
"19329";19329;4
"19330";19330;4
"19331";19331;4
"19332";19332;4
"19333";19333;2
"19334";19334;2
"19335";19335;2
"19336";19336;2
"19337";19337;4
"19338";19338;4
"19339";19339;2
"19340";19340;2
"19341";19341;4
"19342";19342;2
"19343";19343;4
"19344";19344;4
"19345";19345;4
"19346";19346;4
"19347";19347;3
"19348";19348;2
"19349";19349;4
"19350";19350;4
"19351";19351;4
"19352";19352;4
"19353";19353;4
"19354";19354;0
"19355";19355;4
"19356";19356;3
"19357";19357;3
"19358";19358;3
"19359";19359;3
"19360";19360;3
"19361";19361;3
"19362";19362;3
"19363";19363;3
"19364";19364;3
"19365";19365;4
"19366";19366;3
"19367";19367;3
"19368";19368;3
"19369";19369;4
"19370";19370;0
"19371";19371;4
"19372";19372;4
"19373";19373;3
"19374";19374;4
"19375";19375;4
"19376";19376;4
"19377";19377;4
"19378";19378;4
"19379";19379;4
"19380";19380;4
"19381";19381;4
"19382";19382;4
"19383";19383;4
"19384";19384;4
"19385";19385;0
"19386";19386;4
"19387";19387;4
"19388";19388;3
"19389";19389;4
"19390";19390;4
"19391";19391;4
"19392";19392;4
"19393";19393;4
"19394";19394;4
"19395";19395;4
"19396";19396;4
"19397";19397;4
"19398";19398;4
"19399";19399;4
"19400";19400;4
"19401";19401;4
"19402";19402;4
"19403";19403;3
"19404";19404;4
"19405";19405;4
"19406";19406;4
"19407";19407;4
"19408";19408;0
"19409";19409;4
"19410";19410;4
"19411";19411;4
"19412";19412;0
"19413";19413;4
"19414";19414;4
"19415";19415;4
"19416";19416;4
"19417";19417;4
"19418";19418;4
"19419";19419;4
"19420";19420;4
"19421";19421;4
"19422";19422;4
"19423";19423;4
"19424";19424;4
"19425";19425;4
"19426";19426;4
"19427";19427;4
"19428";19428;4
"19429";19429;4
"19430";19430;4
"19431";19431;4
"19432";19432;4
"19433";19433;4
"19434";19434;4
"19435";19435;4
"19436";19436;4
"19437";19437;4
"19438";19438;4
"19439";19439;4
"19440";19440;4
"19441";19441;4
"19442";19442;4
"19443";19443;4
"19444";19444;4
"19445";19445;4
"19446";19446;4
"19447";19447;4
"19448";19448;4
"19449";19449;4
"19450";19450;4
"19451";19451;4
"19452";19452;3
"19453";19453;4
"19454";19454;4
"19455";19455;4
"19456";19456;4
"19457";19457;4
"19458";19458;4
"19459";19459;4
"19460";19460;4
"19461";19461;4
"19462";19462;4
"19463";19463;4
"19464";19464;4
"19465";19465;4
"19466";19466;4
"19467";19467;4
"19468";19468;4
"19469";19469;4
"19470";19470;4
"19471";19471;4
"19472";19472;4
"19473";19473;4
"19474";19474;4
"19475";19475;4
"19476";19476;4
"19477";19477;4
"19478";19478;4
"19479";19479;4
"19480";19480;4
"19481";19481;4
"19482";19482;4
"19483";19483;4
"19484";19484;4
"19485";19485;2
"19486";19486;4
"19487";19487;4
"19488";19488;4
"19489";19489;4
"19490";19490;4
"19491";19491;0
"19492";19492;4
"19493";19493;4
"19494";19494;4
"19495";19495;4
"19496";19496;4
"19497";19497;4
"19498";19498;4
"19499";19499;4
"19500";19500;4
"19501";19501;4
"19502";19502;4
"19503";19503;4
"19504";19504;4
"19505";19505;4
"19506";19506;4
"19507";19507;4
"19508";19508;4
"19509";19509;4
"19510";19510;4
"19511";19511;4
"19512";19512;4
"19513";19513;4
"19514";19514;4
"19515";19515;4
"19516";19516;0
"19517";19517;4
"19518";19518;4
"19519";19519;4
"19520";19520;4
"19521";19521;4
"19522";19522;4
"19523";19523;4
"19524";19524;4
"19525";19525;4
"19526";19526;4
"19527";19527;4
"19528";19528;4
"19529";19529;4
"19530";19530;4
"19531";19531;4
"19532";19532;4
"19533";19533;4
"19534";19534;4
"19535";19535;4
"19536";19536;4
"19537";19537;4
"19538";19538;4
"19539";19539;4
"19540";19540;4
"19541";19541;4
"19542";19542;4
"19543";19543;4
"19544";19544;4
"19545";19545;4
"19546";19546;4
"19547";19547;4
"19548";19548;4
"19549";19549;4
"19550";19550;4
"19551";19551;4
"19552";19552;4
"19553";19553;4
"19554";19554;1
"19555";19555;4
"19556";19556;4
"19557";19557;1
"19558";19558;4
"19559";19559;4
"19560";19560;4
"19561";19561;4
"19562";19562;4
"19563";19563;4
"19564";19564;4
"19565";19565;4
"19566";19566;4
"19567";19567;4
"19568";19568;4
"19569";19569;4
"19570";19570;4
"19571";19571;4
"19572";19572;4
"19573";19573;4
"19574";19574;4
"19575";19575;4
"19576";19576;2
"19577";19577;2
"19578";19578;4
"19579";19579;4
"19580";19580;4
"19581";19581;4
"19582";19582;4
"19583";19583;4
"19584";19584;4
"19585";19585;2
"19586";19586;4
"19587";19587;4
"19588";19588;4
"19589";19589;4
"19590";19590;4
"19591";19591;4
"19592";19592;2
"19593";19593;2
"19594";19594;2
"19595";19595;2
"19596";19596;2
"19597";19597;4
"19598";19598;4
"19599";19599;4
"19600";19600;4
"19601";19601;4
"19602";19602;4
"19603";19603;4
"19604";19604;4
"19605";19605;4
"19606";19606;4
"19607";19607;4
"19608";19608;4
"19609";19609;4
"19610";19610;4
"19611";19611;4
"19612";19612;2
"19613";19613;4
"19614";19614;4
"19615";19615;4
"19616";19616;4
"19617";19617;4
"19618";19618;4
"19619";19619;4
"19620";19620;4
"19621";19621;4
"19622";19622;4
"19623";19623;3
"19624";19624;4
"19625";19625;4
"19626";19626;2
"19627";19627;4
"19628";19628;4
"19629";19629;4
"19630";19630;4
"19631";19631;4
"19632";19632;2
"19633";19633;2
"19634";19634;4
"19635";19635;4
"19636";19636;4
"19637";19637;2
"19638";19638;4
"19639";19639;4
"19640";19640;4
"19641";19641;4
"19642";19642;4
"19643";19643;4
"19644";19644;4
"19645";19645;4
"19646";19646;4
"19647";19647;4
"19648";19648;2
"19649";19649;2
"19650";19650;3
"19651";19651;2
"19652";19652;3
"19653";19653;3
"19654";19654;3
"19655";19655;2
"19656";19656;4
"19657";19657;4
"19658";19658;4
"19659";19659;2
"19660";19660;4
"19661";19661;4
"19662";19662;4
"19663";19663;4
"19664";19664;4
"19665";19665;4
"19666";19666;4
"19667";19667;4
"19668";19668;4
"19669";19669;4
"19670";19670;4
"19671";19671;4
"19672";19672;4
"19673";19673;0
"19674";19674;4
"19675";19675;4
"19676";19676;4
"19677";19677;4
"19678";19678;4
"19679";19679;4
"19680";19680;4
"19681";19681;4
"19682";19682;4
"19683";19683;4
"19684";19684;2
"19685";19685;4
"19686";19686;4
"19687";19687;4
"19688";19688;4
"19689";19689;4
"19690";19690;4
"19691";19691;4
"19692";19692;1
"19693";19693;4
"19694";19694;4
"19695";19695;4
"19696";19696;4
"19697";19697;4
"19698";19698;4
"19699";19699;4
"19700";19700;4
"19701";19701;1
"19702";19702;4
"19703";19703;4
"19704";19704;4
"19705";19705;4
"19706";19706;4
"19707";19707;4
"19708";19708;4
"19709";19709;4
"19710";19710;4
"19711";19711;4
"19712";19712;4
"19713";19713;4
"19714";19714;4
"19715";19715;4
"19716";19716;4
"19717";19717;4
"19718";19718;0
"19719";19719;4
"19720";19720;4
"19721";19721;4
"19722";19722;4
"19723";19723;4
"19724";19724;4
"19725";19725;4
"19726";19726;4
"19727";19727;4
"19728";19728;4
"19729";19729;4
"19730";19730;4
"19731";19731;4
"19732";19732;4
"19733";19733;4
"19734";19734;4
"19735";19735;4
"19736";19736;4
"19737";19737;4
"19738";19738;3
"19739";19739;2
"19740";19740;3
"19741";19741;4
"19742";19742;4
"19743";19743;2
"19744";19744;2
"19745";19745;3
"19746";19746;4
"19747";19747;4
"19748";19748;4
"19749";19749;2
"19750";19750;4
"19751";19751;4
"19752";19752;4
"19753";19753;4
"19754";19754;4
"19755";19755;3
"19756";19756;4
"19757";19757;4
"19758";19758;4
"19759";19759;4
"19760";19760;4
"19761";19761;4
"19762";19762;4
"19763";19763;4
"19764";19764;4
"19765";19765;4
"19766";19766;4
"19767";19767;4
"19768";19768;4
"19769";19769;0
"19770";19770;4
"19771";19771;3
"19772";19772;3
"19773";19773;4
"19774";19774;4
"19775";19775;2
"19776";19776;3
"19777";19777;0
"19778";19778;4
"19779";19779;3
"19780";19780;3
"19781";19781;4
"19782";19782;3
"19783";19783;3
"19784";19784;4
"19785";19785;3
"19786";19786;2
"19787";19787;4
"19788";19788;4
"19789";19789;4
"19790";19790;2
"19791";19791;4
"19792";19792;4
"19793";19793;4
"19794";19794;4
"19795";19795;4
"19796";19796;4
"19797";19797;2
"19798";19798;2
"19799";19799;2
"19800";19800;4
"19801";19801;4
"19802";19802;4
"19803";19803;4
"19804";19804;4
"19805";19805;4
"19806";19806;4
"19807";19807;4
"19808";19808;4
"19809";19809;4
"19810";19810;2
"19811";19811;4
"19812";19812;4
"19813";19813;4
"19814";19814;4
"19815";19815;4
"19816";19816;4
"19817";19817;1
"19818";19818;4
"19819";19819;4
"19820";19820;4
"19821";19821;4
"19822";19822;2
"19823";19823;4
"19824";19824;2
"19825";19825;2
"19826";19826;4
"19827";19827;2
"19828";19828;4
"19829";19829;4
"19830";19830;2
"19831";19831;4
"19832";19832;4
"19833";19833;3
"19834";19834;4
"19835";19835;4
"19836";19836;4
"19837";19837;4
"19838";19838;2
"19839";19839;4
"19840";19840;4
"19841";19841;2
"19842";19842;4
"19843";19843;4
"19844";19844;3
"19845";19845;3
"19846";19846;2
"19847";19847;4
"19848";19848;4
"19849";19849;4
"19850";19850;4
"19851";19851;4
"19852";19852;4
"19853";19853;2
"19854";19854;4
"19855";19855;4
"19856";19856;2
"19857";19857;4
"19858";19858;4
"19859";19859;4
"19860";19860;4
"19861";19861;2
"19862";19862;2
"19863";19863;4
"19864";19864;4
"19865";19865;2
"19866";19866;4
"19867";19867;4
"19868";19868;4
"19869";19869;4
"19870";19870;2
"19871";19871;4
"19872";19872;4
"19873";19873;4
"19874";19874;4
"19875";19875;4
"19876";19876;4
"19877";19877;4
"19878";19878;2
"19879";19879;4
"19880";19880;2
"19881";19881;4
"19882";19882;4
"19883";19883;4
"19884";19884;2
"19885";19885;2
"19886";19886;2
"19887";19887;2
"19888";19888;2
"19889";19889;4
"19890";19890;4
"19891";19891;4
"19892";19892;4
"19893";19893;2
"19894";19894;2
"19895";19895;4
"19896";19896;4
"19897";19897;2
"19898";19898;2
"19899";19899;2
"19900";19900;2
"19901";19901;4
"19902";19902;4
"19903";19903;4
"19904";19904;4
"19905";19905;4
"19906";19906;4
"19907";19907;4
"19908";19908;4
"19909";19909;4
"19910";19910;4
"19911";19911;4
"19912";19912;4
"19913";19913;4
"19914";19914;4
"19915";19915;4
"19916";19916;4
"19917";19917;4
"19918";19918;4
"19919";19919;4
"19920";19920;0
"19921";19921;0
"19922";19922;4
"19923";19923;0
"19924";19924;2
"19925";19925;4
"19926";19926;0
"19927";19927;4
"19928";19928;4
"19929";19929;4
"19930";19930;4
"19931";19931;4
"19932";19932;0
"19933";19933;2
"19934";19934;4
"19935";19935;4
"19936";19936;4
"19937";19937;4
"19938";19938;4
"19939";19939;4
"19940";19940;4
"19941";19941;4
"19942";19942;4
"19943";19943;0
"19944";19944;0
"19945";19945;0
"19946";19946;0
"19947";19947;0
"19948";19948;4
"19949";19949;4
"19950";19950;0
"19951";19951;4
"19952";19952;4
"19953";19953;0
"19954";19954;4
"19955";19955;4
"19956";19956;4
"19957";19957;0
"19958";19958;4
"19959";19959;4
"19960";19960;4
"19961";19961;4
"19962";19962;2
"19963";19963;0
"19964";19964;4
"19965";19965;0
"19966";19966;4
"19967";19967;0
"19968";19968;2
"19969";19969;4
"19970";19970;4
"19971";19971;0
"19972";19972;0
"19973";19973;3
"19974";19974;3
"19975";19975;0
"19976";19976;4
"19977";19977;4
"19978";19978;0
"19979";19979;4
"19980";19980;4
"19981";19981;0
"19982";19982;0
"19983";19983;4
"19984";19984;4
"19985";19985;4
"19986";19986;4
"19987";19987;4
"19988";19988;4
"19989";19989;4
"19990";19990;4
"19991";19991;4
"19992";19992;0
"19993";19993;4
"19994";19994;4
"19995";19995;4
"19996";19996;3
"19997";19997;3
"19998";19998;4
"19999";19999;1
"20000";20000;3
"20001";20001;3
"20002";20002;3
"20003";20003;4
"20004";20004;4
"20005";20005;4
"20006";20006;4
"20007";20007;3
"20008";20008;4
"20009";20009;4
"20010";20010;4
"20011";20011;4
"20012";20012;4
"20013";20013;3
"20014";20014;3
"20015";20015;4
"20016";20016;3
"20017";20017;4
"20018";20018;4
"20019";20019;4
"20020";20020;4
"20021";20021;4
"20022";20022;4
"20023";20023;4
"20024";20024;4
"20025";20025;4
"20026";20026;4
"20027";20027;4
"20028";20028;3
"20029";20029;4
"20030";20030;4
"20031";20031;4
"20032";20032;4
"20033";20033;4
"20034";20034;4
"20035";20035;4
"20036";20036;4
"20037";20037;4
"20038";20038;3
"20039";20039;4
"20040";20040;4
"20041";20041;4
"20042";20042;0
"20043";20043;4
"20044";20044;4
"20045";20045;4
"20046";20046;4
"20047";20047;4
"20048";20048;3
"20049";20049;4
"20050";20050;4
"20051";20051;3
"20052";20052;4
"20053";20053;3
"20054";20054;4
"20055";20055;4
"20056";20056;4
"20057";20057;4
"20058";20058;2
"20059";20059;2
"20060";20060;3
"20061";20061;4
"20062";20062;4
"20063";20063;3
"20064";20064;4
"20065";20065;4
"20066";20066;4
"20067";20067;4
"20068";20068;0
"20069";20069;4
"20070";20070;2
"20071";20071;4
"20072";20072;4
"20073";20073;4
"20074";20074;4
"20075";20075;4
"20076";20076;4
"20077";20077;4
"20078";20078;4
"20079";20079;4
"20080";20080;4
"20081";20081;4
"20082";20082;4
"20083";20083;2
"20084";20084;4
"20085";20085;4
"20086";20086;4
"20087";20087;0
"20088";20088;4
"20089";20089;4
"20090";20090;4
"20091";20091;2
"20092";20092;2
"20093";20093;4
"20094";20094;4
"20095";20095;4
"20096";20096;2
"20097";20097;2
"20098";20098;4
"20099";20099;2
"20100";20100;4
"20101";20101;4
"20102";20102;4
"20103";20103;4
"20104";20104;4
"20105";20105;4
"20106";20106;2
"20107";20107;4
"20108";20108;2
"20109";20109;4
"20110";20110;4
"20111";20111;2
"20112";20112;2
"20113";20113;4
"20114";20114;2
"20115";20115;2
"20116";20116;4
"20117";20117;4
"20118";20118;4
"20119";20119;4
"20120";20120;0
"20121";20121;2
"20122";20122;4
"20123";20123;4
"20124";20124;4
"20125";20125;2
"20126";20126;4
"20127";20127;4
"20128";20128;4
"20129";20129;4
"20130";20130;4
"20131";20131;4
"20132";20132;2
"20133";20133;2
"20134";20134;4
"20135";20135;2
"20136";20136;2
"20137";20137;4
"20138";20138;4
"20139";20139;4
"20140";20140;4
"20141";20141;4
"20142";20142;4
"20143";20143;4
"20144";20144;0
"20145";20145;4
"20146";20146;2
"20147";20147;2
"20148";20148;4
"20149";20149;4
"20150";20150;2
"20151";20151;0
"20152";20152;4
"20153";20153;4
"20154";20154;4
"20155";20155;4
"20156";20156;4
"20157";20157;4
"20158";20158;2
"20159";20159;4
"20160";20160;0
"20161";20161;1
"20162";20162;1
"20163";20163;4
"20164";20164;0
"20165";20165;0
"20166";20166;0
"20167";20167;4
"20168";20168;4
"20169";20169;4
"20170";20170;4
"20171";20171;2
"20172";20172;4
"20173";20173;4
"20174";20174;4
"20175";20175;4
"20176";20176;4
"20177";20177;4
"20178";20178;4
"20179";20179;4
"20180";20180;4
"20181";20181;4
"20182";20182;4
"20183";20183;4
"20184";20184;4
"20185";20185;4
"20186";20186;4
"20187";20187;4
"20188";20188;0
"20189";20189;4
"20190";20190;4
"20191";20191;4
"20192";20192;4
"20193";20193;4
"20194";20194;4
"20195";20195;4
"20196";20196;4
"20197";20197;4
"20198";20198;4
"20199";20199;4
"20200";20200;0
"20201";20201;4
"20202";20202;4
"20203";20203;1
"20204";20204;0
"20205";20205;4
"20206";20206;4
"20207";20207;4
"20208";20208;4
"20209";20209;4
"20210";20210;4
"20211";20211;4
"20212";20212;4
"20213";20213;4
"20214";20214;4
"20215";20215;4
"20216";20216;4
"20217";20217;4
"20218";20218;4
"20219";20219;4
"20220";20220;3
"20221";20221;4
"20222";20222;4
"20223";20223;4
"20224";20224;4
"20225";20225;4
"20226";20226;4
"20227";20227;4
"20228";20228;4
"20229";20229;4
"20230";20230;4
"20231";20231;4
"20232";20232;4
"20233";20233;4
"20234";20234;4
"20235";20235;4
"20236";20236;4
"20237";20237;4
"20238";20238;4
"20239";20239;4
"20240";20240;4
"20241";20241;4
"20242";20242;4
"20243";20243;4
"20244";20244;4
"20245";20245;4
"20246";20246;4
"20247";20247;4
"20248";20248;4
"20249";20249;4
"20250";20250;4
"20251";20251;4
"20252";20252;4
"20253";20253;4
"20254";20254;4
"20255";20255;4
"20256";20256;4
"20257";20257;4
"20258";20258;4
"20259";20259;4
"20260";20260;3
"20261";20261;4
"20262";20262;4
"20263";20263;4
"20264";20264;4
"20265";20265;4
"20266";20266;4
"20267";20267;4
"20268";20268;4
"20269";20269;4
"20270";20270;4
"20271";20271;0
"20272";20272;0
"20273";20273;4
"20274";20274;0
"20275";20275;0
"20276";20276;4
"20277";20277;0
"20278";20278;4
"20279";20279;4
"20280";20280;4
"20281";20281;4
"20282";20282;4
"20283";20283;0
"20284";20284;4
"20285";20285;0
"20286";20286;4
"20287";20287;4
"20288";20288;4
"20289";20289;4
"20290";20290;4
"20291";20291;4
"20292";20292;4
"20293";20293;4
"20294";20294;4
"20295";20295;4
"20296";20296;4
"20297";20297;3
"20298";20298;4
"20299";20299;4
"20300";20300;4
"20301";20301;4
"20302";20302;1
"20303";20303;3
"20304";20304;3
"20305";20305;4
"20306";20306;4
"20307";20307;4
"20308";20308;3
"20309";20309;3
"20310";20310;4
"20311";20311;1
"20312";20312;1
"20313";20313;4
"20314";20314;4
"20315";20315;4
"20316";20316;4
"20317";20317;4
"20318";20318;4
"20319";20319;4
"20320";20320;0
"20321";20321;3
"20322";20322;3
"20323";20323;4
"20324";20324;4
"20325";20325;4
"20326";20326;3
"20327";20327;4
"20328";20328;4
"20329";20329;4
"20330";20330;3
"20331";20331;3
"20332";20332;4
"20333";20333;4
"20334";20334;2
"20335";20335;2
"20336";20336;4
"20337";20337;4
"20338";20338;2
"20339";20339;4
"20340";20340;4
"20341";20341;4
"20342";20342;4
"20343";20343;0
"20344";20344;4
"20345";20345;0
"20346";20346;4
"20347";20347;0
"20348";20348;4
"20349";20349;4
"20350";20350;1
"20351";20351;4
"20352";20352;4
"20353";20353;4
"20354";20354;4
"20355";20355;0
"20356";20356;1
"20357";20357;4
"20358";20358;4
"20359";20359;4
"20360";20360;1
"20361";20361;4
"20362";20362;1
"20363";20363;4
"20364";20364;1
"20365";20365;4
"20366";20366;1
"20367";20367;1
"20368";20368;1
"20369";20369;4
"20370";20370;4
"20371";20371;4
"20372";20372;0
"20373";20373;4
"20374";20374;4
"20375";20375;4
"20376";20376;4
"20377";20377;4
"20378";20378;4
"20379";20379;2
"20380";20380;2
"20381";20381;2
"20382";20382;4
"20383";20383;4
"20384";20384;2
"20385";20385;4
"20386";20386;2
"20387";20387;4
"20388";20388;4
"20389";20389;4
"20390";20390;4
"20391";20391;4
"20392";20392;4
"20393";20393;0
"20394";20394;4
"20395";20395;4
"20396";20396;4
"20397";20397;4
"20398";20398;4
"20399";20399;4
"20400";20400;2
"20401";20401;2
"20402";20402;4
"20403";20403;2
"20404";20404;3
"20405";20405;3
"20406";20406;4
"20407";20407;4
"20408";20408;4
"20409";20409;2
"20410";20410;0
"20411";20411;1
"20412";20412;0
"20413";20413;3
"20414";20414;4
"20415";20415;4
"20416";20416;4
"20417";20417;4
"20418";20418;4
"20419";20419;4
"20420";20420;4
"20421";20421;4
"20422";20422;4
"20423";20423;4
"20424";20424;2
"20425";20425;4
"20426";20426;4
"20427";20427;4
"20428";20428;3
"20429";20429;2
"20430";20430;4
"20431";20431;4
"20432";20432;4
"20433";20433;2
"20434";20434;4
"20435";20435;4
"20436";20436;4
"20437";20437;4
"20438";20438;0
"20439";20439;4
"20440";20440;4
"20441";20441;4
"20442";20442;4
"20443";20443;4
"20444";20444;4
"20445";20445;4
"20446";20446;4
"20447";20447;4
"20448";20448;4
"20449";20449;4
"20450";20450;4
"20451";20451;4
"20452";20452;4
"20453";20453;4
"20454";20454;4
"20455";20455;4
"20456";20456;4
"20457";20457;4
"20458";20458;4
"20459";20459;4
"20460";20460;4
"20461";20461;4
"20462";20462;4
"20463";20463;4
"20464";20464;4
"20465";20465;4
"20466";20466;4
"20467";20467;4
"20468";20468;4
"20469";20469;4
"20470";20470;3
"20471";20471;4
"20472";20472;4
"20473";20473;4
"20474";20474;4
"20475";20475;4
"20476";20476;1
"20477";20477;3
"20478";20478;3
"20479";20479;4
"20480";20480;4
"20481";20481;4
"20482";20482;4
"20483";20483;4
"20484";20484;4
"20485";20485;4
"20486";20486;4
"20487";20487;4
"20488";20488;4
"20489";20489;3
"20490";20490;4
"20491";20491;4
"20492";20492;4
"20493";20493;4
"20494";20494;4
"20495";20495;4
"20496";20496;4
"20497";20497;2
"20498";20498;4
"20499";20499;4
"20500";20500;4
"20501";20501;1
"20502";20502;1
"20503";20503;1
"20504";20504;1
"20505";20505;4
"20506";20506;4
"20507";20507;4
"20508";20508;2
"20509";20509;4
"20510";20510;1
"20511";20511;4
"20512";20512;3
"20513";20513;4
"20514";20514;3
"20515";20515;4
"20516";20516;2
"20517";20517;4
"20518";20518;4
"20519";20519;2
"20520";20520;4
"20521";20521;4
"20522";20522;4
"20523";20523;2
"20524";20524;4
"20525";20525;2
"20526";20526;4
"20527";20527;4
"20528";20528;4
"20529";20529;4
"20530";20530;4
"20531";20531;4
"20532";20532;4
"20533";20533;4
"20534";20534;4
"20535";20535;4
"20536";20536;4
"20537";20537;4
"20538";20538;4
"20539";20539;4
"20540";20540;4
"20541";20541;2
"20542";20542;2
"20543";20543;4
"20544";20544;4
"20545";20545;4
"20546";20546;2
"20547";20547;3
"20548";20548;4
"20549";20549;4
"20550";20550;4
"20551";20551;3
"20552";20552;1
"20553";20553;4
"20554";20554;3
"20555";20555;3
"20556";20556;4
"20557";20557;4
"20558";20558;4
"20559";20559;3
"20560";20560;4
"20561";20561;4
"20562";20562;4
"20563";20563;4
"20564";20564;0
"20565";20565;0
"20566";20566;4
"20567";20567;4
"20568";20568;4
"20569";20569;4
"20570";20570;2
"20571";20571;4
"20572";20572;0
"20573";20573;0
"20574";20574;0
"20575";20575;4
"20576";20576;0
"20577";20577;0
"20578";20578;1
"20579";20579;4
"20580";20580;4
"20581";20581;4
"20582";20582;4
"20583";20583;4
"20584";20584;4
"20585";20585;4
"20586";20586;4
"20587";20587;4
"20588";20588;4
"20589";20589;4
"20590";20590;4
"20591";20591;3
"20592";20592;4
"20593";20593;4
"20594";20594;4
"20595";20595;2
"20596";20596;4
"20597";20597;2
"20598";20598;4
"20599";20599;4
"20600";20600;4
"20601";20601;4
"20602";20602;4
"20603";20603;4
"20604";20604;2
"20605";20605;4
"20606";20606;3
"20607";20607;1
"20608";20608;1
"20609";20609;3
"20610";20610;3
"20611";20611;3
"20612";20612;3
"20613";20613;4
"20614";20614;0
"20615";20615;4
"20616";20616;1
"20617";20617;4
"20618";20618;1
"20619";20619;3
"20620";20620;3
"20621";20621;1
"20622";20622;1
"20623";20623;1
"20624";20624;4
"20625";20625;4
"20626";20626;0
"20627";20627;4
"20628";20628;4
"20629";20629;4
"20630";20630;4
"20631";20631;4
"20632";20632;3
"20633";20633;0
"20634";20634;0
"20635";20635;4
"20636";20636;4
"20637";20637;4
"20638";20638;4
"20639";20639;4
"20640";20640;4
"20641";20641;4
"20642";20642;4
"20643";20643;4
"20644";20644;0
"20645";20645;0
"20646";20646;0
"20647";20647;2
"20648";20648;4
"20649";20649;3
"20650";20650;1
"20651";20651;1
"20652";20652;4
"20653";20653;1
"20654";20654;4
"20655";20655;1
"20656";20656;1
"20657";20657;3
"20658";20658;4
"20659";20659;1
"20660";20660;1
"20661";20661;3
"20662";20662;1
"20663";20663;3
"20664";20664;3
"20665";20665;3
"20666";20666;3
"20667";20667;4
"20668";20668;4
"20669";20669;3
"20670";20670;4
"20671";20671;4
"20672";20672;4
"20673";20673;3
"20674";20674;3
"20675";20675;0
"20676";20676;4
"20677";20677;4
"20678";20678;3
"20679";20679;3
"20680";20680;4
"20681";20681;3
"20682";20682;1
"20683";20683;1
"20684";20684;1
"20685";20685;1
"20686";20686;1
"20687";20687;3
"20688";20688;1
"20689";20689;1
"20690";20690;1
"20691";20691;1
"20692";20692;1
"20693";20693;1
"20694";20694;1
"20695";20695;1
"20696";20696;1
"20697";20697;2
"20698";20698;1
"20699";20699;4
"20700";20700;1
"20701";20701;1
"20702";20702;1
"20703";20703;1
"20704";20704;1
"20705";20705;2
"20706";20706;2
"20707";20707;2
"20708";20708;2
"20709";20709;2
"20710";20710;2
"20711";20711;2
"20712";20712;2
"20713";20713;2
"20714";20714;2
"20715";20715;4
"20716";20716;2
"20717";20717;4
"20718";20718;2
"20719";20719;2
"20720";20720;2
"20721";20721;4
"20722";20722;4
"20723";20723;2
"20724";20724;2
"20725";20725;2
"20726";20726;2
"20727";20727;2
"20728";20728;2
"20729";20729;2
"20730";20730;2
"20731";20731;2
"20732";20732;2
"20733";20733;2
"20734";20734;2
"20735";20735;2
"20736";20736;2
"20737";20737;2
"20738";20738;2
"20739";20739;4
"20740";20740;2
"20741";20741;2
"20742";20742;2
"20743";20743;2
"20744";20744;2
"20745";20745;2
"20746";20746;2
"20747";20747;2
"20748";20748;2
"20749";20749;2
"20750";20750;2
"20751";20751;2
"20752";20752;2
"20753";20753;2
"20754";20754;2
"20755";20755;2
"20756";20756;4
"20757";20757;2
"20758";20758;2
"20759";20759;2
"20760";20760;2
"20761";20761;2
"20762";20762;4
"20763";20763;4
"20764";20764;2
"20765";20765;2
"20766";20766;2
"20767";20767;2
"20768";20768;2
"20769";20769;2
"20770";20770;2
"20771";20771;2
"20772";20772;2
"20773";20773;2
"20774";20774;2
"20775";20775;4
"20776";20776;2
"20777";20777;4
"20778";20778;2
"20779";20779;2
"20780";20780;2
"20781";20781;2
"20782";20782;2
"20783";20783;2
"20784";20784;2
"20785";20785;2
"20786";20786;2
"20787";20787;2
"20788";20788;1
"20789";20789;4
"20790";20790;4
"20791";20791;4
"20792";20792;4
"20793";20793;3
"20794";20794;3
"20795";20795;3
"20796";20796;3
"20797";20797;3
"20798";20798;4
"20799";20799;3
"20800";20800;3
"20801";20801;3
"20802";20802;3
"20803";20803;4
"20804";20804;3
"20805";20805;1
"20806";20806;3
"20807";20807;3
"20808";20808;4
"20809";20809;4
"20810";20810;3
"20811";20811;3
"20812";20812;1
"20813";20813;3
"20814";20814;4
"20815";20815;3
"20816";20816;4
"20817";20817;4
"20818";20818;3
"20819";20819;3
"20820";20820;3
"20821";20821;3
"20822";20822;3
"20823";20823;3
"20824";20824;3
"20825";20825;3
"20826";20826;4
"20827";20827;1
"20828";20828;1
"20829";20829;3
"20830";20830;3
"20831";20831;3
"20832";20832;3
"20833";20833;4
"20834";20834;4
"20835";20835;1
"20836";20836;1
"20837";20837;1
"20838";20838;4
"20839";20839;3
"20840";20840;3
"20841";20841;4
"20842";20842;4
"20843";20843;3
"20844";20844;3
"20845";20845;3
"20846";20846;4
"20847";20847;3
"20848";20848;3
"20849";20849;3
"20850";20850;4
"20851";20851;3
"20852";20852;1
"20853";20853;3
"20854";20854;3
"20855";20855;0
"20856";20856;3
"20857";20857;3
"20858";20858;3
"20859";20859;4
"20860";20860;3
"20861";20861;4
"20862";20862;4
"20863";20863;2
"20864";20864;4
"20865";20865;1
"20866";20866;4
"20867";20867;2
"20868";20868;4
"20869";20869;2
"20870";20870;2
"20871";20871;2
"20872";20872;1
"20873";20873;2
"20874";20874;2
"20875";20875;2
"20876";20876;4
"20877";20877;4
"20878";20878;2
"20879";20879;2
"20880";20880;2
"20881";20881;4
"20882";20882;4
"20883";20883;4
"20884";20884;2
"20885";20885;2
"20886";20886;2
"20887";20887;4
"20888";20888;4
"20889";20889;4
"20890";20890;2
"20891";20891;3
"20892";20892;2
"20893";20893;2
"20894";20894;4
"20895";20895;4
"20896";20896;3
"20897";20897;4
"20898";20898;4
"20899";20899;4
"20900";20900;4
"20901";20901;4
"20902";20902;3
"20903";20903;4
"20904";20904;4
"20905";20905;4
"20906";20906;2
"20907";20907;4
"20908";20908;4
"20909";20909;4
"20910";20910;2
"20911";20911;2
"20912";20912;2
"20913";20913;2
"20914";20914;4
"20915";20915;4
"20916";20916;4
"20917";20917;4
"20918";20918;4
"20919";20919;4
"20920";20920;2
"20921";20921;4
"20922";20922;4
"20923";20923;4
"20924";20924;4
"20925";20925;4
"20926";20926;4
"20927";20927;4
"20928";20928;2
"20929";20929;2
"20930";20930;2
"20931";20931;2
"20932";20932;4
"20933";20933;2
"20934";20934;4
"20935";20935;2
"20936";20936;4
"20937";20937;4
"20938";20938;2
"20939";20939;4
"20940";20940;4
"20941";20941;2
"20942";20942;2
"20943";20943;2
"20944";20944;2
"20945";20945;4
"20946";20946;2
"20947";20947;2
"20948";20948;4
"20949";20949;0
"20950";20950;4
"20951";20951;4
"20952";20952;2
"20953";20953;2
"20954";20954;2
"20955";20955;2
"20956";20956;2
"20957";20957;2
"20958";20958;4
"20959";20959;2
"20960";20960;2
"20961";20961;2
"20962";20962;2
"20963";20963;2
"20964";20964;2
"20965";20965;2
"20966";20966;2
"20967";20967;2
"20968";20968;2
"20969";20969;2
"20970";20970;2
"20971";20971;2
"20972";20972;2
"20973";20973;2
"20974";20974;3
"20975";20975;2
"20976";20976;2
"20977";20977;2
"20978";20978;2
"20979";20979;2
"20980";20980;2
"20981";20981;2
"20982";20982;2
"20983";20983;2
"20984";20984;2
"20985";20985;2
"20986";20986;2
"20987";20987;2
"20988";20988;4
"20989";20989;4
"20990";20990;2
"20991";20991;4
"20992";20992;2
"20993";20993;3
"20994";20994;3
"20995";20995;4
"20996";20996;3
"20997";20997;4
"20998";20998;0
"20999";20999;4
"21000";21000;4
"21001";21001;4
"21002";21002;3
"21003";21003;3
"21004";21004;4
"21005";21005;4
"21006";21006;4
"21007";21007;4
"21008";21008;4
"21009";21009;4
"21010";21010;4
"21011";21011;4
"21012";21012;4
"21013";21013;4
"21014";21014;4
"21015";21015;4
"21016";21016;4
"21017";21017;4
"21018";21018;4
"21019";21019;4
"21020";21020;4
"21021";21021;4
"21022";21022;4
"21023";21023;4
"21024";21024;4
"21025";21025;4
"21026";21026;4
"21027";21027;4
"21028";21028;4
"21029";21029;4
"21030";21030;4
"21031";21031;4
"21032";21032;3
"21033";21033;4
"21034";21034;4
"21035";21035;1
"21036";21036;4
"21037";21037;3
"21038";21038;3
"21039";21039;3
"21040";21040;3
"21041";21041;3
"21042";21042;4
"21043";21043;0
"21044";21044;3
"21045";21045;3
"21046";21046;3
"21047";21047;3
"21048";21048;4
"21049";21049;3
"21050";21050;4
"21051";21051;4
"21052";21052;4
"21053";21053;3
"21054";21054;4
"21055";21055;2
"21056";21056;4
"21057";21057;4
"21058";21058;3
"21059";21059;3
"21060";21060;3
"21061";21061;3
"21062";21062;4
"21063";21063;4
"21064";21064;4
"21065";21065;4
"21066";21066;4
"21067";21067;0
"21068";21068;4
"21069";21069;4
"21070";21070;3
"21071";21071;4
"21072";21072;4
"21073";21073;4
"21074";21074;3
"21075";21075;1
"21076";21076;3
"21077";21077;4
"21078";21078;4
"21079";21079;4
"21080";21080;4
"21081";21081;4
"21082";21082;3
"21083";21083;4
"21084";21084;2
"21085";21085;3
"21086";21086;4
"21087";21087;4
"21088";21088;4
"21089";21089;4
"21090";21090;4
"21091";21091;3
"21092";21092;4
"21093";21093;4
"21094";21094;1
"21095";21095;3
"21096";21096;3
"21097";21097;3
"21098";21098;4
"21099";21099;4
"21100";21100;4
"21101";21101;4
"21102";21102;3
"21103";21103;3
"21104";21104;4
"21105";21105;2
"21106";21106;4
"21107";21107;4
"21108";21108;4
"21109";21109;4
"21110";21110;4
"21111";21111;4
"21112";21112;1
"21113";21113;3
"21114";21114;3
"21115";21115;4
"21116";21116;4
"21117";21117;3
"21118";21118;4
"21119";21119;4
"21120";21120;3
"21121";21121;4
"21122";21122;4
"21123";21123;4
"21124";21124;4
"21125";21125;4
"21126";21126;4
"21127";21127;4
"21128";21128;4
"21129";21129;3
"21130";21130;4
"21131";21131;3
"21132";21132;4
"21133";21133;4
"21134";21134;4
"21135";21135;4
"21136";21136;4
"21137";21137;3
"21138";21138;3
"21139";21139;3
"21140";21140;4
"21141";21141;4
"21142";21142;3
"21143";21143;3
"21144";21144;4
"21145";21145;4
"21146";21146;3
"21147";21147;4
"21148";21148;4
"21149";21149;4
"21150";21150;4
"21151";21151;4
"21152";21152;3
"21153";21153;4
"21154";21154;4
"21155";21155;4
"21156";21156;4
"21157";21157;4
"21158";21158;4
"21159";21159;4
"21160";21160;4
"21161";21161;4
"21162";21162;4
"21163";21163;4
"21164";21164;4
"21165";21165;4
"21166";21166;4
"21167";21167;4
"21168";21168;2
"21169";21169;2
"21170";21170;4
"21171";21171;4
"21172";21172;4
"21173";21173;4
"21174";21174;4
"21175";21175;4
"21176";21176;4
"21177";21177;2
"21178";21178;3
"21179";21179;3
"21180";21180;4
"21181";21181;4
"21182";21182;3
"21183";21183;3
"21184";21184;3
"21185";21185;3
"21186";21186;4
"21187";21187;3
"21188";21188;3
"21189";21189;3
"21190";21190;3
"21191";21191;3
"21192";21192;3
"21193";21193;4
"21194";21194;3
"21195";21195;4
"21196";21196;3
"21197";21197;3
"21198";21198;3
"21199";21199;3
"21200";21200;4
"21201";21201;3
"21202";21202;3
"21203";21203;3
"21204";21204;3
"21205";21205;3
"21206";21206;3
"21207";21207;1
"21208";21208;4
"21209";21209;3
"21210";21210;1
"21211";21211;1
"21212";21212;4
"21213";21213;4
"21214";21214;4
"21215";21215;4
"21216";21216;4
"21217";21217;1
"21218";21218;1
"21219";21219;1
"21220";21220;3
"21221";21221;3
"21222";21222;4
"21223";21223;3
"21224";21224;3
"21225";21225;3
"21226";21226;4
"21227";21227;4
"21228";21228;3
"21229";21229;3
"21230";21230;3
"21231";21231;3
"21232";21232;3
"21233";21233;3
"21234";21234;3
"21235";21235;3
"21236";21236;3
"21237";21237;4
"21238";21238;3
"21239";21239;1
"21240";21240;3
"21241";21241;2
"21242";21242;4
"21243";21243;4
"21244";21244;4
"21245";21245;4
"21246";21246;4
"21247";21247;3
"21248";21248;4
"21249";21249;2
"21250";21250;2
"21251";21251;2
"21252";21252;2
"21253";21253;2
"21254";21254;2
"21255";21255;3
"21256";21256;2
"21257";21257;2
"21258";21258;4
"21259";21259;2
"21260";21260;2
"21261";21261;2
"21262";21262;4
"21263";21263;2
"21264";21264;2
"21265";21265;2
"21266";21266;2
"21267";21267;4
"21268";21268;2
"21269";21269;2
"21270";21270;2
"21271";21271;2
"21272";21272;2
"21273";21273;2
"21274";21274;4
"21275";21275;4
"21276";21276;2
"21277";21277;2
"21278";21278;2
"21279";21279;2
"21280";21280;2
"21281";21281;2
"21282";21282;2
"21283";21283;2
"21284";21284;2
"21285";21285;2
"21286";21286;2
"21287";21287;2
"21288";21288;2
"21289";21289;2
"21290";21290;2
"21291";21291;2
"21292";21292;2
"21293";21293;2
"21294";21294;2
"21295";21295;4
"21296";21296;2
"21297";21297;4
"21298";21298;2
"21299";21299;2
"21300";21300;2
"21301";21301;2
"21302";21302;2
"21303";21303;2
"21304";21304;2
"21305";21305;2
"21306";21306;2
"21307";21307;2
"21308";21308;2
"21309";21309;2
"21310";21310;2
"21311";21311;2
"21312";21312;2
"21313";21313;2
"21314";21314;2
"21315";21315;2
"21316";21316;2
"21317";21317;2
"21318";21318;2
"21319";21319;2
"21320";21320;2
"21321";21321;2
"21322";21322;2
"21323";21323;2
"21324";21324;2
"21325";21325;2
"21326";21326;2
"21327";21327;2
"21328";21328;2
"21329";21329;4
"21330";21330;2
"21331";21331;2
"21332";21332;2
"21333";21333;2
"21334";21334;2
"21335";21335;2
"21336";21336;2
"21337";21337;3
"21338";21338;2
"21339";21339;2
"21340";21340;2
"21341";21341;2
"21342";21342;2
"21343";21343;2
"21344";21344;2
"21345";21345;2
"21346";21346;2
"21347";21347;2
"21348";21348;2
"21349";21349;2
"21350";21350;2
"21351";21351;2
"21352";21352;2
"21353";21353;2
"21354";21354;2
"21355";21355;4
"21356";21356;2
"21357";21357;2
"21358";21358;4
"21359";21359;4
"21360";21360;2
"21361";21361;2
"21362";21362;2
"21363";21363;2
"21364";21364;2
"21365";21365;2
"21366";21366;2
"21367";21367;2
"21368";21368;2
"21369";21369;2
"21370";21370;2
"21371";21371;2
"21372";21372;2
"21373";21373;2
"21374";21374;2
"21375";21375;2
"21376";21376;2
"21377";21377;2
"21378";21378;2
"21379";21379;2
"21380";21380;2
"21381";21381;2
"21382";21382;2
"21383";21383;2
"21384";21384;2
"21385";21385;2
"21386";21386;2
"21387";21387;2
"21388";21388;2
"21389";21389;2
"21390";21390;2
"21391";21391;2
"21392";21392;2
"21393";21393;2
"21394";21394;2
"21395";21395;2
"21396";21396;2
"21397";21397;2
"21398";21398;2
"21399";21399;2
"21400";21400;2
"21401";21401;2
"21402";21402;2
"21403";21403;2
"21404";21404;2
"21405";21405;2
"21406";21406;2
"21407";21407;2
"21408";21408;2
"21409";21409;2
"21410";21410;2
"21411";21411;2
"21412";21412;2
"21413";21413;2
"21414";21414;2
"21415";21415;2
"21416";21416;2
"21417";21417;2
"21418";21418;2
"21419";21419;2
"21420";21420;2
"21421";21421;2
"21422";21422;2
"21423";21423;2
"21424";21424;2
"21425";21425;2
"21426";21426;2
"21427";21427;2
"21428";21428;2
"21429";21429;2
"21430";21430;2
"21431";21431;2
"21432";21432;2
"21433";21433;2
"21434";21434;2
"21435";21435;2
"21436";21436;4
"21437";21437;4
"21438";21438;2
"21439";21439;4
"21440";21440;2
"21441";21441;2
"21442";21442;2
"21443";21443;2
"21444";21444;2
"21445";21445;2
"21446";21446;2
"21447";21447;2
"21448";21448;2
"21449";21449;2
"21450";21450;2
"21451";21451;2
"21452";21452;2
"21453";21453;2
"21454";21454;2
"21455";21455;2
"21456";21456;2
"21457";21457;2
"21458";21458;2
"21459";21459;2
"21460";21460;2
"21461";21461;2
"21462";21462;3
"21463";21463;3
"21464";21464;3
"21465";21465;3
"21466";21466;4
"21467";21467;4
"21468";21468;3
"21469";21469;3
"21470";21470;3
"21471";21471;3
"21472";21472;1
"21473";21473;1
"21474";21474;3
"21475";21475;3
"21476";21476;3
"21477";21477;3
"21478";21478;3
"21479";21479;3
"21480";21480;3
"21481";21481;3
"21482";21482;4
"21483";21483;3
"21484";21484;3
"21485";21485;3
"21486";21486;3
"21487";21487;3
"21488";21488;1
"21489";21489;1
"21490";21490;1
"21491";21491;1
"21492";21492;0
"21493";21493;4
"21494";21494;4
"21495";21495;2
"21496";21496;3
"21497";21497;4
"21498";21498;0
"21499";21499;0
"21500";21500;1
"21501";21501;4
"21502";21502;1
"21503";21503;1
"21504";21504;1
"21505";21505;1
"21506";21506;0
"21507";21507;1
"21508";21508;1
"21509";21509;4
"21510";21510;4
"21511";21511;2
"21512";21512;4
"21513";21513;4
"21514";21514;4
"21515";21515;4
"21516";21516;3
"21517";21517;4
"21518";21518;4
"21519";21519;3
"21520";21520;3
"21521";21521;3
"21522";21522;1
"21523";21523;3
"21524";21524;3
"21525";21525;4
"21526";21526;3
"21527";21527;3
"21528";21528;1
"21529";21529;1
"21530";21530;1
"21531";21531;4
"21532";21532;3
"21533";21533;4
"21534";21534;3
"21535";21535;3
"21536";21536;4
"21537";21537;4
"21538";21538;4
"21539";21539;4
"21540";21540;4
"21541";21541;4
"21542";21542;4
"21543";21543;4
"21544";21544;3
"21545";21545;4
"21546";21546;4
"21547";21547;4
"21548";21548;2
"21549";21549;3
"21550";21550;3
"21551";21551;4
"21552";21552;3
"21553";21553;3
"21554";21554;3
"21555";21555;0
"21556";21556;3
"21557";21557;3
"21558";21558;3
"21559";21559;4
"21560";21560;1
"21561";21561;3
"21562";21562;3
"21563";21563;3
"21564";21564;3
"21565";21565;1
"21566";21566;4
"21567";21567;2
"21568";21568;4
"21569";21569;3
"21570";21570;4
"21571";21571;4
"21572";21572;4
"21573";21573;4
"21574";21574;4
"21575";21575;3
"21576";21576;3
"21577";21577;4
"21578";21578;3
"21579";21579;4
"21580";21580;4
"21581";21581;3
"21582";21582;4
"21583";21583;2
"21584";21584;4
"21585";21585;4
"21586";21586;4
"21587";21587;4
"21588";21588;1
"21589";21589;4
"21590";21590;3
"21591";21591;3
"21592";21592;3
"21593";21593;4
"21594";21594;4
"21595";21595;4
"21596";21596;3
"21597";21597;4
"21598";21598;3
"21599";21599;4
"21600";21600;4
"21601";21601;4
"21602";21602;4
"21603";21603;3
"21604";21604;4
"21605";21605;3
"21606";21606;4
"21607";21607;4
"21608";21608;4
"21609";21609;2
"21610";21610;0
"21611";21611;0
"21612";21612;0
"21613";21613;0
"21614";21614;0
"21615";21615;0
"21616";21616;0
"21617";21617;0
"21618";21618;0
"21619";21619;0
"21620";21620;0
"21621";21621;0
"21622";21622;0
"21623";21623;0
"21624";21624;0
"21625";21625;0
"21626";21626;0
"21627";21627;0
"21628";21628;0
"21629";21629;0
"21630";21630;0
"21631";21631;0
"21632";21632;0
"21633";21633;0
"21634";21634;0
"21635";21635;0
"21636";21636;0
"21637";21637;0
"21638";21638;0
"21639";21639;0
"21640";21640;0
"21641";21641;0
"21642";21642;0
"21643";21643;0
"21644";21644;0
"21645";21645;0
"21646";21646;0
"21647";21647;2
"21648";21648;2
"21649";21649;4
"21650";21650;2
"21651";21651;4
"21652";21652;2
"21653";21653;2
"21654";21654;2
"21655";21655;2
"21656";21656;4
"21657";21657;2
"21658";21658;2
"21659";21659;4
"21660";21660;4
"21661";21661;2
"21662";21662;4
"21663";21663;2
"21664";21664;2
"21665";21665;2
"21666";21666;4
"21667";21667;2
"21668";21668;2
"21669";21669;4
"21670";21670;2
"21671";21671;3
"21672";21672;2
"21673";21673;4
"21674";21674;2
"21675";21675;2
"21676";21676;2
"21677";21677;2
"21678";21678;2
"21679";21679;2
"21680";21680;4
"21681";21681;2
"21682";21682;4
"21683";21683;2
"21684";21684;2
"21685";21685;4
"21686";21686;2
"21687";21687;2
"21688";21688;2
"21689";21689;2
"21690";21690;2
"21691";21691;2
"21692";21692;2
"21693";21693;2
"21694";21694;2
"21695";21695;2
"21696";21696;2
"21697";21697;4
"21698";21698;2
"21699";21699;4
"21700";21700;2
"21701";21701;2
"21702";21702;4
"21703";21703;2
"21704";21704;2
"21705";21705;2
"21706";21706;2
"21707";21707;2
"21708";21708;2
"21709";21709;2
"21710";21710;2
"21711";21711;2
"21712";21712;2
"21713";21713;2
"21714";21714;2
"21715";21715;2
"21716";21716;2
"21717";21717;4
"21718";21718;2
"21719";21719;4
"21720";21720;2
"21721";21721;4
"21722";21722;2
"21723";21723;2
"21724";21724;2
"21725";21725;4
"21726";21726;2
"21727";21727;4
"21728";21728;2
"21729";21729;2
"21730";21730;2
"21731";21731;4
"21732";21732;2
"21733";21733;2
"21734";21734;2
"21735";21735;2
"21736";21736;2
"21737";21737;2
"21738";21738;4
"21739";21739;2
"21740";21740;2
"21741";21741;2
"21742";21742;2
"21743";21743;2
"21744";21744;2
"21745";21745;2
"21746";21746;2
"21747";21747;2
"21748";21748;2
"21749";21749;2
"21750";21750;2
"21751";21751;2
"21752";21752;2
"21753";21753;2
"21754";21754;2
"21755";21755;2
"21756";21756;2
"21757";21757;2
"21758";21758;4
"21759";21759;2
"21760";21760;2
"21761";21761;4
"21762";21762;4
"21763";21763;2
"21764";21764;2
"21765";21765;4
"21766";21766;2
"21767";21767;2
"21768";21768;2
"21769";21769;2
"21770";21770;2
"21771";21771;2
"21772";21772;2
"21773";21773;2
"21774";21774;2
"21775";21775;2
"21776";21776;2
"21777";21777;2
"21778";21778;2
"21779";21779;2
"21780";21780;2
"21781";21781;2
"21782";21782;2
"21783";21783;2
"21784";21784;2
"21785";21785;2
"21786";21786;2
"21787";21787;2
"21788";21788;2
"21789";21789;2
"21790";21790;2
"21791";21791;2
"21792";21792;4
"21793";21793;2
"21794";21794;2
"21795";21795;2
"21796";21796;2
"21797";21797;2
"21798";21798;4
"21799";21799;4
"21800";21800;4
"21801";21801;3
"21802";21802;4
"21803";21803;2
"21804";21804;2
"21805";21805;2
"21806";21806;2
"21807";21807;4
"21808";21808;4
"21809";21809;2
"21810";21810;2
"21811";21811;2
"21812";21812;2
"21813";21813;2
"21814";21814;2
"21815";21815;4
"21816";21816;2
"21817";21817;2
"21818";21818;0
"21819";21819;0
"21820";21820;2
"21821";21821;4
"21822";21822;2
"21823";21823;3
"21824";21824;3
"21825";21825;3
"21826";21826;3
"21827";21827;3
"21828";21828;1
"21829";21829;4
"21830";21830;3
"21831";21831;3
"21832";21832;4
"21833";21833;3
"21834";21834;3
"21835";21835;3
"21836";21836;4
"21837";21837;3
"21838";21838;4
"21839";21839;0
"21840";21840;4
"21841";21841;4
"21842";21842;4
"21843";21843;3
"21844";21844;3
"21845";21845;4
"21846";21846;3
"21847";21847;3
"21848";21848;3
"21849";21849;3
"21850";21850;3
"21851";21851;3
"21852";21852;3
"21853";21853;3
"21854";21854;3
"21855";21855;3
"21856";21856;3
"21857";21857;1
"21858";21858;3
"21859";21859;4
"21860";21860;3
"21861";21861;3
"21862";21862;3
"21863";21863;4
"21864";21864;2
"21865";21865;4
"21866";21866;4
"21867";21867;4
"21868";21868;4
"21869";21869;4
"21870";21870;2
"21871";21871;3
"21872";21872;3
"21873";21873;4
"21874";21874;4
"21875";21875;4
"21876";21876;3
"21877";21877;3
"21878";21878;3
"21879";21879;3
"21880";21880;3
"21881";21881;4
"21882";21882;3
"21883";21883;3
"21884";21884;0
"21885";21885;4
"21886";21886;3
"21887";21887;0
"21888";21888;0
"21889";21889;4
"21890";21890;4
"21891";21891;4
"21892";21892;4
"21893";21893;3
"21894";21894;4
"21895";21895;0
"21896";21896;4
"21897";21897;4
"21898";21898;3
"21899";21899;3
"21900";21900;3
"21901";21901;3
"21902";21902;4
"21903";21903;3
"21904";21904;3
"21905";21905;1
"21906";21906;3
"21907";21907;3
"21908";21908;3
"21909";21909;3
"21910";21910;3
"21911";21911;4
"21912";21912;3
"21913";21913;4
"21914";21914;3
"21915";21915;4
"21916";21916;4
"21917";21917;1
"21918";21918;3
"21919";21919;3
"21920";21920;1
"21921";21921;3
"21922";21922;3
"21923";21923;4
"21924";21924;4
"21925";21925;0
"21926";21926;1
"21927";21927;4
"21928";21928;4
"21929";21929;4
"21930";21930;4
"21931";21931;4
"21932";21932;4
"21933";21933;4
"21934";21934;4
"21935";21935;4
"21936";21936;3
"21937";21937;4
"21938";21938;4
"21939";21939;4
"21940";21940;3
"21941";21941;3
"21942";21942;3
"21943";21943;4
"21944";21944;4
"21945";21945;4
"21946";21946;4
"21947";21947;2
"21948";21948;4
"21949";21949;4
"21950";21950;4
"21951";21951;4
"21952";21952;3
"21953";21953;3
"21954";21954;4
"21955";21955;1
"21956";21956;3
"21957";21957;3
"21958";21958;3
"21959";21959;4
"21960";21960;4
"21961";21961;4
"21962";21962;3
"21963";21963;3
"21964";21964;3
"21965";21965;3
"21966";21966;3
"21967";21967;4
"21968";21968;3
"21969";21969;3
"21970";21970;3
"21971";21971;4
"21972";21972;4
"21973";21973;4
"21974";21974;4
"21975";21975;3
"21976";21976;3
"21977";21977;3
"21978";21978;3
"21979";21979;3
"21980";21980;4
"21981";21981;3
"21982";21982;3
"21983";21983;3
"21984";21984;3
"21985";21985;3
"21986";21986;3
"21987";21987;3
"21988";21988;3
"21989";21989;0
"21990";21990;3
"21991";21991;4
"21992";21992;4
"21993";21993;3
"21994";21994;0
"21995";21995;3
"21996";21996;4
"21997";21997;0
"21998";21998;4
"21999";21999;4
"22000";22000;3
"22001";22001;3
"22002";22002;1
"22003";22003;1
"22004";22004;3
"22005";22005;3
"22006";22006;3
"22007";22007;3
"22008";22008;3
"22009";22009;3
"22010";22010;3
"22011";22011;4
"22012";22012;3
"22013";22013;4
"22014";22014;4
"22015";22015;3
"22016";22016;4
"22017";22017;4
"22018";22018;3
"22019";22019;3
"22020";22020;4
"22021";22021;1
"22022";22022;4
"22023";22023;4
"22024";22024;3
"22025";22025;3
"22026";22026;3
"22027";22027;3
"22028";22028;3
"22029";22029;4
"22030";22030;3
"22031";22031;1
"22032";22032;4
"22033";22033;3
"22034";22034;2
"22035";22035;3
"22036";22036;4
"22037";22037;4
"22038";22038;3
"22039";22039;3
"22040";22040;4
"22041";22041;4
"22042";22042;1
"22043";22043;1
"22044";22044;3
"22045";22045;4
"22046";22046;3
"22047";22047;3
"22048";22048;3
"22049";22049;3
"22050";22050;4
"22051";22051;4
"22052";22052;4
"22053";22053;3
"22054";22054;3
"22055";22055;4
"22056";22056;3
"22057";22057;3
"22058";22058;3
"22059";22059;3
"22060";22060;4
"22061";22061;3
"22062";22062;3
"22063";22063;4
"22064";22064;3
"22065";22065;4
"22066";22066;3
"22067";22067;3
"22068";22068;3
"22069";22069;3
"22070";22070;3
"22071";22071;2
"22072";22072;2
"22073";22073;2
"22074";22074;2
"22075";22075;2
"22076";22076;2
"22077";22077;2
"22078";22078;2
"22079";22079;2
"22080";22080;2
"22081";22081;2
"22082";22082;2
"22083";22083;2
"22084";22084;2
"22085";22085;2
"22086";22086;2
"22087";22087;2
"22088";22088;2
"22089";22089;2
"22090";22090;2
"22091";22091;2
"22092";22092;2
"22093";22093;2
"22094";22094;2
"22095";22095;2
"22096";22096;4
"22097";22097;2
"22098";22098;1
"22099";22099;4
"22100";22100;2
"22101";22101;2
"22102";22102;2
"22103";22103;4
"22104";22104;2
"22105";22105;2
"22106";22106;2
"22107";22107;2
"22108";22108;2
"22109";22109;2
"22110";22110;2
"22111";22111;2
"22112";22112;2
"22113";22113;2
"22114";22114;2
"22115";22115;2
"22116";22116;2
"22117";22117;2
"22118";22118;2
"22119";22119;2
"22120";22120;2
"22121";22121;2
"22122";22122;2
"22123";22123;2
"22124";22124;2
"22125";22125;2
"22126";22126;2
"22127";22127;2
"22128";22128;4
"22129";22129;2
"22130";22130;2
"22131";22131;2
"22132";22132;2
"22133";22133;2
"22134";22134;2
"22135";22135;3
"22136";22136;2
"22137";22137;2
"22138";22138;2
"22139";22139;2
"22140";22140;2
"22141";22141;2
"22142";22142;2
"22143";22143;2
"22144";22144;2
"22145";22145;2
"22146";22146;2
"22147";22147;2
"22148";22148;2
"22149";22149;2
"22150";22150;2
"22151";22151;2
"22152";22152;2
"22153";22153;2
"22154";22154;2
"22155";22155;2
"22156";22156;2
"22157";22157;2
"22158";22158;2
"22159";22159;2
"22160";22160;2
"22161";22161;2
"22162";22162;2
"22163";22163;2
"22164";22164;2
"22165";22165;2
"22166";22166;2
"22167";22167;2
"22168";22168;2
"22169";22169;2
"22170";22170;2
"22171";22171;2
"22172";22172;2
"22173";22173;2
"22174";22174;2
"22175";22175;2
"22176";22176;2
"22177";22177;2
"22178";22178;2
"22179";22179;2
"22180";22180;2
"22181";22181;2
"22182";22182;2
"22183";22183;2
"22184";22184;2
"22185";22185;2
"22186";22186;2
"22187";22187;0
"22188";22188;2
"22189";22189;2
"22190";22190;2
"22191";22191;2
"22192";22192;2
"22193";22193;2
"22194";22194;2
"22195";22195;2
"22196";22196;4
"22197";22197;2
"22198";22198;2
"22199";22199;2
"22200";22200;2
"22201";22201;2
"22202";22202;2
"22203";22203;2
"22204";22204;2
"22205";22205;2
"22206";22206;2
"22207";22207;4
"22208";22208;2
"22209";22209;2
"22210";22210;2
"22211";22211;2
"22212";22212;2
"22213";22213;2
"22214";22214;2
"22215";22215;2
"22216";22216;2
"22217";22217;2
"22218";22218;2
"22219";22219;2
"22220";22220;2
"22221";22221;2
"22222";22222;2
"22223";22223;2
"22224";22224;2
"22225";22225;2
"22226";22226;2
"22227";22227;2
"22228";22228;2
"22229";22229;2
"22230";22230;2
"22231";22231;2
"22232";22232;2
"22233";22233;2
"22234";22234;4
"22235";22235;4
"22236";22236;4
"22237";22237;2
"22238";22238;2
"22239";22239;2
"22240";22240;2
"22241";22241;4
"22242";22242;4
"22243";22243;2
"22244";22244;2
"22245";22245;2
"22246";22246;2
"22247";22247;2
"22248";22248;2
"22249";22249;4
"22250";22250;4
"22251";22251;4
"22252";22252;4
"22253";22253;4
"22254";22254;4
"22255";22255;2
"22256";22256;2
"22257";22257;2
"22258";22258;2
"22259";22259;2
"22260";22260;4
"22261";22261;2
"22262";22262;2
"22263";22263;2
"22264";22264;2
"22265";22265;2
"22266";22266;2
"22267";22267;2
"22268";22268;2
"22269";22269;2
"22270";22270;2
"22271";22271;2
"22272";22272;2
"22273";22273;2
"22274";22274;2
"22275";22275;2
"22276";22276;1
"22277";22277;2
"22278";22278;4
"22279";22279;4
"22280";22280;4
"22281";22281;2
"22282";22282;2
"22283";22283;2
"22284";22284;2
"22285";22285;2
"22286";22286;2
"22287";22287;2
"22288";22288;2
"22289";22289;2
"22290";22290;2
"22291";22291;2
"22292";22292;2
"22293";22293;2
"22294";22294;2
"22295";22295;2
"22296";22296;2
"22297";22297;2
"22298";22298;2
"22299";22299;2
"22300";22300;2
"22301";22301;2
"22302";22302;2
"22303";22303;2
"22304";22304;2
"22305";22305;2
"22306";22306;2
"22307";22307;2
"22308";22308;2
"22309";22309;2
"22310";22310;2
"22311";22311;2
"22312";22312;2
"22313";22313;2
"22314";22314;2
"22315";22315;2
"22316";22316;2
"22317";22317;2
"22318";22318;2
"22319";22319;2
"22320";22320;2
"22321";22321;2
"22322";22322;2
"22323";22323;2
"22324";22324;2
"22325";22325;2
"22326";22326;2
"22327";22327;2
"22328";22328;2
"22329";22329;2
"22330";22330;2
"22331";22331;2
"22332";22332;2
"22333";22333;2
"22334";22334;2
"22335";22335;2
"22336";22336;2
"22337";22337;2
"22338";22338;2
"22339";22339;2
"22340";22340;2
"22341";22341;2
"22342";22342;2
"22343";22343;2
"22344";22344;2
"22345";22345;2
"22346";22346;2
"22347";22347;2
"22348";22348;2
"22349";22349;2
"22350";22350;2
"22351";22351;2
"22352";22352;2
"22353";22353;2
"22354";22354;2
"22355";22355;2
"22356";22356;2
"22357";22357;2
"22358";22358;2
"22359";22359;2
"22360";22360;2
"22361";22361;2
"22362";22362;4
"22363";22363;4
"22364";22364;2
"22365";22365;2
"22366";22366;3
"22367";22367;3
"22368";22368;3
"22369";22369;4
"22370";22370;4
"22371";22371;3
"22372";22372;3
"22373";22373;2
"22374";22374;3
"22375";22375;2
"22376";22376;2
"22377";22377;4
"22378";22378;3
"22379";22379;2
"22380";22380;2
"22381";22381;2
"22382";22382;2
"22383";22383;2
"22384";22384;2
"22385";22385;2
"22386";22386;2
"22387";22387;2
"22388";22388;2
"22389";22389;2
"22390";22390;2
"22391";22391;2
"22392";22392;2
"22393";22393;2
"22394";22394;2
"22395";22395;2
"22396";22396;2
"22397";22397;2
"22398";22398;2
"22399";22399;2
"22400";22400;2
"22401";22401;2
"22402";22402;2
"22403";22403;4
"22404";22404;2
"22405";22405;4
"22406";22406;2
"22407";22407;4
"22408";22408;4
"22409";22409;2
"22410";22410;2
"22411";22411;4
"22412";22412;2
"22413";22413;2
"22414";22414;2
"22415";22415;4
"22416";22416;4
"22417";22417;4
"22418";22418;4
"22419";22419;4
"22420";22420;4
"22421";22421;0
"22422";22422;2
"22423";22423;4
"22424";22424;2
"22425";22425;4
"22426";22426;2
"22427";22427;2
"22428";22428;2
"22429";22429;2
"22430";22430;2
"22431";22431;2
"22432";22432;2
"22433";22433;2
"22434";22434;2
"22435";22435;2
"22436";22436;2
"22437";22437;2
"22438";22438;2
"22439";22439;2
"22440";22440;2
"22441";22441;3
"22442";22442;4
"22443";22443;4
"22444";22444;4
"22445";22445;2
"22446";22446;4
"22447";22447;2
"22448";22448;2
"22449";22449;2
"22450";22450;4
"22451";22451;2
"22452";22452;2
"22453";22453;2
"22454";22454;4
"22455";22455;2
"22456";22456;2
"22457";22457;2
"22458";22458;2
"22459";22459;2
"22460";22460;2
"22461";22461;2
"22462";22462;2
"22463";22463;2
"22464";22464;2
"22465";22465;2
"22466";22466;2
"22467";22467;2
"22468";22468;2
"22469";22469;2
"22470";22470;2
"22471";22471;4
"22472";22472;4
"22473";22473;4
"22474";22474;4
"22475";22475;2
"22476";22476;2
"22477";22477;2
"22478";22478;4
"22479";22479;2
"22480";22480;4
"22481";22481;4
"22482";22482;2
"22483";22483;2
"22484";22484;2
"22485";22485;2
"22486";22486;2
"22487";22487;2
"22488";22488;2
"22489";22489;2
"22490";22490;2
"22491";22491;2
"22492";22492;2
"22493";22493;2
"22494";22494;2
"22495";22495;2
"22496";22496;2
"22497";22497;2
"22498";22498;2
"22499";22499;2
"22500";22500;2
"22501";22501;2
"22502";22502;2
"22503";22503;2
"22504";22504;2
"22505";22505;2
"22506";22506;2
"22507";22507;2
"22508";22508;2
"22509";22509;2
"22510";22510;2
"22511";22511;2
"22512";22512;2
"22513";22513;4
"22514";22514;0
"22515";22515;2
"22516";22516;2
"22517";22517;2
"22518";22518;2
"22519";22519;2
"22520";22520;2
"22521";22521;2
"22522";22522;2
"22523";22523;2
"22524";22524;2
"22525";22525;4
"22526";22526;4
"22527";22527;2
"22528";22528;3
"22529";22529;3
"22530";22530;2
"22531";22531;2
"22532";22532;2
"22533";22533;2
"22534";22534;4
"22535";22535;2
"22536";22536;2
"22537";22537;2
"22538";22538;2
"22539";22539;2
"22540";22540;2
"22541";22541;2
"22542";22542;4
"22543";22543;2
"22544";22544;4
"22545";22545;4
"22546";22546;4
"22547";22547;2
"22548";22548;4
"22549";22549;4
"22550";22550;2
"22551";22551;2
"22552";22552;2
"22553";22553;2
"22554";22554;2
"22555";22555;2
"22556";22556;2
"22557";22557;2
"22558";22558;2
"22559";22559;4
"22560";22560;2
"22561";22561;2
"22562";22562;4
"22563";22563;4
"22564";22564;2
"22565";22565;2
"22566";22566;2
"22567";22567;2
"22568";22568;2
"22569";22569;2
"22570";22570;2
"22571";22571;2
"22572";22572;4
"22573";22573;4
"22574";22574;2
"22575";22575;2
"22576";22576;2
"22577";22577;2
"22578";22578;2
"22579";22579;2
"22580";22580;2
"22581";22581;2
"22582";22582;2
"22583";22583;2
"22584";22584;2
"22585";22585;2
"22586";22586;2
"22587";22587;2
"22588";22588;2
"22589";22589;2
"22590";22590;4
"22591";22591;2
"22592";22592;2
"22593";22593;2
"22594";22594;2
"22595";22595;2
"22596";22596;2
"22597";22597;4
"22598";22598;2
"22599";22599;2
"22600";22600;2
"22601";22601;4
"22602";22602;4
"22603";22603;2
"22604";22604;2
"22605";22605;2
"22606";22606;2
"22607";22607;4
"22608";22608;2
"22609";22609;2
"22610";22610;2
"22611";22611;2
"22612";22612;2
"22613";22613;2
"22614";22614;4
"22615";22615;2
"22616";22616;2
"22617";22617;4
"22618";22618;2
"22619";22619;2
"22620";22620;2
"22621";22621;2
"22622";22622;2
"22623";22623;2
"22624";22624;2
"22625";22625;2
"22626";22626;2
"22627";22627;2
"22628";22628;2
"22629";22629;2
"22630";22630;2
"22631";22631;2
"22632";22632;2
"22633";22633;2
"22634";22634;2
"22635";22635;4
"22636";22636;3
"22637";22637;2
"22638";22638;4
"22639";22639;2
"22640";22640;2
"22641";22641;2
"22642";22642;2
"22643";22643;2
"22644";22644;2
"22645";22645;2
"22646";22646;2
"22647";22647;2
"22648";22648;2
"22649";22649;2
"22650";22650;2
"22651";22651;2
"22652";22652;2
"22653";22653;2
"22654";22654;2
"22655";22655;2
"22656";22656;2
"22657";22657;2
"22658";22658;2
"22659";22659;2
"22660";22660;2
"22661";22661;2
"22662";22662;2
"22663";22663;2
"22664";22664;2
"22665";22665;2
"22666";22666;4
"22667";22667;2
"22668";22668;2
"22669";22669;2
"22670";22670;2
"22671";22671;2
"22672";22672;2
"22673";22673;2
"22674";22674;2
"22675";22675;2
"22676";22676;2
"22677";22677;2
"22678";22678;2
"22679";22679;2
"22680";22680;2
"22681";22681;4
"22682";22682;2
"22683";22683;2
"22684";22684;2
"22685";22685;2
"22686";22686;2
"22687";22687;2
"22688";22688;2
"22689";22689;2
"22690";22690;2
"22691";22691;2
"22692";22692;2
"22693";22693;4
"22694";22694;2
"22695";22695;2
"22696";22696;2
"22697";22697;2
"22698";22698;2
"22699";22699;2
"22700";22700;2
"22701";22701;2
"22702";22702;2
"22703";22703;2
"22704";22704;2
"22705";22705;2
"22706";22706;4
"22707";22707;4
"22708";22708;2
"22709";22709;2
"22710";22710;2
"22711";22711;2
"22712";22712;2
"22713";22713;2
"22714";22714;2
"22715";22715;2
"22716";22716;2
"22717";22717;4
"22718";22718;2
"22719";22719;2
"22720";22720;2
"22721";22721;2
"22722";22722;2
"22723";22723;2
"22724";22724;2
"22725";22725;2
"22726";22726;2
"22727";22727;2
"22728";22728;2
"22729";22729;2
"22730";22730;2
"22731";22731;2
"22732";22732;2
"22733";22733;2
"22734";22734;2
"22735";22735;2
"22736";22736;4
"22737";22737;2
"22738";22738;2
"22739";22739;2
"22740";22740;2
"22741";22741;2
"22742";22742;2
"22743";22743;2
"22744";22744;2
"22745";22745;2
"22746";22746;2
"22747";22747;2
"22748";22748;2
"22749";22749;2
"22750";22750;2
"22751";22751;2
"22752";22752;2
"22753";22753;2
"22754";22754;4
"22755";22755;2
"22756";22756;2
"22757";22757;2
"22758";22758;2
"22759";22759;4
"22760";22760;2
"22761";22761;2
"22762";22762;2
"22763";22763;2
"22764";22764;2
"22765";22765;2
"22766";22766;2
"22767";22767;2
"22768";22768;2
"22769";22769;2
"22770";22770;2
"22771";22771;2
"22772";22772;4
"22773";22773;2
"22774";22774;2
"22775";22775;2
"22776";22776;2
"22777";22777;2
"22778";22778;2
"22779";22779;4
"22780";22780;2
"22781";22781;4
"22782";22782;2
"22783";22783;2
"22784";22784;2
"22785";22785;2
"22786";22786;2
"22787";22787;2
"22788";22788;2
"22789";22789;4
"22790";22790;2
"22791";22791;2
"22792";22792;2
"22793";22793;2
"22794";22794;2
"22795";22795;2
"22796";22796;2
"22797";22797;2
"22798";22798;2
"22799";22799;2
"22800";22800;2
"22801";22801;2
"22802";22802;2
"22803";22803;2
"22804";22804;2
"22805";22805;2
"22806";22806;2
"22807";22807;2
"22808";22808;2
"22809";22809;2
"22810";22810;2
"22811";22811;2
"22812";22812;2
"22813";22813;2
"22814";22814;2
"22815";22815;2
"22816";22816;0
"22817";22817;2
"22818";22818;2
"22819";22819;2
"22820";22820;2
"22821";22821;2
"22822";22822;2
"22823";22823;4
"22824";22824;4
"22825";22825;4
"22826";22826;4
"22827";22827;4
"22828";22828;4
"22829";22829;2
"22830";22830;4
"22831";22831;4
"22832";22832;2
"22833";22833;4
"22834";22834;4
"22835";22835;2
"22836";22836;4
"22837";22837;2
"22838";22838;2
"22839";22839;2
"22840";22840;2
"22841";22841;2
"22842";22842;2
"22843";22843;2
"22844";22844;2
"22845";22845;2
"22846";22846;2
"22847";22847;2
"22848";22848;4
"22849";22849;2
"22850";22850;2
"22851";22851;2
"22852";22852;2
"22853";22853;4
"22854";22854;4
"22855";22855;2
"22856";22856;2
"22857";22857;2
"22858";22858;2
"22859";22859;2
"22860";22860;2
"22861";22861;2
"22862";22862;2
"22863";22863;2
"22864";22864;2
"22865";22865;2
"22866";22866;4
"22867";22867;2
"22868";22868;2
"22869";22869;2
"22870";22870;2
"22871";22871;2
"22872";22872;2
"22873";22873;2
"22874";22874;2
"22875";22875;2
"22876";22876;2
"22877";22877;2
"22878";22878;2
"22879";22879;2
"22880";22880;2
"22881";22881;2
"22882";22882;2
"22883";22883;2
"22884";22884;2
"22885";22885;2
"22886";22886;2
"22887";22887;2
"22888";22888;2
"22889";22889;2
"22890";22890;2
"22891";22891;2
"22892";22892;4
"22893";22893;4
"22894";22894;4
"22895";22895;2
"22896";22896;2
"22897";22897;2
"22898";22898;2
"22899";22899;2
"22900";22900;1
"22901";22901;4
"22902";22902;2
"22903";22903;2
"22904";22904;2
"22905";22905;4
"22906";22906;2
"22907";22907;2
"22908";22908;4
"22909";22909;2
"22910";22910;2
"22911";22911;2
"22912";22912;2
"22913";22913;2
"22914";22914;2
"22915";22915;4
"22916";22916;3
"22917";22917;4
"22918";22918;2
"22919";22919;2
"22920";22920;4
"22921";22921;2
"22922";22922;4
"22923";22923;2
"22924";22924;2
"22925";22925;2
"22926";22926;2
"22927";22927;2
"22928";22928;2
"22929";22929;2
"22930";22930;2
"22931";22931;2
"22932";22932;2
"22933";22933;2
"22934";22934;4
"22935";22935;4
"22936";22936;4
"22937";22937;4
"22938";22938;2
"22939";22939;2
"22940";22940;2
"22941";22941;2
"22942";22942;2
"22943";22943;2
"22944";22944;2
"22945";22945;2
"22946";22946;2
"22947";22947;2
"22948";22948;2
"22949";22949;2
"22950";22950;2
"22951";22951;2
"22952";22952;2
"22953";22953;2
"22954";22954;4
"22955";22955;4
"22956";22956;2
"22957";22957;2
"22958";22958;2
"22959";22959;4
"22960";22960;2
"22961";22961;2
"22962";22962;2
"22963";22963;2
"22964";22964;2
"22965";22965;2
"22966";22966;4
"22967";22967;3
"22968";22968;4
"22969";22969;4
"22970";22970;2
"22971";22971;0
"22972";22972;2
"22973";22973;4
"22974";22974;4
"22975";22975;2
"22976";22976;2
"22977";22977;2
"22978";22978;2
"22979";22979;2
"22980";22980;2
"22981";22981;4
"22982";22982;2
"22983";22983;2
"22984";22984;2
"22985";22985;4
"22986";22986;1
"22987";22987;2
"22988";22988;2
"22989";22989;2
"22990";22990;4
"22991";22991;2
"22992";22992;2
"22993";22993;2
"22994";22994;2
"22995";22995;4
"22996";22996;2
"22997";22997;2
"22998";22998;4
"22999";22999;2
"23000";23000;2
"23001";23001;2
"23002";23002;2
"23003";23003;2
"23004";23004;4
"23005";23005;4
"23006";23006;4
"23007";23007;4
"23008";23008;2
"23009";23009;2
"23010";23010;2
"23011";23011;2
"23012";23012;2
"23013";23013;2
"23014";23014;2
"23015";23015;2
"23016";23016;2
"23017";23017;2
"23018";23018;2
"23019";23019;2
"23020";23020;3
"23021";23021;2
"23022";23022;2
"23023";23023;2
"23024";23024;3
"23025";23025;0
"23026";23026;4
"23027";23027;4
"23028";23028;2
"23029";23029;4
"23030";23030;2
"23031";23031;4
"23032";23032;4
"23033";23033;1
"23034";23034;2
"23035";23035;2
"23036";23036;2
"23037";23037;4
"23038";23038;2
"23039";23039;2
"23040";23040;4
"23041";23041;4
"23042";23042;3
"23043";23043;2
"23044";23044;2
"23045";23045;2
"23046";23046;2
"23047";23047;4
"23048";23048;2
"23049";23049;2
"23050";23050;2
"23051";23051;2
"23052";23052;2
"23053";23053;2
"23054";23054;2
"23055";23055;2
"23056";23056;2
"23057";23057;2
"23058";23058;2
"23059";23059;1
"23060";23060;2
"23061";23061;2
"23062";23062;4
"23063";23063;1
"23064";23064;2
"23065";23065;2
"23066";23066;2
"23067";23067;2
"23068";23068;2
"23069";23069;2
"23070";23070;2
"23071";23071;2
"23072";23072;2
"23073";23073;2
"23074";23074;2
"23075";23075;2
"23076";23076;2
"23077";23077;4
"23078";23078;1
"23079";23079;2
"23080";23080;2
"23081";23081;2
"23082";23082;4
"23083";23083;2
"23084";23084;4
"23085";23085;2
"23086";23086;4
"23087";23087;2
"23088";23088;2
"23089";23089;2
"23090";23090;4
"23091";23091;1
"23092";23092;1
"23093";23093;1
"23094";23094;4
"23095";23095;4
"23096";23096;4
"23097";23097;3
"23098";23098;4
"23099";23099;1
"23100";23100;1
"23101";23101;0
"23102";23102;4
"23103";23103;4
"23104";23104;3
"23105";23105;1
"23106";23106;3
"23107";23107;2
"23108";23108;2
"23109";23109;0
"23110";23110;4
"23111";23111;2
"23112";23112;1
"23113";23113;2
"23114";23114;4
"23115";23115;4
"23116";23116;4
"23117";23117;3
"23118";23118;0
"23119";23119;0
"23120";23120;4
"23121";23121;4
"23122";23122;4
"23123";23123;4
"23124";23124;4
"23125";23125;4
"23126";23126;2
"23127";23127;2
"23128";23128;2
"23129";23129;2
"23130";23130;2
"23131";23131;2
"23132";23132;2
"23133";23133;4
"23134";23134;3
"23135";23135;1
"23136";23136;3
"23137";23137;3
"23138";23138;3
"23139";23139;4
"23140";23140;2
"23141";23141;3
"23142";23142;3
"23143";23143;4
"23144";23144;3
"23145";23145;4
"23146";23146;3
"23147";23147;4
"23148";23148;4
"23149";23149;4
"23150";23150;4
"23151";23151;4
"23152";23152;4
"23153";23153;4
"23154";23154;4
"23155";23155;4
"23156";23156;3
"23157";23157;4
"23158";23158;4
"23159";23159;4
"23160";23160;4
"23161";23161;4
"23162";23162;4
"23163";23163;4
"23164";23164;4
"23165";23165;4
"23166";23166;4
"23167";23167;4
"23168";23168;4
"23169";23169;3
"23170";23170;3
"23171";23171;4
"23172";23172;1
"23173";23173;4
"23174";23174;4
"23175";23175;4
"23176";23176;4
"23177";23177;4
"23178";23178;4
"23179";23179;4
"23180";23180;4
"23181";23181;4
"23182";23182;4
"23183";23183;4
"23184";23184;4
"23185";23185;4
"23186";23186;4
"23187";23187;4
"23188";23188;4
"23189";23189;4
"23190";23190;4
"23191";23191;2
"23192";23192;4
"23193";23193;4
"23194";23194;4
"23195";23195;4
"23196";23196;4
"23197";23197;4
"23198";23198;4
"23199";23199;4
"23200";23200;4
"23201";23201;4
"23202";23202;4
"23203";23203;0
"23204";23204;4
"23205";23205;4
"23206";23206;4
"23207";23207;4
"23208";23208;4
"23209";23209;4
"23210";23210;4
"23211";23211;4
"23212";23212;4
"23213";23213;4
"23214";23214;4
"23215";23215;4
"23216";23216;4
"23217";23217;4
"23218";23218;4
"23219";23219;4
"23220";23220;4
"23221";23221;4
"23222";23222;4
"23223";23223;4
"23224";23224;4
"23225";23225;4
"23226";23226;4
"23227";23227;4
"23228";23228;4
"23229";23229;4
"23230";23230;4
"23231";23231;4
"23232";23232;4
"23233";23233;4
"23234";23234;4
"23235";23235;4
"23236";23236;4
"23237";23237;0
"23238";23238;1
"23239";23239;0
"23240";23240;0
"23241";23241;0
"23242";23242;0
"23243";23243;0
"23244";23244;0
"23245";23245;4
"23246";23246;0
"23247";23247;4
"23248";23248;4
"23249";23249;4
"23250";23250;4
"23251";23251;0
"23252";23252;0
"23253";23253;4
"23254";23254;0
"23255";23255;4
"23256";23256;0
"23257";23257;0
"23258";23258;0
"23259";23259;4
"23260";23260;0
"23261";23261;0
"23262";23262;4
"23263";23263;0
"23264";23264;0
"23265";23265;4
"23266";23266;0
"23267";23267;2
"23268";23268;2
"23269";23269;4
"23270";23270;1
"23271";23271;4
"23272";23272;4
"23273";23273;4
"23274";23274;4
"23275";23275;0
"23276";23276;3
"23277";23277;0
"23278";23278;4
"23279";23279;4
"23280";23280;4
"23281";23281;4
"23282";23282;3
"23283";23283;4
"23284";23284;4
"23285";23285;4
"23286";23286;4
"23287";23287;4
"23288";23288;4
"23289";23289;4
"23290";23290;4
"23291";23291;2
"23292";23292;4
"23293";23293;4
"23294";23294;4
"23295";23295;4
"23296";23296;4
"23297";23297;4
"23298";23298;4
"23299";23299;4
"23300";23300;4
"23301";23301;4
"23302";23302;2
"23303";23303;2
"23304";23304;2
"23305";23305;2
"23306";23306;4
"23307";23307;2
"23308";23308;2
"23309";23309;2
"23310";23310;2
"23311";23311;2
"23312";23312;2
"23313";23313;2
"23314";23314;2
"23315";23315;2
"23316";23316;4
"23317";23317;2
"23318";23318;2
"23319";23319;2
"23320";23320;2
"23321";23321;2
"23322";23322;4
"23323";23323;4
"23324";23324;2
"23325";23325;2
"23326";23326;2
"23327";23327;2
"23328";23328;2
"23329";23329;2
"23330";23330;2
"23331";23331;2
"23332";23332;2
"23333";23333;2
"23334";23334;4
"23335";23335;2
"23336";23336;2
"23337";23337;4
"23338";23338;2
"23339";23339;2
"23340";23340;4
"23341";23341;2
"23342";23342;2
"23343";23343;2
"23344";23344;2
"23345";23345;2
"23346";23346;2
"23347";23347;2
"23348";23348;2
"23349";23349;2
"23350";23350;2
"23351";23351;2
"23352";23352;2
"23353";23353;2
"23354";23354;2
"23355";23355;2
"23356";23356;2
"23357";23357;2
"23358";23358;2
"23359";23359;2
"23360";23360;2
"23361";23361;2
"23362";23362;2
"23363";23363;2
"23364";23364;2
"23365";23365;2
"23366";23366;2
"23367";23367;2
"23368";23368;4
"23369";23369;4
"23370";23370;4
"23371";23371;4
"23372";23372;2
"23373";23373;2
"23374";23374;2
"23375";23375;2
"23376";23376;2
"23377";23377;2
"23378";23378;4
"23379";23379;4
"23380";23380;2
"23381";23381;4
"23382";23382;2
"23383";23383;2
"23384";23384;2
"23385";23385;4
"23386";23386;2
"23387";23387;2
"23388";23388;2
"23389";23389;2
"23390";23390;2
"23391";23391;4
"23392";23392;2
"23393";23393;2
"23394";23394;2
"23395";23395;2
"23396";23396;2
"23397";23397;2
"23398";23398;2
"23399";23399;2
"23400";23400;2
"23401";23401;2
"23402";23402;2
"23403";23403;2
"23404";23404;2
"23405";23405;2
"23406";23406;2
"23407";23407;2
"23408";23408;2
"23409";23409;2
"23410";23410;2
"23411";23411;2
"23412";23412;2
"23413";23413;2
"23414";23414;4
"23415";23415;4
"23416";23416;2
"23417";23417;4
"23418";23418;2
"23419";23419;2
"23420";23420;2
"23421";23421;2
"23422";23422;2
"23423";23423;4
"23424";23424;2
"23425";23425;2
"23426";23426;4
"23427";23427;4
"23428";23428;4
"23429";23429;4
"23430";23430;4
"23431";23431;4
"23432";23432;4
"23433";23433;4
"23434";23434;4
"23435";23435;4
"23436";23436;4
"23437";23437;4
"23438";23438;2
"23439";23439;4
"23440";23440;4
"23441";23441;4
"23442";23442;4
"23443";23443;4
"23444";23444;4
"23445";23445;4
"23446";23446;4
"23447";23447;4
"23448";23448;3
"23449";23449;4
"23450";23450;4
"23451";23451;4
"23452";23452;1
"23453";23453;4
"23454";23454;4
"23455";23455;4
"23456";23456;4
"23457";23457;4
"23458";23458;4
"23459";23459;4
"23460";23460;4
"23461";23461;4
"23462";23462;4
"23463";23463;4
"23464";23464;4
"23465";23465;4
"23466";23466;4
"23467";23467;4
"23468";23468;4
"23469";23469;4
"23470";23470;4
"23471";23471;4
"23472";23472;4
"23473";23473;4
"23474";23474;4
"23475";23475;4
"23476";23476;4
"23477";23477;4
"23478";23478;4
"23479";23479;4
"23480";23480;4
"23481";23481;4
"23482";23482;3
"23483";23483;3
"23484";23484;4
"23485";23485;4
"23486";23486;4
"23487";23487;4
"23488";23488;4
"23489";23489;4
"23490";23490;3
"23491";23491;4
"23492";23492;2
"23493";23493;4
"23494";23494;4
"23495";23495;4
"23496";23496;3
"23497";23497;4
"23498";23498;4
"23499";23499;4
"23500";23500;4
"23501";23501;4
"23502";23502;4
"23503";23503;4
"23504";23504;2
"23505";23505;4
"23506";23506;4
"23507";23507;4
"23508";23508;4
"23509";23509;4
"23510";23510;4
"23511";23511;2
"23512";23512;4
"23513";23513;4
"23514";23514;4
"23515";23515;4
"23516";23516;4
"23517";23517;4
"23518";23518;4
"23519";23519;4
"23520";23520;4
"23521";23521;4
"23522";23522;4
"23523";23523;4
"23524";23524;3
"23525";23525;4
"23526";23526;4
"23527";23527;4
"23528";23528;4
"23529";23529;2
"23530";23530;4
"23531";23531;4
"23532";23532;4
"23533";23533;4
"23534";23534;4
"23535";23535;4
"23536";23536;4
"23537";23537;2
"23538";23538;4
"23539";23539;4
"23540";23540;4
"23541";23541;2
"23542";23542;4
"23543";23543;4
"23544";23544;4
"23545";23545;4
"23546";23546;4
"23547";23547;4
"23548";23548;4
"23549";23549;4
"23550";23550;4
"23551";23551;4
"23552";23552;4
"23553";23553;4
"23554";23554;4
"23555";23555;4
"23556";23556;3
"23557";23557;4
"23558";23558;4
"23559";23559;4
"23560";23560;3
"23561";23561;4
"23562";23562;4
"23563";23563;4
"23564";23564;4
"23565";23565;4
"23566";23566;2
"23567";23567;4
"23568";23568;4
"23569";23569;4
"23570";23570;4
"23571";23571;3
"23572";23572;3
"23573";23573;4
"23574";23574;4
"23575";23575;4
"23576";23576;2
"23577";23577;2
"23578";23578;4
"23579";23579;4
"23580";23580;2
"23581";23581;4
"23582";23582;4
"23583";23583;4
"23584";23584;4
"23585";23585;4
"23586";23586;4
"23587";23587;4
"23588";23588;2
"23589";23589;4
"23590";23590;4
"23591";23591;4
"23592";23592;2
"23593";23593;4
"23594";23594;4
"23595";23595;0
"23596";23596;4
"23597";23597;3
"23598";23598;2
"23599";23599;3
"23600";23600;4
"23601";23601;4
"23602";23602;2
"23603";23603;4
"23604";23604;4
"23605";23605;2
"23606";23606;4
"23607";23607;4
"23608";23608;2
"23609";23609;2
"23610";23610;4
"23611";23611;4
"23612";23612;4
"23613";23613;4
"23614";23614;4
"23615";23615;0
"23616";23616;4
"23617";23617;4
"23618";23618;2
"23619";23619;4
"23620";23620;4
"23621";23621;4
"23622";23622;4
"23623";23623;2
"23624";23624;4
"23625";23625;2
"23626";23626;4
"23627";23627;4
"23628";23628;3
"23629";23629;1
"23630";23630;1
"23631";23631;1
"23632";23632;0
"23633";23633;4
"23634";23634;0
"23635";23635;4
"23636";23636;4
"23637";23637;4
"23638";23638;4
"23639";23639;4
"23640";23640;4
"23641";23641;4
"23642";23642;4
"23643";23643;4
"23644";23644;4
"23645";23645;4
"23646";23646;4
"23647";23647;4
"23648";23648;4
"23649";23649;4
"23650";23650;1
"23651";23651;4
"23652";23652;1
"23653";23653;3
"23654";23654;4
"23655";23655;4
"23656";23656;4
"23657";23657;4
"23658";23658;4
"23659";23659;4
"23660";23660;4
"23661";23661;4
"23662";23662;4
"23663";23663;4
"23664";23664;1
"23665";23665;1
"23666";23666;4
"23667";23667;4
"23668";23668;4
"23669";23669;4
"23670";23670;1
"23671";23671;4
"23672";23672;4
"23673";23673;4
"23674";23674;4
"23675";23675;4
"23676";23676;4
"23677";23677;4
"23678";23678;4
"23679";23679;4
"23680";23680;4
"23681";23681;4
"23682";23682;2
"23683";23683;4
"23684";23684;4
"23685";23685;4
"23686";23686;4
"23687";23687;4
"23688";23688;4
"23689";23689;4
"23690";23690;4
"23691";23691;3
"23692";23692;3
"23693";23693;3
"23694";23694;4
"23695";23695;4
"23696";23696;4
"23697";23697;4
"23698";23698;4
"23699";23699;4
"23700";23700;4
"23701";23701;3
"23702";23702;4
"23703";23703;4
"23704";23704;1
"23705";23705;4
"23706";23706;4
"23707";23707;4
"23708";23708;4
"23709";23709;1
"23710";23710;4
"23711";23711;4
"23712";23712;4
"23713";23713;4
"23714";23714;4
"23715";23715;2
"23716";23716;4
"23717";23717;4
"23718";23718;4
"23719";23719;4
"23720";23720;4
"23721";23721;4
"23722";23722;4
"23723";23723;4
"23724";23724;4
"23725";23725;4
"23726";23726;4
"23727";23727;2
"23728";23728;4
"23729";23729;4
"23730";23730;4
"23731";23731;1
"23732";23732;4
"23733";23733;0
"23734";23734;4
"23735";23735;4
"23736";23736;4
"23737";23737;4
"23738";23738;4
"23739";23739;4
"23740";23740;3
"23741";23741;4
"23742";23742;4
"23743";23743;4
"23744";23744;2
"23745";23745;1
"23746";23746;4
"23747";23747;2
"23748";23748;4
"23749";23749;4
"23750";23750;4
"23751";23751;2
"23752";23752;2
"23753";23753;2
"23754";23754;0
"23755";23755;0
"23756";23756;4
"23757";23757;0
"23758";23758;0
"23759";23759;4
"23760";23760;4
"23761";23761;0
"23762";23762;0
"23763";23763;0
"23764";23764;4
"23765";23765;0
"23766";23766;4
"23767";23767;0
"23768";23768;4
"23769";23769;4
"23770";23770;4
"23771";23771;4
"23772";23772;4
"23773";23773;0
"23774";23774;0
"23775";23775;0
"23776";23776;0
"23777";23777;4
"23778";23778;4
"23779";23779;4
"23780";23780;4
"23781";23781;4
"23782";23782;4
"23783";23783;4
"23784";23784;4
"23785";23785;0
"23786";23786;4
"23787";23787;4
"23788";23788;4
"23789";23789;4
"23790";23790;1
"23791";23791;1
"23792";23792;4
"23793";23793;4
"23794";23794;4
"23795";23795;4
"23796";23796;4
"23797";23797;4
"23798";23798;4
"23799";23799;4
"23800";23800;4
"23801";23801;4
"23802";23802;4
"23803";23803;4
"23804";23804;4
"23805";23805;4
"23806";23806;4
"23807";23807;4
"23808";23808;4
"23809";23809;4
"23810";23810;4
"23811";23811;4
"23812";23812;3
"23813";23813;4
"23814";23814;4
"23815";23815;1
"23816";23816;4
"23817";23817;4
"23818";23818;4
"23819";23819;4
"23820";23820;4
"23821";23821;4
"23822";23822;4
"23823";23823;4
"23824";23824;4
"23825";23825;4
"23826";23826;4
"23827";23827;4
"23828";23828;4
"23829";23829;4
"23830";23830;4
"23831";23831;4
"23832";23832;4
"23833";23833;4
"23834";23834;4
"23835";23835;4
"23836";23836;4
"23837";23837;4
"23838";23838;4
"23839";23839;4
"23840";23840;4
"23841";23841;4
"23842";23842;4
"23843";23843;4
"23844";23844;4
"23845";23845;4
"23846";23846;4
"23847";23847;4
"23848";23848;4
"23849";23849;4
"23850";23850;4
"23851";23851;4
"23852";23852;4
"23853";23853;4
"23854";23854;4
"23855";23855;4
"23856";23856;4
"23857";23857;2
"23858";23858;4
"23859";23859;4
"23860";23860;4
"23861";23861;4
"23862";23862;4
"23863";23863;4
"23864";23864;4
"23865";23865;4
"23866";23866;4
"23867";23867;4
"23868";23868;2
"23869";23869;4
"23870";23870;2
"23871";23871;2
"23872";23872;2
"23873";23873;0
"23874";23874;2
"23875";23875;4
"23876";23876;4
"23877";23877;4
"23878";23878;0
"23879";23879;4
"23880";23880;4
"23881";23881;4
"23882";23882;4
"23883";23883;4
"23884";23884;4
"23885";23885;4
"23886";23886;4
"23887";23887;4
"23888";23888;4
"23889";23889;2
"23890";23890;2
"23891";23891;2
"23892";23892;1
"23893";23893;4
"23894";23894;4
"23895";23895;4
"23896";23896;4
"23897";23897;4
"23898";23898;4
"23899";23899;2
"23900";23900;4
"23901";23901;2
"23902";23902;4
"23903";23903;4
"23904";23904;4
"23905";23905;4
"23906";23906;4
"23907";23907;4
"23908";23908;2
"23909";23909;4
"23910";23910;4
"23911";23911;4
"23912";23912;0
"23913";23913;2
"23914";23914;0
"23915";23915;4
"23916";23916;4
"23917";23917;4
"23918";23918;4
"23919";23919;4
"23920";23920;4
"23921";23921;4
"23922";23922;4
"23923";23923;4
"23924";23924;4
"23925";23925;4
"23926";23926;4
"23927";23927;4
"23928";23928;4
"23929";23929;4
"23930";23930;4
"23931";23931;4
"23932";23932;4
"23933";23933;4
"23934";23934;4
"23935";23935;4
"23936";23936;4
"23937";23937;4
"23938";23938;4
"23939";23939;1
"23940";23940;4
"23941";23941;4
"23942";23942;4
"23943";23943;4
"23944";23944;4
"23945";23945;4
"23946";23946;4
"23947";23947;4
"23948";23948;4
"23949";23949;2
"23950";23950;4
"23951";23951;4
"23952";23952;4
"23953";23953;1
"23954";23954;4
"23955";23955;4
"23956";23956;4
"23957";23957;2
"23958";23958;4
"23959";23959;4
"23960";23960;4
"23961";23961;4
"23962";23962;4
"23963";23963;4
"23964";23964;4
"23965";23965;4
"23966";23966;4
"23967";23967;4
"23968";23968;4
"23969";23969;4
"23970";23970;4
"23971";23971;4
"23972";23972;4
"23973";23973;4
"23974";23974;4
"23975";23975;4
"23976";23976;4
"23977";23977;4
"23978";23978;0
"23979";23979;4
"23980";23980;4
"23981";23981;4
"23982";23982;0
"23983";23983;4
"23984";23984;2
"23985";23985;4
"23986";23986;4
"23987";23987;4
"23988";23988;4
"23989";23989;4
"23990";23990;4
"23991";23991;4
"23992";23992;4
"23993";23993;0
"23994";23994;4
"23995";23995;4
"23996";23996;4
"23997";23997;4
"23998";23998;4
"23999";23999;4
"24000";24000;4
"24001";24001;4
"24002";24002;4
"24003";24003;4
"24004";24004;4
"24005";24005;0
"24006";24006;4
"24007";24007;4
"24008";24008;4
"24009";24009;4
"24010";24010;4
"24011";24011;4
"24012";24012;4
"24013";24013;4
"24014";24014;4
"24015";24015;4
"24016";24016;4
"24017";24017;4
"24018";24018;4
"24019";24019;4
"24020";24020;0
"24021";24021;4
"24022";24022;4
"24023";24023;4
"24024";24024;4
"24025";24025;4
"24026";24026;0
"24027";24027;4
"24028";24028;4
"24029";24029;4
"24030";24030;4
"24031";24031;4
"24032";24032;4
"24033";24033;4
"24034";24034;4
"24035";24035;4
"24036";24036;4
"24037";24037;4
"24038";24038;4
"24039";24039;4
"24040";24040;3
"24041";24041;4
"24042";24042;4
"24043";24043;4
"24044";24044;4
"24045";24045;4
"24046";24046;4
"24047";24047;4
"24048";24048;2
"24049";24049;4
"24050";24050;4
"24051";24051;4
"24052";24052;4
"24053";24053;2
"24054";24054;4
"24055";24055;4
"24056";24056;4
"24057";24057;4
"24058";24058;4
"24059";24059;4
"24060";24060;4
"24061";24061;4
"24062";24062;4
"24063";24063;4
"24064";24064;4
"24065";24065;4
"24066";24066;4
"24067";24067;2
"24068";24068;4
"24069";24069;4
"24070";24070;4
"24071";24071;4
"24072";24072;4
"24073";24073;2
"24074";24074;4
"24075";24075;4
"24076";24076;4
"24077";24077;4
"24078";24078;4
"24079";24079;4
"24080";24080;4
"24081";24081;4
"24082";24082;4
"24083";24083;2
"24084";24084;4
"24085";24085;4
"24086";24086;2
"24087";24087;2
"24088";24088;2
"24089";24089;2
"24090";24090;2
"24091";24091;4
"24092";24092;4
"24093";24093;4
"24094";24094;4
"24095";24095;2
"24096";24096;2
"24097";24097;2
"24098";24098;4
"24099";24099;4
"24100";24100;4
"24101";24101;4
"24102";24102;4
"24103";24103;4
"24104";24104;4
"24105";24105;2
"24106";24106;4
"24107";24107;4
"24108";24108;4
"24109";24109;4
"24110";24110;1
"24111";24111;1
"24112";24112;4
"24113";24113;1
"24114";24114;4
"24115";24115;4
"24116";24116;4
"24117";24117;4
"24118";24118;4
"24119";24119;4
"24120";24120;4
"24121";24121;4
"24122";24122;1
"24123";24123;4
"24124";24124;4
"24125";24125;4
"24126";24126;4
"24127";24127;4
"24128";24128;4
"24129";24129;4
"24130";24130;4
"24131";24131;4
"24132";24132;1
"24133";24133;1
"24134";24134;4
"24135";24135;4
"24136";24136;4
"24137";24137;4
"24138";24138;4
"24139";24139;4
"24140";24140;4
"24141";24141;4
"24142";24142;4
"24143";24143;4
"24144";24144;4
"24145";24145;4
"24146";24146;4
"24147";24147;4
"24148";24148;4
"24149";24149;4
"24150";24150;4
"24151";24151;4
"24152";24152;4
"24153";24153;4
"24154";24154;4
"24155";24155;4
"24156";24156;4
"24157";24157;3
"24158";24158;4
"24159";24159;4
"24160";24160;4
"24161";24161;4
"24162";24162;4
"24163";24163;4
"24164";24164;4
"24165";24165;4
"24166";24166;4
"24167";24167;4
"24168";24168;4
"24169";24169;4
"24170";24170;4
"24171";24171;4
"24172";24172;4
"24173";24173;4
"24174";24174;4
"24175";24175;1
"24176";24176;4
"24177";24177;4
"24178";24178;4
"24179";24179;4
"24180";24180;4
"24181";24181;4
"24182";24182;4
"24183";24183;4
"24184";24184;4
"24185";24185;4
"24186";24186;4
"24187";24187;4
"24188";24188;4
"24189";24189;3
"24190";24190;4
"24191";24191;4
"24192";24192;4
"24193";24193;4
"24194";24194;4
"24195";24195;4
"24196";24196;4
"24197";24197;4
"24198";24198;4
"24199";24199;4
"24200";24200;4
"24201";24201;4
"24202";24202;4
"24203";24203;4
"24204";24204;4
"24205";24205;4
"24206";24206;4
"24207";24207;4
"24208";24208;4
"24209";24209;4
"24210";24210;4
"24211";24211;4
"24212";24212;4
"24213";24213;4
"24214";24214;4
"24215";24215;4
"24216";24216;4
"24217";24217;4
"24218";24218;4
"24219";24219;4
"24220";24220;4
"24221";24221;4
"24222";24222;4
"24223";24223;4
"24224";24224;4
"24225";24225;4
"24226";24226;4
"24227";24227;4
"24228";24228;4
"24229";24229;4
"24230";24230;4
"24231";24231;4
"24232";24232;4
"24233";24233;4
"24234";24234;4
"24235";24235;4
"24236";24236;4
"24237";24237;3
"24238";24238;4
"24239";24239;4
"24240";24240;4
"24241";24241;4
"24242";24242;4
"24243";24243;4
"24244";24244;4
"24245";24245;4
"24246";24246;4
"24247";24247;4
"24248";24248;4
"24249";24249;4
"24250";24250;4
"24251";24251;4
"24252";24252;4
"24253";24253;4
"24254";24254;4
"24255";24255;4
"24256";24256;4
"24257";24257;4
"24258";24258;4
"24259";24259;4
"24260";24260;4
"24261";24261;4
"24262";24262;4
"24263";24263;4
"24264";24264;4
"24265";24265;4
"24266";24266;4
"24267";24267;4
"24268";24268;4
"24269";24269;4
"24270";24270;4
"24271";24271;4
"24272";24272;4
"24273";24273;4
"24274";24274;4
"24275";24275;4
"24276";24276;4
"24277";24277;4
"24278";24278;4
"24279";24279;4
"24280";24280;4
"24281";24281;4
"24282";24282;4
"24283";24283;4
"24284";24284;4
"24285";24285;4
"24286";24286;4
"24287";24287;4
"24288";24288;4
"24289";24289;4
"24290";24290;4
"24291";24291;4
"24292";24292;4
"24293";24293;1
"24294";24294;4
"24295";24295;4
"24296";24296;4
"24297";24297;4
"24298";24298;4
"24299";24299;4
"24300";24300;4
"24301";24301;4
"24302";24302;4
"24303";24303;4
"24304";24304;4
"24305";24305;4
"24306";24306;4
"24307";24307;4
"24308";24308;4
"24309";24309;4
"24310";24310;4
"24311";24311;4
"24312";24312;4
"24313";24313;4
"24314";24314;4
"24315";24315;4
"24316";24316;4
"24317";24317;4
"24318";24318;4
"24319";24319;4
"24320";24320;4
"24321";24321;4
"24322";24322;4
"24323";24323;4
"24324";24324;2
"24325";24325;4
"24326";24326;4
"24327";24327;2
"24328";24328;4
"24329";24329;4
"24330";24330;4
"24331";24331;4
"24332";24332;4
"24333";24333;4
"24334";24334;4
"24335";24335;4
"24336";24336;4
"24337";24337;4
"24338";24338;4
"24339";24339;4
"24340";24340;4
"24341";24341;4
"24342";24342;2
"24343";24343;4
"24344";24344;2
"24345";24345;4
"24346";24346;4
"24347";24347;4
"24348";24348;4
"24349";24349;4
"24350";24350;4
"24351";24351;4
"24352";24352;2
"24353";24353;4
"24354";24354;4
"24355";24355;4
"24356";24356;4
"24357";24357;4
"24358";24358;4
"24359";24359;4
"24360";24360;4
"24361";24361;4
"24362";24362;4
"24363";24363;4
"24364";24364;4
"24365";24365;4
"24366";24366;4
"24367";24367;2
"24368";24368;4
"24369";24369;4
"24370";24370;4
"24371";24371;4
"24372";24372;4
"24373";24373;4
"24374";24374;4
"24375";24375;4
"24376";24376;4
"24377";24377;4
"24378";24378;4
"24379";24379;4
"24380";24380;4
"24381";24381;0
"24382";24382;4
"24383";24383;4
"24384";24384;4
"24385";24385;0
"24386";24386;3
"24387";24387;4
"24388";24388;4
"24389";24389;4
"24390";24390;2
"24391";24391;3
"24392";24392;4
"24393";24393;3
"24394";24394;3
"24395";24395;3
"24396";24396;3
"24397";24397;3
"24398";24398;4
"24399";24399;4
"24400";24400;4
"24401";24401;4
"24402";24402;3
"24403";24403;3
"24404";24404;3
"24405";24405;4
"24406";24406;4
"24407";24407;4
"24408";24408;4
"24409";24409;4
"24410";24410;4
"24411";24411;4
"24412";24412;4
"24413";24413;4
"24414";24414;4
"24415";24415;4
"24416";24416;4
"24417";24417;2
"24418";24418;4
"24419";24419;4
"24420";24420;2
"24421";24421;3
"24422";24422;4
"24423";24423;4
"24424";24424;4
"24425";24425;4
"24426";24426;4
"24427";24427;3
"24428";24428;4
"24429";24429;3
"24430";24430;0
"24431";24431;4
"24432";24432;4
"24433";24433;4
"24434";24434;4
"24435";24435;4
"24436";24436;4
"24437";24437;4
"24438";24438;4
"24439";24439;4
"24440";24440;4
"24441";24441;4
"24442";24442;4
"24443";24443;4
"24444";24444;4
"24445";24445;2
"24446";24446;4
"24447";24447;4
"24448";24448;4
"24449";24449;4
"24450";24450;4
"24451";24451;4
"24452";24452;4
"24453";24453;4
"24454";24454;2
"24455";24455;4
"24456";24456;4
"24457";24457;4
"24458";24458;4
"24459";24459;4
"24460";24460;4
"24461";24461;4
"24462";24462;2
"24463";24463;2
"24464";24464;2
"24465";24465;4
"24466";24466;4
"24467";24467;4
"24468";24468;4
"24469";24469;4
"24470";24470;4
"24471";24471;2
"24472";24472;4
"24473";24473;4
"24474";24474;3
"24475";24475;3
"24476";24476;1
"24477";24477;4
"24478";24478;4
"24479";24479;4
"24480";24480;4
"24481";24481;4
"24482";24482;4
"24483";24483;4
"24484";24484;4
"24485";24485;4
"24486";24486;2
"24487";24487;4
"24488";24488;4
"24489";24489;4
"24490";24490;4
"24491";24491;3
"24492";24492;3
"24493";24493;3
"24494";24494;3
"24495";24495;3
"24496";24496;3
"24497";24497;3
"24498";24498;3
"24499";24499;3
"24500";24500;3
"24501";24501;3
"24502";24502;3
"24503";24503;3
"24504";24504;3
"24505";24505;4
"24506";24506;3
"24507";24507;3
"24508";24508;3
"24509";24509;3
"24510";24510;4
"24511";24511;4
"24512";24512;3
"24513";24513;3
"24514";24514;4
"24515";24515;3
"24516";24516;3
"24517";24517;3
"24518";24518;3
"24519";24519;3
"24520";24520;4
"24521";24521;4
"24522";24522;4
"24523";24523;4
"24524";24524;4
"24525";24525;4
"24526";24526;4
"24527";24527;4
"24528";24528;4
"24529";24529;4
"24530";24530;3
"24531";24531;4
"24532";24532;3
"24533";24533;3
"24534";24534;3
"24535";24535;3
"24536";24536;3
"24537";24537;3
"24538";24538;3
"24539";24539;3
"24540";24540;3
"24541";24541;4
"24542";24542;3
"24543";24543;3
"24544";24544;4
"24545";24545;4
"24546";24546;3
"24547";24547;4
"24548";24548;3
"24549";24549;2
"24550";24550;4
"24551";24551;4
"24552";24552;4
"24553";24553;4
"24554";24554;4
"24555";24555;4
"24556";24556;0
"24557";24557;4
"24558";24558;4
"24559";24559;4
"24560";24560;4
"24561";24561;4
"24562";24562;1
"24563";24563;4
"24564";24564;4
"24565";24565;4
"24566";24566;4
"24567";24567;4
"24568";24568;4
"24569";24569;1
"24570";24570;4
"24571";24571;4
"24572";24572;1
"24573";24573;4
"24574";24574;4
"24575";24575;4
"24576";24576;3
"24577";24577;4
"24578";24578;4
"24579";24579;4
"24580";24580;4
"24581";24581;4
"24582";24582;3
"24583";24583;0
"24584";24584;4
"24585";24585;4
"24586";24586;2
"24587";24587;4
"24588";24588;4
"24589";24589;4
"24590";24590;4
"24591";24591;3
"24592";24592;3
"24593";24593;4
"24594";24594;4
"24595";24595;4
"24596";24596;4
"24597";24597;4
"24598";24598;4
"24599";24599;4
"24600";24600;1
"24601";24601;1
"24602";24602;4
"24603";24603;1
"24604";24604;1
"24605";24605;4
"24606";24606;4
"24607";24607;3
"24608";24608;3
"24609";24609;4
"24610";24610;4
"24611";24611;4
"24612";24612;1
"24613";24613;4
"24614";24614;4
"24615";24615;1
"24616";24616;3
"24617";24617;3
"24618";24618;4
"24619";24619;4
"24620";24620;4
"24621";24621;0
"24622";24622;4
"24623";24623;4
"24624";24624;4
"24625";24625;4
"24626";24626;4
"24627";24627;4
"24628";24628;4
"24629";24629;4
"24630";24630;4
"24631";24631;4
"24632";24632;4
"24633";24633;4
"24634";24634;4
"24635";24635;4
"24636";24636;4
"24637";24637;4
"24638";24638;2
"24639";24639;4
"24640";24640;4
"24641";24641;2
"24642";24642;4
"24643";24643;2
"24644";24644;4
"24645";24645;4
"24646";24646;3
"24647";24647;0
"24648";24648;4
"24649";24649;4
"24650";24650;4
"24651";24651;4
"24652";24652;2
"24653";24653;4
"24654";24654;4
"24655";24655;4
"24656";24656;4
"24657";24657;4
"24658";24658;4
"24659";24659;4
"24660";24660;4
"24661";24661;3
"24662";24662;3
"24663";24663;4
"24664";24664;4
"24665";24665;4
"24666";24666;3
"24667";24667;3
"24668";24668;4
"24669";24669;1
"24670";24670;1
"24671";24671;4
"24672";24672;3
"24673";24673;4
"24674";24674;4
"24675";24675;4
"24676";24676;4
"24677";24677;3
"24678";24678;3
"24679";24679;4
"24680";24680;4
"24681";24681;3
"24682";24682;3
"24683";24683;3
"24684";24684;3
"24685";24685;3
"24686";24686;3
"24687";24687;3
"24688";24688;3
"24689";24689;3
"24690";24690;3
"24691";24691;1
"24692";24692;3
"24693";24693;3
"24694";24694;3
"24695";24695;3
"24696";24696;3
"24697";24697;3
"24698";24698;4
"24699";24699;0
"24700";24700;0
"24701";24701;0
"24702";24702;0
"24703";24703;0
"24704";24704;0
"24705";24705;0
"24706";24706;0
"24707";24707;0
"24708";24708;0
"24709";24709;0
"24710";24710;0
"24711";24711;0
"24712";24712;0
"24713";24713;0
"24714";24714;0
"24715";24715;0
"24716";24716;0
"24717";24717;0
"24718";24718;4
"24719";24719;4
"24720";24720;4
"24721";24721;4
"24722";24722;1
"24723";24723;4
"24724";24724;4
"24725";24725;4
"24726";24726;3
"24727";24727;4
"24728";24728;4
"24729";24729;4
"24730";24730;4
"24731";24731;4
"24732";24732;4
"24733";24733;4
"24734";24734;2
"24735";24735;4
"24736";24736;4
"24737";24737;4
"24738";24738;4
"24739";24739;4
"24740";24740;4
"24741";24741;4
"24742";24742;4
"24743";24743;4
"24744";24744;4
"24745";24745;4
"24746";24746;4
"24747";24747;4
"24748";24748;4
"24749";24749;4
"24750";24750;4
"24751";24751;2
"24752";24752;2
"24753";24753;4
"24754";24754;4
"24755";24755;4
"24756";24756;4
"24757";24757;4
"24758";24758;4
"24759";24759;4
"24760";24760;4
"24761";24761;4
"24762";24762;4
"24763";24763;4
"24764";24764;4
"24765";24765;4
"24766";24766;4
"24767";24767;3
"24768";24768;4
"24769";24769;4
"24770";24770;4
"24771";24771;4
"24772";24772;2
"24773";24773;4
"24774";24774;4
"24775";24775;4
"24776";24776;4
"24777";24777;4
"24778";24778;4
"24779";24779;3
"24780";24780;3
"24781";24781;4
"24782";24782;4
"24783";24783;3
"24784";24784;2
"24785";24785;4
"24786";24786;4
"24787";24787;3
"24788";24788;3
"24789";24789;3
"24790";24790;3
"24791";24791;4
"24792";24792;4
"24793";24793;4
"24794";24794;4
"24795";24795;4
"24796";24796;3
"24797";24797;4
"24798";24798;4
"24799";24799;4
"24800";24800;4
"24801";24801;4
"24802";24802;4
"24803";24803;4
"24804";24804;4
"24805";24805;4
"24806";24806;4
"24807";24807;4
"24808";24808;3
"24809";24809;4
"24810";24810;2
"24811";24811;4
"24812";24812;4
"24813";24813;0
"24814";24814;4
"24815";24815;4
"24816";24816;4
"24817";24817;3
"24818";24818;4
"24819";24819;4
"24820";24820;4
"24821";24821;4
"24822";24822;4
"24823";24823;4
"24824";24824;3
"24825";24825;4
"24826";24826;4
"24827";24827;4
"24828";24828;4
"24829";24829;3
"24830";24830;3
"24831";24831;3
"24832";24832;3
"24833";24833;3
"24834";24834;3
"24835";24835;4
"24836";24836;4
"24837";24837;4
"24838";24838;4
"24839";24839;4
"24840";24840;3
"24841";24841;4
"24842";24842;4
"24843";24843;1
"24844";24844;2
"24845";24845;2
"24846";24846;4
"24847";24847;4
"24848";24848;2
"24849";24849;3
"24850";24850;4
"24851";24851;4
"24852";24852;4
"24853";24853;0
"24854";24854;4
"24855";24855;4
"24856";24856;4
"24857";24857;4
"24858";24858;4
"24859";24859;4
"24860";24860;4
"24861";24861;4
"24862";24862;4
"24863";24863;2
"24864";24864;2
"24865";24865;2
"24866";24866;4
"24867";24867;4
"24868";24868;3
"24869";24869;4
"24870";24870;4
"24871";24871;4
"24872";24872;2
"24873";24873;3
"24874";24874;4
"24875";24875;3
"24876";24876;3
"24877";24877;2
"24878";24878;4
"24879";24879;4
"24880";24880;4
"24881";24881;4
"24882";24882;4
"24883";24883;4
"24884";24884;2
"24885";24885;4
"24886";24886;4
"24887";24887;2
"24888";24888;4
"24889";24889;3
"24890";24890;4
"24891";24891;3
"24892";24892;3
"24893";24893;4
"24894";24894;2
"24895";24895;4
"24896";24896;2
"24897";24897;4
"24898";24898;4
"24899";24899;3
"24900";24900;4
"24901";24901;3
"24902";24902;4
"24903";24903;4
"24904";24904;3
"24905";24905;3
"24906";24906;4
"24907";24907;4
"24908";24908;1
"24909";24909;1
"24910";24910;3
"24911";24911;4
"24912";24912;4
"24913";24913;3
"24914";24914;1
"24915";24915;4
"24916";24916;3
"24917";24917;3
"24918";24918;1
"24919";24919;1
"24920";24920;4
"24921";24921;4
"24922";24922;1
"24923";24923;1
"24924";24924;1
"24925";24925;1
"24926";24926;4
"24927";24927;4
"24928";24928;4
"24929";24929;4
"24930";24930;4
"24931";24931;4
"24932";24932;4
"24933";24933;4
"24934";24934;3
"24935";24935;4
"24936";24936;1
"24937";24937;4
"24938";24938;4
"24939";24939;4
"24940";24940;2
"24941";24941;4
"24942";24942;4
"24943";24943;4
"24944";24944;4
"24945";24945;4
"24946";24946;4
"24947";24947;4
"24948";24948;4
"24949";24949;4
"24950";24950;0
"24951";24951;2
"24952";24952;2
"24953";24953;3
"24954";24954;1
"24955";24955;3
"24956";24956;2
"24957";24957;0
"24958";24958;2
"24959";24959;3
"24960";24960;4
"24961";24961;3
"24962";24962;0
"24963";24963;2
"24964";24964;2
"24965";24965;2
"24966";24966;2
"24967";24967;2
"24968";24968;4
"24969";24969;4
"24970";24970;2
"24971";24971;2
"24972";24972;2
"24973";24973;2
"24974";24974;2
"24975";24975;2
"24976";24976;2
"24977";24977;2
"24978";24978;2
"24979";24979;2
"24980";24980;4
"24981";24981;2
"24982";24982;2
"24983";24983;2
"24984";24984;2
"24985";24985;2
"24986";24986;2
"24987";24987;2
"24988";24988;2
"24989";24989;2
"24990";24990;2
"24991";24991;4
"24992";24992;4
"24993";24993;2
"24994";24994;2
"24995";24995;2
"24996";24996;4
"24997";24997;2
"24998";24998;2
"24999";24999;4
"25000";25000;2
"25001";25001;2
"25002";25002;2
"25003";25003;2
"25004";25004;2
"25005";25005;2
"25006";25006;2
"25007";25007;2
"25008";25008;4
"25009";25009;4
"25010";25010;4
"25011";25011;4
"25012";25012;4
"25013";25013;4
"25014";25014;4
"25015";25015;4
"25016";25016;4
"25017";25017;2
"25018";25018;2
"25019";25019;2
"25020";25020;2
"25021";25021;4
"25022";25022;4
"25023";25023;2
"25024";25024;2
"25025";25025;4
"25026";25026;2
"25027";25027;4
"25028";25028;2
"25029";25029;2
"25030";25030;2
"25031";25031;4
"25032";25032;4
"25033";25033;2
"25034";25034;2
"25035";25035;2
"25036";25036;2
"25037";25037;2
"25038";25038;2
"25039";25039;2
"25040";25040;2
"25041";25041;4
"25042";25042;2
"25043";25043;2
"25044";25044;4
"25045";25045;2
"25046";25046;2
"25047";25047;2
"25048";25048;2
"25049";25049;4
"25050";25050;4
"25051";25051;4
"25052";25052;2
"25053";25053;2
"25054";25054;2
"25055";25055;2
"25056";25056;2
"25057";25057;2
"25058";25058;2
"25059";25059;2
"25060";25060;2
"25061";25061;2
"25062";25062;2
"25063";25063;2
"25064";25064;2
"25065";25065;2
"25066";25066;2
"25067";25067;2
"25068";25068;2
"25069";25069;2
"25070";25070;2
"25071";25071;2
"25072";25072;2
"25073";25073;4
"25074";25074;2
"25075";25075;2
"25076";25076;4
"25077";25077;4
"25078";25078;4
"25079";25079;3
"25080";25080;3
"25081";25081;4
"25082";25082;4
"25083";25083;3
"25084";25084;3
"25085";25085;1
"25086";25086;4
"25087";25087;4
"25088";25088;3
"25089";25089;4
"25090";25090;4
"25091";25091;4
"25092";25092;4
"25093";25093;4
"25094";25094;4
"25095";25095;4
"25096";25096;4
"25097";25097;4
"25098";25098;4
"25099";25099;4
"25100";25100;4
"25101";25101;4
"25102";25102;4
"25103";25103;4
"25104";25104;4
"25105";25105;4
"25106";25106;4
"25107";25107;4
"25108";25108;4
"25109";25109;4
"25110";25110;4
"25111";25111;4
"25112";25112;4
"25113";25113;4
"25114";25114;4
"25115";25115;4
"25116";25116;1
"25117";25117;4
"25118";25118;4
"25119";25119;4
"25120";25120;4
"25121";25121;4
"25122";25122;3
"25123";25123;3
"25124";25124;4
"25125";25125;4
"25126";25126;1
"25127";25127;0
"25128";25128;4
"25129";25129;3
"25130";25130;4
"25131";25131;4
"25132";25132;3
"25133";25133;2
"25134";25134;2
"25135";25135;2
"25136";25136;2
"25137";25137;2
"25138";25138;4
"25139";25139;2
"25140";25140;2
"25141";25141;2
"25142";25142;2
"25143";25143;2
"25144";25144;2
"25145";25145;2
"25146";25146;2
"25147";25147;2
"25148";25148;2
"25149";25149;4
"25150";25150;4
"25151";25151;4
"25152";25152;4
"25153";25153;4
"25154";25154;4
"25155";25155;4
"25156";25156;3
"25157";25157;4
"25158";25158;1
"25159";25159;1
"25160";25160;4
"25161";25161;4
"25162";25162;4
"25163";25163;3
"25164";25164;4
"25165";25165;3
"25166";25166;4
"25167";25167;4
"25168";25168;3
"25169";25169;3
"25170";25170;4
"25171";25171;1
"25172";25172;4
"25173";25173;3
"25174";25174;4
"25175";25175;3
"25176";25176;4
"25177";25177;3
"25178";25178;4
"25179";25179;1
"25180";25180;4
"25181";25181;4
"25182";25182;1
"25183";25183;4
"25184";25184;3
"25185";25185;3
"25186";25186;4
"25187";25187;4
"25188";25188;4
"25189";25189;4
"25190";25190;4
"25191";25191;4
"25192";25192;3
"25193";25193;0
"25194";25194;3
"25195";25195;3
"25196";25196;4
"25197";25197;3
"25198";25198;4
"25199";25199;3
"25200";25200;4
"25201";25201;3
"25202";25202;4
"25203";25203;3
"25204";25204;3
"25205";25205;1
"25206";25206;3
"25207";25207;3
"25208";25208;1
"25209";25209;3
"25210";25210;4
"25211";25211;3
"25212";25212;4
"25213";25213;4
"25214";25214;4
"25215";25215;3
"25216";25216;3
"25217";25217;3
"25218";25218;3
"25219";25219;3
"25220";25220;3
"25221";25221;3
"25222";25222;4
"25223";25223;4
"25224";25224;4
"25225";25225;4
"25226";25226;4
"25227";25227;4
"25228";25228;4
"25229";25229;4
"25230";25230;4
"25231";25231;4
"25232";25232;4
"25233";25233;4
"25234";25234;4
"25235";25235;4
"25236";25236;4
"25237";25237;4
"25238";25238;4
"25239";25239;4
"25240";25240;4
"25241";25241;4
"25242";25242;4
"25243";25243;4
"25244";25244;4
"25245";25245;4
"25246";25246;4
"25247";25247;4
"25248";25248;4
"25249";25249;4
"25250";25250;4
"25251";25251;4
"25252";25252;4
"25253";25253;4
"25254";25254;4
"25255";25255;4
"25256";25256;4
"25257";25257;4
"25258";25258;4
"25259";25259;4
"25260";25260;4
"25261";25261;4
"25262";25262;4
"25263";25263;4
"25264";25264;4
"25265";25265;4
"25266";25266;4
"25267";25267;4
"25268";25268;4
"25269";25269;4
"25270";25270;4
"25271";25271;4
"25272";25272;2
"25273";25273;4
"25274";25274;3
"25275";25275;4
"25276";25276;2
"25277";25277;1
"25278";25278;3
"25279";25279;3
"25280";25280;3
"25281";25281;2
"25282";25282;3
"25283";25283;3
"25284";25284;3
"25285";25285;4
"25286";25286;2
"25287";25287;3
"25288";25288;3
"25289";25289;3
"25290";25290;3
"25291";25291;3
"25292";25292;3
"25293";25293;3
"25294";25294;4
"25295";25295;4
"25296";25296;2
"25297";25297;4
"25298";25298;2
"25299";25299;2
"25300";25300;2
"25301";25301;2
"25302";25302;0
"25303";25303;3
"25304";25304;4
"25305";25305;4
"25306";25306;4
"25307";25307;4
"25308";25308;4
"25309";25309;4
"25310";25310;4
"25311";25311;4
"25312";25312;4
"25313";25313;4
"25314";25314;4
"25315";25315;4
"25316";25316;4
"25317";25317;4
"25318";25318;4
"25319";25319;4
"25320";25320;4
"25321";25321;2
"25322";25322;0
"25323";25323;3
"25324";25324;0
"25325";25325;4
"25326";25326;0
"25327";25327;4
"25328";25328;2
"25329";25329;4
"25330";25330;0
"25331";25331;4
"25332";25332;0
"25333";25333;4
"25334";25334;4
"25335";25335;0
"25336";25336;0
"25337";25337;4
"25338";25338;4
"25339";25339;4
"25340";25340;0
"25341";25341;4
"25342";25342;0
"25343";25343;4
"25344";25344;0
"25345";25345;0
"25346";25346;4
"25347";25347;4
"25348";25348;0
"25349";25349;4
"25350";25350;4
"25351";25351;4
"25352";25352;4
"25353";25353;0
"25354";25354;0
"25355";25355;4
"25356";25356;4
"25357";25357;4
"25358";25358;4
"25359";25359;4
"25360";25360;4
"25361";25361;4
"25362";25362;4
"25363";25363;4
"25364";25364;4
"25365";25365;2
"25366";25366;4
"25367";25367;4
"25368";25368;4
"25369";25369;4
"25370";25370;4
"25371";25371;4
"25372";25372;4
"25373";25373;0
"25374";25374;0
"25375";25375;0
"25376";25376;4
"25377";25377;0
"25378";25378;4
"25379";25379;4
"25380";25380;4
"25381";25381;4
"25382";25382;4
"25383";25383;4
"25384";25384;4
"25385";25385;4
"25386";25386;0
"25387";25387;4
"25388";25388;3
"25389";25389;4
"25390";25390;4
"25391";25391;4
"25392";25392;4
"25393";25393;4
"25394";25394;4
"25395";25395;4
"25396";25396;4
"25397";25397;4
"25398";25398;4
"25399";25399;4
"25400";25400;4
"25401";25401;4
"25402";25402;4
"25403";25403;0
"25404";25404;4
"25405";25405;4
"25406";25406;4
"25407";25407;4
"25408";25408;4
"25409";25409;4
"25410";25410;4
"25411";25411;4
"25412";25412;4
"25413";25413;4
"25414";25414;4
"25415";25415;4
"25416";25416;4
"25417";25417;4
"25418";25418;4
"25419";25419;4
"25420";25420;4
"25421";25421;4
"25422";25422;4
"25423";25423;4
"25424";25424;4
"25425";25425;4
"25426";25426;4
"25427";25427;4
"25428";25428;4
"25429";25429;4
"25430";25430;4
"25431";25431;4
"25432";25432;4
"25433";25433;4
"25434";25434;4
"25435";25435;4
"25436";25436;4
"25437";25437;4
"25438";25438;4
"25439";25439;4
"25440";25440;4
"25441";25441;4
"25442";25442;4
"25443";25443;0
"25444";25444;0
"25445";25445;0
"25446";25446;4
"25447";25447;4
"25448";25448;4
"25449";25449;4
"25450";25450;4
"25451";25451;4
"25452";25452;4
"25453";25453;4
"25454";25454;0
"25455";25455;4
"25456";25456;0
"25457";25457;4
"25458";25458;4
"25459";25459;0
"25460";25460;4
"25461";25461;4
"25462";25462;4
"25463";25463;4
"25464";25464;4
"25465";25465;4
"25466";25466;4
"25467";25467;4
"25468";25468;3
"25469";25469;4
"25470";25470;4
"25471";25471;4
"25472";25472;4
"25473";25473;4
"25474";25474;4
"25475";25475;4
"25476";25476;4
"25477";25477;4
"25478";25478;4
"25479";25479;4
"25480";25480;4
"25481";25481;4
"25482";25482;4
"25483";25483;4
"25484";25484;4
"25485";25485;4
"25486";25486;4
"25487";25487;4
"25488";25488;4
"25489";25489;0
"25490";25490;4
"25491";25491;4
"25492";25492;4
"25493";25493;4
"25494";25494;4
"25495";25495;4
"25496";25496;4
"25497";25497;4
"25498";25498;4
"25499";25499;4
"25500";25500;4
"25501";25501;4
"25502";25502;4
"25503";25503;4
"25504";25504;4
"25505";25505;4
"25506";25506;4
"25507";25507;4
"25508";25508;4
"25509";25509;2
"25510";25510;4
"25511";25511;4
"25512";25512;4
"25513";25513;4
"25514";25514;4
"25515";25515;4
"25516";25516;2
"25517";25517;4
"25518";25518;4
"25519";25519;2
"25520";25520;4
"25521";25521;2
"25522";25522;4
"25523";25523;4
"25524";25524;2
"25525";25525;2
"25526";25526;2
"25527";25527;2
"25528";25528;2
"25529";25529;2
"25530";25530;4
"25531";25531;4
"25532";25532;4
"25533";25533;4
"25534";25534;4
"25535";25535;4
"25536";25536;4
"25537";25537;4
"25538";25538;4
"25539";25539;2
"25540";25540;2
"25541";25541;4
"25542";25542;2
"25543";25543;4
"25544";25544;0
"25545";25545;3
"25546";25546;3
"25547";25547;3
"25548";25548;3
"25549";25549;3
"25550";25550;4
"25551";25551;4
"25552";25552;4
"25553";25553;4
"25554";25554;4
"25555";25555;4
"25556";25556;4
"25557";25557;4
"25558";25558;3
"25559";25559;4
"25560";25560;3
"25561";25561;4
"25562";25562;4
"25563";25563;4
"25564";25564;2
"25565";25565;2
"25566";25566;4
"25567";25567;4
"25568";25568;4
"25569";25569;4
"25570";25570;4
"25571";25571;4
"25572";25572;2
"25573";25573;4
"25574";25574;4
"25575";25575;4
"25576";25576;4
"25577";25577;4
"25578";25578;4
"25579";25579;4
"25580";25580;4
"25581";25581;4
"25582";25582;4
"25583";25583;4
"25584";25584;4
"25585";25585;4
"25586";25586;2
"25587";25587;4
"25588";25588;4
"25589";25589;2
"25590";25590;4
"25591";25591;4
"25592";25592;4
"25593";25593;4
"25594";25594;4
"25595";25595;4
"25596";25596;4
"25597";25597;4
"25598";25598;4
"25599";25599;4
"25600";25600;4
"25601";25601;4
"25602";25602;4
"25603";25603;4
"25604";25604;4
"25605";25605;4
"25606";25606;4
"25607";25607;4
"25608";25608;4
"25609";25609;4
"25610";25610;4
"25611";25611;4
"25612";25612;4
"25613";25613;4
"25614";25614;4
"25615";25615;4
"25616";25616;4
"25617";25617;4
"25618";25618;4
"25619";25619;4
"25620";25620;4
"25621";25621;4
"25622";25622;4
"25623";25623;4
"25624";25624;0
"25625";25625;4
"25626";25626;4
"25627";25627;4
"25628";25628;4
"25629";25629;4
"25630";25630;4
"25631";25631;4
"25632";25632;4
"25633";25633;4
"25634";25634;4
"25635";25635;4
"25636";25636;4
"25637";25637;4
"25638";25638;4
"25639";25639;4
"25640";25640;4
"25641";25641;4
"25642";25642;4
"25643";25643;4
"25644";25644;4
"25645";25645;3
"25646";25646;2
"25647";25647;4
"25648";25648;4
"25649";25649;4
"25650";25650;4
"25651";25651;4
"25652";25652;4
"25653";25653;1
"25654";25654;4
"25655";25655;4
"25656";25656;4
"25657";25657;4
"25658";25658;4
"25659";25659;4
"25660";25660;4
"25661";25661;4
"25662";25662;4
"25663";25663;4
"25664";25664;4
"25665";25665;4
"25666";25666;4
"25667";25667;4
"25668";25668;4
"25669";25669;4
"25670";25670;4
"25671";25671;4
"25672";25672;4
"25673";25673;4
"25674";25674;4
"25675";25675;4
"25676";25676;4
"25677";25677;4
"25678";25678;4
"25679";25679;4
"25680";25680;4
"25681";25681;4
"25682";25682;4
"25683";25683;4
"25684";25684;4
"25685";25685;4
"25686";25686;4
"25687";25687;4
"25688";25688;4
"25689";25689;4
"25690";25690;4
"25691";25691;2
"25692";25692;4
"25693";25693;4
"25694";25694;4
"25695";25695;4
"25696";25696;2
"25697";25697;4
"25698";25698;4
"25699";25699;4
"25700";25700;4
"25701";25701;4
"25702";25702;4
"25703";25703;4
"25704";25704;4
"25705";25705;4
"25706";25706;4
"25707";25707;4
"25708";25708;4
"25709";25709;4
"25710";25710;4
"25711";25711;4
"25712";25712;4
"25713";25713;4
"25714";25714;4
"25715";25715;4
"25716";25716;4
"25717";25717;4
"25718";25718;4
"25719";25719;0
"25720";25720;4
"25721";25721;4
"25722";25722;4
"25723";25723;4
"25724";25724;4
"25725";25725;4
"25726";25726;4
"25727";25727;4
"25728";25728;4
"25729";25729;4
"25730";25730;4
"25731";25731;4
"25732";25732;4
"25733";25733;2
"25734";25734;4
"25735";25735;4
"25736";25736;4
"25737";25737;4
"25738";25738;4
"25739";25739;4
"25740";25740;4
"25741";25741;2
"25742";25742;4
"25743";25743;4
"25744";25744;4
"25745";25745;4
"25746";25746;2
"25747";25747;4
"25748";25748;4
"25749";25749;4
"25750";25750;4
"25751";25751;4
"25752";25752;4
"25753";25753;4
"25754";25754;4
"25755";25755;4
"25756";25756;2
"25757";25757;4
"25758";25758;2
"25759";25759;2
"25760";25760;2
"25761";25761;4
"25762";25762;4
"25763";25763;4
"25764";25764;4
"25765";25765;4
"25766";25766;4
"25767";25767;4
"25768";25768;4
"25769";25769;4
"25770";25770;4
"25771";25771;4
"25772";25772;4
"25773";25773;4
"25774";25774;4
"25775";25775;4
"25776";25776;4
"25777";25777;4
"25778";25778;2
"25779";25779;4
"25780";25780;4
"25781";25781;4
"25782";25782;4
"25783";25783;4
"25784";25784;4
"25785";25785;4
"25786";25786;4
"25787";25787;4
"25788";25788;4
"25789";25789;4
"25790";25790;4
"25791";25791;4
"25792";25792;0
"25793";25793;4
"25794";25794;4
"25795";25795;4
"25796";25796;4
"25797";25797;4
"25798";25798;4
"25799";25799;4
"25800";25800;4
"25801";25801;4
"25802";25802;4
"25803";25803;4
"25804";25804;4
"25805";25805;4
"25806";25806;4
"25807";25807;4
"25808";25808;4
"25809";25809;4
"25810";25810;4
"25811";25811;4
"25812";25812;4
"25813";25813;4
"25814";25814;4
"25815";25815;4
"25816";25816;4
"25817";25817;4
"25818";25818;4
"25819";25819;4
"25820";25820;4
"25821";25821;4
"25822";25822;4
"25823";25823;4
"25824";25824;4
"25825";25825;4
"25826";25826;4
"25827";25827;4
"25828";25828;4
"25829";25829;0
"25830";25830;0
"25831";25831;4
"25832";25832;4
"25833";25833;4
"25834";25834;4
"25835";25835;0
"25836";25836;4
"25837";25837;0
"25838";25838;4
"25839";25839;4
"25840";25840;0
"25841";25841;4
"25842";25842;4
"25843";25843;4
"25844";25844;4
"25845";25845;4
"25846";25846;4
"25847";25847;4
"25848";25848;4
"25849";25849;4
"25850";25850;4
"25851";25851;4
"25852";25852;4
"25853";25853;4
"25854";25854;2
"25855";25855;4
"25856";25856;2
"25857";25857;4
"25858";25858;4
"25859";25859;4
"25860";25860;4
"25861";25861;3
"25862";25862;3
"25863";25863;1
"25864";25864;1
"25865";25865;1
"25866";25866;1
"25867";25867;3
"25868";25868;1
"25869";25869;1
"25870";25870;1
"25871";25871;1
"25872";25872;3
"25873";25873;3
"25874";25874;1
"25875";25875;1
"25876";25876;4
"25877";25877;3
"25878";25878;3
"25879";25879;3
"25880";25880;3
"25881";25881;3
"25882";25882;3
"25883";25883;4
"25884";25884;4
"25885";25885;3
"25886";25886;3
"25887";25887;0
"25888";25888;4
"25889";25889;3
"25890";25890;3
"25891";25891;4
"25892";25892;3
"25893";25893;4
"25894";25894;3
"25895";25895;0
"25896";25896;0
"25897";25897;3
"25898";25898;1
"25899";25899;4
"25900";25900;3
"25901";25901;3
"25902";25902;4
"25903";25903;4
