ruanê;1;nr
tosimetria;1;nr
impachma;1;nr
toófoli;1;nr
tofol;1;nr
tofali;1;nr
consor;1;nr
pavimentador;1;nr
bateta;1;nr
panaca;1;nr
articulamos;1;nr
escombrar;1;ver
abraçado;1;adj
tuseleira;1;nr
pingsulos;1;nr
depedrar;1;nr
combatom;1;nr
importação;1;nom
kristner;1;nr
gaz;1;nr
canhoto;1;nom
pió;1;nr
adade;1;nr
desbalanceando;1;nr
punungjante;1;nr
expo;1;nom
osaka;1;nom
funeral;1;nom
102;1;num
prerrogativo;1;nr
cartier;1;nr
dad;1;nr
elon;1;nom
mark;1;nr
zuckerberg;1;nr
solar;1;adj
niccolas;1;nr
benéces;1;nr
chancelar;1;ver
invalidez;1;nom
operacionalizou;1;nr
edos;1;nr
sanidade;1;nom
complacente;1;adj
chancela;1;nom
constatação;1;nom
doentio;1;adj
inclu;1;nr
cute;1;nr
frustrem;1;nr
juanê;1;nr
mariellearam;1;nr
esmagamento;1;nom
arrombado;1;adj
algós;1;nr
subterfúgio;1;nom
cân;1;nr
parlar;1;ver
ferendo;1;nr
socialdemocrata;1;nr
terar;1;nr
queistia;1;nr
honorable;1;nr
pittinger;1;nr
ambassadors;1;nr
delegating;1;nr
chiefs;1;nr
marriott;1;nr
coming;1;nr
raised;1;nr
favlla;1;nr
saw;1;nr
destroys;1;nr
filter;1;nr
mapped;1;nr
locally;1;nr
regionally;1;nr
transnationally;1;nr
activity;1;nr
hide;1;nr
openly;1;nr
impose;1;nr
rules;1;nr
alarming;1;nr
entitled;1;nr
governance;1;nr
roughly;1;nr
authoritarian;1;nr
enters;1;nr
consequences;1;nr
tragic;1;nr
notorious;1;nr
misconduct;1;nr
eliminate;1;nr
rivals;1;nr
repress;1;nr
oppose;1;nr
report;1;nr
sections;1;nr
frequently;1;nr
messaging;1;nr
groups;1;nr
warning;1;nr
community;1;nr
newest;1;nr
method;1;nr
involves;1;nr
corpse;1;nr
disposal;1;nr
using;1;nr
consequence;1;nr
warlike;1;nr
atmosphere;1;nr
caused;1;nr
institute;1;nr
grew;1;nr
struck;1;nr
compared;1;nr
period;1;nr
previous;1;nr
died;1;nr
fixing;1;nr
peace;1;nr
useless;1;nr
healthcare;1;nr
straight;1;nr
bullet;1;nr
gets;1;nr
increase;1;nr
policy;1;nr
coffins;1;nr
drapped;1;nr
flag;1;nr
committed;1;nr
psychological;1;nr
abandonment;1;nr
treated;1;nr
enforcing;1;nr
statistics;1;nr
lost;1;nr
territory;1;nr
perspectivar;1;ver
strip;1;nr
869;1;num
conflict;1;nr
invasion;1;nr
missiles;1;nr
tanks;1;nr
terrifying;1;nr
charging;1;nr
fees;1;nr
allow;1;nr
store;1;nr
reports;1;nr
vendors;1;nr
executed;1;nr
paying;1;nr
telecommunications;1;nr
transportation;1;nr
food;1;nr
water;1;nr
price;1;nr
cooking;1;nr
scandal;1;nr
tolerates;1;nr
founds;1;nr
expel;1;nr
leaving;1;nr
homeless;1;nr
rent;1;nr
properties;1;nr
finance;1;nr
sierra;1;nr
expelled;1;nr
neighborhoods;1;nr
exploions;1;nr
secretarity;1;nr
severity;1;nr
powerful;1;nr
1993;1;num
alleged;1;nr
broadhood;1;nr
transnational;1;nr
organization;1;nr
confirming;1;nr
presence;1;nr
paraguay;1;nr
bolivia;1;nr
colombia;1;nr
riis;1;nr
hierarchical;1;nr
structure;1;nr
codes;1;nr
tribals;1;nr
infiltrate;1;nr
stations;1;nr
essentially;1;nr
cartel;1;nom
logistics;1;nr
branches;1;nr
authority;1;nr
jose;1;nom
mashado;1;nr
march;1;nr
salo;1;nr
prosecutors;1;nr
placed;1;nr
famous;1;nr
historic;1;nr
robbery;1;nr
dug;1;nr
tunnel;1;nr
meters;1;nr
vout;1;nr
stole;1;nr
orchestrated;1;nr
coordinating;1;nr
ordered;1;nr
bus;1;art_def
burnings;1;nr
station;1;nr
paralyzed;1;nr
securityities;1;nr
curfew;1;nr
coincidence;1;nr
safety;1;nr
wing;1;nr
parties;1;nr
revolutionary;1;nr
movements;1;nr
aspar;1;ver
soviet;1;nr
union;1;nr
replacing;1;nr
socialism;1;nr
weapon;1;nr
essence;1;nr
dialogical;1;nr
infration;1;nr
tolerance;1;nr
toward;1;nr
guerrillas;1;nr
institutional;1;nr
delquence;1;nr
helped;1;nr
forums;1;nr
penetrate;1;nr
elections;1;nr
eventually;1;nr
surprise;1;nr
provisional;1;adj
inmates;1;nr
round;1;nom
victory;1;nr
videos;1;nr
emerged;1;nr
celebrating;1;nr
exactly;1;nr
defends;1;nr
narrative;1;nr
victimhood;1;nr
demonization;1;nr
proposed;1;nr
classifying;1;nr
opposes;1;nr
adopted;1;nr
classification;1;nr
terrorism;1;nr
crulest;1;nr
janei;1;nr
mourned;1;nr
offered;1;nr
condolences;1;nr
quick;1;nr
mourn;1;nr
crying;1;nr
devil;1;nr
opposite;1;nr
problem;1;nr
far;1;nr
scandals;1;nr
west;1;nr
looted;1;nr
brass;1;nr
diverted;1;nr
financed;1;nr
support;1;nr
scheme;1;nr
uncovered;1;nr
hemisphere;1;nr
happened;1;nr
afterward;1;nr
convicted;1;nr
trials;1;nr
unneeded;1;nr
group;1;nr
remains;1;nr
impunity;1;nr
executive;1;nr
falls;1;nr
weakened;1;nr
enforcement;1;nr
insists;1;nr
humanization;1;nr
conduct;1;nr
custody;1;nr
introduced;1;nr
august;1;nom
arrested;1;nr
flagrant;1;nr
initial;1;nr
cocked;1;nr
freely;1;nr
trafficker;1;nr
andre;1;nr
doppy;1;nr
door;1;nr
prohibited;1;nr
helicopters;1;nr
entry;1;nr
favllas;1;nr
legitimate;1;nr
curiously;1;nr
remembered;1;nr
checks;1;nr
reveal;1;nr
decisions;1;nr
violate;1;nr
constitutions;1;nr
summon;1;nr
explanation;1;nr
impossible;1;nr
extremar;1;ver
lefty;1;nr
severe;1;nr
restrictions;1;nr
operations;1;nr
communities;1;nr
basically;1;nr
prevented;1;nr
combating;1;nr
unless;1;nr
obtain;1;nr
extremely;1;nr
bureaucratic;1;nr
presented;1;nr
unprotected;1;nr
drastically;1;nr
limiting;1;nr
prohibiting;1;nr
demanding;1;nr
exceptional;1;nr
justification;1;nr
bureaucratizing;1;nr
perfect;1;nr
environment;1;nr
restrain;1;nr
expand;1;nr
orders;1;nr
vacuum;1;nr
arsenals;1;nr
drug;1;nr
basis;1;nr
unelected;1;nr
interpretate;1;nr
investigations;1;nr
buried;1;nr
spoken;1;nr
alleandra;1;nr
maybe;1;nr
kind;1;nr
rubs;1;nr
restore;1;nr
attacking;1;nr
rebuilding;1;nr
constitutional;1;nr
harmony;1;nr
limits;1;nr
reveals;1;nr
transparency;1;nr
healthy;1;nr
divided;1;nr
supervised;1;nr
becomes;1;nr
leadership;1;nr
streets;1;nr
structures;1;nr
courts;1;nr
laws;1;nr
obeys;1;nr
mute;1;nr
untouchable;1;nr
govern;1;nr
afraid;1;nr
returns;1;nr
applies;1;nr
includes;1;nr
interpretated;1;nr
refreshing;1;nr
insights;1;nr
resonated;1;nr
paginazinhas;1;nr
gasos;1;nr
bujrão;1;nr
vagapo;1;nr
burocratizar;1;ver
balear;1;ver
chark;1;nr
charl;1;nr
kk;1;nr
repugnante;1;adj
conservadoros;1;nr
mundialmente;1;adv
doutrinadas;1;nr
infantilizar;1;ver
negá;1;nr
1942;1;num
desumanizaram;1;nr
animalização;1;nom
massivo;1;adj
miguel;1;nom
uribe;1;nr
estirpada;1;nr
macabro;1;adj
indiferença;1;nom
minimizar;1;ver
desumanizado;1;nr
equivaler;1;ver
lúcido;1;adj
demolir;1;ver
sofisma;1;nom
wilberce;1;nr
dietrice;1;nr
bonhoffer;1;nr
falsidade;1;nom
amaciam;1;nr
columbrir;1;nr
colú;1;nr
canálias;1;nr
sugera;1;nr
pensante;1;adj
mordomia;1;nom
querce;1;nr
1680;1;num
vittu;1;nr
desinformar;1;ver
guilhotina;1;nom
deputade;1;nr
empreteiras;1;nr
palque;1;nr
shope;1;nr
torrar;1;ver
677;1;num
receptivo;1;adj
resiliente;1;nr
queores;1;nr
teato;1;nr
pastel;1;nom
dinos;1;nr
nexia;1;nr
revolucionaremos;1;nr
jastismos;1;nr
achismos;1;nr
aribe;1;nr
nóa;1;nr
depação;1;nr
esquizofrênico;1;adj
iraci;1;nr
inércia;1;nom
cagaram;1;nr
gedel;1;nr
combidades;1;nr
158;1;num
dond;1;nr
insensibilidade;1;nom
punitivo;1;adj
isonômica;1;nr
magnich;1;nr
materialista;1;adj
depração;1;nr
postri;1;nr
clevão;1;nr
energizamos;1;nr
poos;1;nr
artesiano;1;adj
r0;1;nr
noroeste;1;nom
paracatu;1;nom
unait;1;nr
mgc;1;nr
251;1;num
jequti;1;nr
mg12;1;nr
mg383;1;nr
tuiutaba;1;nr
iturama;1;nr
espectar;1;ver
pequi;1;nom
conservação;1;nom
coautor;1;nr
454;1;num
3028;1;num
3652;1;num
1123;1;num
judô;1;nom
neuromonitoramento;1;nr
teóflotone;1;nr
arrasar;1;ver
kailan;1;nr
susana;1;nom
ristofen;1;nr
beiramar;1;nr
depederaram;1;nr
disrespeita;1;nr
canálha;1;nr
baio;1;adj
amedrontado;1;adj
spt;1;nr
autopromover;1;nr
frito;1;adj
realinhamento;1;nom
papacuda;1;nr
soluso;1;nr
baterinha;1;nr
saga;1;nom
puxador;1;nom
eventualidade;1;nom
timão;1;nom
benécias;1;nr
precipitado;1;adj
foiado;1;nr
numan;1;nr
empreg;1;nr
5x2;1;nr
flexibilidade;1;nom
ingessa;1;nr
proa;1;nom
7x0;1;nr
paraguai;1;nom
taiayá;1;nr
acontecero;1;nr
columbut;1;nr
sanhamento;1;nr
cbmi;1;nr
bocaro;1;nr
tofar;1;nr
mântega;1;nr
columbúmbras;1;nr
bomaster;1;nr
tofoles;1;nr
vcaro;1;nr
atibai;1;nr
triplex;1;nr
mensageiro;1;nom
reacender;1;ver
impitmado;1;nr
adestrador;1;nr
alcolumbre;1;nr
columbar;1;nr
respingar;1;ver
distorsões;1;nr
aiar;1;ver
columbi;1;nr
putaram;1;nr
coação;1;nom
incomunicável;1;adj
maisade;1;nr
parabelo;1;nr
magnía;1;nr
columba;1;nr
recorrar;1;nr
certiado;1;nr
anonimato;1;nom
capures;1;nr
dialeto;1;nom
futon;1;nr
shin;1;nr
exterminá;1;nr
rosalinda;1;nr
comodismo;1;nom
acd;1;nr
rossos;1;nr
biaquis;1;nr
efens;1;nr
2278;1;num
fctex;1;nr
1571;1;num
juridic;1;nr
deutant;1;nr
maquiador;1;nom
branca;1;nom
cassado;1;adj
dávila;1;nr
larápio;1;nom
favorito;1;adj
aclas;1;nr
dpf635;1;nr
tatu;1;nom
braganeto;1;nr
drone;1;nr
evaí;1;nr
éber;1;nr
cleiton;1;nr
serafim;1;nom
esquerdoso;1;nr
osman;1;nom
extraditar;1;ver
soltá;1;nr
nomeá;1;nr
defia;1;nr
blindá;1;nr
supremacement;1;nr
sistolia;1;nr
cistolia;1;nr
honorário;1;adj
incompatibilidade;1;nom
repleto;1;adj
anich;1;nr
xincar;1;nr
transer;1;nr
pculino;1;nr
prisional;1;adj
alterofista;1;nr
tangênero;1;nr
ciclismo;1;nom
lana;1;nr
mma;1;nr
bolt;1;nr
quera;1;nr
lebron;1;nr
stepin;1;nr
curry;1;nr
inverso;1;adj
fluío;1;nr
fóbico;1;nr
ovário;1;nom
amamentetou;1;nr
menopausa;1;nom
urologista;1;nom
nícas;1;nr
triciclo;1;nom
descaracterizar;1;ver
gêno;1;nr
errica;1;nr
estupadores;1;nr
esturupadores;1;nr
amentação;1;nr
tjo;1;nr
repulsa;1;nom
distinto;1;adj
francóbicos;1;nr
infracional;1;nr
estupam;1;nr
bitá;1;nr
oto;1;nom
moridade;1;nr
impuno;1;nr
alibe;1;nr
coaçada;1;nr
difamar;1;ver
camira;1;nr
senr;1;nr
jul;1;nr
calmamente;1;adv
apaziguador;1;adj
cocodilo;1;nr
comoo;1;nr
desenvetar;1;nr
goçar;1;nr
desbalanceado;1;adj
ecores;1;nr
anchia;1;nr
galego;1;adj
uiton;1;nr
roseleiro;1;nr
tonoseleira;1;nr
tonozeleira;1;nr
pente;1;nom
seje;1;nr
cleão;1;nr
diretorgeral;1;nr
próaborto;1;nr
pescisgas;1;nr
juizinho;1;nr
metigela;1;nr
balte;1;nr
columbrire;1;nr
colubre;1;nr
sócenes;1;nr
sóceres;1;nr
fajanja;1;nr
robson;1;nom
mentirosamente;1;nr
instantâneo;1;adj
fintec;1;nr
raimundo;1;nom
manicur;1;nr
pedicur;1;nr
desmantelar;1;ver
gaeco;1;nr
salafrário;1;nom
sobilo;1;nr
quissá;1;nr
banquei;1;nr
valério;1;nom
jeans;1;adj
insidioso;1;adj
ilustrado;1;adj
rumb;1;nr
desumano;1;adj
alemmin;1;nr
tavrfas;1;nr
aquetada;1;nr
fuck;1;nr
aumentá;1;nr
exportação;1;nom
folho;1;nom
cosita;1;nr
marbela;1;nr
ges;1;nr
lacartazinho;1;nr
câela;1;nr
harris;1;nom
calarse;1;nr
passimônia;1;nr
descontentamento;1;nom
descontent;1;nr
oportunização;1;nr
prossódi;1;nr
coruripe;1;nom
autoinvestimento;1;nr
proeficiência;1;nr
estagnar;1;ver
eric;1;nom
stanfords;1;nr
brooks;1;nr
r32;1;nr
cartório;1;nom
quitação;1;nom
quedistas;1;nr
xinjimpim;1;nr
insignificante;1;adj
sabatina;1;nom
convenceou;1;nr
706;1;num
299;1;num
conaf;1;nr
deflagrar;1;ver
lupe;1;nr
lesado;1;adj
ressacido;1;nr
hrad;1;nr
pur;1;nr
assinra;1;nr
mp871;1;nr
cmp;1;nr
revalidação;1;nom
máfé;1;nr
gendira;1;nr
ressarci;1;nr
ressacidas;1;nr
minidade;1;nr
ranê;1;nr
brigaem;1;nr
ressarciar;1;nr
apressado;1;adj
glazer;1;nr
comunistinha;1;nr
honraria;1;nom
atileira;1;nr
fpo;1;nr
xgpin;1;nr
isanimin;1;nr
ônibostos;1;nr
oea;1;nr
neutralizado;1;adj
luía;1;nr
encarregar;1;ver
tamarati;1;nr
gz;1;nr
algesira;1;nr
extraterritorial;1;adj
denunciávamos;1;nr
judicializam;1;nr
li;1;nom
caou;1;nr
bicudo;1;adj
desavença;1;nom
quaquá;1;nr
caado;1;nr
nicolaus;1;nr
naci;1;nr
costumão;1;nr
batis;1;nr
teri;1;nr
resilientes;1;nr
exaltavara;1;nr
fel;1;nom
factoides;1;nr
plitariado;1;nr
esqueira;1;nr
bisgado;1;nr
desfavorecer;1;ver
averigar;1;nr
gber;1;nr
guber;1;nr
vigar;1;ver
aimentar;1;nr
autodeclarou;1;nr
sidônio;1;nr
invejinha;1;nr
contracheque;1;nom
871;1;num
stefanuto;1;nr
auditoria;1;nom
cp;1;nr
prejuío;1;nr
extrato;1;nom
comprinha;1;nr
gilo;1;nr
sonegador;1;nom
mei;1;nr
faturar;1;ver
6000;1;num
pxs;1;nr
modernização;1;nom
comeros;1;nr
narigudo;1;adj
autodadas;1;nr
reservará;1;nr
éteros;1;nr
daltônico;1;adj
protocolhei;1;nr
identitárias;1;nr
gilson;1;nom
corr;1;nr
sedentário;1;adj
cebos;1;nr
cpia;1;nr
prco;1;nr
deteriorar;1;ver
aplaudido;1;adj
filson;1;nr
narcoestado;1;nr
fotográfico;1;adj
entrevistinha;1;nr
sapucaí;1;nom
achefóbico;1;nr
achfóbico;1;nr
presar;1;ver
anseando;1;nr
camões;1;nom
sorveteiro;1;nom
elencadas;1;nr
quear;1;nr
naenda;1;nr
deton;1;nr
indivual;1;nr
julas;1;nr
zamber;1;nr
taba;1;nom
ranias;1;nr
polon;1;nr
corrúpto;1;nr
aposento;1;nom
narcoterrorista;1;nr
stedley;1;nr
federalista;1;adj
retrospecto;1;nom
vargem;1;nom
estupar;1;nr
lavrar;1;ver
salubridade;1;nom
noturno;1;adj
endurecimento;1;nom
impunabilidade;1;nr
trégua;1;nom
buqueliz;1;nr
evening;1;nr
giants;1;nr
battle;1;nr
different;1;nr
livia;1;nr
wife;1;nr
share;1;nr
journey;1;nr
view;1;nr
husband;1;nr
responsibilities;1;nr
taught;1;nr
exential;1;nr
transformation;1;nr
deepest;1;nr
bounds;1;nr
formed;1;nr
fewest;1;nr
corar;1;ver
compassion;1;nr
cultivated;1;nr
profound;1;nr
integrity;1;nr
fabric;1;nr
genuine;1;nr
lasting;1;nr
desire;1;nr
exalted;1;nr
pilot;1;nr
tool;1;nr
manipulation;1;nr
arbitrariness;1;nr
strayed;1;nr
roots;1;nr
respects;1;nr
ideals;1;nr
french;1;nr
horrors;1;nr
tot;1;nr
noblest;1;nr
intentions;1;nr
corrupted;1;nr
disconnected;1;nr
revolutionaries;1;nr
dreamed;1;nr
absolute;1;nr
equality;1;nr
efforts;1;nr
culminated;1;nr
ation;1;nr
oppression;1;nr
similarly;1;nr
communist;1;nr
positivist;1;nr
instrument;1;nr
ignoring;1;nr
intersection;1;nr
theorization;1;nr
lack;1;nr
distant;1;nr
requires;1;nr
weakness;1;nr
cultivate;1;nr
virtues;1;nr
everyday;1;nr
extraordinary;1;nr
gestures;1;nr
sacrifice;1;nr
build;1;nr
individuals;1;nr
nucleus;1;nr
thus;1;nr
regenerated;1;nr
detachment;1;nr
produces;1;nr
mediocre;1;nr
incapable;1;nr
dealing;1;nr
seek;1;nr
titles;1;nr
forgetting;1;nr
excellence;1;nr
serving;1;nr
cultivating;1;nr
wisdom;1;nr
mediocrity;1;nr
broken;1;nr
progress;1;nr
found;1;nr
recognition;1;nr
common;1;nr
individually;1;nr
socially;1;nr
strive;1;nr
christ;1;nr
distinguish;1;nr
injust;1;nr
honest;1;nr
abandoning;1;nr
complacency;1;nr
stopping;1;nr
reference;1;nr
affirm;1;nr
refugee;1;nr
illegal;1;nr
persecution;1;nr
standing;1;nr
fully;1;nr
convinced;1;nr
passing;1;nr
perseverance;1;nr
feminism;1;nr
teaching;1;nr
virtuous;1;nr
gender;1;nr
direction;1;nr
create;1;nr
signal;1;nr
leave;1;nr
childrens;1;nr
hours;1;nr
hands;1;nr
protected;1;nr
conservative;1;nr
empty;1;nr
sells;1;nr
success;1;nr
slave;1;nr
desires;1;nr
doing;1;nr
makes;1;nr
rather;1;nr
sacrificing;1;nr
keep;1;nr
resist;1;nr
mission;1;nr
character;1;nr
forged;1;nr
building;1;nr
construction;1;nr
enemy;1;nr
outside;1;nr
viices;1;nr
gravity;1;nr
intensity;1;nr
deserves;1;nr
prevail;1;nr
cuscuz;1;nom
fritem;1;nr
inci;1;nr
cani;1;nr
planetino;1;nr
fonta;1;nr
miss;1;nom
democr;1;nr
gá;1;nr
compromissado;1;nr
salv;1;nr
otoni;1;nom
marilo;1;nr
eletricidade;1;nom
íos;1;nr
palavrado;1;nr
esquivar;1;ver
sna;1;nr
dieo;1;nr
genz;1;nr
especificação;1;nom
tripartite;1;adj
bipartites;1;nr
pactu;1;nr
vinculante;1;nr
fundamentado;1;adj
contorno;1;nom
regionalização;1;nom
municipalização;1;nom
andreana;1;nr
cac;1;nr
cqui;1;nr
platitude;1;nr
generalidade;1;nom
debonis;1;nr
5102;1;num
cristeta;1;nr
42202;1;num
soneto;1;nom
audi;1;nom
utfsm;1;nr
mant;1;nr
toneta;1;nr
utfpr;1;nr
engenheiria;1;nr
ópice;1;nr
oportunizar;1;nr
notadamente;1;adv
especifidade;1;nr
comun;1;nr
acadmica;1;nr
uneto;1;nr
veneri;1;nr
ifrj;1;nr
zs;1;nr
zfs;1;nr
wif;1;nr
patr;1;nr
patras;1;nr
responsabilidad;1;nr
torná;1;nr
patania;1;nr
patrcio;1;nr
cft;1;nr
contento;1;nom
aneto;1;nr
patrul;1;nr
enf;1;nr
néos;1;nr
abundar;1;ver
bir;1;nr
cífica;1;nr
lucine;1;nr
autocuidado;1;nr
maral;1;nr
desestruturado;1;nr
eivado;1;adj
incestuoso;1;adj
ultrapassado;1;adj
especialização;1;nom
maror;1;nr
aperfeiçoamos;1;nr
desproteger;1;ver
plantão;1;nom
emo;1;nr
colonizar;1;ver
idealização;1;nom
salvaguarda;1;nom
consensual;1;adj
aficcionado;1;nr
compartir;1;ver
compartio;1;nr
violentar;1;ver
desumanizantes;1;nr
mordaça;1;nom
barca;1;nom
socia;1;nr
cedade;1;nr
avan;1;nr
vcio;1;nr
blindarmos;1;nr
oess;1;nr
reboque;1;nom
blindem;1;nr
pornogra;1;nr
facultativo;1;adj
brin;1;nr
enalteço;1;nr
firmemente;1;adv
crito;1;nr
protetivo;1;nr
estimulos;1;nr
generalização;1;nom
travestido;1;nr
sacralidade;1;nr
projet;1;nr
ener;1;nr
391;1;num
autenticador;1;nr
redistribuir;1;ver
esculpir;1;ver
alçar;1;ver
salutar;1;adj
itria;1;nr
reformulação;1;nom
desigualmente;1;adv
juz;1;nr
atenuação;1;nom
harmonicamente;1;adv
operalização;1;nr
aniso;1;nr
censitário;1;adj
idf;1;nr
fono;1;nr
taiso;1;nr
diane;1;nr
ravit;1;nr
fralde;1;nr
atenuar;1;ver
atestado;1;adj
quimioterapia;1;nom
adoentado;1;adj
queram;1;nr
subjacente;1;adj
nacionalmente;1;adv
remuneração;1;nom
déb;1;nr
sobrau;1;nr
sobal;1;nr
ranquear;1;nr
daid;1;nr
tarcisio;1;nom
parab;1;nr
conduir;1;nr
zambel;1;nr
lí;1;nr
ldes;1;nr
vener;1;nr
fajado;1;nr
100000;1;num
fraudde;1;nr
sociis;1;nr
econmicas;1;nr
coletivamente;1;adv
carala;1;nr
coberto;1;adj
empobrecido;1;adj
revisitar;1;ver
rememorar;1;ver
dae;1;nr
entend;1;nr
premer;1;ver
euor;1;nr
ranqueadas;1;nr
hoos;1;nr
ão;1;nr
esci;1;nr
rankeadas;1;nr
bonificação;1;nom
316;1;num
medição;1;nom
receb;1;nr
dacol;1;nr
debio;1;nr
quinc;1;nr
tagir;1;nr
quadruplicar;1;ver
corporativista;1;adj
desentender;1;ver
deessa;1;nr
ranqueamento;1;nr
precípuo;1;adj
qatar;1;nr
botafoguense;1;adj
gabri;1;nr
avanç;1;nr
licen;1;nr
demis;1;nr
boom;1;nom
estruturante;1;adj
aperfeiçoado;1;adj
noman;1;nr
hospitalizar;1;ver
gam;1;nr
marães;1;nr
topariam;1;nr
parer;1;nr
muitoa;1;nr
daa;1;nr
disenso;1;nr
consens;1;nr
elir;1;nr
reo;1;nr
términ;1;nr
definidamente;1;nr
reimo;1;nr
ptar;1;nr
10583;1;num
fazend;1;nr
pasmar;1;ver
suender;1;nr
suspend;1;nr
delol;1;nr
gilvana;1;nr
carl;1;nom
diendo;1;nr
carabal;1;nr
fata;1;nr
estf;1;nr
xir;1;nr
aas;1;nr
arreio;1;nom
desacatar;1;ver
topetudo;1;adj
peitar;1;ver
muuito;1;nr
esnobando;1;nr
recoi;1;nr
gon;1;nr
talz;1;nr
gudan;1;nr
estilingue;1;nom
grilo;1;nom
resmungar;1;ver
pz;1;nr
acoragem;1;nr
alcanar;1;nr
federala;1;nr
miolo;1;nom
continental;1;adj
repactuação;1;nr
áa;1;nr
atla;1;nr
podesse;1;nr
proveitoso;1;adj
atricon;1;nr
umbilical;1;adj
bmp;1;nr
tc;1;nr
nutriente;1;adj
colaborativamente;1;nr
regularidade;1;nom
licitatórios;1;nr
ararira;1;nr
epidérmico;1;adj
dormitório;1;nom
idem;1;art_def
lateralmente;1;adv
biis;1;nr
relacion;1;nr
microdados;1;nr
oxalá;1;nom
lgpd;1;nr
trica;1;nom
dialógico;1;adj
construtivo;1;adj
badalo;1;nom
anismos;1;nr
p45;1;nr
equalização;1;nom
fragilizar;1;ver
asos;1;nr
panelistas;1;nr
salma;1;nr
apresent;1;nr
painelistas;1;nr
figal;1;nr
exet;1;nr
albim;1;nr
pnad;1;nr
brinquedo;1;nom
resumido;1;adj
iis;1;nr
graduado;1;adj
pna;1;nr
cré;1;nr
aferir;1;ver
constru;1;nr
deos;1;nr
descritivo;1;adj
carar;1;nr
subetapas;1;nr
soutto;1;nr
gal;1;nr
empregabilidade;1;nom
intergen;1;nr
betização;1;nr
disléxico;1;adj
probabilidade;1;nom
patinar;1;ver
infati;1;nr
priorizada;1;nr
salientar;1;ver
reading;1;nr
penel;1;nr
estimulação;1;nom
decodificar;1;nr
prosódia;1;nom
dicção;1;nom
aender;1;nr
iaa;1;nr
pervs;1;nr
confundido;1;adj
afé;1;nr
testual;1;nr
requerido;1;adj
exigente;1;adj
inferência;1;nom
audacioso;1;adj
godói;1;nr
rabelo;1;nom
aferição;1;nom
rab;1;nr
p5;1;nr
pseud;1;nr
monossilábico;1;adj
fonêmico;1;adj
terezinha;1;nom
arc;1;nr
depurar;1;ver
fecundo;1;adj
calibrosos;1;nr
decenal;1;adj
2614;1;num
decênio;1;nom
pnx;1;nr
anuário;1;nom
pinag;1;nr
quetinho;1;nr
pade;1;nr
quins;1;nr
atingimento;1;nr
desdobrado;1;adj
252;1;num
crest;1;nr
1c;1;nr
queam;1;nr
especif;1;nr
5500;1;num
heterogeneidade;1;nom
racia;1;nr
monoparentalidade;1;nr
ofera;1;nr
quantificar;1;ver
monitoradas;1;nr
indic;1;nr
2b;1;nr
ambição;1;nom
execu;1;nr
abilidade;1;nr
opne;1;nr
albeto;1;nr
tempa;1;nr
onesco;1;nr
atil;1;nr
daação;1;nr
pretolina;1;nr
terzine;1;nr
alfabeti;1;nr
pcas;1;nr
milos;1;nr
tradicionalmente;1;adv
contação;1;nr
gartes;1;nr
guinha;1;nr
adular;1;ver
moness;1;nr
gart;1;nr
jardin;1;nr
pn;1;nr
fundantes;1;nr
irrecuperável;1;adj
perinatal;1;nr
previsibilidade;1;nom
emch;1;nr
bril;1;nr
parental;1;adj
aração;1;nom
mancheia;1;nr
sava;1;nr
sandeu;1;adj
beja;1;nr
comummente;1;adv
exacerbar;1;ver
estalar;1;ver
piolhar;1;ver
altísima;1;nr
araújo;1;nom
conversado;1;adj
poras;1;nr
aind;1;nr
metalinguagem;1;nom
rima;1;nom
pecularidades;1;nr
kindergarten;1;nr
psc;1;nr
descrença;1;nom
liquidar;1;ver
met;1;nr
longevidade;1;nom
carimbado;1;adj
niss;1;nr
crx;1;nr
cuidad;1;nr
sicília;1;nom
gou;1;nr
a3;1;nr
propedêutico;1;adj
analfabetização;1;nr
escrit;1;nr
86;1;num
jard;1;nr
aimor;1;nr
aunidade;1;nr
ppo;1;nr
ufrj;1;nr
descreo;1;nr
nutar;1;ver
conais;1;nr
ideol;1;nr
lg;1;nr
desconfiança;1;nom
warnes;1;nr
descumprimento;1;nom
invisibilizado;1;nr
peruano;1;adj
fartamente;1;adv
documentar;1;ver
tipicamente;1;adv
cma;1;nr
robotização;1;nom
despr;1;nr
pamos;1;nr
rápidamente;1;nr
confluência;1;nom
ortográfico;1;adj
laração;1;nr
milênio;1;nom
diversificar;1;ver
primarismo;1;nr
amadorismo;1;nom
alzar;1;nr
pns;1;nr
politécnico;1;adj
intersetoriais;1;nr
testezinho;1;nr
alfabetizarem;1;nr
letrado;1;adj
startar;1;nr
pitman;1;nr
moneda;1;nr
anim;1;nr
vorada;1;nr
bolson;1;nr
dilm;1;nr
zinhas;1;nr
auditar;1;nr
pesto;1;nr
2010;1;num
algori;1;nr
recontagem;1;nom
carry;1;nr
ohio;1;nom
hillary;1;nom
clinton;1;nom
sondar;1;ver
ixe;1;nr
valdo;1;nom
gri;1;nr
rep;1;nr
foragido;1;adj
presidenciável;1;adj
numericamente;1;adv
parks;1;nr
cabeleira;1;nom
cabeleeleira;1;nr
eliene;1;nr
balconista;1;nom
beltrão;1;nom
rastreamento;1;nom
diedel;1;nr
r1;1;nr
carmen;1;nr
anistou;1;nr
anichear;1;nr
venerar;1;ver
bados;1;nr
naia;1;nr
desmandar;1;ver
imp;1;nr
cruzeirense;1;adj
atleticano;1;adj
aspr;1;nr
semáforo;1;nom
mapeamos;1;nr
lentidão;1;nom
agendamentos;1;nr
abaixado;1;adj
pampulha;1;nom
fungada;1;nr
horizontinos;1;nr
poad;1;nr
ribanceira;1;nom
livian;1;nr
estrupos;1;nr
raten;1;nr
sg;1;nr
194;1;num
fuas;1;nr
milh;1;nr
lasca;1;nom
polir;1;ver
desonrar;1;ver
702;1;num
estup;1;nr
desonra;1;nom
emp;1;nr
amamentar;1;ver
buquer;1;nr
foguetório;1;nom
abismar;1;ver
progressão;1;nom
erdou;1;nr
suspensor;1;nr
impon;1;nr
próxim;1;nr
performou;1;nr
voad;1;nr
suspensório;1;nom
rachado;1;adj
enquando;1;nr
riachuelo;1;nom
cerar;1;ver
sed;1;nr
stoque;1;nr
oad;1;nr
secretariado;1;nom
taxade;1;nr
plim;1;nr
litoral;1;nom
abrido;1;nr
park;1;nr
cidadães;1;nr
poverty;1;nr
comate;1;nr
fesal;1;nr
poliglota;1;adj
mer;1;nr
chilique;1;nom
janj;1;nr
catão;1;nr
desjo;1;nr
acessores;1;nr
prisila;1;nr
calaf;1;nr
849;1;num
etnografia;1;nom
naturalidade;1;nom
marisa;1;nom
irresponsabilidade;1;nom
benê;1;nr
camacho;1;nom
irajá;1;nr
mara;1;nom
gabril;1;nr
margarete;1;nom
buzet;1;nr
petecão;1;nr
zenaide;1;nr
caç;1;nr
vpn;1;nr
gmar;1;nr
cleptocracia;1;nr
torga;1;nom
asseguraremos;1;nr
timar;1;nr
frid;1;nr
desfavorecido;1;adj
indesejado;1;adj
levi;1;nom
mear;1;ver
compad;1;nr
vocêé;1;nr
alexandro;1;nom
tono;1;nom
rachadinho;1;nr
teser;1;nr
batiste;1;nr
desfac;1;nr
punched;1;nr
punching;1;nr
beat;1;nr
hell;1;nr
wish;1;nr
tonight;1;nr
actor;1;nom
assassinated;1;nr
polite;1;nr
peaceful;1;nr
dese;1;nr
tantoo;1;nr
querozene;1;nr
peg;1;nr
golpear;1;ver
staged;1;nr
maide;1;nr
gogumelo;1;nr
venenoso;1;adj
gumelo;1;nr
inquerito;1;nr
malsetung;1;nr
esquea;1;nr
casaco;1;nom
iba;1;nr
intercional;1;nr
desclassificação;1;nom
arbitral;1;adj
argelino;1;adj
itauã;1;nr
dopor;1;nr
desclassificado;1;adj
couve;1;nom
joanes;1;nr
filipos;1;nr
obstet;1;nr
mé;1;nr
queensland;1;nr
grover;1;nr
aana;1;nr
mun;1;nr
telfer;1;nr
390;1;num
esquerra;1;nr
espermatozoide;1;nr
rightly;1;nr
statement;1;nr
spectrum;1;nr
knows;1;nr
desclassificam;1;nr
san;1;nr
fox;1;nr
estatisticamente;1;adv
deixaa;1;nr
emburrecidos;1;nr
instruído;1;adj
segor;1;nr
adoraremos;1;nr
danel;1;nr
assemblei;1;nr
filh;1;nr
custoso;1;adj
nickzinho;1;nr
bolinando;1;nr
abrangente;1;adj
mú;1;nr
cutelo;1;nom
desru;1;nr
ução;1;nr
levita;1;nom
profeticamente;1;adv
herm;1;nr
renunciarmos;1;nr
bíbia;1;nr
oel;1;nr
ih;1;ono
vinhedo;1;nom
corin;1;nr
gostão;1;nr
apresença;1;nr
catana;1;nom
tristez;1;nr
geraremos;1;nr
maranata;1;nr
vert;1;nr
tuo;1;nr
quia;1;nr
óf;1;nr
pranto;1;nom
apresentá;1;nr
punível;1;adj
passível;1;adj
pereci;1;nr
trager;1;ver
traje;1;nom
bíbl;1;nr
reium;1;nr
aguçar;1;ver
encabeçar;1;ver
acessam;1;nr
proclamação;1;nom
apo;1;adj
superává;1;nr
icms;1;nr
artificialmente;1;adv
bios;1;nr
depenaram;1;nr
superá;1;nr
estadista;1;nom
faler;1;nr
bigtechs;1;nr
elegantemente;1;adv
menum;1;nr
rado;1;nr
beles;1;nr
pequen;1;nr
belino;1;nr
bilsk;1;nr
caando;1;nr
licros;1;nr
belíci;1;nr
apequenando;1;nr
palhação;1;nr
bilí;1;nr
rauli;1;nr
bacanérrimo;1;nr
kriger;1;nr
espí;1;nr
ahã;1;nr
redundante;1;adj
encurtar;1;ver
iones;1;nr
neida;1;nr
apitar;1;ver
loteador;1;nom
exen;1;nr
sinedrio;1;nr
sgic;1;nr
iletrado;1;adj
evangelo;1;nr
seess;1;nr
lios;1;nr
frisado;1;adj
tir;1;nr
cavalho;1;nr
quint;1;nr
2032;1;num
arado;1;nom
pântano;1;nom
murchar;1;ver
jorn;1;nr
informalidade;1;nom
faç;1;nr
tiktokers;1;nr
lixou;1;nr
deação;1;nr
esquer;1;nr
glaube;1;nr
malades;1;nr
132;1;num
ptu;1;nr
ss;1;nr
encarecer;1;ver
exaustivo;1;adj
sobrevivo;1;adj
gradativamente;1;adv
desonerar;1;ver
751;1;num
nuançar;1;ver
leopoldo;1;nom
moret;1;nr
adol;1;nr
rwt;1;nr
catuaba;1;nom
akash;1;nr
portel;1;nr
comar;1;nr
bebar;1;nr
gustos;1;nr
importants;1;nr
espu;1;nr
dames;1;nr
nado;1;nom
falus;1;nr
enxaqueca;1;nom
exede;1;nr
firmado;1;adj
dams;1;nr
meas;1;nr
pos;1;nr
inauguração;1;nom
nte;1;nr
minação;1;nr
pessoase;1;nr
enfoque;1;nom
pron;1;nr
aprimorado;1;adj
gesun;1;nr
devastado;1;adj
sabios;1;nr
odre;1;nom
avivado;1;adj
timótio;1;nr
lotamos;1;nr
horar;1;nr
espito;1;nr
daques;1;nr
perseg;1;nr
deuser;1;nr
seme;1;nr
tn;1;nr
evangelos;1;nr
falea;1;nr
introna;1;nr
expar;1;nr
amria;1;nr
caas;1;nr
fidelizar;1;ver
todda;1;nr
teele;1;nr
júbilo;1;nom
aça;1;adj
enxer;1;nr
meer;1;nr
revestido;1;adj
mund;1;nr
parenta;1;nom
meade;1;nr
anunci;1;nr
engrandecemos;1;nr
ree;1;nr
porus;1;nr
rilho;1;nr
euu;1;nr
incial;1;nr
ncial;1;nr
suação;1;nr
fma;1;nr
derram;1;nr
benar;1;nr
envolvente;1;adj
mistão;1;nr
neicha;1;nr
quat;1;nr
hemisfério;1;nom
eels;1;nr
peados;1;nr
temoso;1;nr
peado;1;nr
palrar;1;ver
entristecimento;1;nr
arrep;1;nr
erança;1;nr
cumprirás;1;nr
pazar;1;nr
sergipe;1;nom
amapá;1;nom
quandoo;1;nr
itivo;1;nr
deada;1;nr
lal;1;nr
queessa;1;nr
penetrante;1;adj
gume;1;nom
ine;1;nr
osando;1;nr
constrangê;1;nr
vemha;1;nr
lngua;1;nr
cort;1;nr
joelha;1;nr
deav;1;nr
agorao;1;nr
coraç;1;nr
fortalecê;1;nr
nomem;1;nr
melhoris;1;nr
estatus;1;nr
ômega;1;nom
naor;1;nr
nao;1;nr
multiplicador;1;nom
aliã;1;nr
suprimento;1;nom
háo;1;nr
imtal;1;nr
amelu;1;nr
bianca;1;nom
nov;1;nr
amburgo;1;nr
chiar;1;ver
uruará;1;nr
floripa;1;nr
macatuba;1;nr
retenhamos;1;nr
pmas;1;nr
simp;1;nr
aceb;1;nr
944;1;num
tcd;1;nr
sinergia;1;nom
capm;1;nr
ralph;1;nom
1996;1;num
viendo;1;nr
dilema;1;nom
adrenalina;1;nom
temm;1;nr
desunir;1;ver
vacilar;1;ver
procrastinar;1;ver
timento;1;nr
gibson;1;nom
descobrimento;1;nom
flaelson;1;nr
taíssa;1;nr
ziane;1;nr
deixá;1;nr
inexorável;1;adj
conhecero;1;nr
marene;1;nr
doentinha;1;nr
7000;1;num
globalidade;1;nom
autoconsistente;1;nr
chioso;1;nr
bezinha;1;nr
miser;1;nr
ór;1;nr
obedecê;1;nr
pouquinha;1;nr
engolfar;1;ver
torá;1;nr
minu;1;nr
sócrates;1;nom
candiar;1;ver
passarinheiro;1;nom
margarida;1;nom
reiro;1;nr
disfrutar;1;ver
suavemente;1;adv
primavera;1;nom
assente;1;adj
safadinho;1;nom
samaritano;1;nom
afazer;1;ver
entando;1;nr
sitiozinho;1;nr
pernear;1;nr
enfeitar;1;ver
aqua;1;nr
areira;1;nr
chequin;1;nr
descida;1;nom
batente;1;nom
viel;1;nr
paranaense;1;adj
malene;1;nr
perdoá;1;nr
jud;1;nr
hóspede;1;nom
labor;1;nom
goo;1;nr
aragem;1;nom
regai;1;nr
envergar;1;ver
río;1;nr
frígido;1;adj
peren;1;nr
convento;1;nom
recitar;1;ver
ofenderte;1;nr
verter;1;ver
amó;1;nr
comin;1;nr
martini;1;nom
descredibilidade;1;nr
ltin;1;nr
dissei;1;nr
shengjin;1;nr
joe;1;nr
nacionalismo;1;nom
fortuito;1;adj
malfeitor;1;nom
blasfemar;1;ver
caquético;1;adj
vitimizar;1;nr
unigênito;1;adj
aclamado;1;adj
ovacionar;1;ver
judaico;1;adj
bradar;1;ver
gran;1;nr
beço;1;nr
pipen;1;nr
oratório;1;nom
tito;1;nom
escapista;1;nr
huguenotes;1;nr
errais;1;nr
stott;1;nr
decaptado;1;nr
domiciano;1;nom
atroz;1;adj
viest;1;nr
evangelização;1;nom
velador;1;nom
moloque;1;nr
nasa;1;nr
evaporar;1;ver
edécio;1;nr
preferível;1;adj
esseo;1;nr
embutido;1;adj
imediatista;1;adj
áveis;1;nr
paes;1;nom
pês;1;nr
consegir;1;nr
personalizado;1;adj
viríamos;1;nr
psíquico;1;adj
complet;1;nr
missional;1;nr
dizend;1;nr
lum;1;nr
vestires;1;nr
lume;1;nom
itabira;1;nom
aías;1;nr
digitação;1;nom
corretor;1;nom
hr;1;nr
fech;1;nr
deusch;1;nr
micone;1;nr
dee;1;nr
ável;1;nr
soui;1;nr
viber;1;nr
ricad;1;nr
oitu;1;nr
alleluia;1;nr
presenç;1;nr
mhe;1;nr
alabastro;1;nom
nardo;1;nr
aluma;1;nr
desestimulados;1;nr
aclarar;1;ver
acorde;1;adj
mercante;1;nom
mantimento;1;nom
cingir;1;ver
roca;1;nom
escarlate;1;adj
púrpuro;1;nom
cinta;1;nom
florença;1;nom
maldivas;1;nom
tard;1;nr
destrutivo;1;adj
deseg;1;nr
seio;1;nom
zumbi;1;nom
iada;1;nr
hedonista;1;adj
depreciação;1;nom
parta;1;adj
posici;1;nr
arrumado;1;adj
combinação;1;nom
bisavô;1;nom
pressi;1;nr
indistintamente;1;adv
subserviente;1;adj
estigma;1;nom
subserviência;1;nom
pastoreio;1;nom
stress;1;nom
formatura;1;nom
berlânia;1;nr
formando;1;nom
truncado;1;adj
linchar;1;ver
engajei;1;nr
recortado;1;adj
afeito;1;adj
arrependamos;1;nr
singelo;1;adj
nias;1;nr
arrendar;1;ver
vocacion;1;nr
arrendado;1;adj
verd;1;nr
reconciliado;1;adj
despojar;1;ver
espúrio;1;adj
aflorar;1;ver
paranoá;1;nom
canasta;1;nom
escrav;1;nr
junos;1;nr
tegevara;1;nr
caados;1;nr
fuzilamento;1;nom
songa;1;nr
monga;1;nr
delongando;1;nr
olafo;1;nr
bowlos;1;nr
amaré;1;nr
dominante;1;adj
midiáticos;1;nr
obandro;1;nr
wi;1;nr
tado;1;nr
4500;1;num
jejun;1;nr
qua;1;nr
muitoe;1;nr
arapuca;1;nom
sfas;1;nr
daril;1;nr
regenerativo;1;adj
retalhar;1;ver
donosor;1;nr
coperam;1;nr
boite;1;nr
simbolizar;1;ver
seit;1;nr
rxi;1;nr
júnia;1;nr
natália;1;nom
viéssemos;1;nr
430;1;num
perceb;1;nr
jordão;1;nom
primogenitura;1;nom
acenar;1;ver
méca;1;nr
sehu;1;nr
relembrá;1;nr
casulo;1;nom
bobole;1;nr
decimal;1;adj
indis;1;nr
evangelística;1;nr
gratamente;1;adv
sapatênis;1;nr
cambon;1;nr
enquant;1;nr
ribeira;1;nom
fito;1;adj
galegão;1;nr
preservá;1;nr
juramento;1;nom
diio;1;nr
anatar;1;ver
vacite;1;nr
geneológica;1;nr
euv;1;nr
inigualável;1;adj
cascata;1;nom
sra;1;nr
ímpar;1;adj
itape;1;nr
vozona;1;nr
acamar;1;ver
dasas;1;nr
convidá;1;nr
degustava;1;nr
acomodado;1;adj
semblante;1;nom
nemias;1;nr
decara;1;nr
daá;1;nr
neem;1;nr
neemia;1;nr
reconstru;1;nr
essav;1;nr
elmin;1;nr
derribado;1;adj
sambal;1;nr
fortificar;1;ver
reção;1;nr
trino;1;adj
execut;1;nr
nanta;1;nr
ativador;1;adj
ordenança;1;nom
fervor;1;nom
sin;1;nr
porel;1;nr
jc;1;nr
malá;1;nr
mandeira;1;nr
sabará;1;nom
chascar;1;nr
bertell;1;nr
cadeinha;1;nr
agrado;1;nom
rondonópolis;1;nom
desvendar;1;ver
carruagem;1;nom
jos;1;nr
punhado;1;nom
churascaria;1;nr
dlb;1;nr
hra;1;nr
noiv;1;nr
piscadinha;1;nr
marchar;1;ver
nicolo;1;nr
doi;1;nr
2633;1;num
bertel;1;nr
religão;1;nr
estrupada;1;nr
abominar;1;ver
mayer;1;nom
sé;1;nom
doep;1;nr
efat;1;nr
seos;1;nr
escorei;1;nr
clov;1;nr
1962;1;num
santina;1;nom
possu;1;nr
curarão;1;nr
maisos;1;nr
culos;1;nr
carregá;1;nr
sexualmente;1;adv
traumatizar;1;ver
possemos;1;nr
incomodá;1;nr
inexprimível;1;adj
finalizarmos;1;nr
joãozinho;1;nom
natel;1;nr
mó;1;nom
zilda;1;nom
genos;1;nr
vid;1;nr
judar;1;nr
camboriu;1;nr
abadar;1;ver
livr;1;nr
gravatá;1;nom
dav;1;nr
abrasar;1;ver
salmodiarei;1;nr
aaúde;1;nr
despertarei;1;nr
imaculado;1;adj
cosmópolis;1;nom
deara;1;nr
boem;1;nr
bliders;1;nr
prer;1;nr
toco;1;nom
claroo;1;nr
geracional;1;adj
cumpriremos;1;nr
kyan;1;nr
osia;1;nr
espír;1;nr
seudo;1;nr
salado;1;nr
mceu;1;nr
esto;1;nr
deas;1;nr
nosos;1;nr
cansaremos;1;nr
calaremos;1;nr
reem;1;nr
hsad;1;nr
cabeas;1;nr
abitar;1;ver
refuso;1;nr
éu;1;nr
avei;1;nr
aem;1;nr
rug;1;nr
sempres;1;nr
ficao;1;nr
ci;1;nr
cobr;1;nr
mosta;1;nr
guerr;1;nr
livos;1;nr
lz;1;nr
veia;1;nom
eue;1;nr
comig;1;nr
eendo;1;nr
meão;1;adj
abinadab;1;nr
nadab;1;nr
obdedon;1;nr
zilou;1;nr
edom;1;nr
cesar;1;nr
cativar;1;ver
samaria;1;nr
potifar;1;nr
tóxico;1;adj
haters;1;nr
celada;1;nr
viela;1;nom
beco;1;nom
cimão;1;nr
apenta;1;nr
vieme;1;nr
usad;1;nr
fu;1;nr
sual;1;nr
zão;1;nr
saria;1;nr
rafal;1;nr
excluso;1;adj
periferi;1;nr
rincão;1;nom
negociá;1;nr
vigiá;1;nr
eão;1;nr
vergones;1;nr
vergão;1;nom
raposo;1;nom
toquinha;1;nr
honrrar;1;nr
hombridade;1;nom
pox;1;nr
vasilha;1;nom
proliferar;1;ver
veamos;1;nr
reinin;1;nr
seros;1;nr
antropológico;1;adj
egocêntrico;1;adj
cristocêntrico;1;nr
eonde;1;nr
malafai;1;nr
nosas;1;nr
aém;1;nr
oias;1;nr
tuaa;1;nr
famil;1;nr
femos;1;nr
viv;1;nr
lent;1;nr
telmo;1;nr
eame;1;nr
desestruturados;1;nr
asfaltar;1;ver
grav;1;nr
tremor;1;nom
perfeit;1;nr
estério;1;nr
descendência;1;nom
ritualístico;1;adj
cochichado;1;nr
bras;1;nr
locar;1;ver
filo;1;nom
amargar;1;ver
veredito;1;nr
clam;1;nr
unja;1;nr
incomparável;1;adj
balafa;1;nr
quilmetros;1;nr
suzan;1;nr
deprecações;1;nr
anulado;1;adj
malu;1;nr
consonante;1;adj
desembuchar;1;ver
adivinhação;1;nom
medular;1;adj
uniciente;1;nr
touser;1;nr
falível;1;adj
transformai;1;nr
tristemente;1;adv
espirit;1;nr
uais;1;nr
alvoroçado;1;adj
tessalônica;1;nr
transtornar;1;ver
recreação;1;nom
cauterizar;1;ver
vacilação;1;nom
alvoroçar;1;nr
conjugal;1;adj
delicadeza;1;nom
estarrecido;1;adj
guarita;1;nom
rumorar;1;ver
houv;1;nr
fós;1;nr
deb;1;nr
brut;1;nr
2380;1;num
deico;1;nr
eú;1;nr
monoteísta;1;adj
foito;1;nr
conscia;1;nr
criançasa;1;nr
cria;1;nom
arcondicionado;1;nr
gradeado;1;adj
curos;1;nr
decisivamente;1;adv
sucateados;1;nr
controlador;1;nom
intensificação;1;nom
pril;1;nr
entorpecente;1;adj
demagógico;1;adj
floreser;1;nr
fre;1;nr
zones;1;nr
laser;1;nom
ineficiente;1;adj
prolongar;1;ver
proj;1;nr
dde;1;nr
alder;1;nr
investigarmos;1;nr
ostensivamente;1;adv
asol;1;nr
inseparado;1;nr
fascínio;1;nom
coibir;1;ver
flexibilizar;1;ver
7500;1;num
irrealidade;1;nom
columbine;1;nr
contraproducente;1;adj
friso;1;nom
alarme;1;nom
faquear;1;ver
maníaco;1;nom
gilvanda;1;nr
alunado;1;nom
anacrônico;1;adj
mesm;1;nr
intrafamiliar;1;nr
brigão;1;adj
municipalidade;1;nom
secretari;1;nr
demandar;1;ver
deor;1;nr
daart;1;nr
éve;1;nr
naturalizar;1;ver
imida;1;nom
ent;1;nr
sucateadas;1;nr
maringá;1;nom
palhoça;1;nom
florianópolis;1;nom
acometer;1;ver
aton;1;nr
belis;1;nr
179;1;num
prax;1;nr
agela;1;nr
risível;1;adj
cômico;1;adj
ender;1;nr
combatê;1;nr
acab;1;nr
bilh;1;nr
ruan;1;nr
irrisório;1;adj
880;1;num
gast;1;nr
ficante;1;nom
estarrecer;1;ver
discordante;1;adj
queiroz;1;nom
herasmo;1;nr
frequentador;1;nom
glock;1;nr
arm;1;nr
quart;1;nom
detetor;1;nr
ganh;1;nr
entroido;1;nr
lengo;1;nr
carado;1;nr
petrô;1;nr
talir;1;nr
acionamento;1;nom
vigorar;1;ver
líneo;1;adj
renumerado;1;nr
descrito;1;adj
trê;1;nr
retroagir;1;ver
volando;1;nr
pcb;1;nr
deau;1;nr
explicitar;1;ver
aá;1;nr
militarista;1;adj
comiss;1;nr
sgo;1;nr
gç;1;nr
taur;1;nr
joesley;1;nr
julta;1;nr
presun;1;nr
emum;1;nr
aito;1;nr
bonton;1;nr
glustin;1;nr
quí;1;nr
sí;1;nr
desja;1;nr
porza;1;nr
aconte;1;nr
descul;1;nr
delos;1;nr
inu;1;nr
ar4;1;nr
nalmente;1;nr
4292;1;num
riste;1;nom
intimidatória;1;nr
outr;1;nr
crianç;1;nr
difundir;1;ver
vári;1;nr
vval;1;nr
franciano;1;nr
verção;1;nr
aplicativ;1;nr
pitória;1;nr
legislativ;1;nr
imprescritível;1;adj
afogadilho;1;nom
redig;1;nr
prosper;1;nr
ós;1;nr
iv;1;nr
prx;1;nr
francien;1;nr
contrá;1;nr
esfarrapado;1;adj
enterados;1;nr
luissa;1;nr
solic;1;nr
solitação;1;nr
relar;1;ver
oko;1;nr
emota;1;nr
moses;1;nr
16224;1;num
leer;1;nr
marua;1;nr
boldrim;1;nr
ane;1;nr
oti;1;nr
danil;1;nr
tapapa;1;nr
obada;1;nr
cnteec;1;nr
1822;1;num
soteropolitano;1;adj
engenho;1;nom
alforriado;1;adj
sergipano;1;adj
pernambucano;1;adj
suscinto;1;nr
coautoria;1;nr
plp;1;nr
naão;1;nr
refrão;1;nom
despotismo;1;nom
vin;1;nr
sdr;1;nr
eletronicamente;1;adv
id;1;nom
alimentício;1;adj
olia;1;nr
pierce;1;nom
uzbequistão;1;nom
oman;1;nr
kosovo;1;nr
teorema;1;nom
fir;1;nr
inaudível;1;adj
soue;1;nr
milisegundos;1;nr
milésimo;1;adj_num
franci;1;nr
calcante;1;nr
arlindo;1;nom
cc;1;nr
benevides;1;nom
quices;1;nr
neri;1;nr
baía;1;nom
pacobaíba;1;nr
bregoli;1;nr
bramar;1;ver
hois;1;nr
macadi;1;nr
intersetorial;1;nr
nesss;1;nr
distinção;1;nom
diss;1;nr
fiador;1;nom
crecha;1;nr
14719;1;num
acabad;1;nr
783;1;num
1286;1;num
pque;1;nr
2500;1;num
ônibos;1;nr
crech;1;nr
841;1;num
assin;1;nr
681;1;num
445;1;num
1500;1;num
irar;1;ver
237;1;num
dim;1;nr
p8;1;nr
ciz;1;nr
desenrol;1;nr
fié;1;nr
aado;1;nr
euer;1;nr
ager;1;nr
renegociação;1;nom
prorrogamos;1;nr
renegociar;1;ver
solidar;1;nr
principis;1;nr
anoo;1;nr
amostragem;1;nom
munic;1;nr
265;1;num
126000;1;num
desfinanciamento;1;nr
matérial;1;nr
deses;1;nr
integal;1;nr
fus;1;nr
reembolsável;1;nr
trir;1;nr
alizante;1;nr
ono;1;nr
730;1;num
ita;1;nr
czu;1;nr
noque;1;nr
345;1;num
setorial;1;adj
técn;1;nr
retroativo;1;adj
21224;1;num
realiz;1;nr
vantal;1;nr
configuração;1;nom
empolgação;1;nom
tambémm;1;nr
metodia;1;nr
querent;1;nr
lind;1;nr
hí;1;nr
odair;1;nom
verador;1;nr
elencando;1;nr
legitimar;1;ver
11697;1;num
diagn;1;nr
ótico;1;adj
riques;1;nr
agredito;1;nr
obrig;1;nr
atualiz;1;nr
educção;1;nr
factível;1;adj
pnf;1;nr
224;1;num
rece;1;nr
ministé;1;nr
sirene;1;nom
sirena;1;nom
usi;1;nr
fgb;1;nr
sabedor;1;nom
ktia;1;nr
secadi;1;nr
frj;1;nr
apetite;1;nom
jet;1;nr
ginásio;1;nom
inatec;1;nr
paaz;1;nr
medalhista;1;nr
obemep;1;nr
vit;1;nr
cofundador;1;nr
maltratar;1;ver
sucateamento;1;nom
permi;1;nr
cortesia;1;nom
prouni;1;nr
div;1;nr
buriti;1;nom
adensamento;1;nom
propositura;1;nom
eduard;1;nom
azeredo;1;nom
discutível;1;adj
mulherer;1;nr
conceitual;1;adj
desdobramento;1;nom
conceitu;1;nr
equilátero;1;adj
geométrico;1;adj
outris;1;nr
cratera;1;nom
seam;1;nr
autocont;1;nr
sida;1;nr
janata;1;nr
menstruo;1;nr
logista;1;nr
memos;1;nr
vees;1;nr
mantesse;1;nr
anunciaremos;1;nr
circ;1;nr
corrir;1;nr
isentei;1;nr
sabático;1;nr
ledo;1;adj
clavam;1;nr
flan;1;nr
basil;1;nr
nóos;1;nr
repentino;1;adj
seamos;1;nr
destemido;1;adj
venam;1;nr
vegetal;1;adj
metabolismo;1;nom
fieira;1;nom
proprina;1;nr
melodramático;1;adj
winderson;1;nr
pao;1;nr
maal;1;nr
negoi;1;nr
hang;1;nr
jaqueta;1;nom
salvamento;1;nom
sisio;1;nr
perondini;1;nr
adulterado;1;adj
laria;1;nr
incongruência;1;nom
coluio;1;nr
varat;1;nr
dpu;1;nr
musque;1;nr
gilan;1;nr
pabo;1;nr
massá;1;nr
piros;1;nr
desabrigar;1;ver
catástrofe;1;nom
fundão;1;nom
ronet;1;nr
enxurrada;1;nom
bev;1;nr
caxambu;1;nom
jer;1;nr
ums;1;nr
lorana;1;nr
processado;1;adj
escrotidão;1;nr
meira;1;nom
fv;1;nr
harry;1;nr
potter;1;nr
citá;1;nr
criticá;1;nr
pelão;1;nr
tonosol;1;nr
retaliação;1;nom
toel;1;nr
otomano;1;adj
rivalizar;1;ver
3477;1;num
indeferimento;1;nom
oralmente;1;adv
retificação;1;nom
151;1;num
subscr;1;nr
pub;1;nom
6or;1;nr
franciene;1;nr
melona;1;nr
alcano;1;nr
cmo;1;nr
plp1;1;nr
desindustrialização;1;nr
empobrecimento;1;nom
vej;1;nr
decorrência;1;nom
sinapse;1;nom
indagar;1;ver
obices;1;nr
obice;1;nr
149;1;num
corret;1;nr
aoor;1;nr
oportunamente;1;adv
dvec;1;nr
alter;1;nr
fazar;1;nr
isente;1;nr
pontom;1;nr
coner;1;nr
bugada;1;nr
veracidade;1;nom
estd;1;nr
pleitear;1;ver
pousar;1;ver
demia;1;nr
escancarar;1;ver
realment;1;nr
instrumentalizado;1;nr
salari;1;nr
antagonista;1;nom
629;1;num
bol;1;nr
vidraça;1;nom
pelego;1;nom
zamb;1;nr
contorcionismo;1;nr
tratável;1;adj
prevenível;1;nr
regulador;1;nom
anom;1;nr
ster;1;nr
escandaloso;1;adj
datar;1;ver
encamar;1;nr
enamento;1;nr
sedimentar;1;adj
esseesse;1;nr
aquies;1;nr
feit;1;nr
vaibe;1;nr
quar;1;nr
falsificar;1;ver
sufar;1;nr
cifs;1;nr
sucate;1;nr
idolatrar;1;ver
surf;1;nom
emparedamento;1;nr
emparedar;1;ver
negociaç;1;nr
utizar;1;nr
portant;1;nr
inscrit;1;nr
tí;1;nr
stess;1;nr
zis;1;nr
sidney;1;nom
leate;1;nr
dorinaldo;1;nr
cocar;1;nom
aprendisagem;1;nr
descaracterização;1;nom
nervosismo;1;nom
falsificação;1;nom
receitar;1;ver
arábias;1;nr
apoderar;1;ver
256;1;num
dara;1;nom
pmi;1;nr
escapulir;1;ver
perfazer;1;ver
estudant;1;nr
mediar;1;ver
recce;1;nr
abbora;1;nr
tudoo;1;nr
fom;1;nr
prem;1;nr
ferei;1;nr
gordurinha;1;nr
patel;1;nr
minist;1;nr
13332;1;num
palosi;1;nr
ode;1;nom
brash;1;nr
pacot;1;nr
enou;1;nr
lavajato;1;nr
mação;1;nom
devolução;1;nom
acalentam;1;nr
desesperançosos;1;nr
aquias;1;nr
persona;1;nr
14126;1;num
sensorial;1;adj
ems;1;nr
mália;1;nr
reim;1;nr
excluído;1;adj
simon;1;nom
acer;1;nr
cuta;1;nr
concor;1;nr
assecuratória;1;nr
pedagógic;1;nr
tecnologi;1;nr
tampouco;1;adv
telepresenciais;1;nr
apen;1;nr
ibilidade;1;nr
fabricante;1;nom
punibilidade;1;nom
66226;1;num
meloria;1;nr
reimund;1;nr
6622;1;num
8497;1;num
euller;1;nom
cruvinel;1;nr
fraudador;1;nom
10374;1;num
8069;1;num
conveniadas;1;nr
31629;1;num
zoton;1;nr
instituções;1;nr
2213;1;num
magda;1;nom
mofato;1;nr
mde;1;nr
10557;1;num
de28;1;nr
nton;1;nr
reinserção;1;nom
amortização;1;nom
3550;1;num
3531;1;num
henry;1;nom
certificação;1;nom
deess;1;nr
sampaio;1;nom
sides;1;nr
2275;1;num
alcies;1;nr
alías;1;nr
ucação;1;nr
concernir;1;ver
obp;1;nr
acessível;1;adj
nomeação;1;nom
semestral;1;adj
substitut;1;nr
aento;1;nr
daso;1;nr
comici;1;nr
225;1;num
saculejo;1;nr
deando;1;nr
dião;1;nr
circularidade;1;nom
educandos;1;nr
partilar;1;nr
tábula;1;nr
partilha;1;nom
agradecê;1;nr
conva;1;nr
aporofobia;1;nr
ald;1;nr
auxis;1;nr
alentar;1;ver
gramatical;1;adj
stimo;1;nr
1843;1;num
gonzales;1;nr
788;1;num
brasileir;1;nr
2212;1;num
constacia;1;nr
zanar;1;nr
aleg;1;nr
perpetrar;1;ver
elcea;1;nr
consa;1;nr
rá;1;nom
siais;1;nr
pantera;1;nom
descen;1;nr
canônico;1;adj
mártir;1;nom
cbl;1;nr
ampos;1;nr
escalada;1;nom
desenc;1;nr
abolicionismo;1;nom
depreciativo;1;adj
jeane;1;nr
silvia;1;nom
cust;1;nr
emancipação;1;nom
reiton;1;nr
gleno;1;nr
visitemos;1;nr
1911;1;num
alagoa;1;nom
colunista;1;nom
1492;1;num
15500;1;num
princesa;1;nom
dourado;1;adj
estruturalmente;1;adv
subra;1;nr
rusf;1;nr
brick;1;nr
roussef;1;nr
remoer;1;ver
pádua;1;nom
cangalha;1;nom
atres;1;nr
fenomenológico;1;adj
confessional;1;adj
frad;1;nr
espiritismo;1;nom
descabido;1;adj
cel;1;nr
crível;1;adj
iia;1;nr
tiraríamos;1;nr
80224;1;num
24ora;1;nr
táb;1;nr
carmo;1;nom
ars;1;nr
avassalador;1;adj
veneziano;1;adj
hital;1;nr
rego;1;nom
descaso;1;nom
acessaria;1;nr
mapear;1;ver
1520;1;num
ademais;1;adv
nevrálgico;1;adj
concluinte;1;adj
ipl;1;nr
coletânia;1;nr
encada;1;nr
1671;1;num
emação;1;nr
esmael;1;nr
confef;1;nr
antnio;1;nr
possivel;1;nr
entr;1;nr
rabá;1;nr
fepal;1;nr
2387;1;num
convid;1;nr
subs;1;nr
francino;1;nr
intern;1;nr
corp;1;nr
internalizado;1;nr
cabedal;1;nom
delicadamente;1;adv
sões;1;nr
averso;1;nr
relativize;1;nr
atiar;1;nr
prepotência;1;nom
vamente;1;nr
outos;1;nr
veemente;1;adj
gatilho;1;nom
aver;1;nr
lassal;1;nr
autocrático;1;adj
cracia;1;nr
piil;1;nr
coea;1;nr
fux;1;nr
mitando;1;nr
iluminist;1;nr
aag;1;nr
disseminador;1;nom
cur;1;nr
resou;1;nr
antigus;1;nr
esquerd;1;nr
lhada;1;nr
pat;1;nr
chevara;1;nr
ipn;1;nr
criai;1;nr
ócio;1;nom
gilvan;1;nr
respeitável;1;adj
gramado;1;nom
rememoramos;1;nr
equiparação;1;nom
duramente;1;adv
legislamos;1;nr
juvent;1;nr
tiaba;1;nr
pontal;1;nom
seminarista;1;adj
cebs;1;nr
cebi;1;nr
referenciar;1;ver
pibe;1;nr
brilhantismo;1;nom
clauber;1;nr
dotá;1;nr
infundado;1;adj
pnds;1;nr
veementemente;1;adv
atear;1;ver
aeou;1;nr
manada;1;nom
anormalidade;1;nom
artigoa;1;nr
casaa;1;nr
infindável;1;adj
seas;1;nr
rana;1;nr
banalidade;1;nom
puna;1;nom
antipopular;1;nr
anistiar;1;ver
limiti;1;nr
mou;1;nr
depedra;1;nr
perpet;1;nr
moema;1;nom
desagradável;1;adj
malhação;1;nom
bah;1;nr
imag;1;nr
col;1;nr
aice;1;nr
pug;1;nr
forçação;1;nr
retir;1;nr
rarar;1;nr
nuremberg;1;nr
extermínio;1;nom
apolog;1;nr
geon;1;nr
1997;1;num
tevar;1;nr
fazando;1;nr
infestar;1;ver
negó;1;nr
progredir;1;ver
operand;1;nr
passação;1;nr
mpf;1;nr
renegar;1;ver
toia;1;nr
parlament;1;nr
stalingrado;1;nr
800000;1;num
bunker;1;nr
stalinismo;1;nom
1981;1;num
cod;1;nr
wilson;1;nom
de1;1;nr
chumbo;1;nom
sequaz;1;nom
garnier;1;nr
vanda;1;nom
raquinho;1;nr
hofman;1;nr
onerosidade;1;nom
praticidade;1;nom
nosa;1;nr
gabar;1;ver
engravidem;1;nr
remediar;1;ver
282;1;num
elucidação;1;nom
macartismo;1;nr
viess;1;nr
insti;1;nr
ya;1;nr
leitão;1;nom
númer;1;nr
servergonha;1;nr
ianomamis;1;nr
celta;1;adj
nãoc;1;nr
consue;1;nr
prenda;1;nom
apli;1;nr
crée;1;nr
concomitante;1;adj
estos;1;nr
784;1;num
ebc;1;nr
mitad;1;nr
benevolente;1;adj
consir;1;nr
felic;1;nr
fazua;1;nr
fenet;1;nr
ministéri;1;nr
docent;1;nr
técnic;1;nr
cum;1;nr
discuro;1;nr
insucesso;1;nom
estual;1;nr
alf;1;nr
cms;1;nr
dob;1;nr
paí;1;nr
pergun;1;nr
15000;1;num
modalidad;1;nr
excepcionar;1;nr
soré;1;nr
colir;1;nr
neurociência;1;nom
gabadas;1;nr
rentur;1;nr
cadastrad;1;nr
utir;1;nr
gostaramos;1;nr
mensalidade;1;nom
ldo;1;nr
hcs;1;nr
quentar;1;nr
favored;1;nr
desonerações;1;nr
ipca;1;nr
custeie;1;nr
arrasado;1;adj
fega;1;nr
sens;1;nr
abalizar;1;ver
institução;1;nr
houvir;1;nr
democratizar;1;ver
cois;1;nr
noem;1;nr
exitos;1;nr
pessa;1;nr
diner;1;nr
computação;1;nom
digga;1;nr
pulverizar;1;ver
fruir;1;ver
fea;1;nr
panto;1;nr
med;1;nr
apartar;1;ver
tempas;1;nr
atratividade;1;nom
ideologizada;1;nr
equivocadamente;1;adv
arcabouo;1;nr
incompatível;1;adj
arcabouço;1;nom
aprofundamento;1;nom
983;1;num
1837;1;num
proifes;1;nr
rengo;1;nr
lexia;1;nom
fonodiólogo;1;nr
marcação;1;nom
consup;1;nr
conivência;1;nom
prevaricação;1;nom
barganha;1;nom
5594;1;num
belmontes;1;nr
alines;1;nr
leut;1;nr
fiu;1;nr
imensurável;1;adj
exigo;1;nr
celens;1;nr
moçao;1;nr
incompreendido;1;adj
charanga;1;nom
éos;1;nr
refeitório;1;nom
suita;1;nr
civ;1;nr
civic;1;nr
prosos;1;nr
mnimo;1;nr
contitucional;1;nr
diferena;1;nr
dúvido;1;nr
cálcul;1;nr
líquid;1;nr
iní;1;nr
sindicado;1;nom
passari;1;nr
estav;1;nr
ditoso;1;adj
ponderado;1;adj
miria;1;nr
gravado;1;adj
modeste;1;nr
exitosos;1;nr
ideologização;1;nr
fragmentar;1;ver
ponderamento;1;nr
conspiracionismo;1;nr
realocadas;1;nr
paredista;1;nr
afar;1;nr
oficie;1;nr
canoa;1;nom
recé;1;nr
emergencialmente;1;adv
ania;1;nr
zulo;1;nr
quiona;1;nr
encaremos;1;nr
velis;1;nr
educ;1;nr
mercantilização;1;nr
militarismo;1;nom
fundamentalismo;1;nom
obsoleto;1;adj
conjunção;1;nom
nld;1;nr
adoecido;1;adj
emancipadora;1;nr
lucina;1;nom
comprimentar;1;nr
praticação;1;nr
enquadramento;1;nom
entrávamos;1;nr
defenestrar;1;ver
historicidade;1;nom
verticalizadas;1;nr
funcionante;1;nr
responsavelmente;1;adv
furra;1;nr
ifes;1;nr
nion;1;nr
vegetativo;1;adj
84;1;num
complacência;1;nom
feer;1;nr
exequível;1;adj
onim;1;nr
maristela;1;nom
pedere;1;nr
reconstruo;1;nr
flexibilizamos;1;nr
dobar;1;ver
mecm;1;nr
anualizar;1;nr
ministria;1;nr
reconhec;1;nr
684;1;num
agilidade;1;nom
aidade;1;nr
gre;1;nr
companha;1;nom
sindo;1;nr
penitenciária;1;nom
petaria;1;nr
motoboys;1;nr
ranzen;1;nr
pinis;1;nr
queixar;1;ver
queo;1;nr
ferrovia;1;nom
covardão;1;nr
de2;1;nr
oai;1;nr
taac;1;nr
199;1;num
e19;1;nr
calvalcante;1;nr
elizabete;1;nom
tomásio;1;nr
montouro;1;nr
889;1;num
acidental;1;adj
336;1;num
contrariedade;1;nom
destarte;1;adv
regões;1;nr
submetê;1;nr
solidamente;1;adv
arraigado;1;adj
otimizar;1;ver
ío;1;nr
recor;1;nr
espal;1;nr
resau;1;nr
osent;1;nr
fatalidade;1;nom
surgiro;1;nr
amontoado;1;nom
acolho;1;nr
interrompu;1;nr
aara;1;nr
investiguemos;1;nr
dat;1;nr
disc;1;nr
indeferi;1;nr
específicamente;1;nr
contraprova;1;nom
específic;1;nr
samel;1;nr
arturo;1;nom
isonômico;1;adj
oem;1;nr
rebat;1;nr
prão;1;nr
exaurido;1;adj
tcis;1;nr
ceu;1;nr
bío;1;nr
conar;1;nr
reescrevê;1;nr
inteligível;1;adj
nenum;1;nr
relando;1;nr
zolia;1;nr
heem;1;nr
marú;1;nr
acorse;1;nr
obstruído;1;adj
examente;1;nr
requeriment;1;nr
espinhoso;1;adj
palta;1;nr
seguin;1;nr
inferir;1;ver
depo;1;nr
jog;1;nr
obstrua;1;nr
reput;1;nr
polm;1;nr
discur;1;nr
paração;1;nr
paraouvir;1;nr
sinaliz;1;nr
colocad;1;nr
teramos;1;nr
discão;1;nr
doirar;1;ver
prisa;1;nr
kai;1;nr
sorar;1;ver
procedent;1;nr
indicativo;1;nom
previsto;1;adj
aceno;1;nom
evident;1;nr
desculp;1;nr
propond;1;nr
anô;1;nr
tcnica;1;nr
8avo;1;nr
assess;1;nr
foo;1;nr
encamado;1;nr
arbitrar;1;ver
proced;1;nr
plavra;1;nr
a22;1;nr
66024;1;num
dandar;1;nr
costin;1;nr
osório;1;nom
piedro;1;nr
sobrescrever;1;ver
sorá;1;nr
edan;1;nr
nel;1;nr
cron;1;nr
estranhar;1;ver
submerso;1;adj
alard;1;nr
anísio;1;nom
darc;1;nr
olodum;1;nr
ilae;1;nr
afro;1;adj
litos;1;nr
torcolo;1;nr
lencar;1;nr
acalorado;1;adj
meta4;1;nr
viio;1;nr
cotidianamente;1;adv
caral;1;nr
artour;1;nr
eção;1;nr
ementa;1;nom
inventário;1;nom
deente;1;nr
palavração;1;nr
gem;1;nr
recorrência;1;nom
corrosão;1;nom
daas;1;nr
hesse;1;nom
útimo;1;nr
relevado;1;adj
lder;1;nr
961;1;num
antissemitistas;1;nr
326;1;num
verbalmente;1;adv
ressurgimento;1;nom
famos;1;nr
encar;1;nr
tario;1;nr
contin;1;nr
continui;1;nr
prod;1;nr
salvacionista;1;nr
sucessivo;1;adj
regimo;1;nr
palan;1;nr
vo;1;nr
abso;1;nr
vocal;1;nom
figur;1;nr
2040;1;num
profissonal;1;nr
aparelhado;1;adj
plasmar;1;ver
neoc;1;nr
pelmo;1;nr
estressem;1;nr
aliz;1;nr
desn;1;nr
fegar;1;nr
recur;1;nr
regiment;1;nr
baga;1;nom
neate;1;nr
queerer;1;nr
carneira;1;nom
574;1;num
especificos;1;nr
116;1;num
objetivar;1;ver
diametral;1;adj
salomônica;1;nr
tempoal;1;nr
vonder;1;nr
doen;1;nr
indefiro;1;nr
recer;1;nr
considi;1;nr
liança;1;nr
maestro;1;nom
mussurunga;1;nr
menha;1;nr
midiáticas;1;nr
carapa;1;nr
interar;1;nr
dare;1;nr
bomfim;1;nr
parteiro;1;adj
desaprender;1;ver
q;1;nom_sup
consedido;1;nr
liberd;1;nr
antipovo;1;nr
degenerado;1;adj
jadir;1;nr
gbs;1;nr
milici;1;nr
mea;1;nr
fiona;1;nr
desconectado;1;nr
cosquinha;1;nr
alimentado;1;adj
espancamento;1;nom
evangélic;1;nr
dissimulado;1;adj
gaev;1;nr
tarcisios;1;nr
teru;1;nr
doctor;1;nr
divinite;1;nr
odienta;1;nr
bailar;1;ver
vdos;1;nr
enar;1;nr
portão;1;nom
chingamentos;1;nr
cotina;1;nr
erotizado;1;nr
lixado;1;adj
perão;1;nr
agoraa;1;nr
denominá;1;nr
sucumbida;1;nr
acados;1;nr
matadoro;1;nr
magistrado;1;nom
antif;1;nr
antimoral;1;nr
amação;1;nr
pessista;1;nr
beista;1;nr
boal;1;nr
cusc;1;nr
hegemônico;1;adj
sagacidade;1;nom
pejor;1;nr
ola;1;nom
nenhhum;1;nr
prações;1;nr
nacionalização;1;nom
hungria;1;nom
acou;1;nr
coment;1;nr
aota;1;nr
delinear;1;ver
peremptoriamente;1;adv
kiss;1;nom
cára;1;nr
salvini;1;nr
onito;1;nr
pesta;1;nr
nazisa;1;nr
rú;1;nr
bizol;1;nr
daci;1;nr
ultra;1;nom
desigualdad;1;nr
brisola;1;nr
assinalação;1;nr
socialização;1;nom
apanhamento;1;nom
contraste;1;nom
lucid;1;nr
abho;1;nr
tauas;1;nr
andr;1;nr
esar;1;nr
árbitro;1;nom
arram;1;nr
puda;1;nr
éé;1;nr
noeno;1;nr
ruda;1;nr
registar;1;ver
inteir;1;nr
perd;1;nr
mercadoria;1;nom
currícula;1;nr
insultar;1;ver
escurra;1;nr
ú;1;nr
bang;1;nr
couro;1;nom
triturador;1;nom
semio;1;nr
refutar;1;ver
jes;1;nr
cffc;1;nr
quiss;1;nr
deado;1;nr
reiniciarmos;1;nr
viementemente;1;nr
viermentemente;1;nr
repúgio;1;nr
desdizer;1;ver
partide;1;nr
14818;1;num
oler;1;nr
televisor;1;nom
datashow;1;nr
poliesportiva;1;nr
psicopedagógico;1;nr
lice;1;nr
visualmente;1;adv
esverem;1;nr
ultradiritista;1;nr
pessoalista;1;nr
traçado;1;nom
cfs;1;nr
266223;1;num
robótico;1;adj
porê;1;nr
eb;1;nr
alfabetize;1;nr
roncar;1;ver
373;1;num
330;1;num
4986;1;num
materialidade;1;nom
r580;1;nr
lc173;1;nr
congelar;1;ver
zuluco;1;nr
passerei;1;nr
alicados;1;nr
soberbado;1;nr
zu;1;nr
nevar;1;ver
iluminação;1;nom
420;1;num
descoordenação;1;nom
caminão;1;nr
salaberte;1;nr
cisterna;1;nom
perfuração;1;nom
comandá;1;nr
lidse;1;nr
zagueiro;1;nom
florestan;1;nom
bás;1;nr
unissexo;1;nr
cabalístico;1;adj
dinastia;1;nom
meiji;1;nr
devíos;1;nr
florestã;1;nr
mútuo;1;adj
recriminar;1;ver
ks;1;nr
university;1;nr
371;1;num
419;1;num
unesp;1;nr
595;1;num
1650;1;num
caixote;1;nom
inoportuno;1;adj
limba;1;nr
caducar;1;ver
coluiuo;1;nr
vasculhar;1;ver
alfinetaram;1;nr
colunho;1;nr
conuras;1;nr
vementemente;1;nr
vemente;1;nr
resespeito;1;nr
ue;1;nr
enamente;1;nr
quizai;1;nr
subfinanciada;1;nr
discricionaridade;1;nr
arredaremos;1;nr
salabé;1;nr
divergas;1;nr
desembocar;1;ver
bertoldo;1;nom
bresh;1;nr
professóicas;1;nr
otônio;1;nr
mendon;1;nr
safilho;1;nr
extraoficial;1;nr
repaginar;1;ver
precarizou;1;nr
interiorização;1;nom
encarecimento;1;nom
demonstrativo;1;adj
conos;1;nr
alambrado;1;nom
ring;1;nr
eleções;1;nr
sami;1;nr
frontar;1;ver
puberdade;1;nom
genitália;1;nom
naturalizado;1;adj
dartório;1;nr
afatiro;1;nr
tarsiso;1;nr
qualigo;1;nr
edermal;1;nr
travemos;1;nr
despretenciosos;1;nr
decoro;1;nom
instrumentalizam;1;nr
insurgir;1;ver
otôio;1;nr
contestação;1;nom
ot;1;nr
outô;1;nr
culte;1;nr
dividirei;1;nr
abí;1;nr
dise;1;nr
contraargumentada;1;nr
tarso;1;nom
lembribuí;1;nr
hério;1;nr
til;1;nom
professologia;1;nr
saior;1;nr
morosidade;1;nom
gonçales;1;nr
reinscrever;1;ver
feitoável;1;nr
detentor;1;nom
cristofobia;1;nr
abominável;1;adj
mortaela;1;nr
formatação;1;nom
pnl;1;nr
brincalhão;1;adj
raimund;1;nr
asseverar;1;ver
cnte;1;nr
proifs;1;nr
fazubra;1;nr
desqualificado;1;adj
acolhido;1;nom
naipe;1;nom
bioquímica;1;nom
biros;1;nr
duradouro;1;adj
macron;1;nr
igno;1;nr
mapito;1;nr
compar;1;nr
chancel;1;nr
decapitação;1;nom
dinástico;1;adj
insan;1;nr
senil;1;adj
condenatório;1;adj
guerrida;1;nr
cf;1;nr
karatê;1;nr
histório;1;nr
golpa;1;nr
entendu;1;nr
aliação;1;nr
prendê;1;nr
confidenciar;1;ver
prl;1;nr
corno;1;nom
civilidade;1;nom
avinda;1;nr
rodriguez;1;nom
cavalaria;1;nom
proposital;1;adj
perío;1;nr
palmo;1;nom
decepcion;1;nr
20226;1;num
antiaborto;1;adj
anestésico;1;adj
veterinário;1;nom
estupo;1;nr
nicolal;1;nr
gestacional;1;adj
afobar;1;ver
euacredito;1;nr
vot;1;nr
belor;1;nr
onte;1;nr
volado;1;nr
2x;1;nr
jetski;1;nr
elaria;1;nr
contant;1;nr
esburacado;1;adj
desfocar;1;ver
vidrado;1;nom
nóbel;1;nr
baronet;1;nr
prado;1;nom
demissexual;1;nr
fabiane;1;nr
lell;1;nr
conselheir;1;nr
crpp;1;nr
betti;1;nr
clarão;1;nom
clinic;1;nr
boeta;1;nr
romantics;1;nr
psis;1;nr
anal;1;adj
caime;1;nr
osexo;1;nr
cera;1;nom
ashin;1;nr
grisalho;1;adj
psic;1;nr
planejador;1;adj
diceu;1;nr
pí;1;nr
neé;1;nr
fundamentalis;1;nr
mind;1;nr
shi;1;nr
juser;1;nr
ongu;1;nr
dc;1;nr
pluraridade;1;nr
kilter;1;nr
sea;1;nr
maista;1;nr
tras;1;nr
escrachar;1;ver
aguentamos;1;nr
ulir;1;nr
decréscimo;1;nom
cenão;1;nr
lebre;1;nom
poror;1;nr
largada;1;nom
oclinho;1;nr
verend;1;nr
laptop;1;nom
escar;1;nr
salt;1;nr
dingle;1;nr
abonde;1;nr
retê;1;nr
audio;1;nr
yuri;1;nom
folders;1;nr
maguinha;1;nr
capenga;1;adj
reteu;1;nr
refri;1;nr
cogat;1;nr
deixer;1;nr
sees;1;nr
entar;1;nr
comtel;1;nr
checklists;1;nr
mentar;1;nr
pdf;1;nr
parafins;1;nr
renomado;1;adj
estrondoso;1;adj
12578;1;num
222;1;num
nuncam;1;nr
polezi;1;nr
cletinho;1;nr
embromation;1;nr
porca;1;nom
absolut;1;nr
justificável;1;adj
4970;1;num
matematicamente;1;adv
reembolso;1;nom
formulário;1;nom
storos;1;nr
tigrinho;1;nr
adms;1;nr
parad;1;nr
comutar;1;ver
olh;1;nr
arras;1;nom
pb;1;nr
fisionomia;1;nom
maroto;1;nom
1272;1;num
128;1;num
cau;1;nr
caau;1;nr
magn;1;nr
maneiríssimos;1;nr
clubismo;1;nr
rgbt;1;nr
compartilh;1;nr
riner;1;nr
brincan;1;nr
superintendente;1;nom
suente;1;nr
7800;1;num
10000;1;num
format;1;nr
ui;1;ono
pontooficial;1;nr
diácono;1;nom
famíliazinha;1;nr
bacan;1;nr
vesk;1;nr
quartou;1;nr
alienígena;1;adj
zuko;1;nr
169;1;num
birul;1;nr
liro;1;nr
139;1;num
serar;1;nr
coelho;1;nom
center;1;nr
maneiríssima;1;nr
p6;1;nr
tani;1;nr
recompartilhar;1;nr
pl22;1;nr
1260;1;num
alne;1;nr
opação;1;nr
avalização;1;nr
humil;1;nr
compr;1;nr
belan;1;nr
cadas;1;nr
gabaritados;1;nr
5co;1;nr
cereja;1;nom
naidade;1;nr
petando;1;nr
grat;1;nr
plotar;1;ver
aconselhamento;1;nom
878;1;num
286;1;num
447;1;num
respondid;1;nr
tops;1;nr
ev;1;nr
tomol;1;nr
daak;1;nr
osas;1;nr
feramenta;1;nr
zas;1;nr
destin;1;nr
catrina;1;nr
20380;1;num
organizador;1;nom
ismário;1;nr
ipirá;1;nr
plb;1;nr
púas;1;nr
plen;1;nr
assinho;1;nr
sociopolítico;1;adj
getten;1;nr
canzi;1;nr
proporcionado;1;adj
pauloas;1;nr
ptc;1;nr
570;1;num
blumenauense;1;adj
palero;1;nr
fta;1;nr
desarmado;1;adj
facilitação;1;nom
ori;1;nr
oria;1;nr
pmd;1;nr
joenville;1;nr
promovermos;1;nr
conso;1;nr
otone;1;nr
efetivar;1;ver
vist;1;nr
discusso;1;nr
azuar;1;nr
geten;1;nr
gten;1;nr
preguento;1;nr
catag;1;nr
64402;1;num
id7;1;nr
ucai;1;nr
eas;1;nr
degra;1;nr
premiado;1;adj
individualizar;1;ver
premiá;1;nr
sensatez;1;nom
útima;1;nr
incentiv;1;nr
síntese;1;nom
geet;1;nr
meeto;1;nr
olímpiada;1;nr
olimpa;1;nr
aidos;1;nr
desincentivo;1;nr
infol;1;nr
nen;1;nr
alds;1;nr
óscar;1;nr
estacar;1;ver
descoberta;1;nom
stivem;1;nr
ranks;1;nr
poss;1;nr
mediocridade;1;nom
respeitosamente;1;adv
bpv;1;nr
mere;1;nr
mocracia;1;nr
priorize;1;nr
poi;1;nr
loc;1;nr
aldem;1;nr
quitar;1;ver
civilizado;1;adj
dissol;1;nr
cabido;1;nom
apito;1;nom
lids;1;nr
lds;1;nr
catagua;1;nr
calmao;1;nr
maisa;1;nr
2702;1;num
horrosa;1;nr
intercâmbio;1;nom
perman;1;nr
estrito;1;adj
proveniente;1;adj
costar;1;nr
integ;1;nr
estab;1;nr
deo;1;nr
depc;1;nr
ofertem;1;nr
congênere;1;adj
ranec;1;nr
1172;1;num
de2020;1;nr
alterado;1;adj
inclusivamente;1;adv
suplementação;1;nom
complementare;1;nr
62023;1;num
otonio;1;nr
detectar;1;ver
obrigá;1;nr
verdada;1;nr
corretíssimo;1;nr
inovar;1;ver
nelli;1;nr
iand;1;nr
destacado;1;adj
elit;1;nr
lisongeada;1;nr
exped;1;nr
acatamos;1;nr
semades;1;nr
estatuir;1;ver
desempate;1;nom
sução;1;nr
vezar;1;ver
2122;1;num
vasia;1;nr
webert;1;nr
registr;1;nr
parcer;1;nr
acar;1;nr
agar;1;nom
gor;1;nr
considerer;1;nr
havin;1;nr
nemhuma;1;nr
ups;1;ono
seminar;1;nr
tessa;1;nr
prolongado;1;adj
vestiga;1;nr
obstipação;1;nom
hemorroidas;1;nr
hidratação;1;nom
guel;1;nr
obstar;1;ver
ajustamento;1;nom
milena;1;nom
reincidente;1;adj
designado;1;adj
sunday;1;nr
vois;1;nr
umais;1;nr
lits;1;nr
imigrante;1;nom
zerou;1;nr
unifesp;1;nr
vivenci;1;nr
desen;1;nr
lgbtfobia;1;nr
tatar;1;nr
deila;1;nr
enriquecedor;1;adj
manha;1;nom
aax;1;nr
profiqua;1;nr
avc;1;nr
vencê;1;nr
larva;1;nom
lagarta;1;nom
convulsão;1;nom
irreversível;1;adj
erlon;1;nr
travasso;1;nr
lacrimogêneo;1;adj
encurralar;1;ver
shoio;1;nr
arduamente;1;adv
ilibar;1;ver
hipertensão;1;nom
insuficiência;1;nom
deferimento;1;nom
hidrocefalia;1;nom
tiari;1;nr
compulsivo;1;adj
operatório;1;adj
válvula;1;nom
intracraniano;1;adj
1630;1;num
subcomandante;1;nom
degringolar;1;ver
enfático;1;adj
índole;1;nom
boou;1;nr
comemorativo;1;adj
afagar;1;ver
suriname;1;nom
satirizar;1;ver
ila;1;nr
meneguel;1;nr
yanomami;1;nr
ocel;1;nr
arcebispo;1;nom
damar;1;nr
desestruturadas;1;nr
debochem;1;nr
afera;1;nr
inderson;1;nr
jr;1;nr
janon;1;nr
tex;1;nr
vibrador;1;nr
difamação;1;nom
tipificação;1;nom
suicidarse;1;nr
chocolatinho;1;nr
baldu;1;nr
caca;1;nom
bud;1;nr
wiser;1;nr
usal;1;nr
shok;1;nr
sho;1;nr
caper;1;nr
dair;1;nr
747;1;num
injuriar;1;ver
exultar;1;ver
elegeremos;1;nr
depe;1;nr
290;1;num
trabal;1;nr
quadado;1;nr
desproporcionalidade;1;nom
dominó;1;nom
facee;1;nr
humanao;1;nr
tutela;1;nom
siquer;1;nr
dej;1;nr
claron;1;nr
pulsoterapia;1;nr
antibiótico;1;nom
circuito;1;nom
antecendentes;1;nr
cadea;1;nr
comorbidade;1;nr
torica;1;nr
acertado;1;adj
pg;1;nr
individualização;1;nom
ignor;1;nr
rodapé;1;nom
fulminante;1;adj
pirona;1;nr
oculado;1;nr
mesmoo;1;nr
convincente;1;adj
luciane;1;nom
checagem;1;nom
clemilson;1;nr
postal;1;nom
telavive;1;nr
ramala;1;nr
lea;1;nom
hanani;1;nr
infarto;1;nom
de23;1;nr
convenientemente;1;adv
requerir;1;nr
faru;1;nr
toid;1;nr
wenderson;1;nr
sobreaviso;1;nom
trapeiro;1;nom
edjan;1;nr
wion;1;nr
apaziguar;1;ver
condecorar;1;ver
isento;1;adj
soje;1;nr
buelli;1;nr
ecovit;1;nr
yanukovich;1;nr
malt;1;nr
contraindicação;1;nr
mariense;1;nr
fse;1;nr
exalar;1;ver
obri;1;nr
maxista;1;nr
len;1;nr
suiten;1;nr
gulac;1;nr
pésimo;1;nr
escoler;1;nr
2043;1;num
bolsonarinho;1;nr
platina;1;nom
amen;1;nr
zevedo;1;nr
exaustão;1;nom
gritante;1;adj
expiatório;1;adj
jorgin;1;nr
metrópolis;1;nr
8000;1;num
multitudinários;1;nr
diminu;1;nr
guatemala;1;nom
cromar;1;ver
peixar;1;ver
buffet;1;nr
confraternização;1;nom
bobb;1;nr
ahí;1;nr
infes;1;nr
atato;1;nr
vár;1;nr
caba;1;nom
constantino;1;nom
providenciar;1;ver
iludido;1;adj
anan;1;nr
yoo;1;nr
estalinista;1;adj
noninho;1;nr
perira;1;nr
cvio;1;nr
m8;1;nr
planetariado;1;nr
steedle;1;nr
implícito;1;adj
jovial;1;adj
desembar;1;nr
gordofobia;1;nr
foçar;1;ver
esnobar;1;nr
verade;1;nr
corão;1;nr
frago;1;nr
acudir;1;ver
ibope;1;nom
9999;1;num
holodomor;1;nr
inanição;1;nom
vitimar;1;ver
coletivização;1;nom
progressivamente;1;adv
cadáver;1;nom
odor;1;nom
decomposição;1;nom
insanidade;1;nom
canibalismo;1;nom
amorar;1;ver
fid;1;nr
homosexuais;1;nr
solgenitsin;1;nr
monstruosidade;1;nom
ortodoxo;1;adj
fezes;1;nom
urinar;1;ver
kgb;1;nr
injustificado;1;adj
truque;1;nom
verí;1;nr
det;1;nr
desatino;1;nom
flavio;1;nom
fufuca;1;nr
estocolmo;1;nom
cegonha;1;nom
superhi;1;nr
superh;1;nr
psicopatia;1;nom
inconsistência;1;nom
349;1;num
sustação;1;nom
copilação;1;nr
nardon;1;nr
elisee;1;nr
hidro;1;nom
revólver;1;nom
carabina;1;nom
ocasionar;1;ver
reintegração;1;nom
sustar;1;ver
pdl;1;nr
estringe;1;nr
desarmamentista;1;nr
exorbitar;1;ver
colecionador;1;nom
inviabilizadas;1;nr
esgotamento;1;nom
2033;1;num
5021;1;num
4894;1;num
rebolá;1;nr
anistar;1;nr
3763;1;num
2501;1;num
deletar;1;nr
recreativo;1;adj
resetado;1;nr
natalino;1;adj
oa;1;nr
exp;1;nr
phos;1;nr
silci;1;nr
abço;1;nr
poor;1;nr
bizon;1;nr
married;1;nr
expecting;1;nr
warn;1;nr
apologizar;1;ver
mistakes;1;nr
learning;1;nr
presidencies;1;nr
had;1;nr
tripod;1;nr
patriotism;1;nr
spirituality;1;nr
undermines;1;nr
known;1;nr
secret;1;nr
achieve;1;nr
goal;1;nr
wonder;1;nr
wouldn;1;nr
anyone;1;nr
sense;1;nr
bad;1;nr
relative;1;nr
aren;1;nr
concepts;1;nr
abolished;1;nr
young;1;nom
away;1;nr
wind;1;nom
doctrine;1;nr
cling;1;nr
fashionable;1;nr
dress;1;nr
type;1;nr
lacking;1;nr
references;1;nr
existed;1;nr
replaced;1;nr
matter;1;nr
activist;1;nr
cross;1;nr
injustiçar;1;ver
symbols;1;nr
selfishness;1;nr
rainbow;1;nr
yours;1;nr
read;1;nr
bible;1;nr
beauty;1;nr
shocking;1;nr
fashion;1;nr
films;1;nr
seriar;1;ver
sell;1;nr
delivers;1;nr
meaning;1;nr
handle;1;nr
pain;1;nr
told;1;nr
advices;1;nr
commit;1;nr
strange;1;nr
yol;1;nr
dominating;1;nr
foolish;1;nr
declaration;1;nr
third;1;nr
article;1;nr
week;1;nr
fingerprint;1;nr
bacteria;1;nr
child;1;nr
clamp;1;nr
propagate;1;nr
help;1;nr
genocidal;1;nr
sacredness;1;nr
encourages;1;nr
acceptance;1;nr
renew;1;nr
birth;1;nr
else;1;nr
biological;1;nr
get;1;nr
responsible;1;nr
bound;1;nr
ain;1;nr
nobody;1;nr
achieved;1;nr
naive;1;nr
maintain;1;nr
changing;1;nr
weren;1;nr
promising;1;nr
improvar;1;ver
philosopher;1;nr
olo;1;nr
gaval;1;nr
fits;1;nr
socialist;1;nr
chief;1;nr
amazonia;1;nr
disappeared;1;nr
situation;1;nr
looks;1;nr
terrible;1;nr
conservatives;1;nr
danger;1;nr
raise;1;nr
educators;1;nr
dictate;1;nr
directions;1;nr
doctrinate;1;nr
magisterial;1;nr
deliver;1;nr
betrayed;1;nr
classroom;1;nr
activists;1;nr
artists;1;nr
musicians;1;nr
directors;1;nr
promiscuity;1;nr
listening;1;nr
strength;1;nr
neighbor;1;nr
extent;1;nr
reached;1;nr
transcends;1;nr
resonates;1;nr
across;1;nr
generations;1;nr
phrase;1;nr
theirs;1;nr
palte;1;nr
fisica;1;nr
liado;1;nr
defens;1;nr
movimentarmos;1;nr
oasis;1;nr
philip;1;nr
rdade;1;nr
paternal;1;adj
honrá;1;nr
lenen;1;nr
retirá;1;nr
islândia;1;nom
heroicamente;1;adv
abortado;1;adj
eugenismo;1;nr
humo;1;nom
genoc;1;nr
contrar;1;nr
emprendedor;1;nr
bsa;1;nr
bizarres;1;nr
transcor;1;nr
r4000;1;nr
vivão;1;nr
fátimas;1;nr
fatinha;1;nr
doninha;1;nom
qq;1;nr
2k;1;nr
fighter;1;nr
kuma;1;nr
cpx;1;nr
imaginável;1;adj
flertar;1;ver
ceno;1;nr
seráo;1;nr
comobidade;1;nr
mariel;1;nr
957;1;num
brechar;1;ver
e4;1;nr
caracas;1;nom
732;1;num
debre;1;nr
queero;1;nr
galvão;1;nom
moçambique;1;nom
delúbio;1;nr
vacare;1;nr
paloi;1;nr
bedin;1;nr
tigr;1;nr
trêmulo;1;adj
prefitura;1;nr
pris;1;nr
foam;1;nr
pinchar;1;ver
pigão;1;nr
aquo;1;nr
bagulho;1;nom
conjugação;1;nom
vitimista;1;nr
pixar;1;nr
mongoloide;1;nr
safad;1;nr
paulist;1;nr
acial;1;nr
tranquilinho;1;nr
desvairado;1;adj
1977;1;num
tenit;1;nr
lacar;1;ver
fav;1;nr
incriminar;1;ver
continu;1;nr
jason;1;nr
goido;1;nr
cout;1;nr
gais;1;nr
jasel;1;nr
jael;1;nr
pesmo;1;nr
riti;1;nr
gilf;1;nr
aliviado;1;adj
vip;1;adj
meamento;1;nr
caveira;1;nom
discriminar;1;ver
assentamento;1;nom
fidalgaço;1;nr
civilizatória;1;nr
atestamento;1;nr
desnortear;1;ver
normatização;1;nr
nomatizar;1;nr
civilizatórias;1;nr
lambação;1;nr
stefan;1;nr
stephen;1;nr
desestruturação;1;nom
normatizados;1;nr
aação;1;nr
agad;1;nr
chou;1;nr
incidentemente;1;adv
combatente;1;adj
alecar;1;nr
dirigirse;1;nr
decado;1;nr
previamente;1;adv
biométrico;1;adj
certificar;1;ver
computar;1;ver
migração;1;nom
gerenciador;1;adj
cabina;1;nom
adiantarmos;1;nr
eentão;1;nr
prar;1;nr
conheç;1;nr
naga;1;nr
predente;1;nr
dação;1;nom
depis;1;nr
universes;1;nr
esda;1;nr
dilvan;1;nr
afonsa;1;nom
confiado;1;adj
daag;1;nr
mek;1;nr
preocupadíssimos;1;nr
fardado;1;adj
ampliado;1;adj
angustiar;1;ver
audiencias;1;nr
registo;1;nom
sergent;1;nr
rufino;1;nom
anup;1;nr
anp;1;nr
adb;1;nr
acaber;1;nr
oxe;1;nr
marcá;1;nr
paraar;1;nr
daca;1;nr
daed;1;nr
emc;1;nr
scholing;1;nr
advento;1;nom
inventor;1;nom
chaco;1;nr
banhar;1;ver
correger;1;ver
feroz;1;adj
estagnado;1;adj
etos;1;nom
nervo;1;nom
ciático;1;adj
estagne;1;nr
polonês;1;adj
deformação;1;nom
acirrado;1;adj
817;1;num
235;1;num
docência;1;nom
reler;1;ver
oensino;1;nr
doério;1;nr
hisa;1;nr
superficialidade;1;nom
turista;1;nom
boo;1;nr
mua;1;nr
antipedagógico;1;nr
élder;1;nom
precarizar;1;nr
dogmático;1;adj
acontec;1;nr
acobertar;1;ver
amplitude;1;nom
atir;1;nr
r000;1;nr
alk;1;nr
preponderante;1;adj
rush;1;nom
interracial;1;nr
abissal;1;adj
aprend;1;nr
ru;1;nr
buing;1;nr
subscritor;1;nom
madito;1;nr
conté;1;nr
prir;1;nr
manud;1;nr
sãoos;1;nr
piss;1;nr
paramentares;1;nr
crisia;1;nr
cidad;1;nr
senou;1;nr
dur;1;nr
kiona;1;nr
prosar;1;ver
trat;1;nr
622;1;num
municípi;1;nr
682;1;num
sisu;1;nr
277;1;num
neo;1;nr
industrialização;1;nom
attila;1;nr
aar;1;nr
recreadores;1;nr
farpa;1;nom
pée;1;nr
pls;1;nr
redita;1;nr
caloro;1;nr
503;1;num
hber;1;nr
marjo;1;nr
gando;1;nr
imã;1;nom
deã;1;nr
paut;1;nr
armos;1;nr
intentona;1;nom
apologista;1;nom
brigadeiro;1;nom
tolhido;1;adj
uc;1;nr
universalista;1;adj
estapa;1;nr
furd;1;nr
emprender;1;ver
dilmo;1;nr
nisia;1;nr
anelar;1;adj
atribu;1;nr
atri;1;nr
bente;1;nr
troiano;1;nom
adiamento;1;nom
sodar;1;ver
1800;1;num
prescindir;1;ver
aleatoriedade;1;nom
aigu;1;nr
cenoura;1;nom
nutricional;1;adj
155;1;num
839;1;num
abafado;1;adj
2400;1;num
racis;1;nr
aprovamento;1;nr
seará;1;nr
integralidade;1;nom
reinterar;1;nr
climatização;1;nom
hav;1;nr
slip;1;nr
322;1;num
congenciados;1;nr
bullou;1;nr
guache;1;nom
locutor;1;nom
capacitista;1;nr
destrincha;1;nr
masculinidade;1;nom
populacional;1;adj
bn;1;nr
adulterar;1;ver
discriminatório;1;adj
mister;1;nom
segregar;1;ver
toalete;1;nom
unissexy;1;nr
deplante;1;nr
manteníveis;1;nr
emojis;1;nr
nayara;1;nr
arigatô;1;nr
imbecialização;1;nr
estônia;1;nom
corotinho;1;nr
enoque;1;nr
nhoque;1;nom
compasso;1;nom
pateta;1;adj
pedal;1;nom
ajanja;1;nr
choppi;1;nr
mimir;1;nr
maquete;1;nom
denit;1;nr
iorque;1;nom
transpopular;1;nr
imbecializadas;1;nr
segurado;1;nom
mondar;1;ver
thammy;1;nr
deformidade;1;nom
mirela;1;nr
kombi;1;nom
xposed;1;nr
erlando;1;nr
binho;1;nr
titan;1;nr
relatória;1;nr
iamig;1;nr
binete;1;nr
eliane;1;nom
idêntico;1;adj
lisiane;1;nr
evaivado;1;nr
suspeição;1;nom
revelador;1;adj
compulsionamente;1;nr
maioral;1;nom
muski;1;nr
tw;1;nr
aero;1;nr
felizinha;1;nr
vaticano;1;adj
uruguai;1;nom
bancá;1;nr
stu;1;nr
vídeozinho;1;nr
jedias;1;nr
documental;1;adj
polvorosa;1;nom
fegária;1;nr
detenção;1;nom
ateroização;1;nr
deturização;1;nr
vacância;1;nom
goulart;1;nom
raniere;1;nr
mazzilli;1;nom
éjida;1;nr
1946;1;num
marechal;1;nom
fidal;1;nr
siempre;1;nr
lenir;1;ver
144;1;num
mancharmos;1;nr
entrelaçar;1;ver
jade;1;nom
abin;1;nr
esplanados;1;nr
generaldino;1;nr
cíntia;1;nom
gers;1;nr
198;1;num
luganograma;1;nr
im;1;nr
jesse;1;nr
subordinação;1;nom
excursa;1;nr
caxias;1;nom
frontalmente;1;adv
ríspido;1;adj
epnia;1;nr
desprezível;1;adj
vebe;1;nr
subumano;1;adj
envolto;1;adj
congressista;1;adj
veber;1;nr
canália;1;nr
chse;1;nr
basília;1;nr
elencados;1;nr
cpmido;1;nr
alcir;1;nr
investigativo;1;adj
arbitrariedade;1;nom
veicular;1;adj
roy;1;nr
brindalo;1;nr
intervetor;1;nr
qgs;1;nr
velocílio;1;nr
habitariedades;1;nr
balaio;1;nom
esclarecedor;1;adj
celine;1;nr
dion;1;nom
contratual;1;adj
probleminha;1;nr
parceirão;1;nr
grandeso;1;nr
fachin;1;nr
3427;1;num
liminar;1;nom
senasp;1;nr
alongamento;1;nom
paradoxal;1;adj
perplexidade;1;nom
roites;1;nr
debochadinho;1;nr
procedência;1;nom
dilação;1;nom
sumido;1;adj
zoou;1;nr
tonto;1;adj
depedrou;1;nr
vaderneiros;1;nr
telebática;1;nr
confiável;1;adj
policiar;1;ver
dienta;1;nr
runas;1;nr
inviolável;1;adj
autenticasse;1;nr
ampere;1;nom
delgatti;1;nr
nike;1;nom
concreré;1;nr
furna;1;nom
elisatória;1;nr
tolice;1;nom
idiotice;1;nom
fish;1;nr
cb;1;nr
operacionalizar;1;nr
sf;1;nr
varejo;1;nom
xixizinho;1;nr
possuou;1;nr
factose;1;nr
cpni;1;nr
roicas;1;nr
ativandalismo;1;nr
sinicolas;1;nr
encejou;1;nr
invasada;1;nr
luca;1;nom
caretada;1;nr
vislumbrar;1;ver
dpf;1;nr
442;1;num
adpf;1;nr
togado;1;adj
fizessemos;1;nr
retratação;1;nom
isou;1;nr
tempozinho;1;nr
taco;1;nom
beisebol;1;nom
vinheta;1;nom
chezariba;1;nr
lombar;1;adj
imitá;1;nr
cartum;1;nom
deletaram;1;nr
semita;1;adj
esther;1;nr
invisivelmente;1;adv
visivelmente;1;adv
amaldiçoache;1;nr
abba;1;nr
desprender;1;ver
sar;1;nr
sarçar;1;nr
bálsamo;1;nom
bactéria;1;nom
perseverar;1;ver
thales;1;nom
hidratei;1;nr
desidratado;1;adj
confronte;1;adj
mago;1;nom
nabucodonosor;1;nr
eunuco;1;nom
verdura;1;nom
engordar;1;ver
incriminá;1;nr
ferirmos;1;nr
sacramentado;1;adj
refutável;1;adj
posicionassemos;1;nr
persa;1;adj
densidade;1;nom
danielle;1;nr
danielis;1;nr
danieles;1;nr
nicolos;1;nr
frasezinham;1;nr
blackout;1;nr
compulsivamente;1;adv
credencial;1;nom
definando;1;nr
angustiando;1;nr
extravasar;1;ver
prostrei;1;nr
edificador;1;nom
loco;1;nom
werdum;1;nr
ibis;1;nr
lavrador;1;nom
permanecereis;1;nr
desfrutos;1;nr
fóssil;1;nom
persigarão;1;nr
vozei;1;nr
testificará;1;nr
testificarás;1;nr
fisiculturista;1;nom
navegador;1;nom
flanco;1;nom
tinho;1;nr
frutificação;1;nom
clarar;1;nr
385;1;num
eustádio;1;nr
premias;1;nr
nilton;1;nom
recair;1;ver
inconstante;1;adj
acessou;1;nr
acessaram;1;nr
apneia;1;nr
loteria;1;nom
chaveiro;1;nom
iapóta;1;nr
desligamos;1;nr
pintor;1;nom
midiano;1;nr
tanger;1;ver
eclâmpsia;1;nr
mentora;1;nr
lavanderia;1;nom
lavadinha;1;nr
acomorar;1;nr
franklin;1;nom
midiane;1;nr
angular;1;adj
torresmo;1;nom
ndo;1;nr
passatempo;1;nom
tragarem;1;nr
errônicos;1;nr
reiki;1;nr
guerrar;1;nr
resumidamente;1;adv
decaído;1;adj
wilkerson;1;nr
indignadorou;1;nr
depravado;1;adj
acessando;1;nr
expert;1;nr
contudominação;1;nr
depravação;1;nom
primers;1;nr
contrativismo;1;nr
regenerador;1;adj
residencial;1;adj
próton;1;nom
elétron;1;nom
nêutron;1;nom
aguado;1;adj
delícia;1;nom
saciar;1;ver
substancial;1;adj
strogonoff;1;nr
tetelestai;1;nr
entrelinha;1;nom
legalismo;1;nr
pródigo;1;adj
apodrecimento;1;nom
ativação;1;nom
transgressão;1;nom
imerecido;1;adj
masturbação;1;nom
fornicação;1;nom
assolar;1;ver
paleozinho;1;nr
urano;1;nom
arrepiado;1;adj
empolgar;1;ver
irmãozão;1;nr
vertente;1;nom
ferragem;1;nom
pressur;1;nr
deezers;1;nr
iesa;1;nr
abdicar;1;ver
erótico;1;adj
aborrecente;1;nr
sadraque;1;nr
mesaque;1;nr
abednego;1;nr
indecente;1;adj
alistar;1;ver
pregaremos;1;nr
completaremos;1;nr
blindamente;1;nr
adole;1;nr
frutar;1;ver
simpatizante;1;adj
despretensioso;1;adj
receoso;1;adj
precezinha;1;nr
tavarando;1;nr
saint;1;nr
germain;1;nr
alisson;1;nr
becker;1;nom
fabinho;1;nom
orarás;1;nr
controlação;1;nr
ox;1;nr
meteoro;1;nom
indissolúvel;1;adj
acendido;1;adj
filhão;1;nr
mundão;1;nom
abscesso;1;nom
ape;1;nr
apegamos;1;nr
forjouja;1;nr
orados;1;nr
rendido;1;adj
conversível;1;adj
cativante;1;adj
devedor;1;nom
forrar;1;ver
zoador;1;nr
zoadora;1;nr
lustricos;1;nr
orfanato;1;nom
encrenca;1;nom
subjugado;1;adj
potestais;1;nr
yeshua;1;nr
estaca;1;nom
judoca;1;nom
sova;1;nom
lesma;1;nom
pururu;1;nr
vogal;1;nom
assimônicas;1;nr
xícara;1;nom
alça;1;nom
cravo;1;nom
negocina;1;nr
sacerdotal;1;adj
livramentos;1;nr
lacrimejar;1;ver
expirar;1;ver
obscuro;1;adj
capelão;1;nom
larry;1;nr
carregamento;1;nom
rigorosamente;1;adv
exceto;1;pre
provardes;1;nr
inculpáveis;1;nr
filipense;1;nr
incupáveis;1;nr
estatista;1;nr
domesticado;1;adj
customizar;1;nr
ízo;1;nr
mortífero;1;adj
expulsão;1;nom
titubear;1;ver
espiritualiza;1;nr
abençoo;1;nr
prato;1;nom
adivinho;1;nom
amorteceu;1;nr
treinador;1;nom
infantilizando;1;nr
ímpe;1;nr
mocidade;1;nom
aljava;1;nr
rotatório;1;adj
araporanga;1;nr
taguatinga;1;nom
parabelece;1;nr
protestaremos;1;nr
apocalíptico;1;adj
rema;1;nom
entubado;1;nr
longanimidade;1;nom
defensivo;1;adj
algoz;1;nom
canela;1;nom
sims;1;nr
paracaminosa;1;nr
anarquia;1;nom
destroçar;1;ver
macumba;1;nom
judaísmo;1;nom
islamismo;1;nom
tangente;1;adj
sequencial;1;adj
bofe;1;nom
ateísta;1;adj
ampulsar;1;nr
monogâmico;1;adj
alertá;1;nr
impiedade;1;nom
sustentador;1;nom
desconruptos;1;nr
difundido;1;adj
layout;1;nom
1950;1;num
inclinar;1;ver
vivente;1;adj
vivificar;1;ver
desgaia;1;nr
atendente;1;nom
telemarketing;1;nr
despressa;1;nr
elisiel;1;nr
transpor;1;ver
rejuvenescer;1;ver
fugido;1;adj
aninho;1;nr
interpredos;1;nr
supressor;1;adj
playback;1;nr
conhecedor;1;nom
profetizarem;1;nr
entubada;1;nr
ficourou;1;nr
atraímos;1;nr
embriagueis;1;nr
contenda;1;nom
crasear;1;ver
clicado;1;nr
sucessivamente;1;adv
fétido;1;adj
regozi;1;nr
enfrentaremos;1;nr
paulina;1;nom
incenses;1;nr
escolarido;1;nr
consolari;1;nr
onisciência;1;nom
onipotência;1;nom
suplicante;1;adj
esmola;1;nom
psicanalista;1;nom
pimpim;1;nr
coreano;1;nom
vindouro;1;adj
pendência;1;nom
destronará;1;nr
éfeso;1;nr
nicolaítas;1;nr
braz;1;nom
paraisópolis;1;nr
nilópolis;1;nom
jaraguá;1;nom
figueirópolis;1;nr
montalvânia;1;nr
eufórico;1;adj
malhei;1;nr
endorfina;1;nr
acarrentado;1;nr
acalentasse;1;nr
kallenta;1;nr
imensidão;1;nom
luxúria;1;nom
téo;1;nr
fetiva;1;nr
profissionante;1;nr
prumo;1;nom
isaques;1;nr
regalia;1;nom
comprimento;1;nom
imigração;1;nom
budista;1;adj
jogun;1;nr
aglomeração;1;nom
éden;1;nom
eder;1;nom
calejado;1;adj
normalizarmos;1;nr
expandíamos;1;nr
jurisdição;1;nom
denome;1;nr
outorga;1;nom
falido;1;adj
discipulando;1;nr
reverso;1;nom
esdras;1;nom
indignasse;1;nr
animamento;1;nr
ovulamento;1;nr
antenado;1;adj
agnóstico;1;adj
converteiros;1;nr
refrigerar;1;ver
aquietando;1;nr
superabundou;1;nr
discretamente;1;adv
vaz;1;nom
significância;1;nom
dolamins;1;nr
contemporizamos;1;nr
desleixo;1;nom
canalidade;1;nr
dimensional;1;adj
cremosinho;1;nr
mácula;1;nom
ruga;1;nom
sirânicos;1;nr
trança;1;nom
aspacético;1;nr
desconvertidos;1;nr
brailer;1;nr
loucão;1;nr
reconciliei;1;nr
estético;1;adj
amarra;1;nom
enxugas;1;nr
teocracia;1;nom
vulgar;1;adj
bibliofóbico;1;nr
isabella;1;nr
nardoni;1;nr
pescaria;1;nom
probatório;1;adj
especulativo;1;adj
tangível;1;adj
fradulentas;1;nr
blogs;1;nr
batalhamos;1;nr
transcorrer;1;ver
nominado;1;nr
miraculoso;1;adj
harem;1;nr
soeira;1;nr
vasto;1;adj
vasti;1;nr
emboscada;1;nom
revanista;1;nr
chanceler;1;nom
temente;1;adj
purim;1;nr
sossego;1;nom
despojo;1;nom
padeiro;1;nom
grilhão;1;nom
inutilmente;1;adv
escave;1;nr
esterque;1;nr
apairar;1;nr
escape;1;nom
adobe;1;nom
perturbado;1;adj
alucinar;1;ver
nórdico;1;adj
bikes;1;nr
incentivá;1;nr
triunfante;1;adj
ressuscitado;1;adj
oraçãozinha;1;nr
dorminhoco;1;nom
cólico;1;adj
despojado;1;adj
aformosei;1;nr
dízimo;1;nom
jejuados;1;nr
reclamão;1;nr
senteado;1;nr
sentinela;1;nom
muralha;1;nom
petulância;1;nom
cantá;1;nr
bacura;1;nr
vacilavam;1;nr
davizinho;1;nr
uva;1;nom
azeitona;1;nom
lavoura;1;nom
exultarei;1;nr
alegrarei;1;nr
arrebatamento;1;nom
consolem;1;nr
consolado;1;adj
rasudo;1;nr
vencido;1;adj
libra;1;nom
pioneiro;1;adj
valnice;1;nr
milhomem;1;nr
teimoso;1;adj
mosto;1;nom
poderio;1;nom
despertador;1;nom
mentaliza;1;nr
mendigaria;1;nr
entregaríamos;1;nr
enlutado;1;adj
empolvoroso;1;nr
anestesia;1;nom
ardência;1;nom
anoitei;1;nr
ilustrativo;1;adj
sabotamos;1;nr
inundado;1;adj
cool;1;nr
correnteza;1;nom
leandra;1;nom
atu;1;nr
bacharelado;1;nom
homérico;1;adj
videoclipe;1;nom
dvds;1;nr
cury;1;nom
ecossistema;1;nom
bofeteava;1;nr
naufrageado;1;nr
assoitado;1;nr
oscilação;1;nom
estipar;1;nr
abracando;1;nr
desafiante;1;adj
ultrassons;1;nr
adou;1;nr
repouso;1;nom
ultrassonografia;1;nr
touro;1;nom
trabalhassemos;1;nr
transbordo;1;nom
limpado;1;nom
reaproximar;1;ver
fatigarão;1;nr
nadá;1;nr
providencial;1;adj
aquietai;1;nr
rujam;1;nr
embraveceram;1;nr
desolações;1;nr
tai;1;nr
aqueta;1;nr
zaro;1;nr
resiliência;1;nr
predizer;1;ver
desmoronar;1;ver
resfriado;1;nom
tradicionando;1;nr
desdenhar;1;ver
excitar;1;ver
destar;1;nr
design;1;nom
lucado;1;nr
tropeçarão;1;nr
milcar;1;nr
jireh;1;nr
rafah;1;nr
afiliação;1;nom
positivista;1;adj
açucarar;1;ver
perseverem;1;nr
deuteronômio;1;nom
125;1;num
apeguemos;1;nr
grandiosidade;1;nom
impensável;1;adj
habituado;1;adj
infernal;1;adj
educacionamento;1;nr
ouvo;1;nr
saul;1;nom
povoador;1;nom
gidão;1;nr
gideão;1;nr
afe;1;nr
viveiro;1;nom
azamento;1;nr
rebento;1;nom
anseavam;1;nr
ressus;1;nr
tamires;1;nr
aclamarei;1;nr
acalmarei;1;nr
apaixonadamente;1;adv
coroado;1;adj
fundamentação;1;nom
contaminado;1;adj
altivei;1;nr
poupado;1;adj
malho;1;nom
extenso;1;adj
nicolasfera;1;nr
míope;1;adj
ligório;1;nr
forta;1;nr
satisfazê;1;nr
orante;1;nr
oleiro;1;nom
kl;1;nr
mmopq;1;nr
soletrar;1;ver
abecedário;1;nom
oracional;1;adj
impregnado;1;adj
agressividade;1;nom
feitiço;1;nom
evocação;1;nom
simpatia;1;nom
contaminação;1;nom
lactar;1;ver
melvino;1;nr
diaconal;1;nr
presbiteral;1;nr
paróquia;1;nom
sapatear;1;ver
veludo;1;nom
curiosamente;1;adv
indescritível;1;adj
manjedoura;1;nom
sacramentar;1;ver
poema;1;nom
derradeiro;1;adj
manzotti;1;nr
experts;1;nr
semelhantemente;1;adv
inespremíveis;1;nr
sonda;1;nom
calanzas;1;nr
gueto;1;nom
morris;1;nr
dallas;1;nom
cadastravada;1;nr
ativamos;1;nr
antecipação;1;nom
bagagem;1;nom
inesprimíveis;1;nr
desprevenido;1;adj
atemorizar;1;ver
invalidará;1;nr
soparem;1;nr
tumba;1;nom
potestados;1;nr
remarcar;1;ver
mataríamos;1;nr
brilho;1;nom
vaíram;1;nr
idiotizar;1;nr
ouvistem;1;nr
aparecimento;1;nom
reanimá;1;nr
maca;1;nom
rafaela;1;nom
babar;1;ver
espumar;1;ver
úmido;1;adj
afogado;1;adj
orarão;1;nr
intensificar;1;ver
factóides;1;nr
inexistente;1;adj
depredassem;1;nr
roitas;1;nr
factoide;1;nr
conspiracionista;1;nr
exteriorista;1;nr
setung;1;nr
popô;1;nr
manusear;1;ver
aliarpa;1;nr
teologicamente;1;adv
sucinto;1;adj
rositas;1;nr
clandestino;1;adj
chamadoserdofio;1;nr
moraviões;1;nr
abatistas;1;nr
calvinista;1;adj
fazendeiro;1;nom
1700;1;num
moraviados;1;nr
vacilos;1;nr
acalentado;1;adj
sensa;1;nr
beirar;1;ver
reclinar;1;ver
zenete;1;nr
skate;1;nr
invocação;1;nom
sobrenaturalmente;1;adv
infiel;1;adj
tramandaí;1;nr
mutum;1;nom
musculatura;1;nom
tendão;1;nom
caroço;1;nom
regamos;1;nr
aquietarei;1;nr
tocha;1;nom
paralisamos;1;nr
zacarias;1;nom
hipócritamente;1;nr
chopi;1;nr
mudançariam;1;nr
ramadã;1;nr
almejado;1;adj
tortuoso;1;adj
contagiar;1;ver
elvis;1;nom
cooper;1;nom
esburacar;1;ver
serôdio;1;adj
inflamado;1;adj
mutado;1;nr
reformador;1;nom
detrito;1;nom
labareda;1;nom
nicologia;1;nr
alegro;1;nom
biligã;1;nr
harbors;1;nr
adeque;1;nr
aprazer;1;ver
infetar;1;ver
recebeis;1;nr
conserto;1;nom
concerto;1;nom
jugo;1;nom
naira;1;nr
reciprocidade;1;nom
sublimem;1;nr
espanto;1;nom
samara;1;nr
indignidade;1;nom
colossense;1;nr
alvoroçava;1;nr
inico;1;nr
manuseio;1;nom
separá;1;nr
despretensiosamente;1;adv
engrandecedor;1;nr
perdessemos;1;nr
assertivo;1;adj
benigno;1;adj
lóide;1;nr
cestar;1;nr
quietude;1;nom
aquietar;1;ver
etar;1;nr
maldizem;1;nr
diminuamos;1;nr
malignidade;1;nom
corpóreo;1;adj
terapia;1;nom
09;1;num
desconfiar;1;ver
twist;1;nom
mitiu;1;nr
landim;1;nr
homero;1;nom
apresentassemos;1;nr
recriar;1;ver
barão;1;nom
itararé;1;nom
factóide;1;nr
pegasus;1;nr
rodinei;1;nr
proximidade;1;nom
prs;1;nr
vasques;1;nr
acusatório;1;adj
presunção;1;nom
interver;1;ver
rajar;1;ver
gabaglia;1;nom
pregresso;1;adj
durval;1;nr
enviesar;1;ver
exploraremos;1;nr
cronologia;1;nom
privação;1;nom
relatorias;1;nr
ultimato;1;nom
jovenci;1;nr
inquidas;1;nr
mijar;1;ver
essenciar;1;nr
peculato;1;nom
serger;1;nr
tumulti;1;nr
requisição;1;nom
amoraçar;1;nr
inex;1;nr
refusar;1;ver
sweetest;1;nr
reaches;1;nr
highest;1;nr
hearts;1;nr
hmm;1;nr
bit;1;nom
key;1;nr
acento;1;nom
preventivamente;1;adv
potencialmente;1;adv
conceituoso;1;adj
honerem;1;nr
verídico;1;adj
contextualizados;1;nr
totalização;1;nom
descongeoide;1;nr
amodaçar;1;nr
delayon;1;nr
delaynhol;1;nr
estimação;1;nom
serpenido;1;nr
cpmia;1;nr
supetão;1;nom
obtido;1;adj
deslizadas;1;nr
incadiou;1;nr
acareação;1;nom
atrelavam;1;nr
edu;1;nom
astrofísica;1;nom
representá;1;nr
supremacistas;1;nr
242;1;num
semideus;1;nom
divergir;1;ver
húmus;1;nom
serciada;1;nr
paler;1;nr
aglutinar;1;ver
desamarrar;1;ver
mili;1;nr
engordei;1;nr
taz;1;nr
ingestão;1;nom
caratapa;1;nr
dignificar;1;ver
328;1;num
contratudo;1;nr
401;1;num
equipado;1;adj
244;1;num
1016;1;num
eldiosos;1;nr
horizontina;1;nr
mochilinha;1;nr
gradualmente;1;adv
rebatermos;1;nr
serciados;1;nr
lupo;1;nom
incauto;1;nom
balangar;1;nr
gogó;1;nom
discricionário;1;adj
gerência;1;nom
imperial;1;adj
filadélfia;1;nom
valdomiro;1;nom
drenagem;1;nom
sideral;1;adj
638;1;num
433;1;num
cacto;1;nom
prates;1;nom
administ;1;nr
interino;1;adj
adesivinho;1;nr
dormente;1;adj
tratorada;1;nr
comorbidades;1;nr
g8;1;nr
hoffmann;1;nom
tebeth;1;nr
aldo;1;nom
cídio;1;nr
delação;1;nom
estafar;1;ver
stédile;1;nr
carguinho;1;nr
suplicy;1;nom
jbs;1;nr
sônia;1;nom
guajajara;1;nr
guismouken;1;nr
nebulosidade;1;nom
tiburi;1;nr
janomes;1;nr
zezé;1;nom
zambelli;1;nr
amendoentrar;1;nr
tolida;1;nr
reverberada;1;nr
consagrarei;1;nr
simulação;1;nom
desestimular;1;nr
ereção;1;nom
culatra;1;nom
veemência;1;nom
churros;1;nr
tes;1;nr
curvatura;1;nom
harmônico;1;adj
fiesp;1;nr
depedrando;1;nr
governista;1;adj
diretista;1;nr
envergonharam;1;nr
praxetas;1;nr
declaratório;1;adj
acionista;1;adj
intermitente;1;adj
endividamento;1;nom
batalharei;1;nr
skype;1;nr
genuí;1;nr
brócolis;1;nom
investigatório;1;adj
desencarcerar;1;nr
desmistralização;1;nr
discriminalizar;1;nr
desencaceará;1;nr
909;1;num
saidinhas;1;nr
viralize;1;nr
muriaé;1;nr
predifica;1;nr
balé;1;nom
dálmata;1;adj
farofeiro;1;adj
despenalizou;1;nr
difuso;1;adj
impressionei;1;nr
jovemzinho;1;nr
entusiasta;1;nom
bairrista;1;adj
tailândia;1;nom
perdãos;1;nr
penalidade;1;nom
revoltadinhos;1;nr
bolsominion;1;nr
textão;1;nr
prepotente;1;adj
bosteja;1;nr
engomadinho;1;nr
fdp;1;nr
maiúsculo;1;adj
agas;1;nr
leco;1;nr
acampei;1;nr
sesi;1;nr
irritado;1;adj
prostituir;1;ver
conchavo;1;nom
brás;1;nom
jaciara;1;nom
económico;1;adj
homeschool;1;nr
seleau;1;nr
coronelismo;1;nom
buarque;1;nom
rick;1;nr
tapinhos;1;nr
po3092;1;nr
desconfiado;1;adj
hipóteta;1;nr
videopende;1;nr
obrigadão;1;nr
comal;1;nr
nicolá;1;nr
bonaro;1;nr
cuco;1;nom
miscigenado;1;adj
googlesclan;1;nr
concursan;1;nr
criançada;1;nom
enquadrá;1;nr
egler;1;nr
galilei;1;nr
patada;1;nom
autocarro;1;nom
antipático;1;adj
flopou;1;nr
furúnculo;1;nom
flamboy;1;nr
band;1;nr
kagome;1;nr
tuca;1;nr
piru;1;nr
churuco;1;nr
anunes;1;nr
harmonização;1;nom
jamones;1;nr
tradar;1;ver
rondar;1;ver
tragar;1;ver
reaproximação;1;nom
boff;1;nom
desinstalem;1;nr
devagarzinho;1;nr
coral;1;nom
negarizá;1;nr
simplismo;1;nr
materialismo;1;nom
exatidão;1;nom
lota;1;nom
motosseata;1;nr
sonares;1;nr
radialista;1;nom
apresentador;1;nom
selfie;1;nr
refletor;1;adj
paisagem;1;nom
jacko;1;nr
lotor;1;nr
450;1;num
573;1;num
fanático;1;nom
escapatória;1;adj
mimi;1;nr
parceirinho;1;nr
435;1;num
raíssa;1;nr
clicasse;1;nr
867;1;num
6821801;1;num
931;1;num
zerando;1;nr
coalizão;1;nom
argola;1;nom
flu;1;nr
piatã;1;nr
chororó;1;nom
pixel;1;nr
berçario;1;nr
repentinamente;1;adv
coreografia;1;nom
apk;1;nr
papado;1;nom
infrutuosas;1;nr
repreenção;1;nr
coleira;1;nom
cancerígeno;1;adj
potenciadores;1;nr
trovador;1;nom
folclórico;1;adj
translate;1;nr
estornaram;1;nr
apelativo;1;adj
tipificar;1;ver
dilmoney;1;nr
orgasmo;1;nom
reimer;1;nr
tratá;1;nr
dsm;1;nr
psiquiatria;1;nom
disforia;1;nr
aceitá;1;nr
college;1;nr
predictions;1;nr
fundir;1;ver
homsexuais;1;nr
zelaya;1;nr
silmara;1;nom
sacro;1;adj
distinguir;1;ver
literal;1;adj
autógrafo;1;nom
rey;1;nr
advec;1;nr
acabamento;1;nom
sumário;1;nom
luigi;1;nom
guinho;1;nr
excludente;1;adj
guardinha;1;nr
pacha;1;nr
alkohole;1;nr
terminação;1;nom
vetor;1;nom
mariane;1;nr
fran;1;nr
217;1;num
aped;1;nr
refogar;1;ver
albino;1;adj
poda;1;nom
portátil;1;adj
karla;1;nr
mosteiro;1;nom
mesquita;1;nom
transfobias;1;nr
fob;1;nr
vaginos;1;nr
percussão;1;nom
30cm;1;nr
empoderado;1;nr
rings;1;nr
404;1;num
soldar;1;ver
andança;1;nom
nojinho;1;nr
burocratização;1;nom
362;1;num
888;1;num
monção;1;nom
calil;1;nr
reiniciação;1;nr
hot;1;adj
wheels;1;nr
ben;1;nom
resuminho;1;nr
109;1;num
barulheira;1;nom
desocupado;1;adj
hunan;1;nr
kiko;1;nr
kuhn;1;nom
dezesseis;1;adj_num
personne;1;nr
platinum;1;nr
desvencilhar;1;ver
disparar;1;ver
xvii;1;nr
dora;1;nom
recortar;1;ver
jaula;1;nom
extimpaes;1;nr
neutral;1;adj
litúrgico;1;adj
dislexos;1;nr
pachar;1;nr
impessoal;1;adj
inconsciente;1;adj
longíssimos;1;nr
gramaticalmente;1;adv
relegar;1;ver
claudinei;1;nom
esmiuçar;1;ver
tripartição;1;nom
transige;1;nr
eleitorino;1;nr
beriam;1;nr
isolores;1;nr
contido;1;adj
bolsononista;1;nr
auê;1;nr
haras;1;nom
abortiça;1;nr
baixão;1;nr
lol;1;nr
maqu;1;nr
bartô;1;nr
engle;1;nr
incubar;1;ver
vincar;1;ver
raciocinei;1;nr
peep;1;nr
kale;1;nr
buteco;1;nr
digestão;1;nom
imobilizar;1;ver
cortante;1;adj
gala;1;nom
anarquismo;1;nom
sedendo;1;nr
dua;1;nr
fenda;1;nom
turfa;1;nom
hip;1;ono
hop;1;nr
perdidinha;1;nr
vermelindo;1;nr
educamos;1;nr
paradinho;1;nr
jogadorzinho;1;nr
amador;1;adj
vermelhido;1;nr
cruzado;1;adj
cabano;1;adj
aulão;1;nr
designer;1;nom
maturação;1;nom
paranormal;1;nr
enésio;1;nr
bueno;1;nom
adestrar;1;ver
grafia;1;nom
detê;1;nr
nicolaska;1;nr
kaumarc;1;nr
nikon;1;nr
famosinho;1;nr
thalita;1;nr
félix;1;nom
colorizar;1;ver
aterro;1;nom
inflamável;1;adj
windo;1;nr
mbr;1;nr
sintetizar;1;ver
adorismo;1;nr
outrem;1;pro_ind
caule;1;nom
sipagnet;1;nr
misao;1;nr
mastigadinho;1;nr
baladinha;1;nr
nivelar;1;ver
nivelei;1;nr
aceleração;1;nom
ave;1;nom
frozen;1;nr
hígia;1;nr
acréscimo;1;nom
hidrogênio;1;nom
curinga;1;nom
presentear;1;ver
directo;1;adj
colete;1;nom
sombreadores;1;nr
hambúrguer;1;nom
sapecar;1;ver
polishop;1;nr
aferrar;1;ver
pof;1;nr
henes;1;nr
picar;1;ver
fit;1;nr
bã;1;nr
1934;1;num
glamourização;1;nr
midi;1;nr
bugando;1;nr
repostar;1;ver
aboim;1;nr
boletinho;1;nr
preciosidade;1;nom
pincelar;1;ver
despreocupado;1;adj
ib;1;nr
nf;1;nr
limão;1;nom
christopher;1;nom
gálata;1;nom
biligran;1;nr
impureza;1;nom
idolatria;1;nom
odio;1;nr
discórdia;1;nom
dissensão;1;nom
embriaguez;1;nom
aditivada;1;nr
evangelizarmos;1;nr
barrigudo;1;nom
prostíbulo;1;nom
ibiza;1;nr
cínico;1;adj
transcendental;1;adj
receptor;1;nom
opioides;1;nr
dopamina;1;nr
grudar;1;ver
vidona;1;nr
sensorialmente;1;adv
tentador;1;adj
aleksandr;1;nr
comuista;1;nr
cazaquistão;1;nom
shampoo;1;nr
satanismo;1;nom
chef;1;nr
conhecê;1;nr
estradeiro;1;adj
estável;1;adj
1951;1;num
escultor;1;nom
cinzel;1;nom
harmonioso;1;adj
jiló;1;nom
vivê;1;nr
tolentino;1;nom
cônjuge;1;nom
natimorto;1;nom
119;1;num
tergente;1;nr
elson;1;nr
martelar;1;ver
dormência;1;nom
indeterminado;1;adj
fasso;1;nr
volante;1;nom
darwin;1;nom
amparar;1;ver
repetente;1;adj
xô;1;ono
frivel;1;nr
carneiro;1;nom
mui;1;adv
eugenia;1;nom
durali;1;nr
titi;1;nr
secre;1;nr
juizo;1;nr
gaguejar;1;ver
imperceptível;1;adj
aeromoça;1;nom
vizeram;1;nr
marita;1;nr
normazinha;1;nr
rack;1;nr
burlar;1;ver
achatar;1;ver
va;1;nr
reaquecer;1;ver
adrianópolis;1;nom
edilene;1;nr
adoidado;1;adj
africar;1;ver
tav;1;nr
turnê;1;nom
transladar;1;ver
marielen;1;nr
cachadinha;1;nr
cmbh;1;nr
pizzaria;1;nom
riff;1;nr
raff;1;nr
recuado;1;adj
precaução;1;nom
valdonado;1;nr
llamo;1;nr
acessório;1;nom
trópico;1;nom
codemig;1;nr
urbanização;1;nom
friday;1;nr
varinha;1;nom
fazedor;1;nom
saturno;1;adj
délhi;1;nr
neologica;1;nr
vao;1;nr
embrearam;1;nr
amparamos;1;nr
eslovaco;1;adj
tatra;1;nr
strauss;1;nr
bolsominio;1;nr
karnal;1;nr
gafe;1;nom
jogral;1;nom
mdl;1;nr
problemão;1;nr
ix;1;nr
afetividade;1;nom
afetivamente;1;adv
conquistá;1;nr
irritação;1;nom
concept;1;nr
bisexual;1;nr
intersexual;1;nr
cuir;1;nr
boticário;1;nom
mastercard;1;nr
postiço;1;adj
malão;1;nr
alision;1;nr
relaxamento;1;nom
excel;1;nom
desmonetizados;1;nr
boia;1;nr
girafa;1;nom
desserviço;1;nom
toxina;1;nom
vacinal;1;adj
concepcionais;1;nr
periódico;1;adj
carmelo;1;nom
tentáculo;1;nom
il;1;nr
intolerável;1;adj
tolerável;1;adj
sereio;1;nr
desperdício;1;nom
comunicaciones;1;nr
recomeço;1;nom
oval;1;adj
entressafra;1;nom
respingo;1;nom
turístico;1;adj
alínea;1;nom
adequali;1;nr
canelo;1;nom
lucy;1;nr
cronômetro;1;nom
gaming;1;nr
filipe;1;nom
medeiros;1;nom
charizard;1;nr
escasso;1;adj
arroba;1;nom
nanar;1;ver
overdose;1;nom
vencestes;1;nr
detran;1;nr
tatuí;1;nom
transcendência;1;nom
almo;1;nr
renderemos;1;nr
leo;1;nr
zinco;1;nom
oficina;1;nom
wars;1;nr
nutricionista;1;nom
brigalhada;1;nom
emir;1;nom
neck;1;nr
procê;1;nr
kabuto;1;nr
obesidade;1;nom
maizena;1;nom
automated;1;nr
robata;1;nr
amolecer;1;ver
gajar;1;ver
cobiça;1;nom
vacinei;1;nr
amadurecimento;1;nom
bragança;1;nom
salãozinho;1;nr
pixan;1;nr
blitzkrieg;1;nom
paulatinamente;1;adv
convencional;1;adj
crimeia;1;nr
toy;1;nr
uniformizar;1;ver
chantagear;1;ver
morna;1;adj
strategic;1;nr
putty;1;nr
lips;1;nr
mary;1;nom
troço;1;nom
impopular;1;adj
bertil;1;nr
cinematográfico;1;adj
visacro;1;nr
consultor;1;nom
suborno;1;nom
torrent;1;nr
porrete;1;nom
garantidor;1;adj
perfor;1;nr
bizu;1;nr
computing;1;nr
descredibilizados;1;nr
tronto;1;nr
reset;1;nr
camente;1;nr
energético;1;adj
reassumir;1;ver
blinder;1;nr
sulamerica;1;nr
sipec;1;nr
prescrever;1;ver
fretar;1;ver
parco;1;nom
palito;1;nom
cerca;1;nom
tupac;1;nr
opus;1;nom
trabajadores;1;nr
mik;1;nr
esquerda;1;adj
commune;1;nr
chileno;1;adj
extrapolitico;1;nr
jabazão;1;nr
oz;1;nr
desvitalização;1;nr
romantização;1;nr
degradar;1;ver
alucinógeno;1;adj
selena;1;nr
justificado;1;adj
tristão;1;nom
perfeitinha;1;nr
dakar;1;nom
medicinal;1;adj
1988;1;num
perifa;1;nr
automação;1;nom
arcoverde;1;nom
tretinha;1;nr
hubble;1;nr
gagliasso;1;nr
bimassa;1;nr
lennon;1;nr
mb;1;nr
prada;1;nr
tecedor;1;nom
churrasqueiro;1;nom
dináh;1;nr
petisco;1;nom
indecoroso;1;adj
cyro;1;nom
nezinho;1;nr
pedofe;1;nr
db;1;nr
lésbica;1;nom
fólico;1;adj
dicar;1;ver
exagerado;1;adj
brega;1;nom
harvey;1;nr
milk;1;nr
galã;1;nom
cabeleireiro;1;nom
subconsciente;1;nom
evolucionário;1;adj
conotativo;1;adj
bradesco;1;nom
logia;1;nr
paracuru;1;nr
timor;1;nr
rígido;1;adj
nacionalizar;1;ver
abacate;1;nom
juba;1;nom
mancha;1;nom
rabanete;1;nom
rabanel;1;nr
actividade;1;nom
btt;1;nr
sabá;1;nr
boina;1;nom
llegando;1;nr
player;1;nr
resguardo;1;nom
palheiro;1;nom
talibã;1;nr
temperado;1;adj
paulinha;1;nr
amoedar;1;ver
recreio;1;nom
tradutor;1;nom
bajulador;1;adj
casaca;1;nom
bajular;1;ver
dezoito;1;adj_num
morgado;1;nom
russel;1;nom
benjamin;1;nom
wilker;1;nr
helô;1;nr
endoidar;1;ver
belezinhas;1;nr
publix;1;nr
doidou;1;nr
licorzinho;1;nr
tóquio;1;nom
hamilton;1;nom
paio;1;adj
encosto;1;nom
pontocom;1;nr
toronto;1;nom
devagar;1;adv
agumentativa;1;nr
licor;1;nom
capitular;1;adj
mcfly;1;nr
emily;1;nom
reformista;1;adj
konder;1;nr
negativação;1;nr
capotar;1;ver
marise;1;nr
backstreet;1;nr
nogueira;1;nom
294;1;num
romário;1;nom
borra;1;nom
somebody;1;nr
slim;1;nr
fast;1;nr
ultimamente;1;adv
numeração;1;nom
oxidar;1;ver
fun;1;nr
upar;1;ver
hipotético;1;adj
wyllys;1;nr
lotov;1;nr
labanca;1;nr
bagaça;1;nr
enjoar;1;ver
queiroga;1;nr
herval;1;nr
resultante;1;adj
duplicar;1;ver
engavetador;1;nr
pontear;1;ver
carai;1;nr
fígado;1;nom
cornerback;1;nr
imunizante;1;nr
transgênico;1;nom
butantã;1;nom
contracorrente;1;nom
butantan;1;nr
costurei;1;nr
piquenique;1;nom
palace;1;nr
879;1;num
exportador;1;nom
embargo;1;nom
transacionar;1;ver
pirsant;1;nr
bot;1;nr
alfinetado;1;nom
blazer;1;nom
taliria;1;nr
petrone;1;nr
impítima;1;nr
vibração;1;nom
microsffer;1;nr
ponteira;1;nom
cbo;1;nr
blog;1;nr
angeles;1;nom
aquí;1;nr
iran;1;nom
hilarino;1;nr
bell;1;nom
paliar;1;ver
lândia;1;nr
vibrei;1;nr
virador;1;nom
acelerador;1;adj
isqueiro;1;nom
implodir;1;nr
adm;1;nr
costureiro;1;nom
telegrama;1;nom
valência;1;nom
improcedente;1;adj
salvaterra;1;nr
pormenor;1;nom
fiscalizatório;1;nr
pow;1;nr
choquinho;1;nr
vacinando;1;nr
0319;1;num
8484;1;num
19844;1;num
142857;1;num
cardiologista;1;nom
cti;1;nr
2110;1;num
hermes;1;nom
vilchez;1;nr
guerrero;1;nr
brothers;1;nr
boçal;1;adj
impresiones;1;nr
ajustiçar;1;ver
corona;1;nom
rebaixo;1;nom
excusando;1;nr
gontinhos;1;nr
recuarei;1;nr
174;1;num
internauta;1;nr
coleguinhas;1;nr
jovialidade;1;nom
porishop;1;nr
sediar;1;ver
evaristo;1;nom
dawn;1;nr
tocá;1;nr
tulipa;1;nom
submetralhadora;1;nom
escopeta;1;nom
muniz;1;nom
news24;1;nr
prp;1;nr
conca;1;nr
laivar;1;ver
consulado;1;nom
simplista;1;adj
lipe;1;nr
frank;1;nom
anticomunismo;1;nom
nobel;1;nom
topzera;1;nr
delicioso;1;adj
demonize;1;nr
colação;1;nom
mocional;1;nr
resistente;1;adj
ameríndio;1;adj
calvinismo;1;nom
cabrito;1;nom
juazeiro;1;nom
salzinho;1;nr
blacklights;1;nr
blackwell;1;nr
1672;1;num
inoperância;1;nom
utopia;1;nom
risca;1;nom
fortal;1;nr
ligadinho;1;nr
empurradinha;1;nr
fontenelle;1;nr
madonna;1;nom
asus;1;nr
impermetal;1;nr
braulio;1;nr
overloque;1;nom
brandão;1;nom
carlinhos;1;nom
deslaciar;1;nr
delivery;1;nr
birds;1;nr
vulneração;1;nr
pojuca;1;nr
magaly;1;nr
brooklin;1;nr
daninho;1;adj
kilos;1;nr
magnetight;1;nr
sartre;1;nom
trotsky;1;nom
amniótico;1;adj
viaduto;1;nom
propensão;1;nom
emissão;1;nom
pediatria;1;nom
letalidade;1;nom
internação;1;nom
lençol;1;nom
resguardei;1;nr
tomaz;1;nr
197;1;num
1200000;1;num
laires;1;nr
camburão;1;nom
propago;1;nr
corolla;1;nr
applaudir;1;nr
vênus;1;nom
escultura;1;nom
realçar;1;ver
abastado;1;adj
assíduo;1;adj
cartada;1;nom
focinho;1;nom
chalai;1;nr
administrativamente;1;adv
heitor;1;nom
caique;1;nr
anapu;1;nr
trezentos;1;adj_num
bhz;1;nr
vc;1;nr
myllena;1;nr
brunch;1;nr
barbearia;1;nom
profetinho;1;nr
pororó;1;nr
assumido;1;adj
obscurantista;1;adj
obstrutivo;1;adj
textura;1;nom
cédula;1;nom
obscurantismo;1;nom
retroculus;1;nr
nec;1;nr
reacionário;1;adj
audácia;1;nom
parcelam;1;nr
vítor;1;nom
roseli;1;nom
trancamento;1;nom
releito;1;nr
restritivo;1;adj
decretado;1;adv
cipec;1;nr
cepac;1;nr
incipiente;1;adj
turnpoint;1;nr
sinuca;1;nom
graduar;1;ver
prince;1;nr
arquivamento;1;nom
governação;1;nom
abarrotar;1;ver
espujam;1;nr
derraik;1;nr
possue;1;nr
dickless;1;nr
saião;1;nom
piriguete;1;nr
delegaciones;1;nr
sinou;1;nr
consultório;1;nom
panabor;1;nr
antonina;1;nom
a189;1;nr
hospitalidade;1;nom
cartago;1;nom
moribundo;1;adj
rodney;1;nom
stark;1;nr
elton;1;nr
271;1;num
devastador;1;adj
tuberculose;1;nom
1817;1;num
tracionar;1;ver
gazeta;1;nom
1908;1;num
1919;1;num
1880;1;num
expedição;1;nom
criminis;1;nr
postulatório;1;adj
amaro;1;adj
d10;1;nr
pretto;1;nr
grow;1;nr
biólogo;1;nom
saliva;1;nom
cuidadoso;1;adj
suel;1;nr
biruliru;1;nr
declinação;1;nom
míssil;1;nom
projetinhos;1;nr
estojo;1;nom
isis;1;nom
valentina;1;nom
atrofia;1;nom
muscular;1;adj
espinhal;1;adj
destratar;1;ver
desmamar;1;ver
visconde;1;nom
degração;1;nr
ratio;1;nr
torso;1;nom
uníssono;1;adj
califa;1;nom
espação;1;nr
costura;1;nom
ball;1;nr
pedágio;1;nom
mir;1;nr
laçar;1;ver
pe;1;nr
realocação;1;nr
desertar;1;ver
msp;1;nr
profissionalmente;1;adv
cingapura;1;nom
capu;1;nr
strass;1;nr
chicago;1;nom
estratosférico;1;adj
zojila;1;nr
catarismo;1;nr
adido;1;nom
proporci;1;nr
equivalência;1;nom
tecidinho;1;nr
neurocirurgião;1;nom
miuras;1;nr
quinhentos;1;adj_num
cidinha;1;nr
aptidão;1;nom
acentuar;1;ver
windows;1;nom
programador;1;nom
varal;1;nom
mentality;1;nr
pelé;1;nom
equalizar;1;nr
coruja;1;nom
infame;1;adj
capotarias;1;nr
i30;1;nr
matan;1;nr
pescado;1;nom
1818;1;num
jeitão;1;nom
euzinho;1;nr
multijovem;1;nr
forro;1;nom
subtipo;1;nom
soprador;1;nom
monismo;1;nom
reprovável;1;adj
praticante;1;nom
maicon;1;nr
confortante;1;adj
confrontante;1;nom
pesqueiro;1;adj
acalentara;1;nr
ilusório;1;adj
ametista;1;nom
transcrever;1;ver
folgado;1;adj
mousse;1;nom
kegel;1;nr
388;1;num
escovar;1;ver
aptar;1;ver
posar;1;ver
suzaninha;1;nr
cata;1;nom
depiroll;1;nr
justiceiro;1;adj
zebra;1;nom
profundeza;1;nom
mandioca;1;nom
mpl;1;nr
katy;1;nr
contração;1;nom
confeiteiro;1;nom
colonize;1;nr
penarise;1;nr
migar;1;ver
julia;1;nom
ortografia;1;nom
ilan;1;nr
binaris;1;nr
enix;1;nr
neutre;1;nr
spoke;1;nr
luminosity;1;nr
elx;1;nr
anfolo;1;nr
lete;1;nr
athletic;1;nr
mineiri;1;nr
vasc;1;nr
gummy;1;nr
aló;1;nr
flameng;1;nr
palmeira;1;nom
sport;1;nr
bull;1;nom
donar;1;nr
gouveia;1;nom
ted;1;nom
carato;1;nr
retardadice;1;nr
caster;1;nr
sleiman;1;nr
designei;1;nr
darley;1;nr
jaqueline;1;nom
jennifer;1;nom
christie;1;nom
simplório;1;adj
cesária;1;nr
induzido;1;adj
imprudente;1;adj
ina;1;nr
atraente;1;adj
cesárea;1;adj
zig;1;nr
nei;1;nr
intensivo;1;adj
cartola;1;nom
alcídio;1;nom
ópio;1;nom
surpresinha;1;nr
diaboli;1;nr
comics;1;nr
esquerdismo;1;nom
agoram;1;nr
abacaxi;1;nom
cuian;1;nr
acrolândia;1;nr
willis;1;nr
prum;1;nr
woods;1;nr
enforcado;1;adj
superaquecer;1;ver
arquipélogo;1;nr
227;1;num
étant;1;nr
encará;1;nr
bordo;1;nom
karev;1;nr
contristar;1;ver
oseias;1;nr
despedaçar;1;ver
1926;1;num
1937;1;num
genialidade;1;nom
revis;1;nr
flagramos;1;nr
moneycontrol;1;nr
granjo;1;nr
varredura;1;nom
palmar;1;nom
encomendar;1;ver
grammys;1;nr
cromossoma;1;nom
xyxx;1;nr
estrógeno;1;nom
subtrair;1;ver
vidente;1;nom
tônus;1;nom
ricardão;1;nom
shell;1;nom
indirect;1;nr
sweet;1;nr
3d;1;nr
classf;1;nr
avoiding;1;nr
joke;1;nr
sur;1;nr
jujuba;1;nom
intragênero;1;nr
stephanie;1;nr
condado;1;nom
maricopa;1;nr
extração;1;nom
dentário;1;adj
colorir;1;ver
castaldo;1;nr
tipicidade;1;nom
procriar;1;ver
prole;1;nom
procriação;1;nom
geki;1;nr
espetado;1;adj
pig;1;nr
indra;1;nr
escandinavo;1;adj
desestruturar;1;nr
bojo;1;nom
229;1;num
carona;1;nom
2131;1;num
exagero;1;nom
tapioca;1;nom
cabresto;1;nom
duo;1;nom
ufc;1;nr
digitador;1;nom
passeata;1;nom
treinarei;1;nr
franquear;1;ver
florestal;1;adj
ensanguentar;1;ver
daquidali;1;nr
descuido;1;nom
puck;1;nr
napo;1;nr
aggeo;1;nr
floco;1;nom
hetero;1;nr
coo;1;nr
emmett;1;nr
soft;1;nr
seminu;1;adj
abelha;1;nom
tira;1;nom
esfriará;1;nr
piamente;1;adv
grosseiro;1;adj
enricar;1;ver
corradini;1;nr
1935;1;num
carácter;1;nom
resquício;1;nom
harmonizarmos;1;nr
arbitragem;1;nom
rhesus;1;nr
remodelar;1;ver
bumbum;1;nom
modelagem;1;nom
remodelagem;1;nom
fático;1;adj
olimpo;1;nr
facista;1;nr
mundista;1;nr
portariado;1;nr
estatizante;1;adj
melzinha;1;nr
sencillos;1;nr
acepção;1;nom
realizador;1;nom
leviatã;1;nr
benito;1;nom
coradini;1;nr
ak;1;nr
terapeuta;1;nom
infectologista;1;adj
uip;1;nr
mandetta;1;nr
desbloqueio;1;nom
tecla;1;nom
canaã;1;nom
intriguinha;1;nr
candida;1;nr
danbilzeria;1;nr
multimilionário;1;adj
bilzerian;1;nr
empoderamento;1;nr
tapão;1;nr
buzina;1;nom
romantizar;1;ver
cin;1;nr
luiza;1;nom
objetificar;1;nr
sonza;1;nr
miosina;1;nom
dobradura;1;nom
hudson;1;nr
relaxado;1;adj
anoitecer;1;nom
danoninho;1;nr
dramaturgia;1;nom
puxão;1;nom
pilão;1;nom
interpass;1;nr
crack;1;nom
carvão;1;nom
magoga;1;nr
demagogo;1;adj
ipsemg;1;nr
virus;1;nr
galisteu;1;nom
desembolsar;1;ver
gastarei;1;nr
desembolsei;1;nr
hair;1;nr
finalista;1;adj
145;1;num
1600;1;num
kfc;1;nr
jk;1;nr
ulysses;1;nom
montoro;1;nom
314;1;num
venerado;1;adj
nuestra;1;nr
lutia;1;nr
macedo;1;nom
despropriação;1;nr
1978;1;num
vtr;1;nr
kosel;1;nr
quadragésimo;1;adj_num
pasep;1;nr
infraero;1;nr
ctn;1;nr
nati;1;nr
centenário;1;nom
sway;1;nr
cry;1;nr
bread;1;nr
machine;1;nr
recipes;1;nr
field;1;nr
galaxy;1;nr
single;1;nr
user;1;nr
shot;1;nr
betty;1;nr
nelcy;1;nr
codinome;1;nom
jadson;1;nr
lucrativo;1;adj
moleiro;1;nom
headshot;1;nr
cavallotti;1;nr
rabiola;1;nr
bundinha;1;nr
omar;1;nom
criptografia;1;nom
hídrico;1;adj
conformes;1;nom
biodança;1;nr
linné;1;nr
dse;1;nr
cocô;1;nom
engatinhar;1;ver
néné;1;nr
suficientemente;1;adv
tricotomia;1;nom
consistente;1;adj
munir;1;ver
irene;1;nom
cleide;1;nom
niclos;1;nr
jaime;1;nom
malcom;1;nr
messi;1;nr
ppp;1;nr
antibíblico;1;nr
latir;1;ver
hori;1;nr
click;1;nr
transportador;1;nom
pas;1;nr
néon;1;nom
iniqüidade;1;nom
propulsor;1;nom
irracionalidade;1;nom
bc;1;nr
apps;1;nr
hatch;1;nr
espaçoso;1;adj
staff;1;nom
tacógrafo;1;nr
processá;1;nr
dax;1;nr
turco;1;adj
conference;1;nr
hill;1;nom
unitário;1;adj
aleatoriamente;1;adv
button;1;nr
festividade;1;nom
cessante;1;adj
kodak;1;nr
turim;1;nom
supersport;1;nr
paradigma;1;nom
trapa;1;nom
mairo;1;nr
fk;1;nr
dodói;1;adj
solution;1;nr
sind;1;nr
utar;1;ver
colorado;1;nom
mocchi;1;nr
csa;1;nr
diana;1;nom
mourinho;1;nr
leograf;1;nr
mornay;1;nr
entrância;1;nom
mizera;1;nr
opel;1;nr
astra;1;nr
holandês;1;adj
cce;1;nr
rapper;1;nr
moletom;1;nom
nitro;1;nom
emicida;1;nr
invencível;1;adj
maps;1;nr
acontendo;1;nr
atlantic;1;nr
tour;1;nr
martim;1;nom
camb;1;nr
falcão;1;nom
repugnância;1;nom
lobito;1;nr
collor;1;nom
picareta;1;nom
pinga;1;nom
assembléia;1;nom
unificador;1;adj
transformers;1;nr
ibérico;1;adj
sinfonia;1;nom
impostor;1;nom
miller;1;nom
filêmon;1;nr
nato;1;adj
quirguistão;1;nr
cei;1;nr
entrincheirar;1;ver
oxítono;1;adj
agonizar;1;ver
iraniano;1;adj
indonésio;1;adj
nsa;1;nr
gasoduto;1;nom
evacuação;1;nom
ifr;1;nr
evacuar;1;ver
diplomata;1;nom
seqüestrar;1;ver
ivo;1;nom
diplomação;1;nom
vôo;1;nom
garagem;1;nom
otan;1;nr
dn;1;nr
pizarro;1;nom
luxuoso;1;adj
istambul;1;nom
brilhantemente;1;adv
competition;1;nr
ladainha;1;nom
xampu;1;nom
tung;1;nr
cimar;1;nr
galáxia;1;nom
projecto;1;nom
prolama;1;nr
informá;1;nr
denunciá;1;nr
abiental;1;nr
gasa;1;nr
palesa;1;nr
kofi;1;nr
rosso;1;nr
rod;1;nr
nora;1;nom
maxwell;1;nom
chipre;1;nom
martín;1;nom
diá;1;nr
defasar;1;ver
superfaturamento;1;nom
sarholz;1;nr
pôster;1;nom
afixar;1;ver
ft;1;nr
zimbábue;1;nom
angola;1;nom
guiné;1;nom
equatorial;1;adj
gabão;1;nom
monitorando;1;nr
marteletes;1;nr
magrelistat;1;nr
sovaco;1;nom
colíder;1;nr
britan;1;nr
gangue;1;nom
nacionalista;1;adj
magnet;1;nr
andreia;1;nr
orkut;1;nr
musicista;1;nom
medieval;1;adj
claudinho;1;nom
ambiência;1;nom
carreta;1;nom
partid;1;nr
fomento;1;nom
hges;1;nr
atividad;1;nr
peregrinação;1;nom
apadrinhamento;1;nom
prioriza;1;nr
recorrentemente;1;adv
nulidade;1;nom
amostradinho;1;nr
batonzinho;1;nr
quant;1;nr
próconha;1;nr
ceto;1;nr
bebra;1;nr
deção;1;nr
pistação;1;nr
cronológico;1;adj
banqueiro;1;nom
sensitário;1;nr
dissorções;1;nr
sobrepore;1;nr
sonic;1;nr
oei;1;nr
exantes;1;nr
expost;1;nr
enfimar;1;nr
descontinuidade;1;nom
cantari;1;nr
compassivo;1;adj
tributo;1;nom
júni;1;nr
af;1;nr
stor;1;nr
seleto;1;adj
ministrarmos;1;nr
genju;1;nr
avarento;1;nom
caluniador;1;nom
incontinente;1;adj
obstinado;1;adj
afastaste;1;nr
inércias;1;nr
concur;1;nr
cências;1;nr
autoconhecimento;1;nr
escoar;1;ver
esvair;1;ver
desob;1;nr
regressão;1;nom
aquecido;1;adj
esaro;1;nr
condida;1;nr
iníquo;1;adj
inha;1;nr
pirão;1;nom
obadias;1;nr
obati;1;nr
deria;1;nr
diver;1;nr
vs;1;nr
sinti;1;nr
ismaelitas;1;nr
onrar;1;nr
bombástico;1;adj
tubaína;1;nr
roteirismo;1;nr
desperdiçado;1;adj
edificação;1;nom
futurólogo;1;nom
blitz;1;nom
logins;1;nr
questionável;1;adj
essenciamento;1;nr
atrelamento;1;nr
estran;1;nr
emos;1;nr
elhe;1;nr
flav;1;nr
abaixos;1;nr
atrapalhado;1;adj
leveo;1;nr
decouro;1;nr
cif;1;nr
lari;1;nr
atiros;1;nr
nosss;1;nr
confianç;1;nr
liber;1;nr
engulir;1;nr
graas;1;nr
duplação;1;nr
interceção;1;nr
cn;1;nr
arass;1;nr
tuuba;1;nr
malek;1;nr
fadigada;1;nr
ziclague;1;nr
pilhar;1;ver
asson;1;nr
interment;1;nr
ladroagem;1;nom
molec;1;nr
frigorífico;1;nom
tolido;1;nr
amales;1;nr
abundante;1;adj
cepec;1;nr
suu;1;nr
pujança;1;nom
destemor;1;nom
eclesiaste;1;nr
irredutível;1;adj
vingativo;1;adj
esc;1;nr
projeção;1;nom
terceirizam;1;nr
primariamente;1;adv
trelado;1;nr
converso;1;nom
casting;1;nr
conspirar;1;ver
sobebe;1;nr
arão;1;nom
desbaratado;1;adj
unid;1;nr
contemporização;1;nom
neomarxismo;1;nr
jp;1;nr
tuu;1;nr
maximizar;1;ver
afinamento;1;nom
trovejar;1;ver
565;1;num
afligido;1;adj
reparador;1;nom
nozor;1;nr
danieis;1;nr
sters;1;nr
josés;1;nr
ciros;1;nr
cavaquinho;1;nom
ipir;1;nr
estof;1;nr
vol;1;nr
estrofe;1;nom
retumbante;1;adj
intan;1;nr
primacial;1;adj
curador;1;nom
gotinho;1;nr
picado;1;adj
flud;1;nr
actino;1;nr
viandar;1;ver
úmero;1;nom
jange;1;nr
lul;1;nr
aan;1;nr
planal;1;nr
alimin;1;nr
28000;1;num
umum;1;nr
cando;1;nr
oar;1;nr
disne;1;nr
lud;1;nr
mila;1;nr
vcá;1;nr
márciava;1;nr
tofoly;1;nr
vorcá;1;nr
desaprovação;1;nom
marabalismo;1;nr
talo;1;nom
gradativo;1;adj
ens;1;nr
roubável;1;nr
lesão;1;nom
edes;1;nr
rut;1;nr
cará;1;nom
denominador;1;nom
reuters;1;nr
incancelável;1;nr
sigiloso;1;adj
trilhionária;1;nr
focal;1;adj
bic;1;nr
lada;1;nom
esvavriu;1;nr
picanhas;1;nr
nádega;1;nom
legging;1;nr
cavalgar;1;ver
pacificidade;1;nr
semim;1;nr
sabesp;1;nr
juno;1;nom
lucineia;1;nr
nar;1;nr
jadil;1;nr
vilsão;1;nr
ron;1;nr
marcelão;1;nr
mai;1;nr
justi;1;nr
josu;1;nr
deusão;1;nr
gedas;1;nr
liziane;1;nr
umaação;1;nr
porum;1;nr
conação;1;nr
fant;1;nr
inja;1;nr
fougado;1;nr
senores;1;nr
kister;1;nr
mag;1;nr
finan;1;nr
argino;1;nr
pedim;1;nr
pmem;1;nr
nat;1;nr
doloso;1;adj
entalar;1;ver
sustentável;1;adj
viil;1;nr
foe;1;nr
predição;1;nom
parcelinha;1;nr
dissonante;1;adj
121;1;num
eclesiastes;1;nom
aguilhão;1;nom
enfado;1;nom
acalentador;1;nr
gamaliel;1;nr
cinéd;1;nr
cinédrio;1;nr
teudas;1;nr
dispersar;1;ver
recenciamento;1;nr
galileu;1;nom
disperso;1;adj
adversidade;1;nom
viráquele;1;nr
sinédrio;1;nr
rebolício;1;nr
reboliço;1;nom
adorearei;1;nr
doça;1;nr
milar;1;nr
dormiga;1;nr
tremendamente;1;adv
adorarmos;1;nr
compromissando;1;nr
apeguem;1;nr
espjamon;1;nr
keller;1;nr
ausadia;1;nr
aparela;1;nr
aparelagem;1;nr
testicos;1;nr
nozou;1;nr
nabuconos;1;nr
arpas;1;nr
pendurar;1;ver
confinar;1;ver
sufixo;1;nom
isael;1;nom
gritado;1;adj
prostar;1;nr
donzão;1;nr
adorado;1;adj
nosot;1;nr
subimetem;1;nr
donozor;1;nr
donzor;1;nr
pontificar;1;ver
lacradora;1;nr
bruscamente;1;adv
937;1;num
grandões;1;nr
gracia;1;nr
convidativo;1;adj
pira;1;nom
715;1;num
papelete;1;nr
dsl;1;nr
hormonização;1;nr
progesterona;1;nom
gestar;1;nr
bizarrice;1;nom
desobeira;1;nr
claudir;1;nr
assobiar;1;ver
recinto;1;nom
jaimerei;1;nr
adultização;1;nr
beriteria;1;nr
jáes;1;nr
ediondos;1;nr
pesol;1;nr
adamares;1;nr
manato;1;nr
arrecadei;1;nr
ítalo;1;adj
voga;1;nom
sexualiza;1;nr
automatizar;1;ver
derrube;1;nom
regina;1;nom
casamata;1;nom
kid;1;nr
bengala;1;nom
enojar;1;ver
redobrado;1;adj
estupulpar;1;nr
adultisee;1;nr
268;1;num
adultizar;1;nr
coordenada;1;nom
aória;1;nr
members;1;nr
excellencies;1;nr
speakers;1;nr
reminder;1;nr
stake;1;nr
throughout;1;nr
societies;1;nr
understood;1;nr
overseen;1;nr
confronted;1;nr
permanently;1;nr
concession;1;nr
granted;1;nr
resolutions;1;nr
administrative;1;nr
permissions;1;nr
frederick;1;nr
bashia;1;nr
thought;1;nr
necessary;1;nr
seize;1;nr
recognized;1;nr
eroder;1;ver
freedoms;1;nr
washington;1;nom
warned;1;nr
ship;1;nr
slaughter;1;nr
student;1;nr
coupe;1;nr
slow;1;nr
almost;1;nr
invisible;1;nr
replaces;1;nr
confirmity;1;nr
contest;1;nr
oversee;1;nr
polarity;1;nr
criticize;1;nr
denounce;1;nr
unhindered;1;nr
loses;1;nr
she;1;nr
experienced;1;nr
firsthand;1;nr
explain;1;nr
audience;1;nr
millions;1;nr
funds;1;nr
minar;1;ver
financing;1;nr
donations;1;nr
average;1;nr
cost;1;nr
decisive;1;nr
filters;1;nr
mediation;1;nr
precisely;1;nr
election;1;nr
accounts;1;nr
suspended;1;nr
ratonic;1;nr
voting;1;nr
fraud;1;nr
merily;1;nr
investigation;1;nr
censored;1;nr
issue;1;nr
content;1;nr
sitting;1;nr
sued;1;nr
bathrooms;1;nr
including;1;nr
explicitly;1;nr
stated;1;nr
issued;1;nr
council;1;nr
shortly;1;nr
thereafter;1;nr
dismissed;1;nr
following;1;nr
harassment;1;nr
fact;1;nr
lawsuit;1;nr
episode;1;nr
republic;1;nr
thief;1;nr
nations;1;nr
agrees;1;nr
parliamentaria;1;nr
criminalized;1;nr
answer;1;nr
deform;1;nr
facts;1;nr
recent;1;nr
revealing;1;nr
importance;1;nr
crit;1;nr
criticizing;1;nr
transactions;1;nr
conducted;1;nr
widely;1;nr
instant;1;nr
payment;1;nr
surpassed;1;nr
impressive;1;nr
heard;1;nr
participate;1;nr
measures;1;nr
threaten;1;nr
intensar;1;ver
revoked;1;nr
picss;1;nr
explicit;1;nr
retreat;1;nr
fueled;1;nr
episodes;1;nr
exceptions;1;nr
broader;1;nr
attempt;1;nr
seductive;1;nr
discourse;1;nr
affect;1;nr
cascades;1;nr
downward;1;nr
vulnerable;1;nr
earlier;1;nr
punishment;1;nr
pastors;1;nr
fathers;1;nr
mothers;1;nr
absurdity;1;nr
immunity;1;nr
intimidated;1;nr
opinions;1;nr
received;1;nr
simple;1;nr
pedagogy;1;nr
perceived;1;nr
greater;1;nr
sensors;1;nr
defeating;1;nr
killing;1;nr
alive;1;nr
pushing;1;nr
invisibility;1;nr
suffocating;1;nr
spreading;1;nr
paralyze;1;nr
faced;1;nr
decided;1;nr
launch;1;nr
wake;1;nr
walked;1;nr
covering;1;nr
255;1;num
kilometers;1;nr
miner;1;nr
pushed;1;nr
stopped;1;nr
neither;1;nr
nor;1;nr
physical;1;nr
forest;1;nom
gump;1;nr
experience;1;nr
humanity;1;nr
challenged;1;nr
corrected;1;nr
refined;1;nr
repeated;1;nr
proposals;1;nr
removal;1;nr
publications;1;nr
potentially;1;nr
falsar;1;ver
whenever;1;nr
abiter;1;nr
dies;1;nr
rarely;1;nr
protection;1;nr
hatred;1;nr
disinformation;1;nr
pluralism;1;nr
agreeing;1;nr
trusting;1;nr
occupy;1;nr
weaken;1;nr
strengthens;1;nr
civilization;1;nr
homeland;1;nr
encourage;1;nr
curriculum;1;nr
europe;1;nr
claim;1;nr
tremble;1;nr
win;1;nr
gillen;1;nr
sorocaba;1;nom
valmir;1;nom
antão;1;adv
ach;1;nr
meite;1;nr
gils;1;nr
guos;1;nr
sutaque;1;nr
kensington;1;nr
temple;1;nr
extendida;1;nr
house;1;nr
piqui;1;nr
pamon;1;nr
pscan;1;nr
née;1;nr
diferent;1;nr
naem;1;nr
beo;1;nr
pregarmos;1;nr
fazera;1;nr
bocos;1;nr
import;1;nr
parlamentarista;1;adj
empiro;1;nr
tradu;1;nr
elha;1;nr
wolver;1;nr
wes;1;nr
catolicismo;1;nom
scot;1;nr
piadoso;1;nr
carisma;1;nom
charles;1;nom
preacher;1;nr
eleu;1;nr
dude;1;nr
esboço;1;nom
serão;1;nom
cões;1;nr
prach;1;nr
gladstone;1;nr
bipolar;1;adj
palavr;1;nr
veu;1;nr
osadia;1;nr
lucidez;1;nom
orden;1;nr
jeremi;1;nr
extendeu;1;nr
derribar;1;ver
arruinar;1;ver
glor;1;nr
jemis;1;nr
pentecost;1;nr
persecução;1;nom
enado;1;nr
direcionarem;1;nr
espuro;1;nr
bilhar;1;nom
dear;1;nr
titas;1;nr
fdas;1;nr
experimentado;1;adj
mõ;1;nr
opição;1;nr
afada;1;nr
sito;1;nom
afiar;1;ver
espon;1;nr
aão;1;nr
passá;1;nr
taitos;1;nr
gaos;1;nr
louv;1;nr
prish;1;nr
cong;1;nr
hard;1;nr
sometimes;1;nr
trying;1;nr
anywhere;1;nr
communicate;1;nr
wel;1;nr
preach;1;nr
amer;1;nr
peã;1;nom
spe;1;nr
stat;1;nr
itaú;1;nom
bradeso;1;nr
santander;1;nr
banc;1;nr
interes;1;nr
mastercar;1;nr
congelamento;1;nom
agorinha;1;nr
tagle;1;nr
tagleia;1;nr
respiro;1;nom
inerrável;1;nr
fritador;1;nr
fritadinha;1;nr
restão;1;nr
fishing;1;nr
predatório;1;adj
sortudo;1;nr
multipessoas;1;nr
conscientizar;1;ver
estupuladores;1;nr
erika;1;nr
chucar;1;nr
corintiano;1;adj
perc;1;nr
sexistas;1;nr
objetificação;1;nr
glezy;1;nr
objetificam;1;nr
sensualizado;1;nr
clipe;1;nom
pirueta;1;nom
hospício;1;nom
monumental;1;adj
ubatuba;1;nom
estupada;1;nr
pessool;1;nr
trupladores;1;nr
faccionários;1;nr
faccionado;1;nr
enrijecer;1;ver
pitar;1;ver
xinim;1;nr
alkmin;1;nr
mutilar;1;ver
trupou;1;nr
plain;1;nr
interrupting;1;nr
wce;1;nr
wallace;1;nom
deppp;1;nr
insulto;1;nom
misia;1;nr
misógem;1;nr
cuxa;1;nr
danuel;1;nr
delado;1;nr
queou;1;nr
comito;1;nr
mav;1;nr
ailma;1;nr
mimado;1;adj
misógilo;1;nr
estuprlando;1;nr
consternado;1;adj
jand;1;nr
ediô;1;nr
anormames;1;nr
anomames;1;nr
asensão;1;nr
amisgam;1;nr
anomamis;1;nr
sdf;1;nr
shoi;1;nr
imputado;1;adj
cala;1;nom
dout;1;nr
nicaragua;1;nr
ilegibilidade;1;nr
janza;1;nr
prma;1;nr
juo;1;nr
starlink;1;nr
discuss;1;nr
destruas;1;nr
fazeram;1;nr
eno;1;nr
toida;1;nr
prostômen;1;nr
esmorecem;1;nr
refugiei;1;nr
raimundos;1;nr
terceirização;1;nom
fortalecermos;1;nr
colossenses;1;nr
filemon;1;nr
corinto;1;nom
thalles;1;nr
originalidade;1;nom
teo;1;nr
exótico;1;adj
aparição;1;nom
espectavam;1;nr
padecer;1;ver
assolação;1;nom
restaurarmos;1;nr
cativeram;1;nr
psicatologia;1;nr
remirar;1;ver
vicente;1;nom
retentivo;1;nr
chaminhas;1;nr
mecânico;1;adj
g500;1;nr
entroniza;1;nr
engrandecido;1;adj
desnorteado;1;adj
silício;1;nom
desmorono;1;nr
chulo;1;adj
cameraman;1;nr
contratado;1;adj
neozima;1;nr
prolicidade;1;nr
promissos;1;nr
vitronizar;1;nr
discílio;1;nr
ivanês;1;nr
conformado;1;adj
varalidade;1;nr
eunismo;1;nr
prostrarem;1;nr
shekinah;1;nr
esperançado;1;adj
iminência;1;nom
orantes;1;nr
nescau;1;nom
manejar;1;ver
raridade;1;nom
estalo;1;nom
maratonista;1;nom
explodidor;1;nr
ajudadora;1;nr
tivação;1;nr
aguiar;1;nom
operosidade;1;nom
pedinte;1;nom
comerdeiros;1;nr
desconfortável;1;adj
desgastante;1;adj
mortifique;1;nr
tensionado;1;nr
firmino;1;nom
jardel;1;nr
lucena;1;nom
roberta;1;nom
vânia;1;nom
kauan;1;nr
matheuzinho;1;nr
deboratone;1;nr
incalculável;1;adj
onipresença;1;nom
avivalistas;1;nr
granny;1;nr
maravilhar;1;ver
bronze;1;nom
esmorecessem;1;nr
vouvirei;1;nr
1904;1;num
plays;1;nr
asbrick;1;nr
interruptas;1;nr
arrebatar;1;ver
estouramos;1;nr
chateado;1;adj
marcílio;1;nr
estocar;1;ver
maqueiam;1;nr
cassete;1;nom
keila;1;nr
profetam;1;nr
bardar;1;ver
moçar;1;ver
proclamaremos;1;nr
programaremos;1;nr
revestimos;1;nr
fritarmos;1;nr
flutuar;1;ver
abundada;1;nr
sabotar;1;ver
corrigão;1;nr
tabloides;1;nr
acoar;1;nr
atrevimento;1;nom
alegramos;1;nr
regozijar;1;ver
retrocedam;1;nr
maquinação;1;nom
maquinar;1;ver
ouveram;1;nr
confessai;1;nr
sapatilha;1;nom
anânio;1;nr
devassidão;1;nom
opróbrio;1;nom
desolação;1;nom
sobiscudos;1;nr
gracioso;1;adj
ancorar;1;ver
cercadinha;1;nr
brisa;1;nom
germinar;1;ver
moravadores;1;nr
mulherada;1;nom
denominacional;1;nr
torrencial;1;adj
admissão;1;nom
consideriedade;1;nr
conformismo;1;nom
recheado;1;adj
lista;1;nom
podridão;1;nom
salgueiro;1;nom
clésia;1;nr
atalaia;1;nom
mutuamente;1;adv
hospitaleiro;1;adj
despenseiro;1;nom
oráculo;1;nom
panicat;1;nr
alcoólico;1;adj
remir;1;ver
aproximado;1;adj
722;1;num
efervescente;1;adj
612;1;num
1588;1;num
abominação;1;nom
270;1;num
oferecimento;1;nom
abacuque;1;nr
ciclano;1;nr
designs;1;nr
habacudo;1;nr
alegarei;1;nr
enjoando;1;nr
humilhai;1;nr
benesse;1;nom
bagaçando;1;nr
desestressar;1;nr
culptada;1;nr
embebedar;1;ver
lisura;1;nom
companheirismo;1;nom
ardor;1;nom
naufrágio;1;nom
holofote;1;nom
imbatível;1;adj
desativas;1;nr
verança;1;nr
falhado;1;adj
vespa;1;nom
prancha;1;nom
vibrante;1;adj
hibisco;1;nom
contrabandonou;1;nr
contactar;1;ver
lear;1;nr
rim;1;nom
tumor;1;nom
saxofone;1;nom
radioterapia;1;nom
soudiado;1;nr
frutologista;1;nr
contarato;1;nr
crescência;1;nr
golfinho;1;nom
chopim;1;nr
petróleo;1;nom
andira;1;nr
basica;1;nr
taylor;1;nom
atrevemos;1;nr
senhorita;1;nom
atestadinho;1;nr
piriri;1;nr
engov;1;nr
576;1;num
455;1;num
airbag;1;nr
muzy;1;nr
kariane;1;nr
425;1;num
doideira;1;nom
tanakara;1;nr
abobra;1;nom
cubo;1;nom
polinização;1;nom
ufa;1;ono
frutose;1;nom
clippings;1;nr
schrems;1;nr
ensurdecedor;1;adj
piu;1;nr
lourença;1;nr
instrumentalizar;1;nr
ivete;1;nom
pane;1;nom
mortícia;1;nr
resetar;1;nr
inadimissível;1;nr
clivar;1;ver
tic;1;nr
toc;1;nr
lenny;1;nr
chestern;1;nr
divinópolis;1;nom
vagão;1;nom
vagina;1;nom
genero;1;nr
honorris;1;nr
transgênios;1;nr
endler;1;nr
romeu;1;nom
contabilizar;1;ver
satanista;1;nr
abstelam;1;nr
descredibilizando;1;nr
possesso;1;nom
lunático;1;nom
curá;1;nr
exclamar;1;ver
pequenez;1;nom
espelhe;1;nr
vugo;1;nr
edés;1;nr
agregado;1;adj
3x;1;nr
prostração;1;nom
version;1;nr
estressante;1;adj
inconsistente;1;adj
tossir;1;ver
coincidir;1;ver
repreendas;1;nr
furor;1;nom
puram;1;nr
insensatez;1;nom
encurvado;1;adj
prantear;1;ver
responderás;1;nr
triunfem;1;nr
trema;1;nom
strondam;1;nr
turbulento;1;adj
égue;1;nr
estárecedores;1;nr
árido;1;adj
humilhamos;1;nr
prostramos;1;nr
abençoadores;1;nr
torino;1;nom
sumiço;1;nom
culinária;1;nom
viena;1;nom
eslováquia;1;nom
mídiazinha;1;nr
reaparecer;1;ver
fakezinho;1;nr
batimento;1;nom
abortivo;1;adj
pepino;1;nom
satânico;1;adj
tude;1;nr
relativização;1;nom
thunberg;1;nr
antarctica;1;nom
patriarca;1;nom
polido;1;adj
gordon;1;nr
stuart;1;nom
bege;1;adj
genealogia;1;nom
bené;1;nr
antutu;1;nr
ultimar;1;ver
dubiei;1;nr
garfa;1;nr
maratonar;1;nr
podp;1;nr
ctia;1;nr
cít;1;nr
biga;1;nr
célebre;1;adj
tchutchuca;1;nr
queita;1;nr
hm;1;nr
joysman;1;nr
impecável;1;adj
estrategista;1;nom
votávamos;1;nr
malafa;1;nr
ilustração;1;nom
atropelado;1;adj
capinaram;1;nr
pl122;1;nr
ipses;1;nr
líteres;1;nr
lucifer;1;nr
alcantra;1;nr
lúcifer;1;nom
ensinável;1;nr
detetive;1;nom
grames;1;nr
gramish;1;nr
patrocinar;1;ver
brabo;1;adj
tiktoker;1;nr
fisgar;1;ver
compílulo;1;nr
xs;1;nr
propagandinha;1;nr
holofot;1;nr
perini;1;nom
nigro;1;nom
saver;1;nr
tributar;1;ver
austríaco;1;adj
infraafra;1;nr
timing;1;nom
acordinho;1;nr
dicotomia;1;nom
gremista;1;adj
monetariamente;1;adv
doidé;1;nr
encantar;1;ver
abor;1;nr
tesla;1;nom
francis;1;nom
pson;1;nr
contraargumentando;1;nr
cansadão;1;nr
vereça;1;nr
boundaries;1;nr
esqu;1;nr
ticar;1;ver
petrificado;1;adj
desamparar;1;ver
izidora;1;nr
totalizar;1;ver
elação;1;nr
caril;1;nom
amuleto;1;nom
icarly;1;nr
intestino;1;nom
muleta;1;nom
astrazeneca;1;nr
previmos;1;nr
garçonete;1;nom
antífoas;1;nr
nilce;1;nom
refresco;1;nom
cdc;1;nr
acompanhá;1;nr
mentiriam;1;nr
otilizou;1;nr
comboio;1;nom
laje;1;nom
celularzinho;1;nr
sherazade;1;nr
cercado;1;adj_num
kinka;1;nr
taguire;1;nr
estragar;1;ver
t4556;1;nr
carregador;1;nom
tiozão;1;nr
cork;1;nr
caracteríticas;1;nr
tóteles;1;nr
sófocles;1;nom
polly;1;nr
1933;1;num
imperativo;1;nom
categórico;1;adj
mix;1;nr
granchi;1;nr
fisiologia;1;nom
marcuse;1;nr
theodor;1;nom
adorno;1;nom
1836;1;num
pelejariam;1;nr
flamei;1;nr
inação;1;nom
matemágica;1;nr
graviu;1;nr
trave;1;nom
juke;1;nr
segmentar;1;adj
covil;1;nom
talha;1;nom
papelaria;1;nom
numerar;1;ver
dylon;1;nr
musa;1;nom
depiladinha;1;nr
maraisa;1;nr
araguaia;1;nom
pescador;1;nom
peixão;1;nr
piraí;1;nom
pugliese;1;nr
rômulo;1;nom
arantes;1;nom
vilhena;1;nr
gorgolao;1;nr
boutique;1;nom
fumadinha;1;nr
tijuco;1;nom
conab;1;nr
ludmillah;1;nr
passeiozinho;1;nr
alface;1;nom
ba;1;nr
brotas;1;nom
macaúba;1;nom
anápolis;1;nom
rom;1;nr
aracitaba;1;nr
araponga;1;nom
berizal;1;nr
cantagalo;1;nom
th;1;nr
2120;1;num
duper;1;nr
reflexivo;1;adj
badoo;1;nr
problematizaram;1;nr
209;1;num
calculado;1;adj
capota;1;nom
retorcer;1;ver
matadouro;1;nom
patatá;1;nr
mazinho;1;nom
corridinha;1;nr
tomatinho;1;nr
creed;1;nr
semi;1;nr
sarrar;1;nr
mpb;1;nr
iota;1;nr
poze;1;nr
chapada;1;nom
divorciar;1;ver
sap;1;nr
vuitton;1;nr
secção;1;nom
arranjar;1;ver
karakuri;1;nr
walter;1;nom
reprodução;1;nom
coladão;1;nr
pipi;1;nom
popó;1;nr
apartamentinho;1;nr
rabi;1;nom
rel;1;nr
vertical;1;adj
avaí;1;nr
facilitador;1;adj
esports;1;nr
carina;1;nom
vitral;1;nom
hammer;1;nr
globox;1;nr
bols;1;nr
guardian;1;nr
globales;1;nr
tata;1;nr
paralama;1;nr
infraconstitucional;1;adj
bielorússia;1;nr
lukashenko;1;nr
gringo;1;nom
x1;1;nr
eleny;1;nr
filantropo;1;nom
agrícola;1;adj
pecuária;1;nom
panelão;1;nr
aparecido;1;adj
capitar;1;ver
reformular;1;ver
girl;1;nom
ninguem;1;nr
ademir;1;nom
gê;1;nr
roteador;1;nom
moon;1;nr
4g;1;nr
3g;1;nr
2g;1;nr
australiano;1;adj
pokémon;1;nr
presto;1;adj
5gs;1;nr
mirror;1;nr
futurista;1;adj
cauterização;1;nom
mesmice;1;nom
anátema;1;nom
correlacionar;1;ver
tabuleiro;1;nom
kennedy;1;nom
davoli;1;nr
credibilizar;1;ver
andressa;1;nr
carbonar;1;ver
cafona;1;adj
globalismo;1;nr
homeopático;1;adj
perceptivo;1;adj
pabllo;1;nr
orixá;1;nom
inferiorizam;1;nr
confesso;1;adj
pelá;1;nr
erário;1;nom
pertu;1;nr
mariguela;1;nr
cheguevara;1;nr
toro;1;nom
massacrá;1;nr
entari;1;nr
decepar;1;ver
gafanhoto;1;nom
visp;1;nr
parao;1;nr
preparee;1;nr
tchauzinho;1;nr
supirados;1;nr
coisando;1;nr
empinar;1;ver
bueiro;1;nom
mortiço;1;adj
ojeriza;1;nom
carrancudo;1;adj
borda;1;nom
pinhão;1;nom
joabe;1;nr
catine;1;nr
despacho;1;nom
preconizar;1;ver
fuzilamos;1;nr
sortir;1;ver
albatherm;1;nr
3x4;1;nr
antonogram;1;nr
esquerdou;1;nr
dominação;1;nom
gigas;1;nr
grond;1;nr
imaginaríamos;1;nr
vaten;1;nr
sisma;1;nr
moris;1;nr
delanhol;1;nr
meuo;1;nr
alexand;1;nr
mutava;1;nr
vazamento;1;nom
rens;1;nr
eleiç;1;nr
senec;1;nr
surjo;1;nr
marar;1;ver
tima;1;nr
legitimador;1;adj
reincidência;1;nom
infração;1;nom
agravante;1;nom
barela;1;nr
lacaio;1;nom
trupa;1;nr
folgar;1;ver
pistão;1;nom
exterminar;1;ver
emiro;1;nr
pex;1;nr
feng;1;nr
rosp;1;nr
diarista;1;nom
emeral;1;nr
hter;1;nr
explorado;1;adj
demagog;1;nr
estora;1;nr
economi;1;nr
lacradoras;1;nr
siqueirinha;1;nr
propositiva;1;nr
7x;1;nr
paluza;1;nr
envi;1;nr
ariar;1;ver
lulo;1;nr
babá;1;nom
oséas;1;nr
covadia;1;nr
wbrand;1;nr
maltetung;1;nr
teguevar;1;nr
crivela;1;nr
sóstenes;1;nr
tacou;1;nr
czão;1;nr
marielon;1;nr
cpis;1;nr
mendigou;1;nr
parcimônia;1;nom
cpme;1;nr
tocaia;1;nom
interview;1;nom
things;1;nr
might;1;nr
though;1;nr
subscribers;1;nr
pretend;1;nr
seal;1;nr
blamed;1;nr
boson;1;nr
irefort;1;nr
achievers;1;nr
thousands;1;nr
kept;1;nr
chiefers;1;nr
protests;1;nr
wasn;1;nr
occurs;1;nr
antifa;1;nr
rule;1;nr
glass;1;nr
punch;1;nr
oppositors;1;nr
hypocrisy;1;nr
beginning;1;nr
defended;1;nr
unemployment;1;nr
problems;1;nr
crisis;1;nr
double;1;nr
suffering;1;nr
due;1;nr
worrying;1;nr
military;1;nr
intervention;1;nr
puts;1;nr
asking;1;nr
authorities;1;nr
forcibly;1;nr
leaflet;1;nr
include;1;nr
prescribed;1;nr
cuts;1;nr
ratar;1;ver
concerned;1;nr
hopeless;1;nr
minimum;1;nr
bosonetta;1;nr
emergency;1;nr
six;1;nr
thousand;1;nr
respirators;1;nr
regions;1;nr
beds;1;nr
protective;1;nr
equipment;1;nr
recovered;1;nr
research;1;nr
projects;1;nr
referring;1;nr
arresting;1;nr
walking;1;nr
beach;1;nr
amendment;1;nr
provides;1;nr
bear;1;nr
originally;1;nr
opportunity;1;nr
tyrannical;1;nr
slaved;1;nr
tyrant;1;nr
leading;1;nr
kovitz;1;nr
filipinatu;1;nr
removed;1;nr
delegated;1;nr
mayors;1;nr
fault;1;nr
prepared;1;nr
deal;1;nr
pandemy;1;nr
multifactorial;1;nr
putting;1;nr
depths;1;nr
shoulders;1;nr
fair;1;nr
unlikely;1;nr
took;1;nr
mentioned;1;nr
opposition;1;nr
whom;1;nr
disagree;1;nr
journalists;1;nr
ask;1;nr
mums;1;nr
moms;1;nr
giving;1;nr
relevance;1;nr
folks;1;nr
arborizado;1;adj
elador;1;nr
bukelli;1;nr
libertad;1;nr
boda;1;nom
buquet;1;nr
calhar;1;ver
sacolinha;1;nr
perro;1;adj
caramelito;1;nr
carrozinho;1;nr
construçãozinha;1;nr
buell;1;nr
mcqueen;1;nr
opulo;1;nr
ovinho;1;nr
auria;1;nr
vanzinha;1;nr
viagzinha;1;nr
danificar;1;ver
ganga;1;nom
inxuto;1;nr
secot;1;nr
cheg;1;nr
arejado;1;adj
menorzinho;1;nr
esporádico;1;adj
7x7;1;nr
por5;1;nr
issa;1;nr
academiazinha;1;nr
alorente;1;nr
salora;1;nr
han;1;nr
ahorita;1;nr
mans;1;nr
perfetto;1;nr
tif;1;nr
boss;1;nr
secote;1;nr
3800;1;num
crocanho;1;nr
1024;1;num
extorção;1;nr
m13;1;nr
pôle;1;nr
agachado;1;adj
beliche;1;nom
quadriliche;1;nr
amelo;1;nr
enclarar;1;nr
energizada;1;nr
polvo;1;nom
faccionados;1;nr
arrego;1;nr
espeto;1;nom
vilatoro;1;nr
bukell;1;nr
najib;1;nr
revóga;1;nr
extorsão;1;nom
infrator;1;nom
1054;1;num
adios;1;nr
impuridade;1;nr
entregantes;1;nr
delitivas;1;nr
pedc;1;nr
procuradoriagal;1;nr
penitenciário;1;adj
capturado;1;adj
105954;1;num
1059;1;num
ditoriais;1;nr
humorado;1;adj
reencontro;1;nom
famía;1;nr
telefonar;1;ver
lona;1;nom
ident;1;nr
fachineira;1;nr
conjugado;1;adj
ladak;1;nr
naas;1;nr
saxofonista;1;nom
grit;1;nr
vé;1;nr
pco;1;nr
maluquice;1;nom
ingratidão;1;nom
valoração;1;nom
pde;1;nr
perecível;1;adj
palestrei;1;nr
caridoso;1;adj
abarrotado;1;adj
elm;1;nr
ficav;1;nr
elae;1;nr
surre;1;nr
suquinho;1;nr
serra;1;nom
estáis;1;nr
recuaremos;1;nr
metir;1;nr
esplandecer;1;nr
cze;1;nr
fuso;1;nom
criminosamente;1;adv
bioma;1;nom
sarubo;1;nr
dúv;1;nr
dv;1;nr
vouv;1;nr
insônia;1;nom
veludado;1;nr
ortiva;1;nr
pandora;1;nom
cetano;1;nr
incorrente;1;nr
dadão;1;nr
patifaria;1;nom
esco;1;nr
zerado;1;nr
desvacar;1;nr
puxação;1;nr
monoterapia;1;nr
ideologizando;1;nr
transplante;1;nom
2561;1;num
blindeus;1;nr
desfalque;1;nom
daniele;1;nom
ibo;1;nr
atributamos;1;nr
gorila;1;nom
solista;1;adj
sensato;1;adj
disneylândia;1;nom
caribe;1;nom
m1;1;nr
confiscar;1;ver
estatudo;1;nr
pndh;1;nr
guanambi;1;nr
magarão;1;nr
e2022;1;nr
biro;1;nr
thomé;1;nom
democratização;1;nom
biruleibe;1;nr
editador;1;nr
bibi;1;nom
coveiro;1;nom
112;1;num
noventa;1;adj_num
3000000;1;num
564;1;num
celso;1;nom
mensalinho;1;nr
telecom;1;nr
cpem;1;nr
interbrazil;1;nr
caseiro;1;adj
francenildo;1;nr
bmg;1;nr
navalha;1;nom
de2014;1;nr
norospar;1;nr
madrinhar;1;ver
portela;1;nom
licitamente;1;adv
karine;1;nr
fmi;1;nr
explodo;1;nr
suvaco;1;nr
fedorento;1;adj
223;1;num
tubo;1;nom
cacete;1;nom
desmotivo;1;nr
sexualizado;1;nr
hipersexualizados;1;nr
preção;1;nr
nervosão;1;nr
escolada;1;nr
naé;1;nr
cuas;1;nr
cicco;1;nr
deveri;1;nr
vz;1;nr
av;1;nr
interrompido;1;adj
sequent;1;nr
marie;1;nom
currie;1;nr
marielly;1;nr
bonsonaro;1;nr
depreciar;1;ver
bobô;1;nr
invadimos;1;nr
corrimento;1;nom
subverter;1;ver
alavancando;1;nr
tyla;1;nr
rapado;1;adj
químicolas;1;nr
adam;1;nom
grayskull;1;nr
andarilha;1;nr
coadjuvante;1;adj
subaterna;1;nr
alinhagem;1;nr
inegociável;1;adj
heteros;1;nr
heteras;1;nr
desolava;1;nr
profunde;1;nr
copitar;1;nr
pegador;1;nom
chan;1;nr
connery;1;nr
cigarro;1;nom
peter;1;nom
enaltecimento;1;nom
bajulada;1;nr
florinda;1;nom
jabá;1;nom
broulos;1;nr
lightyear;1;nr
ilidir;1;nr
mertiolate;1;nr
merthiolate;1;nr
machucadinho;1;nr
boyzinho;1;nr
fredo;1;nr
figurante;1;nom
topic;1;nr
raimer;1;nr
haimer;1;nr
atômico;1;adj
916;1;num
diretoria;1;nom
arriba;1;nom
xenofobia;1;nom
altary;1;nr
ruca;1;nr
brexit;1;nr
caetano;1;nom
geeks;1;nr
talentoso;1;adj
bitch;1;nr
whindersson;1;nr
desandar;1;ver
impulsar;1;ver
malícia;1;nom
loiça;1;nom
desavisar;1;ver
quicar;1;ver
zimbabwe;1;nr
zimbab;1;nr
demarvas;1;nr
marvels;1;nr
pen;1;nr
drive;1;nr
hippie;1;adj
transgressor;1;adj
kenti;1;nr
rambo;1;nr
damme;1;nr
estria;1;nom
solapar;1;ver
esvaziamento;1;nom
arquétipo;1;nom
niu;1;nr
patético;1;adj
artrite;1;nom
remanejamento;1;nom
triniti;1;nr
splinter;1;nr
subentender;1;ver
desconstruição;1;nr
falante;1;nom
açougueiro;1;nom
auge;1;nom
bíceps;1;nom
punk;1;adj
naru;1;nr
naruto;1;nr
comanche;1;nr
pajé;1;nom
aprofundamente;1;nr
ideologica;1;nr
constitucionador;1;nr
zoeiro;1;nr
lacrate;1;nr
apelidar;1;ver
pêsames;1;nom
shany;1;nr
arrochando;1;nr
coffee;1;nr
rude;1;adj
polentinha;1;nr
imunizar;1;ver
atrofiado;1;adj
cultivação;1;nom
radiar;1;ver
tags;1;nr
iris;1;nr
burburinho;1;nom
trocador;1;nom
decretação;1;nom
carimbo;1;nom
limitador;1;nom
calcanhar;1;nom
trilho;1;nom
empoçar;1;ver
anelise;1;nr
edileide;1;nr
fingimento;1;nom
melment;1;nr
atualidade;1;nom
emburrecendo;1;nr
enéas;1;nom
neoclássico;1;adj
chatice;1;nom
kevin;1;nom
afazeres;1;nom
nedja;1;nr
propagador;1;nom
mack;1;nr
calmax;1;nr
cozimento;1;nom
desmitificando;1;nr
siena;1;nr
teka;1;nr
tang;1;nr
torneio;1;nom
fanpage;1;nr
messenger;1;nr
summit;1;nr
gioso;1;nr
sigma;1;nom
vadore;1;nr
patrulhar;1;ver
julgante;1;nr
lines;1;nr
antítese;1;nom
patriarcal;1;adj
introjetando;1;nr
ofendidinho;1;nr
labirinto;1;nom
ambientalismo;1;nr
albumina;1;nom
litologias;1;nr
pólio;1;nom
semântica;1;nom
nathy;1;nr
rockfeller;1;nr
sisudo;1;adj
rebeldia;1;nom
travesseiro;1;nom
grill;1;nr
alicerce;1;nom
léu;1;nom
cunhado;1;nom
night;1;nr
abranches;1;nr
krasinski;1;nr
valdemir;1;nr
manir;1;ver
sismo;1;nom
advir;1;ver
brochurao;1;nr
lênin;1;nom
pca;1;nr
apimentar;1;ver
ameaçado;1;adj
sacristão;1;nom
quintella;1;nr
legalzinho;1;nr
júri;1;nom
oréal;1;nr
primórdio;1;nom
thrones;1;nr
craft;1;nr
swift;1;nr
margaret;1;nom
sanger;1;nr
working;1;nr
junio;1;nr
enéias;1;nom
conciliador;1;adj
sinusite;1;nom
traíra;1;nom
valorista;1;nr
edema;1;nom
aludir;1;ver
ludwig;1;nom
von;1;nom
mises;1;nr
amansar;1;ver
11471;1;num
janaína;1;nom
ageu;1;nom
afastá;1;nr
mansidão;1;nom
contraficante;1;nr
empondo;1;nr
bastos;1;nom
colágeno;1;nom
indefender;1;nr