"";"bom";"brasil";"aqui";"hoje";"algo";"muito";"maior";"mesmo";"então";"querer";"realmente";"falar";"dia";"criança";"pessoa";"ali";"gente";"coração";"país";"chegar";"só";"dar";"mundo";"orar";"porque";"tudo";"acontecer";"deus";"lula";"cara";"já";"continuar";"segurança";"milhão";"brasileiro";"deixar";"presidente";"dinheiro";"colocar";"lei";"homem";"ano";"até";"ainda";"morrer";"nacional";"depois";"aí";"bolsonaro";"votar";"chamar";"vir";"lugar";"senhor";"política";"lado";"irmão";"chamado";"pai";"ministro";"inclusive";"lá";"nada";"dever";"agora";"certeza";"mãe";"simplesmente";"político";"acabar";"viver";"liberdade";"filho";"igreja";"família";"caso";"contrário";"tirar";"obrigar";"também";"bem";"problema";"nunca";"conseguir";"começar";"abrir";"direito";"esquerdo";"talvez";"né";"momento";"pedir";"música";"achar";"amigo";"seguinte";"lembrar";"menos";"importante";"nicolas";"vez";"coisa";"tomar";"entender";"amar";"precisar";"ficar";"ouvir";"bíblia";"amor";"governo";"levantar";"próximo";"claro";"amém";"pessoal";"antes";"passar";"palavra";"vender";"escola";"noite";"perder";"vida";"forma";"respeito";"sim";"pergunta";"ponto";"olhar";"gostar";"pensar";"casa";"hora";"próprio";"quando";"pastor";"receber";"através";"parecer";"federal";"fossar";"assim";"história";"galera";"exemplo";"questão";"vídeo";"acreditar";"trazer";"deputado";"paulo";"crer";"melhor";"dentro";"mudar";"levar";"ganhar";"defender";"sempre";"novo";"fato";"existir";"jesus";"certo";"conhecer";"contar";"tô";"público";"entrar";"graça";"sair";"voltar";"projeto";"ler";"grande";"tão";"relação";"mostrar";"debate";"jovem";"mão";"oração";"meio";"mulher";"cristão";"espírito";"the";"live";"universidade";"educação";"terra";"cristo";"livro";"nação";"professor";"comissão";"aluno";"santo";"glória"
"bom";0;89;524;104;48;282;22;85;355;223;77;288;162;28;192;64;299;32;66;72;157;157;54;38;203;139;49;167;23;74;155;41;14;15;23;109;99;16;66;11;39;72;87;28;9;17;57;350;31;15;47;65;21;154;32;16;17;15;47;41;51;135;51;35;124;25;23;17;17;34;17;12;34;33;33;21;22;32;88;179;112;19;28;58;51;25;39;41;23;361;51;44;26;93;35;40;27;12;33;76;58;118;23;52;14;50;136;30;37;19;22;13;27;26;20;86;27;83;71;26;36;132;25;74;43;22;38;27;15;55;25;18;48;35;19;86;37;24;12;14;19;9;127;19;50;33;34;48;46;18;97;17;10;30;42;23;21;19;18;44;32;40;39;46;43;19;42;59;25;48;54;23;20;37;21;32;43;33;47;27;26;20;53;23;24;24;20;0;26;10;67;20;22;39;15;35;46;21;29;20
"brasil";89;0;558;151;55;232;45;121;284;251;64;273;145;72;234;57;332;47;166;61;135;135;89;99;298;99;112;206;100;79;151;36;29;43;89;83;122;20;85;21;53;148;94;64;19;24;42;294;76;22;43;92;40;192;41;38;23;28;76;38;72;96;48;48;163;49;22;28;40;40;46;32;42;64;61;35;24;27;57;169;68;23;28;66;57;26;64;64;29;387;48;60;47;88;29;16;41;31;33;47;86;113;44;52;14;113;114;31;13;16;62;36;25;42;18;52;26;65;65;38;72;33;21;76;38;28;40;16;24;84;22;26;57;43;22;114;31;26;21;23;30;21;131;34;17;56;44;37;44;33;80;27;27;32;28;48;31;20;28;35;52;63;45;60;26;21;37;48;43;41;30;46;34;42;18;54;43;28;45;9;44;33;104;27;40;48;34;1;14;23;102;32;24;15;97;29;27;20;26;20
"aqui";524;558;0;605;252;990;93;545;1459;1355;281;1491;617;220;1050;296;1464;214;392;290;774;701;278;383;1260;470;353;799;218;312;686;146;119;93;153;532;500;89;457;83;155;383;447;189;55;83;232;1312;200;117;279;404;124;858;149;141;121;82;309;204;347;520;216;180;678;169;90;147;150;144;88;96;193;150;179;118;134;116;320;846;369;124;128;245;174;134;236;290;181;1729;247;389;120;407;138;138;138;109;170;251;347;491;124;201;54;301;630;193;143;84;153;90;101;203;175;289;126;299;343;129;207;170;81;304;203;156;153;111;164;319;148;98;282;176;96;474;213;136;80;75;107;96;617;88;152;224;220;238;167;164;595;111;53;92;186;103;95;83;150;175;122;306;139;206;143;95;171;380;176;222;150;162;110;188;128;178;117;137;227;125;106;109;354;102;157;136;113;1;211;63;320;102;114;97;126;147;279;80;109;113
"hoje";104;151;605;0;62;247;41;148;374;232;77;339;220;58;282;74;393;49;110;69;161;153;89;85;346;136;125;206;53;83;168;42;23;27;50;85;92;18;87;32;56;103;180;62;26;19;37;310;53;34;66;97;40;166;44;20;22;29;62;49;94;119;53;36;109;38;25;35;35;35;69;27;53;68;65;33;32;23;51;175;65;31;41;78;54;38;62;72;61;450;40;99;38;91;25;24;37;28;39;72;77;111;32;51;11;77;108;36;45;20;32;33;18;36;33;73;32;57;78;39;57;44;31;115;52;26;41;30;33;73;37;31;71;49;32;123;60;43;32;12;22;33;178;39;36;62;34;47;62;35;80;28;24;15;63;23;30;24;22;44;39;80;53;60;25;41;42;62;52;63;55;43;37;45;40;57;43;31;38;17;52;32;108;38;41;43;29;1;44;26;70;21;31;26;48;40;46;20;35;20
"algo";48;55;252;62;0;148;23;55;191;158;54;183;75;22;156;69;185;44;33;33;84;86;30;48;167;49;63;125;14;52;77;13;9;8;21;43;30;7;67;10;19;39;54;21;9;8;17;112;26;11;22;42;13;72;16;9;7;19;26;9;38;31;31;33;56;20;10;32;11;14;26;18;25;23;24;16;14;11;13;74;33;11;18;51;34;9;25;32;38;265;38;45;14;44;11;16;16;14;29;23;38;89;15;31;12;49;74;11;31;10;10;6;14;28;12;17;16;30;27;10;14;10;12;64;28;15;18;9;6;41;10;22;24;19;11;106;13;13;10;13;5;15;98;16;8;33;23;13;36;31;24;9;8;16;33;17;16;14;22;35;26;54;40;29;18;11;17;34;17;26;13;25;12;15;15;24;32;20;20;6;18;10;60;15;12;30;17;0;10;11;14;7;20;9;25;11;10;2;18;4
"muito";282;232;990;247;148;0;88;260;730;514;168;638;217;96;475;175;761;118;152;129;279;248;129;145;659;235;170;431;69;144;320;82;32;44;75;164;216;45;156;35;89;201;192;123;33;44;99;540;92;40;92;144;53;301;80;53;46;50;99;59;127;224;87;72;239;83;57;55;67;65;55;35;91;97;87;61;55;38;320;362;239;58;61;143;71;41;86;97;87;910;128;114;81;233;56;56;77;75;208;133;183;305;73;120;39;166;328;74;69;35;87;37;61;125;69;81;70;135;154;42;109;61;46;209;112;67;98;44;56;152;83;62;102;66;50;271;82;55;47;48;36;41;347;49;62;117;103;68;119;66;219;43;32;62;92;48;51;42;45;104;59;171;82;98;56;68;73;120;62;80;61;62;39;87;43;215;72;63;68;46;100;36;185;74;58;83;31;1;49;29;184;41;40;67;69;68;96;29;34;36
"maior";22;45;93;41;23;88;0;39;96;60;19;66;15;23;57;23;91;8;37;9;29;40;57;19;75;28;14;71;16;13;44;8;12;7;16;26;20;3;22;4;13;40;22;13;5;11;13;58;15;5;14;19;9;50;6;7;1;6;14;2;14;22;23;12;45;10;3;10;9;5;12;9;21;19;17;10;9;4;7;43;24;7;6;17;6;11;26;14;21;103;9;15;11;28;6;8;8;3;5;9;25;39;16;19;8;10;20;7;9;10;14;4;6;9;9;6;9;15;15;7;17;3;8;50;10;4;8;5;3;29;10;10;13;7;12;34;2;7;6;3;5;5;41;18;3;18;11;3;20;7;14;10;4;10;14;5;8;4;5;17;9;16;17;23;6;3;12;7;13;6;4;7;2;6;5;17;13;3;14;4;11;7;26;7;12;18;8;2;1;3;32;8;12;7;7;7;7;10;10;3
"mesmo";85;121;545;148;55;260;39;0;403;264;81;354;122;62;338;117;349;61;69;68;211;180;103;79;435;146;106;213;90;115;182;55;23;34;32;100;81;44;102;22;55;104;310;67;24;17;75;354;65;25;57;97;33;185;47;40;18;30;78;42;78;153;80;54;186;42;25;41;29;32;30;30;57;46;45;42;41;33;70;246;78;43;57;99;59;27;69;100;59;550;48;75;45;136;27;32;23;30;26;62;90;202;56;59;23;75;164;43;42;21;62;18;23;37;28;60;43;83;77;17;52;10;27;109;171;28;52;29;36;87;24;32;46;42;58;164;33;31;24;30;34;42;239;32;30;76;44;43;92;35;83;34;23;22;72;34;29;31;48;56;31;93;47;56;34;36;48;60;35;54;28;49;30;46;28;48;41;39;38;31;31;27;60;33;54;48;34;0;29;28;40;12;36;16;25;35;23;11;31;17
"então";355;284;1459;374;191;730;96;403;0;842;231;936;325;169;738;314;1170;144;187;194;481;431;209;275;918;351;255;640;100;268;458;104;48;44;98;301;254;70;283;68;129;235;301;127;61;64;171;846;129;67;164;206;96;437;101;77;66;70;164;68;180;413;158;125;398;91;57;113;87;106;93;50;157;174;120;95;103;96;139;521;223;72;100;219;179;100;150;169;124;1372;176;218;82;343;61;101;74;51;142;169;254;427;110;233;63;338;487;116;120;72;105;57;81;121;79;149;110;191;221;67;163;52;90;298;171;83;139;82;91;228;98;99;135;102;92;471;94;73;74;40;59;58;705;96;100;225;151;112;160;113;236;72;59;79;166;99;73;70;84;138;102;231;157;194;117;85;107;188;92;144;82;98;87;121;80;156;107;101;155;75;91;63;292;92;109;137;87;1;70;43;217;77;121;75;87;99;95;52;74;45
"querer";223;251;1355;232;158;514;60;264;842;0;130;760;242;116;546;160;746;119;188;134;418;325;155;203;702;249;164;524;104;155;332;86;43;40;86;277;305;55;231;45;110;169;193;85;45;47;127;623;112;69;128;163;76;452;71;57;54;44;158;97;141;240;121;76;410;66;45;82;53;73;69;51;121;95;124;81;83;66;171;365;182;76;69;97;107;66;127;145;106;756;118;170;71;188;63;85;78;41;88;137;173;310;91;143;67;176;293;107;71;49;98;59;59;124;80;102;96;178;222;44;107;50;53;245;102;76;114;70;82;153;63;60;120;82;76;283;71;61;37;41;55;61;368;54;60;127;98;71;93;95;297;44;43;67;105;63;55;70;65;101;85;123;92;144;74;52;76;154;71;96;49;85;80;99;78;98;70;66;84;61;81;53;195;66;114;65;58;0;73;37;181;49;63;50;75;97;121;41;51;46
"realmente";77;64;281;77;54;168;19;81;231;130;0;183;73;34;228;97;264;58;55;44;95;80;40;55;211;77;44;120;23;60;74;24;9;11;26;46;43;17;51;9;19;36;48;17;7;8;20;192;38;10;20;41;16;105;25;16;4;12;30;18;31;57;34;27;79;21;13;29;18;19;18;29;30;22;33;17;34;18;39;73;46;9;13;62;23;13;29;44;30;370;37;57;21;69;16;7;9;6;18;20;39;110;30;32;14;61;104;21;14;10;20;18;9;20;14;37;10;41;24;20;13;12;15;62;32;13;19;12;17;45;16;17;20;20;18;77;24;15;10;10;6;18;151;12;28;32;35;27;36;15;33;10;9;19;27;27;7;15;16;23;12;67;22;24;23;12;25;35;17;19;20;15;27;12;9;33;25;16;35;14;14;16;56;15;24;32;20;0;9;9;26;10;25;14;23;13;19;5;20;11
"falar";288;273;1491;339;183;638;66;354;936;760;183;0;326;131;677;286;972;153;149;271;524;421;220;190;903;339;214;664;143;380;462;64;42;70;66;273;251;82;212;51;136;229;267;113;50;45;190;1017;175;50;145;240;86;447;104;73;68;65;149;106;169;409;208;116;439;58;76;96;82;98;84;60;138;130;96;70;91;89;117;420;235;70;133;170;178;80;145;146;138;1270;154;178;95;308;117;119;119;59;100;245;219;472;105;175;63;218;429;161;167;73;90;59;52;106;48;201;97;176;214;68;112;70;63;254;125;116;112;70;75;375;79;100;132;150;68;547;108;67;47;56;48;76;747;76;125;182;143;144;106;88;271;94;30;63;124;59;76;70;76;147;98;141;119;193;98;86;103;300;75;145;71;116;74;83;66;117;100;71;105;54;75;68;237;93;128;117;72;2;58;39;129;36;64;69;61;98;69;40;80;38
"dia";162;145;617;220;75;217;15;122;325;242;73;326;0;39;253;111;349;84;99;107;144;158;62;166;287;121;121;302;52;67;171;35;18;26;37;91;75;15;90;13;60;107;144;45;38;29;76;327;46;20;60;101;36;248;32;16;28;25;100;49;70;140;56;31;164;47;35;24;46;27;26;12;64;60;53;29;21;36;74;180;62;19;36;74;70;25;39;53;44;476;47;76;37;87;34;50;52;29;32;68;70;101;47;45;20;91;142;35;61;30;35;44;30;30;45;69;33;105;81;32;38;87;21;118;45;29;41;33;14;92;27;23;70;80;26;155;57;47;20;20;27;15;178;33;21;37;34;45;41;43;79;32;22;22;61;22;22;18;22;36;35;62;29;88;39;30;51;55;35;71;39;48;33;20;31;45;40;29;36;12;26;46;240;38;40;26;38;0;40;4;54;25;42;18;65;29;46;15;29;33
"criança";28;72;220;58;22;96;23;62;169;116;34;131;39;0;86;54;148;25;41;41;58;64;36;26;156;48;45;60;12;29;84;7;46;30;14;32;49;9;52;20;39;128;56;45;14;13;28;123;14;13;21;31;16;77;13;16;3;13;77;20;40;56;21;47;69;13;39;25;9;18;8;5;39;18;46;35;20;18;19;65;35;21;16;21;22;7;47;32;14;199;19;24;17;63;7;13;14;18;30;12;33;52;21;18;3;59;56;15;9;14;14;9;8;34;2;15;13;27;17;13;140;6;9;86;25;20;31;7;18;41;12;21;32;14;23;95;8;16;15;11;15;9;53;7;10;35;29;22;24;18;38;10;5;13;71;8;19;7;46;21;10;49;24;16;23;15;26;15;30;20;4;17;23;40;22;26;14;20;27;19;55;16;15;17;51;22;6;0;4;9;92;3;6;12;12;27;19;12;7;2
"pessoa";192;234;1050;282;156;475;57;338;738;546;228;677;253;86;0;278;660;146;193;159;330;314;177;195;751;215;185;433;100;164;319;92;32;116;57;162;99;55;235;19;95;185;200;101;70;19;104;603;108;43;112;138;66;341;87;87;45;56;176;73;137;292;120;86;357;97;57;112;68;84;58;63;96;106;115;67;96;71;72;352;148;62;78;222;77;50;138;142;135;1066;119;161;55;205;70;51;66;53;63;98;192;252;106;115;49;219;293;81;72;63;59;61;44;67;58;89;50;149;113;62;54;40;41;244;123;69;79;38;56;199;48;86;123;83;58;328;73;67;47;36;20;62;394;45;46;171;72;86;114;85;99;38;38;46;126;65;71;68;87;95;52;203;140;151;57;94;109;115;60;106;56;78;47;31;41;85;93;52;97;24;78;46;165;74;88;118;69;1;76;26;57;33;96;33;75;50;23;18;67;30
"ali";64;57;296;74;69;175;23;117;314;160;97;286;111;54;278;0;259;39;37;70;124;154;47;66;255;124;87;163;56;100;118;17;21;20;19;59;55;24;118;0;50;75;74;31;25;18;74;251;52;11;34;59;24;137;29;34;18;16;78;32;90;129;53;34;115;20;24;59;27;25;19;18;48;60;44;35;35;34;17;163;49;18;28;85;46;19;51;42;49;582;64;73;24;74;31;17;32;19;25;30;66;115;39;32;9;55;139;19;28;19;21;19;11;34;11;30;20;73;39;27;29;14;27;81;56;30;21;8;16;86;20;19;48;49;24;161;27;28;13;23;19;29;178;21;27;76;26;36;32;17;38;25;9;16;76;19;25;27;24;47;29;76;22;71;25;29;40;26;27;46;27;40;19;10;7;48;37;25;53;13;25;27;55;44;43;34;30;0;17;13;24;11;20;20;12;19;12;13;35;14
"gente";299;332;1464;393;185;761;91;349;1170;746;264;972;349;148;660;259;0;162;272;193;518;441;189;332;931;327;242;671;95;284;437;126;52;60;91;254;246;57;260;45;91;247;252;156;48;63;182;840;115;74;173;224;101;370;113;71;79;63;149;87;171;378;146;105;365;115;56;88;80;118;126;56;113;199;129;81;83;85;176;515;216;92;85;313;178;77;138;129;118;1366;179;212;95;366;68;71;97;70;158;194;322;492;104;199;57;459;411;98;113;59;130;63;80;106;85;139;87;204;228;97;193;87;84;229;157;81;118;72;95;256;64;100;130;120;86;525;118;57;53;41;49;60;533;97;81;150;121;95;149;96;228;70;48;89;143;98;87;82;61;150;104;186;119;152;110;80;103;174;95;162;91;98;82;126;69;145;106;92;129;71;77;65;305;107;70;110;80;2;91;43;264;57;80;44;113;75;128;56;73;53
"coração";32;47;214;49;44;118;8;61;144;119;58;153;84;25;146;39;162;0;31;32;56;67;29;106;142;41;26;287;1;36;60;24;1;2;9;45;11;3;58;1;35;39;40;16;9;1;16;79;4;3;18;67;16;201;9;11;15;11;95;6;10;29;32;9;70;28;10;7;13;5;15;4;27;30;27;2;7;17;42;77;21;7;16;40;31;18;3;1;23;213;35;53;36;30;19;6;19;3;3;29;43;74;17;18;19;45;64;26;14;17;2;20;4;12;34;8;16;33;82;7;2;15;14;71;15;10;7;6;9;32;6;17;22;17;4;87;28;19;17;7;3;4;108;11;8;11;10;3;18;36;4;9;21;13;19;20;14;9;8;24;18;28;9;81;10;13;13;23;2;19;21;19;19;5;14;17;19;2;8;5;15;19;107;11;8;28;67;0;16;2;4;16;30;6;37;1;1;0;60;31
"país";66;166;392;110;33;152;37;69;187;188;55;149;99;41;193;37;272;31;0;36;105;124;74;77;207;58;86;98;75;45;93;27;34;36;58;44;108;18;74;18;27;108;50;41;10;32;30;185;35;13;25;44;24;116;36;11;7;14;47;50;48;53;26;38;121;29;5;23;42;21;29;27;27;21;35;15;28;17;57;119;40;28;26;49;24;17;51;59;25;259;30;50;9;49;16;9;22;18;42;23;56;81;32;23;14;77;76;17;9;12;60;14;21;24;14;20;15;45;37;10;50;21;15;53;25;15;32;10;19;49;9;20;28;19;18;79;15;17;10;5;23;10;68;34;7;49;21;19;47;19;78;23;13;36;14;48;16;10;25;15;20;49;28;27;32;12;32;25;54;31;12;28;17;23;8;43;28;20;24;9;27;25;66;23;22;30;9;0;9;18;113;11;13;6;42;20;30;25;10;12
"chegar";72;61;290;69;33;129;9;68;194;134;44;271;107;41;159;70;193;32;36;0;107;99;39;48;212;72;55;116;28;82;116;20;6;11;23;40;51;15;56;15;39;69;113;39;17;6;50;210;27;6;24;42;23;98;17;14;15;9;39;24;41;156;40;25;100;16;28;32;13;23;15;15;47;22;23;19;16;17;19;85;37;16;32;46;33;19;30;40;27;251;37;36;25;61;27;28;16;18;19;27;36;82;28;39;16;46;90;19;13;12;23;14;13;11;8;30;26;49;33;15;20;22;20;67;28;17;26;16;26;70;13;20;69;51;16;155;19;14;15;15;10;23;138;12;20;44;16;34;24;17;38;18;4;18;34;18;16;10;24;31;18;47;15;37;19;12;37;46;23;22;7;32;5;18;11;23;23;14;26;14;27;20;53;15;32;22;14;0;12;15;29;11;13;10;11;22;13;7;19;12
"só";157;135;774;161;84;279;29;211;481;418;95;524;144;58;330;124;518;56;105;107;0;343;112;76;529;175;138;234;87;165;215;47;27;49;48;156;186;63;175;21;69;124;145;67;30;20;90;474;70;39;55;138;51;223;59;46;37;23;86;64;77;210;91;63;240;42;37;46;38;53;38;31;68;62;49;55;51;52;89;250;96;53;44;112;90;37;80;99;57;593;72;104;52;162;36;48;40;22;54;105;109;225;61;97;17;135;227;61;35;34;69;29;34;59;30;67;56;99;108;42;89;22;37;128;58;54;71;32;61;231;61;55;84;60;38;228;36;43;29;34;29;48;238;36;64;85;72;69;70;55;188;49;20;35;62;46;45;43;44;65;47;89;76;65;52;34;69;102;51;54;39;59;40;64;41;67;30;49;85;26;33;36;98;55;48;42;31;1;34;33;83;27;43;32;25;42;51;25;35;14
"dar";157;135;701;153;86;248;40;180;431;325;80;421;158;64;314;154;441;67;124;99;343;0;98;101;393;153;95;340;88;140;243;46;33;54;61;100;139;44;120;31;54;110;130;75;24;25;86;448;80;37;54;112;43;273;42;32;41;32;100;60;73;203;101;58;224;34;35;45;40;43;33;29;84;53;55;43;44;50;75;222;102;28;51;84;73;41;75;79;67;601;66;90;48;135;35;40;33;43;38;76;105;180;48;73;34;136;186;35;48;32;72;32;31;50;40;68;44;88;127;32;59;34;31;142;59;35;56;17;34;131;33;32;77;54;44;174;45;34;28;30;26;29;245;28;43;106;37;59;56;37;108;31;16;37;52;30;25;35;37;66;48;88;43;79;145;28;64;92;54;55;65;63;42;47;30;63;46;35;44;26;32;44;107;44;44;40;40;1;41;15;82;39;27;24;35;59;53;24;37;43
"mundo";54;89;278;89;30;129;57;103;209;155;40;220;62;36;177;47;189;29;74;39;112;98;0;40;220;74;64;134;36;71;114;25;8;32;19;51;44;21;50;13;31;53;65;31;25;6;32;207;26;7;33;62;32;86;19;22;16;17;39;12;39;95;40;25;97;19;16;20;15;32;22;14;38;45;31;18;22;19;33;96;47;21;17;35;28;20;36;37;28;303;19;33;22;81;19;18;17;21;13;27;38;84;23;44;15;47;110;25;22;19;24;13;9;27;20;33;21;43;34;15;33;21;13;80;20;16;20;20;23;48;17;21;35;26;10;96;24;15;8;16;4;15;94;16;21;49;13;27;33;17;17;22;9;30;35;23;12;35;14;26;19;41;44;54;21;24;25;33;18;27;12;26;17;11;11;18;22;13;25;8;12;8;48;17;25;48;8;0;17;4;35;21;39;20;19;13;10;6;11;10
"orar";38;99;383;85;48;145;19;79;275;203;55;190;166;26;195;66;332;106;77;48;76;101;40;0;210;76;35;375;3;39;90;42;3;2;24;59;10;3;57;5;43;40;50;34;11;3;57;190;2;1;48;67;32;337;18;14;32;14;171;9;17;57;16;18;153;25;20;10;17;17;34;9;49;87;68;5;9;25;48;166;40;14;18;52;61;18;5;3;43;349;70;127;20;30;16;21;26;14;11;67;64;86;19;36;16;62;99;38;47;25;9;38;9;18;85;19;28;49;118;10;3;48;8;99;29;12;19;14;8;55;15;26;36;47;6;121;56;27;19;10;4;14;158;12;8;11;11;7;27;35;7;23;38;14;28;24;13;4;7;31;22;26;15;166;20;22;22;53;3;34;32;24;17;5;29;22;27;5;8;1;14;23;249;23;27;26;79;1;50;0;1;29;31;7;102;4;0;0;50;40
"porque";203;298;1260;346;167;659;75;435;918;702;211;903;287;156;751;255;931;142;207;212;529;393;220;210;0;285;258;591;133;261;419;99;71;59;110;205;221;80;268;47;140;234;408;128;76;55;116;704;141;76;147;227;85;451;101;71;58;51;176;118;184;316;169;135;376;104;64;107;91;96;88;61;159;122;121;97;87;75;112;445;170;76;109;201;112;79;157;182;117;1105;139;197;65;315;79;74;77;59;110;158;215;341;103;177;64;275;405;100;107;52;119;60;57;126;50;104;81;187;186;67;154;33;79;276;122;78;137;48;61;224;57;94;170;115;89;476;71;56;59;68;62;84;488;80;64;173;119;97;145;79;229;61;59;79;143;75;60;85;96;128;78;265;134;155;81;67;127;201;96;122;58;118;83;116;61;140;116;61;97;69;87;66;199;96;148;119;76;2;56;44;138;53;77;51;95;86;87;48;61;48
"tudo";139;99;470;136;49;235;28;146;351;249;77;339;121;48;215;124;327;41;58;72;175;153;74;76;285;0;138;249;41;109;163;28;17;24;25;93;54;29;87;12;42;76;88;50;19;4;57;347;59;17;52;87;38;182;40;38;22;14;66;19;67;155;106;46;151;27;21;37;37;39;36;22;61;54;48;24;42;28;39;124;246;29;40;72;63;33;63;68;31;453;57;76;51;81;31;26;36;26;36;59;65;165;39;63;27;112;147;32;44;30;28;16;16;51;30;47;46;77;52;24;22;54;28;121;50;18;50;17;22;89;19;28;47;40;27;147;44;30;14;33;18;27;198;35;31;59;45;45;51;32;39;17;14;31;51;26;23;18;22;44;23;78;39;76;57;27;61;74;31;46;47;38;21;19;31;49;28;22;55;13;22;24;74;22;41;46;19;2;27;16;21;22;26;30;31;21;11;6;25;31
"acontecer";49;112;353;125;63;170;14;106;255;164;44;214;121;45;185;87;242;26;86;55;138;95;64;35;258;138;0;121;36;65;108;20;19;10;21;52;49;14;67;7;28;74;70;33;22;15;53;240;45;13;44;55;21;93;29;25;10;21;48;28;55;100;77;27;140;22;20;40;22;31;27;23;35;38;27;39;29;22;17;122;49;19;36;46;39;23;51;60;48;299;45;48;20;83;19;24;25;15;29;36;74;159;26;52;13;68;98;16;14;5;29;16;17;43;4;38;25;53;25;17;37;16;19;71;40;29;25;10;19;76;14;23;34;23;27;146;18;18;16;15;23;21;133;36;18;60;26;34;26;16;45;13;14;11;48;21;11;13;18;27;24;87;32;30;23;14;39;35;21;31;17;22;27;17;10;32;16;26;26;15;17;18;46;26;32;28;15;0;16;16;38;11;9;6;20;22;22;9;21;8
"deus";167;206;799;206;125;431;71;213;640;524;120;664;302;60;433;163;671;287;98;116;234;340;134;375;591;249;121;0;14;174;229;96;7;14;48;158;40;13;174;19;190;112;162;99;56;11;76;458;26;11;129;270;99;785;33;42;76;75;396;11;39;154;108;53;345;75;38;41;24;33;116;25;161;188;172;18;31;48;137;293;138;25;60;102;120;88;31;22;72;688;155;236;136;140;61;39;82;31;43;157;177;278;53;107;87;165;211;113;132;145;33;141;42;42;206;72;70;133;313;42;14;74;41;385;64;23;63;28;26;169;28;48;105;75;46;359;127;67;86;39;12;37;382;64;28;37;43;15;97;130;38;55;129;45;73;61;74;21;20;113;60;54;91;359;48;83;49;122;13;90;246;60;56;21;43;98;86;23;35;4;67;121;423;72;80;92;177;0;81;10;12;128;103;29;216;10;6;1;139;236
"lula";23;100;218;53;14;69;16;90;100;104;23;143;52;12;100;56;95;1;75;28;87;88;36;3;133;41;36;14;0;41;77;10;17;42;23;43;155;40;47;12;15;73;59;18;3;17;35;175;97;34;37;30;14;55;10;21;9;10;13;71;44;74;32;23;116;10;2;23;12;11;4;14;16;6;6;21;21;8;11;74;38;10;19;27;9;18;27;58;11;175;7;27;9;37;26;6;11;20;7;17;41;34;12;17;5;16;57;8;6;9;167;6;3;26;1;16;11;15;7;13;13;3;8;13;12;7;15;6;13;33;17;6;22;16;29;72;4;19;7;10;35;18;52;10;8;34;13;32;23;8;40;20;1;9;15;4;10;24;10;16;32;31;13;4;9;9;21;18;21;10;6;22;18;21;7;14;8;18;19;5;11;12;1;10;19;9;1;6;3;14;23;4;0;7;3;14;6;9;1;0
"cara";74;79;312;83;52;144;13;115;268;155;60;380;67;29;164;100;284;36;45;82;165;140;71;39;261;109;65;174;41;0;131;19;8;32;18;72;46;31;68;12;38;73;66;39;21;4;55;312;54;16;49;57;27;58;23;31;34;18;48;17;36;155;63;30;129;32;16;34;16;22;21;13;38;60;32;17;18;34;22;96;53;23;31;52;58;20;43;46;27;322;27;34;28;112;35;28;39;24;17;42;53;139;42;66;20;79;145;26;19;31;21;20;16;13;7;22;22;44;42;35;11;11;30;94;31;18;40;15;17;104;19;32;28;38;21;144;23;14;12;16;6;24;238;24;47;54;20;41;31;24;20;24;8;20;38;25;21;28;25;38;31;41;30;55;25;30;32;65;15;39;17;25;29;14;15;27;43;12;37;8;25;23;41;41;32;32;14;1;22;7;7;15;16;23;25;10;1;4;16;11
"já";155;151;686;168;77;320;44;182;458;332;74;462;171;84;319;118;437;60;93;116;215;243;114;90;419;163;108;229;77;131;0;40;18;52;52;139;149;45;146;37;46;192;145;81;28;33;73;444;83;48;87;114;40;201;46;45;33;23;59;58;123;178;77;54;216;50;31;39;37;43;30;15;71;74;49;39;31;49;67;265;118;45;47;78;87;48;73;87;52;608;72;105;38;149;43;35;45;37;52;65;141;164;44;76;17;90;176;65;41;20;73;35;44;68;30;59;60;110;107;40;80;37;35;119;67;32;51;34;33;93;43;48;71;56;55;179;54;40;25;22;35;34;232;30;37;81;74;62;73;42;156;33;10;45;62;33;32;41;26;46;52;89;57;51;63;33;47;86;63;62;40;44;40;68;41;75;49;32;63;28;41;47;99;41;46;48;29;2;27;26;84;22;30;26;42;41;71;22;31;21
"continuar";41;36;146;42;13;82;8;55;104;86;24;64;35;7;92;17;126;24;27;20;47;46;25;42;99;28;20;96;10;19;40;0;2;8;21;23;33;7;20;2;17;35;34;34;12;5;19;96;19;5;16;23;9;71;8;6;13;5;24;9;12;36;16;15;50;19;7;10;9;19;12;13;15;23;14;9;5;4;37;47;23;11;9;17;15;1;11;19;8;123;10;29;9;17;9;6;9;7;13;24;17;40;13;11;8;30;40;12;8;4;16;9;10;4;15;16;5;13;28;13;15;7;7;42;16;3;12;12;10;11;3;5;16;9;7;29;17;9;9;3;6;8;46;12;7;11;8;16;18;7;32;5;13;11;18;13;7;9;4;16;6;22;17;36;14;7;16;19;12;10;14;16;8;5;4;17;8;1;6;6;10;9;29;7;5;11;8;2;11;6;22;12;8;3;18;10;15;5;6;9
"segurança";14;29;119;23;9;32;12;23;48;43;9;42;18;46;32;21;52;1;34;6;27;33;8;3;71;17;19;7;17;8;18;2;0;16;13;17;32;29;26;22;9;18;21;10;1;27;12;32;5;4;7;12;9;33;4;4;2;1;11;16;28;18;16;14;33;6;1;6;6;7;5;1;20;1;7;12;7;12;15;29;16;14;5;11;7;1;14;24;4;44;11;13;0;17;6;5;3;11;17;6;16;17;4;10;0;17;22;2;0;4;16;1;1;16;0;5;6;14;4;5;101;3;0;24;16;7;17;4;9;14;4;7;18;9;13;27;0;3;1;3;12;8;19;2;1;8;18;1;3;11;60;9;3;6;13;2;6;2;12;11;3;15;6;2;4;2;9;4;103;8;0;10;3;51;9;16;5;12;6;11;0;1;1;3;4;0;0;0;1;0;51;1;1;2;0;10;32;6;2;0
"milhão";15;43;93;27;8;44;7;34;44;40;11;70;26;30;116;20;60;2;36;11;49;54;32;2;59;24;10;14;42;32;52;8;16;0;36;13;17;37;18;8;7;40;22;19;5;5;11;88;13;8;7;12;4;22;8;10;4;4;7;15;12;28;7;5;37;5;0;9;6;6;6;6;4;6;10;10;6;10;7;39;19;5;14;24;1;0;18;13;6;73;5;14;8;18;2;4;8;18;9;11;15;20;5;5;1;14;24;9;2;3;35;9;9;6;2;16;5;26;5;7;19;5;7;13;7;6;9;3;5;16;5;7;8;5;6;25;1;10;5;2;12;7;21;8;6;15;8;19;7;4;21;2;0;5;6;5;10;10;6;6;21;10;6;0;4;3;17;13;30;5;4;3;4;4;4;8;2;5;6;1;12;1;2;24;7;6;0;0;4;7;34;2;3;3;2;3;6;9;2;0
"brasileiro";23;89;153;50;21;75;16;32;98;86;26;66;37;14;57;19;91;9;58;23;48;61;19;24;110;25;21;48;23;18;52;21;13;36;0;22;66;16;33;10;13;48;29;19;8;15;11;74;23;11;11;26;11;76;21;18;7;5;29;21;25;22;18;26;47;17;6;15;15;11;18;14;14;39;26;9;9;8;31;64;15;18;17;21;12;3;26;19;11;93;11;27;20;37;10;4;14;16;21;17;38;40;15;9;2;39;40;7;4;6;42;10;11;19;10;14;10;25;18;8;51;2;8;32;15;11;22;3;13;30;12;9;20;12;8;47;7;18;6;11;12;8;41;12;1;23;15;7;21;18;53;11;8;11;22;4;9;10;14;8;15;22;22;17;13;6;15;12;33;13;4;15;10;17;9;24;24;14;10;11;20;6;13;17;18;15;12;0;3;11;115;8;3;7;47;21;39;15;9;5
"deixar";109;83;532;85;43;164;26;100;301;277;46;273;91;32;162;59;254;45;44;40;156;100;51;59;205;93;52;158;43;72;139;23;17;13;22;0;65;18;64;9;27;58;63;24;17;12;50;267;37;15;57;46;28;116;29;58;17;20;44;31;47;102;43;24;101;16;17;33;21;28;11;6;48;25;32;25;32;26;41;133;124;19;24;43;26;17;23;40;22;299;44;53;27;70;18;22;15;17;22;42;58;115;37;46;15;69;93;34;21;15;26;5;7;173;28;46;28;63;66;18;26;31;14;68;42;23;29;30;31;46;21;18;44;26;20;81;40;25;13;10;8;17;112;23;28;42;38;35;29;25;45;16;14;18;37;16;16;21;14;37;20;43;28;42;24;11;32;44;16;31;32;17;23;22;18;35;16;29;38;11;25;18;47;18;26;33;21;0;28;17;31;15;23;16;15;19;21;7;21;15
"presidente";99;122;500;92;30;216;20;81;254;305;43;251;75;49;99;55;246;11;108;51;186;139;44;10;221;54;49;40;155;46;149;33;32;17;66;65;0;25;96;37;20;103;77;52;8;39;46;187;164;54;28;56;20;397;22;24;9;14;33;105;91;79;34;50;149;21;9;23;35;30;6;12;23;6;29;41;39;14;228;180;67;25;33;42;15;17;82;68;23;208;38;117;28;87;20;30;28;18;51;66;80;69;35;35;4;51;92;33;1;5;107;9;45;44;0;34;38;57;138;20;78;5;20;31;61;39;70;24;44;46;68;21;62;30;36;87;9;25;10;27;67;21;100;21;8;35;83;13;39;28;449;36;5;25;18;13;21;20;30;34;38;68;18;5;29;12;33;38;61;15;9;27;26;113;28;35;21;45;14;43;17;15;8;20;18;7;3;0;2;33;174;1;5;4;7;67;181;27;5;1
"dinheiro";16;20;89;18;7;45;3;44;70;55;17;82;15;9;55;24;57;3;18;15;63;44;21;3;80;29;14;13;40;31;45;7;29;37;16;18;25;0;29;9;6;34;24;14;2;3;18;94;13;4;12;16;8;20;7;6;3;3;4;7;21;32;20;14;44;5;3;12;7;7;3;2;9;5;6;19;16;14;6;44;19;9;4;12;5;5;13;15;6;102;5;14;8;20;8;9;4;13;5;9;9;31;11;10;6;18;41;2;1;4;27;2;2;10;2;18;1;14;2;9;25;1;3;20;17;5;12;3;2;21;7;6;22;6;6;23;1;16;3;4;7;8;22;6;5;21;7;7;4;6;16;4;0;6;8;5;7;20;3;8;8;22;7;6;5;2;20;20;63;10;3;10;9;12;0;17;5;10;11;5;3;1;3;3;9;2;0;0;1;5;29;3;1;4;1;5;7;2;3;0
"colocar";66;85;457;87;67;156;22;102;283;231;51;212;90;52;235;118;260;58;74;56;175;120;50;57;268;87;67;174;47;68;146;20;26;18;33;64;96;29;0;21;28;74;78;38;17;21;51;254;58;31;47;70;33;151;19;21;18;17;66;37;84;135;40;32;151;20;21;61;21;29;12;15;54;33;43;26;48;42;51;118;54;33;28;72;28;19;38;67;41;312;36;50;24;71;20;27;28;13;37;44;64;118;28;49;12;66;99;24;21;19;31;19;10;30;16;35;26;46;44;19;69;20;12;85;58;21;32;15;48;66;29;17;47;38;38;140;17;22;15;11;16;46;131;18;15;59;43;28;33;26;90;19;15;22;47;20;21;17;36;48;31;63;18;52;29;8;46;41;38;25;24;32;19;39;15;32;23;24;30;18;21;65;60;21;47;36;20;0;17;13;58;13;25;15;23;31;31;17;18;16
"lei";11;21;83;32;10;35;4;22;68;45;9;51;13;20;19;0;45;1;18;15;21;31;13;5;47;12;7;19;12;12;37;2;22;8;10;9;37;9;21;0;15;24;25;12;1;24;14;46;4;6;5;18;5;26;10;2;5;2;6;10;18;15;11;23;30;4;2;7;10;7;4;6;5;2;4;6;4;1;20;39;10;3;3;9;2;2;15;11;3;42;7;18;4;15;6;12;3;2;18;12;16;13;6;7;2;19;8;4;3;2;17;7;5;4;0;4;7;21;18;3;39;3;3;9;7;6;7;6;6;10;4;8;13;6;10;16;0;1;5;12;21;8;23;4;1;11;13;5;7;5;49;6;7;4;6;10;5;2;6;5;10;11;12;3;9;1;7;7;46;5;3;3;6;133;12;10;5;8;7;5;6;2;1;9;19;2;4;1;0;5;46;1;0;7;5;12;20;8;3;0
"homem";39;53;155;56;19;89;13;55;129;110;19;136;60;39;95;50;91;35;27;39;69;54;31;43;140;42;28;190;15;38;46;17;9;7;13;27;20;6;28;15;0;44;25;10;17;6;24;88;16;3;25;39;11;120;12;14;14;16;62;13;19;41;25;32;63;15;13;19;7;5;20;9;42;41;29;15;19;14;17;73;30;9;16;19;16;15;15;20;11;150;15;33;7;30;13;13;14;4;8;22;18;51;16;26;13;47;46;16;23;18;17;54;6;10;8;10;12;20;45;7;11;7;17;63;27;8;10;6;8;43;7;16;18;9;11;79;17;9;17;15;0;11;77;19;4;33;12;8;28;20;13;12;14;7;34;12;11;6;22;24;19;21;26;70;12;15;19;22;7;31;11;14;19;13;6;43;9;10;11;3;24;22;34;13;225;15;18;1;8;4;6;31;25;3;45;10;5;1;15;14
"ano";72;148;383;103;39;201;40;104;235;169;36;229;107;128;185;75;247;39;108;69;124;110;53;40;234;76;74;112;73;73;192;35;18;40;48;58;103;34;74;24;44;0;118;52;19;43;87;241;47;21;31;123;20;98;39;22;24;25;51;43;55;116;49;35;161;21;28;21;31;18;34;13;69;52;35;29;12;25;32;127;38;28;39;48;66;15;41;49;40;313;33;51;30;95;25;29;54;40;37;45;55;84;31;42;4;80;129;16;15;10;81;13;43;23;13;23;30;80;38;15;84;12;36;87;44;23;27;17;30;56;11;25;45;22;20;125;18;38;13;15;39;27;121;37;18;62;25;19;31;27;67;28;10;23;34;27;16;20;17;49;60;44;26;33;17;31;27;46;58;40;14;31;26;32;28;51;32;22;28;13;45;7;54;39;39;28;12;1;19;28;133;13;12;22;26;49;55;38;14;12
"até";87;94;447;180;54;192;22;310;301;193;48;267;144;56;200;74;252;40;50;113;145;130;65;50;408;88;70;162;59;66;145;34;21;22;29;63;77;24;78;25;25;118;0;49;25;26;46;250;52;18;32;81;30;125;34;22;21;16;46;47;76;118;50;52;160;20;18;26;18;24;27;21;42;41;26;33;27;29;40;133;53;31;39;59;41;28;48;60;45;360;40;71;27;88;31;29;35;26;37;52;76;101;27;48;21;65;142;26;28;14;43;22;25;29;22;41;35;70;58;25;47;27;21;82;42;28;43;24;32;79;29;25;42;59;50;142;29;30;15;16;27;31;139;25;30;49;31;47;58;24;72;16;11;22;40;10;30;23;30;46;33;72;35;50;33;28;39;37;46;40;25;47;19;35;19;39;23;19;22;15;24;20;57;42;34;38;14;0;25;10;54;19;32;9;15;25;36;14;21;18
"ainda";28;64;189;62;21;123;13;67;127;85;17;113;45;45;101;31;156;16;41;39;67;75;31;34;128;50;33;99;18;39;81;34;10;19;19;24;52;14;38;12;10;52;49;0;13;11;32;129;30;22;21;44;18;74;15;14;11;6;31;14;28;48;17;24;59;20;11;7;15;21;16;12;14;18;15;20;16;14;12;62;28;18;12;27;21;10;23;18;5;172;20;27;19;46;13;16;19;15;15;25;29;51;13;23;11;38;52;20;10;13;28;12;13;15;8;12;7;29;25;7;31;11;13;40;18;11;22;12;17;29;10;12;27;15;16;56;6;13;5;9;13;8;107;12;6;20;19;20;26;22;39;7;10;9;20;13;7;5;14;12;19;25;23;24;19;18;15;31;23;18;8;20;10;24;9;29;18;16;16;7;13;16;25;16;11;12;9;0;12;8;39;16;10;7;17;14;18;10;6;8
"morrer";9;19;55;26;9;33;5;24;61;45;7;50;38;14;70;25;48;9;10;17;30;24;25;11;76;19;22;56;3;21;28;12;1;5;8;17;8;2;17;1;17;19;25;13;0;1;14;43;8;0;4;17;8;23;2;10;8;9;22;4;11;28;11;9;25;7;9;5;8;6;7;2;17;12;16;4;7;6;3;19;7;6;12;11;11;1;10;15;11;66;5;7;8;14;11;3;6;7;4;9;7;25;3;2;4;29;32;10;8;14;6;6;5;8;7;3;4;15;8;3;3;2;4;27;11;4;8;1;6;14;2;9;18;9;7;35;2;5;6;6;1;4;35;9;2;10;6;1;6;6;2;7;3;4;10;6;3;4;8;6;8;12;4;32;4;8;11;7;2;7;6;5;6;3;0;7;7;3;7;0;3;6;14;8;7;14;4;0;1;3;2;7;15;1;3;4;0;2;5;6
"nacional";17;24;83;19;8;44;11;17;64;47;8;45;29;13;19;18;63;1;32;6;20;25;6;3;55;4;15;11;17;4;33;5;27;5;15;12;39;3;21;24;6;43;26;11;1;0;14;38;8;7;5;14;4;26;16;2;1;2;3;18;21;15;11;27;32;3;1;6;13;4;0;3;2;0;7;10;3;0;13;46;12;7;3;13;13;9;8;15;3;61;11;6;5;22;4;10;5;5;25;5;14;10;8;10;0;18;18;6;2;1;27;0;11;11;1;6;3;13;8;1;19;2;4;7;12;6;6;9;6;14;2;6;11;10;9;21;2;8;2;5;19;2;11;5;1;6;15;4;6;15;43;6;3;2;5;2;3;0;9;3;13;12;6;1;4;3;6;5;26;3;1;6;6;18;3;20;7;10;4;13;0;6;2;7;5;2;1;0;0;5;141;1;3;2;4;9;33;4;1;2
"depois";57;42;232;37;17;99;13;75;171;127;20;190;76;28;104;74;182;16;30;50;90;86;32;57;116;57;53;76;35;55;73;19;12;11;11;50;46;18;51;14;24;87;46;32;14;14;0;207;32;13;41;61;8;60;14;7;9;8;34;20;41;99;25;15;83;9;16;20;7;26;10;8;29;27;12;14;10;14;18;96;42;11;17;26;50;22;14;32;8;238;27;40;26;38;17;20;15;7;19;29;35;62;21;26;4;36;99;25;15;8;24;14;13;19;16;29;38;55;47;17;28;14;18;55;25;25;14;24;8;42;13;11;35;24;23;82;32;14;9;5;13;10;106;18;19;34;12;28;16;8;31;22;5;6;22;18;7;14;9;18;17;26;15;27;14;16;24;25;16;32;9;35;21;11;17;18;17;16;32;13;4;11;54;24;24;13;15;1;26;14;24;6;18;12;10;13;16;7;12;10
"aí";350;294;1312;310;112;540;58;354;846;623;192;1017;327;123;603;251;840;79;185;210;474;448;207;190;704;347;240;458;175;312;444;96;32;88;74;267;187;94;254;46;88;241;250;129;43;38;207;0;166;50;175;225;72;280;95;70;72;43;142;62;139;448;138;108;459;93;71;110;49;96;55;40;127;120;87;84;78;95;159;465;238;81;89;135;144;90;119;173;137;1517;117;192;102;283;91;90;99;62;62;180;176;320;104;125;48;167;471;107;96;51;108;50;63;77;88;226;85;197;143;101;90;113;56;202;103;60;123;81;71;232;69;68;144;119;90;333;132;77;39;39;51;61;470;72;137;151;92;151;89;52;144;74;21;48;111;60;51;77;58;110;101;168;70;124;117;62;124;192;73;154;85;111;78;64;67;101;54;58;132;36;76;66;200;78;113;92;46;1;112;34;95;27;65;47;42;82;36;31;52;42
"bolsonaro";31;76;200;53;26;92;15;65;129;112;38;175;46;14;108;52;115;4;35;27;70;80;26;2;141;59;45;26;97;54;83;19;5;13;23;37;164;13;58;4;16;47;52;30;8;8;32;166;0;28;30;38;13;64;18;11;1;12;20;25;44;71;35;31;112;18;4;18;29;25;8;22;18;4;10;16;16;14;8;72;38;11;27;27;12;7;50;54;17;196;19;34;6;55;14;21;20;13;14;19;27;57;22;26;4;32;81;11;1;13;87;12;8;31;0;17;10;26;7;12;6;2;15;29;17;16;30;13;12;42;27;7;25;19;27;57;3;16;3;7;23;20;86;15;18;41;18;25;20;8;39;9;0;11;11;9;8;22;24;17;10;37;11;0;12;5;27;14;17;10;8;19;12;12;6;23;13;23;26;3;9;8;4;15;12;6;5;4;3;4;11;2;1;2;4;15;6;3;5;3
"votar";15;22;117;34;11;40;5;25;67;69;10;50;20;13;43;11;74;3;13;6;39;37;7;1;76;17;13;11;34;16;48;5;4;8;11;15;54;4;31;6;3;21;18;22;0;7;13;50;28;0;7;12;5;31;9;2;4;2;5;10;16;23;8;14;31;7;1;6;5;8;2;4;5;1;4;17;14;5;19;36;17;8;6;13;7;6;19;23;3;49;3;36;4;17;6;5;5;5;10;14;17;19;7;11;0;15;16;4;2;2;8;1;8;10;0;12;6;10;9;1;9;2;6;6;19;9;20;1;9;6;12;4;12;6;9;23;0;4;3;5;17;8;24;7;5;16;11;9;5;4;74;4;2;2;3;1;5;12;10;12;8;15;3;1;6;5;9;10;17;6;5;6;17;58;7;7;3;8;5;10;9;1;2;4;5;2;0;2;0;0;16;0;1;2;1;6;34;4;0;1
"chamar";47;43;279;66;22;92;14;57;164;128;20;145;60;21;112;34;173;18;25;24;55;54;33;48;147;52;44;129;37;49;87;16;7;7;11;57;28;12;47;5;25;31;32;21;4;5;41;175;30;7;0;34;12;96;10;18;16;17;33;16;29;61;15;11;87;10;8;5;11;10;20;7;27;30;8;17;17;13;30;72;39;11;18;29;29;20;16;21;8;188;20;29;20;37;18;14;18;8;12;20;28;54;11;22;8;33;64;33;23;9;14;10;7;9;23;24;16;28;41;8;13;18;2;35;21;11;13;12;15;41;11;7;24;18;10;75;43;9;6;4;7;11;76;5;10;20;16;16;12;14;22;10;10;10;21;8;5;7;14;14;13;26;9;30;21;16;10;32;9;22;15;11;7;11;20;15;7;10;13;14;8;6;46;19;27;17;14;0;20;3;12;14;13;14;23;10;8;3;14;16
"vir";65;92;404;97;42;144;19;97;206;163;41;240;101;31;138;59;224;67;44;42;138;112;62;67;227;87;55;270;30;57;114;23;12;12;26;46;56;16;70;18;39;123;81;44;17;14;61;225;38;12;34;0;29;227;17;12;19;14;117;34;40;86;52;27;145;25;21;11;21;20;19;16;46;44;46;13;13;24;38;111;86;15;23;41;52;17;31;42;24;266;38;64;29;54;21;21;29;18;18;51;62;75;28;32;17;51;95;29;18;25;40;27;20;21;24;30;31;38;73;22;32;21;12;81;25;21;20;17;18;68;15;11;51;33;24;125;24;15;21;16;22;15;128;15;17;34;21;19;20;51;59;29;23;16;32;16;17;24;24;31;27;39;19;88;25;12;24;31;38;32;31;19;26;28;11;39;14;13;21;14;18;23;84;20;32;18;40;0;27;9;43;38;35;8;41;19;37;8;40;25
"lugar";21;40;124;40;13;53;9;33;96;76;16;86;36;16;66;24;101;16;24;23;51;43;32;32;85;38;21;99;14;27;40;9;9;4;11;28;20;8;33;5;11;20;30;18;8;4;8;72;13;5;12;29;0;79;9;10;9;11;23;10;19;27;18;15;43;10;8;9;5;3;9;7;21;29;27;10;8;8;15;33;9;6;8;9;28;14;12;12;13;95;11;14;11;22;15;9;10;7;6;25;19;39;11;19;13;33;28;13;13;11;9;12;9;12;7;5;7;25;27;5;26;7;6;36;9;5;18;4;8;27;8;7;23;15;5;45;14;14;11;10;6;10;49;10;2;13;15;6;15;11;17;5;11;11;15;5;16;4;8;15;9;9;19;30;12;9;10;8;15;25;9;15;15;9;7;17;14;3;3;5;15;3;51;11;16;10;13;0;5;6;14;16;12;5;30;3;6;2;18;8
"senhor";154;192;858;166;72;301;50;185;437;452;105;447;248;77;341;137;370;201;116;98;223;273;86;337;451;182;93;785;55;58;201;71;33;22;76;116;397;20;151;26;120;98;125;74;23;26;60;280;64;31;96;227;79;0;30;43;43;43;442;142;81;102;68;55;325;33;37;28;28;42;58;17;142;131;153;26;44;47;193;269;111;30;41;78;67;68;73;59;58;443;139;277;98;103;28;43;57;33;39;87;136;146;60;70;71;104;168;93;62;86;64;108;43;49;109;48;52;100;303;34;57;57;34;264;67;34;67;60;27;117;69;25;130;76;41;225;89;77;50;41;33;39;277;32;10;44;68;19;66;121;326;48;78;35;52;31;45;21;24;61;61;100;47;335;37;62;34;58;48;49;73;57;50;60;40;73;48;50;25;30;60;100;241;42;81;55;149;0;58;23;85;96;71;29;191;35;88;9;127;105
"política";32;41;149;44;16;80;6;47;101;71;25;104;32;13;87;29;113;9;36;17;59;42;19;18;101;40;29;33;10;23;46;8;4;8;21;29;22;7;19;10;12;39;34;15;2;16;14;95;18;9;10;17;9;30;0;9;2;15;13;6;20;45;15;15;32;4;5;12;24;9;6;7;15;19;16;9;5;6;13;62;20;10;16;14;18;8;19;21;13;127;16;10;8;32;8;7;13;7;17;22;17;52;13;25;3;34;25;5;9;5;17;6;4;17;3;13;9;17;8;7;28;1;8;42;24;6;10;2;8;26;8;16;20;11;13;41;5;5;10;1;9;6;44;10;14;20;30;6;20;9;19;6;4;7;37;13;8;11;10;21;13;23;20;11;8;8;11;16;35;32;6;14;10;12;5;17;8;16;22;13;25;1;10;15;8;47;3;0;9;10;38;6;12;14;8;11;7;10;1;1
"lado";16;38;141;20;9;53;7;40;77;57;16;73;16;16;87;34;71;11;11;14;46;32;22;14;71;38;25;42;21;31;45;6;4;10;18;58;24;6;21;2;14;22;22;14;10;2;7;70;11;2;18;12;10;43;9;0;8;6;21;7;19;40;9;7;42;7;12;20;9;12;4;9;13;20;11;6;16;10;9;37;15;8;11;12;20;5;15;27;10;125;12;22;14;29;11;5;7;4;6;8;20;31;12;17;4;21;47;15;8;4;9;7;3;7;3;12;10;19;14;6;7;4;2;20;8;9;13;13;5;19;7;9;15;14;10;37;10;4;4;7;3;9;49;13;3;15;6;9;8;9;23;8;3;6;14;6;11;3;10;21;7;24;13;15;16;6;8;21;7;16;8;6;9;5;8;9;8;4;11;5;7;9;12;9;4;10;6;0;2;6;9;4;6;9;1;11;5;2;4;0
"irmão";17;23;121;22;7;46;1;18;66;54;4;68;28;3;45;18;79;15;7;15;37;41;16;32;58;22;10;76;9;34;33;13;2;4;7;17;9;3;18;5;14;24;21;11;8;1;9;72;1;4;16;19;9;43;2;8;0;8;32;2;8;34;14;5;24;3;14;6;4;2;9;2;25;30;11;5;2;10;15;33;16;6;9;7;12;6;7;6;6;78;9;18;21;12;13;6;5;3;2;24;16;28;5;11;9;13;29;7;11;5;8;6;5;6;23;8;3;19;19;6;8;11;5;26;5;5;7;1;2;20;3;4;15;8;4;27;20;5;2;2;2;5;46;9;5;10;3;4;9;7;6;5;7;4;10;4;3;7;3;12;17;2;8;25;4;8;12;19;4;14;9;7;5;3;4;17;7;3;6;2;7;8;30;10;9;4;4;0;8;1;3;5;13;4;7;2;0;2;11;10
"chamado";15;28;82;29;19;50;6;30;70;44;12;65;25;13;56;16;63;11;14;9;23;32;17;14;51;14;21;75;10;18;23;5;1;4;5;20;14;3;17;2;16;25;16;6;9;2;8;43;12;2;17;14;11;43;15;6;8;0;20;7;16;34;5;10;37;3;8;3;6;5;9;1;12;25;13;2;6;5;5;28;13;4;12;5;8;3;10;11;10;80;10;11;2;14;5;10;10;4;5;11;14;28;3;16;6;14;21;10;7;5;11;10;3;6;7;10;14;10;20;0;15;6;2;40;11;4;10;4;1;10;7;5;14;4;6;42;5;6;9;1;5;5;29;11;4;11;7;12;10;8;14;11;1;4;11;4;6;2;4;6;9;15;10;13;7;10;3;8;3;5;3;5;4;5;3;16;6;6;9;0;11;8;21;9;6;16;5;1;3;7;9;9;7;13;20;7;6;2;7;4
"pai";47;76;309;62;26;99;14;78;164;158;30;149;100;77;176;78;149;95;47;39;86;100;39;171;176;66;48;396;13;48;59;24;11;7;29;44;33;4;66;6;62;51;46;31;22;3;34;142;20;5;33;117;23;442;13;21;32;20;0;13;22;66;29;26;184;18;136;13;12;11;26;7;202;76;133;20;17;17;41;132;33;7;25;44;36;22;20;16;20;210;58;127;28;37;30;8;12;5;12;27;48;63;14;32;30;42;72;33;18;47;15;43;16;13;48;16;13;42;79;16;49;24;24;109;31;11;15;8;6;51;12;18;73;30;15;73;36;26;22;13;3;10;91;14;10;23;7;11;24;48;23;12;31;17;42;7;17;7;18;26;28;20;16;213;9;27;28;20;11;27;29;24;19;12;8;22;24;7;13;4;26;32;112;14;34;15;105;0;29;4;16;40;27;8;84;21;6;18;90;31
"ministro";41;38;204;49;9;59;2;42;68;97;18;106;49;20;73;32;87;6;50;24;64;60;12;9;118;19;28;11;71;17;58;9;16;15;21;31;105;7;37;10;13;43;47;14;4;18;20;62;25;10;16;34;10;142;6;7;2;7;13;0;42;31;24;36;62;10;2;19;10;6;4;11;13;4;11;27;17;5;41;64;24;14;12;15;12;8;36;11;3;86;13;38;8;26;12;13;9;13;15;13;41;19;21;9;0;25;34;11;0;3;57;3;16;14;0;4;13;20;41;8;22;2;4;17;17;16;11;22;12;25;22;6;21;10;17;48;9;26;9;13;24;7;27;6;2;31;18;15;22;8;87;14;1;6;15;3;6;5;12;10;18;25;9;6;9;11;16;11;18;14;1;21;7;8;5;27;6;21;11;5;5;11;9;12;22;2;2;0;1;14;72;3;1;11;5;18;40;9;5;1
"inclusive";51;72;347;94;38;127;14;78;180;141;31;169;70;40;137;90;171;10;48;41;77;73;39;17;184;67;55;39;44;36;123;12;28;12;25;47;91;21;84;18;19;55;76;28;11;21;41;139;44;16;29;40;19;81;20;19;8;16;22;42;0;100;30;34;97;13;15;25;27;18;11;16;16;24;18;23;22;17;18;104;47;18;12;31;11;19;45;51;15;264;19;55;8;55;15;11;12;11;21;20;38;38;16;17;7;41;68;20;9;7;33;11;12;30;3;24;16;43;16;11;52;6;19;33;33;33;26;7;19;34;22;16;33;10;72;74;10;21;6;12;25;14;77;14;8;49;35;19;28;15;107;15;4;17;32;5;22;19;26;22;11;49;23;6;19;12;31;24;41;17;9;19;14;45;16;31;14;34;18;21;11;7;12;17;36;12;6;0;10;22;56;6;8;21;5;34;46;19;9;5
"lá";135;96;520;119;31;224;22;153;413;240;57;409;140;56;292;129;378;29;53;156;210;203;95;57;316;155;100;154;74;155;178;36;18;28;22;102;79;32;135;15;41;116;118;48;28;15;99;448;71;23;61;86;27;102;45;40;34;34;66;31;100;0;69;44;191;31;25;41;26;26;24;11;55;77;39;25;25;32;38;185;99;40;42;76;69;39;40;54;41;566;51;72;37;119;45;50;52;24;33;72;83;167;51;58;15;72;182;28;28;16;30;22;27;31;18;68;48;92;35;43;51;26;24;86;36;21;47;25;28;116;30;29;67;62;26;186;46;40;18;24;37;27;224;38;51;77;36;66;30;25;61;34;5;22;108;20;44;30;28;42;36;66;33;64;33;42;50;90;35;81;24;61;37;25;38;53;25;21;68;15;31;24;56;47;50;27;10;0;31;26;39;9;23;30;18;35;24;13;18;9
"nada";51;48;216;53;31;87;23;80;158;121;34;208;56;21;120;53;146;32;26;40;91;101;40;16;169;106;77;108;32;63;77;16;16;7;18;43;34;20;40;11;25;49;50;17;11;11;25;138;35;8;15;52;18;68;15;9;14;5;29;24;30;69;0;24;66;14;12;23;10;15;16;3;24;29;14;13;15;15;14;68;42;14;23;47;25;18;33;29;14;198;22;37;31;68;15;18;14;25;23;35;29;86;21;42;9;41;75;15;17;18;17;7;7;17;2;23;27;37;29;9;17;8;11;53;21;12;14;9;17;39;15;12;41;13;10;73;8;18;6;20;9;13;109;13;20;25;22;18;22;18;28;13;1;11;25;22;13;16;12;16;20;38;32;28;21;16;25;51;15;21;14;13;21;25;10;24;25;14;14;4;13;12;36;12;27;18;17;0;7;7;24;9;13;9;8;9;10;8;14;6
"dever";35;48;180;36;33;72;12;54;125;76;27;116;31;47;86;34;105;9;38;25;63;58;25;18;135;46;27;53;23;30;54;15;14;5;26;24;50;14;32;23;32;35;52;24;9;27;15;108;31;14;11;27;15;55;15;7;5;10;26;36;34;44;24;0;77;13;13;18;17;16;8;11;19;16;15;21;25;10;18;68;23;16;14;17;16;11;32;25;14;137;19;28;10;62;10;8;8;25;27;24;29;50;20;20;5;25;52;12;15;8;21;6;6;15;9;13;8;18;24;10;40;5;13;34;32;14;29;24;12;32;13;20;22;20;13;52;10;11;7;6;17;9;60;8;6;33;28;15;29;11;51;3;3;5;16;6;16;4;11;15;15;27;27;20;11;13;15;11;33;19;5;11;12;26;9;13;13;15;20;11;7;9;17;8;21;31;3;0;5;9;59;8;17;11;10;24;36;9;6;1
"agora";124;163;678;109;56;239;45;186;398;410;79;439;164;69;357;115;365;70;121;100;240;224;97;153;376;151;140;345;116;129;216;50;33;37;47;101;149;44;151;30;63;161;160;59;25;32;83;459;112;31;87;145;43;325;32;42;24;37;184;62;97;191;66;77;0;40;27;54;34;51;37;31;102;60;81;56;49;38;74;230;88;49;48;73;75;45;86;93;50;468;113;128;53;146;41;45;38;38;35;76;97;176;54;68;20;104;176;60;27;24;81;37;41;46;56;68;48;107;89;52;57;27;27;145;49;45;61;37;29;100;35;37;88;69;30;153;52;40;24;23;53;38;196;34;31;67;52;60;63;49;152;47;15;31;69;35;24;40;43;54;60;72;56;146;49;33;56;97;49;82;43;64;47;55;23;57;43;35;41;27;36;39;113;43;55;39;82;1;47;30;73;37;35;16;55;40;45;22;72;37
"certeza";25;49;169;38;20;83;10;42;91;66;21;58;47;13;97;20;115;28;29;16;42;34;19;25;104;27;22;75;10;32;50;19;6;5;17;16;21;5;20;4;15;21;20;20;7;3;9;93;18;7;10;25;10;33;4;7;3;3;18;10;13;31;14;13;40;0;9;4;4;9;5;7;10;12;6;7;11;3;27;69;17;8;15;27;8;6;15;17;15;146;22;20;9;15;10;5;7;3;7;17;20;45;14;13;5;17;36;15;6;7;13;7;14;6;9;14;7;11;11;3;8;4;7;34;14;4;12;9;4;11;7;7;15;17;2;29;12;6;4;3;5;12;42;6;10;18;13;16;16;7;20;3;6;12;11;16;9;3;4;11;7;15;8;13;11;9;14;11;12;13;11;16;20;8;8;24;8;2;14;2;6;7;30;4;4;9;7;0;11;3;11;7;16;4;11;9;11;0;5;8
"mãe";23;22;90;25;10;57;3;25;57;45;13;76;35;39;57;24;56;10;5;28;37;35;16;20;64;21;20;38;2;16;31;7;1;0;6;17;9;3;21;2;13;28;18;11;9;1;16;71;4;1;8;21;8;37;5;12;14;8;136;2;15;25;12;13;27;9;0;8;8;6;4;1;98;6;43;5;3;7;7;37;24;2;11;15;13;6;19;5;13;111;10;13;7;23;8;5;11;4;3;11;15;24;10;13;12;13;23;12;7;8;2;2;4;11;4;7;5;20;6;7;8;8;9;34;10;2;4;3;6;23;3;5;24;18;10;25;9;6;5;1;0;7;50;6;5;12;4;11;3;6;5;4;3;6;14;2;9;4;2;10;4;9;8;17;5;13;11;13;7;13;4;13;6;5;1;7;9;3;6;1;10;8;29;5;20;4;2;0;5;2;3;5;3;2;5;4;1;2;7;3
"simplesmente";17;28;147;35;32;55;10;41;113;82;29;96;24;25;112;59;88;7;23;32;46;45;20;10;107;37;40;41;23;34;39;10;6;9;15;33;23;12;61;7;19;21;26;7;5;6;20;110;18;6;5;11;9;28;12;20;6;3;13;19;25;41;23;18;54;4;8;0;13;15;7;7;10;11;16;9;23;11;7;48;18;10;7;27;18;7;19;34;13;136;13;28;8;28;15;10;7;9;7;4;23;45;17;17;3;31;57;7;7;5;9;4;3;17;2;10;6;29;14;10;9;3;9;39;25;16;9;4;9;26;6;6;16;10;9;46;5;8;8;5;1;15;52;7;6;22;13;17;17;8;14;3;2;6;23;10;13;12;13;6;9;27;15;3;8;4;18;22;10;13;5;8;6;4;5;11;7;8;13;5;12;5;5;10;25;15;4;0;1;5;8;3;7;6;5;10;4;7;4;1
"político";17;40;150;35;11;67;9;29;87;53;18;82;46;9;68;27;80;13;42;13;38;40;15;17;91;37;22;24;12;16;37;9;6;6;15;21;35;7;21;10;7;31;18;15;8;13;7;49;29;5;11;21;5;28;24;9;4;6;12;10;27;26;10;17;34;4;8;13;0;10;2;9;4;8;13;12;10;5;12;59;15;7;9;16;14;3;28;21;9;140;9;13;6;26;7;3;7;4;17;16;18;28;10;20;7;28;32;6;1;6;20;8;6;11;9;6;15;16;13;3;11;2;5;22;21;13;10;5;12;16;11;7;10;4;11;36;7;3;5;6;10;8;40;10;4;16;29;7;21;7;32;6;1;7;16;4;8;9;9;10;5;30;16;12;14;3;9;13;43;7;6;9;9;9;4;10;5;15;12;9;4;8;21;11;9;31;0;0;2;7;39;5;18;5;6;12;13;3;3;2
"acabar";34;40;144;35;14;65;5;32;106;73;19;98;27;18;84;25;118;5;21;23;53;43;32;17;96;39;31;33;11;22;43;19;7;6;11;28;30;7;29;7;5;18;24;21;6;4;26;96;25;8;10;20;3;42;9;12;2;5;11;6;18;26;15;16;51;9;6;15;10;0;10;7;9;16;19;9;9;14;11;47;21;12;16;16;13;6;15;22;9;134;11;17;7;34;4;7;10;7;9;16;21;48;18;18;3;33;43;9;6;5;14;3;11;16;0;15;5;22;12;5;10;8;11;37;11;6;13;12;15;15;9;10;18;14;13;56;7;6;6;9;9;4;48;7;11;15;11;15;14;10;21;6;2;13;19;8;8;11;8;13;12;21;14;10;14;7;15;13;15;15;4;25;11;11;13;12;17;5;13;3;6;9;22;14;6;11;6;0;5;10;17;5;6;8;3;12;9;8;4;2
"viver";17;46;88;69;26;55;12;30;93;69;18;84;26;8;58;19;126;15;29;15;38;33;22;34;88;36;27;116;4;21;30;12;5;6;18;11;6;3;12;4;20;34;27;16;7;0;10;55;8;2;20;19;9;58;6;4;9;9;26;4;11;24;16;8;37;5;4;7;2;10;0;6;20;32;22;7;7;8;8;38;14;8;6;22;17;4;15;9;18;101;37;15;16;24;4;7;12;7;11;26;17;50;5;20;9;31;28;11;7;14;4;19;4;10;8;8;3;15;28;4;5;4;7;76;13;3;10;5;4;22;5;3;16;8;6;48;7;9;8;6;3;4;51;9;8;17;8;7;22;12;12;11;12;13;12;8;12;4;2;17;13;14;22;40;11;11;9;15;7;9;10;6;10;4;9;19;13;9;9;2;9;8;38;7;15;18;13;0;4;2;4;15;17;8;25;1;0;0;10;8
"liberdade";12;32;96;27;18;35;9;30;50;51;29;60;12;5;63;18;56;4;27;15;31;29;14;9;61;22;23;25;14;13;15;13;1;6;14;6;12;2;15;6;9;13;21;12;2;3;8;40;22;4;7;16;7;17;7;9;2;1;7;11;16;11;3;11;31;7;1;7;9;7;6;0;5;7;20;6;9;12;4;19;8;2;10;8;5;3;29;15;2;86;3;16;4;12;3;2;3;3;8;10;21;18;3;5;2;10;19;3;6;5;6;4;4;4;3;11;4;8;15;2;7;3;4;11;10;7;10;6;10;11;4;1;9;13;9;20;6;3;2;5;6;5;22;7;5;13;5;7;10;1;18;3;1;2;11;1;5;4;34;5;6;19;12;3;4;2;7;5;7;7;2;5;3;3;2;6;7;5;8;1;8;2;6;4;9;6;6;0;2;1;9;1;4;0;4;13;4;4;9;3
"filho";34;42;193;53;25;91;21;57;157;121;30;138;64;39;96;48;113;27;27;47;68;84;38;49;159;61;35;161;16;38;71;15;20;4;14;48;23;9;54;5;42;69;42;14;17;2;29;127;18;5;27;46;21;142;15;13;25;12;202;13;16;55;24;19;102;10;98;10;4;9;20;5;0;26;106;15;10;19;22;82;31;16;22;26;15;15;21;28;19;203;33;32;14;37;9;15;24;8;8;30;36;52;17;25;25;43;61;20;22;24;12;18;7;13;16;16;16;40;41;16;51;14;20;70;28;11;21;9;3;47;10;13;69;19;17;85;19;23;9;6;4;10;103;21;11;22;8;11;22;20;23;9;12;14;34;11;18;8;14;21;19;26;25;72;13;14;22;25;9;20;21;19;19;13;10;14;18;7;18;7;16;21;54;12;52;13;35;0;10;11;25;23;18;4;27;17;7;7;31;11
"igreja";33;64;150;68;23;97;19;46;174;95;22;130;60;18;106;60;199;30;21;22;62;53;45;87;122;54;38;188;6;60;74;23;1;6;39;25;6;5;33;2;41;52;41;18;12;0;27;120;4;1;30;44;29;131;19;20;30;25;76;4;24;77;29;16;60;12;6;11;8;16;32;7;26;0;51;11;11;10;8;70;24;14;16;23;39;18;12;13;21;208;45;32;25;28;11;10;26;9;10;42;45;55;14;30;18;53;57;15;24;28;16;45;3;9;17;12;9;15;40;11;13;9;8;63;13;7;17;5;9;33;10;7;21;22;16;93;68;11;19;5;0;6;87;19;4;16;13;17;17;14;4;30;27;8;66;6;18;5;11;34;18;20;22;86;12;15;18;22;10;31;26;29;18;7;12;25;18;14;11;1;14;19;88;35;30;56;38;0;14;5;9;23;31;11;41;0;0;0;34;19
"família";33;61;179;65;24;87;17;45;120;124;33;96;53;46;115;44;129;27;35;23;49;55;31;68;121;48;27;172;6;32;49;14;7;10;26;32;29;6;43;4;29;35;26;15;16;7;12;87;10;4;8;46;27;153;16;11;11;13;133;11;18;39;14;15;81;6;43;16;13;19;22;20;106;51;0;11;13;13;22;78;29;11;10;23;26;10;25;23;13;165;19;41;11;33;19;6;7;11;16;30;30;46;11;21;16;40;38;10;12;15;11;14;7;16;25;10;10;38;38;5;25;13;16;103;18;11;17;4;8;30;9;8;78;15;14;49;18;12;15;6;4;3;54;9;3;16;14;8;20;20;13;9;15;16;34;9;11;5;20;23;20;26;19;57;11;18;25;22;9;17;18;20;16;18;11;21;6;6;11;1;18;17;53;18;32;16;22;0;12;3;19;12;12;2;47;11;8;8;18;16
"caso";21;35;118;33;16;61;10;42;95;81;17;70;29;35;67;35;81;2;15;19;55;43;18;5;97;24;39;18;21;17;39;9;12;10;9;25;41;19;26;6;15;29;33;20;4;10;14;84;16;17;17;13;10;26;9;6;5;2;20;27;23;25;13;21;56;7;5;9;12;9;7;6;15;11;11;0;76;13;20;65;17;13;9;17;10;11;34;18;9;100;4;23;5;26;3;11;8;9;12;8;13;22;21;15;4;36;41;8;4;1;15;4;6;21;2;5;8;19;15;5;34;3;6;24;20;10;22;9;9;18;11;7;11;10;15;21;6;4;3;8;18;20;37;4;6;34;19;14;23;7;41;8;1;15;18;7;13;10;8;10;6;22;21;3;15;11;16;14;25;14;2;9;8;10;4;11;10;8;11;8;4;4;4;8;29;8;0;0;4;9;20;1;3;5;2;10;18;8;1;0
"contrário";22;24;134;32;14;55;9;41;103;83;34;91;21;20;96;35;83;7;28;16;51;44;22;9;87;42;29;31;21;18;31;5;7;6;9;32;39;16;48;4;19;12;27;16;7;3;10;78;16;14;17;13;8;44;5;16;2;6;17;17;22;25;15;25;49;11;3;23;10;9;7;9;10;11;13;76;0;15;25;35;16;6;23;16;12;7;21;27;13;117;12;22;4;24;6;8;3;9;10;6;25;36;16;13;1;32;38;3;5;5;13;7;3;14;2;12;9;20;23;4;15;1;10;27;25;11;14;2;9;28;8;8;12;10;8;32;10;5;6;6;3;17;29;7;2;23;10;11;20;2;42;4;5;10;19;8;4;6;17;10;4;36;12;6;15;6;16;11;13;7;8;8;16;19;3;15;9;9;14;8;8;5;9;7;29;16;4;1;2;3;15;3;9;0;4;15;17;2;8;0
"tirar";32;27;116;23;11;38;4;33;96;66;18;89;36;18;71;34;85;17;17;17;52;50;19;25;75;28;22;48;8;34;49;4;12;10;8;26;14;14;42;1;14;25;29;14;6;0;14;95;14;5;13;24;8;47;6;10;10;5;17;5;17;32;15;10;38;3;7;11;5;14;8;12;19;10;13;13;15;0;12;43;19;5;6;23;15;6;23;11;20;112;22;26;9;27;10;7;8;2;10;10;19;35;5;17;4;15;46;9;4;7;10;3;7;6;6;13;7;19;15;11;12;1;5;49;11;4;11;9;9;25;9;17;17;19;12;30;6;9;5;4;1;4;40;2;7;15;8;15;8;12;14;9;4;5;15;1;11;8;4;7;6;18;9;25;9;3;5;18;8;11;9;12;8;7;7;6;11;10;12;7;5;8;15;9;21;10;8;0;7;1;14;2;8;8;7;7;4;6;5;2
"obrigar";88;57;320;51;13;320;7;70;139;171;39;117;74;19;72;17;176;42;57;19;89;75;33;48;112;39;17;137;11;22;67;37;15;7;31;41;228;6;51;20;17;32;40;12;3;13;18;159;8;19;30;38;15;193;13;9;15;5;41;41;18;38;14;18;74;27;7;7;12;11;8;4;22;8;22;20;25;12;0;118;40;12;16;23;14;13;25;16;12;166;30;50;29;36;15;12;5;9;25;41;60;43;12;15;13;27;77;16;4;9;17;13;44;12;57;40;21;45;135;12;39;26;10;48;32;23;26;13;14;17;32;6;28;27;9;35;45;9;7;11;11;7;57;10;15;12;23;4;17;15;252;18;10;16;15;6;5;7;6;22;8;22;10;47;22;16;19;25;24;9;14;12;14;57;9;18;7;7;9;18;18;5;42;7;18;5;11;0;23;6;68;9;16;4;18;28;48;11;14;38
"também";179;169;846;175;74;362;43;246;521;365;73;420;180;65;352;163;515;77;119;85;250;222;96;166;445;124;122;293;74;96;265;47;29;39;64;133;180;44;118;39;73;127;133;62;19;46;96;465;72;36;72;111;33;269;62;37;33;28;132;64;104;185;68;68;230;69;37;48;59;47;38;19;82;70;78;65;35;43;118;0;105;38;35;104;59;40;70;63;60;679;78;131;42;141;44;51;57;29;81;96;117;155;54;66;30;125;173;57;48;28;72;35;31;64;52;76;31;98;124;31;107;42;42;140;115;47;56;40;41;108;55;39;72;53;49;190;64;37;39;17;47;28;243;32;29;85;75;49;89;56;225;48;25;44;74;35;43;32;43;54;58;87;56;76;44;50;61;77;80;56;56;48;39;84;33;84;34;54;55;34;43;22;150;40;71;54;41;0;50;35;144;18;48;31;50;62;85;26;31;28
"bem";112;68;369;65;33;239;24;78;223;182;46;235;62;35;148;49;216;21;40;37;96;102;47;40;170;246;49;138;38;53;118;23;16;19;15;124;67;19;54;10;30;38;53;28;7;12;42;238;38;17;39;86;9;111;20;15;16;13;33;24;47;99;42;23;88;17;24;18;15;21;14;8;31;24;29;17;16;19;40;105;0;21;18;34;36;23;42;35;26;307;30;32;23;66;21;20;23;14;21;43;42;103;19;56;17;58;115;32;32;15;25;6;23;124;26;40;19;39;51;15;31;41;8;53;32;15;25;23;16;47;16;12;40;21;22;75;37;23;9;11;16;15;114;13;18;36;20;25;26;18;57;10;12;21;27;10;8;11;16;26;18;39;27;34;24;18;22;56;24;30;44;18;9;21;20;28;18;16;29;10;14;4;41;17;29;23;15;0;19;5;45;12;11;16;13;14;31;8;10;10
"problema";19;23;124;31;11;58;7;43;72;76;9;70;19;21;62;18;92;7;28;16;53;28;21;14;76;29;19;25;10;23;45;11;14;5;18;19;25;9;33;3;9;28;31;18;6;7;11;81;11;8;11;15;6;30;10;8;6;4;7;14;18;40;14;16;49;8;2;10;7;12;8;2;16;14;11;13;6;5;12;38;21;0;10;12;13;12;11;21;12;72;12;9;8;31;9;6;10;6;9;18;26;26;9;19;1;31;47;6;6;2;12;1;4;16;3;8;5;22;8;9;30;4;5;19;15;7;9;6;9;18;4;11;8;5;8;45;7;8;1;4;7;8;24;3;4;13;30;9;15;10;48;5;2;2;18;3;7;7;6;8;14;16;8;6;5;5;9;15;9;7;3;11;4;19;4;26;8;13;5;15;11;3;11;6;14;10;2;0;3;4;37;6;1;3;2;10;14;6;5;2
"nunca";28;28;128;41;18;61;6;57;100;69;13;133;36;16;78;28;85;16;26;32;44;51;17;18;109;40;36;60;19;31;47;9;5;14;17;24;33;4;28;3;16;39;39;12;12;3;17;89;27;6;18;23;8;41;16;11;9;12;25;12;12;42;23;14;48;15;11;7;9;16;6;10;22;16;10;9;23;6;16;35;18;10;0;28;19;10;21;39;20;134;24;25;20;34;11;7;9;8;3;17;31;50;13;17;8;32;54;25;17;7;16;2;3;12;5;7;13;36;21;5;4;3;10;52;8;9;10;5;3;23;4;13;19;8;12;48;9;8;5;8;8;9;68;13;12;20;10;11;11;10;21;5;0;9;14;11;9;3;17;42;15;28;18;22;12;13;19;21;16;13;12;16;14;5;10;26;15;9;13;3;12;9;22;6;13;16;7;0;8;6;17;8;8;9;3;10;9;1;7;5
"conseguir";58;66;245;78;51;143;17;99;219;97;62;170;74;21;222;85;313;40;49;46;112;84;35;52;201;72;46;102;27;52;78;17;11;24;21;43;42;12;72;9;19;48;59;27;11;13;26;135;27;13;29;41;9;78;14;12;7;5;44;15;31;76;47;17;73;27;15;27;16;16;22;8;26;23;23;17;16;23;23;104;34;12;28;0;24;23;32;39;48;268;37;26;18;72;9;20;24;16;26;24;56;86;18;29;4;53;95;21;19;15;28;9;8;21;10;19;18;41;25;11;24;11;7;57;36;12;27;15;13;39;8;19;29;25;20;107;23;9;37;12;8;13;97;16;26;42;20;22;31;27;42;10;3;11;25;38;19;20;17;22;9;50;19;37;23;6;18;41;18;35;21;28;21;22;12;32;41;12;26;11;13;10;31;19;22;20;22;0;11;5;27;8;24;14;13;19;18;5;19;8
"começar";51;57;174;54;34;71;6;59;179;107;23;178;70;22;77;46;178;31;24;33;90;73;28;61;112;63;39;120;9;58;87;15;7;1;12;26;15;5;28;2;16;66;41;21;11;13;50;144;12;7;29;52;28;67;18;20;12;8;36;12;11;69;25;16;75;8;13;18;14;13;17;5;15;39;26;10;12;15;14;59;36;13;19;24;0;19;16;10;13;179;25;24;17;34;9;19;18;5;16;32;32;77;17;34;8;49;62;19;25;7;13;8;9;20;12;19;22;33;36;9;14;13;5;53;23;6;13;12;8;46;12;20;28;28;14;110;21;12;14;10;5;8;89;16;17;15;20;15;12;18;25;17;11;9;28;17;12;8;12;19;28;21;13;44;15;12;11;27;10;28;12;10;21;14;18;17;19;6;14;7;12;16;76;18;14;14;20;0;13;5;27;11;13;16;21;9;9;7;18;11
"abrir";25;26;134;38;9;41;11;27;100;66;13;80;25;7;50;19;77;18;17;19;37;41;20;18;79;33;23;88;18;20;48;1;1;0;3;17;17;5;19;2;15;15;28;10;1;9;22;90;7;6;20;17;14;68;8;5;6;3;22;8;19;39;18;11;45;6;6;7;3;6;4;3;15;18;10;11;7;6;13;40;23;12;10;23;19;0;9;16;9;95;13;25;8;23;5;10;5;6;4;12;13;32;6;12;6;31;33;11;39;4;12;11;10;6;19;19;15;17;32;5;7;5;4;20;8;4;12;11;3;24;5;5;11;11;5;53;10;14;2;5;5;5;39;2;6;15;10;5;12;10;23;6;5;2;5;3;5;5;6;10;18;18;10;31;9;5;10;11;9;10;9;14;8;2;11;15;8;6;8;2;4;35;29;6;8;9;9;0;15;3;12;6;13;3;8;7;9;0;3;16
"direito";39;64;236;62;25;86;26;69;150;127;29;145;39;47;138;51;138;3;51;30;80;75;36;5;157;63;51;31;27;43;73;11;14;18;26;23;82;13;38;15;15;41;48;23;10;8;14;119;50;19;16;31;12;73;19;15;7;10;20;36;45;40;33;32;86;15;19;19;28;15;15;29;21;12;25;34;21;23;25;70;42;11;21;32;16;9;0;129;14;141;26;29;11;54;12;15;14;15;22;28;32;55;27;27;7;45;57;13;6;8;30;6;7;29;2;26;9;20;20;14;37;5;9;37;26;17;30;12;16;32;21;12;25;14;25;63;5;7;7;6;16;17;60;12;14;34;35;17;19;11;89;11;0;8;36;11;7;15;34;26;12;39;25;6;13;9;21;30;33;22;7;15;10;20;6;17;10;16;19;24;21;10;5;14;30;32;3;0;5;14;63;5;6;10;9;27;39;9;6;0
"esquerdo";41;64;290;72;32;97;14;100;169;145;44;146;53;32;142;42;129;1;59;40;99;79;37;3;182;68;60;22;58;46;87;19;24;13;19;40;68;15;67;11;20;49;60;18;15;15;32;173;54;23;21;42;12;59;21;27;6;11;16;11;51;54;29;25;93;17;5;34;21;22;9;15;28;13;23;18;27;11;16;63;35;21;39;39;10;16;129;0;13;205;10;32;8;57;7;21;19;13;15;19;40;63;24;29;5;34;60;19;9;10;33;12;9;29;0;40;14;31;13;12;34;7;16;26;44;13;34;16;28;46;15;16;24;25;24;96;4;5;13;15;11;23;63;14;10;51;25;19;24;12;91;22;3;6;31;11;15;21;43;32;13;49;24;4;15;7;20;27;31;16;4;12;12;35;9;34;15;16;19;19;18;9;3;14;20;21;2;0;2;25;32;8;4;17;7;32;29;9;8;0
"talvez";23;29;181;61;38;87;21;59;124;106;30;138;44;14;135;49;118;23;25;27;57;67;28;43;117;31;48;72;11;27;52;8;4;6;11;22;23;6;41;3;11;40;45;5;11;3;8;137;17;3;8;24;13;58;13;10;6;10;20;3;15;41;14;14;50;15;13;13;9;9;18;2;19;21;13;9;13;20;12;60;26;12;20;48;13;9;14;13;0;183;41;27;15;47;7;10;15;8;28;29;38;60;10;37;14;41;50;23;16;1;7;6;6;10;7;19;10;18;31;16;15;6;13;38;21;8;21;10;6;29;15;24;20;14;11;49;8;5;6;7;3;4;74;12;15;33;13;14;14;13;19;6;5;9;18;9;10;9;5;17;9;31;18;13;10;22;14;15;10;10;8;15;12;7;8;21;16;8;8;5;13;9;40;11;6;12;5;0;18;5;11;4;5;6;11;6;14;4;2;3
"né";361;387;1729;450;265;910;103;550;1372;756;370;1270;476;199;1066;582;1366;213;259;251;593;601;303;349;1105;453;299;688;175;322;608;123;44;73;93;299;208;102;312;42;150;313;360;172;66;61;238;1517;196;49;188;266;95;443;127;125;78;80;210;86;264;566;198;137;468;146;111;136;140;134;101;86;203;208;165;100;117;112;166;679;307;72;134;268;179;95;141;205;183;0;196;218;105;372;114;97;134;88;113;186;301;502;146;136;72;327;562;126;158;86;116;55;66;140;109;208;104;239;232;89;115;84;84;362;174;106;131;100;95;327;85;119;175;145;127;534;149;90;70;84;60;85;776;85;107;247;132;154;169;84;166;92;49;80;164;110;98;85;74;176;97;350;138;179;130;107;141;196;77;161;118;151;88;65;84;169;127;102;183;40;118;79;382;119;145;216;89;0;100;51;123;51;147;89;91;80;47;31;89;71
"momento";51;48;247;40;38;128;9;48;176;118;37;154;47;19;119;64;179;35;30;37;72;66;19;70;139;57;45;155;7;27;72;10;11;5;11;44;38;5;36;7;15;33;40;20;5;11;27;117;19;3;20;38;11;139;16;12;9;10;58;13;19;51;22;19;113;22;10;13;9;11;37;3;33;45;19;4;12;22;30;78;30;12;24;37;25;13;26;10;41;196;0;44;19;53;12;10;15;8;32;38;45;48;21;31;17;58;65;25;17;13;16;13;9;17;32;14;17;46;48;10;14;11;18;95;23;8;14;19;12;45;12;20;25;17;14;73;27;6;10;1;12;6;95;15;9;21;17;7;28;21;30;10;11;17;18;3;13;8;8;30;17;23;21;58;19;8;12;20;15;15;12;18;14;14;10;24;27;8;15;11;12;15;95;11;13;11;26;0;25;5;18;6;22;8;23;13;18;3;22;22
"pedir";44;60;389;99;45;114;15;75;218;170;57;178;76;24;161;73;212;53;50;36;104;90;33;127;197;76;48;236;27;34;105;29;13;14;27;53;117;14;50;18;33;51;71;27;7;6;40;192;34;36;29;64;14;277;10;22;18;11;127;38;55;72;37;28;128;20;13;28;13;17;15;16;32;32;41;23;22;26;50;131;32;9;25;26;24;25;29;32;27;218;44;0;23;51;14;23;15;16;25;35;76;97;15;33;17;46;75;24;29;19;23;26;17;12;35;42;29;49;83;19;21;17;17;67;33;11;17;11;9;60;22;8;57;42;21;95;29;23;16;15;23;18;98;13;7;32;25;28;29;19;124;10;22;10;23;15;25;13;15;36;17;34;17;80;20;12;25;42;18;28;22;22;18;44;18;19;13;11;19;7;11;21;88;12;26;26;43;0;20;11;33;13;16;10;57;21;43;11;33;20
"música";26;47;120;38;14;81;11;45;82;71;21;95;37;17;55;24;95;36;9;25;52;48;22;20;65;51;20;136;9;28;38;9;0;8;20;27;28;8;24;4;7;30;27;19;8;5;26;102;6;4;20;29;11;98;8;14;21;2;28;8;8;37;31;10;53;9;7;8;6;7;16;4;14;25;11;5;4;9;29;42;23;8;20;18;17;8;11;8;15;105;19;23;0;32;13;7;12;8;5;17;31;37;10;12;11;19;47;39;4;14;6;13;4;6;35;10;4;29;17;8;3;9;9;56;7;4;10;6;6;19;12;10;16;21;10;39;16;16;9;6;3;3;63;7;10;19;8;15;5;16;21;9;10;10;14;5;11;7;4;26;9;12;11;47;5;20;15;18;5;12;10;14;7;12;8;18;14;4;8;2;8;18;27;7;13;17;10;0;3;1;10;10;9;5;20;4;11;2;15;36
"achar";93;88;407;91;44;233;28;136;343;188;69;308;87;63;205;74;366;30;49;61;162;135;81;30;315;81;83;140;37;112;149;17;17;18;37;70;87;20;71;15;30;95;88;46;14;22;38;283;55;17;37;54;22;103;32;29;12;14;37;26;55;119;68;62;146;15;23;28;26;34;24;12;37;28;33;26;24;27;36;141;66;31;34;72;34;23;54;57;47;372;53;51;32;0;29;28;24;26;59;36;74;161;34;55;8;79;126;38;24;16;28;11;16;24;18;37;23;57;48;27;43;9;23;70;42;22;52;28;39;72;25;33;33;23;30;108;27;20;21;11;10;25;211;16;26;61;43;28;49;27;83;17;5;27;39;33;27;27;24;43;36;48;34;30;45;23;37;74;27;39;16;24;31;43;15;41;42;20;25;35;28;12;58;26;29;30;17;1;14;24;72;14;22;15;14;27;47;12;23;9
"amigo";35;29;138;25;11;56;6;27;61;63;16;117;34;7;70;31;68;19;16;27;36;35;19;16;79;31;19;61;26;35;43;9;6;2;10;18;20;8;20;6;13;25;31;13;11;4;17;91;14;6;18;21;15;28;8;11;13;5;30;12;15;45;15;10;41;10;8;15;7;4;4;3;9;11;19;3;6;10;15;44;21;9;11;9;9;5;12;7;7;114;12;14;13;29;0;5;11;10;6;21;19;27;12;15;8;15;38;8;6;6;8;5;7;13;7;12;8;18;13;10;6;12;4;24;12;4;8;4;5;24;8;9;11;15;5;47;17;8;4;3;7;6;57;5;7;14;4;12;6;5;12;8;3;6;18;9;8;6;9;14;5;5;5;13;9;8;18;15;14;15;14;17;8;5;5;11;6;4;9;2;6;4;19;2;5;5;8;1;6;1;4;2;7;7;5;3;4;1;7;2
"seguinte";40;16;138;24;16;56;8;32;101;85;7;119;50;13;51;17;71;6;9;28;48;40;18;21;74;26;24;39;6;28;35;6;5;4;4;22;30;9;27;12;13;29;29;16;3;10;20;90;21;5;14;21;9;43;7;5;6;10;8;13;11;50;18;8;45;5;5;10;3;7;7;2;15;10;6;11;8;7;12;51;20;6;7;20;19;10;15;21;10;97;10;23;7;28;5;0;14;5;16;19;19;36;8;22;1;22;29;12;16;9;18;4;5;12;5;10;13;23;18;10;13;5;7;21;15;17;10;17;14;52;13;13;16;5;7;53;9;11;4;6;9;9;38;8;15;15;28;13;9;8;30;14;0;4;12;8;8;9;5;16;7;11;12;8;11;8;8;28;15;13;6;2;5;13;9;15;7;7;16;5;5;4;20;9;10;13;2;1;9;5;11;2;5;7;4;9;12;6;1;3
"lembrar";27;41;138;37;16;77;8;23;74;78;9;119;52;14;66;32;97;19;22;16;40;33;17;26;77;36;25;82;11;39;45;9;3;8;14;15;28;4;28;3;14;54;35;19;6;5;15;99;20;5;18;29;10;57;13;7;5;10;12;9;12;52;14;8;38;7;11;7;7;10;12;3;24;26;7;8;3;8;5;57;23;10;9;24;18;5;14;19;15;134;15;15;12;24;11;14;0;11;18;12;26;32;8;10;5;21;44;9;7;8;16;6;3;8;8;17;12;16;20;6;13;4;3;32;9;7;16;8;4;32;9;9;15;7;6;104;7;12;7;3;10;3;78;14;8;16;10;16;8;9;31;8;3;5;20;4;10;7;5;18;10;19;17;27;6;7;14;9;6;21;4;10;9;11;6;13;9;8;8;9;6;11;22;13;17;7;9;0;8;5;18;5;14;5;9;9;10;4;7;8
"menos";12;31;109;28;14;75;3;30;51;41;6;59;29;18;53;19;70;3;18;18;22;43;21;14;59;26;15;31;20;24;37;7;11;18;16;17;18;13;13;2;4;40;26;15;7;5;7;62;13;5;8;18;7;33;7;4;3;4;5;13;11;24;25;25;38;3;4;9;4;7;7;3;8;9;11;9;9;2;9;29;14;6;8;16;5;6;15;13;8;88;8;16;8;26;10;5;11;0;15;8;24;28;4;5;4;20;26;6;8;7;15;5;7;11;4;10;5;19;8;6;22;2;3;15;7;3;15;3;8;15;6;8;14;7;8;25;5;7;2;5;4;2;31;4;5;13;7;8;13;4;15;2;6;8;10;3;6;13;7;9;9;26;4;10;8;5;14;5;14;9;2;8;5;6;4;5;7;4;9;2;4;3;9;6;8;9;4;0;2;2;19;3;5;7;7;6;13;7;5;6
"importante";33;33;170;39;29;208;5;26;142;88;18;100;32;30;63;25;158;3;42;19;54;38;13;11;110;36;29;43;7;17;52;13;17;9;21;22;51;5;37;18;8;37;37;15;4;25;19;62;14;10;12;18;6;39;17;6;2;5;12;15;21;33;23;27;35;7;3;7;17;9;11;8;8;10;16;12;10;10;25;81;21;9;3;26;16;4;22;15;28;113;32;25;5;59;6;16;18;15;0;23;23;59;12;30;1;51;34;15;4;4;22;6;7;12;3;11;15;25;17;9;44;4;14;42;37;13;18;6;39;26;11;16;22;8;9;37;2;14;6;9;15;4;43;10;2;17;19;10;22;21;61;5;5;12;10;8;12;2;8;12;19;27;16;7;10;8;12;12;28;9;2;9;12;40;9;14;43;18;12;18;5;4;24;11;18;7;2;0;10;12;91;5;5;6;6;20;56;8;1;2
"nicolas";76;47;251;72;23;133;9;62;169;137;20;245;68;12;98;30;194;29;23;27;105;76;27;67;158;59;36;157;17;42;65;24;6;11;17;42;66;9;44;12;22;45;52;25;9;5;29;180;19;14;20;51;25;87;22;8;24;11;27;13;20;72;35;24;76;17;11;4;16;16;26;10;30;42;30;8;6;10;41;96;43;18;17;24;32;12;28;19;29;186;38;35;17;36;21;19;12;8;23;0;45;68;16;35;20;41;76;23;22;11;21;30;16;14;24;35;16;29;61;22;13;29;9;69;28;12;22;23;5;43;18;17;22;31;20;64;24;19;13;5;21;10;93;16;18;20;20;29;19;22;73;17;17;13;28;11;9;17;12;28;16;24;17;38;16;27;11;34;13;16;21;24;22;13;19;24;17;3;16;10;16;6;73;16;20;29;21;0;21;3;25;9;12;19;18;8;24;8;15;17
"vez";58;86;347;77;38;183;25;90;254;173;39;219;70;33;192;66;322;43;56;36;109;105;38;64;215;65;74;177;41;53;141;17;16;15;38;58;80;9;64;16;18;55;76;29;7;14;35;176;27;17;28;62;19;136;17;20;16;14;48;41;38;83;29;29;97;20;15;23;18;21;17;21;36;45;30;13;25;19;60;117;42;26;31;56;32;13;32;40;38;301;45;76;31;74;19;19;26;24;23;45;0;120;22;45;9;83;115;27;14;22;31;15;15;29;29;32;14;49;63;21;51;16;18;72;42;15;30;16;17;58;12;27;37;35;18;109;35;15;12;22;17;23;112;15;11;33;31;25;32;15;63;18;13;24;37;17;17;18;21;38;23;59;23;45;25;19;25;35;21;39;14;26;18;29;14;32;28;20;33;19;23;26;73;20;23;22;16;1;13;16;55;9;12;11;28;21;40;18;17;19
"coisa";118;113;491;111;89;305;39;202;427;310;110;472;101;52;252;115;492;74;81;82;225;180;84;86;341;165;159;278;34;139;164;40;17;20;40;115;69;31;118;13;51;84;101;51;25;10;62;320;57;19;54;75;39;146;52;31;28;28;63;19;38;167;86;50;176;45;24;45;28;48;50;18;52;55;46;22;36;35;43;155;103;26;50;86;77;32;55;63;60;502;48;97;37;161;27;36;32;28;59;68;120;0;34;88;45;120;200;37;48;21;39;29;19;53;24;51;42;91;86;40;48;23;37;146;45;29;45;22;24;108;27;43;49;56;31;196;22;27;25;31;8;31;259;35;32;81;45;46;57;33;52;31;37;28;68;62;34;25;31;65;46;85;68;83;64;25;40;73;28;47;30;45;25;25;21;63;57;20;46;14;33;32;92;32;34;41;27;1;17;14;48;27;40;22;35;22;25;15;35;17
"tomar";23;44;124;32;15;73;16;56;110;91;30;105;47;21;106;39;104;17;32;28;61;48;23;19;103;39;26;53;12;42;44;13;4;5;15;37;35;11;28;6;16;31;27;13;3;8;21;104;22;7;11;28;11;60;13;12;5;3;14;21;16;51;21;20;54;14;10;17;10;18;5;3;17;14;11;21;16;5;12;54;19;9;13;18;17;6;27;24;10;146;21;15;10;34;12;8;8;4;12;16;22;34;0;23;5;38;53;9;15;4;18;6;7;13;2;13;4;15;6;6;15;1;5;44;15;6;8;5;9;25;11;9;21;26;15;54;13;4;7;6;6;17;48;8;6;23;12;10;14;4;27;6;1;11;21;5;11;8;10;13;13;22;6;13;12;5;39;20;13;14;4;10;8;5;5;12;6;12;9;4;9;12;17;15;14;14;9;0;7;6;15;8;10;2;6;6;10;4;7;5
"entender";52;52;201;51;31;120;19;59;233;143;32;175;45;18;115;32;199;18;23;39;97;73;44;36;177;63;52;107;17;66;76;11;10;5;9;46;35;10;49;7;26;42;48;23;2;10;26;125;26;11;22;32;19;70;25;17;11;16;32;9;17;58;42;20;68;13;13;17;20;18;20;5;25;30;21;15;13;17;15;66;56;19;17;29;34;12;27;29;37;136;31;33;12;55;15;22;10;5;30;35;45;88;23;0;8;99;63;12;11;13;19;12;11;21;11;19;16;37;22;11;32;8;13;50;29;9;26;16;16;37;17;18;16;21;12;97;7;7;5;7;9;14;112;11;20;28;25;19;18;11;36;15;11;10;19;15;21;11;19;26;16;35;48;37;21;11;24;44;26;24;11;11;16;21;11;23;20;13;20;9;12;21;42;18;19;19;12;0;8;9;30;9;16;13;17;17;15;6;7;1
"amar";14;14;54;11;12;39;8;23;63;67;14;63;20;3;49;9;57;19;14;16;17;34;15;16;64;27;13;87;5;20;17;8;0;1;2;15;4;6;12;2;13;4;21;11;4;0;4;48;4;0;8;17;13;71;3;4;9;6;30;0;7;15;9;5;20;5;12;3;7;3;9;2;25;18;16;4;1;4;13;30;17;1;8;4;8;6;7;5;14;72;17;17;11;8;8;1;5;4;1;20;9;45;5;8;0;23;12;6;14;21;1;12;7;1;16;8;9;5;23;4;3;7;5;30;8;1;9;1;4;13;4;7;12;7;3;23;9;2;3;2;1;2;40;5;4;15;4;3;8;11;3;5;6;4;7;7;4;2;6;9;4;7;10;38;5;5;2;11;0;6;5;1;5;2;5;6;8;2;5;0;3;10;27;6;5;12;11;0;7;0;1;5;14;1;21;1;0;0;11;15
"precisar";50;113;301;77;49;166;10;75;338;176;61;218;91;59;219;55;459;45;77;46;135;136;47;62;275;112;68;165;16;79;90;30;17;14;39;69;51;18;66;19;47;80;65;38;29;18;36;167;32;15;33;51;33;104;34;21;13;14;42;25;41;72;41;25;104;17;13;31;28;33;31;10;43;53;40;36;32;15;27;125;58;31;32;53;49;31;45;34;41;327;58;46;19;79;15;22;21;20;51;41;83;120;38;99;23;0;86;26;25;24;33;22;14;48;22;31;20;52;48;18;59;7;16;79;48;24;34;10;31;70;25;23;35;23;31;125;16;12;9;12;14;16;132;20;10;54;36;13;47;23;65;14;15;28;37;24;22;22;32;36;29;71;55;54;33;24;25;39;35;38;13;16;36;33;16;39;33;25;40;21;29;24;74;26;31;48;25;1;16;13;87;15;31;8;36;23;36;23;21;11
"ficar";136;114;630;108;74;328;20;164;487;293;104;429;142;56;293;139;411;64;76;90;227;186;110;99;405;147;98;211;57;145;176;40;22;24;40;93;92;41;99;8;46;129;142;52;32;18;99;471;81;16;64;95;28;168;25;47;29;21;72;34;68;182;75;52;176;36;23;57;32;43;28;19;61;57;38;41;38;46;77;173;115;47;54;95;62;33;57;60;50;562;65;75;47;126;38;29;44;26;34;76;115;200;53;63;12;86;0;47;45;21;46;26;20;53;35;56;31;78;83;35;42;26;36;109;57;38;46;33;32;99;27;42;132;79;34;209;45;31;9;38;14;25;245;37;46;70;44;51;40;31;87;15;9;27;60;25;27;38;33;68;41;68;34;45;39;33;57;70;32;59;29;58;43;28;31;51;49;37;44;23;35;35;67;48;64;37;23;1;43;12;60;18;36;23;23;35;31;17;24;21
"ouvir";30;31;193;36;11;74;7;43;116;107;21;161;35;15;81;19;98;26;17;19;61;35;25;38;100;32;16;113;8;26;65;12;2;9;7;34;33;2;24;4;16;16;26;20;10;6;25;107;11;4;33;29;13;93;5;15;7;10;33;11;20;28;15;12;60;15;12;7;6;9;11;3;20;15;10;8;3;9;16;57;32;6;25;21;19;11;13;19;23;126;25;24;39;38;8;12;9;6;15;23;27;37;9;12;6;26;47;0;16;14;10;9;5;15;15;9;14;18;58;8;12;12;3;35;14;14;18;9;7;24;14;9;22;10;13;51;17;12;6;5;5;7;56;8;6;14;9;9;15;14;44;6;5;7;13;8;7;3;8;17;14;17;7;30;13;18;12;39;4;14;13;7;6;11;8;13;15;14;6;11;16;12;53;10;10;8;18;0;20;7;18;12;12;3;11;4;9;5;10;7
"bíblia";37;13;143;45;31;69;9;42;120;71;14;167;61;9;72;28;113;14;9;13;35;48;22;47;107;44;14;132;6;19;41;8;0;2;4;21;1;1;21;3;23;15;28;10;8;2;15;96;1;2;23;18;13;62;9;8;11;7;18;0;9;28;17;15;27;6;7;7;1;6;7;6;22;24;12;4;5;4;4;48;32;6;17;19;25;39;6;9;16;158;17;29;4;24;6;16;7;8;4;22;14;48;15;11;14;25;45;16;0;10;3;5;8;23;8;11;13;20;43;4;2;13;5;36;8;8;8;1;3;45;6;10;17;13;5;65;20;4;5;4;0;3;61;16;1;22;9;1;19;8;0;7;10;12;14;5;6;3;9;13;9;24;29;40;10;12;11;28;3;15;13;10;8;2;54;13;15;4;9;0;12;20;47;7;6;29;12;0;10;0;0;11;14;24;10;0;1;0;7;8
"amor";19;16;84;20;10;35;10;21;72;49;10;73;30;14;63;19;59;17;12;12;34;32;19;25;52;30;5;145;9;31;20;4;4;3;6;15;5;4;19;2;18;10;14;13;14;1;8;51;13;2;9;25;11;86;5;4;5;5;47;3;7;16;18;8;24;7;8;5;6;5;14;5;24;28;15;1;5;7;9;28;15;2;7;15;7;4;8;10;1;86;13;19;14;16;6;9;8;7;4;11;22;21;4;13;21;24;21;14;10;0;8;7;10;3;12;8;5;11;20;2;2;5;4;33;9;6;12;0;5;23;6;1;12;9;6;33;7;4;7;4;1;2;40;0;4;14;6;7;8;11;9;3;1;4;15;4;8;7;7;10;3;10;12;37;5;10;3;12;1;8;11;9;5;1;6;5;8;4;7;0;5;8;22;5;10;13;19;0;3;3;4;8;28;1;12;3;1;2;16;9
"governo";22;62;153;32;10;87;14;62;105;98;20;90;35;14;59;21;130;2;60;23;69;72;24;9;119;28;29;33;167;21;73;16;16;35;42;26;107;27;31;17;17;81;43;28;6;27;24;108;87;8;14;40;9;64;17;9;8;11;15;57;33;30;17;21;81;13;2;9;20;14;4;6;12;16;11;15;13;10;17;72;25;12;16;28;13;12;30;33;7;116;16;23;6;28;8;18;16;15;22;21;31;39;18;19;1;33;46;10;3;8;0;8;16;20;2;9;15;20;17;10;27;1;6;15;19;13;16;9;17;30;13;7;15;20;24;47;3;24;3;6;82;12;38;12;5;21;20;12;24;6;68;13;4;10;10;5;11;7;25;6;27;37;15;13;13;6;16;15;40;19;9;8;17;39;3;26;14;30;14;10;10;5;4;18;18;3;3;0;1;23;74;5;2;10;14;28;28;13;3;0
"levantar";13;36;90;33;6;37;4;18;57;59;18;59;44;9;61;19;63;20;14;14;29;32;13;38;60;16;16;141;6;20;35;9;1;9;10;5;9;2;19;7;54;13;22;12;6;0;14;50;12;1;10;27;12;108;6;7;6;10;43;3;11;22;7;6;37;7;2;4;8;3;19;4;18;45;14;4;7;3;13;35;6;1;2;9;8;11;6;12;6;55;13;26;13;11;5;4;6;5;6;30;15;29;6;12;12;22;26;9;5;7;8;0;8;4;13;4;8;14;28;2;9;9;7;28;7;3;11;3;10;13;9;7;18;15;8;38;9;6;10;5;1;7;38;14;3;8;9;1;15;5;20;3;23;3;14;8;9;5;4;11;13;14;15;52;8;4;10;12;1;8;12;4;5;4;2;16;12;10;7;5;23;40;26;14;31;12;17;0;3;5;2;12;6;0;54;3;3;2;14;16
"próximo";27;25;101;18;14;61;6;23;81;59;9;52;30;8;44;11;80;4;21;13;34;31;9;9;57;16;17;42;3;16;44;10;1;9;11;7;45;2;10;5;6;43;25;13;5;11;13;63;8;8;7;20;9;43;4;3;5;3;16;16;12;27;7;6;41;14;4;3;6;11;4;4;7;3;7;6;3;7;44;31;23;4;3;8;9;10;7;9;6;66;9;17;4;16;7;5;3;7;7;16;15;19;7;11;7;14;20;5;8;10;16;8;0;4;6;7;7;25;17;4;9;2;6;13;9;7;9;10;9;9;7;0;17;2;9;23;3;4;2;2;6;4;17;3;5;11;16;14;9;10;57;8;3;6;12;2;4;4;2;6;8;9;4;11;3;1;9;10;8;6;2;6;6;13;5;8;3;4;8;6;3;5;11;4;7;3;6;1;5;3;33;4;5;0;3;10;29;1;4;2
"claro";26;42;203;36;28;125;9;37;121;124;20;106;30;34;67;34;106;12;24;11;59;50;27;18;126;51;43;42;26;13;68;4;16;6;19;173;44;10;30;4;10;23;29;15;8;11;19;77;31;10;9;21;12;49;17;7;6;6;13;14;30;31;17;15;46;6;11;17;11;16;10;4;13;9;16;21;14;6;12;64;124;16;12;21;20;6;29;29;10;140;17;12;6;24;13;12;8;11;12;14;29;53;13;21;1;48;53;15;23;3;20;4;4;0;4;13;8;18;23;8;14;2;2;25;25;19;23;7;19;23;5;5;18;11;10;37;4;7;6;6;6;10;49;7;0;21;23;9;19;9;33;6;8;10;18;8;7;9;7;13;5;38;16;16;11;8;11;10;11;12;3;9;9;18;6;12;12;18;18;13;6;6;16;11;14;16;9;1;4;8;38;5;5;3;3;11;18;4;8;0
"amém";20;18;175;33;12;69;9;28;79;80;14;48;45;2;58;11;85;34;14;8;30;40;20;85;50;30;4;206;1;7;30;15;0;2;10;28;0;2;16;0;8;13;22;8;7;1;16;88;0;0;23;24;7;109;3;3;23;7;48;0;3;18;2;9;56;9;4;2;9;0;8;3;16;17;25;2;2;6;57;52;26;3;5;10;12;19;2;0;7;109;32;35;35;18;7;5;8;4;3;24;29;24;2;11;16;22;35;15;8;12;2;13;6;4;0;27;13;13;43;3;0;21;8;43;7;3;7;16;1;15;2;5;12;10;6;32;54;17;8;2;1;6;47;8;1;1;4;0;6;11;1;6;16;7;6;6;6;1;2;22;7;5;7;104;7;7;4;13;1;12;25;3;9;2;4;16;8;0;2;0;6;15;68;6;7;6;27;0;17;0;0;16;27;7;27;0;0;0;22;97
"pessoal";86;52;289;73;17;81;6;60;149;102;37;201;69;15;89;30;139;8;20;30;67;68;33;19;104;47;38;72;16;22;59;16;5;16;14;46;34;18;35;4;10;23;41;12;3;6;29;226;17;12;24;30;5;48;13;12;8;10;16;4;24;68;23;13;68;14;7;10;6;15;8;11;16;12;10;5;12;13;40;76;40;8;7;19;19;19;26;40;19;208;14;42;10;37;12;10;17;10;11;35;32;51;13;19;8;31;56;9;11;8;9;4;7;13;27;0;15;28;17;8;11;44;8;31;22;12;25;14;10;19;10;9;23;27;7;45;17;10;2;5;10;5;71;12;21;21;19;33;12;8;36;14;3;3;19;6;6;6;10;23;17;25;13;22;11;17;10;30;12;27;21;13;4;13;9;20;12;16;19;7;16;9;43;16;13;5;9;0;20;5;15;6;10;10;8;10;6;3;14;15
"antes";27;26;126;32;16;70;9;43;110;96;10;97;33;13;50;20;87;16;15;26;56;44;21;28;81;46;25;70;11;22;60;5;6;5;10;28;38;1;26;7;12;30;35;7;4;3;38;85;10;6;16;31;7;52;9;10;3;14;13;13;16;48;27;8;48;7;5;6;15;5;3;4;16;9;10;8;9;7;21;31;19;5;13;18;22;15;9;14;10;104;17;29;4;23;8;13;12;5;15;16;14;42;4;16;9;20;31;14;13;5;15;8;7;8;13;15;0;37;40;3;7;10;10;31;13;8;15;8;10;24;20;8;14;16;7;45;6;10;7;4;6;7;38;20;8;10;17;10;10;8;43;10;2;4;9;11;10;5;9;19;7;13;8;18;7;10;11;16;12;24;7;13;7;10;16;15;7;12;6;1;5;6;26;3;9;20;4;0;13;2;17;6;18;2;15;8;17;4;1;4
"passar";83;65;299;57;30;135;15;83;191;178;41;176;105;27;149;73;204;33;45;49;99;88;43;49;187;77;53;133;15;44;110;13;14;26;25;63;57;14;46;21;20;80;70;29;15;13;55;197;26;10;28;38;25;100;17;19;19;10;42;20;43;92;37;18;107;11;20;29;16;22;15;8;40;15;38;19;20;19;45;98;39;22;36;41;33;17;20;31;18;239;46;49;29;57;18;23;16;19;25;29;49;91;15;37;5;52;78;18;20;11;20;14;25;18;13;28;37;0;79;22;41;23;17;76;34;13;25;7;12;58;20;5;35;33;16;80;26;18;8;10;10;13;122;26;15;33;21;27;32;14;73;25;10;16;26;16;16;16;19;20;27;37;13;28;22;20;22;31;21;23;15;16;14;37;14;36;20;21;18;13;18;24;46;23;21;21;14;0;25;15;45;22;13;15;20;25;21;12;13;10
"palavra";71;65;343;78;27;154;15;77;221;222;24;214;81;17;113;39;228;82;37;33;108;127;34;118;186;52;25;313;7;42;107;28;4;5;18;66;138;2;44;18;45;38;58;25;8;8;47;143;7;9;41;73;27;303;8;14;19;20;79;41;16;35;29;24;89;11;6;14;13;12;28;15;41;40;38;15;23;15;135;124;51;8;21;25;36;32;20;13;31;232;48;83;17;48;13;18;20;8;17;61;63;86;6;22;23;48;83;58;43;20;17;28;17;23;43;17;40;79;0;8;14;25;9;81;32;27;21;7;14;41;32;16;34;17;19;89;47;40;27;29;8;11;111;20;4;14;21;3;23;52;193;37;38;12;19;18;31;4;7;20;27;36;24;74;19;18;17;29;10;19;22;21;20;32;35;23;25;8;10;10;21;25;102;22;16;24;57;0;24;8;37;35;28;7;57;22;37;4;43;31
"vender";26;38;129;39;10;42;7;17;67;44;20;68;32;13;62;27;97;7;10;15;42;32;15;10;67;24;17;42;13;35;40;13;5;7;8;18;20;9;19;3;7;15;25;7;3;1;17;101;12;1;8;22;5;34;7;6;6;0;16;8;11;43;9;10;52;3;7;10;3;5;4;2;16;11;5;5;4;11;12;31;15;9;5;11;9;5;14;12;16;89;10;19;8;27;10;10;6;6;9;22;21;40;6;11;4;18;35;8;4;2;10;2;4;8;3;8;3;22;8;0;11;3;8;16;12;7;6;7;4;22;5;5;10;10;2;31;13;8;6;3;8;2;43;9;8;13;3;21;13;6;9;4;3;5;9;5;5;5;7;9;5;19;8;11;10;4;9;33;6;8;10;7;6;1;5;6;8;3;7;3;6;5;6;5;6;12;4;1;23;4;7;4;1;2;5;4;7;0;8;2
"escola";36;72;207;57;14;109;17;52;163;107;13;112;38;140;54;29;193;2;50;20;89;59;33;3;154;22;37;14;13;11;80;15;101;19;51;26;78;25;69;39;11;84;47;31;3;19;28;90;6;9;13;32;26;57;28;7;8;15;49;22;52;51;17;40;57;8;8;9;11;10;5;7;51;13;25;34;15;12;39;107;31;30;4;24;14;7;37;34;15;115;14;21;3;43;6;13;13;22;44;13;51;48;15;32;3;59;42;12;2;2;27;9;9;14;0;11;7;41;14;11;0;2;10;28;46;15;31;5;23;26;17;22;40;8;23;66;9;29;8;13;36;11;47;18;7;49;51;8;21;19;106;26;9;25;67;6;18;14;25;16;23;27;24;7;15;14;24;15;131;22;4;17;16;110;16;39;15;34;18;38;30;5;4;16;13;10;1;0;1;43;164;2;1;21;5;87;58;86;5;0
"noite";132;33;170;44;10;61;3;10;52;50;12;70;87;6;40;14;87;15;21;22;22;34;21;48;33;54;16;74;3;11;37;7;3;5;2;31;5;1;20;3;7;12;27;11;2;2;14;113;2;2;18;21;7;57;1;4;11;6;24;2;6;26;8;5;27;4;8;3;2;8;4;3;14;9;13;3;1;1;26;42;41;4;3;11;13;5;5;7;6;84;11;17;9;9;12;5;4;2;4;29;16;23;1;8;7;7;26;12;13;5;1;9;2;2;21;44;10;23;25;3;2;0;6;24;6;4;6;5;4;10;4;1;11;32;0;18;20;8;4;1;1;3;26;4;2;1;3;8;4;11;3;3;5;4;7;2;2;2;1;3;3;5;2;16;6;4;5;24;0;26;39;13;8;2;8;9;3;2;7;0;5;9;49;15;6;6;9;0;23;1;0;4;4;4;11;1;0;1;7;15
"perder";25;21;81;31;12;46;8;27;90;53;15;63;21;9;41;27;84;14;15;20;37;31;13;8;79;28;19;41;8;30;35;7;0;7;8;14;20;3;12;3;17;36;21;13;4;4;18;56;15;6;2;12;6;34;8;2;5;2;24;4;19;24;11;13;27;7;9;9;5;11;7;4;20;8;16;6;10;5;10;42;8;5;10;7;5;4;9;16;13;84;18;17;9;23;4;7;3;3;14;9;18;37;5;13;5;16;36;3;5;4;6;7;6;2;8;8;10;17;9;8;10;6;0;37;12;6;8;7;5;13;0;10;8;11;5;44;5;4;2;3;4;5;28;8;2;9;8;7;16;4;18;6;5;7;12;2;6;20;7;7;7;13;12;11;3;4;8;9;4;4;8;5;6;13;1;15;9;6;9;4;6;4;6;7;11;3;8;0;3;5;11;5;3;6;5;4;12;1;6;0
"vida";74;76;304;115;64;209;50;109;298;245;62;254;118;86;244;81;229;71;53;67;128;142;80;99;276;121;71;385;13;94;119;42;24;13;32;68;31;20;85;9;63;87;82;40;27;7;55;202;29;6;35;81;36;264;42;20;26;40;109;17;33;86;53;34;145;34;34;39;22;37;76;11;70;63;103;24;27;49;48;140;53;19;52;57;53;20;37;26;38;362;95;67;56;70;24;21;32;15;42;69;72;146;44;50;30;79;109;35;36;33;15;28;13;25;43;31;31;76;81;16;28;24;37;0;41;15;42;24;18;77;20;25;67;38;35;176;46;27;52;6;7;31;178;35;13;34;32;23;47;51;21;29;26;30;46;50;24;11;41;53;33;49;39;120;17;37;31;47;25;38;27;38;35;16;14;47;33;10;25;9;28;38;160;30;51;56;56;0;32;6;35;29;42;28;52;17;10;8;50;24
"forma";43;38;203;52;28;112;10;171;171;102;32;125;45;25;123;56;157;15;25;28;58;59;20;29;122;50;40;64;12;31;67;16;16;7;15;42;61;17;58;7;27;44;42;18;11;12;25;103;17;19;21;25;9;67;24;8;5;11;31;17;33;36;21;32;49;14;10;25;21;11;13;10;28;13;18;20;25;11;32;115;32;15;8;36;23;8;26;44;21;174;23;33;7;42;12;15;9;7;37;28;42;45;15;29;8;48;57;14;8;9;19;7;9;25;7;22;13;34;32;12;46;6;12;41;0;18;19;10;26;25;7;19;15;17;10;44;13;8;18;8;9;19;73;9;7;27;27;8;33;11;72;9;8;26;19;15;18;8;11;18;19;41;27;19;34;7;19;16;32;21;7;13;5;30;16;16;24;21;21;20;8;13;22;13;22;23;14;0;8;10;39;4;11;9;15;22;31;16;13;4
"respeito";22;28;156;26;15;67;4;28;83;76;13;116;29;20;69;30;81;10;15;17;54;35;16;12;78;18;29;23;7;18;32;3;7;6;11;23;39;5;21;6;8;23;28;11;4;6;25;60;16;9;11;21;5;34;6;9;5;4;11;16;33;21;12;14;45;4;2;16;13;6;3;7;11;7;11;10;11;4;23;47;15;7;9;12;6;4;17;13;8;106;8;11;4;22;4;17;7;3;13;12;15;29;6;9;1;24;38;14;8;6;13;3;7;19;3;12;8;13;27;7;15;4;6;15;18;0;7;12;13;12;10;5;12;8;7;48;5;8;7;7;9;3;30;5;5;24;31;14;9;11;56;7;3;1;9;5;4;6;7;15;8;26;14;6;6;6;12;14;17;6;1;7;3;19;9;13;3;18;8;11;5;5;23;6;14;9;2;0;1;3;32;1;5;3;1;9;21;11;4;2
"sim";38;40;153;41;18;98;8;52;139;114;19;112;41;31;79;21;118;7;32;26;71;56;20;19;137;50;25;63;15;40;51;12;17;9;22;29;70;12;32;7;10;27;43;22;8;6;14;123;30;20;13;20;18;67;10;13;7;10;15;11;26;47;14;29;61;12;4;9;10;13;10;10;21;17;17;22;14;11;26;56;25;9;10;27;13;12;30;34;21;131;14;17;10;52;8;10;16;15;18;22;30;45;8;26;9;34;46;18;8;12;16;11;9;23;7;25;15;25;21;6;31;6;8;42;19;7;0;14;18;33;11;18;16;19;13;50;6;14;8;9;13;6;68;11;14;29;24;17;30;7;57;5;11;10;22;9;11;9;13;9;17;31;30;17;11;8;14;20;14;16;10;10;9;32;13;22;15;12;15;18;6;14;20;8;24;18;12;1;6;11;24;6;5;10;12;17;22;8;9;6
"pergunta";27;16;111;30;9;44;5;29;82;70;12;70;33;7;38;8;72;6;10;16;32;17;20;14;48;17;10;28;6;15;34;12;4;3;3;30;24;3;15;6;6;17;24;12;1;9;24;81;13;1;12;17;4;60;2;13;1;4;8;22;7;25;9;24;37;9;3;4;5;12;5;6;9;5;4;9;2;9;13;40;23;6;5;15;12;11;12;16;10;100;19;11;6;28;4;17;8;3;6;23;16;22;5;16;1;10;33;9;1;0;9;3;10;7;16;14;8;7;7;7;5;5;7;24;10;12;14;0;8;21;12;4;4;15;6;34;9;5;4;3;9;5;48;4;5;6;14;8;8;2;30;5;1;5;5;7;6;7;3;16;9;10;9;19;9;6;10;13;4;4;3;6;7;11;5;15;5;14;3;6;4;4;24;8;12;7;1;0;3;2;15;2;5;7;3;5;6;0;1;3
"ponto";15;24;164;33;6;56;3;36;91;82;17;75;14;18;56;16;95;9;19;26;61;34;23;8;61;22;19;26;13;17;33;10;9;5;13;31;44;2;48;6;8;30;32;17;6;6;8;71;12;9;15;18;8;27;8;5;2;1;6;12;19;28;17;12;29;4;6;9;12;15;4;10;3;9;8;9;9;9;14;41;16;9;3;13;8;3;16;28;6;95;12;9;6;39;5;14;4;8;39;5;17;24;9;16;4;31;32;7;3;5;17;10;9;19;1;10;10;12;14;4;23;4;5;18;26;13;18;8;0;24;12;10;9;14;9;23;2;8;5;7;5;9;30;3;6;10;24;7;19;14;36;5;5;7;7;5;7;4;7;6;11;17;15;7;11;2;7;15;15;17;1;11;9;19;2;18;15;23;12;10;4;3;7;7;9;9;1;0;7;6;41;3;10;3;3;9;14;7;1;0
"olhar";55;84;319;73;41;152;29;87;228;153;45;375;92;41;199;86;256;32;49;70;231;131;48;55;224;89;76;169;33;104;93;11;14;16;30;46;46;21;66;10;43;56;79;29;14;14;42;232;42;6;41;68;27;117;26;19;20;10;51;25;34;116;39;32;100;11;23;26;16;15;22;11;47;33;30;18;28;25;17;108;47;18;23;39;46;24;32;46;29;327;45;60;19;72;24;52;32;15;26;43;58;108;25;37;13;70;99;24;45;23;30;13;9;23;15;19;24;58;41;22;26;10;13;77;25;12;33;21;24;0;15;19;59;36;14;172;18;19;17;22;8;20;183;22;15;45;28;26;24;19;42;19;13;22;36;18;21;12;12;30;22;43;23;51;28;22;23;48;24;23;15;24;18;14;18;26;25;20;30;6;17;18;52;23;33;23;21;0;14;12;39;10;19;15;32;20;13;11;27;12
"gostar";25;22;148;37;10;83;10;24;98;63;16;79;27;12;48;20;64;6;9;13;61;33;17;15;57;19;14;28;17;19;43;3;4;5;12;21;68;7;29;4;7;11;29;10;2;2;13;69;27;12;11;15;8;69;8;7;3;7;12;22;22;30;15;13;35;7;3;6;11;9;5;4;10;10;9;11;8;9;32;55;16;4;4;8;12;5;21;15;15;85;12;22;12;25;8;13;9;6;11;18;12;27;11;17;4;25;27;14;6;6;13;9;7;5;2;10;20;20;32;5;17;4;0;20;7;10;11;12;12;15;0;5;8;10;7;29;9;7;2;8;6;14;46;8;13;11;22;19;10;8;84;5;2;5;7;4;4;6;6;13;8;21;7;7;9;6;5;16;6;9;4;8;2;15;7;10;4;17;12;14;6;5;14;5;12;6;2;0;5;6;33;1;5;4;5;17;26;4;3;1
"pensar";18;26;98;31;22;62;10;32;99;60;17;100;23;21;86;19;100;17;20;20;55;32;21;26;94;28;23;48;6;32;48;5;7;7;9;18;21;6;17;8;16;25;25;12;9;6;11;68;7;4;7;11;7;25;16;9;4;5;18;6;16;29;12;20;37;7;5;6;7;10;3;1;13;7;8;7;8;17;6;39;12;11;13;19;20;5;12;16;24;119;20;8;10;33;9;13;9;8;16;17;27;43;9;18;7;23;42;9;10;1;7;7;0;5;5;9;8;5;16;5;22;1;10;25;19;5;18;4;10;19;5;0;6;10;8;52;4;6;2;7;5;4;66;12;5;8;12;11;16;7;17;4;5;10;12;9;8;5;4;15;4;18;17;16;9;3;8;15;13;13;5;9;1;11;5;8;6;8;6;5;12;8;30;9;11;14;5;0;7;3;22;3;5;3;6;10;9;4;4;2
"casa";48;57;282;71;24;102;13;46;135;120;20;132;70;32;123;48;130;22;28;69;84;77;35;36;170;47;34;105;22;28;71;16;18;8;20;44;62;22;47;13;18;45;42;27;18;11;35;144;25;12;24;51;23;130;20;15;15;14;73;21;33;67;41;22;88;15;24;16;10;18;16;9;69;21;78;11;12;17;28;72;40;8;19;29;28;11;25;24;20;175;25;57;16;33;11;16;15;14;22;22;37;49;21;16;12;35;132;22;17;12;15;18;17;18;12;23;14;35;34;10;40;11;8;67;15;12;16;4;9;59;8;6;0;25;19;63;11;25;12;12;10;13;82;8;4;24;16;17;22;17;53;6;8;12;72;8;17;11;22;24;17;19;15;46;12;15;23;21;16;28;11;43;26;33;7;20;13;8;23;6;7;15;44;20;28;9;23;0;15;1;37;4;7;8;27;9;30;6;20;14
"hora";35;43;176;49;19;66;7;42;102;82;20;150;80;14;83;49;120;17;19;51;60;54;26;47;115;40;23;75;16;38;56;9;9;5;12;26;30;6;38;6;9;22;59;15;9;10;24;119;19;6;18;33;15;76;11;14;8;4;30;10;10;62;13;20;69;17;18;10;4;14;8;13;19;22;15;10;10;19;27;53;21;5;8;25;28;11;14;25;14;145;17;42;21;23;15;5;7;7;8;31;35;56;26;21;7;23;79;10;13;9;20;15;2;11;10;27;16;33;17;10;8;32;11;38;17;8;19;15;14;36;10;10;25;0;8;55;11;9;6;6;8;11;87;8;7;24;15;15;11;9;20;6;5;2;10;9;15;7;10;12;8;23;11;25;12;4;15;19;8;19;10;18;15;12;5;10;16;3;14;9;8;13;56;23;10;10;15;0;20;1;7;8;3;4;7;5;8;2;14;10
"próprio";19;22;96;32;11;50;12;58;92;76;18;68;26;23;58;24;86;4;18;16;38;44;10;6;89;27;27;46;29;21;55;7;13;6;8;20;36;6;38;10;11;20;50;16;7;9;23;90;27;9;10;24;5;41;13;10;4;6;15;17;72;26;10;13;30;2;10;9;11;13;6;9;17;16;14;15;8;12;9;49;22;8;12;20;14;5;25;24;11;127;14;21;10;30;5;7;6;8;9;20;18;31;15;12;3;31;34;13;5;6;24;8;9;10;6;7;7;16;19;2;23;0;5;35;10;7;13;6;9;14;7;8;19;8;0;34;4;5;7;6;21;5;39;14;4;30;11;8;15;10;31;9;3;6;15;4;5;8;16;4;4;22;8;19;6;7;17;4;22;5;7;10;5;14;6;17;9;15;11;9;9;11;12;9;7;6;7;0;2;6;25;1;9;8;5;13;9;8;9;1
"quando";86;114;474;123;106;271;34;164;471;283;77;547;155;95;328;161;525;87;79;155;228;174;96;121;476;147;146;359;72;144;179;29;27;25;47;81;87;23;140;16;79;125;142;56;35;21;82;333;57;23;75;125;45;225;41;37;27;42;73;48;74;186;73;52;153;29;25;46;36;56;48;20;85;93;49;21;32;30;35;190;75;45;48;107;110;53;63;96;49;534;73;95;39;108;47;53;104;25;37;64;109;196;54;97;23;125;209;51;65;33;47;38;23;37;32;45;45;80;89;31;66;18;44;176;44;48;50;34;23;172;29;52;63;55;34;0;37;41;19;36;34;38;275;51;15;110;52;41;48;46;84;42;19;36;71;41;37;45;42;94;35;95;59;101;33;38;49;65;33;94;25;68;38;34;48;55;41;29;49;27;41;48;136;48;60;73;36;1;34;26;57;37;52;21;46;32;35;23;37;28
"pastor";37;31;213;60;13;82;2;33;94;71;24;108;57;8;73;27;118;28;15;19;36;45;24;56;71;44;18;127;4;23;54;17;0;1;7;40;9;1;17;0;17;18;29;6;2;2;32;132;3;0;43;24;14;89;5;10;20;5;36;9;10;46;8;10;52;12;9;5;7;7;7;6;19;68;18;6;10;6;45;64;37;7;9;23;21;10;5;4;8;149;27;29;16;27;17;9;7;5;2;24;35;22;13;7;9;16;45;17;20;7;3;9;3;4;54;17;6;26;47;13;9;20;5;46;13;5;6;9;2;18;9;4;11;11;4;37;0;12;7;4;2;3;60;6;1;11;10;4;8;2;21;15;8;2;17;9;5;1;7;22;14;9;5;47;9;11;13;24;3;23;29;11;5;2;11;12;9;4;1;1;10;8;62;6;7;19;16;0;34;2;2;4;17;0;8;8;3;0;16;30
"receber";24;26;136;43;13;55;7;31;73;61;15;67;47;16;67;28;57;19;17;14;43;34;15;27;56;30;18;67;19;14;40;9;3;10;18;25;25;16;22;1;9;38;30;13;5;8;14;77;16;4;9;15;14;77;5;4;5;6;26;26;21;40;18;11;40;6;6;8;3;6;9;3;23;11;12;4;5;9;9;37;23;8;8;9;12;14;7;5;5;90;6;23;16;20;8;11;12;7;14;19;15;27;4;7;2;12;31;12;4;4;24;6;4;7;17;10;10;18;40;8;29;8;4;27;8;8;14;5;8;19;7;6;25;9;5;41;12;0;6;8;11;2;40;6;10;7;5;12;9;10;20;4;5;4;13;2;7;4;0;11;7;13;5;20;4;5;13;13;16;14;10;10;6;4;10;9;8;5;4;3;11;10;28;10;8;7;10;0;16;2;25;4;4;9;9;18;12;17;10;15
"através";12;21;80;32;10;47;6;24;74;37;10;47;20;15;47;13;53;17;10;15;29;28;8;19;59;14;16;86;7;12;25;9;1;5;6;13;10;3;15;5;17;13;15;5;6;2;9;39;3;3;6;21;11;50;10;4;2;9;22;9;6;18;6;7;24;4;5;8;5;6;8;2;9;19;15;3;6;5;7;39;9;1;5;37;14;2;7;13;6;70;10;16;9;21;4;4;7;2;6;13;12;25;7;5;3;9;9;6;5;7;3;10;2;6;8;2;7;8;27;6;8;4;2;52;18;7;8;4;5;17;2;2;12;6;7;19;7;6;0;3;1;4;24;6;5;7;4;6;6;13;11;4;10;6;11;9;6;2;2;14;4;11;7;24;1;5;4;7;6;5;5;8;2;6;6;6;9;4;10;1;11;3;59;6;9;8;16;0;5;7;13;5;9;5;16;7;10;3;15;6
"parecer";14;23;75;12;13;48;3;30;40;41;10;56;20;11;36;23;41;7;5;15;34;30;16;10;68;33;15;39;10;16;22;3;3;2;11;10;27;4;11;12;15;15;16;9;6;5;5;39;7;5;4;16;10;41;1;7;2;1;13;13;12;24;20;6;23;3;1;5;6;9;6;5;6;5;6;8;6;4;11;17;11;4;8;12;10;5;6;15;7;84;1;15;6;11;3;6;3;5;9;5;22;31;6;7;2;12;38;5;4;4;6;5;2;6;2;5;4;10;29;3;13;1;3;6;8;7;9;3;7;22;8;7;12;6;6;36;4;8;3;0;6;7;30;5;8;6;11;6;13;3;41;8;7;2;8;4;4;6;7;7;7;16;8;7;4;7;9;4;11;7;3;8;1;16;7;14;15;4;4;3;4;5;14;13;8;6;4;0;2;3;14;2;1;4;2;9;6;4;3;1
"federal";19;30;107;22;5;36;5;34;59;55;6;48;27;15;20;19;49;3;23;10;29;26;4;4;62;18;23;12;35;6;35;6;12;12;12;8;67;7;16;21;0;39;27;13;1;19;13;51;23;17;7;22;6;33;9;3;2;5;3;24;25;37;9;17;53;5;0;1;10;9;3;6;4;0;4;18;3;1;11;47;16;7;8;8;5;5;16;11;3;60;12;23;3;10;7;9;10;4;15;21;17;8;6;9;1;14;14;5;0;1;82;1;6;6;1;10;6;10;8;8;36;1;4;7;9;9;13;9;5;8;6;5;10;8;21;34;2;11;1;6;0;7;23;13;3;21;13;8;10;5;111;8;1;9;6;2;4;3;11;9;25;20;8;1;4;10;12;10;51;7;5;12;6;18;3;20;7;9;4;7;7;4;0;6;3;2;0;5;0;72;58;3;2;0;2;24;17;13;1;0
"fossar";9;21;96;33;15;41;5;42;58;61;18;76;15;9;62;29;60;4;10;23;48;29;15;14;84;27;21;37;18;24;34;8;8;7;8;17;21;8;46;8;11;27;31;8;4;2;10;61;20;8;11;15;10;39;6;9;5;5;10;7;14;27;13;9;38;12;7;15;8;4;4;5;10;6;3;20;17;4;7;28;15;8;9;13;8;5;17;23;4;85;6;18;3;25;6;9;3;2;4;10;23;31;17;14;2;16;25;7;3;2;12;7;4;10;6;5;7;13;11;2;11;3;5;31;19;3;6;5;9;20;14;4;13;11;5;38;3;2;4;7;7;0;52;4;5;15;8;8;12;5;26;3;0;6;11;7;10;6;7;18;1;14;9;9;4;3;11;9;7;5;2;9;8;10;2;11;5;7;9;8;6;6;11;10;11;7;6;0;0;2;6;6;8;3;2;7;8;4;8;3
"assim";127;131;617;178;98;347;41;239;705;368;151;747;178;53;394;178;533;108;68;138;238;245;94;158;488;198;133;382;52;238;232;46;19;21;41;112;100;22;131;23;77;121;139;107;35;11;106;470;86;24;76;128;49;277;44;49;46;29;91;27;77;224;109;60;196;42;50;52;40;48;51;22;103;87;54;37;29;40;57;243;114;24;68;97;89;39;60;63;74;776;95;98;63;211;57;38;78;31;43;93;112;259;48;112;40;132;245;56;61;40;38;38;17;49;47;71;38;122;111;43;47;26;28;178;73;30;68;48;30;183;46;66;82;87;39;275;60;40;24;30;23;52;0;50;56;92;54;56;67;43;70;37;20;25;69;41;43;36;29;78;46;100;55;107;54;34;55;111;28;65;37;58;38;35;26;82;83;29;42;21;28;33;158;62;58;71;56;1;45;14;51;33;52;29;36;39;34;14;56;28
"história";19;34;88;39;16;49;18;32;96;54;12;76;33;7;45;21;97;11;34;12;36;28;16;12;80;35;36;64;10;24;30;12;2;8;12;23;21;6;18;4;19;37;25;12;9;5;18;72;15;7;5;15;10;32;10;13;9;11;14;6;14;38;13;8;34;6;6;7;10;7;9;7;21;19;9;4;7;2;10;32;13;3;13;16;16;2;12;14;12;85;15;13;7;16;5;8;14;4;10;16;15;35;8;11;5;20;37;8;16;0;12;14;3;7;8;12;20;26;20;9;18;4;8;35;9;5;11;4;3;22;8;12;8;8;14;51;6;6;6;5;13;4;50;0;4;18;15;8;12;7;12;8;5;6;13;27;6;3;6;15;7;12;10;21;5;17;47;13;12;6;6;15;8;4;13;15;11;8;11;7;10;9;17;15;10;11;5;0;6;3;16;8;5;11;15;17;3;5;8;2
"galera";50;17;152;36;8;62;3;30;100;60;28;125;21;10;46;27;81;8;7;20;64;43;21;8;64;31;18;28;8;47;37;7;1;6;1;28;8;5;15;1;4;18;30;6;2;1;19;137;18;5;10;17;2;10;14;3;5;4;10;2;8;51;20;6;31;10;5;6;4;11;8;5;11;4;3;6;2;7;15;29;18;4;12;26;17;6;14;10;15;107;9;7;10;26;7;15;8;5;2;18;11;32;6;20;4;10;46;6;1;4;5;3;5;0;1;21;8;15;4;8;7;2;2;13;7;5;14;5;6;15;13;5;4;7;4;15;1;10;5;8;3;5;56;4;0;18;10;23;12;4;5;8;2;3;16;8;8;14;4;15;12;13;7;4;9;3;9;33;7;7;8;16;12;6;4;6;18;3;18;5;18;0;2;5;4;5;3;0;8;2;2;2;3;11;0;6;1;2;4;2
"exemplo";33;56;224;62;33;117;18;76;225;127;32;182;37;35;171;76;150;11;49;44;85;106;49;11;173;59;60;37;34;54;81;11;8;15;23;42;35;21;59;11;33;62;49;20;10;6;34;151;41;16;20;34;13;44;20;15;10;11;23;31;49;77;25;33;67;18;12;22;16;15;17;13;22;16;16;34;23;15;12;85;36;13;20;42;15;15;34;51;33;247;21;32;19;61;14;15;16;13;17;20;33;81;23;28;15;54;70;14;22;14;21;8;11;21;1;21;10;33;14;13;49;1;9;34;27;24;29;6;10;45;11;8;24;24;30;110;11;7;7;6;21;15;92;18;18;0;36;23;27;18;43;15;6;16;38;14;19;14;20;20;14;46;25;23;20;19;23;22;20;39;6;24;13;16;8;33;18;22;40;19;15;9;14;15;41;24;3;1;7;10;39;5;19;18;4;23;14;18;9;0
"questão";34;44;220;34;23;103;11;44;151;98;35;143;34;29;72;26;121;10;21;16;72;37;13;11;119;45;26;43;13;20;74;8;18;8;15;38;83;7;43;13;12;25;31;19;6;15;12;92;18;11;16;21;15;68;30;6;3;7;7;18;35;36;22;28;52;13;4;13;29;11;8;5;8;13;14;19;10;8;23;75;20;30;10;20;20;10;35;25;13;132;17;25;8;43;4;28;10;7;19;20;31;45;12;25;4;36;44;9;9;6;20;9;16;23;4;19;17;21;21;3;51;3;8;32;27;31;24;14;24;28;22;12;16;15;11;52;10;5;4;11;13;8;54;15;10;36;0;14;19;17;96;7;3;10;20;9;10;10;13;12;15;35;27;10;15;7;11;17;33;29;6;14;14;38;12;39;9;32;11;40;7;6;13;6;22;20;5;1;5;14;61;5;9;3;7;17;37;10;7;2
"vídeo";48;37;238;47;13;68;3;43;112;71;27;144;45;22;86;36;95;3;19;34;69;59;27;7;97;45;34;15;32;41;62;16;1;19;7;35;13;7;28;5;8;19;47;20;1;4;28;151;25;9;16;19;6;19;6;9;4;12;11;15;19;66;18;15;60;16;11;17;7;15;7;7;11;17;8;14;11;15;4;49;25;9;11;22;15;5;17;19;14;154;7;28;15;28;12;13;16;8;10;29;25;46;10;19;3;13;51;9;1;7;12;1;14;9;0;33;10;27;3;21;8;8;7;23;8;14;17;8;7;26;19;11;17;15;8;41;4;12;6;6;8;8;56;8;23;23;14;0;20;4;12;3;0;6;13;7;6;18;11;10;9;22;5;2;7;10;14;26;8;6;2;8;13;6;5;6;12;7;68;5;8;3;5;8;17;10;2;1;6;1;9;1;1;11;4;10;1;2;3;0
"acreditar";46;44;167;62;36;119;20;92;160;93;36;106;41;24;114;32;149;18;47;24;70;56;33;27;145;51;26;97;23;31;73;18;3;7;21;29;39;4;33;7;28;31;58;26;6;6;16;89;20;5;12;20;15;66;20;8;9;10;24;22;28;30;22;29;63;16;3;17;21;14;22;10;22;17;20;23;20;8;17;89;26;15;11;31;12;12;19;24;14;169;28;29;5;49;6;9;8;13;22;19;32;57;14;18;8;47;40;15;19;8;24;15;9;19;6;12;10;32;23;13;21;4;16;47;33;9;30;8;19;24;10;16;22;11;15;48;8;9;6;13;10;12;67;12;12;27;19;20;0;16;46;8;13;13;28;9;13;15;16;26;10;43;30;25;21;7;11;19;12;11;10;7;10;9;7;23;16;20;13;13;7;10;32;17;17;25;11;1;10;8;25;7;18;4;12;15;19;2;11;4
"trazer";18;33;164;35;31;66;7;35;113;95;15;88;43;18;85;17;96;36;19;17;55;37;17;35;79;32;16;130;8;24;42;7;11;4;18;25;28;6;26;5;20;27;24;22;6;15;8;52;8;4;14;51;11;121;9;9;7;8;48;8;15;25;18;11;49;7;6;8;7;10;12;1;20;14;20;7;2;12;15;56;18;10;10;27;18;10;11;12;13;84;21;19;16;27;5;8;9;4;21;22;15;33;4;11;11;23;31;14;8;11;6;5;10;9;11;8;8;14;52;6;19;11;4;51;11;11;7;2;14;19;8;7;17;9;10;46;2;10;13;3;5;5;43;7;4;18;17;4;16;0;26;4;12;9;30;5;8;4;3;10;21;24;12;36;18;10;5;10;11;8;7;5;8;15;7;23;10;10;9;11;13;14;33;5;13;11;21;0;14;3;39;18;14;6;26;6;10;6;20;9
"deputado";97;80;595;80;24;219;14;83;236;297;33;271;79;38;99;38;228;4;78;38;188;108;17;7;229;39;45;38;40;20;156;32;60;21;53;45;449;16;90;49;13;67;72;39;2;43;31;144;39;74;22;59;17;326;19;23;6;14;23;87;107;61;28;51;152;20;5;14;32;21;12;18;23;4;13;41;42;14;252;225;57;48;21;42;25;23;89;91;19;166;30;124;21;83;12;30;31;15;61;73;63;52;27;36;3;65;87;44;0;9;68;20;57;33;1;36;43;73;193;9;106;3;18;21;72;56;57;30;36;42;84;17;53;20;31;84;21;20;11;41;111;26;70;12;5;43;96;12;46;26;0;65;8;19;30;4;15;10;36;32;27;64;25;5;14;9;27;42;91;20;11;21;23;149;28;37;13;49;12;53;16;12;7;19;9;18;2;0;2;22;186;3;17;7;4;76;212;34;16;1
"paulo";17;27;111;28;9;43;10;34;72;44;10;94;32;10;38;25;70;9;23;18;49;31;22;23;61;17;13;55;20;24;33;5;9;2;11;16;36;4;19;6;12;28;16;7;7;6;22;74;9;4;10;29;5;48;6;8;5;11;12;14;15;34;13;3;47;3;4;3;6;6;11;3;9;30;9;8;4;9;18;48;10;5;5;10;17;6;11;22;6;92;10;10;9;17;8;14;8;2;5;17;18;31;6;15;5;14;15;6;7;3;13;3;8;6;6;14;10;25;37;4;26;3;6;29;9;7;5;5;5;19;5;4;6;6;9;42;15;4;4;8;8;3;37;8;8;15;7;3;8;4;65;0;8;7;15;5;6;7;9;8;14;9;7;13;7;11;8;11;12;8;6;7;6;18;5;12;5;3;4;1;8;2;21;5;6;17;14;3;4;3;29;3;15;6;5;11;13;6;21;2
"crer";10;27;53;24;8;32;4;23;59;43;9;30;22;5;38;9;48;21;13;4;20;16;9;38;59;14;14;129;1;8;10;13;3;0;8;14;5;0;15;7;14;10;11;10;3;3;5;21;0;2;10;23;11;78;4;3;7;1;31;1;4;5;1;3;15;6;3;2;1;2;12;1;12;27;15;1;5;4;10;25;12;2;0;3;11;5;0;3;5;49;11;22;10;5;3;0;3;6;5;17;13;37;1;11;6;15;9;5;10;1;4;23;3;8;16;3;2;10;38;3;9;5;5;26;8;3;11;1;5;13;2;5;8;5;3;19;8;5;10;7;1;0;20;5;2;6;3;0;13;12;8;8;0;1;9;5;5;2;2;9;12;5;9;35;1;2;3;6;5;3;5;4;10;8;3;17;10;4;4;0;9;9;36;6;8;8;14;0;7;3;4;7;8;4;41;1;2;1;10;6
"melhor";30;32;92;15;16;62;10;22;79;67;19;63;22;13;46;16;89;13;36;18;35;37;30;14;79;31;11;45;9;20;45;11;6;5;11;18;25;6;22;4;7;23;22;9;4;2;6;48;11;2;10;16;11;35;7;6;4;4;17;6;17;22;11;5;31;12;6;6;7;13;13;2;14;8;16;15;10;5;16;44;21;2;9;11;9;2;8;6;9;80;17;10;10;27;6;4;5;8;12;13;24;28;11;10;4;28;27;7;12;4;10;3;6;10;7;3;4;16;12;5;25;4;7;30;26;1;10;5;7;22;5;10;12;2;6;36;2;4;6;2;9;6;25;6;3;16;10;6;13;9;19;7;1;0;9;8;6;10;5;9;4;14;12;18;5;6;13;9;14;7;4;10;8;12;4;11;9;4;11;3;7;6;12;6;7;6;1;0;4;14;27;4;8;5;7;13;13;13;1;7
"dentro";42;28;186;63;33;92;14;72;166;105;27;124;61;71;126;76;143;19;14;34;62;52;35;28;143;51;48;73;15;38;62;18;13;6;22;37;18;8;47;6;34;34;40;20;10;5;22;111;11;3;21;32;15;52;37;14;10;11;42;15;32;108;25;16;69;11;14;23;16;19;12;11;34;66;34;18;19;15;15;74;27;18;14;25;28;5;36;31;18;164;18;23;14;39;18;12;20;10;10;28;37;68;21;19;7;37;60;13;14;15;10;14;12;18;6;19;9;26;19;9;67;7;12;46;19;9;22;5;7;36;7;12;72;10;15;71;17;13;11;8;6;11;69;13;16;38;20;13;28;30;30;15;9;9;0;9;14;8;21;16;14;36;31;28;10;8;22;22;19;60;6;16;16;18;9;17;9;13;35;14;26;8;28;13;36;36;11;0;8;30;31;12;10;11;17;26;10;10;12;5
"mudar";23;48;103;23;17;48;5;34;99;63;27;59;22;8;65;19;98;20;48;18;46;30;23;24;75;26;21;61;4;25;33;13;2;5;4;16;13;5;20;10;12;27;10;13;6;2;18;60;9;1;8;16;5;31;13;6;4;4;7;3;5;20;22;6;35;16;2;10;4;8;8;1;11;6;9;7;8;1;6;35;10;3;11;38;17;3;11;11;9;110;3;15;5;33;9;8;4;3;8;11;17;62;5;15;7;24;25;8;5;4;5;8;2;8;6;6;11;16;18;5;6;2;2;50;15;5;9;7;5;18;4;9;8;9;4;41;9;2;9;4;2;7;41;27;8;14;9;7;9;5;4;5;5;8;9;0;6;5;4;12;3;22;15;14;7;9;8;9;6;15;6;9;7;9;6;14;10;5;9;7;11;7;18;4;7;10;15;0;5;3;9;7;9;10;16;0;1;2;11;3
"levar";21;31;95;30;16;51;8;29;73;55;7;76;22;19;71;25;87;14;16;16;45;25;12;13;60;23;11;74;10;21;32;7;6;10;9;16;21;7;21;5;11;16;30;7;3;3;7;51;8;5;5;17;16;45;8;11;3;6;17;6;22;44;13;16;24;9;9;13;8;8;12;5;18;18;11;13;4;11;5;43;8;7;9;19;12;5;7;15;10;98;13;25;11;27;8;8;10;6;12;9;17;34;11;21;4;22;27;7;6;8;11;9;4;7;6;6;10;16;31;5;18;2;6;24;18;4;11;6;7;21;4;8;17;15;5;37;5;7;6;4;4;10;43;6;8;19;10;6;13;8;15;6;5;6;14;6;0;4;7;8;7;12;11;21;7;6;13;13;9;12;11;13;6;13;4;10;9;10;11;13;17;6;22;8;5;16;9;0;1;2;17;4;19;8;4;5;10;5;7;1
"ganhar";19;20;83;24;14;42;4;31;70;70;15;70;18;7;68;27;82;9;10;10;43;35;35;4;85;18;13;21;24;28;41;9;2;10;10;21;20;20;17;2;6;20;23;5;4;0;14;77;22;12;7;24;4;21;11;3;7;2;7;5;19;30;16;4;40;3;4;12;9;11;4;4;8;5;5;10;6;8;7;32;11;7;3;20;8;5;15;21;9;85;8;13;7;27;6;9;7;13;2;17;18;25;8;11;2;22;38;3;3;7;7;5;4;9;1;6;5;16;4;5;14;2;20;11;8;6;9;7;4;12;6;5;11;7;8;45;1;4;2;6;3;6;36;3;14;14;10;18;15;4;10;7;2;10;8;5;4;0;9;10;8;14;11;8;8;0;10;10;8;6;3;9;8;6;1;9;6;3;14;7;8;3;4;6;8;12;2;0;1;1;9;1;6;4;2;11;6;5;3;1
"defender";18;28;150;22;22;45;5;48;84;65;16;76;22;46;87;24;61;8;25;24;44;37;14;7;96;22;18;20;10;25;26;4;12;6;14;14;30;3;36;6;22;17;30;14;8;9;9;58;24;10;14;24;8;24;10;10;3;4;18;12;26;28;12;11;43;4;2;13;9;8;2;34;14;11;20;8;17;4;6;43;16;6;17;17;12;6;34;43;5;74;8;15;4;24;9;5;5;7;8;12;21;31;10;19;6;32;33;8;9;7;25;4;2;7;2;10;9;19;7;7;25;1;7;41;11;7;13;3;7;12;6;4;22;10;16;42;7;0;2;7;11;7;29;6;4;20;13;11;16;3;36;9;2;5;21;4;7;9;0;17;8;35;12;8;10;7;9;18;23;17;6;6;5;13;2;12;4;12;15;12;8;10;3;12;26;19;6;0;1;8;30;4;4;7;2;12;11;3;4;1
"sempre";44;35;175;44;35;104;17;56;138;101;23;147;36;21;95;47;150;24;15;31;65;66;26;31;128;44;27;113;16;38;46;16;11;6;8;37;34;8;48;5;24;49;46;12;6;3;18;110;17;12;14;31;15;61;21;21;12;6;26;10;22;42;16;15;54;11;10;6;10;13;17;5;21;34;23;10;10;7;22;54;26;8;42;22;19;10;26;32;17;176;30;36;26;43;14;16;18;9;12;28;38;65;13;26;9;36;68;17;13;10;6;11;6;13;22;23;19;20;20;9;16;3;7;53;18;15;9;16;6;30;13;15;24;12;4;94;22;11;14;7;9;18;78;15;15;20;12;10;26;10;32;8;9;9;16;12;8;10;17;0;12;24;17;22;9;9;25;32;14;17;13;20;11;21;9;22;15;6;16;15;13;10;41;10;17;24;16;0;10;6;18;8;13;9;6;10;14;7;20;25
"novo";32;52;122;39;26;59;9;31;102;85;12;98;35;10;52;29;104;18;20;18;47;48;19;22;78;23;24;60;32;31;52;6;3;21;15;20;38;8;31;10;19;60;33;19;8;13;17;101;10;8;13;27;9;61;13;7;17;9;28;18;11;36;20;15;60;7;4;9;5;12;13;6;19;18;20;6;4;6;8;58;18;14;15;9;28;18;12;13;9;97;17;17;9;36;5;7;10;9;19;16;23;46;13;16;4;29;41;14;9;3;27;13;8;5;7;17;7;27;27;5;23;3;7;33;19;8;17;9;11;22;8;4;17;8;4;35;14;7;4;7;25;1;46;7;12;14;15;9;10;21;27;14;12;4;14;3;7;8;8;12;0;15;6;43;7;12;9;13;8;13;6;12;15;20;6;16;11;11;8;12;13;9;12;15;6;10;14;1;7;10;34;10;10;12;12;13;18;9;13;3
"fato";40;63;306;80;54;171;16;93;231;123;67;141;62;49;203;76;186;28;49;47;89;88;41;26;265;78;87;54;31;41;89;22;15;10;22;43;68;22;63;11;21;44;72;25;12;12;26;168;37;15;26;39;9;100;23;24;2;15;20;25;49;66;38;27;72;15;9;27;30;21;14;19;26;20;26;22;36;18;22;87;39;16;28;50;21;18;39;49;31;350;23;34;12;48;5;11;19;26;27;24;59;85;22;35;7;71;68;17;24;10;37;14;9;38;5;25;13;37;36;19;27;5;13;49;41;26;31;10;17;43;21;18;19;23;22;95;9;13;11;16;20;14;100;12;13;46;35;22;43;24;64;9;5;14;36;22;12;14;35;24;15;0;39;18;20;11;23;23;22;24;7;19;18;36;17;39;22;26;30;15;24;11;24;17;28;36;12;1;16;10;46;4;19;13;8;21;28;8;15;4
"existir";39;45;139;53;40;82;17;47;157;92;22;119;29;24;140;22;119;9;28;15;76;43;44;15;134;39;32;91;13;30;57;17;6;6;22;28;18;7;18;12;26;26;35;23;4;6;15;70;11;3;9;19;19;47;20;13;8;10;16;9;23;33;32;27;56;8;8;15;16;14;22;12;25;22;19;21;12;9;10;56;27;8;18;19;13;10;25;24;18;138;21;17;11;34;5;12;17;4;16;17;23;68;6;48;10;55;34;7;29;12;15;15;4;16;7;13;8;13;24;8;24;2;12;39;27;14;30;9;15;23;7;17;15;11;8;59;5;5;7;8;8;9;55;10;7;25;27;5;30;12;25;7;9;12;31;15;11;11;12;17;6;39;0;24;15;12;19;20;9;17;2;12;12;16;9;20;17;14;24;10;9;5;28;20;25;16;9;2;2;9;15;15;10;9;12;12;12;4;7;3
"jesus";46;60;206;60;29;98;23;56;194;144;24;193;88;16;151;71;152;81;27;37;65;79;54;166;155;76;30;359;4;55;51;36;2;0;17;42;5;6;52;3;70;33;50;24;32;1;27;124;0;1;30;88;30;335;11;15;25;13;213;6;6;64;28;20;146;13;17;3;12;10;40;3;72;86;57;3;6;25;47;76;34;6;22;37;44;31;6;4;13;179;58;80;47;30;13;8;27;10;7;38;45;83;13;37;38;54;45;30;40;37;13;52;11;16;104;22;18;28;74;11;7;16;11;120;19;6;17;19;7;51;7;16;46;25;19;101;47;20;24;7;1;9;107;21;4;23;10;2;25;36;5;13;35;18;28;14;21;8;8;22;43;18;24;0;16;28;21;23;4;26;31;22;35;6;8;22;23;4;11;1;19;30;107;22;24;30;69;3;26;5;2;47;153;12;56;4;2;0;55;88
"certo";43;26;143;25;18;56;6;34;117;74;23;98;39;23;57;25;110;10;32;19;52;145;21;20;81;57;23;48;9;25;63;14;4;4;13;24;29;5;29;9;12;17;33;19;4;4;14;117;12;6;21;25;12;37;8;16;4;7;9;9;19;33;21;11;49;11;5;8;14;14;11;4;13;12;11;15;15;9;22;44;24;5;12;23;15;9;13;15;10;130;19;20;5;45;9;11;6;8;10;16;25;64;12;21;5;33;39;13;10;5;13;8;3;11;7;11;7;22;19;10;15;6;3;17;34;6;11;9;11;28;9;9;12;12;6;33;9;4;1;4;4;4;54;5;9;20;15;7;21;18;14;7;1;5;10;7;7;8;10;9;7;20;15;16;0;6;18;33;5;16;8;12;4;8;8;15;13;10;21;4;4;6;10;7;13;13;7;0;8;2;8;5;9;6;5;9;5;5;8;5
"conhecer";19;21;95;41;11;68;3;36;85;52;12;86;30;15;94;29;80;13;12;12;34;28;24;22;67;27;14;83;9;30;33;7;2;3;6;11;12;2;8;1;15;31;28;18;8;3;16;62;5;5;16;12;9;62;8;6;8;10;27;11;12;42;16;13;33;9;13;4;3;7;11;2;14;15;18;11;6;3;16;50;18;5;13;6;12;5;9;7;22;107;8;12;20;23;8;8;7;5;8;27;19;25;5;11;5;24;33;18;12;10;6;4;1;8;7;17;10;20;18;4;14;4;4;37;7;6;8;6;2;22;6;3;15;4;7;38;11;5;5;7;10;3;34;17;3;19;7;10;7;10;9;11;2;6;8;9;6;0;7;9;12;11;12;28;6;0;9;14;3;13;9;9;7;5;5;11;11;6;11;1;10;4;14;7;8;14;12;0;7;4;12;5;13;3;12;7;3;0;8;6
"contar";42;37;171;42;17;73;12;48;107;76;25;103;51;26;109;40;103;13;32;37;69;64;25;22;127;61;39;49;21;32;47;16;9;17;15;32;33;20;46;7;19;27;39;15;11;6;24;124;27;9;10;24;10;34;11;8;12;3;28;16;31;50;25;15;56;14;11;18;9;15;9;7;22;18;25;16;16;5;19;61;22;9;19;18;11;10;21;20;14;141;12;25;15;37;18;8;14;14;12;11;25;40;39;24;2;25;57;12;11;3;16;10;9;11;4;10;11;22;17;9;24;5;8;31;19;12;14;10;7;23;5;8;23;15;17;49;13;13;4;9;12;11;55;47;9;23;11;14;11;5;27;8;3;13;22;8;13;10;9;25;9;23;19;21;18;9;0;16;21;13;4;16;5;7;5;16;14;8;16;4;8;11;22;10;12;16;3;0;14;6;21;6;7;7;11;10;8;6;4;1
"tô";59;48;380;62;34;120;7;60;188;154;35;300;55;15;115;26;174;23;25;46;102;92;33;53;201;74;35;122;18;65;86;19;4;13;12;44;38;20;41;7;22;46;37;31;7;5;25;192;14;10;32;31;8;58;16;21;19;8;20;11;24;90;51;11;97;11;13;22;13;13;15;5;25;22;22;14;11;18;25;77;56;15;21;41;27;11;30;27;15;196;20;42;18;74;15;28;9;5;12;34;35;73;20;44;11;39;70;39;28;12;15;12;10;10;13;30;16;31;29;33;15;24;9;47;16;14;20;13;15;48;16;15;21;19;4;65;24;13;7;4;10;9;111;13;33;22;17;26;19;10;42;11;6;9;22;9;13;10;18;32;13;23;20;23;33;14;16;0;15;27;21;18;14;11;16;21;16;13;28;7;18;8;44;18;20;14;11;1;14;4;20;5;17;10;18;8;7;6;11;10
"público";25;43;176;52;17;62;13;35;92;71;17;75;35;30;60;27;95;2;54;23;51;54;18;3;96;31;21;13;21;15;63;12;103;30;33;16;61;63;38;46;7;58;46;23;2;26;16;73;17;17;9;38;15;48;35;7;4;3;11;18;41;35;15;33;49;12;7;10;43;15;7;7;9;10;9;25;13;8;24;80;24;9;16;18;10;9;33;31;10;77;15;18;5;27;14;15;6;14;28;13;21;28;13;26;0;35;32;4;3;1;40;1;8;11;1;12;12;21;10;6;131;0;4;25;32;17;14;4;15;24;6;13;16;8;22;33;3;16;6;11;51;7;28;12;7;20;33;8;12;11;91;12;5;14;19;6;9;8;23;14;8;22;9;4;5;3;21;15;0;18;3;16;10;58;9;24;11;18;15;18;19;7;7;12;12;3;4;0;1;36;133;3;6;8;3;40;49;30;7;1
"entrar";48;41;222;63;26;80;6;54;144;96;19;145;71;20;106;46;162;19;31;22;54;55;27;34;122;46;31;90;10;39;62;10;8;5;13;31;15;10;25;5;31;40;40;18;7;3;32;154;10;6;22;32;25;49;32;16;14;5;27;14;17;81;21;19;82;13;13;13;7;15;9;7;20;31;17;14;7;11;9;56;30;7;13;35;28;10;22;16;10;161;15;28;12;39;15;13;21;9;9;16;39;47;14;24;6;38;59;14;15;8;19;8;6;12;12;27;24;23;19;8;22;26;4;38;21;6;16;4;17;23;9;13;28;19;5;94;23;14;5;7;7;5;65;6;7;39;29;6;11;8;20;8;3;7;60;15;12;6;17;17;13;24;17;26;16;13;13;27;18;0;20;29;5;11;14;20;18;3;13;16;21;9;61;9;26;25;10;0;24;17;15;11;12;6;13;17;8;5;9;9
"graça";54;30;150;55;13;61;4;28;82;49;20;71;39;4;56;27;91;21;12;7;39;65;12;32;58;47;17;246;6;17;40;14;0;4;4;32;9;3;24;3;11;14;25;8;6;1;9;85;8;5;15;31;9;73;6;8;9;3;29;1;9;24;14;5;43;11;4;5;6;4;10;2;21;26;18;2;8;9;14;56;44;3;12;21;12;9;7;4;8;118;12;22;10;16;14;6;4;2;2;21;14;30;4;11;5;13;29;13;13;11;9;12;2;3;25;21;7;15;22;10;4;39;8;27;7;1;10;3;1;15;4;5;11;10;7;25;29;10;5;3;5;2;37;6;8;6;6;2;10;7;11;6;5;4;6;6;11;3;6;13;6;7;2;31;8;9;4;21;3;20;0;8;6;4;3;9;4;1;8;2;5;13;44;3;6;6;14;0;11;4;3;7;18;4;11;3;0;2;12;14
"sair";23;46;162;43;25;62;7;49;98;85;15;116;48;17;78;40;98;19;28;32;59;63;26;24;118;38;22;60;22;25;44;16;10;3;15;17;27;10;32;3;14;31;47;20;5;6;35;111;19;6;11;19;15;57;14;6;7;5;24;21;19;61;13;11;64;16;13;8;9;25;6;5;19;29;20;9;8;12;12;48;18;11;16;28;10;14;15;12;15;151;18;22;14;24;17;2;10;8;9;24;26;45;10;11;1;16;58;7;10;9;8;4;6;9;3;13;13;16;21;7;17;13;5;38;13;7;10;6;11;24;8;9;43;18;10;68;11;10;8;8;12;9;58;15;16;24;14;8;7;5;21;7;4;10;16;9;13;9;6;20;12;19;12;22;12;9;16;18;16;29;8;0;15;5;5;15;10;7;9;6;15;11;30;17;13;15;12;0;9;7;11;7;4;5;9;11;10;5;10;5
"voltar";20;34;110;37;12;39;2;30;87;80;27;74;33;23;47;19;82;19;17;5;40;42;17;17;83;21;27;56;18;29;40;8;3;4;10;23;26;9;19;6;19;26;19;10;6;6;21;78;12;17;7;26;15;50;10;9;5;4;19;7;14;37;21;12;47;20;6;6;9;11;10;3;19;18;16;8;16;8;14;39;9;4;14;21;21;8;10;12;12;88;14;18;7;31;8;5;9;5;12;22;18;25;8;16;5;36;43;6;8;5;17;5;6;9;9;4;7;14;20;6;16;8;6;35;5;3;9;7;9;18;2;1;26;15;5;38;5;6;2;1;6;8;38;8;12;13;14;13;10;8;23;6;10;8;16;7;6;8;5;11;15;18;12;35;4;7;5;14;10;5;6;15;0;14;9;7;10;9;11;5;6;5;29;13;11;8;5;0;8;7;12;8;8;8;7;3;5;7;3;8
"projeto";37;42;188;45;15;87;6;46;121;99;12;83;20;40;31;10;126;5;23;18;64;47;11;5;116;19;17;21;21;14;68;5;51;4;17;22;113;12;39;133;13;32;35;24;3;18;11;64;12;58;11;28;9;60;12;5;3;5;12;8;45;25;25;26;55;8;5;4;9;11;4;3;13;7;18;10;19;7;57;84;21;19;5;22;14;2;20;35;7;65;14;44;12;43;5;13;11;6;40;13;29;25;5;21;2;33;28;11;2;1;39;4;13;18;2;13;10;37;32;1;110;2;13;16;30;19;32;11;19;14;15;11;33;12;14;34;2;4;6;16;18;10;35;4;6;16;38;6;9;15;149;18;8;12;18;9;13;6;13;21;20;36;16;6;8;5;7;11;58;11;4;5;14;0;17;20;7;12;10;28;9;5;7;11;10;1;3;0;0;6;84;0;1;1;5;34;61;26;3;0
"ler";21;18;128;40;15;43;5;28;80;78;9;66;31;22;41;7;69;14;8;11;41;30;11;29;61;31;10;43;7;15;41;4;9;4;9;18;28;0;15;12;6;28;19;9;0;3;17;67;6;7;20;11;7;40;5;8;4;3;8;5;16;38;10;9;23;8;1;5;4;13;9;2;10;12;11;4;3;7;9;33;20;4;10;12;18;11;6;9;8;84;10;18;8;15;5;9;6;4;9;19;14;21;5;11;5;16;31;8;54;6;3;2;5;6;4;9;16;14;35;5;16;8;1;14;16;9;13;5;2;18;7;5;7;5;6;48;11;10;6;7;3;2;26;13;4;8;12;5;7;7;28;5;3;4;9;6;4;1;2;9;6;17;9;8;8;5;5;16;9;14;3;5;9;17;0;7;10;7;5;2;5;4;25;7;5;10;3;0;8;4;13;6;6;45;7;8;8;7;3;6
"grande";32;54;178;57;24;215;17;48;156;98;33;117;45;26;85;48;145;17;43;23;67;63;18;22;140;49;32;98;14;27;75;17;16;8;24;35;35;17;32;10;43;51;39;29;7;20;18;101;23;7;15;39;17;73;17;9;17;16;22;27;31;53;24;13;57;24;7;11;10;12;19;6;14;25;21;11;15;6;18;84;28;26;26;32;17;15;17;34;21;169;24;19;18;41;11;15;13;5;14;24;32;63;12;23;6;39;51;13;13;5;26;16;8;12;16;20;15;36;23;6;39;9;15;47;16;13;22;15;18;26;10;8;20;10;17;55;12;9;6;14;20;11;82;15;6;33;39;6;23;23;37;12;17;11;17;14;10;9;12;22;16;39;20;22;15;11;16;21;24;20;9;15;7;20;7;0;51;14;12;17;27;15;29;13;18;21;11;2;8;21;44;9;11;10;24;18;29;9;11;8
"tão";43;43;117;43;32;72;13;41;107;70;25;100;40;14;93;37;106;19;28;23;30;46;22;27;116;28;16;86;8;43;49;8;5;2;24;16;21;5;23;5;9;32;23;18;7;7;17;54;13;3;7;14;14;48;8;8;7;6;24;6;14;25;25;13;43;8;9;7;5;17;13;7;18;18;6;10;9;11;7;34;18;8;15;41;19;8;10;15;16;127;27;13;14;42;6;7;9;7;43;17;28;57;6;20;8;33;49;15;15;8;14;12;3;12;8;12;7;20;25;8;15;3;9;33;24;3;15;5;15;25;4;6;13;16;9;41;9;8;9;15;7;5;83;11;18;18;9;12;16;10;13;5;10;9;9;10;9;6;4;15;11;22;17;23;13;11;14;16;11;18;4;10;10;7;10;51;0;6;11;7;14;6;37;14;10;8;16;0;6;5;18;4;6;9;15;5;12;3;20;7
"relação";33;28;137;31;20;63;3;39;101;66;16;71;29;20;52;25;92;2;20;14;49;35;13;5;61;22;26;23;18;12;32;1;12;5;14;29;45;10;24;8;10;22;19;16;3;10;16;58;23;8;10;13;3;50;16;4;3;6;7;21;34;21;14;15;35;2;3;8;15;5;9;5;7;14;6;8;9;10;7;54;16;13;9;12;6;6;16;16;8;102;8;11;4;20;4;7;8;4;18;3;20;20;12;13;2;25;37;14;4;4;30;10;4;18;0;16;12;21;8;3;34;2;6;10;21;18;12;14;23;20;17;8;8;3;15;29;4;5;4;4;9;7;29;8;3;22;32;7;20;10;49;3;4;4;13;5;10;3;12;6;11;26;14;4;10;6;8;13;18;3;1;7;9;12;7;14;6;0;11;13;10;2;8;4;8;9;2;0;3;7;45;4;7;8;3;7;22;6;1;1
"mostrar";47;45;227;38;20;68;14;38;155;84;35;105;36;27;97;53;129;8;24;26;85;44;25;8;97;55;26;35;19;37;63;6;6;6;10;38;14;11;30;7;11;28;22;16;7;4;32;132;26;5;13;21;3;25;22;11;6;9;13;11;18;68;14;20;41;14;6;13;12;13;9;8;18;11;11;11;14;12;9;55;29;5;13;26;14;8;19;19;8;183;15;19;8;25;9;16;8;9;12;16;33;46;9;20;5;40;44;6;9;7;14;7;8;18;2;19;6;18;10;7;18;7;9;25;21;8;15;3;12;30;12;6;23;14;11;49;1;4;10;4;4;9;42;11;18;40;11;68;13;9;12;4;4;11;35;9;11;14;15;16;8;30;24;11;21;11;16;28;15;13;8;9;11;10;5;12;11;11;0;8;11;8;13;10;12;16;4;0;7;3;27;2;10;15;5;8;6;5;3;2
"debate";27;9;125;17;6;46;4;31;75;61;14;54;12;19;24;13;71;5;9;14;26;26;8;1;69;13;15;4;5;8;28;6;11;1;11;11;43;5;18;5;3;13;15;7;0;13;13;36;3;10;14;14;5;30;13;5;2;0;4;5;21;15;4;11;27;2;1;5;9;3;2;1;7;1;1;8;8;7;18;34;10;15;3;11;7;2;24;19;5;40;11;7;2;35;2;5;9;2;18;10;19;14;4;9;0;21;23;11;0;0;10;5;6;13;0;7;1;13;10;3;38;0;4;9;20;11;18;6;10;6;14;5;6;9;9;27;1;3;1;3;7;8;21;7;5;19;40;5;13;11;53;1;0;3;14;7;13;7;12;15;12;15;10;1;4;1;4;7;18;16;2;6;5;28;2;17;7;13;8;0;3;5;2;3;6;3;2;6;1;6;63;0;0;3;3;18;53;7;2;0
"jovem";26;44;106;52;18;100;11;31;91;81;14;75;26;55;78;25;77;15;27;27;33;32;12;14;87;22;17;67;11;25;41;10;0;12;20;25;17;3;21;6;24;45;24;13;3;0;4;76;9;9;8;18;15;60;25;7;7;11;26;5;11;31;13;7;36;6;10;12;4;6;9;8;16;14;18;4;8;5;18;43;14;11;12;13;12;4;21;18;13;118;12;11;8;28;6;5;6;4;5;16;23;33;9;12;3;29;35;16;12;5;10;23;3;6;6;16;5;18;21;6;30;5;6;28;8;5;6;4;4;17;6;12;7;8;9;41;10;11;11;4;7;6;28;10;18;15;7;8;7;13;16;8;9;7;26;11;17;8;8;13;13;24;9;19;4;10;8;18;19;21;5;15;6;9;5;27;14;10;11;3;0;3;14;22;19;21;9;1;4;24;21;3;4;6;22;13;6;5;11;4
"mão";20;33;109;32;10;36;7;27;63;53;16;68;46;16;46;27;65;19;25;20;36;44;8;23;66;24;18;121;12;23;47;9;1;1;6;18;15;1;65;2;22;7;20;16;6;6;11;66;8;1;6;23;3;100;1;9;8;8;32;11;7;24;12;9;39;7;8;5;8;9;8;2;21;19;17;4;5;8;5;22;4;3;9;10;16;35;10;9;9;79;15;21;18;12;4;4;11;3;4;6;26;32;12;21;10;24;35;12;20;8;5;40;5;6;15;9;6;24;25;5;5;9;4;38;13;5;14;4;3;18;5;8;15;13;11;48;8;10;3;5;4;6;33;9;0;9;6;3;10;14;12;2;9;6;8;7;6;3;10;10;9;11;5;30;6;4;11;8;7;9;13;11;5;5;4;15;6;2;8;5;3;0;33;6;12;7;13;0;8;4;6;15;4;3;35;2;1;1;9;10
"oração";53;104;354;108;60;185;26;60;292;195;56;237;240;15;165;55;305;107;66;53;98;107;48;249;199;74;46;423;1;41;99;29;1;2;13;47;8;3;60;1;34;54;57;25;14;2;54;200;4;2;46;84;51;241;10;12;30;21;112;9;12;56;36;17;113;30;29;5;21;22;38;6;54;88;53;4;9;15;42;150;41;11;22;31;76;29;5;3;40;382;95;88;27;58;19;20;22;9;24;73;73;92;17;42;27;74;67;53;47;22;4;26;11;16;68;43;26;46;102;6;4;49;6;160;22;23;20;24;7;52;14;30;44;56;12;136;62;28;59;14;0;11;158;17;2;14;13;5;32;33;7;21;36;12;28;18;22;4;3;41;12;24;28;107;10;14;22;44;7;61;44;30;29;7;25;29;37;8;13;2;14;33;0;22;16;32;49;1;36;1;2;24;37;10;68;1;0;1;36;43
"meio";23;27;102;38;15;74;7;33;92;66;15;93;38;17;74;44;107;11;23;15;55;44;17;23;96;22;26;72;10;41;41;7;3;24;17;18;20;3;21;9;13;39;42;16;8;7;24;78;15;4;19;20;11;42;15;9;10;9;14;12;17;47;12;8;43;4;5;10;11;14;7;4;12;35;18;8;7;9;7;40;17;6;6;19;18;6;14;14;11;119;11;12;7;26;2;9;13;6;11;16;20;32;15;18;6;26;48;10;7;5;18;14;4;11;6;16;3;23;22;5;16;15;7;30;13;6;8;8;7;23;5;9;20;23;9;48;6;10;6;13;6;10;62;15;5;15;6;8;17;5;19;5;6;6;13;4;8;6;12;10;15;17;20;22;7;7;10;18;12;9;3;17;13;11;7;13;14;4;10;3;22;6;22;0;7;9;7;0;7;8;22;8;9;3;13;6;9;11;10;4
"mulher";24;40;157;41;12;58;12;54;109;114;24;128;40;51;88;43;70;8;22;32;48;44;25;27;148;41;32;80;19;32;46;5;4;7;18;26;18;9;47;19;225;39;34;11;7;5;24;113;12;5;27;32;16;81;8;4;9;6;34;22;36;50;27;21;55;4;20;25;9;6;15;9;52;30;32;29;29;21;18;71;29;14;13;22;14;8;30;20;6;145;13;26;13;29;5;10;17;8;18;20;23;34;14;19;5;31;64;10;6;10;18;31;7;14;7;13;9;21;16;6;13;6;11;51;22;14;24;12;9;33;12;11;28;10;7;60;7;8;9;8;3;11;58;10;4;41;22;17;17;13;9;6;8;7;36;7;5;8;26;17;6;28;25;24;13;8;12;20;12;26;6;13;11;10;5;18;10;8;12;6;19;12;16;7;0;16;5;0;6;2;11;9;4;3;24;9;10;0;7;6
"cristão";24;48;136;43;30;83;18;48;137;65;32;117;26;22;118;34;110;28;30;22;42;40;48;26;119;46;28;92;9;32;48;11;0;6;15;33;7;2;36;2;15;28;38;12;14;2;13;92;6;2;17;18;10;55;47;10;4;16;15;2;12;27;18;31;39;9;4;15;31;11;18;6;13;56;16;8;16;10;5;54;23;10;16;20;14;9;32;21;12;216;11;26;17;30;5;13;7;9;7;29;22;41;14;19;12;48;37;8;29;13;3;12;3;16;6;5;20;21;24;12;10;6;3;56;23;9;18;7;9;23;6;14;9;10;6;73;19;7;8;6;2;7;71;11;5;24;20;10;25;11;18;17;8;6;36;10;16;12;19;24;10;36;16;30;13;14;16;14;3;25;6;15;8;1;10;21;8;9;16;3;21;7;32;9;16;0;9;0;5;11;5;9;43;10;23;5;0;2;14;5
"espírito";20;34;113;29;17;31;8;34;87;58;20;72;38;6;69;30;80;67;9;14;31;40;8;79;76;19;15;177;1;14;29;8;0;0;12;21;3;0;20;4;18;12;14;9;4;1;15;46;5;0;14;40;13;149;3;6;4;5;105;2;6;10;17;3;82;7;2;4;0;6;13;6;35;38;22;0;4;8;11;41;15;2;7;22;20;9;3;2;5;89;26;43;10;17;8;2;9;4;2;21;16;27;9;12;11;25;23;18;12;19;3;17;6;9;27;9;4;14;57;4;1;9;8;56;14;2;12;1;1;21;2;5;23;15;7;36;16;10;16;4;0;6;56;5;3;3;5;2;11;21;2;14;14;1;11;15;9;2;6;16;14;12;9;69;7;12;3;11;4;10;14;12;5;3;3;11;16;2;4;2;9;13;49;7;5;9;0;0;13;4;3;18;14;1;24;2;1;0;300;18
"the";0;1;1;1;0;1;2;0;1;0;0;2;0;0;1;0;2;0;0;0;1;1;0;1;2;2;0;0;6;1;2;2;0;0;0;0;0;0;0;1;1;1;0;0;0;0;1;1;4;2;0;0;0;0;0;0;0;1;0;0;0;0;0;0;1;0;0;0;0;0;0;0;0;0;0;0;1;0;0;0;0;0;0;0;0;0;0;0;0;0;0;0;0;1;1;1;0;0;0;0;1;1;0;0;0;1;1;0;0;0;0;0;1;1;0;0;0;0;0;1;0;0;0;0;0;0;1;0;0;0;0;0;0;0;0;1;0;0;0;0;5;0;1;0;0;1;1;1;1;0;0;3;0;0;0;0;0;0;0;0;1;1;2;3;0;0;0;1;0;0;0;0;0;0;0;2;0;0;0;6;1;0;1;0;0;0;0;0;5;0;0;0;0;0;0;0;0;0;0;0
"live";26;14;211;44;10;49;1;29;70;73;9;58;40;4;76;17;91;16;9;12;34;41;17;50;56;27;16;81;3;22;27;11;1;4;3;28;2;1;17;0;8;19;25;12;1;0;26;112;3;0;20;27;5;58;9;2;8;3;29;1;10;31;7;5;47;11;5;1;2;5;4;2;10;14;12;4;2;7;23;50;19;3;8;11;13;15;5;2;18;100;25;20;3;14;6;9;8;2;10;21;13;17;7;8;7;16;43;20;10;3;1;3;5;4;17;20;13;25;24;23;1;23;3;32;8;1;6;3;7;14;5;7;15;20;2;34;34;16;5;2;0;0;45;6;8;7;5;6;10;14;2;4;7;4;8;5;1;1;1;10;7;16;2;26;8;7;14;14;1;24;11;9;8;0;8;8;6;3;7;1;4;8;36;7;6;5;13;5;0;0;1;5;10;2;14;3;1;2;16;14
"universidade";10;23;63;26;11;29;3;28;43;37;9;39;4;9;26;13;43;2;18;15;33;15;4;0;44;16;16;10;14;7;26;6;0;7;11;17;33;5;13;5;4;28;10;8;3;5;14;34;4;0;3;9;6;23;10;6;1;7;4;14;22;26;7;9;30;3;2;5;7;10;2;1;11;5;3;9;3;1;6;35;5;4;6;5;5;3;14;25;5;51;5;11;1;24;1;5;5;2;12;3;16;14;6;9;0;13;12;7;0;3;23;5;3;8;0;5;2;15;8;4;43;1;5;6;10;3;11;2;6;12;6;3;1;1;6;26;2;2;7;3;72;2;14;3;2;10;14;1;8;3;22;3;3;14;30;3;2;1;8;6;10;10;9;5;2;4;6;4;36;17;4;7;7;6;4;21;5;7;3;6;24;4;1;8;2;11;4;0;0;0;35;3;3;3;2;43;18;10;4;1
"educação";67;102;320;70;14;184;32;40;217;181;26;129;54;92;57;24;264;4;113;29;83;82;35;1;138;21;38;12;23;7;84;22;51;34;115;31;174;29;58;46;6;133;54;39;2;141;24;95;11;16;12;43;14;85;38;9;3;9;16;72;56;39;24;59;73;11;3;8;39;17;4;9;25;9;19;20;15;14;68;144;45;37;17;27;27;12;63;32;11;123;18;33;10;72;4;11;18;19;91;25;55;48;15;30;1;87;60;18;0;4;74;2;33;38;0;15;17;45;37;7;164;0;11;35;39;32;24;15;41;39;33;22;37;7;25;57;2;25;13;14;58;6;51;16;2;39;61;9;25;39;186;29;4;27;31;9;17;9;30;18;34;46;15;2;8;12;21;20;133;15;3;11;12;84;13;44;18;45;27;63;21;6;2;22;11;5;3;0;1;35;0;1;4;16;5;99;239;50;4;2
"terra";20;32;102;21;7;41;8;12;77;49;10;36;25;3;33;11;57;16;11;11;27;39;21;29;53;22;11;128;4;15;22;12;1;2;8;15;1;3;13;1;31;13;19;16;7;1;6;27;2;0;14;38;16;96;6;4;5;9;40;3;6;9;9;8;37;7;5;3;5;5;15;1;23;23;12;1;3;2;9;18;12;6;8;8;11;6;5;8;4;51;6;13;10;14;2;2;5;3;5;9;9;27;8;9;5;15;18;12;11;8;5;12;4;5;16;6;6;22;35;4;2;4;5;29;4;1;6;2;3;10;1;3;4;8;1;37;4;4;5;2;3;6;33;8;2;5;5;1;7;18;3;3;7;4;12;7;4;1;4;8;10;4;15;47;5;5;6;5;3;11;7;7;8;0;6;9;4;4;2;0;3;15;24;8;9;9;18;0;5;3;1;0;14;4;35;2;0;0;8;15
"cristo";22;24;114;31;20;40;12;36;121;63;25;64;42;6;96;20;80;30;13;13;43;27;39;31;77;26;9;103;0;16;30;8;1;3;3;23;5;1;25;0;25;12;32;10;15;3;18;65;1;1;13;35;12;71;12;6;13;7;27;1;8;23;13;17;35;16;3;7;18;6;17;4;18;31;12;3;9;8;16;48;11;1;8;24;13;13;6;4;5;147;22;16;9;22;7;5;14;5;5;12;12;40;10;16;14;31;36;12;14;28;2;6;5;5;27;10;18;13;28;1;1;4;3;42;11;5;5;5;10;19;5;5;7;3;9;52;17;4;9;1;2;8;52;5;3;19;9;1;18;14;17;15;8;8;10;9;19;6;4;13;10;19;10;153;9;13;7;17;6;12;18;4;8;1;6;11;6;7;10;0;4;4;37;9;4;43;14;0;10;3;4;14;0;6;13;1;1;0;13;17
"livro";39;15;97;26;9;67;7;16;75;50;14;69;18;12;33;20;44;6;6;10;32;24;20;7;51;30;6;29;7;23;26;3;2;3;7;16;4;4;15;7;3;22;9;7;1;2;12;47;2;2;14;8;5;29;14;9;4;13;8;11;21;30;9;11;16;4;2;6;5;8;8;0;4;11;2;5;0;8;4;31;16;3;9;14;16;3;10;17;6;89;8;10;5;15;7;7;5;7;6;19;11;22;2;13;1;8;23;3;24;1;10;0;0;3;7;10;2;15;7;2;21;4;6;28;9;3;10;7;3;15;4;3;8;4;8;21;0;9;5;4;0;3;29;11;11;18;3;11;4;6;7;6;4;5;11;10;8;4;7;9;12;13;9;12;6;3;7;10;8;6;4;5;8;1;45;10;9;8;15;3;6;3;10;3;3;10;1;0;2;3;16;4;6;0;4;8;5;3;4;6
"nação";15;97;126;48;25;69;7;25;87;75;23;61;65;12;75;12;113;37;42;11;25;35;19;102;95;31;20;216;3;25;42;18;0;2;47;15;7;1;23;5;45;26;15;17;3;4;10;42;4;1;23;41;30;191;8;1;7;20;84;5;5;18;8;10;55;11;5;5;6;3;25;4;27;41;47;2;4;7;18;50;13;2;3;13;21;8;9;7;11;91;23;57;20;14;5;4;9;7;6;18;28;35;6;17;21;36;23;11;10;12;14;54;3;3;27;8;15;20;57;5;5;11;5;52;15;1;12;3;3;32;5;6;27;7;5;46;8;9;16;2;2;2;36;15;0;4;7;4;12;26;4;5;41;7;17;16;4;2;2;6;12;8;12;56;5;12;11;18;3;13;11;9;7;5;7;24;15;3;5;3;22;35;68;13;24;23;24;0;14;2;5;35;13;4;0;2;3;1;18;23
"professor";35;29;147;40;11;68;7;35;99;97;13;98;29;27;50;19;75;1;20;22;42;59;13;4;86;21;22;10;14;10;41;10;10;3;21;19;67;5;31;12;10;49;25;14;4;9;13;82;15;6;10;19;3;35;11;11;2;7;21;18;34;35;9;24;40;9;4;10;12;12;1;13;17;0;11;10;15;7;28;62;14;10;10;19;9;7;27;32;6;80;13;21;4;27;3;9;9;6;20;8;21;22;6;17;1;23;35;4;0;3;28;3;10;11;0;10;8;25;22;4;87;1;4;17;22;9;17;5;9;20;17;10;9;5;13;32;8;18;7;9;24;7;39;17;6;23;17;10;15;6;76;11;1;13;26;0;5;11;12;10;13;21;12;4;9;7;10;8;40;17;3;11;3;34;8;18;5;7;8;18;13;2;1;6;9;5;2;0;3;43;99;2;1;8;2;0;39;66;6;0
"comissão";46;27;279;46;10;96;7;23;95;121;19;69;46;19;23;12;128;1;30;13;51;53;10;0;87;11;22;6;6;1;71;15;32;6;39;21;181;7;31;20;5;55;36;18;0;33;16;36;6;34;8;37;6;88;7;5;0;6;6;40;46;24;10;36;45;11;1;4;13;9;0;4;7;0;8;18;17;4;48;85;31;14;9;18;9;9;39;29;14;47;18;43;11;47;4;12;10;13;56;24;40;25;10;15;0;36;31;9;1;1;28;3;29;18;0;6;17;21;37;7;58;0;12;10;31;21;22;6;14;13;26;9;30;8;9;35;3;12;10;6;17;8;34;3;1;14;37;1;19;10;212;13;2;13;10;1;10;6;11;14;18;28;12;2;5;3;8;7;49;8;0;10;5;61;8;29;12;22;6;53;6;1;0;9;10;0;1;0;1;18;239;0;1;5;3;39;0;16;4;0
"aluno";21;20;80;20;2;29;10;11;52;41;5;40;15;12;18;13;56;0;25;7;25;24;6;0;48;6;9;1;9;4;22;5;6;9;15;7;27;2;17;8;1;38;14;10;2;4;7;31;3;4;3;8;2;9;10;2;2;2;18;9;19;13;8;9;22;0;2;7;3;8;0;4;7;0;8;8;2;6;11;26;8;6;1;5;7;0;9;9;4;31;3;11;2;12;1;6;4;7;8;8;18;15;4;6;0;23;17;5;0;2;13;2;1;4;0;3;4;12;4;0;86;1;1;8;16;11;8;0;7;11;4;4;6;2;8;23;0;17;3;4;13;4;14;5;2;18;10;2;2;6;34;6;1;13;10;2;5;5;3;7;9;8;4;0;5;0;6;6;30;5;2;5;7;26;7;9;3;6;5;7;5;1;1;11;0;2;0;0;2;10;50;0;0;3;1;66;16;0;1;0
"santo";29;26;109;35;18;34;10;31;74;51;20;80;29;7;67;35;73;60;10;19;35;37;11;50;61;25;21;139;1;16;31;6;2;2;9;21;5;3;18;3;15;14;21;6;5;1;12;52;5;0;14;40;18;127;1;4;11;7;90;5;9;18;14;6;72;5;7;4;3;4;10;9;31;34;18;1;8;5;14;31;10;5;7;19;18;3;6;8;2;89;22;33;15;23;7;1;7;5;1;15;17;35;7;7;11;21;24;10;7;16;3;14;4;8;22;14;1;13;43;8;5;7;6;50;13;4;9;1;1;27;3;4;20;14;9;37;16;10;15;3;1;8;56;8;4;9;7;3;11;20;16;21;10;1;12;11;7;3;4;20;13;15;7;55;8;8;4;11;7;9;12;10;3;3;3;11;20;1;3;2;11;9;36;10;7;14;300;0;16;4;4;8;13;4;18;6;4;1;0;15
"glória";20;20;113;20;4;36;3;17;45;46;11;38;33;2;30;14;53;31;12;12;14;43;10;40;48;31;8;236;0;11;21;9;0;0;5;15;1;0;16;0;14;12;18;8;6;2;10;42;3;1;16;25;8;105;1;0;10;4;31;1;5;9;6;1;37;8;3;1;2;2;8;3;11;19;16;0;0;2;38;28;10;2;5;8;11;16;0;0;3;71;22;20;36;9;2;3;8;6;2;17;19;17;5;1;15;11;21;7;8;9;0;16;2;0;97;15;4;10;31;2;0;15;0;24;4;2;6;3;0;12;1;2;14;10;1;28;30;15;6;1;0;3;28;2;2;0;2;0;4;9;1;2;6;7;5;3;1;1;1;25;3;4;3;88;5;6;1;10;1;9;14;5;8;0;6;8;7;1;2;0;4;10;43;4;6;5;18;0;14;1;2;15;17;6;23;0;0;0;15;0
